profile,speed,region,seed,policy,model_seed,predicate,trip,global_trip,t_cross,s_bar_km,t_warn_H1,t_warn_H2,t_warn_H3,t_warn_H4,t_warn_H5,t_warn_H6,t_warn_H7,t_warn_H8,t_warn_H9,t_warn_H10,t_warn_H11,t_warn_H12,t_warn_H13,t_warn_H14,t_warn_H15,t_warn_H16,t_warn_H17,t_warn_H18,t_warn_H19,t_warn_H20
real,120,gulf,0,Reactive,0,zone,0,75,68,0.10813592060431623,0.0,0.0,0.0,0.0,0.0,0.0,0.0,0.0,0.0,0.0,0.0,0.0,0.0,0.0,0.0,0.0,0.0,0.0,0.0,0.0
real,120,gulf,0,Reactive,0,zone,1,87,164,0.3125995606778419,158.0,158.0,158.0,158.0,158.0,158.0,158.0,158.0,158.0,158.0,158.0,158.0,158.0,158.0,158.0,158.0,158.0,158.0,158.0,158.0
real,120,gulf,0,Reactive,0,zone,2,109,123,0.37733481003734004,119.0,119.0,119.0,119.0,119.0,119.0,119.0,119.0,119.0,119.0,119.0,119.0,119.0,119.0,119.0,119.0,119.0,119.0,119.0,119.0
real,120,gulf,0,Reactive,0,zone,3,136,245,0.1979402878047138,238.0,238.0,238.0,238.0,238.0,238.0,238.0,238.0,238.0,238.0,238.0,238.0,238.0,238.0,238.0,238.0,238.0,238.0,238.0,238.0
real,120,gulf,0,Reactive,0,zone,4,139,24,0.33459641832524767,19.0,19.0,19.0,19.0,19.0,19.0,19.0,19.0,19.0,19.0,19.0,19.0,19.0,19.0,19.0,19.0,19.0,19.0,19.0,19.0
real,120,gulf,0,Reactive,0,zone,5,164,290,0.11435204809915876,31.0,31.0,31.0,31.0,31.0,31.0,31.0,31.0,31.0,31.0,31.0,31.0,31.0,31.0,31.0,31.0,31.0,31.0,31.0,31.0
real,120,gulf,0,Reactive,0,zone,6,166,133,0.12044946645204532,127.0,127.0,127.0,127.0,127.0,127.0,127.0,127.0,127.0,127.0,127.0,127.0,127.0,127.0,127.0,127.0,127.0,127.0,127.0,127.0
real,120,gulf,0,Reactive,0,zone,7,227,549,0.22637321104434646,543.0,543.0,543.0,543.0,543.0,543.0,543.0,543.0,543.0,543.0,543.0,543.0,543.0,543.0,543.0,543.0,543.0,543.0,543.0,543.0
real,120,gulf,0,Reactive,0,zone,8,357,554,0.1321232639001816,550.0,550.0,550.0,550.0,550.0,550.0,550.0,550.0,550.0,550.0,550.0,550.0,550.0,550.0,550.0,550.0,550.0,550.0,550.0,550.0
real,120,gulf,0,Reactive,0,zone,9,367,371,0.21704541069124283,365.0,365.0,365.0,365.0,365.0,365.0,365.0,365.0,365.0,365.0,365.0,365.0,365.0,365.0,365.0,365.0,365.0,365.0,365.0,365.0
real,120,gulf,0,Reactive,0,zone,10,375,255,0.17455658585875658,250.0,250.0,250.0,250.0,250.0,250.0,250.0,250.0,250.0,250.0,250.0,250.0,250.0,250.0,250.0,250.0,250.0,250.0,250.0,250.0
real,120,gulf,0,Reactive,0,zone,11,376,216,0.03198659236147096,210.0,210.0,210.0,210.0,210.0,210.0,210.0,210.0,210.0,210.0,210.0,210.0,210.0,210.0,210.0,210.0,210.0,210.0,210.0,210.0
real,120,gulf,0,Reactive,0,zone,12,379,371,0.23424985300536183,366.0,366.0,366.0,366.0,366.0,366.0,366.0,366.0,366.0,366.0,366.0,366.0,366.0,366.0,366.0,366.0,366.0,366.0,366.0,366.0
real,120,gulf,0,Reactive,0,zone,13,400,56,0.37144524573062565,51.0,51.0,51.0,51.0,51.0,51.0,51.0,51.0,51.0,51.0,51.0,51.0,51.0,51.0,51.0,51.0,51.0,51.0,51.0,51.0
real,120,gulf,0,Reactive,0,zone,14,456,19,0.30309461058026477,14.0,14.0,14.0,14.0,14.0,14.0,14.0,14.0,14.0,14.0,14.0,14.0,14.0,14.0,14.0,14.0,14.0,14.0,14.0,14.0
real,120,gulf,0,Analytic,0,buffer,0,75,68,0.10813592060431623,6.0,6.0,6.0,6.0,6.0,6.0,6.0,6.0,6.0,6.0,6.0,6.0,6.0,6.0,6.0,6.0,6.0,6.0,6.0,6.0
real,120,gulf,0,Analytic,0,buffer,1,87,164,0.3125995606778419,157.0,156.0,156.0,155.0,154.0,154.0,153.0,153.0,152.0,152.0,151.0,151.0,150.0,149.0,149.0,148.0,147.0,146.0,144.0,143.0
real,120,gulf,0,Analytic,0,buffer,2,109,123,0.37733481003734004,118.0,117.0,116.0,115.0,114.0,113.0,112.0,111.0,110.0,109.0,108.0,108.0,107.0,107.0,106.0,106.0,105.0,105.0,104.0,103.0
real,120,gulf,0,Analytic,0,buffer,3,136,245,0.1979402878047138,237.0,236.0,235.0,234.0,233.0,233.0,232.0,231.0,231.0,230.0,230.0,230.0,229.0,228.0,227.0,226.0,225.0,224.0,223.0,222.0
real,120,gulf,0,Analytic,0,buffer,4,139,24,0.33459641832524767,19.0,18.0,17.0,16.0,15.0,15.0,14.0,13.0,12.0,11.0,9.0,8.0,7.0,6.0,6.0,6.0,6.0,6.0,6.0,6.0
real,120,gulf,0,Analytic,0,buffer,5,164,290,0.11435204809915876,30.0,29.0,29.0,28.0,27.0,26.0,25.0,24.0,22.0,22.0,21.0,20.0,20.0,19.0,19.0,19.0,19.0,19.0,18.0,18.0
real,120,gulf,0,Analytic,0,buffer,6,166,133,0.12044946645204532,126.0,125.0,124.0,123.0,123.0,122.0,122.0,121.0,121.0,121.0,120.0,120.0,120.0,119.0,114.0,113.0,112.0,111.0,111.0,110.0
real,120,gulf,0,Analytic,0,buffer,7,227,549,0.22637321104434646,542.0,541.0,540.0,539.0,538.0,537.0,536.0,535.0,534.0,533.0,532.0,531.0,530.0,529.0,528.0,527.0,525.0,524.0,523.0,523.0
real,120,gulf,0,Analytic,0,buffer,8,357,554,0.1321232639001816,549.0,549.0,548.0,548.0,547.0,547.0,546.0,546.0,545.0,545.0,544.0,544.0,544.0,543.0,543.0,543.0,543.0,543.0,543.0,543.0
real,120,gulf,0,Analytic,0,buffer,9,367,371,0.21704541069124283,364.0,363.0,362.0,361.0,360.0,359.0,358.0,357.0,356.0,356.0,355.0,354.0,353.0,176.0,176.0,175.0,174.0,174.0,173.0,173.0
real,120,gulf,0,Analytic,0,buffer,10,375,255,0.17455658585875658,249.0,248.0,248.0,247.0,246.0,246.0,246.0,245.0,245.0,245.0,245.0,244.0,244.0,244.0,232.0,232.0,231.0,230.0,229.0,229.0
real,120,gulf,0,Analytic,0,buffer,11,376,216,0.03198659236147096,209.0,207.0,206.0,205.0,204.0,203.0,202.0,201.0,200.0,200.0,199.0,198.0,198.0,198.0,197.0,197.0,196.0,196.0,195.0,194.0
real,120,gulf,0,Analytic,0,buffer,12,379,371,0.23424985300536183,365.0,364.0,363.0,362.0,361.0,360.0,359.0,358.0,357.0,356.0,354.0,354.0,353.0,353.0,178.0,177.0,177.0,176.0,176.0,176.0
real,120,gulf,0,Analytic,0,buffer,13,400,56,0.37144524573062565,50.0,49.0,48.0,47.0,46.0,45.0,44.0,44.0,43.0,43.0,42.0,42.0,41.0,41.0,41.0,41.0,41.0,41.0,40.0,40.0
real,120,gulf,0,Analytic,0,buffer,14,456,19,0.30309461058026477,13.0,12.0,11.0,10.0,9.0,8.0,8.0,7.0,6.0,6.0,6.0,6.0,6.0,6.0,6.0,6.0,6.0,6.0,6.0,6.0
real,120,gulf,0,Analytic,0,crossing,0,75,68,0.10813592060431623,67.0,66.0,65.0,64.0,63.0,62.0,61.0,60.0,60.0,59.0,58.0,57.0,56.0,55.0,54.0,54.0,54.0,53.0,53.0,53.0
real,120,gulf,0,Analytic,0,crossing,1,87,164,0.3125995606778419,162.0,161.0,160.0,159.0,158.0,157.0,156.0,155.0,155.0,154.0,154.0,153.0,153.0,153.0,152.0,152.0,152.0,151.0,151.0,150.0
real,120,gulf,0,Analytic,0,crossing,2,109,123,0.37733481003734004,122.0,121.0,120.0,119.0,118.0,117.0,116.0,115.0,115.0,114.0,113.0,112.0,111.0,110.0,109.0,108.0,108.0,107.0,107.0,106.0
real,120,gulf,0,Analytic,0,crossing,3,136,245,0.1979402878047138,243.0,242.0,240.0,239.0,238.0,237.0,236.0,235.0,234.0,234.0,233.0,233.0,232.0,232.0,231.0,231.0,231.0,230.0,230.0,229.0
real,120,gulf,0,Analytic,0,crossing,4,139,24,0.33459641832524767,23.0,22.0,21.0,20.0,19.0,18.0,18.0,17.0,16.0,16.0,15.0,14.0,13.0,13.0,11.0,10.0,9.0,8.0,7.0,6.0
real,120,gulf,0,Analytic,0,crossing,5,164,290,0.11435204809915876,38.0,37.0,37.0,36.0,36.0,35.0,34.0,34.0,32.0,31.0,31.0,30.0,30.0,29.0,28.0,28.0,27.0,26.0,25.0,24.0
real,120,gulf,0,Analytic,0,crossing,6,166,133,0.12044946645204532,132.0,130.0,129.0,128.0,127.0,126.0,125.0,124.0,123.0,123.0,123.0,122.0,122.0,122.0,121.0,121.0,121.0,121.0,120.0,120.0
real,120,gulf,0,Analytic,0,crossing,7,227,549,0.22637321104434646,548.0,547.0,547.0,546.0,545.0,544.0,543.0,541.0,540.0,539.0,538.0,538.0,537.0,536.0,535.0,534.0,533.0,532.0,531.0,530.0
real,120,gulf,0,Analytic,0,crossing,8,357,554,0.1321232639001816,554.0,553.0,552.0,551.0,550.0,550.0,549.0,549.0,549.0,548.0,548.0,548.0,547.0,547.0,547.0,546.0,546.0,546.0,545.0,545.0
real,120,gulf,0,Analytic,0,crossing,9,367,371,0.21704541069124283,370.0,370.0,369.0,368.0,367.0,366.0,365.0,364.0,363.0,362.0,361.0,360.0,359.0,358.0,358.0,357.0,356.0,355.0,354.0,176.0
real,120,gulf,0,Analytic,0,crossing,10,375,255,0.17455658585875658,253.0,252.0,251.0,250.0,249.0,248.0,248.0,247.0,247.0,247.0,246.0,246.0,246.0,245.0,245.0,245.0,245.0,245.0,245.0,244.0
real,120,gulf,0,Analytic,0,crossing,11,376,216,0.03198659236147096,215.0,214.0,213.0,212.0,210.0,209.0,208.0,207.0,206.0,205.0,204.0,203.0,202.0,201.0,200.0,199.0,199.0,198.0,198.0,198.0
real,120,gulf,0,Analytic,0,crossing,12,379,371,0.23424985300536183,370.0,369.0,368.0,367.0,366.0,365.0,365.0,364.0,363.0,362.0,361.0,360.0,359.0,359.0,358.0,357.0,354.0,354.0,353.0,353.0
real,120,gulf,0,Analytic,0,crossing,13,400,56,0.37144524573062565,54.0,53.0,52.0,52.0,51.0,50.0,49.0,48.0,47.0,45.0,45.0,44.0,43.0,43.0,42.0,42.0,42.0,42.0,41.0,41.0
real,120,gulf,0,Analytic,0,crossing,14,456,19,0.30309461058026477,18.0,17.0,16.0,15.0,14.0,13.0,12.0,11.0,9.0,8.0,8.0,7.0,7.0,6.0,6.0,6.0,6.0,6.0,6.0,6.0
real,120,gulf,0,ConstVel,0,buffer,0,75,68,0.10813592060431623,6.0,6.0,6.0,6.0,6.0,6.0,6.0,6.0,6.0,6.0,6.0,6.0,6.0,6.0,6.0,6.0,6.0,6.0,6.0,6.0
real,120,gulf,0,ConstVel,0,buffer,1,87,164,0.3125995606778419,157.0,156.0,155.0,154.0,153.0,153.0,152.0,152.0,152.0,151.0,151.0,150.0,149.0,148.0,148.0,148.0,147.0,147.0,144.0,144.0
real,120,gulf,0,ConstVel,0,buffer,2,109,123,0.37733481003734004,118.0,117.0,116.0,115.0,114.0,113.0,112.0,111.0,110.0,109.0,108.0,107.0,106.0,105.0,105.0,104.0,104.0,104.0,104.0,103.0
real,120,gulf,0,ConstVel,0,buffer,3,136,245,0.1979402878047138,237.0,236.0,235.0,234.0,233.0,232.0,231.0,231.0,230.0,230.0,229.0,229.0,228.0,228.0,227.0,226.0,226.0,225.0,223.0,222.0
real,120,gulf,0,ConstVel,0,buffer,4,139,24,0.33459641832524767,18.0,17.0,17.0,16.0,15.0,14.0,14.0,13.0,12.0,11.0,9.0,9.0,7.0,6.0,6.0,6.0,6.0,6.0,6.0,6.0
real,120,gulf,0,ConstVel,0,buffer,5,164,290,0.11435204809915876,30.0,29.0,28.0,28.0,27.0,26.0,25.0,24.0,22.0,21.0,21.0,20.0,18.0,18.0,17.0,17.0,17.0,17.0,17.0,17.0
real,120,gulf,0,ConstVel,0,buffer,6,166,133,0.12044946645204532,126.0,125.0,124.0,123.0,122.0,121.0,121.0,120.0,120.0,120.0,120.0,119.0,119.0,119.0,118.0,111.0,111.0,111.0,110.0,110.0
real,120,gulf,0,ConstVel,0,buffer,7,227,549,0.22637321104434646,542.0,541.0,540.0,539.0,538.0,537.0,536.0,535.0,534.0,533.0,532.0,531.0,530.0,530.0,528.0,527.0,525.0,524.0,524.0,522.0
real,120,gulf,0,ConstVel,0,buffer,8,357,554,0.1321232639001816,549.0,548.0,547.0,547.0,546.0,546.0,546.0,546.0,546.0,541.0,541.0,541.0,541.0,541.0,541.0,541.0,541.0,541.0,541.0,541.0
real,120,gulf,0,ConstVel,0,buffer,9,367,371,0.21704541069124283,364.0,363.0,362.0,361.0,360.0,359.0,358.0,357.0,356.0,355.0,354.0,354.0,353.0,347.0,175.0,174.0,173.0,172.0,172.0,172.0
real,120,gulf,0,ConstVel,0,buffer,10,375,255,0.17455658585875658,249.0,248.0,247.0,246.0,245.0,244.0,244.0,244.0,244.0,244.0,244.0,244.0,244.0,232.0,231.0,231.0,231.0,230.0,230.0,227.0
real,120,gulf,0,ConstVel,0,buffer,11,376,216,0.03198659236147096,209.0,207.0,206.0,205.0,204.0,203.0,202.0,201.0,200.0,199.0,198.0,197.0,197.0,196.0,196.0,196.0,195.0,195.0,195.0,195.0
real,120,gulf,0,ConstVel,0,buffer,12,379,371,0.23424985300536183,365.0,364.0,363.0,362.0,361.0,360.0,359.0,358.0,357.0,357.0,356.0,355.0,351.0,351.0,176.0,176.0,175.0,175.0,175.0,174.0
real,120,gulf,0,ConstVel,0,buffer,13,400,56,0.37144524573062565,50.0,49.0,48.0,47.0,46.0,45.0,44.0,43.0,42.0,41.0,41.0,41.0,40.0,40.0,40.0,39.0,39.0,39.0,38.0,38.0
real,120,gulf,0,ConstVel,0,buffer,14,456,19,0.30309461058026477,13.0,12.0,11.0,10.0,10.0,9.0,7.0,6.0,6.0,6.0,6.0,6.0,6.0,6.0,6.0,6.0,6.0,6.0,6.0,6.0
real,120,gulf,0,ConstVel,0,crossing,0,75,68,0.10813592060431623,67.0,66.0,65.0,64.0,63.0,62.0,61.0,60.0,59.0,58.0,58.0,57.0,56.0,53.0,53.0,53.0,53.0,52.0,52.0,52.0
real,120,gulf,0,ConstVel,0,crossing,1,87,164,0.3125995606778419,163.0,161.0,160.0,159.0,158.0,157.0,156.0,155.0,154.0,153.0,153.0,152.0,152.0,152.0,152.0,151.0,151.0,151.0,150.0,149.0
real,120,gulf,0,ConstVel,0,crossing,2,109,123,0.37733481003734004,122.0,121.0,120.0,119.0,118.0,117.0,116.0,115.0,114.0,113.0,113.0,112.0,111.0,110.0,109.0,108.0,107.0,106.0,105.0,105.0
real,120,gulf,0,ConstVel,0,crossing,3,136,245,0.1979402878047138,244.0,242.0,241.0,239.0,238.0,237.0,236.0,235.0,234.0,233.0,232.0,231.0,231.0,230.0,230.0,230.0,230.0,229.0,229.0,229.0
real,120,gulf,0,ConstVel,0,crossing,4,139,24,0.33459641832524767,23.0,22.0,20.0,19.0,18.0,18.0,17.0,17.0,16.0,15.0,15.0,14.0,13.0,12.0,12.0,11.0,9.0,7.0,7.0,6.0
real,120,gulf,0,ConstVel,0,crossing,5,164,290,0.11435204809915876,38.0,37.0,36.0,36.0,35.0,35.0,35.0,34.0,30.0,30.0,30.0,30.0,29.0,28.0,28.0,28.0,26.0,26.0,25.0,24.0
real,120,gulf,0,ConstVel,0,crossing,6,166,133,0.12044946645204532,132.0,130.0,129.0,128.0,127.0,126.0,124.0,123.0,122.0,122.0,121.0,121.0,120.0,120.0,120.0,120.0,120.0,120.0,120.0,119.0
real,120,gulf,0,ConstVel,0,crossing,7,227,549,0.22637321104434646,548.0,547.0,547.0,546.0,545.0,544.0,543.0,542.0,540.0,539.0,538.0,537.0,537.0,536.0,535.0,534.0,533.0,532.0,531.0,530.0
real,120,gulf,0,ConstVel,0,crossing,8,357,554,0.1321232639001816,554.0,552.0,551.0,551.0,550.0,549.0,548.0,548.0,547.0,547.0,546.0,546.0,546.0,546.0,546.0,546.0,546.0,541.0,541.0,541.0
real,120,gulf,0,ConstVel,0,crossing,9,367,371,0.21704541069124283,370.0,370.0,369.0,368.0,366.0,366.0,365.0,364.0,363.0,362.0,362.0,360.0,360.0,358.0,357.0,356.0,356.0,355.0,347.0,347.0
real,120,gulf,0,ConstVel,0,crossing,10,375,255,0.17455658585875658,253.0,252.0,251.0,250.0,249.0,248.0,247.0,246.0,245.0,245.0,244.0,244.0,244.0,244.0,244.0,244.0,244.0,232.0,232.0,231.0
real,120,gulf,0,ConstVel,0,crossing,11,376,216,0.03198659236147096,215.0,214.0,213.0,212.0,211.0,209.0,208.0,207.0,206.0,205.0,204.0,203.0,202.0,201.0,200.0,198.0,197.0,197.0,196.0,196.0
real,120,gulf,0,ConstVel,0,crossing,12,379,371,0.23424985300536183,370.0,369.0,368.0,367.0,366.0,365.0,364.0,364.0,363.0,362.0,361.0,360.0,359.0,358.0,357.0,357.0,356.0,351.0,351.0,351.0
real,120,gulf,0,ConstVel,0,crossing,13,400,56,0.37144524573062565,55.0,53.0,52.0,51.0,50.0,50.0,49.0,48.0,47.0,46.0,45.0,43.0,42.0,41.0,41.0,41.0,41.0,40.0,40.0,40.0
real,120,gulf,0,ConstVel,0,crossing,14,456,19,0.30309461058026477,18.0,17.0,16.0,15.0,13.0,12.0,11.0,11.0,10.0,9.0,6.0,6.0,6.0,6.0,6.0,6.0,6.0,6.0,6.0,6.0
real,120,gulf,0,Kalman,0,buffer,0,75,68,0.10813592060431623,6.0,6.0,6.0,6.0,6.0,6.0,6.0,6.0,6.0,6.0,6.0,6.0,6.0,6.0,6.0,6.0,6.0,6.0,6.0,6.0
real,120,gulf,0,Kalman,0,buffer,1,87,164,0.3125995606778419,157.0,156.0,155.0,154.0,154.0,153.0,153.0,152.0,152.0,151.0,151.0,150.0,149.0,149.0,148.0,148.0,147.0,147.0,146.0,144.0
real,120,gulf,0,Kalman,0,buffer,2,109,123,0.37733481003734004,118.0,117.0,116.0,115.0,114.0,113.0,112.0,111.0,110.0,109.0,108.0,107.0,106.0,106.0,105.0,105.0,104.0,104.0,104.0,104.0
real,120,gulf,0,Kalman,0,buffer,3,136,245,0.1979402878047138,237.0,236.0,235.0,234.0,233.0,232.0,231.0,231.0,230.0,230.0,230.0,229.0,229.0,228.0,227.0,227.0,226.0,224.0,223.0,222.0
real,120,gulf,0,Kalman,0,buffer,4,139,24,0.33459641832524767,18.0,18.0,17.0,16.0,15.0,15.0,14.0,13.0,12.0,11.0,9.0,9.0,7.0,6.0,6.0,6.0,6.0,6.0,6.0,6.0
real,120,gulf,0,Kalman,0,buffer,5,164,290,0.11435204809915876,30.0,29.0,28.0,28.0,27.0,26.0,25.0,24.0,22.0,22.0,21.0,20.0,19.0,18.0,18.0,18.0,17.0,17.0,17.0,17.0
real,120,gulf,0,Kalman,0,buffer,6,166,133,0.12044946645204532,126.0,125.0,124.0,123.0,122.0,121.0,121.0,121.0,120.0,120.0,120.0,120.0,119.0,119.0,119.0,112.0,111.0,111.0,110.0,110.0
real,120,gulf,0,Kalman,0,buffer,7,227,549,0.22637321104434646,542.0,541.0,540.0,539.0,538.0,537.0,536.0,535.0,534.0,533.0,532.0,531.0,530.0,529.0,528.0,527.0,525.0,524.0,523.0,522.0
real,120,gulf,0,Kalman,0,buffer,8,357,554,0.1321232639001816,549.0,548.0,547.0,547.0,547.0,546.0,546.0,546.0,546.0,543.0,542.0,542.0,542.0,542.0,541.0,541.0,541.0,541.0,541.0,541.0
real,120,gulf,0,Kalman,0,buffer,9,367,371,0.21704541069124283,364.0,363.0,362.0,361.0,360.0,359.0,358.0,357.0,356.0,355.0,355.0,354.0,353.0,176.0,175.0,174.0,174.0,173.0,172.0,172.0
real,120,gulf,0,Kalman,0,buffer,10,375,255,0.17455658585875658,249.0,248.0,247.0,246.0,246.0,245.0,245.0,244.0,244.0,244.0,244.0,244.0,244.0,232.0,232.0,231.0,231.0,231.0,230.0,228.0
real,120,gulf,0,Kalman,0,buffer,11,376,216,0.03198659236147096,209.0,207.0,206.0,205.0,204.0,203.0,202.0,201.0,200.0,199.0,198.0,198.0,197.0,197.0,196.0,196.0,196.0,195.0,195.0,195.0
real,120,gulf,0,Kalman,0,buffer,12,379,371,0.23424985300536183,365.0,364.0,363.0,362.0,361.0,360.0,359.0,358.0,357.0,357.0,356.0,354.0,352.0,351.0,177.0,176.0,176.0,175.0,175.0,175.0
real,120,gulf,0,Kalman,0,buffer,13,400,56,0.37144524573062565,50.0,49.0,48.0,47.0,46.0,45.0,44.0,43.0,42.0,42.0,41.0,41.0,41.0,40.0,40.0,40.0,40.0,39.0,39.0,39.0
real,120,gulf,0,Kalman,0,buffer,14,456,19,0.30309461058026477,13.0,12.0,11.0,11.0,10.0,9.0,7.0,6.0,6.0,6.0,6.0,6.0,6.0,6.0,6.0,6.0,6.0,6.0,6.0,6.0
real,120,gulf,0,Kalman,0,crossing,0,75,68,0.10813592060431623,67.0,66.0,65.0,64.0,63.0,62.0,61.0,60.0,59.0,58.0,58.0,57.0,55.0,54.0,53.0,53.0,53.0,53.0,52.0,52.0
real,120,gulf,0,Kalman,0,crossing,1,87,164,0.3125995606778419,162.0,161.0,160.0,159.0,158.0,157.0,156.0,155.0,154.0,153.0,153.0,153.0,152.0,152.0,152.0,152.0,151.0,151.0,150.0,149.0
real,120,gulf,0,Kalman,0,crossing,2,109,123,0.37733481003734004,122.0,121.0,120.0,119.0,118.0,117.0,116.0,115.0,114.0,114.0,113.0,112.0,111.0,110.0,109.0,108.0,107.0,106.0,106.0,105.0
real,120,gulf,0,Kalman,0,crossing,3,136,245,0.1979402878047138,244.0,242.0,240.0,239.0,238.0,237.0,236.0,235.0,234.0,233.0,232.0,232.0,231.0,231.0,230.0,230.0,230.0,230.0,229.0,229.0
real,120,gulf,0,Kalman,0,crossing,4,139,24,0.33459641832524767,23.0,22.0,20.0,19.0,19.0,18.0,17.0,17.0,16.0,15.0,15.0,14.0,13.0,12.0,12.0,11.0,9.0,8.0,7.0,6.0
real,120,gulf,0,Kalman,0,crossing,5,164,290,0.11435204809915876,38.0,37.0,37.0,36.0,36.0,35.0,35.0,34.0,31.0,30.0,30.0,30.0,29.0,29.0,28.0,28.0,27.0,26.0,25.0,24.0
real,120,gulf,0,Kalman,0,crossing,6,166,133,0.12044946645204532,132.0,130.0,129.0,128.0,127.0,126.0,124.0,123.0,123.0,122.0,122.0,121.0,121.0,121.0,120.0,120.0,120.0,120.0,120.0,120.0
real,120,gulf,0,Kalman,0,crossing,7,227,549,0.22637321104434646,548.0,547.0,547.0,546.0,545.0,544.0,543.0,542.0,540.0,539.0,538.0,537.0,537.0,536.0,535.0,534.0,533.0,532.0,531.0,531.0
real,120,gulf,0,Kalman,0,crossing,8,357,554,0.1321232639001816,554.0,552.0,551.0,551.0,550.0,549.0,549.0,548.0,548.0,547.0,547.0,547.0,546.0,546.0,546.0,546.0,546.0,546.0,543.0,543.0
real,120,gulf,0,Kalman,0,crossing,9,367,371,0.21704541069124283,370.0,370.0,369.0,368.0,367.0,366.0,365.0,364.0,363.0,363.0,362.0,360.0,359.0,358.0,357.0,357.0,356.0,355.0,354.0,353.0
real,120,gulf,0,Kalman,0,crossing,10,375,255,0.17455658585875658,253.0,252.0,251.0,250.0,249.0,248.0,247.0,247.0,246.0,245.0,245.0,245.0,245.0,244.0,244.0,244.0,244.0,244.0,232.0,232.0
real,120,gulf,0,Kalman,0,crossing,11,376,216,0.03198659236147096,215.0,214.0,213.0,212.0,211.0,209.0,208.0,207.0,206.0,205.0,204.0,203.0,202.0,201.0,199.0,198.0,198.0,197.0,197.0,196.0
real,120,gulf,0,Kalman,0,crossing,12,379,371,0.23424985300536183,370.0,369.0,368.0,367.0,366.0,365.0,364.0,364.0,363.0,362.0,361.0,360.0,359.0,358.0,358.0,357.0,356.0,352.0,352.0,351.0
real,120,gulf,0,Kalman,0,crossing,13,400,56,0.37144524573062565,54.0,53.0,52.0,51.0,51.0,50.0,49.0,48.0,47.0,46.0,44.0,43.0,42.0,42.0,41.0,41.0,41.0,41.0,40.0,40.0
real,120,gulf,0,Kalman,0,crossing,14,456,19,0.30309461058026477,18.0,17.0,16.0,15.0,13.0,12.0,12.0,11.0,10.0,9.0,7.0,6.0,6.0,6.0,6.0,6.0,6.0,6.0,6.0,6.0
real,120,gulf,0,LSTM-rec,0,buffer,0,75,68,0.10813592060431623,6.0,6.0,6.0,6.0,6.0,6.0,6.0,6.0,6.0,6.0,6.0,6.0,6.0,6.0,6.0,6.0,6.0,6.0,6.0,6.0
real,120,gulf,0,LSTM-rec,0,buffer,1,87,164,0.3125995606778419,157.0,156.0,155.0,154.0,153.0,153.0,152.0,152.0,151.0,150.0,148.0,148.0,147.0,144.0,143.0,141.0,139.0,136.0,135.0,135.0
real,120,gulf,0,LSTM-rec,0,buffer,2,109,123,0.37733481003734004,118.0,117.0,116.0,115.0,114.0,113.0,112.0,110.0,109.0,108.0,107.0,106.0,105.0,104.0,104.0,104.0,103.0,98.0,92.0,89.0
real,120,gulf,0,LSTM-rec,0,buffer,3,136,245,0.1979402878047138,237.0,236.0,235.0,234.0,232.0,232.0,231.0,230.0,229.0,229.0,228.0,226.0,225.0,223.0,221.0,219.0,217.0,216.0,214.0,212.0
real,120,gulf,0,LSTM-rec,0,buffer,4,139,24,0.33459641832524767,18.0,18.0,17.0,16.0,15.0,14.0,13.0,12.0,11.0,9.0,8.0,7.0,6.0,6.0,6.0,6.0,6.0,6.0,6.0,6.0
real,120,gulf,0,LSTM-rec,0,buffer,5,164,290,0.11435204809915876,30.0,29.0,28.0,26.0,25.0,23.0,21.0,20.0,17.0,17.0,15.0,15.0,15.0,15.0,12.0,9.0,9.0,6.0,6.0,6.0
real,120,gulf,0,LSTM-rec,0,buffer,6,166,133,0.12044946645204532,126.0,125.0,124.0,123.0,122.0,121.0,120.0,120.0,120.0,119.0,118.0,118.0,111.0,110.0,110.0,108.0,106.0,105.0,103.0,101.0
real,120,gulf,0,LSTM-rec,0,buffer,7,227,549,0.22637321104434646,542.0,540.0,539.0,538.0,537.0,536.0,535.0,533.0,532.0,531.0,530.0,528.0,526.0,525.0,523.0,522.0,520.0,519.0,518.0,516.0
real,120,gulf,0,LSTM-rec,0,buffer,8,357,554,0.1321232639001816,549.0,548.0,547.0,546.0,546.0,546.0,546.0,541.0,541.0,541.0,541.0,541.0,541.0,540.0,76.0,6.0,6.0,6.0,6.0,6.0
real,120,gulf,0,LSTM-rec,0,buffer,9,367,371,0.21704541069124283,364.0,363.0,362.0,361.0,360.0,359.0,357.0,356.0,355.0,354.0,353.0,176.0,175.0,173.0,172.0,172.0,171.0,171.0,170.0,169.0
real,120,gulf,0,LSTM-rec,0,buffer,10,375,255,0.17455658585875658,249.0,248.0,247.0,246.0,245.0,244.0,244.0,244.0,244.0,244.0,244.0,232.0,231.0,231.0,231.0,230.0,227.0,226.0,226.0,217.0
real,120,gulf,0,LSTM-rec,0,buffer,11,376,216,0.03198659236147096,209.0,207.0,206.0,205.0,204.0,203.0,202.0,200.0,199.0,198.0,197.0,196.0,196.0,195.0,195.0,195.0,190.0,190.0,189.0,189.0
real,120,gulf,0,LSTM-rec,0,buffer,12,379,371,0.23424985300536183,365.0,364.0,363.0,362.0,361.0,359.0,358.0,357.0,357.0,355.0,354.0,351.0,176.0,175.0,175.0,174.0,174.0,174.0,172.0,171.0
real,120,gulf,0,LSTM-rec,0,buffer,13,400,56,0.37144524573062565,50.0,49.0,48.0,47.0,46.0,45.0,44.0,43.0,41.0,41.0,40.0,40.0,40.0,39.0,39.0,38.0,38.0,38.0,38.0,38.0
real,120,gulf,0,LSTM-rec,0,buffer,14,456,19,0.30309461058026477,13.0,12.0,11.0,10.0,10.0,8.0,6.0,6.0,6.0,6.0,6.0,6.0,6.0,6.0,6.0,6.0,6.0,6.0,6.0,6.0
real,120,gulf,0,LSTM-rec,0,crossing,0,75,68,0.10813592060431623,67.0,65.0,64.0,63.0,62.0,60.0,58.0,57.0,55.0,53.0,52.0,50.0,49.0,49.0,6.0,6.0,6.0,6.0,6.0,6.0
real,120,gulf,0,LSTM-rec,0,crossing,1,87,164,0.3125995606778419,162.0,161.0,159.0,158.0,157.0,156.0,155.0,154.0,154.0,153.0,152.0,152.0,151.0,151.0,150.0,148.0,147.0,146.0,144.0,143.0
real,120,gulf,0,LSTM-rec,0,crossing,2,109,123,0.37733481003734004,122.0,121.0,120.0,119.0,118.0,117.0,116.0,115.0,114.0,113.0,112.0,110.0,109.0,108.0,107.0,106.0,105.0,104.0,104.0,104.0
real,120,gulf,0,LSTM-rec,0,crossing,3,136,245,0.1979402878047138,244.0,242.0,240.0,239.0,238.0,236.0,235.0,234.0,233.0,232.0,231.0,231.0,230.0,229.0,228.0,228.0,226.0,224.0,222.0,221.0
real,120,gulf,0,LSTM-rec,0,crossing,4,139,24,0.33459641832524767,23.0,22.0,20.0,19.0,18.0,18.0,17.0,16.0,16.0,15.0,14.0,13.0,12.0,11.0,9.0,7.0,6.0,6.0,6.0,6.0
real,120,gulf,0,LSTM-rec,0,crossing,5,164,290,0.11435204809915876,38.0,37.0,36.0,35.0,35.0,34.0,30.0,30.0,29.0,28.0,26.0,24.0,21.0,19.0,17.0,17.0,15.0,15.0,15.0,15.0
real,120,gulf,0,LSTM-rec,0,crossing,6,166,133,0.12044946645204532,132.0,130.0,129.0,128.0,127.0,125.0,124.0,123.0,122.0,121.0,121.0,120.0,120.0,120.0,119.0,118.0,114.0,111.0,110.0,109.0
real,120,gulf,0,LSTM-rec,0,crossing,7,227,549,0.22637321104434646,548.0,547.0,546.0,545.0,544.0,543.0,541.0,540.0,539.0,537.0,536.0,535.0,533.0,532.0,531.0,529.0,527.0,525.0,524.0,522.0
real,120,gulf,0,LSTM-rec,0,crossing,8,357,554,0.1321232639001816,554.0,552.0,551.0,550.0,550.0,549.0,548.0,547.0,547.0,546.0,546.0,546.0,541.0,541.0,541.0,541.0,541.0,541.0,541.0,540.0
real,120,gulf,0,LSTM-rec,0,crossing,9,367,371,0.21704541069124283,370.0,369.0,368.0,367.0,366.0,365.0,364.0,363.0,362.0,361.0,360.0,358.0,357.0,356.0,354.0,353.0,175.0,174.0,172.0,172.0
real,120,gulf,0,LSTM-rec,0,crossing,10,375,255,0.17455658585875658,253.0,252.0,251.0,250.0,249.0,248.0,247.0,246.0,245.0,244.0,244.0,244.0,244.0,244.0,244.0,232.0,231.0,231.0,231.0,230.0
real,120,gulf,0,LSTM-rec,0,crossing,11,376,216,0.03198659236147096,215.0,214.0,213.0,212.0,210.0,209.0,207.0,206.0,205.0,203.0,202.0,201.0,199.0,198.0,197.0,196.0,196.0,195.0,195.0,195.0
real,120,gulf,0,LSTM-rec,0,crossing,12,379,371,0.23424985300536183,370.0,369.0,368.0,367.0,366.0,365.0,364.0,363.0,362.0,361.0,359.0,358.0,357.0,357.0,355.0,351.0,176.0,175.0,175.0,174.0
real,120,gulf,0,LSTM-rec,0,crossing,13,400,56,0.37144524573062565,54.0,53.0,52.0,51.0,50.0,49.0,48.0,47.0,46.0,45.0,43.0,42.0,41.0,41.0,40.0,40.0,40.0,39.0,39.0,39.0
real,120,gulf,0,LSTM-rec,0,crossing,14,456,19,0.30309461058026477,18.0,17.0,16.0,14.0,13.0,12.0,11.0,10.0,9.0,8.0,6.0,6.0,6.0,6.0,6.0,6.0,6.0,6.0,6.0,6.0
real,120,gulf,0,LSTM-ms,0,buffer,0,75,68,0.10813592060431623,6.0,6.0,6.0,6.0,6.0,6.0,6.0,6.0,6.0,6.0,6.0,6.0,6.0,6.0,6.0,6.0,6.0,6.0,6.0,6.0
real,120,gulf,0,LSTM-ms,0,buffer,1,87,164,0.3125995606778419,157.0,156.0,156.0,155.0,154.0,154.0,153.0,153.0,152.0,152.0,152.0,152.0,151.0,151.0,151.0,151.0,150.0,150.0,149.0,149.0
real,120,gulf,0,LSTM-ms,0,buffer,2,109,123,0.37733481003734004,118.0,117.0,116.0,115.0,115.0,114.0,113.0,113.0,112.0,112.0,111.0,111.0,110.0,110.0,109.0,109.0,108.0,108.0,107.0,107.0
real,120,gulf,0,LSTM-ms,0,buffer,3,136,245,0.1979402878047138,237.0,236.0,235.0,234.0,234.0,233.0,232.0,232.0,231.0,231.0,231.0,230.0,230.0,230.0,230.0,229.0,229.0,229.0,228.0,228.0
real,120,gulf,0,LSTM-ms,0,buffer,4,139,24,0.33459641832524767,19.0,18.0,17.0,17.0,16.0,15.0,15.0,14.0,14.0,13.0,12.0,12.0,11.0,11.0,9.0,9.0,9.0,7.0,7.0,7.0
real,120,gulf,0,LSTM-ms,0,buffer,5,164,290,0.11435204809915876,30.0,29.0,29.0,28.0,28.0,27.0,26.0,25.0,25.0,24.0,23.0,22.0,22.0,21.0,21.0,20.0,19.0,18.0,17.0,17.0
real,120,gulf,0,LSTM-ms,0,buffer,6,166,133,0.12044946645204532,126.0,125.0,124.0,123.0,123.0,122.0,122.0,121.0,121.0,120.0,120.0,120.0,120.0,120.0,120.0,120.0,120.0,119.0,119.0,118.0
real,120,gulf,0,LSTM-ms,0,buffer,7,227,549,0.22637321104434646,542.0,541.0,540.0,539.0,538.0,538.0,537.0,536.0,536.0,535.0,534.0,534.0,533.0,532.0,532.0,532.0,531.0,530.0,530.0,530.0
real,120,gulf,0,LSTM-ms,0,buffer,8,357,554,0.1321232639001816,549.0,548.0,548.0,547.0,547.0,546.0,546.0,546.0,546.0,546.0,546.0,546.0,546.0,541.0,541.0,541.0,541.0,541.0,541.0,541.0
real,120,gulf,0,LSTM-ms,0,buffer,9,367,371,0.21704541069124283,364.0,363.0,363.0,362.0,361.0,360.0,360.0,359.0,359.0,358.0,357.0,357.0,356.0,356.0,356.0,355.0,355.0,354.0,354.0,354.0
real,120,gulf,0,LSTM-ms,0,buffer,10,375,255,0.17455658585875658,249.0,248.0,248.0,247.0,246.0,245.0,244.0,244.0,244.0,244.0,244.0,244.0,244.0,244.0,244.0,244.0,244.0,244.0,232.0,232.0
real,120,gulf,0,LSTM-ms,0,buffer,11,376,216,0.03198659236147096,209.0,208.0,207.0,206.0,205.0,205.0,204.0,203.0,202.0,202.0,201.0,201.0,200.0,199.0,198.0,198.0,197.0,197.0,197.0,197.0
real,120,gulf,0,LSTM-ms,0,buffer,12,379,371,0.23424985300536183,365.0,364.0,363.0,363.0,362.0,361.0,361.0,360.0,359.0,359.0,358.0,358.0,357.0,357.0,357.0,357.0,356.0,355.0,355.0,354.0
real,120,gulf,0,LSTM-ms,0,buffer,13,400,56,0.37144524573062565,50.0,50.0,49.0,48.0,47.0,46.0,46.0,45.0,44.0,43.0,43.0,42.0,41.0,41.0,41.0,41.0,41.0,41.0,41.0,40.0
real,120,gulf,0,LSTM-ms,0,buffer,14,456,19,0.30309461058026477,13.0,13.0,12.0,11.0,10.0,10.0,9.0,8.0,8.0,6.0,6.0,6.0,6.0,6.0,6.0,6.0,6.0,6.0,6.0,6.0
real,120,gulf,0,LSTM-ms,0,crossing,0,75,68,0.10813592060431623,67.0,66.0,65.0,64.0,64.0,64.0,63.0,63.0,62.0,62.0,61.0,60.0,59.0,59.0,59.0,58.0,58.0,58.0,58.0,57.0
real,120,gulf,0,LSTM-ms,0,crossing,1,87,164,0.3125995606778419,163.0,161.0,160.0,159.0,158.0,158.0,157.0,156.0,156.0,155.0,155.0,154.0,154.0,154.0,153.0,153.0,153.0,152.0,152.0,152.0
real,120,gulf,0,LSTM-ms,0,crossing,2,109,123,0.37733481003734004,122.0,121.0,120.0,120.0,119.0,118.0,118.0,117.0,116.0,116.0,115.0,115.0,114.0,114.0,113.0,113.0,113.0,112.0,112.0,112.0
real,120,gulf,0,LSTM-ms,0,crossing,3,136,245,0.1979402878047138,244.0,243.0,241.0,240.0,239.0,238.0,237.0,237.0,236.0,235.0,235.0,234.0,234.0,233.0,233.0,233.0,232.0,232.0,232.0,231.0
real,120,gulf,0,LSTM-ms,0,crossing,4,139,24,0.33459641832524767,23.0,22.0,21.0,20.0,19.0,19.0,18.0,17.0,17.0,17.0,16.0,16.0,16.0,15.0,15.0,14.0,14.0,14.0,13.0,13.0
real,120,gulf,0,LSTM-ms,0,crossing,5,164,290,0.11435204809915876,289.0,37.0,37.0,36.0,36.0,35.0,35.0,35.0,34.0,34.0,30.0,30.0,30.0,30.0,30.0,30.0,30.0,29.0,29.0,29.0
real,120,gulf,0,LSTM-ms,0,crossing,6,166,133,0.12044946645204532,132.0,131.0,130.0,128.0,128.0,127.0,126.0,125.0,125.0,124.0,123.0,123.0,123.0,122.0,122.0,122.0,121.0,121.0,121.0,121.0
real,120,gulf,0,LSTM-ms,0,crossing,7,227,549,0.22637321104434646,548.0,548.0,547.0,546.0,545.0,545.0,544.0,543.0,542.0,542.0,541.0,540.0,540.0,539.0,538.0,538.0,537.0,537.0,536.0,536.0
real,120,gulf,0,LSTM-ms,0,crossing,8,357,554,0.1321232639001816,554.0,553.0,552.0,551.0,550.0,550.0,549.0,549.0,549.0,548.0,548.0,548.0,548.0,547.0,547.0,547.0,547.0,546.0,546.0,546.0
real,120,gulf,0,LSTM-ms,0,crossing,9,367,371,0.21704541069124283,371.0,370.0,369.0,368.0,368.0,367.0,366.0,366.0,365.0,365.0,364.0,363.0,363.0,363.0,363.0,362.0,362.0,362.0,360.0,360.0
real,120,gulf,0,LSTM-ms,0,crossing,10,375,255,0.17455658585875658,254.0,253.0,252.0,251.0,250.0,250.0,249.0,248.0,247.0,247.0,246.0,246.0,245.0,244.0,244.0,244.0,244.0,244.0,244.0,244.0
real,120,gulf,0,LSTM-ms,0,crossing,11,376,216,0.03198659236147096,215.0,214.0,213.0,213.0,212.0,211.0,210.0,209.0,208.0,207.0,207.0,206.0,206.0,205.0,204.0,204.0,203.0,203.0,202.0,202.0
real,120,gulf,0,LSTM-ms,0,crossing,12,379,371,0.23424985300536183,370.0,369.0,368.0,368.0,367.0,366.0,366.0,365.0,365.0,364.0,364.0,363.0,363.0,362.0,362.0,361.0,361.0,360.0,360.0,360.0
real,120,gulf,0,LSTM-ms,0,crossing,13,400,56,0.37144524573062565,55.0,54.0,53.0,52.0,51.0,51.0,50.0,49.0,49.0,48.0,48.0,47.0,46.0,46.0,45.0,44.0,44.0,43.0,43.0,42.0
real,120,gulf,0,LSTM-ms,0,crossing,14,456,19,0.30309461058026477,18.0,17.0,16.0,15.0,14.0,14.0,13.0,12.0,12.0,11.0,10.0,10.0,10.0,9.0,8.0,6.0,6.0,6.0,6.0,6.0
real,120,gulf,0,LSTM-rec,1,buffer,0,75,68,0.10813592060431623,6.0,6.0,6.0,6.0,6.0,6.0,6.0,6.0,6.0,6.0,6.0,6.0,6.0,6.0,6.0,6.0,6.0,6.0,6.0,6.0
real,120,gulf,0,LSTM-rec,1,buffer,1,87,164,0.3125995606778419,157.0,156.0,155.0,154.0,153.0,153.0,152.0,152.0,151.0,150.0,149.0,148.0,147.0,144.0,144.0,141.0,139.0,136.0,136.0,135.0
real,120,gulf,0,LSTM-rec,1,buffer,2,109,123,0.37733481003734004,118.0,117.0,116.0,115.0,114.0,113.0,112.0,111.0,109.0,108.0,107.0,106.0,105.0,104.0,104.0,104.0,103.0,100.0,98.0,92.0
real,120,gulf,0,LSTM-rec,1,buffer,3,136,245,0.1979402878047138,237.0,236.0,235.0,233.0,232.0,232.0,231.0,230.0,230.0,229.0,228.0,226.0,225.0,223.0,221.0,219.0,217.0,216.0,214.0,212.0
real,120,gulf,0,LSTM-rec,1,buffer,4,139,24,0.33459641832524767,18.0,18.0,17.0,16.0,15.0,14.0,13.0,12.0,11.0,9.0,8.0,7.0,6.0,6.0,6.0,6.0,6.0,6.0,6.0,6.0
real,120,gulf,0,LSTM-rec,1,buffer,5,164,290,0.11435204809915876,30.0,29.0,28.0,26.0,25.0,23.0,22.0,20.0,17.0,17.0,15.0,15.0,15.0,15.0,12.0,11.0,9.0,6.0,6.0,6.0
real,120,gulf,0,LSTM-rec,1,buffer,6,166,133,0.12044946645204532,126.0,125.0,124.0,123.0,122.0,121.0,120.0,120.0,120.0,119.0,118.0,118.0,111.0,111.0,110.0,108.0,106.0,105.0,102.0,101.0
real,120,gulf,0,LSTM-rec,1,buffer,7,227,549,0.22637321104434646,542.0,540.0,539.0,538.0,537.0,536.0,535.0,533.0,532.0,531.0,530.0,528.0,526.0,524.0,523.0,521.0,520.0,519.0,517.0,515.0
real,120,gulf,0,LSTM-rec,1,buffer,8,357,554,0.1321232639001816,549.0,548.0,547.0,547.0,546.0,546.0,545.0,543.0,541.0,541.0,541.0,541.0,541.0,540.0,76.0,6.0,6.0,6.0,6.0,6.0
real,120,gulf,0,LSTM-rec,1,buffer,9,367,371,0.21704541069124283,364.0,363.0,362.0,361.0,360.0,358.0,357.0,356.0,354.0,354.0,352.0,175.0,175.0,173.0,172.0,172.0,171.0,170.0,169.0,166.0
real,120,gulf,0,LSTM-rec,1,buffer,10,375,255,0.17455658585875658,249.0,248.0,247.0,246.0,245.0,244.0,244.0,244.0,244.0,244.0,244.0,232.0,231.0,231.0,231.0,230.0,228.0,226.0,226.0,218.0
real,120,gulf,0,LSTM-rec,1,buffer,11,376,216,0.03198659236147096,209.0,207.0,206.0,205.0,204.0,203.0,202.0,201.0,199.0,198.0,197.0,196.0,196.0,195.0,195.0,194.0,191.0,190.0,190.0,189.0
real,120,gulf,0,LSTM-rec,1,buffer,12,379,371,0.23424985300536183,365.0,364.0,363.0,362.0,360.0,359.0,358.0,357.0,356.0,355.0,354.0,351.0,176.0,175.0,175.0,174.0,174.0,173.0,172.0,171.0
real,120,gulf,0,LSTM-rec,1,buffer,13,400,56,0.37144524573062565,50.0,49.0,48.0,47.0,46.0,45.0,44.0,43.0,41.0,41.0,41.0,40.0,40.0,39.0,39.0,38.0,38.0,38.0,38.0,38.0
real,120,gulf,0,LSTM-rec,1,buffer,14,456,19,0.30309461058026477,13.0,12.0,11.0,10.0,10.0,8.0,6.0,6.0,6.0,6.0,6.0,6.0,6.0,6.0,6.0,6.0,6.0,6.0,6.0,6.0
real,120,gulf,0,LSTM-rec,1,crossing,0,75,68,0.10813592060431623,67.0,65.0,64.0,63.0,62.0,60.0,58.0,57.0,54.0,53.0,52.0,50.0,49.0,49.0,8.0,6.0,6.0,6.0,6.0,6.0
real,120,gulf,0,LSTM-rec,1,crossing,1,87,164,0.3125995606778419,162.0,161.0,159.0,158.0,157.0,156.0,155.0,154.0,154.0,153.0,152.0,152.0,151.0,151.0,149.0,148.0,147.0,146.0,144.0,141.0
real,120,gulf,0,LSTM-rec,1,crossing,2,109,123,0.37733481003734004,122.0,121.0,120.0,119.0,118.0,117.0,116.0,115.0,114.0,113.0,112.0,111.0,110.0,109.0,107.0,106.0,105.0,104.0,104.0,104.0
real,120,gulf,0,LSTM-rec,1,crossing,3,136,245,0.1979402878047138,244.0,242.0,240.0,239.0,238.0,236.0,235.0,234.0,233.0,232.0,231.0,231.0,230.0,229.0,229.0,228.0,226.0,224.0,222.0,221.0
real,120,gulf,0,LSTM-rec,1,crossing,4,139,24,0.33459641832524767,23.0,22.0,20.0,19.0,18.0,18.0,17.0,16.0,15.0,15.0,14.0,13.0,11.0,9.0,9.0,7.0,6.0,6.0,6.0,6.0
real,120,gulf,0,LSTM-rec,1,crossing,5,164,290,0.11435204809915876,38.0,37.0,36.0,36.0,35.0,34.0,30.0,30.0,29.0,28.0,26.0,24.0,22.0,19.0,17.0,17.0,15.0,15.0,15.0,15.0
real,120,gulf,0,LSTM-rec,1,crossing,6,166,133,0.12044946645204532,132.0,130.0,129.0,128.0,127.0,125.0,124.0,123.0,122.0,121.0,121.0,120.0,120.0,120.0,119.0,118.0,114.0,111.0,110.0,109.0
real,120,gulf,0,LSTM-rec,1,crossing,7,227,549,0.22637321104434646,548.0,547.0,546.0,545.0,544.0,543.0,541.0,540.0,539.0,537.0,536.0,535.0,533.0,532.0,530.0,529.0,527.0,525.0,524.0,522.0
real,120,gulf,0,LSTM-rec,1,crossing,8,357,554,0.1321232639001816,554.0,552.0,551.0,550.0,550.0,549.0,548.0,547.0,547.0,546.0,546.0,546.0,546.0,541.0,541.0,541.0,541.0,541.0,541.0,540.0
real,120,gulf,0,LSTM-rec,1,crossing,9,367,371,0.21704541069124283,370.0,369.0,368.0,367.0,366.0,365.0,364.0,363.0,362.0,360.0,359.0,357.0,356.0,355.0,354.0,352.0,175.0,174.0,172.0,172.0
real,120,gulf,0,LSTM-rec,1,crossing,10,375,255,0.17455658585875658,253.0,252.0,251.0,250.0,249.0,248.0,247.0,246.0,245.0,244.0,244.0,244.0,244.0,244.0,244.0,232.0,231.0,231.0,231.0,230.0
real,120,gulf,0,LSTM-rec,1,crossing,11,376,216,0.03198659236147096,215.0,214.0,213.0,211.0,210.0,209.0,207.0,206.0,205.0,204.0,202.0,201.0,200.0,198.0,197.0,196.0,196.0,195.0,195.0,195.0
real,120,gulf,0,LSTM-rec,1,crossing,12,379,371,0.23424985300536183,370.0,369.0,368.0,367.0,366.0,365.0,364.0,363.0,362.0,360.0,359.0,358.0,357.0,356.0,354.0,351.0,351.0,175.0,175.0,174.0
real,120,gulf,0,LSTM-rec,1,crossing,13,400,56,0.37144524573062565,54.0,53.0,52.0,51.0,50.0,49.0,48.0,47.0,46.0,45.0,44.0,43.0,41.0,41.0,41.0,40.0,40.0,39.0,39.0,38.0
real,120,gulf,0,LSTM-rec,1,crossing,14,456,19,0.30309461058026477,18.0,17.0,16.0,15.0,13.0,12.0,11.0,10.0,10.0,8.0,6.0,6.0,6.0,6.0,6.0,6.0,6.0,6.0,6.0,6.0
real,120,gulf,0,LSTM-ms,1,buffer,0,75,68,0.10813592060431623,6.0,6.0,6.0,6.0,6.0,6.0,6.0,6.0,6.0,6.0,6.0,6.0,6.0,6.0,6.0,6.0,6.0,6.0,6.0,6.0
real,120,gulf,0,LSTM-ms,1,buffer,1,87,164,0.3125995606778419,157.0,156.0,156.0,155.0,154.0,153.0,153.0,152.0,152.0,152.0,151.0,151.0,151.0,150.0,150.0,149.0,149.0,148.0,148.0,148.0
real,120,gulf,0,LSTM-ms,1,buffer,2,109,123,0.37733481003734004,118.0,117.0,116.0,115.0,115.0,114.0,113.0,113.0,112.0,112.0,111.0,111.0,110.0,109.0,109.0,108.0,108.0,108.0,107.0,107.0
real,120,gulf,0,LSTM-ms,1,buffer,3,136,245,0.1979402878047138,237.0,236.0,235.0,234.0,233.0,233.0,232.0,231.0,231.0,230.0,230.0,230.0,230.0,229.0,229.0,229.0,228.0,228.0,228.0,228.0
real,120,gulf,0,LSTM-ms,1,buffer,4,139,24,0.33459641832524767,19.0,18.0,17.0,16.0,15.0,15.0,14.0,13.0,12.0,12.0,11.0,10.0,9.0,8.0,7.0,7.0,6.0,6.0,6.0,6.0
real,120,gulf,0,LSTM-ms,1,buffer,5,164,290,0.11435204809915876,30.0,29.0,28.0,28.0,27.0,26.0,25.0,25.0,24.0,23.0,23.0,22.0,21.0,21.0,21.0,20.0,20.0,20.0,19.0,18.0
real,120,gulf,0,LSTM-ms,1,buffer,6,166,133,0.12044946645204532,126.0,125.0,124.0,123.0,123.0,122.0,121.0,121.0,121.0,120.0,120.0,120.0,120.0,120.0,120.0,120.0,119.0,118.0,118.0,118.0
real,120,gulf,0,LSTM-ms,1,buffer,7,227,549,0.22637321104434646,542.0,541.0,540.0,539.0,538.0,537.0,536.0,535.0,534.0,534.0,533.0,532.0,532.0,531.0,530.0,530.0,529.0,528.0,527.0,526.0
real,120,gulf,0,LSTM-ms,1,buffer,8,357,554,0.1321232639001816,549.0,548.0,548.0,547.0,547.0,546.0,546.0,546.0,546.0,546.0,546.0,546.0,545.0,545.0,545.0,545.0,541.0,541.0,541.0,541.0
real,120,gulf,0,LSTM-ms,1,buffer,9,367,371,0.21704541069124283,364.0,363.0,362.0,362.0,361.0,360.0,359.0,359.0,358.0,357.0,357.0,356.0,356.0,356.0,355.0,354.0,354.0,354.0,353.0,176.0
real,120,gulf,0,LSTM-ms,1,buffer,10,375,255,0.17455658585875658,249.0,248.0,248.0,247.0,246.0,246.0,245.0,245.0,245.0,244.0,244.0,244.0,244.0,244.0,244.0,244.0,244.0,244.0,244.0,244.0
real,120,gulf,0,LSTM-ms,1,buffer,11,376,216,0.03198659236147096,209.0,208.0,207.0,206.0,205.0,204.0,203.0,203.0,202.0,201.0,201.0,200.0,200.0,199.0,199.0,198.0,198.0,197.0,197.0,197.0
real,120,gulf,0,LSTM-ms,1,buffer,12,379,371,0.23424985300536183,365.0,364.0,363.0,362.0,362.0,361.0,360.0,360.0,359.0,358.0,358.0,357.0,357.0,357.0,356.0,355.0,354.0,354.0,352.0,352.0
real,120,gulf,0,LSTM-ms,1,buffer,13,400,56,0.37144524573062565,50.0,50.0,49.0,48.0,47.0,46.0,45.0,45.0,44.0,44.0,43.0,43.0,42.0,42.0,41.0,41.0,41.0,41.0,41.0,41.0
real,120,gulf,0,LSTM-ms,1,buffer,14,456,19,0.30309461058026477,14.0,13.0,12.0,11.0,10.0,10.0,9.0,8.0,7.0,6.0,6.0,6.0,6.0,6.0,6.0,6.0,6.0,6.0,6.0,6.0
real,120,gulf,0,LSTM-ms,1,crossing,0,75,68,0.10813592060431623,67.0,66.0,65.0,64.0,64.0,63.0,63.0,62.0,62.0,61.0,61.0,60.0,59.0,59.0,59.0,58.0,58.0,58.0,58.0,58.0
real,120,gulf,0,LSTM-ms,1,crossing,1,87,164,0.3125995606778419,162.0,161.0,160.0,159.0,158.0,157.0,157.0,156.0,155.0,155.0,154.0,154.0,153.0,153.0,153.0,152.0,152.0,152.0,152.0,152.0
real,120,gulf,0,LSTM-ms,1,crossing,2,109,123,0.37733481003734004,122.0,121.0,121.0,120.0,119.0,118.0,118.0,117.0,116.0,116.0,115.0,115.0,114.0,114.0,113.0,113.0,112.0,112.0,112.0,111.0
real,120,gulf,0,LSTM-ms,1,crossing,3,136,245,0.1979402878047138,244.0,242.0,241.0,240.0,239.0,238.0,237.0,236.0,236.0,235.0,234.0,234.0,233.0,233.0,232.0,232.0,231.0,231.0,231.0,231.0
real,120,gulf,0,LSTM-ms,1,crossing,4,139,24,0.33459641832524767,23.0,22.0,21.0,20.0,19.0,18.0,18.0,17.0,17.0,16.0,16.0,15.0,15.0,14.0,13.0,13.0,12.0,11.0,11.0,9.0
real,120,gulf,0,LSTM-ms,1,crossing,5,164,290,0.11435204809915876,38.0,37.0,36.0,36.0,35.0,35.0,35.0,34.0,34.0,33.0,30.0,30.0,30.0,30.0,30.0,30.0,30.0,29.0,29.0,28.0
real,120,gulf,0,LSTM-ms,1,crossing,6,166,133,0.12044946645204532,132.0,130.0,129.0,128.0,127.0,127.0,126.0,125.0,124.0,124.0,123.0,123.0,122.0,122.0,122.0,121.0,121.0,121.0,121.0,121.0
real,120,gulf,0,LSTM-ms,1,crossing,7,227,549,0.22637321104434646,548.0,547.0,546.0,546.0,545.0,544.0,543.0,542.0,541.0,540.0,539.0,538.0,538.0,537.0,536.0,536.0,535.0,535.0,534.0,533.0
real,120,gulf,0,LSTM-ms,1,crossing,8,357,554,0.1321232639001816,554.0,553.0,552.0,551.0,551.0,550.0,550.0,549.0,549.0,548.0,548.0,548.0,548.0,547.0,547.0,547.0,547.0,547.0,546.0,546.0
real,120,gulf,0,LSTM-ms,1,crossing,9,367,371,0.21704541069124283,371.0,370.0,369.0,368.0,367.0,366.0,366.0,365.0,365.0,364.0,363.0,363.0,363.0,362.0,362.0,362.0,360.0,360.0,360.0,360.0
real,120,gulf,0,LSTM-ms,1,crossing,10,375,255,0.17455658585875658,254.0,253.0,252.0,251.0,250.0,249.0,248.0,248.0,247.0,247.0,246.0,246.0,246.0,245.0,245.0,245.0,245.0,245.0,245.0,245.0
real,120,gulf,0,LSTM-ms,1,crossing,11,376,216,0.03198659236147096,215.0,214.0,213.0,212.0,211.0,210.0,209.0,208.0,207.0,207.0,206.0,205.0,205.0,204.0,203.0,203.0,202.0,202.0,201.0,200.0
real,120,gulf,0,LSTM-ms,1,crossing,12,379,371,0.23424985300536183,370.0,369.0,368.0,368.0,367.0,366.0,366.0,365.0,364.0,364.0,363.0,363.0,362.0,362.0,361.0,361.0,360.0,360.0,360.0,359.0
real,120,gulf,0,LSTM-ms,1,crossing,13,400,56,0.37144524573062565,55.0,54.0,53.0,52.0,51.0,50.0,50.0,49.0,48.0,48.0,47.0,46.0,46.0,45.0,44.0,44.0,44.0,43.0,43.0,43.0
real,120,gulf,0,LSTM-ms,1,crossing,14,456,19,0.30309461058026477,18.0,17.0,16.0,15.0,14.0,13.0,13.0,12.0,11.0,11.0,10.0,10.0,9.0,8.0,7.0,7.0,6.0,6.0,6.0,6.0
real,120,gulf,0,LSTM-rec,2,buffer,0,75,68,0.10813592060431623,6.0,6.0,6.0,6.0,6.0,6.0,6.0,6.0,6.0,6.0,6.0,6.0,6.0,6.0,6.0,6.0,6.0,6.0,6.0,6.0
real,120,gulf,0,LSTM-rec,2,buffer,1,87,164,0.3125995606778419,157.0,156.0,156.0,155.0,154.0,154.0,153.0,153.0,153.0,152.0,152.0,152.0,152.0,151.0,151.0,151.0,150.0,150.0,149.0,149.0
real,120,gulf,0,LSTM-rec,2,buffer,2,109,123,0.37733481003734004,118.0,117.0,116.0,115.0,114.0,114.0,113.0,112.0,112.0,111.0,111.0,110.0,110.0,109.0,109.0,109.0,108.0,108.0,107.0,107.0
real,120,gulf,0,LSTM-rec,2,buffer,3,136,245,0.1979402878047138,237.0,236.0,235.0,234.0,233.0,233.0,232.0,232.0,232.0,231.0,231.0,231.0,231.0,231.0,230.0,230.0,230.0,230.0,230.0,229.0
real,120,gulf,0,LSTM-rec,2,buffer,4,139,24,0.33459641832524767,19.0,18.0,17.0,16.0,16.0,15.0,15.0,14.0,13.0,13.0,12.0,12.0,11.0,11.0,9.0,9.0,9.0,9.0,7.0,7.0
real,120,gulf,0,LSTM-rec,2,buffer,5,164,290,0.11435204809915876,30.0,29.0,29.0,28.0,27.0,27.0,26.0,25.0,25.0,24.0,24.0,23.0,23.0,22.0,22.0,22.0,17.0,17.0,17.0,17.0
real,120,gulf,0,LSTM-rec,2,buffer,6,166,133,0.12044946645204532,126.0,125.0,124.0,123.0,123.0,122.0,122.0,121.0,121.0,121.0,121.0,120.0,120.0,120.0,120.0,120.0,120.0,120.0,120.0,120.0
real,120,gulf,0,LSTM-rec,2,buffer,7,227,549,0.22637321104434646,542.0,541.0,540.0,539.0,538.0,537.0,537.0,536.0,535.0,535.0,534.0,534.0,533.0,533.0,532.0,532.0,532.0,531.0,531.0,531.0
real,120,gulf,0,LSTM-rec,2,buffer,8,357,554,0.1321232639001816,549.0,548.0,548.0,547.0,547.0,547.0,546.0,546.0,546.0,546.0,546.0,546.0,546.0,546.0,545.0,545.0,545.0,541.0,541.0,541.0
real,120,gulf,0,LSTM-rec,2,buffer,9,367,371,0.21704541069124283,364.0,363.0,363.0,362.0,361.0,360.0,360.0,359.0,358.0,357.0,357.0,357.0,356.0,356.0,356.0,355.0,355.0,354.0,354.0,354.0
real,120,gulf,0,LSTM-rec,2,buffer,10,375,255,0.17455658585875658,249.0,248.0,247.0,246.0,245.0,245.0,244.0,244.0,244.0,244.0,244.0,244.0,244.0,244.0,244.0,232.0,232.0,232.0,232.0,232.0
real,120,gulf,0,LSTM-rec,2,buffer,11,376,216,0.03198659236147096,209.0,208.0,207.0,206.0,205.0,204.0,203.0,203.0,202.0,202.0,201.0,200.0,198.0,198.0,197.0,197.0,197.0,196.0,196.0,196.0
real,120,gulf,0,LSTM-rec,2,buffer,12,379,371,0.23424985300536183,365.0,364.0,363.0,362.0,362.0,361.0,360.0,360.0,359.0,358.0,358.0,357.0,357.0,357.0,357.0,357.0,356.0,356.0,356.0,355.0
real,120,gulf,0,LSTM-rec,2,buffer,13,400,56,0.37144524573062565,50.0,49.0,49.0,48.0,47.0,46.0,45.0,44.0,43.0,42.0,41.0,41.0,41.0,41.0,41.0,41.0,41.0,40.0,40.0,40.0
real,120,gulf,0,LSTM-rec,2,buffer,14,456,19,0.30309461058026477,13.0,12.0,12.0,11.0,10.0,10.0,9.0,6.0,6.0,6.0,6.0,6.0,6.0,6.0,6.0,6.0,6.0,6.0,6.0,6.0
real,120,gulf,0,LSTM-rec,2,crossing,0,75,68,0.10813592060431623,67.0,66.0,65.0,64.0,64.0,63.0,63.0,62.0,62.0,61.0,60.0,60.0,59.0,59.0,58.0,58.0,58.0,58.0,58.0,58.0
real,120,gulf,0,LSTM-rec,2,crossing,1,87,164,0.3125995606778419,162.0,161.0,160.0,159.0,158.0,157.0,157.0,156.0,155.0,155.0,155.0,154.0,154.0,154.0,154.0,153.0,153.0,153.0,153.0,153.0
real,120,gulf,0,LSTM-rec,2,crossing,2,109,123,0.37733481003734004,122.0,121.0,120.0,120.0,119.0,118.0,117.0,116.0,116.0,116.0,115.0,114.0,114.0,114.0,113.0,113.0,113.0,112.0,112.0,112.0
real,120,gulf,0,LSTM-rec,2,crossing,3,136,245,0.1979402878047138,244.0,242.0,241.0,239.0,238.0,238.0,237.0,236.0,236.0,235.0,234.0,234.0,233.0,233.0,233.0,233.0,232.0,232.0,232.0,232.0
real,120,gulf,0,LSTM-rec,2,crossing,4,139,24,0.33459641832524767,23.0,22.0,21.0,20.0,19.0,18.0,18.0,18.0,17.0,17.0,16.0,16.0,16.0,15.0,15.0,15.0,14.0,14.0,14.0,13.0
real,120,gulf,0,LSTM-rec,2,crossing,5,164,290,0.11435204809915876,289.0,37.0,37.0,36.0,36.0,35.0,35.0,35.0,34.0,34.0,34.0,30.0,30.0,30.0,30.0,30.0,30.0,30.0,30.0,30.0
real,120,gulf,0,LSTM-rec,2,crossing,6,166,133,0.12044946645204532,132.0,130.0,129.0,128.0,127.0,127.0,126.0,125.0,124.0,124.0,123.0,123.0,122.0,122.0,122.0,122.0,121.0,121.0,121.0,121.0
real,120,gulf,0,LSTM-rec,2,crossing,7,227,549,0.22637321104434646,548.0,547.0,547.0,546.0,545.0,545.0,544.0,543.0,542.0,542.0,541.0,540.0,540.0,539.0,539.0,538.0,538.0,537.0,537.0,537.0
real,120,gulf,0,LSTM-rec,2,crossing,8,357,554,0.1321232639001816,554.0,553.0,552.0,551.0,550.0,550.0,549.0,549.0,549.0,548.0,548.0,548.0,548.0,547.0,547.0,547.0,547.0,547.0,547.0,547.0
real,120,gulf,0,LSTM-rec,2,crossing,9,367,371,0.21704541069124283,371.0,370.0,369.0,368.0,367.0,366.0,366.0,365.0,365.0,364.0,364.0,363.0,363.0,363.0,363.0,362.0,362.0,362.0,362.0,362.0
real,120,gulf,0,LSTM-rec,2,crossing,10,375,255,0.17455658585875658,254.0,253.0,252.0,251.0,250.0,249.0,248.0,247.0,247.0,246.0,245.0,245.0,244.0,244.0,244.0,244.0,244.0,244.0,244.0,244.0
real,120,gulf,0,LSTM-rec,2,crossing,11,376,216,0.03198659236147096,215.0,214.0,213.0,212.0,212.0,211.0,210.0,209.0,208.0,207.0,206.0,206.0,205.0,205.0,204.0,204.0,203.0,203.0,203.0,202.0
real,120,gulf,0,LSTM-rec,2,crossing,12,379,371,0.23424985300536183,370.0,369.0,368.0,367.0,367.0,366.0,365.0,365.0,364.0,364.0,364.0,363.0,363.0,362.0,362.0,361.0,361.0,361.0,360.0,360.0
real,120,gulf,0,LSTM-rec,2,crossing,13,400,56,0.37144524573062565,55.0,54.0,53.0,52.0,51.0,50.0,49.0,49.0,48.0,48.0,47.0,47.0,46.0,45.0,44.0,42.0,42.0,41.0,41.0,41.0
real,120,gulf,0,LSTM-rec,2,crossing,14,456,19,0.30309461058026477,18.0,17.0,16.0,15.0,14.0,13.0,12.0,12.0,11.0,10.0,10.0,10.0,6.0,6.0,6.0,6.0,6.0,6.0,6.0,6.0
real,120,gulf,0,LSTM-ms,2,buffer,0,75,68,0.10813592060431623,6.0,6.0,6.0,6.0,6.0,6.0,6.0,6.0,6.0,6.0,6.0,6.0,6.0,6.0,6.0,6.0,6.0,6.0,6.0,6.0
real,120,gulf,0,LSTM-ms,2,buffer,1,87,164,0.3125995606778419,157.0,156.0,156.0,155.0,154.0,153.0,153.0,152.0,152.0,152.0,151.0,151.0,151.0,150.0,150.0,149.0,149.0,148.0,148.0,148.0
real,120,gulf,0,LSTM-ms,2,buffer,2,109,123,0.37733481003734004,118.0,117.0,116.0,115.0,114.0,113.0,113.0,112.0,111.0,111.0,110.0,109.0,109.0,108.0,108.0,107.0,107.0,106.0,106.0,105.0
real,120,gulf,0,LSTM-ms,2,buffer,3,136,245,0.1979402878047138,237.0,236.0,235.0,234.0,233.0,233.0,232.0,231.0,231.0,230.0,230.0,230.0,229.0,229.0,229.0,228.0,228.0,228.0,227.0,226.0
real,120,gulf,0,LSTM-ms,2,buffer,4,139,24,0.33459641832524767,19.0,18.0,17.0,17.0,16.0,15.0,15.0,14.0,13.0,12.0,12.0,11.0,11.0,9.0,9.0,9.0,7.0,7.0,6.0,6.0
real,120,gulf,0,LSTM-ms,2,buffer,5,164,290,0.11435204809915876,30.0,29.0,29.0,28.0,27.0,27.0,26.0,25.0,24.0,23.0,22.0,22.0,21.0,20.0,20.0,19.0,18.0,18.0,18.0,18.0
real,120,gulf,0,LSTM-ms,2,buffer,6,166,133,0.12044946645204532,126.0,125.0,124.0,123.0,123.0,122.0,121.0,121.0,120.0,120.0,120.0,120.0,120.0,120.0,119.0,119.0,119.0,119.0,118.0,111.0
real,120,gulf,0,LSTM-ms,2,buffer,7,227,549,0.22637321104434646,542.0,541.0,540.0,539.0,538.0,537.0,536.0,536.0,535.0,534.0,533.0,532.0,532.0,531.0,530.0,530.0,529.0,528.0,527.0,526.0
real,120,gulf,0,LSTM-ms,2,buffer,8,357,554,0.1321232639001816,549.0,548.0,548.0,547.0,547.0,546.0,546.0,546.0,546.0,546.0,546.0,546.0,545.0,541.0,541.0,541.0,541.0,541.0,541.0,541.0
real,120,gulf,0,LSTM-ms,2,buffer,9,367,371,0.21704541069124283,364.0,363.0,363.0,362.0,361.0,360.0,359.0,358.0,358.0,357.0,357.0,356.0,356.0,355.0,354.0,354.0,353.0,353.0,175.0,175.0
real,120,gulf,0,LSTM-ms,2,buffer,10,375,255,0.17455658585875658,249.0,248.0,248.0,247.0,246.0,245.0,245.0,244.0,244.0,244.0,244.0,244.0,244.0,244.0,244.0,244.0,244.0,232.0,232.0,232.0
real,120,gulf,0,LSTM-ms,2,buffer,11,376,216,0.03198659236147096,209.0,207.0,206.0,206.0,205.0,204.0,203.0,202.0,201.0,201.0,200.0,199.0,198.0,198.0,197.0,197.0,197.0,197.0,196.0,196.0
real,120,gulf,0,LSTM-ms,2,buffer,12,379,371,0.23424985300536183,365.0,364.0,363.0,362.0,361.0,361.0,360.0,359.0,359.0,358.0,357.0,357.0,357.0,356.0,355.0,354.0,354.0,352.0,351.0,176.0
real,120,gulf,0,LSTM-ms,2,buffer,13,400,56,0.37144524573062565,50.0,49.0,49.0,48.0,47.0,46.0,46.0,45.0,44.0,43.0,42.0,41.0,41.0,41.0,41.0,41.0,41.0,41.0,40.0,40.0
real,120,gulf,0,LSTM-ms,2,buffer,14,456,19,0.30309461058026477,13.0,13.0,12.0,11.0,10.0,10.0,9.0,9.0,8.0,6.0,6.0,6.0,6.0,6.0,6.0,6.0,6.0,6.0,6.0,6.0
real,120,gulf,0,LSTM-ms,2,crossing,0,75,68,0.10813592060431623,67.0,66.0,65.0,64.0,64.0,64.0,63.0,62.0,62.0,61.0,60.0,59.0,59.0,58.0,58.0,57.0,57.0,57.0,56.0,54.0
real,120,gulf,0,LSTM-ms,2,crossing,1,87,164,0.3125995606778419,162.0,161.0,160.0,159.0,158.0,158.0,157.0,156.0,156.0,155.0,155.0,154.0,153.0,153.0,152.0,152.0,152.0,152.0,152.0,151.0
real,120,gulf,0,LSTM-ms,2,crossing,2,109,123,0.37733481003734004,122.0,121.0,120.0,119.0,118.0,118.0,117.0,116.0,116.0,115.0,114.0,114.0,113.0,113.0,112.0,111.0,111.0,110.0,110.0,109.0
real,120,gulf,0,LSTM-ms,2,crossing,3,136,245,0.1979402878047138,244.0,242.0,240.0,239.0,238.0,237.0,237.0,236.0,235.0,234.0,234.0,233.0,233.0,232.0,232.0,231.0,231.0,231.0,230.0,230.0
real,120,gulf,0,LSTM-ms,2,crossing,4,139,24,0.33459641832524767,23.0,23.0,21.0,21.0,20.0,20.0,19.0,18.0,17.0,17.0,17.0,16.0,15.0,15.0,14.0,14.0,13.0,12.0,12.0,11.0
real,120,gulf,0,LSTM-ms,2,crossing,5,164,290,0.11435204809915876,38.0,37.0,37.0,36.0,36.0,35.0,35.0,35.0,34.0,34.0,30.0,30.0,30.0,30.0,30.0,29.0,29.0,29.0,28.0,28.0
real,120,gulf,0,LSTM-ms,2,crossing,6,166,133,0.12044946645204532,132.0,130.0,129.0,128.0,127.0,126.0,125.0,125.0,124.0,123.0,123.0,122.0,122.0,122.0,121.0,121.0,121.0,120.0,120.0,120.0
real,120,gulf,0,LSTM-ms,2,crossing,7,227,549,0.22637321104434646,548.0,547.0,547.0,546.0,545.0,544.0,543.0,542.0,542.0,540.0,540.0,539.0,538.0,537.0,537.0,536.0,536.0,535.0,534.0,533.0
real,120,gulf,0,LSTM-ms,2,crossing,8,357,554,0.1321232639001816,554.0,552.0,552.0,551.0,550.0,550.0,549.0,549.0,549.0,548.0,548.0,547.0,547.0,547.0,547.0,546.0,546.0,546.0,546.0,546.0
real,120,gulf,0,LSTM-ms,2,crossing,9,367,371,0.21704541069124283,371.0,370.0,369.0,368.0,367.0,366.0,366.0,365.0,364.0,364.0,363.0,363.0,363.0,362.0,361.0,360.0,360.0,359.0,358.0,358.0
real,120,gulf,0,LSTM-ms,2,crossing,10,375,255,0.17455658585875658,254.0,253.0,252.0,251.0,251.0,250.0,250.0,249.0,248.0,248.0,247.0,245.0,245.0,245.0,244.0,244.0,244.0,244.0,244.0,244.0
real,120,gulf,0,LSTM-ms,2,crossing,11,376,216,0.03198659236147096,215.0,214.0,213.0,212.0,211.0,210.0,209.0,208.0,207.0,206.0,205.0,205.0,204.0,203.0,202.0,202.0,201.0,200.0,199.0,199.0
real,120,gulf,0,LSTM-ms,2,crossing,12,379,371,0.23424985300536183,370.0,369.0,368.0,367.0,367.0,366.0,365.0,365.0,364.0,363.0,363.0,362.0,361.0,361.0,360.0,360.0,359.0,359.0,358.0,358.0
real,120,gulf,0,LSTM-ms,2,crossing,13,400,56,0.37144524573062565,55.0,54.0,53.0,52.0,51.0,51.0,50.0,49.0,49.0,48.0,47.0,47.0,46.0,46.0,45.0,43.0,43.0,42.0,41.0,41.0
real,120,gulf,0,LSTM-ms,2,crossing,14,456,19,0.30309461058026477,18.0,17.0,16.0,15.0,15.0,14.0,13.0,13.0,12.0,11.0,10.0,10.0,10.0,9.0,9.0,6.0,6.0,6.0,6.0,6.0
real,120,gulf,0,LSTM-rec,3,buffer,0,75,68,0.10813592060431623,6.0,6.0,6.0,6.0,6.0,6.0,6.0,6.0,6.0,6.0,6.0,6.0,6.0,6.0,6.0,6.0,6.0,6.0,6.0,6.0
real,120,gulf,0,LSTM-rec,3,buffer,1,87,164,0.3125995606778419,157.0,156.0,155.0,154.0,154.0,153.0,152.0,152.0,152.0,151.0,151.0,150.0,149.0,148.0,147.0,147.0,146.0,144.0,143.0,141.0
real,120,gulf,0,LSTM-rec,3,buffer,2,109,123,0.37733481003734004,118.0,117.0,116.0,115.0,114.0,113.0,113.0,112.0,111.0,111.0,110.0,109.0,109.0,108.0,107.0,107.0,106.0,106.0,105.0,105.0
real,120,gulf,0,LSTM-rec,3,buffer,3,136,245,0.1979402878047138,237.0,236.0,235.0,234.0,233.0,232.0,231.0,231.0,230.0,230.0,229.0,229.0,228.0,227.0,226.0,225.0,223.0,222.0,221.0,220.0
real,120,gulf,0,LSTM-rec,3,buffer,4,139,24,0.33459641832524767,18.0,18.0,17.0,16.0,15.0,14.0,14.0,13.0,12.0,11.0,9.0,9.0,7.0,7.0,6.0,6.0,6.0,6.0,6.0,6.0
real,120,gulf,0,LSTM-rec,3,buffer,5,164,290,0.11435204809915876,30.0,29.0,28.0,27.0,26.0,25.0,24.0,22.0,21.0,20.0,19.0,17.0,17.0,17.0,17.0,15.0,15.0,15.0,15.0,15.0
real,120,gulf,0,LSTM-rec,3,buffer,6,166,133,0.12044946645204532,126.0,125.0,124.0,123.0,122.0,121.0,121.0,120.0,120.0,120.0,120.0,119.0,118.0,118.0,113.0,111.0,110.0,110.0,109.0,108.0
real,120,gulf,0,LSTM-rec,3,buffer,7,227,549,0.22637321104434646,542.0,541.0,540.0,539.0,537.0,536.0,535.0,534.0,533.0,532.0,531.0,530.0,529.0,528.0,527.0,525.0,524.0,523.0,522.0,521.0
real,120,gulf,0,LSTM-rec,3,buffer,8,357,554,0.1321232639001816,549.0,548.0,548.0,547.0,546.0,546.0,546.0,546.0,546.0,541.0,541.0,541.0,541.0,541.0,541.0,541.0,541.0,541.0,541.0,541.0
real,120,gulf,0,LSTM-rec,3,buffer,9,367,371,0.21704541069124283,364.0,363.0,362.0,362.0,360.0,360.0,359.0,358.0,357.0,356.0,356.0,355.0,354.0,354.0,353.0,176.0,175.0,175.0,174.0,173.0
real,120,gulf,0,LSTM-rec,3,buffer,10,375,255,0.17455658585875658,249.0,248.0,247.0,246.0,246.0,244.0,244.0,244.0,244.0,244.0,244.0,244.0,244.0,244.0,232.0,232.0,232.0,232.0,231.0,231.0
real,120,gulf,0,LSTM-rec,3,buffer,11,376,216,0.03198659236147096,209.0,208.0,206.0,206.0,205.0,204.0,203.0,202.0,201.0,200.0,199.0,198.0,198.0,197.0,197.0,196.0,196.0,196.0,196.0,195.0
real,120,gulf,0,LSTM-rec,3,buffer,12,379,371,0.23424985300536183,365.0,364.0,363.0,362.0,361.0,360.0,360.0,359.0,358.0,357.0,357.0,357.0,356.0,355.0,354.0,351.0,351.0,176.0,175.0,175.0
real,120,gulf,0,LSTM-rec,3,buffer,13,400,56,0.37144524573062565,50.0,49.0,48.0,48.0,47.0,46.0,45.0,44.0,43.0,42.0,41.0,41.0,41.0,41.0,40.0,40.0,40.0,40.0,40.0,39.0
real,120,gulf,0,LSTM-rec,3,buffer,14,456,19,0.30309461058026477,13.0,12.0,12.0,11.0,10.0,9.0,8.0,7.0,6.0,6.0,6.0,6.0,6.0,6.0,6.0,6.0,6.0,6.0,6.0,6.0
real,120,gulf,0,LSTM-rec,3,crossing,0,75,68,0.10813592060431623,67.0,66.0,65.0,64.0,63.0,62.0,61.0,60.0,59.0,58.0,58.0,57.0,56.0,53.0,53.0,52.0,52.0,52.0,52.0,50.0
real,120,gulf,0,LSTM-rec,3,crossing,1,87,164,0.3125995606778419,162.0,161.0,160.0,159.0,158.0,157.0,156.0,155.0,154.0,154.0,153.0,153.0,152.0,152.0,152.0,151.0,151.0,150.0,149.0,148.0
real,120,gulf,0,LSTM-rec,3,crossing,2,109,123,0.37733481003734004,122.0,121.0,120.0,119.0,119.0,118.0,117.0,116.0,116.0,115.0,114.0,114.0,113.0,112.0,112.0,111.0,111.0,110.0,109.0,109.0
real,120,gulf,0,LSTM-rec,3,crossing,3,136,245,0.1979402878047138,244.0,242.0,241.0,239.0,238.0,237.0,236.0,236.0,235.0,234.0,233.0,232.0,232.0,231.0,231.0,230.0,230.0,229.0,228.0,228.0
real,120,gulf,0,LSTM-rec,3,crossing,4,139,24,0.33459641832524767,23.0,22.0,21.0,20.0,19.0,18.0,17.0,17.0,16.0,15.0,15.0,14.0,13.0,12.0,11.0,11.0,9.0,9.0,7.0,6.0
real,120,gulf,0,LSTM-rec,3,crossing,5,164,290,0.11435204809915876,289.0,37.0,36.0,36.0,35.0,35.0,34.0,30.0,30.0,30.0,29.0,28.0,28.0,26.0,25.0,23.0,21.0,20.0,19.0,18.0
real,120,gulf,0,LSTM-rec,3,crossing,6,166,133,0.12044946645204532,132.0,130.0,129.0,128.0,127.0,126.0,125.0,124.0,123.0,122.0,122.0,121.0,121.0,120.0,120.0,120.0,120.0,120.0,119.0,118.0
real,120,gulf,0,LSTM-rec,3,crossing,7,227,549,0.22637321104434646,548.0,547.0,546.0,546.0,545.0,544.0,542.0,541.0,540.0,539.0,538.0,537.0,536.0,535.0,533.0,532.0,532.0,530.0,530.0,528.0
real,120,gulf,0,LSTM-rec,3,crossing,8,357,554,0.1321232639001816,554.0,553.0,552.0,551.0,550.0,549.0,549.0,549.0,548.0,548.0,547.0,547.0,546.0,546.0,546.0,546.0,546.0,546.0,541.0,541.0
real,120,gulf,0,LSTM-rec,3,crossing,9,367,371,0.21704541069124283,371.0,370.0,369.0,368.0,367.0,366.0,365.0,365.0,364.0,363.0,363.0,362.0,362.0,360.0,360.0,359.0,357.0,357.0,357.0,356.0
real,120,gulf,0,LSTM-rec,3,crossing,10,375,255,0.17455658585875658,254.0,253.0,252.0,251.0,250.0,249.0,248.0,247.0,246.0,246.0,244.0,244.0,244.0,244.0,244.0,244.0,244.0,244.0,244.0,244.0
real,120,gulf,0,LSTM-rec,3,crossing,11,376,216,0.03198659236147096,215.0,214.0,213.0,212.0,211.0,210.0,209.0,208.0,206.0,206.0,205.0,204.0,203.0,202.0,201.0,201.0,200.0,199.0,198.0,197.0
real,120,gulf,0,LSTM-rec,3,crossing,12,379,371,0.23424985300536183,370.0,369.0,368.0,367.0,367.0,366.0,365.0,364.0,364.0,363.0,362.0,362.0,361.0,360.0,360.0,359.0,358.0,357.0,357.0,357.0
real,120,gulf,0,LSTM-rec,3,crossing,13,400,56,0.37144524573062565,55.0,54.0,53.0,52.0,51.0,50.0,49.0,48.0,48.0,47.0,46.0,45.0,44.0,43.0,43.0,42.0,41.0,41.0,41.0,41.0
real,120,gulf,0,LSTM-rec,3,crossing,14,456,19,0.30309461058026477,18.0,17.0,16.0,15.0,14.0,13.0,12.0,11.0,10.0,10.0,9.0,8.0,6.0,6.0,6.0,6.0,6.0,6.0,6.0,6.0
real,120,gulf,0,LSTM-ms,3,buffer,0,75,68,0.10813592060431623,6.0,6.0,6.0,6.0,6.0,6.0,6.0,6.0,6.0,6.0,6.0,6.0,6.0,6.0,6.0,6.0,6.0,6.0,6.0,6.0
real,120,gulf,0,LSTM-ms,3,buffer,1,87,164,0.3125995606778419,157.0,156.0,155.0,155.0,154.0,153.0,153.0,152.0,152.0,152.0,151.0,151.0,150.0,150.0,149.0,148.0,148.0,147.0,147.0,147.0
real,120,gulf,0,LSTM-ms,3,buffer,2,109,123,0.37733481003734004,118.0,117.0,116.0,115.0,114.0,114.0,113.0,112.0,112.0,111.0,110.0,109.0,109.0,108.0,107.0,107.0,106.0,106.0,106.0,105.0
real,120,gulf,0,LSTM-ms,3,buffer,3,136,245,0.1979402878047138,237.0,236.0,235.0,234.0,233.0,232.0,232.0,231.0,231.0,230.0,230.0,230.0,229.0,229.0,228.0,228.0,227.0,226.0,226.0,225.0
real,120,gulf,0,LSTM-ms,3,buffer,4,139,24,0.33459641832524767,18.0,18.0,17.0,16.0,15.0,15.0,14.0,13.0,12.0,12.0,11.0,9.0,9.0,7.0,7.0,6.0,6.0,6.0,6.0,6.0
real,120,gulf,0,LSTM-ms,3,buffer,5,164,290,0.11435204809915876,30.0,29.0,28.0,28.0,27.0,26.0,25.0,24.0,23.0,22.0,21.0,20.0,19.0,18.0,17.0,17.0,17.0,17.0,17.0,17.0
real,120,gulf,0,LSTM-ms,3,buffer,6,166,133,0.12044946645204532,126.0,125.0,124.0,123.0,122.0,122.0,121.0,121.0,121.0,120.0,120.0,120.0,120.0,119.0,119.0,118.0,118.0,111.0,111.0,111.0
real,120,gulf,0,LSTM-ms,3,buffer,7,227,549,0.22637321104434646,542.0,541.0,540.0,539.0,538.0,537.0,536.0,535.0,534.0,533.0,532.0,532.0,531.0,530.0,529.0,528.0,527.0,526.0,525.0,524.0
real,120,gulf,0,LSTM-ms,3,buffer,8,357,554,0.1321232639001816,549.0,548.0,548.0,547.0,547.0,546.0,546.0,546.0,546.0,546.0,545.0,545.0,541.0,541.0,541.0,541.0,541.0,541.0,541.0,541.0
real,120,gulf,0,LSTM-ms,3,buffer,9,367,371,0.21704541069124283,364.0,363.0,362.0,362.0,361.0,360.0,359.0,358.0,357.0,357.0,356.0,355.0,354.0,354.0,354.0,353.0,176.0,175.0,175.0,174.0
real,120,gulf,0,LSTM-ms,3,buffer,10,375,255,0.17455658585875658,249.0,248.0,247.0,247.0,246.0,245.0,245.0,245.0,244.0,244.0,244.0,244.0,244.0,244.0,244.0,232.0,232.0,232.0,232.0,231.0
real,120,gulf,0,LSTM-ms,3,buffer,11,376,216,0.03198659236147096,209.0,208.0,207.0,206.0,205.0,204.0,203.0,202.0,201.0,200.0,199.0,198.0,198.0,197.0,197.0,197.0,196.0,196.0,196.0,196.0
real,120,gulf,0,LSTM-ms,3,buffer,12,379,371,0.23424985300536183,365.0,364.0,363.0,362.0,361.0,360.0,360.0,359.0,358.0,357.0,357.0,357.0,356.0,355.0,352.0,352.0,352.0,351.0,176.0,176.0
real,120,gulf,0,LSTM-ms,3,buffer,13,400,56,0.37144524573062565,50.0,49.0,48.0,48.0,47.0,46.0,45.0,44.0,43.0,42.0,42.0,42.0,41.0,41.0,41.0,41.0,40.0,40.0,40.0,40.0
real,120,gulf,0,LSTM-ms,3,buffer,14,456,19,0.30309461058026477,13.0,12.0,12.0,11.0,10.0,9.0,8.0,7.0,6.0,6.0,6.0,6.0,6.0,6.0,6.0,6.0,6.0,6.0,6.0,6.0
real,120,gulf,0,LSTM-ms,3,crossing,0,75,68,0.10813592060431623,67.0,66.0,65.0,64.0,64.0,63.0,62.0,62.0,60.0,59.0,59.0,58.0,58.0,57.0,57.0,56.0,54.0,53.0,53.0,53.0
real,120,gulf,0,LSTM-ms,3,crossing,1,87,164,0.3125995606778419,162.0,161.0,160.0,159.0,158.0,157.0,156.0,155.0,155.0,154.0,154.0,153.0,153.0,152.0,152.0,152.0,152.0,151.0,151.0,151.0
real,120,gulf,0,LSTM-ms,3,crossing,2,109,123,0.37733481003734004,122.0,121.0,120.0,120.0,119.0,118.0,117.0,116.0,116.0,115.0,114.0,114.0,113.0,113.0,112.0,111.0,111.0,110.0,109.0,109.0
real,120,gulf,0,LSTM-ms,3,crossing,3,136,245,0.1979402878047138,244.0,242.0,241.0,239.0,238.0,237.0,236.0,236.0,235.0,234.0,233.0,233.0,232.0,232.0,231.0,231.0,231.0,230.0,230.0,230.0
real,120,gulf,0,LSTM-ms,3,crossing,4,139,24,0.33459641832524767,23.0,22.0,21.0,20.0,19.0,18.0,17.0,17.0,16.0,16.0,15.0,15.0,14.0,13.0,12.0,12.0,11.0,9.0,9.0,7.0
real,120,gulf,0,LSTM-ms,3,crossing,5,164,290,0.11435204809915876,38.0,37.0,36.0,36.0,35.0,35.0,35.0,34.0,33.0,30.0,30.0,30.0,30.0,29.0,29.0,28.0,28.0,27.0,26.0,26.0
real,120,gulf,0,LSTM-ms,3,crossing,6,166,133,0.12044946645204532,132.0,130.0,129.0,128.0,127.0,126.0,125.0,124.0,123.0,123.0,122.0,122.0,122.0,121.0,121.0,121.0,121.0,120.0,120.0,120.0
real,120,gulf,0,LSTM-ms,3,crossing,7,227,549,0.22637321104434646,548.0,547.0,547.0,546.0,545.0,544.0,543.0,542.0,541.0,540.0,539.0,538.0,537.0,536.0,536.0,535.0,534.0,533.0,532.0,532.0
real,120,gulf,0,LSTM-ms,3,crossing,8,357,554,0.1321232639001816,554.0,553.0,552.0,551.0,550.0,550.0,549.0,549.0,548.0,548.0,548.0,547.0,547.0,547.0,547.0,546.0,546.0,546.0,546.0,546.0
real,120,gulf,0,LSTM-ms,3,crossing,9,367,371,0.21704541069124283,371.0,370.0,369.0,368.0,367.0,366.0,365.0,365.0,364.0,363.0,363.0,362.0,362.0,361.0,360.0,360.0,359.0,357.0,357.0,357.0
real,120,gulf,0,LSTM-ms,3,crossing,10,375,255,0.17455658585875658,253.0,252.0,251.0,250.0,250.0,249.0,248.0,247.0,247.0,246.0,246.0,245.0,245.0,245.0,245.0,244.0,244.0,244.0,244.0,244.0
real,120,gulf,0,LSTM-ms,3,crossing,11,376,216,0.03198659236147096,215.0,214.0,213.0,212.0,211.0,210.0,209.0,208.0,207.0,206.0,205.0,204.0,203.0,202.0,202.0,201.0,200.0,199.0,198.0,198.0
real,120,gulf,0,LSTM-ms,3,crossing,12,379,371,0.23424985300536183,370.0,369.0,368.0,367.0,367.0,366.0,365.0,364.0,364.0,363.0,362.0,362.0,361.0,360.0,360.0,359.0,358.0,358.0,357.0,357.0
real,120,gulf,0,LSTM-ms,3,crossing,13,400,56,0.37144524573062565,55.0,54.0,53.0,52.0,51.0,50.0,49.0,48.0,48.0,47.0,46.0,45.0,44.0,43.0,43.0,42.0,42.0,42.0,41.0,41.0
real,120,gulf,0,LSTM-ms,3,crossing,14,456,19,0.30309461058026477,18.0,17.0,16.0,15.0,14.0,13.0,12.0,11.0,11.0,10.0,9.0,8.0,7.0,6.0,6.0,6.0,6.0,6.0,6.0,6.0
real,120,gulf,0,LSTM-rec,4,buffer,0,75,68,0.10813592060431623,6.0,6.0,6.0,6.0,6.0,6.0,6.0,6.0,6.0,6.0,6.0,6.0,6.0,6.0,6.0,6.0,6.0,6.0,6.0,6.0
real,120,gulf,0,LSTM-rec,4,buffer,1,87,164,0.3125995606778419,157.0,156.0,156.0,155.0,154.0,154.0,153.0,153.0,153.0,153.0,152.0,152.0,152.0,152.0,152.0,152.0,152.0,152.0,152.0,152.0
real,120,gulf,0,LSTM-rec,4,buffer,2,109,123,0.37733481003734004,118.0,117.0,116.0,115.0,115.0,114.0,114.0,113.0,113.0,112.0,112.0,112.0,112.0,111.0,111.0,111.0,111.0,110.0,110.0,110.0
real,120,gulf,0,LSTM-rec,4,buffer,3,136,245,0.1979402878047138,237.0,236.0,235.0,234.0,234.0,233.0,233.0,232.0,232.0,231.0,231.0,231.0,231.0,231.0,231.0,231.0,231.0,231.0,231.0,231.0
real,120,gulf,0,LSTM-rec,4,buffer,4,139,24,0.33459641832524767,18.0,18.0,17.0,17.0,16.0,16.0,15.0,15.0,14.0,14.0,14.0,14.0,13.0,13.0,13.0,13.0,13.0,12.0,12.0,12.0
real,120,gulf,0,LSTM-rec,4,buffer,5,164,290,0.11435204809915876,30.0,29.0,29.0,28.0,28.0,27.0,27.0,26.0,26.0,26.0,26.0,26.0,26.0,26.0,26.0,26.0,26.0,26.0,26.0,26.0
real,120,gulf,0,LSTM-rec,4,buffer,6,166,133,0.12044946645204532,126.0,125.0,124.0,123.0,123.0,122.0,122.0,121.0,121.0,121.0,121.0,121.0,121.0,120.0,120.0,120.0,120.0,120.0,120.0,120.0
real,120,gulf,0,LSTM-rec,4,buffer,7,227,549,0.22637321104434646,542.0,541.0,540.0,539.0,539.0,538.0,538.0,537.0,537.0,536.0,536.0,536.0,535.0,535.0,535.0,535.0,535.0,535.0,535.0,535.0
real,120,gulf,0,LSTM-rec,4,buffer,8,357,554,0.1321232639001816,549.0,548.0,548.0,547.0,547.0,546.0,546.0,546.0,546.0,546.0,546.0,546.0,546.0,546.0,546.0,546.0,546.0,546.0,546.0,546.0
real,120,gulf,0,LSTM-rec,4,buffer,9,367,371,0.21704541069124283,364.0,363.0,363.0,362.0,362.0,361.0,360.0,360.0,359.0,359.0,359.0,358.0,357.0,357.0,357.0,357.0,357.0,357.0,357.0,357.0
real,120,gulf,0,LSTM-rec,4,buffer,10,375,255,0.17455658585875658,249.0,248.0,248.0,247.0,246.0,246.0,245.0,244.0,244.0,244.0,244.0,244.0,244.0,244.0,244.0,244.0,244.0,244.0,244.0,244.0
real,120,gulf,0,LSTM-rec,4,buffer,11,376,216,0.03198659236147096,209.0,208.0,207.0,206.0,205.0,205.0,204.0,204.0,203.0,203.0,202.0,202.0,202.0,202.0,201.0,201.0,201.0,201.0,201.0,201.0
real,120,gulf,0,LSTM-rec,4,buffer,12,379,371,0.23424985300536183,365.0,364.0,363.0,363.0,362.0,361.0,361.0,360.0,360.0,360.0,359.0,359.0,359.0,358.0,358.0,358.0,357.0,357.0,357.0,357.0
real,120,gulf,0,LSTM-rec,4,buffer,13,400,56,0.37144524573062565,50.0,49.0,49.0,48.0,47.0,47.0,46.0,46.0,45.0,45.0,44.0,44.0,43.0,43.0,42.0,42.0,41.0,41.0,41.0,41.0
real,120,gulf,0,LSTM-rec,4,buffer,14,456,19,0.30309461058026477,13.0,13.0,12.0,11.0,10.0,10.0,10.0,9.0,9.0,6.0,6.0,6.0,6.0,6.0,6.0,6.0,6.0,6.0,6.0,6.0
real,120,gulf,0,LSTM-rec,4,crossing,0,75,68,0.10813592060431623,67.0,66.0,65.0,64.0,64.0,64.0,64.0,63.0,63.0,63.0,63.0,62.0,62.0,62.0,62.0,62.0,62.0,62.0,62.0,62.0
real,120,gulf,0,LSTM-rec,4,crossing,1,87,164,0.3125995606778419,163.0,161.0,160.0,159.0,159.0,158.0,157.0,157.0,157.0,156.0,156.0,155.0,155.0,155.0,154.0,154.0,154.0,154.0,154.0,154.0
real,120,gulf,0,LSTM-rec,4,crossing,2,109,123,0.37733481003734004,122.0,121.0,120.0,120.0,119.0,118.0,118.0,117.0,117.0,116.0,116.0,116.0,116.0,115.0,115.0,115.0,115.0,114.0,114.0,114.0
real,120,gulf,0,LSTM-rec,4,crossing,3,136,245,0.1979402878047138,244.0,243.0,241.0,240.0,239.0,238.0,238.0,237.0,237.0,236.0,236.0,236.0,235.0,235.0,235.0,235.0,234.0,234.0,234.0,234.0
real,120,gulf,0,LSTM-rec,4,crossing,4,139,24,0.33459641832524767,23.0,22.0,21.0,20.0,19.0,19.0,18.0,18.0,18.0,17.0,17.0,17.0,17.0,17.0,17.0,16.0,16.0,16.0,16.0,16.0
real,120,gulf,0,LSTM-rec,4,crossing,5,164,290,0.11435204809915876,289.0,37.0,37.0,36.0,36.0,36.0,35.0,35.0,35.0,35.0,35.0,35.0,35.0,34.0,34.0,34.0,34.0,34.0,34.0,34.0
real,120,gulf,0,LSTM-rec,4,crossing,6,166,133,0.12044946645204532,132.0,131.0,129.0,129.0,128.0,127.0,127.0,126.0,126.0,125.0,125.0,124.0,124.0,124.0,123.0,123.0,123.0,123.0,123.0,123.0
real,120,gulf,0,LSTM-rec,4,crossing,7,227,549,0.22637321104434646,548.0,548.0,547.0,546.0,546.0,545.0,545.0,544.0,544.0,544.0,543.0,543.0,542.0,542.0,542.0,542.0,542.0,542.0,542.0,542.0
real,120,gulf,0,LSTM-rec,4,crossing,8,357,554,0.1321232639001816,554.0,553.0,552.0,551.0,550.0,550.0,550.0,549.0,549.0,549.0,548.0,548.0,548.0,548.0,548.0,548.0,548.0,547.0,547.0,547.0
real,120,gulf,0,LSTM-rec,4,crossing,9,367,371,0.21704541069124283,371.0,370.0,369.0,368.0,368.0,367.0,366.0,366.0,366.0,365.0,365.0,365.0,365.0,364.0,364.0,364.0,363.0,363.0,363.0,363.0
real,120,gulf,0,LSTM-rec,4,crossing,10,375,255,0.17455658585875658,254.0,253.0,252.0,251.0,250.0,250.0,249.0,249.0,248.0,248.0,247.0,247.0,247.0,247.0,246.0,246.0,246.0,245.0,245.0,244.0
real,120,gulf,0,LSTM-rec,4,crossing,11,376,216,0.03198659236147096,215.0,214.0,213.0,213.0,212.0,211.0,211.0,210.0,209.0,209.0,209.0,208.0,208.0,207.0,207.0,207.0,206.0,206.0,206.0,206.0
real,120,gulf,0,LSTM-rec,4,crossing,12,379,371,0.23424985300536183,370.0,369.0,368.0,368.0,367.0,367.0,366.0,366.0,365.0,365.0,364.0,364.0,364.0,364.0,364.0,364.0,363.0,363.0,363.0,363.0
real,120,gulf,0,LSTM-rec,4,crossing,13,400,56,0.37144524573062565,55.0,54.0,53.0,52.0,52.0,51.0,50.0,50.0,49.0,49.0,49.0,48.0,48.0,48.0,48.0,47.0,47.0,47.0,47.0,47.0
real,120,gulf,0,LSTM-rec,4,crossing,14,456,19,0.30309461058026477,18.0,17.0,16.0,15.0,15.0,14.0,13.0,13.0,12.0,12.0,11.0,11.0,11.0,10.0,10.0,10.0,10.0,10.0,10.0,10.0
real,120,gulf,0,LSTM-ms,4,buffer,0,75,68,0.10813592060431623,6.0,6.0,6.0,6.0,6.0,6.0,6.0,6.0,6.0,6.0,6.0,6.0,6.0,6.0,6.0,6.0,6.0,6.0,6.0,6.0
real,120,gulf,0,LSTM-ms,4,buffer,1,87,164,0.3125995606778419,157.0,156.0,155.0,155.0,154.0,153.0,153.0,152.0,152.0,152.0,151.0,151.0,151.0,150.0,150.0,149.0,149.0,149.0,148.0,148.0
real,120,gulf,0,LSTM-ms,4,buffer,2,109,123,0.37733481003734004,118.0,117.0,116.0,115.0,114.0,114.0,113.0,112.0,112.0,111.0,110.0,110.0,109.0,109.0,108.0,107.0,107.0,107.0,106.0,106.0
real,120,gulf,0,LSTM-ms,4,buffer,3,136,245,0.1979402878047138,237.0,236.0,235.0,234.0,233.0,233.0,232.0,232.0,231.0,231.0,230.0,230.0,230.0,229.0,229.0,229.0,228.0,228.0,228.0,228.0
real,120,gulf,0,LSTM-ms,4,buffer,4,139,24,0.33459641832524767,18.0,18.0,17.0,16.0,16.0,15.0,14.0,14.0,13.0,12.0,11.0,11.0,9.0,9.0,8.0,7.0,7.0,6.0,6.0,6.0
real,120,gulf,0,LSTM-ms,4,buffer,5,164,290,0.11435204809915876,30.0,29.0,28.0,28.0,27.0,26.0,26.0,25.0,24.0,23.0,22.0,22.0,21.0,21.0,20.0,20.0,19.0,18.0,18.0,17.0
real,120,gulf,0,LSTM-ms,4,buffer,6,166,133,0.12044946645204532,126.0,125.0,124.0,123.0,122.0,122.0,121.0,121.0,121.0,120.0,120.0,120.0,120.0,120.0,120.0,120.0,119.0,119.0,118.0,118.0
real,120,gulf,0,LSTM-ms,4,buffer,7,227,549,0.22637321104434646,542.0,541.0,540.0,539.0,538.0,537.0,536.0,535.0,534.0,534.0,533.0,532.0,532.0,531.0,530.0,530.0,529.0,528.0,527.0,527.0
real,120,gulf,0,LSTM-ms,4,buffer,8,357,554,0.1321232639001816,549.0,548.0,547.0,547.0,547.0,546.0,546.0,546.0,546.0,546.0,546.0,546.0,546.0,546.0,543.0,541.0,541.0,541.0,541.0,541.0
real,120,gulf,0,LSTM-ms,4,buffer,9,367,371,0.21704541069124283,364.0,363.0,363.0,362.0,361.0,360.0,360.0,359.0,358.0,357.0,357.0,357.0,356.0,356.0,355.0,355.0,354.0,354.0,354.0,353.0
real,120,gulf,0,LSTM-ms,4,buffer,10,375,255,0.17455658585875658,249.0,248.0,247.0,247.0,246.0,245.0,245.0,245.0,244.0,244.0,244.0,244.0,244.0,244.0,244.0,244.0,244.0,232.0,232.0,232.0
real,120,gulf,0,LSTM-ms,4,buffer,11,376,216,0.03198659236147096,209.0,208.0,207.0,206.0,205.0,204.0,204.0,203.0,202.0,201.0,201.0,200.0,199.0,199.0,198.0,198.0,198.0,197.0,197.0,196.0
real,120,gulf,0,LSTM-ms,4,buffer,12,379,371,0.23424985300536183,365.0,364.0,363.0,362.0,361.0,361.0,360.0,359.0,359.0,358.0,357.0,357.0,357.0,357.0,356.0,355.0,354.0,352.0,352.0,351.0
real,120,gulf,0,LSTM-ms,4,buffer,13,400,56,0.37144524573062565,50.0,49.0,48.0,48.0,47.0,46.0,45.0,44.0,44.0,43.0,43.0,42.0,41.0,41.0,41.0,41.0,41.0,40.0,40.0,40.0
real,120,gulf,0,LSTM-ms,4,buffer,14,456,19,0.30309461058026477,13.0,13.0,12.0,11.0,10.0,10.0,9.0,8.0,7.0,6.0,6.0,6.0,6.0,6.0,6.0,6.0,6.0,6.0,6.0,6.0
real,120,gulf,0,LSTM-ms,4,crossing,0,75,68,0.10813592060431623,67.0,66.0,65.0,64.0,64.0,64.0,64.0,63.0,63.0,62.0,62.0,61.0,61.0,60.0,59.0,59.0,59.0,59.0,58.0,58.0
real,120,gulf,0,LSTM-ms,4,crossing,1,87,164,0.3125995606778419,162.0,161.0,160.0,159.0,158.0,157.0,157.0,156.0,155.0,155.0,154.0,154.0,153.0,153.0,153.0,152.0,152.0,152.0,152.0,152.0
real,120,gulf,0,LSTM-ms,4,crossing,2,109,123,0.37733481003734004,122.0,121.0,120.0,119.0,119.0,118.0,117.0,116.0,116.0,115.0,114.0,114.0,113.0,113.0,112.0,112.0,112.0,111.0,110.0,110.0
real,120,gulf,0,LSTM-ms,4,crossing,3,136,245,0.1979402878047138,244.0,242.0,241.0,240.0,239.0,238.0,237.0,236.0,236.0,235.0,234.0,234.0,233.0,233.0,232.0,232.0,232.0,231.0,231.0,231.0
real,120,gulf,0,LSTM-ms,4,crossing,4,139,24,0.33459641832524767,23.0,22.0,21.0,20.0,19.0,18.0,18.0,17.0,17.0,16.0,16.0,15.0,15.0,14.0,14.0,13.0,13.0,12.0,12.0,11.0
real,120,gulf,0,LSTM-ms,4,crossing,5,164,290,0.11435204809915876,38.0,37.0,36.0,36.0,36.0,35.0,35.0,34.0,34.0,34.0,30.0,30.0,30.0,30.0,30.0,30.0,29.0,29.0,29.0,28.0
real,120,gulf,0,LSTM-ms,4,crossing,6,166,133,0.12044946645204532,132.0,130.0,129.0,128.0,127.0,127.0,126.0,125.0,124.0,123.0,123.0,122.0,122.0,122.0,121.0,121.0,121.0,121.0,121.0,121.0
real,120,gulf,0,LSTM-ms,4,crossing,7,227,549,0.22637321104434646,548.0,547.0,547.0,546.0,545.0,544.0,543.0,542.0,541.0,540.0,539.0,539.0,538.0,537.0,537.0,536.0,536.0,535.0,534.0,534.0
real,120,gulf,0,LSTM-ms,4,crossing,8,357,554,0.1321232639001816,554.0,553.0,552.0,551.0,550.0,549.0,549.0,549.0,548.0,548.0,547.0,547.0,547.0,547.0,547.0,547.0,547.0,547.0,546.0,546.0
real,120,gulf,0,LSTM-ms,4,crossing,9,367,371,0.21704541069124283,371.0,370.0,369.0,368.0,367.0,367.0,366.0,365.0,365.0,364.0,363.0,363.0,363.0,362.0,362.0,362.0,362.0,360.0,360.0,360.0
real,120,gulf,0,LSTM-ms,4,crossing,10,375,255,0.17455658585875658,254.0,253.0,252.0,251.0,250.0,249.0,248.0,248.0,247.0,247.0,246.0,246.0,245.0,245.0,245.0,245.0,245.0,244.0,244.0,244.0
real,120,gulf,0,LSTM-ms,4,crossing,11,376,216,0.03198659236147096,215.0,214.0,213.0,212.0,212.0,211.0,210.0,209.0,208.0,207.0,206.0,206.0,205.0,204.0,204.0,203.0,203.0,202.0,202.0,201.0
real,120,gulf,0,LSTM-ms,4,crossing,12,379,371,0.23424985300536183,370.0,369.0,368.0,367.0,367.0,366.0,365.0,365.0,364.0,364.0,363.0,363.0,362.0,361.0,361.0,360.0,360.0,360.0,359.0,359.0
real,120,gulf,0,LSTM-ms,4,crossing,13,400,56,0.37144524573062565,55.0,54.0,53.0,52.0,51.0,50.0,50.0,49.0,48.0,47.0,47.0,46.0,45.0,45.0,44.0,44.0,43.0,43.0,42.0,42.0
real,120,gulf,0,LSTM-ms,4,crossing,14,456,19,0.30309461058026477,18.0,17.0,16.0,15.0,14.0,13.0,12.0,12.0,11.0,10.0,10.0,10.0,8.0,8.0,7.0,6.0,6.0,6.0,6.0,6.0
real,120,gulf,1,Reactive,0,zone,0,108,643,0.17375165477961377,639.0,639.0,639.0,639.0,639.0,639.0,639.0,639.0,639.0,639.0,639.0,639.0,639.0,639.0,639.0,639.0,639.0,639.0,639.0,639.0
real,120,gulf,1,Reactive,0,zone,1,130,42,0.20450084727072745,15.0,15.0,15.0,15.0,15.0,15.0,15.0,15.0,15.0,15.0,15.0,15.0,15.0,15.0,15.0,15.0,15.0,15.0,15.0,15.0
real,120,gulf,1,Reactive,0,zone,2,137,12,0.19419904224971726,0.0,0.0,0.0,0.0,0.0,0.0,0.0,0.0,0.0,0.0,0.0,0.0,0.0,0.0,0.0,0.0,0.0,0.0,0.0,0.0
real,120,gulf,1,Reactive,0,zone,3,147,124,0.2053431284600307,113.0,113.0,113.0,113.0,113.0,113.0,113.0,113.0,113.0,113.0,113.0,113.0,113.0,113.0,113.0,113.0,113.0,113.0,113.0,113.0
real,120,gulf,1,Reactive,0,zone,4,165,160,0.3190166233021603,155.0,155.0,155.0,155.0,155.0,155.0,155.0,155.0,155.0,155.0,155.0,155.0,155.0,155.0,155.0,155.0,155.0,155.0,155.0,155.0
real,120,gulf,1,Reactive,0,zone,5,269,158,0.21900977637985358,145.0,145.0,145.0,145.0,145.0,145.0,145.0,145.0,145.0,145.0,145.0,145.0,145.0,145.0,145.0,145.0,145.0,145.0,145.0,145.0
real,120,gulf,1,Reactive,0,zone,6,303,37,0.3499775849024656,33.0,33.0,33.0,33.0,33.0,33.0,33.0,33.0,33.0,33.0,33.0,33.0,33.0,33.0,33.0,33.0,33.0,33.0,33.0,33.0
real,120,gulf,1,Reactive,0,zone,7,326,15,0.20009587734251266,9.0,9.0,9.0,9.0,9.0,9.0,9.0,9.0,9.0,9.0,9.0,9.0,9.0,9.0,9.0,9.0,9.0,9.0,9.0,9.0
real,120,gulf,1,Reactive,0,zone,8,354,270,0.17575151528531305,266.0,266.0,266.0,266.0,266.0,266.0,266.0,266.0,266.0,266.0,266.0,266.0,266.0,266.0,266.0,266.0,266.0,266.0,266.0,266.0
real,120,gulf,1,Reactive,0,zone,9,365,429,0.3146077415982834,423.0,423.0,423.0,423.0,423.0,423.0,423.0,423.0,423.0,423.0,423.0,423.0,423.0,423.0,423.0,423.0,423.0,423.0,423.0,423.0
real,120,gulf,1,Reactive,0,zone,10,488,39,0.35063041344242324,34.0,34.0,34.0,34.0,34.0,34.0,34.0,34.0,34.0,34.0,34.0,34.0,34.0,34.0,34.0,34.0,34.0,34.0,34.0,34.0
real,120,gulf,1,Analytic,0,buffer,0,108,643,0.17375165477961377,638.0,637.0,636.0,635.0,634.0,633.0,632.0,631.0,630.0,629.0,628.0,627.0,626.0,625.0,624.0,622.0,621.0,620.0,619.0,618.0
real,120,gulf,1,Analytic,0,buffer,1,130,42,0.20450084727072745,14.0,14.0,13.0,13.0,13.0,13.0,12.0,12.0,12.0,12.0,12.0,12.0,12.0,12.0,12.0,12.0,12.0,12.0,12.0,12.0
real,120,gulf,1,Analytic,0,buffer,2,137,12,0.19419904224971726,6.0,6.0,6.0,6.0,6.0,6.0,6.0,6.0,6.0,6.0,6.0,6.0,6.0,6.0,6.0,6.0,6.0,6.0,6.0,6.0
real,120,gulf,1,Analytic,0,buffer,3,147,124,0.2053431284600307,112.0,111.0,110.0,108.0,107.0,105.0,104.0,103.0,102.0,101.0,100.0,99.0,98.0,96.0,95.0,94.0,93.0,92.0,91.0,91.0
real,120,gulf,1,Analytic,0,buffer,4,165,160,0.3190166233021603,154.0,153.0,153.0,152.0,152.0,151.0,151.0,151.0,145.0,144.0,143.0,142.0,141.0,140.0,139.0,137.0,137.0,136.0,135.0,134.0
real,120,gulf,1,Analytic,0,buffer,5,269,158,0.21900977637985358,144.0,143.0,142.0,141.0,140.0,139.0,138.0,137.0,136.0,135.0,134.0,133.0,132.0,131.0,130.0,129.0,128.0,127.0,126.0,125.0
real,120,gulf,1,Analytic,0,buffer,6,303,37,0.3499775849024656,32.0,31.0,29.0,28.0,27.0,26.0,25.0,24.0,23.0,23.0,22.0,21.0,20.0,19.0,18.0,17.0,16.0,15.0,14.0,13.0
real,120,gulf,1,Analytic,0,buffer,7,326,15,0.20009587734251266,9.0,8.0,6.0,6.0,6.0,6.0,6.0,6.0,6.0,6.0,6.0,6.0,6.0,6.0,6.0,6.0,6.0,6.0,6.0,6.0
real,120,gulf,1,Analytic,0,buffer,8,354,270,0.17575151528531305,265.0,264.0,262.0,261.0,260.0,259.0,259.0,258.0,257.0,256.0,255.0,255.0,254.0,253.0,252.0,251.0,250.0,249.0,248.0,247.0
real,120,gulf,1,Analytic,0,buffer,9,365,429,0.3146077415982834,422.0,421.0,420.0,419.0,418.0,417.0,416.0,415.0,414.0,412.0,411.0,410.0,410.0,410.0,409.0,409.0,409.0,408.0,408.0,408.0
real,120,gulf,1,Analytic,0,buffer,10,488,39,0.35063041344242324,33.0,32.0,31.0,30.0,29.0,28.0,27.0,26.0,25.0,24.0,24.0,23.0,22.0,21.0,20.0,20.0,19.0,19.0,19.0,19.0
real,120,gulf,1,Analytic,0,crossing,0,108,643,0.17375165477961377,642.0,641.0,640.0,639.0,638.0,637.0,636.0,635.0,634.0,633.0,632.0,631.0,630.0,629.0,628.0,627.0,626.0,625.0,624.0,622.0
real,120,gulf,1,Analytic,0,crossing,1,130,42,0.20450084727072745,41.0,40.0,39.0,38.0,37.0,36.0,35.0,34.0,33.0,32.0,31.0,30.0,29.0,28.0,27.0,25.0,21.0,21.0,15.0,15.0
real,120,gulf,1,Analytic,0,crossing,2,137,12,0.19419904224971726,11.0,10.0,9.0,8.0,7.0,6.0,6.0,6.0,6.0,6.0,6.0,6.0,6.0,6.0,6.0,6.0,6.0,6.0,6.0,6.0
real,120,gulf,1,Analytic,0,crossing,3,147,124,0.2053431284600307,122.0,121.0,120.0,120.0,119.0,118.0,117.0,117.0,116.0,116.0,115.0,114.0,113.0,112.0,111.0,110.0,107.0,103.0,102.0,101.0
real,120,gulf,1,Analytic,0,crossing,4,165,160,0.3190166233021603,159.0,158.0,157.0,156.0,155.0,154.0,153.0,153.0,152.0,152.0,152.0,151.0,151.0,144.0,143.0,142.0,141.0,141.0,140.0,139.0
real,120,gulf,1,Analytic,0,crossing,5,269,158,0.21900977637985358,157.0,156.0,155.0,154.0,153.0,152.0,151.0,150.0,149.0,148.0,147.0,146.0,145.0,144.0,143.0,142.0,141.0,140.0,139.0,139.0
real,120,gulf,1,Analytic,0,crossing,6,303,37,0.3499775849024656,36.0,35.0,34.0,33.0,32.0,31.0,30.0,29.0,28.0,27.0,26.0,25.0,24.0,23.0,22.0,21.0,20.0,19.0,18.0,18.0
real,120,gulf,1,Analytic,0,crossing,7,326,15,0.20009587734251266,14.0,14.0,13.0,13.0,12.0,12.0,12.0,12.0,11.0,11.0,11.0,11.0,11.0,11.0,10.0,10.0,10.0,10.0,10.0,10.0
real,120,gulf,1,Analytic,0,crossing,8,354,270,0.17575151528531305,269.0,269.0,267.0,266.0,265.0,264.0,263.0,262.0,261.0,260.0,259.0,258.0,257.0,257.0,256.0,255.0,254.0,253.0,252.0,252.0
real,120,gulf,1,Analytic,0,crossing,9,365,429,0.3146077415982834,428.0,427.0,426.0,425.0,424.0,423.0,422.0,421.0,420.0,420.0,419.0,418.0,417.0,416.0,414.0,413.0,412.0,411.0,410.0,410.0
real,120,gulf,1,Analytic,0,crossing,10,488,39,0.35063041344242324,38.0,37.0,36.0,35.0,34.0,33.0,32.0,31.0,30.0,29.0,28.0,27.0,26.0,25.0,24.0,24.0,23.0,22.0,22.0,20.0
real,120,gulf,1,ConstVel,0,buffer,0,108,643,0.17375165477961377,638.0,637.0,636.0,635.0,634.0,633.0,631.0,631.0,629.0,629.0,628.0,627.0,626.0,625.0,624.0,622.0,621.0,621.0,619.0,618.0
real,120,gulf,1,ConstVel,0,buffer,1,130,42,0.20450084727072745,14.0,12.0,12.0,12.0,12.0,11.0,11.0,11.0,11.0,11.0,11.0,11.0,11.0,11.0,11.0,11.0,11.0,11.0,11.0,11.0
real,120,gulf,1,ConstVel,0,buffer,2,137,12,0.19419904224971726,6.0,6.0,6.0,6.0,6.0,6.0,6.0,6.0,6.0,6.0,6.0,6.0,6.0,6.0,6.0,6.0,6.0,6.0,6.0,6.0
real,120,gulf,1,ConstVel,0,buffer,3,147,124,0.2053431284600307,112.0,110.0,110.0,108.0,107.0,107.0,105.0,103.0,102.0,101.0,99.0,99.0,97.0,96.0,96.0,94.0,94.0,92.0,90.0,90.0
real,120,gulf,1,ConstVel,0,buffer,4,165,160,0.3190166233021603,154.0,153.0,152.0,151.0,150.0,150.0,149.0,149.0,149.0,144.0,142.0,142.0,141.0,140.0,139.0,137.0,137.0,134.0,133.0,133.0
real,120,gulf,1,ConstVel,0,buffer,5,269,158,0.21900977637985358,144.0,143.0,142.0,141.0,140.0,139.0,138.0,138.0,136.0,135.0,134.0,133.0,132.0,131.0,130.0,129.0,128.0,128.0,126.0,125.0
real,120,gulf,1,ConstVel,0,buffer,6,303,37,0.3499775849024656,32.0,31.0,30.0,29.0,27.0,26.0,25.0,24.0,23.0,22.0,21.0,21.0,20.0,19.0,18.0,17.0,16.0,15.0,14.0,13.0
real,120,gulf,1,ConstVel,0,buffer,7,326,15,0.20009587734251266,8.0,8.0,8.0,8.0,7.0,6.0,6.0,6.0,6.0,6.0,6.0,6.0,6.0,6.0,6.0,6.0,6.0,6.0,6.0,6.0
real,120,gulf,1,ConstVel,0,buffer,8,354,270,0.17575151528531305,265.0,264.0,263.0,262.0,260.0,259.0,258.0,257.0,256.0,256.0,255.0,254.0,253.0,252.0,252.0,251.0,250.0,249.0,248.0,247.0
real,120,gulf,1,ConstVel,0,buffer,9,365,429,0.3146077415982834,422.0,421.0,420.0,419.0,418.0,417.0,416.0,415.0,414.0,412.0,412.0,410.0,409.0,408.0,407.0,407.0,406.0,406.0,406.0,406.0
real,120,gulf,1,ConstVel,0,buffer,10,488,39,0.35063041344242324,33.0,32.0,31.0,30.0,29.0,28.0,27.0,26.0,25.0,24.0,23.0,22.0,22.0,21.0,21.0,19.0,19.0,16.0,16.0,16.0
real,120,gulf,1,ConstVel,0,crossing,0,108,643,0.17375165477961377,642.0,641.0,640.0,639.0,638.0,637.0,636.0,635.0,634.0,633.0,631.0,631.0,629.0,629.0,628.0,627.0,626.0,625.0,624.0,622.0
real,120,gulf,1,ConstVel,0,crossing,1,130,42,0.20450084727072745,41.0,40.0,39.0,38.0,37.0,36.0,35.0,34.0,33.0,32.0,31.0,30.0,14.0,14.0,14.0,12.0,12.0,12.0,12.0,12.0
real,120,gulf,1,ConstVel,0,crossing,2,137,12,0.19419904224971726,11.0,10.0,9.0,8.0,7.0,6.0,6.0,6.0,6.0,6.0,6.0,6.0,6.0,6.0,6.0,6.0,6.0,6.0,6.0,6.0
real,120,gulf,1,ConstVel,0,crossing,3,147,124,0.2053431284600307,123.0,121.0,120.0,119.0,118.0,117.0,117.0,116.0,116.0,115.0,115.0,113.0,113.0,112.0,110.0,110.0,108.0,107.0,102.0,101.0
real,120,gulf,1,ConstVel,0,crossing,4,165,160,0.3190166233021603,159.0,158.0,157.0,156.0,155.0,154.0,153.0,151.0,151.0,150.0,150.0,149.0,149.0,144.0,143.0,142.0,141.0,141.0,140.0,138.0
real,120,gulf,1,ConstVel,0,crossing,5,269,158,0.21900977637985358,157.0,156.0,155.0,154.0,153.0,152.0,151.0,150.0,149.0,148.0,147.0,146.0,145.0,144.0,143.0,142.0,141.0,140.0,139.0,138.0
real,120,gulf,1,ConstVel,0,crossing,6,303,37,0.3499775849024656,36.0,35.0,34.0,33.0,32.0,31.0,30.0,29.0,28.0,27.0,26.0,25.0,24.0,23.0,22.0,21.0,20.0,19.0,18.0,18.0
real,120,gulf,1,ConstVel,0,crossing,7,326,15,0.20009587734251266,14.0,13.0,12.0,12.0,11.0,11.0,11.0,10.0,10.0,10.0,9.0,9.0,9.0,9.0,9.0,9.0,9.0,9.0,9.0,9.0
real,120,gulf,1,ConstVel,0,crossing,8,354,270,0.17575151528531305,269.0,269.0,268.0,267.0,265.0,264.0,263.0,262.0,261.0,259.0,259.0,258.0,257.0,256.0,256.0,255.0,254.0,253.0,252.0,252.0
real,120,gulf,1,ConstVel,0,crossing,9,365,429,0.3146077415982834,428.0,427.0,426.0,425.0,424.0,423.0,422.0,421.0,420.0,419.0,418.0,418.0,417.0,416.0,415.0,414.0,412.0,412.0,410.0,408.0
real,120,gulf,1,ConstVel,0,crossing,10,488,39,0.35063041344242324,38.0,37.0,36.0,35.0,34.0,33.0,32.0,31.0,30.0,29.0,28.0,27.0,26.0,25.0,24.0,23.0,22.0,22.0,21.0,21.0
real,120,gulf,1,Kalman,0,buffer,0,108,643,0.17375165477961377,638.0,637.0,636.0,635.0,634.0,633.0,632.0,631.0,630.0,629.0,628.0,627.0,626.0,625.0,624.0,622.0,621.0,620.0,619.0,618.0
real,120,gulf,1,Kalman,0,buffer,1,130,42,0.20450084727072745,14.0,13.0,12.0,12.0,12.0,12.0,12.0,11.0,11.0,11.0,11.0,11.0,11.0,11.0,11.0,11.0,11.0,11.0,11.0,11.0
real,120,gulf,1,Kalman,0,buffer,2,137,12,0.19419904224971726,6.0,6.0,6.0,6.0,6.0,6.0,6.0,6.0,6.0,6.0,6.0,6.0,6.0,6.0,6.0,6.0,6.0,6.0,6.0,6.0
real,120,gulf,1,Kalman,0,buffer,3,147,124,0.2053431284600307,112.0,110.0,110.0,108.0,107.0,106.0,104.0,103.0,102.0,101.0,99.0,99.0,97.0,96.0,96.0,94.0,93.0,92.0,91.0,90.0
real,120,gulf,1,Kalman,0,buffer,4,165,160,0.3190166233021603,154.0,153.0,152.0,151.0,151.0,150.0,150.0,150.0,145.0,144.0,142.0,142.0,141.0,140.0,139.0,138.0,137.0,135.0,134.0,134.0
real,120,gulf,1,Kalman,0,buffer,5,269,158,0.21900977637985358,144.0,143.0,142.0,141.0,140.0,139.0,138.0,137.0,136.0,135.0,134.0,133.0,132.0,131.0,130.0,129.0,128.0,128.0,126.0,125.0
real,120,gulf,1,Kalman,0,buffer,6,303,37,0.3499775849024656,32.0,31.0,30.0,29.0,27.0,26.0,25.0,24.0,23.0,22.0,21.0,21.0,20.0,19.0,18.0,17.0,16.0,15.0,14.0,13.0
real,120,gulf,1,Kalman,0,buffer,7,326,15,0.20009587734251266,8.0,8.0,8.0,8.0,6.0,6.0,6.0,6.0,6.0,6.0,6.0,6.0,6.0,6.0,6.0,6.0,6.0,6.0,6.0,6.0
real,120,gulf,1,Kalman,0,buffer,8,354,270,0.17575151528531305,265.0,264.0,263.0,262.0,260.0,259.0,258.0,258.0,257.0,256.0,255.0,254.0,253.0,253.0,252.0,251.0,250.0,249.0,248.0,247.0
real,120,gulf,1,Kalman,0,buffer,9,365,429,0.3146077415982834,422.0,421.0,420.0,419.0,418.0,417.0,416.0,415.0,414.0,413.0,412.0,410.0,409.0,408.0,408.0,407.0,407.0,407.0,407.0,407.0
real,120,gulf,1,Kalman,0,buffer,10,488,39,0.35063041344242324,33.0,32.0,31.0,30.0,29.0,28.0,27.0,26.0,25.0,24.0,23.0,22.0,22.0,21.0,20.0,19.0,19.0,17.0,17.0,17.0
real,120,gulf,1,Kalman,0,crossing,0,108,643,0.17375165477961377,642.0,641.0,640.0,639.0,638.0,637.0,636.0,635.0,634.0,633.0,632.0,631.0,630.0,629.0,628.0,627.0,626.0,625.0,624.0,622.0
real,120,gulf,1,Kalman,0,crossing,1,130,42,0.20450084727072745,41.0,40.0,39.0,38.0,37.0,36.0,35.0,34.0,33.0,32.0,31.0,30.0,28.0,28.0,14.0,14.0,14.0,14.0,14.0,14.0
real,120,gulf,1,Kalman,0,crossing,2,137,12,0.19419904224971726,11.0,10.0,9.0,8.0,7.0,6.0,6.0,6.0,6.0,6.0,6.0,6.0,6.0,6.0,6.0,6.0,6.0,6.0,6.0,6.0
real,120,gulf,1,Kalman,0,crossing,3,147,124,0.2053431284600307,123.0,121.0,120.0,119.0,118.0,118.0,117.0,117.0,116.0,115.0,115.0,114.0,113.0,111.0,110.0,110.0,108.0,107.0,102.0,101.0
real,120,gulf,1,Kalman,0,crossing,4,165,160,0.3190166233021603,159.0,158.0,157.0,156.0,155.0,154.0,153.0,152.0,151.0,151.0,150.0,150.0,150.0,144.0,143.0,142.0,141.0,141.0,140.0,138.0
real,120,gulf,1,Kalman,0,crossing,5,269,158,0.21900977637985358,157.0,156.0,155.0,154.0,153.0,152.0,151.0,150.0,149.0,148.0,147.0,146.0,145.0,144.0,143.0,142.0,141.0,140.0,139.0,139.0
real,120,gulf,1,Kalman,0,crossing,6,303,37,0.3499775849024656,36.0,35.0,34.0,33.0,32.0,31.0,30.0,29.0,28.0,27.0,26.0,25.0,24.0,23.0,22.0,21.0,20.0,19.0,18.0,17.0
real,120,gulf,1,Kalman,0,crossing,7,326,15,0.20009587734251266,14.0,13.0,13.0,12.0,12.0,11.0,11.0,11.0,10.0,10.0,10.0,10.0,10.0,9.0,9.0,9.0,9.0,9.0,9.0,9.0
real,120,gulf,1,Kalman,0,crossing,8,354,270,0.17575151528531305,269.0,269.0,268.0,267.0,265.0,264.0,263.0,262.0,261.0,259.0,259.0,258.0,257.0,256.0,256.0,255.0,254.0,253.0,252.0,252.0
real,120,gulf,1,Kalman,0,crossing,9,365,429,0.3146077415982834,428.0,427.0,426.0,425.0,424.0,423.0,422.0,421.0,420.0,419.0,418.0,418.0,417.0,416.0,415.0,414.0,412.0,411.0,410.0,409.0
real,120,gulf,1,Kalman,0,crossing,10,488,39,0.35063041344242324,38.0,37.0,36.0,35.0,34.0,33.0,32.0,31.0,30.0,29.0,28.0,27.0,26.0,25.0,24.0,23.0,22.0,22.0,22.0,21.0
real,120,gulf,1,LSTM-rec,0,buffer,0,108,643,0.17375165477961377,638.0,637.0,636.0,635.0,633.0,632.0,631.0,630.0,629.0,628.0,627.0,626.0,625.0,624.0,622.0,621.0,620.0,618.0,618.0,616.0
real,120,gulf,1,LSTM-rec,0,buffer,1,130,42,0.20450084727072745,14.0,12.0,12.0,11.0,11.0,6.0,6.0,6.0,6.0,6.0,6.0,6.0,6.0,6.0,6.0,6.0,6.0,6.0,6.0,6.0
real,120,gulf,1,LSTM-rec,0,buffer,2,137,12,0.19419904224971726,6.0,6.0,6.0,6.0,6.0,6.0,6.0,6.0,6.0,6.0,6.0,6.0,6.0,6.0,6.0,6.0,6.0,6.0,6.0,6.0
real,120,gulf,1,LSTM-rec,0,buffer,3,147,124,0.2053431284600307,111.0,110.0,109.0,107.0,106.0,103.0,101.0,99.0,98.0,96.0,94.0,92.0,90.0,89.0,88.0,86.0,83.0,82.0,76.0,75.0
real,120,gulf,1,LSTM-rec,0,buffer,4,165,160,0.3190166233021603,154.0,153.0,152.0,151.0,150.0,149.0,149.0,149.0,144.0,142.0,141.0,140.0,139.0,137.0,137.0,134.0,133.0,133.0,131.0,129.0
real,120,gulf,1,LSTM-rec,0,buffer,5,269,158,0.21900977637985358,144.0,143.0,142.0,140.0,138.0,137.0,135.0,133.0,131.0,129.0,126.0,124.0,122.0,119.0,117.0,114.0,111.0,108.0,106.0,103.0
real,120,gulf,1,LSTM-rec,0,buffer,6,303,37,0.3499775849024656,32.0,30.0,29.0,28.0,27.0,26.0,25.0,24.0,23.0,21.0,20.0,19.0,18.0,17.0,16.0,14.0,13.0,12.0,10.0,9.0
real,120,gulf,1,LSTM-rec,0,buffer,7,326,15,0.20009587734251266,8.0,8.0,6.0,6.0,6.0,6.0,6.0,6.0,6.0,6.0,6.0,6.0,6.0,6.0,6.0,6.0,6.0,6.0,6.0,6.0
real,120,gulf,1,LSTM-rec,0,buffer,8,354,270,0.17575151528531305,265.0,264.0,262.0,261.0,260.0,259.0,258.0,257.0,256.0,255.0,254.0,252.0,252.0,250.0,248.0,247.0,246.0,244.0,243.0,242.0
real,120,gulf,1,LSTM-rec,0,buffer,9,365,429,0.3146077415982834,421.0,420.0,419.0,418.0,417.0,415.0,414.0,412.0,411.0,409.0,407.0,406.0,406.0,406.0,406.0,406.0,405.0,386.0,385.0,383.0
real,120,gulf,1,LSTM-rec,0,buffer,10,488,39,0.35063041344242324,33.0,32.0,31.0,30.0,29.0,27.0,26.0,25.0,24.0,22.0,22.0,21.0,19.0,19.0,16.0,16.0,16.0,16.0,16.0,15.0
real,120,gulf,1,LSTM-rec,0,crossing,0,108,643,0.17375165477961377,642.0,641.0,640.0,639.0,638.0,637.0,635.0,635.0,633.0,632.0,631.0,630.0,629.0,628.0,627.0,625.0,624.0,624.0,621.0,621.0
real,120,gulf,1,LSTM-rec,0,crossing,1,130,42,0.20450084727072745,40.0,39.0,37.0,34.0,32.0,30.0,27.0,21.0,14.0,12.0,12.0,11.0,11.0,10.0,6.0,6.0,6.0,6.0,6.0,6.0
real,120,gulf,1,LSTM-rec,0,crossing,2,137,12,0.19419904224971726,11.0,10.0,8.0,7.0,6.0,6.0,6.0,6.0,6.0,6.0,6.0,6.0,6.0,6.0,6.0,6.0,6.0,6.0,6.0,6.0
real,120,gulf,1,LSTM-rec,0,crossing,3,147,124,0.2053431284600307,122.0,121.0,120.0,119.0,117.0,116.0,115.0,113.0,111.0,109.0,106.0,103.0,101.0,98.0,96.0,94.0,92.0,90.0,89.0,88.0
real,120,gulf,1,LSTM-rec,0,crossing,4,165,160,0.3190166233021603,159.0,158.0,157.0,156.0,154.0,154.0,152.0,151.0,150.0,149.0,149.0,144.0,143.0,142.0,141.0,140.0,138.0,137.0,137.0,133.0
real,120,gulf,1,LSTM-rec,0,crossing,5,269,158,0.21900977637985358,157.0,156.0,154.0,153.0,151.0,150.0,148.0,146.0,144.0,142.0,139.0,137.0,135.0,132.0,129.0,127.0,124.0,122.0,119.0,116.0
real,120,gulf,1,LSTM-rec,0,crossing,6,303,37,0.3499775849024656,36.0,35.0,34.0,33.0,32.0,31.0,30.0,28.0,27.0,26.0,25.0,24.0,22.0,21.0,20.0,19.0,18.0,16.0,15.0,14.0
real,120,gulf,1,LSTM-rec,0,crossing,7,326,15,0.20009587734251266,14.0,13.0,12.0,12.0,11.0,11.0,10.0,9.0,9.0,8.0,8.0,8.0,6.0,6.0,6.0,6.0,6.0,6.0,6.0,6.0
real,120,gulf,1,LSTM-rec,0,crossing,8,354,270,0.17575151528531305,269.0,268.0,267.0,266.0,265.0,263.0,262.0,261.0,259.0,258.0,257.0,256.0,255.0,254.0,253.0,252.0,250.0,249.0,248.0,246.0
real,120,gulf,1,LSTM-rec,0,crossing,9,365,429,0.3146077415982834,428.0,427.0,426.0,424.0,423.0,422.0,421.0,419.0,418.0,416.0,415.0,413.0,411.0,409.0,407.0,406.0,406.0,406.0,406.0,406.0
real,120,gulf,1,LSTM-rec,0,crossing,10,488,39,0.35063041344242324,38.0,37.0,36.0,35.0,34.0,32.0,31.0,30.0,29.0,27.0,26.0,25.0,24.0,22.0,22.0,21.0,19.0,16.0,16.0,16.0
real,120,gulf,1,LSTM-ms,0,buffer,0,108,643,0.17375165477961377,638.0,637.0,636.0,635.0,635.0,634.0,633.0,632.0,631.0,631.0,630.0,629.0,629.0,628.0,628.0,627.0,627.0,626.0,625.0,625.0
real,120,gulf,1,LSTM-ms,0,buffer,1,130,42,0.20450084727072745,14.0,14.0,12.0,12.0,12.0,11.0,11.0,11.0,11.0,11.0,11.0,11.0,11.0,11.0,11.0,11.0,11.0,11.0,11.0,11.0
real,120,gulf,1,LSTM-ms,0,buffer,2,137,12,0.19419904224971726,6.0,6.0,6.0,6.0,6.0,6.0,6.0,6.0,6.0,6.0,6.0,6.0,6.0,6.0,6.0,6.0,6.0,6.0,6.0,6.0
real,120,gulf,1,LSTM-ms,0,buffer,3,147,124,0.2053431284600307,112.0,111.0,110.0,109.0,108.0,107.0,107.0,106.0,105.0,103.0,102.0,102.0,101.0,101.0,100.0,99.0,99.0,98.0,97.0,97.0
real,120,gulf,1,LSTM-ms,0,buffer,4,165,160,0.3190166233021603,154.0,154.0,153.0,152.0,151.0,150.0,150.0,149.0,149.0,149.0,149.0,144.0,144.0,143.0,142.0,142.0,141.0,141.0,141.0,140.0
real,120,gulf,1,LSTM-ms,0,buffer,5,269,158,0.21900977637985358,144.0,144.0,143.0,142.0,141.0,141.0,140.0,139.0,138.0,138.0,137.0,136.0,136.0,135.0,134.0,134.0,133.0,132.0,132.0,132.0
real,120,gulf,1,LSTM-ms,0,buffer,6,303,37,0.3499775849024656,32.0,31.0,30.0,29.0,28.0,27.0,26.0,26.0,25.0,24.0,23.0,23.0,22.0,22.0,21.0,20.0,20.0,19.0,19.0,18.0
real,120,gulf,1,LSTM-ms,0,buffer,7,326,15,0.20009587734251266,8.0,8.0,8.0,8.0,8.0,8.0,8.0,6.0,6.0,6.0,6.0,6.0,6.0,6.0,6.0,6.0,6.0,6.0,6.0,6.0
real,120,gulf,1,LSTM-ms,0,buffer,8,354,270,0.17575151528531305,265.0,264.0,263.0,262.0,261.0,261.0,260.0,259.0,259.0,258.0,257.0,257.0,256.0,256.0,256.0,255.0,255.0,255.0,254.0,254.0
real,120,gulf,1,LSTM-ms,0,buffer,9,365,429,0.3146077415982834,422.0,421.0,420.0,419.0,418.0,417.0,417.0,416.0,415.0,414.0,414.0,413.0,412.0,412.0,411.0,410.0,409.0,408.0,408.0,408.0
real,120,gulf,1,LSTM-ms,0,buffer,10,488,39,0.35063041344242324,33.0,32.0,31.0,31.0,30.0,29.0,28.0,27.0,27.0,26.0,25.0,25.0,24.0,23.0,22.0,22.0,22.0,22.0,22.0,21.0
real,120,gulf,1,LSTM-ms,0,crossing,0,108,643,0.17375165477961377,642.0,641.0,640.0,639.0,638.0,638.0,637.0,636.0,635.0,635.0,635.0,633.0,633.0,632.0,631.0,631.0,631.0,630.0,629.0,629.0
real,120,gulf,1,LSTM-ms,0,crossing,1,130,42,0.20450084727072745,41.0,40.0,39.0,39.0,38.0,37.0,37.0,36.0,34.0,34.0,34.0,33.0,32.0,31.0,30.0,30.0,30.0,14.0,14.0,14.0
real,120,gulf,1,LSTM-ms,0,crossing,2,137,12,0.19419904224971726,11.0,10.0,10.0,9.0,8.0,7.0,7.0,6.0,6.0,6.0,6.0,6.0,6.0,6.0,6.0,6.0,6.0,6.0,6.0,6.0
real,120,gulf,1,LSTM-ms,0,crossing,3,147,124,0.2053431284600307,123.0,122.0,121.0,120.0,119.0,119.0,118.0,117.0,117.0,116.0,116.0,116.0,115.0,115.0,115.0,114.0,113.0,113.0,112.0,112.0
real,120,gulf,1,LSTM-ms,0,crossing,4,165,160,0.3190166233021603,159.0,158.0,157.0,156.0,156.0,155.0,154.0,154.0,152.0,152.0,151.0,151.0,150.0,150.0,149.0,149.0,149.0,149.0,149.0,144.0
real,120,gulf,1,LSTM-ms,0,crossing,5,269,158,0.21900977637985358,157.0,156.0,156.0,155.0,154.0,153.0,153.0,152.0,151.0,150.0,150.0,149.0,148.0,148.0,147.0,147.0,146.0,145.0,145.0,144.0
real,120,gulf,1,LSTM-ms,0,crossing,6,303,37,0.3499775849024656,36.0,35.0,35.0,34.0,33.0,32.0,31.0,31.0,30.0,29.0,28.0,28.0,27.0,26.0,25.0,25.0,24.0,24.0,23.0,23.0
real,120,gulf,1,LSTM-ms,0,crossing,7,326,15,0.20009587734251266,14.0,14.0,13.0,12.0,12.0,12.0,11.0,11.0,11.0,11.0,11.0,10.0,10.0,10.0,10.0,10.0,10.0,9.0,9.0,9.0
real,120,gulf,1,LSTM-ms,0,crossing,8,354,270,0.17575151528531305,270.0,269.0,268.0,267.0,267.0,265.0,265.0,264.0,263.0,262.0,262.0,261.0,260.0,260.0,259.0,259.0,258.0,258.0,257.0,257.0
real,120,gulf,1,LSTM-ms,0,crossing,9,365,429,0.3146077415982834,428.0,427.0,426.0,426.0,425.0,424.0,423.0,422.0,421.0,421.0,420.0,420.0,419.0,418.0,418.0,417.0,416.0,416.0,415.0,414.0
real,120,gulf,1,LSTM-ms,0,crossing,10,488,39,0.35063041344242324,38.0,37.0,36.0,35.0,35.0,34.0,33.0,32.0,31.0,31.0,30.0,30.0,29.0,28.0,27.0,27.0,26.0,26.0,25.0,25.0
real,120,gulf,1,LSTM-rec,1,buffer,0,108,643,0.17375165477961377,638.0,637.0,636.0,635.0,634.0,632.0,631.0,630.0,629.0,628.0,627.0,626.0,625.0,624.0,622.0,621.0,620.0,619.0,618.0,617.0
real,120,gulf,1,LSTM-rec,1,buffer,1,130,42,0.20450084727072745,14.0,12.0,12.0,11.0,11.0,10.0,6.0,6.0,6.0,6.0,6.0,6.0,6.0,6.0,6.0,6.0,6.0,6.0,6.0,6.0
real,120,gulf,1,LSTM-rec,1,buffer,2,137,12,0.19419904224971726,6.0,6.0,6.0,6.0,6.0,6.0,6.0,6.0,6.0,6.0,6.0,6.0,6.0,6.0,6.0,6.0,6.0,6.0,6.0,6.0
real,120,gulf,1,LSTM-rec,1,buffer,3,147,124,0.2053431284600307,111.0,110.0,109.0,107.0,106.0,103.0,101.0,100.0,98.0,96.0,94.0,92.0,90.0,89.0,88.0,87.0,85.0,82.0,80.0,76.0
real,120,gulf,1,LSTM-rec,1,buffer,4,165,160,0.3190166233021603,154.0,153.0,152.0,151.0,150.0,149.0,149.0,149.0,144.0,143.0,142.0,141.0,140.0,137.0,137.0,137.0,133.0,133.0,133.0,131.0
real,120,gulf,1,LSTM-rec,1,buffer,5,269,158,0.21900977637985358,144.0,143.0,142.0,140.0,139.0,137.0,135.0,133.0,131.0,129.0,127.0,125.0,123.0,120.0,118.0,115.0,113.0,110.0,107.0,105.0
real,120,gulf,1,LSTM-rec,1,buffer,6,303,37,0.3499775849024656,32.0,31.0,29.0,28.0,27.0,26.0,25.0,24.0,23.0,21.0,20.0,19.0,18.0,17.0,16.0,14.0,13.0,12.0,10.0,9.0
real,120,gulf,1,LSTM-rec,1,buffer,7,326,15,0.20009587734251266,8.0,8.0,6.0,6.0,6.0,6.0,6.0,6.0,6.0,6.0,6.0,6.0,6.0,6.0,6.0,6.0,6.0,6.0,6.0,6.0
real,120,gulf,1,LSTM-rec,1,buffer,8,354,270,0.17575151528531305,265.0,264.0,262.0,261.0,260.0,259.0,258.0,257.0,256.0,256.0,255.0,254.0,252.0,252.0,250.0,250.0,248.0,247.0,246.0,244.0
real,120,gulf,1,LSTM-rec,1,buffer,9,365,429,0.3146077415982834,421.0,420.0,419.0,418.0,417.0,416.0,414.0,413.0,411.0,410.0,408.0,406.0,406.0,406.0,406.0,406.0,406.0,387.0,385.0,384.0
real,120,gulf,1,LSTM-rec,1,buffer,10,488,39,0.35063041344242324,33.0,32.0,31.0,30.0,29.0,27.0,26.0,25.0,24.0,23.0,22.0,21.0,21.0,19.0,16.0,16.0,16.0,16.0,16.0,15.0
real,120,gulf,1,LSTM-rec,1,crossing,0,108,643,0.17375165477961377,642.0,641.0,640.0,639.0,638.0,637.0,635.0,635.0,633.0,632.0,631.0,630.0,629.0,628.0,627.0,626.0,625.0,624.0,622.0,621.0
real,120,gulf,1,LSTM-rec,1,crossing,1,130,42,0.20450084727072745,40.0,39.0,37.0,35.0,32.0,30.0,27.0,14.0,14.0,12.0,12.0,11.0,11.0,11.0,10.0,6.0,6.0,6.0,6.0,6.0
real,120,gulf,1,LSTM-rec,1,crossing,2,137,12,0.19419904224971726,11.0,10.0,8.0,7.0,6.0,6.0,6.0,6.0,6.0,6.0,6.0,6.0,6.0,6.0,6.0,6.0,6.0,6.0,6.0,6.0
real,120,gulf,1,LSTM-rec,1,crossing,3,147,124,0.2053431284600307,122.0,121.0,120.0,119.0,117.0,116.0,115.0,113.0,111.0,110.0,107.0,103.0,101.0,99.0,97.0,95.0,93.0,91.0,89.0,88.0
real,120,gulf,1,LSTM-rec,1,crossing,4,165,160,0.3190166233021603,159.0,158.0,157.0,156.0,154.0,154.0,152.0,151.0,150.0,150.0,149.0,149.0,144.0,143.0,142.0,140.0,140.0,137.0,137.0,133.0
real,120,gulf,1,LSTM-rec,1,crossing,5,269,158,0.21900977637985358,157.0,156.0,154.0,153.0,151.0,150.0,148.0,146.0,144.0,142.0,140.0,138.0,135.0,133.0,131.0,128.0,126.0,123.0,121.0,118.0
real,120,gulf,1,LSTM-rec,1,crossing,6,303,37,0.3499775849024656,36.0,35.0,34.0,33.0,32.0,31.0,30.0,29.0,27.0,26.0,25.0,24.0,22.0,21.0,20.0,19.0,18.0,16.0,15.0,14.0
real,120,gulf,1,LSTM-rec,1,crossing,7,326,15,0.20009587734251266,14.0,13.0,12.0,12.0,11.0,11.0,10.0,10.0,9.0,9.0,8.0,8.0,6.0,6.0,6.0,6.0,6.0,6.0,6.0,6.0
real,120,gulf,1,LSTM-rec,1,crossing,8,354,270,0.17575151528531305,269.0,269.0,267.0,267.0,265.0,264.0,263.0,262.0,260.0,259.0,258.0,257.0,256.0,256.0,255.0,254.0,252.0,252.0,250.0,250.0
real,120,gulf,1,LSTM-rec,1,crossing,9,365,429,0.3146077415982834,428.0,427.0,426.0,425.0,423.0,422.0,421.0,420.0,418.0,417.0,415.0,414.0,412.0,411.0,409.0,406.0,406.0,406.0,406.0,406.0
real,120,gulf,1,LSTM-rec,1,crossing,10,488,39,0.35063041344242324,38.0,37.0,36.0,35.0,34.0,32.0,31.0,30.0,29.0,28.0,27.0,25.0,24.0,23.0,22.0,21.0,21.0,19.0,16.0,16.0
real,120,gulf,1,LSTM-ms,1,buffer,0,108,643,0.17375165477961377,638.0,637.0,636.0,635.0,634.0,633.0,632.0,631.0,631.0,630.0,629.0,629.0,628.0,627.0,627.0,626.0,625.0,624.0,624.0,623.0
real,120,gulf,1,LSTM-ms,1,buffer,1,130,42,0.20450084727072745,14.0,14.0,12.0,12.0,12.0,11.0,11.0,11.0,11.0,11.0,11.0,11.0,11.0,11.0,11.0,11.0,11.0,11.0,11.0,11.0
real,120,gulf,1,LSTM-ms,1,buffer,2,137,12,0.19419904224971726,6.0,6.0,6.0,6.0,6.0,6.0,6.0,6.0,6.0,6.0,6.0,6.0,6.0,6.0,6.0,6.0,6.0,6.0,6.0,6.0
real,120,gulf,1,LSTM-ms,1,buffer,3,147,124,0.2053431284600307,112.0,111.0,110.0,109.0,108.0,107.0,107.0,106.0,106.0,104.0,103.0,102.0,102.0,101.0,101.0,101.0,100.0,99.0,99.0,99.0
real,120,gulf,1,LSTM-ms,1,buffer,4,165,160,0.3190166233021603,154.0,153.0,152.0,152.0,151.0,151.0,150.0,150.0,149.0,149.0,144.0,144.0,143.0,142.0,142.0,141.0,141.0,140.0,140.0,139.0
real,120,gulf,1,LSTM-ms,1,buffer,5,269,158,0.21900977637985358,144.0,144.0,143.0,142.0,141.0,141.0,140.0,139.0,139.0,138.0,138.0,138.0,137.0,136.0,136.0,135.0,135.0,135.0,134.0,134.0
real,120,gulf,1,LSTM-ms,1,buffer,6,303,37,0.3499775849024656,32.0,31.0,30.0,29.0,27.0,26.0,26.0,25.0,24.0,23.0,22.0,22.0,21.0,20.0,19.0,19.0,18.0,18.0,17.0,16.0
real,120,gulf,1,LSTM-ms,1,buffer,7,326,15,0.20009587734251266,8.0,8.0,8.0,8.0,8.0,8.0,8.0,8.0,8.0,8.0,8.0,8.0,8.0,8.0,8.0,8.0,8.0,8.0,8.0,8.0
real,120,gulf,1,LSTM-ms,1,buffer,8,354,270,0.17575151528531305,265.0,264.0,263.0,262.0,261.0,261.0,260.0,259.0,259.0,258.0,258.0,257.0,257.0,256.0,256.0,255.0,255.0,255.0,254.0,254.0
real,120,gulf,1,LSTM-ms,1,buffer,9,365,429,0.3146077415982834,422.0,421.0,420.0,419.0,418.0,417.0,416.0,416.0,415.0,414.0,414.0,413.0,412.0,411.0,411.0,410.0,410.0,409.0,409.0,408.0
real,120,gulf,1,LSTM-ms,1,buffer,10,488,39,0.35063041344242324,33.0,32.0,31.0,30.0,29.0,28.0,27.0,27.0,26.0,25.0,24.0,24.0,23.0,22.0,22.0,22.0,22.0,21.0,21.0,19.0
real,120,gulf,1,LSTM-ms,1,crossing,0,108,643,0.17375165477961377,642.0,641.0,640.0,639.0,638.0,637.0,636.0,636.0,635.0,634.0,633.0,633.0,632.0,631.0,630.0,630.0,629.0,628.0,628.0,627.0
real,120,gulf,1,LSTM-ms,1,crossing,1,130,42,0.20450084727072745,41.0,40.0,39.0,39.0,38.0,38.0,37.0,37.0,37.0,36.0,36.0,36.0,36.0,36.0,36.0,34.0,34.0,34.0,14.0,14.0
real,120,gulf,1,LSTM-ms,1,crossing,2,137,12,0.19419904224971726,11.0,10.0,10.0,9.0,8.0,7.0,7.0,6.0,6.0,6.0,6.0,6.0,6.0,6.0,6.0,6.0,6.0,6.0,6.0,6.0
real,120,gulf,1,LSTM-ms,1,crossing,3,147,124,0.2053431284600307,123.0,122.0,121.0,120.0,119.0,119.0,118.0,117.0,117.0,117.0,117.0,116.0,116.0,116.0,116.0,115.0,115.0,115.0,115.0,115.0
real,120,gulf,1,LSTM-ms,1,crossing,4,165,160,0.3190166233021603,159.0,158.0,157.0,156.0,155.0,154.0,154.0,153.0,152.0,152.0,151.0,151.0,151.0,150.0,150.0,150.0,150.0,144.0,144.0,143.0
real,120,gulf,1,LSTM-ms,1,crossing,5,269,158,0.21900977637985358,157.0,156.0,156.0,155.0,154.0,153.0,153.0,152.0,152.0,151.0,151.0,150.0,150.0,150.0,149.0,148.0,148.0,148.0,148.0,147.0
real,120,gulf,1,LSTM-ms,1,crossing,6,303,37,0.3499775849024656,36.0,35.0,34.0,33.0,32.0,31.0,31.0,30.0,29.0,28.0,27.0,26.0,25.0,25.0,24.0,23.0,22.0,22.0,21.0,20.0
real,120,gulf,1,LSTM-ms,1,crossing,7,326,15,0.20009587734251266,15.0,14.0,13.0,13.0,12.0,12.0,12.0,11.0,11.0,11.0,11.0,10.0,10.0,10.0,10.0,10.0,10.0,10.0,10.0,10.0
real,120,gulf,1,LSTM-ms,1,crossing,8,354,270,0.17575151528531305,270.0,269.0,268.0,267.0,267.0,265.0,265.0,264.0,263.0,262.0,262.0,261.0,260.0,260.0,259.0,259.0,258.0,258.0,257.0,257.0
real,120,gulf,1,LSTM-ms,1,crossing,9,365,429,0.3146077415982834,428.0,427.0,426.0,425.0,424.0,424.0,423.0,422.0,421.0,421.0,420.0,420.0,419.0,418.0,418.0,417.0,416.0,416.0,416.0,415.0
real,120,gulf,1,LSTM-ms,1,crossing,10,488,39,0.35063041344242324,38.0,37.0,36.0,35.0,34.0,33.0,32.0,31.0,31.0,30.0,29.0,28.0,28.0,27.0,26.0,26.0,25.0,24.0,24.0,23.0
real,120,gulf,1,LSTM-rec,2,buffer,0,108,643,0.17375165477961377,638.0,637.0,636.0,635.0,634.0,633.0,632.0,632.0,631.0,630.0,630.0,629.0,629.0,628.0,628.0,627.0,627.0,626.0,626.0,625.0
real,120,gulf,1,LSTM-rec,2,buffer,1,130,42,0.20450084727072745,14.0,14.0,12.0,12.0,12.0,12.0,11.0,11.0,11.0,11.0,11.0,11.0,11.0,11.0,11.0,11.0,11.0,11.0,11.0,11.0
real,120,gulf,1,LSTM-rec,2,buffer,2,137,12,0.19419904224971726,6.0,6.0,6.0,6.0,6.0,6.0,6.0,6.0,6.0,6.0,6.0,6.0,6.0,6.0,6.0,6.0,6.0,6.0,6.0,6.0
real,120,gulf,1,LSTM-rec,2,buffer,3,147,124,0.2053431284600307,112.0,111.0,110.0,109.0,108.0,107.0,107.0,106.0,105.0,104.0,103.0,102.0,102.0,101.0,101.0,101.0,100.0,99.0,99.0,99.0
real,120,gulf,1,LSTM-rec,2,buffer,4,165,160,0.3190166233021603,154.0,153.0,152.0,151.0,151.0,150.0,149.0,149.0,149.0,149.0,149.0,144.0,144.0,143.0,142.0,142.0,142.0,141.0,141.0,141.0
real,120,gulf,1,LSTM-rec,2,buffer,5,269,158,0.21900977637985358,144.0,144.0,143.0,142.0,141.0,140.0,140.0,139.0,138.0,138.0,138.0,137.0,136.0,136.0,135.0,135.0,135.0,134.0,134.0,134.0
real,120,gulf,1,LSTM-rec,2,buffer,6,303,37,0.3499775849024656,32.0,31.0,30.0,29.0,28.0,27.0,26.0,25.0,25.0,24.0,23.0,23.0,22.0,22.0,21.0,21.0,20.0,20.0,19.0,19.0
real,120,gulf,1,LSTM-rec,2,buffer,7,326,15,0.20009587734251266,8.0,8.0,8.0,8.0,8.0,8.0,6.0,6.0,6.0,6.0,6.0,6.0,6.0,6.0,6.0,6.0,6.0,6.0,6.0,6.0
real,120,gulf,1,LSTM-rec,2,buffer,8,354,270,0.17575151528531305,265.0,264.0,263.0,262.0,261.0,260.0,259.0,259.0,258.0,257.0,257.0,256.0,256.0,256.0,256.0,255.0,255.0,255.0,255.0,254.0
real,120,gulf,1,LSTM-rec,2,buffer,9,365,429,0.3146077415982834,422.0,421.0,420.0,419.0,418.0,417.0,417.0,416.0,415.0,415.0,414.0,413.0,413.0,412.0,412.0,411.0,407.0,407.0,406.0,406.0
real,120,gulf,1,LSTM-rec,2,buffer,10,488,39,0.35063041344242324,33.0,32.0,31.0,30.0,30.0,29.0,28.0,27.0,26.0,26.0,25.0,25.0,24.0,23.0,22.0,22.0,22.0,22.0,22.0,22.0
real,120,gulf,1,LSTM-rec,2,crossing,0,108,643,0.17375165477961377,642.0,641.0,640.0,639.0,638.0,637.0,637.0,636.0,635.0,635.0,634.0,633.0,633.0,632.0,631.0,631.0,631.0,630.0,630.0,629.0
real,120,gulf,1,LSTM-rec,2,crossing,1,130,42,0.20450084727072745,41.0,40.0,39.0,38.0,38.0,37.0,36.0,36.0,35.0,34.0,34.0,34.0,34.0,33.0,33.0,32.0,32.0,14.0,14.0,14.0
real,120,gulf,1,LSTM-rec,2,crossing,2,137,12,0.19419904224971726,11.0,10.0,9.0,8.0,8.0,7.0,6.0,6.0,6.0,6.0,6.0,6.0,6.0,6.0,6.0,6.0,6.0,6.0,6.0,6.0
real,120,gulf,1,LSTM-rec,2,crossing,3,147,124,0.2053431284600307,123.0,122.0,121.0,120.0,119.0,119.0,118.0,117.0,117.0,117.0,117.0,116.0,116.0,116.0,115.0,115.0,115.0,115.0,114.0,114.0
real,120,gulf,1,LSTM-rec,2,crossing,4,165,160,0.3190166233021603,159.0,158.0,157.0,156.0,155.0,154.0,154.0,153.0,152.0,151.0,150.0,150.0,150.0,149.0,149.0,149.0,149.0,149.0,149.0,149.0
real,120,gulf,1,LSTM-rec,2,crossing,5,269,158,0.21900977637985358,157.0,156.0,156.0,155.0,154.0,153.0,153.0,152.0,151.0,151.0,150.0,150.0,149.0,149.0,148.0,148.0,148.0,147.0,147.0,146.0
real,120,gulf,1,LSTM-rec,2,crossing,6,303,37,0.3499775849024656,36.0,35.0,34.0,34.0,33.0,32.0,31.0,30.0,30.0,29.0,28.0,27.0,27.0,26.0,26.0,25.0,25.0,24.0,24.0,23.0
real,120,gulf,1,LSTM-rec,2,crossing,7,326,15,0.20009587734251266,14.0,13.0,13.0,12.0,12.0,12.0,12.0,11.0,11.0,11.0,11.0,11.0,10.0,10.0,10.0,10.0,10.0,10.0,10.0,10.0
real,120,gulf,1,LSTM-rec,2,crossing,8,354,270,0.17575151528531305,269.0,269.0,268.0,267.0,267.0,265.0,264.0,263.0,263.0,262.0,261.0,261.0,260.0,259.0,259.0,259.0,258.0,257.0,257.0,257.0
real,120,gulf,1,LSTM-rec,2,crossing,9,365,429,0.3146077415982834,428.0,427.0,426.0,426.0,425.0,424.0,423.0,422.0,422.0,421.0,421.0,420.0,420.0,419.0,418.0,418.0,418.0,417.0,417.0,417.0
real,120,gulf,1,LSTM-rec,2,crossing,10,488,39,0.35063041344242324,38.0,37.0,36.0,35.0,34.0,34.0,33.0,32.0,31.0,31.0,30.0,30.0,29.0,28.0,28.0,27.0,27.0,26.0,26.0,26.0
real,120,gulf,1,LSTM-ms,2,buffer,0,108,643,0.17375165477961377,638.0,637.0,636.0,635.0,635.0,634.0,633.0,633.0,632.0,632.0,631.0,631.0,630.0,629.0,628.0,628.0,627.0,627.0,625.0,625.0
real,120,gulf,1,LSTM-ms,2,buffer,1,130,42,0.20450084727072745,14.0,12.0,12.0,12.0,11.0,11.0,11.0,11.0,11.0,11.0,11.0,11.0,11.0,11.0,11.0,11.0,11.0,11.0,10.0,10.0
real,120,gulf,1,LSTM-ms,2,buffer,2,137,12,0.19419904224971726,6.0,6.0,6.0,6.0,6.0,6.0,6.0,6.0,6.0,6.0,6.0,6.0,6.0,6.0,6.0,6.0,6.0,6.0,6.0,6.0
real,120,gulf,1,LSTM-ms,2,buffer,3,147,124,0.2053431284600307,112.0,110.0,110.0,109.0,108.0,107.0,106.0,106.0,104.0,103.0,102.0,101.0,101.0,100.0,99.0,99.0,98.0,97.0,96.0,96.0
real,120,gulf,1,LSTM-ms,2,buffer,4,165,160,0.3190166233021603,154.0,153.0,152.0,152.0,151.0,150.0,150.0,150.0,149.0,149.0,144.0,144.0,143.0,142.0,141.0,141.0,140.0,140.0,139.0,138.0
real,120,gulf,1,LSTM-ms,2,buffer,5,269,158,0.21900977637985358,144.0,143.0,143.0,142.0,141.0,140.0,139.0,138.0,138.0,137.0,136.0,135.0,135.0,134.0,134.0,133.0,132.0,131.0,130.0,130.0
real,120,gulf,1,LSTM-ms,2,buffer,6,303,37,0.3499775849024656,32.0,31.0,30.0,29.0,28.0,27.0,26.0,25.0,25.0,24.0,23.0,22.0,22.0,21.0,20.0,20.0,19.0,18.0,18.0,17.0
real,120,gulf,1,LSTM-ms,2,buffer,7,326,15,0.20009587734251266,8.0,8.0,8.0,8.0,6.0,6.0,6.0,6.0,6.0,6.0,6.0,6.0,6.0,6.0,6.0,6.0,6.0,6.0,6.0,6.0
real,120,gulf,1,LSTM-ms,2,buffer,8,354,270,0.17575151528531305,265.0,264.0,263.0,262.0,261.0,261.0,260.0,259.0,258.0,258.0,257.0,256.0,256.0,255.0,255.0,254.0,253.0,253.0,252.0,252.0
real,120,gulf,1,LSTM-ms,2,buffer,9,365,429,0.3146077415982834,422.0,421.0,420.0,419.0,418.0,417.0,416.0,416.0,415.0,414.0,413.0,412.0,412.0,411.0,410.0,409.0,408.0,408.0,408.0,407.0
real,120,gulf,1,LSTM-ms,2,buffer,10,488,39,0.35063041344242324,33.0,32.0,31.0,30.0,29.0,28.0,28.0,27.0,26.0,25.0,25.0,24.0,23.0,23.0,22.0,22.0,21.0,21.0,19.0,19.0
real,120,gulf,1,LSTM-ms,2,crossing,0,108,643,0.17375165477961377,642.0,641.0,640.0,640.0,639.0,638.0,638.0,637.0,636.0,635.0,635.0,635.0,634.0,633.0,633.0,632.0,632.0,631.0,631.0,630.0
real,120,gulf,1,LSTM-ms,2,crossing,1,130,42,0.20450084727072745,41.0,39.0,38.0,38.0,37.0,36.0,34.0,34.0,33.0,32.0,31.0,30.0,30.0,28.0,27.0,27.0,24.0,14.0,14.0,14.0
real,120,gulf,1,LSTM-ms,2,crossing,2,137,12,0.19419904224971726,11.0,10.0,9.0,8.0,8.0,7.0,6.0,6.0,6.0,6.0,6.0,6.0,6.0,6.0,6.0,6.0,6.0,6.0,6.0,6.0
real,120,gulf,1,LSTM-ms,2,crossing,3,147,124,0.2053431284600307,123.0,122.0,121.0,120.0,119.0,118.0,117.0,117.0,117.0,116.0,116.0,115.0,115.0,114.0,113.0,113.0,113.0,112.0,110.0,110.0
real,120,gulf,1,LSTM-ms,2,crossing,4,165,160,0.3190166233021603,159.0,158.0,157.0,156.0,155.0,154.0,154.0,153.0,152.0,151.0,151.0,150.0,150.0,150.0,150.0,150.0,149.0,144.0,144.0,143.0
real,120,gulf,1,LSTM-ms,2,crossing,5,269,158,0.21900977637985358,157.0,156.0,155.0,155.0,154.0,153.0,152.0,151.0,151.0,150.0,149.0,148.0,148.0,147.0,146.0,146.0,145.0,144.0,144.0,143.0
real,120,gulf,1,LSTM-ms,2,crossing,6,303,37,0.3499775849024656,36.0,35.0,34.0,34.0,33.0,32.0,31.0,30.0,29.0,29.0,28.0,27.0,26.0,26.0,25.0,24.0,24.0,23.0,22.0,21.0
real,120,gulf,1,LSTM-ms,2,crossing,7,326,15,0.20009587734251266,14.0,13.0,13.0,12.0,12.0,11.0,11.0,11.0,11.0,11.0,10.0,10.0,10.0,10.0,10.0,9.0,9.0,9.0,9.0,9.0
real,120,gulf,1,LSTM-ms,2,crossing,8,354,270,0.17575151528531305,269.0,269.0,268.0,267.0,266.0,265.0,264.0,263.0,263.0,262.0,262.0,261.0,260.0,259.0,259.0,258.0,257.0,256.0,256.0,256.0
real,120,gulf,1,LSTM-ms,2,crossing,9,365,429,0.3146077415982834,428.0,427.0,426.0,425.0,425.0,424.0,423.0,422.0,421.0,421.0,420.0,419.0,419.0,418.0,417.0,417.0,416.0,415.0,415.0,414.0
real,120,gulf,1,LSTM-ms,2,crossing,10,488,39,0.35063041344242324,38.0,37.0,36.0,35.0,34.0,33.0,32.0,32.0,31.0,30.0,29.0,29.0,28.0,27.0,26.0,26.0,25.0,24.0,24.0,23.0
real,120,gulf,1,LSTM-rec,3,buffer,0,108,643,0.17375165477961377,638.0,637.0,636.0,635.0,634.0,633.0,632.0,631.0,630.0,629.0,628.0,627.0,627.0,625.0,624.0,624.0,623.0,621.0,621.0,620.0
real,120,gulf,1,LSTM-rec,3,buffer,1,130,42,0.20450084727072745,14.0,12.0,12.0,11.0,11.0,11.0,11.0,11.0,10.0,10.0,9.0,6.0,6.0,6.0,6.0,6.0,6.0,6.0,6.0,6.0
real,120,gulf,1,LSTM-rec,3,buffer,2,137,12,0.19419904224971726,6.0,6.0,6.0,6.0,6.0,6.0,6.0,6.0,6.0,6.0,6.0,6.0,6.0,6.0,6.0,6.0,6.0,6.0,6.0,6.0
real,120,gulf,1,LSTM-rec,3,buffer,3,147,124,0.2053431284600307,111.0,110.0,109.0,108.0,107.0,106.0,103.0,102.0,101.0,100.0,99.0,97.0,96.0,95.0,94.0,93.0,91.0,90.0,89.0,89.0
real,120,gulf,1,LSTM-rec,3,buffer,4,165,160,0.3190166233021603,154.0,153.0,152.0,151.0,151.0,150.0,149.0,149.0,149.0,144.0,143.0,142.0,141.0,140.0,140.0,137.0,137.0,137.0,133.0,133.0
real,120,gulf,1,LSTM-rec,3,buffer,5,269,158,0.21900977637985358,144.0,143.0,142.0,141.0,140.0,139.0,138.0,136.0,135.0,134.0,132.0,131.0,129.0,128.0,127.0,125.0,124.0,123.0,121.0,120.0
real,120,gulf,1,LSTM-rec,3,buffer,6,303,37,0.3499775849024656,32.0,31.0,29.0,29.0,27.0,26.0,25.0,24.0,23.0,22.0,21.0,20.0,19.0,18.0,18.0,16.0,15.0,15.0,14.0,13.0
real,120,gulf,1,LSTM-rec,3,buffer,7,326,15,0.20009587734251266,8.0,8.0,8.0,6.0,6.0,6.0,6.0,6.0,6.0,6.0,6.0,6.0,6.0,6.0,6.0,6.0,6.0,6.0,6.0,6.0
real,120,gulf,1,LSTM-rec,3,buffer,8,354,270,0.17575151528531305,265.0,264.0,263.0,262.0,261.0,260.0,259.0,258.0,257.0,256.0,256.0,256.0,255.0,254.0,254.0,252.0,252.0,252.0,251.0,250.0
real,120,gulf,1,LSTM-rec,3,buffer,9,365,429,0.3146077415982834,422.0,421.0,420.0,418.0,417.0,416.0,415.0,414.0,413.0,412.0,410.0,409.0,408.0,407.0,406.0,406.0,406.0,406.0,406.0,406.0
real,120,gulf,1,LSTM-rec,3,buffer,10,488,39,0.35063041344242324,33.0,32.0,31.0,30.0,29.0,28.0,27.0,26.0,25.0,24.0,23.0,22.0,22.0,21.0,19.0,19.0,19.0,16.0,16.0,16.0
real,120,gulf,1,LSTM-rec,3,crossing,0,108,643,0.17375165477961377,642.0,641.0,640.0,639.0,638.0,637.0,636.0,635.0,634.0,633.0,632.0,631.0,630.0,629.0,629.0,628.0,627.0,626.0,625.0,624.0
real,120,gulf,1,LSTM-rec,3,crossing,1,130,42,0.20450084727072745,41.0,39.0,38.0,37.0,35.0,34.0,32.0,30.0,27.0,27.0,14.0,14.0,14.0,12.0,12.0,12.0,11.0,11.0,11.0,11.0
real,120,gulf,1,LSTM-rec,3,crossing,2,137,12,0.19419904224971726,11.0,10.0,9.0,8.0,7.0,6.0,6.0,6.0,6.0,6.0,6.0,6.0,6.0,6.0,6.0,6.0,6.0,6.0,6.0,6.0
real,120,gulf,1,LSTM-rec,3,crossing,3,147,124,0.2053431284600307,123.0,121.0,120.0,119.0,118.0,117.0,117.0,116.0,115.0,114.0,113.0,111.0,110.0,108.0,107.0,103.0,102.0,101.0,99.0,98.0
real,120,gulf,1,LSTM-rec,3,crossing,4,165,160,0.3190166233021603,159.0,158.0,157.0,156.0,155.0,154.0,153.0,152.0,151.0,151.0,150.0,149.0,149.0,149.0,144.0,143.0,142.0,141.0,141.0,140.0
real,120,gulf,1,LSTM-rec,3,crossing,5,269,158,0.21900977637985358,157.0,156.0,155.0,154.0,153.0,152.0,150.0,149.0,148.0,147.0,145.0,144.0,143.0,141.0,140.0,138.0,137.0,135.0,134.0,132.0
real,120,gulf,1,LSTM-rec,3,crossing,6,303,37,0.3499775849024656,36.0,35.0,34.0,33.0,32.0,31.0,30.0,29.0,28.0,27.0,26.0,25.0,24.0,23.0,22.0,21.0,20.0,19.0,18.0,17.0
real,120,gulf,1,LSTM-rec,3,crossing,7,326,15,0.20009587734251266,14.0,13.0,12.0,12.0,12.0,11.0,11.0,10.0,10.0,10.0,9.0,9.0,9.0,9.0,8.0,8.0,8.0,8.0,8.0,8.0
real,120,gulf,1,LSTM-rec,3,crossing,8,354,270,0.17575151528531305,269.0,269.0,268.0,267.0,265.0,264.0,263.0,262.0,262.0,261.0,260.0,259.0,258.0,258.0,257.0,256.0,256.0,255.0,255.0,254.0
real,120,gulf,1,LSTM-rec,3,crossing,9,365,429,0.3146077415982834,428.0,427.0,426.0,425.0,424.0,423.0,422.0,421.0,420.0,418.0,418.0,416.0,415.0,414.0,412.0,412.0,410.0,409.0,408.0,406.0
real,120,gulf,1,LSTM-rec,3,crossing,10,488,39,0.35063041344242324,38.0,37.0,36.0,35.0,34.0,33.0,32.0,31.0,30.0,29.0,28.0,27.0,26.0,25.0,24.0,23.0,22.0,22.0,21.0,19.0
real,120,gulf,1,LSTM-ms,3,buffer,0,108,643,0.17375165477961377,638.0,637.0,636.0,635.0,634.0,633.0,632.0,631.0,630.0,629.0,628.0,628.0,627.0,626.0,625.0,624.0,624.0,622.0,621.0,621.0
real,120,gulf,1,LSTM-ms,3,buffer,1,130,42,0.20450084727072745,14.0,14.0,12.0,12.0,11.0,11.0,11.0,11.0,11.0,11.0,11.0,11.0,11.0,11.0,11.0,11.0,11.0,10.0,10.0,10.0
real,120,gulf,1,LSTM-ms,3,buffer,2,137,12,0.19419904224971726,6.0,6.0,6.0,6.0,6.0,6.0,6.0,6.0,6.0,6.0,6.0,6.0,6.0,6.0,6.0,6.0,6.0,6.0,6.0,6.0
real,120,gulf,1,LSTM-ms,3,buffer,3,147,124,0.2053431284600307,112.0,111.0,110.0,109.0,108.0,107.0,106.0,104.0,103.0,102.0,101.0,100.0,99.0,98.0,97.0,96.0,96.0,96.0,94.0,94.0
real,120,gulf,1,LSTM-ms,3,buffer,4,165,160,0.3190166233021603,154.0,153.0,152.0,151.0,151.0,150.0,150.0,149.0,149.0,144.0,143.0,142.0,142.0,141.0,140.0,140.0,139.0,138.0,137.0,137.0
real,120,gulf,1,LSTM-ms,3,buffer,5,269,158,0.21900977637985358,144.0,144.0,143.0,142.0,141.0,140.0,139.0,138.0,137.0,136.0,135.0,135.0,134.0,133.0,132.0,131.0,130.0,130.0,129.0,128.0
real,120,gulf,1,LSTM-ms,3,buffer,6,303,37,0.3499775849024656,32.0,31.0,30.0,29.0,28.0,27.0,26.0,25.0,24.0,23.0,22.0,21.0,21.0,20.0,19.0,18.0,18.0,17.0,16.0,15.0
real,120,gulf,1,LSTM-ms,3,buffer,7,326,15,0.20009587734251266,8.0,8.0,8.0,8.0,8.0,6.0,6.0,6.0,6.0,6.0,6.0,6.0,6.0,6.0,6.0,6.0,6.0,6.0,6.0,6.0
real,120,gulf,1,LSTM-ms,3,buffer,8,354,270,0.17575151528531305,265.0,264.0,263.0,262.0,261.0,260.0,259.0,259.0,258.0,257.0,257.0,256.0,256.0,255.0,254.0,254.0,253.0,252.0,252.0,252.0
real,120,gulf,1,LSTM-ms,3,buffer,9,365,429,0.3146077415982834,422.0,421.0,420.0,419.0,418.0,417.0,416.0,415.0,414.0,413.0,412.0,411.0,410.0,409.0,408.0,408.0,407.0,407.0,407.0,406.0
real,120,gulf,1,LSTM-ms,3,buffer,10,488,39,0.35063041344242324,33.0,32.0,31.0,30.0,29.0,28.0,27.0,26.0,26.0,25.0,24.0,23.0,22.0,22.0,22.0,21.0,19.0,19.0,19.0,19.0
real,120,gulf,1,LSTM-ms,3,crossing,0,108,643,0.17375165477961377,642.0,641.0,640.0,639.0,638.0,637.0,636.0,635.0,635.0,633.0,632.0,631.0,631.0,630.0,629.0,628.0,628.0,627.0,626.0,625.0
real,120,gulf,1,LSTM-ms,3,crossing,1,130,42,0.20450084727072745,41.0,40.0,39.0,38.0,37.0,36.0,35.0,34.0,33.0,32.0,30.0,30.0,27.0,14.0,14.0,14.0,14.0,14.0,14.0,12.0
real,120,gulf,1,LSTM-ms,3,crossing,2,137,12,0.19419904224971726,11.0,10.0,9.0,8.0,8.0,7.0,6.0,6.0,6.0,6.0,6.0,6.0,6.0,6.0,6.0,6.0,6.0,6.0,6.0,6.0
real,120,gulf,1,LSTM-ms,3,crossing,3,147,124,0.2053431284600307,123.0,122.0,121.0,120.0,119.0,118.0,117.0,117.0,116.0,116.0,115.0,115.0,114.0,113.0,112.0,111.0,110.0,110.0,110.0,108.0
real,120,gulf,1,LSTM-ms,3,crossing,4,165,160,0.3190166233021603,159.0,158.0,157.0,156.0,155.0,154.0,153.0,152.0,151.0,151.0,151.0,150.0,150.0,150.0,149.0,144.0,143.0,142.0,142.0,141.0
real,120,gulf,1,LSTM-ms,3,crossing,5,269,158,0.21900977637985358,157.0,156.0,156.0,155.0,154.0,153.0,152.0,151.0,150.0,149.0,148.0,148.0,147.0,146.0,145.0,144.0,144.0,143.0,142.0,141.0
real,120,gulf,1,LSTM-ms,3,crossing,6,303,37,0.3499775849024656,36.0,35.0,34.0,33.0,33.0,32.0,31.0,30.0,29.0,28.0,27.0,26.0,25.0,24.0,23.0,23.0,22.0,21.0,20.0,20.0
real,120,gulf,1,LSTM-ms,3,crossing,7,326,15,0.20009587734251266,14.0,14.0,13.0,12.0,12.0,12.0,11.0,11.0,11.0,10.0,10.0,10.0,10.0,9.0,9.0,9.0,9.0,9.0,9.0,9.0
real,120,gulf,1,LSTM-ms,3,crossing,8,354,270,0.17575151528531305,270.0,269.0,268.0,267.0,266.0,265.0,264.0,263.0,262.0,261.0,260.0,259.0,259.0,258.0,258.0,257.0,256.0,256.0,256.0,255.0
real,120,gulf,1,LSTM-ms,3,crossing,9,365,429,0.3146077415982834,428.0,427.0,426.0,425.0,424.0,423.0,422.0,421.0,421.0,420.0,419.0,418.0,417.0,416.0,416.0,415.0,414.0,413.0,412.0,411.0
real,120,gulf,1,LSTM-ms,3,crossing,10,488,39,0.35063041344242324,38.0,37.0,36.0,35.0,34.0,33.0,32.0,31.0,30.0,30.0,29.0,28.0,27.0,26.0,25.0,25.0,24.0,23.0,22.0,22.0
real,120,gulf,1,LSTM-rec,4,buffer,0,108,643,0.17375165477961377,638.0,637.0,636.0,635.0,635.0,634.0,634.0,633.0,633.0,632.0,632.0,631.0,631.0,631.0,631.0,630.0,630.0,630.0,630.0,629.0
real,120,gulf,1,LSTM-rec,4,buffer,1,130,42,0.20450084727072745,14.0,14.0,12.0,12.0,12.0,12.0,12.0,12.0,12.0,12.0,12.0,12.0,12.0,12.0,12.0,12.0,12.0,12.0,12.0,12.0
real,120,gulf,1,LSTM-rec,4,buffer,2,137,12,0.19419904224971726,6.0,6.0,6.0,6.0,6.0,6.0,6.0,6.0,6.0,6.0,6.0,6.0,6.0,6.0,6.0,6.0,6.0,6.0,6.0,6.0
real,120,gulf,1,LSTM-rec,4,buffer,3,147,124,0.2053431284600307,112.0,111.0,110.0,110.0,109.0,108.0,108.0,108.0,107.0,107.0,107.0,107.0,107.0,107.0,107.0,107.0,107.0,107.0,107.0,107.0
real,120,gulf,1,LSTM-rec,4,buffer,4,165,160,0.3190166233021603,154.0,154.0,153.0,152.0,151.0,151.0,150.0,150.0,150.0,149.0,149.0,149.0,149.0,149.0,149.0,149.0,149.0,149.0,149.0,149.0
real,120,gulf,1,LSTM-rec,4,buffer,5,269,158,0.21900977637985358,144.0,144.0,143.0,142.0,142.0,141.0,141.0,141.0,140.0,140.0,140.0,140.0,140.0,140.0,140.0,140.0,140.0,140.0,140.0,140.0
real,120,gulf,1,LSTM-rec,4,buffer,6,303,37,0.3499775849024656,32.0,31.0,30.0,29.0,29.0,28.0,27.0,27.0,26.0,26.0,25.0,25.0,25.0,24.0,24.0,24.0,23.0,23.0,23.0,23.0
real,120,gulf,1,LSTM-rec,4,buffer,7,326,15,0.20009587734251266,8.0,8.0,8.0,8.0,8.0,8.0,8.0,8.0,8.0,8.0,8.0,8.0,8.0,8.0,8.0,8.0,8.0,8.0,8.0,8.0
real,120,gulf,1,LSTM-rec,4,buffer,8,354,270,0.17575151528531305,265.0,264.0,263.0,262.0,262.0,261.0,260.0,259.0,259.0,259.0,258.0,258.0,258.0,257.0,257.0,257.0,257.0,256.0,256.0,256.0
real,120,gulf,1,LSTM-rec,4,buffer,9,365,429,0.3146077415982834,422.0,421.0,420.0,419.0,419.0,418.0,417.0,417.0,416.0,416.0,416.0,416.0,415.0,415.0,415.0,414.0,414.0,414.0,414.0,414.0
real,120,gulf,1,LSTM-rec,4,buffer,10,488,39,0.35063041344242324,33.0,32.0,31.0,31.0,30.0,29.0,29.0,28.0,28.0,27.0,27.0,27.0,26.0,26.0,26.0,26.0,25.0,25.0,25.0,25.0
real,120,gulf,1,LSTM-rec,4,crossing,0,108,643,0.17375165477961377,642.0,641.0,640.0,640.0,639.0,638.0,638.0,637.0,637.0,636.0,636.0,635.0,635.0,635.0,635.0,635.0,635.0,634.0,634.0,634.0
real,120,gulf,1,LSTM-rec,4,crossing,1,130,42,0.20450084727072745,41.0,40.0,40.0,39.0,39.0,39.0,39.0,39.0,39.0,39.0,39.0,39.0,39.0,39.0,39.0,39.0,39.0,39.0,39.0,39.0
real,120,gulf,1,LSTM-rec,4,crossing,2,137,12,0.19419904224971726,11.0,10.0,10.0,9.0,8.0,8.0,8.0,7.0,7.0,7.0,7.0,7.0,7.0,7.0,7.0,7.0,7.0,7.0,7.0,7.0
real,120,gulf,1,LSTM-rec,4,crossing,3,147,124,0.2053431284600307,123.0,122.0,121.0,120.0,119.0,119.0,119.0,118.0,118.0,117.0,117.0,117.0,117.0,117.0,117.0,117.0,117.0,117.0,117.0,117.0
real,120,gulf,1,LSTM-rec,4,crossing,4,165,160,0.3190166233021603,159.0,158.0,157.0,156.0,156.0,155.0,155.0,154.0,154.0,154.0,153.0,152.0,152.0,152.0,151.0,151.0,151.0,151.0,151.0,151.0
real,120,gulf,1,LSTM-rec,4,crossing,5,269,158,0.21900977637985358,157.0,156.0,156.0,155.0,155.0,154.0,154.0,153.0,153.0,153.0,153.0,153.0,153.0,153.0,153.0,153.0,153.0,153.0,153.0,153.0
real,120,gulf,1,LSTM-rec,4,crossing,6,303,37,0.3499775849024656,36.0,35.0,35.0,34.0,33.0,33.0,32.0,31.0,31.0,31.0,30.0,30.0,29.0,29.0,29.0,29.0,28.0,28.0,28.0,28.0
real,120,gulf,1,LSTM-rec,4,crossing,7,326,15,0.20009587734251266,14.0,13.0,13.0,12.0,12.0,12.0,12.0,11.0,11.0,11.0,11.0,11.0,11.0,11.0,11.0,11.0,11.0,11.0,11.0,11.0
real,120,gulf,1,LSTM-rec,4,crossing,8,354,270,0.17575151528531305,270.0,269.0,268.0,267.0,267.0,265.0,265.0,264.0,264.0,263.0,263.0,262.0,262.0,262.0,262.0,262.0,262.0,261.0,261.0,261.0
real,120,gulf,1,LSTM-rec,4,crossing,9,365,429,0.3146077415982834,428.0,427.0,427.0,426.0,425.0,424.0,424.0,423.0,423.0,422.0,422.0,422.0,421.0,421.0,421.0,421.0,421.0,421.0,421.0,421.0
real,120,gulf,1,LSTM-rec,4,crossing,10,488,39,0.35063041344242324,38.0,37.0,36.0,36.0,35.0,34.0,34.0,33.0,33.0,32.0,32.0,31.0,31.0,31.0,31.0,30.0,30.0,30.0,30.0,30.0
real,120,gulf,1,LSTM-ms,4,buffer,0,108,643,0.17375165477961377,638.0,637.0,636.0,635.0,634.0,633.0,632.0,631.0,631.0,630.0,629.0,629.0,628.0,627.0,627.0,626.0,625.0,625.0,624.0,624.0
real,120,gulf,1,LSTM-ms,4,buffer,1,130,42,0.20450084727072745,14.0,14.0,12.0,12.0,12.0,12.0,11.0,11.0,11.0,11.0,11.0,11.0,11.0,11.0,11.0,11.0,11.0,11.0,11.0,11.0
real,120,gulf,1,LSTM-ms,4,buffer,2,137,12,0.19419904224971726,6.0,6.0,6.0,6.0,6.0,6.0,6.0,6.0,6.0,6.0,6.0,6.0,6.0,6.0,6.0,6.0,6.0,6.0,6.0,6.0
real,120,gulf,1,LSTM-ms,4,buffer,3,147,124,0.2053431284600307,112.0,111.0,110.0,109.0,108.0,108.0,107.0,106.0,105.0,103.0,103.0,102.0,101.0,101.0,101.0,100.0,99.0,99.0,99.0,98.0
real,120,gulf,1,LSTM-ms,4,buffer,4,165,160,0.3190166233021603,154.0,153.0,152.0,152.0,151.0,150.0,150.0,149.0,149.0,149.0,144.0,144.0,143.0,142.0,142.0,141.0,141.0,140.0,140.0,139.0
real,120,gulf,1,LSTM-ms,4,buffer,5,269,158,0.21900977637985358,144.0,144.0,143.0,142.0,141.0,141.0,140.0,139.0,139.0,138.0,138.0,137.0,136.0,136.0,135.0,135.0,135.0,134.0,134.0,134.0
real,120,gulf,1,LSTM-ms,4,buffer,6,303,37,0.3499775849024656,32.0,31.0,30.0,29.0,28.0,27.0,26.0,25.0,24.0,23.0,23.0,22.0,21.0,21.0,20.0,19.0,19.0,18.0,18.0,17.0
real,120,gulf,1,LSTM-ms,4,buffer,7,326,15,0.20009587734251266,8.0,8.0,8.0,8.0,8.0,8.0,8.0,8.0,8.0,8.0,8.0,8.0,6.0,6.0,6.0,6.0,6.0,6.0,6.0,6.0
real,120,gulf,1,LSTM-ms,4,buffer,8,354,270,0.17575151528531305,265.0,264.0,263.0,262.0,261.0,260.0,259.0,259.0,258.0,257.0,256.0,256.0,256.0,255.0,255.0,254.0,254.0,253.0,252.0,252.0
real,120,gulf,1,LSTM-ms,4,buffer,9,365,429,0.3146077415982834,422.0,421.0,420.0,419.0,418.0,417.0,416.0,415.0,414.0,414.0,413.0,412.0,411.0,411.0,410.0,409.0,408.0,408.0,407.0,407.0
real,120,gulf,1,LSTM-ms,4,buffer,10,488,39,0.35063041344242324,33.0,32.0,31.0,30.0,29.0,28.0,27.0,27.0,26.0,25.0,24.0,24.0,23.0,22.0,22.0,22.0,22.0,21.0,21.0,19.0
real,120,gulf,1,LSTM-ms,4,crossing,0,108,643,0.17375165477961377,642.0,641.0,640.0,639.0,638.0,637.0,636.0,636.0,635.0,634.0,633.0,633.0,632.0,631.0,631.0,630.0,629.0,629.0,628.0,628.0
real,120,gulf,1,LSTM-ms,4,crossing,1,130,42,0.20450084727072745,41.0,40.0,39.0,39.0,38.0,38.0,37.0,36.0,36.0,35.0,34.0,34.0,34.0,34.0,34.0,34.0,34.0,34.0,33.0,14.0
real,120,gulf,1,LSTM-ms,4,crossing,2,137,12,0.19419904224971726,11.0,10.0,10.0,9.0,8.0,7.0,7.0,6.0,6.0,6.0,6.0,6.0,6.0,6.0,6.0,6.0,6.0,6.0,6.0,6.0
real,120,gulf,1,LSTM-ms,4,crossing,3,147,124,0.2053431284600307,123.0,122.0,121.0,120.0,119.0,119.0,118.0,117.0,117.0,117.0,116.0,116.0,116.0,115.0,115.0,115.0,115.0,115.0,114.0,113.0
real,120,gulf,1,LSTM-ms,4,crossing,4,165,160,0.3190166233021603,159.0,158.0,157.0,156.0,155.0,154.0,154.0,153.0,152.0,151.0,151.0,151.0,150.0,150.0,150.0,149.0,149.0,144.0,144.0,143.0
real,120,gulf,1,LSTM-ms,4,crossing,5,269,158,0.21900977637985358,157.0,156.0,156.0,155.0,154.0,153.0,153.0,152.0,151.0,151.0,150.0,150.0,149.0,149.0,148.0,148.0,148.0,147.0,147.0,146.0
real,120,gulf,1,LSTM-ms,4,crossing,6,303,37,0.3499775849024656,36.0,35.0,34.0,33.0,33.0,32.0,31.0,30.0,29.0,28.0,27.0,26.0,26.0,25.0,24.0,24.0,23.0,22.0,22.0,21.0
real,120,gulf,1,LSTM-ms,4,crossing,7,326,15,0.20009587734251266,14.0,13.0,13.0,12.0,12.0,12.0,11.0,11.0,11.0,11.0,11.0,10.0,10.0,10.0,10.0,10.0,10.0,10.0,10.0,10.0
real,120,gulf,1,LSTM-ms,4,crossing,8,354,270,0.17575151528531305,269.0,269.0,268.0,267.0,266.0,265.0,264.0,263.0,262.0,261.0,261.0,260.0,259.0,259.0,258.0,257.0,257.0,256.0,256.0,256.0
real,120,gulf,1,LSTM-ms,4,crossing,9,365,429,0.3146077415982834,428.0,427.0,426.0,425.0,424.0,423.0,422.0,422.0,421.0,420.0,420.0,419.0,418.0,418.0,417.0,416.0,416.0,415.0,414.0,414.0
real,120,gulf,1,LSTM-ms,4,crossing,10,488,39,0.35063041344242324,38.0,37.0,36.0,35.0,34.0,33.0,32.0,31.0,31.0,30.0,29.0,28.0,28.0,27.0,26.0,26.0,25.0,25.0,24.0,23.0
real,120,gulf,2,Reactive,0,zone,0,9,145,0.2525166051467841,136.0,136.0,136.0,136.0,136.0,136.0,136.0,136.0,136.0,136.0,136.0,136.0,136.0,136.0,136.0,136.0,136.0,136.0,136.0,136.0
real,120,gulf,2,Reactive,0,zone,1,18,10,0.552803466026154,1.0,1.0,1.0,1.0,1.0,1.0,1.0,1.0,1.0,1.0,1.0,1.0,1.0,1.0,1.0,1.0,1.0,1.0,1.0,1.0
real,120,gulf,2,Reactive,0,zone,2,112,374,0.2427666473894172,368.0,368.0,368.0,368.0,368.0,368.0,368.0,368.0,368.0,368.0,368.0,368.0,368.0,368.0,368.0,368.0,368.0,368.0,368.0,368.0
real,120,gulf,2,Reactive,0,zone,3,119,545,0.12066016841622584,519.0,519.0,519.0,519.0,519.0,519.0,519.0,519.0,519.0,519.0,519.0,519.0,519.0,519.0,519.0,519.0,519.0,519.0,519.0,519.0
real,120,gulf,2,Reactive,0,zone,4,194,160,0.24097585921436068,154.0,154.0,154.0,154.0,154.0,154.0,154.0,154.0,154.0,154.0,154.0,154.0,154.0,154.0,154.0,154.0,154.0,154.0,154.0,154.0
real,120,gulf,2,Reactive,0,zone,5,197,86,0.03148015439772444,64.0,64.0,64.0,64.0,64.0,64.0,64.0,64.0,64.0,64.0,64.0,64.0,64.0,64.0,64.0,64.0,64.0,64.0,64.0,64.0
real,120,gulf,2,Reactive,0,zone,6,255,47,0.28781293969676514,37.0,37.0,37.0,37.0,37.0,37.0,37.0,37.0,37.0,37.0,37.0,37.0,37.0,37.0,37.0,37.0,37.0,37.0,37.0,37.0
real,120,gulf,2,Reactive,0,zone,7,262,25,0.21180976982046548,12.0,12.0,12.0,12.0,12.0,12.0,12.0,12.0,12.0,12.0,12.0,12.0,12.0,12.0,12.0,12.0,12.0,12.0,12.0,12.0
real,120,gulf,2,Reactive,0,zone,8,270,488,0.10434544249932537,478.0,478.0,478.0,478.0,478.0,478.0,478.0,478.0,478.0,478.0,478.0,478.0,478.0,478.0,478.0,478.0,478.0,478.0,478.0,478.0
real,120,gulf,2,Reactive,0,zone,9,295,124,0.22724816963757405,115.0,115.0,115.0,115.0,115.0,115.0,115.0,115.0,115.0,115.0,115.0,115.0,115.0,115.0,115.0,115.0,115.0,115.0,115.0,115.0
real,120,gulf,2,Reactive,0,zone,10,307,86,0.17268371309832978,0.0,0.0,0.0,0.0,0.0,0.0,0.0,0.0,0.0,0.0,0.0,0.0,0.0,0.0,0.0,0.0,0.0,0.0,0.0,0.0
real,120,gulf,2,Reactive,0,zone,11,327,616,0.09391636577513113,610.0,610.0,610.0,610.0,610.0,610.0,610.0,610.0,610.0,610.0,610.0,610.0,610.0,610.0,610.0,610.0,610.0,610.0,610.0,610.0
real,120,gulf,2,Reactive,0,zone,12,332,532,0.15738216149807072,519.0,519.0,519.0,519.0,519.0,519.0,519.0,519.0,519.0,519.0,519.0,519.0,519.0,519.0,519.0,519.0,519.0,519.0,519.0,519.0
real,120,gulf,2,Reactive,0,zone,13,334,18,0.17496996157078257,4.0,4.0,4.0,4.0,4.0,4.0,4.0,4.0,4.0,4.0,4.0,4.0,4.0,4.0,4.0,4.0,4.0,4.0,4.0,4.0
real,120,gulf,2,Reactive,0,zone,14,346,24,0.20179138006429215,14.0,14.0,14.0,14.0,14.0,14.0,14.0,14.0,14.0,14.0,14.0,14.0,14.0,14.0,14.0,14.0,14.0,14.0,14.0,14.0
real,120,gulf,2,Reactive,0,zone,15,355,164,0.1806987963575175,152.0,152.0,152.0,152.0,152.0,152.0,152.0,152.0,152.0,152.0,152.0,152.0,152.0,152.0,152.0,152.0,152.0,152.0,152.0,152.0
real,120,gulf,2,Reactive,0,zone,16,372,44,0.4584527507579535,34.0,34.0,34.0,34.0,34.0,34.0,34.0,34.0,34.0,34.0,34.0,34.0,34.0,34.0,34.0,34.0,34.0,34.0,34.0,34.0
real,120,gulf,2,Reactive,0,zone,17,392,506,0.06819467030259171,502.0,502.0,502.0,502.0,502.0,502.0,502.0,502.0,502.0,502.0,502.0,502.0,502.0,502.0,502.0,502.0,502.0,502.0,502.0,502.0
real,120,gulf,2,Reactive,0,zone,18,393,95,0.30684694160321446,79.0,79.0,79.0,79.0,79.0,79.0,79.0,79.0,79.0,79.0,79.0,79.0,79.0,79.0,79.0,79.0,79.0,79.0,79.0,79.0
real,120,gulf,2,Reactive,0,zone,19,422,33,0.0809642779554234,18.0,18.0,18.0,18.0,18.0,18.0,18.0,18.0,18.0,18.0,18.0,18.0,18.0,18.0,18.0,18.0,18.0,18.0,18.0,18.0
real,120,gulf,2,Reactive,0,zone,20,435,36,0.31601892030546674,0.0,0.0,0.0,0.0,0.0,0.0,0.0,0.0,0.0,0.0,0.0,0.0,0.0,0.0,0.0,0.0,0.0,0.0,0.0,0.0
real,120,gulf,2,Reactive,0,zone,21,440,533,0.24277559852080374,513.0,513.0,513.0,513.0,513.0,513.0,513.0,513.0,513.0,513.0,513.0,513.0,513.0,513.0,513.0,513.0,513.0,513.0,513.0,513.0
real,120,gulf,2,Reactive,0,zone,22,483,19,0.17417043005953228,0.0,0.0,0.0,0.0,0.0,0.0,0.0,0.0,0.0,0.0,0.0,0.0,0.0,0.0,0.0,0.0,0.0,0.0,0.0,0.0
real,120,gulf,2,Analytic,0,buffer,0,9,145,0.2525166051467841,135.0,134.0,134.0,133.0,133.0,132.0,132.0,131.0,114.0,112.0,111.0,110.0,109.0,108.0,107.0,106.0,106.0,105.0,105.0,105.0
real,120,gulf,2,Analytic,0,buffer,1,18,10,0.552803466026154,6.0,6.0,6.0,6.0,6.0,6.0,6.0,6.0,6.0,6.0,6.0,6.0,6.0,6.0,6.0,6.0,6.0,6.0,6.0,6.0
real,120,gulf,2,Analytic,0,buffer,2,112,374,0.2427666473894172,368.0,367.0,366.0,366.0,365.0,365.0,365.0,364.0,352.0,351.0,350.0,350.0,349.0,349.0,348.0,348.0,348.0,340.0,339.0,338.0
real,120,gulf,2,Analytic,0,buffer,3,119,545,0.12066016841622584,518.0,517.0,516.0,515.0,514.0,514.0,513.0,512.0,512.0,512.0,511.0,511.0,510.0,509.0,508.0,507.0,506.0,505.0,504.0,503.0
real,120,gulf,2,Analytic,0,buffer,4,194,160,0.24097585921436068,153.0,152.0,151.0,151.0,150.0,150.0,149.0,148.0,148.0,147.0,147.0,146.0,144.0,144.0,143.0,142.0,142.0,142.0,142.0,141.0
real,120,gulf,2,Analytic,0,buffer,5,197,86,0.03148015439772444,63.0,62.0,61.0,60.0,59.0,58.0,57.0,56.0,55.0,54.0,53.0,53.0,52.0,52.0,51.0,51.0,51.0,51.0,51.0,50.0
real,120,gulf,2,Analytic,0,buffer,6,255,47,0.28781293969676514,36.0,34.0,33.0,33.0,32.0,31.0,31.0,30.0,30.0,29.0,29.0,28.0,28.0,27.0,26.0,25.0,25.0,25.0,25.0,24.0
real,120,gulf,2,Analytic,0,buffer,7,262,25,0.21180976982046548,11.0,10.0,9.0,8.0,8.0,8.0,7.0,7.0,7.0,7.0,7.0,7.0,7.0,7.0,6.0,6.0,6.0,6.0,6.0,6.0
real,120,gulf,2,Analytic,0,buffer,8,270,488,0.10434544249932537,477.0,477.0,476.0,475.0,474.0,474.0,473.0,472.0,472.0,471.0,470.0,464.0,463.0,462.0,462.0,445.0,444.0,443.0,441.0,440.0
real,120,gulf,2,Analytic,0,buffer,9,295,124,0.22724816963757405,114.0,113.0,112.0,111.0,110.0,109.0,108.0,107.0,106.0,105.0,104.0,103.0,102.0,101.0,100.0,99.0,98.0,83.0,83.0,81.0
real,120,gulf,2,Analytic,0,buffer,10,307,86,0.17268371309832978,6.0,6.0,6.0,6.0,6.0,6.0,6.0,6.0,6.0,6.0,6.0,6.0,6.0,6.0,6.0,6.0,6.0,6.0,6.0,6.0
real,120,gulf,2,Analytic,0,buffer,11,327,616,0.09391636577513113,609.0,608.0,607.0,606.0,605.0,604.0,604.0,602.0,602.0,601.0,600.0,600.0,599.0,598.0,597.0,596.0,595.0,595.0,595.0,594.0
real,120,gulf,2,Analytic,0,buffer,12,332,532,0.15738216149807072,518.0,518.0,517.0,454.0,453.0,452.0,451.0,450.0,449.0,448.0,447.0,446.0,445.0,445.0,444.0,443.0,442.0,441.0,439.0,438.0
real,120,gulf,2,Analytic,0,buffer,13,334,18,0.17496996157078257,6.0,6.0,6.0,6.0,6.0,6.0,6.0,6.0,6.0,6.0,6.0,6.0,6.0,6.0,6.0,6.0,6.0,6.0,6.0,6.0
real,120,gulf,2,Analytic,0,buffer,14,346,24,0.20179138006429215,12.0,11.0,10.0,10.0,8.0,7.0,7.0,6.0,6.0,6.0,6.0,6.0,6.0,6.0,6.0,6.0,6.0,6.0,6.0,6.0
real,120,gulf,2,Analytic,0,buffer,15,355,164,0.1806987963575175,151.0,150.0,149.0,148.0,147.0,146.0,145.0,144.0,143.0,142.0,141.0,140.0,139.0,138.0,137.0,136.0,135.0,134.0,133.0,133.0
real,120,gulf,2,Analytic,0,buffer,16,372,44,0.4584527507579535,33.0,32.0,31.0,29.0,28.0,27.0,26.0,25.0,24.0,23.0,22.0,22.0,21.0,20.0,20.0,20.0,19.0,19.0,19.0,19.0
real,120,gulf,2,Analytic,0,buffer,17,392,506,0.06819467030259171,501.0,500.0,499.0,498.0,497.0,496.0,495.0,494.0,493.0,492.0,491.0,490.0,489.0,488.0,487.0,486.0,485.0,484.0,483.0,483.0
real,120,gulf,2,Analytic,0,buffer,18,393,95,0.30684694160321446,78.0,77.0,74.0,73.0,72.0,66.0,65.0,64.0,64.0,62.0,61.0,59.0,59.0,58.0,58.0,57.0,56.0,56.0,55.0,54.0
real,120,gulf,2,Analytic,0,buffer,19,422,33,0.0809642779554234,17.0,16.0,16.0,15.0,14.0,13.0,12.0,10.0,10.0,10.0,10.0,10.0,10.0,9.0,9.0,9.0,9.0,9.0,9.0,9.0
real,120,gulf,2,Analytic,0,buffer,20,435,36,0.31601892030546674,6.0,6.0,6.0,6.0,6.0,6.0,6.0,6.0,6.0,6.0,6.0,6.0,6.0,6.0,6.0,6.0,6.0,6.0,6.0,6.0
real,120,gulf,2,Analytic,0,buffer,21,440,533,0.24277559852080374,512.0,511.0,511.0,510.0,509.0,508.0,507.0,506.0,505.0,504.0,503.0,503.0,502.0,502.0,501.0,501.0,500.0,500.0,499.0,499.0
real,120,gulf,2,Analytic,0,buffer,22,483,19,0.17417043005953228,6.0,6.0,6.0,6.0,6.0,6.0,6.0,6.0,6.0,6.0,6.0,6.0,6.0,6.0,6.0,6.0,6.0,6.0,6.0,6.0
real,120,gulf,2,Analytic,0,crossing,0,9,145,0.2525166051467841,145.0,144.0,143.0,142.0,141.0,139.0,138.0,138.0,137.0,135.0,135.0,134.0,134.0,134.0,134.0,113.0,111.0,110.0,109.0,108.0
real,120,gulf,2,Analytic,0,crossing,1,18,10,0.552803466026154,6.0,6.0,6.0,6.0,6.0,6.0,6.0,6.0,6.0,6.0,6.0,6.0,6.0,6.0,6.0,6.0,6.0,6.0,6.0,6.0
real,120,gulf,2,Analytic,0,crossing,2,112,374,0.2427666473894172,373.0,372.0,371.0,370.0,369.0,368.0,368.0,367.0,367.0,366.0,366.0,366.0,352.0,351.0,350.0,350.0,350.0,349.0,349.0,349.0
real,120,gulf,2,Analytic,0,crossing,3,119,545,0.12066016841622584,544.0,543.0,542.0,541.0,540.0,540.0,539.0,538.0,537.0,536.0,535.0,534.0,533.0,533.0,531.0,530.0,529.0,529.0,527.0,527.0
real,120,gulf,2,Analytic,0,crossing,4,194,160,0.24097585921436068,159.0,158.0,157.0,156.0,155.0,154.0,153.0,153.0,152.0,152.0,151.0,151.0,151.0,150.0,150.0,150.0,149.0,149.0,148.0,148.0
real,120,gulf,2,Analytic,0,crossing,5,197,86,0.03148015439772444,84.0,83.0,78.0,75.0,72.0,70.0,69.0,68.0,67.0,65.0,64.0,63.0,62.0,61.0,60.0,59.0,58.0,57.0,56.0,55.0
real,120,gulf,2,Analytic,0,crossing,6,255,47,0.28781293969676514,46.0,45.0,45.0,43.0,42.0,42.0,41.0,39.0,35.0,34.0,33.0,32.0,32.0,31.0,31.0,31.0,30.0,30.0,30.0,30.0
real,120,gulf,2,Analytic,0,crossing,7,262,25,0.21180976982046548,24.0,23.0,22.0,21.0,20.0,19.0,18.0,17.0,16.0,15.0,14.0,13.0,12.0,12.0,11.0,10.0,10.0,9.0,9.0,8.0
real,120,gulf,2,Analytic,0,crossing,8,270,488,0.10434544249932537,487.0,486.0,485.0,484.0,483.0,482.0,481.0,480.0,479.0,478.0,477.0,477.0,476.0,476.0,475.0,475.0,474.0,474.0,473.0,473.0
real,120,gulf,2,Analytic,0,crossing,9,295,124,0.22724816963757405,123.0,122.0,121.0,120.0,119.0,118.0,117.0,116.0,115.0,114.0,113.0,112.0,111.0,109.0,108.0,107.0,106.0,105.0,104.0,104.0
real,120,gulf,2,Analytic,0,crossing,10,307,86,0.17268371309832978,85.0,84.0,84.0,83.0,82.0,81.0,80.0,80.0,79.0,78.0,77.0,76.0,76.0,75.0,74.0,73.0,73.0,72.0,71.0,70.0
real,120,gulf,2,Analytic,0,crossing,11,327,616,0.09391636577513113,614.0,612.0,611.0,610.0,609.0,608.0,607.0,606.0,605.0,605.0,604.0,603.0,602.0,602.0,601.0,600.0,600.0,599.0,598.0,596.0
real,120,gulf,2,Analytic,0,crossing,12,332,532,0.15738216149807072,529.0,526.0,524.0,522.0,521.0,520.0,520.0,519.0,453.0,452.0,451.0,450.0,449.0,448.0,447.0,446.0,446.0,445.0,445.0,444.0
real,120,gulf,2,Analytic,0,crossing,13,334,18,0.17496996157078257,17.0,16.0,15.0,15.0,14.0,13.0,12.0,12.0,11.0,10.0,10.0,10.0,9.0,9.0,9.0,8.0,8.0,8.0,8.0,7.0
real,120,gulf,2,Analytic,0,crossing,14,346,24,0.20179138006429215,20.0,19.0,18.0,17.0,16.0,14.0,12.0,11.0,10.0,9.0,8.0,7.0,7.0,6.0,6.0,6.0,6.0,6.0,6.0,6.0
real,120,gulf,2,Analytic,0,crossing,15,355,164,0.1806987963575175,163.0,162.0,161.0,160.0,159.0,158.0,157.0,157.0,155.0,154.0,153.0,151.0,150.0,149.0,149.0,148.0,147.0,146.0,145.0,144.0
real,120,gulf,2,Analytic,0,crossing,16,372,44,0.4584527507579535,43.0,37.0,36.0,34.0,33.0,32.0,31.0,30.0,28.0,27.0,26.0,25.0,24.0,23.0,22.0,22.0,21.0,20.0,20.0,20.0
real,120,gulf,2,Analytic,0,crossing,17,392,506,0.06819467030259171,505.0,504.0,503.0,502.0,501.0,500.0,499.0,498.0,497.0,496.0,495.0,494.0,493.0,492.0,491.0,491.0,489.0,488.0,487.0,486.0
real,120,gulf,2,Analytic,0,crossing,18,393,95,0.30684694160321446,94.0,94.0,93.0,93.0,92.0,92.0,91.0,86.0,85.0,84.0,83.0,82.0,65.0,65.0,64.0,62.0,60.0,59.0,59.0,58.0
real,120,gulf,2,Analytic,0,crossing,19,422,33,0.0809642779554234,32.0,32.0,31.0,30.0,29.0,28.0,27.0,26.0,25.0,24.0,23.0,22.0,21.0,20.0,19.0,19.0,18.0,18.0,17.0,17.0
real,120,gulf,2,Analytic,0,crossing,20,435,36,0.31601892030546674,36.0,36.0,36.0,36.0,36.0,36.0,36.0,36.0,36.0,36.0,36.0,36.0,36.0,36.0,36.0,36.0,36.0,36.0,36.0,36.0
real,120,gulf,2,Analytic,0,crossing,21,440,533,0.24277559852080374,533.0,532.0,532.0,532.0,531.0,529.0,525.0,522.0,521.0,520.0,519.0,518.0,518.0,517.0,516.0,515.0,515.0,514.0,513.0,513.0
real,120,gulf,2,Analytic,0,crossing,22,483,19,0.17417043005953228,19.0,10.0,10.0,10.0,10.0,10.0,10.0,10.0,10.0,10.0,10.0,10.0,10.0,10.0,10.0,10.0,10.0,10.0,10.0,10.0
real,120,gulf,2,ConstVel,0,buffer,0,9,145,0.2525166051467841,135.0,134.0,133.0,131.0,131.0,131.0,131.0,131.0,131.0,113.0,110.0,110.0,109.0,108.0,107.0,107.0,104.0,104.0,102.0,102.0
real,120,gulf,2,ConstVel,0,buffer,1,18,10,0.552803466026154,6.0,6.0,6.0,6.0,6.0,6.0,6.0,6.0,6.0,6.0,6.0,6.0,6.0,6.0,6.0,6.0,6.0,6.0,6.0,6.0
real,120,gulf,2,ConstVel,0,buffer,2,112,374,0.2427666473894172,367.0,366.0,366.0,365.0,364.0,364.0,364.0,363.0,351.0,350.0,350.0,349.0,348.0,348.0,347.0,346.0,346.0,339.0,338.0,338.0
real,120,gulf,2,ConstVel,0,buffer,3,119,545,0.12066016841622584,519.0,517.0,516.0,515.0,514.0,513.0,512.0,512.0,512.0,511.0,511.0,510.0,509.0,509.0,508.0,508.0,505.0,504.0,504.0,503.0
real,120,gulf,2,ConstVel,0,buffer,4,194,160,0.24097585921436068,153.0,151.0,151.0,150.0,149.0,149.0,148.0,148.0,148.0,147.0,147.0,146.0,144.0,143.0,143.0,142.0,140.0,139.0,139.0,139.0
real,120,gulf,2,ConstVel,0,buffer,5,197,86,0.03148015439772444,63.0,62.0,61.0,60.0,59.0,58.0,57.0,56.0,55.0,54.0,53.0,52.0,52.0,50.0,50.0,49.0,49.0,48.0,48.0,48.0
real,120,gulf,2,ConstVel,0,buffer,6,255,47,0.28781293969676514,36.0,35.0,33.0,32.0,31.0,30.0,30.0,29.0,28.0,28.0,28.0,27.0,24.0,24.0,23.0,22.0,22.0,22.0,22.0,22.0
real,120,gulf,2,ConstVel,0,buffer,7,262,25,0.21180976982046548,11.0,10.0,9.0,8.0,7.0,6.0,6.0,6.0,6.0,6.0,6.0,6.0,6.0,6.0,6.0,6.0,6.0,6.0,6.0,6.0
real,120,gulf,2,ConstVel,0,buffer,8,270,488,0.10434544249932537,477.0,476.0,475.0,475.0,474.0,473.0,473.0,472.0,470.0,470.0,469.0,469.0,463.0,449.0,449.0,449.0,444.0,443.0,442.0,441.0
real,120,gulf,2,ConstVel,0,buffer,9,295,124,0.22724816963757405,114.0,113.0,112.0,111.0,110.0,109.0,108.0,107.0,106.0,104.0,104.0,103.0,101.0,101.0,100.0,100.0,98.0,83.0,83.0,82.0
real,120,gulf,2,ConstVel,0,buffer,10,307,86,0.17268371309832978,6.0,6.0,6.0,6.0,6.0,6.0,6.0,6.0,6.0,6.0,6.0,6.0,6.0,6.0,6.0,6.0,6.0,6.0,6.0,6.0
real,120,gulf,2,ConstVel,0,buffer,11,327,616,0.09391636577513113,609.0,608.0,607.0,606.0,605.0,604.0,604.0,602.0,601.0,600.0,599.0,599.0,598.0,598.0,598.0,595.0,594.0,594.0,593.0,592.0
real,120,gulf,2,ConstVel,0,buffer,12,332,532,0.15738216149807072,518.0,517.0,516.0,516.0,453.0,452.0,450.0,450.0,449.0,448.0,447.0,445.0,445.0,444.0,443.0,443.0,442.0,442.0,441.0,438.0
real,120,gulf,2,ConstVel,0,buffer,13,334,18,0.17496996157078257,6.0,6.0,6.0,6.0,6.0,6.0,6.0,6.0,6.0,6.0,6.0,6.0,6.0,6.0,6.0,6.0,6.0,6.0,6.0,6.0
real,120,gulf,2,ConstVel,0,buffer,14,346,24,0.20179138006429215,12.0,11.0,10.0,9.0,9.0,8.0,6.0,6.0,6.0,6.0,6.0,6.0,6.0,6.0,6.0,6.0,6.0,6.0,6.0,6.0
real,120,gulf,2,ConstVel,0,buffer,15,355,164,0.1806987963575175,151.0,150.0,149.0,148.0,147.0,146.0,145.0,144.0,143.0,142.0,141.0,140.0,139.0,138.0,137.0,137.0,136.0,135.0,133.0,132.0
real,120,gulf,2,ConstVel,0,buffer,16,372,44,0.4584527507579535,33.0,32.0,31.0,30.0,29.0,27.0,26.0,25.0,24.0,23.0,22.0,21.0,21.0,20.0,19.0,18.0,17.0,16.0,16.0,16.0
real,120,gulf,2,ConstVel,0,buffer,17,392,506,0.06819467030259171,501.0,500.0,499.0,498.0,497.0,496.0,495.0,494.0,493.0,492.0,491.0,490.0,490.0,488.0,487.0,486.0,485.0,484.0,483.0,482.0
real,120,gulf,2,ConstVel,0,buffer,18,393,95,0.30684694160321446,78.0,77.0,74.0,73.0,69.0,69.0,64.0,64.0,63.0,63.0,62.0,58.0,58.0,58.0,57.0,57.0,56.0,55.0,55.0,54.0
real,120,gulf,2,ConstVel,0,buffer,19,422,33,0.0809642779554234,17.0,16.0,15.0,15.0,14.0,13.0,9.0,9.0,9.0,8.0,8.0,8.0,8.0,7.0,6.0,6.0,6.0,6.0,6.0,6.0
real,120,gulf,2,ConstVel,0,buffer,20,435,36,0.31601892030546674,6.0,6.0,6.0,6.0,6.0,6.0,6.0,6.0,6.0,6.0,6.0,6.0,6.0,6.0,6.0,6.0,6.0,6.0,6.0,6.0
real,120,gulf,2,ConstVel,0,buffer,21,440,533,0.24277559852080374,512.0,511.0,510.0,510.0,509.0,508.0,507.0,506.0,505.0,504.0,503.0,502.0,501.0,501.0,500.0,499.0,499.0,498.0,498.0,498.0
real,120,gulf,2,ConstVel,0,buffer,22,483,19,0.17417043005953228,6.0,6.0,6.0,6.0,6.0,6.0,6.0,6.0,6.0,6.0,6.0,6.0,6.0,6.0,6.0,6.0,6.0,6.0,6.0,6.0
real,120,gulf,2,ConstVel,0,crossing,0,9,145,0.2525166051467841,145.0,144.0,143.0,142.0,141.0,139.0,138.0,137.0,137.0,134.0,134.0,133.0,131.0,131.0,131.0,113.0,110.0,109.0,109.0,108.0
real,120,gulf,2,ConstVel,0,crossing,1,18,10,0.552803466026154,9.0,6.0,6.0,6.0,6.0,6.0,6.0,6.0,6.0,6.0,6.0,6.0,6.0,6.0,6.0,6.0,6.0,6.0,6.0,6.0
real,120,gulf,2,ConstVel,0,crossing,2,112,374,0.2427666473894172,373.0,372.0,371.0,370.0,369.0,368.0,367.0,366.0,366.0,365.0,365.0,364.0,364.0,351.0,350.0,349.0,349.0,348.0,347.0,346.0
real,120,gulf,2,ConstVel,0,crossing,3,119,545,0.12066016841622584,544.0,543.0,542.0,541.0,540.0,539.0,539.0,537.0,537.0,536.0,536.0,534.0,533.0,533.0,532.0,531.0,529.0,529.0,528.0,526.0
real,120,gulf,2,ConstVel,0,crossing,4,194,160,0.24097585921436068,159.0,158.0,157.0,156.0,155.0,154.0,153.0,152.0,151.0,150.0,150.0,150.0,149.0,149.0,149.0,148.0,148.0,148.0,148.0,147.0
real,120,gulf,2,ConstVel,0,crossing,5,197,86,0.03148015439772444,84.0,84.0,81.0,80.0,74.0,70.0,69.0,68.0,67.0,66.0,64.0,63.0,62.0,61.0,60.0,58.0,58.0,57.0,56.0,55.0
real,120,gulf,2,ConstVel,0,crossing,6,255,47,0.28781293969676514,46.0,45.0,45.0,44.0,42.0,41.0,41.0,40.0,39.0,34.0,33.0,32.0,31.0,30.0,30.0,29.0,28.0,28.0,28.0,28.0
real,120,gulf,2,ConstVel,0,crossing,7,262,25,0.21180976982046548,24.0,23.0,22.0,22.0,20.0,19.0,18.0,17.0,17.0,15.0,14.0,13.0,12.0,11.0,10.0,9.0,9.0,8.0,8.0,7.0
real,120,gulf,2,ConstVel,0,crossing,8,270,488,0.10434544249932537,487.0,486.0,485.0,484.0,483.0,482.0,480.0,479.0,479.0,478.0,477.0,476.0,475.0,474.0,474.0,474.0,473.0,473.0,449.0,449.0
real,120,gulf,2,ConstVel,0,crossing,9,295,124,0.22724816963757405,123.0,122.0,121.0,120.0,119.0,118.0,117.0,116.0,115.0,114.0,113.0,112.0,111.0,110.0,109.0,107.0,107.0,105.0,104.0,103.0
real,120,gulf,2,ConstVel,0,crossing,10,307,86,0.17268371309832978,85.0,84.0,83.0,82.0,82.0,81.0,80.0,79.0,79.0,78.0,77.0,76.0,75.0,75.0,73.0,73.0,72.0,72.0,71.0,70.0
real,120,gulf,2,ConstVel,0,crossing,11,327,616,0.09391636577513113,615.0,613.0,611.0,610.0,609.0,608.0,607.0,606.0,605.0,604.0,604.0,604.0,601.0,601.0,600.0,599.0,599.0,598.0,598.0,595.0
real,120,gulf,2,ConstVel,0,crossing,12,332,532,0.15738216149807072,531.0,527.0,524.0,524.0,521.0,520.0,519.0,519.0,517.0,452.0,451.0,450.0,449.0,448.0,447.0,446.0,445.0,444.0,444.0,443.0
real,120,gulf,2,ConstVel,0,crossing,13,334,18,0.17496996157078257,17.0,16.0,15.0,14.0,13.0,13.0,12.0,12.0,9.0,9.0,9.0,8.0,8.0,8.0,8.0,8.0,7.0,7.0,7.0,6.0
real,120,gulf,2,ConstVel,0,crossing,14,346,24,0.20179138006429215,23.0,19.0,17.0,16.0,16.0,16.0,12.0,11.0,10.0,9.0,8.0,7.0,6.0,6.0,6.0,6.0,6.0,6.0,6.0,6.0
real,120,gulf,2,ConstVel,0,crossing,15,355,164,0.1806987963575175,163.0,162.0,161.0,160.0,159.0,158.0,157.0,156.0,156.0,155.0,153.0,151.0,150.0,149.0,149.0,148.0,147.0,145.0,145.0,144.0
real,120,gulf,2,ConstVel,0,crossing,16,372,44,0.4584527507579535,43.0,37.0,36.0,35.0,33.0,32.0,31.0,31.0,29.0,27.0,26.0,25.0,24.0,23.0,22.0,21.0,21.0,20.0,19.0,18.0
real,120,gulf,2,ConstVel,0,crossing,17,392,506,0.06819467030259171,505.0,504.0,503.0,502.0,501.0,500.0,499.0,498.0,497.0,496.0,495.0,494.0,493.0,492.0,491.0,491.0,490.0,488.0,487.0,486.0
real,120,gulf,2,ConstVel,0,crossing,18,393,95,0.30684694160321446,94.0,93.0,93.0,92.0,92.0,91.0,91.0,90.0,84.0,83.0,82.0,64.0,64.0,64.0,64.0,63.0,59.0,58.0,58.0,58.0
real,120,gulf,2,ConstVel,0,crossing,19,422,33,0.0809642779554234,32.0,32.0,31.0,30.0,29.0,28.0,27.0,26.0,25.0,24.0,23.0,22.0,20.0,20.0,19.0,18.0,18.0,16.0,16.0,15.0
real,120,gulf,2,ConstVel,0,crossing,20,435,36,0.31601892030546674,36.0,36.0,36.0,36.0,36.0,36.0,36.0,36.0,36.0,36.0,36.0,36.0,36.0,36.0,36.0,30.0,30.0,30.0,30.0,30.0
real,120,gulf,2,ConstVel,0,crossing,21,440,533,0.24277559852080374,532.0,532.0,531.0,531.0,531.0,531.0,531.0,522.0,522.0,521.0,518.0,518.0,517.0,516.0,516.0,515.0,514.0,512.0,512.0,512.0
real,120,gulf,2,ConstVel,0,crossing,22,483,19,0.17417043005953228,10.0,10.0,9.0,9.0,9.0,9.0,9.0,9.0,9.0,9.0,9.0,9.0,9.0,9.0,9.0,9.0,9.0,9.0,9.0,9.0
real,120,gulf,2,Kalman,0,buffer,0,9,145,0.2525166051467841,135.0,134.0,133.0,132.0,132.0,131.0,131.0,131.0,131.0,113.0,110.0,110.0,109.0,108.0,107.0,107.0,105.0,104.0,104.0,103.0
real,120,gulf,2,Kalman,0,buffer,1,18,10,0.552803466026154,6.0,6.0,6.0,6.0,6.0,6.0,6.0,6.0,6.0,6.0,6.0,6.0,6.0,6.0,6.0,6.0,6.0,6.0,6.0,6.0
real,120,gulf,2,Kalman,0,buffer,2,112,374,0.2427666473894172,367.0,367.0,366.0,365.0,365.0,364.0,364.0,363.0,351.0,351.0,350.0,349.0,348.0,348.0,347.0,347.0,347.0,339.0,338.0,338.0
real,120,gulf,2,Kalman,0,buffer,3,119,545,0.12066016841622584,518.0,517.0,516.0,515.0,514.0,513.0,512.0,512.0,512.0,511.0,511.0,510.0,509.0,509.0,508.0,508.0,505.0,505.0,504.0,503.0
real,120,gulf,2,Kalman,0,buffer,4,194,160,0.24097585921436068,153.0,152.0,151.0,150.0,150.0,149.0,148.0,148.0,148.0,147.0,147.0,145.0,144.0,144.0,143.0,142.0,140.0,140.0,140.0,140.0
real,120,gulf,2,Kalman,0,buffer,5,197,86,0.03148015439772444,63.0,62.0,61.0,60.0,59.0,58.0,57.0,56.0,55.0,54.0,53.0,52.0,52.0,51.0,50.0,50.0,49.0,49.0,49.0,49.0
real,120,gulf,2,Kalman,0,buffer,6,255,47,0.28781293969676514,36.0,35.0,33.0,32.0,31.0,31.0,30.0,29.0,29.0,28.0,28.0,28.0,27.0,24.0,24.0,23.0,23.0,23.0,23.0,23.0
real,120,gulf,2,Kalman,0,buffer,7,262,25,0.21180976982046548,11.0,10.0,9.0,8.0,7.0,7.0,6.0,6.0,6.0,6.0,6.0,6.0,6.0,6.0,6.0,6.0,6.0,6.0,6.0,6.0
real,120,gulf,2,Kalman,0,buffer,8,270,488,0.10434544249932537,477.0,476.0,475.0,475.0,474.0,473.0,473.0,472.0,471.0,470.0,470.0,464.0,463.0,450.0,450.0,445.0,444.0,443.0,442.0,440.0
real,120,gulf,2,Kalman,0,buffer,9,295,124,0.22724816963757405,114.0,113.0,112.0,111.0,110.0,109.0,108.0,107.0,106.0,105.0,104.0,103.0,102.0,101.0,100.0,100.0,98.0,83.0,83.0,82.0
real,120,gulf,2,Kalman,0,buffer,10,307,86,0.17268371309832978,6.0,6.0,6.0,6.0,6.0,6.0,6.0,6.0,6.0,6.0,6.0,6.0,6.0,6.0,6.0,6.0,6.0,6.0,6.0,6.0
real,120,gulf,2,Kalman,0,buffer,11,327,616,0.09391636577513113,609.0,608.0,607.0,606.0,605.0,604.0,604.0,602.0,601.0,601.0,600.0,599.0,599.0,598.0,598.0,595.0,594.0,594.0,593.0,593.0
real,120,gulf,2,Kalman,0,buffer,12,332,532,0.15738216149807072,518.0,517.0,517.0,516.0,453.0,452.0,450.0,450.0,449.0,448.0,447.0,446.0,445.0,444.0,444.0,443.0,442.0,442.0,439.0,438.0
real,120,gulf,2,Kalman,0,buffer,13,334,18,0.17496996157078257,6.0,6.0,6.0,6.0,6.0,6.0,6.0,6.0,6.0,6.0,6.0,6.0,6.0,6.0,6.0,6.0,6.0,6.0,6.0,6.0
real,120,gulf,2,Kalman,0,buffer,14,346,24,0.20179138006429215,12.0,11.0,10.0,9.0,9.0,8.0,6.0,6.0,6.0,6.0,6.0,6.0,6.0,6.0,6.0,6.0,6.0,6.0,6.0,6.0
real,120,gulf,2,Kalman,0,buffer,15,355,164,0.1806987963575175,151.0,150.0,149.0,148.0,147.0,146.0,145.0,144.0,143.0,142.0,141.0,140.0,139.0,138.0,137.0,137.0,136.0,134.0,133.0,132.0
real,120,gulf,2,Kalman,0,buffer,16,372,44,0.4584527507579535,33.0,32.0,31.0,30.0,28.0,27.0,26.0,25.0,24.0,23.0,22.0,21.0,21.0,20.0,19.0,18.0,18.0,17.0,17.0,17.0
real,120,gulf,2,Kalman,0,buffer,17,392,506,0.06819467030259171,501.0,500.0,499.0,498.0,497.0,496.0,495.0,494.0,493.0,492.0,491.0,490.0,489.0,488.0,487.0,486.0,485.0,484.0,483.0,482.0
real,120,gulf,2,Kalman,0,buffer,18,393,95,0.30684694160321446,78.0,77.0,74.0,73.0,72.0,69.0,65.0,64.0,64.0,63.0,62.0,59.0,58.0,58.0,57.0,57.0,56.0,55.0,55.0,54.0
real,120,gulf,2,Kalman,0,buffer,19,422,33,0.0809642779554234,17.0,16.0,15.0,15.0,14.0,13.0,12.0,9.0,9.0,9.0,8.0,8.0,8.0,8.0,8.0,8.0,8.0,8.0,7.0,7.0
real,120,gulf,2,Kalman,0,buffer,20,435,36,0.31601892030546674,6.0,6.0,6.0,6.0,6.0,6.0,6.0,6.0,6.0,6.0,6.0,6.0,6.0,6.0,6.0,6.0,6.0,6.0,6.0,6.0
real,120,gulf,2,Kalman,0,buffer,21,440,533,0.24277559852080374,512.0,511.0,510.0,510.0,509.0,508.0,507.0,506.0,505.0,504.0,503.0,502.0,501.0,501.0,500.0,500.0,499.0,499.0,499.0,498.0
real,120,gulf,2,Kalman,0,buffer,22,483,19,0.17417043005953228,6.0,6.0,6.0,6.0,6.0,6.0,6.0,6.0,6.0,6.0,6.0,6.0,6.0,6.0,6.0,6.0,6.0,6.0,6.0,6.0
real,120,gulf,2,Kalman,0,crossing,0,9,145,0.2525166051467841,145.0,144.0,143.0,142.0,141.0,139.0,138.0,138.0,137.0,137.0,134.0,134.0,133.0,133.0,132.0,114.0,110.0,110.0,109.0,108.0
real,120,gulf,2,Kalman,0,crossing,1,18,10,0.552803466026154,9.0,6.0,6.0,6.0,6.0,6.0,6.0,6.0,6.0,6.0,6.0,6.0,6.0,6.0,6.0,6.0,6.0,6.0,6.0,6.0
real,120,gulf,2,Kalman,0,crossing,2,112,374,0.2427666473894172,373.0,372.0,371.0,370.0,369.0,368.0,367.0,366.0,366.0,365.0,365.0,365.0,352.0,351.0,350.0,349.0,349.0,348.0,348.0,347.0
real,120,gulf,2,Kalman,0,crossing,3,119,545,0.12066016841622584,544.0,543.0,542.0,541.0,540.0,539.0,539.0,537.0,537.0,536.0,535.0,534.0,533.0,533.0,532.0,530.0,529.0,529.0,528.0,526.0
real,120,gulf,2,Kalman,0,crossing,4,194,160,0.24097585921436068,159.0,158.0,157.0,156.0,155.0,154.0,153.0,152.0,151.0,151.0,150.0,150.0,150.0,149.0,149.0,149.0,148.0,148.0,148.0,148.0
real,120,gulf,2,Kalman,0,crossing,5,197,86,0.03148015439772444,84.0,84.0,81.0,76.0,74.0,70.0,69.0,68.0,67.0,66.0,64.0,63.0,62.0,61.0,59.0,58.0,58.0,57.0,56.0,55.0
real,120,gulf,2,Kalman,0,crossing,6,255,47,0.28781293969676514,46.0,45.0,45.0,43.0,42.0,41.0,41.0,40.0,39.0,34.0,33.0,32.0,31.0,30.0,30.0,30.0,29.0,29.0,28.0,28.0
real,120,gulf,2,Kalman,0,crossing,7,262,25,0.21180976982046548,24.0,23.0,22.0,21.0,20.0,19.0,18.0,17.0,16.0,15.0,14.0,13.0,12.0,11.0,10.0,10.0,9.0,8.0,8.0,7.0
real,120,gulf,2,Kalman,0,crossing,8,270,488,0.10434544249932537,487.0,486.0,485.0,484.0,483.0,482.0,480.0,479.0,479.0,478.0,477.0,476.0,475.0,475.0,474.0,474.0,474.0,473.0,473.0,450.0
real,120,gulf,2,Kalman,0,crossing,9,295,124,0.22724816963757405,123.0,122.0,121.0,120.0,119.0,118.0,117.0,116.0,115.0,114.0,113.0,112.0,111.0,110.0,108.0,107.0,106.0,105.0,104.0,103.0
real,120,gulf,2,Kalman,0,crossing,10,307,86,0.17268371309832978,85.0,84.0,83.0,83.0,82.0,81.0,80.0,79.0,79.0,78.0,77.0,76.0,75.0,75.0,74.0,73.0,72.0,72.0,71.0,70.0
real,120,gulf,2,Kalman,0,crossing,11,327,616,0.09391636577513113,614.0,612.0,611.0,610.0,609.0,608.0,607.0,606.0,605.0,604.0,604.0,603.0,602.0,601.0,600.0,600.0,599.0,599.0,598.0,596.0
real,120,gulf,2,Kalman,0,crossing,12,332,532,0.15738216149807072,531.0,527.0,524.0,522.0,521.0,520.0,519.0,519.0,453.0,452.0,451.0,450.0,449.0,448.0,447.0,446.0,445.0,445.0,444.0,443.0
real,120,gulf,2,Kalman,0,crossing,13,334,18,0.17496996157078257,17.0,16.0,15.0,14.0,13.0,13.0,12.0,11.0,10.0,9.0,9.0,9.0,8.0,8.0,8.0,8.0,8.0,7.0,7.0,7.0
real,120,gulf,2,Kalman,0,crossing,14,346,24,0.20179138006429215,23.0,19.0,17.0,16.0,16.0,16.0,12.0,11.0,10.0,9.0,8.0,7.0,6.0,6.0,6.0,6.0,6.0,6.0,6.0,6.0
real,120,gulf,2,Kalman,0,crossing,15,355,164,0.1806987963575175,163.0,162.0,161.0,160.0,159.0,158.0,157.0,157.0,156.0,155.0,153.0,151.0,150.0,149.0,149.0,148.0,147.0,146.0,145.0,144.0
real,120,gulf,2,Kalman,0,crossing,16,372,44,0.4584527507579535,43.0,37.0,36.0,35.0,33.0,32.0,31.0,31.0,29.0,27.0,26.0,25.0,24.0,23.0,22.0,21.0,21.0,20.0,19.0,19.0
real,120,gulf,2,Kalman,0,crossing,17,392,506,0.06819467030259171,505.0,504.0,503.0,502.0,501.0,500.0,499.0,498.0,497.0,496.0,495.0,494.0,493.0,492.0,491.0,491.0,490.0,488.0,487.0,486.0
real,120,gulf,2,Kalman,0,crossing,18,393,95,0.30684694160321446,94.0,94.0,93.0,93.0,92.0,91.0,91.0,90.0,84.0,83.0,83.0,65.0,64.0,64.0,64.0,63.0,59.0,59.0,58.0,58.0
real,120,gulf,2,Kalman,0,crossing,19,422,33,0.0809642779554234,32.0,32.0,31.0,30.0,29.0,28.0,27.0,26.0,25.0,24.0,23.0,22.0,21.0,20.0,19.0,18.0,18.0,17.0,16.0,16.0
real,120,gulf,2,Kalman,0,crossing,20,435,36,0.31601892030546674,36.0,36.0,36.0,36.0,36.0,36.0,36.0,36.0,36.0,36.0,36.0,36.0,36.0,36.0,36.0,36.0,36.0,36.0,36.0,35.0
real,120,gulf,2,Kalman,0,crossing,21,440,533,0.24277559852080374,532.0,532.0,532.0,531.0,531.0,531.0,528.0,522.0,521.0,519.0,518.0,518.0,517.0,517.0,516.0,515.0,514.0,513.0,512.0,512.0
real,120,gulf,2,Kalman,0,crossing,22,483,19,0.17417043005953228,10.0,10.0,10.0,10.0,10.0,9.0,9.0,9.0,9.0,9.0,9.0,9.0,9.0,9.0,9.0,9.0,9.0,9.0,9.0,9.0
real,120,gulf,2,LSTM-rec,0,buffer,0,9,145,0.2525166051467841,135.0,134.0,133.0,133.0,131.0,131.0,131.0,131.0,131.0,113.0,113.0,110.0,109.0,109.0,108.0,107.0,107.0,106.0,104.0,104.0
real,120,gulf,2,LSTM-rec,0,buffer,1,18,10,0.552803466026154,6.0,6.0,6.0,6.0,6.0,6.0,6.0,6.0,6.0,6.0,6.0,6.0,6.0,6.0,6.0,6.0,6.0,6.0,6.0,6.0
real,120,gulf,2,LSTM-rec,0,buffer,2,112,374,0.2427666473894172,367.0,366.0,366.0,365.0,364.0,364.0,364.0,363.0,362.0,351.0,351.0,350.0,349.0,348.0,348.0,348.0,347.0,347.0,346.0,346.0
real,120,gulf,2,LSTM-rec,0,buffer,3,119,545,0.12066016841622584,518.0,517.0,516.0,514.0,513.0,512.0,511.0,510.0,508.0,507.0,504.0,502.0,501.0,499.0,497.0,492.0,489.0,488.0,484.0,482.0
real,120,gulf,2,LSTM-rec,0,buffer,4,194,160,0.24097585921436068,153.0,152.0,151.0,150.0,149.0,149.0,148.0,148.0,147.0,147.0,146.0,144.0,143.0,142.0,140.0,140.0,139.0,139.0,139.0,139.0
real,120,gulf,2,LSTM-rec,0,buffer,5,197,86,0.03148015439772444,63.0,62.0,61.0,60.0,59.0,58.0,57.0,56.0,55.0,54.0,53.0,52.0,51.0,50.0,50.0,49.0,49.0,49.0,48.0,48.0
real,120,gulf,2,LSTM-rec,0,buffer,6,255,47,0.28781293969676514,36.0,35.0,33.0,32.0,32.0,30.0,30.0,29.0,28.0,28.0,28.0,27.0,24.0,24.0,23.0,22.0,22.0,22.0,22.0,22.0
real,120,gulf,2,LSTM-rec,0,buffer,7,262,25,0.21180976982046548,11.0,10.0,9.0,8.0,7.0,6.0,6.0,6.0,6.0,6.0,6.0,6.0,6.0,6.0,6.0,6.0,6.0,6.0,6.0,6.0
real,120,gulf,2,LSTM-rec,0,buffer,8,270,488,0.10434544249932537,477.0,476.0,475.0,475.0,474.0,473.0,472.0,472.0,470.0,469.0,469.0,464.0,462.0,461.0,460.0,459.0,449.0,449.0,444.0,443.0
real,120,gulf,2,LSTM-rec,0,buffer,9,295,124,0.22724816963757405,114.0,113.0,112.0,111.0,110.0,109.0,108.0,107.0,106.0,105.0,104.0,104.0,103.0,102.0,101.0,101.0,100.0,100.0,100.0,83.0
real,120,gulf,2,LSTM-rec,0,buffer,10,307,86,0.17268371309832978,6.0,6.0,6.0,6.0,6.0,6.0,6.0,6.0,6.0,6.0,6.0,6.0,6.0,6.0,6.0,6.0,6.0,6.0,6.0,6.0
real,120,gulf,2,LSTM-rec,0,buffer,11,327,616,0.09391636577513113,609.0,608.0,607.0,606.0,605.0,604.0,604.0,603.0,602.0,601.0,601.0,600.0,599.0,599.0,598.0,598.0,598.0,596.0,595.0,594.0
real,120,gulf,2,LSTM-rec,0,buffer,12,332,532,0.15738216149807072,518.0,517.0,516.0,516.0,453.0,452.0,451.0,450.0,450.0,449.0,448.0,447.0,446.0,445.0,445.0,444.0,444.0,443.0,443.0,442.0
real,120,gulf,2,LSTM-rec,0,buffer,13,334,18,0.17496996157078257,6.0,6.0,6.0,6.0,6.0,6.0,6.0,6.0,6.0,6.0,6.0,6.0,6.0,6.0,6.0,6.0,6.0,6.0,6.0,6.0
real,120,gulf,2,LSTM-rec,0,buffer,14,346,24,0.20179138006429215,12.0,11.0,10.0,10.0,9.0,8.0,7.0,6.0,6.0,6.0,6.0,6.0,6.0,6.0,6.0,6.0,6.0,6.0,6.0,6.0
real,120,gulf,2,LSTM-rec,0,buffer,15,355,164,0.1806987963575175,151.0,150.0,149.0,148.0,147.0,146.0,145.0,144.0,143.0,141.0,140.0,139.0,138.0,138.0,137.0,135.0,134.0,133.0,131.0,131.0
real,120,gulf,2,LSTM-rec,0,buffer,16,372,44,0.4584527507579535,33.0,32.0,31.0,30.0,29.0,27.0,26.0,26.0,25.0,24.0,23.0,22.0,21.0,21.0,21.0,20.0,19.0,19.0,18.0,18.0
real,120,gulf,2,LSTM-rec,0,buffer,17,392,506,0.06819467030259171,501.0,500.0,499.0,498.0,497.0,496.0,495.0,495.0,494.0,493.0,492.0,492.0,491.0,490.0,489.0,488.0,487.0,487.0,486.0,485.0
real,120,gulf,2,LSTM-rec,0,buffer,18,393,95,0.30684694160321446,78.0,77.0,74.0,73.0,72.0,69.0,65.0,64.0,64.0,63.0,63.0,59.0,59.0,58.0,58.0,58.0,57.0,56.0,56.0,55.0
real,120,gulf,2,LSTM-rec,0,buffer,19,422,33,0.0809642779554234,17.0,16.0,15.0,14.0,13.0,12.0,11.0,9.0,9.0,8.0,8.0,7.0,6.0,6.0,6.0,6.0,6.0,6.0,6.0,6.0
real,120,gulf,2,LSTM-rec,0,buffer,20,435,36,0.31601892030546674,6.0,6.0,6.0,6.0,6.0,6.0,6.0,6.0,6.0,6.0,6.0,6.0,6.0,6.0,6.0,6.0,6.0,6.0,6.0,6.0
real,120,gulf,2,LSTM-rec,0,buffer,21,440,533,0.24277559852080374,512.0,511.0,510.0,509.0,508.0,506.0,505.0,503.0,502.0,500.0,499.0,498.0,498.0,495.0,492.0,488.0,487.0,484.0,482.0,478.0
real,120,gulf,2,LSTM-rec,0,buffer,22,483,19,0.17417043005953228,6.0,6.0,6.0,6.0,6.0,6.0,6.0,6.0,6.0,6.0,6.0,6.0,6.0,6.0,6.0,6.0,6.0,6.0,6.0,6.0
real,120,gulf,2,LSTM-rec,0,crossing,0,9,145,0.2525166051467841,145.0,144.0,143.0,142.0,141.0,138.0,138.0,137.0,137.0,134.0,134.0,133.0,133.0,131.0,131.0,131.0,113.0,113.0,110.0,109.0
real,120,gulf,2,LSTM-rec,0,crossing,1,18,10,0.552803466026154,9.0,6.0,6.0,6.0,6.0,6.0,6.0,6.0,6.0,6.0,6.0,6.0,6.0,6.0,6.0,6.0,6.0,6.0,6.0,6.0
real,120,gulf,2,LSTM-rec,0,crossing,2,112,374,0.2427666473894172,373.0,372.0,371.0,370.0,369.0,368.0,367.0,366.0,366.0,365.0,365.0,364.0,364.0,364.0,364.0,351.0,350.0,349.0,349.0,348.0
real,120,gulf,2,LSTM-rec,0,crossing,3,119,545,0.12066016841622584,544.0,543.0,542.0,540.0,539.0,538.0,537.0,535.0,533.0,532.0,530.0,528.0,526.0,525.0,523.0,520.0,516.0,514.0,512.0,512.0
real,120,gulf,2,LSTM-rec,0,crossing,4,194,160,0.24097585921436068,159.0,158.0,157.0,156.0,155.0,154.0,154.0,153.0,151.0,151.0,150.0,150.0,149.0,149.0,149.0,148.0,148.0,147.0,147.0,147.0
real,120,gulf,2,LSTM-rec,0,crossing,5,197,86,0.03148015439772444,84.0,83.0,80.0,75.0,73.0,70.0,69.0,68.0,67.0,66.0,64.0,63.0,62.0,61.0,59.0,58.0,58.0,57.0,56.0,55.0
real,120,gulf,2,LSTM-rec,0,crossing,6,255,47,0.28781293969676514,46.0,45.0,45.0,44.0,42.0,41.0,40.0,39.0,38.0,34.0,33.0,32.0,31.0,30.0,30.0,29.0,28.0,28.0,28.0,28.0
real,120,gulf,2,LSTM-rec,0,crossing,7,262,25,0.21180976982046548,24.0,23.0,22.0,21.0,20.0,19.0,17.0,17.0,15.0,14.0,13.0,11.0,10.0,9.0,8.0,8.0,6.0,6.0,6.0,6.0
real,120,gulf,2,LSTM-rec,0,crossing,8,270,488,0.10434544249932537,487.0,486.0,485.0,484.0,483.0,482.0,480.0,479.0,479.0,477.0,476.0,475.0,475.0,474.0,473.0,473.0,472.0,470.0,470.0,464.0
real,120,gulf,2,LSTM-rec,0,crossing,9,295,124,0.22724816963757405,123.0,122.0,121.0,120.0,119.0,118.0,117.0,116.0,115.0,115.0,114.0,113.0,112.0,111.0,110.0,109.0,108.0,107.0,107.0,106.0
real,120,gulf,2,LSTM-rec,0,crossing,10,307,86,0.17268371309832978,85.0,84.0,83.0,82.0,82.0,81.0,80.0,79.0,78.0,76.0,75.0,75.0,73.0,72.0,71.0,70.0,69.0,67.0,66.0,64.0
real,120,gulf,2,LSTM-rec,0,crossing,11,327,616,0.09391636577513113,615.0,613.0,611.0,610.0,609.0,608.0,608.0,607.0,605.0,605.0,604.0,604.0,604.0,603.0,602.0,601.0,600.0,600.0,599.0,599.0
real,120,gulf,2,LSTM-rec,0,crossing,12,332,532,0.15738216149807072,531.0,527.0,524.0,523.0,521.0,520.0,519.0,519.0,518.0,453.0,452.0,451.0,450.0,450.0,449.0,449.0,448.0,447.0,446.0,445.0
real,120,gulf,2,LSTM-rec,0,crossing,13,334,18,0.17496996157078257,17.0,16.0,15.0,14.0,13.0,12.0,12.0,10.0,9.0,8.0,8.0,8.0,7.0,6.0,6.0,6.0,6.0,6.0,6.0,6.0
real,120,gulf,2,LSTM-rec,0,crossing,14,346,24,0.20179138006429215,23.0,19.0,17.0,16.0,16.0,16.0,12.0,11.0,10.0,10.0,9.0,8.0,7.0,6.0,6.0,6.0,6.0,6.0,6.0,6.0
real,120,gulf,2,LSTM-rec,0,crossing,15,355,164,0.1806987963575175,163.0,162.0,161.0,160.0,159.0,158.0,157.0,156.0,155.0,154.0,152.0,151.0,150.0,149.0,148.0,147.0,145.0,144.0,143.0,142.0
real,120,gulf,2,LSTM-rec,0,crossing,16,372,44,0.4584527507579535,43.0,37.0,36.0,35.0,34.0,32.0,32.0,31.0,30.0,29.0,27.0,26.0,26.0,24.0,24.0,23.0,22.0,22.0,21.0,21.0
real,120,gulf,2,LSTM-rec,0,crossing,17,392,506,0.06819467030259171,505.0,504.0,503.0,502.0,501.0,500.0,499.0,498.0,498.0,497.0,496.0,495.0,495.0,494.0,493.0,492.0,492.0,491.0,490.0,490.0
real,120,gulf,2,LSTM-rec,0,crossing,18,393,95,0.30684694160321446,94.0,93.0,93.0,92.0,92.0,91.0,90.0,85.0,84.0,83.0,82.0,81.0,65.0,64.0,64.0,64.0,63.0,63.0,59.0,58.0
real,120,gulf,2,LSTM-rec,0,crossing,19,422,33,0.0809642779554234,32.0,31.0,30.0,29.0,28.0,27.0,26.0,25.0,23.0,22.0,21.0,19.0,18.0,17.0,16.0,15.0,15.0,13.0,12.0,9.0
real,120,gulf,2,LSTM-rec,0,crossing,20,435,36,0.31601892030546674,36.0,6.0,6.0,6.0,6.0,6.0,6.0,6.0,6.0,6.0,6.0,6.0,6.0,6.0,6.0,6.0,6.0,6.0,6.0,6.0
real,120,gulf,2,LSTM-rec,0,crossing,21,440,533,0.24277559852080374,532.0,532.0,531.0,531.0,531.0,526.0,522.0,521.0,518.0,518.0,517.0,516.0,515.0,513.0,512.0,511.0,510.0,509.0,509.0,505.0
real,120,gulf,2,LSTM-rec,0,crossing,22,483,19,0.17417043005953228,6.0,6.0,6.0,6.0,6.0,6.0,6.0,6.0,6.0,6.0,6.0,6.0,6.0,6.0,6.0,6.0,6.0,6.0,6.0,6.0
real,120,gulf,2,LSTM-ms,0,buffer,0,9,145,0.2525166051467841,135.0,134.0,133.0,132.0,131.0,131.0,131.0,131.0,131.0,131.0,131.0,131.0,113.0,113.0,113.0,110.0,110.0,109.0,109.0,109.0
real,120,gulf,2,LSTM-ms,0,buffer,1,18,10,0.552803466026154,6.0,6.0,6.0,6.0,6.0,6.0,6.0,6.0,6.0,6.0,6.0,6.0,6.0,6.0,6.0,6.0,6.0,6.0,6.0,6.0
real,120,gulf,2,LSTM-ms,0,buffer,2,112,374,0.2427666473894172,367.0,367.0,366.0,365.0,365.0,364.0,364.0,364.0,364.0,364.0,362.0,352.0,351.0,351.0,350.0,350.0,350.0,349.0,349.0,349.0
real,120,gulf,2,LSTM-ms,0,buffer,3,119,545,0.12066016841622584,519.0,517.0,516.0,516.0,515.0,514.0,514.0,514.0,512.0,512.0,512.0,512.0,512.0,512.0,512.0,512.0,511.0,511.0,511.0,511.0
real,120,gulf,2,LSTM-ms,0,buffer,4,194,160,0.24097585921436068,153.0,152.0,151.0,150.0,150.0,150.0,149.0,149.0,148.0,148.0,148.0,148.0,147.0,147.0,147.0,147.0,146.0,146.0,144.0,144.0
real,120,gulf,2,LSTM-ms,0,buffer,5,197,86,0.03148015439772444,63.0,63.0,62.0,61.0,60.0,60.0,59.0,58.0,58.0,57.0,57.0,57.0,56.0,56.0,55.0,55.0,54.0,54.0,53.0,53.0
real,120,gulf,2,LSTM-ms,0,buffer,6,255,47,0.28781293969676514,36.0,35.0,34.0,33.0,32.0,31.0,31.0,30.0,30.0,30.0,29.0,28.0,28.0,28.0,28.0,28.0,28.0,27.0,27.0,27.0
real,120,gulf,2,LSTM-ms,0,buffer,7,262,25,0.21180976982046548,11.0,10.0,9.0,8.0,8.0,7.0,7.0,6.0,6.0,6.0,6.0,6.0,6.0,6.0,6.0,6.0,6.0,6.0,6.0,6.0
real,120,gulf,2,LSTM-ms,0,buffer,8,270,488,0.10434544249932537,477.0,477.0,476.0,475.0,474.0,474.0,473.0,473.0,473.0,472.0,472.0,472.0,470.0,470.0,470.0,469.0,469.0,464.0,463.0,462.0
real,120,gulf,2,LSTM-ms,0,buffer,9,295,124,0.22724816963757405,114.0,113.0,113.0,112.0,111.0,111.0,110.0,109.0,109.0,108.0,108.0,107.0,107.0,107.0,106.0,106.0,106.0,105.0,105.0,104.0
real,120,gulf,2,LSTM-ms,0,buffer,10,307,86,0.17268371309832978,6.0,6.0,6.0,6.0,6.0,6.0,6.0,6.0,6.0,6.0,6.0,6.0,6.0,6.0,6.0,6.0,6.0,6.0,6.0,6.0
real,120,gulf,2,LSTM-ms,0,buffer,11,327,616,0.09391636577513113,609.0,608.0,607.0,607.0,606.0,605.0,604.0,604.0,604.0,603.0,602.0,602.0,601.0,601.0,600.0,600.0,599.0,599.0,599.0,598.0
real,120,gulf,2,LSTM-ms,0,buffer,12,332,532,0.15738216149807072,518.0,517.0,517.0,516.0,516.0,453.0,452.0,451.0,450.0,450.0,449.0,449.0,449.0,448.0,448.0,447.0,446.0,446.0,445.0,445.0
real,120,gulf,2,LSTM-ms,0,buffer,13,334,18,0.17496996157078257,6.0,6.0,6.0,6.0,6.0,6.0,6.0,6.0,6.0,6.0,6.0,6.0,6.0,6.0,6.0,6.0,6.0,6.0,6.0,6.0
real,120,gulf,2,LSTM-ms,0,buffer,14,346,24,0.20179138006429215,12.0,11.0,11.0,10.0,9.0,9.0,8.0,8.0,7.0,6.0,6.0,6.0,6.0,6.0,6.0,6.0,6.0,6.0,6.0,6.0
real,120,gulf,2,LSTM-ms,0,buffer,15,355,164,0.1806987963575175,151.0,150.0,149.0,149.0,148.0,147.0,147.0,146.0,145.0,145.0,144.0,144.0,143.0,143.0,143.0,142.0,141.0,141.0,141.0,140.0
real,120,gulf,2,LSTM-ms,0,buffer,16,372,44,0.4584527507579535,33.0,32.0,31.0,31.0,30.0,29.0,27.0,26.0,26.0,25.0,25.0,24.0,24.0,23.0,22.0,22.0,21.0,21.0,21.0,20.0
real,120,gulf,2,LSTM-ms,0,buffer,17,392,506,0.06819467030259171,501.0,500.0,499.0,498.0,498.0,497.0,496.0,496.0,495.0,494.0,494.0,493.0,492.0,492.0,492.0,491.0,491.0,491.0,490.0,490.0
real,120,gulf,2,LSTM-ms,0,buffer,18,393,95,0.30684694160321446,78.0,77.0,77.0,74.0,73.0,73.0,69.0,69.0,65.0,64.0,64.0,64.0,64.0,63.0,63.0,63.0,63.0,63.0,59.0,59.0
real,120,gulf,2,LSTM-ms,0,buffer,19,422,33,0.0809642779554234,17.0,16.0,15.0,15.0,15.0,14.0,13.0,13.0,12.0,9.0,9.0,9.0,9.0,9.0,9.0,9.0,9.0,9.0,9.0,9.0
real,120,gulf,2,LSTM-ms,0,buffer,20,435,36,0.31601892030546674,6.0,6.0,6.0,6.0,6.0,6.0,6.0,6.0,6.0,6.0,6.0,6.0,6.0,6.0,6.0,6.0,6.0,6.0,6.0,6.0
real,120,gulf,2,LSTM-ms,0,buffer,21,440,533,0.24277559852080374,512.0,511.0,510.0,510.0,509.0,509.0,509.0,509.0,507.0,507.0,506.0,506.0,505.0,505.0,505.0,504.0,504.0,503.0,503.0,503.0
real,120,gulf,2,LSTM-ms,0,buffer,22,483,19,0.17417043005953228,6.0,6.0,6.0,6.0,6.0,6.0,6.0,6.0,6.0,6.0,6.0,6.0,6.0,6.0,6.0,6.0,6.0,6.0,6.0,6.0
real,120,gulf,2,LSTM-ms,0,crossing,0,9,145,0.2525166051467841,145.0,144.0,143.0,142.0,142.0,141.0,139.0,138.0,138.0,138.0,137.0,137.0,137.0,134.0,134.0,134.0,134.0,134.0,133.0,133.0
real,120,gulf,2,LSTM-ms,0,crossing,1,18,10,0.552803466026154,10.0,9.0,6.0,6.0,6.0,6.0,6.0,6.0,6.0,6.0,6.0,6.0,6.0,6.0,6.0,6.0,6.0,6.0,6.0,6.0
real,120,gulf,2,LSTM-ms,0,crossing,2,112,374,0.2427666473894172,373.0,372.0,371.0,371.0,370.0,369.0,368.0,368.0,367.0,367.0,366.0,366.0,366.0,365.0,365.0,365.0,365.0,364.0,364.0,364.0
real,120,gulf,2,LSTM-ms,0,crossing,3,119,545,0.12066016841622584,544.0,543.0,542.0,542.0,541.0,540.0,540.0,540.0,539.0,539.0,538.0,537.0,537.0,537.0,537.0,537.0,536.0,536.0,536.0,536.0
real,120,gulf,2,LSTM-ms,0,crossing,4,194,160,0.24097585921436068,159.0,158.0,157.0,157.0,156.0,155.0,154.0,154.0,153.0,153.0,152.0,152.0,151.0,151.0,150.0,150.0,150.0,150.0,150.0,150.0
real,120,gulf,2,LSTM-ms,0,crossing,5,197,86,0.03148015439772444,84.0,84.0,84.0,84.0,84.0,84.0,75.0,73.0,70.0,69.0,68.0,68.0,68.0,67.0,67.0,67.0,66.0,66.0,64.0,64.0
real,120,gulf,2,LSTM-ms,0,crossing,6,255,47,0.28781293969676514,46.0,45.0,45.0,44.0,43.0,42.0,42.0,41.0,40.0,40.0,39.0,39.0,35.0,34.0,33.0,33.0,32.0,32.0,31.0,31.0
real,120,gulf,2,LSTM-ms,0,crossing,7,262,25,0.21180976982046548,24.0,23.0,23.0,22.0,21.0,21.0,20.0,19.0,19.0,18.0,17.0,17.0,17.0,15.0,15.0,14.0,14.0,14.0,13.0,13.0
real,120,gulf,2,LSTM-ms,0,crossing,8,270,488,0.10434544249932537,487.0,486.0,485.0,484.0,483.0,483.0,482.0,481.0,480.0,479.0,479.0,479.0,478.0,478.0,477.0,477.0,476.0,476.0,475.0,475.0
real,120,gulf,2,LSTM-ms,0,crossing,9,295,124,0.22724816963757405,123.0,122.0,122.0,121.0,120.0,120.0,119.0,118.0,118.0,117.0,117.0,117.0,116.0,116.0,115.0,115.0,115.0,115.0,114.0,114.0
real,120,gulf,2,LSTM-ms,0,crossing,10,307,86,0.17268371309832978,85.0,85.0,84.0,83.0,82.0,82.0,82.0,81.0,80.0,80.0,79.0,79.0,79.0,78.0,78.0,78.0,77.0,77.0,76.0,76.0
real,120,gulf,2,LSTM-ms,0,crossing,11,327,616,0.09391636577513113,615.0,614.0,611.0,610.0,610.0,609.0,608.0,608.0,608.0,607.0,606.0,605.0,605.0,604.0,604.0,604.0,604.0,603.0,602.0,602.0
real,120,gulf,2,LSTM-ms,0,crossing,12,332,532,0.15738216149807072,531.0,531.0,527.0,524.0,524.0,521.0,521.0,520.0,520.0,519.0,519.0,519.0,518.0,453.0,452.0,451.0,450.0,450.0,450.0,449.0
real,120,gulf,2,LSTM-ms,0,crossing,13,334,18,0.17496996157078257,17.0,16.0,16.0,15.0,14.0,14.0,13.0,12.0,12.0,12.0,12.0,12.0,10.0,10.0,9.0,9.0,9.0,9.0,9.0,8.0
real,120,gulf,2,LSTM-ms,0,crossing,14,346,24,0.20179138006429215,23.0,20.0,18.0,17.0,16.0,16.0,16.0,16.0,12.0,11.0,11.0,11.0,10.0,10.0,10.0,9.0,9.0,8.0,8.0,8.0
real,120,gulf,2,LSTM-ms,0,crossing,15,355,164,0.1806987963575175,163.0,162.0,161.0,161.0,160.0,159.0,159.0,158.0,158.0,157.0,157.0,156.0,156.0,156.0,155.0,155.0,154.0,153.0,152.0,152.0
real,120,gulf,2,LSTM-ms,0,crossing,16,372,44,0.4584527507579535,43.0,43.0,37.0,35.0,35.0,34.0,33.0,32.0,32.0,31.0,31.0,31.0,30.0,27.0,26.0,26.0,25.0,25.0,24.0,24.0
real,120,gulf,2,LSTM-ms,0,crossing,17,392,506,0.06819467030259171,505.0,504.0,503.0,502.0,502.0,501.0,500.0,500.0,499.0,498.0,498.0,497.0,497.0,496.0,495.0,495.0,494.0,494.0,493.0,493.0
real,120,gulf,2,LSTM-ms,0,crossing,18,393,95,0.30684694160321446,94.0,93.0,93.0,93.0,93.0,92.0,92.0,92.0,92.0,91.0,91.0,91.0,91.0,91.0,91.0,84.0,84.0,83.0,83.0,83.0
real,120,gulf,2,LSTM-ms,0,crossing,19,422,33,0.0809642779554234,32.0,32.0,31.0,30.0,29.0,29.0,28.0,28.0,27.0,26.0,26.0,25.0,25.0,25.0,24.0,24.0,23.0,23.0,22.0,22.0
real,120,gulf,2,LSTM-ms,0,crossing,20,435,36,0.31601892030546674,36.0,36.0,36.0,36.0,36.0,36.0,36.0,36.0,36.0,36.0,36.0,36.0,36.0,36.0,36.0,36.0,36.0,36.0,36.0,36.0
real,120,gulf,2,LSTM-ms,0,crossing,21,440,533,0.24277559852080374,532.0,532.0,531.0,531.0,531.0,531.0,531.0,531.0,531.0,531.0,522.0,522.0,522.0,521.0,521.0,521.0,518.0,518.0,518.0,518.0
real,120,gulf,2,LSTM-ms,0,crossing,22,483,19,0.17417043005953228,,9.0,9.0,9.0,9.0,9.0,9.0,9.0,9.0,9.0,9.0,9.0,9.0,9.0,9.0,9.0,9.0,9.0,9.0,9.0
real,120,gulf,2,LSTM-rec,1,buffer,0,9,145,0.2525166051467841,135.0,134.0,133.0,132.0,131.0,131.0,131.0,131.0,113.0,113.0,110.0,109.0,108.0,107.0,107.0,105.0,104.0,104.0,103.0,103.0
real,120,gulf,2,LSTM-rec,1,buffer,1,18,10,0.552803466026154,6.0,6.0,6.0,6.0,6.0,6.0,6.0,6.0,6.0,6.0,6.0,6.0,6.0,6.0,6.0,6.0,6.0,6.0,6.0,6.0
real,120,gulf,2,LSTM-rec,1,buffer,2,112,374,0.2427666473894172,367.0,366.0,366.0,365.0,364.0,364.0,363.0,363.0,351.0,350.0,349.0,349.0,348.0,348.0,347.0,347.0,346.0,339.0,338.0,338.0
real,120,gulf,2,LSTM-rec,1,buffer,3,119,545,0.12066016841622584,518.0,517.0,515.0,514.0,512.0,511.0,509.0,508.0,504.0,502.0,499.0,497.0,491.0,488.0,483.0,479.0,446.0,445.0,445.0,444.0
real,120,gulf,2,LSTM-rec,1,buffer,4,194,160,0.24097585921436068,153.0,151.0,151.0,150.0,149.0,148.0,148.0,147.0,147.0,144.0,143.0,142.0,140.0,140.0,139.0,139.0,138.0,134.0,133.0,133.0
real,120,gulf,2,LSTM-rec,1,buffer,5,197,86,0.03148015439772444,63.0,62.0,61.0,60.0,59.0,57.0,56.0,55.0,54.0,52.0,51.0,50.0,49.0,49.0,48.0,48.0,20.0,20.0,6.0,6.0
real,120,gulf,2,LSTM-rec,1,buffer,6,255,47,0.28781293969676514,36.0,34.0,33.0,32.0,31.0,30.0,29.0,28.0,28.0,27.0,24.0,24.0,23.0,22.0,22.0,22.0,22.0,21.0,21.0,21.0
real,120,gulf,2,LSTM-rec,1,buffer,7,262,25,0.21180976982046548,11.0,10.0,8.0,7.0,6.0,6.0,6.0,6.0,6.0,6.0,6.0,6.0,6.0,6.0,6.0,6.0,6.0,6.0,6.0,6.0
real,120,gulf,2,LSTM-rec,1,buffer,8,270,488,0.10434544249932537,477.0,476.0,475.0,474.0,473.0,473.0,472.0,470.0,469.0,464.0,462.0,461.0,460.0,450.0,449.0,449.0,444.0,443.0,442.0,441.0
real,120,gulf,2,LSTM-rec,1,buffer,9,295,124,0.22724816963757405,114.0,113.0,112.0,111.0,109.0,108.0,107.0,106.0,105.0,104.0,103.0,101.0,100.0,100.0,98.0,96.0,83.0,83.0,82.0,81.0
real,120,gulf,2,LSTM-rec,1,buffer,10,307,86,0.17268371309832978,6.0,6.0,6.0,6.0,6.0,6.0,6.0,6.0,6.0,6.0,6.0,6.0,6.0,6.0,6.0,6.0,6.0,6.0,6.0,6.0
real,120,gulf,2,LSTM-rec,1,buffer,11,327,616,0.09391636577513113,609.0,608.0,607.0,606.0,605.0,604.0,604.0,603.0,601.0,600.0,600.0,599.0,598.0,598.0,596.0,595.0,594.0,594.0,593.0,593.0
real,120,gulf,2,LSTM-rec,1,buffer,12,332,532,0.15738216149807072,518.0,517.0,516.0,516.0,453.0,451.0,450.0,450.0,449.0,448.0,446.0,445.0,445.0,444.0,443.0,443.0,442.0,441.0,439.0,438.0
real,120,gulf,2,LSTM-rec,1,buffer,13,334,18,0.17496996157078257,6.0,6.0,6.0,6.0,6.0,6.0,6.0,6.0,6.0,6.0,6.0,6.0,6.0,6.0,6.0,6.0,6.0,6.0,6.0,6.0
real,120,gulf,2,LSTM-rec,1,buffer,14,346,24,0.20179138006429215,12.0,11.0,10.0,9.0,8.0,7.0,6.0,6.0,6.0,6.0,6.0,6.0,6.0,6.0,6.0,6.0,6.0,6.0,6.0,6.0
real,120,gulf,2,LSTM-rec,1,buffer,15,355,164,0.1806987963575175,151.0,150.0,149.0,147.0,146.0,145.0,144.0,142.0,141.0,139.0,138.0,137.0,135.0,133.0,131.0,131.0,129.0,127.0,125.0,123.0
real,120,gulf,2,LSTM-rec,1,buffer,16,372,44,0.4584527507579535,33.0,32.0,31.0,30.0,28.0,27.0,26.0,25.0,24.0,23.0,22.0,21.0,21.0,20.0,19.0,19.0,18.0,17.0,17.0,17.0
real,120,gulf,2,LSTM-rec,1,buffer,17,392,506,0.06819467030259171,501.0,500.0,499.0,498.0,497.0,496.0,495.0,494.0,493.0,492.0,492.0,491.0,490.0,489.0,488.0,487.0,485.0,484.0,483.0,483.0
real,120,gulf,2,LSTM-rec,1,buffer,18,393,95,0.30684694160321446,78.0,77.0,74.0,73.0,69.0,69.0,64.0,64.0,63.0,63.0,59.0,58.0,58.0,58.0,57.0,56.0,55.0,54.0,53.0,52.0
real,120,gulf,2,LSTM-rec,1,buffer,19,422,33,0.0809642779554234,17.0,16.0,15.0,14.0,12.0,11.0,9.0,8.0,8.0,7.0,6.0,6.0,6.0,6.0,6.0,6.0,6.0,6.0,6.0,6.0
real,120,gulf,2,LSTM-rec,1,buffer,20,435,36,0.31601892030546674,6.0,6.0,6.0,6.0,6.0,6.0,6.0,6.0,6.0,6.0,6.0,6.0,6.0,6.0,6.0,6.0,6.0,6.0,6.0,6.0
real,120,gulf,2,LSTM-rec,1,buffer,21,440,533,0.24277559852080374,512.0,511.0,510.0,509.0,507.0,505.0,503.0,501.0,499.0,498.0,495.0,492.0,487.0,484.0,481.0,477.0,322.0,321.0,321.0,173.0
real,120,gulf,2,LSTM-rec,1,buffer,22,483,19,0.17417043005953228,6.0,6.0,6.0,6.0,6.0,6.0,6.0,6.0,6.0,6.0,6.0,6.0,6.0,6.0,6.0,6.0,6.0,6.0,6.0,6.0
real,120,gulf,2,LSTM-rec,1,crossing,0,9,145,0.2525166051467841,145.0,143.0,143.0,142.0,139.0,138.0,137.0,137.0,134.0,134.0,133.0,131.0,131.0,131.0,113.0,110.0,109.0,108.0,107.0,107.0
real,120,gulf,2,LSTM-rec,1,crossing,1,18,10,0.552803466026154,9.0,6.0,6.0,6.0,6.0,6.0,6.0,6.0,6.0,6.0,6.0,6.0,6.0,6.0,6.0,6.0,6.0,6.0,6.0,6.0
real,120,gulf,2,LSTM-rec,1,crossing,2,112,374,0.2427666473894172,373.0,372.0,371.0,370.0,369.0,368.0,367.0,366.0,365.0,365.0,364.0,364.0,364.0,351.0,350.0,349.0,349.0,348.0,347.0,347.0
real,120,gulf,2,LSTM-rec,1,crossing,3,119,545,0.12066016841622584,544.0,543.0,541.0,540.0,538.0,537.0,534.0,533.0,530.0,528.0,525.0,523.0,520.0,515.0,512.0,512.0,510.0,508.0,503.0,499.0
real,120,gulf,2,LSTM-rec,1,crossing,4,194,160,0.24097585921436068,159.0,158.0,157.0,156.0,155.0,154.0,153.0,151.0,151.0,150.0,150.0,149.0,148.0,148.0,147.0,147.0,144.0,143.0,142.0,140.0
real,120,gulf,2,LSTM-rec,1,crossing,5,197,86,0.03148015439772444,84.0,81.0,78.0,74.0,70.0,69.0,68.0,66.0,64.0,63.0,61.0,60.0,58.0,57.0,56.0,54.0,52.0,51.0,50.0,49.0
real,120,gulf,2,LSTM-rec,1,crossing,6,255,47,0.28781293969676514,46.0,45.0,44.0,43.0,42.0,41.0,40.0,38.0,34.0,33.0,32.0,30.0,30.0,29.0,28.0,28.0,27.0,24.0,23.0,23.0
real,120,gulf,2,LSTM-rec,1,crossing,7,262,25,0.21180976982046548,24.0,23.0,22.0,21.0,19.0,18.0,16.0,15.0,13.0,12.0,10.0,9.0,8.0,6.0,6.0,6.0,6.0,6.0,6.0,6.0
real,120,gulf,2,LSTM-rec,1,crossing,8,270,488,0.10434544249932537,487.0,486.0,484.0,483.0,482.0,481.0,479.0,479.0,477.0,476.0,475.0,474.0,473.0,472.0,470.0,470.0,464.0,462.0,450.0,449.0
real,120,gulf,2,LSTM-rec,1,crossing,9,295,124,0.22724816963757405,123.0,122.0,121.0,120.0,118.0,117.0,116.0,115.0,114.0,113.0,112.0,110.0,109.0,107.0,106.0,105.0,104.0,103.0,101.0,100.0
real,120,gulf,2,LSTM-rec,1,crossing,10,307,86,0.17268371309832978,85.0,84.0,83.0,82.0,81.0,80.0,79.0,77.0,76.0,75.0,73.0,72.0,70.0,68.0,66.0,64.0,64.0,62.0,60.0,6.0
real,120,gulf,2,LSTM-rec,1,crossing,11,327,616,0.09391636577513113,614.0,612.0,611.0,610.0,609.0,608.0,607.0,606.0,605.0,604.0,604.0,603.0,602.0,601.0,600.0,599.0,599.0,598.0,598.0,595.0
real,120,gulf,2,LSTM-rec,1,crossing,12,332,532,0.15738216149807072,531.0,527.0,524.0,522.0,521.0,520.0,519.0,518.0,453.0,452.0,451.0,450.0,449.0,448.0,447.0,446.0,445.0,444.0,444.0,443.0
real,120,gulf,2,LSTM-rec,1,crossing,13,334,18,0.17496996157078257,17.0,16.0,15.0,14.0,13.0,12.0,10.0,9.0,8.0,8.0,7.0,6.0,6.0,6.0,6.0,6.0,6.0,6.0,6.0,6.0
real,120,gulf,2,LSTM-rec,1,crossing,14,346,24,0.20179138006429215,23.0,19.0,17.0,16.0,16.0,15.0,12.0,11.0,10.0,9.0,8.0,7.0,6.0,6.0,6.0,6.0,6.0,6.0,6.0,6.0
real,120,gulf,2,LSTM-rec,1,crossing,15,355,164,0.1806987963575175,163.0,162.0,161.0,159.0,158.0,157.0,156.0,155.0,153.0,151.0,149.0,148.0,146.0,145.0,143.0,142.0,140.0,139.0,137.0,135.0
real,120,gulf,2,LSTM-rec,1,crossing,16,372,44,0.4584527507579535,43.0,37.0,36.0,35.0,33.0,32.0,31.0,31.0,29.0,27.0,26.0,25.0,24.0,23.0,22.0,21.0,21.0,20.0,20.0,19.0
real,120,gulf,2,LSTM-rec,1,crossing,17,392,506,0.06819467030259171,505.0,504.0,503.0,502.0,501.0,500.0,499.0,498.0,497.0,496.0,495.0,494.0,493.0,493.0,492.0,491.0,490.0,489.0,488.0,487.0
real,120,gulf,2,LSTM-rec,1,crossing,18,393,95,0.30684694160321446,94.0,93.0,93.0,92.0,91.0,90.0,84.0,83.0,82.0,80.0,79.0,65.0,64.0,64.0,63.0,63.0,59.0,58.0,58.0,57.0
real,120,gulf,2,LSTM-rec,1,crossing,19,422,33,0.0809642779554234,32.0,31.0,30.0,29.0,27.0,26.0,24.0,23.0,21.0,19.0,18.0,16.0,15.0,14.0,12.0,9.0,9.0,8.0,8.0,7.0
real,120,gulf,2,LSTM-rec,1,crossing,20,435,36,0.31601892030546674,35.0,6.0,6.0,6.0,6.0,6.0,6.0,6.0,6.0,6.0,6.0,6.0,6.0,6.0,6.0,6.0,6.0,6.0,6.0,6.0
real,120,gulf,2,LSTM-rec,1,crossing,21,440,533,0.24277559852080374,532.0,532.0,531.0,531.0,527.0,522.0,521.0,518.0,517.0,516.0,514.0,512.0,511.0,510.0,507.0,504.0,502.0,500.0,498.0,495.0
real,120,gulf,2,LSTM-rec,1,crossing,22,483,19,0.17417043005953228,6.0,6.0,6.0,6.0,6.0,6.0,6.0,6.0,6.0,6.0,6.0,6.0,6.0,6.0,6.0,6.0,6.0,6.0,6.0,6.0
real,120,gulf,2,LSTM-ms,1,buffer,0,9,145,0.2525166051467841,135.0,134.0,133.0,131.0,131.0,131.0,131.0,131.0,131.0,131.0,113.0,113.0,113.0,110.0,110.0,109.0,109.0,108.0,108.0,107.0
real,120,gulf,2,LSTM-ms,1,buffer,1,18,10,0.552803466026154,6.0,6.0,6.0,6.0,6.0,6.0,6.0,6.0,6.0,6.0,6.0,6.0,6.0,6.0,6.0,6.0,6.0,6.0,6.0,6.0
real,120,gulf,2,LSTM-ms,1,buffer,2,112,374,0.2427666473894172,367.0,366.0,366.0,365.0,365.0,364.0,364.0,364.0,363.0,362.0,351.0,351.0,351.0,350.0,350.0,349.0,349.0,349.0,348.0,348.0
real,120,gulf,2,LSTM-ms,1,buffer,3,119,545,0.12066016841622584,518.0,517.0,516.0,515.0,514.0,512.0,512.0,512.0,511.0,511.0,510.0,510.0,510.0,509.0,508.0,508.0,508.0,508.0,508.0,506.0
real,120,gulf,2,LSTM-ms,1,buffer,4,194,160,0.24097585921436068,153.0,152.0,151.0,150.0,150.0,149.0,149.0,148.0,148.0,147.0,147.0,147.0,147.0,146.0,145.0,144.0,144.0,143.0,143.0,143.0
real,120,gulf,2,LSTM-ms,1,buffer,5,197,86,0.03148015439772444,63.0,62.0,61.0,60.0,59.0,58.0,58.0,57.0,57.0,56.0,55.0,54.0,54.0,53.0,53.0,52.0,52.0,52.0,51.0,50.0
real,120,gulf,2,LSTM-ms,1,buffer,6,255,47,0.28781293969676514,36.0,35.0,34.0,33.0,32.0,31.0,30.0,30.0,29.0,28.0,28.0,28.0,28.0,28.0,27.0,24.0,24.0,24.0,24.0,24.0
real,120,gulf,2,LSTM-ms,1,buffer,7,262,25,0.21180976982046548,11.0,10.0,9.0,8.0,7.0,6.0,6.0,6.0,6.0,6.0,6.0,6.0,6.0,6.0,6.0,6.0,6.0,6.0,6.0,6.0
real,120,gulf,2,LSTM-ms,1,buffer,8,270,488,0.10434544249932537,477.0,476.0,475.0,475.0,474.0,473.0,473.0,472.0,472.0,470.0,470.0,470.0,469.0,469.0,464.0,463.0,462.0,462.0,461.0,449.0
real,120,gulf,2,LSTM-ms,1,buffer,9,295,124,0.22724816963757405,114.0,113.0,112.0,112.0,111.0,110.0,109.0,108.0,107.0,107.0,106.0,106.0,105.0,104.0,104.0,103.0,103.0,101.0,101.0,101.0
real,120,gulf,2,LSTM-ms,1,buffer,10,307,86,0.17268371309832978,6.0,6.0,6.0,6.0,6.0,6.0,6.0,6.0,6.0,6.0,6.0,6.0,6.0,6.0,6.0,6.0,6.0,6.0,6.0,6.0
real,120,gulf,2,LSTM-ms,1,buffer,11,327,616,0.09391636577513113,609.0,608.0,607.0,607.0,606.0,605.0,604.0,604.0,603.0,602.0,601.0,601.0,601.0,600.0,599.0,599.0,599.0,598.0,598.0,598.0
real,120,gulf,2,LSTM-ms,1,buffer,12,332,532,0.15738216149807072,518.0,517.0,517.0,516.0,516.0,453.0,452.0,450.0,450.0,449.0,449.0,448.0,448.0,447.0,446.0,446.0,445.0,445.0,444.0,444.0
real,120,gulf,2,LSTM-ms,1,buffer,13,334,18,0.17496996157078257,6.0,6.0,6.0,6.0,6.0,6.0,6.0,6.0,6.0,6.0,6.0,6.0,6.0,6.0,6.0,6.0,6.0,6.0,6.0,6.0
real,120,gulf,2,LSTM-ms,1,buffer,14,346,24,0.20179138006429215,12.0,11.0,11.0,10.0,9.0,8.0,8.0,7.0,6.0,6.0,6.0,6.0,6.0,6.0,6.0,6.0,6.0,6.0,6.0,6.0
real,120,gulf,2,LSTM-ms,1,buffer,15,355,164,0.1806987963575175,151.0,150.0,149.0,148.0,147.0,146.0,145.0,145.0,144.0,143.0,142.0,142.0,141.0,141.0,140.0,139.0,139.0,139.0,138.0,138.0
real,120,gulf,2,LSTM-ms,1,buffer,16,372,44,0.4584527507579535,33.0,32.0,31.0,31.0,30.0,29.0,27.0,26.0,25.0,24.0,24.0,23.0,23.0,22.0,22.0,21.0,21.0,20.0,20.0,19.0
real,120,gulf,2,LSTM-ms,1,buffer,17,392,506,0.06819467030259171,501.0,500.0,499.0,498.0,497.0,497.0,496.0,495.0,494.0,493.0,493.0,492.0,492.0,491.0,491.0,491.0,490.0,490.0,489.0,489.0
real,120,gulf,2,LSTM-ms,1,buffer,18,393,95,0.30684694160321446,78.0,77.0,74.0,73.0,72.0,69.0,68.0,64.0,64.0,64.0,64.0,63.0,63.0,63.0,62.0,59.0,58.0,58.0,58.0,58.0
real,120,gulf,2,LSTM-ms,1,buffer,19,422,33,0.0809642779554234,17.0,16.0,15.0,15.0,14.0,12.0,12.0,9.0,9.0,9.0,9.0,9.0,9.0,8.0,8.0,8.0,8.0,8.0,8.0,8.0
real,120,gulf,2,LSTM-ms,1,buffer,20,435,36,0.31601892030546674,6.0,6.0,6.0,6.0,6.0,6.0,6.0,6.0,6.0,6.0,6.0,6.0,6.0,6.0,6.0,6.0,6.0,6.0,6.0,6.0
real,120,gulf,2,LSTM-ms,1,buffer,21,440,533,0.24277559852080374,512.0,511.0,510.0,509.0,509.0,507.0,507.0,505.0,505.0,504.0,503.0,503.0,502.0,502.0,501.0,501.0,500.0,500.0,500.0,500.0
real,120,gulf,2,LSTM-ms,1,buffer,22,483,19,0.17417043005953228,6.0,6.0,6.0,6.0,6.0,6.0,6.0,6.0,6.0,6.0,6.0,6.0,6.0,6.0,6.0,6.0,6.0,6.0,6.0,6.0
real,120,gulf,2,LSTM-ms,1,crossing,0,9,145,0.2525166051467841,145.0,144.0,143.0,142.0,141.0,139.0,138.0,138.0,137.0,137.0,137.0,134.0,134.0,133.0,133.0,133.0,131.0,131.0,131.0,131.0
real,120,gulf,2,LSTM-ms,1,crossing,1,18,10,0.552803466026154,10.0,6.0,6.0,6.0,6.0,6.0,6.0,6.0,6.0,6.0,6.0,6.0,6.0,6.0,6.0,6.0,6.0,6.0,6.0,6.0
real,120,gulf,2,LSTM-ms,1,crossing,2,112,374,0.2427666473894172,373.0,372.0,371.0,370.0,369.0,369.0,368.0,367.0,366.0,366.0,366.0,365.0,365.0,365.0,364.0,364.0,364.0,364.0,351.0,351.0
real,120,gulf,2,LSTM-ms,1,crossing,3,119,545,0.12066016841622584,544.0,543.0,542.0,541.0,540.0,539.0,538.0,537.0,537.0,536.0,536.0,534.0,534.0,533.0,533.0,533.0,532.0,531.0,531.0,531.0
real,120,gulf,2,LSTM-ms,1,crossing,4,194,160,0.24097585921436068,159.0,158.0,157.0,156.0,155.0,154.0,154.0,153.0,152.0,152.0,151.0,151.0,150.0,150.0,150.0,150.0,149.0,149.0,149.0,149.0
real,120,gulf,2,LSTM-ms,1,crossing,5,197,86,0.03148015439772444,84.0,83.0,81.0,78.0,73.0,73.0,70.0,68.0,68.0,67.0,67.0,66.0,66.0,64.0,64.0,63.0,63.0,62.0,62.0,61.0
real,120,gulf,2,LSTM-ms,1,crossing,6,255,47,0.28781293969676514,46.0,45.0,45.0,44.0,42.0,42.0,41.0,40.0,40.0,39.0,35.0,34.0,33.0,32.0,32.0,31.0,31.0,30.0,30.0,30.0
real,120,gulf,2,LSTM-ms,1,crossing,7,262,25,0.21180976982046548,24.0,23.0,22.0,21.0,20.0,19.0,19.0,18.0,17.0,16.0,15.0,14.0,14.0,13.0,13.0,12.0,12.0,11.0,11.0,11.0
real,120,gulf,2,LSTM-ms,1,crossing,8,270,488,0.10434544249932537,487.0,486.0,485.0,484.0,483.0,482.0,481.0,480.0,479.0,479.0,478.0,477.0,477.0,476.0,475.0,475.0,475.0,474.0,474.0,474.0
real,120,gulf,2,LSTM-ms,1,crossing,9,295,124,0.22724816963757405,123.0,122.0,121.0,121.0,120.0,119.0,118.0,117.0,117.0,116.0,115.0,115.0,114.0,114.0,113.0,112.0,112.0,111.0,110.0,110.0
real,120,gulf,2,LSTM-ms,1,crossing,10,307,86,0.17268371309832978,85.0,84.0,84.0,82.0,82.0,81.0,80.0,80.0,79.0,79.0,78.0,78.0,77.0,76.0,76.0,75.0,75.0,75.0,75.0,74.0
real,120,gulf,2,LSTM-ms,1,crossing,11,327,616,0.09391636577513113,615.0,614.0,611.0,610.0,610.0,609.0,608.0,608.0,607.0,607.0,606.0,605.0,604.0,604.0,604.0,603.0,602.0,601.0,601.0,601.0
real,120,gulf,2,LSTM-ms,1,crossing,12,332,532,0.15738216149807072,531.0,527.0,526.0,524.0,521.0,521.0,520.0,519.0,519.0,519.0,518.0,518.0,453.0,452.0,450.0,450.0,449.0,449.0,448.0,448.0
real,120,gulf,2,LSTM-ms,1,crossing,13,334,18,0.17496996157078257,17.0,16.0,15.0,14.0,14.0,12.0,12.0,12.0,12.0,9.0,9.0,9.0,9.0,8.0,8.0,8.0,8.0,8.0,8.0,8.0
real,120,gulf,2,LSTM-ms,1,crossing,14,346,24,0.20179138006429215,23.0,20.0,18.0,17.0,16.0,16.0,15.0,12.0,11.0,11.0,10.0,10.0,10.0,9.0,8.0,8.0,7.0,7.0,6.0,6.0
real,120,gulf,2,LSTM-ms,1,crossing,15,355,164,0.1806987963575175,163.0,162.0,161.0,160.0,159.0,158.0,158.0,157.0,156.0,156.0,155.0,155.0,153.0,153.0,151.0,151.0,151.0,150.0,149.0,149.0
real,120,gulf,2,LSTM-ms,1,crossing,16,372,44,0.4584527507579535,43.0,42.0,37.0,35.0,34.0,33.0,32.0,32.0,31.0,31.0,31.0,30.0,26.0,26.0,25.0,25.0,24.0,24.0,23.0,23.0
real,120,gulf,2,LSTM-ms,1,crossing,17,392,506,0.06819467030259171,505.0,504.0,503.0,502.0,501.0,501.0,500.0,499.0,498.0,497.0,497.0,496.0,496.0,495.0,494.0,493.0,493.0,492.0,492.0,492.0
real,120,gulf,2,LSTM-ms,1,crossing,18,393,95,0.30684694160321446,94.0,93.0,93.0,92.0,92.0,91.0,91.0,90.0,90.0,84.0,84.0,83.0,83.0,82.0,82.0,82.0,64.0,64.0,64.0,64.0
real,120,gulf,2,LSTM-ms,1,crossing,19,422,33,0.0809642779554234,32.0,32.0,31.0,30.0,29.0,28.0,27.0,26.0,25.0,25.0,24.0,23.0,23.0,22.0,21.0,21.0,20.0,20.0,19.0,19.0
real,120,gulf,2,LSTM-ms,1,crossing,20,435,36,0.31601892030546674,36.0,30.0,6.0,6.0,6.0,6.0,6.0,6.0,6.0,6.0,6.0,6.0,6.0,6.0,6.0,6.0,6.0,6.0,6.0,6.0
real,120,gulf,2,LSTM-ms,1,crossing,21,440,533,0.24277559852080374,532.0,532.0,531.0,531.0,531.0,531.0,528.0,522.0,522.0,521.0,521.0,518.0,518.0,518.0,518.0,517.0,517.0,516.0,516.0,516.0
real,120,gulf,2,LSTM-ms,1,crossing,22,483,19,0.17417043005953228,6.0,6.0,6.0,6.0,6.0,6.0,6.0,6.0,6.0,6.0,6.0,6.0,6.0,6.0,6.0,6.0,6.0,6.0,6.0,6.0
real,120,gulf,2,LSTM-rec,2,buffer,0,9,145,0.2525166051467841,135.0,134.0,133.0,133.0,132.0,132.0,131.0,131.0,131.0,131.0,131.0,131.0,114.0,113.0,113.0,110.0,110.0,110.0,109.0,109.0
real,120,gulf,2,LSTM-rec,2,buffer,1,18,10,0.552803466026154,6.0,6.0,6.0,6.0,6.0,6.0,6.0,6.0,6.0,6.0,6.0,6.0,6.0,6.0,6.0,6.0,6.0,6.0,6.0,6.0
real,120,gulf,2,LSTM-rec,2,buffer,2,112,374,0.2427666473894172,368.0,367.0,366.0,365.0,365.0,365.0,364.0,364.0,364.0,364.0,364.0,351.0,351.0,350.0,350.0,349.0,349.0,349.0,349.0,348.0
real,120,gulf,2,LSTM-rec,2,buffer,3,119,545,0.12066016841622584,519.0,518.0,517.0,516.0,515.0,514.0,514.0,514.0,513.0,513.0,512.0,512.0,512.0,512.0,512.0,512.0,512.0,512.0,512.0,512.0
real,120,gulf,2,LSTM-rec,2,buffer,4,194,160,0.24097585921436068,153.0,152.0,151.0,150.0,150.0,150.0,149.0,149.0,149.0,148.0,148.0,148.0,148.0,148.0,147.0,147.0,147.0,147.0,147.0,147.0
real,120,gulf,2,LSTM-rec,2,buffer,5,197,86,0.03148015439772444,63.0,63.0,62.0,61.0,60.0,59.0,58.0,58.0,57.0,57.0,56.0,56.0,55.0,55.0,54.0,54.0,53.0,53.0,53.0,52.0
real,120,gulf,2,LSTM-rec,2,buffer,6,255,47,0.28781293969676514,36.0,35.0,34.0,33.0,32.0,32.0,31.0,30.0,30.0,30.0,29.0,29.0,29.0,29.0,28.0,28.0,28.0,28.0,28.0,28.0
real,120,gulf,2,LSTM-rec,2,buffer,7,262,25,0.21180976982046548,11.0,10.0,9.0,9.0,8.0,8.0,7.0,7.0,6.0,6.0,6.0,6.0,6.0,6.0,6.0,6.0,6.0,6.0,6.0,6.0
real,120,gulf,2,LSTM-rec,2,buffer,8,270,488,0.10434544249932537,478.0,477.0,476.0,475.0,475.0,474.0,474.0,473.0,473.0,473.0,472.0,472.0,472.0,471.0,470.0,470.0,470.0,470.0,470.0,470.0
real,120,gulf,2,LSTM-rec,2,buffer,9,295,124,0.22724816963757405,114.0,113.0,112.0,111.0,111.0,110.0,109.0,108.0,108.0,107.0,106.0,106.0,105.0,105.0,104.0,104.0,104.0,103.0,103.0,103.0
real,120,gulf,2,LSTM-rec,2,buffer,10,307,86,0.17268371309832978,6.0,6.0,6.0,6.0,6.0,6.0,6.0,6.0,6.0,6.0,6.0,6.0,6.0,6.0,6.0,6.0,6.0,6.0,6.0,6.0
real,120,gulf,2,LSTM-rec,2,buffer,11,327,616,0.09391636577513113,609.0,608.0,607.0,606.0,605.0,605.0,604.0,604.0,604.0,603.0,602.0,601.0,601.0,600.0,600.0,599.0,599.0,599.0,599.0,598.0
real,120,gulf,2,LSTM-rec,2,buffer,12,332,532,0.15738216149807072,518.0,517.0,517.0,516.0,453.0,452.0,451.0,451.0,450.0,450.0,449.0,449.0,448.0,447.0,447.0,446.0,446.0,445.0,445.0,445.0
real,120,gulf,2,LSTM-rec,2,buffer,13,334,18,0.17496996157078257,6.0,6.0,6.0,6.0,6.0,6.0,6.0,6.0,6.0,6.0,6.0,6.0,6.0,6.0,6.0,6.0,6.0,6.0,6.0,6.0
real,120,gulf,2,LSTM-rec,2,buffer,14,346,24,0.20179138006429215,12.0,11.0,11.0,10.0,9.0,8.0,8.0,7.0,6.0,6.0,6.0,6.0,6.0,6.0,6.0,6.0,6.0,6.0,6.0,6.0
real,120,gulf,2,LSTM-rec,2,buffer,15,355,164,0.1806987963575175,151.0,150.0,149.0,148.0,148.0,147.0,146.0,146.0,145.0,144.0,144.0,143.0,143.0,142.0,142.0,142.0,141.0,141.0,141.0,140.0
real,120,gulf,2,LSTM-rec,2,buffer,16,372,44,0.4584527507579535,33.0,32.0,31.0,30.0,29.0,28.0,27.0,26.0,26.0,25.0,24.0,23.0,23.0,22.0,22.0,22.0,21.0,21.0,21.0,21.0
real,120,gulf,2,LSTM-rec,2,buffer,17,392,506,0.06819467030259171,501.0,500.0,499.0,498.0,498.0,497.0,496.0,495.0,495.0,494.0,493.0,493.0,493.0,492.0,492.0,491.0,491.0,490.0,490.0,489.0
real,120,gulf,2,LSTM-rec,2,buffer,18,393,95,0.30684694160321446,78.0,77.0,77.0,74.0,73.0,72.0,69.0,65.0,65.0,64.0,64.0,64.0,63.0,63.0,62.0,60.0,59.0,59.0,59.0,58.0
real,120,gulf,2,LSTM-rec,2,buffer,19,422,33,0.0809642779554234,17.0,16.0,16.0,15.0,15.0,14.0,14.0,13.0,13.0,12.0,12.0,12.0,12.0,12.0,12.0,9.0,9.0,9.0,9.0,9.0
real,120,gulf,2,LSTM-rec,2,buffer,20,435,36,0.31601892030546674,6.0,6.0,6.0,6.0,6.0,6.0,6.0,6.0,6.0,6.0,6.0,6.0,6.0,6.0,6.0,6.0,6.0,6.0,6.0,6.0
real,120,gulf,2,LSTM-rec,2,buffer,21,440,533,0.24277559852080374,512.0,511.0,511.0,510.0,510.0,509.0,509.0,509.0,508.0,507.0,507.0,507.0,506.0,506.0,506.0,505.0,505.0,505.0,505.0,505.0
real,120,gulf,2,LSTM-rec,2,buffer,22,483,19,0.17417043005953228,6.0,6.0,6.0,6.0,6.0,6.0,6.0,6.0,6.0,6.0,6.0,6.0,6.0,6.0,6.0,6.0,6.0,6.0,6.0,6.0
real,120,gulf,2,LSTM-rec,2,crossing,0,9,145,0.2525166051467841,145.0,144.0,143.0,142.0,142.0,141.0,139.0,139.0,138.0,138.0,138.0,137.0,137.0,137.0,137.0,136.0,134.0,134.0,134.0,134.0
real,120,gulf,2,LSTM-rec,2,crossing,1,18,10,0.552803466026154,10.0,6.0,6.0,6.0,6.0,6.0,6.0,6.0,6.0,6.0,6.0,6.0,6.0,6.0,6.0,6.0,6.0,6.0,6.0,6.0
real,120,gulf,2,LSTM-rec,2,crossing,2,112,374,0.2427666473894172,373.0,372.0,371.0,371.0,370.0,369.0,368.0,368.0,367.0,366.0,366.0,366.0,366.0,365.0,365.0,365.0,365.0,365.0,365.0,365.0
real,120,gulf,2,LSTM-rec,2,crossing,3,119,545,0.12066016841622584,544.0,543.0,543.0,542.0,541.0,541.0,540.0,540.0,539.0,539.0,539.0,538.0,538.0,538.0,537.0,537.0,537.0,537.0,537.0,537.0
real,120,gulf,2,LSTM-rec,2,crossing,4,194,160,0.24097585921436068,159.0,158.0,157.0,157.0,156.0,155.0,154.0,154.0,153.0,152.0,152.0,151.0,151.0,151.0,151.0,150.0,150.0,150.0,150.0,150.0
real,120,gulf,2,LSTM-rec,2,crossing,5,197,86,0.03148015439772444,84.0,84.0,83.0,81.0,75.0,74.0,73.0,70.0,69.0,68.0,68.0,67.0,67.0,66.0,66.0,65.0,64.0,64.0,64.0,63.0
real,120,gulf,2,LSTM-rec,2,crossing,6,255,47,0.28781293969676514,46.0,46.0,45.0,44.0,43.0,42.0,42.0,41.0,41.0,40.0,40.0,40.0,39.0,35.0,34.0,34.0,33.0,33.0,32.0,32.0
real,120,gulf,2,LSTM-rec,2,crossing,7,262,25,0.21180976982046548,24.0,24.0,23.0,22.0,21.0,21.0,20.0,19.0,18.0,18.0,17.0,17.0,17.0,16.0,15.0,15.0,15.0,14.0,14.0,14.0
real,120,gulf,2,LSTM-rec,2,crossing,8,270,488,0.10434544249932537,487.0,486.0,485.0,484.0,484.0,483.0,482.0,481.0,480.0,480.0,479.0,479.0,479.0,479.0,478.0,478.0,477.0,477.0,477.0,476.0
real,120,gulf,2,LSTM-rec,2,crossing,9,295,124,0.22724816963757405,123.0,122.0,121.0,120.0,120.0,119.0,118.0,117.0,117.0,116.0,116.0,115.0,115.0,115.0,114.0,114.0,113.0,113.0,112.0,112.0
real,120,gulf,2,LSTM-rec,2,crossing,10,307,86,0.17268371309832978,86.0,85.0,84.0,83.0,82.0,82.0,81.0,81.0,80.0,80.0,80.0,79.0,79.0,78.0,78.0,78.0,78.0,77.0,77.0,77.0
real,120,gulf,2,LSTM-rec,2,crossing,11,327,616,0.09391636577513113,614.0,613.0,611.0,610.0,609.0,609.0,608.0,607.0,606.0,605.0,605.0,605.0,604.0,604.0,604.0,604.0,604.0,603.0,602.0,602.0
real,120,gulf,2,LSTM-rec,2,crossing,12,332,532,0.15738216149807072,531.0,527.0,525.0,524.0,522.0,521.0,520.0,520.0,519.0,519.0,518.0,452.0,452.0,451.0,451.0,451.0,450.0,450.0,450.0,449.0
real,120,gulf,2,LSTM-rec,2,crossing,13,334,18,0.17496996157078257,17.0,16.0,16.0,15.0,14.0,14.0,13.0,13.0,12.0,12.0,12.0,10.0,10.0,10.0,9.0,9.0,9.0,9.0,9.0,9.0
real,120,gulf,2,LSTM-rec,2,crossing,14,346,24,0.20179138006429215,23.0,19.0,18.0,17.0,16.0,16.0,16.0,12.0,12.0,11.0,10.0,10.0,10.0,9.0,9.0,8.0,8.0,7.0,7.0,6.0
real,120,gulf,2,LSTM-rec,2,crossing,15,355,164,0.1806987963575175,163.0,162.0,161.0,160.0,160.0,159.0,158.0,158.0,157.0,157.0,157.0,156.0,156.0,155.0,155.0,155.0,154.0,153.0,153.0,152.0
real,120,gulf,2,LSTM-rec,2,crossing,16,372,44,0.4584527507579535,43.0,37.0,36.0,35.0,34.0,33.0,32.0,32.0,31.0,30.0,29.0,28.0,27.0,26.0,26.0,25.0,25.0,24.0,24.0,23.0
real,120,gulf,2,LSTM-rec,2,crossing,17,392,506,0.06819467030259171,505.0,504.0,503.0,502.0,502.0,501.0,500.0,499.0,499.0,498.0,497.0,497.0,496.0,496.0,495.0,495.0,494.0,494.0,493.0,493.0
real,120,gulf,2,LSTM-rec,2,crossing,18,393,95,0.30684694160321446,94.0,94.0,93.0,93.0,93.0,92.0,92.0,92.0,91.0,91.0,91.0,86.0,85.0,84.0,84.0,84.0,83.0,83.0,65.0,65.0
real,120,gulf,2,LSTM-rec,2,crossing,19,422,33,0.0809642779554234,33.0,32.0,31.0,30.0,30.0,29.0,28.0,28.0,27.0,26.0,26.0,26.0,25.0,25.0,24.0,24.0,24.0,24.0,23.0,23.0
real,120,gulf,2,LSTM-rec,2,crossing,20,435,36,0.31601892030546674,36.0,36.0,36.0,36.0,36.0,36.0,36.0,36.0,36.0,36.0,36.0,36.0,36.0,36.0,36.0,36.0,36.0,36.0,36.0,36.0
real,120,gulf,2,LSTM-rec,2,crossing,21,440,533,0.24277559852080374,532.0,532.0,532.0,532.0,531.0,531.0,531.0,531.0,531.0,531.0,531.0,522.0,522.0,522.0,521.0,521.0,521.0,519.0,519.0,519.0
real,120,gulf,2,LSTM-rec,2,crossing,22,483,19,0.17417043005953228,,,,,,,,,,,,,,,,,,,,
real,120,gulf,2,LSTM-ms,2,buffer,0,9,145,0.2525166051467841,135.0,134.0,133.0,133.0,133.0,131.0,131.0,131.0,131.0,131.0,131.0,113.0,113.0,113.0,110.0,110.0,109.0,109.0,108.0,108.0
real,120,gulf,2,LSTM-ms,2,buffer,1,18,10,0.552803466026154,6.0,6.0,6.0,6.0,6.0,6.0,6.0,6.0,6.0,6.0,6.0,6.0,6.0,6.0,6.0,6.0,6.0,6.0,6.0,6.0
real,120,gulf,2,LSTM-ms,2,buffer,2,112,374,0.2427666473894172,368.0,367.0,366.0,365.0,365.0,364.0,364.0,364.0,364.0,363.0,363.0,351.0,350.0,350.0,349.0,349.0,349.0,348.0,348.0,348.0
real,120,gulf,2,LSTM-ms,2,buffer,3,119,545,0.12066016841622584,519.0,518.0,516.0,516.0,515.0,514.0,513.0,512.0,512.0,512.0,511.0,511.0,510.0,510.0,509.0,508.0,508.0,508.0,505.0,505.0
real,120,gulf,2,LSTM-ms,2,buffer,4,194,160,0.24097585921436068,153.0,152.0,151.0,150.0,150.0,149.0,149.0,149.0,148.0,148.0,147.0,147.0,147.0,147.0,146.0,144.0,144.0,143.0,143.0,143.0
real,120,gulf,2,LSTM-ms,2,buffer,5,197,86,0.03148015439772444,64.0,63.0,62.0,61.0,60.0,59.0,59.0,58.0,57.0,57.0,56.0,55.0,55.0,54.0,54.0,53.0,52.0,52.0,52.0,51.0
real,120,gulf,2,LSTM-ms,2,buffer,6,255,47,0.28781293969676514,36.0,35.0,34.0,33.0,32.0,31.0,31.0,30.0,30.0,29.0,29.0,28.0,28.0,28.0,28.0,28.0,27.0,24.0,24.0,24.0
real,120,gulf,2,LSTM-ms,2,buffer,7,262,25,0.21180976982046548,11.0,10.0,9.0,8.0,8.0,7.0,7.0,6.0,6.0,6.0,6.0,6.0,6.0,6.0,6.0,6.0,6.0,6.0,6.0,6.0
real,120,gulf,2,LSTM-ms,2,buffer,8,270,488,0.10434544249932537,478.0,477.0,476.0,475.0,475.0,474.0,473.0,473.0,472.0,472.0,472.0,470.0,470.0,470.0,469.0,464.0,463.0,462.0,462.0,461.0
real,120,gulf,2,LSTM-ms,2,buffer,9,295,124,0.22724816963757405,114.0,114.0,113.0,112.0,112.0,111.0,110.0,110.0,109.0,108.0,108.0,107.0,107.0,106.0,106.0,105.0,104.0,104.0,103.0,103.0
real,120,gulf,2,LSTM-ms,2,buffer,10,307,86,0.17268371309832978,6.0,6.0,6.0,6.0,6.0,6.0,6.0,6.0,6.0,6.0,6.0,6.0,6.0,6.0,6.0,6.0,6.0,6.0,6.0,6.0
real,120,gulf,2,LSTM-ms,2,buffer,11,327,616,0.09391636577513113,609.0,608.0,607.0,606.0,605.0,605.0,604.0,604.0,604.0,603.0,602.0,601.0,601.0,600.0,600.0,599.0,599.0,598.0,598.0,598.0
real,120,gulf,2,LSTM-ms,2,buffer,12,332,532,0.15738216149807072,518.0,517.0,517.0,516.0,453.0,452.0,451.0,451.0,450.0,450.0,449.0,448.0,448.0,447.0,446.0,446.0,445.0,445.0,445.0,444.0
real,120,gulf,2,LSTM-ms,2,buffer,13,334,18,0.17496996157078257,6.0,6.0,6.0,6.0,6.0,6.0,6.0,6.0,6.0,6.0,6.0,6.0,6.0,6.0,6.0,6.0,6.0,6.0,6.0,6.0
real,120,gulf,2,LSTM-ms,2,buffer,14,346,24,0.20179138006429215,12.0,11.0,11.0,10.0,9.0,8.0,8.0,7.0,6.0,6.0,6.0,6.0,6.0,6.0,6.0,6.0,6.0,6.0,6.0,6.0
real,120,gulf,2,LSTM-ms,2,buffer,15,355,164,0.1806987963575175,151.0,150.0,150.0,149.0,148.0,147.0,146.0,146.0,145.0,144.0,144.0,143.0,142.0,142.0,141.0,140.0,140.0,139.0,139.0,138.0
real,120,gulf,2,LSTM-ms,2,buffer,16,372,44,0.4584527507579535,33.0,32.0,31.0,30.0,29.0,28.0,27.0,26.0,26.0,25.0,24.0,23.0,23.0,22.0,22.0,21.0,21.0,21.0,20.0,20.0
real,120,gulf,2,LSTM-ms,2,buffer,17,392,506,0.06819467030259171,501.0,500.0,499.0,498.0,498.0,497.0,496.0,495.0,495.0,494.0,493.0,493.0,492.0,492.0,491.0,490.0,490.0,489.0,488.0,488.0
real,120,gulf,2,LSTM-ms,2,buffer,18,393,95,0.30684694160321446,78.0,77.0,77.0,74.0,73.0,73.0,69.0,65.0,64.0,64.0,64.0,63.0,63.0,62.0,59.0,59.0,58.0,58.0,58.0,58.0
real,120,gulf,2,LSTM-ms,2,buffer,19,422,33,0.0809642779554234,17.0,16.0,16.0,15.0,15.0,14.0,13.0,12.0,12.0,12.0,11.0,11.0,10.0,9.0,9.0,9.0,9.0,9.0,9.0,8.0
real,120,gulf,2,LSTM-ms,2,buffer,20,435,36,0.31601892030546674,6.0,6.0,6.0,6.0,6.0,6.0,6.0,6.0,6.0,6.0,6.0,6.0,6.0,6.0,6.0,6.0,6.0,6.0,6.0,6.0
real,120,gulf,2,LSTM-ms,2,buffer,21,440,533,0.24277559852080374,512.0,511.0,511.0,510.0,509.0,509.0,508.0,507.0,506.0,505.0,504.0,503.0,503.0,502.0,501.0,501.0,501.0,500.0,499.0,499.0
real,120,gulf,2,LSTM-ms,2,buffer,22,483,19,0.17417043005953228,6.0,6.0,6.0,6.0,6.0,6.0,6.0,6.0,6.0,6.0,6.0,6.0,6.0,6.0,6.0,6.0,6.0,6.0,6.0,6.0
real,120,gulf,2,LSTM-ms,2,crossing,0,9,145,0.2525166051467841,145.0,144.0,143.0,142.0,142.0,141.0,139.0,138.0,138.0,137.0,137.0,137.0,136.0,134.0,134.0,134.0,133.0,133.0,133.0,133.0
real,120,gulf,2,LSTM-ms,2,crossing,1,18,10,0.552803466026154,10.0,9.0,6.0,6.0,6.0,6.0,6.0,6.0,6.0,6.0,6.0,6.0,6.0,6.0,6.0,6.0,6.0,6.0,6.0,6.0
real,120,gulf,2,LSTM-ms,2,crossing,2,112,374,0.2427666473894172,373.0,372.0,372.0,371.0,370.0,369.0,368.0,368.0,367.0,366.0,366.0,366.0,365.0,365.0,365.0,365.0,364.0,364.0,351.0,351.0
real,120,gulf,2,LSTM-ms,2,crossing,3,119,545,0.12066016841622584,544.0,543.0,543.0,542.0,541.0,540.0,539.0,539.0,537.0,537.0,536.0,536.0,535.0,534.0,533.0,533.0,532.0,531.0,530.0,529.0
real,120,gulf,2,LSTM-ms,2,crossing,4,194,160,0.24097585921436068,160.0,159.0,158.0,157.0,156.0,155.0,154.0,154.0,153.0,152.0,152.0,151.0,151.0,150.0,150.0,150.0,150.0,149.0,149.0,149.0
real,120,gulf,2,LSTM-ms,2,crossing,5,197,86,0.03148015439772444,86.0,84.0,84.0,84.0,84.0,74.0,73.0,70.0,69.0,68.0,67.0,67.0,66.0,65.0,64.0,64.0,63.0,62.0,61.0,61.0
real,120,gulf,2,LSTM-ms,2,crossing,6,255,47,0.28781293969676514,46.0,46.0,45.0,44.0,43.0,42.0,42.0,41.0,40.0,40.0,39.0,35.0,34.0,33.0,33.0,32.0,31.0,31.0,30.0,30.0
real,120,gulf,2,LSTM-ms,2,crossing,7,262,25,0.21180976982046548,24.0,24.0,23.0,22.0,21.0,20.0,19.0,19.0,18.0,17.0,16.0,15.0,15.0,14.0,13.0,13.0,12.0,11.0,11.0,10.0
real,120,gulf,2,LSTM-ms,2,crossing,8,270,488,0.10434544249932537,487.0,486.0,485.0,484.0,483.0,483.0,482.0,481.0,480.0,479.0,479.0,478.0,478.0,477.0,476.0,476.0,475.0,475.0,475.0,474.0
real,120,gulf,2,LSTM-ms,2,crossing,9,295,124,0.22724816963757405,123.0,123.0,122.0,121.0,121.0,120.0,119.0,119.0,118.0,117.0,117.0,116.0,116.0,115.0,115.0,114.0,114.0,113.0,112.0,112.0
real,120,gulf,2,LSTM-ms,2,crossing,10,307,86,0.17268371309832978,86.0,85.0,84.0,83.0,82.0,82.0,81.0,80.0,80.0,79.0,79.0,78.0,78.0,77.0,76.0,76.0,75.0,75.0,74.0,73.0
real,120,gulf,2,LSTM-ms,2,crossing,11,327,616,0.09391636577513113,618.0,614.0,612.0,611.0,610.0,609.0,608.0,608.0,606.0,605.0,605.0,605.0,604.0,604.0,604.0,604.0,603.0,602.0,601.0,601.0
real,120,gulf,2,LSTM-ms,2,crossing,12,332,532,0.15738216149807072,531.0,527.0,526.0,524.0,522.0,521.0,520.0,520.0,519.0,519.0,453.0,452.0,452.0,451.0,451.0,450.0,450.0,449.0,449.0,448.0
real,120,gulf,2,LSTM-ms,2,crossing,13,334,18,0.17496996157078257,17.0,16.0,16.0,15.0,14.0,13.0,13.0,12.0,12.0,12.0,9.0,9.0,9.0,9.0,8.0,8.0,8.0,8.0,8.0,8.0
real,120,gulf,2,LSTM-ms,2,crossing,14,346,24,0.20179138006429215,23.0,19.0,18.0,16.0,16.0,16.0,16.0,12.0,11.0,11.0,10.0,10.0,9.0,8.0,8.0,7.0,6.0,6.0,6.0,6.0
real,120,gulf,2,LSTM-ms,2,crossing,15,355,164,0.1806987963575175,163.0,162.0,161.0,161.0,160.0,159.0,158.0,158.0,157.0,156.0,156.0,155.0,155.0,154.0,153.0,152.0,151.0,151.0,150.0,149.0
real,120,gulf,2,LSTM-ms,2,crossing,16,372,44,0.4584527507579535,43.0,43.0,36.0,35.0,34.0,33.0,32.0,32.0,31.0,30.0,29.0,27.0,27.0,26.0,26.0,25.0,24.0,24.0,23.0,22.0
real,120,gulf,2,LSTM-ms,2,crossing,17,392,506,0.06819467030259171,505.0,504.0,503.0,502.0,502.0,501.0,500.0,499.0,498.0,498.0,497.0,497.0,496.0,495.0,495.0,494.0,493.0,493.0,492.0,492.0
real,120,gulf,2,LSTM-ms,2,crossing,18,393,95,0.30684694160321446,94.0,94.0,93.0,93.0,93.0,92.0,92.0,92.0,91.0,91.0,90.0,85.0,84.0,84.0,83.0,82.0,65.0,64.0,64.0,64.0
real,120,gulf,2,LSTM-ms,2,crossing,19,422,33,0.0809642779554234,33.0,32.0,31.0,30.0,29.0,29.0,28.0,27.0,26.0,25.0,25.0,24.0,23.0,23.0,22.0,21.0,20.0,20.0,19.0,19.0
real,120,gulf,2,LSTM-ms,2,crossing,20,435,36,0.31601892030546674,36.0,36.0,36.0,36.0,36.0,36.0,36.0,36.0,30.0,6.0,6.0,6.0,6.0,6.0,6.0,6.0,6.0,6.0,6.0,6.0
real,120,gulf,2,LSTM-ms,2,crossing,21,440,533,0.24277559852080374,532.0,532.0,532.0,532.0,531.0,531.0,531.0,528.0,526.0,522.0,521.0,521.0,519.0,518.0,518.0,517.0,517.0,516.0,516.0,515.0
real,120,gulf,2,LSTM-ms,2,crossing,22,483,19,0.17417043005953228,,,,,,,19.0,10.0,6.0,6.0,6.0,6.0,6.0,6.0,6.0,6.0,6.0,6.0,6.0,6.0
real,120,gulf,2,LSTM-rec,3,buffer,0,9,145,0.2525166051467841,135.0,134.0,133.0,133.0,133.0,131.0,131.0,131.0,131.0,131.0,131.0,131.0,131.0,114.0,113.0,113.0,113.0,113.0,110.0,110.0
real,120,gulf,2,LSTM-rec,3,buffer,1,18,10,0.552803466026154,6.0,6.0,6.0,6.0,6.0,6.0,6.0,6.0,6.0,6.0,6.0,6.0,6.0,6.0,6.0,6.0,6.0,6.0,6.0,6.0
real,120,gulf,2,LSTM-rec,3,buffer,2,112,374,0.2427666473894172,368.0,367.0,366.0,365.0,365.0,365.0,364.0,364.0,364.0,364.0,363.0,363.0,363.0,352.0,351.0,351.0,350.0,350.0,350.0,349.0
real,120,gulf,2,LSTM-rec,3,buffer,3,119,545,0.12066016841622584,519.0,517.0,516.0,516.0,515.0,514.0,513.0,512.0,512.0,512.0,511.0,511.0,511.0,510.0,510.0,509.0,509.0,508.0,508.0,508.0
real,120,gulf,2,LSTM-rec,3,buffer,4,194,160,0.24097585921436068,153.0,152.0,151.0,150.0,150.0,150.0,149.0,149.0,148.0,148.0,148.0,148.0,147.0,147.0,147.0,147.0,147.0,146.0,145.0,144.0
real,120,gulf,2,LSTM-rec,3,buffer,5,197,86,0.03148015439772444,63.0,63.0,62.0,61.0,60.0,59.0,59.0,58.0,57.0,57.0,56.0,56.0,55.0,55.0,54.0,54.0,54.0,53.0,53.0,52.0
real,120,gulf,2,LSTM-rec,3,buffer,6,255,47,0.28781293969676514,36.0,35.0,34.0,33.0,32.0,32.0,31.0,30.0,30.0,30.0,29.0,29.0,28.0,28.0,28.0,28.0,28.0,28.0,28.0,27.0
real,120,gulf,2,LSTM-rec,3,buffer,7,262,25,0.21180976982046548,11.0,10.0,9.0,8.0,8.0,7.0,7.0,6.0,6.0,6.0,6.0,6.0,6.0,6.0,6.0,6.0,6.0,6.0,6.0,6.0
real,120,gulf,2,LSTM-rec,3,buffer,8,270,488,0.10434544249932537,478.0,477.0,476.0,475.0,475.0,474.0,474.0,473.0,473.0,472.0,472.0,472.0,470.0,470.0,470.0,470.0,469.0,469.0,464.0,464.0
real,120,gulf,2,LSTM-rec,3,buffer,9,295,124,0.22724816963757405,114.0,113.0,112.0,112.0,111.0,110.0,109.0,109.0,108.0,107.0,107.0,106.0,106.0,105.0,105.0,104.0,104.0,104.0,103.0,103.0
real,120,gulf,2,LSTM-rec,3,buffer,10,307,86,0.17268371309832978,6.0,6.0,6.0,6.0,6.0,6.0,6.0,6.0,6.0,6.0,6.0,6.0,6.0,6.0,6.0,6.0,6.0,6.0,6.0,6.0
real,120,gulf,2,LSTM-rec,3,buffer,11,327,616,0.09391636577513113,609.0,608.0,607.0,606.0,606.0,605.0,604.0,604.0,604.0,604.0,603.0,602.0,602.0,601.0,601.0,601.0,600.0,600.0,600.0,600.0
real,120,gulf,2,LSTM-rec,3,buffer,12,332,532,0.15738216149807072,518.0,517.0,517.0,516.0,516.0,453.0,452.0,451.0,451.0,450.0,450.0,450.0,449.0,449.0,448.0,448.0,447.0,447.0,447.0,446.0
real,120,gulf,2,LSTM-rec,3,buffer,13,334,18,0.17496996157078257,6.0,6.0,6.0,6.0,6.0,6.0,6.0,6.0,6.0,6.0,6.0,6.0,6.0,6.0,6.0,6.0,6.0,6.0,6.0,6.0
real,120,gulf,2,LSTM-rec,3,buffer,14,346,24,0.20179138006429215,12.0,11.0,11.0,10.0,9.0,9.0,8.0,8.0,7.0,6.0,6.0,6.0,6.0,6.0,6.0,6.0,6.0,6.0,6.0,6.0
real,120,gulf,2,LSTM-rec,3,buffer,15,355,164,0.1806987963575175,151.0,150.0,149.0,148.0,148.0,147.0,146.0,146.0,145.0,144.0,144.0,143.0,143.0,142.0,142.0,141.0,141.0,141.0,140.0,140.0
real,120,gulf,2,LSTM-rec,3,buffer,16,372,44,0.4584527507579535,33.0,32.0,31.0,30.0,30.0,28.0,27.0,27.0,26.0,26.0,25.0,25.0,24.0,24.0,23.0,23.0,22.0,22.0,22.0,22.0
real,120,gulf,2,LSTM-rec,3,buffer,17,392,506,0.06819467030259171,501.0,500.0,499.0,498.0,498.0,497.0,497.0,496.0,495.0,495.0,494.0,494.0,493.0,493.0,493.0,492.0,492.0,492.0,492.0,491.0
real,120,gulf,2,LSTM-rec,3,buffer,18,393,95,0.30684694160321446,78.0,77.0,77.0,74.0,73.0,72.0,69.0,69.0,65.0,64.0,64.0,64.0,64.0,64.0,63.0,63.0,63.0,63.0,62.0,59.0
real,120,gulf,2,LSTM-rec,3,buffer,19,422,33,0.0809642779554234,17.0,16.0,16.0,15.0,15.0,14.0,13.0,12.0,12.0,12.0,11.0,9.0,9.0,9.0,9.0,9.0,8.0,8.0,8.0,8.0
real,120,gulf,2,LSTM-rec,3,buffer,20,435,36,0.31601892030546674,6.0,6.0,6.0,6.0,6.0,6.0,6.0,6.0,6.0,6.0,6.0,6.0,6.0,6.0,6.0,6.0,6.0,6.0,6.0,6.0
real,120,gulf,2,LSTM-rec,3,buffer,21,440,533,0.24277559852080374,512.0,511.0,511.0,510.0,509.0,509.0,508.0,507.0,506.0,505.0,505.0,504.0,504.0,503.0,503.0,502.0,501.0,501.0,501.0,500.0
real,120,gulf,2,LSTM-rec,3,buffer,22,483,19,0.17417043005953228,6.0,6.0,6.0,6.0,6.0,6.0,6.0,6.0,6.0,6.0,6.0,6.0,6.0,6.0,6.0,6.0,6.0,6.0,6.0,6.0
real,120,gulf,2,LSTM-rec,3,crossing,0,9,145,0.2525166051467841,145.0,144.0,143.0,142.0,142.0,141.0,141.0,138.0,138.0,138.0,137.0,137.0,137.0,137.0,134.0,134.0,134.0,134.0,134.0,133.0
real,120,gulf,2,LSTM-rec,3,crossing,1,18,10,0.552803466026154,9.0,6.0,6.0,6.0,6.0,6.0,6.0,6.0,6.0,6.0,6.0,6.0,6.0,6.0,6.0,6.0,6.0,6.0,6.0,6.0
real,120,gulf,2,LSTM-rec,3,crossing,2,112,374,0.2427666473894172,373.0,372.0,371.0,371.0,370.0,369.0,369.0,368.0,367.0,367.0,366.0,366.0,366.0,366.0,365.0,365.0,365.0,365.0,365.0,365.0
real,120,gulf,2,LSTM-rec,3,crossing,3,119,545,0.12066016841622584,544.0,543.0,543.0,542.0,541.0,540.0,539.0,539.0,538.0,537.0,537.0,536.0,536.0,535.0,534.0,534.0,533.0,533.0,532.0,532.0
real,120,gulf,2,LSTM-rec,3,crossing,4,194,160,0.24097585921436068,160.0,159.0,158.0,157.0,156.0,155.0,155.0,154.0,154.0,153.0,152.0,152.0,151.0,151.0,151.0,150.0,150.0,150.0,150.0,150.0
real,120,gulf,2,LSTM-rec,3,crossing,5,197,86,0.03148015439772444,84.0,84.0,81.0,80.0,75.0,73.0,73.0,70.0,69.0,68.0,68.0,67.0,67.0,66.0,66.0,65.0,64.0,64.0,64.0,63.0
real,120,gulf,2,LSTM-rec,3,crossing,6,255,47,0.28781293969676514,46.0,45.0,45.0,44.0,43.0,42.0,42.0,41.0,41.0,40.0,40.0,39.0,39.0,35.0,35.0,34.0,33.0,33.0,32.0,32.0
real,120,gulf,2,LSTM-rec,3,crossing,7,262,25,0.21180976982046548,24.0,24.0,23.0,22.0,21.0,20.0,20.0,19.0,18.0,18.0,17.0,17.0,15.0,15.0,14.0,14.0,14.0,13.0,13.0,12.0
real,120,gulf,2,LSTM-rec,3,crossing,8,270,488,0.10434544249932537,487.0,486.0,485.0,484.0,483.0,483.0,482.0,481.0,480.0,480.0,479.0,479.0,479.0,478.0,478.0,477.0,477.0,476.0,476.0,476.0
real,120,gulf,2,LSTM-rec,3,crossing,9,295,124,0.22724816963757405,123.0,122.0,121.0,121.0,120.0,119.0,118.0,117.0,117.0,116.0,116.0,115.0,115.0,115.0,114.0,114.0,114.0,113.0,113.0,112.0
real,120,gulf,2,LSTM-rec,3,crossing,10,307,86,0.17268371309832978,86.0,85.0,84.0,83.0,82.0,82.0,81.0,81.0,80.0,80.0,79.0,79.0,78.0,78.0,77.0,77.0,76.0,76.0,76.0,75.0
real,120,gulf,2,LSTM-rec,3,crossing,11,327,616,0.09391636577513113,615.0,613.0,611.0,610.0,610.0,609.0,608.0,608.0,607.0,607.0,606.0,605.0,605.0,605.0,604.0,604.0,604.0,604.0,604.0,604.0
real,120,gulf,2,LSTM-rec,3,crossing,12,332,532,0.15738216149807072,531.0,527.0,526.0,524.0,522.0,521.0,521.0,520.0,520.0,519.0,519.0,518.0,518.0,518.0,452.0,452.0,451.0,451.0,451.0,450.0
real,120,gulf,2,LSTM-rec,3,crossing,13,334,18,0.17496996157078257,17.0,16.0,16.0,15.0,14.0,13.0,13.0,12.0,12.0,12.0,12.0,10.0,9.0,9.0,9.0,9.0,8.0,8.0,8.0,8.0
real,120,gulf,2,LSTM-rec,3,crossing,14,346,24,0.20179138006429215,23.0,19.0,18.0,17.0,16.0,16.0,16.0,15.0,12.0,12.0,11.0,11.0,10.0,10.0,10.0,9.0,9.0,9.0,8.0,8.0
real,120,gulf,2,LSTM-rec,3,crossing,15,355,164,0.1806987963575175,163.0,162.0,161.0,160.0,160.0,159.0,158.0,158.0,157.0,157.0,156.0,156.0,155.0,155.0,155.0,154.0,153.0,153.0,152.0,151.0
real,120,gulf,2,LSTM-rec,3,crossing,16,372,44,0.4584527507579535,43.0,38.0,36.0,35.0,34.0,34.0,33.0,32.0,32.0,31.0,31.0,31.0,30.0,29.0,27.0,27.0,27.0,26.0,26.0,26.0
real,120,gulf,2,LSTM-rec,3,crossing,17,392,506,0.06819467030259171,505.0,504.0,503.0,503.0,502.0,501.0,501.0,500.0,499.0,499.0,498.0,498.0,497.0,497.0,497.0,496.0,496.0,495.0,495.0,495.0
real,120,gulf,2,LSTM-rec,3,crossing,18,393,95,0.30684694160321446,94.0,94.0,93.0,93.0,92.0,92.0,91.0,91.0,91.0,90.0,86.0,85.0,84.0,84.0,83.0,83.0,82.0,82.0,82.0,82.0
real,120,gulf,2,LSTM-rec,3,crossing,19,422,33,0.0809642779554234,33.0,32.0,31.0,30.0,29.0,29.0,28.0,27.0,27.0,26.0,25.0,25.0,24.0,24.0,23.0,23.0,22.0,22.0,21.0,21.0
real,120,gulf,2,LSTM-rec,3,crossing,20,435,36,0.31601892030546674,36.0,36.0,36.0,29.0,6.0,6.0,6.0,6.0,6.0,6.0,6.0,6.0,6.0,6.0,6.0,6.0,6.0,6.0,6.0,6.0
real,120,gulf,2,LSTM-rec,3,crossing,21,440,533,0.24277559852080374,532.0,532.0,532.0,532.0,531.0,531.0,531.0,529.0,527.0,522.0,522.0,521.0,521.0,520.0,518.0,518.0,518.0,518.0,517.0,517.0
real,120,gulf,2,LSTM-rec,3,crossing,22,483,19,0.17417043005953228,9.0,6.0,6.0,6.0,6.0,6.0,6.0,6.0,6.0,6.0,6.0,6.0,6.0,6.0,6.0,6.0,6.0,6.0,6.0,6.0
real,120,gulf,2,LSTM-ms,3,buffer,0,9,145,0.2525166051467841,135.0,134.0,133.0,133.0,133.0,131.0,131.0,131.0,131.0,131.0,131.0,113.0,113.0,113.0,110.0,110.0,109.0,109.0,108.0,108.0
real,120,gulf,2,LSTM-ms,3,buffer,1,18,10,0.552803466026154,6.0,6.0,6.0,6.0,6.0,6.0,6.0,6.0,6.0,6.0,6.0,6.0,6.0,6.0,6.0,6.0,6.0,6.0,6.0,6.0
real,120,gulf,2,LSTM-ms,3,buffer,2,112,374,0.2427666473894172,368.0,367.0,366.0,365.0,365.0,364.0,364.0,364.0,364.0,364.0,351.0,351.0,351.0,350.0,350.0,349.0,349.0,349.0,348.0,348.0
real,120,gulf,2,LSTM-ms,3,buffer,3,119,545,0.12066016841622584,519.0,518.0,516.0,516.0,515.0,514.0,514.0,512.0,512.0,512.0,511.0,511.0,511.0,510.0,510.0,509.0,508.0,508.0,506.0,505.0
real,120,gulf,2,LSTM-ms,3,buffer,4,194,160,0.24097585921436068,153.0,152.0,151.0,150.0,150.0,149.0,149.0,149.0,148.0,148.0,148.0,147.0,147.0,147.0,146.0,145.0,144.0,144.0,143.0,143.0
real,120,gulf,2,LSTM-ms,3,buffer,5,197,86,0.03148015439772444,63.0,63.0,62.0,61.0,60.0,59.0,58.0,58.0,57.0,56.0,56.0,55.0,54.0,54.0,53.0,52.0,52.0,52.0,51.0,51.0
real,120,gulf,2,LSTM-ms,3,buffer,6,255,47,0.28781293969676514,36.0,35.0,34.0,33.0,32.0,32.0,31.0,30.0,30.0,30.0,29.0,28.0,28.0,28.0,28.0,28.0,28.0,27.0,24.0,24.0
real,120,gulf,2,LSTM-ms,3,buffer,7,262,25,0.21180976982046548,11.0,10.0,9.0,8.0,8.0,7.0,7.0,6.0,6.0,6.0,6.0,6.0,6.0,6.0,6.0,6.0,6.0,6.0,6.0,6.0
real,120,gulf,2,LSTM-ms,3,buffer,8,270,488,0.10434544249932537,478.0,477.0,476.0,475.0,475.0,474.0,474.0,473.0,473.0,472.0,472.0,470.0,470.0,470.0,469.0,464.0,464.0,463.0,462.0,462.0
real,120,gulf,2,LSTM-ms,3,buffer,9,295,124,0.22724816963757405,114.0,113.0,112.0,111.0,110.0,109.0,109.0,108.0,107.0,106.0,106.0,105.0,104.0,103.0,103.0,102.0,101.0,101.0,100.0,100.0
real,120,gulf,2,LSTM-ms,3,buffer,10,307,86,0.17268371309832978,6.0,6.0,6.0,6.0,6.0,6.0,6.0,6.0,6.0,6.0,6.0,6.0,6.0,6.0,6.0,6.0,6.0,6.0,6.0,6.0
real,120,gulf,2,LSTM-ms,3,buffer,11,327,616,0.09391636577513113,609.0,608.0,607.0,607.0,606.0,605.0,604.0,604.0,603.0,602.0,601.0,601.0,601.0,600.0,600.0,599.0,599.0,598.0,598.0,598.0
real,120,gulf,2,LSTM-ms,3,buffer,12,332,532,0.15738216149807072,518.0,517.0,517.0,516.0,516.0,453.0,452.0,451.0,450.0,450.0,449.0,448.0,448.0,447.0,446.0,446.0,445.0,445.0,444.0,444.0
real,120,gulf,2,LSTM-ms,3,buffer,13,334,18,0.17496996157078257,6.0,6.0,6.0,6.0,6.0,6.0,6.0,6.0,6.0,6.0,6.0,6.0,6.0,6.0,6.0,6.0,6.0,6.0,6.0,6.0
real,120,gulf,2,LSTM-ms,3,buffer,14,346,24,0.20179138006429215,12.0,11.0,11.0,10.0,9.0,8.0,8.0,7.0,6.0,6.0,6.0,6.0,6.0,6.0,6.0,6.0,6.0,6.0,6.0,6.0
real,120,gulf,2,LSTM-ms,3,buffer,15,355,164,0.1806987963575175,151.0,150.0,149.0,148.0,148.0,147.0,146.0,145.0,145.0,144.0,143.0,143.0,142.0,141.0,141.0,140.0,139.0,139.0,138.0,138.0
real,120,gulf,2,LSTM-ms,3,buffer,16,372,44,0.4584527507579535,33.0,32.0,31.0,30.0,29.0,29.0,27.0,26.0,25.0,25.0,24.0,23.0,23.0,22.0,22.0,21.0,21.0,20.0,20.0,20.0
real,120,gulf,2,LSTM-ms,3,buffer,17,392,506,0.06819467030259171,501.0,500.0,499.0,498.0,497.0,497.0,496.0,495.0,494.0,494.0,493.0,492.0,492.0,491.0,491.0,490.0,490.0,489.0,489.0,488.0
real,120,gulf,2,LSTM-ms,3,buffer,18,393,95,0.30684694160321446,78.0,77.0,77.0,74.0,73.0,69.0,69.0,65.0,64.0,64.0,63.0,63.0,63.0,62.0,59.0,58.0,58.0,58.0,58.0,57.0
real,120,gulf,2,LSTM-ms,3,buffer,19,422,33,0.0809642779554234,17.0,16.0,16.0,15.0,15.0,14.0,13.0,12.0,12.0,12.0,9.0,9.0,9.0,9.0,9.0,9.0,9.0,8.0,8.0,8.0
real,120,gulf,2,LSTM-ms,3,buffer,20,435,36,0.31601892030546674,6.0,6.0,6.0,6.0,6.0,6.0,6.0,6.0,6.0,6.0,6.0,6.0,6.0,6.0,6.0,6.0,6.0,6.0,6.0,6.0
real,120,gulf,2,LSTM-ms,3,buffer,21,440,533,0.24277559852080374,512.0,511.0,511.0,510.0,509.0,509.0,508.0,507.0,506.0,505.0,504.0,504.0,503.0,503.0,502.0,501.0,501.0,500.0,500.0,499.0
real,120,gulf,2,LSTM-ms,3,buffer,22,483,19,0.17417043005953228,6.0,6.0,6.0,6.0,6.0,6.0,6.0,6.0,6.0,6.0,6.0,6.0,6.0,6.0,6.0,6.0,6.0,6.0,6.0,6.0
real,120,gulf,2,LSTM-ms,3,crossing,0,9,145,0.2525166051467841,145.0,144.0,143.0,142.0,142.0,141.0,139.0,138.0,138.0,137.0,137.0,137.0,136.0,134.0,134.0,133.0,133.0,133.0,133.0,133.0
real,120,gulf,2,LSTM-ms,3,crossing,1,18,10,0.552803466026154,9.0,6.0,6.0,6.0,6.0,6.0,6.0,6.0,6.0,6.0,6.0,6.0,6.0,6.0,6.0,6.0,6.0,6.0,6.0,6.0
real,120,gulf,2,LSTM-ms,3,crossing,2,112,374,0.2427666473894172,373.0,372.0,371.0,370.0,370.0,369.0,368.0,368.0,367.0,366.0,366.0,366.0,365.0,365.0,365.0,365.0,364.0,351.0,351.0,351.0
real,120,gulf,2,LSTM-ms,3,crossing,3,119,545,0.12066016841622584,544.0,543.0,543.0,542.0,541.0,540.0,539.0,539.0,538.0,537.0,536.0,536.0,536.0,534.0,534.0,533.0,533.0,531.0,531.0,529.0
real,120,gulf,2,LSTM-ms,3,crossing,4,194,160,0.24097585921436068,160.0,158.0,157.0,157.0,156.0,155.0,154.0,154.0,153.0,152.0,152.0,151.0,151.0,150.0,150.0,150.0,150.0,150.0,149.0,149.0
real,120,gulf,2,LSTM-ms,3,crossing,5,197,86,0.03148015439772444,84.0,84.0,83.0,81.0,75.0,73.0,70.0,69.0,68.0,68.0,67.0,67.0,66.0,64.0,64.0,63.0,63.0,62.0,61.0,60.0
real,120,gulf,2,LSTM-ms,3,crossing,6,255,47,0.28781293969676514,46.0,46.0,45.0,44.0,44.0,42.0,42.0,41.0,40.0,40.0,39.0,39.0,35.0,34.0,33.0,32.0,32.0,31.0,31.0,30.0
real,120,gulf,2,LSTM-ms,3,crossing,7,262,25,0.21180976982046548,24.0,24.0,23.0,22.0,21.0,20.0,19.0,19.0,18.0,17.0,17.0,15.0,14.0,14.0,13.0,13.0,12.0,11.0,11.0,10.0
real,120,gulf,2,LSTM-ms,3,crossing,8,270,488,0.10434544249932537,487.0,486.0,485.0,484.0,483.0,483.0,482.0,481.0,480.0,479.0,479.0,479.0,478.0,477.0,477.0,476.0,476.0,475.0,475.0,475.0
real,120,gulf,2,LSTM-ms,3,crossing,9,295,124,0.22724816963757405,123.0,122.0,121.0,120.0,119.0,118.0,118.0,117.0,116.0,116.0,115.0,114.0,114.0,113.0,112.0,111.0,110.0,109.0,108.0,107.0
real,120,gulf,2,LSTM-ms,3,crossing,10,307,86,0.17268371309832978,86.0,85.0,84.0,83.0,82.0,82.0,81.0,80.0,80.0,79.0,79.0,78.0,78.0,77.0,76.0,76.0,75.0,75.0,74.0,73.0
real,120,gulf,2,LSTM-ms,3,crossing,11,327,616,0.09391636577513113,615.0,613.0,611.0,610.0,610.0,609.0,608.0,608.0,607.0,607.0,606.0,605.0,604.0,604.0,604.0,603.0,602.0,601.0,601.0,601.0
real,120,gulf,2,LSTM-ms,3,crossing,12,332,532,0.15738216149807072,531.0,527.0,525.0,524.0,522.0,521.0,520.0,519.0,519.0,519.0,518.0,453.0,453.0,452.0,450.0,450.0,449.0,449.0,448.0,448.0
real,120,gulf,2,LSTM-ms,3,crossing,13,334,18,0.17496996157078257,17.0,16.0,16.0,15.0,14.0,13.0,12.0,12.0,12.0,12.0,10.0,9.0,9.0,9.0,8.0,8.0,8.0,8.0,8.0,8.0
real,120,gulf,2,LSTM-ms,3,crossing,14,346,24,0.20179138006429215,23.0,19.0,18.0,17.0,16.0,16.0,15.0,12.0,11.0,11.0,10.0,10.0,9.0,9.0,8.0,7.0,7.0,6.0,6.0,6.0
real,120,gulf,2,LSTM-ms,3,crossing,15,355,164,0.1806987963575175,163.0,162.0,161.0,160.0,160.0,159.0,158.0,158.0,157.0,156.0,156.0,155.0,155.0,154.0,153.0,151.0,151.0,150.0,149.0,149.0
real,120,gulf,2,LSTM-ms,3,crossing,16,372,44,0.4584527507579535,43.0,38.0,36.0,35.0,34.0,33.0,32.0,32.0,31.0,31.0,30.0,29.0,26.0,26.0,25.0,25.0,24.0,24.0,23.0,23.0
real,120,gulf,2,LSTM-ms,3,crossing,17,392,506,0.06819467030259171,505.0,504.0,503.0,502.0,502.0,501.0,500.0,499.0,498.0,498.0,497.0,496.0,496.0,495.0,494.0,494.0,493.0,492.0,492.0,491.0
real,120,gulf,2,LSTM-ms,3,crossing,18,393,95,0.30684694160321446,94.0,94.0,93.0,93.0,93.0,92.0,91.0,91.0,91.0,90.0,85.0,84.0,83.0,83.0,82.0,65.0,64.0,64.0,64.0,64.0
real,120,gulf,2,LSTM-ms,3,crossing,19,422,33,0.0809642779554234,33.0,32.0,31.0,30.0,29.0,29.0,28.0,27.0,26.0,25.0,25.0,24.0,23.0,23.0,22.0,21.0,20.0,20.0,19.0,18.0
real,120,gulf,2,LSTM-ms,3,crossing,20,435,36,0.31601892030546674,36.0,36.0,36.0,36.0,36.0,36.0,36.0,36.0,30.0,29.0,6.0,6.0,6.0,6.0,6.0,6.0,6.0,6.0,6.0,6.0
real,120,gulf,2,LSTM-ms,3,crossing,21,440,533,0.24277559852080374,532.0,532.0,532.0,532.0,531.0,531.0,531.0,529.0,525.0,522.0,521.0,521.0,519.0,518.0,518.0,518.0,517.0,516.0,516.0,515.0
real,120,gulf,2,LSTM-ms,3,crossing,22,483,19,0.17417043005953228,,,,,,,10.0,6.0,6.0,6.0,6.0,6.0,6.0,6.0,6.0,6.0,6.0,6.0,6.0,6.0
real,120,gulf,2,LSTM-rec,4,buffer,0,9,145,0.2525166051467841,135.0,134.0,133.0,133.0,132.0,131.0,131.0,131.0,131.0,131.0,114.0,113.0,113.0,113.0,110.0,110.0,109.0,109.0,108.0,108.0
real,120,gulf,2,LSTM-rec,4,buffer,1,18,10,0.552803466026154,6.0,6.0,6.0,6.0,6.0,6.0,6.0,6.0,6.0,6.0,6.0,6.0,6.0,6.0,6.0,6.0,6.0,6.0,6.0,6.0
real,120,gulf,2,LSTM-rec,4,buffer,2,112,374,0.2427666473894172,367.0,367.0,366.0,365.0,365.0,364.0,364.0,364.0,364.0,363.0,363.0,351.0,351.0,350.0,349.0,349.0,349.0,348.0,348.0,348.0
real,120,gulf,2,LSTM-rec,4,buffer,3,119,545,0.12066016841622584,518.0,517.0,516.0,515.0,514.0,514.0,512.0,512.0,512.0,511.0,511.0,510.0,510.0,509.0,508.0,508.0,508.0,505.0,505.0,504.0
real,120,gulf,2,LSTM-rec,4,buffer,4,194,160,0.24097585921436068,153.0,152.0,151.0,150.0,150.0,149.0,149.0,148.0,148.0,148.0,147.0,147.0,147.0,147.0,145.0,144.0,144.0,143.0,143.0,143.0
real,120,gulf,2,LSTM-rec,4,buffer,5,197,86,0.03148015439772444,63.0,63.0,62.0,61.0,60.0,59.0,58.0,58.0,57.0,56.0,56.0,55.0,54.0,54.0,53.0,52.0,52.0,52.0,51.0,50.0
real,120,gulf,2,LSTM-rec,4,buffer,6,255,47,0.28781293969676514,36.0,35.0,34.0,33.0,32.0,31.0,30.0,30.0,30.0,29.0,29.0,28.0,28.0,28.0,28.0,28.0,27.0,24.0,24.0,24.0
real,120,gulf,2,LSTM-rec,4,buffer,7,262,25,0.21180976982046548,11.0,10.0,9.0,8.0,8.0,7.0,6.0,6.0,6.0,6.0,6.0,6.0,6.0,6.0,6.0,6.0,6.0,6.0,6.0,6.0
real,120,gulf,2,LSTM-rec,4,buffer,8,270,488,0.10434544249932537,477.0,477.0,476.0,475.0,474.0,474.0,473.0,473.0,472.0,472.0,471.0,470.0,470.0,470.0,469.0,464.0,464.0,463.0,462.0,462.0
real,120,gulf,2,LSTM-rec,4,buffer,9,295,124,0.22724816963757405,114.0,113.0,112.0,112.0,111.0,110.0,110.0,109.0,109.0,108.0,107.0,107.0,107.0,106.0,106.0,106.0,105.0,105.0,104.0,104.0
real,120,gulf,2,LSTM-rec,4,buffer,10,307,86,0.17268371309832978,6.0,6.0,6.0,6.0,6.0,6.0,6.0,6.0,6.0,6.0,6.0,6.0,6.0,6.0,6.0,6.0,6.0,6.0,6.0,6.0
real,120,gulf,2,LSTM-rec,4,buffer,11,327,616,0.09391636577513113,609.0,608.0,607.0,606.0,605.0,605.0,604.0,604.0,603.0,603.0,602.0,601.0,601.0,600.0,600.0,599.0,599.0,599.0,598.0,598.0
real,120,gulf,2,LSTM-rec,4,buffer,12,332,532,0.15738216149807072,518.0,517.0,517.0,516.0,453.0,452.0,451.0,451.0,450.0,450.0,449.0,449.0,448.0,447.0,446.0,446.0,445.0,445.0,444.0,444.0
real,120,gulf,2,LSTM-rec,4,buffer,13,334,18,0.17496996157078257,6.0,6.0,6.0,6.0,6.0,6.0,6.0,6.0,6.0,6.0,6.0,6.0,6.0,6.0,6.0,6.0,6.0,6.0,6.0,6.0
real,120,gulf,2,LSTM-rec,4,buffer,14,346,24,0.20179138006429215,12.0,11.0,11.0,10.0,9.0,8.0,8.0,7.0,6.0,6.0,6.0,6.0,6.0,6.0,6.0,6.0,6.0,6.0,6.0,6.0
real,120,gulf,2,LSTM-rec,4,buffer,15,355,164,0.1806987963575175,151.0,150.0,149.0,148.0,147.0,147.0,146.0,145.0,144.0,144.0,143.0,142.0,142.0,141.0,140.0,140.0,139.0,139.0,138.0,138.0
real,120,gulf,2,LSTM-rec,4,buffer,16,372,44,0.4584527507579535,33.0,32.0,31.0,30.0,29.0,28.0,27.0,26.0,26.0,25.0,24.0,23.0,23.0,22.0,22.0,21.0,21.0,21.0,20.0,20.0
real,120,gulf,2,LSTM-rec,4,buffer,17,392,506,0.06819467030259171,501.0,500.0,499.0,498.0,498.0,497.0,496.0,495.0,495.0,494.0,493.0,493.0,492.0,492.0,492.0,491.0,491.0,491.0,490.0,490.0
real,120,gulf,2,LSTM-rec,4,buffer,18,393,95,0.30684694160321446,78.0,77.0,77.0,74.0,73.0,69.0,69.0,65.0,65.0,64.0,64.0,64.0,64.0,63.0,63.0,63.0,63.0,59.0,59.0,59.0
real,120,gulf,2,LSTM-rec,4,buffer,19,422,33,0.0809642779554234,17.0,16.0,15.0,15.0,14.0,13.0,12.0,12.0,12.0,11.0,9.0,9.0,9.0,9.0,9.0,8.0,8.0,8.0,8.0,8.0
real,120,gulf,2,LSTM-rec,4,buffer,20,435,36,0.31601892030546674,6.0,6.0,6.0,6.0,6.0,6.0,6.0,6.0,6.0,6.0,6.0,6.0,6.0,6.0,6.0,6.0,6.0,6.0,6.0,6.0
real,120,gulf,2,LSTM-rec,4,buffer,21,440,533,0.24277559852080374,512.0,511.0,510.0,510.0,509.0,509.0,507.0,506.0,505.0,505.0,504.0,503.0,502.0,501.0,501.0,500.0,500.0,499.0,499.0,499.0
real,120,gulf,2,LSTM-rec,4,buffer,22,483,19,0.17417043005953228,6.0,6.0,6.0,6.0,6.0,6.0,6.0,6.0,6.0,6.0,6.0,6.0,6.0,6.0,6.0,6.0,6.0,6.0,6.0,6.0
real,120,gulf,2,LSTM-rec,4,crossing,0,9,145,0.2525166051467841,145.0,144.0,143.0,142.0,142.0,141.0,139.0,138.0,138.0,137.0,137.0,137.0,134.0,134.0,134.0,134.0,133.0,133.0,133.0,133.0
real,120,gulf,2,LSTM-rec,4,crossing,1,18,10,0.552803466026154,10.0,6.0,6.0,6.0,6.0,6.0,6.0,6.0,6.0,6.0,6.0,6.0,6.0,6.0,6.0,6.0,6.0,6.0,6.0,6.0
real,120,gulf,2,LSTM-rec,4,crossing,2,112,374,0.2427666473894172,373.0,372.0,371.0,370.0,370.0,369.0,368.0,367.0,366.0,366.0,366.0,365.0,365.0,365.0,365.0,364.0,364.0,364.0,364.0,351.0
real,120,gulf,2,LSTM-rec,4,crossing,3,119,545,0.12066016841622584,544.0,543.0,542.0,541.0,540.0,540.0,539.0,538.0,537.0,537.0,536.0,535.0,534.0,533.0,533.0,532.0,531.0,530.0,529.0,529.0
real,120,gulf,2,LSTM-rec,4,crossing,4,194,160,0.24097585921436068,159.0,158.0,157.0,157.0,156.0,155.0,154.0,153.0,153.0,152.0,151.0,151.0,150.0,150.0,150.0,150.0,150.0,149.0,149.0,149.0
real,120,gulf,2,LSTM-rec,4,crossing,5,197,86,0.03148015439772444,84.0,84.0,83.0,80.0,75.0,73.0,70.0,69.0,68.0,68.0,67.0,67.0,66.0,65.0,64.0,63.0,63.0,62.0,62.0,61.0
real,120,gulf,2,LSTM-rec,4,crossing,6,255,47,0.28781293969676514,46.0,45.0,45.0,44.0,43.0,42.0,41.0,41.0,40.0,40.0,39.0,35.0,34.0,33.0,33.0,32.0,32.0,31.0,30.0,30.0
real,120,gulf,2,LSTM-rec,4,crossing,7,262,25,0.21180976982046548,24.0,23.0,23.0,22.0,21.0,20.0,19.0,18.0,17.0,17.0,15.0,15.0,14.0,14.0,13.0,12.0,11.0,11.0,10.0,10.0
real,120,gulf,2,LSTM-rec,4,crossing,8,270,488,0.10434544249932537,487.0,486.0,485.0,484.0,483.0,483.0,482.0,480.0,480.0,479.0,479.0,478.0,478.0,477.0,476.0,476.0,475.0,475.0,475.0,475.0
real,120,gulf,2,LSTM-rec,4,crossing,9,295,124,0.22724816963757405,123.0,122.0,121.0,121.0,120.0,119.0,119.0,118.0,117.0,117.0,117.0,116.0,116.0,115.0,115.0,115.0,115.0,114.0,114.0,114.0
real,120,gulf,2,LSTM-rec,4,crossing,10,307,86,0.17268371309832978,85.0,85.0,84.0,83.0,82.0,81.0,81.0,80.0,79.0,79.0,78.0,78.0,77.0,76.0,76.0,75.0,75.0,74.0,73.0,73.0
real,120,gulf,2,LSTM-rec,4,crossing,11,327,616,0.09391636577513113,615.0,613.0,611.0,610.0,610.0,609.0,608.0,608.0,607.0,606.0,605.0,605.0,604.0,604.0,604.0,604.0,603.0,602.0,602.0,601.0
real,120,gulf,2,LSTM-rec,4,crossing,12,332,532,0.15738216149807072,531.0,527.0,526.0,524.0,522.0,521.0,520.0,520.0,519.0,519.0,518.0,518.0,452.0,451.0,451.0,450.0,450.0,450.0,449.0,449.0
real,120,gulf,2,LSTM-rec,4,crossing,13,334,18,0.17496996157078257,17.0,16.0,15.0,15.0,14.0,13.0,12.0,12.0,12.0,10.0,9.0,9.0,9.0,9.0,8.0,8.0,8.0,8.0,8.0,8.0
real,120,gulf,2,LSTM-rec,4,crossing,14,346,24,0.20179138006429215,23.0,19.0,18.0,17.0,16.0,16.0,16.0,15.0,12.0,11.0,11.0,10.0,10.0,9.0,9.0,8.0,8.0,7.0,7.0,6.0
real,120,gulf,2,LSTM-rec,4,crossing,15,355,164,0.1806987963575175,163.0,162.0,161.0,160.0,159.0,159.0,158.0,157.0,157.0,156.0,156.0,155.0,154.0,153.0,152.0,151.0,151.0,150.0,149.0,149.0
real,120,gulf,2,LSTM-rec,4,crossing,16,372,44,0.4584527507579535,43.0,38.0,36.0,35.0,34.0,33.0,33.0,32.0,31.0,31.0,30.0,29.0,27.0,26.0,26.0,25.0,25.0,24.0,24.0,23.0
real,120,gulf,2,LSTM-rec,4,crossing,17,392,506,0.06819467030259171,505.0,504.0,503.0,502.0,502.0,501.0,500.0,499.0,499.0,498.0,497.0,497.0,496.0,496.0,495.0,495.0,494.0,494.0,493.0,493.0
real,120,gulf,2,LSTM-rec,4,crossing,18,393,95,0.30684694160321446,94.0,94.0,93.0,93.0,92.0,92.0,91.0,91.0,91.0,85.0,84.0,84.0,83.0,83.0,82.0,82.0,82.0,81.0,65.0,65.0
real,120,gulf,2,LSTM-rec,4,crossing,19,422,33,0.0809642779554234,32.0,32.0,31.0,30.0,29.0,28.0,27.0,26.0,26.0,25.0,24.0,24.0,23.0,22.0,21.0,20.0,20.0,19.0,19.0,18.0
real,120,gulf,2,LSTM-rec,4,crossing,20,435,36,0.31601892030546674,36.0,36.0,36.0,30.0,6.0,6.0,6.0,6.0,6.0,6.0,6.0,6.0,6.0,6.0,6.0,6.0,6.0,6.0,6.0,6.0
real,120,gulf,2,LSTM-rec,4,crossing,21,440,533,0.24277559852080374,532.0,532.0,532.0,531.0,531.0,531.0,529.0,527.0,522.0,522.0,521.0,519.0,518.0,518.0,518.0,517.0,516.0,516.0,516.0,515.0
real,120,gulf,2,LSTM-rec,4,crossing,22,483,19,0.17417043005953228,6.0,6.0,6.0,6.0,6.0,6.0,6.0,6.0,6.0,6.0,6.0,6.0,6.0,6.0,6.0,6.0,6.0,6.0,6.0,6.0
real,120,gulf,2,LSTM-ms,4,buffer,0,9,145,0.2525166051467841,135.0,134.0,133.0,133.0,132.0,131.0,131.0,131.0,131.0,131.0,131.0,113.0,113.0,110.0,110.0,109.0,109.0,109.0,108.0,107.0
real,120,gulf,2,LSTM-ms,4,buffer,1,18,10,0.552803466026154,6.0,6.0,6.0,6.0,6.0,6.0,6.0,6.0,6.0,6.0,6.0,6.0,6.0,6.0,6.0,6.0,6.0,6.0,6.0,6.0
real,120,gulf,2,LSTM-ms,4,buffer,2,112,374,0.2427666473894172,367.0,367.0,366.0,365.0,365.0,364.0,364.0,364.0,363.0,363.0,352.0,351.0,350.0,350.0,350.0,349.0,348.0,348.0,347.0,347.0
real,120,gulf,2,LSTM-ms,4,buffer,3,119,545,0.12066016841622584,519.0,518.0,517.0,516.0,516.0,515.0,515.0,514.0,514.0,514.0,514.0,512.0,512.0,512.0,512.0,512.0,512.0,512.0,512.0,512.0
real,120,gulf,2,LSTM-ms,4,buffer,4,194,160,0.24097585921436068,153.0,152.0,151.0,150.0,150.0,149.0,149.0,149.0,148.0,148.0,148.0,148.0,147.0,147.0,147.0,147.0,146.0,145.0,144.0,144.0
real,120,gulf,2,LSTM-ms,4,buffer,5,197,86,0.03148015439772444,64.0,63.0,62.0,61.0,61.0,60.0,59.0,59.0,58.0,58.0,57.0,57.0,57.0,56.0,56.0,55.0,55.0,54.0,54.0,53.0
real,120,gulf,2,LSTM-ms,4,buffer,6,255,47,0.28781293969676514,36.0,35.0,34.0,33.0,32.0,31.0,30.0,30.0,30.0,29.0,28.0,28.0,28.0,28.0,28.0,28.0,28.0,24.0,24.0,24.0
real,120,gulf,2,LSTM-ms,4,buffer,7,262,25,0.21180976982046548,11.0,10.0,9.0,9.0,8.0,8.0,7.0,6.0,6.0,6.0,6.0,6.0,6.0,6.0,6.0,6.0,6.0,6.0,6.0,6.0
real,120,gulf,2,LSTM-ms,4,buffer,8,270,488,0.10434544249932537,477.0,477.0,476.0,475.0,474.0,474.0,473.0,473.0,473.0,472.0,472.0,470.0,470.0,470.0,470.0,470.0,464.0,463.0,450.0,450.0
real,120,gulf,2,LSTM-ms,4,buffer,9,295,124,0.22724816963757405,114.0,113.0,112.0,112.0,111.0,110.0,110.0,109.0,108.0,108.0,107.0,107.0,106.0,106.0,105.0,104.0,104.0,103.0,103.0,103.0
real,120,gulf,2,LSTM-ms,4,buffer,10,307,86,0.17268371309832978,6.0,6.0,6.0,6.0,6.0,6.0,6.0,6.0,6.0,6.0,6.0,6.0,6.0,6.0,6.0,6.0,6.0,6.0,6.0,6.0
real,120,gulf,2,LSTM-ms,4,buffer,11,327,616,0.09391636577513113,609.0,608.0,607.0,606.0,606.0,605.0,604.0,604.0,603.0,602.0,602.0,601.0,600.0,600.0,599.0,599.0,599.0,599.0,598.0,598.0
real,120,gulf,2,LSTM-ms,4,buffer,12,332,532,0.15738216149807072,518.0,517.0,517.0,516.0,516.0,453.0,452.0,450.0,450.0,450.0,449.0,448.0,448.0,447.0,446.0,445.0,445.0,444.0,444.0,444.0
real,120,gulf,2,LSTM-ms,4,buffer,13,334,18,0.17496996157078257,6.0,6.0,6.0,6.0,6.0,6.0,6.0,6.0,6.0,6.0,6.0,6.0,6.0,6.0,6.0,6.0,6.0,6.0,6.0,6.0
real,120,gulf,2,LSTM-ms,4,buffer,14,346,24,0.20179138006429215,12.0,11.0,11.0,10.0,9.0,9.0,8.0,7.0,7.0,6.0,6.0,6.0,6.0,6.0,6.0,6.0,6.0,6.0,6.0,6.0
real,120,gulf,2,LSTM-ms,4,buffer,15,355,164,0.1806987963575175,151.0,150.0,150.0,149.0,148.0,148.0,147.0,146.0,146.0,145.0,145.0,144.0,144.0,143.0,143.0,143.0,142.0,142.0,141.0,141.0
real,120,gulf,2,LSTM-ms,4,buffer,16,372,44,0.4584527507579535,33.0,32.0,31.0,30.0,30.0,29.0,26.0,26.0,25.0,24.0,24.0,23.0,22.0,22.0,21.0,21.0,21.0,20.0,20.0,19.0
real,120,gulf,2,LSTM-ms,4,buffer,17,392,506,0.06819467030259171,501.0,500.0,499.0,498.0,497.0,497.0,496.0,495.0,494.0,493.0,493.0,492.0,492.0,492.0,491.0,491.0,490.0,490.0,489.0,488.0
real,120,gulf,2,LSTM-ms,4,buffer,18,393,95,0.30684694160321446,78.0,77.0,77.0,74.0,74.0,73.0,69.0,65.0,64.0,64.0,64.0,64.0,63.0,63.0,63.0,59.0,59.0,58.0,58.0,58.0
real,120,gulf,2,LSTM-ms,4,buffer,19,422,33,0.0809642779554234,17.0,17.0,16.0,15.0,15.0,15.0,14.0,14.0,13.0,13.0,13.0,12.0,9.0,9.0,9.0,9.0,9.0,9.0,9.0,9.0
real,120,gulf,2,LSTM-ms,4,buffer,20,435,36,0.31601892030546674,6.0,6.0,6.0,6.0,6.0,6.0,6.0,6.0,6.0,6.0,6.0,6.0,6.0,6.0,6.0,6.0,6.0,6.0,6.0,6.0
real,120,gulf,2,LSTM-ms,4,buffer,21,440,533,0.24277559852080374,512.0,511.0,511.0,510.0,510.0,510.0,509.0,509.0,509.0,509.0,509.0,508.0,507.0,507.0,507.0,506.0,506.0,505.0,505.0,505.0
real,120,gulf,2,LSTM-ms,4,buffer,22,483,19,0.17417043005953228,6.0,6.0,6.0,6.0,6.0,6.0,6.0,6.0,6.0,6.0,6.0,6.0,6.0,6.0,6.0,6.0,6.0,6.0,6.0,6.0
real,120,gulf,2,LSTM-ms,4,crossing,0,9,145,0.2525166051467841,145.0,144.0,143.0,142.0,142.0,141.0,139.0,138.0,138.0,138.0,137.0,137.0,134.0,134.0,133.0,133.0,133.0,133.0,133.0,133.0
real,120,gulf,2,LSTM-ms,4,crossing,1,18,10,0.552803466026154,10.0,6.0,6.0,6.0,6.0,6.0,6.0,6.0,6.0,6.0,6.0,6.0,6.0,6.0,6.0,6.0,6.0,6.0,6.0,6.0
real,120,gulf,2,LSTM-ms,4,crossing,2,112,374,0.2427666473894172,373.0,372.0,371.0,370.0,370.0,369.0,368.0,367.0,366.0,366.0,366.0,366.0,365.0,365.0,365.0,365.0,364.0,364.0,351.0,351.0
real,120,gulf,2,LSTM-ms,4,crossing,3,119,545,0.12066016841622584,544.0,544.0,543.0,543.0,542.0,542.0,541.0,541.0,540.0,540.0,540.0,539.0,539.0,539.0,539.0,538.0,538.0,537.0,537.0,537.0
real,120,gulf,2,LSTM-ms,4,crossing,4,194,160,0.24097585921436068,159.0,158.0,157.0,157.0,156.0,155.0,154.0,154.0,153.0,152.0,151.0,151.0,151.0,150.0,150.0,150.0,150.0,150.0,149.0,149.0
real,120,gulf,2,LSTM-ms,4,crossing,5,197,86,0.03148015439772444,85.0,84.0,84.0,84.0,84.0,84.0,84.0,75.0,73.0,70.0,69.0,68.0,68.0,68.0,67.0,67.0,67.0,66.0,66.0,64.0
real,120,gulf,2,LSTM-ms,4,crossing,6,255,47,0.28781293969676514,46.0,45.0,45.0,44.0,43.0,42.0,41.0,41.0,40.0,40.0,39.0,35.0,34.0,33.0,33.0,32.0,32.0,31.0,31.0,30.0
real,120,gulf,2,LSTM-ms,4,crossing,7,262,25,0.21180976982046548,24.0,24.0,23.0,22.0,22.0,21.0,20.0,19.0,19.0,18.0,18.0,17.0,17.0,17.0,15.0,15.0,14.0,14.0,14.0,13.0
real,120,gulf,2,LSTM-ms,4,crossing,8,270,488,0.10434544249932537,487.0,486.0,485.0,484.0,483.0,483.0,482.0,481.0,480.0,479.0,479.0,479.0,478.0,477.0,477.0,476.0,475.0,475.0,475.0,475.0
real,120,gulf,2,LSTM-ms,4,crossing,9,295,124,0.22724816963757405,123.0,122.0,122.0,121.0,120.0,119.0,118.0,118.0,117.0,117.0,116.0,116.0,115.0,115.0,115.0,114.0,114.0,113.0,112.0,112.0
real,120,gulf,2,LSTM-ms,4,crossing,10,307,86,0.17268371309832978,86.0,85.0,84.0,83.0,82.0,82.0,82.0,81.0,81.0,80.0,80.0,79.0,79.0,79.0,78.0,78.0,78.0,77.0,77.0,76.0
real,120,gulf,2,LSTM-ms,4,crossing,11,327,616,0.09391636577513113,615.0,614.0,611.0,610.0,609.0,609.0,608.0,608.0,607.0,606.0,606.0,605.0,604.0,604.0,604.0,603.0,602.0,602.0,601.0,601.0
real,120,gulf,2,LSTM-ms,4,crossing,12,332,532,0.15738216149807072,531.0,531.0,527.0,524.0,524.0,522.0,521.0,520.0,520.0,519.0,519.0,519.0,453.0,451.0,450.0,450.0,450.0,449.0,449.0,448.0
real,120,gulf,2,LSTM-ms,4,crossing,13,334,18,0.17496996157078257,17.0,17.0,16.0,15.0,15.0,14.0,13.0,13.0,12.0,12.0,12.0,12.0,12.0,10.0,9.0,9.0,9.0,9.0,9.0,9.0
real,120,gulf,2,LSTM-ms,4,crossing,14,346,24,0.20179138006429215,23.0,20.0,18.0,17.0,16.0,16.0,16.0,16.0,12.0,11.0,11.0,10.0,10.0,10.0,9.0,8.0,8.0,8.0,7.0,6.0
real,120,gulf,2,LSTM-ms,4,crossing,15,355,164,0.1806987963575175,163.0,162.0,162.0,161.0,160.0,160.0,159.0,158.0,158.0,157.0,157.0,157.0,156.0,156.0,156.0,155.0,155.0,154.0,153.0,153.0
real,120,gulf,2,LSTM-ms,4,crossing,16,372,44,0.4584527507579535,43.0,42.0,36.0,35.0,34.0,33.0,32.0,32.0,31.0,31.0,30.0,27.0,26.0,26.0,25.0,25.0,24.0,24.0,23.0,22.0
real,120,gulf,2,LSTM-ms,4,crossing,17,392,506,0.06819467030259171,505.0,504.0,503.0,502.0,501.0,501.0,500.0,499.0,498.0,498.0,497.0,496.0,496.0,495.0,494.0,493.0,493.0,492.0,492.0,492.0
real,120,gulf,2,LSTM-ms,4,crossing,18,393,95,0.30684694160321446,94.0,94.0,93.0,93.0,93.0,93.0,92.0,92.0,92.0,92.0,91.0,91.0,91.0,91.0,91.0,91.0,65.0,65.0,64.0,64.0
real,120,gulf,2,LSTM-ms,4,crossing,19,422,33,0.0809642779554234,33.0,32.0,31.0,31.0,30.0,29.0,29.0,28.0,28.0,27.0,27.0,26.0,26.0,25.0,25.0,25.0,24.0,24.0,23.0,23.0
real,120,gulf,2,LSTM-ms,4,crossing,20,435,36,0.31601892030546674,36.0,36.0,36.0,36.0,36.0,36.0,36.0,36.0,36.0,36.0,36.0,36.0,36.0,36.0,36.0,36.0,36.0,36.0,36.0,36.0
real,120,gulf,2,LSTM-ms,4,crossing,21,440,533,0.24277559852080374,532.0,532.0,532.0,532.0,531.0,531.0,531.0,531.0,531.0,531.0,531.0,531.0,531.0,522.0,522.0,522.0,521.0,519.0,518.0,518.0
real,120,gulf,2,LSTM-ms,4,crossing,22,483,19,0.17417043005953228,,,,,,,,,,,,,,,,,,,,
real,120,gulf,3,Reactive,0,zone,0,39,343,0.15680826273572157,307.0,307.0,307.0,307.0,307.0,307.0,307.0,307.0,307.0,307.0,307.0,307.0,307.0,307.0,307.0,307.0,307.0,307.0,307.0,307.0
real,120,gulf,3,Reactive,0,zone,1,117,288,0.16337730818378182,250.0,250.0,250.0,250.0,250.0,250.0,250.0,250.0,250.0,250.0,250.0,250.0,250.0,250.0,250.0,250.0,250.0,250.0,250.0,250.0
real,120,gulf,3,Reactive,0,zone,2,209,347,0.1009227200203923,324.0,324.0,324.0,324.0,324.0,324.0,324.0,324.0,324.0,324.0,324.0,324.0,324.0,324.0,324.0,324.0,324.0,324.0,324.0,324.0
real,120,gulf,3,Reactive,0,zone,3,227,491,0.22637321104434646,486.0,486.0,486.0,486.0,486.0,486.0,486.0,486.0,486.0,486.0,486.0,486.0,486.0,486.0,486.0,486.0,486.0,486.0,486.0,486.0
real,120,gulf,3,Reactive,0,zone,4,304,54,0.1981045377864236,6.0,6.0,6.0,6.0,6.0,6.0,6.0,6.0,6.0,6.0,6.0,6.0,6.0,6.0,6.0,6.0,6.0,6.0,6.0,6.0
real,120,gulf,3,Reactive,0,zone,5,321,138,0.26395170195255,14.0,14.0,14.0,14.0,14.0,14.0,14.0,14.0,14.0,14.0,14.0,14.0,14.0,14.0,14.0,14.0,14.0,14.0,14.0,14.0
real,120,gulf,3,Reactive,0,zone,6,377,59,0.5639730955031614,55.0,55.0,55.0,55.0,55.0,55.0,55.0,55.0,55.0,55.0,55.0,55.0,55.0,55.0,55.0,55.0,55.0,55.0,55.0,55.0
real,120,gulf,3,Analytic,0,buffer,0,39,343,0.15680826273572157,306.0,305.0,304.0,303.0,301.0,301.0,300.0,300.0,299.0,299.0,298.0,298.0,298.0,283.0,282.0,282.0,282.0,281.0,281.0,281.0
real,120,gulf,3,Analytic,0,buffer,1,117,288,0.16337730818378182,249.0,248.0,247.0,246.0,245.0,245.0,244.0,244.0,243.0,243.0,243.0,243.0,242.0,226.0,226.0,225.0,170.0,170.0,169.0,169.0
real,120,gulf,3,Analytic,0,buffer,2,209,347,0.1009227200203923,323.0,322.0,321.0,321.0,320.0,320.0,320.0,272.0,272.0,271.0,271.0,270.0,269.0,268.0,267.0,266.0,266.0,265.0,264.0,263.0
real,120,gulf,3,Analytic,0,buffer,3,227,491,0.22637321104434646,485.0,484.0,483.0,482.0,481.0,480.0,479.0,479.0,478.0,477.0,476.0,475.0,475.0,474.0,473.0,473.0,472.0,471.0,470.0,469.0
real,120,gulf,3,Analytic,0,buffer,4,304,54,0.1981045377864236,6.0,6.0,6.0,6.0,6.0,6.0,6.0,6.0,6.0,6.0,6.0,6.0,6.0,6.0,6.0,6.0,6.0,6.0,6.0,6.0
real,120,gulf,3,Analytic,0,buffer,5,321,138,0.26395170195255,13.0,13.0,12.0,12.0,11.0,6.0,6.0,6.0,6.0,6.0,6.0,6.0,6.0,6.0,6.0,6.0,6.0,6.0,6.0,6.0
real,120,gulf,3,Analytic,0,buffer,6,377,59,0.5639730955031614,54.0,53.0,52.0,51.0,50.0,49.0,48.0,47.0,46.0,45.0,44.0,43.0,42.0,41.0,40.0,39.0,38.0,37.0,36.0,35.0
real,120,gulf,3,Analytic,0,crossing,0,39,343,0.15680826273572157,323.0,321.0,311.0,310.0,309.0,308.0,307.0,307.0,306.0,306.0,305.0,304.0,302.0,301.0,301.0,300.0,300.0,300.0,299.0,299.0
real,120,gulf,3,Analytic,0,crossing,1,117,288,0.16337730818378182,265.0,264.0,254.0,253.0,252.0,252.0,251.0,250.0,249.0,248.0,247.0,246.0,245.0,245.0,244.0,244.0,244.0,244.0,244.0,243.0
real,120,gulf,3,Analytic,0,crossing,2,209,347,0.1009227200203923,333.0,327.0,326.0,325.0,324.0,324.0,323.0,322.0,321.0,321.0,321.0,272.0,272.0,272.0,271.0,270.0,270.0,269.0,267.0,267.0
real,120,gulf,3,Analytic,0,crossing,3,227,491,0.22637321104434646,490.0,489.0,487.0,487.0,486.0,485.0,484.0,483.0,482.0,481.0,480.0,479.0,479.0,478.0,477.0,476.0,476.0,475.0,474.0,474.0
real,120,gulf,3,Analytic,0,crossing,4,304,54,0.1981045377864236,28.0,26.0,25.0,12.0,11.0,10.0,9.0,8.0,7.0,7.0,6.0,6.0,6.0,6.0,6.0,6.0,6.0,6.0,6.0,6.0
real,120,gulf,3,Analytic,0,crossing,5,321,138,0.26395170195255,138.0,137.0,137.0,137.0,137.0,137.0,137.0,137.0,136.0,136.0,136.0,136.0,136.0,136.0,136.0,136.0,136.0,82.0,81.0,77.0
real,120,gulf,3,Analytic,0,crossing,6,377,59,0.5639730955031614,58.0,57.0,56.0,55.0,54.0,53.0,52.0,51.0,50.0,49.0,48.0,47.0,46.0,45.0,44.0,43.0,42.0,41.0,40.0,39.0
real,120,gulf,3,ConstVel,0,buffer,0,39,343,0.15680826273572157,306.0,305.0,304.0,303.0,301.0,300.0,300.0,299.0,298.0,297.0,297.0,297.0,280.0,280.0,279.0,279.0,279.0,279.0,279.0,279.0
real,120,gulf,3,ConstVel,0,buffer,1,117,288,0.16337730818378182,249.0,249.0,248.0,245.0,244.0,244.0,243.0,243.0,242.0,168.0,168.0,168.0,168.0,168.0,168.0,167.0,167.0,167.0,167.0,167.0
real,120,gulf,3,ConstVel,0,buffer,2,209,347,0.1009227200203923,323.0,323.0,321.0,320.0,319.0,319.0,272.0,272.0,271.0,270.0,270.0,270.0,269.0,266.0,265.0,265.0,264.0,264.0,260.0,260.0
real,120,gulf,3,ConstVel,0,buffer,3,227,491,0.22637321104434646,485.0,484.0,483.0,482.0,481.0,480.0,479.0,479.0,478.0,477.0,476.0,475.0,474.0,473.0,473.0,472.0,472.0,471.0,470.0,469.0
real,120,gulf,3,ConstVel,0,buffer,4,304,54,0.1981045377864236,6.0,6.0,6.0,6.0,6.0,6.0,6.0,6.0,6.0,6.0,6.0,6.0,6.0,6.0,6.0,6.0,6.0,6.0,6.0,6.0
real,120,gulf,3,ConstVel,0,buffer,5,321,138,0.26395170195255,13.0,12.0,12.0,11.0,10.0,10.0,10.0,6.0,6.0,6.0,6.0,6.0,6.0,6.0,6.0,6.0,6.0,6.0,6.0,6.0
real,120,gulf,3,ConstVel,0,buffer,6,377,59,0.5639730955031614,54.0,53.0,52.0,51.0,50.0,49.0,48.0,47.0,46.0,45.0,44.0,43.0,42.0,41.0,40.0,39.0,38.0,37.0,36.0,35.0
real,120,gulf,3,ConstVel,0,crossing,0,39,343,0.15680826273572157,342.0,321.0,320.0,310.0,308.0,308.0,307.0,306.0,305.0,305.0,305.0,304.0,304.0,300.0,300.0,300.0,298.0,298.0,280.0,280.0
real,120,gulf,3,ConstVel,0,crossing,1,117,288,0.16337730818378182,265.0,265.0,263.0,253.0,252.0,251.0,251.0,249.0,249.0,249.0,245.0,244.0,244.0,244.0,168.0,168.0,168.0,168.0,168.0,168.0
real,120,gulf,3,ConstVel,0,crossing,2,209,347,0.1009227200203923,333.0,327.0,326.0,325.0,324.0,323.0,323.0,323.0,320.0,319.0,272.0,271.0,271.0,270.0,270.0,270.0,269.0,266.0,265.0,265.0
real,120,gulf,3,ConstVel,0,crossing,3,227,491,0.22637321104434646,490.0,489.0,487.0,486.0,486.0,484.0,484.0,483.0,482.0,481.0,480.0,479.0,479.0,478.0,477.0,476.0,475.0,474.0,473.0,473.0
real,120,gulf,3,ConstVel,0,crossing,4,304,54,0.1981045377864236,30.0,26.0,26.0,24.0,10.0,9.0,8.0,8.0,7.0,6.0,6.0,6.0,6.0,6.0,6.0,6.0,6.0,6.0,6.0,6.0
real,120,gulf,3,ConstVel,0,crossing,5,321,138,0.26395170195255,137.0,136.0,136.0,136.0,136.0,136.0,136.0,136.0,136.0,136.0,135.0,135.0,135.0,135.0,135.0,135.0,75.0,39.0,39.0,39.0
real,120,gulf,3,ConstVel,0,crossing,6,377,59,0.5639730955031614,58.0,57.0,56.0,55.0,54.0,53.0,52.0,51.0,50.0,49.0,48.0,47.0,46.0,45.0,44.0,43.0,42.0,41.0,40.0,39.0
real,120,gulf,3,Kalman,0,buffer,0,39,343,0.15680826273572157,306.0,305.0,304.0,303.0,301.0,300.0,300.0,299.0,298.0,298.0,297.0,297.0,297.0,280.0,280.0,280.0,280.0,280.0,279.0,279.0
real,120,gulf,3,Kalman,0,buffer,1,117,288,0.16337730818378182,249.0,249.0,248.0,245.0,245.0,244.0,244.0,243.0,243.0,242.0,242.0,168.0,168.0,168.0,168.0,168.0,168.0,168.0,168.0,168.0
real,120,gulf,3,Kalman,0,buffer,2,209,347,0.1009227200203923,323.0,322.0,321.0,320.0,320.0,319.0,319.0,272.0,271.0,271.0,270.0,270.0,270.0,266.0,266.0,265.0,265.0,264.0,264.0,260.0
real,120,gulf,3,Kalman,0,buffer,3,227,491,0.22637321104434646,485.0,484.0,483.0,482.0,481.0,480.0,479.0,479.0,478.0,477.0,476.0,475.0,474.0,473.0,473.0,472.0,472.0,471.0,470.0,469.0
real,120,gulf,3,Kalman,0,buffer,4,304,54,0.1981045377864236,6.0,6.0,6.0,6.0,6.0,6.0,6.0,6.0,6.0,6.0,6.0,6.0,6.0,6.0,6.0,6.0,6.0,6.0,6.0,6.0
real,120,gulf,3,Kalman,0,buffer,5,321,138,0.26395170195255,13.0,12.0,12.0,11.0,11.0,10.0,10.0,7.0,6.0,6.0,6.0,6.0,6.0,6.0,6.0,6.0,6.0,6.0,6.0,6.0
real,120,gulf,3,Kalman,0,buffer,6,377,59,0.5639730955031614,54.0,53.0,52.0,51.0,50.0,49.0,48.0,47.0,46.0,45.0,44.0,43.0,42.0,41.0,40.0,39.0,38.0,37.0,36.0,35.0
real,120,gulf,3,Kalman,0,crossing,0,39,343,0.15680826273572157,342.0,321.0,320.0,310.0,309.0,308.0,307.0,306.0,306.0,305.0,305.0,304.0,304.0,300.0,300.0,300.0,299.0,298.0,298.0,298.0
real,120,gulf,3,Kalman,0,crossing,1,117,288,0.16337730818378182,265.0,264.0,254.0,253.0,252.0,251.0,251.0,250.0,249.0,249.0,245.0,245.0,244.0,244.0,244.0,243.0,243.0,168.0,168.0,168.0
real,120,gulf,3,Kalman,0,crossing,2,209,347,0.1009227200203923,333.0,327.0,326.0,325.0,324.0,324.0,323.0,321.0,320.0,320.0,272.0,272.0,271.0,271.0,270.0,270.0,270.0,266.0,266.0,265.0
real,120,gulf,3,Kalman,0,crossing,3,227,491,0.22637321104434646,490.0,489.0,487.0,486.0,486.0,485.0,484.0,483.0,482.0,481.0,480.0,479.0,479.0,478.0,477.0,476.0,475.0,474.0,474.0,473.0
real,120,gulf,3,Kalman,0,crossing,4,304,54,0.1981045377864236,30.0,26.0,25.0,24.0,10.0,9.0,9.0,8.0,7.0,6.0,6.0,6.0,6.0,6.0,6.0,6.0,6.0,6.0,6.0,6.0
real,120,gulf,3,Kalman,0,crossing,5,321,138,0.26395170195255,137.0,137.0,136.0,136.0,136.0,136.0,136.0,136.0,136.0,136.0,136.0,136.0,136.0,136.0,136.0,136.0,75.0,75.0,75.0,39.0
real,120,gulf,3,Kalman,0,crossing,6,377,59,0.5639730955031614,58.0,57.0,56.0,55.0,54.0,53.0,52.0,51.0,50.0,49.0,48.0,47.0,46.0,45.0,44.0,43.0,42.0,41.0,40.0,39.0
real,120,gulf,3,LSTM-rec,0,buffer,0,39,343,0.15680826273572157,305.0,305.0,304.0,303.0,300.0,300.0,298.0,297.0,297.0,296.0,280.0,279.0,279.0,279.0,279.0,278.0,278.0,278.0,278.0,278.0
real,120,gulf,3,LSTM-rec,0,buffer,1,117,288,0.16337730818378182,249.0,248.0,247.0,245.0,244.0,243.0,243.0,242.0,168.0,168.0,168.0,167.0,167.0,167.0,167.0,167.0,167.0,167.0,167.0,167.0
real,120,gulf,3,LSTM-rec,0,buffer,2,209,347,0.1009227200203923,323.0,322.0,321.0,320.0,319.0,318.0,272.0,272.0,271.0,270.0,270.0,269.0,266.0,265.0,265.0,264.0,264.0,260.0,260.0,259.0
real,120,gulf,3,LSTM-rec,0,buffer,3,227,491,0.22637321104434646,485.0,484.0,483.0,482.0,481.0,480.0,479.0,478.0,476.0,475.0,474.0,473.0,472.0,471.0,470.0,468.0,467.0,465.0,464.0,463.0
real,120,gulf,3,LSTM-rec,0,buffer,4,304,54,0.1981045377864236,6.0,6.0,6.0,6.0,6.0,6.0,6.0,6.0,6.0,6.0,6.0,6.0,6.0,6.0,6.0,6.0,6.0,6.0,6.0,6.0
real,120,gulf,3,LSTM-rec,0,buffer,5,321,138,0.26395170195255,13.0,12.0,10.0,9.0,6.0,6.0,6.0,6.0,6.0,6.0,6.0,6.0,6.0,6.0,6.0,6.0,6.0,6.0,6.0,6.0
real,120,gulf,3,LSTM-rec,0,buffer,6,377,59,0.5639730955031614,54.0,53.0,52.0,51.0,50.0,49.0,48.0,47.0,46.0,45.0,44.0,43.0,42.0,40.0,39.0,38.0,37.0,36.0,35.0,34.0
real,120,gulf,3,LSTM-rec,0,crossing,0,39,343,0.15680826273572157,323.0,320.0,310.0,309.0,308.0,307.0,306.0,305.0,304.0,303.0,300.0,300.0,298.0,297.0,297.0,279.0,279.0,279.0,279.0,279.0
real,120,gulf,3,LSTM-rec,0,crossing,1,117,288,0.16337730818378182,265.0,263.0,254.0,253.0,252.0,251.0,249.0,249.0,245.0,244.0,244.0,243.0,168.0,168.0,168.0,167.0,167.0,167.0,167.0,167.0
real,120,gulf,3,LSTM-rec,0,crossing,2,209,347,0.1009227200203923,333.0,327.0,326.0,325.0,324.0,323.0,322.0,320.0,319.0,319.0,272.0,271.0,270.0,270.0,270.0,269.0,266.0,265.0,264.0,264.0
real,120,gulf,3,LSTM-rec,0,crossing,3,227,491,0.22637321104434646,490.0,488.0,487.0,486.0,485.0,484.0,483.0,482.0,481.0,480.0,479.0,478.0,476.0,475.0,474.0,473.0,472.0,471.0,470.0,468.0
real,120,gulf,3,LSTM-rec,0,crossing,4,304,54,0.1981045377864236,28.0,25.0,21.0,11.0,10.0,8.0,7.0,6.0,6.0,6.0,6.0,6.0,6.0,6.0,6.0,6.0,6.0,6.0,6.0,6.0
real,120,gulf,3,LSTM-rec,0,crossing,5,321,138,0.26395170195255,137.0,136.0,136.0,136.0,136.0,136.0,135.0,80.0,74.0,16.0,12.0,10.0,9.0,7.0,6.0,6.0,6.0,6.0,6.0,6.0
real,120,gulf,3,LSTM-rec,0,crossing,6,377,59,0.5639730955031614,58.0,57.0,56.0,55.0,54.0,53.0,52.0,50.0,49.0,48.0,47.0,46.0,45.0,44.0,43.0,42.0,41.0,40.0,39.0,37.0
real,120,gulf,3,LSTM-ms,0,buffer,0,39,343,0.15680826273572157,306.0,305.0,304.0,304.0,303.0,301.0,300.0,300.0,299.0,298.0,298.0,297.0,297.0,297.0,297.0,297.0,280.0,279.0,279.0,279.0
real,120,gulf,3,LSTM-ms,0,buffer,1,117,288,0.16337730818378182,249.0,249.0,248.0,247.0,245.0,244.0,244.0,243.0,243.0,243.0,168.0,168.0,168.0,168.0,168.0,168.0,167.0,167.0,167.0,167.0
real,120,gulf,3,LSTM-ms,0,buffer,2,209,347,0.1009227200203923,323.0,323.0,322.0,320.0,320.0,319.0,319.0,272.0,272.0,271.0,271.0,270.0,270.0,270.0,270.0,269.0,269.0,269.0,266.0,265.0
real,120,gulf,3,LSTM-ms,0,buffer,3,227,491,0.22637321104434646,485.0,484.0,483.0,482.0,482.0,481.0,480.0,479.0,479.0,478.0,478.0,477.0,476.0,476.0,475.0,474.0,474.0,473.0,473.0,473.0
real,120,gulf,3,LSTM-ms,0,buffer,4,304,54,0.1981045377864236,6.0,6.0,6.0,6.0,6.0,6.0,6.0,6.0,6.0,6.0,6.0,6.0,6.0,6.0,6.0,6.0,6.0,6.0,6.0,6.0
real,120,gulf,3,LSTM-ms,0,buffer,5,321,138,0.26395170195255,13.0,12.0,12.0,11.0,10.0,10.0,9.0,9.0,9.0,9.0,7.0,7.0,7.0,6.0,6.0,6.0,6.0,6.0,6.0,6.0
real,120,gulf,3,LSTM-ms,0,buffer,6,377,59,0.5639730955031614,54.0,53.0,52.0,51.0,51.0,50.0,49.0,48.0,47.0,47.0,46.0,45.0,45.0,44.0,43.0,42.0,42.0,41.0,41.0,40.0
real,120,gulf,3,LSTM-ms,0,crossing,0,39,343,0.15680826273572157,344.0,344.0,338.0,310.0,309.0,308.0,308.0,307.0,306.0,306.0,305.0,305.0,305.0,305.0,304.0,304.0,300.0,300.0,300.0,300.0
real,120,gulf,3,LSTM-ms,0,crossing,1,117,288,0.16337730818378182,288.0,265.0,265.0,254.0,253.0,252.0,251.0,251.0,250.0,249.0,249.0,249.0,249.0,245.0,244.0,244.0,244.0,168.0,168.0,168.0
real,120,gulf,3,LSTM-ms,0,crossing,2,209,347,0.1009227200203923,333.0,333.0,326.0,325.0,324.0,324.0,323.0,323.0,323.0,320.0,320.0,319.0,272.0,272.0,271.0,271.0,270.0,270.0,270.0,270.0
real,120,gulf,3,LSTM-ms,0,crossing,3,227,491,0.22637321104434646,490.0,489.0,488.0,487.0,486.0,485.0,484.0,484.0,483.0,482.0,481.0,481.0,480.0,479.0,479.0,479.0,479.0,478.0,478.0,477.0
real,120,gulf,3,LSTM-ms,0,crossing,4,304,54,0.1981045377864236,53.0,48.0,48.0,26.0,26.0,10.0,10.0,9.0,8.0,7.0,7.0,6.0,6.0,6.0,6.0,6.0,6.0,6.0,6.0,6.0
real,120,gulf,3,LSTM-ms,0,crossing,5,321,138,0.26395170195255,137.0,137.0,136.0,136.0,136.0,136.0,136.0,136.0,136.0,135.0,135.0,135.0,135.0,135.0,135.0,135.0,135.0,135.0,135.0,75.0
real,120,gulf,3,LSTM-ms,0,crossing,6,377,59,0.5639730955031614,58.0,57.0,56.0,55.0,54.0,53.0,53.0,52.0,51.0,50.0,50.0,49.0,48.0,48.0,47.0,46.0,46.0,45.0,44.0,44.0
real,120,gulf,3,LSTM-rec,1,buffer,0,39,343,0.15680826273572157,305.0,305.0,304.0,303.0,301.0,300.0,299.0,298.0,297.0,297.0,297.0,296.0,280.0,279.0,279.0,279.0,279.0,278.0,278.0,278.0
real,120,gulf,3,LSTM-rec,1,buffer,1,117,288,0.16337730818378182,249.0,249.0,247.0,245.0,244.0,244.0,243.0,242.0,242.0,168.0,168.0,168.0,167.0,167.0,167.0,167.0,167.0,167.0,167.0,167.0
real,120,gulf,3,LSTM-rec,1,buffer,2,209,347,0.1009227200203923,323.0,322.0,321.0,320.0,319.0,319.0,318.0,272.0,271.0,271.0,270.0,270.0,269.0,269.0,266.0,265.0,265.0,264.0,264.0,260.0
real,120,gulf,3,LSTM-rec,1,buffer,3,227,491,0.22637321104434646,485.0,484.0,483.0,482.0,481.0,480.0,479.0,478.0,478.0,476.0,476.0,475.0,474.0,473.0,473.0,472.0,471.0,470.0,469.0,468.0
real,120,gulf,3,LSTM-rec,1,buffer,4,304,54,0.1981045377864236,6.0,6.0,6.0,6.0,6.0,6.0,6.0,6.0,6.0,6.0,6.0,6.0,6.0,6.0,6.0,6.0,6.0,6.0,6.0,6.0
real,120,gulf,3,LSTM-rec,1,buffer,5,321,138,0.26395170195255,13.0,12.0,10.0,9.0,6.0,6.0,6.0,6.0,6.0,6.0,6.0,6.0,6.0,6.0,6.0,6.0,6.0,6.0,6.0,6.0
real,120,gulf,3,LSTM-rec,1,buffer,6,377,59,0.5639730955031614,54.0,53.0,52.0,51.0,50.0,49.0,48.0,47.0,46.0,45.0,44.0,43.0,42.0,42.0,41.0,40.0,39.0,38.0,37.0,36.0
real,120,gulf,3,LSTM-rec,1,crossing,0,39,343,0.15680826273572157,340.0,320.0,319.0,309.0,308.0,307.0,307.0,305.0,305.0,304.0,303.0,300.0,300.0,299.0,298.0,297.0,297.0,280.0,279.0,279.0
real,120,gulf,3,LSTM-rec,1,crossing,1,117,288,0.16337730818378182,265.0,263.0,254.0,253.0,252.0,251.0,250.0,249.0,249.0,247.0,244.0,244.0,243.0,243.0,168.0,168.0,168.0,167.0,167.0,167.0
real,120,gulf,3,LSTM-rec,1,crossing,2,209,347,0.1009227200203923,333.0,327.0,326.0,325.0,324.0,323.0,323.0,322.0,320.0,320.0,319.0,272.0,271.0,271.0,270.0,270.0,269.0,269.0,269.0,266.0
real,120,gulf,3,LSTM-rec,1,crossing,3,227,491,0.22637321104434646,490.0,489.0,488.0,486.0,486.0,484.0,484.0,483.0,482.0,481.0,480.0,479.0,478.0,478.0,476.0,476.0,475.0,474.0,473.0,473.0
real,120,gulf,3,LSTM-rec,1,crossing,4,304,54,0.1981045377864236,28.0,25.0,23.0,11.0,10.0,9.0,8.0,6.0,6.0,6.0,6.0,6.0,6.0,6.0,6.0,6.0,6.0,6.0,6.0,6.0
real,120,gulf,3,LSTM-rec,1,crossing,5,321,138,0.26395170195255,137.0,136.0,136.0,136.0,136.0,136.0,135.0,135.0,82.0,75.0,16.0,13.0,12.0,11.0,9.0,9.0,6.0,6.0,6.0,6.0
real,120,gulf,3,LSTM-rec,1,crossing,6,377,59,0.5639730955031614,58.0,57.0,56.0,55.0,54.0,53.0,52.0,51.0,50.0,49.0,48.0,47.0,46.0,45.0,44.0,43.0,42.0,42.0,41.0,40.0
real,120,gulf,3,LSTM-ms,1,buffer,0,39,343,0.15680826273572157,306.0,305.0,304.0,304.0,303.0,301.0,300.0,300.0,300.0,300.0,299.0,298.0,298.0,298.0,297.0,297.0,297.0,297.0,297.0,297.0
real,120,gulf,3,LSTM-ms,1,buffer,1,117,288,0.16337730818378182,249.0,249.0,248.0,247.0,245.0,245.0,244.0,244.0,243.0,243.0,243.0,243.0,242.0,242.0,168.0,168.0,168.0,168.0,168.0,168.0
real,120,gulf,3,LSTM-ms,1,buffer,2,209,347,0.1009227200203923,323.0,323.0,322.0,320.0,320.0,320.0,319.0,319.0,272.0,271.0,271.0,270.0,270.0,270.0,270.0,269.0,269.0,266.0,266.0,265.0
real,120,gulf,3,LSTM-ms,1,buffer,3,227,491,0.22637321104434646,485.0,484.0,483.0,482.0,482.0,481.0,480.0,479.0,479.0,478.0,478.0,477.0,476.0,476.0,475.0,475.0,474.0,473.0,473.0,473.0
real,120,gulf,3,LSTM-ms,1,buffer,4,304,54,0.1981045377864236,6.0,6.0,6.0,6.0,6.0,6.0,6.0,6.0,6.0,6.0,6.0,6.0,6.0,6.0,6.0,6.0,6.0,6.0,6.0,6.0
real,120,gulf,3,LSTM-ms,1,buffer,5,321,138,0.26395170195255,13.0,12.0,12.0,12.0,12.0,12.0,12.0,12.0,12.0,12.0,12.0,12.0,12.0,12.0,12.0,12.0,12.0,12.0,12.0,11.0
real,120,gulf,3,LSTM-ms,1,buffer,6,377,59,0.5639730955031614,54.0,53.0,52.0,51.0,50.0,50.0,49.0,48.0,47.0,47.0,46.0,45.0,44.0,43.0,43.0,42.0,42.0,41.0,40.0,39.0
real,120,gulf,3,LSTM-ms,1,crossing,0,39,343,0.15680826273572157,344.0,338.0,321.0,310.0,309.0,308.0,308.0,307.0,307.0,306.0,306.0,305.0,305.0,305.0,305.0,305.0,304.0,304.0,300.0,300.0
real,120,gulf,3,LSTM-ms,1,crossing,1,117,288,0.16337730818378182,288.0,265.0,265.0,254.0,253.0,252.0,251.0,251.0,250.0,249.0,249.0,249.0,249.0,249.0,249.0,245.0,245.0,244.0,244.0,244.0
real,120,gulf,3,LSTM-ms,1,crossing,2,209,347,0.1009227200203923,347.0,333.0,326.0,325.0,324.0,324.0,323.0,323.0,323.0,323.0,320.0,320.0,272.0,272.0,271.0,271.0,271.0,270.0,270.0,270.0
real,120,gulf,3,LSTM-ms,1,crossing,3,227,491,0.22637321104434646,490.0,489.0,488.0,487.0,486.0,485.0,484.0,484.0,483.0,482.0,482.0,481.0,480.0,480.0,479.0,479.0,479.0,478.0,478.0,477.0
real,120,gulf,3,LSTM-ms,1,crossing,4,304,54,0.1981045377864236,53.0,48.0,48.0,48.0,48.0,11.0,10.0,9.0,9.0,8.0,8.0,7.0,7.0,6.0,6.0,6.0,6.0,6.0,6.0,6.0
real,120,gulf,3,LSTM-ms,1,crossing,5,321,138,0.26395170195255,137.0,137.0,136.0,136.0,136.0,136.0,136.0,136.0,136.0,136.0,136.0,136.0,136.0,136.0,136.0,136.0,136.0,136.0,136.0,136.0
real,120,gulf,3,LSTM-ms,1,crossing,6,377,59,0.5639730955031614,58.0,57.0,56.0,55.0,54.0,53.0,52.0,52.0,51.0,50.0,49.0,49.0,48.0,47.0,47.0,46.0,45.0,44.0,44.0,43.0
real,120,gulf,3,LSTM-rec,2,buffer,0,39,343,0.15680826273572157,306.0,305.0,304.0,304.0,303.0,301.0,300.0,300.0,300.0,299.0,298.0,298.0,298.0,298.0,297.0,297.0,297.0,297.0,279.0,279.0
real,120,gulf,3,LSTM-rec,2,buffer,1,117,288,0.16337730818378182,249.0,249.0,248.0,247.0,245.0,244.0,244.0,243.0,243.0,168.0,168.0,168.0,168.0,168.0,168.0,168.0,168.0,167.0,167.0,167.0
real,120,gulf,3,LSTM-rec,2,buffer,2,209,347,0.1009227200203923,323.0,323.0,321.0,320.0,319.0,319.0,319.0,272.0,272.0,271.0,271.0,270.0,270.0,270.0,270.0,269.0,269.0,269.0,269.0,266.0
real,120,gulf,3,LSTM-rec,2,buffer,3,227,491,0.22637321104434646,485.0,484.0,483.0,482.0,481.0,481.0,480.0,479.0,479.0,478.0,478.0,477.0,476.0,476.0,475.0,475.0,474.0,474.0,474.0,473.0
real,120,gulf,3,LSTM-rec,2,buffer,4,304,54,0.1981045377864236,6.0,6.0,6.0,6.0,6.0,6.0,6.0,6.0,6.0,6.0,6.0,6.0,6.0,6.0,6.0,6.0,6.0,6.0,6.0,6.0
real,120,gulf,3,LSTM-rec,2,buffer,5,321,138,0.26395170195255,13.0,12.0,12.0,11.0,10.0,10.0,10.0,9.0,9.0,9.0,9.0,9.0,9.0,9.0,9.0,9.0,9.0,9.0,9.0,9.0
real,120,gulf,3,LSTM-rec,2,buffer,6,377,59,0.5639730955031614,54.0,53.0,52.0,51.0,50.0,50.0,49.0,48.0,47.0,47.0,46.0,45.0,45.0,44.0,43.0,43.0,42.0,42.0,42.0,41.0
real,120,gulf,3,LSTM-rec,2,crossing,0,39,343,0.15680826273572157,343.0,338.0,320.0,310.0,309.0,308.0,308.0,307.0,307.0,306.0,305.0,305.0,305.0,305.0,305.0,305.0,305.0,305.0,304.0,304.0
real,120,gulf,3,LSTM-rec,2,crossing,1,117,288,0.16337730818378182,265.0,265.0,263.0,253.0,253.0,252.0,251.0,251.0,250.0,249.0,249.0,249.0,249.0,249.0,245.0,245.0,168.0,168.0,168.0,168.0
real,120,gulf,3,LSTM-rec,2,crossing,2,209,347,0.1009227200203923,333.0,327.0,326.0,325.0,324.0,324.0,323.0,323.0,323.0,320.0,320.0,319.0,272.0,272.0,272.0,271.0,271.0,270.0,270.0,270.0
real,120,gulf,3,LSTM-rec,2,crossing,3,227,491,0.22637321104434646,490.0,489.0,488.0,487.0,486.0,485.0,484.0,484.0,483.0,482.0,482.0,481.0,480.0,480.0,479.0,479.0,479.0,479.0,478.0,478.0
real,120,gulf,3,LSTM-rec,2,crossing,4,304,54,0.1981045377864236,30.0,26.0,26.0,25.0,11.0,10.0,10.0,9.0,8.0,8.0,7.0,7.0,6.0,6.0,6.0,6.0,6.0,6.0,6.0,6.0
real,120,gulf,3,LSTM-rec,2,crossing,5,321,138,0.26395170195255,137.0,136.0,136.0,136.0,136.0,136.0,136.0,136.0,136.0,136.0,136.0,135.0,135.0,135.0,135.0,135.0,135.0,135.0,135.0,135.0
real,120,gulf,3,LSTM-rec,2,crossing,6,377,59,0.5639730955031614,58.0,57.0,56.0,55.0,54.0,53.0,53.0,52.0,51.0,50.0,50.0,49.0,48.0,48.0,47.0,47.0,46.0,45.0,45.0,45.0
real,120,gulf,3,LSTM-ms,2,buffer,0,39,343,0.15680826273572157,306.0,305.0,304.0,303.0,301.0,301.0,300.0,300.0,299.0,298.0,298.0,298.0,297.0,297.0,297.0,297.0,297.0,297.0,281.0,280.0
real,120,gulf,3,LSTM-ms,2,buffer,1,117,288,0.16337730818378182,249.0,248.0,247.0,246.0,245.0,244.0,244.0,243.0,243.0,243.0,242.0,242.0,242.0,242.0,168.0,168.0,168.0,168.0,168.0,168.0
real,120,gulf,3,LSTM-ms,2,buffer,2,209,347,0.1009227200203923,323.0,323.0,322.0,321.0,320.0,320.0,319.0,319.0,319.0,318.0,318.0,318.0,318.0,318.0,318.0,272.0,272.0,272.0,272.0,271.0
real,120,gulf,3,LSTM-ms,2,buffer,3,227,491,0.22637321104434646,485.0,484.0,483.0,483.0,482.0,481.0,481.0,480.0,480.0,479.0,479.0,478.0,478.0,477.0,476.0,476.0,475.0,474.0,474.0,474.0
real,120,gulf,3,LSTM-ms,2,buffer,4,304,54,0.1981045377864236,6.0,6.0,6.0,6.0,6.0,6.0,6.0,6.0,6.0,6.0,6.0,6.0,6.0,6.0,6.0,6.0,6.0,6.0,6.0,6.0
real,120,gulf,3,LSTM-ms,2,buffer,5,321,138,0.26395170195255,13.0,12.0,11.0,11.0,10.0,10.0,10.0,10.0,10.0,10.0,10.0,10.0,9.0,9.0,9.0,9.0,9.0,9.0,9.0,9.0
real,120,gulf,3,LSTM-ms,2,buffer,6,377,59,0.5639730955031614,54.0,53.0,53.0,52.0,51.0,51.0,50.0,50.0,49.0,49.0,48.0,48.0,47.0,47.0,46.0,46.0,45.0,45.0,44.0,43.0
real,120,gulf,3,LSTM-ms,2,crossing,0,39,343,0.15680826273572157,323.0,320.0,319.0,310.0,309.0,308.0,307.0,307.0,306.0,306.0,305.0,305.0,305.0,304.0,304.0,301.0,301.0,300.0,300.0,300.0
real,120,gulf,3,LSTM-ms,2,crossing,1,117,288,0.16337730818378182,265.0,263.0,254.0,253.0,252.0,252.0,251.0,250.0,250.0,249.0,249.0,249.0,245.0,245.0,244.0,244.0,244.0,244.0,244.0,243.0
real,120,gulf,3,LSTM-ms,2,crossing,2,209,347,0.1009227200203923,333.0,332.0,326.0,326.0,325.0,325.0,324.0,324.0,324.0,324.0,323.0,323.0,323.0,323.0,320.0,320.0,319.0,319.0,319.0,319.0
real,120,gulf,3,LSTM-ms,2,crossing,3,227,491,0.22637321104434646,490.0,489.0,488.0,487.0,486.0,486.0,485.0,485.0,484.0,484.0,483.0,482.0,482.0,481.0,481.0,480.0,480.0,479.0,479.0,479.0
real,120,gulf,3,LSTM-ms,2,crossing,4,304,54,0.1981045377864236,28.0,26.0,25.0,24.0,11.0,10.0,9.0,8.0,8.0,7.0,7.0,6.0,6.0,6.0,6.0,6.0,6.0,6.0,6.0,6.0
real,120,gulf,3,LSTM-ms,2,crossing,5,321,138,0.26395170195255,137.0,137.0,136.0,136.0,136.0,136.0,136.0,136.0,136.0,136.0,136.0,136.0,136.0,136.0,136.0,136.0,136.0,136.0,136.0,136.0
real,120,gulf,3,LSTM-ms,2,crossing,6,377,59,0.5639730955031614,58.0,57.0,56.0,56.0,55.0,54.0,54.0,53.0,53.0,52.0,52.0,51.0,51.0,51.0,50.0,50.0,49.0,48.0,48.0,47.0
real,120,gulf,3,LSTM-rec,3,buffer,0,39,343,0.15680826273572157,306.0,305.0,304.0,303.0,301.0,300.0,299.0,298.0,298.0,297.0,297.0,296.0,283.0,280.0,279.0,279.0,279.0,279.0,279.0,279.0
real,120,gulf,3,LSTM-rec,3,buffer,1,117,288,0.16337730818378182,249.0,249.0,247.0,245.0,244.0,244.0,243.0,243.0,242.0,168.0,168.0,168.0,168.0,168.0,167.0,167.0,167.0,167.0,167.0,167.0
real,120,gulf,3,LSTM-rec,3,buffer,2,209,347,0.1009227200203923,323.0,322.0,321.0,320.0,319.0,319.0,318.0,272.0,271.0,271.0,270.0,270.0,269.0,269.0,266.0,265.0,264.0,264.0,264.0,260.0
real,120,gulf,3,LSTM-rec,3,buffer,3,227,491,0.22637321104434646,485.0,484.0,483.0,482.0,481.0,480.0,479.0,478.0,477.0,476.0,475.0,475.0,474.0,473.0,472.0,472.0,471.0,469.0,468.0,468.0
real,120,gulf,3,LSTM-rec,3,buffer,4,304,54,0.1981045377864236,6.0,6.0,6.0,6.0,6.0,6.0,6.0,6.0,6.0,6.0,6.0,6.0,6.0,6.0,6.0,6.0,6.0,6.0,6.0,6.0
real,120,gulf,3,LSTM-rec,3,buffer,5,321,138,0.26395170195255,13.0,12.0,11.0,10.0,10.0,9.0,6.0,6.0,6.0,6.0,6.0,6.0,6.0,6.0,6.0,6.0,6.0,6.0,6.0,6.0
real,120,gulf,3,LSTM-rec,3,buffer,6,377,59,0.5639730955031614,54.0,53.0,52.0,51.0,50.0,49.0,48.0,47.0,46.0,45.0,44.0,43.0,42.0,42.0,41.0,40.0,39.0,38.0,37.0,36.0
real,120,gulf,3,LSTM-rec,3,crossing,0,39,343,0.15680826273572157,324.0,320.0,319.0,309.0,308.0,307.0,307.0,306.0,305.0,305.0,304.0,301.0,300.0,300.0,299.0,298.0,297.0,297.0,297.0,283.0
real,120,gulf,3,LSTM-rec,3,crossing,1,117,288,0.16337730818378182,265.0,263.0,254.0,253.0,252.0,251.0,250.0,249.0,249.0,248.0,245.0,244.0,244.0,243.0,168.0,168.0,168.0,168.0,168.0,168.0
real,120,gulf,3,LSTM-rec,3,crossing,2,209,347,0.1009227200203923,333.0,327.0,326.0,325.0,324.0,323.0,323.0,321.0,320.0,319.0,319.0,272.0,271.0,271.0,270.0,270.0,269.0,269.0,266.0,265.0
real,120,gulf,3,LSTM-rec,3,crossing,3,227,491,0.22637321104434646,490.0,489.0,487.0,486.0,486.0,484.0,484.0,482.0,482.0,481.0,480.0,479.0,478.0,477.0,476.0,475.0,474.0,474.0,473.0,473.0
real,120,gulf,3,LSTM-rec,3,crossing,4,304,54,0.1981045377864236,28.0,25.0,23.0,13.0,10.0,9.0,8.0,7.0,6.0,6.0,6.0,6.0,6.0,6.0,6.0,6.0,6.0,6.0,6.0,6.0
real,120,gulf,3,LSTM-rec,3,crossing,5,321,138,0.26395170195255,137.0,136.0,136.0,136.0,136.0,136.0,136.0,136.0,136.0,136.0,83.0,39.0,39.0,39.0,37.0,16.0,12.0,12.0,12.0,11.0
real,120,gulf,3,LSTM-rec,3,crossing,6,377,59,0.5639730955031614,58.0,57.0,56.0,55.0,54.0,53.0,52.0,51.0,50.0,49.0,48.0,47.0,46.0,45.0,44.0,43.0,42.0,42.0,41.0,40.0
real,120,gulf,3,LSTM-ms,3,buffer,0,39,343,0.15680826273572157,306.0,305.0,304.0,303.0,302.0,300.0,300.0,300.0,299.0,298.0,298.0,297.0,297.0,297.0,297.0,280.0,280.0,280.0,279.0,279.0
real,120,gulf,3,LSTM-ms,3,buffer,1,117,288,0.16337730818378182,249.0,249.0,248.0,247.0,245.0,244.0,244.0,243.0,243.0,242.0,242.0,168.0,168.0,168.0,168.0,168.0,168.0,168.0,167.0,167.0
real,120,gulf,3,LSTM-ms,3,buffer,2,209,347,0.1009227200203923,323.0,322.0,321.0,320.0,320.0,319.0,319.0,272.0,272.0,271.0,270.0,270.0,270.0,270.0,269.0,266.0,266.0,265.0,265.0,265.0
real,120,gulf,3,LSTM-ms,3,buffer,3,227,491,0.22637321104434646,485.0,484.0,483.0,482.0,481.0,480.0,479.0,479.0,478.0,477.0,476.0,475.0,475.0,474.0,473.0,473.0,473.0,472.0,472.0,471.0
real,120,gulf,3,LSTM-ms,3,buffer,4,304,54,0.1981045377864236,6.0,6.0,6.0,6.0,6.0,6.0,6.0,6.0,6.0,6.0,6.0,6.0,6.0,6.0,6.0,6.0,6.0,6.0,6.0,6.0
real,120,gulf,3,LSTM-ms,3,buffer,5,321,138,0.26395170195255,13.0,12.0,12.0,11.0,11.0,10.0,10.0,10.0,9.0,6.0,6.0,6.0,6.0,6.0,6.0,6.0,6.0,6.0,6.0,6.0
real,120,gulf,3,LSTM-ms,3,buffer,6,377,59,0.5639730955031614,54.0,53.0,52.0,51.0,50.0,49.0,48.0,47.0,47.0,46.0,45.0,44.0,43.0,42.0,41.0,41.0,40.0,39.0,38.0,38.0
real,120,gulf,3,LSTM-ms,3,crossing,0,39,343,0.15680826273572157,343.0,321.0,320.0,310.0,309.0,308.0,307.0,307.0,306.0,305.0,305.0,305.0,304.0,304.0,301.0,300.0,300.0,300.0,300.0,299.0
real,120,gulf,3,LSTM-ms,3,crossing,1,117,288,0.16337730818378182,265.0,265.0,263.0,253.0,252.0,252.0,251.0,250.0,249.0,249.0,249.0,245.0,245.0,244.0,244.0,244.0,243.0,243.0,168.0,168.0
real,120,gulf,3,LSTM-ms,3,crossing,2,209,347,0.1009227200203923,333.0,327.0,326.0,325.0,324.0,324.0,323.0,323.0,320.0,320.0,320.0,272.0,272.0,271.0,271.0,270.0,270.0,270.0,270.0,269.0
real,120,gulf,3,LSTM-ms,3,crossing,3,227,491,0.22637321104434646,490.0,488.0,487.0,486.0,486.0,485.0,484.0,483.0,482.0,481.0,480.0,479.0,479.0,479.0,478.0,477.0,476.0,476.0,475.0,474.0
real,120,gulf,3,LSTM-ms,3,crossing,4,304,54,0.1981045377864236,53.0,26.0,26.0,24.0,11.0,10.0,9.0,8.0,7.0,7.0,6.0,6.0,6.0,6.0,6.0,6.0,6.0,6.0,6.0,6.0
real,120,gulf,3,LSTM-ms,3,crossing,5,321,138,0.26395170195255,137.0,137.0,136.0,136.0,136.0,136.0,136.0,136.0,136.0,136.0,136.0,136.0,135.0,135.0,135.0,135.0,135.0,75.0,39.0,39.0
real,120,gulf,3,LSTM-ms,3,crossing,6,377,59,0.5639730955031614,58.0,57.0,56.0,55.0,54.0,53.0,52.0,51.0,50.0,49.0,48.0,48.0,47.0,46.0,45.0,44.0,44.0,43.0,42.0,41.0
real,120,gulf,3,LSTM-rec,4,buffer,0,39,343,0.15680826273572157,306.0,305.0,304.0,304.0,303.0,303.0,303.0,301.0,301.0,300.0,300.0,300.0,300.0,300.0,300.0,300.0,300.0,300.0,300.0,300.0
real,120,gulf,3,LSTM-rec,4,buffer,1,117,288,0.16337730818378182,249.0,249.0,248.0,247.0,247.0,245.0,245.0,244.0,244.0,244.0,244.0,244.0,244.0,244.0,244.0,244.0,244.0,244.0,244.0,244.0
real,120,gulf,3,LSTM-rec,4,buffer,2,209,347,0.1009227200203923,323.0,323.0,322.0,320.0,320.0,319.0,319.0,319.0,319.0,319.0,272.0,272.0,272.0,272.0,271.0,271.0,271.0,271.0,271.0,271.0
real,120,gulf,3,LSTM-rec,4,buffer,3,227,491,0.22637321104434646,485.0,484.0,483.0,483.0,482.0,481.0,481.0,481.0,480.0,480.0,479.0,479.0,479.0,479.0,479.0,479.0,479.0,479.0,479.0,479.0
real,120,gulf,3,LSTM-rec,4,buffer,4,304,54,0.1981045377864236,6.0,6.0,6.0,6.0,6.0,6.0,6.0,6.0,6.0,6.0,6.0,6.0,6.0,6.0,6.0,6.0,6.0,6.0,6.0,6.0
real,120,gulf,3,LSTM-rec,4,buffer,5,321,138,0.26395170195255,13.0,12.0,12.0,12.0,12.0,12.0,12.0,12.0,12.0,12.0,12.0,12.0,12.0,12.0,12.0,12.0,12.0,12.0,12.0,12.0
real,120,gulf,3,LSTM-rec,4,buffer,6,377,59,0.5639730955031614,54.0,53.0,52.0,52.0,51.0,50.0,50.0,49.0,49.0,48.0,48.0,48.0,47.0,47.0,47.0,46.0,46.0,46.0,46.0,46.0
real,120,gulf,3,LSTM-rec,4,crossing,0,39,343,0.15680826273572157,344.0,340.0,338.0,338.0,310.0,309.0,309.0,308.0,308.0,308.0,308.0,308.0,307.0,307.0,307.0,307.0,307.0,307.0,307.0,307.0
real,120,gulf,3,LSTM-rec,4,crossing,1,117,288,0.16337730818378182,265.0,265.0,265.0,254.0,253.0,253.0,252.0,252.0,252.0,251.0,251.0,251.0,251.0,251.0,251.0,251.0,251.0,251.0,251.0,251.0
real,120,gulf,3,LSTM-rec,4,crossing,2,209,347,0.1009227200203923,333.0,333.0,326.0,325.0,325.0,324.0,324.0,324.0,324.0,323.0,323.0,323.0,323.0,323.0,323.0,323.0,323.0,323.0,323.0,323.0
real,120,gulf,3,LSTM-rec,4,crossing,3,227,491,0.22637321104434646,490.0,489.0,488.0,487.0,486.0,486.0,486.0,485.0,485.0,484.0,484.0,484.0,483.0,483.0,483.0,483.0,483.0,482.0,482.0,482.0
real,120,gulf,3,LSTM-rec,4,crossing,4,304,54,0.1981045377864236,53.0,48.0,48.0,48.0,48.0,48.0,11.0,11.0,10.0,10.0,10.0,10.0,10.0,10.0,10.0,10.0,10.0,10.0,10.0,10.0
real,120,gulf,3,LSTM-rec,4,crossing,5,321,138,0.26395170195255,137.0,136.0,136.0,136.0,136.0,136.0,136.0,136.0,136.0,136.0,136.0,136.0,136.0,136.0,136.0,136.0,136.0,136.0,136.0,136.0
real,120,gulf,3,LSTM-rec,4,crossing,6,377,59,0.5639730955031614,58.0,57.0,56.0,55.0,55.0,54.0,53.0,53.0,52.0,52.0,52.0,51.0,51.0,51.0,50.0,50.0,50.0,50.0,49.0,49.0
real,120,gulf,3,LSTM-ms,4,buffer,0,39,343,0.15680826273572157,305.0,305.0,304.0,303.0,303.0,300.0,300.0,300.0,299.0,298.0,298.0,297.0,297.0,297.0,297.0,297.0,280.0,280.0,280.0,279.0
real,120,gulf,3,LSTM-ms,4,buffer,1,117,288,0.16337730818378182,249.0,249.0,248.0,247.0,245.0,244.0,244.0,243.0,243.0,243.0,242.0,168.0,168.0,168.0,168.0,168.0,168.0,168.0,168.0,167.0
real,120,gulf,3,LSTM-ms,4,buffer,2,209,347,0.1009227200203923,323.0,322.0,321.0,320.0,320.0,319.0,319.0,272.0,272.0,271.0,271.0,270.0,270.0,270.0,269.0,269.0,269.0,266.0,266.0,265.0
real,120,gulf,3,LSTM-ms,4,buffer,3,227,491,0.22637321104434646,485.0,484.0,483.0,482.0,481.0,480.0,479.0,479.0,478.0,478.0,477.0,476.0,475.0,475.0,474.0,473.0,473.0,473.0,473.0,472.0
real,120,gulf,3,LSTM-ms,4,buffer,4,304,54,0.1981045377864236,6.0,6.0,6.0,6.0,6.0,6.0,6.0,6.0,6.0,6.0,6.0,6.0,6.0,6.0,6.0,6.0,6.0,6.0,6.0,6.0
real,120,gulf,3,LSTM-ms,4,buffer,5,321,138,0.26395170195255,13.0,12.0,12.0,11.0,10.0,10.0,10.0,10.0,9.0,9.0,9.0,9.0,9.0,9.0,6.0,6.0,6.0,6.0,6.0,6.0
real,120,gulf,3,LSTM-ms,4,buffer,6,377,59,0.5639730955031614,54.0,53.0,52.0,51.0,50.0,50.0,49.0,48.0,47.0,46.0,45.0,45.0,44.0,43.0,43.0,42.0,41.0,41.0,40.0,39.0
real,120,gulf,3,LSTM-ms,4,crossing,0,39,343,0.15680826273572157,343.0,338.0,320.0,310.0,309.0,308.0,307.0,307.0,306.0,305.0,305.0,305.0,305.0,304.0,304.0,304.0,300.0,300.0,300.0,300.0
real,120,gulf,3,LSTM-ms,4,crossing,1,117,288,0.16337730818378182,265.0,265.0,263.0,253.0,252.0,252.0,251.0,250.0,249.0,249.0,249.0,249.0,245.0,245.0,244.0,244.0,244.0,244.0,243.0,168.0
real,120,gulf,3,LSTM-ms,4,crossing,2,209,347,0.1009227200203923,333.0,327.0,326.0,325.0,324.0,324.0,323.0,323.0,322.0,320.0,320.0,319.0,272.0,272.0,271.0,271.0,270.0,270.0,270.0,270.0
real,120,gulf,3,LSTM-ms,4,crossing,3,227,491,0.22637321104434646,490.0,489.0,488.0,487.0,486.0,485.0,484.0,483.0,482.0,482.0,481.0,480.0,479.0,479.0,479.0,478.0,478.0,477.0,476.0,476.0
real,120,gulf,3,LSTM-ms,4,crossing,4,304,54,0.1981045377864236,53.0,26.0,26.0,25.0,11.0,10.0,9.0,8.0,8.0,7.0,6.0,6.0,6.0,6.0,6.0,6.0,6.0,6.0,6.0,6.0
real,120,gulf,3,LSTM-ms,4,crossing,5,321,138,0.26395170195255,137.0,137.0,136.0,136.0,136.0,136.0,136.0,136.0,136.0,136.0,136.0,135.0,135.0,135.0,135.0,135.0,135.0,135.0,135.0,135.0
real,120,gulf,3,LSTM-ms,4,crossing,6,377,59,0.5639730955031614,58.0,57.0,56.0,55.0,54.0,53.0,52.0,52.0,51.0,50.0,49.0,48.0,48.0,47.0,46.0,46.0,45.0,44.0,44.0,43.0
real,120,gulf,4,Reactive,0,zone,0,13,423,0.11426472971582849,410.0,410.0,410.0,410.0,410.0,410.0,410.0,410.0,410.0,410.0,410.0,410.0,410.0,410.0,410.0,410.0,410.0,410.0,410.0,410.0
real,120,gulf,4,Reactive,0,zone,1,20,55,0.2348722137633999,44.0,44.0,44.0,44.0,44.0,44.0,44.0,44.0,44.0,44.0,44.0,44.0,44.0,44.0,44.0,44.0,44.0,44.0,44.0,44.0
real,120,gulf,4,Reactive,0,zone,2,130,476,0.20450084727072745,471.0,471.0,471.0,471.0,471.0,471.0,471.0,471.0,471.0,471.0,471.0,471.0,471.0,471.0,471.0,471.0,471.0,471.0,471.0,471.0
real,120,gulf,4,Reactive,0,zone,3,137,91,0.19419904224971726,79.0,79.0,79.0,79.0,79.0,79.0,79.0,79.0,79.0,79.0,79.0,79.0,79.0,79.0,79.0,79.0,79.0,79.0,79.0,79.0
real,120,gulf,4,Reactive,0,zone,4,153,65,0.2963364076900565,61.0,61.0,61.0,61.0,61.0,61.0,61.0,61.0,61.0,61.0,61.0,61.0,61.0,61.0,61.0,61.0,61.0,61.0,61.0,61.0
real,120,gulf,4,Reactive,0,zone,5,163,122,0.19879225602974768,52.0,52.0,52.0,52.0,52.0,52.0,52.0,52.0,52.0,52.0,52.0,52.0,52.0,52.0,52.0,52.0,52.0,52.0,52.0,52.0
real,120,gulf,4,Reactive,0,zone,6,165,13,0.3190166233021603,1.0,1.0,1.0,1.0,1.0,1.0,1.0,1.0,1.0,1.0,1.0,1.0,1.0,1.0,1.0,1.0,1.0,1.0,1.0,1.0
real,120,gulf,4,Reactive,0,zone,7,171,93,0.03082862361139433,80.0,80.0,80.0,80.0,80.0,80.0,80.0,80.0,80.0,80.0,80.0,80.0,80.0,80.0,80.0,80.0,80.0,80.0,80.0,80.0
real,120,gulf,4,Reactive,0,zone,8,255,349,0.28781293969676514,344.0,344.0,344.0,344.0,344.0,344.0,344.0,344.0,344.0,344.0,344.0,344.0,344.0,344.0,344.0,344.0,344.0,344.0,344.0,344.0
real,120,gulf,4,Reactive,0,zone,9,269,322,0.21900977637985358,12.0,12.0,12.0,12.0,12.0,12.0,12.0,12.0,12.0,12.0,12.0,12.0,12.0,12.0,12.0,12.0,12.0,12.0,12.0,12.0
real,120,gulf,4,Reactive,0,zone,10,333,217,0.4109898021440506,212.0,212.0,212.0,212.0,212.0,212.0,212.0,212.0,212.0,212.0,212.0,212.0,212.0,212.0,212.0,212.0,212.0,212.0,212.0,212.0
real,120,gulf,4,Reactive,0,zone,11,406,435,0.11399033599624009,423.0,423.0,423.0,423.0,423.0,423.0,423.0,423.0,423.0,423.0,423.0,423.0,423.0,423.0,423.0,423.0,423.0,423.0,423.0,423.0
real,120,gulf,4,Reactive,0,zone,12,470,29,0.1970390982857905,19.0,19.0,19.0,19.0,19.0,19.0,19.0,19.0,19.0,19.0,19.0,19.0,19.0,19.0,19.0,19.0,19.0,19.0,19.0,19.0
real,120,gulf,4,Reactive,0,zone,13,486,319,0.3558965523110011,308.0,308.0,308.0,308.0,308.0,308.0,308.0,308.0,308.0,308.0,308.0,308.0,308.0,308.0,308.0,308.0,308.0,308.0,308.0,308.0
real,120,gulf,4,Analytic,0,buffer,0,13,423,0.11426472971582849,409.0,408.0,407.0,406.0,405.0,404.0,403.0,402.0,401.0,400.0,399.0,398.0,397.0,395.0,394.0,393.0,392.0,391.0,322.0,321.0
real,120,gulf,4,Analytic,0,buffer,1,20,55,0.2348722137633999,43.0,42.0,41.0,40.0,39.0,38.0,37.0,36.0,35.0,34.0,33.0,32.0,31.0,30.0,29.0,28.0,27.0,26.0,25.0,24.0
real,120,gulf,4,Analytic,0,buffer,2,130,476,0.20450084727072745,470.0,469.0,468.0,468.0,467.0,466.0,465.0,464.0,463.0,462.0,461.0,460.0,459.0,458.0,457.0,456.0,455.0,454.0,453.0,452.0
real,120,gulf,4,Analytic,0,buffer,3,137,91,0.19419904224971726,78.0,77.0,76.0,75.0,74.0,73.0,72.0,71.0,70.0,69.0,68.0,67.0,66.0,65.0,64.0,63.0,62.0,61.0,60.0,59.0
real,120,gulf,4,Analytic,0,buffer,4,153,65,0.2963364076900565,60.0,59.0,58.0,57.0,56.0,55.0,54.0,53.0,52.0,51.0,50.0,49.0,48.0,47.0,46.0,45.0,44.0,43.0,42.0,41.0
real,120,gulf,4,Analytic,0,buffer,5,163,122,0.19879225602974768,51.0,50.0,49.0,48.0,47.0,46.0,45.0,44.0,43.0,42.0,42.0,41.0,41.0,40.0,40.0,39.0,39.0,38.0,38.0,37.0
real,120,gulf,4,Analytic,0,buffer,6,165,13,0.3190166233021603,6.0,6.0,6.0,6.0,6.0,6.0,6.0,6.0,6.0,6.0,6.0,6.0,6.0,6.0,6.0,6.0,6.0,6.0,6.0,6.0
real,120,gulf,4,Analytic,0,buffer,7,171,93,0.03082862361139433,79.0,78.0,77.0,76.0,75.0,74.0,73.0,72.0,71.0,70.0,69.0,68.0,67.0,66.0,65.0,64.0,63.0,62.0,62.0,61.0
real,120,gulf,4,Analytic,0,buffer,8,255,349,0.28781293969676514,343.0,342.0,341.0,340.0,339.0,337.0,336.0,335.0,335.0,334.0,334.0,333.0,333.0,332.0,332.0,331.0,331.0,330.0,328.0,327.0
real,120,gulf,4,Analytic,0,buffer,9,269,322,0.21900977637985358,11.0,10.0,9.0,8.0,7.0,6.0,6.0,6.0,6.0,6.0,6.0,6.0,6.0,6.0,6.0,6.0,6.0,6.0,6.0,6.0
real,120,gulf,4,Analytic,0,buffer,10,333,217,0.4109898021440506,211.0,210.0,209.0,208.0,207.0,206.0,205.0,204.0,203.0,202.0,201.0,200.0,199.0,198.0,197.0,196.0,196.0,195.0,194.0,193.0
real,120,gulf,4,Analytic,0,buffer,11,406,435,0.11399033599624009,422.0,421.0,420.0,419.0,418.0,417.0,416.0,415.0,415.0,414.0,413.0,412.0,411.0,411.0,410.0,409.0,408.0,407.0,406.0,397.0
real,120,gulf,4,Analytic,0,buffer,12,470,29,0.1970390982857905,18.0,17.0,16.0,15.0,14.0,13.0,12.0,11.0,10.0,9.0,8.0,7.0,6.0,6.0,6.0,6.0,6.0,6.0,6.0,6.0
real,120,gulf,4,Analytic,0,buffer,13,486,319,0.3558965523110011,307.0,306.0,305.0,304.0,303.0,302.0,301.0,300.0,299.0,298.0,297.0,296.0,296.0,295.0,293.0,293.0,292.0,290.0,289.0,288.0
real,120,gulf,4,Analytic,0,crossing,0,13,423,0.11426472971582849,422.0,421.0,420.0,419.0,418.0,417.0,416.0,415.0,414.0,413.0,412.0,411.0,410.0,409.0,408.0,407.0,406.0,405.0,404.0,403.0
real,120,gulf,4,Analytic,0,crossing,1,20,55,0.2348722137633999,54.0,53.0,52.0,51.0,50.0,49.0,48.0,47.0,45.0,44.0,43.0,42.0,41.0,41.0,40.0,39.0,38.0,37.0,36.0,34.0
real,120,gulf,4,Analytic,0,crossing,2,130,476,0.20450084727072745,475.0,474.0,473.0,472.0,471.0,470.0,469.0,468.0,467.0,466.0,465.0,464.0,463.0,462.0,461.0,460.0,459.0,458.0,457.0,456.0
real,120,gulf,4,Analytic,0,crossing,3,137,91,0.19419904224971726,90.0,89.0,88.0,87.0,87.0,86.0,85.0,85.0,84.0,83.0,82.0,79.0,78.0,77.0,76.0,76.0,75.0,74.0,73.0,72.0
real,120,gulf,4,Analytic,0,crossing,4,153,65,0.2963364076900565,64.0,63.0,62.0,61.0,60.0,59.0,58.0,57.0,56.0,55.0,54.0,53.0,52.0,51.0,50.0,49.0,48.0,47.0,46.0,45.0
real,120,gulf,4,Analytic,0,crossing,5,163,122,0.19879225602974768,121.0,120.0,119.0,59.0,57.0,56.0,55.0,54.0,53.0,52.0,51.0,51.0,50.0,48.0,47.0,46.0,46.0,44.0,43.0,43.0
real,120,gulf,4,Analytic,0,crossing,6,165,13,0.3190166233021603,12.0,11.0,10.0,9.0,8.0,7.0,6.0,6.0,6.0,6.0,6.0,6.0,6.0,6.0,6.0,6.0,6.0,6.0,6.0,6.0
real,120,gulf,4,Analytic,0,crossing,7,171,93,0.03082862361139433,92.0,91.0,90.0,89.0,88.0,87.0,86.0,85.0,84.0,83.0,82.0,81.0,80.0,79.0,78.0,77.0,76.0,75.0,74.0,73.0
real,120,gulf,4,Analytic,0,crossing,8,255,349,0.28781293969676514,348.0,347.0,346.0,345.0,344.0,343.0,343.0,342.0,340.0,339.0,337.0,336.0,335.0,335.0,335.0,334.0,334.0,333.0,333.0,333.0
real,120,gulf,4,Analytic,0,crossing,9,269,322,0.21900977637985358,321.0,319.0,318.0,317.0,316.0,315.0,314.0,313.0,312.0,14.0,13.0,12.0,10.0,10.0,9.0,8.0,7.0,6.0,6.0,6.0
real,120,gulf,4,Analytic,0,crossing,10,333,217,0.4109898021440506,216.0,215.0,214.0,213.0,212.0,211.0,210.0,209.0,208.0,207.0,206.0,205.0,204.0,203.0,202.0,201.0,200.0,200.0,199.0,198.0
real,120,gulf,4,Analytic,0,crossing,11,406,435,0.11399033599624009,434.0,433.0,432.0,431.0,430.0,429.0,428.0,427.0,427.0,426.0,425.0,424.0,423.0,422.0,421.0,421.0,420.0,419.0,419.0,418.0
real,120,gulf,4,Analytic,0,crossing,12,470,29,0.1970390982857905,28.0,27.0,26.0,25.0,24.0,23.0,22.0,21.0,20.0,19.0,18.0,17.0,16.0,14.0,13.0,12.0,11.0,10.0,10.0,9.0
real,120,gulf,4,Analytic,0,crossing,13,486,319,0.3558965523110011,317.0,317.0,315.0,314.0,314.0,313.0,312.0,310.0,309.0,309.0,308.0,306.0,306.0,305.0,304.0,302.0,301.0,300.0,300.0,299.0
real,120,gulf,4,ConstVel,0,buffer,0,13,423,0.11426472971582849,409.0,408.0,407.0,406.0,405.0,404.0,403.0,402.0,401.0,400.0,399.0,398.0,397.0,396.0,394.0,393.0,392.0,391.0,390.0,321.0
real,120,gulf,4,ConstVel,0,buffer,1,20,55,0.2348722137633999,43.0,42.0,41.0,40.0,39.0,38.0,37.0,36.0,35.0,34.0,33.0,32.0,31.0,30.0,29.0,28.0,27.0,26.0,25.0,24.0
real,120,gulf,4,ConstVel,0,buffer,2,130,476,0.20450084727072745,470.0,469.0,468.0,467.0,466.0,466.0,465.0,464.0,462.0,461.0,461.0,459.0,459.0,458.0,456.0,456.0,455.0,454.0,453.0,453.0
real,120,gulf,4,ConstVel,0,buffer,3,137,91,0.19419904224971726,78.0,77.0,76.0,75.0,74.0,73.0,73.0,71.0,70.0,69.0,68.0,67.0,66.0,65.0,64.0,63.0,62.0,61.0,60.0,60.0
real,120,gulf,4,ConstVel,0,buffer,4,153,65,0.2963364076900565,60.0,59.0,58.0,57.0,56.0,55.0,54.0,53.0,52.0,51.0,50.0,49.0,48.0,47.0,46.0,45.0,44.0,43.0,42.0,41.0
real,120,gulf,4,ConstVel,0,buffer,5,163,122,0.19879225602974768,51.0,50.0,49.0,48.0,47.0,46.0,45.0,44.0,43.0,42.0,41.0,40.0,39.0,39.0,38.0,38.0,38.0,38.0,38.0,37.0
real,120,gulf,4,ConstVel,0,buffer,6,165,13,0.3190166233021603,6.0,6.0,6.0,6.0,6.0,6.0,6.0,6.0,6.0,6.0,6.0,6.0,6.0,6.0,6.0,6.0,6.0,6.0,6.0,6.0
real,120,gulf,4,ConstVel,0,buffer,7,171,93,0.03082862361139433,79.0,78.0,77.0,76.0,75.0,73.0,73.0,72.0,71.0,70.0,69.0,68.0,67.0,66.0,65.0,64.0,63.0,62.0,61.0,60.0
real,120,gulf,4,ConstVel,0,buffer,8,255,349,0.28781293969676514,343.0,342.0,340.0,339.0,339.0,337.0,336.0,335.0,334.0,333.0,332.0,332.0,331.0,331.0,331.0,331.0,331.0,330.0,326.0,326.0
real,120,gulf,4,ConstVel,0,buffer,9,269,322,0.21900977637985358,11.0,9.0,8.0,7.0,6.0,6.0,6.0,6.0,6.0,6.0,6.0,6.0,6.0,6.0,6.0,6.0,6.0,6.0,6.0,6.0
real,120,gulf,4,ConstVel,0,buffer,10,333,217,0.4109898021440506,211.0,210.0,209.0,208.0,207.0,206.0,205.0,204.0,202.0,202.0,201.0,200.0,199.0,198.0,197.0,196.0,195.0,194.0,194.0,193.0
real,120,gulf,4,ConstVel,0,buffer,11,406,435,0.11399033599624009,422.0,420.0,420.0,419.0,418.0,417.0,416.0,415.0,414.0,414.0,413.0,412.0,411.0,410.0,409.0,409.0,408.0,408.0,405.0,405.0
real,120,gulf,4,ConstVel,0,buffer,12,470,29,0.1970390982857905,18.0,17.0,16.0,15.0,14.0,13.0,12.0,11.0,10.0,9.0,8.0,7.0,6.0,6.0,6.0,6.0,6.0,6.0,6.0,6.0
real,120,gulf,4,ConstVel,0,buffer,13,486,319,0.3558965523110011,307.0,306.0,305.0,304.0,303.0,302.0,301.0,300.0,299.0,298.0,297.0,296.0,296.0,293.0,293.0,292.0,292.0,290.0,289.0,288.0
real,120,gulf,4,ConstVel,0,crossing,0,13,423,0.11426472971582849,422.0,421.0,420.0,419.0,418.0,417.0,416.0,415.0,414.0,413.0,412.0,411.0,410.0,409.0,408.0,407.0,406.0,405.0,404.0,403.0
real,120,gulf,4,ConstVel,0,crossing,1,20,55,0.2348722137633999,54.0,53.0,52.0,51.0,50.0,49.0,48.0,47.0,46.0,44.0,43.0,42.0,41.0,40.0,39.0,39.0,38.0,37.0,36.0,34.0
real,120,gulf,4,ConstVel,0,crossing,2,130,476,0.20450084727072745,475.0,473.0,473.0,472.0,471.0,470.0,469.0,468.0,467.0,466.0,465.0,464.0,463.0,462.0,461.0,460.0,459.0,458.0,457.0,456.0
real,120,gulf,4,ConstVel,0,crossing,3,137,91,0.19419904224971726,90.0,89.0,88.0,87.0,86.0,85.0,85.0,84.0,83.0,83.0,82.0,82.0,79.0,77.0,76.0,75.0,74.0,74.0,73.0,73.0
real,120,gulf,4,ConstVel,0,crossing,4,153,65,0.2963364076900565,64.0,63.0,62.0,61.0,60.0,59.0,58.0,57.0,56.0,55.0,54.0,53.0,52.0,51.0,50.0,49.0,48.0,47.0,46.0,45.0
real,120,gulf,4,ConstVel,0,crossing,5,163,122,0.19879225602974768,121.0,120.0,119.0,118.0,57.0,56.0,55.0,54.0,53.0,52.0,51.0,50.0,50.0,49.0,47.0,47.0,46.0,44.0,43.0,42.0
real,120,gulf,4,ConstVel,0,crossing,6,165,13,0.3190166233021603,12.0,11.0,10.0,9.0,9.0,6.0,6.0,6.0,6.0,6.0,6.0,6.0,6.0,6.0,6.0,6.0,6.0,6.0,6.0,6.0
real,120,gulf,4,ConstVel,0,crossing,7,171,93,0.03082862361139433,92.0,91.0,90.0,89.0,88.0,87.0,86.0,85.0,84.0,83.0,82.0,81.0,80.0,79.0,78.0,77.0,76.0,75.0,73.0,73.0
real,120,gulf,4,ConstVel,0,crossing,8,255,349,0.28781293969676514,348.0,347.0,346.0,345.0,344.0,343.0,342.0,342.0,340.0,339.0,336.0,336.0,335.0,334.0,334.0,333.0,332.0,331.0,331.0,331.0
real,120,gulf,4,ConstVel,0,crossing,9,269,322,0.21900977637985358,321.0,319.0,318.0,318.0,316.0,315.0,314.0,313.0,312.0,311.0,13.0,12.0,10.0,9.0,8.0,7.0,6.0,6.0,6.0,6.0
real,120,gulf,4,ConstVel,0,crossing,10,333,217,0.4109898021440506,216.0,215.0,214.0,213.0,212.0,211.0,210.0,209.0,208.0,207.0,206.0,205.0,204.0,203.0,202.0,201.0,200.0,200.0,198.0,198.0
real,120,gulf,4,ConstVel,0,crossing,11,406,435,0.11399033599624009,434.0,433.0,432.0,431.0,430.0,429.0,428.0,427.0,426.0,425.0,425.0,424.0,423.0,422.0,422.0,420.0,419.0,418.0,418.0,417.0
real,120,gulf,4,ConstVel,0,crossing,12,470,29,0.1970390982857905,28.0,27.0,26.0,25.0,24.0,23.0,22.0,21.0,19.0,19.0,18.0,17.0,16.0,15.0,14.0,12.0,11.0,10.0,9.0,8.0
real,120,gulf,4,ConstVel,0,crossing,13,486,319,0.3558965523110011,317.0,317.0,315.0,314.0,313.0,313.0,312.0,311.0,309.0,309.0,308.0,306.0,305.0,305.0,304.0,303.0,301.0,300.0,300.0,298.0
real,120,gulf,4,Kalman,0,buffer,0,13,423,0.11426472971582849,409.0,408.0,407.0,406.0,405.0,404.0,403.0,402.0,401.0,400.0,399.0,398.0,397.0,396.0,394.0,393.0,392.0,391.0,390.0,321.0
real,120,gulf,4,Kalman,0,buffer,1,20,55,0.2348722137633999,43.0,42.0,41.0,40.0,39.0,38.0,37.0,36.0,35.0,34.0,33.0,32.0,31.0,30.0,29.0,28.0,27.0,26.0,25.0,24.0
real,120,gulf,4,Kalman,0,buffer,2,130,476,0.20450084727072745,470.0,469.0,468.0,467.0,466.0,466.0,465.0,464.0,462.0,462.0,461.0,459.0,459.0,458.0,457.0,456.0,455.0,454.0,453.0,452.0
real,120,gulf,4,Kalman,0,buffer,3,137,91,0.19419904224971726,78.0,77.0,76.0,75.0,74.0,73.0,72.0,71.0,70.0,69.0,68.0,67.0,66.0,65.0,64.0,63.0,62.0,61.0,60.0,60.0
real,120,gulf,4,Kalman,0,buffer,4,153,65,0.2963364076900565,60.0,59.0,58.0,57.0,56.0,55.0,54.0,53.0,52.0,51.0,50.0,49.0,48.0,47.0,46.0,45.0,44.0,43.0,42.0,41.0
real,120,gulf,4,Kalman,0,buffer,5,163,122,0.19879225602974768,51.0,50.0,49.0,48.0,47.0,46.0,45.0,44.0,43.0,42.0,41.0,40.0,40.0,39.0,39.0,38.0,38.0,38.0,38.0,37.0
real,120,gulf,4,Kalman,0,buffer,6,165,13,0.3190166233021603,6.0,6.0,6.0,6.0,6.0,6.0,6.0,6.0,6.0,6.0,6.0,6.0,6.0,6.0,6.0,6.0,6.0,6.0,6.0,6.0
real,120,gulf,4,Kalman,0,buffer,7,171,93,0.03082862361139433,79.0,78.0,77.0,76.0,75.0,74.0,73.0,72.0,71.0,70.0,69.0,68.0,67.0,66.0,65.0,64.0,63.0,62.0,61.0,61.0
real,120,gulf,4,Kalman,0,buffer,8,255,349,0.28781293969676514,343.0,342.0,341.0,340.0,339.0,337.0,336.0,335.0,334.0,333.0,333.0,332.0,332.0,331.0,331.0,331.0,331.0,331.0,327.0,326.0
real,120,gulf,4,Kalman,0,buffer,9,269,322,0.21900977637985358,11.0,9.0,9.0,8.0,7.0,6.0,6.0,6.0,6.0,6.0,6.0,6.0,6.0,6.0,6.0,6.0,6.0,6.0,6.0,6.0
real,120,gulf,4,Kalman,0,buffer,10,333,217,0.4109898021440506,211.0,210.0,209.0,208.0,207.0,206.0,205.0,204.0,202.0,202.0,201.0,200.0,199.0,198.0,197.0,196.0,195.0,194.0,194.0,193.0
real,120,gulf,4,Kalman,0,buffer,11,406,435,0.11399033599624009,422.0,420.0,420.0,419.0,418.0,417.0,416.0,415.0,414.0,414.0,413.0,412.0,411.0,410.0,409.0,409.0,408.0,408.0,406.0,397.0
real,120,gulf,4,Kalman,0,buffer,12,470,29,0.1970390982857905,18.0,17.0,16.0,15.0,14.0,13.0,12.0,11.0,10.0,9.0,8.0,7.0,6.0,6.0,6.0,6.0,6.0,6.0,6.0,6.0
real,120,gulf,4,Kalman,0,buffer,13,486,319,0.3558965523110011,307.0,306.0,305.0,304.0,303.0,302.0,301.0,300.0,299.0,298.0,297.0,296.0,295.0,294.0,293.0,293.0,292.0,290.0,289.0,288.0
real,120,gulf,4,Kalman,0,crossing,0,13,423,0.11426472971582849,422.0,421.0,420.0,419.0,418.0,417.0,416.0,415.0,414.0,413.0,412.0,411.0,410.0,409.0,408.0,407.0,406.0,405.0,404.0,403.0
real,120,gulf,4,Kalman,0,crossing,1,20,55,0.2348722137633999,54.0,53.0,52.0,51.0,50.0,49.0,48.0,47.0,45.0,44.0,43.0,42.0,41.0,40.0,40.0,39.0,38.0,37.0,36.0,34.0
real,120,gulf,4,Kalman,0,crossing,2,130,476,0.20450084727072745,475.0,474.0,473.0,472.0,471.0,470.0,469.0,468.0,467.0,466.0,465.0,464.0,463.0,462.0,461.0,460.0,459.0,458.0,457.0,456.0
real,120,gulf,4,Kalman,0,crossing,3,137,91,0.19419904224971726,90.0,89.0,88.0,87.0,86.0,86.0,85.0,84.0,84.0,83.0,82.0,82.0,78.0,77.0,76.0,75.0,75.0,74.0,73.0,72.0
real,120,gulf,4,Kalman,0,crossing,4,153,65,0.2963364076900565,64.0,63.0,62.0,61.0,60.0,59.0,58.0,57.0,56.0,55.0,54.0,53.0,52.0,51.0,50.0,49.0,48.0,47.0,46.0,45.0
real,120,gulf,4,Kalman,0,crossing,5,163,122,0.19879225602974768,121.0,120.0,119.0,118.0,57.0,56.0,55.0,54.0,53.0,52.0,51.0,50.0,50.0,49.0,47.0,47.0,46.0,44.0,43.0,43.0
real,120,gulf,4,Kalman,0,crossing,6,165,13,0.3190166233021603,12.0,11.0,10.0,9.0,8.0,6.0,6.0,6.0,6.0,6.0,6.0,6.0,6.0,6.0,6.0,6.0,6.0,6.0,6.0,6.0
real,120,gulf,4,Kalman,0,crossing,7,171,93,0.03082862361139433,92.0,91.0,90.0,89.0,88.0,87.0,86.0,85.0,84.0,83.0,82.0,81.0,80.0,79.0,78.0,77.0,76.0,75.0,73.0,73.0
real,120,gulf,4,Kalman,0,crossing,8,255,349,0.28781293969676514,348.0,347.0,346.0,345.0,344.0,343.0,342.0,342.0,340.0,340.0,337.0,336.0,335.0,335.0,334.0,333.0,332.0,332.0,332.0,331.0
real,120,gulf,4,Kalman,0,crossing,9,269,322,0.21900977637985358,321.0,319.0,319.0,318.0,316.0,315.0,314.0,313.0,312.0,311.0,13.0,12.0,10.0,9.0,8.0,7.0,7.0,6.0,6.0,6.0
real,120,gulf,4,Kalman,0,crossing,10,333,217,0.4109898021440506,216.0,215.0,214.0,213.0,212.0,211.0,210.0,209.0,208.0,207.0,206.0,205.0,204.0,203.0,202.0,201.0,200.0,200.0,198.0,198.0
real,120,gulf,4,Kalman,0,crossing,11,406,435,0.11399033599624009,434.0,433.0,432.0,431.0,430.0,429.0,428.0,427.0,426.0,426.0,425.0,424.0,423.0,422.0,421.0,420.0,419.0,419.0,418.0,417.0
real,120,gulf,4,Kalman,0,crossing,12,470,29,0.1970390982857905,28.0,27.0,26.0,25.0,24.0,23.0,22.0,21.0,20.0,19.0,18.0,17.0,16.0,15.0,14.0,12.0,11.0,10.0,9.0,8.0
real,120,gulf,4,Kalman,0,crossing,13,486,319,0.3558965523110011,317.0,317.0,315.0,314.0,313.0,313.0,312.0,310.0,309.0,309.0,308.0,306.0,305.0,305.0,304.0,302.0,301.0,300.0,300.0,298.0
real,120,gulf,4,LSTM-rec,0,buffer,0,13,423,0.11426472971582849,409.0,409.0,408.0,408.0,408.0,408.0,408.0,408.0,408.0,408.0,408.0,408.0,408.0,408.0,408.0,408.0,408.0,408.0,408.0,408.0
real,120,gulf,4,LSTM-rec,0,buffer,1,20,55,0.2348722137633999,43.0,42.0,42.0,41.0,41.0,41.0,41.0,41.0,41.0,41.0,41.0,41.0,41.0,41.0,41.0,41.0,41.0,41.0,41.0,41.0
real,120,gulf,4,LSTM-rec,0,buffer,2,130,476,0.20450084727072745,471.0,470.0,469.0,468.0,468.0,468.0,467.0,467.0,467.0,467.0,467.0,467.0,467.0,467.0,467.0,467.0,467.0,467.0,467.0,467.0
real,120,gulf,4,LSTM-rec,0,buffer,3,137,91,0.19419904224971726,78.0,78.0,77.0,77.0,77.0,77.0,77.0,77.0,77.0,77.0,77.0,77.0,77.0,77.0,77.0,77.0,77.0,77.0,77.0,77.0
real,120,gulf,4,LSTM-rec,0,buffer,4,153,65,0.2963364076900565,60.0,60.0,59.0,58.0,58.0,57.0,57.0,56.0,56.0,56.0,56.0,56.0,56.0,56.0,56.0,56.0,56.0,56.0,56.0,56.0
real,120,gulf,4,LSTM-rec,0,buffer,5,163,122,0.19879225602974768,51.0,51.0,50.0,50.0,50.0,50.0,50.0,50.0,50.0,50.0,50.0,50.0,50.0,50.0,50.0,50.0,50.0,50.0,50.0,50.0
real,120,gulf,4,LSTM-rec,0,buffer,6,165,13,0.3190166233021603,6.0,6.0,6.0,6.0,6.0,6.0,6.0,6.0,6.0,6.0,6.0,6.0,6.0,6.0,6.0,6.0,6.0,6.0,6.0,6.0
real,120,gulf,4,LSTM-rec,0,buffer,7,171,93,0.03082862361139433,79.0,78.0,78.0,78.0,78.0,78.0,78.0,78.0,78.0,78.0,78.0,78.0,78.0,78.0,78.0,78.0,78.0,78.0,78.0,78.0
real,120,gulf,4,LSTM-rec,0,buffer,8,255,349,0.28781293969676514,343.0,342.0,342.0,341.0,340.0,340.0,339.0,339.0,339.0,339.0,339.0,339.0,339.0,339.0,339.0,339.0,339.0,339.0,339.0,339.0
real,120,gulf,4,LSTM-rec,0,buffer,9,269,322,0.21900977637985358,11.0,10.0,10.0,9.0,9.0,9.0,9.0,9.0,9.0,9.0,9.0,9.0,9.0,9.0,9.0,9.0,9.0,9.0,9.0,9.0
real,120,gulf,4,LSTM-rec,0,buffer,10,333,217,0.4109898021440506,211.0,210.0,209.0,209.0,208.0,208.0,208.0,207.0,207.0,207.0,207.0,207.0,207.0,207.0,207.0,207.0,207.0,207.0,207.0,207.0
real,120,gulf,4,LSTM-rec,0,buffer,11,406,435,0.11399033599624009,422.0,421.0,421.0,420.0,420.0,420.0,420.0,420.0,420.0,420.0,420.0,420.0,420.0,420.0,420.0,420.0,420.0,420.0,420.0,420.0
real,120,gulf,4,LSTM-rec,0,buffer,12,470,29,0.1970390982857905,18.0,17.0,17.0,17.0,16.0,16.0,16.0,16.0,16.0,16.0,16.0,16.0,16.0,16.0,16.0,16.0,16.0,16.0,16.0,16.0
real,120,gulf,4,LSTM-rec,0,buffer,13,486,319,0.3558965523110011,308.0,307.0,306.0,306.0,306.0,306.0,306.0,306.0,306.0,306.0,306.0,306.0,306.0,306.0,306.0,306.0,306.0,306.0,306.0,306.0
real,120,gulf,4,LSTM-rec,0,crossing,0,13,423,0.11426472971582849,422.0,421.0,421.0,421.0,421.0,421.0,421.0,421.0,421.0,421.0,421.0,421.0,421.0,421.0,421.0,421.0,421.0,421.0,421.0,421.0
real,120,gulf,4,LSTM-rec,0,crossing,1,20,55,0.2348722137633999,54.0,54.0,53.0,53.0,53.0,53.0,53.0,53.0,53.0,53.0,53.0,53.0,53.0,53.0,53.0,53.0,53.0,53.0,53.0,53.0
real,120,gulf,4,LSTM-rec,0,crossing,2,130,476,0.20450084727072745,475.0,474.0,473.0,473.0,472.0,472.0,471.0,471.0,471.0,471.0,471.0,471.0,471.0,471.0,471.0,471.0,471.0,471.0,471.0,471.0
real,120,gulf,4,LSTM-rec,0,crossing,3,137,91,0.19419904224971726,90.0,90.0,89.0,89.0,89.0,89.0,89.0,89.0,89.0,89.0,89.0,89.0,89.0,89.0,89.0,89.0,89.0,89.0,89.0,89.0
real,120,gulf,4,LSTM-rec,0,crossing,4,153,65,0.2963364076900565,64.0,63.0,63.0,62.0,61.0,61.0,60.0,60.0,60.0,60.0,59.0,59.0,59.0,59.0,59.0,59.0,59.0,59.0,59.0,59.0
real,120,gulf,4,LSTM-rec,0,crossing,5,163,122,0.19879225602974768,121.0,120.0,120.0,120.0,119.0,119.0,119.0,119.0,119.0,119.0,119.0,119.0,119.0,119.0,119.0,119.0,119.0,119.0,119.0,119.0
real,120,gulf,4,LSTM-rec,0,crossing,6,165,13,0.3190166233021603,13.0,12.0,12.0,11.0,11.0,11.0,11.0,11.0,11.0,11.0,11.0,11.0,11.0,11.0,11.0,11.0,11.0,11.0,11.0,11.0
real,120,gulf,4,LSTM-rec,0,crossing,7,171,93,0.03082862361139433,92.0,92.0,91.0,91.0,91.0,91.0,91.0,91.0,91.0,91.0,91.0,91.0,91.0,91.0,91.0,91.0,91.0,91.0,91.0,91.0
real,120,gulf,4,LSTM-rec,0,crossing,8,255,349,0.28781293969676514,348.0,347.0,346.0,346.0,346.0,345.0,345.0,344.0,344.0,344.0,344.0,344.0,344.0,344.0,344.0,344.0,344.0,344.0,344.0,344.0
real,120,gulf,4,LSTM-rec,0,crossing,9,269,322,0.21900977637985358,321.0,320.0,320.0,319.0,319.0,319.0,319.0,319.0,319.0,319.0,319.0,319.0,319.0,319.0,319.0,319.0,319.0,319.0,319.0,319.0
real,120,gulf,4,LSTM-rec,0,crossing,10,333,217,0.4109898021440506,216.0,215.0,214.0,214.0,213.0,213.0,213.0,213.0,212.0,212.0,212.0,212.0,212.0,212.0,212.0,212.0,212.0,212.0,212.0,212.0
real,120,gulf,4,LSTM-rec,0,crossing,11,406,435,0.11399033599624009,434.0,433.0,433.0,432.0,432.0,432.0,432.0,432.0,432.0,432.0,432.0,432.0,432.0,432.0,432.0,432.0,432.0,432.0,432.0,432.0
real,120,gulf,4,LSTM-rec,0,crossing,12,470,29,0.1970390982857905,28.0,27.0,27.0,26.0,26.0,26.0,26.0,26.0,26.0,26.0,26.0,26.0,26.0,26.0,26.0,26.0,26.0,26.0,26.0,26.0
real,120,gulf,4,LSTM-rec,0,crossing,13,486,319,0.3558965523110011,318.0,317.0,317.0,316.0,316.0,316.0,316.0,316.0,316.0,316.0,316.0,316.0,316.0,316.0,316.0,316.0,316.0,316.0,316.0,316.0
real,120,gulf,4,LSTM-ms,0,buffer,0,13,423,0.11426472971582849,409.0,408.0,407.0,406.0,405.0,404.0,403.0,403.0,402.0,401.0,400.0,400.0,399.0,399.0,397.0,397.0,397.0,396.0,396.0,394.0
real,120,gulf,4,LSTM-ms,0,buffer,1,20,55,0.2348722137633999,43.0,42.0,41.0,40.0,39.0,38.0,37.0,37.0,36.0,36.0,34.0,34.0,33.0,33.0,32.0,31.0,31.0,31.0,30.0,29.0
real,120,gulf,4,LSTM-ms,0,buffer,2,130,476,0.20450084727072745,470.0,469.0,468.0,467.0,467.0,466.0,465.0,464.0,463.0,463.0,462.0,461.0,460.0,460.0,459.0,458.0,458.0,457.0,456.0,456.0
real,120,gulf,4,LSTM-ms,0,buffer,3,137,91,0.19419904224971726,78.0,77.0,76.0,75.0,74.0,74.0,73.0,72.0,71.0,71.0,70.0,69.0,68.0,68.0,67.0,66.0,66.0,65.0,64.0,64.0
real,120,gulf,4,LSTM-ms,0,buffer,4,153,65,0.2963364076900565,60.0,59.0,58.0,57.0,56.0,56.0,55.0,54.0,53.0,52.0,51.0,51.0,50.0,49.0,48.0,48.0,47.0,46.0,46.0,45.0
real,120,gulf,4,LSTM-ms,0,buffer,5,163,122,0.19879225602974768,51.0,50.0,49.0,48.0,47.0,47.0,46.0,45.0,44.0,44.0,43.0,42.0,42.0,42.0,41.0,41.0,40.0,39.0,39.0,38.0
real,120,gulf,4,LSTM-ms,0,buffer,6,165,13,0.3190166233021603,6.0,6.0,6.0,6.0,6.0,6.0,6.0,6.0,6.0,6.0,6.0,6.0,6.0,6.0,6.0,6.0,6.0,6.0,6.0,6.0
real,120,gulf,4,LSTM-ms,0,buffer,7,171,93,0.03082862361139433,79.0,78.0,77.0,76.0,75.0,74.0,73.0,72.0,72.0,71.0,70.0,70.0,69.0,68.0,68.0,67.0,66.0,66.0,65.0,64.0
real,120,gulf,4,LSTM-ms,0,buffer,8,255,349,0.28781293969676514,343.0,342.0,340.0,339.0,339.0,337.0,336.0,335.0,335.0,335.0,334.0,333.0,333.0,332.0,332.0,331.0,331.0,331.0,331.0,331.0
real,120,gulf,4,LSTM-ms,0,buffer,9,269,322,0.21900977637985358,11.0,9.0,8.0,7.0,7.0,6.0,6.0,6.0,6.0,6.0,6.0,6.0,6.0,6.0,6.0,6.0,6.0,6.0,6.0,6.0
real,120,gulf,4,LSTM-ms,0,buffer,10,333,217,0.4109898021440506,211.0,210.0,209.0,208.0,207.0,206.0,205.0,204.0,204.0,203.0,202.0,201.0,201.0,200.0,200.0,199.0,198.0,198.0,197.0,197.0
real,120,gulf,4,LSTM-ms,0,buffer,11,406,435,0.11399033599624009,422.0,420.0,419.0,418.0,418.0,417.0,416.0,416.0,415.0,415.0,414.0,413.0,413.0,412.0,411.0,411.0,410.0,410.0,409.0,409.0
real,120,gulf,4,LSTM-ms,0,buffer,12,470,29,0.1970390982857905,18.0,17.0,16.0,15.0,14.0,13.0,12.0,12.0,11.0,10.0,9.0,9.0,8.0,8.0,7.0,7.0,6.0,6.0,6.0,6.0
real,120,gulf,4,LSTM-ms,0,buffer,13,486,319,0.3558965523110011,307.0,306.0,305.0,304.0,304.0,303.0,302.0,301.0,300.0,300.0,299.0,298.0,297.0,297.0,296.0,296.0,295.0,295.0,293.0,293.0
real,120,gulf,4,LSTM-ms,0,crossing,0,13,423,0.11426472971582849,422.0,421.0,420.0,419.0,418.0,417.0,416.0,416.0,415.0,414.0,413.0,413.0,412.0,411.0,411.0,411.0,409.0,409.0,409.0,408.0
real,120,gulf,4,LSTM-ms,0,crossing,1,20,55,0.2348722137633999,54.0,53.0,52.0,51.0,50.0,50.0,49.0,48.0,47.0,47.0,45.0,45.0,44.0,43.0,43.0,42.0,42.0,41.0,40.0,39.0
real,120,gulf,4,LSTM-ms,0,crossing,2,130,476,0.20450084727072745,474.0,473.0,472.0,472.0,471.0,470.0,469.0,468.0,467.0,467.0,466.0,465.0,465.0,464.0,463.0,463.0,462.0,461.0,461.0,460.0
real,120,gulf,4,LSTM-ms,0,crossing,3,137,91,0.19419904224971726,90.0,89.0,88.0,87.0,87.0,86.0,85.0,85.0,84.0,84.0,83.0,82.0,82.0,82.0,81.0,79.0,78.0,78.0,77.0,76.0
real,120,gulf,4,LSTM-ms,0,crossing,4,153,65,0.2963364076900565,64.0,63.0,62.0,61.0,60.0,59.0,58.0,58.0,57.0,56.0,55.0,55.0,54.0,53.0,52.0,52.0,51.0,50.0,50.0,49.0
real,120,gulf,4,LSTM-ms,0,crossing,5,163,122,0.19879225602974768,121.0,120.0,119.0,118.0,58.0,57.0,56.0,55.0,55.0,54.0,53.0,53.0,52.0,51.0,51.0,50.0,50.0,49.0,49.0,48.0
real,120,gulf,4,LSTM-ms,0,crossing,6,165,13,0.3190166233021603,12.0,11.0,10.0,9.0,9.0,7.0,6.0,6.0,6.0,6.0,6.0,6.0,6.0,6.0,6.0,6.0,6.0,6.0,6.0,6.0
real,120,gulf,4,LSTM-ms,0,crossing,7,171,93,0.03082862361139433,92.0,91.0,90.0,89.0,88.0,87.0,86.0,86.0,85.0,84.0,84.0,83.0,82.0,81.0,81.0,80.0,80.0,79.0,79.0,78.0
real,120,gulf,4,LSTM-ms,0,crossing,8,255,349,0.28781293969676514,348.0,347.0,346.0,344.0,344.0,343.0,343.0,342.0,342.0,340.0,339.0,339.0,336.0,336.0,336.0,335.0,335.0,335.0,334.0,334.0
real,120,gulf,4,LSTM-ms,0,crossing,9,269,322,0.21900977637985358,321.0,319.0,318.0,318.0,317.0,316.0,315.0,314.0,313.0,313.0,312.0,311.0,13.0,12.0,12.0,11.0,10.0,9.0,9.0,8.0
real,120,gulf,4,LSTM-ms,0,crossing,10,333,217,0.4109898021440506,216.0,215.0,214.0,213.0,212.0,211.0,211.0,210.0,209.0,208.0,208.0,207.0,206.0,205.0,205.0,204.0,204.0,203.0,202.0,202.0
real,120,gulf,4,LSTM-ms,0,crossing,11,406,435,0.11399033599624009,434.0,433.0,432.0,431.0,430.0,429.0,429.0,428.0,427.0,427.0,426.0,425.0,425.0,424.0,424.0,423.0,423.0,422.0,422.0,422.0
real,120,gulf,4,LSTM-ms,0,crossing,12,470,29,0.1970390982857905,28.0,27.0,26.0,25.0,24.0,23.0,22.0,22.0,21.0,20.0,19.0,19.0,18.0,17.0,17.0,16.0,16.0,15.0,15.0,14.0
real,120,gulf,4,LSTM-ms,0,crossing,13,486,319,0.3558965523110011,317.0,317.0,315.0,314.0,314.0,313.0,312.0,312.0,311.0,309.0,309.0,308.0,308.0,308.0,306.0,306.0,305.0,305.0,304.0,304.0
real,120,gulf,4,LSTM-rec,1,buffer,0,13,423,0.11426472971582849,409.0,409.0,408.0,408.0,408.0,408.0,408.0,408.0,408.0,408.0,408.0,408.0,408.0,408.0,408.0,408.0,408.0,408.0,408.0,408.0
real,120,gulf,4,LSTM-rec,1,buffer,1,20,55,0.2348722137633999,43.0,42.0,42.0,41.0,41.0,41.0,41.0,41.0,41.0,41.0,41.0,41.0,41.0,41.0,41.0,41.0,41.0,41.0,41.0,41.0
real,120,gulf,4,LSTM-rec,1,buffer,2,130,476,0.20450084727072745,471.0,470.0,469.0,468.0,468.0,467.0,467.0,467.0,466.0,466.0,466.0,466.0,466.0,466.0,466.0,466.0,466.0,466.0,466.0,466.0
real,120,gulf,4,LSTM-rec,1,buffer,3,137,91,0.19419904224971726,78.0,78.0,77.0,77.0,77.0,76.0,76.0,76.0,76.0,76.0,76.0,76.0,76.0,76.0,76.0,76.0,76.0,76.0,76.0,76.0
real,120,gulf,4,LSTM-rec,1,buffer,4,153,65,0.2963364076900565,60.0,60.0,59.0,58.0,57.0,57.0,56.0,56.0,55.0,55.0,55.0,55.0,55.0,54.0,54.0,54.0,54.0,54.0,54.0,54.0
real,120,gulf,4,LSTM-rec,1,buffer,5,163,122,0.19879225602974768,51.0,51.0,50.0,50.0,50.0,49.0,49.0,49.0,49.0,49.0,49.0,49.0,49.0,49.0,49.0,49.0,49.0,49.0,49.0,49.0
real,120,gulf,4,LSTM-rec,1,buffer,6,165,13,0.3190166233021603,6.0,6.0,6.0,6.0,6.0,6.0,6.0,6.0,6.0,6.0,6.0,6.0,6.0,6.0,6.0,6.0,6.0,6.0,6.0,6.0
real,120,gulf,4,LSTM-rec,1,buffer,7,171,93,0.03082862361139433,79.0,78.0,78.0,77.0,77.0,77.0,77.0,77.0,77.0,77.0,77.0,77.0,77.0,77.0,77.0,77.0,77.0,77.0,77.0,77.0
real,120,gulf,4,LSTM-rec,1,buffer,8,255,349,0.28781293969676514,343.0,342.0,342.0,341.0,339.0,339.0,339.0,339.0,339.0,339.0,339.0,339.0,339.0,339.0,339.0,339.0,339.0,339.0,339.0,339.0
real,120,gulf,4,LSTM-rec,1,buffer,9,269,322,0.21900977637985358,11.0,10.0,9.0,9.0,9.0,9.0,9.0,9.0,9.0,9.0,9.0,9.0,9.0,9.0,9.0,9.0,9.0,9.0,9.0,9.0
real,120,gulf,4,LSTM-rec,1,buffer,10,333,217,0.4109898021440506,211.0,210.0,209.0,209.0,208.0,207.0,207.0,207.0,206.0,206.0,206.0,206.0,206.0,206.0,206.0,206.0,206.0,206.0,206.0,206.0
real,120,gulf,4,LSTM-rec,1,buffer,11,406,435,0.11399033599624009,422.0,421.0,421.0,420.0,420.0,420.0,420.0,420.0,420.0,420.0,420.0,420.0,420.0,420.0,420.0,420.0,420.0,420.0,420.0,420.0
real,120,gulf,4,LSTM-rec,1,buffer,12,470,29,0.1970390982857905,18.0,17.0,17.0,16.0,16.0,16.0,16.0,16.0,16.0,16.0,16.0,16.0,16.0,16.0,16.0,16.0,16.0,16.0,16.0,16.0
real,120,gulf,4,LSTM-rec,1,buffer,13,486,319,0.3558965523110011,308.0,307.0,306.0,306.0,305.0,305.0,305.0,305.0,305.0,305.0,305.0,305.0,305.0,305.0,305.0,305.0,305.0,305.0,305.0,305.0
real,120,gulf,4,LSTM-rec,1,crossing,0,13,423,0.11426472971582849,422.0,421.0,421.0,421.0,420.0,420.0,420.0,420.0,420.0,420.0,420.0,420.0,420.0,420.0,420.0,420.0,420.0,420.0,420.0,420.0
real,120,gulf,4,LSTM-rec,1,crossing,1,20,55,0.2348722137633999,54.0,54.0,53.0,53.0,53.0,53.0,53.0,53.0,53.0,53.0,53.0,53.0,53.0,53.0,53.0,53.0,53.0,53.0,53.0,53.0
real,120,gulf,4,LSTM-rec,1,crossing,2,130,476,0.20450084727072745,475.0,474.0,473.0,472.0,472.0,471.0,471.0,471.0,470.0,470.0,470.0,470.0,470.0,470.0,470.0,470.0,470.0,470.0,470.0,470.0
real,120,gulf,4,LSTM-rec,1,crossing,3,137,91,0.19419904224971726,90.0,90.0,89.0,89.0,88.0,88.0,88.0,88.0,88.0,88.0,88.0,88.0,88.0,88.0,88.0,88.0,88.0,88.0,88.0,88.0
real,120,gulf,4,LSTM-rec,1,crossing,4,153,65,0.2963364076900565,64.0,63.0,62.0,62.0,61.0,61.0,60.0,60.0,59.0,59.0,59.0,58.0,58.0,58.0,58.0,58.0,58.0,58.0,58.0,58.0
real,120,gulf,4,LSTM-rec,1,crossing,5,163,122,0.19879225602974768,121.0,120.0,120.0,119.0,119.0,119.0,119.0,119.0,119.0,119.0,119.0,119.0,119.0,119.0,119.0,119.0,119.0,119.0,119.0,119.0
real,120,gulf,4,LSTM-rec,1,crossing,6,165,13,0.3190166233021603,13.0,12.0,11.0,11.0,11.0,11.0,11.0,11.0,11.0,11.0,11.0,11.0,11.0,11.0,11.0,11.0,11.0,11.0,11.0,11.0
real,120,gulf,4,LSTM-rec,1,crossing,7,171,93,0.03082862361139433,92.0,91.0,91.0,91.0,91.0,91.0,91.0,91.0,91.0,91.0,91.0,91.0,91.0,91.0,91.0,91.0,91.0,91.0,91.0,91.0
real,120,gulf,4,LSTM-rec,1,crossing,8,255,349,0.28781293969676514,348.0,347.0,346.0,346.0,345.0,345.0,344.0,344.0,344.0,344.0,344.0,344.0,344.0,344.0,344.0,344.0,344.0,344.0,344.0,344.0
real,120,gulf,4,LSTM-rec,1,crossing,9,269,322,0.21900977637985358,321.0,320.0,319.0,319.0,319.0,319.0,319.0,319.0,319.0,319.0,319.0,319.0,319.0,319.0,319.0,319.0,319.0,319.0,319.0,319.0
real,120,gulf,4,LSTM-rec,1,crossing,10,333,217,0.4109898021440506,216.0,215.0,214.0,214.0,213.0,213.0,212.0,212.0,212.0,212.0,211.0,211.0,211.0,211.0,211.0,211.0,211.0,211.0,211.0,211.0
real,120,gulf,4,LSTM-rec,1,crossing,11,406,435,0.11399033599624009,434.0,433.0,433.0,432.0,432.0,432.0,432.0,432.0,432.0,432.0,432.0,432.0,432.0,432.0,432.0,432.0,432.0,432.0,432.0,432.0
real,120,gulf,4,LSTM-rec,1,crossing,12,470,29,0.1970390982857905,28.0,27.0,27.0,26.0,26.0,26.0,26.0,26.0,26.0,26.0,26.0,26.0,26.0,26.0,26.0,26.0,26.0,26.0,26.0,26.0
real,120,gulf,4,LSTM-rec,1,crossing,13,486,319,0.3558965523110011,318.0,317.0,317.0,316.0,316.0,316.0,316.0,316.0,316.0,316.0,316.0,316.0,316.0,316.0,316.0,316.0,316.0,316.0,316.0,316.0
real,120,gulf,4,LSTM-ms,1,buffer,0,13,423,0.11426472971582849,409.0,408.0,407.0,406.0,405.0,404.0,403.0,402.0,401.0,400.0,399.0,397.0,397.0,396.0,394.0,394.0,393.0,392.0,391.0,390.0
real,120,gulf,4,LSTM-ms,1,buffer,1,20,55,0.2348722137633999,43.0,42.0,41.0,40.0,39.0,38.0,37.0,36.0,35.0,34.0,33.0,32.0,31.0,31.0,29.0,29.0,28.0,27.0,27.0,26.0
real,120,gulf,4,LSTM-ms,1,buffer,2,130,476,0.20450084727072745,470.0,470.0,469.0,468.0,467.0,466.0,465.0,465.0,464.0,463.0,462.0,461.0,461.0,460.0,459.0,459.0,458.0,458.0,457.0,456.0
real,120,gulf,4,LSTM-ms,1,buffer,3,137,91,0.19419904224971726,78.0,77.0,76.0,75.0,74.0,73.0,73.0,71.0,70.0,69.0,68.0,67.0,66.0,65.0,64.0,63.0,63.0,62.0,61.0,60.0
real,120,gulf,4,LSTM-ms,1,buffer,4,153,65,0.2963364076900565,60.0,59.0,58.0,58.0,57.0,56.0,55.0,54.0,53.0,53.0,52.0,51.0,50.0,50.0,49.0,48.0,48.0,47.0,46.0,46.0
real,120,gulf,4,LSTM-ms,1,buffer,5,163,122,0.19879225602974768,51.0,50.0,49.0,48.0,47.0,46.0,45.0,44.0,43.0,42.0,42.0,41.0,40.0,39.0,38.0,38.0,38.0,38.0,38.0,37.0
real,120,gulf,4,LSTM-ms,1,buffer,6,165,13,0.3190166233021603,6.0,6.0,6.0,6.0,6.0,6.0,6.0,6.0,6.0,6.0,6.0,6.0,6.0,6.0,6.0,6.0,6.0,6.0,6.0,6.0
real,120,gulf,4,LSTM-ms,1,buffer,7,171,93,0.03082862361139433,79.0,78.0,77.0,75.0,75.0,73.0,72.0,72.0,70.0,69.0,68.0,68.0,66.0,66.0,65.0,64.0,63.0,63.0,61.0,61.0
real,120,gulf,4,LSTM-ms,1,buffer,8,255,349,0.28781293969676514,343.0,342.0,341.0,339.0,339.0,339.0,336.0,336.0,335.0,334.0,334.0,333.0,333.0,332.0,331.0,331.0,331.0,331.0,331.0,331.0
real,120,gulf,4,LSTM-ms,1,buffer,9,269,322,0.21900977637985358,10.0,9.0,8.0,7.0,6.0,6.0,6.0,6.0,6.0,6.0,6.0,6.0,6.0,6.0,6.0,6.0,6.0,6.0,6.0,6.0
real,120,gulf,4,LSTM-ms,1,buffer,10,333,217,0.4109898021440506,211.0,210.0,209.0,208.0,207.0,206.0,205.0,204.0,203.0,202.0,202.0,201.0,200.0,200.0,199.0,198.0,197.0,196.0,196.0,196.0
real,120,gulf,4,LSTM-ms,1,buffer,11,406,435,0.11399033599624009,422.0,420.0,419.0,418.0,417.0,417.0,416.0,415.0,414.0,413.0,412.0,411.0,410.0,409.0,408.0,408.0,407.0,405.0,405.0,403.0
real,120,gulf,4,LSTM-ms,1,buffer,12,470,29,0.1970390982857905,18.0,17.0,16.0,15.0,14.0,13.0,12.0,11.0,10.0,9.0,8.0,7.0,7.0,6.0,6.0,6.0,6.0,6.0,6.0,6.0
real,120,gulf,4,LSTM-ms,1,buffer,13,486,319,0.3558965523110011,307.0,306.0,305.0,304.0,303.0,302.0,301.0,300.0,300.0,299.0,297.0,297.0,296.0,295.0,293.0,293.0,292.0,292.0,292.0,290.0
real,120,gulf,4,LSTM-ms,1,crossing,0,13,423,0.11426472971582849,422.0,421.0,420.0,419.0,418.0,417.0,416.0,415.0,414.0,413.0,412.0,411.0,410.0,409.0,408.0,407.0,406.0,406.0,404.0,404.0
real,120,gulf,4,LSTM-ms,1,crossing,1,20,55,0.2348722137633999,54.0,53.0,52.0,51.0,50.0,49.0,48.0,47.0,46.0,45.0,44.0,43.0,42.0,41.0,40.0,39.0,39.0,38.0,37.0,36.0
real,120,gulf,4,LSTM-ms,1,crossing,2,130,476,0.20450084727072745,475.0,474.0,473.0,472.0,471.0,470.0,469.0,468.0,468.0,467.0,466.0,466.0,465.0,465.0,463.0,463.0,462.0,461.0,461.0,460.0
real,120,gulf,4,LSTM-ms,1,crossing,3,137,91,0.19419904224971726,90.0,89.0,88.0,87.0,86.0,85.0,85.0,84.0,83.0,82.0,82.0,81.0,79.0,78.0,76.0,75.0,75.0,74.0,74.0,73.0
real,120,gulf,4,LSTM-ms,1,crossing,4,153,65,0.2963364076900565,64.0,63.0,62.0,61.0,60.0,60.0,59.0,58.0,57.0,56.0,56.0,55.0,54.0,53.0,53.0,52.0,51.0,50.0,50.0,49.0
real,120,gulf,4,LSTM-ms,1,crossing,5,163,122,0.19879225602974768,121.0,120.0,119.0,118.0,58.0,57.0,56.0,55.0,54.0,53.0,52.0,51.0,50.0,49.0,48.0,48.0,47.0,46.0,45.0,44.0
real,120,gulf,4,LSTM-ms,1,crossing,6,165,13,0.3190166233021603,12.0,11.0,9.0,9.0,9.0,6.0,6.0,6.0,6.0,6.0,6.0,6.0,6.0,6.0,6.0,6.0,6.0,6.0,6.0,6.0
real,120,gulf,4,LSTM-ms,1,crossing,7,171,93,0.03082862361139433,92.0,91.0,90.0,89.0,88.0,87.0,86.0,85.0,84.0,83.0,82.0,81.0,80.0,79.0,78.0,77.0,76.0,75.0,75.0,73.0
real,120,gulf,4,LSTM-ms,1,crossing,8,255,349,0.28781293969676514,348.0,347.0,346.0,345.0,344.0,344.0,343.0,342.0,342.0,339.0,339.0,339.0,336.0,336.0,335.0,335.0,335.0,334.0,334.0,333.0
real,120,gulf,4,LSTM-ms,1,crossing,9,269,322,0.21900977637985358,321.0,319.0,318.0,318.0,316.0,315.0,314.0,313.0,312.0,311.0,13.0,12.0,11.0,10.0,9.0,8.0,7.0,6.0,6.0,6.0
real,120,gulf,4,LSTM-ms,1,crossing,10,333,217,0.4109898021440506,216.0,215.0,214.0,213.0,212.0,211.0,211.0,210.0,209.0,208.0,207.0,206.0,205.0,205.0,204.0,203.0,202.0,202.0,201.0,200.0
real,120,gulf,4,LSTM-ms,1,crossing,11,406,435,0.11399033599624009,434.0,432.0,432.0,430.0,430.0,429.0,428.0,427.0,426.0,425.0,424.0,423.0,423.0,422.0,422.0,420.0,419.0,419.0,418.0,417.0
real,120,gulf,4,LSTM-ms,1,crossing,12,470,29,0.1970390982857905,28.0,27.0,26.0,25.0,24.0,23.0,22.0,21.0,20.0,19.0,18.0,17.0,16.0,15.0,15.0,14.0,13.0,12.0,11.0,10.0
real,120,gulf,4,LSTM-ms,1,crossing,13,486,319,0.3558965523110011,317.0,316.0,315.0,314.0,313.0,313.0,312.0,311.0,309.0,309.0,308.0,306.0,306.0,305.0,304.0,304.0,303.0,302.0,301.0,300.0
real,120,gulf,4,LSTM-rec,2,buffer,0,13,423,0.11426472971582849,409.0,408.0,407.0,406.0,406.0,405.0,404.0,403.0,402.0,402.0,401.0,400.0,400.0,399.0,399.0,398.0,397.0,397.0,397.0,396.0
real,120,gulf,4,LSTM-rec,2,buffer,1,20,55,0.2348722137633999,43.0,42.0,41.0,40.0,39.0,38.0,38.0,37.0,36.0,36.0,36.0,34.0,34.0,33.0,33.0,33.0,32.0,31.0,31.0,31.0
real,120,gulf,4,LSTM-rec,2,buffer,2,130,476,0.20450084727072745,470.0,470.0,469.0,468.0,467.0,466.0,466.0,465.0,465.0,464.0,463.0,463.0,462.0,461.0,461.0,461.0,460.0,460.0,459.0,459.0
real,120,gulf,4,LSTM-rec,2,buffer,3,137,91,0.19419904224971726,78.0,77.0,76.0,75.0,75.0,74.0,73.0,73.0,72.0,71.0,70.0,70.0,69.0,68.0,68.0,67.0,67.0,66.0,66.0,65.0
real,120,gulf,4,LSTM-rec,2,buffer,4,153,65,0.2963364076900565,60.0,59.0,59.0,58.0,57.0,56.0,55.0,55.0,54.0,53.0,53.0,52.0,51.0,51.0,50.0,50.0,49.0,49.0,48.0,48.0
real,120,gulf,4,LSTM-rec,2,buffer,5,163,122,0.19879225602974768,51.0,50.0,49.0,49.0,48.0,47.0,46.0,46.0,45.0,44.0,44.0,43.0,42.0,42.0,42.0,41.0,41.0,40.0,40.0,39.0
real,120,gulf,4,LSTM-rec,2,buffer,6,165,13,0.3190166233021603,6.0,6.0,6.0,6.0,6.0,6.0,6.0,6.0,6.0,6.0,6.0,6.0,6.0,6.0,6.0,6.0,6.0,6.0,6.0,6.0
real,120,gulf,4,LSTM-rec,2,buffer,7,171,93,0.03082862361139433,79.0,78.0,77.0,76.0,75.0,74.0,73.0,73.0,72.0,71.0,71.0,70.0,70.0,69.0,68.0,68.0,67.0,67.0,66.0,66.0
real,120,gulf,4,LSTM-rec,2,buffer,8,255,349,0.28781293969676514,343.0,342.0,341.0,340.0,339.0,339.0,337.0,336.0,336.0,335.0,335.0,335.0,334.0,334.0,333.0,333.0,333.0,332.0,332.0,332.0
real,120,gulf,4,LSTM-rec,2,buffer,9,269,322,0.21900977637985358,11.0,10.0,9.0,8.0,7.0,6.0,6.0,6.0,6.0,6.0,6.0,6.0,6.0,6.0,6.0,6.0,6.0,6.0,6.0,6.0
real,120,gulf,4,LSTM-rec,2,buffer,10,333,217,0.4109898021440506,211.0,210.0,209.0,208.0,207.0,206.0,206.0,205.0,204.0,204.0,203.0,202.0,202.0,201.0,201.0,200.0,200.0,199.0,199.0,198.0
real,120,gulf,4,LSTM-rec,2,buffer,11,406,435,0.11399033599624009,422.0,421.0,420.0,419.0,418.0,417.0,417.0,416.0,416.0,415.0,414.0,414.0,413.0,413.0,412.0,412.0,411.0,411.0,410.0,410.0
real,120,gulf,4,LSTM-rec,2,buffer,12,470,29,0.1970390982857905,18.0,17.0,16.0,15.0,14.0,14.0,13.0,12.0,11.0,11.0,10.0,10.0,9.0,8.0,8.0,7.0,7.0,7.0,7.0,6.0
real,120,gulf,4,LSTM-rec,2,buffer,13,486,319,0.3558965523110011,307.0,306.0,305.0,305.0,304.0,303.0,302.0,301.0,301.0,300.0,300.0,299.0,298.0,298.0,297.0,297.0,296.0,296.0,295.0,295.0
real,120,gulf,4,LSTM-rec,2,crossing,0,13,423,0.11426472971582849,422.0,421.0,420.0,419.0,418.0,417.0,417.0,416.0,415.0,415.0,414.0,413.0,413.0,412.0,412.0,411.0,411.0,410.0,409.0,409.0
real,120,gulf,4,LSTM-rec,2,crossing,1,20,55,0.2348722137633999,54.0,53.0,53.0,51.0,51.0,50.0,49.0,48.0,48.0,47.0,47.0,45.0,45.0,44.0,44.0,43.0,43.0,42.0,42.0,41.0
real,120,gulf,4,LSTM-rec,2,crossing,2,130,476,0.20450084727072745,475.0,474.0,473.0,472.0,471.0,470.0,470.0,469.0,468.0,468.0,467.0,467.0,466.0,466.0,465.0,465.0,465.0,464.0,464.0,463.0
real,120,gulf,4,LSTM-rec,2,crossing,3,137,91,0.19419904224971726,90.0,89.0,88.0,88.0,87.0,86.0,86.0,85.0,84.0,84.0,84.0,83.0,83.0,82.0,82.0,82.0,79.0,79.0,78.0,78.0
real,120,gulf,4,LSTM-rec,2,crossing,4,153,65,0.2963364076900565,64.0,63.0,62.0,61.0,61.0,60.0,59.0,58.0,58.0,57.0,57.0,56.0,55.0,55.0,54.0,53.0,53.0,53.0,52.0,52.0
real,120,gulf,4,LSTM-rec,2,crossing,5,163,122,0.19879225602974768,121.0,120.0,119.0,118.0,58.0,57.0,56.0,56.0,55.0,54.0,54.0,53.0,53.0,52.0,52.0,51.0,51.0,50.0,50.0,50.0
real,120,gulf,4,LSTM-rec,2,crossing,6,165,13,0.3190166233021603,12.0,11.0,10.0,9.0,9.0,8.0,6.0,6.0,6.0,6.0,6.0,6.0,6.0,6.0,6.0,6.0,6.0,6.0,6.0,6.0
real,120,gulf,4,LSTM-rec,2,crossing,7,171,93,0.03082862361139433,92.0,91.0,90.0,89.0,88.0,88.0,87.0,86.0,85.0,85.0,84.0,83.0,83.0,82.0,82.0,81.0,81.0,80.0,80.0,79.0
real,120,gulf,4,LSTM-rec,2,crossing,8,255,349,0.28781293969676514,348.0,347.0,346.0,345.0,344.0,344.0,343.0,343.0,342.0,342.0,342.0,339.0,339.0,339.0,339.0,339.0,336.0,336.0,336.0,336.0
real,120,gulf,4,LSTM-rec,2,crossing,9,269,322,0.21900977637985358,321.0,320.0,319.0,318.0,317.0,316.0,315.0,314.0,314.0,313.0,312.0,312.0,311.0,13.0,12.0,12.0,11.0,11.0,10.0,10.0
real,120,gulf,4,LSTM-rec,2,crossing,10,333,217,0.4109898021440506,216.0,215.0,214.0,213.0,213.0,212.0,211.0,210.0,210.0,209.0,208.0,208.0,207.0,206.0,206.0,205.0,205.0,205.0,204.0,204.0
real,120,gulf,4,LSTM-rec,2,crossing,11,406,435,0.11399033599624009,434.0,433.0,432.0,431.0,430.0,430.0,429.0,428.0,428.0,427.0,427.0,426.0,425.0,425.0,424.0,424.0,423.0,423.0,423.0,422.0
real,120,gulf,4,LSTM-rec,2,crossing,12,470,29,0.1970390982857905,28.0,27.0,26.0,25.0,24.0,23.0,23.0,22.0,21.0,21.0,20.0,19.0,19.0,18.0,18.0,17.0,17.0,16.0,16.0,16.0
real,120,gulf,4,LSTM-rec,2,crossing,13,486,319,0.3558965523110011,318.0,317.0,316.0,315.0,314.0,313.0,313.0,312.0,311.0,311.0,309.0,309.0,309.0,308.0,308.0,306.0,306.0,306.0,305.0,305.0
real,120,gulf,4,LSTM-ms,2,buffer,0,13,423,0.11426472971582849,409.0,408.0,408.0,407.0,406.0,405.0,405.0,404.0,403.0,402.0,402.0,401.0,401.0,400.0,399.0,399.0,398.0,397.0,397.0,397.0
real,120,gulf,4,LSTM-ms,2,buffer,1,20,55,0.2348722137633999,43.0,42.0,41.0,40.0,40.0,39.0,39.0,38.0,37.0,36.0,36.0,35.0,34.0,33.0,33.0,32.0,32.0,31.0,31.0,30.0
real,120,gulf,4,LSTM-ms,2,buffer,2,130,476,0.20450084727072745,470.0,470.0,469.0,468.0,467.0,466.0,466.0,465.0,464.0,463.0,463.0,462.0,461.0,461.0,460.0,459.0,459.0,458.0,458.0,457.0
real,120,gulf,4,LSTM-ms,2,buffer,3,137,91,0.19419904224971726,78.0,77.0,77.0,76.0,75.0,74.0,74.0,73.0,73.0,72.0,71.0,71.0,70.0,69.0,69.0,68.0,67.0,67.0,66.0,66.0
real,120,gulf,4,LSTM-ms,2,buffer,4,153,65,0.2963364076900565,60.0,59.0,59.0,58.0,57.0,56.0,55.0,55.0,54.0,53.0,52.0,52.0,51.0,50.0,49.0,49.0,48.0,48.0,47.0,46.0
real,120,gulf,4,LSTM-ms,2,buffer,5,163,122,0.19879225602974768,51.0,50.0,50.0,49.0,48.0,47.0,47.0,46.0,45.0,44.0,44.0,43.0,43.0,42.0,41.0,40.0,40.0,39.0,39.0,39.0
real,120,gulf,4,LSTM-ms,2,buffer,6,165,13,0.3190166233021603,6.0,6.0,6.0,6.0,6.0,6.0,6.0,6.0,6.0,6.0,6.0,6.0,6.0,6.0,6.0,6.0,6.0,6.0,6.0,6.0
real,120,gulf,4,LSTM-ms,2,buffer,7,171,93,0.03082862361139433,79.0,78.0,77.0,77.0,76.0,75.0,74.0,73.0,73.0,72.0,72.0,71.0,70.0,70.0,69.0,68.0,68.0,67.0,67.0,66.0
real,120,gulf,4,LSTM-ms,2,buffer,8,255,349,0.28781293969676514,343.0,342.0,341.0,340.0,339.0,339.0,337.0,336.0,335.0,335.0,334.0,334.0,333.0,333.0,333.0,332.0,332.0,332.0,331.0,331.0
real,120,gulf,4,LSTM-ms,2,buffer,9,269,322,0.21900977637985358,11.0,10.0,9.0,8.0,8.0,7.0,6.0,6.0,6.0,6.0,6.0,6.0,6.0,6.0,6.0,6.0,6.0,6.0,6.0,6.0
real,120,gulf,4,LSTM-ms,2,buffer,10,333,217,0.4109898021440506,211.0,210.0,209.0,208.0,207.0,206.0,206.0,205.0,204.0,203.0,203.0,202.0,201.0,201.0,200.0,200.0,199.0,198.0,198.0,197.0
real,120,gulf,4,LSTM-ms,2,buffer,11,406,435,0.11399033599624009,422.0,421.0,420.0,419.0,419.0,418.0,417.0,417.0,416.0,416.0,415.0,415.0,414.0,414.0,413.0,413.0,412.0,412.0,411.0,411.0
real,120,gulf,4,LSTM-ms,2,buffer,12,470,29,0.1970390982857905,18.0,17.0,16.0,15.0,15.0,14.0,13.0,12.0,12.0,11.0,10.0,10.0,9.0,9.0,8.0,7.0,7.0,6.0,6.0,6.0
real,120,gulf,4,LSTM-ms,2,buffer,13,486,319,0.3558965523110011,308.0,306.0,306.0,305.0,304.0,304.0,303.0,302.0,301.0,300.0,300.0,300.0,299.0,298.0,297.0,297.0,296.0,296.0,295.0,295.0
real,120,gulf,4,LSTM-ms,2,crossing,0,13,423,0.11426472971582849,422.0,421.0,421.0,420.0,419.0,418.0,417.0,417.0,416.0,415.0,415.0,414.0,413.0,413.0,412.0,412.0,411.0,411.0,410.0,409.0
real,120,gulf,4,LSTM-ms,2,crossing,1,20,55,0.2348722137633999,54.0,54.0,53.0,52.0,51.0,50.0,50.0,49.0,48.0,47.0,47.0,46.0,45.0,44.0,43.0,43.0,42.0,42.0,41.0,41.0
real,120,gulf,4,LSTM-ms,2,crossing,2,130,476,0.20450084727072745,475.0,474.0,473.0,472.0,471.0,470.0,470.0,469.0,468.0,467.0,467.0,466.0,466.0,465.0,464.0,463.0,463.0,462.0,462.0,461.0
real,120,gulf,4,LSTM-ms,2,crossing,3,137,91,0.19419904224971726,90.0,89.0,89.0,88.0,87.0,87.0,86.0,85.0,85.0,84.0,84.0,84.0,83.0,83.0,82.0,82.0,82.0,79.0,79.0,78.0
real,120,gulf,4,LSTM-ms,2,crossing,4,153,65,0.2963364076900565,64.0,63.0,62.0,61.0,61.0,60.0,59.0,58.0,58.0,57.0,56.0,55.0,55.0,54.0,53.0,53.0,52.0,51.0,51.0,50.0
real,120,gulf,4,LSTM-ms,2,crossing,5,163,122,0.19879225602974768,121.0,120.0,119.0,119.0,118.0,58.0,57.0,56.0,55.0,55.0,54.0,54.0,53.0,52.0,52.0,51.0,50.0,50.0,50.0,49.0
real,120,gulf,4,LSTM-ms,2,crossing,6,165,13,0.3190166233021603,13.0,12.0,11.0,10.0,9.0,9.0,7.0,6.0,6.0,6.0,6.0,6.0,6.0,6.0,6.0,6.0,6.0,6.0,6.0,6.0
real,120,gulf,4,LSTM-ms,2,crossing,7,171,93,0.03082862361139433,92.0,91.0,91.0,90.0,89.0,88.0,88.0,87.0,86.0,85.0,85.0,84.0,84.0,83.0,82.0,82.0,81.0,81.0,80.0,80.0
real,120,gulf,4,LSTM-ms,2,crossing,8,255,349,0.28781293969676514,348.0,347.0,346.0,345.0,344.0,344.0,343.0,342.0,342.0,342.0,341.0,339.0,339.0,337.0,336.0,336.0,335.0,335.0,335.0,334.0
real,120,gulf,4,LSTM-ms,2,crossing,9,269,322,0.21900977637985358,321.0,320.0,319.0,318.0,318.0,317.0,316.0,315.0,314.0,314.0,313.0,312.0,311.0,311.0,13.0,12.0,12.0,11.0,10.0,10.0
real,120,gulf,4,LSTM-ms,2,crossing,10,333,217,0.4109898021440506,216.0,215.0,214.0,213.0,213.0,212.0,211.0,210.0,210.0,209.0,208.0,207.0,207.0,206.0,205.0,205.0,204.0,204.0,203.0,202.0
real,120,gulf,4,LSTM-ms,2,crossing,11,406,435,0.11399033599624009,434.0,433.0,432.0,431.0,431.0,430.0,430.0,429.0,428.0,427.0,427.0,427.0,426.0,425.0,425.0,425.0,424.0,424.0,423.0,423.0
real,120,gulf,4,LSTM-ms,2,crossing,12,470,29,0.1970390982857905,28.0,27.0,26.0,25.0,25.0,24.0,23.0,22.0,22.0,21.0,20.0,20.0,19.0,18.0,18.0,17.0,17.0,16.0,15.0,15.0
real,120,gulf,4,LSTM-ms,2,crossing,13,486,319,0.3558965523110011,318.0,317.0,316.0,315.0,314.0,313.0,313.0,313.0,312.0,311.0,310.0,309.0,309.0,308.0,308.0,306.0,306.0,305.0,305.0,305.0
real,120,gulf,4,LSTM-rec,3,buffer,0,13,423,0.11426472971582849,409.0,408.0,408.0,407.0,406.0,406.0,405.0,405.0,404.0,404.0,404.0,404.0,404.0,404.0,404.0,404.0,404.0,404.0,404.0,404.0
real,120,gulf,4,LSTM-rec,3,buffer,1,20,55,0.2348722137633999,43.0,42.0,41.0,40.0,40.0,39.0,39.0,39.0,38.0,38.0,38.0,38.0,37.0,37.0,37.0,37.0,37.0,37.0,37.0,37.0
real,120,gulf,4,LSTM-rec,3,buffer,2,130,476,0.20450084727072745,470.0,470.0,469.0,468.0,467.0,467.0,466.0,465.0,465.0,465.0,464.0,463.0,463.0,463.0,462.0,462.0,462.0,461.0,461.0,461.0
real,120,gulf,4,LSTM-rec,3,buffer,3,137,91,0.19419904224971726,78.0,77.0,77.0,76.0,75.0,75.0,74.0,74.0,74.0,74.0,73.0,73.0,73.0,73.0,73.0,73.0,73.0,73.0,73.0,73.0
real,120,gulf,4,LSTM-rec,3,buffer,4,153,65,0.2963364076900565,60.0,60.0,59.0,58.0,57.0,56.0,56.0,55.0,54.0,54.0,53.0,53.0,52.0,52.0,51.0,51.0,50.0,50.0,50.0,50.0
real,120,gulf,4,LSTM-rec,3,buffer,5,163,122,0.19879225602974768,51.0,50.0,50.0,49.0,48.0,48.0,47.0,47.0,46.0,46.0,46.0,46.0,46.0,46.0,46.0,46.0,46.0,46.0,46.0,46.0
real,120,gulf,4,LSTM-rec,3,buffer,6,165,13,0.3190166233021603,6.0,6.0,6.0,6.0,6.0,6.0,6.0,6.0,6.0,6.0,6.0,6.0,6.0,6.0,6.0,6.0,6.0,6.0,6.0,6.0
real,120,gulf,4,LSTM-rec,3,buffer,7,171,93,0.03082862361139433,79.0,78.0,77.0,77.0,76.0,75.0,75.0,75.0,74.0,74.0,73.0,73.0,73.0,73.0,73.0,73.0,73.0,73.0,73.0,73.0
real,120,gulf,4,LSTM-rec,3,buffer,8,255,349,0.28781293969676514,343.0,342.0,341.0,340.0,339.0,339.0,339.0,337.0,336.0,336.0,335.0,335.0,335.0,335.0,335.0,335.0,335.0,334.0,334.0,334.0
real,120,gulf,4,LSTM-rec,3,buffer,9,269,322,0.21900977637985358,11.0,10.0,9.0,8.0,8.0,7.0,6.0,6.0,6.0,6.0,6.0,6.0,6.0,6.0,6.0,6.0,6.0,6.0,6.0,6.0
real,120,gulf,4,LSTM-rec,3,buffer,10,333,217,0.4109898021440506,211.0,210.0,209.0,208.0,207.0,207.0,206.0,205.0,205.0,204.0,204.0,203.0,203.0,202.0,202.0,202.0,201.0,201.0,201.0,201.0
real,120,gulf,4,LSTM-rec,3,buffer,11,406,435,0.11399033599624009,422.0,421.0,420.0,419.0,419.0,418.0,418.0,418.0,417.0,417.0,417.0,417.0,417.0,417.0,417.0,417.0,417.0,417.0,417.0,417.0
real,120,gulf,4,LSTM-rec,3,buffer,12,470,29,0.1970390982857905,18.0,17.0,16.0,16.0,15.0,14.0,14.0,13.0,13.0,13.0,12.0,12.0,12.0,12.0,11.0,11.0,11.0,11.0,11.0,11.0
real,120,gulf,4,LSTM-rec,3,buffer,13,486,319,0.3558965523110011,307.0,306.0,306.0,305.0,304.0,304.0,303.0,303.0,302.0,302.0,302.0,301.0,301.0,301.0,301.0,301.0,301.0,301.0,301.0,301.0
real,120,gulf,4,LSTM-rec,3,crossing,0,13,423,0.11426472971582849,422.0,421.0,420.0,420.0,419.0,419.0,418.0,417.0,417.0,417.0,417.0,417.0,416.0,416.0,416.0,416.0,416.0,416.0,416.0,416.0
real,120,gulf,4,LSTM-rec,3,crossing,1,20,55,0.2348722137633999,54.0,53.0,53.0,52.0,51.0,51.0,50.0,50.0,50.0,50.0,49.0,49.0,49.0,49.0,49.0,49.0,49.0,49.0,49.0,49.0
real,120,gulf,4,LSTM-rec,3,crossing,2,130,476,0.20450084727072745,475.0,474.0,473.0,472.0,471.0,471.0,470.0,469.0,469.0,468.0,468.0,467.0,467.0,467.0,466.0,466.0,466.0,466.0,465.0,465.0
real,120,gulf,4,LSTM-rec,3,crossing,3,137,91,0.19419904224971726,90.0,89.0,89.0,88.0,87.0,87.0,86.0,86.0,86.0,85.0,85.0,85.0,85.0,85.0,85.0,85.0,85.0,85.0,85.0,85.0
real,120,gulf,4,LSTM-rec,3,crossing,4,153,65,0.2963364076900565,64.0,63.0,62.0,62.0,61.0,60.0,59.0,59.0,58.0,58.0,57.0,57.0,56.0,56.0,55.0,55.0,55.0,54.0,54.0,53.0
real,120,gulf,4,LSTM-rec,3,crossing,5,163,122,0.19879225602974768,121.0,120.0,119.0,119.0,118.0,58.0,58.0,57.0,57.0,56.0,56.0,56.0,56.0,56.0,56.0,56.0,56.0,56.0,56.0,56.0
real,120,gulf,4,LSTM-rec,3,crossing,6,165,13,0.3190166233021603,13.0,12.0,11.0,9.0,9.0,9.0,9.0,9.0,7.0,6.0,6.0,6.0,6.0,6.0,6.0,6.0,6.0,6.0,6.0,6.0
real,120,gulf,4,LSTM-rec,3,crossing,7,171,93,0.03082862361139433,92.0,91.0,90.0,90.0,89.0,89.0,88.0,88.0,87.0,87.0,87.0,87.0,87.0,87.0,87.0,87.0,87.0,87.0,87.0,87.0
real,120,gulf,4,LSTM-rec,3,crossing,8,255,349,0.28781293969676514,348.0,347.0,346.0,345.0,344.0,344.0,344.0,343.0,343.0,342.0,342.0,342.0,342.0,339.0,339.0,339.0,339.0,339.0,339.0,339.0
real,120,gulf,4,LSTM-rec,3,crossing,9,269,322,0.21900977637985358,321.0,320.0,319.0,318.0,318.0,317.0,317.0,316.0,316.0,315.0,315.0,315.0,314.0,314.0,314.0,314.0,314.0,314.0,314.0,314.0
real,120,gulf,4,LSTM-rec,3,crossing,10,333,217,0.4109898021440506,216.0,215.0,214.0,213.0,213.0,212.0,211.0,211.0,210.0,210.0,209.0,209.0,208.0,208.0,208.0,207.0,207.0,206.0,206.0,206.0
real,120,gulf,4,LSTM-rec,3,crossing,11,406,435,0.11399033599624009,434.0,433.0,432.0,431.0,431.0,430.0,430.0,430.0,429.0,429.0,429.0,429.0,429.0,428.0,428.0,428.0,428.0,428.0,428.0,428.0
real,120,gulf,4,LSTM-rec,3,crossing,12,470,29,0.1970390982857905,28.0,27.0,26.0,25.0,25.0,24.0,24.0,23.0,23.0,22.0,22.0,22.0,22.0,22.0,22.0,21.0,21.0,21.0,21.0,21.0
real,120,gulf,4,LSTM-rec,3,crossing,13,486,319,0.3558965523110011,318.0,317.0,316.0,315.0,314.0,314.0,313.0,313.0,313.0,312.0,312.0,312.0,312.0,312.0,311.0,311.0,311.0,311.0,311.0,311.0
real,120,gulf,4,LSTM-ms,3,buffer,0,13,423,0.11426472971582849,409.0,408.0,407.0,406.0,406.0,405.0,404.0,404.0,403.0,403.0,402.0,402.0,401.0,401.0,400.0,400.0,399.0,399.0,399.0,398.0
real,120,gulf,4,LSTM-ms,3,buffer,1,20,55,0.2348722137633999,43.0,42.0,41.0,40.0,39.0,39.0,38.0,38.0,37.0,37.0,36.0,36.0,35.0,34.0,34.0,33.0,33.0,33.0,32.0,32.0
real,120,gulf,4,LSTM-ms,3,buffer,2,130,476,0.20450084727072745,470.0,470.0,469.0,468.0,467.0,466.0,466.0,465.0,465.0,464.0,463.0,463.0,462.0,461.0,461.0,460.0,460.0,459.0,459.0,458.0
real,120,gulf,4,LSTM-ms,3,buffer,3,137,91,0.19419904224971726,78.0,77.0,76.0,75.0,75.0,74.0,74.0,73.0,73.0,72.0,71.0,71.0,70.0,70.0,69.0,69.0,68.0,68.0,68.0,67.0
real,120,gulf,4,LSTM-ms,3,buffer,4,153,65,0.2963364076900565,60.0,59.0,59.0,58.0,57.0,56.0,56.0,55.0,54.0,53.0,53.0,52.0,52.0,51.0,50.0,50.0,49.0,49.0,48.0,48.0
real,120,gulf,4,LSTM-ms,3,buffer,5,163,122,0.19879225602974768,51.0,50.0,49.0,49.0,48.0,47.0,47.0,46.0,45.0,45.0,44.0,44.0,43.0,43.0,42.0,42.0,42.0,41.0,41.0,40.0
real,120,gulf,4,LSTM-ms,3,buffer,6,165,13,0.3190166233021603,6.0,6.0,6.0,6.0,6.0,6.0,6.0,6.0,6.0,6.0,6.0,6.0,6.0,6.0,6.0,6.0,6.0,6.0,6.0,6.0
real,120,gulf,4,LSTM-ms,3,buffer,7,171,93,0.03082862361139433,79.0,78.0,77.0,76.0,75.0,75.0,74.0,73.0,73.0,72.0,72.0,71.0,71.0,70.0,70.0,70.0,69.0,69.0,68.0,68.0
real,120,gulf,4,LSTM-ms,3,buffer,8,255,349,0.28781293969676514,343.0,342.0,341.0,340.0,339.0,339.0,337.0,336.0,336.0,335.0,335.0,335.0,334.0,334.0,333.0,333.0,332.0,332.0,332.0,331.0
real,120,gulf,4,LSTM-ms,3,buffer,9,269,322,0.21900977637985358,11.0,10.0,9.0,8.0,7.0,6.0,6.0,6.0,6.0,6.0,6.0,6.0,6.0,6.0,6.0,6.0,6.0,6.0,6.0,6.0
real,120,gulf,4,LSTM-ms,3,buffer,10,333,217,0.4109898021440506,211.0,210.0,209.0,208.0,207.0,206.0,206.0,205.0,204.0,204.0,203.0,202.0,202.0,201.0,201.0,200.0,200.0,200.0,199.0,198.0
real,120,gulf,4,LSTM-ms,3,buffer,11,406,435,0.11399033599624009,422.0,421.0,420.0,419.0,418.0,418.0,417.0,417.0,416.0,416.0,415.0,415.0,415.0,414.0,414.0,413.0,413.0,413.0,413.0,412.0
real,120,gulf,4,LSTM-ms,3,buffer,12,470,29,0.1970390982857905,18.0,17.0,16.0,15.0,15.0,14.0,13.0,12.0,12.0,11.0,11.0,10.0,10.0,9.0,9.0,8.0,8.0,8.0,7.0,7.0
real,120,gulf,4,LSTM-ms,3,buffer,13,486,319,0.3558965523110011,307.0,306.0,305.0,305.0,304.0,303.0,303.0,302.0,301.0,301.0,300.0,300.0,299.0,299.0,298.0,297.0,297.0,297.0,296.0,296.0
real,120,gulf,4,LSTM-ms,3,crossing,0,13,423,0.11426472971582849,422.0,421.0,420.0,419.0,419.0,418.0,417.0,417.0,416.0,416.0,415.0,415.0,414.0,413.0,413.0,413.0,412.0,412.0,411.0,411.0
real,120,gulf,4,LSTM-ms,3,crossing,1,20,55,0.2348722137633999,54.0,53.0,52.0,52.0,51.0,50.0,50.0,49.0,48.0,48.0,47.0,47.0,46.0,45.0,45.0,44.0,44.0,43.0,43.0,42.0
real,120,gulf,4,LSTM-ms,3,crossing,2,130,476,0.20450084727072745,475.0,474.0,473.0,472.0,471.0,470.0,470.0,469.0,468.0,468.0,467.0,467.0,466.0,466.0,465.0,465.0,464.0,463.0,463.0,462.0
real,120,gulf,4,LSTM-ms,3,crossing,3,137,91,0.19419904224971726,90.0,89.0,88.0,88.0,87.0,86.0,86.0,85.0,85.0,84.0,84.0,84.0,84.0,83.0,83.0,83.0,82.0,82.0,82.0,82.0
real,120,gulf,4,LSTM-ms,3,crossing,4,153,65,0.2963364076900565,64.0,63.0,62.0,62.0,61.0,60.0,59.0,59.0,58.0,57.0,57.0,56.0,55.0,55.0,54.0,53.0,53.0,52.0,52.0,51.0
real,120,gulf,4,LSTM-ms,3,crossing,5,163,122,0.19879225602974768,121.0,120.0,119.0,118.0,118.0,58.0,57.0,56.0,56.0,55.0,55.0,54.0,54.0,53.0,53.0,52.0,52.0,51.0,51.0,50.0
real,120,gulf,4,LSTM-ms,3,crossing,6,165,13,0.3190166233021603,12.0,11.0,11.0,9.0,9.0,9.0,7.0,6.0,6.0,6.0,6.0,6.0,6.0,6.0,6.0,6.0,6.0,6.0,6.0,6.0
real,120,gulf,4,LSTM-ms,3,crossing,7,171,93,0.03082862361139433,92.0,91.0,90.0,90.0,89.0,88.0,87.0,87.0,86.0,85.0,85.0,85.0,84.0,84.0,83.0,83.0,82.0,82.0,81.0,81.0
real,120,gulf,4,LSTM-ms,3,crossing,8,255,349,0.28781293969676514,348.0,347.0,346.0,345.0,344.0,344.0,343.0,343.0,342.0,342.0,342.0,339.0,339.0,339.0,339.0,336.0,336.0,336.0,335.0,335.0
real,120,gulf,4,LSTM-ms,3,crossing,9,269,322,0.21900977637985358,321.0,320.0,319.0,318.0,317.0,316.0,316.0,315.0,314.0,314.0,313.0,313.0,312.0,311.0,311.0,13.0,13.0,12.0,12.0,12.0
real,120,gulf,4,LSTM-ms,3,crossing,10,333,217,0.4109898021440506,216.0,215.0,214.0,213.0,213.0,212.0,211.0,211.0,210.0,209.0,209.0,208.0,207.0,207.0,206.0,206.0,205.0,204.0,204.0,204.0
real,120,gulf,4,LSTM-ms,3,crossing,11,406,435,0.11399033599624009,434.0,433.0,432.0,431.0,430.0,430.0,429.0,429.0,428.0,428.0,427.0,427.0,427.0,426.0,426.0,425.0,425.0,425.0,424.0,424.0
real,120,gulf,4,LSTM-ms,3,crossing,12,470,29,0.1970390982857905,28.0,27.0,26.0,25.0,24.0,24.0,23.0,22.0,22.0,21.0,21.0,20.0,19.0,19.0,19.0,18.0,18.0,17.0,17.0,16.0
real,120,gulf,4,LSTM-ms,3,crossing,13,486,319,0.3558965523110011,317.0,317.0,316.0,315.0,314.0,313.0,313.0,312.0,312.0,311.0,311.0,309.0,309.0,309.0,308.0,308.0,308.0,306.0,306.0,306.0
real,120,gulf,4,LSTM-rec,4,buffer,0,13,423,0.11426472971582849,409.0,408.0,407.0,406.0,404.0,403.0,402.0,401.0,400.0,398.0,397.0,396.0,394.0,392.0,391.0,389.0,321.0,320.0,318.0,316.0
real,120,gulf,4,LSTM-rec,4,buffer,1,20,55,0.2348722137633999,43.0,42.0,41.0,40.0,38.0,37.0,36.0,35.0,34.0,33.0,31.0,30.0,29.0,28.0,27.0,25.0,24.0,22.0,21.0,19.0
real,120,gulf,4,LSTM-rec,4,buffer,2,130,476,0.20450084727072745,470.0,469.0,469.0,468.0,467.0,466.0,465.0,464.0,463.0,462.0,462.0,461.0,460.0,459.0,458.0,458.0,457.0,456.0,455.0,455.0
real,120,gulf,4,LSTM-rec,4,buffer,3,137,91,0.19419904224971726,78.0,77.0,76.0,75.0,74.0,73.0,71.0,70.0,69.0,68.0,66.0,65.0,63.0,62.0,61.0,60.0,58.0,57.0,55.0,54.0
real,120,gulf,4,LSTM-rec,4,buffer,4,153,65,0.2963364076900565,60.0,59.0,58.0,58.0,57.0,56.0,55.0,54.0,53.0,52.0,51.0,50.0,50.0,49.0,48.0,47.0,46.0,46.0,45.0,44.0
real,120,gulf,4,LSTM-rec,4,buffer,5,163,122,0.19879225602974768,51.0,50.0,49.0,48.0,47.0,46.0,45.0,43.0,42.0,41.0,40.0,39.0,38.0,38.0,38.0,36.0,35.0,33.0,31.0,30.0
real,120,gulf,4,LSTM-rec,4,buffer,6,165,13,0.3190166233021603,6.0,6.0,6.0,6.0,6.0,6.0,6.0,6.0,6.0,6.0,6.0,6.0,6.0,6.0,6.0,6.0,6.0,6.0,6.0,6.0
real,120,gulf,4,LSTM-rec,4,buffer,7,171,93,0.03082862361139433,79.0,78.0,76.0,75.0,74.0,73.0,72.0,70.0,69.0,68.0,66.0,65.0,64.0,63.0,61.0,60.0,59.0,57.0,55.0,53.0
real,120,gulf,4,LSTM-rec,4,buffer,8,255,349,0.28781293969676514,343.0,342.0,341.0,339.0,339.0,337.0,336.0,335.0,335.0,334.0,333.0,333.0,331.0,331.0,331.0,331.0,330.0,330.0,330.0,326.0
real,120,gulf,4,LSTM-rec,4,buffer,9,269,322,0.21900977637985358,10.0,9.0,8.0,7.0,6.0,6.0,6.0,6.0,6.0,6.0,6.0,6.0,6.0,6.0,6.0,6.0,6.0,6.0,6.0,6.0
real,120,gulf,4,LSTM-rec,4,buffer,10,333,217,0.4109898021440506,211.0,210.0,209.0,208.0,207.0,206.0,205.0,204.0,203.0,202.0,201.0,200.0,199.0,198.0,197.0,196.0,196.0,194.0,194.0,193.0
real,120,gulf,4,LSTM-rec,4,buffer,11,406,435,0.11399033599624009,422.0,420.0,419.0,418.0,417.0,416.0,415.0,414.0,413.0,411.0,410.0,409.0,408.0,405.0,403.0,403.0,396.0,394.0,393.0,392.0
real,120,gulf,4,LSTM-rec,4,buffer,12,470,29,0.1970390982857905,18.0,17.0,16.0,15.0,14.0,12.0,11.0,10.0,9.0,8.0,7.0,6.0,6.0,6.0,6.0,6.0,6.0,6.0,6.0,6.0
real,120,gulf,4,LSTM-rec,4,buffer,13,486,319,0.3558965523110011,307.0,306.0,305.0,304.0,303.0,302.0,301.0,300.0,298.0,297.0,296.0,295.0,293.0,292.0,292.0,289.0,288.0,287.0,285.0,284.0
real,120,gulf,4,LSTM-rec,4,crossing,0,13,423,0.11426472971582849,422.0,421.0,420.0,419.0,417.0,416.0,415.0,414.0,412.0,411.0,410.0,409.0,407.0,406.0,404.0,403.0,401.0,400.0,398.0,397.0
real,120,gulf,4,LSTM-rec,4,crossing,1,20,55,0.2348722137633999,54.0,53.0,52.0,51.0,50.0,48.0,47.0,46.0,44.0,43.0,42.0,41.0,40.0,38.0,37.0,36.0,34.0,33.0,31.0,31.0
real,120,gulf,4,LSTM-rec,4,crossing,2,130,476,0.20450084727072745,475.0,474.0,473.0,472.0,471.0,470.0,469.0,468.0,467.0,466.0,466.0,465.0,464.0,463.0,463.0,462.0,461.0,460.0,459.0,459.0
real,120,gulf,4,LSTM-rec,4,crossing,3,137,91,0.19419904224971726,90.0,89.0,88.0,87.0,86.0,85.0,84.0,83.0,82.0,82.0,79.0,77.0,75.0,74.0,74.0,72.0,71.0,69.0,68.0,66.0
real,120,gulf,4,LSTM-rec,4,crossing,4,153,65,0.2963364076900565,64.0,63.0,62.0,61.0,60.0,60.0,59.0,58.0,57.0,56.0,55.0,54.0,53.0,53.0,52.0,51.0,50.0,49.0,49.0,48.0
real,120,gulf,4,LSTM-rec,4,crossing,5,163,122,0.19879225602974768,121.0,120.0,119.0,118.0,57.0,56.0,55.0,54.0,53.0,51.0,50.0,49.0,48.0,47.0,45.0,44.0,43.0,42.0,40.0,39.0
real,120,gulf,4,LSTM-rec,4,crossing,6,165,13,0.3190166233021603,12.0,11.0,9.0,9.0,7.0,6.0,6.0,6.0,6.0,6.0,6.0,6.0,6.0,6.0,6.0,6.0,6.0,6.0,6.0,6.0
real,120,gulf,4,LSTM-rec,4,crossing,7,171,93,0.03082862361139433,92.0,91.0,90.0,89.0,87.0,86.0,85.0,84.0,82.0,81.0,80.0,78.0,77.0,75.0,74.0,72.0,71.0,70.0,68.0,66.0
real,120,gulf,4,LSTM-rec,4,crossing,8,255,349,0.28781293969676514,348.0,347.0,346.0,345.0,344.0,343.0,342.0,342.0,339.0,339.0,339.0,336.0,336.0,335.0,335.0,334.0,333.0,333.0,332.0,331.0
real,120,gulf,4,LSTM-rec,4,crossing,9,269,322,0.21900977637985358,321.0,319.0,318.0,317.0,316.0,315.0,313.0,312.0,13.0,12.0,11.0,9.0,8.0,7.0,6.0,6.0,6.0,6.0,6.0,6.0
real,120,gulf,4,LSTM-rec,4,crossing,10,333,217,0.4109898021440506,216.0,215.0,214.0,213.0,212.0,211.0,210.0,209.0,208.0,207.0,206.0,205.0,204.0,203.0,202.0,201.0,200.0,200.0,199.0,198.0
real,120,gulf,4,LSTM-rec,4,crossing,11,406,435,0.11399033599624009,434.0,432.0,431.0,430.0,429.0,428.0,427.0,426.0,425.0,424.0,423.0,422.0,420.0,419.0,417.0,416.0,415.0,414.0,413.0,411.0
real,120,gulf,4,LSTM-rec,4,crossing,12,470,29,0.1970390982857905,28.0,27.0,26.0,25.0,23.0,22.0,21.0,20.0,19.0,18.0,17.0,15.0,14.0,13.0,11.0,10.0,9.0,8.0,7.0,6.0
real,120,gulf,4,LSTM-rec,4,crossing,13,486,319,0.3558965523110011,317.0,317.0,315.0,314.0,313.0,312.0,311.0,309.0,309.0,308.0,306.0,305.0,304.0,303.0,301.0,300.0,299.0,297.0,296.0,295.0
real,120,gulf,4,LSTM-ms,4,buffer,0,13,423,0.11426472971582849,409.0,408.0,407.0,406.0,405.0,404.0,403.0,402.0,402.0,401.0,400.0,399.0,398.0,397.0,397.0,396.0,394.0,394.0,393.0,392.0
real,120,gulf,4,LSTM-ms,4,buffer,1,20,55,0.2348722137633999,43.0,42.0,41.0,40.0,39.0,38.0,37.0,37.0,36.0,35.0,34.0,33.0,33.0,32.0,31.0,31.0,30.0,29.0,28.0,28.0
real,120,gulf,4,LSTM-ms,4,buffer,2,130,476,0.20450084727072745,471.0,470.0,469.0,468.0,467.0,466.0,466.0,465.0,464.0,464.0,463.0,462.0,461.0,461.0,460.0,460.0,459.0,458.0,458.0,457.0
real,120,gulf,4,LSTM-ms,4,buffer,3,137,91,0.19419904224971726,78.0,77.0,76.0,75.0,74.0,74.0,73.0,72.0,71.0,70.0,69.0,68.0,68.0,67.0,66.0,65.0,64.0,63.0,63.0,62.0
real,120,gulf,4,LSTM-ms,4,buffer,4,153,65,0.2963364076900565,60.0,59.0,59.0,58.0,57.0,56.0,55.0,54.0,53.0,53.0,52.0,51.0,50.0,50.0,49.0,48.0,48.0,47.0,46.0,46.0
real,120,gulf,4,LSTM-ms,4,buffer,5,163,122,0.19879225602974768,51.0,50.0,49.0,48.0,47.0,47.0,46.0,45.0,44.0,43.0,43.0,42.0,42.0,41.0,40.0,39.0,38.0,38.0,38.0,38.0
real,120,gulf,4,LSTM-ms,4,buffer,6,165,13,0.3190166233021603,6.0,6.0,6.0,6.0,6.0,6.0,6.0,6.0,6.0,6.0,6.0,6.0,6.0,6.0,6.0,6.0,6.0,6.0,6.0,6.0
real,120,gulf,4,LSTM-ms,4,buffer,7,171,93,0.03082862361139433,79.0,78.0,77.0,76.0,75.0,74.0,73.0,72.0,71.0,70.0,70.0,69.0,68.0,67.0,66.0,66.0,64.0,64.0,63.0,63.0
real,120,gulf,4,LSTM-ms,4,buffer,8,255,349,0.28781293969676514,343.0,342.0,341.0,340.0,339.0,339.0,337.0,336.0,336.0,335.0,335.0,334.0,334.0,333.0,333.0,332.0,332.0,332.0,331.0,331.0
real,120,gulf,4,LSTM-ms,4,buffer,9,269,322,0.21900977637985358,10.0,9.0,8.0,8.0,7.0,6.0,6.0,6.0,6.0,6.0,6.0,6.0,6.0,6.0,6.0,6.0,6.0,6.0,6.0,6.0
real,120,gulf,4,LSTM-ms,4,buffer,10,333,217,0.4109898021440506,211.0,210.0,209.0,208.0,207.0,206.0,205.0,204.0,204.0,203.0,202.0,201.0,200.0,200.0,199.0,198.0,198.0,197.0,196.0,196.0
real,120,gulf,4,LSTM-ms,4,buffer,11,406,435,0.11399033599624009,422.0,420.0,419.0,419.0,418.0,417.0,416.0,415.0,415.0,414.0,413.0,413.0,412.0,411.0,410.0,409.0,409.0,408.0,408.0,406.0
real,120,gulf,4,LSTM-ms,4,buffer,12,470,29,0.1970390982857905,18.0,17.0,16.0,15.0,14.0,13.0,12.0,11.0,11.0,10.0,9.0,8.0,8.0,7.0,7.0,6.0,6.0,6.0,6.0,6.0
real,120,gulf,4,LSTM-ms,4,buffer,13,486,319,0.3558965523110011,307.0,306.0,305.0,304.0,304.0,303.0,302.0,301.0,300.0,299.0,298.0,298.0,297.0,296.0,296.0,295.0,293.0,293.0,292.0,292.0
real,120,gulf,4,LSTM-ms,4,crossing,0,13,423,0.11426472971582849,422.0,421.0,420.0,419.0,418.0,417.0,416.0,415.0,414.0,413.0,413.0,412.0,411.0,411.0,409.0,409.0,408.0,407.0,406.0,406.0
real,120,gulf,4,LSTM-ms,4,crossing,1,20,55,0.2348722137633999,54.0,53.0,52.0,51.0,50.0,50.0,48.0,48.0,47.0,46.0,45.0,44.0,43.0,42.0,42.0,41.0,40.0,39.0,38.0,38.0
real,120,gulf,4,LSTM-ms,4,crossing,2,130,476,0.20450084727072745,475.0,474.0,473.0,472.0,471.0,470.0,470.0,469.0,468.0,468.0,467.0,466.0,466.0,465.0,465.0,464.0,463.0,463.0,462.0,461.0
real,120,gulf,4,LSTM-ms,4,crossing,3,137,91,0.19419904224971726,90.0,89.0,88.0,87.0,87.0,86.0,85.0,84.0,84.0,83.0,83.0,82.0,82.0,79.0,78.0,77.0,76.0,75.0,75.0,74.0
real,120,gulf,4,LSTM-ms,4,crossing,4,153,65,0.2963364076900565,64.0,63.0,62.0,61.0,60.0,60.0,59.0,58.0,57.0,57.0,56.0,55.0,54.0,53.0,53.0,52.0,51.0,51.0,50.0,49.0
real,120,gulf,4,LSTM-ms,4,crossing,5,163,122,0.19879225602974768,121.0,120.0,119.0,118.0,58.0,57.0,56.0,55.0,54.0,54.0,53.0,52.0,51.0,51.0,50.0,49.0,48.0,48.0,47.0,46.0
real,120,gulf,4,LSTM-ms,4,crossing,6,165,13,0.3190166233021603,12.0,11.0,10.0,9.0,9.0,7.0,6.0,6.0,6.0,6.0,6.0,6.0,6.0,6.0,6.0,6.0,6.0,6.0,6.0,6.0
real,120,gulf,4,LSTM-ms,4,crossing,7,171,93,0.03082862361139433,92.0,91.0,90.0,89.0,88.0,87.0,86.0,85.0,85.0,84.0,83.0,82.0,81.0,80.0,80.0,79.0,78.0,77.0,76.0,75.0
real,120,gulf,4,LSTM-ms,4,crossing,8,255,349,0.28781293969676514,348.0,347.0,346.0,345.0,344.0,344.0,343.0,343.0,342.0,342.0,342.0,340.0,339.0,339.0,337.0,336.0,336.0,335.0,335.0,335.0
real,120,gulf,4,LSTM-ms,4,crossing,9,269,322,0.21900977637985358,321.0,319.0,318.0,318.0,316.0,316.0,314.0,314.0,313.0,312.0,311.0,13.0,12.0,11.0,10.0,9.0,8.0,8.0,7.0,6.0
real,120,gulf,4,LSTM-ms,4,crossing,10,333,217,0.4109898021440506,216.0,215.0,214.0,213.0,212.0,211.0,211.0,210.0,209.0,208.0,207.0,206.0,206.0,205.0,204.0,204.0,203.0,202.0,201.0,201.0
real,120,gulf,4,LSTM-ms,4,crossing,11,406,435,0.11399033599624009,434.0,433.0,432.0,431.0,430.0,429.0,428.0,427.0,427.0,426.0,425.0,425.0,424.0,423.0,423.0,422.0,421.0,420.0,420.0,419.0
real,120,gulf,4,LSTM-ms,4,crossing,12,470,29,0.1970390982857905,28.0,27.0,26.0,25.0,24.0,23.0,22.0,21.0,21.0,20.0,19.0,18.0,18.0,17.0,16.0,15.0,15.0,14.0,13.0,12.0
real,120,gulf,4,LSTM-ms,4,crossing,13,486,319,0.3558965523110011,317.0,317.0,316.0,314.0,314.0,313.0,312.0,311.0,311.0,309.0,309.0,308.0,308.0,306.0,305.0,305.0,304.0,304.0,303.0,302.0
real,120,gulf,5,Reactive,0,zone,0,15,13,0.19504030699506664,2.0,2.0,2.0,2.0,2.0,2.0,2.0,2.0,2.0,2.0,2.0,2.0,2.0,2.0,2.0,2.0,2.0,2.0,2.0,2.0
real,120,gulf,5,Reactive,0,zone,1,22,275,0.1919906698750655,265.0,265.0,265.0,265.0,265.0,265.0,265.0,265.0,265.0,265.0,265.0,265.0,265.0,265.0,265.0,265.0,265.0,265.0,265.0,265.0
real,120,gulf,5,Reactive,0,zone,2,108,692,0.17375165477961377,686.0,686.0,686.0,686.0,686.0,686.0,686.0,686.0,686.0,686.0,686.0,686.0,686.0,686.0,686.0,686.0,686.0,686.0,686.0,686.0
real,120,gulf,5,Reactive,0,zone,3,115,42,0.1760061096315062,32.0,32.0,32.0,32.0,32.0,32.0,32.0,32.0,32.0,32.0,32.0,32.0,32.0,32.0,32.0,32.0,32.0,32.0,32.0,32.0
real,120,gulf,5,Reactive,0,zone,4,123,221,0.15117737130272588,0.0,0.0,0.0,0.0,0.0,0.0,0.0,0.0,0.0,0.0,0.0,0.0,0.0,0.0,0.0,0.0,0.0,0.0,0.0,0.0
real,120,gulf,5,Reactive,0,zone,5,131,115,0.19472953205934443,103.0,103.0,103.0,103.0,103.0,103.0,103.0,103.0,103.0,103.0,103.0,103.0,103.0,103.0,103.0,103.0,103.0,103.0,103.0,103.0
real,120,gulf,5,Reactive,0,zone,6,191,340,0.13892634787723687,329.0,329.0,329.0,329.0,329.0,329.0,329.0,329.0,329.0,329.0,329.0,329.0,329.0,329.0,329.0,329.0,329.0,329.0,329.0,329.0
real,120,gulf,5,Reactive,0,zone,7,210,328,0.19119053776251718,317.0,317.0,317.0,317.0,317.0,317.0,317.0,317.0,317.0,317.0,317.0,317.0,317.0,317.0,317.0,317.0,317.0,317.0,317.0,317.0
real,120,gulf,5,Reactive,0,zone,8,223,293,0.1316024658732684,0.0,0.0,0.0,0.0,0.0,0.0,0.0,0.0,0.0,0.0,0.0,0.0,0.0,0.0,0.0,0.0,0.0,0.0,0.0,0.0
real,120,gulf,5,Reactive,0,zone,9,284,54,0.1947891480605701,0.0,0.0,0.0,0.0,0.0,0.0,0.0,0.0,0.0,0.0,0.0,0.0,0.0,0.0,0.0,0.0,0.0,0.0,0.0,0.0
real,120,gulf,5,Reactive,0,zone,10,300,208,0.15371296770332293,188.0,188.0,188.0,188.0,188.0,188.0,188.0,188.0,188.0,188.0,188.0,188.0,188.0,188.0,188.0,188.0,188.0,188.0,188.0,188.0
real,120,gulf,5,Reactive,0,zone,11,364,33,0.5263766885823216,27.0,27.0,27.0,27.0,27.0,27.0,27.0,27.0,27.0,27.0,27.0,27.0,27.0,27.0,27.0,27.0,27.0,27.0,27.0,27.0
real,120,gulf,5,Reactive,0,zone,12,429,269,0.12690255945741077,188.0,188.0,188.0,188.0,188.0,188.0,188.0,188.0,188.0,188.0,188.0,188.0,188.0,188.0,188.0,188.0,188.0,188.0,188.0,188.0
real,120,gulf,5,Analytic,0,buffer,0,15,13,0.19504030699506664,6.0,6.0,6.0,6.0,6.0,6.0,6.0,6.0,6.0,6.0,6.0,6.0,6.0,6.0,6.0,6.0,6.0,6.0,6.0,6.0
real,120,gulf,5,Analytic,0,buffer,1,22,275,0.1919906698750655,264.0,264.0,264.0,264.0,252.0,249.0,248.0,247.0,247.0,246.0,245.0,244.0,243.0,242.0,241.0,240.0,239.0,237.0,236.0,235.0
real,120,gulf,5,Analytic,0,buffer,2,108,692,0.17375165477961377,685.0,684.0,683.0,682.0,680.0,679.0,678.0,677.0,676.0,675.0,674.0,673.0,672.0,671.0,670.0,670.0,669.0,668.0,667.0,666.0
real,120,gulf,5,Analytic,0,buffer,3,115,42,0.1760061096315062,31.0,30.0,30.0,30.0,29.0,29.0,20.0,19.0,19.0,18.0,17.0,16.0,15.0,14.0,13.0,12.0,11.0,10.0,9.0,8.0
real,120,gulf,5,Analytic,0,buffer,4,123,221,0.15117737130272588,6.0,6.0,6.0,6.0,6.0,6.0,6.0,6.0,6.0,6.0,6.0,6.0,6.0,6.0,6.0,6.0,6.0,6.0,6.0,6.0
real,120,gulf,5,Analytic,0,buffer,5,131,115,0.19472953205934443,102.0,101.0,100.0,99.0,98.0,97.0,97.0,96.0,95.0,94.0,94.0,93.0,92.0,92.0,91.0,90.0,89.0,88.0,87.0,86.0
real,120,gulf,5,Analytic,0,buffer,6,191,340,0.13892634787723687,328.0,327.0,326.0,325.0,324.0,323.0,322.0,321.0,320.0,319.0,318.0,317.0,317.0,297.0,296.0,295.0,294.0,293.0,292.0,291.0
real,120,gulf,5,Analytic,0,buffer,7,210,328,0.19119053776251718,316.0,315.0,314.0,313.0,312.0,311.0,310.0,309.0,308.0,307.0,305.0,304.0,303.0,302.0,301.0,300.0,299.0,298.0,297.0,296.0
real,120,gulf,5,Analytic,0,buffer,8,223,293,0.1316024658732684,6.0,6.0,6.0,6.0,6.0,6.0,6.0,6.0,6.0,6.0,6.0,6.0,6.0,6.0,6.0,6.0,6.0,6.0,6.0,6.0
real,120,gulf,5,Analytic,0,buffer,9,284,54,0.1947891480605701,6.0,6.0,6.0,6.0,6.0,6.0,6.0,6.0,6.0,6.0,6.0,6.0,6.0,6.0,6.0,6.0,6.0,6.0,6.0,6.0
real,120,gulf,5,Analytic,0,buffer,10,300,208,0.15371296770332293,187.0,186.0,185.0,184.0,183.0,182.0,181.0,180.0,179.0,178.0,177.0,176.0,175.0,174.0,173.0,172.0,171.0,170.0,169.0,169.0
real,120,gulf,5,Analytic,0,buffer,11,364,33,0.5263766885823216,26.0,25.0,24.0,23.0,22.0,21.0,20.0,19.0,18.0,17.0,16.0,16.0,15.0,14.0,13.0,13.0,12.0,11.0,10.0,9.0
real,120,gulf,5,Analytic,0,buffer,12,429,269,0.12690255945741077,187.0,186.0,185.0,184.0,183.0,182.0,180.0,180.0,179.0,179.0,178.0,178.0,178.0,178.0,177.0,177.0,177.0,177.0,177.0,177.0
real,120,gulf,5,Analytic,0,crossing,0,15,13,0.19504030699506664,12.0,11.0,10.0,9.0,8.0,7.0,6.0,6.0,6.0,6.0,6.0,6.0,6.0,6.0,6.0,6.0,6.0,6.0,6.0,6.0
real,120,gulf,5,Analytic,0,crossing,1,22,275,0.1919906698750655,274.0,273.0,272.0,271.0,270.0,269.0,268.0,267.0,266.0,266.0,266.0,266.0,266.0,265.0,265.0,249.0,249.0,248.0,247.0,246.0
real,120,gulf,5,Analytic,0,crossing,2,108,692,0.17375165477961377,691.0,690.0,689.0,688.0,687.0,686.0,685.0,684.0,683.0,682.0,681.0,680.0,679.0,678.0,677.0,675.0,674.0,673.0,673.0,672.0
real,120,gulf,5,Analytic,0,crossing,3,115,42,0.1760061096315062,41.0,40.0,39.0,38.0,37.0,36.0,34.0,33.0,32.0,32.0,32.0,31.0,31.0,31.0,31.0,30.0,21.0,20.0,19.0,18.0
real,120,gulf,5,Analytic,0,crossing,4,123,221,0.15117737130272588,220.0,219.0,218.0,217.0,216.0,130.0,128.0,127.0,126.0,125.0,123.0,121.0,120.0,119.0,118.0,117.0,116.0,115.0,115.0,114.0
real,120,gulf,5,Analytic,0,crossing,5,131,115,0.19472953205934443,114.0,113.0,112.0,111.0,110.0,109.0,108.0,107.0,106.0,105.0,104.0,103.0,102.0,101.0,100.0,99.0,98.0,97.0,96.0,96.0
real,120,gulf,5,Analytic,0,crossing,6,191,340,0.13892634787723687,339.0,338.0,337.0,336.0,335.0,334.0,333.0,332.0,331.0,330.0,329.0,328.0,327.0,326.0,326.0,325.0,324.0,323.0,322.0,297.0
real,120,gulf,5,Analytic,0,crossing,7,210,328,0.19119053776251718,327.0,326.0,325.0,324.0,323.0,322.0,321.0,320.0,319.0,318.0,317.0,316.0,315.0,314.0,313.0,312.0,311.0,310.0,309.0,308.0
real,120,gulf,5,Analytic,0,crossing,8,223,293,0.1316024658732684,292.0,291.0,290.0,108.0,107.0,107.0,106.0,106.0,106.0,105.0,105.0,105.0,105.0,105.0,105.0,104.0,104.0,104.0,104.0,104.0
real,120,gulf,5,Analytic,0,crossing,9,284,54,0.1947891480605701,53.0,52.0,51.0,51.0,49.0,48.0,47.0,47.0,46.0,45.0,45.0,44.0,43.0,42.0,41.0,40.0,39.0,38.0,38.0,37.0
real,120,gulf,5,Analytic,0,crossing,10,300,208,0.15371296770332293,201.0,199.0,198.0,197.0,195.0,194.0,193.0,192.0,191.0,190.0,189.0,188.0,187.0,186.0,185.0,184.0,183.0,182.0,181.0,180.0
real,120,gulf,5,Analytic,0,crossing,11,364,33,0.5263766885823216,32.0,31.0,30.0,29.0,28.0,26.0,25.0,24.0,24.0,23.0,21.0,21.0,20.0,19.0,18.0,17.0,16.0,16.0,15.0,14.0
real,120,gulf,5,Analytic,0,crossing,12,429,269,0.12690255945741077,268.0,267.0,266.0,197.0,196.0,195.0,194.0,193.0,192.0,191.0,190.0,189.0,188.0,187.0,186.0,185.0,184.0,183.0,180.0,180.0
real,120,gulf,5,ConstVel,0,buffer,0,15,13,0.19504030699506664,6.0,6.0,6.0,6.0,6.0,6.0,6.0,6.0,6.0,6.0,6.0,6.0,6.0,6.0,6.0,6.0,6.0,6.0,6.0,6.0
real,120,gulf,5,ConstVel,0,buffer,1,22,275,0.1919906698750655,264.0,263.0,263.0,262.0,253.0,249.0,248.0,247.0,246.0,246.0,245.0,244.0,243.0,242.0,241.0,240.0,238.0,238.0,237.0,236.0
real,120,gulf,5,ConstVel,0,buffer,2,108,692,0.17375165477961377,685.0,684.0,683.0,682.0,681.0,680.0,678.0,677.0,676.0,675.0,674.0,673.0,672.0,671.0,670.0,669.0,668.0,667.0,667.0,666.0
real,120,gulf,5,ConstVel,0,buffer,3,115,42,0.1760061096315062,30.0,29.0,29.0,29.0,29.0,28.0,20.0,19.0,18.0,17.0,17.0,16.0,15.0,14.0,13.0,12.0,11.0,10.0,9.0,8.0
real,120,gulf,5,ConstVel,0,buffer,4,123,221,0.15117737130272588,6.0,6.0,6.0,6.0,6.0,6.0,6.0,6.0,6.0,6.0,6.0,6.0,6.0,6.0,6.0,6.0,6.0,6.0,6.0,6.0
real,120,gulf,5,ConstVel,0,buffer,5,131,115,0.19472953205934443,102.0,101.0,100.0,99.0,98.0,97.0,96.0,96.0,95.0,94.0,93.0,93.0,92.0,92.0,91.0,90.0,89.0,88.0,87.0,86.0
real,120,gulf,5,ConstVel,0,buffer,6,191,340,0.13892634787723687,328.0,327.0,326.0,325.0,324.0,323.0,322.0,321.0,320.0,319.0,318.0,317.0,316.0,297.0,296.0,295.0,294.0,293.0,292.0,291.0
real,120,gulf,5,ConstVel,0,buffer,7,210,328,0.19119053776251718,316.0,315.0,314.0,312.0,312.0,311.0,310.0,309.0,308.0,307.0,306.0,305.0,303.0,302.0,301.0,300.0,300.0,298.0,297.0,297.0
real,120,gulf,5,ConstVel,0,buffer,8,223,293,0.1316024658732684,6.0,6.0,6.0,6.0,6.0,6.0,6.0,6.0,6.0,6.0,6.0,6.0,6.0,6.0,6.0,6.0,6.0,6.0,6.0,6.0
real,120,gulf,5,ConstVel,0,buffer,9,284,54,0.1947891480605701,42.0,41.0,40.0,38.0,38.0,37.0,36.0,35.0,34.0,33.0,32.0,27.0,27.0,27.0,26.0,26.0,26.0,26.0,26.0,26.0
real,120,gulf,5,ConstVel,0,buffer,10,300,208,0.15371296770332293,187.0,186.0,185.0,184.0,183.0,182.0,181.0,180.0,179.0,178.0,177.0,176.0,175.0,174.0,174.0,173.0,171.0,170.0,169.0,168.0
real,120,gulf,5,ConstVel,0,buffer,11,364,33,0.5263766885823216,26.0,25.0,24.0,23.0,22.0,21.0,20.0,19.0,18.0,17.0,16.0,15.0,14.0,14.0,13.0,12.0,12.0,11.0,10.0,8.0
real,120,gulf,5,ConstVel,0,buffer,12,429,269,0.12690255945741077,187.0,186.0,185.0,184.0,183.0,182.0,181.0,180.0,176.0,176.0,176.0,176.0,176.0,176.0,176.0,176.0,176.0,176.0,176.0,175.0
real,120,gulf,5,ConstVel,0,crossing,0,15,13,0.19504030699506664,12.0,11.0,10.0,9.0,8.0,7.0,6.0,6.0,6.0,6.0,6.0,6.0,6.0,6.0,6.0,6.0,6.0,6.0,6.0,6.0
real,120,gulf,5,ConstVel,0,crossing,1,22,275,0.1919906698750655,274.0,273.0,272.0,271.0,270.0,269.0,268.0,267.0,266.0,264.0,264.0,264.0,263.0,263.0,263.0,249.0,248.0,247.0,246.0,246.0
real,120,gulf,5,ConstVel,0,crossing,2,108,692,0.17375165477961377,691.0,690.0,689.0,688.0,687.0,686.0,685.0,684.0,683.0,682.0,681.0,680.0,679.0,678.0,677.0,676.0,674.0,673.0,672.0,671.0
real,120,gulf,5,ConstVel,0,crossing,3,115,42,0.1760061096315062,41.0,40.0,39.0,38.0,37.0,36.0,35.0,34.0,33.0,29.0,29.0,29.0,29.0,29.0,29.0,29.0,29.0,20.0,19.0,18.0
real,120,gulf,5,ConstVel,0,crossing,4,123,221,0.15117737130272588,220.0,219.0,218.0,217.0,216.0,215.0,130.0,127.0,126.0,125.0,124.0,123.0,121.0,119.0,118.0,117.0,116.0,115.0,114.0,113.0
real,120,gulf,5,ConstVel,0,crossing,5,131,115,0.19472953205934443,114.0,113.0,112.0,111.0,110.0,109.0,108.0,107.0,106.0,105.0,104.0,103.0,102.0,101.0,100.0,99.0,98.0,97.0,96.0,95.0
real,120,gulf,5,ConstVel,0,crossing,6,191,340,0.13892634787723687,339.0,338.0,337.0,336.0,335.0,334.0,333.0,332.0,331.0,330.0,329.0,328.0,327.0,326.0,326.0,324.0,324.0,323.0,322.0,297.0
real,120,gulf,5,ConstVel,0,crossing,7,210,328,0.19119053776251718,327.0,326.0,325.0,324.0,323.0,322.0,321.0,320.0,319.0,318.0,317.0,316.0,315.0,314.0,313.0,312.0,311.0,310.0,309.0,308.0
real,120,gulf,5,ConstVel,0,crossing,8,223,293,0.1316024658732684,292.0,291.0,290.0,289.0,107.0,106.0,103.0,103.0,103.0,103.0,103.0,103.0,103.0,103.0,103.0,103.0,103.0,103.0,103.0,103.0
real,120,gulf,5,ConstVel,0,crossing,9,284,54,0.1947891480605701,53.0,52.0,51.0,50.0,50.0,49.0,48.0,46.0,45.0,44.0,44.0,44.0,43.0,42.0,41.0,38.0,38.0,38.0,37.0,37.0
real,120,gulf,5,ConstVel,0,crossing,10,300,208,0.15371296770332293,207.0,199.0,198.0,197.0,195.0,194.0,193.0,192.0,191.0,190.0,189.0,188.0,187.0,186.0,185.0,184.0,183.0,182.0,181.0,180.0
real,120,gulf,5,ConstVel,0,crossing,11,364,33,0.5263766885823216,32.0,31.0,30.0,29.0,28.0,27.0,25.0,24.0,23.0,23.0,22.0,20.0,19.0,18.0,18.0,17.0,16.0,15.0,14.0,14.0
real,120,gulf,5,ConstVel,0,crossing,12,429,269,0.12690255945741077,268.0,267.0,266.0,265.0,196.0,195.0,194.0,193.0,192.0,191.0,190.0,189.0,188.0,187.0,186.0,185.0,184.0,176.0,176.0,176.0
real,120,gulf,5,Kalman,0,buffer,0,15,13,0.19504030699506664,6.0,6.0,6.0,6.0,6.0,6.0,6.0,6.0,6.0,6.0,6.0,6.0,6.0,6.0,6.0,6.0,6.0,6.0,6.0,6.0
real,120,gulf,5,Kalman,0,buffer,1,22,275,0.1919906698750655,264.0,263.0,263.0,263.0,253.0,249.0,248.0,247.0,246.0,246.0,245.0,244.0,243.0,242.0,241.0,240.0,239.0,238.0,237.0,236.0
real,120,gulf,5,Kalman,0,buffer,2,108,692,0.17375165477961377,685.0,684.0,683.0,682.0,681.0,680.0,678.0,677.0,676.0,675.0,674.0,673.0,672.0,671.0,670.0,669.0,668.0,668.0,667.0,666.0
real,120,gulf,5,Kalman,0,buffer,3,115,42,0.1760061096315062,30.0,30.0,29.0,29.0,29.0,29.0,20.0,19.0,18.0,17.0,17.0,16.0,15.0,14.0,13.0,12.0,11.0,10.0,9.0,8.0
real,120,gulf,5,Kalman,0,buffer,4,123,221,0.15117737130272588,6.0,6.0,6.0,6.0,6.0,6.0,6.0,6.0,6.0,6.0,6.0,6.0,6.0,6.0,6.0,6.0,6.0,6.0,6.0,6.0
real,120,gulf,5,Kalman,0,buffer,5,131,115,0.19472953205934443,102.0,101.0,100.0,99.0,98.0,97.0,96.0,96.0,95.0,94.0,93.0,93.0,92.0,92.0,91.0,90.0,89.0,88.0,87.0,86.0
real,120,gulf,5,Kalman,0,buffer,6,191,340,0.13892634787723687,328.0,327.0,326.0,325.0,324.0,323.0,322.0,321.0,320.0,319.0,318.0,317.0,316.0,297.0,296.0,295.0,294.0,293.0,292.0,291.0
real,120,gulf,5,Kalman,0,buffer,7,210,328,0.19119053776251718,316.0,315.0,314.0,312.0,312.0,311.0,310.0,309.0,308.0,307.0,306.0,304.0,303.0,302.0,301.0,300.0,300.0,298.0,297.0,296.0
real,120,gulf,5,Kalman,0,buffer,8,223,293,0.1316024658732684,6.0,6.0,6.0,6.0,6.0,6.0,6.0,6.0,6.0,6.0,6.0,6.0,6.0,6.0,6.0,6.0,6.0,6.0,6.0,6.0
real,120,gulf,5,Kalman,0,buffer,9,284,54,0.1947891480605701,42.0,41.0,40.0,38.0,38.0,37.0,36.0,35.0,34.0,33.0,32.0,28.0,27.0,27.0,27.0,27.0,27.0,27.0,26.0,26.0
real,120,gulf,5,Kalman,0,buffer,10,300,208,0.15371296770332293,187.0,186.0,185.0,184.0,183.0,182.0,181.0,180.0,179.0,178.0,177.0,176.0,175.0,174.0,174.0,172.0,171.0,170.0,169.0,168.0
real,120,gulf,5,Kalman,0,buffer,11,364,33,0.5263766885823216,26.0,25.0,24.0,23.0,22.0,21.0,20.0,19.0,18.0,17.0,16.0,15.0,15.0,14.0,13.0,12.0,12.0,11.0,10.0,8.0
real,120,gulf,5,Kalman,0,buffer,12,429,269,0.12690255945741077,187.0,186.0,185.0,184.0,183.0,182.0,181.0,180.0,179.0,178.0,176.0,176.0,176.0,176.0,176.0,176.0,176.0,176.0,176.0,176.0
real,120,gulf,5,Kalman,0,crossing,0,15,13,0.19504030699506664,12.0,11.0,10.0,9.0,8.0,7.0,6.0,6.0,6.0,6.0,6.0,6.0,6.0,6.0,6.0,6.0,6.0,6.0,6.0,6.0
real,120,gulf,5,Kalman,0,crossing,1,22,275,0.1919906698750655,274.0,273.0,272.0,271.0,270.0,269.0,268.0,267.0,266.0,265.0,264.0,264.0,264.0,264.0,264.0,249.0,248.0,247.0,246.0,246.0
real,120,gulf,5,Kalman,0,crossing,2,108,692,0.17375165477961377,691.0,690.0,689.0,688.0,687.0,686.0,685.0,684.0,683.0,682.0,681.0,680.0,679.0,678.0,677.0,676.0,674.0,673.0,672.0,671.0
real,120,gulf,5,Kalman,0,crossing,3,115,42,0.1760061096315062,41.0,40.0,39.0,38.0,37.0,36.0,35.0,34.0,33.0,30.0,30.0,30.0,29.0,29.0,29.0,29.0,29.0,20.0,19.0,18.0
real,120,gulf,5,Kalman,0,crossing,4,123,221,0.15117737130272588,220.0,219.0,218.0,217.0,216.0,131.0,128.0,127.0,126.0,125.0,124.0,123.0,120.0,119.0,118.0,117.0,116.0,115.0,114.0,113.0
real,120,gulf,5,Kalman,0,crossing,5,131,115,0.19472953205934443,114.0,113.0,112.0,111.0,110.0,109.0,108.0,107.0,106.0,105.0,104.0,103.0,102.0,101.0,100.0,99.0,98.0,97.0,96.0,95.0
real,120,gulf,5,Kalman,0,crossing,6,191,340,0.13892634787723687,339.0,338.0,337.0,336.0,335.0,334.0,333.0,332.0,331.0,330.0,329.0,328.0,327.0,326.0,326.0,324.0,324.0,323.0,322.0,297.0
real,120,gulf,5,Kalman,0,crossing,7,210,328,0.19119053776251718,327.0,326.0,325.0,324.0,323.0,322.0,321.0,320.0,319.0,318.0,317.0,316.0,315.0,314.0,313.0,312.0,311.0,310.0,309.0,308.0
real,120,gulf,5,Kalman,0,crossing,8,223,293,0.1316024658732684,292.0,291.0,290.0,108.0,107.0,106.0,105.0,105.0,104.0,104.0,103.0,103.0,103.0,103.0,103.0,103.0,103.0,103.0,103.0,103.0
real,120,gulf,5,Kalman,0,crossing,9,284,54,0.1947891480605701,53.0,52.0,51.0,50.0,50.0,49.0,47.0,46.0,45.0,45.0,44.0,44.0,43.0,42.0,41.0,40.0,38.0,38.0,38.0,37.0
real,120,gulf,5,Kalman,0,crossing,10,300,208,0.15371296770332293,201.0,199.0,198.0,198.0,195.0,194.0,193.0,192.0,191.0,190.0,189.0,188.0,187.0,186.0,185.0,184.0,183.0,182.0,181.0,180.0
real,120,gulf,5,Kalman,0,crossing,11,364,33,0.5263766885823216,32.0,31.0,30.0,29.0,28.0,27.0,25.0,24.0,23.0,23.0,22.0,20.0,19.0,18.0,18.0,17.0,16.0,15.0,14.0,14.0
real,120,gulf,5,Kalman,0,crossing,12,429,269,0.12690255945741077,268.0,267.0,266.0,198.0,196.0,195.0,194.0,193.0,192.0,191.0,190.0,189.0,188.0,187.0,186.0,185.0,184.0,183.0,182.0,181.0
real,120,gulf,5,LSTM-rec,0,buffer,0,15,13,0.19504030699506664,6.0,6.0,6.0,6.0,6.0,6.0,6.0,6.0,6.0,6.0,6.0,6.0,6.0,6.0,6.0,6.0,6.0,6.0,6.0,6.0
real,120,gulf,5,LSTM-rec,0,buffer,1,22,275,0.1919906698750655,264.0,263.0,263.0,262.0,252.0,249.0,248.0,246.0,245.0,244.0,243.0,242.0,240.0,239.0,237.0,236.0,234.0,232.0,231.0,230.0
real,120,gulf,5,LSTM-rec,0,buffer,2,108,692,0.17375165477961377,685.0,684.0,683.0,681.0,680.0,679.0,678.0,677.0,676.0,675.0,674.0,673.0,672.0,671.0,669.0,668.0,667.0,666.0,665.0,664.0
real,120,gulf,5,LSTM-rec,0,buffer,3,115,42,0.1760061096315062,30.0,29.0,29.0,29.0,29.0,28.0,19.0,18.0,17.0,16.0,15.0,14.0,12.0,11.0,10.0,8.0,7.0,6.0,6.0,6.0
real,120,gulf,5,LSTM-rec,0,buffer,4,123,221,0.15117737130272588,6.0,6.0,6.0,6.0,6.0,6.0,6.0,6.0,6.0,6.0,6.0,6.0,6.0,6.0,6.0,6.0,6.0,6.0,6.0,6.0
real,120,gulf,5,LSTM-rec,0,buffer,5,131,115,0.19472953205934443,102.0,101.0,100.0,99.0,98.0,97.0,96.0,94.0,93.0,93.0,92.0,90.0,89.0,88.0,86.0,84.0,83.0,80.0,79.0,77.0
real,120,gulf,5,LSTM-rec,0,buffer,6,191,340,0.13892634787723687,328.0,326.0,325.0,324.0,323.0,322.0,321.0,319.0,318.0,317.0,316.0,315.0,313.0,297.0,296.0,295.0,294.0,293.0,291.0,291.0
real,120,gulf,5,LSTM-rec,0,buffer,7,210,328,0.19119053776251718,315.0,314.0,313.0,312.0,311.0,310.0,309.0,307.0,306.0,305.0,303.0,302.0,301.0,299.0,298.0,296.0,294.0,293.0,291.0,290.0
real,120,gulf,5,LSTM-rec,0,buffer,8,223,293,0.1316024658732684,6.0,6.0,6.0,6.0,6.0,6.0,6.0,6.0,6.0,6.0,6.0,6.0,6.0,6.0,6.0,6.0,6.0,6.0,6.0,6.0
real,120,gulf,5,LSTM-rec,0,buffer,9,284,54,0.1947891480605701,42.0,41.0,39.0,38.0,37.0,36.0,35.0,33.0,32.0,27.0,27.0,26.0,26.0,26.0,26.0,25.0,25.0,25.0,25.0,25.0
real,120,gulf,5,LSTM-rec,0,buffer,10,300,208,0.15371296770332293,187.0,186.0,185.0,184.0,183.0,182.0,180.0,179.0,178.0,177.0,175.0,174.0,173.0,171.0,170.0,168.0,167.0,166.0,165.0,164.0
real,120,gulf,5,LSTM-rec,0,buffer,11,364,33,0.5263766885823216,26.0,25.0,24.0,23.0,22.0,21.0,20.0,19.0,18.0,17.0,16.0,15.0,14.0,13.0,12.0,11.0,11.0,9.0,8.0,7.0
real,120,gulf,5,LSTM-rec,0,buffer,12,429,269,0.12690255945741077,187.0,186.0,185.0,184.0,183.0,181.0,180.0,176.0,176.0,176.0,176.0,176.0,176.0,175.0,175.0,175.0,175.0,173.0,173.0,173.0
real,120,gulf,5,LSTM-rec,0,crossing,0,15,13,0.19504030699506664,12.0,10.0,9.0,8.0,7.0,6.0,6.0,6.0,6.0,6.0,6.0,6.0,6.0,6.0,6.0,6.0,6.0,6.0,6.0,6.0
real,120,gulf,5,LSTM-rec,0,crossing,1,22,275,0.1919906698750655,274.0,273.0,272.0,271.0,269.0,268.0,267.0,266.0,264.0,264.0,263.0,263.0,263.0,249.0,247.0,246.0,245.0,244.0,242.0,241.0
real,120,gulf,5,LSTM-rec,0,crossing,2,108,692,0.17375165477961377,691.0,690.0,689.0,688.0,687.0,686.0,685.0,684.0,683.0,682.0,680.0,679.0,678.0,677.0,676.0,674.0,673.0,672.0,671.0,670.0
real,120,gulf,5,LSTM-rec,0,crossing,3,115,42,0.1760061096315062,41.0,40.0,39.0,37.0,36.0,35.0,34.0,33.0,30.0,29.0,29.0,29.0,29.0,29.0,20.0,18.0,17.0,16.0,15.0,13.0
real,120,gulf,5,LSTM-rec,0,crossing,4,123,221,0.15117737130272588,220.0,219.0,217.0,216.0,131.0,128.0,126.0,125.0,26.0,25.0,6.0,6.0,6.0,6.0,6.0,6.0,6.0,6.0,6.0,6.0
real,120,gulf,5,LSTM-rec,0,crossing,5,131,115,0.19472953205934443,114.0,113.0,112.0,110.0,109.0,108.0,107.0,105.0,104.0,103.0,102.0,100.0,99.0,97.0,96.0,95.0,94.0,93.0,92.0,91.0
real,120,gulf,5,LSTM-rec,0,crossing,6,191,340,0.13892634787723687,339.0,338.0,337.0,336.0,335.0,334.0,332.0,331.0,330.0,328.0,327.0,326.0,324.0,323.0,322.0,321.0,319.0,318.0,297.0,296.0
real,120,gulf,5,LSTM-rec,0,crossing,7,210,328,0.19119053776251718,327.0,326.0,325.0,324.0,323.0,321.0,320.0,319.0,318.0,316.0,315.0,314.0,312.0,311.0,309.0,308.0,306.0,305.0,303.0,302.0
real,120,gulf,5,LSTM-rec,0,crossing,8,223,293,0.1316024658732684,292.0,291.0,290.0,108.0,107.0,106.0,103.0,103.0,103.0,103.0,103.0,103.0,103.0,103.0,103.0,103.0,103.0,101.0,26.0,6.0
real,120,gulf,5,LSTM-rec,0,crossing,9,284,54,0.1947891480605701,53.0,52.0,51.0,50.0,49.0,48.0,46.0,45.0,44.0,44.0,42.0,41.0,38.0,38.0,37.0,36.0,34.0,27.0,27.0,26.0
real,120,gulf,5,LSTM-rec,0,crossing,10,300,208,0.15371296770332293,201.0,199.0,198.0,195.0,194.0,193.0,192.0,190.0,189.0,188.0,187.0,185.0,184.0,182.0,181.0,180.0,178.0,177.0,175.0,174.0
real,120,gulf,5,LSTM-rec,0,crossing,11,364,33,0.5263766885823216,32.0,31.0,30.0,29.0,28.0,27.0,25.0,24.0,23.0,23.0,21.0,20.0,19.0,18.0,17.0,16.0,15.0,14.0,14.0,13.0
real,120,gulf,5,LSTM-rec,0,crossing,12,429,269,0.12690255945741077,268.0,267.0,266.0,197.0,196.0,195.0,193.0,192.0,191.0,189.0,188.0,186.0,185.0,183.0,182.0,176.0,176.0,176.0,176.0,176.0
real,120,gulf,5,LSTM-ms,0,buffer,0,15,13,0.19504030699506664,6.0,6.0,6.0,6.0,6.0,6.0,6.0,6.0,6.0,6.0,6.0,6.0,6.0,6.0,6.0,6.0,6.0,6.0,6.0,6.0
real,120,gulf,5,LSTM-ms,0,buffer,1,22,275,0.1919906698750655,264.0,263.0,263.0,262.0,262.0,253.0,249.0,248.0,247.0,246.0,246.0,245.0,244.0,243.0,242.0,242.0,241.0,240.0,239.0,238.0
real,120,gulf,5,LSTM-ms,0,buffer,2,108,692,0.17375165477961377,685.0,684.0,683.0,682.0,681.0,680.0,679.0,678.0,677.0,676.0,675.0,674.0,674.0,673.0,672.0,671.0,671.0,670.0,669.0,669.0
real,120,gulf,5,LSTM-ms,0,buffer,3,115,42,0.1760061096315062,30.0,29.0,29.0,29.0,29.0,28.0,28.0,20.0,19.0,18.0,17.0,17.0,16.0,15.0,15.0,14.0,13.0,12.0,12.0,11.0
real,120,gulf,5,LSTM-ms,0,buffer,4,123,221,0.15117737130272588,6.0,6.0,6.0,6.0,6.0,6.0,6.0,6.0,6.0,6.0,6.0,6.0,6.0,6.0,6.0,6.0,6.0,6.0,6.0,6.0
real,120,gulf,5,LSTM-ms,0,buffer,5,131,115,0.19472953205934443,102.0,102.0,101.0,100.0,99.0,98.0,97.0,96.0,95.0,94.0,94.0,93.0,93.0,92.0,92.0,91.0,90.0,89.0,89.0,88.0
real,120,gulf,5,LSTM-ms,0,buffer,6,191,340,0.13892634787723687,328.0,327.0,326.0,325.0,324.0,323.0,322.0,321.0,320.0,319.0,319.0,318.0,317.0,316.0,316.0,315.0,297.0,296.0,296.0,294.0
real,120,gulf,5,LSTM-ms,0,buffer,7,210,328,0.19119053776251718,316.0,315.0,314.0,313.0,312.0,311.0,310.0,309.0,308.0,307.0,307.0,306.0,305.0,304.0,303.0,302.0,301.0,301.0,300.0,299.0
real,120,gulf,5,LSTM-ms,0,buffer,8,223,293,0.1316024658732684,6.0,6.0,6.0,6.0,6.0,6.0,6.0,6.0,6.0,6.0,6.0,6.0,6.0,6.0,6.0,6.0,6.0,6.0,6.0,6.0
real,120,gulf,5,LSTM-ms,0,buffer,9,284,54,0.1947891480605701,42.0,41.0,40.0,38.0,38.0,37.0,37.0,36.0,34.0,34.0,33.0,27.0,27.0,27.0,27.0,26.0,26.0,26.0,26.0,26.0
real,120,gulf,5,LSTM-ms,0,buffer,10,300,208,0.15371296770332293,187.0,186.0,186.0,185.0,184.0,183.0,182.0,181.0,180.0,179.0,178.0,177.0,177.0,176.0,175.0,174.0,174.0,173.0,172.0,171.0
real,120,gulf,5,LSTM-ms,0,buffer,11,364,33,0.5263766885823216,26.0,25.0,24.0,23.0,22.0,21.0,20.0,19.0,19.0,18.0,17.0,16.0,16.0,15.0,14.0,14.0,13.0,13.0,12.0,12.0
real,120,gulf,5,LSTM-ms,0,buffer,12,429,269,0.12690255945741077,187.0,186.0,186.0,185.0,184.0,183.0,182.0,181.0,176.0,176.0,176.0,176.0,176.0,176.0,176.0,176.0,176.0,176.0,176.0,176.0
real,120,gulf,5,LSTM-ms,0,crossing,0,15,13,0.19504030699506664,12.0,11.0,10.0,9.0,8.0,7.0,6.0,6.0,6.0,6.0,6.0,6.0,6.0,6.0,6.0,6.0,6.0,6.0,6.0,6.0
real,120,gulf,5,LSTM-ms,0,crossing,1,22,275,0.1919906698750655,274.0,273.0,272.0,271.0,270.0,269.0,268.0,267.0,266.0,264.0,264.0,264.0,263.0,263.0,263.0,263.0,263.0,249.0,249.0,249.0
real,120,gulf,5,LSTM-ms,0,crossing,2,108,692,0.17375165477961377,691.0,690.0,689.0,688.0,687.0,686.0,685.0,685.0,684.0,683.0,682.0,681.0,680.0,679.0,679.0,678.0,677.0,676.0,676.0,675.0
real,120,gulf,5,LSTM-ms,0,crossing,3,115,42,0.1760061096315062,41.0,40.0,39.0,38.0,37.0,36.0,35.0,34.0,34.0,29.0,29.0,29.0,29.0,29.0,29.0,29.0,29.0,29.0,29.0,29.0
real,120,gulf,5,LSTM-ms,0,crossing,4,123,221,0.15117737130272588,220.0,219.0,218.0,217.0,216.0,215.0,131.0,127.0,126.0,126.0,124.0,123.0,122.0,120.0,119.0,118.0,117.0,117.0,25.0,25.0
real,120,gulf,5,LSTM-ms,0,crossing,5,131,115,0.19472953205934443,114.0,113.0,112.0,111.0,110.0,109.0,108.0,107.0,106.0,105.0,105.0,104.0,103.0,102.0,101.0,100.0,100.0,99.0,98.0,98.0
real,120,gulf,5,LSTM-ms,0,crossing,6,191,340,0.13892634787723687,339.0,339.0,338.0,337.0,336.0,335.0,334.0,333.0,332.0,331.0,330.0,329.0,328.0,327.0,327.0,326.0,325.0,325.0,324.0,323.0
real,120,gulf,5,LSTM-ms,0,crossing,7,210,328,0.19119053776251718,327.0,326.0,325.0,324.0,324.0,323.0,322.0,321.0,320.0,319.0,318.0,317.0,316.0,315.0,315.0,314.0,313.0,312.0,312.0,311.0
real,120,gulf,5,LSTM-ms,0,crossing,8,223,293,0.1316024658732684,292.0,291.0,290.0,289.0,108.0,107.0,106.0,103.0,103.0,103.0,103.0,103.0,103.0,103.0,103.0,103.0,103.0,103.0,103.0,103.0
real,120,gulf,5,LSTM-ms,0,crossing,9,284,54,0.1947891480605701,53.0,52.0,52.0,51.0,50.0,49.0,48.0,47.0,46.0,45.0,44.0,44.0,44.0,43.0,42.0,41.0,41.0,38.0,38.0,38.0
real,120,gulf,5,LSTM-ms,0,crossing,10,300,208,0.15371296770332293,208.0,200.0,198.0,198.0,195.0,194.0,193.0,192.0,191.0,190.0,190.0,189.0,188.0,187.0,186.0,186.0,185.0,184.0,183.0,182.0
real,120,gulf,5,LSTM-ms,0,crossing,11,364,33,0.5263766885823216,32.0,31.0,30.0,29.0,28.0,27.0,26.0,25.0,24.0,23.0,23.0,22.0,21.0,20.0,19.0,18.0,18.0,18.0,17.0,16.0
real,120,gulf,5,LSTM-ms,0,crossing,12,429,269,0.12690255945741077,268.0,267.0,266.0,265.0,264.0,196.0,195.0,194.0,193.0,192.0,191.0,190.0,189.0,189.0,188.0,187.0,186.0,185.0,185.0,176.0
real,120,gulf,5,LSTM-rec,1,buffer,0,15,13,0.19504030699506664,6.0,6.0,6.0,6.0,6.0,6.0,6.0,6.0,6.0,6.0,6.0,6.0,6.0,6.0,6.0,6.0,6.0,6.0,6.0,6.0
real,120,gulf,5,LSTM-rec,1,buffer,1,22,275,0.1919906698750655,264.0,263.0,263.0,262.0,253.0,249.0,249.0,248.0,247.0,246.0,245.0,245.0,244.0,243.0,242.0,241.0,240.0,240.0,239.0,238.0
real,120,gulf,5,LSTM-rec,1,buffer,2,108,692,0.17375165477961377,685.0,684.0,683.0,682.0,681.0,680.0,679.0,678.0,677.0,676.0,676.0,675.0,674.0,673.0,672.0,672.0,671.0,671.0,670.0,669.0
real,120,gulf,5,LSTM-rec,1,buffer,3,115,42,0.1760061096315062,31.0,29.0,29.0,29.0,29.0,29.0,28.0,20.0,19.0,18.0,17.0,16.0,16.0,15.0,14.0,13.0,13.0,12.0,11.0,10.0
real,120,gulf,5,LSTM-rec,1,buffer,4,123,221,0.15117737130272588,6.0,6.0,6.0,6.0,6.0,6.0,6.0,6.0,6.0,6.0,6.0,6.0,6.0,6.0,6.0,6.0,6.0,6.0,6.0,6.0
real,120,gulf,5,LSTM-rec,1,buffer,5,131,115,0.19472953205934443,102.0,101.0,100.0,99.0,99.0,98.0,97.0,96.0,95.0,94.0,94.0,93.0,93.0,92.0,92.0,91.0,90.0,89.0,88.0,88.0
real,120,gulf,5,LSTM-rec,1,buffer,6,191,340,0.13892634787723687,328.0,327.0,326.0,325.0,324.0,323.0,322.0,321.0,320.0,319.0,318.0,318.0,317.0,316.0,316.0,315.0,297.0,296.0,295.0,294.0
real,120,gulf,5,LSTM-rec,1,buffer,7,210,328,0.19119053776251718,316.0,315.0,314.0,313.0,312.0,311.0,310.0,309.0,308.0,307.0,306.0,305.0,304.0,303.0,303.0,302.0,301.0,300.0,299.0,298.0
real,120,gulf,5,LSTM-rec,1,buffer,8,223,293,0.1316024658732684,6.0,6.0,6.0,6.0,6.0,6.0,6.0,6.0,6.0,6.0,6.0,6.0,6.0,6.0,6.0,6.0,6.0,6.0,6.0,6.0
real,120,gulf,5,LSTM-rec,1,buffer,9,284,54,0.1947891480605701,42.0,41.0,40.0,38.0,38.0,37.0,37.0,36.0,34.0,34.0,33.0,32.0,27.0,27.0,27.0,27.0,26.0,26.0,26.0,26.0
real,120,gulf,5,LSTM-rec,1,buffer,10,300,208,0.15371296770332293,187.0,186.0,185.0,184.0,184.0,182.0,182.0,181.0,180.0,179.0,178.0,177.0,176.0,176.0,175.0,174.0,173.0,172.0,171.0,170.0
real,120,gulf,5,LSTM-rec,1,buffer,11,364,33,0.5263766885823216,26.0,25.0,24.0,23.0,22.0,21.0,20.0,20.0,19.0,18.0,17.0,17.0,16.0,15.0,15.0,14.0,14.0,13.0,13.0,12.0
real,120,gulf,5,LSTM-rec,1,buffer,12,429,269,0.12690255945741077,187.0,186.0,185.0,184.0,183.0,182.0,181.0,180.0,179.0,176.0,176.0,176.0,176.0,176.0,176.0,176.0,176.0,176.0,176.0,176.0
real,120,gulf,5,LSTM-rec,1,crossing,0,15,13,0.19504030699506664,12.0,11.0,10.0,9.0,8.0,7.0,6.0,6.0,6.0,6.0,6.0,6.0,6.0,6.0,6.0,6.0,6.0,6.0,6.0,6.0
real,120,gulf,5,LSTM-rec,1,crossing,1,22,275,0.1919906698750655,274.0,273.0,272.0,271.0,270.0,269.0,268.0,267.0,266.0,266.0,265.0,264.0,264.0,264.0,263.0,263.0,263.0,249.0,248.0,248.0
real,120,gulf,5,LSTM-rec,1,crossing,2,108,692,0.17375165477961377,691.0,690.0,689.0,688.0,687.0,686.0,686.0,685.0,684.0,683.0,682.0,681.0,681.0,680.0,679.0,678.0,677.0,677.0,676.0,675.0
real,120,gulf,5,LSTM-rec,1,crossing,3,115,42,0.1760061096315062,41.0,40.0,39.0,38.0,37.0,36.0,35.0,34.0,33.0,32.0,32.0,29.0,29.0,29.0,29.0,29.0,29.0,29.0,29.0,20.0
real,120,gulf,5,LSTM-rec,1,crossing,4,123,221,0.15117737130272588,220.0,219.0,218.0,217.0,216.0,131.0,130.0,127.0,126.0,126.0,124.0,123.0,122.0,120.0,119.0,118.0,117.0,25.0,25.0,25.0
real,120,gulf,5,LSTM-rec,1,crossing,5,131,115,0.19472953205934443,114.0,113.0,112.0,111.0,110.0,109.0,108.0,107.0,106.0,105.0,104.0,103.0,102.0,102.0,101.0,100.0,99.0,98.0,97.0,97.0
real,120,gulf,5,LSTM-rec,1,crossing,6,191,340,0.13892634787723687,339.0,338.0,337.0,336.0,336.0,335.0,334.0,333.0,332.0,331.0,330.0,329.0,328.0,327.0,327.0,326.0,325.0,324.0,323.0,323.0
real,120,gulf,5,LSTM-rec,1,crossing,7,210,328,0.19119053776251718,327.0,326.0,325.0,324.0,323.0,322.0,321.0,320.0,320.0,319.0,318.0,317.0,316.0,315.0,314.0,313.0,313.0,312.0,311.0,310.0
real,120,gulf,5,LSTM-rec,1,crossing,8,223,293,0.1316024658732684,292.0,291.0,290.0,289.0,107.0,106.0,105.0,105.0,103.0,103.0,103.0,103.0,103.0,103.0,103.0,103.0,103.0,103.0,103.0,103.0
real,120,gulf,5,LSTM-rec,1,crossing,9,284,54,0.1947891480605701,53.0,52.0,51.0,51.0,50.0,49.0,48.0,47.0,46.0,45.0,44.0,44.0,44.0,43.0,42.0,41.0,41.0,38.0,38.0,38.0
real,120,gulf,5,LSTM-rec,1,crossing,10,300,208,0.15371296770332293,201.0,200.0,198.0,197.0,195.0,194.0,193.0,192.0,191.0,190.0,189.0,188.0,188.0,187.0,186.0,185.0,184.0,184.0,182.0,182.0
real,120,gulf,5,LSTM-rec,1,crossing,11,364,33,0.5263766885823216,32.0,31.0,30.0,29.0,28.0,27.0,26.0,25.0,24.0,23.0,23.0,22.0,21.0,20.0,20.0,19.0,18.0,18.0,17.0,17.0
real,120,gulf,5,LSTM-rec,1,crossing,12,429,269,0.12690255945741077,268.0,267.0,266.0,265.0,197.0,195.0,195.0,194.0,193.0,192.0,191.0,190.0,189.0,188.0,187.0,187.0,186.0,185.0,184.0,183.0
real,120,gulf,5,LSTM-ms,1,buffer,0,15,13,0.19504030699506664,6.0,6.0,6.0,6.0,6.0,6.0,6.0,6.0,6.0,6.0,6.0,6.0,6.0,6.0,6.0,6.0,6.0,6.0,6.0,6.0
real,120,gulf,5,LSTM-ms,1,buffer,1,22,275,0.1919906698750655,264.0,263.0,263.0,263.0,263.0,263.0,263.0,249.0,249.0,249.0,248.0,247.0,247.0,246.0,246.0,246.0,245.0,245.0,244.0,244.0
real,120,gulf,5,LSTM-ms,1,buffer,2,108,692,0.17375165477961377,685.0,684.0,683.0,682.0,681.0,680.0,679.0,679.0,678.0,677.0,676.0,676.0,675.0,674.0,673.0,672.0,672.0,671.0,671.0,670.0
real,120,gulf,5,LSTM-ms,1,buffer,3,115,42,0.1760061096315062,31.0,30.0,29.0,29.0,29.0,29.0,29.0,29.0,29.0,20.0,20.0,19.0,19.0,18.0,18.0,18.0,17.0,17.0,16.0,16.0
real,120,gulf,5,LSTM-ms,1,buffer,4,123,221,0.15117737130272588,6.0,6.0,6.0,6.0,6.0,6.0,6.0,6.0,6.0,6.0,6.0,6.0,6.0,6.0,6.0,6.0,6.0,6.0,6.0,6.0
real,120,gulf,5,LSTM-ms,1,buffer,5,131,115,0.19472953205934443,103.0,102.0,101.0,100.0,100.0,99.0,98.0,98.0,97.0,97.0,96.0,96.0,95.0,95.0,94.0,94.0,94.0,93.0,93.0,93.0
real,120,gulf,5,LSTM-ms,1,buffer,6,191,340,0.13892634787723687,328.0,327.0,326.0,326.0,325.0,324.0,324.0,323.0,323.0,322.0,322.0,321.0,321.0,320.0,319.0,319.0,318.0,318.0,318.0,297.0
real,120,gulf,5,LSTM-ms,1,buffer,7,210,328,0.19119053776251718,316.0,315.0,314.0,314.0,313.0,312.0,312.0,311.0,311.0,310.0,310.0,309.0,308.0,308.0,307.0,307.0,306.0,306.0,305.0,305.0
real,120,gulf,5,LSTM-ms,1,buffer,8,223,293,0.1316024658732684,6.0,6.0,6.0,6.0,6.0,6.0,6.0,6.0,6.0,6.0,6.0,6.0,6.0,6.0,6.0,6.0,6.0,6.0,6.0,6.0
real,120,gulf,5,LSTM-ms,1,buffer,9,284,54,0.1947891480605701,42.0,41.0,40.0,40.0,38.0,38.0,38.0,37.0,37.0,37.0,37.0,36.0,35.0,34.0,34.0,34.0,33.0,33.0,27.0,27.0
real,120,gulf,5,LSTM-ms,1,buffer,10,300,208,0.15371296770332293,187.0,187.0,186.0,185.0,185.0,184.0,183.0,183.0,182.0,182.0,181.0,181.0,180.0,179.0,179.0,178.0,178.0,177.0,177.0,176.0
real,120,gulf,5,LSTM-ms,1,buffer,11,364,33,0.5263766885823216,26.0,25.0,24.0,23.0,23.0,22.0,21.0,20.0,19.0,18.0,18.0,17.0,16.0,16.0,15.0,14.0,14.0,14.0,13.0,12.0
real,120,gulf,5,LSTM-ms,1,buffer,12,429,269,0.12690255945741077,187.0,187.0,186.0,185.0,185.0,184.0,184.0,183.0,182.0,182.0,181.0,181.0,180.0,176.0,176.0,176.0,176.0,176.0,176.0,176.0
real,120,gulf,5,LSTM-ms,1,crossing,0,15,13,0.19504030699506664,12.0,11.0,10.0,9.0,9.0,8.0,8.0,7.0,6.0,6.0,6.0,6.0,6.0,6.0,6.0,6.0,6.0,6.0,6.0,6.0
real,120,gulf,5,LSTM-ms,1,crossing,1,22,275,0.1919906698750655,274.0,273.0,272.0,272.0,271.0,270.0,270.0,269.0,269.0,268.0,267.0,267.0,266.0,266.0,266.0,264.0,264.0,264.0,264.0,264.0
real,120,gulf,5,LSTM-ms,1,crossing,2,108,692,0.17375165477961377,691.0,690.0,689.0,688.0,687.0,686.0,686.0,685.0,684.0,684.0,683.0,682.0,681.0,680.0,680.0,679.0,678.0,677.0,677.0,676.0
real,120,gulf,5,LSTM-ms,1,crossing,3,115,42,0.1760061096315062,41.0,40.0,39.0,39.0,38.0,37.0,36.0,36.0,35.0,35.0,34.0,34.0,33.0,33.0,32.0,30.0,30.0,29.0,29.0,29.0
real,120,gulf,5,LSTM-ms,1,crossing,4,123,221,0.15117737130272588,220.0,219.0,218.0,218.0,217.0,217.0,216.0,215.0,215.0,215.0,214.0,213.0,127.0,127.0,126.0,126.0,126.0,126.0,125.0,124.0
real,120,gulf,5,LSTM-ms,1,crossing,5,131,115,0.19472953205934443,114.0,113.0,112.0,112.0,111.0,110.0,110.0,109.0,109.0,108.0,108.0,107.0,106.0,106.0,105.0,105.0,104.0,104.0,103.0,103.0
real,120,gulf,5,LSTM-ms,1,crossing,6,191,340,0.13892634787723687,340.0,339.0,338.0,337.0,337.0,336.0,335.0,335.0,334.0,334.0,333.0,333.0,332.0,331.0,331.0,331.0,330.0,330.0,329.0,328.0
real,120,gulf,5,LSTM-ms,1,crossing,7,210,328,0.19119053776251718,327.0,326.0,326.0,325.0,324.0,324.0,323.0,323.0,322.0,322.0,321.0,320.0,320.0,319.0,319.0,318.0,318.0,317.0,317.0,316.0
real,120,gulf,5,LSTM-ms,1,crossing,8,223,293,0.1316024658732684,292.0,291.0,291.0,290.0,289.0,289.0,107.0,107.0,106.0,106.0,105.0,105.0,105.0,105.0,105.0,103.0,103.0,103.0,103.0,103.0
real,120,gulf,5,LSTM-ms,1,crossing,9,284,54,0.1947891480605701,53.0,53.0,52.0,51.0,51.0,50.0,50.0,49.0,49.0,48.0,47.0,46.0,46.0,45.0,45.0,45.0,44.0,44.0,44.0,44.0
real,120,gulf,5,LSTM-ms,1,crossing,10,300,208,0.15371296770332293,211.0,200.0,199.0,198.0,198.0,195.0,195.0,194.0,193.0,193.0,193.0,192.0,191.0,191.0,190.0,190.0,189.0,189.0,188.0,188.0
real,120,gulf,5,LSTM-ms,1,crossing,11,364,33,0.5263766885823216,32.0,31.0,30.0,29.0,28.0,27.0,26.0,25.0,24.0,24.0,23.0,23.0,22.0,21.0,20.0,20.0,19.0,18.0,18.0,17.0
real,120,gulf,5,LSTM-ms,1,crossing,12,429,269,0.12690255945741077,268.0,267.0,266.0,266.0,265.0,265.0,264.0,196.0,195.0,195.0,195.0,194.0,193.0,193.0,192.0,192.0,191.0,191.0,190.0,190.0
real,120,gulf,5,LSTM-rec,2,buffer,0,15,13,0.19504030699506664,6.0,6.0,6.0,6.0,6.0,6.0,6.0,6.0,6.0,6.0,6.0,6.0,6.0,6.0,6.0,6.0,6.0,6.0,6.0,6.0
real,120,gulf,5,LSTM-rec,2,buffer,1,22,275,0.1919906698750655,264.0,263.0,263.0,263.0,262.0,253.0,249.0,248.0,247.0,247.0,246.0,245.0,245.0,244.0,243.0,242.0,242.0,241.0,240.0,240.0
real,120,gulf,5,LSTM-rec,2,buffer,2,108,692,0.17375165477961377,685.0,684.0,683.0,682.0,681.0,680.0,679.0,678.0,677.0,677.0,676.0,675.0,674.0,674.0,673.0,672.0,672.0,671.0,671.0,670.0
real,120,gulf,5,LSTM-rec,2,buffer,3,115,42,0.1760061096315062,30.0,29.0,29.0,29.0,29.0,29.0,28.0,20.0,19.0,19.0,18.0,17.0,17.0,16.0,15.0,15.0,14.0,13.0,13.0,12.0
real,120,gulf,5,LSTM-rec,2,buffer,4,123,221,0.15117737130272588,6.0,6.0,6.0,6.0,6.0,6.0,6.0,6.0,6.0,6.0,6.0,6.0,6.0,6.0,6.0,6.0,6.0,6.0,6.0,6.0
real,120,gulf,5,LSTM-rec,2,buffer,5,131,115,0.19472953205934443,102.0,101.0,100.0,100.0,99.0,98.0,97.0,96.0,96.0,95.0,94.0,94.0,93.0,93.0,93.0,92.0,92.0,91.0,90.0,90.0
real,120,gulf,5,LSTM-rec,2,buffer,6,191,340,0.13892634787723687,328.0,327.0,326.0,325.0,324.0,323.0,322.0,322.0,321.0,320.0,319.0,319.0,318.0,317.0,317.0,316.0,316.0,315.0,297.0,296.0
real,120,gulf,5,LSTM-rec,2,buffer,7,210,328,0.19119053776251718,316.0,315.0,314.0,313.0,312.0,311.0,310.0,309.0,309.0,308.0,307.0,306.0,305.0,305.0,304.0,303.0,302.0,302.0,301.0,300.0
real,120,gulf,5,LSTM-rec,2,buffer,8,223,293,0.1316024658732684,6.0,6.0,6.0,6.0,6.0,6.0,6.0,6.0,6.0,6.0,6.0,6.0,6.0,6.0,6.0,6.0,6.0,6.0,6.0,6.0
real,120,gulf,5,LSTM-rec,2,buffer,9,284,54,0.1947891480605701,42.0,41.0,40.0,39.0,38.0,38.0,37.0,36.0,35.0,34.0,34.0,28.0,27.0,27.0,27.0,27.0,27.0,26.0,26.0,26.0
real,120,gulf,5,LSTM-rec,2,buffer,10,300,208,0.15371296770332293,187.0,186.0,185.0,184.0,184.0,183.0,182.0,181.0,180.0,179.0,179.0,178.0,177.0,177.0,176.0,175.0,174.0,174.0,173.0,172.0
real,120,gulf,5,LSTM-rec,2,buffer,11,364,33,0.5263766885823216,26.0,25.0,24.0,23.0,22.0,21.0,20.0,20.0,19.0,18.0,18.0,17.0,16.0,16.0,15.0,15.0,14.0,14.0,13.0,13.0
real,120,gulf,5,LSTM-rec,2,buffer,12,429,269,0.12690255945741077,187.0,186.0,185.0,184.0,184.0,183.0,182.0,181.0,180.0,179.0,176.0,176.0,176.0,176.0,176.0,176.0,176.0,176.0,176.0,176.0
real,120,gulf,5,LSTM-rec,2,crossing,0,15,13,0.19504030699506664,12.0,11.0,10.0,9.0,8.0,7.0,6.0,6.0,6.0,6.0,6.0,6.0,6.0,6.0,6.0,6.0,6.0,6.0,6.0,6.0
real,120,gulf,5,LSTM-rec,2,crossing,1,22,275,0.1919906698750655,274.0,273.0,272.0,271.0,270.0,269.0,268.0,267.0,267.0,266.0,264.0,264.0,264.0,264.0,263.0,263.0,263.0,263.0,249.0,249.0
real,120,gulf,5,LSTM-rec,2,crossing,2,108,692,0.17375165477961377,691.0,690.0,689.0,688.0,687.0,686.0,686.0,685.0,684.0,683.0,683.0,682.0,681.0,680.0,680.0,679.0,678.0,678.0,677.0,676.0
real,120,gulf,5,LSTM-rec,2,crossing,3,115,42,0.1760061096315062,41.0,40.0,39.0,38.0,37.0,36.0,35.0,34.0,34.0,33.0,32.0,30.0,29.0,29.0,29.0,29.0,29.0,29.0,29.0,29.0
real,120,gulf,5,LSTM-rec,2,crossing,4,123,221,0.15117737130272588,220.0,219.0,218.0,217.0,216.0,215.0,130.0,127.0,127.0,126.0,126.0,124.0,123.0,122.0,120.0,119.0,118.0,117.0,117.0,25.0
real,120,gulf,5,LSTM-rec,2,crossing,5,131,115,0.19472953205934443,114.0,113.0,112.0,111.0,110.0,109.0,108.0,107.0,106.0,106.0,105.0,104.0,103.0,103.0,102.0,101.0,100.0,100.0,99.0,98.0
real,120,gulf,5,LSTM-rec,2,crossing,6,191,340,0.13892634787723687,339.0,338.0,337.0,337.0,336.0,335.0,334.0,333.0,332.0,331.0,331.0,330.0,329.0,328.0,328.0,327.0,327.0,326.0,325.0,325.0
real,120,gulf,5,LSTM-rec,2,crossing,7,210,328,0.19119053776251718,327.0,326.0,325.0,324.0,323.0,323.0,322.0,321.0,320.0,319.0,319.0,318.0,317.0,316.0,315.0,315.0,314.0,313.0,313.0,312.0
real,120,gulf,5,LSTM-rec,2,crossing,8,223,293,0.1316024658732684,292.0,291.0,290.0,289.0,108.0,107.0,106.0,105.0,105.0,105.0,103.0,103.0,103.0,103.0,103.0,103.0,103.0,103.0,103.0,103.0
real,120,gulf,5,LSTM-rec,2,crossing,9,284,54,0.1947891480605701,53.0,52.0,52.0,51.0,50.0,49.0,48.0,47.0,46.0,46.0,45.0,45.0,44.0,44.0,44.0,43.0,42.0,42.0,41.0,41.0
real,120,gulf,5,LSTM-rec,2,crossing,10,300,208,0.15371296770332293,201.0,200.0,198.0,197.0,195.0,194.0,193.0,192.0,192.0,191.0,190.0,189.0,189.0,188.0,187.0,186.0,186.0,185.0,184.0,184.0
real,120,gulf,5,LSTM-rec,2,crossing,11,364,33,0.5263766885823216,32.0,31.0,30.0,29.0,28.0,27.0,26.0,25.0,24.0,24.0,23.0,23.0,22.0,21.0,20.0,19.0,19.0,18.0,18.0,18.0
real,120,gulf,5,LSTM-rec,2,crossing,12,429,269,0.12690255945741077,268.0,267.0,266.0,265.0,197.0,196.0,195.0,194.0,193.0,192.0,192.0,191.0,190.0,189.0,189.0,188.0,187.0,186.0,185.0,185.0
real,120,gulf,5,LSTM-ms,2,buffer,0,15,13,0.19504030699506664,6.0,6.0,6.0,6.0,6.0,6.0,6.0,6.0,6.0,6.0,6.0,6.0,6.0,6.0,6.0,6.0,6.0,6.0,6.0,6.0
real,120,gulf,5,LSTM-ms,2,buffer,1,22,275,0.1919906698750655,264.0,263.0,263.0,263.0,253.0,249.0,249.0,248.0,247.0,247.0,246.0,246.0,245.0,244.0,244.0,243.0,242.0,242.0,242.0,241.0
real,120,gulf,5,LSTM-ms,2,buffer,2,108,692,0.17375165477961377,685.0,684.0,683.0,682.0,681.0,680.0,680.0,679.0,678.0,677.0,677.0,676.0,675.0,675.0,674.0,674.0,673.0,672.0,672.0,672.0
real,120,gulf,5,LSTM-ms,2,buffer,3,115,42,0.1760061096315062,30.0,30.0,29.0,29.0,29.0,29.0,21.0,20.0,19.0,19.0,18.0,17.0,17.0,16.0,16.0,15.0,15.0,14.0,14.0,13.0
real,120,gulf,5,LSTM-ms,2,buffer,4,123,221,0.15117737130272588,6.0,6.0,6.0,6.0,6.0,6.0,6.0,6.0,6.0,6.0,6.0,6.0,6.0,6.0,6.0,6.0,6.0,6.0,6.0,6.0
real,120,gulf,5,LSTM-ms,2,buffer,5,131,115,0.19472953205934443,102.0,101.0,100.0,99.0,98.0,98.0,97.0,96.0,96.0,95.0,94.0,94.0,93.0,93.0,93.0,93.0,92.0,92.0,91.0,91.0
real,120,gulf,5,LSTM-ms,2,buffer,6,191,340,0.13892634787723687,327.0,326.0,326.0,325.0,324.0,323.0,322.0,321.0,321.0,320.0,319.0,319.0,318.0,318.0,317.0,317.0,316.0,297.0,297.0,296.0
real,120,gulf,5,LSTM-ms,2,buffer,7,210,328,0.19119053776251718,315.0,314.0,313.0,313.0,312.0,311.0,310.0,309.0,309.0,308.0,307.0,306.0,306.0,305.0,304.0,304.0,303.0,303.0,302.0,302.0
real,120,gulf,5,LSTM-ms,2,buffer,8,223,293,0.1316024658732684,6.0,6.0,6.0,6.0,6.0,6.0,6.0,6.0,6.0,6.0,6.0,6.0,6.0,6.0,6.0,6.0,6.0,6.0,6.0,6.0
real,120,gulf,5,LSTM-ms,2,buffer,9,284,54,0.1947891480605701,42.0,41.0,39.0,38.0,38.0,37.0,37.0,36.0,35.0,34.0,34.0,33.0,32.0,31.0,28.0,28.0,28.0,27.0,27.0,27.0
real,120,gulf,5,LSTM-ms,2,buffer,10,300,208,0.15371296770332293,187.0,186.0,185.0,184.0,183.0,183.0,182.0,181.0,180.0,180.0,179.0,178.0,177.0,177.0,176.0,176.0,175.0,175.0,174.0,174.0
real,120,gulf,5,LSTM-ms,2,buffer,11,364,33,0.5263766885823216,26.0,25.0,24.0,23.0,23.0,22.0,21.0,20.0,20.0,19.0,19.0,18.0,18.0,17.0,17.0,16.0,16.0,15.0,15.0,15.0
real,120,gulf,5,LSTM-ms,2,buffer,12,429,269,0.12690255945741077,187.0,186.0,185.0,184.0,183.0,182.0,181.0,181.0,180.0,179.0,179.0,178.0,176.0,176.0,176.0,176.0,176.0,176.0,176.0,176.0
real,120,gulf,5,LSTM-ms,2,crossing,0,15,13,0.19504030699506664,12.0,10.0,9.0,9.0,8.0,7.0,6.0,6.0,6.0,6.0,6.0,6.0,6.0,6.0,6.0,6.0,6.0,6.0,6.0,6.0
real,120,gulf,5,LSTM-ms,2,crossing,1,22,275,0.1919906698750655,274.0,273.0,272.0,271.0,270.0,269.0,268.0,267.0,267.0,266.0,266.0,265.0,265.0,265.0,264.0,264.0,264.0,264.0,264.0,264.0
real,120,gulf,5,LSTM-ms,2,crossing,2,108,692,0.17375165477961377,691.0,690.0,689.0,688.0,687.0,687.0,686.0,685.0,685.0,684.0,683.0,683.0,682.0,681.0,681.0,680.0,680.0,679.0,678.0,678.0
real,120,gulf,5,LSTM-ms,2,crossing,3,115,42,0.1760061096315062,41.0,40.0,39.0,38.0,37.0,36.0,35.0,34.0,34.0,33.0,32.0,32.0,30.0,30.0,30.0,29.0,29.0,29.0,29.0,29.0
real,120,gulf,5,LSTM-ms,2,crossing,4,123,221,0.15117737130272588,220.0,219.0,218.0,217.0,216.0,131.0,130.0,127.0,127.0,126.0,126.0,125.0,124.0,123.0,122.0,121.0,120.0,119.0,119.0,118.0
real,120,gulf,5,LSTM-ms,2,crossing,5,131,115,0.19472953205934443,114.0,113.0,112.0,111.0,110.0,109.0,108.0,107.0,107.0,106.0,105.0,104.0,104.0,103.0,103.0,102.0,101.0,101.0,100.0,100.0
real,120,gulf,5,LSTM-ms,2,crossing,6,191,340,0.13892634787723687,339.0,338.0,337.0,336.0,335.0,335.0,334.0,333.0,332.0,331.0,331.0,330.0,329.0,329.0,328.0,328.0,327.0,327.0,326.0,326.0
real,120,gulf,5,LSTM-ms,2,crossing,7,210,328,0.19119053776251718,327.0,326.0,325.0,324.0,323.0,322.0,322.0,321.0,320.0,319.0,319.0,318.0,317.0,317.0,316.0,315.0,315.0,314.0,314.0,313.0
real,120,gulf,5,LSTM-ms,2,crossing,8,223,293,0.1316024658732684,292.0,291.0,290.0,289.0,107.0,106.0,106.0,105.0,105.0,105.0,104.0,104.0,103.0,103.0,103.0,103.0,103.0,103.0,103.0,103.0
real,120,gulf,5,LSTM-ms,2,crossing,9,284,54,0.1947891480605701,53.0,52.0,51.0,50.0,50.0,49.0,48.0,47.0,46.0,46.0,45.0,45.0,44.0,44.0,44.0,43.0,43.0,42.0,42.0,41.0
real,120,gulf,5,LSTM-ms,2,crossing,10,300,208,0.15371296770332293,200.0,199.0,198.0,197.0,195.0,194.0,193.0,192.0,192.0,191.0,190.0,190.0,189.0,188.0,188.0,187.0,186.0,186.0,186.0,185.0
real,120,gulf,5,LSTM-ms,2,crossing,11,364,33,0.5263766885823216,32.0,31.0,30.0,29.0,29.0,28.0,27.0,26.0,25.0,24.0,24.0,24.0,23.0,23.0,22.0,21.0,20.0,20.0,20.0,19.0
real,120,gulf,5,LSTM-ms,2,crossing,12,429,269,0.12690255945741077,268.0,267.0,266.0,197.0,196.0,196.0,195.0,194.0,193.0,193.0,192.0,191.0,191.0,190.0,189.0,189.0,188.0,188.0,187.0,187.0
real,120,gulf,5,LSTM-rec,3,buffer,0,15,13,0.19504030699506664,6.0,6.0,6.0,6.0,6.0,6.0,6.0,6.0,6.0,6.0,6.0,6.0,6.0,6.0,6.0,6.0,6.0,6.0,6.0,6.0
real,120,gulf,5,LSTM-rec,3,buffer,1,22,275,0.1919906698750655,264.0,263.0,263.0,263.0,262.0,249.0,249.0,248.0,247.0,246.0,245.0,244.0,244.0,242.0,242.0,241.0,240.0,239.0,238.0,237.0
real,120,gulf,5,LSTM-rec,3,buffer,2,108,692,0.17375165477961377,685.0,684.0,683.0,682.0,680.0,680.0,678.0,677.0,676.0,676.0,674.0,673.0,672.0,671.0,671.0,669.0,669.0,668.0,667.0,666.0
real,120,gulf,5,LSTM-rec,3,buffer,3,115,42,0.1760061096315062,30.0,29.0,29.0,29.0,29.0,29.0,28.0,20.0,19.0,18.0,17.0,16.0,16.0,15.0,14.0,13.0,12.0,11.0,10.0,9.0
real,120,gulf,5,LSTM-rec,3,buffer,4,123,221,0.15117737130272588,6.0,6.0,6.0,6.0,6.0,6.0,6.0,6.0,6.0,6.0,6.0,6.0,6.0,6.0,6.0,6.0,6.0,6.0,6.0,6.0
real,120,gulf,5,LSTM-rec,3,buffer,5,131,115,0.19472953205934443,102.0,101.0,100.0,100.0,99.0,98.0,97.0,96.0,95.0,94.0,94.0,93.0,92.0,91.0,90.0,89.0,88.0,87.0,86.0,84.0
real,120,gulf,5,LSTM-rec,3,buffer,6,191,340,0.13892634787723687,328.0,327.0,326.0,325.0,324.0,323.0,322.0,321.0,320.0,319.0,318.0,317.0,316.0,316.0,314.0,297.0,296.0,296.0,295.0,294.0
real,120,gulf,5,LSTM-rec,3,buffer,7,210,328,0.19119053776251718,316.0,315.0,314.0,313.0,312.0,311.0,310.0,309.0,308.0,307.0,306.0,305.0,304.0,303.0,302.0,301.0,300.0,299.0,298.0,297.0
real,120,gulf,5,LSTM-rec,3,buffer,8,223,293,0.1316024658732684,6.0,6.0,6.0,6.0,6.0,6.0,6.0,6.0,6.0,6.0,6.0,6.0,6.0,6.0,6.0,6.0,6.0,6.0,6.0,6.0
real,120,gulf,5,LSTM-rec,3,buffer,9,284,54,0.1947891480605701,42.0,41.0,40.0,38.0,38.0,37.0,36.0,35.0,34.0,32.0,31.0,28.0,28.0,27.0,27.0,27.0,27.0,27.0,26.0,26.0
real,120,gulf,5,LSTM-rec,3,buffer,10,300,208,0.15371296770332293,187.0,186.0,185.0,184.0,184.0,182.0,182.0,181.0,180.0,179.0,178.0,177.0,176.0,175.0,174.0,173.0,172.0,171.0,170.0,169.0
real,120,gulf,5,LSTM-rec,3,buffer,11,364,33,0.5263766885823216,26.0,25.0,24.0,23.0,22.0,21.0,20.0,19.0,18.0,17.0,16.0,16.0,15.0,14.0,13.0,12.0,12.0,11.0,10.0,8.0
real,120,gulf,5,LSTM-rec,3,buffer,12,429,269,0.12690255945741077,187.0,186.0,185.0,184.0,183.0,182.0,181.0,180.0,179.0,176.0,176.0,176.0,176.0,176.0,176.0,176.0,176.0,176.0,175.0,175.0
real,120,gulf,5,LSTM-rec,3,crossing,0,15,13,0.19504030699506664,12.0,11.0,10.0,9.0,8.0,7.0,6.0,6.0,6.0,6.0,6.0,6.0,6.0,6.0,6.0,6.0,6.0,6.0,6.0,6.0
real,120,gulf,5,LSTM-rec,3,crossing,1,22,275,0.1919906698750655,274.0,273.0,272.0,271.0,270.0,269.0,268.0,267.0,266.0,266.0,265.0,264.0,264.0,264.0,264.0,263.0,263.0,249.0,248.0,247.0
real,120,gulf,5,LSTM-rec,3,crossing,2,108,692,0.17375165477961377,691.0,690.0,689.0,688.0,687.0,686.0,685.0,684.0,683.0,682.0,681.0,680.0,679.0,678.0,677.0,676.0,675.0,674.0,673.0,672.0
real,120,gulf,5,LSTM-rec,3,crossing,3,115,42,0.1760061096315062,41.0,40.0,39.0,38.0,37.0,36.0,35.0,34.0,33.0,32.0,32.0,30.0,29.0,29.0,29.0,29.0,29.0,29.0,20.0,19.0
real,120,gulf,5,LSTM-rec,3,crossing,4,123,221,0.15117737130272588,220.0,219.0,218.0,217.0,216.0,130.0,128.0,127.0,126.0,124.0,123.0,121.0,26.0,25.0,25.0,24.0,6.0,6.0,6.0,6.0
real,120,gulf,5,LSTM-rec,3,crossing,5,131,115,0.19472953205934443,114.0,113.0,112.0,111.0,110.0,109.0,108.0,107.0,106.0,105.0,104.0,103.0,102.0,102.0,101.0,100.0,99.0,98.0,97.0,96.0
real,120,gulf,5,LSTM-rec,3,crossing,6,191,340,0.13892634787723687,339.0,338.0,337.0,336.0,335.0,334.0,333.0,333.0,331.0,331.0,330.0,328.0,328.0,327.0,326.0,325.0,324.0,323.0,322.0,321.0
real,120,gulf,5,LSTM-rec,3,crossing,7,210,328,0.19119053776251718,327.0,326.0,325.0,324.0,323.0,322.0,321.0,320.0,319.0,318.0,318.0,316.0,316.0,315.0,314.0,313.0,312.0,311.0,310.0,309.0
real,120,gulf,5,LSTM-rec,3,crossing,8,223,293,0.1316024658732684,292.0,291.0,290.0,289.0,108.0,107.0,106.0,105.0,105.0,103.0,103.0,103.0,103.0,103.0,103.0,103.0,103.0,103.0,103.0,103.0
real,120,gulf,5,LSTM-rec,3,crossing,9,284,54,0.1947891480605701,53.0,52.0,51.0,51.0,50.0,49.0,48.0,46.0,45.0,45.0,44.0,43.0,42.0,41.0,41.0,39.0,38.0,38.0,37.0,35.0
real,120,gulf,5,LSTM-rec,3,crossing,10,300,208,0.15371296770332293,201.0,200.0,198.0,197.0,195.0,194.0,193.0,192.0,191.0,190.0,189.0,188.0,187.0,186.0,185.0,184.0,184.0,182.0,182.0,180.0
real,120,gulf,5,LSTM-rec,3,crossing,11,364,33,0.5263766885823216,32.0,31.0,30.0,29.0,28.0,27.0,26.0,24.0,24.0,23.0,22.0,21.0,20.0,19.0,18.0,17.0,17.0,16.0,15.0,14.0
real,120,gulf,5,LSTM-rec,3,crossing,12,429,269,0.12690255945741077,268.0,267.0,266.0,265.0,197.0,195.0,195.0,194.0,193.0,192.0,191.0,190.0,189.0,188.0,187.0,186.0,185.0,184.0,183.0,182.0
real,120,gulf,5,LSTM-ms,3,buffer,0,15,13,0.19504030699506664,6.0,6.0,6.0,6.0,6.0,6.0,6.0,6.0,6.0,6.0,6.0,6.0,6.0,6.0,6.0,6.0,6.0,6.0,6.0,6.0
real,120,gulf,5,LSTM-ms,3,buffer,1,22,275,0.1919906698750655,264.0,263.0,263.0,263.0,262.0,253.0,249.0,248.0,247.0,247.0,246.0,245.0,245.0,244.0,243.0,242.0,242.0,241.0,241.0,240.0
real,120,gulf,5,LSTM-ms,3,buffer,2,108,692,0.17375165477961377,685.0,684.0,683.0,682.0,681.0,680.0,679.0,678.0,677.0,676.0,675.0,674.0,673.0,672.0,672.0,671.0,670.0,670.0,669.0,668.0
real,120,gulf,5,LSTM-ms,3,buffer,3,115,42,0.1760061096315062,30.0,30.0,29.0,29.0,29.0,29.0,28.0,20.0,19.0,19.0,18.0,17.0,17.0,16.0,15.0,15.0,14.0,14.0,13.0,12.0
real,120,gulf,5,LSTM-ms,3,buffer,4,123,221,0.15117737130272588,6.0,6.0,6.0,6.0,6.0,6.0,6.0,6.0,6.0,6.0,6.0,6.0,6.0,6.0,6.0,6.0,6.0,6.0,6.0,6.0
real,120,gulf,5,LSTM-ms,3,buffer,5,131,115,0.19472953205934443,102.0,102.0,101.0,100.0,99.0,98.0,97.0,96.0,96.0,95.0,94.0,94.0,93.0,93.0,92.0,92.0,91.0,91.0,90.0,90.0
real,120,gulf,5,LSTM-ms,3,buffer,6,191,340,0.13892634787723687,328.0,327.0,326.0,325.0,324.0,323.0,322.0,322.0,321.0,320.0,319.0,318.0,318.0,317.0,316.0,316.0,297.0,297.0,296.0,295.0
real,120,gulf,5,LSTM-ms,3,buffer,7,210,328,0.19119053776251718,316.0,315.0,314.0,313.0,312.0,311.0,310.0,309.0,309.0,308.0,307.0,306.0,305.0,305.0,304.0,303.0,303.0,302.0,301.0,301.0
real,120,gulf,5,LSTM-ms,3,buffer,8,223,293,0.1316024658732684,6.0,6.0,6.0,6.0,6.0,6.0,6.0,6.0,6.0,6.0,6.0,6.0,6.0,6.0,6.0,6.0,6.0,6.0,6.0,6.0
real,120,gulf,5,LSTM-ms,3,buffer,9,284,54,0.1947891480605701,42.0,41.0,40.0,39.0,38.0,37.0,37.0,36.0,35.0,34.0,33.0,32.0,28.0,27.0,27.0,27.0,27.0,27.0,27.0,27.0
real,120,gulf,5,LSTM-ms,3,buffer,10,300,208,0.15371296770332293,187.0,186.0,186.0,185.0,184.0,183.0,182.0,181.0,180.0,179.0,179.0,178.0,177.0,176.0,176.0,175.0,174.0,174.0,174.0,173.0
real,120,gulf,5,LSTM-ms,3,buffer,11,364,33,0.5263766885823216,26.0,25.0,24.0,23.0,22.0,21.0,20.0,19.0,18.0,18.0,17.0,16.0,15.0,15.0,14.0,14.0,13.0,12.0,12.0,11.0
real,120,gulf,5,LSTM-ms,3,buffer,12,429,269,0.12690255945741077,187.0,186.0,185.0,185.0,184.0,183.0,182.0,181.0,180.0,179.0,176.0,176.0,176.0,176.0,176.0,176.0,176.0,176.0,176.0,176.0
real,120,gulf,5,LSTM-ms,3,crossing,0,15,13,0.19504030699506664,12.0,11.0,10.0,9.0,8.0,7.0,6.0,6.0,6.0,6.0,6.0,6.0,6.0,6.0,6.0,6.0,6.0,6.0,6.0,6.0
real,120,gulf,5,LSTM-ms,3,crossing,1,22,275,0.1919906698750655,274.0,273.0,272.0,271.0,270.0,269.0,268.0,267.0,267.0,266.0,265.0,264.0,264.0,264.0,264.0,263.0,263.0,263.0,263.0,263.0
real,120,gulf,5,LSTM-ms,3,crossing,2,108,692,0.17375165477961377,691.0,690.0,689.0,688.0,687.0,686.0,685.0,684.0,683.0,682.0,682.0,681.0,680.0,679.0,678.0,677.0,676.0,676.0,675.0,674.0
real,120,gulf,5,LSTM-ms,3,crossing,3,115,42,0.1760061096315062,41.0,40.0,39.0,38.0,37.0,36.0,35.0,35.0,34.0,33.0,32.0,30.0,29.0,29.0,29.0,29.0,29.0,29.0,29.0,29.0
real,120,gulf,5,LSTM-ms,3,crossing,4,123,221,0.15117737130272588,220.0,219.0,218.0,217.0,216.0,131.0,130.0,128.0,127.0,126.0,125.0,124.0,123.0,122.0,120.0,120.0,119.0,118.0,118.0,117.0
real,120,gulf,5,LSTM-ms,3,crossing,5,131,115,0.19472953205934443,114.0,113.0,112.0,111.0,110.0,109.0,108.0,107.0,107.0,106.0,105.0,104.0,103.0,103.0,102.0,102.0,101.0,100.0,100.0,99.0
real,120,gulf,5,LSTM-ms,3,crossing,6,191,340,0.13892634787723687,339.0,338.0,338.0,337.0,336.0,335.0,334.0,333.0,332.0,331.0,331.0,330.0,329.0,328.0,328.0,327.0,327.0,326.0,326.0,325.0
real,120,gulf,5,LSTM-ms,3,crossing,7,210,328,0.19119053776251718,327.0,326.0,325.0,324.0,323.0,323.0,322.0,321.0,320.0,319.0,318.0,318.0,317.0,316.0,315.0,315.0,314.0,314.0,313.0,312.0
real,120,gulf,5,LSTM-ms,3,crossing,8,223,293,0.1316024658732684,292.0,291.0,290.0,289.0,108.0,107.0,106.0,105.0,105.0,103.0,103.0,103.0,103.0,103.0,103.0,103.0,103.0,103.0,103.0,103.0
real,120,gulf,5,LSTM-ms,3,crossing,9,284,54,0.1947891480605701,53.0,52.0,52.0,51.0,50.0,49.0,48.0,47.0,46.0,45.0,45.0,44.0,44.0,44.0,43.0,42.0,42.0,41.0,41.0,40.0
real,120,gulf,5,LSTM-ms,3,crossing,10,300,208,0.15371296770332293,201.0,200.0,198.0,197.0,195.0,194.0,193.0,192.0,192.0,191.0,190.0,189.0,188.0,188.0,187.0,186.0,186.0,185.0,185.0,184.0
real,120,gulf,5,LSTM-ms,3,crossing,11,364,33,0.5263766885823216,32.0,31.0,30.0,29.0,28.0,27.0,26.0,25.0,24.0,23.0,23.0,22.0,21.0,20.0,19.0,18.0,18.0,17.0,17.0,16.0
real,120,gulf,5,LSTM-ms,3,crossing,12,429,269,0.12690255945741077,268.0,267.0,266.0,265.0,264.0,196.0,195.0,194.0,193.0,192.0,192.0,191.0,190.0,189.0,189.0,188.0,188.0,187.0,186.0,186.0
real,120,gulf,5,LSTM-rec,4,buffer,0,15,13,0.19504030699506664,6.0,6.0,6.0,6.0,6.0,6.0,6.0,6.0,6.0,6.0,6.0,6.0,6.0,6.0,6.0,6.0,6.0,6.0,6.0,6.0
real,120,gulf,5,LSTM-rec,4,buffer,1,22,275,0.1919906698750655,264.0,263.0,263.0,263.0,263.0,263.0,263.0,263.0,249.0,249.0,249.0,249.0,248.0,248.0,248.0,248.0,248.0,248.0,248.0,248.0
real,120,gulf,5,LSTM-rec,4,buffer,2,108,692,0.17375165477961377,685.0,684.0,683.0,682.0,681.0,681.0,680.0,679.0,679.0,678.0,678.0,677.0,677.0,676.0,676.0,676.0,676.0,676.0,675.0,675.0
real,120,gulf,5,LSTM-rec,4,buffer,3,115,42,0.1760061096315062,31.0,30.0,29.0,29.0,29.0,29.0,29.0,29.0,29.0,29.0,29.0,29.0,20.0,20.0,20.0,20.0,20.0,20.0,20.0,20.0
real,120,gulf,5,LSTM-rec,4,buffer,4,123,221,0.15117737130272588,6.0,6.0,6.0,6.0,6.0,6.0,6.0,6.0,6.0,6.0,6.0,6.0,6.0,6.0,6.0,6.0,6.0,6.0,6.0,6.0
real,120,gulf,5,LSTM-rec,4,buffer,5,131,115,0.19472953205934443,102.0,102.0,101.0,100.0,100.0,99.0,99.0,98.0,98.0,97.0,97.0,97.0,97.0,97.0,97.0,97.0,97.0,97.0,97.0,97.0
real,120,gulf,5,LSTM-rec,4,buffer,6,191,340,0.13892634787723687,328.0,327.0,326.0,325.0,325.0,324.0,324.0,323.0,323.0,323.0,323.0,323.0,322.0,322.0,322.0,322.0,322.0,322.0,322.0,322.0
real,120,gulf,5,LSTM-rec,4,buffer,7,210,328,0.19119053776251718,316.0,315.0,314.0,313.0,313.0,312.0,312.0,311.0,311.0,311.0,310.0,310.0,310.0,310.0,310.0,310.0,310.0,310.0,310.0,310.0
real,120,gulf,5,LSTM-rec,4,buffer,8,223,293,0.1316024658732684,6.0,6.0,6.0,6.0,6.0,6.0,6.0,6.0,6.0,6.0,6.0,6.0,6.0,6.0,6.0,6.0,6.0,6.0,6.0,6.0
real,120,gulf,5,LSTM-rec,4,buffer,9,284,54,0.1947891480605701,42.0,41.0,40.0,39.0,39.0,38.0,38.0,38.0,38.0,37.0,37.0,37.0,37.0,37.0,37.0,37.0,37.0,37.0,37.0,37.0
real,120,gulf,5,LSTM-rec,4,buffer,10,300,208,0.15371296770332293,187.0,187.0,186.0,185.0,184.0,184.0,184.0,183.0,183.0,182.0,182.0,182.0,182.0,182.0,182.0,182.0,182.0,182.0,182.0,182.0
real,120,gulf,5,LSTM-rec,4,buffer,11,364,33,0.5263766885823216,26.0,25.0,24.0,23.0,23.0,22.0,21.0,21.0,20.0,20.0,19.0,19.0,18.0,18.0,18.0,18.0,17.0,17.0,17.0,17.0
real,120,gulf,5,LSTM-rec,4,buffer,12,429,269,0.12690255945741077,187.0,187.0,186.0,185.0,185.0,184.0,184.0,183.0,183.0,183.0,182.0,182.0,182.0,182.0,182.0,182.0,182.0,182.0,182.0,182.0
real,120,gulf,5,LSTM-rec,4,crossing,0,15,13,0.19504030699506664,12.0,11.0,10.0,9.0,9.0,8.0,8.0,7.0,7.0,6.0,6.0,6.0,6.0,6.0,6.0,6.0,6.0,6.0,6.0,6.0
real,120,gulf,5,LSTM-rec,4,crossing,1,22,275,0.1919906698750655,274.0,273.0,272.0,271.0,271.0,270.0,270.0,269.0,269.0,268.0,268.0,268.0,268.0,267.0,267.0,267.0,267.0,267.0,267.0,267.0
real,120,gulf,5,LSTM-rec,4,crossing,2,108,692,0.17375165477961377,691.0,690.0,689.0,689.0,688.0,687.0,686.0,686.0,685.0,685.0,684.0,684.0,684.0,683.0,683.0,683.0,682.0,682.0,682.0,682.0
real,120,gulf,5,LSTM-rec,4,crossing,3,115,42,0.1760061096315062,41.0,40.0,39.0,39.0,38.0,37.0,37.0,36.0,36.0,35.0,35.0,35.0,35.0,35.0,35.0,34.0,34.0,34.0,34.0,34.0
real,120,gulf,5,LSTM-rec,4,crossing,4,123,221,0.15117737130272588,220.0,219.0,218.0,218.0,217.0,217.0,216.0,216.0,215.0,215.0,215.0,215.0,215.0,215.0,215.0,215.0,215.0,215.0,215.0,215.0
real,120,gulf,5,LSTM-rec,4,crossing,5,131,115,0.19472953205934443,114.0,113.0,112.0,111.0,111.0,110.0,110.0,109.0,109.0,109.0,108.0,108.0,108.0,108.0,108.0,108.0,108.0,108.0,108.0,108.0
real,120,gulf,5,LSTM-rec,4,crossing,6,191,340,0.13892634787723687,339.0,339.0,338.0,337.0,337.0,336.0,336.0,335.0,335.0,334.0,334.0,334.0,334.0,334.0,334.0,334.0,334.0,334.0,334.0,334.0
real,120,gulf,5,LSTM-rec,4,crossing,7,210,328,0.19119053776251718,327.0,326.0,326.0,325.0,324.0,324.0,323.0,323.0,323.0,322.0,322.0,322.0,322.0,322.0,322.0,322.0,322.0,322.0,322.0,322.0
real,120,gulf,5,LSTM-rec,4,crossing,8,223,293,0.1316024658732684,292.0,291.0,291.0,290.0,289.0,289.0,108.0,107.0,107.0,106.0,106.0,106.0,106.0,106.0,106.0,106.0,106.0,106.0,106.0,106.0
real,120,gulf,5,LSTM-rec,4,crossing,9,284,54,0.1947891480605701,53.0,52.0,52.0,51.0,51.0,50.0,50.0,49.0,49.0,49.0,48.0,48.0,48.0,48.0,48.0,48.0,48.0,48.0,48.0,48.0
real,120,gulf,5,LSTM-rec,4,crossing,10,300,208,0.15371296770332293,201.0,200.0,199.0,198.0,197.0,195.0,195.0,194.0,194.0,194.0,193.0,193.0,193.0,193.0,193.0,193.0,193.0,193.0,193.0,193.0
real,120,gulf,5,LSTM-rec,4,crossing,11,364,33,0.5263766885823216,32.0,31.0,30.0,29.0,29.0,28.0,27.0,26.0,26.0,25.0,24.0,24.0,24.0,23.0,23.0,23.0,23.0,23.0,22.0,22.0
real,120,gulf,5,LSTM-rec,4,crossing,12,429,269,0.12690255945741077,268.0,267.0,266.0,266.0,265.0,265.0,264.0,263.0,263.0,196.0,195.0,195.0,195.0,195.0,195.0,195.0,195.0,195.0,195.0,195.0
real,120,gulf,5,LSTM-ms,4,buffer,0,15,13,0.19504030699506664,6.0,6.0,6.0,6.0,6.0,6.0,6.0,6.0,6.0,6.0,6.0,6.0,6.0,6.0,6.0,6.0,6.0,6.0,6.0,6.0
real,120,gulf,5,LSTM-ms,4,buffer,1,22,275,0.1919906698750655,264.0,263.0,263.0,262.0,262.0,252.0,249.0,248.0,247.0,246.0,246.0,245.0,245.0,244.0,243.0,243.0,242.0,242.0,241.0,240.0
real,120,gulf,5,LSTM-ms,4,buffer,2,108,692,0.17375165477961377,685.0,684.0,683.0,682.0,681.0,680.0,679.0,678.0,677.0,676.0,675.0,674.0,673.0,673.0,672.0,671.0,671.0,670.0,669.0,669.0
real,120,gulf,5,LSTM-ms,4,buffer,3,115,42,0.1760061096315062,30.0,29.0,29.0,29.0,29.0,29.0,28.0,20.0,19.0,18.0,18.0,17.0,16.0,16.0,15.0,15.0,14.0,14.0,13.0,13.0
real,120,gulf,5,LSTM-ms,4,buffer,4,123,221,0.15117737130272588,6.0,6.0,6.0,6.0,6.0,6.0,6.0,6.0,6.0,6.0,6.0,6.0,6.0,6.0,6.0,6.0,6.0,6.0,6.0,6.0
real,120,gulf,5,LSTM-ms,4,buffer,5,131,115,0.19472953205934443,102.0,101.0,101.0,100.0,99.0,98.0,97.0,96.0,95.0,95.0,94.0,93.0,93.0,93.0,92.0,92.0,92.0,91.0,90.0,90.0
real,120,gulf,5,LSTM-ms,4,buffer,6,191,340,0.13892634787723687,328.0,327.0,326.0,325.0,324.0,323.0,322.0,321.0,321.0,320.0,319.0,318.0,318.0,317.0,316.0,316.0,297.0,297.0,296.0,296.0
real,120,gulf,5,LSTM-ms,4,buffer,7,210,328,0.19119053776251718,316.0,315.0,314.0,313.0,312.0,311.0,310.0,309.0,308.0,308.0,307.0,306.0,305.0,305.0,304.0,303.0,303.0,302.0,302.0,301.0
real,120,gulf,5,LSTM-ms,4,buffer,8,223,293,0.1316024658732684,6.0,6.0,6.0,6.0,6.0,6.0,6.0,6.0,6.0,6.0,6.0,6.0,6.0,6.0,6.0,6.0,6.0,6.0,6.0,6.0
real,120,gulf,5,LSTM-ms,4,buffer,9,284,54,0.1947891480605701,42.0,41.0,40.0,38.0,38.0,37.0,37.0,36.0,34.0,34.0,33.0,32.0,27.0,27.0,27.0,27.0,27.0,27.0,27.0,26.0
real,120,gulf,5,LSTM-ms,4,buffer,10,300,208,0.15371296770332293,187.0,186.0,185.0,184.0,184.0,183.0,182.0,181.0,180.0,179.0,179.0,178.0,177.0,176.0,176.0,175.0,175.0,174.0,174.0,173.0
real,120,gulf,5,LSTM-ms,4,buffer,11,364,33,0.5263766885823216,26.0,25.0,24.0,23.0,22.0,21.0,20.0,19.0,18.0,18.0,17.0,16.0,15.0,15.0,14.0,14.0,13.0,13.0,12.0,12.0
real,120,gulf,5,LSTM-ms,4,buffer,12,429,269,0.12690255945741077,187.0,186.0,185.0,184.0,184.0,183.0,182.0,181.0,180.0,176.0,176.0,176.0,176.0,176.0,176.0,176.0,176.0,176.0,176.0,176.0
real,120,gulf,5,LSTM-ms,4,crossing,0,15,13,0.19504030699506664,12.0,11.0,10.0,9.0,8.0,7.0,6.0,6.0,6.0,6.0,6.0,6.0,6.0,6.0,6.0,6.0,6.0,6.0,6.0,6.0
real,120,gulf,5,LSTM-ms,4,crossing,1,22,275,0.1919906698750655,274.0,273.0,272.0,271.0,270.0,269.0,269.0,267.0,267.0,266.0,264.0,264.0,264.0,264.0,263.0,263.0,263.0,263.0,263.0,263.0
real,120,gulf,5,LSTM-ms,4,crossing,2,108,692,0.17375165477961377,691.0,690.0,689.0,688.0,687.0,686.0,685.0,684.0,684.0,683.0,682.0,681.0,680.0,679.0,678.0,678.0,677.0,676.0,676.0,675.0
real,120,gulf,5,LSTM-ms,4,crossing,3,115,42,0.1760061096315062,41.0,40.0,39.0,38.0,37.0,36.0,35.0,35.0,34.0,33.0,29.0,29.0,29.0,29.0,29.0,29.0,29.0,29.0,29.0,29.0
real,120,gulf,5,LSTM-ms,4,crossing,4,123,221,0.15117737130272588,220.0,219.0,218.0,217.0,216.0,215.0,130.0,127.0,126.0,126.0,125.0,124.0,123.0,122.0,121.0,120.0,119.0,119.0,118.0,117.0
real,120,gulf,5,LSTM-ms,4,crossing,5,131,115,0.19472953205934443,114.0,113.0,112.0,111.0,110.0,109.0,108.0,107.0,106.0,106.0,105.0,104.0,103.0,103.0,102.0,102.0,101.0,101.0,100.0,99.0
real,120,gulf,5,LSTM-ms,4,crossing,6,191,340,0.13892634787723687,339.0,338.0,337.0,337.0,336.0,335.0,334.0,333.0,332.0,331.0,331.0,330.0,329.0,328.0,328.0,327.0,327.0,326.0,326.0,325.0
real,120,gulf,5,LSTM-ms,4,crossing,7,210,328,0.19119053776251718,327.0,326.0,325.0,324.0,323.0,323.0,322.0,321.0,320.0,319.0,318.0,318.0,317.0,316.0,315.0,315.0,314.0,314.0,313.0,313.0
real,120,gulf,5,LSTM-ms,4,crossing,8,223,293,0.1316024658732684,292.0,291.0,290.0,289.0,108.0,107.0,106.0,103.0,103.0,103.0,103.0,103.0,103.0,103.0,103.0,103.0,103.0,103.0,103.0,103.0
real,120,gulf,5,LSTM-ms,4,crossing,9,284,54,0.1947891480605701,53.0,52.0,51.0,51.0,50.0,49.0,48.0,47.0,46.0,45.0,44.0,44.0,44.0,44.0,43.0,42.0,42.0,41.0,41.0,41.0
real,120,gulf,5,LSTM-ms,4,crossing,10,300,208,0.15371296770332293,201.0,200.0,198.0,197.0,195.0,194.0,193.0,192.0,192.0,191.0,190.0,189.0,188.0,188.0,187.0,187.0,186.0,186.0,185.0,184.0
real,120,gulf,5,LSTM-ms,4,crossing,11,364,33,0.5263766885823216,32.0,31.0,30.0,29.0,28.0,27.0,26.0,25.0,24.0,23.0,23.0,22.0,21.0,20.0,19.0,19.0,18.0,18.0,17.0,17.0
real,120,gulf,5,LSTM-ms,4,crossing,12,429,269,0.12690255945741077,268.0,267.0,266.0,265.0,197.0,196.0,195.0,194.0,193.0,192.0,192.0,191.0,190.0,189.0,189.0,188.0,188.0,187.0,187.0,186.0
real,120,gulf,6,Reactive,0,zone,0,18,18,0.552803466026154,15.0,15.0,15.0,15.0,15.0,15.0,15.0,15.0,15.0,15.0,15.0,15.0,15.0,15.0,15.0,15.0,15.0,15.0,15.0,15.0
real,120,gulf,6,Reactive,0,zone,1,26,255,0.17872595161990176,41.0,41.0,41.0,41.0,41.0,41.0,41.0,41.0,41.0,41.0,41.0,41.0,41.0,41.0,41.0,41.0,41.0,41.0,41.0,41.0
real,120,gulf,6,Reactive,0,zone,2,45,87,0.18000837727799998,38.0,38.0,38.0,38.0,38.0,38.0,38.0,38.0,38.0,38.0,38.0,38.0,38.0,38.0,38.0,38.0,38.0,38.0,38.0,38.0
real,120,gulf,6,Reactive,0,zone,3,59,104,0.19730612297154423,104.0,104.0,104.0,104.0,104.0,104.0,104.0,104.0,104.0,104.0,104.0,104.0,104.0,104.0,104.0,104.0,104.0,104.0,104.0,104.0
real,120,gulf,6,Reactive,0,zone,4,82,103,0.16942456961930338,14.0,14.0,14.0,14.0,14.0,14.0,14.0,14.0,14.0,14.0,14.0,14.0,14.0,14.0,14.0,14.0,14.0,14.0,14.0,14.0
real,120,gulf,6,Reactive,0,zone,5,107,39,0.19734096054635633,21.0,21.0,21.0,21.0,21.0,21.0,21.0,21.0,21.0,21.0,21.0,21.0,21.0,21.0,21.0,21.0,21.0,21.0,21.0,21.0
real,120,gulf,6,Reactive,0,zone,6,167,12,0.19843114021298683,12.0,12.0,12.0,12.0,12.0,12.0,12.0,12.0,12.0,12.0,12.0,12.0,12.0,12.0,12.0,12.0,12.0,12.0,12.0,12.0
real,120,gulf,6,Reactive,0,zone,7,177,66,0.23556229891658642,58.0,58.0,58.0,58.0,58.0,58.0,58.0,58.0,58.0,58.0,58.0,58.0,58.0,58.0,58.0,58.0,58.0,58.0,58.0,58.0
real,120,gulf,6,Reactive,0,zone,8,197,105,0.03148015439772444,97.0,97.0,97.0,97.0,97.0,97.0,97.0,97.0,97.0,97.0,97.0,97.0,97.0,97.0,97.0,97.0,97.0,97.0,97.0,97.0
real,120,gulf,6,Reactive,0,zone,9,212,7,0.17634544423915027,0.0,0.0,0.0,0.0,0.0,0.0,0.0,0.0,0.0,0.0,0.0,0.0,0.0,0.0,0.0,0.0,0.0,0.0,0.0,0.0
real,120,gulf,6,Reactive,0,zone,10,213,23,0.16663300971635767,23.0,23.0,23.0,23.0,23.0,23.0,23.0,23.0,23.0,23.0,23.0,23.0,23.0,23.0,23.0,23.0,23.0,23.0,23.0,23.0
real,120,gulf,6,Reactive,0,zone,11,257,59,0.273530380677922,55.0,55.0,55.0,55.0,55.0,55.0,55.0,55.0,55.0,55.0,55.0,55.0,55.0,55.0,55.0,55.0,55.0,55.0,55.0,55.0
real,120,gulf,6,Reactive,0,zone,12,283,38,0.1669010114740257,38.0,38.0,38.0,38.0,38.0,38.0,38.0,38.0,38.0,38.0,38.0,38.0,38.0,38.0,38.0,38.0,38.0,38.0,38.0,38.0
real,120,gulf,6,Reactive,0,zone,13,298,160,0.1698126938675798,149.0,149.0,149.0,149.0,149.0,149.0,149.0,149.0,149.0,149.0,149.0,149.0,149.0,149.0,149.0,149.0,149.0,149.0,149.0,149.0
real,120,gulf,6,Reactive,0,zone,14,327,626,0.09391636577513113,623.0,623.0,623.0,623.0,623.0,623.0,623.0,623.0,623.0,623.0,623.0,623.0,623.0,623.0,623.0,623.0,623.0,623.0,623.0,623.0
real,120,gulf,6,Reactive,0,zone,15,332,547,0.15738216149807072,541.0,541.0,541.0,541.0,541.0,541.0,541.0,541.0,541.0,541.0,541.0,541.0,541.0,541.0,541.0,541.0,541.0,541.0,541.0,541.0
real,120,gulf,6,Reactive,0,zone,16,346,34,0.20179138006429215,30.0,30.0,30.0,30.0,30.0,30.0,30.0,30.0,30.0,30.0,30.0,30.0,30.0,30.0,30.0,30.0,30.0,30.0,30.0,30.0
real,120,gulf,6,Reactive,0,zone,17,363,80,0.1685264355172356,68.0,68.0,68.0,68.0,68.0,68.0,68.0,68.0,68.0,68.0,68.0,68.0,68.0,68.0,68.0,68.0,68.0,68.0,68.0,68.0
real,120,gulf,6,Reactive,0,zone,18,372,52,0.4584527507579535,48.0,48.0,48.0,48.0,48.0,48.0,48.0,48.0,48.0,48.0,48.0,48.0,48.0,48.0,48.0,48.0,48.0,48.0,48.0,48.0
real,120,gulf,6,Reactive,0,zone,19,401,54,0.27015042459883754,51.0,51.0,51.0,51.0,51.0,51.0,51.0,51.0,51.0,51.0,51.0,51.0,51.0,51.0,51.0,51.0,51.0,51.0,51.0,51.0
real,120,gulf,6,Reactive,0,zone,20,435,46,0.31601892030546674,43.0,43.0,43.0,43.0,43.0,43.0,43.0,43.0,43.0,43.0,43.0,43.0,43.0,43.0,43.0,43.0,43.0,43.0,43.0,43.0
real,120,gulf,6,Reactive,0,zone,21,458,191,0.25925038726184646,186.0,186.0,186.0,186.0,186.0,186.0,186.0,186.0,186.0,186.0,186.0,186.0,186.0,186.0,186.0,186.0,186.0,186.0,186.0,186.0
real,120,gulf,6,Reactive,0,zone,22,466,26,0.12560870421985212,0.0,0.0,0.0,0.0,0.0,0.0,0.0,0.0,0.0,0.0,0.0,0.0,0.0,0.0,0.0,0.0,0.0,0.0,0.0,0.0
real,120,gulf,6,Reactive,0,zone,23,481,17,0.07894012582873783,0.0,0.0,0.0,0.0,0.0,0.0,0.0,0.0,0.0,0.0,0.0,0.0,0.0,0.0,0.0,0.0,0.0,0.0,0.0,0.0
real,120,gulf,6,Reactive,0,zone,24,483,183,0.17417043005953228,180.0,180.0,180.0,180.0,180.0,180.0,180.0,180.0,180.0,180.0,180.0,180.0,180.0,180.0,180.0,180.0,180.0,180.0,180.0,180.0
real,120,gulf,6,Reactive,0,zone,25,493,354,0.14534196121976542,353.0,353.0,353.0,353.0,353.0,353.0,353.0,353.0,353.0,353.0,353.0,353.0,353.0,353.0,353.0,353.0,353.0,353.0,353.0,353.0
real,120,gulf,6,Analytic,0,buffer,0,18,18,0.552803466026154,14.0,13.0,12.0,11.0,10.0,8.0,7.0,6.0,6.0,6.0,6.0,6.0,6.0,6.0,6.0,6.0,6.0,6.0,6.0,6.0
real,120,gulf,6,Analytic,0,buffer,1,26,255,0.17872595161990176,41.0,41.0,41.0,40.0,39.0,38.0,38.0,31.0,13.0,12.0,6.0,6.0,6.0,6.0,6.0,6.0,6.0,6.0,6.0,6.0
real,120,gulf,6,Analytic,0,buffer,2,45,87,0.18000837727799998,37.0,36.0,33.0,31.0,30.0,29.0,28.0,27.0,26.0,25.0,24.0,23.0,22.0,21.0,20.0,19.0,18.0,18.0,17.0,16.0
real,120,gulf,6,Analytic,0,buffer,3,59,104,0.19730612297154423,104.0,104.0,104.0,104.0,104.0,104.0,104.0,104.0,104.0,104.0,104.0,104.0,104.0,104.0,104.0,104.0,104.0,104.0,104.0,104.0
real,120,gulf,6,Analytic,0,buffer,4,82,103,0.16942456961930338,14.0,13.0,12.0,12.0,10.0,8.0,8.0,8.0,8.0,7.0,7.0,7.0,7.0,7.0,7.0,7.0,7.0,7.0,7.0,7.0
real,120,gulf,6,Analytic,0,buffer,5,107,39,0.19734096054635633,19.0,18.0,17.0,16.0,15.0,14.0,13.0,11.0,9.0,6.0,6.0,6.0,6.0,6.0,6.0,6.0,6.0,6.0,6.0,6.0
real,120,gulf,6,Analytic,0,buffer,6,167,12,0.19843114021298683,12.0,12.0,12.0,12.0,12.0,12.0,12.0,12.0,12.0,12.0,12.0,12.0,12.0,12.0,12.0,12.0,12.0,12.0,12.0,12.0
real,120,gulf,6,Analytic,0,buffer,7,177,66,0.23556229891658642,57.0,56.0,55.0,55.0,54.0,54.0,53.0,53.0,52.0,52.0,51.0,51.0,51.0,51.0,44.0,44.0,21.0,20.0,19.0,18.0
real,120,gulf,6,Analytic,0,buffer,8,197,105,0.03148015439772444,95.0,94.0,93.0,92.0,91.0,90.0,89.0,88.0,88.0,87.0,86.0,84.0,83.0,82.0,81.0,80.0,79.0,78.0,77.0,76.0
real,120,gulf,6,Analytic,0,buffer,9,212,7,0.17634544423915027,6.0,6.0,6.0,6.0,6.0,6.0,6.0,6.0,6.0,6.0,6.0,6.0,6.0,6.0,6.0,6.0,6.0,6.0,6.0,6.0
real,120,gulf,6,Analytic,0,buffer,10,213,23,0.16663300971635767,23.0,23.0,23.0,23.0,23.0,23.0,23.0,23.0,23.0,23.0,23.0,23.0,23.0,23.0,23.0,23.0,23.0,23.0,23.0,23.0
real,120,gulf,6,Analytic,0,buffer,11,257,59,0.273530380677922,54.0,53.0,52.0,51.0,50.0,49.0,48.0,47.0,46.0,45.0,44.0,43.0,42.0,41.0,40.0,39.0,38.0,38.0,37.0,35.0
real,120,gulf,6,Analytic,0,buffer,12,283,38,0.1669010114740257,38.0,38.0,38.0,38.0,38.0,38.0,38.0,38.0,38.0,38.0,38.0,38.0,38.0,38.0,11.0,11.0,11.0,10.0,10.0,10.0
real,120,gulf,6,Analytic,0,buffer,13,298,160,0.1698126938675798,148.0,147.0,146.0,145.0,144.0,143.0,143.0,142.0,141.0,140.0,139.0,138.0,137.0,135.0,134.0,133.0,132.0,130.0,129.0,128.0
real,120,gulf,6,Analytic,0,buffer,14,327,626,0.09391636577513113,622.0,621.0,620.0,618.0,617.0,616.0,615.0,614.0,613.0,612.0,611.0,610.0,609.0,609.0,608.0,608.0,608.0,608.0,607.0,607.0
real,120,gulf,6,Analytic,0,buffer,15,332,547,0.15738216149807072,540.0,539.0,539.0,538.0,537.0,535.0,534.0,533.0,532.0,531.0,530.0,528.0,527.0,526.0,525.0,524.0,523.0,522.0,521.0,521.0
real,120,gulf,6,Analytic,0,buffer,16,346,34,0.20179138006429215,29.0,28.0,27.0,26.0,25.0,24.0,23.0,22.0,21.0,20.0,19.0,19.0,19.0,18.0,18.0,18.0,17.0,17.0,12.0,11.0
real,120,gulf,6,Analytic,0,buffer,17,363,80,0.1685264355172356,67.0,66.0,65.0,64.0,63.0,62.0,61.0,60.0,59.0,58.0,57.0,56.0,56.0,55.0,54.0,53.0,52.0,51.0,50.0,50.0
real,120,gulf,6,Analytic,0,buffer,18,372,52,0.4584527507579535,47.0,46.0,45.0,44.0,44.0,42.0,41.0,40.0,39.0,38.0,37.0,36.0,35.0,34.0,33.0,32.0,32.0,31.0,31.0,31.0
real,120,gulf,6,Analytic,0,buffer,19,401,54,0.27015042459883754,50.0,49.0,48.0,47.0,46.0,45.0,45.0,45.0,44.0,44.0,44.0,44.0,43.0,43.0,43.0,43.0,43.0,43.0,43.0,42.0
real,120,gulf,6,Analytic,0,buffer,20,435,46,0.31601892030546674,42.0,42.0,42.0,41.0,41.0,41.0,41.0,40.0,40.0,40.0,40.0,40.0,39.0,38.0,38.0,38.0,38.0,38.0,38.0,38.0
real,120,gulf,6,Analytic,0,buffer,21,458,191,0.25925038726184646,185.0,184.0,183.0,182.0,181.0,180.0,179.0,179.0,178.0,177.0,176.0,176.0,175.0,174.0,174.0,173.0,173.0,172.0,171.0,171.0
real,120,gulf,6,Analytic,0,buffer,22,466,26,0.12560870421985212,6.0,6.0,6.0,6.0,6.0,6.0,6.0,6.0,6.0,6.0,6.0,6.0,6.0,6.0,6.0,6.0,6.0,6.0,6.0,6.0
real,120,gulf,6,Analytic,0,buffer,23,481,17,0.07894012582873783,6.0,6.0,6.0,6.0,6.0,6.0,6.0,6.0,6.0,6.0,6.0,6.0,6.0,6.0,6.0,6.0,6.0,6.0,6.0,6.0
real,120,gulf,6,Analytic,0,buffer,24,483,183,0.17417043005953228,179.0,179.0,179.0,178.0,178.0,178.0,178.0,178.0,178.0,178.0,178.0,177.0,177.0,177.0,177.0,177.0,177.0,177.0,177.0,177.0
real,120,gulf,6,Analytic,0,buffer,25,493,354,0.14534196121976542,352.0,351.0,350.0,349.0,347.0,346.0,345.0,344.0,344.0,343.0,342.0,342.0,341.0,341.0,341.0,340.0,340.0,340.0,339.0,339.0
real,120,gulf,6,Analytic,0,crossing,0,18,18,0.552803466026154,17.0,16.0,15.0,15.0,14.0,13.0,12.0,11.0,10.0,8.0,7.0,6.0,6.0,6.0,6.0,6.0,6.0,6.0,6.0,6.0
real,120,gulf,6,Analytic,0,crossing,1,26,255,0.17872595161990176,254.0,253.0,252.0,251.0,250.0,250.0,249.0,163.0,162.0,161.0,45.0,44.0,44.0,44.0,44.0,43.0,43.0,43.0,43.0,43.0
real,120,gulf,6,Analytic,0,crossing,2,45,87,0.18000837727799998,86.0,84.0,83.0,82.0,81.0,81.0,80.0,80.0,79.0,79.0,79.0,78.0,78.0,78.0,46.0,46.0,31.0,30.0,29.0,28.0
real,120,gulf,6,Analytic,0,crossing,3,59,104,0.19730612297154423,104.0,104.0,104.0,104.0,104.0,104.0,104.0,104.0,104.0,104.0,104.0,104.0,104.0,104.0,104.0,104.0,104.0,104.0,104.0,104.0
real,120,gulf,6,Analytic,0,crossing,4,82,103,0.16942456961930338,102.0,101.0,100.0,99.0,16.0,16.0,15.0,15.0,14.0,14.0,13.0,13.0,12.0,9.0,8.0,8.0,8.0,8.0,8.0,8.0
real,120,gulf,6,Analytic,0,crossing,5,107,39,0.19734096054635633,38.0,37.0,36.0,35.0,34.0,33.0,32.0,31.0,30.0,29.0,28.0,27.0,26.0,25.0,22.0,19.0,18.0,17.0,6.0,6.0
real,120,gulf,6,Analytic,0,crossing,6,167,12,0.19843114021298683,12.0,12.0,12.0,12.0,12.0,12.0,12.0,12.0,12.0,12.0,12.0,12.0,12.0,12.0,12.0,12.0,12.0,12.0,12.0,12.0
real,120,gulf,6,Analytic,0,crossing,7,177,66,0.23556229891658642,65.0,64.0,63.0,62.0,61.0,60.0,59.0,58.0,57.0,57.0,56.0,56.0,56.0,55.0,55.0,54.0,54.0,54.0,54.0,53.0
real,120,gulf,6,Analytic,0,crossing,8,197,105,0.03148015439772444,104.0,103.0,102.0,101.0,100.0,100.0,99.0,98.0,97.0,96.0,95.0,94.0,93.0,92.0,91.0,90.0,89.0,88.0,87.0,86.0
real,120,gulf,6,Analytic,0,crossing,9,212,7,0.17634544423915027,6.0,6.0,6.0,6.0,6.0,6.0,6.0,6.0,6.0,6.0,6.0,6.0,6.0,6.0,6.0,6.0,6.0,6.0,6.0,6.0
real,120,gulf,6,Analytic,0,crossing,10,213,23,0.16663300971635767,23.0,23.0,23.0,23.0,23.0,23.0,23.0,23.0,23.0,23.0,23.0,23.0,23.0,23.0,23.0,23.0,23.0,23.0,23.0,23.0
real,120,gulf,6,Analytic,0,crossing,11,257,59,0.273530380677922,58.0,57.0,56.0,55.0,54.0,53.0,52.0,51.0,50.0,49.0,48.0,47.0,46.0,45.0,44.0,43.0,42.0,41.0,40.0,39.0
real,120,gulf,6,Analytic,0,crossing,12,283,38,0.1669010114740257,38.0,38.0,38.0,38.0,38.0,38.0,38.0,38.0,38.0,38.0,38.0,38.0,38.0,38.0,38.0,38.0,38.0,38.0,38.0,38.0
real,120,gulf,6,Analytic,0,crossing,13,298,160,0.1698126938675798,159.0,158.0,157.0,156.0,155.0,155.0,154.0,153.0,152.0,151.0,150.0,149.0,148.0,147.0,146.0,145.0,145.0,144.0,143.0,142.0
real,120,gulf,6,Analytic,0,crossing,14,327,626,0.09391636577513113,625.0,624.0,623.0,622.0,622.0,621.0,619.0,618.0,616.0,615.0,614.0,613.0,613.0,612.0,611.0,610.0,609.0,609.0,608.0,608.0
real,120,gulf,6,Analytic,0,crossing,15,332,547,0.15738216149807072,546.0,545.0,544.0,543.0,542.0,541.0,541.0,540.0,539.0,538.0,537.0,536.0,535.0,534.0,533.0,531.0,530.0,528.0,527.0,526.0
real,120,gulf,6,Analytic,0,crossing,16,346,34,0.20179138006429215,33.0,33.0,32.0,31.0,30.0,29.0,28.0,27.0,26.0,25.0,23.0,22.0,21.0,20.0,20.0,19.0,19.0,19.0,18.0,18.0
real,120,gulf,6,Analytic,0,crossing,17,363,80,0.1685264355172356,79.0,78.0,77.0,76.0,75.0,74.0,73.0,72.0,71.0,70.0,69.0,68.0,67.0,66.0,65.0,65.0,64.0,63.0,62.0,61.0
real,120,gulf,6,Analytic,0,crossing,18,372,52,0.4584527507579535,51.0,50.0,49.0,48.0,47.0,47.0,46.0,45.0,44.0,43.0,41.0,40.0,39.0,38.0,37.0,36.0,35.0,34.0,33.0,32.0
real,120,gulf,6,Analytic,0,crossing,19,401,54,0.27015042459883754,53.0,52.0,51.0,50.0,49.0,48.0,47.0,47.0,46.0,46.0,45.0,45.0,45.0,44.0,44.0,44.0,44.0,44.0,43.0,43.0
real,120,gulf,6,Analytic,0,crossing,20,435,46,0.31601892030546674,45.0,45.0,44.0,44.0,43.0,43.0,43.0,43.0,42.0,42.0,42.0,42.0,42.0,41.0,41.0,41.0,41.0,41.0,41.0,41.0
real,120,gulf,6,Analytic,0,crossing,21,458,191,0.25925038726184646,190.0,189.0,188.0,187.0,186.0,185.0,184.0,183.0,183.0,182.0,181.0,180.0,179.0,178.0,178.0,177.0,176.0,176.0,175.0,175.0
real,120,gulf,6,Analytic,0,crossing,22,466,26,0.12560870421985212,26.0,25.0,9.0,8.0,8.0,8.0,7.0,7.0,6.0,6.0,6.0,6.0,6.0,6.0,6.0,6.0,6.0,6.0,6.0,6.0
real,120,gulf,6,Analytic,0,crossing,23,481,17,0.07894012582873783,17.0,17.0,16.0,16.0,16.0,16.0,16.0,16.0,16.0,16.0,16.0,16.0,16.0,16.0,16.0,16.0,16.0,16.0,16.0,16.0
real,120,gulf,6,Analytic,0,crossing,24,483,183,0.17417043005953228,182.0,181.0,181.0,180.0,180.0,180.0,179.0,179.0,179.0,179.0,179.0,179.0,179.0,178.0,178.0,178.0,178.0,178.0,178.0,178.0
real,120,gulf,6,Analytic,0,crossing,25,493,354,0.14534196121976542,353.0,352.0,351.0,350.0,349.0,348.0,347.0,346.0,345.0,344.0,343.0,343.0,342.0,342.0,341.0,341.0,341.0,340.0,340.0,340.0
real,120,gulf,6,ConstVel,0,buffer,0,18,18,0.552803466026154,14.0,13.0,12.0,11.0,10.0,9.0,8.0,6.0,6.0,6.0,6.0,6.0,6.0,6.0,6.0,6.0,6.0,6.0,6.0,6.0
real,120,gulf,6,ConstVel,0,buffer,1,26,255,0.17872595161990176,41.0,41.0,37.0,36.0,23.0,23.0,23.0,12.0,12.0,11.0,11.0,11.0,8.0,7.0,7.0,7.0,7.0,7.0,7.0,7.0
real,120,gulf,6,ConstVel,0,buffer,2,45,87,0.18000837727799998,37.0,36.0,35.0,31.0,30.0,29.0,28.0,27.0,26.0,25.0,24.0,23.0,22.0,21.0,20.0,19.0,18.0,17.0,17.0,16.0
real,120,gulf,6,ConstVel,0,buffer,3,59,104,0.19730612297154423,103.0,102.0,101.0,100.0,99.0,98.0,97.0,96.0,95.0,94.0,93.0,93.0,90.0,89.0,89.0,86.0,84.0,84.0,82.0,82.0
real,120,gulf,6,ConstVel,0,buffer,4,82,103,0.16942456961930338,13.0,12.0,12.0,11.0,8.0,7.0,6.0,6.0,6.0,6.0,6.0,6.0,6.0,6.0,6.0,6.0,6.0,6.0,6.0,6.0
real,120,gulf,6,ConstVel,0,buffer,5,107,39,0.19734096054635633,20.0,18.0,17.0,16.0,15.0,15.0,14.0,13.0,11.0,9.0,7.0,6.0,6.0,6.0,6.0,6.0,6.0,6.0,6.0,6.0
real,120,gulf,6,ConstVel,0,buffer,6,167,12,0.19843114021298683,11.0,11.0,10.0,9.0,7.0,6.0,6.0,6.0,6.0,6.0,6.0,6.0,6.0,6.0,6.0,6.0,6.0,6.0,6.0,6.0
real,120,gulf,6,ConstVel,0,buffer,7,177,66,0.23556229891658642,57.0,56.0,55.0,54.0,54.0,53.0,53.0,52.0,52.0,44.0,44.0,44.0,44.0,43.0,43.0,42.0,21.0,20.0,19.0,19.0
real,120,gulf,6,ConstVel,0,buffer,8,197,105,0.03148015439772444,95.0,94.0,94.0,92.0,91.0,90.0,89.0,88.0,87.0,87.0,86.0,84.0,84.0,83.0,81.0,80.0,79.0,78.0,77.0,75.0
real,120,gulf,6,ConstVel,0,buffer,9,212,7,0.17634544423915027,6.0,6.0,6.0,6.0,6.0,6.0,6.0,6.0,6.0,6.0,6.0,6.0,6.0,6.0,6.0,6.0,6.0,6.0,6.0,6.0
real,120,gulf,6,ConstVel,0,buffer,10,213,23,0.16663300971635767,22.0,21.0,20.0,19.0,18.0,17.0,17.0,16.0,15.0,14.0,13.0,12.0,11.0,8.0,7.0,6.0,6.0,6.0,6.0,6.0
real,120,gulf,6,ConstVel,0,buffer,11,257,59,0.273530380677922,54.0,53.0,52.0,51.0,50.0,49.0,48.0,47.0,46.0,45.0,44.0,43.0,42.0,41.0,40.0,39.0,38.0,37.0,36.0,36.0
real,120,gulf,6,ConstVel,0,buffer,12,283,38,0.1669010114740257,37.0,36.0,35.0,34.0,33.0,33.0,31.0,30.0,30.0,29.0,7.0,7.0,7.0,7.0,7.0,7.0,7.0,7.0,7.0,7.0
real,120,gulf,6,ConstVel,0,buffer,13,298,160,0.1698126938675798,148.0,147.0,146.0,145.0,144.0,143.0,142.0,141.0,141.0,140.0,139.0,138.0,137.0,136.0,135.0,133.0,132.0,131.0,129.0,128.0
real,120,gulf,6,ConstVel,0,buffer,14,327,626,0.09391636577513113,622.0,621.0,620.0,619.0,618.0,616.0,614.0,614.0,613.0,612.0,611.0,610.0,609.0,608.0,607.0,606.0,606.0,605.0,605.0,605.0
real,120,gulf,6,ConstVel,0,buffer,15,332,547,0.15738216149807072,540.0,539.0,539.0,538.0,537.0,536.0,535.0,534.0,532.0,531.0,530.0,529.0,527.0,526.0,524.0,524.0,523.0,522.0,522.0,520.0
real,120,gulf,6,ConstVel,0,buffer,16,346,34,0.20179138006429215,29.0,28.0,27.0,26.0,26.0,25.0,23.0,22.0,20.0,19.0,19.0,18.0,17.0,16.0,16.0,16.0,16.0,16.0,16.0,10.0
real,120,gulf,6,ConstVel,0,buffer,17,363,80,0.1685264355172356,67.0,66.0,65.0,64.0,63.0,62.0,61.0,60.0,59.0,58.0,57.0,56.0,55.0,55.0,54.0,52.0,52.0,50.0,50.0,49.0
real,120,gulf,6,ConstVel,0,buffer,18,372,52,0.4584527507579535,47.0,46.0,45.0,44.0,44.0,43.0,42.0,41.0,39.0,37.0,37.0,36.0,35.0,34.0,33.0,33.0,32.0,30.0,29.0,28.0
real,120,gulf,6,ConstVel,0,buffer,19,401,54,0.27015042459883754,50.0,49.0,48.0,47.0,46.0,45.0,44.0,43.0,42.0,42.0,42.0,42.0,42.0,42.0,42.0,42.0,42.0,42.0,42.0,41.0
real,120,gulf,6,ConstVel,0,buffer,20,435,46,0.31601892030546674,42.0,41.0,41.0,41.0,40.0,40.0,37.0,37.0,37.0,37.0,37.0,37.0,37.0,37.0,37.0,37.0,37.0,37.0,37.0,37.0
real,120,gulf,6,ConstVel,0,buffer,21,458,191,0.25925038726184646,185.0,184.0,183.0,182.0,181.0,180.0,179.0,178.0,177.0,177.0,176.0,175.0,174.0,173.0,173.0,173.0,172.0,171.0,171.0,171.0
real,120,gulf,6,ConstVel,0,buffer,22,466,26,0.12560870421985212,6.0,6.0,6.0,6.0,6.0,6.0,6.0,6.0,6.0,6.0,6.0,6.0,6.0,6.0,6.0,6.0,6.0,6.0,6.0,6.0
real,120,gulf,6,ConstVel,0,buffer,23,481,17,0.07894012582873783,6.0,6.0,6.0,6.0,6.0,6.0,6.0,6.0,6.0,6.0,6.0,6.0,6.0,6.0,6.0,6.0,6.0,6.0,6.0,6.0
real,120,gulf,6,ConstVel,0,buffer,24,483,183,0.17417043005953228,179.0,178.0,178.0,177.0,177.0,177.0,177.0,177.0,177.0,177.0,177.0,177.0,177.0,177.0,176.0,176.0,176.0,176.0,176.0,176.0
real,120,gulf,6,ConstVel,0,buffer,25,493,354,0.14534196121976542,352.0,351.0,350.0,349.0,347.0,346.0,345.0,344.0,343.0,342.0,342.0,341.0,340.0,340.0,339.0,339.0,339.0,338.0,338.0,338.0
real,120,gulf,6,ConstVel,0,crossing,0,18,18,0.552803466026154,17.0,16.0,15.0,15.0,14.0,13.0,12.0,11.0,10.0,9.0,8.0,6.0,6.0,6.0,6.0,6.0,6.0,6.0,6.0,6.0
real,120,gulf,6,ConstVel,0,crossing,1,26,255,0.17872595161990176,254.0,253.0,252.0,251.0,250.0,249.0,210.0,161.0,161.0,42.0,42.0,42.0,41.0,41.0,41.0,41.0,41.0,41.0,41.0,41.0
real,120,gulf,6,ConstVel,0,crossing,2,45,87,0.18000837727799998,86.0,85.0,84.0,82.0,81.0,79.0,79.0,78.0,78.0,78.0,78.0,78.0,77.0,77.0,46.0,45.0,44.0,30.0,29.0,28.0
real,120,gulf,6,ConstVel,0,crossing,3,59,104,0.19730612297154423,103.0,102.0,101.0,100.0,99.0,98.0,97.0,96.0,95.0,94.0,93.0,93.0,90.0,89.0,89.0,86.0,84.0,84.0,82.0,82.0
real,120,gulf,6,ConstVel,0,crossing,4,82,103,0.16942456961930338,102.0,101.0,100.0,100.0,99.0,15.0,14.0,13.0,12.0,12.0,12.0,12.0,8.0,7.0,6.0,6.0,6.0,6.0,6.0,6.0
real,120,gulf,6,ConstVel,0,crossing,5,107,39,0.19734096054635633,38.0,37.0,36.0,35.0,34.0,33.0,31.0,30.0,29.0,29.0,28.0,27.0,26.0,25.0,24.0,23.0,18.0,17.0,16.0,15.0
real,120,gulf,6,ConstVel,0,crossing,6,167,12,0.19843114021298683,11.0,11.0,10.0,9.0,7.0,6.0,6.0,6.0,6.0,6.0,6.0,6.0,6.0,6.0,6.0,6.0,6.0,6.0,6.0,6.0
real,120,gulf,6,ConstVel,0,crossing,7,177,66,0.23556229891658642,65.0,64.0,63.0,62.0,61.0,60.0,59.0,58.0,57.0,56.0,55.0,54.0,54.0,54.0,54.0,54.0,53.0,53.0,53.0,44.0
real,120,gulf,6,ConstVel,0,crossing,8,197,105,0.03148015439772444,104.0,103.0,102.0,101.0,100.0,99.0,99.0,98.0,97.0,96.0,95.0,94.0,93.0,92.0,91.0,89.0,88.0,88.0,87.0,86.0
real,120,gulf,6,ConstVel,0,crossing,9,212,7,0.17634544423915027,6.0,6.0,6.0,6.0,6.0,6.0,6.0,6.0,6.0,6.0,6.0,6.0,6.0,6.0,6.0,6.0,6.0,6.0,6.0,6.0
real,120,gulf,6,ConstVel,0,crossing,10,213,23,0.16663300971635767,22.0,21.0,20.0,19.0,18.0,17.0,17.0,16.0,15.0,14.0,13.0,12.0,11.0,8.0,7.0,6.0,6.0,6.0,6.0,6.0
real,120,gulf,6,ConstVel,0,crossing,11,257,59,0.273530380677922,58.0,57.0,56.0,55.0,54.0,53.0,52.0,51.0,50.0,49.0,48.0,47.0,46.0,45.0,44.0,43.0,42.0,41.0,40.0,39.0
real,120,gulf,6,ConstVel,0,crossing,12,283,38,0.1669010114740257,37.0,36.0,35.0,34.0,33.0,33.0,31.0,30.0,30.0,29.0,28.0,27.0,27.0,26.0,8.0,8.0,8.0,8.0,8.0,8.0
real,120,gulf,6,ConstVel,0,crossing,13,298,160,0.1698126938675798,159.0,158.0,158.0,156.0,155.0,154.0,153.0,152.0,151.0,151.0,150.0,149.0,148.0,147.0,146.0,145.0,144.0,143.0,142.0,142.0
real,120,gulf,6,ConstVel,0,crossing,14,327,626,0.09391636577513113,625.0,624.0,623.0,622.0,621.0,621.0,620.0,619.0,618.0,615.0,614.0,613.0,612.0,612.0,611.0,610.0,608.0,607.0,606.0,606.0
real,120,gulf,6,ConstVel,0,crossing,15,332,547,0.15738216149807072,546.0,545.0,544.0,543.0,542.0,541.0,540.0,540.0,539.0,538.0,537.0,536.0,536.0,534.0,533.0,532.0,531.0,529.0,527.0,526.0
real,120,gulf,6,ConstVel,0,crossing,16,346,34,0.20179138006429215,33.0,32.0,32.0,31.0,30.0,29.0,28.0,27.0,26.0,25.0,24.0,23.0,22.0,20.0,19.0,18.0,17.0,16.0,16.0,16.0
real,120,gulf,6,ConstVel,0,crossing,17,363,80,0.1685264355172356,79.0,78.0,77.0,76.0,75.0,74.0,73.0,72.0,71.0,70.0,69.0,68.0,67.0,66.0,65.0,64.0,64.0,63.0,62.0,61.0
real,120,gulf,6,ConstVel,0,crossing,18,372,52,0.4584527507579535,51.0,50.0,49.0,48.0,48.0,46.0,45.0,45.0,44.0,43.0,42.0,41.0,40.0,37.0,37.0,36.0,35.0,34.0,33.0,33.0
real,120,gulf,6,ConstVel,0,crossing,19,401,54,0.27015042459883754,53.0,52.0,51.0,50.0,49.0,49.0,47.0,47.0,45.0,44.0,44.0,42.0,42.0,42.0,42.0,42.0,42.0,42.0,42.0,42.0
real,120,gulf,6,ConstVel,0,crossing,20,435,46,0.31601892030546674,45.0,44.0,43.0,43.0,42.0,42.0,41.0,41.0,41.0,41.0,41.0,41.0,41.0,41.0,40.0,37.0,37.0,37.0,37.0,37.0
real,120,gulf,6,ConstVel,0,crossing,21,458,191,0.25925038726184646,190.0,189.0,188.0,187.0,186.0,185.0,184.0,183.0,182.0,181.0,181.0,180.0,179.0,178.0,177.0,177.0,176.0,175.0,174.0,173.0
real,120,gulf,6,ConstVel,0,crossing,22,466,26,0.12560870421985212,25.0,25.0,8.0,8.0,7.0,6.0,6.0,6.0,6.0,6.0,6.0,6.0,6.0,6.0,6.0,6.0,6.0,6.0,6.0,6.0
real,120,gulf,6,ConstVel,0,crossing,23,481,17,0.07894012582873783,16.0,16.0,16.0,16.0,16.0,16.0,16.0,16.0,16.0,16.0,16.0,16.0,16.0,16.0,16.0,16.0,16.0,16.0,16.0,16.0
real,120,gulf,6,ConstVel,0,crossing,24,483,183,0.17417043005953228,182.0,181.0,180.0,179.0,179.0,178.0,178.0,178.0,178.0,177.0,177.0,177.0,177.0,177.0,177.0,177.0,177.0,177.0,177.0,177.0
real,120,gulf,6,ConstVel,0,crossing,25,493,354,0.14534196121976542,353.0,352.0,351.0,351.0,349.0,348.0,347.0,346.0,345.0,344.0,343.0,342.0,341.0,340.0,340.0,339.0,339.0,339.0,339.0,338.0
real,120,gulf,6,Kalman,0,buffer,0,18,18,0.552803466026154,14.0,13.0,12.0,11.0,10.0,9.0,8.0,6.0,6.0,6.0,6.0,6.0,6.0,6.0,6.0,6.0,6.0,6.0,6.0,6.0
real,120,gulf,6,Kalman,0,buffer,1,26,255,0.17872595161990176,41.0,41.0,37.0,37.0,36.0,24.0,24.0,12.0,12.0,12.0,11.0,11.0,8.0,8.0,7.0,7.0,7.0,7.0,7.0,6.0
real,120,gulf,6,Kalman,0,buffer,2,45,87,0.18000837727799998,37.0,36.0,35.0,31.0,30.0,29.0,28.0,27.0,26.0,25.0,24.0,23.0,22.0,21.0,20.0,19.0,18.0,17.0,17.0,16.0
real,120,gulf,6,Kalman,0,buffer,3,59,104,0.19730612297154423,103.0,102.0,101.0,100.0,99.0,98.0,97.0,96.0,95.0,94.0,93.0,92.0,90.0,89.0,88.0,86.0,85.0,84.0,82.0,82.0
real,120,gulf,6,Kalman,0,buffer,4,82,103,0.16942456961930338,13.0,13.0,12.0,12.0,8.0,7.0,7.0,6.0,6.0,6.0,6.0,6.0,6.0,6.0,6.0,6.0,6.0,6.0,6.0,6.0
real,120,gulf,6,Kalman,0,buffer,5,107,39,0.19734096054635633,20.0,18.0,17.0,16.0,15.0,15.0,14.0,12.0,11.0,9.0,6.0,6.0,6.0,6.0,6.0,6.0,6.0,6.0,6.0,6.0
real,120,gulf,6,Kalman,0,buffer,6,167,12,0.19843114021298683,11.0,11.0,9.0,8.0,7.0,6.0,6.0,6.0,6.0,6.0,6.0,6.0,6.0,6.0,6.0,6.0,6.0,6.0,6.0,6.0
real,120,gulf,6,Kalman,0,buffer,7,177,66,0.23556229891658642,57.0,56.0,55.0,54.0,54.0,53.0,53.0,53.0,52.0,51.0,44.0,44.0,44.0,44.0,43.0,43.0,21.0,20.0,19.0,18.0
real,120,gulf,6,Kalman,0,buffer,8,197,105,0.03148015439772444,95.0,94.0,93.0,92.0,91.0,90.0,89.0,88.0,88.0,87.0,86.0,84.0,84.0,83.0,81.0,80.0,79.0,78.0,76.0,75.0
real,120,gulf,6,Kalman,0,buffer,9,212,7,0.17634544423915027,6.0,6.0,6.0,6.0,6.0,6.0,6.0,6.0,6.0,6.0,6.0,6.0,6.0,6.0,6.0,6.0,6.0,6.0,6.0,6.0
real,120,gulf,6,Kalman,0,buffer,10,213,23,0.16663300971635767,22.0,21.0,20.0,19.0,18.0,17.0,17.0,16.0,15.0,14.0,13.0,12.0,11.0,8.0,6.0,6.0,6.0,6.0,6.0,6.0
real,120,gulf,6,Kalman,0,buffer,11,257,59,0.273530380677922,54.0,53.0,52.0,51.0,50.0,49.0,48.0,47.0,46.0,45.0,44.0,43.0,42.0,41.0,40.0,39.0,38.0,37.0,37.0,36.0
real,120,gulf,6,Kalman,0,buffer,12,283,38,0.1669010114740257,37.0,36.0,35.0,34.0,33.0,33.0,31.0,31.0,30.0,29.0,8.0,8.0,7.0,7.0,7.0,7.0,7.0,7.0,7.0,7.0
real,120,gulf,6,Kalman,0,buffer,13,298,160,0.1698126938675798,148.0,147.0,146.0,145.0,144.0,143.0,142.0,142.0,141.0,140.0,139.0,138.0,137.0,136.0,135.0,133.0,132.0,131.0,129.0,128.0
real,120,gulf,6,Kalman,0,buffer,14,327,626,0.09391636577513113,622.0,621.0,620.0,619.0,617.0,616.0,615.0,614.0,613.0,612.0,611.0,610.0,609.0,608.0,607.0,607.0,606.0,606.0,606.0,606.0
real,120,gulf,6,Kalman,0,buffer,15,332,547,0.15738216149807072,540.0,539.0,539.0,538.0,537.0,536.0,535.0,533.0,532.0,531.0,530.0,529.0,527.0,526.0,525.0,524.0,523.0,522.0,522.0,520.0
real,120,gulf,6,Kalman,0,buffer,16,346,34,0.20179138006429215,29.0,28.0,27.0,26.0,26.0,24.0,23.0,22.0,20.0,19.0,19.0,18.0,18.0,17.0,17.0,16.0,16.0,16.0,12.0,10.0
real,120,gulf,6,Kalman,0,buffer,17,363,80,0.1685264355172356,67.0,66.0,65.0,64.0,63.0,62.0,61.0,60.0,59.0,58.0,57.0,56.0,55.0,55.0,54.0,53.0,52.0,50.0,50.0,49.0
real,120,gulf,6,Kalman,0,buffer,18,372,52,0.4584527507579535,47.0,46.0,45.0,44.0,44.0,43.0,42.0,40.0,39.0,37.0,37.0,36.0,35.0,34.0,33.0,33.0,31.0,30.0,30.0,29.0
real,120,gulf,6,Kalman,0,buffer,19,401,54,0.27015042459883754,50.0,49.0,48.0,47.0,46.0,45.0,44.0,43.0,43.0,43.0,42.0,42.0,42.0,42.0,42.0,42.0,42.0,42.0,42.0,42.0
real,120,gulf,6,Kalman,0,buffer,20,435,46,0.31601892030546674,42.0,42.0,41.0,41.0,41.0,41.0,40.0,38.0,37.0,37.0,37.0,37.0,37.0,37.0,37.0,37.0,37.0,37.0,37.0,37.0
real,120,gulf,6,Kalman,0,buffer,21,458,191,0.25925038726184646,185.0,184.0,183.0,182.0,181.0,180.0,179.0,178.0,177.0,177.0,176.0,175.0,174.0,174.0,173.0,173.0,172.0,172.0,171.0,171.0
real,120,gulf,6,Kalman,0,buffer,22,466,26,0.12560870421985212,6.0,6.0,6.0,6.0,6.0,6.0,6.0,6.0,6.0,6.0,6.0,6.0,6.0,6.0,6.0,6.0,6.0,6.0,6.0,6.0
real,120,gulf,6,Kalman,0,buffer,23,481,17,0.07894012582873783,6.0,6.0,6.0,6.0,6.0,6.0,6.0,6.0,6.0,6.0,6.0,6.0,6.0,6.0,6.0,6.0,6.0,6.0,6.0,6.0
real,120,gulf,6,Kalman,0,buffer,24,483,183,0.17417043005953228,179.0,178.0,178.0,178.0,177.0,177.0,177.0,177.0,177.0,177.0,177.0,177.0,177.0,177.0,177.0,177.0,177.0,177.0,176.0,176.0
real,120,gulf,6,Kalman,0,buffer,25,493,354,0.14534196121976542,352.0,351.0,350.0,349.0,347.0,346.0,345.0,344.0,343.0,342.0,342.0,341.0,340.0,340.0,340.0,339.0,339.0,339.0,339.0,338.0
real,120,gulf,6,Kalman,0,crossing,0,18,18,0.552803466026154,17.0,16.0,15.0,15.0,14.0,13.0,12.0,11.0,10.0,9.0,8.0,6.0,6.0,6.0,6.0,6.0,6.0,6.0,6.0,6.0
real,120,gulf,6,Kalman,0,crossing,1,26,255,0.17872595161990176,254.0,253.0,252.0,251.0,250.0,249.0,248.0,162.0,161.0,43.0,43.0,42.0,42.0,42.0,42.0,42.0,42.0,42.0,41.0,41.0
real,120,gulf,6,Kalman,0,crossing,2,45,87,0.18000837727799998,86.0,85.0,84.0,82.0,81.0,80.0,79.0,79.0,78.0,78.0,78.0,78.0,78.0,77.0,46.0,45.0,44.0,30.0,29.0,28.0
real,120,gulf,6,Kalman,0,crossing,3,59,104,0.19730612297154423,103.0,102.0,101.0,100.0,99.0,98.0,97.0,96.0,95.0,94.0,93.0,92.0,90.0,89.0,88.0,86.0,85.0,84.0,82.0,82.0
real,120,gulf,6,Kalman,0,crossing,4,82,103,0.16942456961930338,102.0,101.0,100.0,100.0,99.0,15.0,14.0,14.0,13.0,13.0,12.0,12.0,8.0,7.0,7.0,7.0,6.0,6.0,6.0,6.0
real,120,gulf,6,Kalman,0,crossing,5,107,39,0.19734096054635633,38.0,37.0,36.0,35.0,34.0,33.0,31.0,30.0,30.0,29.0,28.0,27.0,26.0,25.0,24.0,23.0,18.0,17.0,16.0,15.0
real,120,gulf,6,Kalman,0,crossing,6,167,12,0.19843114021298683,11.0,11.0,9.0,8.0,7.0,6.0,6.0,6.0,6.0,6.0,6.0,6.0,6.0,6.0,6.0,6.0,6.0,6.0,6.0,6.0
real,120,gulf,6,Kalman,0,crossing,7,177,66,0.23556229891658642,65.0,64.0,63.0,62.0,61.0,60.0,59.0,58.0,57.0,56.0,55.0,55.0,54.0,54.0,54.0,54.0,54.0,53.0,53.0,53.0
real,120,gulf,6,Kalman,0,crossing,8,197,105,0.03148015439772444,104.0,103.0,102.0,101.0,100.0,99.0,99.0,98.0,97.0,96.0,95.0,94.0,93.0,92.0,90.0,89.0,88.0,88.0,87.0,86.0
real,120,gulf,6,Kalman,0,crossing,9,212,7,0.17634544423915027,6.0,6.0,6.0,6.0,6.0,6.0,6.0,6.0,6.0,6.0,6.0,6.0,6.0,6.0,6.0,6.0,6.0,6.0,6.0,6.0
real,120,gulf,6,Kalman,0,crossing,10,213,23,0.16663300971635767,22.0,21.0,20.0,19.0,18.0,17.0,17.0,16.0,15.0,14.0,13.0,12.0,11.0,8.0,6.0,6.0,6.0,6.0,6.0,6.0
real,120,gulf,6,Kalman,0,crossing,11,257,59,0.273530380677922,58.0,57.0,56.0,55.0,54.0,53.0,52.0,51.0,50.0,49.0,48.0,47.0,46.0,45.0,44.0,43.0,42.0,41.0,40.0,39.0
real,120,gulf,6,Kalman,0,crossing,12,283,38,0.1669010114740257,37.0,36.0,35.0,34.0,33.0,33.0,31.0,31.0,30.0,29.0,28.0,27.0,27.0,26.0,25.0,9.0,9.0,9.0,8.0,8.0
real,120,gulf,6,Kalman,0,crossing,13,298,160,0.1698126938675798,159.0,158.0,157.0,156.0,155.0,154.0,153.0,153.0,152.0,151.0,150.0,149.0,148.0,147.0,146.0,145.0,144.0,143.0,143.0,142.0
real,120,gulf,6,Kalman,0,crossing,14,327,626,0.09391636577513113,625.0,624.0,623.0,622.0,621.0,621.0,620.0,619.0,617.0,615.0,614.0,613.0,612.0,612.0,611.0,610.0,608.0,608.0,607.0,607.0
real,120,gulf,6,Kalman,0,crossing,15,332,547,0.15738216149807072,546.0,545.0,544.0,543.0,542.0,541.0,540.0,540.0,539.0,538.0,537.0,536.0,535.0,534.0,533.0,532.0,531.0,529.0,527.0,526.0
real,120,gulf,6,Kalman,0,crossing,16,346,34,0.20179138006429215,33.0,32.0,32.0,31.0,30.0,29.0,28.0,27.0,26.0,25.0,24.0,23.0,21.0,20.0,19.0,18.0,18.0,17.0,17.0,17.0
real,120,gulf,6,Kalman,0,crossing,17,363,80,0.1685264355172356,79.0,78.0,77.0,76.0,75.0,74.0,73.0,72.0,71.0,70.0,69.0,68.0,67.0,66.0,65.0,64.0,64.0,63.0,62.0,61.0
real,120,gulf,6,Kalman,0,crossing,18,372,52,0.4584527507579535,51.0,50.0,49.0,48.0,47.0,46.0,45.0,45.0,44.0,43.0,42.0,41.0,39.0,37.0,37.0,36.0,35.0,34.0,33.0,33.0
real,120,gulf,6,Kalman,0,crossing,19,401,54,0.27015042459883754,53.0,52.0,51.0,50.0,49.0,49.0,47.0,47.0,45.0,45.0,44.0,43.0,43.0,43.0,43.0,42.0,42.0,42.0,42.0,42.0
real,120,gulf,6,Kalman,0,crossing,20,435,46,0.31601892030546674,45.0,44.0,44.0,43.0,43.0,42.0,42.0,42.0,42.0,41.0,41.0,41.0,41.0,41.0,41.0,41.0,41.0,41.0,41.0,38.0
real,120,gulf,6,Kalman,0,crossing,21,458,191,0.25925038726184646,190.0,189.0,188.0,187.0,186.0,185.0,184.0,183.0,182.0,182.0,181.0,180.0,179.0,178.0,177.0,177.0,176.0,175.0,174.0,174.0
real,120,gulf,6,Kalman,0,crossing,22,466,26,0.12560870421985212,26.0,25.0,8.0,8.0,7.0,7.0,6.0,6.0,6.0,6.0,6.0,6.0,6.0,6.0,6.0,6.0,6.0,6.0,6.0,6.0
real,120,gulf,6,Kalman,0,crossing,23,481,17,0.07894012582873783,16.0,16.0,16.0,16.0,16.0,16.0,16.0,16.0,16.0,16.0,16.0,16.0,16.0,16.0,16.0,16.0,16.0,16.0,16.0,16.0
real,120,gulf,6,Kalman,0,crossing,24,483,183,0.17417043005953228,182.0,181.0,180.0,179.0,179.0,179.0,178.0,178.0,178.0,178.0,178.0,178.0,178.0,177.0,177.0,177.0,177.0,177.0,177.0,177.0
real,120,gulf,6,Kalman,0,crossing,25,493,354,0.14534196121976542,353.0,352.0,351.0,351.0,349.0,348.0,347.0,346.0,345.0,344.0,343.0,342.0,341.0,341.0,340.0,340.0,340.0,339.0,339.0,339.0
real,120,gulf,6,LSTM-rec,0,buffer,0,18,18,0.552803466026154,14.0,13.0,12.0,11.0,9.0,8.0,7.0,6.0,6.0,6.0,6.0,6.0,6.0,6.0,6.0,6.0,6.0,6.0,6.0,6.0
real,120,gulf,6,LSTM-rec,0,buffer,1,26,255,0.17872595161990176,41.0,37.0,30.0,23.0,16.0,11.0,11.0,7.0,6.0,6.0,6.0,6.0,6.0,6.0,6.0,6.0,6.0,6.0,6.0,6.0
real,120,gulf,6,LSTM-rec,0,buffer,2,45,87,0.18000837727799998,37.0,35.0,33.0,30.0,28.0,27.0,25.0,23.0,21.0,19.0,17.0,15.0,13.0,9.0,7.0,7.0,6.0,6.0,6.0,6.0
real,120,gulf,6,LSTM-rec,0,buffer,3,59,104,0.19730612297154423,103.0,101.0,100.0,98.0,97.0,95.0,93.0,91.0,89.0,86.0,84.0,82.0,79.0,78.0,75.0,71.0,70.0,69.0,67.0,63.0
real,120,gulf,6,LSTM-rec,0,buffer,4,82,103,0.16942456961930338,13.0,12.0,12.0,11.0,8.0,6.0,6.0,6.0,6.0,6.0,6.0,6.0,6.0,6.0,6.0,6.0,6.0,6.0,6.0,6.0
real,120,gulf,6,LSTM-rec,0,buffer,5,107,39,0.19734096054635633,19.0,18.0,17.0,15.0,13.0,11.0,9.0,7.0,6.0,6.0,6.0,6.0,6.0,6.0,6.0,6.0,6.0,6.0,6.0,6.0
real,120,gulf,6,LSTM-rec,0,buffer,6,167,12,0.19843114021298683,11.0,10.0,8.0,6.0,6.0,6.0,6.0,6.0,6.0,6.0,6.0,6.0,6.0,6.0,6.0,6.0,6.0,6.0,6.0,6.0
real,120,gulf,6,LSTM-rec,0,buffer,7,177,66,0.23556229891658642,57.0,56.0,54.0,54.0,53.0,52.0,51.0,44.0,43.0,42.0,20.0,18.0,15.0,13.0,10.0,10.0,10.0,10.0,10.0,9.0
real,120,gulf,6,LSTM-rec,0,buffer,8,197,105,0.03148015439772444,95.0,94.0,93.0,92.0,90.0,89.0,87.0,86.0,84.0,83.0,81.0,79.0,78.0,75.0,73.0,73.0,70.0,69.0,67.0,65.0
real,120,gulf,6,LSTM-rec,0,buffer,9,212,7,0.17634544423915027,6.0,6.0,6.0,6.0,6.0,6.0,6.0,6.0,6.0,6.0,6.0,6.0,6.0,6.0,6.0,6.0,6.0,6.0,6.0,6.0
real,120,gulf,6,LSTM-rec,0,buffer,10,213,23,0.16663300971635767,22.0,20.0,19.0,17.0,15.0,12.0,10.0,6.0,6.0,6.0,6.0,6.0,6.0,6.0,6.0,6.0,6.0,6.0,6.0,6.0
real,120,gulf,6,LSTM-rec,0,buffer,11,257,59,0.273530380677922,54.0,53.0,52.0,51.0,50.0,49.0,48.0,47.0,46.0,45.0,44.0,43.0,42.0,41.0,39.0,38.0,37.0,36.0,35.0,35.0
real,120,gulf,6,LSTM-rec,0,buffer,12,283,38,0.1669010114740257,37.0,35.0,34.0,32.0,30.0,28.0,26.0,7.0,7.0,6.0,6.0,6.0,6.0,6.0,6.0,6.0,6.0,6.0,6.0,6.0
real,120,gulf,6,LSTM-rec,0,buffer,13,298,160,0.1698126938675798,148.0,147.0,146.0,144.0,143.0,141.0,140.0,138.0,136.0,135.0,132.0,130.0,127.0,125.0,123.0,39.0,26.0,23.0,22.0,10.0
real,120,gulf,6,LSTM-rec,0,buffer,14,327,626,0.09391636577513113,622.0,621.0,620.0,619.0,618.0,616.0,614.0,614.0,612.0,612.0,611.0,609.0,608.0,607.0,606.0,606.0,605.0,605.0,605.0,605.0
real,120,gulf,6,LSTM-rec,0,buffer,15,332,547,0.15738216149807072,540.0,539.0,538.0,537.0,536.0,535.0,533.0,532.0,531.0,529.0,527.0,526.0,524.0,523.0,522.0,520.0,518.0,453.0,452.0,452.0
real,120,gulf,6,LSTM-rec,0,buffer,16,346,34,0.20179138006429215,29.0,28.0,27.0,26.0,25.0,24.0,23.0,21.0,20.0,19.0,18.0,17.0,16.0,16.0,16.0,12.0,10.0,9.0,8.0,7.0
real,120,gulf,6,LSTM-rec,0,buffer,17,363,80,0.1685264355172356,67.0,66.0,65.0,63.0,62.0,60.0,58.0,57.0,55.0,53.0,51.0,49.0,47.0,46.0,42.0,39.0,36.0,6.0,6.0,6.0
real,120,gulf,6,LSTM-rec,0,buffer,18,372,52,0.4584527507579535,47.0,46.0,45.0,44.0,43.0,42.0,41.0,40.0,38.0,37.0,36.0,35.0,33.0,33.0,32.0,30.0,29.0,28.0,28.0,28.0
real,120,gulf,6,LSTM-rec,0,buffer,19,401,54,0.27015042459883754,50.0,49.0,47.0,47.0,45.0,44.0,44.0,42.0,42.0,42.0,42.0,42.0,41.0,41.0,41.0,41.0,41.0,29.0,29.0,29.0
real,120,gulf,6,LSTM-rec,0,buffer,20,435,46,0.31601892030546674,42.0,41.0,41.0,40.0,37.0,37.0,37.0,37.0,36.0,36.0,36.0,6.0,6.0,6.0,6.0,6.0,6.0,6.0,6.0,6.0
real,120,gulf,6,LSTM-rec,0,buffer,21,458,191,0.25925038726184646,185.0,184.0,183.0,182.0,181.0,180.0,178.0,177.0,176.0,175.0,174.0,173.0,172.0,171.0,169.0,167.0,166.0,164.0,163.0,162.0
real,120,gulf,6,LSTM-rec,0,buffer,22,466,26,0.12560870421985212,6.0,6.0,6.0,6.0,6.0,6.0,6.0,6.0,6.0,6.0,6.0,6.0,6.0,6.0,6.0,6.0,6.0,6.0,6.0,6.0
real,120,gulf,6,LSTM-rec,0,buffer,23,481,17,0.07894012582873783,6.0,6.0,6.0,6.0,6.0,6.0,6.0,6.0,6.0,6.0,6.0,6.0,6.0,6.0,6.0,6.0,6.0,6.0,6.0,6.0
real,120,gulf,6,LSTM-rec,0,buffer,24,483,183,0.17417043005953228,179.0,178.0,177.0,177.0,177.0,177.0,177.0,176.0,175.0,110.0,110.0,6.0,6.0,6.0,6.0,6.0,6.0,6.0,6.0,6.0
real,120,gulf,6,LSTM-rec,0,buffer,25,493,354,0.14534196121976542,352.0,351.0,351.0,350.0,349.0,348.0,347.0,347.0,346.0,345.0,345.0,344.0,343.0,342.0,342.0,341.0,341.0,341.0,341.0,341.0
real,120,gulf,6,LSTM-rec,0,crossing,0,18,18,0.552803466026154,17.0,16.0,15.0,15.0,14.0,12.0,11.0,10.0,9.0,8.0,6.0,6.0,6.0,6.0,6.0,6.0,6.0,6.0,6.0,6.0
real,120,gulf,6,LSTM-rec,0,crossing,1,26,255,0.17872595161990176,254.0,253.0,252.0,250.0,249.0,161.0,160.0,41.0,41.0,41.0,23.0,12.0,11.0,7.0,7.0,6.0,6.0,6.0,6.0,6.0
real,120,gulf,6,LSTM-rec,0,crossing,2,45,87,0.18000837727799998,85.0,84.0,82.0,80.0,79.0,78.0,77.0,44.0,42.0,38.0,30.0,28.0,25.0,23.0,21.0,18.0,16.0,13.0,10.0,7.0
real,120,gulf,6,LSTM-rec,0,crossing,3,59,104,0.19730612297154423,103.0,101.0,100.0,98.0,97.0,95.0,93.0,91.0,89.0,86.0,84.0,82.0,79.0,78.0,75.0,71.0,70.0,69.0,67.0,63.0
real,120,gulf,6,LSTM-rec,0,crossing,4,82,103,0.16942456961930338,102.0,101.0,100.0,99.0,16.0,15.0,13.0,12.0,12.0,11.0,7.0,6.0,6.0,6.0,6.0,6.0,6.0,6.0,6.0,6.0
real,120,gulf,6,LSTM-rec,0,crossing,5,107,39,0.19734096054635633,38.0,36.0,35.0,33.0,31.0,29.0,27.0,24.0,21.0,18.0,15.0,13.0,9.0,6.0,6.0,6.0,6.0,6.0,6.0,6.0
real,120,gulf,6,LSTM-rec,0,crossing,6,167,12,0.19843114021298683,11.0,10.0,8.0,6.0,6.0,6.0,6.0,6.0,6.0,6.0,6.0,6.0,6.0,6.0,6.0,6.0,6.0,6.0,6.0,6.0
real,120,gulf,6,LSTM-rec,0,crossing,7,177,66,0.23556229891658642,65.0,64.0,63.0,62.0,60.0,59.0,58.0,56.0,55.0,54.0,54.0,53.0,44.0,44.0,43.0,21.0,19.0,16.0,13.0,10.0
real,120,gulf,6,LSTM-rec,0,crossing,8,197,105,0.03148015439772444,104.0,103.0,102.0,101.0,99.0,98.0,97.0,95.0,94.0,92.0,90.0,88.0,87.0,85.0,83.0,81.0,79.0,77.0,75.0,73.0
real,120,gulf,6,LSTM-rec,0,crossing,9,212,7,0.17634544423915027,6.0,6.0,6.0,6.0,6.0,6.0,6.0,6.0,6.0,6.0,6.0,6.0,6.0,6.0,6.0,6.0,6.0,6.0,6.0,6.0
real,120,gulf,6,LSTM-rec,0,crossing,10,213,23,0.16663300971635767,22.0,20.0,19.0,17.0,15.0,12.0,10.0,6.0,6.0,6.0,6.0,6.0,6.0,6.0,6.0,6.0,6.0,6.0,6.0,6.0
real,120,gulf,6,LSTM-rec,0,crossing,11,257,59,0.273530380677922,58.0,57.0,56.0,55.0,54.0,53.0,52.0,51.0,50.0,49.0,48.0,46.0,46.0,44.0,43.0,42.0,41.0,40.0,39.0,38.0
real,120,gulf,6,LSTM-rec,0,crossing,12,283,38,0.1669010114740257,37.0,35.0,34.0,32.0,30.0,28.0,26.0,23.0,20.0,8.0,7.0,7.0,7.0,7.0,7.0,7.0,6.0,6.0,6.0,6.0
real,120,gulf,6,LSTM-rec,0,crossing,13,298,160,0.1698126938675798,159.0,158.0,157.0,156.0,154.0,153.0,151.0,149.0,147.0,146.0,144.0,142.0,141.0,139.0,137.0,134.0,131.0,128.0,126.0,124.0
real,120,gulf,6,LSTM-rec,0,crossing,14,327,626,0.09391636577513113,625.0,624.0,623.0,622.0,621.0,621.0,620.0,618.0,617.0,615.0,614.0,613.0,612.0,611.0,610.0,608.0,608.0,607.0,606.0,605.0
real,120,gulf,6,LSTM-rec,0,crossing,15,332,547,0.15738216149807072,546.0,545.0,544.0,543.0,541.0,540.0,539.0,539.0,538.0,536.0,535.0,533.0,531.0,530.0,528.0,526.0,524.0,523.0,522.0,520.0
real,120,gulf,6,LSTM-rec,0,crossing,16,346,34,0.20179138006429215,33.0,32.0,32.0,31.0,30.0,29.0,27.0,26.0,25.0,24.0,23.0,21.0,19.0,18.0,18.0,16.0,16.0,16.0,16.0,11.0
real,120,gulf,6,LSTM-rec,0,crossing,17,363,80,0.1685264355172356,79.0,78.0,76.0,75.0,74.0,72.0,70.0,69.0,67.0,65.0,63.0,61.0,59.0,57.0,55.0,52.0,50.0,47.0,47.0,42.0
real,120,gulf,6,LSTM-rec,0,crossing,18,372,52,0.4584527507579535,51.0,50.0,49.0,48.0,47.0,46.0,45.0,44.0,43.0,42.0,41.0,39.0,37.0,36.0,35.0,34.0,33.0,32.0,30.0,30.0
real,120,gulf,6,LSTM-rec,0,crossing,19,401,54,0.27015042459883754,53.0,52.0,51.0,50.0,49.0,48.0,47.0,46.0,45.0,44.0,44.0,42.0,42.0,42.0,42.0,42.0,42.0,41.0,41.0,41.0
real,120,gulf,6,LSTM-rec,0,crossing,20,435,46,0.31601892030546674,45.0,44.0,43.0,43.0,42.0,42.0,41.0,41.0,41.0,40.0,37.0,37.0,37.0,37.0,37.0,36.0,36.0,36.0,6.0,6.0
real,120,gulf,6,LSTM-rec,0,crossing,21,458,191,0.25925038726184646,190.0,189.0,188.0,187.0,186.0,184.0,183.0,182.0,181.0,180.0,179.0,178.0,177.0,176.0,174.0,173.0,172.0,171.0,170.0,168.0
real,120,gulf,6,LSTM-rec,0,crossing,22,466,26,0.12560870421985212,25.0,22.0,8.0,7.0,6.0,6.0,6.0,6.0,6.0,6.0,6.0,6.0,6.0,6.0,6.0,6.0,6.0,6.0,6.0,6.0
real,120,gulf,6,LSTM-rec,0,crossing,23,481,17,0.07894012582873783,16.0,16.0,16.0,6.0,6.0,6.0,6.0,6.0,6.0,6.0,6.0,6.0,6.0,6.0,6.0,6.0,6.0,6.0,6.0,6.0
real,120,gulf,6,LSTM-rec,0,crossing,24,483,183,0.17417043005953228,182.0,181.0,180.0,179.0,179.0,178.0,178.0,177.0,177.0,177.0,177.0,177.0,177.0,177.0,176.0,175.0,110.0,110.0,6.0,6.0
real,120,gulf,6,LSTM-rec,0,crossing,25,493,354,0.14534196121976542,353.0,353.0,352.0,351.0,351.0,350.0,349.0,348.0,347.0,347.0,346.0,346.0,345.0,344.0,343.0,343.0,342.0,341.0,341.0,341.0
real,120,gulf,6,LSTM-ms,0,buffer,0,18,18,0.552803466026154,14.0,13.0,12.0,11.0,10.0,10.0,9.0,8.0,8.0,6.0,6.0,6.0,6.0,6.0,6.0,6.0,6.0,6.0,6.0,6.0
real,120,gulf,6,LSTM-ms,0,buffer,1,26,255,0.17872595161990176,41.0,41.0,41.0,40.0,36.0,23.0,23.0,23.0,23.0,12.0,12.0,12.0,11.0,11.0,11.0,11.0,11.0,7.0,7.0,7.0
real,120,gulf,6,LSTM-ms,0,buffer,2,45,87,0.18000837727799998,37.0,36.0,36.0,35.0,31.0,30.0,30.0,29.0,28.0,27.0,27.0,26.0,26.0,25.0,25.0,24.0,23.0,23.0,22.0,22.0
real,120,gulf,6,LSTM-ms,0,buffer,3,59,104,0.19730612297154423,103.0,102.0,101.0,101.0,100.0,100.0,100.0,98.0,98.0,97.0,97.0,96.0,96.0,95.0,95.0,95.0,94.0,94.0,93.0,93.0
real,120,gulf,6,LSTM-ms,0,buffer,4,82,103,0.16942456961930338,13.0,13.0,12.0,12.0,11.0,11.0,8.0,7.0,7.0,7.0,6.0,6.0,6.0,6.0,6.0,6.0,6.0,6.0,6.0,6.0
real,120,gulf,6,LSTM-ms,0,buffer,5,107,39,0.19734096054635633,20.0,19.0,18.0,17.0,16.0,16.0,15.0,14.0,14.0,13.0,12.0,11.0,10.0,9.0,7.0,7.0,6.0,6.0,6.0,6.0
real,120,gulf,6,LSTM-ms,0,buffer,6,167,12,0.19843114021298683,12.0,11.0,10.0,10.0,9.0,9.0,8.0,7.0,6.0,6.0,6.0,6.0,6.0,6.0,6.0,6.0,6.0,6.0,6.0,6.0
real,120,gulf,6,LSTM-ms,0,buffer,7,177,66,0.23556229891658642,57.0,56.0,55.0,54.0,54.0,54.0,54.0,53.0,53.0,53.0,53.0,53.0,44.0,44.0,44.0,44.0,44.0,44.0,44.0,44.0
real,120,gulf,6,LSTM-ms,0,buffer,8,197,105,0.03148015439772444,96.0,95.0,94.0,93.0,92.0,92.0,91.0,90.0,89.0,89.0,88.0,88.0,87.0,87.0,86.0,86.0,85.0,84.0,84.0,83.0
real,120,gulf,6,LSTM-ms,0,buffer,9,212,7,0.17634544423915027,6.0,6.0,6.0,6.0,6.0,6.0,6.0,6.0,6.0,6.0,6.0,6.0,6.0,6.0,6.0,6.0,6.0,6.0,6.0,6.0
real,120,gulf,6,LSTM-ms,0,buffer,10,213,23,0.16663300971635767,22.0,22.0,21.0,20.0,20.0,19.0,19.0,18.0,18.0,17.0,17.0,17.0,17.0,16.0,16.0,16.0,15.0,15.0,15.0,14.0
real,120,gulf,6,LSTM-ms,0,buffer,11,257,59,0.273530380677922,54.0,53.0,53.0,52.0,51.0,50.0,50.0,49.0,48.0,47.0,47.0,46.0,46.0,45.0,45.0,44.0,43.0,43.0,42.0,42.0
real,120,gulf,6,LSTM-ms,0,buffer,12,283,38,0.1669010114740257,37.0,36.0,36.0,35.0,35.0,34.0,34.0,33.0,33.0,33.0,7.0,7.0,7.0,7.0,7.0,7.0,7.0,7.0,7.0,7.0
real,120,gulf,6,LSTM-ms,0,buffer,13,298,160,0.1698126938675798,148.0,147.0,147.0,146.0,145.0,144.0,144.0,143.0,143.0,142.0,142.0,141.0,141.0,141.0,140.0,140.0,139.0,139.0,138.0,138.0
real,120,gulf,6,LSTM-ms,0,buffer,14,327,626,0.09391636577513113,622.0,621.0,620.0,619.0,618.0,618.0,617.0,615.0,614.0,614.0,613.0,613.0,612.0,612.0,612.0,611.0,611.0,611.0,610.0,610.0
real,120,gulf,6,LSTM-ms,0,buffer,15,332,547,0.15738216149807072,540.0,540.0,539.0,538.0,537.0,537.0,536.0,535.0,534.0,534.0,533.0,532.0,531.0,531.0,530.0,529.0,529.0,528.0,527.0,527.0
real,120,gulf,6,LSTM-ms,0,buffer,16,346,34,0.20179138006429215,29.0,29.0,28.0,27.0,26.0,26.0,25.0,24.0,23.0,22.0,21.0,20.0,20.0,19.0,19.0,18.0,18.0,18.0,18.0,17.0
real,120,gulf,6,LSTM-ms,0,buffer,17,363,80,0.1685264355172356,67.0,67.0,66.0,65.0,64.0,64.0,63.0,62.0,62.0,61.0,60.0,60.0,59.0,59.0,58.0,57.0,57.0,56.0,56.0,55.0
real,120,gulf,6,LSTM-ms,0,buffer,18,372,52,0.4584527507579535,47.0,46.0,46.0,45.0,44.0,44.0,43.0,42.0,41.0,40.0,40.0,39.0,38.0,37.0,37.0,37.0,36.0,36.0,35.0,35.0
real,120,gulf,6,LSTM-ms,0,buffer,19,401,54,0.27015042459883754,50.0,49.0,48.0,47.0,46.0,46.0,45.0,44.0,44.0,44.0,42.0,42.0,42.0,42.0,42.0,42.0,42.0,42.0,42.0,42.0
real,120,gulf,6,LSTM-ms,0,buffer,20,435,46,0.31601892030546674,42.0,41.0,41.0,41.0,40.0,40.0,37.0,37.0,37.0,37.0,37.0,37.0,37.0,37.0,37.0,37.0,37.0,37.0,37.0,37.0
real,120,gulf,6,LSTM-ms,0,buffer,21,458,191,0.25925038726184646,185.0,184.0,183.0,183.0,182.0,181.0,180.0,180.0,179.0,178.0,178.0,177.0,177.0,176.0,176.0,175.0,174.0,174.0,173.0,173.0
real,120,gulf,6,LSTM-ms,0,buffer,22,466,26,0.12560870421985212,6.0,6.0,6.0,6.0,6.0,6.0,6.0,6.0,6.0,6.0,6.0,6.0,6.0,6.0,6.0,6.0,6.0,6.0,6.0,6.0
real,120,gulf,6,LSTM-ms,0,buffer,23,481,17,0.07894012582873783,6.0,6.0,6.0,6.0,6.0,6.0,6.0,6.0,6.0,6.0,6.0,6.0,6.0,6.0,6.0,6.0,6.0,6.0,6.0,6.0
real,120,gulf,6,LSTM-ms,0,buffer,24,483,183,0.17417043005953228,179.0,178.0,178.0,177.0,177.0,177.0,177.0,177.0,177.0,177.0,177.0,177.0,177.0,177.0,177.0,177.0,177.0,177.0,177.0,177.0
real,120,gulf,6,LSTM-ms,0,buffer,25,493,354,0.14534196121976542,352.0,351.0,350.0,349.0,349.0,347.0,347.0,346.0,346.0,345.0,345.0,344.0,343.0,343.0,342.0,342.0,342.0,342.0,340.0,340.0
real,120,gulf,6,LSTM-ms,0,crossing,0,18,18,0.552803466026154,17.0,16.0,16.0,15.0,14.0,14.0,13.0,12.0,12.0,11.0,10.0,10.0,9.0,8.0,8.0,6.0,6.0,6.0,6.0,6.0
real,120,gulf,6,LSTM-ms,0,crossing,1,26,255,0.17872595161990176,254.0,253.0,253.0,252.0,251.0,250.0,250.0,249.0,210.0,210.0,161.0,161.0,160.0,160.0,160.0,160.0,160.0,42.0,41.0,41.0
real,120,gulf,6,LSTM-ms,0,crossing,2,45,87,0.18000837727799998,86.0,85.0,84.0,83.0,82.0,82.0,80.0,79.0,79.0,78.0,78.0,78.0,78.0,78.0,78.0,78.0,78.0,77.0,77.0,77.0
real,120,gulf,6,LSTM-ms,0,crossing,3,59,104,0.19730612297154423,103.0,102.0,101.0,101.0,100.0,100.0,100.0,98.0,98.0,97.0,97.0,96.0,96.0,95.0,95.0,95.0,94.0,94.0,93.0,93.0
real,120,gulf,6,LSTM-ms,0,crossing,4,82,103,0.16942456961930338,102.0,102.0,101.0,100.0,100.0,99.0,98.0,16.0,15.0,14.0,14.0,13.0,12.0,12.0,12.0,12.0,12.0,12.0,12.0,12.0
real,120,gulf,6,LSTM-ms,0,crossing,5,107,39,0.19734096054635633,38.0,37.0,36.0,36.0,35.0,34.0,33.0,32.0,32.0,31.0,30.0,30.0,29.0,29.0,28.0,28.0,27.0,27.0,26.0,26.0
real,120,gulf,6,LSTM-ms,0,crossing,6,167,12,0.19843114021298683,12.0,11.0,10.0,10.0,9.0,9.0,8.0,7.0,6.0,6.0,6.0,6.0,6.0,6.0,6.0,6.0,6.0,6.0,6.0,6.0
real,120,gulf,6,LSTM-ms,0,crossing,7,177,66,0.23556229891658642,65.0,64.0,64.0,63.0,62.0,62.0,61.0,60.0,59.0,59.0,58.0,58.0,57.0,57.0,56.0,56.0,55.0,55.0,54.0,54.0
real,120,gulf,6,LSTM-ms,0,crossing,8,197,105,0.03148015439772444,104.0,103.0,103.0,102.0,101.0,101.0,100.0,99.0,99.0,98.0,98.0,97.0,97.0,97.0,95.0,95.0,94.0,94.0,93.0,92.0
real,120,gulf,6,LSTM-ms,0,crossing,9,212,7,0.17634544423915027,6.0,6.0,6.0,6.0,6.0,6.0,6.0,6.0,6.0,6.0,6.0,6.0,6.0,6.0,6.0,6.0,6.0,6.0,6.0,6.0
real,120,gulf,6,LSTM-ms,0,crossing,10,213,23,0.16663300971635767,22.0,22.0,21.0,20.0,20.0,19.0,19.0,18.0,18.0,17.0,17.0,17.0,17.0,16.0,16.0,16.0,15.0,15.0,15.0,14.0
real,120,gulf,6,LSTM-ms,0,crossing,11,257,59,0.273530380677922,58.0,58.0,57.0,56.0,55.0,54.0,53.0,53.0,52.0,51.0,51.0,50.0,49.0,49.0,48.0,48.0,47.0,46.0,46.0,46.0
real,120,gulf,6,LSTM-ms,0,crossing,12,283,38,0.1669010114740257,37.0,36.0,36.0,35.0,35.0,34.0,34.0,33.0,33.0,33.0,32.0,32.0,31.0,31.0,30.0,30.0,30.0,29.0,29.0,29.0
real,120,gulf,6,LSTM-ms,0,crossing,13,298,160,0.1698126938675798,160.0,159.0,158.0,157.0,157.0,156.0,155.0,154.0,154.0,153.0,152.0,152.0,151.0,151.0,151.0,150.0,150.0,149.0,148.0,148.0
real,120,gulf,6,LSTM-ms,0,crossing,14,327,626,0.09391636577513113,625.0,624.0,624.0,623.0,622.0,621.0,621.0,620.0,619.0,619.0,618.0,617.0,615.0,614.0,614.0,613.0,613.0,613.0,612.0,612.0
real,120,gulf,6,LSTM-ms,0,crossing,15,332,547,0.15738216149807072,546.0,545.0,544.0,543.0,543.0,542.0,541.0,541.0,540.0,540.0,539.0,539.0,539.0,538.0,538.0,537.0,536.0,536.0,535.0,535.0
real,120,gulf,6,LSTM-ms,0,crossing,16,346,34,0.20179138006429215,34.0,33.0,32.0,31.0,31.0,30.0,29.0,29.0,28.0,27.0,27.0,26.0,26.0,25.0,24.0,23.0,23.0,22.0,20.0,20.0
real,120,gulf,6,LSTM-ms,0,crossing,17,363,80,0.1685264355172356,79.0,78.0,78.0,77.0,76.0,75.0,75.0,74.0,73.0,73.0,72.0,71.0,71.0,70.0,70.0,69.0,69.0,68.0,68.0,67.0
real,120,gulf,6,LSTM-ms,0,crossing,18,372,52,0.4584527507579535,51.0,50.0,50.0,49.0,48.0,48.0,47.0,46.0,45.0,45.0,44.0,44.0,43.0,43.0,42.0,41.0,40.0,40.0,39.0,38.0
real,120,gulf,6,LSTM-ms,0,crossing,19,401,54,0.27015042459883754,54.0,53.0,52.0,51.0,50.0,49.0,49.0,48.0,47.0,47.0,46.0,46.0,45.0,45.0,44.0,44.0,44.0,42.0,42.0,42.0
real,120,gulf,6,LSTM-ms,0,crossing,20,435,46,0.31601892030546674,45.0,45.0,44.0,43.0,43.0,42.0,42.0,42.0,41.0,41.0,41.0,41.0,41.0,41.0,41.0,41.0,41.0,41.0,40.0,40.0
real,120,gulf,6,LSTM-ms,0,crossing,21,458,191,0.25925038726184646,190.0,189.0,188.0,187.0,187.0,186.0,185.0,184.0,184.0,183.0,183.0,182.0,181.0,181.0,180.0,180.0,179.0,179.0,178.0,178.0
real,120,gulf,6,LSTM-ms,0,crossing,22,466,26,0.12560870421985212,25.0,25.0,25.0,8.0,8.0,7.0,7.0,7.0,6.0,6.0,6.0,6.0,6.0,6.0,6.0,6.0,6.0,6.0,6.0,6.0
real,120,gulf,6,LSTM-ms,0,crossing,23,481,17,0.07894012582873783,16.0,16.0,16.0,16.0,16.0,16.0,16.0,16.0,16.0,16.0,16.0,16.0,16.0,16.0,16.0,16.0,16.0,16.0,16.0,16.0
real,120,gulf,6,LSTM-ms,0,crossing,24,483,183,0.17417043005953228,182.0,181.0,180.0,180.0,179.0,179.0,178.0,178.0,178.0,178.0,177.0,177.0,177.0,177.0,177.0,177.0,177.0,177.0,177.0,177.0
real,120,gulf,6,LSTM-ms,0,crossing,25,493,354,0.14534196121976542,353.0,353.0,352.0,351.0,350.0,350.0,349.0,348.0,347.0,346.0,346.0,345.0,345.0,344.0,344.0,343.0,343.0,342.0,342.0,342.0
real,120,gulf,6,LSTM-rec,1,buffer,0,18,18,0.552803466026154,14.0,13.0,12.0,11.0,9.0,9.0,7.0,6.0,6.0,6.0,6.0,6.0,6.0,6.0,6.0,6.0,6.0,6.0,6.0,6.0
real,120,gulf,6,LSTM-rec,1,buffer,1,26,255,0.17872595161990176,41.0,37.0,30.0,23.0,16.0,11.0,11.0,7.0,6.0,6.0,6.0,6.0,6.0,6.0,6.0,6.0,6.0,6.0,6.0,6.0
real,120,gulf,6,LSTM-rec,1,buffer,2,45,87,0.18000837727799998,37.0,35.0,32.0,30.0,28.0,27.0,25.0,23.0,21.0,19.0,17.0,15.0,13.0,9.0,7.0,7.0,6.0,6.0,6.0,6.0
real,120,gulf,6,LSTM-rec,1,buffer,3,59,104,0.19730612297154423,103.0,101.0,100.0,98.0,97.0,95.0,93.0,91.0,89.0,86.0,84.0,82.0,79.0,77.0,73.0,71.0,70.0,68.0,67.0,63.0
real,120,gulf,6,LSTM-rec,1,buffer,4,82,103,0.16942456961930338,13.0,12.0,12.0,11.0,8.0,7.0,6.0,6.0,6.0,6.0,6.0,6.0,6.0,6.0,6.0,6.0,6.0,6.0,6.0,6.0
real,120,gulf,6,LSTM-rec,1,buffer,5,107,39,0.19734096054635633,19.0,18.0,17.0,15.0,13.0,11.0,9.0,6.0,6.0,6.0,6.0,6.0,6.0,6.0,6.0,6.0,6.0,6.0,6.0,6.0
real,120,gulf,6,LSTM-rec,1,buffer,6,167,12,0.19843114021298683,11.0,10.0,8.0,6.0,6.0,6.0,6.0,6.0,6.0,6.0,6.0,6.0,6.0,6.0,6.0,6.0,6.0,6.0,6.0,6.0
real,120,gulf,6,LSTM-rec,1,buffer,7,177,66,0.23556229891658642,57.0,56.0,54.0,54.0,53.0,52.0,51.0,44.0,43.0,43.0,20.0,18.0,16.0,14.0,10.0,10.0,10.0,10.0,10.0,9.0
real,120,gulf,6,LSTM-rec,1,buffer,8,197,105,0.03148015439772444,95.0,94.0,93.0,92.0,90.0,89.0,88.0,86.0,84.0,83.0,81.0,79.0,77.0,75.0,73.0,73.0,70.0,69.0,66.0,65.0
real,120,gulf,6,LSTM-rec,1,buffer,9,212,7,0.17634544423915027,6.0,6.0,6.0,6.0,6.0,6.0,6.0,6.0,6.0,6.0,6.0,6.0,6.0,6.0,6.0,6.0,6.0,6.0,6.0,6.0
real,120,gulf,6,LSTM-rec,1,buffer,10,213,23,0.16663300971635767,22.0,20.0,19.0,17.0,15.0,12.0,10.0,6.0,6.0,6.0,6.0,6.0,6.0,6.0,6.0,6.0,6.0,6.0,6.0,6.0
real,120,gulf,6,LSTM-rec,1,buffer,11,257,59,0.273530380677922,54.0,53.0,52.0,51.0,50.0,49.0,48.0,47.0,46.0,45.0,44.0,43.0,42.0,41.0,39.0,39.0,38.0,37.0,36.0,35.0
real,120,gulf,6,LSTM-rec,1,buffer,12,283,38,0.1669010114740257,37.0,35.0,34.0,32.0,30.0,28.0,26.0,7.0,7.0,7.0,6.0,6.0,6.0,6.0,6.0,6.0,6.0,6.0,6.0,6.0
real,120,gulf,6,LSTM-rec,1,buffer,13,298,160,0.1698126938675798,148.0,147.0,145.0,144.0,143.0,141.0,140.0,138.0,136.0,134.0,132.0,129.0,127.0,125.0,123.0,40.0,39.0,25.0,23.0,21.0
real,120,gulf,6,LSTM-rec,1,buffer,14,327,626,0.09391636577513113,622.0,621.0,620.0,619.0,618.0,616.0,614.0,614.0,612.0,612.0,611.0,610.0,609.0,608.0,607.0,606.0,605.0,605.0,605.0,605.0
real,120,gulf,6,LSTM-rec,1,buffer,15,332,547,0.15738216149807072,540.0,539.0,538.0,537.0,536.0,535.0,533.0,532.0,531.0,529.0,527.0,526.0,524.0,523.0,522.0,520.0,520.0,518.0,453.0,452.0
real,120,gulf,6,LSTM-rec,1,buffer,16,346,34,0.20179138006429215,29.0,28.0,27.0,26.0,25.0,24.0,23.0,21.0,20.0,19.0,18.0,17.0,16.0,16.0,16.0,16.0,12.0,10.0,9.0,8.0
real,120,gulf,6,LSTM-rec,1,buffer,17,363,80,0.1685264355172356,67.0,66.0,65.0,63.0,62.0,60.0,58.0,57.0,55.0,53.0,51.0,49.0,47.0,47.0,42.0,39.0,36.0,14.0,6.0,6.0
real,120,gulf,6,LSTM-rec,1,buffer,18,372,52,0.4584527507579535,47.0,46.0,45.0,44.0,43.0,42.0,41.0,40.0,38.0,37.0,36.0,35.0,34.0,33.0,33.0,32.0,30.0,29.0,28.0,28.0
real,120,gulf,6,LSTM-rec,1,buffer,19,401,54,0.27015042459883754,50.0,49.0,48.0,47.0,45.0,44.0,44.0,43.0,42.0,42.0,42.0,42.0,42.0,41.0,41.0,41.0,41.0,29.0,29.0,29.0
real,120,gulf,6,LSTM-rec,1,buffer,20,435,46,0.31601892030546674,42.0,41.0,41.0,40.0,37.0,37.0,37.0,37.0,37.0,36.0,36.0,6.0,6.0,6.0,6.0,6.0,6.0,6.0,6.0,6.0
real,120,gulf,6,LSTM-rec,1,buffer,21,458,191,0.25925038726184646,185.0,184.0,183.0,182.0,181.0,180.0,179.0,177.0,176.0,175.0,174.0,173.0,172.0,171.0,170.0,168.0,166.0,165.0,164.0,163.0
real,120,gulf,6,LSTM-rec,1,buffer,22,466,26,0.12560870421985212,6.0,6.0,6.0,6.0,6.0,6.0,6.0,6.0,6.0,6.0,6.0,6.0,6.0,6.0,6.0,6.0,6.0,6.0,6.0,6.0
real,120,gulf,6,LSTM-rec,1,buffer,23,481,17,0.07894012582873783,6.0,6.0,6.0,6.0,6.0,6.0,6.0,6.0,6.0,6.0,6.0,6.0,6.0,6.0,6.0,6.0,6.0,6.0,6.0,6.0
real,120,gulf,6,LSTM-rec,1,buffer,24,483,183,0.17417043005953228,179.0,178.0,177.0,177.0,177.0,177.0,177.0,176.0,176.0,110.0,110.0,6.0,6.0,6.0,6.0,6.0,6.0,6.0,6.0,6.0
real,120,gulf,6,LSTM-rec,1,buffer,25,493,354,0.14534196121976542,352.0,351.0,350.0,349.0,348.0,347.0,346.0,346.0,345.0,344.0,343.0,342.0,342.0,342.0,342.0,340.0,340.0,340.0,339.0,339.0
real,120,gulf,6,LSTM-rec,1,crossing,0,18,18,0.552803466026154,17.0,16.0,15.0,15.0,14.0,12.0,11.0,10.0,9.0,9.0,7.0,6.0,6.0,6.0,6.0,6.0,6.0,6.0,6.0,6.0
real,120,gulf,6,LSTM-rec,1,crossing,1,26,255,0.17872595161990176,254.0,253.0,252.0,250.0,249.0,161.0,160.0,42.0,41.0,41.0,41.0,23.0,11.0,8.0,7.0,6.0,6.0,6.0,6.0,6.0
real,120,gulf,6,LSTM-rec,1,crossing,2,45,87,0.18000837727799998,85.0,84.0,82.0,80.0,79.0,78.0,77.0,44.0,42.0,39.0,30.0,28.0,25.0,23.0,21.0,18.0,16.0,14.0,10.0,7.0
real,120,gulf,6,LSTM-rec,1,crossing,3,59,104,0.19730612297154423,103.0,101.0,100.0,98.0,97.0,95.0,93.0,91.0,89.0,86.0,84.0,82.0,79.0,77.0,73.0,71.0,70.0,68.0,67.0,63.0
real,120,gulf,6,LSTM-rec,1,crossing,4,82,103,0.16942456961930338,102.0,101.0,100.0,98.0,16.0,14.0,13.0,12.0,12.0,11.0,7.0,6.0,6.0,6.0,6.0,6.0,6.0,6.0,6.0,6.0
real,120,gulf,6,LSTM-rec,1,crossing,5,107,39,0.19734096054635633,38.0,36.0,35.0,33.0,31.0,29.0,27.0,24.0,22.0,18.0,16.0,13.0,10.0,6.0,6.0,6.0,6.0,6.0,6.0,6.0
real,120,gulf,6,LSTM-rec,1,crossing,6,167,12,0.19843114021298683,11.0,10.0,8.0,6.0,6.0,6.0,6.0,6.0,6.0,6.0,6.0,6.0,6.0,6.0,6.0,6.0,6.0,6.0,6.0,6.0
real,120,gulf,6,LSTM-rec,1,crossing,7,177,66,0.23556229891658642,65.0,64.0,63.0,62.0,60.0,59.0,58.0,56.0,55.0,54.0,54.0,53.0,44.0,44.0,43.0,21.0,19.0,16.0,14.0,10.0
real,120,gulf,6,LSTM-rec,1,crossing,8,197,105,0.03148015439772444,104.0,103.0,102.0,101.0,100.0,98.0,97.0,95.0,94.0,92.0,90.0,88.0,87.0,85.0,83.0,81.0,79.0,77.0,75.0,73.0
real,120,gulf,6,LSTM-rec,1,crossing,9,212,7,0.17634544423915027,6.0,6.0,6.0,6.0,6.0,6.0,6.0,6.0,6.0,6.0,6.0,6.0,6.0,6.0,6.0,6.0,6.0,6.0,6.0,6.0
real,120,gulf,6,LSTM-rec,1,crossing,10,213,23,0.16663300971635767,22.0,20.0,19.0,17.0,15.0,12.0,10.0,6.0,6.0,6.0,6.0,6.0,6.0,6.0,6.0,6.0,6.0,6.0,6.0,6.0
real,120,gulf,6,LSTM-rec,1,crossing,11,257,59,0.273530380677922,58.0,57.0,56.0,55.0,54.0,53.0,52.0,51.0,50.0,49.0,48.0,47.0,46.0,44.0,43.0,42.0,41.0,40.0,39.0,38.0
real,120,gulf,6,LSTM-rec,1,crossing,12,283,38,0.1669010114740257,37.0,35.0,34.0,32.0,30.0,28.0,26.0,23.0,20.0,16.0,8.0,7.0,7.0,7.0,7.0,7.0,6.0,6.0,6.0,6.0
real,120,gulf,6,LSTM-rec,1,crossing,13,298,160,0.1698126938675798,159.0,158.0,157.0,155.0,154.0,153.0,151.0,149.0,147.0,146.0,144.0,142.0,141.0,139.0,136.0,134.0,131.0,128.0,126.0,123.0
real,120,gulf,6,LSTM-rec,1,crossing,14,327,626,0.09391636577513113,625.0,624.0,623.0,622.0,621.0,620.0,620.0,618.0,617.0,615.0,614.0,613.0,612.0,612.0,611.0,610.0,609.0,607.0,607.0,606.0
real,120,gulf,6,LSTM-rec,1,crossing,15,332,547,0.15738216149807072,546.0,544.0,544.0,543.0,541.0,540.0,540.0,539.0,538.0,536.0,535.0,533.0,532.0,530.0,528.0,527.0,525.0,523.0,522.0,522.0
real,120,gulf,6,LSTM-rec,1,crossing,16,346,34,0.20179138006429215,33.0,33.0,32.0,31.0,30.0,29.0,27.0,26.0,26.0,24.0,23.0,21.0,20.0,19.0,18.0,17.0,16.0,16.0,16.0,16.0
real,120,gulf,6,LSTM-rec,1,crossing,17,363,80,0.1685264355172356,79.0,78.0,76.0,75.0,73.0,72.0,70.0,69.0,67.0,65.0,63.0,61.0,59.0,57.0,55.0,52.0,50.0,47.0,47.0,43.0
real,120,gulf,6,LSTM-rec,1,crossing,18,372,52,0.4584527507579535,51.0,50.0,49.0,48.0,47.0,46.0,45.0,44.0,43.0,42.0,41.0,40.0,38.0,37.0,36.0,35.0,34.0,33.0,32.0,30.0
real,120,gulf,6,LSTM-rec,1,crossing,19,401,54,0.27015042459883754,53.0,52.0,51.0,50.0,49.0,48.0,47.0,46.0,45.0,44.0,43.0,42.0,42.0,42.0,42.0,42.0,42.0,41.0,41.0,41.0
real,120,gulf,6,LSTM-rec,1,crossing,20,435,46,0.31601892030546674,45.0,44.0,43.0,43.0,42.0,42.0,41.0,41.0,41.0,40.0,37.0,37.0,37.0,37.0,37.0,36.0,36.0,36.0,6.0,6.0
real,120,gulf,6,LSTM-rec,1,crossing,21,458,191,0.25925038726184646,190.0,189.0,188.0,187.0,186.0,184.0,183.0,182.0,181.0,180.0,179.0,178.0,177.0,175.0,174.0,173.0,173.0,171.0,170.0,169.0
real,120,gulf,6,LSTM-rec,1,crossing,22,466,26,0.12560870421985212,25.0,22.0,8.0,7.0,6.0,6.0,6.0,6.0,6.0,6.0,6.0,6.0,6.0,6.0,6.0,6.0,6.0,6.0,6.0,6.0
real,120,gulf,6,LSTM-rec,1,crossing,23,481,17,0.07894012582873783,16.0,16.0,16.0,6.0,6.0,6.0,6.0,6.0,6.0,6.0,6.0,6.0,6.0,6.0,6.0,6.0,6.0,6.0,6.0,6.0
real,120,gulf,6,LSTM-rec,1,crossing,24,483,183,0.17417043005953228,182.0,181.0,180.0,179.0,179.0,178.0,178.0,177.0,177.0,177.0,177.0,177.0,177.0,177.0,176.0,175.0,110.0,110.0,6.0,6.0
real,120,gulf,6,LSTM-rec,1,crossing,25,493,354,0.14534196121976542,353.0,352.0,352.0,351.0,350.0,349.0,348.0,347.0,346.0,346.0,345.0,344.0,343.0,342.0,342.0,342.0,342.0,342.0,340.0,340.0
real,120,gulf,6,LSTM-ms,1,buffer,0,18,18,0.552803466026154,14.0,13.0,12.0,11.0,10.0,9.0,8.0,8.0,7.0,6.0,6.0,6.0,6.0,6.0,6.0,6.0,6.0,6.0,6.0,6.0
real,120,gulf,6,LSTM-ms,1,buffer,1,26,255,0.17872595161990176,41.0,41.0,40.0,40.0,36.0,23.0,23.0,23.0,23.0,23.0,16.0,12.0,12.0,12.0,11.0,11.0,11.0,11.0,11.0,11.0
real,120,gulf,6,LSTM-ms,1,buffer,2,45,87,0.18000837727799998,37.0,36.0,35.0,35.0,31.0,30.0,29.0,29.0,28.0,28.0,27.0,27.0,26.0,26.0,25.0,25.0,25.0,24.0,24.0,23.0
real,120,gulf,6,LSTM-ms,1,buffer,3,59,104,0.19730612297154423,103.0,102.0,101.0,101.0,100.0,100.0,98.0,98.0,98.0,97.0,97.0,97.0,96.0,96.0,95.0,95.0,95.0,95.0,95.0,95.0
real,120,gulf,6,LSTM-ms,1,buffer,4,82,103,0.16942456961930338,13.0,13.0,12.0,12.0,11.0,8.0,8.0,7.0,7.0,7.0,6.0,6.0,6.0,6.0,6.0,6.0,6.0,6.0,6.0,6.0
real,120,gulf,6,LSTM-ms,1,buffer,5,107,39,0.19734096054635633,20.0,19.0,18.0,17.0,16.0,15.0,15.0,14.0,14.0,13.0,13.0,12.0,12.0,11.0,9.0,7.0,6.0,6.0,6.0,6.0
real,120,gulf,6,LSTM-ms,1,buffer,6,167,12,0.19843114021298683,12.0,11.0,10.0,9.0,9.0,8.0,7.0,7.0,6.0,6.0,6.0,6.0,6.0,6.0,6.0,6.0,6.0,6.0,6.0,6.0
real,120,gulf,6,LSTM-ms,1,buffer,7,177,66,0.23556229891658642,57.0,56.0,55.0,54.0,54.0,54.0,53.0,53.0,53.0,53.0,53.0,53.0,52.0,44.0,44.0,44.0,44.0,44.0,44.0,44.0
real,120,gulf,6,LSTM-ms,1,buffer,8,197,105,0.03148015439772444,96.0,95.0,94.0,93.0,92.0,91.0,91.0,90.0,89.0,89.0,88.0,88.0,87.0,87.0,86.0,86.0,85.0,84.0,84.0,84.0
real,120,gulf,6,LSTM-ms,1,buffer,9,212,7,0.17634544423915027,6.0,6.0,6.0,6.0,6.0,6.0,6.0,6.0,6.0,6.0,6.0,6.0,6.0,6.0,6.0,6.0,6.0,6.0,6.0,6.0
real,120,gulf,6,LSTM-ms,1,buffer,10,213,23,0.16663300971635767,22.0,21.0,21.0,20.0,19.0,19.0,18.0,18.0,18.0,18.0,17.0,17.0,17.0,17.0,17.0,17.0,17.0,17.0,17.0,17.0
real,120,gulf,6,LSTM-ms,1,buffer,11,257,59,0.273530380677922,54.0,53.0,53.0,52.0,51.0,50.0,49.0,48.0,48.0,47.0,46.0,46.0,45.0,44.0,44.0,43.0,42.0,42.0,41.0,40.0
real,120,gulf,6,LSTM-ms,1,buffer,12,283,38,0.1669010114740257,37.0,36.0,36.0,35.0,35.0,34.0,34.0,33.0,33.0,33.0,33.0,33.0,33.0,7.0,7.0,7.0,7.0,7.0,7.0,7.0
real,120,gulf,6,LSTM-ms,1,buffer,13,298,160,0.1698126938675798,148.0,147.0,146.0,146.0,145.0,144.0,144.0,143.0,143.0,142.0,142.0,141.0,141.0,141.0,141.0,140.0,140.0,140.0,139.0,139.0
real,120,gulf,6,LSTM-ms,1,buffer,14,327,626,0.09391636577513113,622.0,621.0,620.0,619.0,618.0,617.0,616.0,615.0,615.0,614.0,613.0,613.0,612.0,612.0,612.0,611.0,610.0,610.0,609.0,609.0
real,120,gulf,6,LSTM-ms,1,buffer,15,332,547,0.15738216149807072,540.0,539.0,539.0,538.0,537.0,536.0,535.0,535.0,534.0,533.0,532.0,531.0,531.0,530.0,529.0,529.0,527.0,527.0,526.0,526.0
real,120,gulf,6,LSTM-ms,1,buffer,16,346,34,0.20179138006429215,29.0,29.0,28.0,27.0,26.0,25.0,24.0,23.0,22.0,21.0,21.0,20.0,20.0,19.0,19.0,19.0,18.0,18.0,18.0,18.0
real,120,gulf,6,LSTM-ms,1,buffer,17,363,80,0.1685264355172356,67.0,66.0,66.0,65.0,64.0,63.0,63.0,62.0,62.0,61.0,61.0,60.0,60.0,59.0,59.0,58.0,58.0,57.0,57.0,57.0
real,120,gulf,6,LSTM-ms,1,buffer,18,372,52,0.4584527507579535,47.0,46.0,45.0,45.0,44.0,43.0,42.0,41.0,41.0,40.0,39.0,38.0,38.0,37.0,37.0,36.0,36.0,35.0,35.0,34.0
real,120,gulf,6,LSTM-ms,1,buffer,19,401,54,0.27015042459883754,50.0,49.0,48.0,47.0,46.0,45.0,45.0,44.0,44.0,44.0,43.0,43.0,43.0,43.0,43.0,42.0,42.0,42.0,42.0,42.0
real,120,gulf,6,LSTM-ms,1,buffer,20,435,46,0.31601892030546674,42.0,41.0,41.0,41.0,41.0,40.0,40.0,37.0,37.0,37.0,37.0,37.0,37.0,37.0,37.0,37.0,37.0,37.0,37.0,37.0
real,120,gulf,6,LSTM-ms,1,buffer,21,458,191,0.25925038726184646,185.0,184.0,183.0,182.0,181.0,180.0,179.0,179.0,178.0,177.0,177.0,176.0,175.0,174.0,174.0,174.0,173.0,173.0,173.0,173.0
real,120,gulf,6,LSTM-ms,1,buffer,22,466,26,0.12560870421985212,6.0,6.0,6.0,6.0,6.0,6.0,6.0,6.0,6.0,6.0,6.0,6.0,6.0,6.0,6.0,6.0,6.0,6.0,6.0,6.0
real,120,gulf,6,LSTM-ms,1,buffer,23,481,17,0.07894012582873783,6.0,6.0,6.0,6.0,6.0,6.0,6.0,6.0,6.0,6.0,6.0,6.0,6.0,6.0,6.0,6.0,6.0,6.0,6.0,6.0
real,120,gulf,6,LSTM-ms,1,buffer,24,483,183,0.17417043005953228,179.0,178.0,178.0,178.0,177.0,177.0,177.0,177.0,177.0,177.0,177.0,177.0,177.0,177.0,177.0,177.0,177.0,177.0,177.0,177.0
real,120,gulf,6,LSTM-ms,1,buffer,25,493,354,0.14534196121976542,352.0,352.0,351.0,350.0,350.0,349.0,349.0,348.0,348.0,347.0,347.0,346.0,346.0,345.0,345.0,345.0,344.0,344.0,343.0,343.0
real,120,gulf,6,LSTM-ms,1,crossing,0,18,18,0.552803466026154,17.0,16.0,16.0,15.0,14.0,13.0,12.0,12.0,11.0,10.0,9.0,9.0,8.0,7.0,6.0,6.0,6.0,6.0,6.0,6.0
real,120,gulf,6,LSTM-ms,1,crossing,1,26,255,0.17872595161990176,254.0,253.0,253.0,252.0,251.0,250.0,250.0,249.0,210.0,210.0,210.0,210.0,161.0,160.0,160.0,160.0,160.0,160.0,160.0,160.0
real,120,gulf,6,LSTM-ms,1,crossing,2,45,87,0.18000837727799998,86.0,85.0,84.0,83.0,82.0,82.0,80.0,80.0,79.0,79.0,78.0,78.0,78.0,78.0,78.0,78.0,78.0,78.0,78.0,78.0
real,120,gulf,6,LSTM-ms,1,crossing,3,59,104,0.19730612297154423,103.0,102.0,101.0,101.0,100.0,100.0,98.0,98.0,98.0,97.0,97.0,97.0,96.0,96.0,95.0,95.0,95.0,95.0,95.0,95.0
real,120,gulf,6,LSTM-ms,1,crossing,4,82,103,0.16942456961930338,102.0,102.0,100.0,100.0,99.0,99.0,16.0,15.0,14.0,14.0,14.0,13.0,13.0,12.0,12.0,12.0,12.0,12.0,12.0,8.0
real,120,gulf,6,LSTM-ms,1,crossing,5,107,39,0.19734096054635633,38.0,37.0,36.0,36.0,35.0,34.0,33.0,33.0,32.0,32.0,31.0,31.0,30.0,30.0,30.0,29.0,29.0,29.0,29.0,28.0
real,120,gulf,6,LSTM-ms,1,crossing,6,167,12,0.19843114021298683,12.0,11.0,10.0,9.0,9.0,8.0,7.0,7.0,6.0,6.0,6.0,6.0,6.0,6.0,6.0,6.0,6.0,6.0,6.0,6.0
real,120,gulf,6,LSTM-ms,1,crossing,7,177,66,0.23556229891658642,65.0,64.0,63.0,63.0,62.0,61.0,60.0,60.0,59.0,59.0,58.0,57.0,57.0,57.0,56.0,56.0,55.0,55.0,55.0,54.0
real,120,gulf,6,LSTM-ms,1,crossing,8,197,105,0.03148015439772444,104.0,103.0,103.0,102.0,101.0,100.0,100.0,99.0,98.0,98.0,98.0,97.0,97.0,97.0,95.0,95.0,94.0,94.0,94.0,93.0
real,120,gulf,6,LSTM-ms,1,crossing,9,212,7,0.17634544423915027,6.0,6.0,6.0,6.0,6.0,6.0,6.0,6.0,6.0,6.0,6.0,6.0,6.0,6.0,6.0,6.0,6.0,6.0,6.0,6.0
real,120,gulf,6,LSTM-ms,1,crossing,10,213,23,0.16663300971635767,22.0,21.0,21.0,20.0,19.0,19.0,18.0,18.0,18.0,18.0,17.0,17.0,17.0,17.0,17.0,17.0,17.0,17.0,17.0,17.0
real,120,gulf,6,LSTM-ms,1,crossing,11,257,59,0.273530380677922,58.0,57.0,57.0,56.0,55.0,54.0,53.0,52.0,52.0,51.0,50.0,49.0,49.0,48.0,47.0,46.0,46.0,45.0,45.0,44.0
real,120,gulf,6,LSTM-ms,1,crossing,12,283,38,0.1669010114740257,37.0,36.0,36.0,35.0,35.0,34.0,34.0,33.0,33.0,33.0,33.0,33.0,33.0,32.0,32.0,32.0,32.0,32.0,31.0,31.0
real,120,gulf,6,LSTM-ms,1,crossing,13,298,160,0.1698126938675798,160.0,159.0,158.0,157.0,156.0,155.0,155.0,154.0,154.0,153.0,153.0,152.0,152.0,151.0,151.0,151.0,150.0,150.0,150.0,149.0
real,120,gulf,6,LSTM-ms,1,crossing,14,327,626,0.09391636577513113,625.0,624.0,624.0,623.0,622.0,621.0,620.0,619.0,619.0,618.0,617.0,616.0,615.0,615.0,614.0,613.0,613.0,613.0,612.0,612.0
real,120,gulf,6,LSTM-ms,1,crossing,15,332,547,0.15738216149807072,546.0,545.0,544.0,543.0,542.0,541.0,541.0,540.0,540.0,539.0,539.0,539.0,538.0,538.0,537.0,536.0,536.0,535.0,534.0,534.0
real,120,gulf,6,LSTM-ms,1,crossing,16,346,34,0.20179138006429215,34.0,33.0,32.0,31.0,30.0,30.0,29.0,28.0,27.0,26.0,26.0,25.0,24.0,23.0,23.0,22.0,21.0,20.0,20.0,20.0
real,120,gulf,6,LSTM-ms,1,crossing,17,363,80,0.1685264355172356,79.0,78.0,77.0,77.0,76.0,75.0,74.0,74.0,73.0,73.0,72.0,72.0,71.0,71.0,70.0,70.0,70.0,69.0,69.0,68.0
real,120,gulf,6,LSTM-ms,1,crossing,18,372,52,0.4584527507579535,51.0,50.0,50.0,49.0,48.0,47.0,46.0,45.0,45.0,44.0,43.0,43.0,42.0,41.0,40.0,40.0,39.0,38.0,38.0,37.0
real,120,gulf,6,LSTM-ms,1,crossing,19,401,54,0.27015042459883754,54.0,53.0,52.0,51.0,50.0,49.0,49.0,48.0,47.0,46.0,46.0,45.0,45.0,45.0,44.0,44.0,44.0,44.0,43.0,43.0
real,120,gulf,6,LSTM-ms,1,crossing,20,435,46,0.31601892030546674,45.0,45.0,44.0,43.0,43.0,43.0,42.0,42.0,42.0,42.0,41.0,41.0,41.0,41.0,41.0,41.0,41.0,41.0,41.0,41.0
real,120,gulf,6,LSTM-ms,1,crossing,21,458,191,0.25925038726184646,190.0,189.0,188.0,187.0,186.0,185.0,184.0,183.0,183.0,182.0,181.0,181.0,180.0,179.0,179.0,178.0,177.0,177.0,176.0,176.0
real,120,gulf,6,LSTM-ms,1,crossing,22,466,26,0.12560870421985212,25.0,25.0,8.0,8.0,8.0,7.0,7.0,7.0,7.0,7.0,6.0,6.0,6.0,6.0,6.0,6.0,6.0,6.0,6.0,6.0
real,120,gulf,6,LSTM-ms,1,crossing,23,481,17,0.07894012582873783,16.0,16.0,16.0,16.0,16.0,16.0,16.0,16.0,16.0,16.0,16.0,16.0,16.0,16.0,16.0,16.0,16.0,16.0,16.0,16.0
real,120,gulf,6,LSTM-ms,1,crossing,24,483,183,0.17417043005953228,182.0,181.0,180.0,180.0,179.0,179.0,179.0,179.0,178.0,178.0,178.0,178.0,178.0,178.0,178.0,178.0,178.0,177.0,177.0,177.0
real,120,gulf,6,LSTM-ms,1,crossing,25,493,354,0.14534196121976542,354.0,353.0,353.0,352.0,352.0,351.0,350.0,350.0,349.0,349.0,348.0,348.0,347.0,347.0,347.0,346.0,346.0,345.0,345.0,344.0
real,120,gulf,6,LSTM-rec,2,buffer,0,18,18,0.552803466026154,14.0,13.0,12.0,11.0,10.0,9.0,9.0,7.0,6.0,6.0,6.0,6.0,6.0,6.0,6.0,6.0,6.0,6.0,6.0,6.0
real,120,gulf,6,LSTM-rec,2,buffer,1,26,255,0.17872595161990176,41.0,41.0,41.0,36.0,36.0,36.0,23.0,23.0,23.0,23.0,12.0,12.0,12.0,12.0,12.0,11.0,11.0,11.0,11.0,11.0
real,120,gulf,6,LSTM-rec,2,buffer,2,45,87,0.18000837727799998,37.0,36.0,35.0,34.0,31.0,30.0,30.0,29.0,28.0,28.0,27.0,27.0,26.0,26.0,25.0,25.0,25.0,24.0,24.0,24.0
real,120,gulf,6,LSTM-rec,2,buffer,3,59,104,0.19730612297154423,103.0,102.0,101.0,101.0,100.0,100.0,98.0,98.0,97.0,97.0,96.0,96.0,95.0,95.0,95.0,95.0,94.0,94.0,94.0,94.0
real,120,gulf,6,LSTM-rec,2,buffer,4,82,103,0.16942456961930338,13.0,12.0,12.0,12.0,11.0,8.0,7.0,7.0,6.0,6.0,6.0,6.0,6.0,6.0,6.0,6.0,6.0,6.0,6.0,6.0
real,120,gulf,6,LSTM-rec,2,buffer,5,107,39,0.19734096054635633,20.0,19.0,18.0,17.0,16.0,16.0,15.0,14.0,14.0,13.0,13.0,12.0,11.0,10.0,8.0,7.0,7.0,7.0,6.0,6.0
real,120,gulf,6,LSTM-rec,2,buffer,6,167,12,0.19843114021298683,12.0,11.0,10.0,9.0,9.0,8.0,7.0,6.0,6.0,6.0,6.0,6.0,6.0,6.0,6.0,6.0,6.0,6.0,6.0,6.0
real,120,gulf,6,LSTM-rec,2,buffer,7,177,66,0.23556229891658642,57.0,56.0,55.0,54.0,54.0,54.0,53.0,53.0,53.0,53.0,53.0,44.0,44.0,44.0,44.0,44.0,44.0,44.0,44.0,44.0
real,120,gulf,6,LSTM-rec,2,buffer,8,197,105,0.03148015439772444,96.0,95.0,94.0,93.0,92.0,91.0,91.0,90.0,89.0,89.0,88.0,88.0,88.0,87.0,87.0,87.0,86.0,86.0,85.0,85.0
real,120,gulf,6,LSTM-rec,2,buffer,9,212,7,0.17634544423915027,6.0,6.0,6.0,6.0,6.0,6.0,6.0,6.0,6.0,6.0,6.0,6.0,6.0,6.0,6.0,6.0,6.0,6.0,6.0,6.0
real,120,gulf,6,LSTM-rec,2,buffer,10,213,23,0.16663300971635767,22.0,21.0,21.0,20.0,19.0,18.0,18.0,17.0,17.0,17.0,17.0,16.0,16.0,16.0,16.0,15.0,15.0,15.0,15.0,15.0
real,120,gulf,6,LSTM-rec,2,buffer,11,257,59,0.273530380677922,54.0,53.0,53.0,52.0,51.0,50.0,49.0,48.0,48.0,47.0,46.0,46.0,45.0,44.0,44.0,44.0,43.0,43.0,42.0,42.0
real,120,gulf,6,LSTM-rec,2,buffer,12,283,38,0.1669010114740257,37.0,36.0,35.0,35.0,34.0,34.0,33.0,33.0,32.0,32.0,31.0,7.0,7.0,7.0,7.0,7.0,7.0,7.0,7.0,7.0
real,120,gulf,6,LSTM-rec,2,buffer,13,298,160,0.1698126938675798,148.0,147.0,146.0,146.0,145.0,144.0,143.0,143.0,142.0,142.0,142.0,141.0,141.0,141.0,140.0,140.0,140.0,139.0,139.0,139.0
real,120,gulf,6,LSTM-rec,2,buffer,14,327,626,0.09391636577513113,622.0,621.0,620.0,619.0,618.0,617.0,615.0,614.0,613.0,613.0,612.0,612.0,612.0,612.0,611.0,611.0,611.0,610.0,610.0,610.0
real,120,gulf,6,LSTM-rec,2,buffer,15,332,547,0.15738216149807072,540.0,539.0,539.0,538.0,537.0,536.0,536.0,535.0,534.0,534.0,533.0,532.0,532.0,531.0,531.0,530.0,529.0,529.0,528.0,528.0
real,120,gulf,6,LSTM-rec,2,buffer,16,346,34,0.20179138006429215,29.0,29.0,28.0,27.0,26.0,25.0,24.0,23.0,22.0,21.0,20.0,19.0,19.0,19.0,18.0,18.0,18.0,17.0,17.0,17.0
real,120,gulf,6,LSTM-rec,2,buffer,17,363,80,0.1685264355172356,67.0,66.0,66.0,65.0,64.0,64.0,63.0,62.0,62.0,61.0,61.0,60.0,60.0,59.0,59.0,58.0,58.0,58.0,57.0,57.0
real,120,gulf,6,LSTM-rec,2,buffer,18,372,52,0.4584527507579535,47.0,46.0,45.0,45.0,44.0,43.0,42.0,41.0,41.0,39.0,38.0,38.0,37.0,37.0,36.0,36.0,36.0,35.0,35.0,35.0
real,120,gulf,6,LSTM-rec,2,buffer,19,401,54,0.27015042459883754,50.0,49.0,48.0,47.0,46.0,45.0,45.0,44.0,43.0,43.0,42.0,42.0,42.0,42.0,42.0,42.0,42.0,42.0,42.0,42.0
real,120,gulf,6,LSTM-rec,2,buffer,20,435,46,0.31601892030546674,42.0,41.0,41.0,41.0,41.0,40.0,37.0,37.0,37.0,37.0,37.0,37.0,37.0,37.0,37.0,37.0,37.0,37.0,37.0,37.0
real,120,gulf,6,LSTM-rec,2,buffer,21,458,191,0.25925038726184646,185.0,184.0,183.0,182.0,181.0,181.0,180.0,179.0,179.0,178.0,177.0,177.0,177.0,176.0,176.0,175.0,175.0,174.0,174.0,174.0
real,120,gulf,6,LSTM-rec,2,buffer,22,466,26,0.12560870421985212,6.0,6.0,6.0,6.0,6.0,6.0,6.0,6.0,6.0,6.0,6.0,6.0,6.0,6.0,6.0,6.0,6.0,6.0,6.0,6.0
real,120,gulf,6,LSTM-rec,2,buffer,23,481,17,0.07894012582873783,6.0,6.0,6.0,6.0,6.0,6.0,6.0,6.0,6.0,6.0,6.0,6.0,6.0,6.0,6.0,6.0,6.0,6.0,6.0,6.0
real,120,gulf,6,LSTM-rec,2,buffer,24,483,183,0.17417043005953228,179.0,178.0,177.0,177.0,177.0,177.0,177.0,177.0,177.0,177.0,177.0,177.0,177.0,177.0,177.0,177.0,177.0,177.0,177.0,177.0
real,120,gulf,6,LSTM-rec,2,buffer,25,493,354,0.14534196121976542,352.0,351.0,350.0,349.0,349.0,347.0,346.0,346.0,345.0,345.0,344.0,343.0,343.0,343.0,342.0,342.0,342.0,340.0,340.0,339.0
real,120,gulf,6,LSTM-rec,2,crossing,0,18,18,0.552803466026154,17.0,16.0,16.0,15.0,14.0,13.0,13.0,12.0,11.0,10.0,10.0,9.0,9.0,6.0,6.0,6.0,6.0,6.0,6.0,6.0
real,120,gulf,6,LSTM-rec,2,crossing,1,26,255,0.17872595161990176,254.0,253.0,253.0,252.0,251.0,250.0,250.0,210.0,210.0,161.0,161.0,161.0,160.0,160.0,160.0,160.0,160.0,160.0,160.0,160.0
real,120,gulf,6,LSTM-rec,2,crossing,2,45,87,0.18000837727799998,86.0,85.0,84.0,83.0,82.0,81.0,80.0,80.0,79.0,79.0,79.0,78.0,78.0,78.0,78.0,78.0,78.0,78.0,78.0,78.0
real,120,gulf,6,LSTM-rec,2,crossing,3,59,104,0.19730612297154423,103.0,102.0,101.0,101.0,100.0,100.0,98.0,98.0,97.0,97.0,96.0,96.0,95.0,95.0,95.0,95.0,94.0,94.0,94.0,94.0
real,120,gulf,6,LSTM-rec,2,crossing,4,82,103,0.16942456961930338,102.0,101.0,101.0,100.0,99.0,99.0,16.0,15.0,14.0,14.0,13.0,12.0,12.0,12.0,12.0,12.0,12.0,12.0,12.0,12.0
real,120,gulf,6,LSTM-rec,2,crossing,5,107,39,0.19734096054635633,38.0,37.0,36.0,35.0,34.0,34.0,33.0,33.0,32.0,31.0,31.0,30.0,30.0,29.0,29.0,29.0,29.0,28.0,28.0,28.0
real,120,gulf,6,LSTM-rec,2,crossing,6,167,12,0.19843114021298683,12.0,11.0,10.0,9.0,9.0,8.0,7.0,6.0,6.0,6.0,6.0,6.0,6.0,6.0,6.0,6.0,6.0,6.0,6.0,6.0
real,120,gulf,6,LSTM-rec,2,crossing,7,177,66,0.23556229891658642,65.0,64.0,64.0,63.0,62.0,61.0,61.0,60.0,59.0,59.0,58.0,58.0,57.0,57.0,56.0,56.0,55.0,55.0,54.0,54.0
real,120,gulf,6,LSTM-rec,2,crossing,8,197,105,0.03148015439772444,104.0,103.0,103.0,102.0,101.0,101.0,100.0,99.0,99.0,98.0,98.0,98.0,97.0,97.0,97.0,96.0,95.0,95.0,95.0,95.0
real,120,gulf,6,LSTM-rec,2,crossing,9,212,7,0.17634544423915027,6.0,6.0,6.0,6.0,6.0,6.0,6.0,6.0,6.0,6.0,6.0,6.0,6.0,6.0,6.0,6.0,6.0,6.0,6.0,6.0
real,120,gulf,6,LSTM-rec,2,crossing,10,213,23,0.16663300971635767,22.0,21.0,21.0,20.0,19.0,18.0,18.0,17.0,17.0,17.0,17.0,16.0,16.0,16.0,16.0,15.0,15.0,15.0,15.0,15.0
real,120,gulf,6,LSTM-rec,2,crossing,11,257,59,0.273530380677922,58.0,57.0,56.0,55.0,55.0,54.0,53.0,53.0,52.0,51.0,50.0,50.0,49.0,48.0,48.0,47.0,47.0,46.0,46.0,46.0
real,120,gulf,6,LSTM-rec,2,crossing,12,283,38,0.1669010114740257,37.0,36.0,35.0,35.0,34.0,34.0,33.0,33.0,32.0,32.0,31.0,31.0,30.0,30.0,30.0,30.0,29.0,29.0,29.0,29.0
real,120,gulf,6,LSTM-rec,2,crossing,13,298,160,0.1698126938675798,159.0,159.0,158.0,157.0,156.0,156.0,155.0,154.0,154.0,153.0,153.0,152.0,152.0,151.0,151.0,151.0,150.0,150.0,150.0,150.0
real,120,gulf,6,LSTM-rec,2,crossing,14,327,626,0.09391636577513113,625.0,624.0,624.0,623.0,622.0,621.0,620.0,620.0,619.0,618.0,615.0,614.0,614.0,613.0,613.0,612.0,612.0,612.0,612.0,612.0
real,120,gulf,6,LSTM-rec,2,crossing,15,332,547,0.15738216149807072,546.0,545.0,544.0,543.0,542.0,542.0,541.0,540.0,540.0,540.0,539.0,539.0,539.0,539.0,538.0,538.0,537.0,537.0,537.0,536.0
real,120,gulf,6,LSTM-rec,2,crossing,16,346,34,0.20179138006429215,34.0,33.0,32.0,31.0,30.0,30.0,29.0,28.0,27.0,27.0,26.0,26.0,25.0,25.0,24.0,23.0,22.0,20.0,20.0,19.0
real,120,gulf,6,LSTM-rec,2,crossing,17,363,80,0.1685264355172356,79.0,78.0,77.0,77.0,76.0,75.0,74.0,74.0,73.0,73.0,72.0,72.0,71.0,71.0,70.0,70.0,70.0,69.0,69.0,69.0
real,120,gulf,6,LSTM-rec,2,crossing,18,372,52,0.4584527507579535,51.0,50.0,50.0,49.0,48.0,47.0,46.0,45.0,45.0,44.0,44.0,44.0,43.0,42.0,41.0,40.0,38.0,38.0,38.0,37.0
real,120,gulf,6,LSTM-rec,2,crossing,19,401,54,0.27015042459883754,54.0,53.0,52.0,51.0,50.0,49.0,49.0,48.0,47.0,46.0,46.0,45.0,45.0,44.0,44.0,43.0,43.0,42.0,42.0,42.0
real,120,gulf,6,LSTM-rec,2,crossing,20,435,46,0.31601892030546674,45.0,45.0,44.0,43.0,42.0,42.0,42.0,41.0,41.0,41.0,41.0,41.0,41.0,41.0,41.0,41.0,41.0,41.0,41.0,41.0
real,120,gulf,6,LSTM-rec,2,crossing,21,458,191,0.25925038726184646,190.0,189.0,188.0,187.0,186.0,186.0,185.0,184.0,183.0,183.0,182.0,182.0,181.0,181.0,181.0,180.0,180.0,179.0,179.0,179.0
real,120,gulf,6,LSTM-rec,2,crossing,22,466,26,0.12560870421985212,25.0,25.0,25.0,8.0,8.0,7.0,7.0,7.0,6.0,6.0,6.0,6.0,6.0,6.0,6.0,6.0,6.0,6.0,6.0,6.0
real,120,gulf,6,LSTM-rec,2,crossing,23,481,17,0.07894012582873783,16.0,16.0,16.0,16.0,16.0,16.0,16.0,16.0,16.0,16.0,16.0,16.0,16.0,16.0,16.0,16.0,16.0,16.0,16.0,16.0
real,120,gulf,6,LSTM-rec,2,crossing,24,483,183,0.17417043005953228,182.0,181.0,180.0,179.0,179.0,178.0,178.0,178.0,177.0,177.0,177.0,177.0,177.0,177.0,177.0,177.0,177.0,177.0,177.0,177.0
real,120,gulf,6,LSTM-rec,2,crossing,25,493,354,0.14534196121976542,353.0,353.0,352.0,351.0,350.0,349.0,349.0,347.0,347.0,346.0,345.0,345.0,345.0,344.0,343.0,343.0,342.0,342.0,342.0,342.0
real,120,gulf,6,LSTM-ms,2,buffer,0,18,18,0.552803466026154,14.0,13.0,12.0,12.0,11.0,10.0,10.0,9.0,9.0,8.0,8.0,7.0,6.0,6.0,6.0,6.0,6.0,6.0,6.0,6.0
real,120,gulf,6,LSTM-ms,2,buffer,1,26,255,0.17872595161990176,41.0,41.0,36.0,36.0,23.0,23.0,23.0,23.0,12.0,12.0,11.0,11.0,11.0,11.0,11.0,7.0,7.0,7.0,7.0,7.0
real,120,gulf,6,LSTM-ms,2,buffer,2,45,87,0.18000837727799998,37.0,36.0,35.0,34.0,31.0,30.0,29.0,29.0,28.0,27.0,26.0,25.0,25.0,24.0,24.0,23.0,22.0,21.0,21.0,20.0
real,120,gulf,6,LSTM-ms,2,buffer,3,59,104,0.19730612297154423,103.0,102.0,101.0,101.0,100.0,99.0,98.0,98.0,97.0,96.0,96.0,95.0,95.0,94.0,94.0,93.0,93.0,92.0,90.0,89.0
real,120,gulf,6,LSTM-ms,2,buffer,4,82,103,0.16942456961930338,13.0,13.0,12.0,12.0,11.0,8.0,8.0,7.0,7.0,7.0,6.0,6.0,6.0,6.0,6.0,6.0,6.0,6.0,6.0,6.0
real,120,gulf,6,LSTM-ms,2,buffer,5,107,39,0.19734096054635633,20.0,19.0,18.0,17.0,16.0,15.0,14.0,14.0,13.0,12.0,11.0,10.0,9.0,8.0,6.0,6.0,6.0,6.0,6.0,6.0
real,120,gulf,6,LSTM-ms,2,buffer,6,167,12,0.19843114021298683,12.0,11.0,10.0,9.0,8.0,7.0,6.0,6.0,6.0,6.0,6.0,6.0,6.0,6.0,6.0,6.0,6.0,6.0,6.0,6.0
real,120,gulf,6,LSTM-ms,2,buffer,7,177,66,0.23556229891658642,57.0,56.0,55.0,55.0,54.0,54.0,54.0,53.0,53.0,53.0,53.0,52.0,52.0,44.0,44.0,44.0,44.0,44.0,44.0,43.0
real,120,gulf,6,LSTM-ms,2,buffer,8,197,105,0.03148015439772444,96.0,95.0,94.0,93.0,92.0,91.0,90.0,90.0,89.0,88.0,88.0,87.0,87.0,86.0,85.0,84.0,84.0,83.0,83.0,81.0
real,120,gulf,6,LSTM-ms,2,buffer,9,212,7,0.17634544423915027,6.0,6.0,6.0,6.0,6.0,6.0,6.0,6.0,6.0,6.0,6.0,6.0,6.0,6.0,6.0,6.0,6.0,6.0,6.0,6.0
real,120,gulf,6,LSTM-ms,2,buffer,10,213,23,0.16663300971635767,22.0,21.0,20.0,20.0,19.0,18.0,17.0,17.0,17.0,16.0,15.0,15.0,14.0,14.0,13.0,12.0,12.0,11.0,8.0,7.0
real,120,gulf,6,LSTM-ms,2,buffer,11,257,59,0.273530380677922,54.0,54.0,53.0,52.0,52.0,52.0,51.0,51.0,50.0,50.0,49.0,49.0,48.0,48.0,46.0,46.0,46.0,45.0,45.0,45.0
real,120,gulf,6,LSTM-ms,2,buffer,12,283,38,0.1669010114740257,37.0,36.0,35.0,35.0,34.0,33.0,33.0,32.0,31.0,31.0,30.0,7.0,7.0,7.0,7.0,7.0,7.0,7.0,7.0,7.0
real,120,gulf,6,LSTM-ms,2,buffer,13,298,160,0.1698126938675798,148.0,147.0,146.0,146.0,145.0,144.0,144.0,143.0,142.0,142.0,141.0,141.0,140.0,140.0,139.0,139.0,138.0,137.0,137.0,136.0
real,120,gulf,6,LSTM-ms,2,buffer,14,327,626,0.09391636577513113,622.0,621.0,621.0,620.0,620.0,620.0,619.0,619.0,619.0,619.0,618.0,618.0,618.0,618.0,618.0,614.0,613.0,612.0,612.0,611.0
real,120,gulf,6,LSTM-ms,2,buffer,15,332,547,0.15738216149807072,540.0,539.0,539.0,538.0,537.0,536.0,535.0,534.0,534.0,532.0,532.0,531.0,530.0,529.0,529.0,527.0,526.0,526.0,525.0,524.0
real,120,gulf,6,LSTM-ms,2,buffer,16,346,34,0.20179138006429215,29.0,29.0,28.0,27.0,26.0,25.0,25.0,24.0,23.0,22.0,22.0,20.0,19.0,19.0,18.0,18.0,18.0,17.0,17.0,16.0
real,120,gulf,6,LSTM-ms,2,buffer,17,363,80,0.1685264355172356,67.0,66.0,66.0,65.0,64.0,63.0,63.0,62.0,61.0,60.0,60.0,59.0,58.0,58.0,57.0,56.0,56.0,55.0,55.0,54.0
real,120,gulf,6,LSTM-ms,2,buffer,18,372,52,0.4584527507579535,47.0,47.0,46.0,45.0,44.0,44.0,43.0,43.0,42.0,41.0,40.0,40.0,40.0,39.0,37.0,37.0,36.0,35.0,34.0,34.0
real,120,gulf,6,LSTM-ms,2,buffer,19,401,54,0.27015042459883754,50.0,49.0,48.0,48.0,47.0,47.0,46.0,46.0,45.0,45.0,42.0,42.0,42.0,42.0,42.0,42.0,42.0,42.0,42.0,42.0
real,120,gulf,6,LSTM-ms,2,buffer,20,435,46,0.31601892030546674,42.0,41.0,41.0,41.0,41.0,40.0,40.0,40.0,37.0,37.0,37.0,37.0,37.0,37.0,37.0,37.0,37.0,37.0,37.0,37.0
real,120,gulf,6,LSTM-ms,2,buffer,21,458,191,0.25925038726184646,185.0,184.0,183.0,182.0,181.0,181.0,180.0,179.0,179.0,178.0,177.0,176.0,176.0,175.0,175.0,174.0,173.0,173.0,173.0,173.0
real,120,gulf,6,LSTM-ms,2,buffer,22,466,26,0.12560870421985212,6.0,6.0,6.0,6.0,6.0,6.0,6.0,6.0,6.0,6.0,6.0,6.0,6.0,6.0,6.0,6.0,6.0,6.0,6.0,6.0
real,120,gulf,6,LSTM-ms,2,buffer,23,481,17,0.07894012582873783,6.0,6.0,6.0,6.0,6.0,6.0,6.0,6.0,6.0,6.0,6.0,6.0,6.0,6.0,6.0,6.0,6.0,6.0,6.0,6.0
real,120,gulf,6,LSTM-ms,2,buffer,24,483,183,0.17417043005953228,179.0,178.0,178.0,177.0,177.0,177.0,177.0,177.0,177.0,177.0,177.0,177.0,177.0,177.0,177.0,177.0,177.0,177.0,177.0,177.0
real,120,gulf,6,LSTM-ms,2,buffer,25,493,354,0.14534196121976542,353.0,353.0,353.0,353.0,353.0,353.0,353.0,353.0,353.0,353.0,353.0,353.0,353.0,353.0,353.0,353.0,353.0,353.0,353.0,353.0
real,120,gulf,6,LSTM-ms,2,crossing,0,18,18,0.552803466026154,17.0,17.0,16.0,15.0,15.0,15.0,14.0,14.0,13.0,13.0,12.0,11.0,11.0,10.0,9.0,9.0,9.0,8.0,8.0,6.0
real,120,gulf,6,LSTM-ms,2,crossing,1,26,255,0.17872595161990176,254.0,253.0,253.0,252.0,251.0,250.0,250.0,249.0,248.0,210.0,161.0,161.0,160.0,43.0,42.0,41.0,41.0,41.0,41.0,41.0
real,120,gulf,6,LSTM-ms,2,crossing,2,45,87,0.18000837727799998,86.0,85.0,84.0,83.0,82.0,81.0,79.0,79.0,78.0,78.0,78.0,78.0,78.0,77.0,77.0,77.0,46.0,45.0,44.0,44.0
real,120,gulf,6,LSTM-ms,2,crossing,3,59,104,0.19730612297154423,103.0,102.0,101.0,101.0,100.0,99.0,98.0,98.0,97.0,96.0,96.0,95.0,95.0,94.0,94.0,93.0,93.0,92.0,90.0,89.0
real,120,gulf,6,LSTM-ms,2,crossing,4,82,103,0.16942456961930338,102.0,102.0,100.0,100.0,99.0,16.0,15.0,15.0,14.0,14.0,13.0,13.0,12.0,12.0,12.0,12.0,12.0,8.0,8.0,8.0
real,120,gulf,6,LSTM-ms,2,crossing,5,107,39,0.19734096054635633,38.0,37.0,36.0,35.0,34.0,33.0,32.0,31.0,31.0,30.0,29.0,28.0,28.0,27.0,27.0,26.0,25.0,24.0,23.0,23.0
real,120,gulf,6,LSTM-ms,2,crossing,6,167,12,0.19843114021298683,12.0,11.0,10.0,9.0,8.0,7.0,6.0,6.0,6.0,6.0,6.0,6.0,6.0,6.0,6.0,6.0,6.0,6.0,6.0,6.0
real,120,gulf,6,LSTM-ms,2,crossing,7,177,66,0.23556229891658642,65.0,64.0,63.0,63.0,62.0,61.0,60.0,59.0,59.0,58.0,57.0,57.0,56.0,56.0,55.0,55.0,55.0,55.0,54.0,54.0
real,120,gulf,6,LSTM-ms,2,crossing,8,197,105,0.03148015439772444,104.0,103.0,103.0,102.0,101.0,100.0,99.0,99.0,98.0,98.0,97.0,97.0,96.0,95.0,94.0,94.0,93.0,92.0,91.0,91.0
real,120,gulf,6,LSTM-ms,2,crossing,9,212,7,0.17634544423915027,6.0,6.0,6.0,6.0,6.0,6.0,6.0,6.0,6.0,6.0,6.0,6.0,6.0,6.0,6.0,6.0,6.0,6.0,6.0,6.0
real,120,gulf,6,LSTM-ms,2,crossing,10,213,23,0.16663300971635767,22.0,21.0,20.0,20.0,19.0,18.0,17.0,17.0,17.0,16.0,15.0,15.0,14.0,14.0,13.0,12.0,12.0,11.0,8.0,7.0
real,120,gulf,6,LSTM-ms,2,crossing,11,257,59,0.273530380677922,58.0,58.0,57.0,56.0,56.0,55.0,55.0,54.0,54.0,53.0,53.0,52.0,52.0,51.0,51.0,51.0,50.0,49.0,49.0,49.0
real,120,gulf,6,LSTM-ms,2,crossing,12,283,38,0.1669010114740257,37.0,36.0,35.0,35.0,34.0,33.0,33.0,32.0,31.0,31.0,30.0,30.0,29.0,29.0,29.0,28.0,27.0,27.0,27.0,26.0
real,120,gulf,6,LSTM-ms,2,crossing,13,298,160,0.1698126938675798,160.0,159.0,158.0,157.0,156.0,156.0,155.0,154.0,153.0,153.0,152.0,151.0,151.0,150.0,150.0,149.0,149.0,148.0,147.0,147.0
real,120,gulf,6,LSTM-ms,2,crossing,14,327,626,0.09391636577513113,625.0,625.0,624.0,624.0,624.0,624.0,623.0,622.0,622.0,621.0,621.0,621.0,620.0,620.0,620.0,619.0,619.0,619.0,619.0,619.0
real,120,gulf,6,LSTM-ms,2,crossing,15,332,547,0.15738216149807072,546.0,545.0,544.0,543.0,542.0,541.0,541.0,540.0,540.0,539.0,539.0,538.0,538.0,537.0,536.0,536.0,535.0,534.0,533.0,532.0
real,120,gulf,6,LSTM-ms,2,crossing,16,346,34,0.20179138006429215,34.0,33.0,32.0,31.0,30.0,30.0,29.0,29.0,28.0,27.0,26.0,26.0,25.0,24.0,23.0,23.0,22.0,22.0,20.0,19.0
real,120,gulf,6,LSTM-ms,2,crossing,17,363,80,0.1685264355172356,79.0,78.0,77.0,77.0,76.0,75.0,74.0,74.0,73.0,72.0,71.0,71.0,70.0,70.0,69.0,68.0,68.0,67.0,66.0,66.0
real,120,gulf,6,LSTM-ms,2,crossing,18,372,52,0.4584527507579535,51.0,51.0,50.0,49.0,49.0,48.0,48.0,47.0,47.0,46.0,45.0,44.0,44.0,43.0,43.0,42.0,41.0,41.0,40.0,40.0
real,120,gulf,6,LSTM-ms,2,crossing,19,401,54,0.27015042459883754,54.0,53.0,52.0,52.0,51.0,50.0,50.0,49.0,49.0,48.0,48.0,47.0,47.0,46.0,46.0,45.0,45.0,42.0,42.0,42.0
real,120,gulf,6,LSTM-ms,2,crossing,20,435,46,0.31601892030546674,45.0,45.0,44.0,43.0,43.0,42.0,42.0,42.0,42.0,41.0,41.0,41.0,41.0,41.0,41.0,41.0,41.0,41.0,41.0,40.0
real,120,gulf,6,LSTM-ms,2,crossing,21,458,191,0.25925038726184646,190.0,189.0,188.0,188.0,187.0,186.0,185.0,184.0,184.0,183.0,182.0,181.0,181.0,180.0,180.0,179.0,178.0,178.0,177.0,177.0
real,120,gulf,6,LSTM-ms,2,crossing,22,466,26,0.12560870421985212,25.0,25.0,8.0,8.0,7.0,7.0,7.0,6.0,6.0,6.0,6.0,6.0,6.0,6.0,6.0,6.0,6.0,6.0,6.0,6.0
real,120,gulf,6,LSTM-ms,2,crossing,23,481,17,0.07894012582873783,16.0,16.0,16.0,16.0,16.0,16.0,16.0,16.0,16.0,16.0,16.0,16.0,16.0,16.0,16.0,16.0,15.0,6.0,6.0,6.0
real,120,gulf,6,LSTM-ms,2,crossing,24,483,183,0.17417043005953228,182.0,182.0,181.0,180.0,179.0,179.0,178.0,178.0,178.0,178.0,178.0,178.0,178.0,177.0,177.0,177.0,177.0,177.0,177.0,177.0
real,120,gulf,6,LSTM-ms,2,crossing,25,493,354,0.14534196121976542,354.0,354.0,354.0,354.0,354.0,354.0,354.0,354.0,354.0,354.0,354.0,354.0,354.0,354.0,354.0,354.0,354.0,354.0,354.0,354.0
real,120,gulf,6,LSTM-rec,3,buffer,0,18,18,0.552803466026154,14.0,13.0,12.0,11.0,10.0,9.0,8.0,7.0,6.0,6.0,6.0,6.0,6.0,6.0,6.0,6.0,6.0,6.0,6.0,6.0
real,120,gulf,6,LSTM-rec,3,buffer,1,26,255,0.17872595161990176,41.0,40.0,36.0,23.0,23.0,16.0,12.0,11.0,11.0,7.0,7.0,7.0,6.0,6.0,6.0,6.0,6.0,6.0,6.0,6.0
real,120,gulf,6,LSTM-rec,3,buffer,2,45,87,0.18000837727799998,37.0,36.0,34.0,31.0,30.0,29.0,27.0,26.0,25.0,24.0,22.0,21.0,20.0,19.0,17.0,16.0,15.0,14.0,12.0,11.0
real,120,gulf,6,LSTM-rec,3,buffer,3,59,104,0.19730612297154423,103.0,102.0,101.0,100.0,99.0,98.0,97.0,96.0,95.0,94.0,93.0,90.0,89.0,88.0,86.0,84.0,84.0,82.0,81.0,79.0
real,120,gulf,6,LSTM-rec,3,buffer,4,82,103,0.16942456961930338,13.0,12.0,12.0,11.0,11.0,8.0,7.0,6.0,6.0,6.0,6.0,6.0,6.0,6.0,6.0,6.0,6.0,6.0,6.0,6.0
real,120,gulf,6,LSTM-rec,3,buffer,5,107,39,0.19734096054635633,19.0,18.0,17.0,16.0,15.0,14.0,13.0,11.0,9.0,7.0,6.0,6.0,6.0,6.0,6.0,6.0,6.0,6.0,6.0,6.0
real,120,gulf,6,LSTM-rec,3,buffer,6,167,12,0.19843114021298683,11.0,10.0,9.0,8.0,7.0,6.0,6.0,6.0,6.0,6.0,6.0,6.0,6.0,6.0,6.0,6.0,6.0,6.0,6.0,6.0
real,120,gulf,6,LSTM-rec,3,buffer,7,177,66,0.23556229891658642,57.0,56.0,55.0,54.0,54.0,53.0,53.0,53.0,44.0,44.0,44.0,43.0,43.0,21.0,20.0,19.0,17.0,16.0,14.0,13.0
real,120,gulf,6,LSTM-rec,3,buffer,8,197,105,0.03148015439772444,95.0,94.0,93.0,92.0,91.0,90.0,89.0,88.0,87.0,86.0,85.0,84.0,83.0,82.0,80.0,79.0,78.0,77.0,76.0,75.0
real,120,gulf,6,LSTM-rec,3,buffer,9,212,7,0.17634544423915027,6.0,6.0,6.0,6.0,6.0,6.0,6.0,6.0,6.0,6.0,6.0,6.0,6.0,6.0,6.0,6.0,6.0,6.0,6.0,6.0
real,120,gulf,6,LSTM-rec,3,buffer,10,213,23,0.16663300971635767,22.0,21.0,20.0,19.0,18.0,17.0,16.0,14.0,13.0,12.0,10.0,7.0,6.0,6.0,6.0,6.0,6.0,6.0,6.0,6.0
real,120,gulf,6,LSTM-rec,3,buffer,11,257,59,0.273530380677922,54.0,53.0,52.0,51.0,50.0,50.0,49.0,48.0,47.0,46.0,45.0,44.0,43.0,43.0,42.0,41.0,40.0,39.0,39.0,38.0
real,120,gulf,6,LSTM-rec,3,buffer,12,283,38,0.1669010114740257,37.0,36.0,35.0,34.0,33.0,32.0,31.0,30.0,7.0,7.0,7.0,7.0,7.0,7.0,7.0,7.0,6.0,6.0,6.0,6.0
real,120,gulf,6,LSTM-rec,3,buffer,13,298,160,0.1698126938675798,148.0,147.0,146.0,145.0,144.0,143.0,142.0,141.0,141.0,139.0,138.0,137.0,136.0,135.0,133.0,132.0,130.0,129.0,128.0,127.0
real,120,gulf,6,LSTM-rec,3,buffer,14,327,626,0.09391636577513113,622.0,621.0,620.0,619.0,618.0,617.0,615.0,614.0,613.0,613.0,612.0,612.0,611.0,611.0,610.0,609.0,608.0,608.0,607.0,607.0
real,120,gulf,6,LSTM-rec,3,buffer,15,332,547,0.15738216149807072,540.0,539.0,539.0,538.0,537.0,536.0,535.0,534.0,532.0,531.0,530.0,529.0,528.0,527.0,526.0,525.0,524.0,523.0,523.0,522.0
real,120,gulf,6,LSTM-rec,3,buffer,16,346,34,0.20179138006429215,29.0,28.0,27.0,26.0,26.0,25.0,24.0,23.0,22.0,20.0,19.0,19.0,18.0,18.0,17.0,16.0,16.0,16.0,16.0,16.0
real,120,gulf,6,LSTM-rec,3,buffer,17,363,80,0.1685264355172356,67.0,66.0,65.0,64.0,63.0,62.0,61.0,60.0,59.0,57.0,56.0,55.0,54.0,53.0,52.0,50.0,49.0,47.0,47.0,47.0
real,120,gulf,6,LSTM-rec,3,buffer,18,372,52,0.4584527507579535,47.0,46.0,45.0,44.0,44.0,43.0,42.0,41.0,40.0,39.0,38.0,37.0,36.0,36.0,35.0,34.0,34.0,33.0,33.0,33.0
real,120,gulf,6,LSTM-rec,3,buffer,19,401,54,0.27015042459883754,50.0,49.0,48.0,47.0,46.0,45.0,44.0,44.0,42.0,42.0,42.0,42.0,42.0,42.0,42.0,42.0,41.0,41.0,41.0,41.0
real,120,gulf,6,LSTM-rec,3,buffer,20,435,46,0.31601892030546674,42.0,41.0,41.0,40.0,40.0,37.0,37.0,37.0,37.0,37.0,37.0,37.0,37.0,36.0,36.0,36.0,36.0,36.0,36.0,36.0
real,120,gulf,6,LSTM-rec,3,buffer,21,458,191,0.25925038726184646,185.0,184.0,183.0,182.0,181.0,180.0,179.0,178.0,177.0,176.0,175.0,174.0,173.0,173.0,172.0,171.0,170.0,169.0,168.0,166.0
real,120,gulf,6,LSTM-rec,3,buffer,22,466,26,0.12560870421985212,6.0,6.0,6.0,6.0,6.0,6.0,6.0,6.0,6.0,6.0,6.0,6.0,6.0,6.0,6.0,6.0,6.0,6.0,6.0,6.0
real,120,gulf,6,LSTM-rec,3,buffer,23,481,17,0.07894012582873783,6.0,6.0,6.0,6.0,6.0,6.0,6.0,6.0,6.0,6.0,6.0,6.0,6.0,6.0,6.0,6.0,6.0,6.0,6.0,6.0
real,120,gulf,6,LSTM-rec,3,buffer,24,483,183,0.17417043005953228,179.0,178.0,177.0,177.0,177.0,177.0,177.0,177.0,177.0,177.0,177.0,176.0,176.0,176.0,175.0,175.0,110.0,110.0,110.0,110.0
real,120,gulf,6,LSTM-rec,3,buffer,25,493,354,0.14534196121976542,352.0,351.0,350.0,349.0,348.0,347.0,346.0,346.0,345.0,344.0,343.0,342.0,342.0,340.0,340.0,339.0,339.0,339.0,338.0,338.0
real,120,gulf,6,LSTM-rec,3,crossing,0,18,18,0.552803466026154,17.0,16.0,15.0,15.0,14.0,13.0,12.0,11.0,10.0,9.0,9.0,8.0,6.0,6.0,6.0,6.0,6.0,6.0,6.0,6.0
real,120,gulf,6,LSTM-rec,3,crossing,1,26,255,0.17872595161990176,254.0,253.0,252.0,251.0,250.0,249.0,210.0,161.0,160.0,43.0,41.0,41.0,41.0,41.0,41.0,23.0,23.0,12.0,11.0,11.0
real,120,gulf,6,LSTM-rec,3,crossing,2,45,87,0.18000837727799998,86.0,84.0,83.0,82.0,80.0,79.0,78.0,78.0,77.0,77.0,45.0,44.0,42.0,40.0,31.0,29.0,28.0,26.0,25.0,23.0
real,120,gulf,6,LSTM-rec,3,crossing,3,59,104,0.19730612297154423,103.0,102.0,101.0,100.0,99.0,98.0,97.0,96.0,95.0,94.0,93.0,90.0,89.0,88.0,86.0,84.0,84.0,82.0,81.0,79.0
real,120,gulf,6,LSTM-rec,3,crossing,4,82,103,0.16942456961930338,102.0,101.0,100.0,99.0,98.0,16.0,15.0,14.0,14.0,12.0,12.0,12.0,12.0,11.0,8.0,7.0,7.0,6.0,6.0,6.0
real,120,gulf,6,LSTM-rec,3,crossing,5,107,39,0.19734096054635633,38.0,37.0,35.0,34.0,33.0,31.0,30.0,29.0,27.0,26.0,24.0,23.0,21.0,18.0,16.0,15.0,13.0,12.0,9.0,7.0
real,120,gulf,6,LSTM-rec,3,crossing,6,167,12,0.19843114021298683,11.0,10.0,9.0,8.0,7.0,6.0,6.0,6.0,6.0,6.0,6.0,6.0,6.0,6.0,6.0,6.0,6.0,6.0,6.0,6.0
real,120,gulf,6,LSTM-rec,3,crossing,7,177,66,0.23556229891658642,65.0,64.0,63.0,62.0,61.0,61.0,59.0,59.0,58.0,57.0,56.0,55.0,54.0,54.0,54.0,54.0,54.0,44.0,44.0,44.0
real,120,gulf,6,LSTM-rec,3,crossing,8,197,105,0.03148015439772444,104.0,103.0,102.0,101.0,100.0,99.0,98.0,98.0,97.0,95.0,94.0,93.0,92.0,91.0,89.0,88.0,87.0,87.0,85.0,84.0
real,120,gulf,6,LSTM-rec,3,crossing,9,212,7,0.17634544423915027,6.0,6.0,6.0,6.0,6.0,6.0,6.0,6.0,6.0,6.0,6.0,6.0,6.0,6.0,6.0,6.0,6.0,6.0,6.0,6.0
real,120,gulf,6,LSTM-rec,3,crossing,10,213,23,0.16663300971635767,22.0,21.0,20.0,19.0,18.0,17.0,16.0,14.0,13.0,12.0,10.0,7.0,6.0,6.0,6.0,6.0,6.0,6.0,6.0,6.0
real,120,gulf,6,LSTM-rec,3,crossing,11,257,59,0.273530380677922,58.0,57.0,56.0,55.0,54.0,53.0,53.0,52.0,51.0,50.0,49.0,48.0,47.0,46.0,46.0,45.0,44.0,43.0,42.0,42.0
real,120,gulf,6,LSTM-rec,3,crossing,12,283,38,0.1669010114740257,37.0,36.0,35.0,34.0,33.0,32.0,31.0,30.0,29.0,27.0,27.0,25.0,24.0,8.0,8.0,7.0,7.0,7.0,7.0,7.0
real,120,gulf,6,LSTM-rec,3,crossing,13,298,160,0.1698126938675798,159.0,158.0,157.0,156.0,155.0,154.0,153.0,152.0,151.0,150.0,149.0,148.0,147.0,146.0,145.0,144.0,143.0,142.0,141.0,141.0
real,120,gulf,6,LSTM-rec,3,crossing,14,327,626,0.09391636577513113,625.0,624.0,623.0,623.0,621.0,621.0,620.0,619.0,618.0,617.0,615.0,614.0,614.0,613.0,612.0,612.0,612.0,611.0,611.0,610.0
real,120,gulf,6,LSTM-rec,3,crossing,15,332,547,0.15738216149807072,546.0,545.0,544.0,543.0,542.0,541.0,540.0,540.0,539.0,538.0,537.0,536.0,535.0,534.0,533.0,532.0,531.0,530.0,529.0,527.0
real,120,gulf,6,LSTM-rec,3,crossing,16,346,34,0.20179138006429215,33.0,33.0,32.0,31.0,30.0,29.0,28.0,27.0,26.0,26.0,25.0,24.0,23.0,22.0,20.0,19.0,19.0,18.0,18.0,18.0
real,120,gulf,6,LSTM-rec,3,crossing,17,363,80,0.1685264355172356,79.0,78.0,77.0,76.0,75.0,74.0,73.0,72.0,70.0,69.0,68.0,67.0,66.0,65.0,64.0,62.0,61.0,60.0,58.0,57.0
real,120,gulf,6,LSTM-rec,3,crossing,18,372,52,0.4584527507579535,51.0,50.0,49.0,48.0,48.0,47.0,45.0,45.0,44.0,43.0,42.0,42.0,41.0,40.0,38.0,37.0,37.0,37.0,36.0,35.0
real,120,gulf,6,LSTM-rec,3,crossing,19,401,54,0.27015042459883754,53.0,53.0,52.0,51.0,50.0,49.0,48.0,47.0,46.0,45.0,44.0,44.0,42.0,42.0,42.0,42.0,42.0,42.0,42.0,42.0
real,120,gulf,6,LSTM-rec,3,crossing,20,435,46,0.31601892030546674,45.0,44.0,44.0,43.0,42.0,42.0,42.0,41.0,41.0,41.0,41.0,40.0,40.0,40.0,37.0,37.0,37.0,37.0,37.0,37.0
real,120,gulf,6,LSTM-rec,3,crossing,21,458,191,0.25925038726184646,190.0,189.0,188.0,187.0,186.0,185.0,184.0,183.0,182.0,181.0,180.0,179.0,178.0,177.0,176.0,175.0,174.0,173.0,173.0,173.0
real,120,gulf,6,LSTM-rec,3,crossing,22,466,26,0.12560870421985212,25.0,25.0,8.0,7.0,7.0,6.0,6.0,6.0,6.0,6.0,6.0,6.0,6.0,6.0,6.0,6.0,6.0,6.0,6.0,6.0
real,120,gulf,6,LSTM-rec,3,crossing,23,481,17,0.07894012582873783,16.0,16.0,16.0,16.0,16.0,15.0,6.0,6.0,6.0,6.0,6.0,6.0,6.0,6.0,6.0,6.0,6.0,6.0,6.0,6.0
real,120,gulf,6,LSTM-rec,3,crossing,24,483,183,0.17417043005953228,182.0,181.0,180.0,179.0,179.0,178.0,178.0,178.0,177.0,177.0,177.0,177.0,177.0,177.0,177.0,177.0,177.0,177.0,177.0,177.0
real,120,gulf,6,LSTM-rec,3,crossing,25,493,354,0.14534196121976542,353.0,352.0,352.0,351.0,350.0,349.0,348.0,347.0,346.0,346.0,345.0,344.0,343.0,342.0,342.0,340.0,340.0,339.0,339.0,339.0
real,120,gulf,6,LSTM-ms,3,buffer,0,18,18,0.552803466026154,14.0,13.0,12.0,11.0,10.0,9.0,8.0,7.0,6.0,6.0,6.0,6.0,6.0,6.0,6.0,6.0,6.0,6.0,6.0,6.0
real,120,gulf,6,LSTM-ms,3,buffer,1,26,255,0.17872595161990176,41.0,41.0,40.0,36.0,36.0,23.0,23.0,16.0,12.0,11.0,11.0,11.0,11.0,7.0,7.0,7.0,7.0,7.0,6.0,6.0
real,120,gulf,6,LSTM-ms,3,buffer,2,45,87,0.18000837727799998,37.0,36.0,35.0,34.0,31.0,30.0,29.0,28.0,27.0,26.0,25.0,24.0,24.0,23.0,22.0,21.0,21.0,20.0,19.0,18.0
real,120,gulf,6,LSTM-ms,3,buffer,3,59,104,0.19730612297154423,103.0,102.0,101.0,100.0,100.0,98.0,98.0,97.0,96.0,95.0,95.0,94.0,93.0,93.0,90.0,90.0,89.0,89.0,88.0,86.0
real,120,gulf,6,LSTM-ms,3,buffer,4,82,103,0.16942456961930338,13.0,12.0,12.0,11.0,11.0,8.0,7.0,6.0,6.0,6.0,6.0,6.0,6.0,6.0,6.0,6.0,6.0,6.0,6.0,6.0
real,120,gulf,6,LSTM-ms,3,buffer,5,107,39,0.19734096054635633,20.0,19.0,18.0,17.0,16.0,15.0,14.0,13.0,12.0,11.0,9.0,7.0,6.0,6.0,6.0,6.0,6.0,6.0,6.0,6.0
real,120,gulf,6,LSTM-ms,3,buffer,6,167,12,0.19843114021298683,12.0,11.0,10.0,9.0,8.0,7.0,6.0,6.0,6.0,6.0,6.0,6.0,6.0,6.0,6.0,6.0,6.0,6.0,6.0,6.0
real,120,gulf,6,LSTM-ms,3,buffer,7,177,66,0.23556229891658642,57.0,56.0,55.0,54.0,54.0,54.0,53.0,53.0,53.0,52.0,44.0,44.0,44.0,44.0,44.0,44.0,43.0,43.0,43.0,21.0
real,120,gulf,6,LSTM-ms,3,buffer,8,197,105,0.03148015439772444,96.0,95.0,94.0,93.0,92.0,91.0,90.0,89.0,88.0,87.0,87.0,86.0,85.0,84.0,84.0,83.0,82.0,81.0,80.0,79.0
real,120,gulf,6,LSTM-ms,3,buffer,9,212,7,0.17634544423915027,6.0,6.0,6.0,6.0,6.0,6.0,6.0,6.0,6.0,6.0,6.0,6.0,6.0,6.0,6.0,6.0,6.0,6.0,6.0,6.0
real,120,gulf,6,LSTM-ms,3,buffer,10,213,23,0.16663300971635767,22.0,21.0,20.0,20.0,19.0,18.0,17.0,17.0,16.0,15.0,14.0,13.0,12.0,12.0,10.0,8.0,7.0,6.0,6.0,6.0
real,120,gulf,6,LSTM-ms,3,buffer,11,257,59,0.273530380677922,54.0,53.0,52.0,51.0,50.0,49.0,49.0,48.0,47.0,46.0,45.0,44.0,44.0,43.0,42.0,41.0,40.0,40.0,39.0,38.0
real,120,gulf,6,LSTM-ms,3,buffer,12,283,38,0.1669010114740257,37.0,36.0,35.0,35.0,34.0,33.0,33.0,31.0,31.0,7.0,7.0,7.0,7.0,7.0,7.0,7.0,7.0,7.0,7.0,7.0
real,120,gulf,6,LSTM-ms,3,buffer,13,298,160,0.1698126938675798,148.0,147.0,146.0,145.0,144.0,144.0,143.0,142.0,142.0,141.0,140.0,140.0,139.0,138.0,137.0,137.0,136.0,135.0,135.0,133.0
real,120,gulf,6,LSTM-ms,3,buffer,14,327,626,0.09391636577513113,622.0,621.0,620.0,619.0,618.0,616.0,615.0,615.0,614.0,613.0,613.0,612.0,612.0,611.0,610.0,610.0,609.0,608.0,608.0,607.0
real,120,gulf,6,LSTM-ms,3,buffer,15,332,547,0.15738216149807072,540.0,539.0,539.0,538.0,537.0,536.0,535.0,534.0,533.0,532.0,531.0,531.0,529.0,529.0,527.0,526.0,525.0,524.0,524.0,523.0
real,120,gulf,6,LSTM-ms,3,buffer,16,346,34,0.20179138006429215,29.0,28.0,27.0,26.0,26.0,25.0,24.0,22.0,21.0,20.0,19.0,19.0,19.0,18.0,18.0,18.0,17.0,17.0,17.0,16.0
real,120,gulf,6,LSTM-ms,3,buffer,17,363,80,0.1685264355172356,67.0,66.0,66.0,65.0,64.0,63.0,62.0,61.0,60.0,59.0,59.0,58.0,57.0,56.0,55.0,55.0,54.0,54.0,53.0,52.0
real,120,gulf,6,LSTM-ms,3,buffer,18,372,52,0.4584527507579535,47.0,46.0,45.0,44.0,44.0,43.0,42.0,41.0,40.0,38.0,38.0,37.0,37.0,36.0,35.0,35.0,34.0,34.0,33.0,33.0
real,120,gulf,6,LSTM-ms,3,buffer,19,401,54,0.27015042459883754,50.0,49.0,48.0,47.0,46.0,45.0,44.0,44.0,43.0,43.0,43.0,43.0,42.0,42.0,42.0,42.0,42.0,42.0,42.0,42.0
real,120,gulf,6,LSTM-ms,3,buffer,20,435,46,0.31601892030546674,42.0,41.0,41.0,41.0,40.0,40.0,37.0,37.0,37.0,37.0,37.0,37.0,37.0,37.0,37.0,37.0,37.0,37.0,37.0,37.0
real,120,gulf,6,LSTM-ms,3,buffer,21,458,191,0.25925038726184646,185.0,184.0,183.0,182.0,181.0,180.0,180.0,179.0,178.0,177.0,176.0,176.0,175.0,174.0,174.0,173.0,173.0,173.0,172.0,171.0
real,120,gulf,6,LSTM-ms,3,buffer,22,466,26,0.12560870421985212,6.0,6.0,6.0,6.0,6.0,6.0,6.0,6.0,6.0,6.0,6.0,6.0,6.0,6.0,6.0,6.0,6.0,6.0,6.0,6.0
real,120,gulf,6,LSTM-ms,3,buffer,23,481,17,0.07894012582873783,6.0,6.0,6.0,6.0,6.0,6.0,6.0,6.0,6.0,6.0,6.0,6.0,6.0,6.0,6.0,6.0,6.0,6.0,6.0,6.0
real,120,gulf,6,LSTM-ms,3,buffer,24,483,183,0.17417043005953228,179.0,178.0,178.0,177.0,177.0,177.0,177.0,177.0,177.0,177.0,177.0,177.0,177.0,177.0,177.0,177.0,177.0,176.0,176.0,176.0
real,120,gulf,6,LSTM-ms,3,buffer,25,493,354,0.14534196121976542,352.0,352.0,351.0,350.0,350.0,349.0,348.0,348.0,347.0,347.0,346.0,345.0,345.0,344.0,344.0,343.0,343.0,342.0,342.0,341.0
real,120,gulf,6,LSTM-ms,3,crossing,0,18,18,0.552803466026154,17.0,16.0,15.0,15.0,14.0,13.0,12.0,11.0,10.0,9.0,9.0,8.0,6.0,6.0,6.0,6.0,6.0,6.0,6.0,6.0
real,120,gulf,6,LSTM-ms,3,crossing,1,26,255,0.17872595161990176,254.0,253.0,253.0,252.0,251.0,250.0,249.0,210.0,210.0,161.0,160.0,160.0,43.0,42.0,41.0,41.0,41.0,41.0,41.0,41.0
real,120,gulf,6,LSTM-ms,3,crossing,2,45,87,0.18000837727799998,86.0,85.0,84.0,83.0,82.0,80.0,79.0,78.0,78.0,78.0,78.0,78.0,77.0,77.0,46.0,45.0,44.0,44.0,43.0,43.0
real,120,gulf,6,LSTM-ms,3,crossing,3,59,104,0.19730612297154423,103.0,102.0,101.0,100.0,100.0,98.0,98.0,97.0,96.0,95.0,95.0,94.0,93.0,93.0,90.0,90.0,89.0,89.0,88.0,86.0
real,120,gulf,6,LSTM-ms,3,crossing,4,82,103,0.16942456961930338,102.0,102.0,100.0,100.0,99.0,16.0,15.0,14.0,13.0,13.0,12.0,12.0,12.0,12.0,8.0,7.0,7.0,7.0,6.0,6.0
real,120,gulf,6,LSTM-ms,3,crossing,5,107,39,0.19734096054635633,38.0,37.0,36.0,35.0,34.0,33.0,32.0,31.0,30.0,29.0,28.0,28.0,27.0,26.0,25.0,24.0,23.0,22.0,19.0,18.0
real,120,gulf,6,LSTM-ms,3,crossing,6,167,12,0.19843114021298683,12.0,11.0,10.0,9.0,8.0,7.0,6.0,6.0,6.0,6.0,6.0,6.0,6.0,6.0,6.0,6.0,6.0,6.0,6.0,6.0
real,120,gulf,6,LSTM-ms,3,crossing,7,177,66,0.23556229891658642,65.0,64.0,63.0,62.0,62.0,61.0,60.0,59.0,58.0,57.0,57.0,56.0,55.0,55.0,54.0,54.0,54.0,54.0,54.0,54.0
real,120,gulf,6,LSTM-ms,3,crossing,8,197,105,0.03148015439772444,104.0,103.0,103.0,102.0,101.0,100.0,99.0,98.0,98.0,97.0,97.0,95.0,94.0,94.0,93.0,92.0,91.0,90.0,90.0,89.0
real,120,gulf,6,LSTM-ms,3,crossing,9,212,7,0.17634544423915027,6.0,6.0,6.0,6.0,6.0,6.0,6.0,6.0,6.0,6.0,6.0,6.0,6.0,6.0,6.0,6.0,6.0,6.0,6.0,6.0
real,120,gulf,6,LSTM-ms,3,crossing,10,213,23,0.16663300971635767,22.0,21.0,20.0,20.0,19.0,18.0,17.0,17.0,16.0,15.0,14.0,13.0,12.0,12.0,10.0,8.0,7.0,6.0,6.0,6.0
real,120,gulf,6,LSTM-ms,3,crossing,11,257,59,0.273530380677922,58.0,57.0,56.0,55.0,54.0,53.0,53.0,52.0,51.0,50.0,49.0,48.0,47.0,46.0,46.0,45.0,44.0,43.0,43.0,42.0
real,120,gulf,6,LSTM-ms,3,crossing,12,283,38,0.1669010114740257,37.0,36.0,35.0,35.0,34.0,33.0,33.0,31.0,31.0,30.0,29.0,28.0,28.0,27.0,27.0,26.0,25.0,24.0,23.0,8.0
real,120,gulf,6,LSTM-ms,3,crossing,13,298,160,0.1698126938675798,160.0,159.0,158.0,157.0,156.0,155.0,154.0,153.0,153.0,152.0,151.0,150.0,150.0,149.0,148.0,147.0,147.0,146.0,145.0,144.0
real,120,gulf,6,LSTM-ms,3,crossing,14,327,626,0.09391636577513113,625.0,624.0,623.0,622.0,622.0,621.0,620.0,619.0,618.0,617.0,616.0,615.0,614.0,614.0,613.0,612.0,612.0,612.0,611.0,610.0
real,120,gulf,6,LSTM-ms,3,crossing,15,332,547,0.15738216149807072,546.0,545.0,544.0,543.0,542.0,541.0,541.0,540.0,539.0,539.0,539.0,538.0,537.0,536.0,535.0,534.0,534.0,532.0,531.0,531.0
real,120,gulf,6,LSTM-ms,3,crossing,16,346,34,0.20179138006429215,34.0,33.0,32.0,31.0,30.0,29.0,28.0,27.0,26.0,26.0,25.0,24.0,23.0,21.0,20.0,20.0,19.0,19.0,19.0,18.0
real,120,gulf,6,LSTM-ms,3,crossing,17,363,80,0.1685264355172356,79.0,78.0,77.0,76.0,76.0,75.0,74.0,73.0,72.0,71.0,70.0,70.0,69.0,68.0,67.0,67.0,66.0,66.0,65.0,64.0
real,120,gulf,6,LSTM-ms,3,crossing,18,372,52,0.4584527507579535,51.0,50.0,49.0,48.0,48.0,47.0,46.0,45.0,44.0,43.0,42.0,42.0,41.0,39.0,38.0,38.0,37.0,37.0,36.0,36.0
real,120,gulf,6,LSTM-ms,3,crossing,19,401,54,0.27015042459883754,54.0,53.0,52.0,51.0,50.0,49.0,48.0,47.0,46.0,45.0,45.0,44.0,44.0,44.0,43.0,43.0,43.0,43.0,43.0,42.0
real,120,gulf,6,LSTM-ms,3,crossing,20,435,46,0.31601892030546674,45.0,45.0,44.0,43.0,43.0,42.0,42.0,42.0,41.0,41.0,41.0,41.0,41.0,41.0,41.0,40.0,40.0,40.0,40.0,37.0
real,120,gulf,6,LSTM-ms,3,crossing,21,458,191,0.25925038726184646,190.0,189.0,188.0,187.0,186.0,185.0,184.0,184.0,183.0,182.0,181.0,181.0,180.0,179.0,178.0,177.0,177.0,176.0,176.0,175.0
real,120,gulf,6,LSTM-ms,3,crossing,22,466,26,0.12560870421985212,25.0,25.0,25.0,8.0,7.0,7.0,7.0,6.0,6.0,6.0,6.0,6.0,6.0,6.0,6.0,6.0,6.0,6.0,6.0,6.0
real,120,gulf,6,LSTM-ms,3,crossing,23,481,17,0.07894012582873783,16.0,16.0,16.0,16.0,16.0,16.0,16.0,16.0,15.0,15.0,15.0,15.0,6.0,6.0,6.0,6.0,6.0,6.0,6.0,6.0
real,120,gulf,6,LSTM-ms,3,crossing,24,483,183,0.17417043005953228,182.0,181.0,180.0,180.0,179.0,179.0,178.0,178.0,178.0,178.0,178.0,177.0,177.0,177.0,177.0,177.0,177.0,177.0,177.0,177.0
real,120,gulf,6,LSTM-ms,3,crossing,25,493,354,0.14534196121976542,354.0,353.0,352.0,352.0,351.0,351.0,350.0,350.0,349.0,348.0,347.0,347.0,346.0,346.0,345.0,345.0,344.0,343.0,343.0,343.0
real,120,gulf,6,LSTM-rec,4,buffer,0,18,18,0.552803466026154,14.0,13.0,12.0,11.0,11.0,10.0,10.0,9.0,9.0,8.0,8.0,8.0,6.0,6.0,6.0,6.0,6.0,6.0,6.0,6.0
real,120,gulf,6,LSTM-rec,4,buffer,1,26,255,0.17872595161990176,41.0,41.0,41.0,41.0,41.0,41.0,41.0,41.0,41.0,41.0,41.0,41.0,41.0,41.0,41.0,41.0,41.0,41.0,41.0,41.0
real,120,gulf,6,LSTM-rec,4,buffer,2,45,87,0.18000837727799998,37.0,36.0,36.0,35.0,35.0,31.0,31.0,30.0,30.0,30.0,29.0,29.0,29.0,29.0,29.0,29.0,29.0,29.0,29.0,29.0
real,120,gulf,6,LSTM-rec,4,buffer,3,59,104,0.19730612297154423,103.0,102.0,101.0,101.0,100.0,100.0,100.0,100.0,100.0,100.0,100.0,100.0,100.0,100.0,100.0,100.0,100.0,100.0,100.0,100.0
real,120,gulf,6,LSTM-rec,4,buffer,4,82,103,0.16942456961930338,13.0,12.0,12.0,12.0,11.0,11.0,11.0,8.0,8.0,7.0,7.0,7.0,7.0,6.0,6.0,6.0,6.0,6.0,6.0,6.0
real,120,gulf,6,LSTM-rec,4,buffer,5,107,39,0.19734096054635633,20.0,19.0,18.0,17.0,17.0,16.0,16.0,16.0,15.0,15.0,15.0,15.0,15.0,15.0,15.0,15.0,15.0,15.0,15.0,15.0
real,120,gulf,6,LSTM-rec,4,buffer,6,167,12,0.19843114021298683,12.0,11.0,10.0,10.0,9.0,9.0,9.0,9.0,9.0,9.0,9.0,9.0,9.0,9.0,9.0,9.0,9.0,9.0,9.0,9.0
real,120,gulf,6,LSTM-rec,4,buffer,7,177,66,0.23556229891658642,57.0,56.0,55.0,54.0,54.0,54.0,54.0,54.0,53.0,53.0,53.0,53.0,53.0,53.0,53.0,53.0,53.0,53.0,53.0,53.0
real,120,gulf,6,LSTM-rec,4,buffer,8,197,105,0.03148015439772444,96.0,95.0,94.0,93.0,93.0,92.0,91.0,91.0,91.0,90.0,90.0,89.0,89.0,89.0,89.0,89.0,89.0,89.0,89.0,89.0
real,120,gulf,6,LSTM-rec,4,buffer,9,212,7,0.17634544423915027,6.0,6.0,6.0,6.0,6.0,6.0,6.0,6.0,6.0,6.0,6.0,6.0,6.0,6.0,6.0,6.0,6.0,6.0,6.0,6.0
real,120,gulf,6,LSTM-rec,4,buffer,10,213,23,0.16663300971635767,22.0,21.0,21.0,20.0,20.0,20.0,20.0,20.0,20.0,20.0,20.0,20.0,20.0,20.0,20.0,20.0,20.0,20.0,20.0,20.0
real,120,gulf,6,LSTM-rec,4,buffer,11,257,59,0.273530380677922,54.0,53.0,53.0,52.0,51.0,51.0,50.0,50.0,49.0,49.0,48.0,48.0,48.0,47.0,47.0,47.0,47.0,46.0,46.0,46.0
real,120,gulf,6,LSTM-rec,4,buffer,12,283,38,0.1669010114740257,37.0,36.0,36.0,35.0,35.0,35.0,35.0,35.0,35.0,35.0,35.0,35.0,35.0,35.0,35.0,35.0,35.0,35.0,35.0,35.0
real,120,gulf,6,LSTM-rec,4,buffer,13,298,160,0.1698126938675798,148.0,147.0,147.0,146.0,145.0,145.0,144.0,144.0,144.0,143.0,143.0,143.0,143.0,143.0,143.0,143.0,143.0,143.0,143.0,143.0
real,120,gulf,6,LSTM-rec,4,buffer,14,327,626,0.09391636577513113,622.0,621.0,620.0,619.0,619.0,618.0,618.0,617.0,615.0,614.0,614.0,614.0,613.0,613.0,613.0,613.0,612.0,612.0,612.0,612.0
real,120,gulf,6,LSTM-rec,4,buffer,15,332,547,0.15738216149807072,540.0,539.0,539.0,538.0,538.0,537.0,536.0,536.0,536.0,535.0,535.0,535.0,534.0,534.0,534.0,534.0,534.0,533.0,533.0,533.0
real,120,gulf,6,LSTM-rec,4,buffer,16,346,34,0.20179138006429215,29.0,29.0,28.0,27.0,26.0,26.0,25.0,25.0,25.0,24.0,24.0,23.0,23.0,23.0,22.0,22.0,22.0,21.0,20.0,20.0
real,120,gulf,6,LSTM-rec,4,buffer,17,363,80,0.1685264355172356,67.0,66.0,66.0,65.0,65.0,64.0,64.0,63.0,63.0,63.0,63.0,62.0,62.0,62.0,62.0,62.0,62.0,62.0,62.0,62.0
real,120,gulf,6,LSTM-rec,4,buffer,18,372,52,0.4584527507579535,47.0,46.0,46.0,45.0,44.0,44.0,43.0,43.0,43.0,42.0,42.0,41.0,41.0,41.0,41.0,40.0,40.0,38.0,38.0,38.0
real,120,gulf,6,LSTM-rec,4,buffer,19,401,54,0.27015042459883754,50.0,49.0,48.0,47.0,47.0,46.0,45.0,45.0,44.0,44.0,44.0,44.0,43.0,43.0,42.0,42.0,42.0,42.0,42.0,42.0
real,120,gulf,6,LSTM-rec,4,buffer,20,435,46,0.31601892030546674,42.0,41.0,41.0,41.0,41.0,40.0,40.0,37.0,37.0,37.0,37.0,37.0,37.0,37.0,37.0,37.0,37.0,37.0,37.0,37.0
real,120,gulf,6,LSTM-rec,4,buffer,21,458,191,0.25925038726184646,185.0,184.0,183.0,183.0,182.0,181.0,181.0,181.0,180.0,180.0,179.0,179.0,179.0,179.0,178.0,178.0,178.0,178.0,178.0,177.0
real,120,gulf,6,LSTM-rec,4,buffer,22,466,26,0.12560870421985212,6.0,6.0,6.0,6.0,6.0,6.0,6.0,6.0,6.0,6.0,6.0,6.0,6.0,6.0,6.0,6.0,6.0,6.0,6.0,6.0
real,120,gulf,6,LSTM-rec,4,buffer,23,481,17,0.07894012582873783,6.0,6.0,6.0,6.0,6.0,6.0,6.0,6.0,6.0,6.0,6.0,6.0,6.0,6.0,6.0,6.0,6.0,6.0,6.0,6.0
real,120,gulf,6,LSTM-rec,4,buffer,24,483,183,0.17417043005953228,179.0,178.0,177.0,177.0,177.0,177.0,177.0,177.0,177.0,177.0,177.0,177.0,177.0,177.0,177.0,177.0,177.0,177.0,177.0,177.0
real,120,gulf,6,LSTM-rec,4,buffer,25,493,354,0.14534196121976542,352.0,351.0,351.0,350.0,350.0,349.0,349.0,349.0,348.0,348.0,347.0,347.0,347.0,346.0,346.0,346.0,346.0,346.0,346.0,345.0
real,120,gulf,6,LSTM-rec,4,crossing,0,18,18,0.552803466026154,17.0,16.0,16.0,15.0,15.0,14.0,14.0,13.0,13.0,12.0,12.0,11.0,11.0,11.0,11.0,10.0,10.0,10.0,10.0,10.0
real,120,gulf,6,LSTM-rec,4,crossing,1,26,255,0.17872595161990176,254.0,253.0,253.0,252.0,252.0,250.0,250.0,250.0,250.0,250.0,210.0,210.0,210.0,210.0,210.0,210.0,210.0,210.0,210.0,210.0
real,120,gulf,6,LSTM-rec,4,crossing,2,45,87,0.18000837727799998,86.0,85.0,84.0,84.0,83.0,82.0,82.0,82.0,80.0,80.0,80.0,80.0,80.0,80.0,80.0,80.0,80.0,80.0,80.0,80.0
real,120,gulf,6,LSTM-rec,4,crossing,3,59,104,0.19730612297154423,103.0,102.0,101.0,101.0,100.0,100.0,100.0,100.0,100.0,100.0,100.0,100.0,100.0,100.0,100.0,100.0,100.0,100.0,100.0,100.0
real,120,gulf,6,LSTM-rec,4,crossing,4,82,103,0.16942456961930338,102.0,101.0,101.0,100.0,100.0,99.0,99.0,16.0,16.0,15.0,15.0,15.0,14.0,14.0,14.0,14.0,14.0,14.0,14.0,14.0
real,120,gulf,6,LSTM-rec,4,crossing,5,107,39,0.19734096054635633,38.0,37.0,36.0,36.0,35.0,35.0,35.0,34.0,34.0,34.0,34.0,34.0,34.0,34.0,34.0,34.0,34.0,34.0,34.0,34.0
real,120,gulf,6,LSTM-rec,4,crossing,6,167,12,0.19843114021298683,12.0,11.0,10.0,10.0,9.0,9.0,9.0,9.0,9.0,9.0,9.0,9.0,9.0,9.0,9.0,9.0,9.0,9.0,9.0,9.0
real,120,gulf,6,LSTM-rec,4,crossing,7,177,66,0.23556229891658642,65.0,64.0,64.0,63.0,62.0,62.0,61.0,61.0,61.0,60.0,60.0,59.0,59.0,59.0,59.0,59.0,59.0,59.0,59.0,59.0
real,120,gulf,6,LSTM-rec,4,crossing,8,197,105,0.03148015439772444,104.0,103.0,103.0,102.0,101.0,101.0,100.0,100.0,100.0,99.0,99.0,99.0,98.0,98.0,98.0,98.0,98.0,98.0,98.0,98.0
real,120,gulf,6,LSTM-rec,4,crossing,9,212,7,0.17634544423915027,6.0,6.0,6.0,6.0,6.0,6.0,6.0,6.0,6.0,6.0,6.0,6.0,6.0,6.0,6.0,6.0,6.0,6.0,6.0,6.0
real,120,gulf,6,LSTM-rec,4,crossing,10,213,23,0.16663300971635767,22.0,21.0,21.0,20.0,20.0,20.0,20.0,20.0,20.0,20.0,20.0,20.0,20.0,20.0,20.0,20.0,20.0,20.0,20.0,20.0
real,120,gulf,6,LSTM-rec,4,crossing,11,257,59,0.273530380677922,58.0,58.0,57.0,56.0,55.0,55.0,54.0,53.0,53.0,53.0,52.0,52.0,52.0,51.0,51.0,51.0,51.0,50.0,50.0,50.0
real,120,gulf,6,LSTM-rec,4,crossing,12,283,38,0.1669010114740257,37.0,36.0,36.0,35.0,35.0,35.0,35.0,35.0,35.0,35.0,35.0,35.0,35.0,35.0,35.0,35.0,35.0,35.0,35.0,35.0
real,120,gulf,6,LSTM-rec,4,crossing,13,298,160,0.1698126938675798,160.0,159.0,158.0,157.0,157.0,156.0,156.0,155.0,155.0,155.0,154.0,154.0,154.0,154.0,154.0,154.0,154.0,154.0,154.0,154.0
real,120,gulf,6,LSTM-rec,4,crossing,14,327,626,0.09391636577513113,625.0,624.0,624.0,623.0,623.0,622.0,621.0,621.0,621.0,620.0,620.0,620.0,619.0,619.0,619.0,618.0,618.0,615.0,615.0,615.0
real,120,gulf,6,LSTM-rec,4,crossing,15,332,547,0.15738216149807072,546.0,545.0,544.0,544.0,543.0,542.0,542.0,541.0,541.0,540.0,540.0,540.0,540.0,540.0,540.0,539.0,539.0,539.0,539.0,539.0
real,120,gulf,6,LSTM-rec,4,crossing,16,346,34,0.20179138006429215,34.0,33.0,32.0,31.0,31.0,30.0,30.0,30.0,29.0,29.0,28.0,28.0,27.0,27.0,27.0,27.0,27.0,26.0,26.0,26.0
real,120,gulf,6,LSTM-rec,4,crossing,17,363,80,0.1685264355172356,79.0,78.0,77.0,77.0,76.0,76.0,75.0,75.0,74.0,74.0,74.0,74.0,74.0,74.0,74.0,74.0,74.0,74.0,74.0,74.0
real,120,gulf,6,LSTM-rec,4,crossing,18,372,52,0.4584527507579535,51.0,50.0,50.0,49.0,48.0,48.0,47.0,47.0,46.0,46.0,45.0,45.0,45.0,45.0,44.0,44.0,44.0,44.0,44.0,44.0
real,120,gulf,6,LSTM-rec,4,crossing,19,401,54,0.27015042459883754,54.0,53.0,52.0,51.0,51.0,50.0,49.0,49.0,49.0,48.0,48.0,47.0,47.0,47.0,47.0,46.0,46.0,46.0,46.0,46.0
real,120,gulf,6,LSTM-rec,4,crossing,20,435,46,0.31601892030546674,45.0,45.0,44.0,43.0,43.0,42.0,42.0,42.0,42.0,42.0,41.0,41.0,41.0,41.0,41.0,41.0,41.0,41.0,41.0,41.0
real,120,gulf,6,LSTM-rec,4,crossing,21,458,191,0.25925038726184646,190.0,189.0,188.0,188.0,187.0,186.0,186.0,185.0,185.0,184.0,184.0,184.0,183.0,183.0,183.0,183.0,183.0,183.0,182.0,182.0
real,120,gulf,6,LSTM-rec,4,crossing,22,466,26,0.12560870421985212,25.0,25.0,25.0,8.0,8.0,8.0,7.0,7.0,7.0,7.0,7.0,7.0,7.0,7.0,7.0,7.0,7.0,7.0,7.0,7.0
real,120,gulf,6,LSTM-rec,4,crossing,23,481,17,0.07894012582873783,16.0,16.0,16.0,16.0,16.0,16.0,16.0,16.0,16.0,16.0,16.0,16.0,16.0,16.0,16.0,16.0,16.0,16.0,16.0,16.0
real,120,gulf,6,LSTM-rec,4,crossing,24,483,183,0.17417043005953228,182.0,181.0,180.0,180.0,179.0,179.0,178.0,178.0,178.0,178.0,178.0,178.0,177.0,177.0,177.0,177.0,177.0,177.0,177.0,177.0
real,120,gulf,6,LSTM-rec,4,crossing,25,493,354,0.14534196121976542,353.0,353.0,352.0,352.0,351.0,351.0,351.0,350.0,350.0,350.0,349.0,349.0,349.0,348.0,348.0,347.0,347.0,347.0,347.0,347.0
real,120,gulf,6,LSTM-ms,4,buffer,0,18,18,0.552803466026154,14.0,13.0,12.0,11.0,10.0,9.0,9.0,8.0,6.0,6.0,6.0,6.0,6.0,6.0,6.0,6.0,6.0,6.0,6.0,6.0
real,120,gulf,6,LSTM-ms,4,buffer,1,26,255,0.17872595161990176,41.0,41.0,41.0,36.0,36.0,23.0,23.0,23.0,23.0,23.0,12.0,12.0,12.0,12.0,11.0,11.0,11.0,11.0,11.0,11.0
real,120,gulf,6,LSTM-ms,4,buffer,2,45,87,0.18000837727799998,37.0,36.0,36.0,35.0,31.0,31.0,30.0,29.0,29.0,28.0,27.0,27.0,26.0,26.0,25.0,25.0,25.0,24.0,24.0,23.0
real,120,gulf,6,LSTM-ms,4,buffer,3,59,104,0.19730612297154423,103.0,102.0,101.0,101.0,101.0,100.0,100.0,98.0,98.0,98.0,97.0,97.0,96.0,96.0,96.0,96.0,95.0,95.0,95.0,95.0
real,120,gulf,6,LSTM-ms,4,buffer,4,82,103,0.16942456961930338,13.0,12.0,12.0,11.0,11.0,8.0,7.0,7.0,6.0,6.0,6.0,6.0,6.0,6.0,6.0,6.0,6.0,6.0,6.0,6.0
real,120,gulf,6,LSTM-ms,4,buffer,5,107,39,0.19734096054635633,20.0,19.0,18.0,17.0,17.0,16.0,15.0,15.0,14.0,13.0,13.0,12.0,11.0,10.0,9.0,9.0,7.0,6.0,6.0,6.0
real,120,gulf,6,LSTM-ms,4,buffer,6,167,12,0.19843114021298683,12.0,11.0,10.0,10.0,9.0,9.0,8.0,7.0,7.0,6.0,6.0,6.0,6.0,6.0,6.0,6.0,6.0,6.0,6.0,6.0
real,120,gulf,6,LSTM-ms,4,buffer,7,177,66,0.23556229891658642,57.0,56.0,55.0,54.0,54.0,54.0,53.0,53.0,53.0,53.0,52.0,52.0,52.0,44.0,44.0,44.0,44.0,44.0,44.0,44.0
real,120,gulf,6,LSTM-ms,4,buffer,8,197,105,0.03148015439772444,96.0,95.0,94.0,93.0,92.0,92.0,91.0,90.0,89.0,89.0,88.0,88.0,87.0,87.0,86.0,86.0,85.0,84.0,84.0,84.0
real,120,gulf,6,LSTM-ms,4,buffer,9,212,7,0.17634544423915027,6.0,6.0,6.0,6.0,6.0,6.0,6.0,6.0,6.0,6.0,6.0,6.0,6.0,6.0,6.0,6.0,6.0,6.0,6.0,6.0
real,120,gulf,6,LSTM-ms,4,buffer,10,213,23,0.16663300971635767,22.0,22.0,21.0,20.0,20.0,20.0,19.0,19.0,18.0,18.0,18.0,17.0,17.0,17.0,17.0,17.0,17.0,17.0,17.0,17.0
real,120,gulf,6,LSTM-ms,4,buffer,11,257,59,0.273530380677922,54.0,53.0,52.0,52.0,51.0,50.0,49.0,48.0,48.0,47.0,46.0,46.0,45.0,44.0,44.0,43.0,42.0,42.0,41.0,41.0
real,120,gulf,6,LSTM-ms,4,buffer,12,283,38,0.1669010114740257,37.0,36.0,36.0,35.0,35.0,35.0,34.0,34.0,33.0,33.0,33.0,33.0,7.0,7.0,7.0,7.0,7.0,7.0,7.0,7.0
real,120,gulf,6,LSTM-ms,4,buffer,13,298,160,0.1698126938675798,148.0,147.0,147.0,146.0,145.0,145.0,144.0,143.0,143.0,143.0,142.0,142.0,141.0,141.0,141.0,141.0,141.0,141.0,140.0,140.0
real,120,gulf,6,LSTM-ms,4,buffer,14,327,626,0.09391636577513113,622.0,621.0,620.0,619.0,618.0,617.0,616.0,615.0,614.0,614.0,613.0,612.0,612.0,611.0,611.0,610.0,610.0,609.0,609.0,608.0
real,120,gulf,6,LSTM-ms,4,buffer,15,332,547,0.15738216149807072,540.0,539.0,539.0,538.0,537.0,536.0,536.0,535.0,534.0,533.0,532.0,532.0,531.0,530.0,530.0,529.0,528.0,527.0,527.0,526.0
real,120,gulf,6,LSTM-ms,4,buffer,16,346,34,0.20179138006429215,29.0,28.0,27.0,27.0,26.0,25.0,24.0,23.0,22.0,21.0,20.0,20.0,19.0,19.0,18.0,18.0,18.0,17.0,17.0,17.0
real,120,gulf,6,LSTM-ms,4,buffer,17,363,80,0.1685264355172356,67.0,67.0,66.0,65.0,64.0,64.0,63.0,63.0,62.0,61.0,61.0,60.0,60.0,59.0,59.0,58.0,58.0,58.0,57.0,57.0
real,120,gulf,6,LSTM-ms,4,buffer,18,372,52,0.4584527507579535,47.0,46.0,45.0,45.0,44.0,43.0,42.0,41.0,41.0,40.0,39.0,38.0,37.0,37.0,36.0,36.0,35.0,35.0,34.0,33.0
real,120,gulf,6,LSTM-ms,4,buffer,19,401,54,0.27015042459883754,50.0,49.0,48.0,47.0,46.0,45.0,45.0,44.0,44.0,43.0,43.0,43.0,43.0,42.0,42.0,42.0,42.0,42.0,42.0,42.0
real,120,gulf,6,LSTM-ms,4,buffer,20,435,46,0.31601892030546674,42.0,41.0,41.0,41.0,41.0,40.0,40.0,37.0,37.0,37.0,37.0,37.0,37.0,37.0,37.0,37.0,37.0,37.0,37.0,37.0
real,120,gulf,6,LSTM-ms,4,buffer,21,458,191,0.25925038726184646,185.0,184.0,183.0,182.0,181.0,181.0,180.0,179.0,178.0,177.0,177.0,176.0,175.0,175.0,174.0,174.0,173.0,173.0,173.0,173.0
real,120,gulf,6,LSTM-ms,4,buffer,22,466,26,0.12560870421985212,6.0,6.0,6.0,6.0,6.0,6.0,6.0,6.0,6.0,6.0,6.0,6.0,6.0,6.0,6.0,6.0,6.0,6.0,6.0,6.0
real,120,gulf,6,LSTM-ms,4,buffer,23,481,17,0.07894012582873783,6.0,6.0,6.0,6.0,6.0,6.0,6.0,6.0,6.0,6.0,6.0,6.0,6.0,6.0,6.0,6.0,6.0,6.0,6.0,6.0
real,120,gulf,6,LSTM-ms,4,buffer,24,483,183,0.17417043005953228,179.0,178.0,178.0,177.0,177.0,177.0,177.0,177.0,177.0,177.0,177.0,177.0,177.0,177.0,177.0,177.0,177.0,177.0,177.0,177.0
real,120,gulf,6,LSTM-ms,4,buffer,25,493,354,0.14534196121976542,352.0,351.0,350.0,350.0,349.0,348.0,347.0,346.0,346.0,345.0,345.0,344.0,343.0,343.0,342.0,342.0,342.0,342.0,342.0,341.0
real,120,gulf,6,LSTM-ms,4,crossing,0,18,18,0.552803466026154,17.0,16.0,16.0,15.0,14.0,13.0,12.0,12.0,11.0,10.0,10.0,9.0,8.0,8.0,6.0,6.0,6.0,6.0,6.0,6.0
real,120,gulf,6,LSTM-ms,4,crossing,1,26,255,0.17872595161990176,254.0,253.0,253.0,252.0,252.0,250.0,250.0,210.0,210.0,210.0,210.0,161.0,161.0,161.0,161.0,160.0,160.0,160.0,160.0,160.0
real,120,gulf,6,LSTM-ms,4,crossing,2,45,87,0.18000837727799998,86.0,85.0,84.0,83.0,82.0,82.0,80.0,80.0,79.0,79.0,78.0,78.0,78.0,78.0,78.0,78.0,78.0,78.0,78.0,78.0
real,120,gulf,6,LSTM-ms,4,crossing,3,59,104,0.19730612297154423,103.0,102.0,101.0,101.0,101.0,100.0,100.0,98.0,98.0,98.0,97.0,97.0,96.0,96.0,96.0,96.0,95.0,95.0,95.0,95.0
real,120,gulf,6,LSTM-ms,4,crossing,4,82,103,0.16942456961930338,102.0,102.0,101.0,100.0,100.0,99.0,16.0,15.0,14.0,14.0,13.0,12.0,12.0,12.0,12.0,12.0,12.0,12.0,11.0,8.0
real,120,gulf,6,LSTM-ms,4,crossing,5,107,39,0.19734096054635633,38.0,37.0,36.0,36.0,35.0,34.0,34.0,33.0,32.0,31.0,31.0,30.0,30.0,30.0,29.0,29.0,29.0,29.0,28.0,28.0
real,120,gulf,6,LSTM-ms,4,crossing,6,167,12,0.19843114021298683,12.0,11.0,10.0,10.0,9.0,9.0,8.0,7.0,7.0,6.0,6.0,6.0,6.0,6.0,6.0,6.0,6.0,6.0,6.0,6.0
real,120,gulf,6,LSTM-ms,4,crossing,7,177,66,0.23556229891658642,65.0,64.0,64.0,63.0,62.0,61.0,61.0,60.0,59.0,59.0,58.0,57.0,57.0,57.0,56.0,56.0,55.0,54.0,54.0,54.0
real,120,gulf,6,LSTM-ms,4,crossing,8,197,105,0.03148015439772444,104.0,103.0,103.0,102.0,101.0,101.0,100.0,99.0,99.0,98.0,98.0,97.0,97.0,97.0,95.0,95.0,94.0,94.0,94.0,93.0
real,120,gulf,6,LSTM-ms,4,crossing,9,212,7,0.17634544423915027,6.0,6.0,6.0,6.0,6.0,6.0,6.0,6.0,6.0,6.0,6.0,6.0,6.0,6.0,6.0,6.0,6.0,6.0,6.0,6.0
real,120,gulf,6,LSTM-ms,4,crossing,10,213,23,0.16663300971635767,22.0,22.0,21.0,20.0,20.0,20.0,19.0,19.0,18.0,18.0,18.0,17.0,17.0,17.0,17.0,17.0,17.0,17.0,17.0,17.0
real,120,gulf,6,LSTM-ms,4,crossing,11,257,59,0.273530380677922,58.0,57.0,56.0,55.0,55.0,54.0,53.0,52.0,51.0,51.0,50.0,49.0,49.0,48.0,47.0,47.0,46.0,46.0,45.0,44.0
real,120,gulf,6,LSTM-ms,4,crossing,12,283,38,0.1669010114740257,37.0,36.0,36.0,35.0,35.0,35.0,34.0,34.0,33.0,33.0,33.0,33.0,32.0,32.0,32.0,31.0,31.0,31.0,31.0,31.0
real,120,gulf,6,LSTM-ms,4,crossing,13,298,160,0.1698126938675798,160.0,159.0,158.0,157.0,157.0,156.0,155.0,155.0,154.0,153.0,153.0,152.0,152.0,151.0,151.0,151.0,151.0,150.0,150.0,150.0
real,120,gulf,6,LSTM-ms,4,crossing,14,327,626,0.09391636577513113,625.0,624.0,624.0,623.0,622.0,621.0,620.0,620.0,619.0,618.0,617.0,615.0,615.0,614.0,614.0,613.0,612.0,612.0,612.0,611.0
real,120,gulf,6,LSTM-ms,4,crossing,15,332,547,0.15738216149807072,546.0,545.0,544.0,543.0,542.0,542.0,541.0,540.0,540.0,539.0,539.0,539.0,538.0,538.0,537.0,536.0,536.0,535.0,535.0,534.0
real,120,gulf,6,LSTM-ms,4,crossing,16,346,34,0.20179138006429215,33.0,33.0,32.0,31.0,30.0,30.0,29.0,28.0,27.0,26.0,26.0,25.0,24.0,23.0,23.0,22.0,21.0,20.0,20.0,19.0
real,120,gulf,6,LSTM-ms,4,crossing,17,363,80,0.1685264355172356,79.0,78.0,78.0,77.0,76.0,75.0,75.0,74.0,74.0,73.0,72.0,72.0,71.0,71.0,71.0,70.0,70.0,70.0,69.0,69.0
real,120,gulf,6,LSTM-ms,4,crossing,18,372,52,0.4584527507579535,51.0,50.0,49.0,49.0,48.0,47.0,46.0,45.0,45.0,44.0,44.0,43.0,42.0,41.0,41.0,40.0,39.0,38.0,37.0,37.0
real,120,gulf,6,LSTM-ms,4,crossing,19,401,54,0.27015042459883754,54.0,53.0,52.0,51.0,50.0,49.0,48.0,48.0,47.0,46.0,46.0,45.0,45.0,44.0,44.0,44.0,43.0,43.0,43.0,43.0
real,120,gulf,6,LSTM-ms,4,crossing,20,435,46,0.31601892030546674,45.0,45.0,44.0,43.0,43.0,42.0,42.0,42.0,41.0,41.0,41.0,41.0,41.0,41.0,41.0,41.0,41.0,41.0,41.0,41.0
real,120,gulf,6,LSTM-ms,4,crossing,21,458,191,0.25925038726184646,190.0,189.0,188.0,187.0,186.0,185.0,185.0,184.0,183.0,182.0,182.0,181.0,180.0,180.0,179.0,179.0,178.0,177.0,177.0,177.0
real,120,gulf,6,LSTM-ms,4,crossing,22,466,26,0.12560870421985212,26.0,25.0,25.0,8.0,8.0,7.0,7.0,7.0,6.0,6.0,6.0,6.0,6.0,6.0,6.0,6.0,6.0,6.0,6.0,6.0
real,120,gulf,6,LSTM-ms,4,crossing,23,481,17,0.07894012582873783,16.0,16.0,16.0,16.0,16.0,16.0,16.0,16.0,16.0,16.0,16.0,16.0,16.0,16.0,16.0,16.0,16.0,16.0,16.0,16.0
real,120,gulf,6,LSTM-ms,4,crossing,24,483,183,0.17417043005953228,182.0,181.0,180.0,180.0,179.0,179.0,178.0,178.0,178.0,178.0,178.0,178.0,177.0,177.0,177.0,177.0,177.0,177.0,177.0,177.0
real,120,gulf,6,LSTM-ms,4,crossing,25,493,354,0.14534196121976542,353.0,353.0,352.0,351.0,351.0,350.0,349.0,349.0,347.0,347.0,346.0,346.0,345.0,345.0,343.0,343.0,342.0,342.0,342.0,342.0
real,120,gulf,7,Reactive,0,zone,0,29,130,0.10419660671874566,123.0,123.0,123.0,123.0,123.0,123.0,123.0,123.0,123.0,123.0,123.0,123.0,123.0,123.0,123.0,123.0,123.0,123.0,123.0,123.0
real,120,gulf,7,Reactive,0,zone,1,71,652,0.15936594100865628,597.0,597.0,597.0,597.0,597.0,597.0,597.0,597.0,597.0,597.0,597.0,597.0,597.0,597.0,597.0,597.0,597.0,597.0,597.0,597.0
real,120,gulf,7,Reactive,0,zone,2,136,26,0.1979402878047138,0.0,0.0,0.0,0.0,0.0,0.0,0.0,0.0,0.0,0.0,0.0,0.0,0.0,0.0,0.0,0.0,0.0,0.0,0.0,0.0
real,120,gulf,7,Reactive,0,zone,3,292,224,0.3187626612521536,218.0,218.0,218.0,218.0,218.0,218.0,218.0,218.0,218.0,218.0,218.0,218.0,218.0,218.0,218.0,218.0,218.0,218.0,218.0,218.0
real,120,gulf,7,Reactive,0,zone,4,373,149,0.4735056746776396,142.0,142.0,142.0,142.0,142.0,142.0,142.0,142.0,142.0,142.0,142.0,142.0,142.0,142.0,142.0,142.0,142.0,142.0,142.0,142.0
real,120,gulf,7,Reactive,0,zone,5,405,13,0.029191836695036086,1.0,1.0,1.0,1.0,1.0,1.0,1.0,1.0,1.0,1.0,1.0,1.0,1.0,1.0,1.0,1.0,1.0,1.0,1.0,1.0
real,120,gulf,7,Reactive,0,zone,6,447,33,0.3683039632303656,28.0,28.0,28.0,28.0,28.0,28.0,28.0,28.0,28.0,28.0,28.0,28.0,28.0,28.0,28.0,28.0,28.0,28.0,28.0,28.0
real,120,gulf,7,Reactive,0,zone,7,478,359,0.2164701476328347,302.0,302.0,302.0,302.0,302.0,302.0,302.0,302.0,302.0,302.0,302.0,302.0,302.0,302.0,302.0,302.0,302.0,302.0,302.0,302.0
real,120,gulf,7,Analytic,0,buffer,0,29,130,0.10419660671874566,122.0,120.0,119.0,119.0,118.0,117.0,116.0,115.0,113.0,109.0,108.0,107.0,105.0,103.0,102.0,101.0,100.0,99.0,98.0,97.0
real,120,gulf,7,Analytic,0,buffer,1,71,652,0.15936594100865628,596.0,595.0,594.0,593.0,592.0,592.0,590.0,590.0,589.0,588.0,586.0,585.0,584.0,583.0,582.0,581.0,580.0,573.0,572.0,572.0
real,120,gulf,7,Analytic,0,buffer,2,136,26,0.1979402878047138,6.0,6.0,6.0,6.0,6.0,6.0,6.0,6.0,6.0,6.0,6.0,6.0,6.0,6.0,6.0,6.0,6.0,6.0,6.0,6.0
real,120,gulf,7,Analytic,0,buffer,3,292,224,0.3187626612521536,217.0,217.0,216.0,215.0,214.0,213.0,212.0,212.0,211.0,211.0,211.0,210.0,210.0,210.0,210.0,210.0,210.0,210.0,209.0,209.0
real,120,gulf,7,Analytic,0,buffer,4,373,149,0.4735056746776396,141.0,140.0,140.0,139.0,138.0,137.0,136.0,134.0,133.0,132.0,131.0,130.0,130.0,128.0,123.0,122.0,121.0,120.0,119.0,118.0
real,120,gulf,7,Analytic,0,buffer,5,405,13,0.029191836695036086,6.0,6.0,6.0,6.0,6.0,6.0,6.0,6.0,6.0,6.0,6.0,6.0,6.0,6.0,6.0,6.0,6.0,6.0,6.0,6.0
real,120,gulf,7,Analytic,0,buffer,6,447,33,0.3683039632303656,27.0,26.0,25.0,24.0,23.0,22.0,21.0,20.0,19.0,18.0,17.0,16.0,15.0,14.0,12.0,10.0,9.0,8.0,8.0,8.0
real,120,gulf,7,Analytic,0,buffer,7,478,359,0.2164701476328347,301.0,300.0,299.0,298.0,297.0,296.0,295.0,294.0,293.0,292.0,291.0,291.0,289.0,288.0,285.0,284.0,283.0,283.0,282.0,282.0
real,120,gulf,7,Analytic,0,crossing,0,29,130,0.10419660671874566,129.0,129.0,128.0,127.0,126.0,126.0,125.0,124.0,123.0,123.0,120.0,120.0,119.0,119.0,118.0,117.0,117.0,109.0,107.0,106.0
real,120,gulf,7,Analytic,0,crossing,1,71,652,0.15936594100865628,651.0,649.0,648.0,647.0,647.0,647.0,646.0,646.0,646.0,645.0,644.0,644.0,636.0,635.0,635.0,596.0,596.0,595.0,594.0,594.0
real,120,gulf,7,Analytic,0,crossing,2,136,26,0.1979402878047138,25.0,24.0,22.0,21.0,20.0,20.0,19.0,18.0,17.0,17.0,16.0,16.0,14.0,14.0,14.0,14.0,14.0,13.0,13.0,13.0
real,120,gulf,7,Analytic,0,crossing,3,292,224,0.3187626612521536,222.0,221.0,220.0,219.0,218.0,217.0,217.0,216.0,216.0,215.0,213.0,213.0,212.0,212.0,211.0,211.0,211.0,211.0,210.0,210.0
real,120,gulf,7,Analytic,0,crossing,4,373,149,0.4735056746776396,147.0,145.0,144.0,143.0,142.0,141.0,141.0,140.0,139.0,139.0,138.0,137.0,134.0,133.0,132.0,131.0,131.0,130.0,123.0,122.0
real,120,gulf,7,Analytic,0,crossing,5,405,13,0.029191836695036086,8.0,7.0,6.0,6.0,6.0,6.0,6.0,6.0,6.0,6.0,6.0,6.0,6.0,6.0,6.0,6.0,6.0,6.0,6.0,6.0
real,120,gulf,7,Analytic,0,crossing,6,447,33,0.3683039632303656,33.0,32.0,31.0,30.0,29.0,29.0,28.0,27.0,27.0,26.0,25.0,25.0,24.0,23.0,22.0,21.0,20.0,19.0,18.0,17.0
real,120,gulf,7,Analytic,0,crossing,7,478,359,0.2164701476328347,358.0,357.0,357.0,356.0,356.0,355.0,355.0,354.0,354.0,353.0,352.0,352.0,301.0,300.0,300.0,298.0,298.0,297.0,295.0,294.0
real,120,gulf,7,ConstVel,0,buffer,0,29,130,0.10419660671874566,122.0,120.0,119.0,118.0,117.0,117.0,116.0,115.0,113.0,109.0,107.0,107.0,106.0,104.0,103.0,101.0,99.0,98.0,98.0,97.0
real,120,gulf,7,ConstVel,0,buffer,1,71,652,0.15936594100865628,596.0,595.0,594.0,593.0,592.0,591.0,590.0,590.0,589.0,588.0,586.0,585.0,585.0,584.0,582.0,581.0,572.0,572.0,572.0,570.0
real,120,gulf,7,ConstVel,0,buffer,2,136,26,0.1979402878047138,6.0,6.0,6.0,6.0,6.0,6.0,6.0,6.0,6.0,6.0,6.0,6.0,6.0,6.0,6.0,6.0,6.0,6.0,6.0,6.0
real,120,gulf,7,ConstVel,0,buffer,3,292,224,0.3187626612521536,217.0,216.0,216.0,215.0,214.0,214.0,210.0,209.0,209.0,209.0,209.0,209.0,209.0,209.0,209.0,209.0,209.0,209.0,208.0,208.0
real,120,gulf,7,ConstVel,0,buffer,4,373,149,0.4735056746776396,141.0,140.0,139.0,139.0,138.0,137.0,136.0,136.0,132.0,132.0,131.0,130.0,129.0,129.0,128.0,122.0,121.0,120.0,119.0,118.0
real,120,gulf,7,ConstVel,0,buffer,5,405,13,0.029191836695036086,6.0,6.0,6.0,6.0,6.0,6.0,6.0,6.0,6.0,6.0,6.0,6.0,6.0,6.0,6.0,6.0,6.0,6.0,6.0,6.0
real,120,gulf,7,ConstVel,0,buffer,6,447,33,0.3683039632303656,27.0,26.0,25.0,24.0,23.0,22.0,21.0,20.0,19.0,18.0,17.0,16.0,15.0,14.0,13.0,12.0,8.0,7.0,6.0,6.0
real,120,gulf,7,ConstVel,0,buffer,7,478,359,0.2164701476328347,301.0,300.0,299.0,298.0,297.0,297.0,296.0,294.0,293.0,292.0,291.0,290.0,289.0,289.0,288.0,284.0,284.0,281.0,281.0,280.0
real,120,gulf,7,ConstVel,0,crossing,0,29,130,0.10419660671874566,129.0,129.0,127.0,127.0,126.0,125.0,124.0,124.0,123.0,120.0,120.0,119.0,119.0,118.0,117.0,117.0,117.0,107.0,107.0,107.0
real,120,gulf,7,ConstVel,0,crossing,1,71,652,0.15936594100865628,651.0,649.0,648.0,647.0,646.0,646.0,645.0,645.0,645.0,644.0,644.0,640.0,634.0,596.0,596.0,596.0,594.0,594.0,594.0,594.0
real,120,gulf,7,ConstVel,0,crossing,2,136,26,0.1979402878047138,25.0,24.0,22.0,21.0,20.0,19.0,19.0,18.0,17.0,14.0,14.0,13.0,13.0,13.0,13.0,13.0,13.0,12.0,12.0,12.0
real,120,gulf,7,ConstVel,0,crossing,3,292,224,0.3187626612521536,223.0,221.0,219.0,219.0,218.0,216.0,216.0,216.0,216.0,215.0,214.0,210.0,209.0,209.0,209.0,209.0,209.0,209.0,209.0,209.0
real,120,gulf,7,ConstVel,0,crossing,4,373,149,0.4735056746776396,148.0,147.0,144.0,143.0,142.0,141.0,140.0,139.0,139.0,138.0,137.0,137.0,136.0,132.0,132.0,131.0,130.0,130.0,129.0,122.0
real,120,gulf,7,ConstVel,0,crossing,5,405,13,0.029191836695036086,11.0,7.0,6.0,6.0,6.0,6.0,6.0,6.0,6.0,6.0,6.0,6.0,6.0,6.0,6.0,6.0,6.0,6.0,6.0,6.0
real,120,gulf,7,ConstVel,0,crossing,6,447,33,0.3683039632303656,33.0,32.0,31.0,30.0,29.0,28.0,27.0,27.0,26.0,26.0,25.0,25.0,24.0,23.0,22.0,21.0,20.0,19.0,18.0,17.0
real,120,gulf,7,ConstVel,0,crossing,7,478,359,0.2164701476328347,358.0,357.0,356.0,356.0,355.0,355.0,355.0,354.0,353.0,352.0,351.0,351.0,301.0,300.0,298.0,297.0,297.0,297.0,297.0,296.0
real,120,gulf,7,Kalman,0,buffer,0,29,130,0.10419660671874566,122.0,120.0,119.0,118.0,118.0,117.0,116.0,115.0,114.0,109.0,107.0,107.0,106.0,104.0,103.0,101.0,99.0,99.0,98.0,97.0
real,120,gulf,7,Kalman,0,buffer,1,71,652,0.15936594100865628,596.0,595.0,594.0,593.0,592.0,591.0,590.0,590.0,589.0,588.0,586.0,586.0,585.0,583.0,582.0,581.0,580.0,572.0,572.0,571.0
real,120,gulf,7,Kalman,0,buffer,2,136,26,0.1979402878047138,6.0,6.0,6.0,6.0,6.0,6.0,6.0,6.0,6.0,6.0,6.0,6.0,6.0,6.0,6.0,6.0,6.0,6.0,6.0,6.0
real,120,gulf,7,Kalman,0,buffer,3,292,224,0.3187626612521536,217.0,216.0,216.0,215.0,214.0,214.0,212.0,210.0,210.0,209.0,209.0,209.0,209.0,209.0,209.0,209.0,209.0,209.0,209.0,209.0
real,120,gulf,7,Kalman,0,buffer,4,373,149,0.4735056746776396,141.0,140.0,140.0,139.0,138.0,137.0,136.0,136.0,132.0,132.0,131.0,130.0,129.0,129.0,128.0,122.0,121.0,120.0,119.0,118.0
real,120,gulf,7,Kalman,0,buffer,5,405,13,0.029191836695036086,6.0,6.0,6.0,6.0,6.0,6.0,6.0,6.0,6.0,6.0,6.0,6.0,6.0,6.0,6.0,6.0,6.0,6.0,6.0,6.0
real,120,gulf,7,Kalman,0,buffer,6,447,33,0.3683039632303656,27.0,26.0,25.0,24.0,23.0,22.0,21.0,20.0,19.0,18.0,17.0,16.0,15.0,14.0,13.0,12.0,8.0,7.0,7.0,6.0
real,120,gulf,7,Kalman,0,buffer,7,478,359,0.2164701476328347,301.0,300.0,299.0,298.0,297.0,297.0,296.0,294.0,293.0,292.0,291.0,290.0,289.0,289.0,288.0,284.0,284.0,282.0,281.0,281.0
real,120,gulf,7,Kalman,0,crossing,0,29,130,0.10419660671874566,129.0,128.0,127.0,127.0,126.0,125.0,125.0,124.0,123.0,120.0,120.0,119.0,119.0,118.0,118.0,117.0,117.0,109.0,107.0,107.0
real,120,gulf,7,Kalman,0,crossing,1,71,652,0.15936594100865628,651.0,649.0,648.0,647.0,646.0,646.0,646.0,645.0,645.0,645.0,644.0,644.0,635.0,634.0,596.0,596.0,595.0,594.0,594.0,594.0
real,120,gulf,7,Kalman,0,crossing,2,136,26,0.1979402878047138,25.0,24.0,22.0,21.0,20.0,19.0,19.0,18.0,17.0,14.0,14.0,14.0,14.0,13.0,13.0,13.0,13.0,13.0,12.0,12.0
real,120,gulf,7,Kalman,0,crossing,3,292,224,0.3187626612521536,222.0,221.0,219.0,219.0,218.0,217.0,216.0,216.0,216.0,215.0,215.0,210.0,210.0,210.0,210.0,209.0,209.0,209.0,209.0,209.0
real,120,gulf,7,Kalman,0,crossing,4,373,149,0.4735056746776396,148.0,146.0,144.0,143.0,142.0,141.0,140.0,140.0,139.0,138.0,138.0,137.0,137.0,132.0,132.0,131.0,131.0,130.0,129.0,122.0
real,120,gulf,7,Kalman,0,crossing,5,405,13,0.029191836695036086,9.0,7.0,6.0,6.0,6.0,6.0,6.0,6.0,6.0,6.0,6.0,6.0,6.0,6.0,6.0,6.0,6.0,6.0,6.0,6.0
real,120,gulf,7,Kalman,0,crossing,6,447,33,0.3683039632303656,33.0,32.0,31.0,30.0,29.0,28.0,28.0,27.0,26.0,26.0,25.0,25.0,24.0,23.0,22.0,21.0,20.0,19.0,18.0,17.0
real,120,gulf,7,Kalman,0,crossing,7,478,359,0.2164701476328347,358.0,357.0,356.0,356.0,355.0,355.0,355.0,354.0,353.0,352.0,351.0,351.0,301.0,300.0,298.0,298.0,297.0,297.0,297.0,294.0
real,120,gulf,7,LSTM-rec,0,buffer,0,29,130,0.10419660671874566,122.0,120.0,120.0,119.0,119.0,119.0,119.0,119.0,119.0,119.0,119.0,119.0,119.0,119.0,119.0,119.0,119.0,119.0,119.0,119.0
real,120,gulf,7,LSTM-rec,0,buffer,1,71,652,0.15936594100865628,596.0,596.0,595.0,594.0,594.0,594.0,594.0,594.0,594.0,594.0,594.0,594.0,594.0,594.0,594.0,594.0,594.0,594.0,594.0,594.0
real,120,gulf,7,LSTM-rec,0,buffer,2,136,26,0.1979402878047138,6.0,6.0,6.0,6.0,6.0,6.0,6.0,6.0,6.0,6.0,6.0,6.0,6.0,6.0,6.0,6.0,6.0,6.0,6.0,6.0
real,120,gulf,7,LSTM-rec,0,buffer,3,292,224,0.3187626612521536,217.0,216.0,216.0,216.0,215.0,215.0,215.0,215.0,215.0,214.0,214.0,214.0,214.0,214.0,214.0,214.0,214.0,214.0,214.0,214.0
real,120,gulf,7,LSTM-rec,0,buffer,4,373,149,0.4735056746776396,141.0,140.0,140.0,139.0,139.0,139.0,138.0,138.0,138.0,138.0,138.0,137.0,137.0,137.0,137.0,137.0,137.0,137.0,137.0,137.0
real,120,gulf,7,LSTM-rec,0,buffer,5,405,13,0.029191836695036086,6.0,6.0,6.0,6.0,6.0,6.0,6.0,6.0,6.0,6.0,6.0,6.0,6.0,6.0,6.0,6.0,6.0,6.0,6.0,6.0
real,120,gulf,7,LSTM-rec,0,buffer,6,447,33,0.3683039632303656,27.0,26.0,25.0,25.0,25.0,24.0,24.0,24.0,24.0,24.0,24.0,24.0,24.0,24.0,24.0,24.0,24.0,24.0,24.0,24.0
real,120,gulf,7,LSTM-rec,0,buffer,7,478,359,0.2164701476328347,301.0,300.0,300.0,300.0,300.0,300.0,300.0,300.0,300.0,300.0,300.0,300.0,300.0,300.0,300.0,300.0,300.0,300.0,300.0,300.0
real,120,gulf,7,LSTM-rec,0,crossing,0,29,130,0.10419660671874566,130.0,129.0,128.0,127.0,127.0,127.0,127.0,127.0,126.0,126.0,126.0,126.0,126.0,126.0,126.0,126.0,126.0,126.0,126.0,126.0
real,120,gulf,7,LSTM-rec,0,crossing,1,71,652,0.15936594100865628,651.0,651.0,651.0,648.0,648.0,648.0,648.0,648.0,648.0,648.0,648.0,648.0,648.0,648.0,648.0,648.0,648.0,648.0,648.0,648.0
real,120,gulf,7,LSTM-rec,0,crossing,2,136,26,0.1979402878047138,25.0,25.0,24.0,24.0,24.0,24.0,24.0,24.0,24.0,24.0,24.0,24.0,24.0,24.0,24.0,24.0,24.0,24.0,24.0,24.0
real,120,gulf,7,LSTM-rec,0,crossing,3,292,224,0.3187626612521536,223.0,222.0,221.0,219.0,219.0,218.0,218.0,218.0,217.0,216.0,216.0,216.0,216.0,216.0,216.0,216.0,216.0,216.0,216.0,216.0
real,120,gulf,7,LSTM-rec,0,crossing,4,373,149,0.4735056746776396,148.0,147.0,146.0,144.0,143.0,142.0,142.0,142.0,141.0,141.0,140.0,140.0,140.0,140.0,140.0,140.0,140.0,140.0,140.0,140.0
real,120,gulf,7,LSTM-rec,0,crossing,5,405,13,0.029191836695036086,13.0,7.0,6.0,6.0,6.0,6.0,6.0,6.0,6.0,6.0,6.0,6.0,6.0,6.0,6.0,6.0,6.0,6.0,6.0,6.0
real,120,gulf,7,LSTM-rec,0,crossing,6,447,33,0.3683039632303656,33.0,32.0,32.0,31.0,30.0,30.0,29.0,29.0,29.0,29.0,29.0,29.0,29.0,29.0,29.0,29.0,29.0,29.0,29.0,29.0
real,120,gulf,7,LSTM-rec,0,crossing,7,478,359,0.2164701476328347,358.0,357.0,357.0,356.0,356.0,356.0,356.0,356.0,356.0,356.0,356.0,356.0,356.0,356.0,356.0,356.0,356.0,356.0,356.0,356.0
real,120,gulf,7,LSTM-ms,0,buffer,0,29,130,0.10419660671874566,122.0,120.0,119.0,119.0,118.0,117.0,117.0,116.0,115.0,115.0,113.0,109.0,107.0,107.0,107.0,106.0,106.0,104.0,103.0,102.0
real,120,gulf,7,LSTM-ms,0,buffer,1,71,652,0.15936594100865628,596.0,595.0,594.0,594.0,592.0,592.0,590.0,590.0,589.0,589.0,588.0,586.0,586.0,585.0,585.0,584.0,583.0,582.0,581.0,581.0
real,120,gulf,7,LSTM-ms,0,buffer,2,136,26,0.1979402878047138,6.0,6.0,6.0,6.0,6.0,6.0,6.0,6.0,6.0,6.0,6.0,6.0,6.0,6.0,6.0,6.0,6.0,6.0,6.0,6.0
real,120,gulf,7,LSTM-ms,0,buffer,3,292,224,0.3187626612521536,217.0,216.0,216.0,215.0,215.0,214.0,213.0,213.0,212.0,212.0,210.0,210.0,209.0,209.0,209.0,209.0,209.0,209.0,209.0,209.0
real,120,gulf,7,LSTM-ms,0,buffer,4,373,149,0.4735056746776396,141.0,140.0,140.0,139.0,138.0,138.0,137.0,136.0,136.0,135.0,133.0,132.0,132.0,131.0,131.0,130.0,130.0,129.0,129.0,128.0
real,120,gulf,7,LSTM-ms,0,buffer,5,405,13,0.029191836695036086,6.0,6.0,6.0,6.0,6.0,6.0,6.0,6.0,6.0,6.0,6.0,6.0,6.0,6.0,6.0,6.0,6.0,6.0,6.0,6.0
real,120,gulf,7,LSTM-ms,0,buffer,6,447,33,0.3683039632303656,27.0,26.0,25.0,24.0,23.0,22.0,21.0,21.0,20.0,19.0,18.0,17.0,17.0,16.0,15.0,14.0,13.0,12.0,12.0,11.0
real,120,gulf,7,LSTM-ms,0,buffer,7,478,359,0.2164701476328347,301.0,300.0,299.0,298.0,297.0,297.0,296.0,295.0,294.0,293.0,292.0,291.0,291.0,290.0,290.0,289.0,289.0,288.0,288.0,284.0
real,120,gulf,7,LSTM-ms,0,crossing,0,29,130,0.10419660671874566,130.0,129.0,128.0,127.0,126.0,125.0,125.0,124.0,124.0,123.0,123.0,120.0,120.0,119.0,119.0,119.0,119.0,118.0,118.0,117.0
real,120,gulf,7,LSTM-ms,0,crossing,1,71,652,0.15936594100865628,651.0,648.0,648.0,646.0,646.0,646.0,645.0,645.0,644.0,644.0,643.0,640.0,639.0,634.0,634.0,634.0,596.0,596.0,596.0,596.0
real,120,gulf,7,LSTM-ms,0,crossing,2,136,26,0.1979402878047138,25.0,24.0,22.0,21.0,20.0,19.0,19.0,18.0,17.0,14.0,14.0,13.0,13.0,13.0,13.0,13.0,12.0,12.0,12.0,7.0
real,120,gulf,7,LSTM-ms,0,crossing,3,292,224,0.3187626612521536,223.0,222.0,220.0,219.0,218.0,218.0,216.0,216.0,216.0,216.0,216.0,215.0,215.0,214.0,213.0,213.0,213.0,213.0,212.0,210.0
real,120,gulf,7,LSTM-ms,0,crossing,4,373,149,0.4735056746776396,148.0,147.0,144.0,143.0,142.0,142.0,141.0,140.0,140.0,139.0,139.0,139.0,138.0,138.0,137.0,137.0,136.0,136.0,133.0,132.0
real,120,gulf,7,LSTM-ms,0,crossing,5,405,13,0.029191836695036086,11.0,7.0,6.0,6.0,6.0,6.0,6.0,6.0,6.0,6.0,6.0,6.0,6.0,6.0,6.0,6.0,6.0,6.0,6.0,6.0
real,120,gulf,7,LSTM-ms,0,crossing,6,447,33,0.3683039632303656,33.0,32.0,31.0,30.0,29.0,29.0,28.0,28.0,27.0,27.0,26.0,26.0,25.0,24.0,24.0,23.0,22.0,22.0,21.0,20.0
real,120,gulf,7,LSTM-ms,0,crossing,7,478,359,0.2164701476328347,358.0,357.0,356.0,356.0,355.0,355.0,354.0,354.0,353.0,352.0,351.0,351.0,350.0,350.0,350.0,300.0,300.0,300.0,300.0,297.0
real,120,gulf,7,LSTM-rec,1,buffer,0,29,130,0.10419660671874566,122.0,120.0,120.0,119.0,119.0,119.0,119.0,119.0,119.0,119.0,119.0,119.0,119.0,119.0,119.0,119.0,119.0,119.0,119.0,119.0
real,120,gulf,7,LSTM-rec,1,buffer,1,71,652,0.15936594100865628,596.0,596.0,595.0,595.0,595.0,595.0,595.0,595.0,595.0,595.0,595.0,595.0,595.0,595.0,595.0,595.0,595.0,595.0,595.0,595.0
real,120,gulf,7,LSTM-rec,1,buffer,2,136,26,0.1979402878047138,6.0,6.0,6.0,6.0,6.0,6.0,6.0,6.0,6.0,6.0,6.0,6.0,6.0,6.0,6.0,6.0,6.0,6.0,6.0,6.0
real,120,gulf,7,LSTM-rec,1,buffer,3,292,224,0.3187626612521536,217.0,216.0,216.0,216.0,216.0,215.0,215.0,215.0,215.0,214.0,214.0,214.0,214.0,214.0,214.0,214.0,214.0,214.0,214.0,214.0
real,120,gulf,7,LSTM-rec,1,buffer,4,373,149,0.4735056746776396,141.0,140.0,140.0,139.0,139.0,139.0,138.0,138.0,138.0,138.0,138.0,138.0,138.0,138.0,138.0,138.0,138.0,138.0,138.0,138.0
real,120,gulf,7,LSTM-rec,1,buffer,5,405,13,0.029191836695036086,6.0,6.0,6.0,6.0,6.0,6.0,6.0,6.0,6.0,6.0,6.0,6.0,6.0,6.0,6.0,6.0,6.0,6.0,6.0,6.0
real,120,gulf,7,LSTM-rec,1,buffer,6,447,33,0.3683039632303656,27.0,26.0,26.0,25.0,25.0,25.0,25.0,24.0,24.0,24.0,24.0,24.0,24.0,24.0,24.0,24.0,24.0,24.0,24.0,24.0
real,120,gulf,7,LSTM-rec,1,buffer,7,478,359,0.2164701476328347,301.0,301.0,300.0,300.0,300.0,300.0,300.0,300.0,300.0,300.0,300.0,300.0,300.0,300.0,300.0,300.0,300.0,300.0,300.0,300.0
real,120,gulf,7,LSTM-rec,1,crossing,0,29,130,0.10419660671874566,130.0,129.0,128.0,128.0,127.0,127.0,127.0,127.0,127.0,127.0,127.0,127.0,127.0,127.0,127.0,127.0,127.0,127.0,127.0,127.0
real,120,gulf,7,LSTM-rec,1,crossing,1,71,652,0.15936594100865628,651.0,651.0,651.0,651.0,651.0,651.0,651.0,651.0,651.0,651.0,651.0,651.0,651.0,651.0,651.0,651.0,651.0,651.0,651.0,651.0
real,120,gulf,7,LSTM-rec,1,crossing,2,136,26,0.1979402878047138,25.0,25.0,25.0,25.0,25.0,25.0,25.0,25.0,25.0,25.0,25.0,25.0,25.0,25.0,25.0,25.0,25.0,25.0,25.0,25.0
real,120,gulf,7,LSTM-rec,1,crossing,3,292,224,0.3187626612521536,223.0,222.0,221.0,219.0,219.0,218.0,218.0,218.0,217.0,217.0,216.0,216.0,216.0,216.0,216.0,216.0,216.0,216.0,216.0,216.0
real,120,gulf,7,LSTM-rec,1,crossing,4,373,149,0.4735056746776396,148.0,147.0,146.0,144.0,143.0,143.0,142.0,142.0,141.0,141.0,141.0,140.0,140.0,140.0,140.0,140.0,140.0,140.0,140.0,140.0
real,120,gulf,7,LSTM-rec,1,crossing,5,405,13,0.029191836695036086,13.0,7.0,7.0,6.0,6.0,6.0,6.0,6.0,6.0,6.0,6.0,6.0,6.0,6.0,6.0,6.0,6.0,6.0,6.0,6.0
real,120,gulf,7,LSTM-rec,1,crossing,6,447,33,0.3683039632303656,33.0,32.0,32.0,31.0,30.0,30.0,30.0,29.0,29.0,29.0,29.0,29.0,29.0,29.0,29.0,29.0,29.0,29.0,29.0,29.0
real,120,gulf,7,LSTM-rec,1,crossing,7,478,359,0.2164701476328347,358.0,357.0,357.0,357.0,356.0,356.0,356.0,356.0,356.0,356.0,356.0,356.0,356.0,356.0,356.0,356.0,356.0,356.0,356.0,356.0
real,120,gulf,7,LSTM-ms,1,buffer,0,29,130,0.10419660671874566,122.0,120.0,119.0,119.0,118.0,117.0,117.0,117.0,116.0,115.0,115.0,113.0,109.0,107.0,107.0,107.0,106.0,106.0,104.0,104.0
real,120,gulf,7,LSTM-ms,1,buffer,1,71,652,0.15936594100865628,596.0,595.0,594.0,594.0,594.0,592.0,592.0,591.0,590.0,590.0,589.0,589.0,588.0,586.0,586.0,585.0,585.0,584.0,583.0,581.0
real,120,gulf,7,LSTM-ms,1,buffer,2,136,26,0.1979402878047138,6.0,6.0,6.0,6.0,6.0,6.0,6.0,6.0,6.0,6.0,6.0,6.0,6.0,6.0,6.0,6.0,6.0,6.0,6.0,6.0
real,120,gulf,7,LSTM-ms,1,buffer,3,292,224,0.3187626612521536,218.0,216.0,216.0,216.0,215.0,215.0,214.0,214.0,213.0,213.0,213.0,209.0,209.0,209.0,209.0,209.0,209.0,209.0,209.0,209.0
real,120,gulf,7,LSTM-ms,1,buffer,4,373,149,0.4735056746776396,141.0,140.0,140.0,139.0,139.0,139.0,138.0,137.0,137.0,136.0,136.0,135.0,132.0,132.0,131.0,131.0,131.0,130.0,130.0,130.0
real,120,gulf,7,LSTM-ms,1,buffer,5,405,13,0.029191836695036086,6.0,6.0,6.0,6.0,6.0,6.0,6.0,6.0,6.0,6.0,6.0,6.0,6.0,6.0,6.0,6.0,6.0,6.0,6.0,6.0
real,120,gulf,7,LSTM-ms,1,buffer,6,447,33,0.3683039632303656,27.0,26.0,25.0,25.0,24.0,23.0,22.0,22.0,21.0,20.0,20.0,19.0,19.0,18.0,18.0,17.0,16.0,16.0,14.0,14.0
real,120,gulf,7,LSTM-ms,1,buffer,7,478,359,0.2164701476328347,301.0,300.0,300.0,299.0,298.0,297.0,297.0,297.0,296.0,295.0,294.0,293.0,293.0,292.0,291.0,291.0,290.0,290.0,289.0,289.0
real,120,gulf,7,LSTM-ms,1,crossing,0,29,130,0.10419660671874566,130.0,129.0,128.0,127.0,126.0,126.0,125.0,125.0,124.0,124.0,123.0,122.0,120.0,120.0,119.0,119.0,119.0,119.0,118.0,118.0
real,120,gulf,7,LSTM-ms,1,crossing,1,71,652,0.15936594100865628,651.0,651.0,648.0,648.0,648.0,647.0,646.0,646.0,646.0,646.0,646.0,646.0,645.0,645.0,645.0,645.0,645.0,644.0,643.0,596.0
real,120,gulf,7,LSTM-ms,1,crossing,2,136,26,0.1979402878047138,25.0,24.0,24.0,23.0,22.0,22.0,21.0,20.0,20.0,19.0,19.0,19.0,17.0,16.0,14.0,14.0,14.0,14.0,13.0,13.0
real,120,gulf,7,LSTM-ms,1,crossing,3,292,224,0.3187626612521536,223.0,222.0,221.0,220.0,219.0,218.0,218.0,216.0,216.0,216.0,216.0,216.0,216.0,215.0,215.0,215.0,215.0,214.0,214.0,213.0
real,120,gulf,7,LSTM-ms,1,crossing,4,373,149,0.4735056746776396,149.0,147.0,146.0,144.0,143.0,142.0,142.0,141.0,140.0,140.0,139.0,139.0,139.0,139.0,139.0,138.0,138.0,137.0,137.0,136.0
real,120,gulf,7,LSTM-ms,1,crossing,5,405,13,0.029191836695036086,11.0,7.0,6.0,6.0,6.0,6.0,6.0,6.0,6.0,6.0,6.0,6.0,6.0,6.0,6.0,6.0,6.0,6.0,6.0,6.0
real,120,gulf,7,LSTM-ms,1,crossing,6,447,33,0.3683039632303656,33.0,32.0,31.0,31.0,30.0,29.0,29.0,28.0,27.0,27.0,27.0,26.0,26.0,25.0,25.0,25.0,25.0,24.0,24.0,23.0
real,120,gulf,7,LSTM-ms,1,crossing,7,478,359,0.2164701476328347,358.0,357.0,357.0,356.0,356.0,355.0,355.0,355.0,355.0,355.0,354.0,354.0,353.0,353.0,353.0,351.0,351.0,351.0,350.0,301.0
real,120,gulf,7,LSTM-rec,2,buffer,0,29,130,0.10419660671874566,122.0,120.0,119.0,119.0,118.0,117.0,117.0,116.0,115.0,114.0,113.0,109.0,109.0,107.0,107.0,107.0,106.0,104.0,103.0,102.0
real,120,gulf,7,LSTM-rec,2,buffer,1,71,652,0.15936594100865628,596.0,595.0,594.0,594.0,592.0,592.0,590.0,590.0,589.0,588.0,586.0,586.0,585.0,585.0,583.0,582.0,581.0,581.0,580.0,572.0
real,120,gulf,7,LSTM-rec,2,buffer,2,136,26,0.1979402878047138,6.0,6.0,6.0,6.0,6.0,6.0,6.0,6.0,6.0,6.0,6.0,6.0,6.0,6.0,6.0,6.0,6.0,6.0,6.0,6.0
real,120,gulf,7,LSTM-rec,2,buffer,3,292,224,0.3187626612521536,217.0,216.0,216.0,215.0,215.0,214.0,213.0,213.0,212.0,212.0,212.0,210.0,209.0,209.0,209.0,209.0,209.0,209.0,209.0,209.0
real,120,gulf,7,LSTM-rec,2,buffer,4,373,149,0.4735056746776396,141.0,140.0,140.0,139.0,138.0,138.0,137.0,136.0,136.0,133.0,132.0,132.0,131.0,130.0,130.0,129.0,129.0,128.0,127.0,127.0
real,120,gulf,7,LSTM-rec,2,buffer,5,405,13,0.029191836695036086,6.0,6.0,6.0,6.0,6.0,6.0,6.0,6.0,6.0,6.0,6.0,6.0,6.0,6.0,6.0,6.0,6.0,6.0,6.0,6.0
real,120,gulf,7,LSTM-rec,2,buffer,6,447,33,0.3683039632303656,27.0,26.0,25.0,24.0,23.0,22.0,22.0,21.0,20.0,20.0,19.0,18.0,17.0,16.0,16.0,15.0,14.0,13.0,13.0,12.0
real,120,gulf,7,LSTM-rec,2,buffer,7,478,359,0.2164701476328347,301.0,300.0,299.0,298.0,297.0,297.0,296.0,295.0,294.0,292.0,292.0,291.0,290.0,290.0,289.0,288.0,285.0,284.0,284.0,283.0
real,120,gulf,7,LSTM-rec,2,crossing,0,29,130,0.10419660671874566,130.0,129.0,128.0,127.0,126.0,126.0,125.0,125.0,124.0,124.0,123.0,120.0,120.0,120.0,119.0,119.0,118.0,118.0,118.0,117.0
real,120,gulf,7,LSTM-rec,2,crossing,1,71,652,0.15936594100865628,651.0,649.0,648.0,647.0,646.0,646.0,645.0,645.0,644.0,644.0,643.0,640.0,635.0,634.0,634.0,596.0,596.0,596.0,595.0,594.0
real,120,gulf,7,LSTM-rec,2,crossing,2,136,26,0.1979402878047138,25.0,24.0,22.0,21.0,20.0,20.0,19.0,18.0,17.0,14.0,14.0,13.0,13.0,13.0,13.0,12.0,12.0,10.0,7.0,7.0
real,120,gulf,7,LSTM-rec,2,crossing,3,292,224,0.3187626612521536,223.0,221.0,220.0,219.0,218.0,217.0,216.0,216.0,216.0,216.0,215.0,215.0,214.0,214.0,213.0,213.0,213.0,213.0,212.0,212.0
real,120,gulf,7,LSTM-rec,2,crossing,4,373,149,0.4735056746776396,148.0,147.0,144.0,143.0,142.0,141.0,140.0,140.0,139.0,139.0,139.0,138.0,138.0,137.0,137.0,136.0,133.0,132.0,132.0,131.0
real,120,gulf,7,LSTM-rec,2,crossing,5,405,13,0.029191836695036086,9.0,7.0,6.0,6.0,6.0,6.0,6.0,6.0,6.0,6.0,6.0,6.0,6.0,6.0,6.0,6.0,6.0,6.0,6.0,6.0
real,120,gulf,7,LSTM-rec,2,crossing,6,447,33,0.3683039632303656,33.0,32.0,31.0,30.0,29.0,29.0,28.0,28.0,27.0,27.0,26.0,26.0,25.0,25.0,24.0,24.0,23.0,22.0,22.0,21.0
real,120,gulf,7,LSTM-rec,2,crossing,7,478,359,0.2164701476328347,358.0,357.0,356.0,356.0,355.0,355.0,355.0,354.0,353.0,352.0,351.0,351.0,350.0,350.0,301.0,300.0,298.0,297.0,297.0,297.0
real,120,gulf,7,LSTM-ms,2,buffer,0,29,130,0.10419660671874566,122.0,120.0,119.0,119.0,118.0,117.0,117.0,116.0,116.0,115.0,115.0,113.0,113.0,109.0,107.0,107.0,107.0,106.0,106.0,104.0
real,120,gulf,7,LSTM-ms,2,buffer,1,71,652,0.15936594100865628,596.0,595.0,594.0,594.0,593.0,592.0,592.0,591.0,590.0,590.0,590.0,589.0,589.0,588.0,588.0,586.0,586.0,586.0,586.0,585.0
real,120,gulf,7,LSTM-ms,2,buffer,2,136,26,0.1979402878047138,6.0,6.0,6.0,6.0,6.0,6.0,6.0,6.0,6.0,6.0,6.0,6.0,6.0,6.0,6.0,6.0,6.0,6.0,6.0,6.0
real,120,gulf,7,LSTM-ms,2,buffer,3,292,224,0.3187626612521536,217.0,216.0,216.0,216.0,215.0,215.0,214.0,213.0,213.0,212.0,210.0,210.0,210.0,210.0,210.0,209.0,209.0,209.0,209.0,209.0
real,120,gulf,7,LSTM-ms,2,buffer,4,373,149,0.4735056746776396,141.0,140.0,140.0,139.0,139.0,138.0,137.0,137.0,136.0,136.0,135.0,132.0,132.0,132.0,131.0,131.0,131.0,130.0,130.0,129.0
real,120,gulf,7,LSTM-ms,2,buffer,5,405,13,0.029191836695036086,6.0,6.0,6.0,6.0,6.0,6.0,6.0,6.0,6.0,6.0,6.0,6.0,6.0,6.0,6.0,6.0,6.0,6.0,6.0,6.0
real,120,gulf,7,LSTM-ms,2,buffer,6,447,33,0.3683039632303656,27.0,26.0,25.0,24.0,24.0,23.0,22.0,21.0,21.0,20.0,20.0,19.0,18.0,18.0,17.0,16.0,16.0,15.0,14.0,14.0
real,120,gulf,7,LSTM-ms,2,buffer,7,478,359,0.2164701476328347,301.0,300.0,300.0,298.0,297.0,297.0,297.0,296.0,296.0,295.0,294.0,293.0,292.0,292.0,291.0,291.0,291.0,290.0,290.0,290.0
real,120,gulf,7,LSTM-ms,2,crossing,0,29,130,0.10419660671874566,130.0,129.0,128.0,127.0,126.0,126.0,125.0,125.0,124.0,124.0,123.0,123.0,123.0,120.0,120.0,119.0,119.0,119.0,119.0,119.0
real,120,gulf,7,LSTM-ms,2,crossing,1,71,652,0.15936594100865628,651.0,648.0,648.0,647.0,646.0,646.0,646.0,645.0,645.0,645.0,645.0,645.0,644.0,644.0,644.0,644.0,644.0,644.0,644.0,640.0
real,120,gulf,7,LSTM-ms,2,crossing,2,136,26,0.1979402878047138,25.0,24.0,22.0,21.0,20.0,20.0,19.0,19.0,18.0,18.0,17.0,17.0,14.0,14.0,14.0,14.0,14.0,14.0,14.0,14.0
real,120,gulf,7,LSTM-ms,2,crossing,3,292,224,0.3187626612521536,223.0,222.0,220.0,219.0,218.0,218.0,217.0,216.0,216.0,216.0,216.0,216.0,215.0,215.0,215.0,214.0,214.0,214.0,213.0,213.0
real,120,gulf,7,LSTM-ms,2,crossing,4,373,149,0.4735056746776396,148.0,147.0,144.0,143.0,142.0,142.0,141.0,140.0,140.0,140.0,139.0,139.0,139.0,138.0,138.0,138.0,137.0,137.0,137.0,136.0
real,120,gulf,7,LSTM-ms,2,crossing,5,405,13,0.029191836695036086,11.0,7.0,6.0,6.0,6.0,6.0,6.0,6.0,6.0,6.0,6.0,6.0,6.0,6.0,6.0,6.0,6.0,6.0,6.0,6.0
real,120,gulf,7,LSTM-ms,2,crossing,6,447,33,0.3683039632303656,33.0,32.0,31.0,30.0,29.0,29.0,28.0,28.0,27.0,27.0,27.0,26.0,26.0,25.0,25.0,25.0,24.0,24.0,23.0,23.0
real,120,gulf,7,LSTM-ms,2,crossing,7,478,359,0.2164701476328347,358.0,357.0,356.0,356.0,355.0,355.0,355.0,355.0,354.0,354.0,353.0,353.0,353.0,352.0,351.0,351.0,351.0,351.0,351.0,351.0
real,120,gulf,7,LSTM-rec,3,buffer,0,29,130,0.10419660671874566,122.0,120.0,119.0,119.0,118.0,118.0,117.0,117.0,117.0,116.0,116.0,116.0,115.0,115.0,115.0,115.0,115.0,115.0,115.0,115.0
real,120,gulf,7,LSTM-rec,3,buffer,1,71,652,0.15936594100865628,596.0,596.0,595.0,594.0,594.0,594.0,594.0,594.0,594.0,593.0,592.0,592.0,592.0,592.0,592.0,592.0,592.0,592.0,592.0,592.0
real,120,gulf,7,LSTM-rec,3,buffer,2,136,26,0.1979402878047138,6.0,6.0,6.0,6.0,6.0,6.0,6.0,6.0,6.0,6.0,6.0,6.0,6.0,6.0,6.0,6.0,6.0,6.0,6.0,6.0
real,120,gulf,7,LSTM-rec,3,buffer,3,292,224,0.3187626612521536,217.0,216.0,216.0,216.0,215.0,215.0,215.0,214.0,214.0,213.0,213.0,213.0,209.0,209.0,209.0,209.0,209.0,209.0,209.0,209.0
real,120,gulf,7,LSTM-rec,3,buffer,4,373,149,0.4735056746776396,141.0,140.0,140.0,139.0,139.0,139.0,138.0,138.0,137.0,137.0,137.0,137.0,136.0,136.0,136.0,136.0,136.0,136.0,136.0,136.0
real,120,gulf,7,LSTM-rec,3,buffer,5,405,13,0.029191836695036086,6.0,6.0,6.0,6.0,6.0,6.0,6.0,6.0,6.0,6.0,6.0,6.0,6.0,6.0,6.0,6.0,6.0,6.0,6.0,6.0
real,120,gulf,7,LSTM-rec,3,buffer,6,447,33,0.3683039632303656,27.0,26.0,25.0,25.0,24.0,23.0,23.0,22.0,22.0,21.0,21.0,20.0,20.0,20.0,20.0,19.0,19.0,19.0,19.0,18.0
real,120,gulf,7,LSTM-rec,3,buffer,7,478,359,0.2164701476328347,301.0,300.0,300.0,300.0,299.0,298.0,297.0,297.0,297.0,297.0,297.0,297.0,297.0,297.0,297.0,297.0,297.0,297.0,297.0,297.0
real,120,gulf,7,LSTM-rec,3,crossing,0,29,130,0.10419660671874566,130.0,129.0,128.0,127.0,127.0,126.0,126.0,125.0,125.0,125.0,124.0,124.0,124.0,124.0,124.0,124.0,124.0,124.0,124.0,123.0
real,120,gulf,7,LSTM-rec,3,crossing,1,71,652,0.15936594100865628,651.0,651.0,648.0,648.0,648.0,648.0,648.0,648.0,648.0,648.0,648.0,648.0,648.0,648.0,648.0,648.0,648.0,648.0,648.0,648.0
real,120,gulf,7,LSTM-rec,3,crossing,2,136,26,0.1979402878047138,25.0,24.0,24.0,24.0,24.0,24.0,24.0,24.0,24.0,24.0,24.0,24.0,24.0,24.0,24.0,24.0,24.0,24.0,24.0,24.0
real,120,gulf,7,LSTM-rec,3,crossing,3,292,224,0.3187626612521536,223.0,222.0,221.0,219.0,219.0,218.0,218.0,217.0,216.0,216.0,216.0,216.0,216.0,216.0,216.0,216.0,216.0,216.0,216.0,216.0
real,120,gulf,7,LSTM-rec,3,crossing,4,373,149,0.4735056746776396,148.0,147.0,146.0,144.0,143.0,142.0,142.0,141.0,141.0,140.0,140.0,140.0,140.0,140.0,139.0,139.0,139.0,139.0,139.0,139.0
real,120,gulf,7,LSTM-rec,3,crossing,5,405,13,0.029191836695036086,11.0,7.0,6.0,6.0,6.0,6.0,6.0,6.0,6.0,6.0,6.0,6.0,6.0,6.0,6.0,6.0,6.0,6.0,6.0,6.0
real,120,gulf,7,LSTM-rec,3,crossing,6,447,33,0.3683039632303656,33.0,32.0,31.0,31.0,30.0,29.0,29.0,28.0,28.0,28.0,27.0,27.0,27.0,27.0,27.0,26.0,26.0,26.0,26.0,26.0
real,120,gulf,7,LSTM-rec,3,crossing,7,478,359,0.2164701476328347,358.0,357.0,357.0,356.0,356.0,356.0,356.0,356.0,356.0,356.0,356.0,356.0,356.0,356.0,356.0,356.0,356.0,356.0,356.0,356.0
real,120,gulf,7,LSTM-ms,3,buffer,0,29,130,0.10419660671874566,122.0,120.0,119.0,119.0,118.0,117.0,117.0,117.0,116.0,115.0,115.0,115.0,113.0,109.0,109.0,107.0,107.0,107.0,107.0,106.0
real,120,gulf,7,LSTM-ms,3,buffer,1,71,652,0.15936594100865628,596.0,595.0,594.0,594.0,593.0,592.0,592.0,591.0,590.0,590.0,590.0,589.0,589.0,589.0,588.0,588.0,586.0,586.0,586.0,586.0
real,120,gulf,7,LSTM-ms,3,buffer,2,136,26,0.1979402878047138,6.0,6.0,6.0,6.0,6.0,6.0,6.0,6.0,6.0,6.0,6.0,6.0,6.0,6.0,6.0,6.0,6.0,6.0,6.0,6.0
real,120,gulf,7,LSTM-ms,3,buffer,3,292,224,0.3187626612521536,217.0,216.0,216.0,216.0,215.0,214.0,214.0,213.0,213.0,212.0,212.0,209.0,209.0,209.0,209.0,209.0,209.0,209.0,209.0,209.0
real,120,gulf,7,LSTM-ms,3,buffer,4,373,149,0.4735056746776396,141.0,140.0,140.0,139.0,139.0,138.0,137.0,137.0,136.0,136.0,135.0,132.0,132.0,132.0,131.0,131.0,131.0,130.0,130.0,130.0
real,120,gulf,7,LSTM-ms,3,buffer,5,405,13,0.029191836695036086,6.0,6.0,6.0,6.0,6.0,6.0,6.0,6.0,6.0,6.0,6.0,6.0,6.0,6.0,6.0,6.0,6.0,6.0,6.0,6.0
real,120,gulf,7,LSTM-ms,3,buffer,6,447,33,0.3683039632303656,27.0,26.0,25.0,24.0,24.0,23.0,22.0,22.0,21.0,20.0,20.0,19.0,19.0,18.0,18.0,17.0,16.0,16.0,16.0,15.0
real,120,gulf,7,LSTM-ms,3,buffer,7,478,359,0.2164701476328347,301.0,300.0,300.0,298.0,297.0,297.0,297.0,296.0,296.0,295.0,294.0,293.0,293.0,292.0,292.0,291.0,291.0,291.0,291.0,290.0
real,120,gulf,7,LSTM-ms,3,crossing,0,29,130,0.10419660671874566,129.0,129.0,128.0,127.0,126.0,126.0,125.0,125.0,124.0,124.0,124.0,123.0,123.0,120.0,120.0,120.0,120.0,119.0,119.0,119.0
real,120,gulf,7,LSTM-ms,3,crossing,1,71,652,0.15936594100865628,651.0,650.0,648.0,647.0,646.0,646.0,646.0,646.0,646.0,646.0,645.0,645.0,645.0,645.0,645.0,645.0,645.0,645.0,645.0,645.0
real,120,gulf,7,LSTM-ms,3,crossing,2,136,26,0.1979402878047138,25.0,24.0,23.0,22.0,21.0,20.0,20.0,19.0,19.0,19.0,19.0,19.0,18.0,18.0,17.0,17.0,14.0,14.0,14.0,14.0
real,120,gulf,7,LSTM-ms,3,crossing,3,292,224,0.3187626612521536,223.0,222.0,220.0,219.0,218.0,218.0,216.0,216.0,216.0,216.0,216.0,216.0,215.0,215.0,215.0,215.0,214.0,214.0,214.0,213.0
real,120,gulf,7,LSTM-ms,3,crossing,4,373,149,0.4735056746776396,148.0,147.0,144.0,143.0,142.0,142.0,141.0,140.0,140.0,140.0,139.0,139.0,139.0,139.0,138.0,138.0,137.0,137.0,137.0,137.0
real,120,gulf,7,LSTM-ms,3,crossing,5,405,13,0.029191836695036086,10.0,7.0,6.0,6.0,6.0,6.0,6.0,6.0,6.0,6.0,6.0,6.0,6.0,6.0,6.0,6.0,6.0,6.0,6.0,6.0
real,120,gulf,7,LSTM-ms,3,crossing,6,447,33,0.3683039632303656,33.0,32.0,31.0,30.0,30.0,29.0,29.0,28.0,28.0,27.0,27.0,26.0,26.0,26.0,25.0,25.0,25.0,25.0,24.0,24.0
real,120,gulf,7,LSTM-ms,3,crossing,7,478,359,0.2164701476328347,358.0,357.0,356.0,356.0,355.0,355.0,355.0,355.0,355.0,354.0,354.0,354.0,353.0,353.0,353.0,353.0,353.0,353.0,353.0,352.0
real,120,gulf,7,LSTM-rec,4,buffer,0,29,130,0.10419660671874566,122.0,120.0,119.0,119.0,118.0,117.0,117.0,116.0,115.0,114.0,113.0,109.0,109.0,107.0,107.0,107.0,106.0,104.0,103.0,102.0
real,120,gulf,7,LSTM-rec,4,buffer,1,71,652,0.15936594100865628,596.0,595.0,594.0,594.0,592.0,592.0,590.0,590.0,589.0,588.0,586.0,586.0,585.0,585.0,583.0,582.0,581.0,581.0,580.0,572.0
real,120,gulf,7,LSTM-rec,4,buffer,2,136,26,0.1979402878047138,6.0,6.0,6.0,6.0,6.0,6.0,6.0,6.0,6.0,6.0,6.0,6.0,6.0,6.0,6.0,6.0,6.0,6.0,6.0,6.0
real,120,gulf,7,LSTM-rec,4,buffer,3,292,224,0.3187626612521536,217.0,216.0,216.0,215.0,215.0,214.0,213.0,213.0,212.0,212.0,209.0,209.0,209.0,209.0,209.0,209.0,209.0,209.0,209.0,209.0
real,120,gulf,7,LSTM-rec,4,buffer,4,373,149,0.4735056746776396,141.0,140.0,140.0,139.0,138.0,138.0,137.0,136.0,136.0,133.0,132.0,132.0,131.0,131.0,130.0,129.0,129.0,128.0,128.0,127.0
real,120,gulf,7,LSTM-rec,4,buffer,5,405,13,0.029191836695036086,6.0,6.0,6.0,6.0,6.0,6.0,6.0,6.0,6.0,6.0,6.0,6.0,6.0,6.0,6.0,6.0,6.0,6.0,6.0,6.0
real,120,gulf,7,LSTM-rec,4,buffer,6,447,33,0.3683039632303656,27.0,26.0,25.0,24.0,23.0,22.0,22.0,21.0,20.0,19.0,19.0,18.0,17.0,16.0,15.0,14.0,14.0,13.0,12.0,12.0
real,120,gulf,7,LSTM-rec,4,buffer,7,478,359,0.2164701476328347,301.0,300.0,299.0,298.0,297.0,297.0,296.0,295.0,294.0,292.0,292.0,291.0,290.0,289.0,289.0,288.0,287.0,284.0,284.0,282.0
real,120,gulf,7,LSTM-rec,4,crossing,0,29,130,0.10419660671874566,130.0,129.0,128.0,127.0,126.0,125.0,125.0,124.0,124.0,123.0,123.0,120.0,120.0,119.0,119.0,119.0,118.0,118.0,117.0,117.0
real,120,gulf,7,LSTM-rec,4,crossing,1,71,652,0.15936594100865628,651.0,649.0,648.0,647.0,646.0,646.0,645.0,645.0,644.0,643.0,640.0,635.0,634.0,634.0,633.0,596.0,596.0,596.0,596.0,594.0
real,120,gulf,7,LSTM-rec,4,crossing,2,136,26,0.1979402878047138,25.0,24.0,22.0,21.0,20.0,19.0,19.0,18.0,14.0,14.0,14.0,13.0,13.0,13.0,12.0,12.0,10.0,7.0,7.0,7.0
real,120,gulf,7,LSTM-rec,4,crossing,3,292,224,0.3187626612521536,223.0,222.0,220.0,219.0,218.0,217.0,216.0,216.0,216.0,216.0,215.0,215.0,215.0,214.0,213.0,213.0,213.0,212.0,209.0,209.0
real,120,gulf,7,LSTM-rec,4,crossing,4,373,149,0.4735056746776396,148.0,147.0,144.0,143.0,142.0,141.0,140.0,140.0,139.0,139.0,139.0,138.0,138.0,137.0,137.0,136.0,136.0,132.0,132.0,131.0
real,120,gulf,7,LSTM-rec,4,crossing,5,405,13,0.029191836695036086,11.0,7.0,6.0,6.0,6.0,6.0,6.0,6.0,6.0,6.0,6.0,6.0,6.0,6.0,6.0,6.0,6.0,6.0,6.0,6.0
real,120,gulf,7,LSTM-rec,4,crossing,6,447,33,0.3683039632303656,33.0,32.0,31.0,30.0,29.0,29.0,28.0,28.0,27.0,27.0,26.0,25.0,25.0,25.0,24.0,23.0,23.0,22.0,21.0,21.0
real,120,gulf,7,LSTM-rec,4,crossing,7,478,359,0.2164701476328347,358.0,357.0,356.0,356.0,355.0,355.0,354.0,354.0,353.0,351.0,351.0,350.0,350.0,301.0,300.0,300.0,298.0,297.0,297.0,297.0
real,120,gulf,7,LSTM-ms,4,buffer,0,29,130,0.10419660671874566,122.0,120.0,119.0,119.0,118.0,117.0,116.0,116.0,115.0,114.0,113.0,109.0,109.0,107.0,107.0,106.0,106.0,104.0,103.0,103.0
real,120,gulf,7,LSTM-ms,4,buffer,1,71,652,0.15936594100865628,596.0,595.0,594.0,594.0,592.0,592.0,591.0,590.0,589.0,589.0,588.0,586.0,586.0,585.0,585.0,583.0,582.0,581.0,581.0,580.0
real,120,gulf,7,LSTM-ms,4,buffer,2,136,26,0.1979402878047138,6.0,6.0,6.0,6.0,6.0,6.0,6.0,6.0,6.0,6.0,6.0,6.0,6.0,6.0,6.0,6.0,6.0,6.0,6.0,6.0
real,120,gulf,7,LSTM-ms,4,buffer,3,292,224,0.3187626612521536,217.0,216.0,216.0,216.0,215.0,215.0,214.0,213.0,213.0,209.0,209.0,209.0,209.0,209.0,209.0,209.0,209.0,209.0,209.0,209.0
real,120,gulf,7,LSTM-ms,4,buffer,4,373,149,0.4735056746776396,141.0,140.0,140.0,139.0,139.0,138.0,137.0,137.0,136.0,136.0,135.0,132.0,132.0,131.0,131.0,131.0,130.0,130.0,129.0,129.0
real,120,gulf,7,LSTM-ms,4,buffer,5,405,13,0.029191836695036086,6.0,6.0,6.0,6.0,6.0,6.0,6.0,6.0,6.0,6.0,6.0,6.0,6.0,6.0,6.0,6.0,6.0,6.0,6.0,6.0
real,120,gulf,7,LSTM-ms,4,buffer,6,447,33,0.3683039632303656,27.0,26.0,25.0,24.0,23.0,22.0,22.0,21.0,20.0,19.0,19.0,18.0,17.0,16.0,16.0,14.0,14.0,13.0,12.0,12.0
real,120,gulf,7,LSTM-ms,4,buffer,7,478,359,0.2164701476328347,301.0,300.0,300.0,298.0,297.0,297.0,296.0,296.0,294.0,293.0,293.0,292.0,291.0,290.0,290.0,289.0,289.0,288.0,288.0,284.0
real,120,gulf,7,LSTM-ms,4,crossing,0,29,130,0.10419660671874566,129.0,129.0,128.0,127.0,126.0,125.0,125.0,124.0,124.0,123.0,123.0,120.0,120.0,119.0,119.0,119.0,118.0,118.0,117.0,117.0
real,120,gulf,7,LSTM-ms,4,crossing,1,71,652,0.15936594100865628,651.0,650.0,648.0,647.0,646.0,646.0,646.0,645.0,645.0,645.0,644.0,644.0,644.0,640.0,640.0,634.0,596.0,596.0,596.0,596.0
real,120,gulf,7,LSTM-ms,4,crossing,2,136,26,0.1979402878047138,25.0,24.0,23.0,22.0,20.0,20.0,19.0,19.0,18.0,17.0,14.0,14.0,14.0,13.0,13.0,13.0,13.0,13.0,12.0,12.0
real,120,gulf,7,LSTM-ms,4,crossing,3,292,224,0.3187626612521536,223.0,222.0,221.0,219.0,219.0,218.0,218.0,216.0,216.0,216.0,216.0,216.0,215.0,215.0,215.0,214.0,214.0,209.0,209.0,209.0
real,120,gulf,7,LSTM-ms,4,crossing,4,373,149,0.4735056746776396,148.0,147.0,145.0,144.0,143.0,142.0,141.0,140.0,140.0,140.0,139.0,139.0,139.0,138.0,138.0,137.0,137.0,136.0,136.0,132.0
real,120,gulf,7,LSTM-ms,4,crossing,5,405,13,0.029191836695036086,11.0,7.0,6.0,6.0,6.0,6.0,6.0,6.0,6.0,6.0,6.0,6.0,6.0,6.0,6.0,6.0,6.0,6.0,6.0,6.0
real,120,gulf,7,LSTM-ms,4,crossing,6,447,33,0.3683039632303656,33.0,32.0,31.0,30.0,29.0,29.0,28.0,27.0,27.0,27.0,26.0,26.0,25.0,25.0,24.0,23.0,23.0,22.0,21.0,21.0
real,120,gulf,7,LSTM-ms,4,crossing,7,478,359,0.2164701476328347,358.0,357.0,356.0,356.0,355.0,355.0,355.0,354.0,354.0,353.0,352.0,351.0,351.0,350.0,350.0,301.0,300.0,300.0,300.0,297.0
real,120,gulf,8,Reactive,0,zone,0,1,13,0.16378500347566657,0.0,0.0,0.0,0.0,0.0,0.0,0.0,0.0,0.0,0.0,0.0,0.0,0.0,0.0,0.0,0.0,0.0,0.0,0.0,0.0
real,120,gulf,8,Reactive,0,zone,1,34,15,0.1619584483574689,1.0,1.0,1.0,1.0,1.0,1.0,1.0,1.0,1.0,1.0,1.0,1.0,1.0,1.0,1.0,1.0,1.0,1.0,1.0,1.0
real,120,gulf,8,Reactive,0,zone,2,92,60,0.4235551973290665,55.0,55.0,55.0,55.0,55.0,55.0,55.0,55.0,55.0,55.0,55.0,55.0,55.0,55.0,55.0,55.0,55.0,55.0,55.0,55.0
real,120,gulf,8,Reactive,0,zone,3,94,82,0.21335984583584708,70.0,70.0,70.0,70.0,70.0,70.0,70.0,70.0,70.0,70.0,70.0,70.0,70.0,70.0,70.0,70.0,70.0,70.0,70.0,70.0
real,120,gulf,8,Reactive,0,zone,4,108,510,0.17375165477961377,507.0,507.0,507.0,507.0,507.0,507.0,507.0,507.0,507.0,507.0,507.0,507.0,507.0,507.0,507.0,507.0,507.0,507.0,507.0,507.0
real,120,gulf,8,Reactive,0,zone,5,151,132,0.06535963470442184,125.0,125.0,125.0,125.0,125.0,125.0,125.0,125.0,125.0,125.0,125.0,125.0,125.0,125.0,125.0,125.0,125.0,125.0,125.0,125.0
real,120,gulf,8,Reactive,0,zone,6,276,27,0.2056234088772977,6.0,6.0,6.0,6.0,6.0,6.0,6.0,6.0,6.0,6.0,6.0,6.0,6.0,6.0,6.0,6.0,6.0,6.0,6.0,6.0
real,120,gulf,8,Reactive,0,zone,7,324,600,0.1993477235669077,583.0,583.0,583.0,583.0,583.0,583.0,583.0,583.0,583.0,583.0,583.0,583.0,583.0,583.0,583.0,583.0,583.0,583.0,583.0,583.0
real,120,gulf,8,Reactive,0,zone,8,327,661,0.09391636577513113,653.0,653.0,653.0,653.0,653.0,653.0,653.0,653.0,653.0,653.0,653.0,653.0,653.0,653.0,653.0,653.0,653.0,653.0,653.0,653.0
real,120,gulf,8,Reactive,0,zone,9,332,590,0.15738216149807072,584.0,584.0,584.0,584.0,584.0,584.0,584.0,584.0,584.0,584.0,584.0,584.0,584.0,584.0,584.0,584.0,584.0,584.0,584.0,584.0
real,120,gulf,8,Reactive,0,zone,10,337,30,0.17103813232102552,0.0,0.0,0.0,0.0,0.0,0.0,0.0,0.0,0.0,0.0,0.0,0.0,0.0,0.0,0.0,0.0,0.0,0.0,0.0,0.0
real,120,gulf,8,Reactive,0,zone,11,346,67,0.20179138006429215,61.0,61.0,61.0,61.0,61.0,61.0,61.0,61.0,61.0,61.0,61.0,61.0,61.0,61.0,61.0,61.0,61.0,61.0,61.0,61.0
real,120,gulf,8,Reactive,0,zone,12,365,38,0.3146077415982834,0.0,0.0,0.0,0.0,0.0,0.0,0.0,0.0,0.0,0.0,0.0,0.0,0.0,0.0,0.0,0.0,0.0,0.0,0.0,0.0
real,120,gulf,8,Reactive,0,zone,13,372,84,0.4584527507579535,79.0,79.0,79.0,79.0,79.0,79.0,79.0,79.0,79.0,79.0,79.0,79.0,79.0,79.0,79.0,79.0,79.0,79.0,79.0,79.0
real,120,gulf,8,Reactive,0,zone,14,383,151,0.24569448415343895,49.0,49.0,49.0,49.0,49.0,49.0,49.0,49.0,49.0,49.0,49.0,49.0,49.0,49.0,49.0,49.0,49.0,49.0,49.0,49.0
real,120,gulf,8,Reactive,0,zone,15,386,25,0.1593015992859229,0.0,0.0,0.0,0.0,0.0,0.0,0.0,0.0,0.0,0.0,0.0,0.0,0.0,0.0,0.0,0.0,0.0,0.0,0.0,0.0
real,120,gulf,8,Reactive,0,zone,16,435,74,0.31601892030546674,70.0,70.0,70.0,70.0,70.0,70.0,70.0,70.0,70.0,70.0,70.0,70.0,70.0,70.0,70.0,70.0,70.0,70.0,70.0,70.0
real,120,gulf,8,Reactive,0,zone,17,444,181,0.2089767543102783,174.0,174.0,174.0,174.0,174.0,174.0,174.0,174.0,174.0,174.0,174.0,174.0,174.0,174.0,174.0,174.0,174.0,174.0,174.0,174.0
real,120,gulf,8,Reactive,0,zone,18,458,237,0.25925038726184646,232.0,232.0,232.0,232.0,232.0,232.0,232.0,232.0,232.0,232.0,232.0,232.0,232.0,232.0,232.0,232.0,232.0,232.0,232.0,232.0
real,120,gulf,8,Reactive,0,zone,19,463,15,0.1662878112048255,0.0,0.0,0.0,0.0,0.0,0.0,0.0,0.0,0.0,0.0,0.0,0.0,0.0,0.0,0.0,0.0,0.0,0.0,0.0,0.0
real,120,gulf,8,Reactive,0,zone,20,465,202,0.22787405517687517,199.0,199.0,199.0,199.0,199.0,199.0,199.0,199.0,199.0,199.0,199.0,199.0,199.0,199.0,199.0,199.0,199.0,199.0,199.0,199.0
real,120,gulf,8,Reactive,0,zone,21,485,474,0.19252024613949348,463.0,463.0,463.0,463.0,463.0,463.0,463.0,463.0,463.0,463.0,463.0,463.0,463.0,463.0,463.0,463.0,463.0,463.0,463.0,463.0
real,120,gulf,8,Analytic,0,buffer,0,1,13,0.16378500347566657,6.0,6.0,6.0,6.0,6.0,6.0,6.0,6.0,6.0,6.0,6.0,6.0,6.0,6.0,6.0,6.0,6.0,6.0,6.0,6.0
real,120,gulf,8,Analytic,0,buffer,1,34,15,0.1619584483574689,6.0,6.0,6.0,6.0,6.0,6.0,6.0,6.0,6.0,6.0,6.0,6.0,6.0,6.0,6.0,6.0,6.0,6.0,6.0,6.0
real,120,gulf,8,Analytic,0,buffer,2,92,60,0.4235551973290665,54.0,53.0,52.0,51.0,50.0,49.0,48.0,47.0,46.0,45.0,44.0,43.0,42.0,42.0,41.0,41.0,40.0,40.0,39.0,39.0
real,120,gulf,8,Analytic,0,buffer,3,94,82,0.21335984583584708,69.0,68.0,67.0,66.0,65.0,64.0,63.0,62.0,61.0,60.0,59.0,58.0,57.0,56.0,55.0,54.0,53.0,52.0,51.0,51.0
real,120,gulf,8,Analytic,0,buffer,4,108,510,0.17375165477961377,506.0,505.0,504.0,503.0,502.0,501.0,500.0,499.0,497.0,494.0,493.0,492.0,491.0,490.0,490.0,489.0,488.0,488.0,487.0,487.0
real,120,gulf,8,Analytic,0,buffer,5,151,132,0.06535963470442184,124.0,123.0,123.0,122.0,122.0,121.0,121.0,121.0,121.0,121.0,120.0,120.0,120.0,120.0,120.0,120.0,120.0,120.0,120.0,120.0
real,120,gulf,8,Analytic,0,buffer,6,276,27,0.2056234088772977,6.0,6.0,6.0,6.0,6.0,6.0,6.0,6.0,6.0,6.0,6.0,6.0,6.0,6.0,6.0,6.0,6.0,6.0,6.0,6.0
real,120,gulf,8,Analytic,0,buffer,7,324,600,0.1993477235669077,582.0,581.0,580.0,579.0,578.0,577.0,576.0,575.0,574.0,573.0,573.0,572.0,572.0,571.0,571.0,571.0,570.0,570.0,569.0,482.0
real,120,gulf,8,Analytic,0,buffer,8,327,661,0.09391636577513113,652.0,651.0,651.0,650.0,649.0,648.0,645.0,643.0,642.0,641.0,640.0,639.0,639.0,638.0,637.0,636.0,636.0,636.0,635.0,635.0
real,120,gulf,8,Analytic,0,buffer,9,332,590,0.15738216149807072,583.0,582.0,581.0,580.0,579.0,578.0,577.0,576.0,576.0,574.0,573.0,572.0,567.0,565.0,564.0,563.0,562.0,561.0,560.0,559.0
real,120,gulf,8,Analytic,0,buffer,10,337,30,0.17103813232102552,6.0,6.0,6.0,6.0,6.0,6.0,6.0,6.0,6.0,6.0,6.0,6.0,6.0,6.0,6.0,6.0,6.0,6.0,6.0,6.0
real,120,gulf,8,Analytic,0,buffer,11,346,67,0.20179138006429215,60.0,59.0,59.0,58.0,57.0,56.0,55.0,53.0,50.0,48.0,47.0,46.0,45.0,44.0,44.0,43.0,43.0,42.0,42.0,41.0
real,120,gulf,8,Analytic,0,buffer,12,365,38,0.3146077415982834,6.0,6.0,6.0,6.0,6.0,6.0,6.0,6.0,6.0,6.0,6.0,6.0,6.0,6.0,6.0,6.0,6.0,6.0,6.0,6.0
real,120,gulf,8,Analytic,0,buffer,13,372,84,0.4584527507579535,78.0,77.0,76.0,75.0,74.0,73.0,71.0,69.0,67.0,66.0,65.0,64.0,63.0,62.0,61.0,61.0,61.0,60.0,60.0,60.0
real,120,gulf,8,Analytic,0,buffer,14,383,151,0.24569448415343895,48.0,47.0,46.0,45.0,44.0,43.0,42.0,41.0,40.0,39.0,38.0,37.0,36.0,35.0,34.0,33.0,32.0,31.0,30.0,29.0
real,120,gulf,8,Analytic,0,buffer,15,386,25,0.1593015992859229,6.0,6.0,6.0,6.0,6.0,6.0,6.0,6.0,6.0,6.0,6.0,6.0,6.0,6.0,6.0,6.0,6.0,6.0,6.0,6.0
real,120,gulf,8,Analytic,0,buffer,16,435,74,0.31601892030546674,69.0,69.0,68.0,67.0,66.0,65.0,62.0,60.0,58.0,57.0,56.0,56.0,55.0,54.0,53.0,53.0,52.0,51.0,49.0,48.0
real,120,gulf,8,Analytic,0,buffer,17,444,181,0.2089767543102783,172.0,171.0,170.0,169.0,168.0,167.0,166.0,165.0,164.0,162.0,161.0,160.0,159.0,158.0,158.0,157.0,156.0,156.0,155.0,155.0
real,120,gulf,8,Analytic,0,buffer,18,458,237,0.25925038726184646,231.0,230.0,229.0,228.0,227.0,226.0,225.0,224.0,223.0,222.0,221.0,219.0,218.0,217.0,216.0,215.0,214.0,213.0,212.0,211.0
real,120,gulf,8,Analytic,0,buffer,19,463,15,0.1662878112048255,6.0,6.0,6.0,6.0,6.0,6.0,6.0,6.0,6.0,6.0,6.0,6.0,6.0,6.0,6.0,6.0,6.0,6.0,6.0,6.0
real,120,gulf,8,Analytic,0,buffer,20,465,202,0.22787405517687517,198.0,197.0,196.0,195.0,195.0,194.0,193.0,192.0,191.0,190.0,189.0,189.0,182.0,182.0,181.0,180.0,180.0,179.0,179.0,178.0
real,120,gulf,8,Analytic,0,buffer,21,485,474,0.19252024613949348,462.0,461.0,460.0,459.0,458.0,457.0,456.0,455.0,454.0,453.0,30.0,29.0,29.0,29.0,28.0,28.0,28.0,28.0,28.0,18.0
real,120,gulf,8,Analytic,0,crossing,0,1,13,0.16378500347566657,12.0,11.0,11.0,10.0,10.0,10.0,9.0,9.0,9.0,9.0,9.0,8.0,8.0,8.0,8.0,8.0,8.0,8.0,8.0,8.0
real,120,gulf,8,Analytic,0,crossing,1,34,15,0.1619584483574689,14.0,13.0,12.0,11.0,10.0,8.0,6.0,6.0,6.0,6.0,6.0,6.0,6.0,6.0,6.0,6.0,6.0,6.0,6.0,6.0
real,120,gulf,8,Analytic,0,crossing,2,92,60,0.4235551973290665,59.0,58.0,57.0,56.0,55.0,54.0,53.0,52.0,51.0,50.0,49.0,48.0,46.0,45.0,44.0,43.0,43.0,42.0,42.0,41.0
real,120,gulf,8,Analytic,0,crossing,3,94,82,0.21335984583584708,81.0,80.0,79.0,78.0,77.0,76.0,75.0,74.0,73.0,72.0,71.0,71.0,70.0,69.0,68.0,67.0,67.0,66.0,65.0,64.0
real,120,gulf,8,Analytic,0,crossing,4,108,510,0.17375165477961377,509.0,508.0,507.0,507.0,506.0,505.0,505.0,504.0,503.0,502.0,501.0,500.0,499.0,494.0,492.0,492.0,491.0,490.0,490.0,489.0
real,120,gulf,8,Analytic,0,crossing,5,151,132,0.06535963470442184,131.0,130.0,129.0,128.0,127.0,126.0,125.0,124.0,123.0,123.0,122.0,122.0,122.0,122.0,122.0,121.0,121.0,121.0,121.0,121.0
real,120,gulf,8,Analytic,0,crossing,6,276,27,0.2056234088772977,26.0,25.0,24.0,24.0,22.0,21.0,20.0,19.0,19.0,18.0,16.0,16.0,15.0,13.0,13.0,12.0,10.0,6.0,6.0,6.0
real,120,gulf,8,Analytic,0,crossing,7,324,600,0.1993477235669077,599.0,598.0,597.0,597.0,596.0,595.0,594.0,593.0,592.0,591.0,590.0,589.0,588.0,587.0,587.0,586.0,586.0,585.0,584.0,584.0
real,120,gulf,8,Analytic,0,crossing,8,327,661,0.09391636577513113,660.0,659.0,658.0,655.0,653.0,652.0,651.0,650.0,650.0,649.0,644.0,642.0,641.0,641.0,640.0,639.0,638.0,638.0,637.0,636.0
real,120,gulf,8,Analytic,0,crossing,9,332,590,0.15738216149807072,589.0,587.0,586.0,585.0,585.0,584.0,583.0,583.0,582.0,582.0,581.0,580.0,579.0,578.0,577.0,576.0,575.0,574.0,567.0,565.0
real,120,gulf,8,Analytic,0,crossing,10,337,30,0.17103813232102552,29.0,28.0,27.0,26.0,26.0,25.0,24.0,23.0,22.0,17.0,16.0,16.0,16.0,16.0,15.0,15.0,15.0,15.0,15.0,15.0
real,120,gulf,8,Analytic,0,crossing,11,346,67,0.20179138006429215,64.0,63.0,63.0,62.0,61.0,60.0,60.0,59.0,58.0,57.0,57.0,56.0,50.0,48.0,47.0,46.0,45.0,45.0,44.0,43.0
real,120,gulf,8,Analytic,0,crossing,12,365,38,0.3146077415982834,37.0,36.0,35.0,33.0,32.0,31.0,30.0,30.0,29.0,29.0,29.0,29.0,29.0,29.0,28.0,28.0,28.0,28.0,28.0,28.0
real,120,gulf,8,Analytic,0,crossing,13,372,84,0.4584527507579535,82.0,81.0,80.0,79.0,79.0,78.0,77.0,76.0,75.0,74.0,73.0,70.0,67.0,66.0,65.0,64.0,63.0,62.0,61.0,61.0
real,120,gulf,8,Analytic,0,crossing,14,383,151,0.24569448415343895,150.0,149.0,148.0,147.0,146.0,145.0,144.0,143.0,142.0,141.0,140.0,50.0,49.0,48.0,48.0,46.0,45.0,44.0,44.0,43.0
real,120,gulf,8,Analytic,0,crossing,15,386,25,0.1593015992859229,24.0,23.0,23.0,22.0,21.0,20.0,19.0,18.0,18.0,18.0,18.0,18.0,17.0,17.0,17.0,17.0,17.0,17.0,17.0,17.0
real,120,gulf,8,Analytic,0,crossing,16,435,74,0.31601892030546674,73.0,72.0,71.0,70.0,70.0,69.0,69.0,68.0,67.0,66.0,65.0,59.0,58.0,57.0,56.0,55.0,55.0,54.0,53.0,52.0
real,120,gulf,8,Analytic,0,crossing,17,444,181,0.2089767543102783,181.0,180.0,179.0,178.0,176.0,171.0,170.0,169.0,168.0,167.0,166.0,165.0,164.0,163.0,162.0,161.0,160.0,159.0,158.0,157.0
real,120,gulf,8,Analytic,0,crossing,18,458,237,0.25925038726184646,235.0,234.0,233.0,232.0,231.0,230.0,229.0,228.0,227.0,226.0,225.0,224.0,223.0,222.0,221.0,219.0,218.0,217.0,216.0,215.0
real,120,gulf,8,Analytic,0,crossing,19,463,15,0.1662878112048255,15.0,14.0,14.0,14.0,14.0,13.0,13.0,12.0,11.0,10.0,8.0,7.0,7.0,7.0,7.0,7.0,7.0,7.0,7.0,7.0
real,120,gulf,8,Analytic,0,crossing,20,465,202,0.22787405517687517,201.0,201.0,200.0,199.0,198.0,198.0,197.0,196.0,195.0,195.0,194.0,193.0,192.0,191.0,190.0,189.0,182.0,182.0,181.0,180.0
real,120,gulf,8,Analytic,0,crossing,21,485,474,0.19252024613949348,473.0,472.0,471.0,470.0,469.0,468.0,467.0,466.0,465.0,464.0,463.0,462.0,461.0,460.0,459.0,458.0,457.0,456.0,455.0,454.0
real,120,gulf,8,ConstVel,0,buffer,0,1,13,0.16378500347566657,6.0,6.0,6.0,6.0,6.0,6.0,6.0,6.0,6.0,6.0,6.0,6.0,6.0,6.0,6.0,6.0,6.0,6.0,6.0,6.0
real,120,gulf,8,ConstVel,0,buffer,1,34,15,0.1619584483574689,6.0,6.0,6.0,6.0,6.0,6.0,6.0,6.0,6.0,6.0,6.0,6.0,6.0,6.0,6.0,6.0,6.0,6.0,6.0,6.0
real,120,gulf,8,ConstVel,0,buffer,2,92,60,0.4235551973290665,54.0,53.0,52.0,51.0,50.0,49.0,48.0,47.0,46.0,45.0,43.0,42.0,41.0,41.0,40.0,40.0,40.0,39.0,39.0,38.0
real,120,gulf,8,ConstVel,0,buffer,3,94,82,0.21335984583584708,69.0,68.0,67.0,66.0,65.0,64.0,63.0,62.0,61.0,60.0,59.0,58.0,57.0,56.0,55.0,54.0,53.0,52.0,51.0,50.0
real,120,gulf,8,ConstVel,0,buffer,4,108,510,0.17375165477961377,506.0,505.0,504.0,503.0,502.0,501.0,500.0,500.0,498.0,496.0,493.0,492.0,491.0,490.0,489.0,488.0,488.0,487.0,487.0,486.0
real,120,gulf,8,ConstVel,0,buffer,5,151,132,0.06535963470442184,124.0,123.0,122.0,121.0,120.0,119.0,119.0,119.0,119.0,119.0,119.0,119.0,119.0,119.0,119.0,119.0,119.0,119.0,119.0,119.0
real,120,gulf,8,ConstVel,0,buffer,6,276,27,0.2056234088772977,6.0,6.0,6.0,6.0,6.0,6.0,6.0,6.0,6.0,6.0,6.0,6.0,6.0,6.0,6.0,6.0,6.0,6.0,6.0,6.0
real,120,gulf,8,ConstVel,0,buffer,7,324,600,0.1993477235669077,582.0,581.0,580.0,579.0,578.0,577.0,576.0,575.0,574.0,572.0,572.0,572.0,569.0,569.0,569.0,569.0,569.0,569.0,569.0,482.0
real,120,gulf,8,ConstVel,0,buffer,8,327,661,0.09391636577513113,652.0,651.0,650.0,649.0,649.0,648.0,647.0,647.0,641.0,641.0,640.0,639.0,638.0,637.0,637.0,636.0,635.0,635.0,634.0,633.0
real,120,gulf,8,ConstVel,0,buffer,9,332,590,0.15738216149807072,583.0,582.0,581.0,580.0,579.0,578.0,577.0,576.0,576.0,574.0,574.0,572.0,572.0,570.0,565.0,563.0,562.0,561.0,560.0,559.0
real,120,gulf,8,ConstVel,0,buffer,10,337,30,0.17103813232102552,6.0,6.0,6.0,6.0,6.0,6.0,6.0,6.0,6.0,6.0,6.0,6.0,6.0,6.0,6.0,6.0,6.0,6.0,6.0,6.0
real,120,gulf,8,ConstVel,0,buffer,11,346,67,0.20179138006429215,60.0,59.0,59.0,58.0,57.0,56.0,55.0,54.0,53.0,48.0,47.0,47.0,45.0,44.0,43.0,42.0,42.0,41.0,41.0,41.0
real,120,gulf,8,ConstVel,0,buffer,12,365,38,0.3146077415982834,6.0,6.0,6.0,6.0,6.0,6.0,6.0,6.0,6.0,6.0,6.0,6.0,6.0,6.0,6.0,6.0,6.0,6.0,6.0,6.0
real,120,gulf,8,ConstVel,0,buffer,13,372,84,0.4584527507579535,78.0,77.0,76.0,75.0,74.0,73.0,72.0,71.0,69.0,66.0,65.0,64.0,63.0,62.0,61.0,60.0,59.0,59.0,58.0,58.0
real,120,gulf,8,ConstVel,0,buffer,14,383,151,0.24569448415343895,48.0,47.0,46.0,45.0,44.0,43.0,42.0,41.0,40.0,39.0,38.0,37.0,37.0,35.0,35.0,33.0,33.0,31.0,31.0,29.0
real,120,gulf,8,ConstVel,0,buffer,15,386,25,0.1593015992859229,6.0,6.0,6.0,6.0,6.0,6.0,6.0,6.0,6.0,6.0,6.0,6.0,6.0,6.0,6.0,6.0,6.0,6.0,6.0,6.0
real,120,gulf,8,ConstVel,0,buffer,16,435,74,0.31601892030546674,69.0,68.0,68.0,67.0,66.0,65.0,64.0,64.0,59.0,57.0,56.0,55.0,54.0,54.0,53.0,52.0,52.0,51.0,50.0,49.0
real,120,gulf,8,ConstVel,0,buffer,17,444,181,0.2089767543102783,172.0,171.0,170.0,169.0,168.0,167.0,166.0,165.0,164.0,162.0,162.0,161.0,159.0,158.0,157.0,156.0,155.0,155.0,154.0,153.0
real,120,gulf,8,ConstVel,0,buffer,18,458,237,0.25925038726184646,231.0,230.0,229.0,228.0,227.0,226.0,225.0,224.0,223.0,222.0,221.0,220.0,219.0,217.0,216.0,215.0,214.0,213.0,212.0,212.0
real,120,gulf,8,ConstVel,0,buffer,19,463,15,0.1662878112048255,6.0,6.0,6.0,6.0,6.0,6.0,6.0,6.0,6.0,6.0,6.0,6.0,6.0,6.0,6.0,6.0,6.0,6.0,6.0,6.0
real,120,gulf,8,ConstVel,0,buffer,20,465,202,0.22787405517687517,198.0,197.0,196.0,195.0,194.0,193.0,193.0,192.0,189.0,189.0,188.0,188.0,182.0,182.0,180.0,179.0,178.0,178.0,178.0,177.0
real,120,gulf,8,ConstVel,0,buffer,21,485,474,0.19252024613949348,462.0,461.0,460.0,459.0,458.0,457.0,456.0,455.0,454.0,92.0,29.0,28.0,26.0,26.0,26.0,26.0,26.0,26.0,26.0,17.0
real,120,gulf,8,ConstVel,0,crossing,0,1,13,0.16378500347566657,12.0,11.0,10.0,10.0,9.0,8.0,7.0,7.0,7.0,7.0,7.0,7.0,7.0,7.0,7.0,7.0,7.0,7.0,7.0,7.0
real,120,gulf,8,ConstVel,0,crossing,1,34,15,0.1619584483574689,14.0,13.0,12.0,11.0,10.0,9.0,8.0,6.0,6.0,6.0,6.0,6.0,6.0,6.0,6.0,6.0,6.0,6.0,6.0,6.0
real,120,gulf,8,ConstVel,0,crossing,2,92,60,0.4235551973290665,59.0,58.0,56.0,55.0,55.0,54.0,53.0,52.0,51.0,50.0,49.0,48.0,47.0,45.0,44.0,43.0,42.0,41.0,41.0,40.0
real,120,gulf,8,ConstVel,0,crossing,3,94,82,0.21335984583584708,81.0,80.0,79.0,78.0,77.0,76.0,75.0,74.0,73.0,72.0,71.0,70.0,69.0,69.0,67.0,67.0,66.0,66.0,65.0,64.0
real,120,gulf,8,ConstVel,0,crossing,4,108,510,0.17375165477961377,509.0,508.0,507.0,506.0,506.0,505.0,504.0,503.0,503.0,502.0,501.0,501.0,500.0,496.0,492.0,492.0,490.0,489.0,489.0,488.0
real,120,gulf,8,ConstVel,0,crossing,5,151,132,0.06535963470442184,131.0,130.0,129.0,128.0,127.0,126.0,125.0,124.0,123.0,122.0,121.0,119.0,119.0,119.0,119.0,119.0,119.0,119.0,119.0,119.0
real,120,gulf,8,ConstVel,0,crossing,6,276,27,0.2056234088772977,27.0,25.0,24.0,24.0,23.0,21.0,20.0,19.0,18.0,18.0,16.0,15.0,15.0,13.0,12.0,12.0,10.0,10.0,9.0,7.0
real,120,gulf,8,ConstVel,0,crossing,7,324,600,0.1993477235669077,599.0,598.0,597.0,596.0,596.0,595.0,594.0,593.0,591.0,591.0,590.0,589.0,587.0,587.0,586.0,586.0,584.0,584.0,584.0,583.0
real,120,gulf,8,ConstVel,0,crossing,8,327,661,0.09391636577513113,660.0,659.0,658.0,657.0,652.0,652.0,651.0,650.0,649.0,648.0,648.0,642.0,641.0,640.0,639.0,638.0,638.0,637.0,637.0,636.0
real,120,gulf,8,ConstVel,0,crossing,9,332,590,0.15738216149807072,590.0,589.0,586.0,585.0,584.0,583.0,583.0,582.0,582.0,581.0,581.0,580.0,579.0,578.0,577.0,576.0,576.0,574.0,572.0,565.0
real,120,gulf,8,ConstVel,0,crossing,10,337,30,0.17103813232102552,29.0,28.0,27.0,26.0,25.0,24.0,24.0,23.0,14.0,13.0,13.0,13.0,13.0,13.0,13.0,13.0,13.0,13.0,13.0,13.0
real,120,gulf,8,ConstVel,0,crossing,11,346,67,0.20179138006429215,65.0,63.0,62.0,61.0,61.0,60.0,59.0,59.0,58.0,57.0,56.0,55.0,55.0,48.0,47.0,47.0,45.0,43.0,43.0,42.0
real,120,gulf,8,ConstVel,0,crossing,12,365,38,0.3146077415982834,37.0,36.0,36.0,34.0,33.0,32.0,29.0,28.0,28.0,27.0,27.0,27.0,27.0,27.0,26.0,26.0,26.0,26.0,26.0,26.0
real,120,gulf,8,ConstVel,0,crossing,13,372,84,0.4584527507579535,82.0,81.0,80.0,79.0,78.0,78.0,77.0,76.0,75.0,74.0,73.0,72.0,71.0,66.0,64.0,64.0,63.0,62.0,60.0,59.0
real,120,gulf,8,ConstVel,0,crossing,14,383,151,0.24569448415343895,150.0,149.0,148.0,147.0,146.0,145.0,144.0,143.0,142.0,141.0,140.0,139.0,49.0,48.0,48.0,46.0,46.0,44.0,44.0,43.0
real,120,gulf,8,ConstVel,0,crossing,15,386,25,0.1593015992859229,24.0,23.0,22.0,22.0,21.0,20.0,19.0,14.0,14.0,14.0,14.0,14.0,14.0,14.0,14.0,14.0,14.0,14.0,14.0,14.0
real,120,gulf,8,ConstVel,0,crossing,16,435,74,0.31601892030546674,73.0,72.0,71.0,70.0,69.0,69.0,68.0,68.0,67.0,65.0,65.0,64.0,58.0,57.0,56.0,55.0,54.0,53.0,52.0,52.0
real,120,gulf,8,ConstVel,0,crossing,17,444,181,0.2089767543102783,181.0,180.0,179.0,178.0,177.0,176.0,170.0,169.0,168.0,167.0,166.0,165.0,164.0,163.0,162.0,161.0,160.0,159.0,157.0,156.0
real,120,gulf,8,ConstVel,0,crossing,18,458,237,0.25925038726184646,235.0,234.0,233.0,232.0,231.0,230.0,229.0,228.0,227.0,226.0,225.0,224.0,223.0,222.0,221.0,220.0,218.0,217.0,216.0,215.0
real,120,gulf,8,ConstVel,0,crossing,19,463,15,0.1662878112048255,14.0,14.0,14.0,13.0,13.0,12.0,12.0,12.0,11.0,11.0,7.0,7.0,7.0,6.0,6.0,6.0,6.0,6.0,6.0,6.0
real,120,gulf,8,ConstVel,0,crossing,20,465,202,0.22787405517687517,201.0,200.0,199.0,198.0,198.0,197.0,196.0,195.0,195.0,194.0,193.0,193.0,192.0,189.0,189.0,188.0,182.0,182.0,180.0,179.0
real,120,gulf,8,ConstVel,0,crossing,21,485,474,0.19252024613949348,473.0,472.0,471.0,470.0,469.0,468.0,467.0,466.0,465.0,464.0,463.0,462.0,461.0,460.0,459.0,458.0,457.0,456.0,92.0,92.0
real,120,gulf,8,Kalman,0,buffer,0,1,13,0.16378500347566657,6.0,6.0,6.0,6.0,6.0,6.0,6.0,6.0,6.0,6.0,6.0,6.0,6.0,6.0,6.0,6.0,6.0,6.0,6.0,6.0
real,120,gulf,8,Kalman,0,buffer,1,34,15,0.1619584483574689,6.0,6.0,6.0,6.0,6.0,6.0,6.0,6.0,6.0,6.0,6.0,6.0,6.0,6.0,6.0,6.0,6.0,6.0,6.0,6.0
real,120,gulf,8,Kalman,0,buffer,2,92,60,0.4235551973290665,54.0,53.0,52.0,51.0,50.0,49.0,48.0,47.0,46.0,45.0,43.0,42.0,42.0,41.0,41.0,40.0,40.0,39.0,39.0,38.0
real,120,gulf,8,Kalman,0,buffer,3,94,82,0.21335984583584708,69.0,68.0,67.0,66.0,65.0,64.0,63.0,62.0,61.0,60.0,59.0,58.0,57.0,56.0,55.0,54.0,53.0,52.0,51.0,50.0
real,120,gulf,8,Kalman,0,buffer,4,108,510,0.17375165477961377,506.0,505.0,504.0,503.0,502.0,501.0,500.0,499.0,498.0,497.0,493.0,492.0,491.0,490.0,489.0,488.0,488.0,487.0,487.0,486.0
real,120,gulf,8,Kalman,0,buffer,5,151,132,0.06535963470442184,124.0,123.0,122.0,121.0,121.0,120.0,120.0,120.0,119.0,119.0,119.0,119.0,119.0,119.0,119.0,119.0,119.0,119.0,119.0,119.0
real,120,gulf,8,Kalman,0,buffer,6,276,27,0.2056234088772977,6.0,6.0,6.0,6.0,6.0,6.0,6.0,6.0,6.0,6.0,6.0,6.0,6.0,6.0,6.0,6.0,6.0,6.0,6.0,6.0
real,120,gulf,8,Kalman,0,buffer,7,324,600,0.1993477235669077,582.0,581.0,580.0,579.0,578.0,577.0,576.0,575.0,574.0,573.0,572.0,572.0,571.0,570.0,569.0,569.0,569.0,569.0,569.0,482.0
real,120,gulf,8,Kalman,0,buffer,8,327,661,0.09391636577513113,652.0,651.0,650.0,650.0,649.0,648.0,647.0,642.0,641.0,641.0,640.0,639.0,638.0,638.0,637.0,636.0,635.0,635.0,634.0,634.0
real,120,gulf,8,Kalman,0,buffer,9,332,590,0.15738216149807072,583.0,582.0,581.0,580.0,579.0,578.0,577.0,576.0,576.0,574.0,574.0,572.0,572.0,566.0,565.0,563.0,562.0,561.0,560.0,559.0
real,120,gulf,8,Kalman,0,buffer,10,337,30,0.17103813232102552,6.0,6.0,6.0,6.0,6.0,6.0,6.0,6.0,6.0,6.0,6.0,6.0,6.0,6.0,6.0,6.0,6.0,6.0,6.0,6.0
real,120,gulf,8,Kalman,0,buffer,11,346,67,0.20179138006429215,60.0,59.0,59.0,58.0,57.0,56.0,55.0,54.0,53.0,48.0,47.0,46.0,45.0,44.0,43.0,43.0,42.0,42.0,41.0,41.0
real,120,gulf,8,Kalman,0,buffer,12,365,38,0.3146077415982834,6.0,6.0,6.0,6.0,6.0,6.0,6.0,6.0,6.0,6.0,6.0,6.0,6.0,6.0,6.0,6.0,6.0,6.0,6.0,6.0
real,120,gulf,8,Kalman,0,buffer,13,372,84,0.4584527507579535,78.0,77.0,76.0,75.0,74.0,73.0,72.0,71.0,69.0,66.0,65.0,64.0,63.0,62.0,61.0,60.0,59.0,59.0,59.0,59.0
real,120,gulf,8,Kalman,0,buffer,14,383,151,0.24569448415343895,48.0,47.0,46.0,45.0,44.0,43.0,42.0,41.0,40.0,39.0,38.0,37.0,37.0,35.0,34.0,33.0,32.0,31.0,30.0,29.0
real,120,gulf,8,Kalman,0,buffer,15,386,25,0.1593015992859229,6.0,6.0,6.0,6.0,6.0,6.0,6.0,6.0,6.0,6.0,6.0,6.0,6.0,6.0,6.0,6.0,6.0,6.0,6.0,6.0
real,120,gulf,8,Kalman,0,buffer,16,435,74,0.31601892030546674,69.0,69.0,68.0,67.0,66.0,65.0,64.0,62.0,58.0,57.0,56.0,55.0,54.0,54.0,53.0,52.0,52.0,51.0,50.0,48.0
real,120,gulf,8,Kalman,0,buffer,17,444,181,0.2089767543102783,172.0,171.0,170.0,169.0,168.0,167.0,166.0,165.0,164.0,162.0,162.0,160.0,159.0,158.0,157.0,156.0,156.0,155.0,154.0,154.0
real,120,gulf,8,Kalman,0,buffer,18,458,237,0.25925038726184646,231.0,230.0,229.0,228.0,227.0,226.0,225.0,224.0,223.0,222.0,221.0,220.0,218.0,217.0,216.0,215.0,214.0,213.0,212.0,211.0
real,120,gulf,8,Kalman,0,buffer,19,463,15,0.1662878112048255,6.0,6.0,6.0,6.0,6.0,6.0,6.0,6.0,6.0,6.0,6.0,6.0,6.0,6.0,6.0,6.0,6.0,6.0,6.0,6.0
real,120,gulf,8,Kalman,0,buffer,20,465,202,0.22787405517687517,198.0,197.0,196.0,195.0,194.0,194.0,193.0,192.0,191.0,189.0,189.0,188.0,182.0,181.0,180.0,179.0,179.0,178.0,178.0,178.0
real,120,gulf,8,Kalman,0,buffer,21,485,474,0.19252024613949348,462.0,461.0,460.0,459.0,458.0,457.0,456.0,455.0,454.0,92.0,29.0,28.0,28.0,27.0,27.0,26.0,26.0,26.0,26.0,17.0
real,120,gulf,8,Kalman,0,crossing,0,1,13,0.16378500347566657,12.0,11.0,10.0,10.0,9.0,8.0,8.0,8.0,8.0,7.0,7.0,7.0,7.0,7.0,7.0,7.0,7.0,7.0,7.0,7.0
real,120,gulf,8,Kalman,0,crossing,1,34,15,0.1619584483574689,14.0,13.0,12.0,11.0,10.0,9.0,8.0,6.0,6.0,6.0,6.0,6.0,6.0,6.0,6.0,6.0,6.0,6.0,6.0,6.0
real,120,gulf,8,Kalman,0,crossing,2,92,60,0.4235551973290665,59.0,58.0,56.0,56.0,55.0,54.0,53.0,52.0,51.0,50.0,49.0,48.0,47.0,45.0,44.0,43.0,42.0,41.0,41.0,41.0
real,120,gulf,8,Kalman,0,crossing,3,94,82,0.21335984583584708,81.0,80.0,79.0,78.0,77.0,76.0,75.0,74.0,73.0,72.0,71.0,70.0,69.0,69.0,68.0,67.0,66.0,66.0,65.0,64.0
real,120,gulf,8,Kalman,0,crossing,4,108,510,0.17375165477961377,509.0,508.0,507.0,507.0,506.0,505.0,504.0,504.0,503.0,502.0,501.0,501.0,499.0,497.0,492.0,492.0,491.0,490.0,489.0,488.0
real,120,gulf,8,Kalman,0,crossing,5,151,132,0.06535963470442184,131.0,130.0,129.0,128.0,127.0,126.0,125.0,124.0,123.0,122.0,121.0,121.0,120.0,120.0,120.0,120.0,120.0,119.0,119.0,119.0
real,120,gulf,8,Kalman,0,crossing,6,276,27,0.2056234088772977,26.0,25.0,24.0,24.0,23.0,21.0,20.0,19.0,18.0,18.0,16.0,15.0,15.0,13.0,12.0,12.0,10.0,10.0,9.0,7.0
real,120,gulf,8,Kalman,0,crossing,7,324,600,0.1993477235669077,599.0,598.0,597.0,596.0,596.0,595.0,594.0,593.0,592.0,591.0,590.0,589.0,588.0,587.0,586.0,586.0,585.0,584.0,584.0,584.0
real,120,gulf,8,Kalman,0,crossing,8,327,661,0.09391636577513113,660.0,659.0,658.0,657.0,652.0,652.0,651.0,650.0,649.0,649.0,648.0,642.0,641.0,640.0,639.0,639.0,638.0,637.0,637.0,636.0
real,120,gulf,8,Kalman,0,crossing,9,332,590,0.15738216149807072,590.0,587.0,586.0,585.0,584.0,583.0,583.0,582.0,582.0,581.0,581.0,580.0,579.0,578.0,577.0,576.0,575.0,574.0,574.0,565.0
real,120,gulf,8,Kalman,0,crossing,10,337,30,0.17103813232102552,29.0,28.0,27.0,26.0,25.0,24.0,24.0,23.0,22.0,14.0,14.0,14.0,14.0,13.0,13.0,13.0,13.0,13.0,13.0,13.0
real,120,gulf,8,Kalman,0,crossing,11,346,67,0.20179138006429215,64.0,63.0,62.0,61.0,61.0,60.0,60.0,59.0,58.0,57.0,56.0,55.0,55.0,48.0,47.0,47.0,45.0,44.0,43.0,43.0
real,120,gulf,8,Kalman,0,crossing,12,365,38,0.3146077415982834,37.0,36.0,35.0,34.0,33.0,31.0,29.0,29.0,28.0,28.0,28.0,27.0,27.0,27.0,27.0,27.0,27.0,27.0,27.0,27.0
real,120,gulf,8,Kalman,0,crossing,13,372,84,0.4584527507579535,82.0,81.0,80.0,79.0,79.0,78.0,77.0,76.0,75.0,74.0,73.0,72.0,70.0,66.0,65.0,64.0,63.0,62.0,61.0,60.0
real,120,gulf,8,Kalman,0,crossing,14,383,151,0.24569448415343895,150.0,149.0,148.0,147.0,146.0,145.0,144.0,143.0,142.0,141.0,140.0,139.0,49.0,48.0,48.0,46.0,46.0,44.0,44.0,43.0
real,120,gulf,8,Kalman,0,crossing,15,386,25,0.1593015992859229,24.0,23.0,23.0,22.0,21.0,20.0,19.0,18.0,18.0,17.0,16.0,15.0,15.0,15.0,15.0,15.0,15.0,15.0,14.0,14.0
real,120,gulf,8,Kalman,0,crossing,16,435,74,0.31601892030546674,73.0,72.0,71.0,70.0,69.0,69.0,68.0,68.0,67.0,66.0,65.0,64.0,58.0,57.0,56.0,55.0,54.0,54.0,53.0,52.0
real,120,gulf,8,Kalman,0,crossing,17,444,181,0.2089767543102783,181.0,180.0,179.0,178.0,177.0,176.0,170.0,169.0,168.0,167.0,166.0,165.0,164.0,163.0,162.0,161.0,160.0,159.0,158.0,157.0
real,120,gulf,8,Kalman,0,crossing,18,458,237,0.25925038726184646,235.0,234.0,233.0,232.0,231.0,230.0,229.0,228.0,227.0,226.0,225.0,224.0,223.0,222.0,221.0,220.0,218.0,217.0,216.0,215.0
real,120,gulf,8,Kalman,0,crossing,19,463,15,0.1662878112048255,15.0,14.0,14.0,14.0,13.0,13.0,12.0,12.0,11.0,11.0,8.0,7.0,6.0,6.0,6.0,6.0,6.0,6.0,6.0,6.0
real,120,gulf,8,Kalman,0,crossing,20,465,202,0.22787405517687517,201.0,200.0,199.0,199.0,198.0,197.0,197.0,196.0,195.0,195.0,194.0,193.0,193.0,192.0,189.0,189.0,183.0,182.0,180.0,179.0
real,120,gulf,8,Kalman,0,crossing,21,485,474,0.19252024613949348,473.0,472.0,471.0,470.0,469.0,468.0,467.0,466.0,465.0,464.0,463.0,462.0,461.0,460.0,459.0,458.0,457.0,456.0,455.0,92.0
real,120,gulf,8,LSTM-rec,0,buffer,0,1,13,0.16378500347566657,6.0,6.0,6.0,6.0,6.0,6.0,6.0,6.0,6.0,6.0,6.0,6.0,6.0,6.0,6.0,6.0,6.0,6.0,6.0,6.0
real,120,gulf,8,LSTM-rec,0,buffer,1,34,15,0.1619584483574689,6.0,6.0,6.0,6.0,6.0,6.0,6.0,6.0,6.0,6.0,6.0,6.0,6.0,6.0,6.0,6.0,6.0,6.0,6.0,6.0
real,120,gulf,8,LSTM-rec,0,buffer,2,92,60,0.4235551973290665,54.0,53.0,52.0,51.0,50.0,48.0,47.0,46.0,44.0,43.0,42.0,41.0,40.0,39.0,39.0,37.0,36.0,35.0,34.0,31.0
real,120,gulf,8,LSTM-rec,0,buffer,3,94,82,0.21335984583584708,69.0,67.0,66.0,65.0,63.0,61.0,59.0,57.0,55.0,53.0,50.0,48.0,46.0,43.0,37.0,6.0,6.0,6.0,6.0,6.0
real,120,gulf,8,LSTM-rec,0,buffer,4,108,510,0.17375165477961377,506.0,505.0,504.0,503.0,502.0,501.0,499.0,498.0,496.0,494.0,492.0,491.0,490.0,489.0,488.0,487.0,487.0,486.0,483.0,483.0
real,120,gulf,8,LSTM-rec,0,buffer,5,151,132,0.06535963470442184,124.0,123.0,122.0,121.0,119.0,119.0,119.0,119.0,119.0,119.0,118.0,118.0,8.0,6.0,6.0,6.0,6.0,6.0,6.0,6.0
real,120,gulf,8,LSTM-rec,0,buffer,6,276,27,0.2056234088772977,6.0,6.0,6.0,6.0,6.0,6.0,6.0,6.0,6.0,6.0,6.0,6.0,6.0,6.0,6.0,6.0,6.0,6.0,6.0,6.0
real,120,gulf,8,LSTM-rec,0,buffer,7,324,600,0.1993477235669077,582.0,580.0,579.0,576.0,574.0,572.0,569.0,568.0,563.0,559.0,546.0,543.0,540.0,537.0,534.0,528.0,525.0,520.0,482.0,480.0
real,120,gulf,8,LSTM-rec,0,buffer,8,327,661,0.09391636577513113,652.0,651.0,650.0,649.0,648.0,647.0,646.0,642.0,641.0,640.0,639.0,638.0,637.0,637.0,635.0,635.0,634.0,632.0,632.0,625.0
real,120,gulf,8,LSTM-rec,0,buffer,9,332,590,0.15738216149807072,583.0,582.0,581.0,580.0,578.0,577.0,576.0,574.0,573.0,572.0,570.0,565.0,563.0,562.0,560.0,558.0,558.0,556.0,555.0,554.0
real,120,gulf,8,LSTM-rec,0,buffer,10,337,30,0.17103813232102552,6.0,6.0,6.0,6.0,6.0,6.0,6.0,6.0,6.0,6.0,6.0,6.0,6.0,6.0,6.0,6.0,6.0,6.0,6.0,6.0
real,120,gulf,8,LSTM-rec,0,buffer,11,346,67,0.20179138006429215,60.0,59.0,58.0,57.0,56.0,55.0,54.0,53.0,48.0,47.0,46.0,45.0,43.0,43.0,42.0,41.0,40.0,39.0,37.0,35.0
real,120,gulf,8,LSTM-rec,0,buffer,12,365,38,0.3146077415982834,6.0,6.0,6.0,6.0,6.0,6.0,6.0,6.0,6.0,6.0,6.0,6.0,6.0,6.0,6.0,6.0,6.0,6.0,6.0,6.0
real,120,gulf,8,LSTM-rec,0,buffer,13,372,84,0.4584527507579535,78.0,77.0,75.0,75.0,73.0,72.0,71.0,69.0,66.0,65.0,64.0,63.0,62.0,61.0,60.0,59.0,58.0,57.0,57.0,53.0
real,120,gulf,8,LSTM-rec,0,buffer,14,383,151,0.24569448415343895,48.0,47.0,45.0,44.0,42.0,40.0,38.0,36.0,33.0,31.0,29.0,27.0,23.0,21.0,6.0,6.0,6.0,6.0,6.0,6.0
real,120,gulf,8,LSTM-rec,0,buffer,15,386,25,0.1593015992859229,6.0,6.0,6.0,6.0,6.0,6.0,6.0,6.0,6.0,6.0,6.0,6.0,6.0,6.0,6.0,6.0,6.0,6.0,6.0,6.0
real,120,gulf,8,LSTM-rec,0,buffer,16,435,74,0.31601892030546674,69.0,68.0,67.0,66.0,65.0,64.0,62.0,61.0,58.0,57.0,56.0,55.0,54.0,53.0,52.0,51.0,50.0,49.0,47.0,46.0
real,120,gulf,8,LSTM-rec,0,buffer,17,444,181,0.2089767543102783,172.0,171.0,170.0,169.0,167.0,166.0,165.0,164.0,162.0,161.0,160.0,159.0,158.0,156.0,155.0,154.0,153.0,152.0,151.0,113.0
real,120,gulf,8,LSTM-rec,0,buffer,18,458,237,0.25925038726184646,231.0,230.0,229.0,228.0,227.0,226.0,225.0,223.0,222.0,221.0,220.0,219.0,217.0,216.0,215.0,214.0,212.0,212.0,210.0,209.0
real,120,gulf,8,LSTM-rec,0,buffer,19,463,15,0.1662878112048255,6.0,6.0,6.0,6.0,6.0,6.0,6.0,6.0,6.0,6.0,6.0,6.0,6.0,6.0,6.0,6.0,6.0,6.0,6.0,6.0
real,120,gulf,8,LSTM-rec,0,buffer,20,465,202,0.22787405517687517,198.0,197.0,196.0,195.0,194.0,193.0,192.0,191.0,188.0,188.0,186.0,182.0,181.0,180.0,178.0,178.0,177.0,177.0,173.0,172.0
real,120,gulf,8,LSTM-rec,0,buffer,21,485,474,0.19252024613949348,462.0,461.0,460.0,458.0,457.0,455.0,29.0,26.0,26.0,25.0,16.0,14.0,11.0,8.0,6.0,6.0,6.0,6.0,6.0,6.0
real,120,gulf,8,LSTM-rec,0,crossing,0,1,13,0.16378500347566657,12.0,11.0,10.0,9.0,7.0,7.0,7.0,6.0,6.0,6.0,6.0,6.0,6.0,6.0,6.0,6.0,6.0,6.0,6.0,6.0
real,120,gulf,8,LSTM-rec,0,crossing,1,34,15,0.1619584483574689,14.0,12.0,11.0,9.0,8.0,6.0,6.0,6.0,6.0,6.0,6.0,6.0,6.0,6.0,6.0,6.0,6.0,6.0,6.0,6.0
real,120,gulf,8,LSTM-rec,0,crossing,2,92,60,0.4235551973290665,59.0,57.0,56.0,55.0,54.0,53.0,52.0,51.0,50.0,48.0,47.0,45.0,44.0,42.0,41.0,40.0,40.0,39.0,38.0,37.0
real,120,gulf,8,LSTM-rec,0,crossing,3,94,82,0.21335984583584708,81.0,80.0,78.0,77.0,75.0,74.0,72.0,70.0,68.0,66.0,64.0,61.0,59.0,56.0,53.0,50.0,47.0,46.0,43.0,37.0
real,120,gulf,8,LSTM-rec,0,crossing,4,108,510,0.17375165477961377,509.0,508.0,507.0,506.0,506.0,505.0,504.0,502.0,501.0,500.0,499.0,496.0,496.0,492.0,491.0,490.0,489.0,488.0,487.0,487.0
real,120,gulf,8,LSTM-rec,0,crossing,5,151,132,0.06535963470442184,131.0,129.0,128.0,127.0,126.0,125.0,123.0,122.0,121.0,119.0,119.0,119.0,119.0,119.0,119.0,119.0,118.0,118.0,8.0,6.0
real,120,gulf,8,LSTM-rec,0,crossing,6,276,27,0.2056234088772977,26.0,24.0,23.0,21.0,18.0,16.0,13.0,10.0,6.0,6.0,6.0,6.0,6.0,6.0,6.0,6.0,6.0,6.0,6.0,6.0
real,120,gulf,8,LSTM-rec,0,crossing,7,324,600,0.1993477235669077,599.0,598.0,596.0,595.0,593.0,590.0,588.0,586.0,583.0,581.0,577.0,572.0,569.0,568.0,563.0,547.0,543.0,540.0,535.0,531.0
real,120,gulf,8,LSTM-rec,0,crossing,8,327,661,0.09391636577513113,660.0,659.0,657.0,656.0,652.0,651.0,650.0,649.0,648.0,647.0,646.0,641.0,640.0,639.0,638.0,638.0,637.0,636.0,635.0,634.0
real,120,gulf,8,LSTM-rec,0,crossing,9,332,590,0.15738216149807072,590.0,587.0,586.0,585.0,584.0,583.0,582.0,581.0,581.0,579.0,577.0,576.0,574.0,572.0,570.0,565.0,563.0,561.0,560.0,558.0
real,120,gulf,8,LSTM-rec,0,crossing,10,337,30,0.17103813232102552,29.0,27.0,25.0,24.0,21.0,18.0,13.0,13.0,12.0,12.0,12.0,12.0,11.0,11.0,6.0,6.0,6.0,6.0,6.0,6.0
real,120,gulf,8,LSTM-rec,0,crossing,11,346,67,0.20179138006429215,64.0,63.0,62.0,61.0,60.0,60.0,59.0,57.0,56.0,55.0,54.0,53.0,48.0,47.0,46.0,44.0,43.0,42.0,41.0,41.0
real,120,gulf,8,LSTM-rec,0,crossing,12,365,38,0.3146077415982834,37.0,36.0,34.0,32.0,30.0,6.0,6.0,6.0,6.0,6.0,6.0,6.0,6.0,6.0,6.0,6.0,6.0,6.0,6.0,6.0
real,120,gulf,8,LSTM-rec,0,crossing,13,372,84,0.4584527507579535,82.0,81.0,80.0,79.0,78.0,77.0,76.0,75.0,73.0,72.0,71.0,69.0,66.0,64.0,63.0,62.0,61.0,60.0,59.0,59.0
real,120,gulf,8,LSTM-rec,0,crossing,14,383,151,0.24569448415343895,150.0,148.0,147.0,145.0,144.0,142.0,140.0,49.0,47.0,45.0,43.0,40.0,37.0,35.0,32.0,29.0,25.0,23.0,19.0,6.0
real,120,gulf,8,LSTM-rec,0,crossing,15,386,25,0.1593015992859229,24.0,23.0,22.0,21.0,19.0,14.0,14.0,14.0,14.0,14.0,14.0,14.0,14.0,10.0,6.0,6.0,6.0,6.0,6.0,6.0
real,120,gulf,8,LSTM-rec,0,crossing,16,435,74,0.31601892030546674,73.0,72.0,70.0,70.0,69.0,68.0,68.0,66.0,65.0,64.0,62.0,59.0,57.0,56.0,55.0,54.0,53.0,52.0,51.0,51.0
real,120,gulf,8,LSTM-rec,0,crossing,17,444,181,0.2089767543102783,180.0,179.0,178.0,177.0,175.0,171.0,170.0,168.0,167.0,166.0,165.0,163.0,162.0,161.0,160.0,158.0,157.0,156.0,155.0,154.0
real,120,gulf,8,LSTM-rec,0,crossing,18,458,237,0.25925038726184646,235.0,234.0,233.0,232.0,231.0,229.0,229.0,227.0,226.0,225.0,224.0,223.0,222.0,221.0,219.0,218.0,216.0,215.0,214.0,213.0
real,120,gulf,8,LSTM-rec,0,crossing,19,463,15,0.1662878112048255,14.0,14.0,13.0,11.0,7.0,6.0,6.0,6.0,6.0,6.0,6.0,6.0,6.0,6.0,6.0,6.0,6.0,6.0,6.0,6.0
real,120,gulf,8,LSTM-rec,0,crossing,20,465,202,0.22787405517687517,201.0,200.0,199.0,198.0,198.0,197.0,196.0,195.0,194.0,193.0,192.0,189.0,188.0,188.0,183.0,182.0,180.0,179.0,178.0,177.0
real,120,gulf,8,LSTM-rec,0,crossing,21,485,474,0.19252024613949348,473.0,472.0,470.0,469.0,467.0,466.0,464.0,462.0,461.0,459.0,457.0,92.0,28.0,26.0,25.0,16.0,14.0,10.0,7.0,6.0
real,120,gulf,8,LSTM-ms,0,buffer,0,1,13,0.16378500347566657,6.0,6.0,6.0,6.0,6.0,6.0,6.0,6.0,6.0,6.0,6.0,6.0,6.0,6.0,6.0,6.0,6.0,6.0,6.0,6.0
real,120,gulf,8,LSTM-ms,0,buffer,1,34,15,0.1619584483574689,6.0,6.0,6.0,6.0,6.0,6.0,6.0,6.0,6.0,6.0,6.0,6.0,6.0,6.0,6.0,6.0,6.0,6.0,6.0,6.0
real,120,gulf,8,LSTM-ms,0,buffer,2,92,60,0.4235551973290665,54.0,53.0,53.0,52.0,51.0,50.0,50.0,49.0,48.0,48.0,47.0,46.0,45.0,44.0,44.0,43.0,42.0,42.0,41.0,41.0
real,120,gulf,8,LSTM-ms,0,buffer,3,94,82,0.21335984583584708,69.0,68.0,67.0,67.0,66.0,65.0,64.0,64.0,63.0,62.0,61.0,60.0,60.0,59.0,58.0,58.0,57.0,56.0,56.0,55.0
real,120,gulf,8,LSTM-ms,0,buffer,4,108,510,0.17375165477961377,506.0,505.0,504.0,503.0,503.0,502.0,502.0,501.0,501.0,500.0,500.0,496.0,496.0,496.0,496.0,492.0,492.0,491.0,491.0,490.0
real,120,gulf,8,LSTM-ms,0,buffer,5,151,132,0.06535963470442184,124.0,124.0,123.0,122.0,121.0,119.0,119.0,119.0,119.0,119.0,119.0,119.0,119.0,119.0,119.0,119.0,119.0,119.0,119.0,119.0
real,120,gulf,8,LSTM-ms,0,buffer,6,276,27,0.2056234088772977,6.0,6.0,6.0,6.0,6.0,6.0,6.0,6.0,6.0,6.0,6.0,6.0,6.0,6.0,6.0,6.0,6.0,6.0,6.0,6.0
real,120,gulf,8,LSTM-ms,0,buffer,7,324,600,0.1993477235669077,582.0,582.0,581.0,580.0,579.0,578.0,577.0,576.0,575.0,574.0,574.0,572.0,572.0,572.0,569.0,569.0,569.0,569.0,569.0,569.0
real,120,gulf,8,LSTM-ms,0,buffer,8,327,661,0.09391636577513113,652.0,652.0,651.0,650.0,649.0,649.0,648.0,648.0,647.0,647.0,642.0,641.0,641.0,640.0,640.0,639.0,639.0,638.0,638.0,638.0
real,120,gulf,8,LSTM-ms,0,buffer,9,332,590,0.15738216149807072,583.0,582.0,581.0,581.0,580.0,579.0,579.0,578.0,577.0,577.0,576.0,576.0,576.0,574.0,574.0,574.0,572.0,572.0,572.0,572.0
real,120,gulf,8,LSTM-ms,0,buffer,10,337,30,0.17103813232102552,6.0,6.0,6.0,6.0,6.0,6.0,6.0,6.0,6.0,6.0,6.0,6.0,6.0,6.0,6.0,6.0,6.0,6.0,6.0,6.0
real,120,gulf,8,LSTM-ms,0,buffer,11,346,67,0.20179138006429215,60.0,60.0,59.0,58.0,58.0,57.0,56.0,55.0,55.0,54.0,54.0,53.0,48.0,48.0,47.0,47.0,47.0,46.0,45.0,44.0
real,120,gulf,8,LSTM-ms,0,buffer,12,365,38,0.3146077415982834,6.0,6.0,6.0,6.0,6.0,6.0,6.0,6.0,6.0,6.0,6.0,6.0,6.0,6.0,6.0,6.0,6.0,6.0,6.0,6.0
real,120,gulf,8,LSTM-ms,0,buffer,13,372,84,0.4584527507579535,78.0,77.0,76.0,75.0,75.0,74.0,73.0,73.0,72.0,72.0,71.0,69.0,66.0,66.0,65.0,64.0,64.0,63.0,63.0,62.0
real,120,gulf,8,LSTM-ms,0,buffer,14,383,151,0.24569448415343895,48.0,47.0,46.0,46.0,45.0,44.0,43.0,42.0,41.0,41.0,40.0,39.0,39.0,38.0,37.0,37.0,36.0,35.0,35.0,33.0
real,120,gulf,8,LSTM-ms,0,buffer,15,386,25,0.1593015992859229,6.0,6.0,6.0,6.0,6.0,6.0,6.0,6.0,6.0,6.0,6.0,6.0,6.0,6.0,6.0,6.0,6.0,6.0,6.0,6.0
real,120,gulf,8,LSTM-ms,0,buffer,16,435,74,0.31601892030546674,69.0,69.0,68.0,67.0,67.0,66.0,65.0,65.0,64.0,64.0,64.0,59.0,57.0,57.0,57.0,55.0,55.0,54.0,54.0,54.0
real,120,gulf,8,LSTM-ms,0,buffer,17,444,181,0.2089767543102783,173.0,171.0,170.0,169.0,168.0,168.0,167.0,166.0,165.0,164.0,164.0,163.0,162.0,162.0,161.0,160.0,160.0,159.0,158.0,158.0
real,120,gulf,8,LSTM-ms,0,buffer,18,458,237,0.25925038726184646,231.0,230.0,229.0,229.0,228.0,227.0,226.0,225.0,224.0,224.0,223.0,222.0,221.0,221.0,220.0,220.0,218.0,218.0,217.0,216.0
real,120,gulf,8,LSTM-ms,0,buffer,19,463,15,0.1662878112048255,6.0,6.0,6.0,6.0,6.0,6.0,6.0,6.0,6.0,6.0,6.0,6.0,6.0,6.0,6.0,6.0,6.0,6.0,6.0,6.0
real,120,gulf,8,LSTM-ms,0,buffer,20,465,202,0.22787405517687517,198.0,197.0,196.0,195.0,195.0,195.0,194.0,193.0,193.0,193.0,192.0,192.0,189.0,188.0,188.0,188.0,188.0,188.0,182.0,182.0
real,120,gulf,8,LSTM-ms,0,buffer,21,485,474,0.19252024613949348,462.0,462.0,461.0,460.0,459.0,458.0,457.0,457.0,456.0,456.0,455.0,92.0,92.0,29.0,28.0,26.0,26.0,26.0,26.0,26.0
real,120,gulf,8,LSTM-ms,0,crossing,0,1,13,0.16378500347566657,12.0,12.0,11.0,10.0,10.0,9.0,9.0,9.0,7.0,7.0,7.0,7.0,7.0,7.0,7.0,7.0,7.0,7.0,7.0,7.0
real,120,gulf,8,LSTM-ms,0,crossing,1,34,15,0.1619584483574689,15.0,14.0,12.0,12.0,11.0,10.0,10.0,8.0,8.0,7.0,6.0,6.0,6.0,6.0,6.0,6.0,6.0,6.0,6.0,6.0
real,120,gulf,8,LSTM-ms,0,crossing,2,92,60,0.4235551973290665,59.0,58.0,57.0,56.0,55.0,55.0,54.0,54.0,53.0,52.0,52.0,51.0,50.0,50.0,50.0,49.0,48.0,48.0,47.0,47.0
real,120,gulf,8,LSTM-ms,0,crossing,3,94,82,0.21335984583584708,81.0,80.0,80.0,79.0,78.0,77.0,76.0,76.0,75.0,74.0,73.0,73.0,72.0,71.0,71.0,70.0,69.0,69.0,69.0,67.0
real,120,gulf,8,LSTM-ms,0,crossing,4,108,510,0.17375165477961377,509.0,508.0,507.0,507.0,506.0,506.0,505.0,505.0,504.0,504.0,503.0,503.0,502.0,502.0,502.0,501.0,501.0,501.0,496.0,496.0
real,120,gulf,8,LSTM-ms,0,crossing,5,151,132,0.06535963470442184,131.0,130.0,129.0,128.0,127.0,127.0,126.0,125.0,125.0,124.0,124.0,123.0,123.0,122.0,122.0,119.0,119.0,119.0,119.0,119.0
real,120,gulf,8,LSTM-ms,0,crossing,6,276,27,0.2056234088772977,27.0,26.0,25.0,24.0,24.0,22.0,21.0,20.0,20.0,18.0,18.0,18.0,16.0,15.0,15.0,13.0,13.0,12.0,12.0,10.0
real,120,gulf,8,LSTM-ms,0,crossing,7,324,600,0.1993477235669077,599.0,599.0,598.0,597.0,596.0,596.0,595.0,594.0,594.0,593.0,591.0,591.0,590.0,590.0,588.0,587.0,587.0,586.0,586.0,586.0
real,120,gulf,8,LSTM-ms,0,crossing,8,327,661,0.09391636577513113,660.0,659.0,658.0,657.0,652.0,652.0,652.0,652.0,651.0,650.0,650.0,649.0,649.0,648.0,648.0,648.0,642.0,641.0,641.0,640.0
real,120,gulf,8,LSTM-ms,0,crossing,9,332,590,0.15738216149807072,590.0,589.0,587.0,586.0,585.0,584.0,583.0,583.0,582.0,582.0,582.0,582.0,581.0,581.0,581.0,581.0,581.0,580.0,579.0,579.0
real,120,gulf,8,LSTM-ms,0,crossing,10,337,30,0.17103813232102552,29.0,29.0,28.0,27.0,26.0,25.0,24.0,24.0,23.0,23.0,14.0,13.0,13.0,13.0,13.0,13.0,13.0,13.0,13.0,13.0
real,120,gulf,8,LSTM-ms,0,crossing,11,346,67,0.20179138006429215,65.0,64.0,63.0,62.0,61.0,61.0,60.0,60.0,59.0,59.0,59.0,58.0,58.0,57.0,57.0,56.0,56.0,55.0,55.0,48.0
real,120,gulf,8,LSTM-ms,0,crossing,12,365,38,0.3146077415982834,37.0,37.0,36.0,36.0,35.0,33.0,32.0,32.0,29.0,28.0,28.0,28.0,27.0,27.0,27.0,27.0,27.0,26.0,26.0,26.0
real,120,gulf,8,LSTM-ms,0,crossing,13,372,84,0.4584527507579535,83.0,82.0,81.0,80.0,79.0,79.0,78.0,78.0,77.0,76.0,75.0,75.0,75.0,75.0,73.0,73.0,73.0,72.0,72.0,66.0
real,120,gulf,8,LSTM-ms,0,crossing,14,383,151,0.24569448415343895,150.0,149.0,148.0,148.0,147.0,146.0,145.0,144.0,143.0,143.0,142.0,141.0,141.0,140.0,139.0,50.0,49.0,48.0,48.0,48.0
real,120,gulf,8,LSTM-ms,0,crossing,15,386,25,0.1593015992859229,24.0,24.0,23.0,22.0,22.0,21.0,14.0,14.0,14.0,14.0,14.0,14.0,14.0,14.0,14.0,14.0,14.0,14.0,14.0,14.0
real,120,gulf,8,LSTM-ms,0,crossing,16,435,74,0.31601892030546674,73.0,72.0,71.0,70.0,69.0,69.0,69.0,69.0,68.0,68.0,68.0,67.0,66.0,65.0,65.0,65.0,65.0,64.0,57.0,57.0
real,120,gulf,8,LSTM-ms,0,crossing,17,444,181,0.2089767543102783,181.0,180.0,179.0,178.0,177.0,176.0,176.0,170.0,170.0,169.0,168.0,168.0,167.0,166.0,166.0,165.0,164.0,164.0,163.0,162.0
real,120,gulf,8,LSTM-ms,0,crossing,18,458,237,0.25925038726184646,235.0,234.0,233.0,232.0,231.0,231.0,230.0,229.0,228.0,228.0,227.0,226.0,226.0,225.0,224.0,224.0,223.0,222.0,221.0,221.0
real,120,gulf,8,LSTM-ms,0,crossing,19,463,15,0.1662878112048255,14.0,14.0,14.0,14.0,14.0,14.0,13.0,13.0,12.0,12.0,12.0,12.0,12.0,12.0,12.0,11.0,11.0,11.0,11.0,7.0
real,120,gulf,8,LSTM-ms,0,crossing,20,465,202,0.22787405517687517,201.0,201.0,200.0,199.0,198.0,198.0,197.0,197.0,196.0,196.0,195.0,195.0,195.0,195.0,194.0,193.0,193.0,193.0,193.0,193.0
real,120,gulf,8,LSTM-ms,0,crossing,21,485,474,0.19252024613949348,473.0,472.0,471.0,471.0,470.0,469.0,468.0,467.0,466.0,466.0,465.0,464.0,464.0,463.0,462.0,462.0,462.0,461.0,461.0,460.0
real,120,gulf,8,LSTM-rec,1,buffer,0,1,13,0.16378500347566657,6.0,6.0,6.0,6.0,6.0,6.0,6.0,6.0,6.0,6.0,6.0,6.0,6.0,6.0,6.0,6.0,6.0,6.0,6.0,6.0
real,120,gulf,8,LSTM-rec,1,buffer,1,34,15,0.1619584483574689,6.0,6.0,6.0,6.0,6.0,6.0,6.0,6.0,6.0,6.0,6.0,6.0,6.0,6.0,6.0,6.0,6.0,6.0,6.0,6.0
real,120,gulf,8,LSTM-rec,1,buffer,2,92,60,0.4235551973290665,54.0,53.0,52.0,51.0,50.0,49.0,48.0,47.0,45.0,44.0,43.0,42.0,41.0,40.0,40.0,39.0,39.0,38.0,37.0,36.0
real,120,gulf,8,LSTM-rec,1,buffer,3,94,82,0.21335984583584708,69.0,68.0,66.0,65.0,63.0,62.0,60.0,58.0,56.0,54.0,52.0,50.0,47.0,46.0,43.0,40.0,37.0,6.0,6.0,6.0
real,120,gulf,8,LSTM-rec,1,buffer,4,108,510,0.17375165477961377,506.0,505.0,504.0,503.0,502.0,501.0,500.0,498.0,496.0,496.0,493.0,492.0,491.0,490.0,489.0,488.0,487.0,487.0,486.0,483.0
real,120,gulf,8,LSTM-rec,1,buffer,5,151,132,0.06535963470442184,124.0,123.0,122.0,121.0,119.0,119.0,119.0,119.0,119.0,119.0,119.0,118.0,118.0,118.0,6.0,6.0,6.0,6.0,6.0,6.0
real,120,gulf,8,LSTM-rec,1,buffer,6,276,27,0.2056234088772977,6.0,6.0,6.0,6.0,6.0,6.0,6.0,6.0,6.0,6.0,6.0,6.0,6.0,6.0,6.0,6.0,6.0,6.0,6.0,6.0
real,120,gulf,8,LSTM-rec,1,buffer,7,324,600,0.1993477235669077,582.0,580.0,579.0,577.0,574.0,572.0,569.0,568.0,566.0,562.0,549.0,546.0,543.0,540.0,538.0,534.0,531.0,526.0,520.0,482.0
real,120,gulf,8,LSTM-rec,1,buffer,8,327,661,0.09391636577513113,652.0,651.0,650.0,649.0,648.0,648.0,647.0,646.0,642.0,641.0,640.0,639.0,638.0,637.0,637.0,636.0,635.0,635.0,634.0,632.0
real,120,gulf,8,LSTM-rec,1,buffer,9,332,590,0.15738216149807072,583.0,582.0,581.0,580.0,579.0,577.0,576.0,575.0,574.0,572.0,570.0,569.0,565.0,563.0,562.0,561.0,560.0,558.0,558.0,556.0
real,120,gulf,8,LSTM-rec,1,buffer,10,337,30,0.17103813232102552,6.0,6.0,6.0,6.0,6.0,6.0,6.0,6.0,6.0,6.0,6.0,6.0,6.0,6.0,6.0,6.0,6.0,6.0,6.0,6.0
real,120,gulf,8,LSTM-rec,1,buffer,11,346,67,0.20179138006429215,60.0,59.0,58.0,57.0,56.0,55.0,54.0,53.0,53.0,48.0,47.0,46.0,45.0,43.0,43.0,42.0,41.0,41.0,40.0,40.0
real,120,gulf,8,LSTM-rec,1,buffer,12,365,38,0.3146077415982834,6.0,6.0,6.0,6.0,6.0,6.0,6.0,6.0,6.0,6.0,6.0,6.0,6.0,6.0,6.0,6.0,6.0,6.0,6.0,6.0
real,120,gulf,8,LSTM-rec,1,buffer,13,372,84,0.4584527507579535,78.0,77.0,76.0,75.0,74.0,73.0,72.0,71.0,68.0,66.0,65.0,64.0,63.0,62.0,61.0,60.0,59.0,59.0,58.0,57.0
real,120,gulf,8,LSTM-rec,1,buffer,14,383,151,0.24569448415343895,48.0,47.0,45.0,44.0,42.0,40.0,39.0,37.0,35.0,33.0,31.0,28.0,25.0,23.0,21.0,19.0,6.0,6.0,6.0,6.0
real,120,gulf,8,LSTM-rec,1,buffer,15,386,25,0.1593015992859229,6.0,6.0,6.0,6.0,6.0,6.0,6.0,6.0,6.0,6.0,6.0,6.0,6.0,6.0,6.0,6.0,6.0,6.0,6.0,6.0
real,120,gulf,8,LSTM-rec,1,buffer,16,435,74,0.31601892030546674,69.0,68.0,68.0,67.0,65.0,65.0,64.0,61.0,59.0,57.0,57.0,55.0,54.0,54.0,53.0,52.0,51.0,51.0,50.0,49.0
real,120,gulf,8,LSTM-rec,1,buffer,17,444,181,0.2089767543102783,172.0,171.0,170.0,169.0,168.0,166.0,165.0,164.0,163.0,162.0,161.0,160.0,158.0,157.0,156.0,155.0,155.0,154.0,153.0,151.0
real,120,gulf,8,LSTM-rec,1,buffer,18,458,237,0.25925038726184646,231.0,230.0,229.0,228.0,227.0,226.0,225.0,224.0,223.0,221.0,220.0,219.0,218.0,216.0,215.0,214.0,213.0,212.0,211.0,210.0
real,120,gulf,8,LSTM-rec,1,buffer,19,463,15,0.1662878112048255,6.0,6.0,6.0,6.0,6.0,6.0,6.0,6.0,6.0,6.0,6.0,6.0,6.0,6.0,6.0,6.0,6.0,6.0,6.0,6.0
real,120,gulf,8,LSTM-rec,1,buffer,20,465,202,0.22787405517687517,198.0,197.0,196.0,195.0,194.0,193.0,192.0,191.0,189.0,188.0,188.0,186.0,182.0,181.0,180.0,179.0,178.0,178.0,177.0,177.0
real,120,gulf,8,LSTM-rec,1,buffer,21,485,474,0.19252024613949348,462.0,461.0,460.0,458.0,457.0,456.0,454.0,28.0,26.0,26.0,25.0,16.0,14.0,11.0,8.0,6.0,6.0,6.0,6.0,6.0
real,120,gulf,8,LSTM-rec,1,crossing,0,1,13,0.16378500347566657,12.0,11.0,10.0,9.0,7.0,7.0,7.0,7.0,7.0,6.0,6.0,6.0,6.0,6.0,6.0,6.0,6.0,6.0,6.0,6.0
real,120,gulf,8,LSTM-rec,1,crossing,1,34,15,0.1619584483574689,14.0,12.0,11.0,10.0,8.0,6.0,6.0,6.0,6.0,6.0,6.0,6.0,6.0,6.0,6.0,6.0,6.0,6.0,6.0,6.0
real,120,gulf,8,LSTM-rec,1,crossing,2,92,60,0.4235551973290665,59.0,58.0,56.0,55.0,55.0,54.0,53.0,52.0,51.0,50.0,48.0,47.0,46.0,44.0,43.0,42.0,41.0,40.0,40.0,40.0
real,120,gulf,8,LSTM-rec,1,crossing,3,94,82,0.21335984583584708,81.0,80.0,78.0,77.0,76.0,74.0,72.0,71.0,69.0,67.0,65.0,63.0,61.0,58.0,56.0,53.0,50.0,48.0,47.0,44.0
real,120,gulf,8,LSTM-rec,1,crossing,4,108,510,0.17375165477961377,509.0,508.0,507.0,506.0,506.0,505.0,504.0,503.0,502.0,501.0,501.0,500.0,496.0,496.0,492.0,492.0,491.0,490.0,489.0,488.0
real,120,gulf,8,LSTM-rec,1,crossing,5,151,132,0.06535963470442184,131.0,130.0,129.0,127.0,126.0,125.0,124.0,123.0,121.0,119.0,119.0,119.0,119.0,119.0,119.0,119.0,119.0,119.0,118.0,118.0
real,120,gulf,8,LSTM-rec,1,crossing,6,276,27,0.2056234088772977,26.0,25.0,23.0,21.0,19.0,17.0,15.0,12.0,9.0,6.0,6.0,6.0,6.0,6.0,6.0,6.0,6.0,6.0,6.0,6.0
real,120,gulf,8,LSTM-rec,1,crossing,7,324,600,0.1993477235669077,599.0,598.0,596.0,595.0,594.0,591.0,589.0,587.0,584.0,583.0,580.0,576.0,572.0,569.0,568.0,565.0,548.0,545.0,542.0,538.0
real,120,gulf,8,LSTM-rec,1,crossing,8,327,661,0.09391636577513113,660.0,659.0,658.0,656.0,652.0,652.0,651.0,650.0,649.0,648.0,647.0,642.0,641.0,640.0,639.0,639.0,638.0,637.0,637.0,636.0
real,120,gulf,8,LSTM-rec,1,crossing,9,332,590,0.15738216149807072,590.0,588.0,586.0,585.0,584.0,583.0,582.0,582.0,581.0,580.0,579.0,577.0,576.0,574.0,572.0,572.0,565.0,564.0,563.0,561.0
real,120,gulf,8,LSTM-rec,1,crossing,10,337,30,0.17103813232102552,29.0,27.0,26.0,24.0,22.0,19.0,13.0,13.0,13.0,12.0,12.0,12.0,12.0,12.0,11.0,11.0,6.0,6.0,6.0,6.0
real,120,gulf,8,LSTM-rec,1,crossing,11,346,67,0.20179138006429215,65.0,63.0,62.0,61.0,61.0,60.0,59.0,58.0,57.0,56.0,55.0,54.0,53.0,48.0,47.0,46.0,45.0,43.0,42.0,42.0
real,120,gulf,8,LSTM-rec,1,crossing,12,365,38,0.3146077415982834,37.0,36.0,35.0,33.0,31.0,29.0,6.0,6.0,6.0,6.0,6.0,6.0,6.0,6.0,6.0,6.0,6.0,6.0,6.0,6.0
real,120,gulf,8,LSTM-rec,1,crossing,13,372,84,0.4584527507579535,82.0,81.0,80.0,79.0,78.0,78.0,76.0,75.0,75.0,73.0,72.0,71.0,69.0,66.0,64.0,64.0,63.0,62.0,60.0,59.0
real,120,gulf,8,LSTM-rec,1,crossing,14,383,151,0.24569448415343895,150.0,148.0,147.0,146.0,144.0,143.0,141.0,50.0,48.0,46.0,44.0,41.0,40.0,37.0,35.0,32.0,29.0,27.0,23.0,21.0
real,120,gulf,8,LSTM-rec,1,crossing,15,386,25,0.1593015992859229,24.0,23.0,22.0,21.0,20.0,14.0,14.0,14.0,14.0,14.0,14.0,14.0,14.0,14.0,14.0,10.0,6.0,6.0,6.0,6.0
real,120,gulf,8,LSTM-rec,1,crossing,16,435,74,0.31601892030546674,73.0,72.0,71.0,70.0,69.0,69.0,68.0,67.0,66.0,65.0,64.0,64.0,58.0,57.0,56.0,55.0,54.0,54.0,52.0,52.0
real,120,gulf,8,LSTM-rec,1,crossing,17,444,181,0.2089767543102783,180.0,179.0,178.0,177.0,176.0,173.0,170.0,169.0,168.0,166.0,165.0,164.0,163.0,162.0,161.0,159.0,158.0,157.0,156.0,155.0
real,120,gulf,8,LSTM-rec,1,crossing,18,458,237,0.25925038726184646,235.0,234.0,233.0,232.0,231.0,230.0,229.0,228.0,226.0,225.0,224.0,223.0,222.0,221.0,220.0,218.0,217.0,215.0,215.0,214.0
real,120,gulf,8,LSTM-rec,1,crossing,19,463,15,0.1662878112048255,14.0,14.0,13.0,12.0,9.0,6.0,6.0,6.0,6.0,6.0,6.0,6.0,6.0,6.0,6.0,6.0,6.0,6.0,6.0,6.0
real,120,gulf,8,LSTM-rec,1,crossing,20,465,202,0.22787405517687517,201.0,200.0,199.0,198.0,198.0,197.0,196.0,195.0,195.0,194.0,193.0,192.0,189.0,188.0,188.0,186.0,182.0,181.0,180.0,178.0
real,120,gulf,8,LSTM-rec,1,crossing,21,485,474,0.19252024613949348,473.0,472.0,470.0,469.0,467.0,466.0,464.0,463.0,462.0,460.0,458.0,456.0,92.0,28.0,26.0,26.0,17.0,14.0,12.0,9.0
real,120,gulf,8,LSTM-ms,1,buffer,0,1,13,0.16378500347566657,6.0,6.0,6.0,6.0,6.0,6.0,6.0,6.0,6.0,6.0,6.0,6.0,6.0,6.0,6.0,6.0,6.0,6.0,6.0,6.0
real,120,gulf,8,LSTM-ms,1,buffer,1,34,15,0.1619584483574689,6.0,6.0,6.0,6.0,6.0,6.0,6.0,6.0,6.0,6.0,6.0,6.0,6.0,6.0,6.0,6.0,6.0,6.0,6.0,6.0
real,120,gulf,8,LSTM-ms,1,buffer,2,92,60,0.4235551973290665,54.0,53.0,53.0,52.0,51.0,50.0,50.0,49.0,48.0,48.0,47.0,46.0,45.0,44.0,44.0,43.0,43.0,42.0,42.0,41.0
real,120,gulf,8,LSTM-ms,1,buffer,3,94,82,0.21335984583584708,69.0,68.0,67.0,67.0,66.0,66.0,65.0,65.0,64.0,64.0,63.0,63.0,62.0,62.0,62.0,61.0,61.0,61.0,60.0,59.0
real,120,gulf,8,LSTM-ms,1,buffer,4,108,510,0.17375165477961377,506.0,505.0,504.0,504.0,503.0,502.0,502.0,501.0,501.0,500.0,500.0,499.0,496.0,494.0,492.0,492.0,491.0,491.0,490.0,489.0
real,120,gulf,8,LSTM-ms,1,buffer,5,151,132,0.06535963470442184,124.0,124.0,123.0,122.0,122.0,121.0,121.0,121.0,120.0,120.0,120.0,120.0,119.0,119.0,119.0,119.0,119.0,119.0,119.0,119.0
real,120,gulf,8,LSTM-ms,1,buffer,6,276,27,0.2056234088772977,6.0,6.0,6.0,6.0,6.0,6.0,6.0,6.0,6.0,6.0,6.0,6.0,6.0,6.0,6.0,6.0,6.0,6.0,6.0,6.0
real,120,gulf,8,LSTM-ms,1,buffer,7,324,600,0.1993477235669077,582.0,582.0,581.0,580.0,580.0,579.0,579.0,579.0,578.0,578.0,577.0,577.0,577.0,576.0,576.0,576.0,576.0,576.0,575.0,574.0
real,120,gulf,8,LSTM-ms,1,buffer,8,327,661,0.09391636577513113,652.0,652.0,651.0,650.0,650.0,649.0,649.0,648.0,648.0,647.0,642.0,641.0,641.0,640.0,639.0,639.0,638.0,638.0,638.0,637.0
real,120,gulf,8,LSTM-ms,1,buffer,9,332,590,0.15738216149807072,583.0,582.0,581.0,581.0,580.0,579.0,579.0,578.0,578.0,577.0,576.0,576.0,576.0,575.0,574.0,574.0,574.0,572.0,572.0,565.0
real,120,gulf,8,LSTM-ms,1,buffer,10,337,30,0.17103813232102552,6.0,6.0,6.0,6.0,6.0,6.0,6.0,6.0,6.0,6.0,6.0,6.0,6.0,6.0,6.0,6.0,6.0,6.0,6.0,6.0
real,120,gulf,8,LSTM-ms,1,buffer,11,346,67,0.20179138006429215,60.0,60.0,59.0,58.0,58.0,57.0,56.0,56.0,55.0,55.0,54.0,53.0,48.0,48.0,47.0,47.0,46.0,45.0,44.0,43.0
real,120,gulf,8,LSTM-ms,1,buffer,12,365,38,0.3146077415982834,6.0,6.0,6.0,6.0,6.0,6.0,6.0,6.0,6.0,6.0,6.0,6.0,6.0,6.0,6.0,6.0,6.0,6.0,6.0,6.0
real,120,gulf,8,LSTM-ms,1,buffer,13,372,84,0.4584527507579535,78.0,77.0,76.0,76.0,75.0,74.0,73.0,73.0,72.0,72.0,71.0,69.0,66.0,65.0,64.0,64.0,63.0,63.0,62.0,62.0
real,120,gulf,8,LSTM-ms,1,buffer,14,383,151,0.24569448415343895,48.0,47.0,47.0,46.0,45.0,44.0,44.0,43.0,43.0,43.0,42.0,41.0,41.0,41.0,40.0,40.0,40.0,40.0,39.0,39.0
real,120,gulf,8,LSTM-ms,1,buffer,15,386,25,0.1593015992859229,6.0,6.0,6.0,6.0,6.0,6.0,6.0,6.0,6.0,6.0,6.0,6.0,6.0,6.0,6.0,6.0,6.0,6.0,6.0,6.0
real,120,gulf,8,LSTM-ms,1,buffer,16,435,74,0.31601892030546674,69.0,69.0,68.0,68.0,67.0,66.0,65.0,65.0,64.0,64.0,59.0,58.0,57.0,57.0,56.0,55.0,55.0,54.0,54.0,53.0
real,120,gulf,8,LSTM-ms,1,buffer,17,444,181,0.2089767543102783,173.0,171.0,170.0,169.0,168.0,167.0,166.0,166.0,165.0,164.0,163.0,162.0,162.0,161.0,160.0,160.0,159.0,158.0,157.0,157.0
real,120,gulf,8,LSTM-ms,1,buffer,18,458,237,0.25925038726184646,231.0,230.0,229.0,228.0,227.0,226.0,225.0,225.0,224.0,223.0,223.0,222.0,221.0,221.0,219.0,218.0,217.0,216.0,215.0,215.0
real,120,gulf,8,LSTM-ms,1,buffer,19,463,15,0.1662878112048255,6.0,6.0,6.0,6.0,6.0,6.0,6.0,6.0,6.0,6.0,6.0,6.0,6.0,6.0,6.0,6.0,6.0,6.0,6.0,6.0
real,120,gulf,8,LSTM-ms,1,buffer,20,465,202,0.22787405517687517,198.0,197.0,196.0,196.0,195.0,195.0,194.0,193.0,193.0,193.0,192.0,192.0,191.0,191.0,189.0,189.0,183.0,182.0,182.0,181.0
real,120,gulf,8,LSTM-ms,1,buffer,21,485,474,0.19252024613949348,462.0,461.0,461.0,460.0,459.0,458.0,458.0,457.0,457.0,456.0,456.0,456.0,455.0,92.0,92.0,92.0,92.0,92.0,92.0,29.0
real,120,gulf,8,LSTM-ms,1,crossing,0,1,13,0.16378500347566657,12.0,12.0,11.0,10.0,10.0,9.0,9.0,9.0,9.0,9.0,7.0,7.0,7.0,7.0,7.0,7.0,7.0,7.0,7.0,7.0
real,120,gulf,8,LSTM-ms,1,crossing,1,34,15,0.1619584483574689,15.0,14.0,12.0,12.0,11.0,11.0,10.0,10.0,9.0,8.0,8.0,8.0,6.0,6.0,6.0,6.0,6.0,6.0,6.0,6.0
real,120,gulf,8,LSTM-ms,1,crossing,2,92,60,0.4235551973290665,59.0,58.0,57.0,56.0,55.0,55.0,54.0,54.0,53.0,52.0,52.0,51.0,51.0,50.0,49.0,48.0,48.0,47.0,47.0,45.0
real,120,gulf,8,LSTM-ms,1,crossing,3,94,82,0.21335984583584708,81.0,81.0,80.0,79.0,78.0,78.0,77.0,76.0,76.0,75.0,75.0,75.0,74.0,74.0,73.0,73.0,73.0,72.0,72.0,71.0
real,120,gulf,8,LSTM-ms,1,crossing,4,108,510,0.17375165477961377,509.0,508.0,507.0,507.0,506.0,506.0,506.0,505.0,505.0,504.0,504.0,503.0,503.0,502.0,502.0,501.0,501.0,500.0,500.0,493.0
real,120,gulf,8,LSTM-ms,1,crossing,5,151,132,0.06535963470442184,131.0,130.0,129.0,129.0,128.0,127.0,126.0,126.0,125.0,125.0,124.0,124.0,123.0,123.0,122.0,122.0,122.0,122.0,122.0,121.0
real,120,gulf,8,LSTM-ms,1,crossing,6,276,27,0.2056234088772977,27.0,26.0,25.0,24.0,24.0,24.0,23.0,23.0,22.0,22.0,22.0,21.0,21.0,20.0,20.0,20.0,20.0,18.0,18.0,18.0
real,120,gulf,8,LSTM-ms,1,crossing,7,324,600,0.1993477235669077,599.0,599.0,598.0,597.0,596.0,596.0,596.0,595.0,595.0,594.0,594.0,594.0,594.0,594.0,594.0,594.0,593.0,591.0,591.0,591.0
real,120,gulf,8,LSTM-ms,1,crossing,8,327,661,0.09391636577513113,660.0,659.0,658.0,658.0,656.0,652.0,652.0,652.0,651.0,651.0,650.0,650.0,649.0,649.0,648.0,642.0,641.0,641.0,640.0,639.0
real,120,gulf,8,LSTM-ms,1,crossing,9,332,590,0.15738216149807072,590.0,589.0,586.0,586.0,585.0,584.0,583.0,583.0,583.0,582.0,582.0,582.0,582.0,581.0,581.0,581.0,581.0,580.0,580.0,579.0
real,120,gulf,8,LSTM-ms,1,crossing,10,337,30,0.17103813232102552,29.0,29.0,28.0,27.0,27.0,26.0,26.0,26.0,25.0,25.0,25.0,24.0,24.0,24.0,24.0,24.0,24.0,24.0,24.0,13.0
real,120,gulf,8,LSTM-ms,1,crossing,11,346,67,0.20179138006429215,65.0,64.0,63.0,62.0,61.0,61.0,60.0,60.0,60.0,59.0,59.0,59.0,58.0,58.0,57.0,57.0,56.0,56.0,48.0,48.0
real,120,gulf,8,LSTM-ms,1,crossing,12,365,38,0.3146077415982834,37.0,37.0,36.0,36.0,35.0,33.0,32.0,32.0,32.0,29.0,29.0,29.0,28.0,28.0,28.0,28.0,28.0,28.0,27.0,27.0
real,120,gulf,8,LSTM-ms,1,crossing,13,372,84,0.4584527507579535,83.0,82.0,81.0,80.0,79.0,79.0,78.0,78.0,77.0,76.0,76.0,75.0,75.0,75.0,74.0,73.0,72.0,72.0,66.0,65.0
real,120,gulf,8,LSTM-ms,1,crossing,14,383,151,0.24569448415343895,150.0,149.0,148.0,148.0,147.0,146.0,146.0,145.0,145.0,145.0,144.0,143.0,143.0,143.0,143.0,141.0,141.0,141.0,141.0,141.0
real,120,gulf,8,LSTM-ms,1,crossing,15,386,25,0.1593015992859229,24.0,24.0,23.0,22.0,22.0,21.0,21.0,20.0,20.0,20.0,19.0,18.0,18.0,18.0,18.0,18.0,17.0,15.0,15.0,15.0
real,120,gulf,8,LSTM-ms,1,crossing,16,435,74,0.31601892030546674,73.0,72.0,71.0,70.0,70.0,69.0,69.0,69.0,69.0,68.0,68.0,68.0,67.0,66.0,65.0,65.0,58.0,57.0,57.0,56.0
real,120,gulf,8,LSTM-ms,1,crossing,17,444,181,0.2089767543102783,181.0,180.0,179.0,178.0,178.0,177.0,176.0,170.0,169.0,169.0,168.0,167.0,166.0,166.0,165.0,164.0,163.0,162.0,162.0,161.0
real,120,gulf,8,LSTM-ms,1,crossing,18,458,237,0.25925038726184646,235.0,234.0,233.0,232.0,231.0,230.0,229.0,229.0,228.0,227.0,226.0,226.0,225.0,224.0,224.0,223.0,222.0,222.0,221.0,221.0
real,120,gulf,8,LSTM-ms,1,crossing,19,463,15,0.1662878112048255,14.0,14.0,14.0,14.0,14.0,14.0,14.0,14.0,14.0,14.0,14.0,14.0,14.0,14.0,14.0,14.0,14.0,14.0,14.0,14.0
real,120,gulf,8,LSTM-ms,1,crossing,20,465,202,0.22787405517687517,201.0,201.0,200.0,199.0,198.0,198.0,198.0,197.0,197.0,196.0,196.0,195.0,195.0,195.0,194.0,194.0,193.0,193.0,193.0,192.0
real,120,gulf,8,LSTM-ms,1,crossing,21,485,474,0.19252024613949348,473.0,472.0,471.0,471.0,470.0,469.0,469.0,468.0,467.0,467.0,466.0,466.0,465.0,465.0,464.0,464.0,463.0,463.0,462.0,462.0
real,120,gulf,8,LSTM-rec,2,buffer,0,1,13,0.16378500347566657,6.0,6.0,6.0,6.0,6.0,6.0,6.0,6.0,6.0,6.0,6.0,6.0,6.0,6.0,6.0,6.0,6.0,6.0,6.0,6.0
real,120,gulf,8,LSTM-rec,2,buffer,1,34,15,0.1619584483574689,6.0,6.0,6.0,6.0,6.0,6.0,6.0,6.0,6.0,6.0,6.0,6.0,6.0,6.0,6.0,6.0,6.0,6.0,6.0,6.0
real,120,gulf,8,LSTM-rec,2,buffer,2,92,60,0.4235551973290665,54.0,53.0,52.0,52.0,51.0,50.0,49.0,48.0,48.0,47.0,47.0,46.0,45.0,44.0,44.0,43.0,42.0,42.0,41.0,41.0
real,120,gulf,8,LSTM-rec,2,buffer,3,94,82,0.21335984583584708,69.0,68.0,67.0,67.0,66.0,65.0,64.0,64.0,63.0,62.0,62.0,61.0,61.0,60.0,59.0,59.0,59.0,58.0,58.0,57.0
real,120,gulf,8,LSTM-rec,2,buffer,4,108,510,0.17375165477961377,506.0,505.0,504.0,503.0,502.0,502.0,501.0,501.0,500.0,500.0,500.0,496.0,496.0,496.0,496.0,492.0,492.0,491.0,491.0,490.0
real,120,gulf,8,LSTM-rec,2,buffer,5,151,132,0.06535963470442184,124.0,123.0,123.0,122.0,121.0,120.0,119.0,119.0,119.0,119.0,119.0,119.0,119.0,119.0,119.0,119.0,119.0,119.0,119.0,119.0
real,120,gulf,8,LSTM-rec,2,buffer,6,276,27,0.2056234088772977,6.0,6.0,6.0,6.0,6.0,6.0,6.0,6.0,6.0,6.0,6.0,6.0,6.0,6.0,6.0,6.0,6.0,6.0,6.0,6.0
real,120,gulf,8,LSTM-rec,2,buffer,7,324,600,0.1993477235669077,582.0,581.0,580.0,579.0,579.0,578.0,577.0,576.0,576.0,575.0,574.0,574.0,572.0,572.0,572.0,572.0,571.0,569.0,569.0,569.0
real,120,gulf,8,LSTM-rec,2,buffer,8,327,661,0.09391636577513113,652.0,652.0,651.0,650.0,649.0,648.0,648.0,647.0,647.0,642.0,641.0,641.0,640.0,640.0,639.0,639.0,638.0,638.0,638.0,638.0
real,120,gulf,8,LSTM-rec,2,buffer,9,332,590,0.15738216149807072,583.0,582.0,581.0,581.0,580.0,579.0,579.0,578.0,577.0,577.0,576.0,576.0,576.0,576.0,574.0,574.0,574.0,574.0,574.0,574.0
real,120,gulf,8,LSTM-rec,2,buffer,10,337,30,0.17103813232102552,6.0,6.0,6.0,6.0,6.0,6.0,6.0,6.0,6.0,6.0,6.0,6.0,6.0,6.0,6.0,6.0,6.0,6.0,6.0,6.0
real,120,gulf,8,LSTM-rec,2,buffer,11,346,67,0.20179138006429215,60.0,59.0,59.0,58.0,57.0,57.0,56.0,55.0,55.0,54.0,54.0,53.0,48.0,48.0,47.0,47.0,47.0,47.0,46.0,46.0
real,120,gulf,8,LSTM-rec,2,buffer,12,365,38,0.3146077415982834,6.0,6.0,6.0,6.0,6.0,6.0,6.0,6.0,6.0,6.0,6.0,6.0,6.0,6.0,6.0,6.0,6.0,6.0,6.0,6.0
real,120,gulf,8,LSTM-rec,2,buffer,13,372,84,0.4584527507579535,78.0,77.0,76.0,75.0,75.0,74.0,73.0,72.0,72.0,71.0,71.0,69.0,66.0,65.0,65.0,64.0,64.0,63.0,63.0,63.0
real,120,gulf,8,LSTM-rec,2,buffer,14,383,151,0.24569448415343895,48.0,47.0,46.0,45.0,45.0,44.0,43.0,43.0,42.0,41.0,40.0,40.0,40.0,39.0,38.0,38.0,37.0,37.0,37.0,37.0
real,120,gulf,8,LSTM-rec,2,buffer,15,386,25,0.1593015992859229,6.0,6.0,6.0,6.0,6.0,6.0,6.0,6.0,6.0,6.0,6.0,6.0,6.0,6.0,6.0,6.0,6.0,6.0,6.0,6.0
real,120,gulf,8,LSTM-rec,2,buffer,16,435,74,0.31601892030546674,69.0,69.0,68.0,67.0,66.0,65.0,65.0,64.0,64.0,64.0,64.0,58.0,57.0,57.0,56.0,55.0,55.0,54.0,54.0,54.0
real,120,gulf,8,LSTM-rec,2,buffer,17,444,181,0.2089767543102783,172.0,171.0,170.0,169.0,168.0,167.0,167.0,166.0,165.0,164.0,164.0,163.0,162.0,162.0,161.0,161.0,160.0,160.0,160.0,159.0
real,120,gulf,8,LSTM-rec,2,buffer,18,458,237,0.25925038726184646,231.0,230.0,229.0,228.0,227.0,227.0,226.0,225.0,224.0,224.0,223.0,222.0,222.0,221.0,221.0,220.0,220.0,219.0,218.0,217.0
real,120,gulf,8,LSTM-rec,2,buffer,19,463,15,0.1662878112048255,6.0,6.0,6.0,6.0,6.0,6.0,6.0,6.0,6.0,6.0,6.0,6.0,6.0,6.0,6.0,6.0,6.0,6.0,6.0,6.0
real,120,gulf,8,LSTM-rec,2,buffer,20,465,202,0.22787405517687517,198.0,197.0,196.0,195.0,195.0,194.0,193.0,193.0,193.0,192.0,192.0,189.0,189.0,189.0,188.0,188.0,188.0,188.0,188.0,182.0
real,120,gulf,8,LSTM-rec,2,buffer,21,485,474,0.19252024613949348,462.0,461.0,460.0,460.0,459.0,458.0,457.0,457.0,456.0,456.0,455.0,455.0,92.0,92.0,29.0,29.0,29.0,28.0,26.0,26.0
real,120,gulf,8,LSTM-rec,2,crossing,0,1,13,0.16378500347566657,12.0,12.0,11.0,10.0,10.0,9.0,9.0,7.0,7.0,7.0,7.0,7.0,7.0,7.0,7.0,7.0,7.0,7.0,7.0,7.0
real,120,gulf,8,LSTM-rec,2,crossing,1,34,15,0.1619584483574689,14.0,13.0,12.0,11.0,11.0,10.0,9.0,8.0,8.0,7.0,7.0,6.0,6.0,6.0,6.0,6.0,6.0,6.0,6.0,6.0
real,120,gulf,8,LSTM-rec,2,crossing,2,92,60,0.4235551973290665,59.0,58.0,57.0,56.0,55.0,54.0,54.0,53.0,53.0,52.0,51.0,51.0,50.0,50.0,50.0,49.0,48.0,48.0,48.0,48.0
real,120,gulf,8,LSTM-rec,2,crossing,3,94,82,0.21335984583584708,81.0,80.0,79.0,79.0,78.0,77.0,76.0,76.0,75.0,74.0,74.0,73.0,73.0,72.0,72.0,71.0,71.0,71.0,70.0,70.0
real,120,gulf,8,LSTM-rec,2,crossing,4,108,510,0.17375165477961377,509.0,508.0,507.0,506.0,506.0,506.0,505.0,505.0,504.0,503.0,503.0,502.0,502.0,502.0,501.0,501.0,501.0,501.0,501.0,501.0
real,120,gulf,8,LSTM-rec,2,crossing,5,151,132,0.06535963470442184,131.0,130.0,129.0,128.0,127.0,127.0,126.0,125.0,125.0,124.0,124.0,123.0,123.0,122.0,122.0,122.0,119.0,119.0,119.0,119.0
real,120,gulf,8,LSTM-rec,2,crossing,6,276,27,0.2056234088772977,27.0,25.0,24.0,24.0,23.0,22.0,21.0,21.0,20.0,19.0,18.0,18.0,18.0,17.0,15.0,15.0,15.0,15.0,13.0,13.0
real,120,gulf,8,LSTM-rec,2,crossing,7,324,600,0.1993477235669077,599.0,598.0,597.0,597.0,596.0,595.0,595.0,594.0,594.0,593.0,592.0,591.0,591.0,590.0,590.0,590.0,589.0,588.0,587.0,587.0
real,120,gulf,8,LSTM-rec,2,crossing,8,327,661,0.09391636577513113,660.0,659.0,658.0,657.0,652.0,652.0,652.0,651.0,651.0,650.0,649.0,649.0,648.0,648.0,648.0,642.0,641.0,641.0,641.0,640.0
real,120,gulf,8,LSTM-rec,2,crossing,9,332,590,0.15738216149807072,590.0,589.0,586.0,585.0,585.0,584.0,583.0,583.0,582.0,582.0,582.0,582.0,582.0,581.0,581.0,581.0,581.0,581.0,581.0,581.0
real,120,gulf,8,LSTM-rec,2,crossing,10,337,30,0.17103813232102552,29.0,28.0,27.0,27.0,26.0,25.0,24.0,24.0,23.0,23.0,13.0,13.0,13.0,13.0,13.0,13.0,13.0,13.0,13.0,13.0
real,120,gulf,8,LSTM-rec,2,crossing,11,346,67,0.20179138006429215,65.0,63.0,62.0,61.0,61.0,60.0,60.0,60.0,59.0,59.0,59.0,58.0,58.0,57.0,57.0,57.0,56.0,56.0,56.0,55.0
real,120,gulf,8,LSTM-rec,2,crossing,12,365,38,0.3146077415982834,37.0,37.0,36.0,35.0,33.0,33.0,32.0,32.0,29.0,29.0,28.0,28.0,28.0,27.0,27.0,27.0,27.0,27.0,27.0,27.0
real,120,gulf,8,LSTM-rec,2,crossing,13,372,84,0.4584527507579535,83.0,81.0,80.0,80.0,79.0,78.0,78.0,77.0,76.0,76.0,75.0,75.0,75.0,75.0,73.0,73.0,73.0,73.0,72.0,72.0
real,120,gulf,8,LSTM-rec,2,crossing,14,383,151,0.24569448415343895,150.0,149.0,148.0,147.0,147.0,146.0,145.0,144.0,144.0,143.0,143.0,142.0,141.0,141.0,140.0,140.0,139.0,50.0,50.0,49.0
real,120,gulf,8,LSTM-rec,2,crossing,15,386,25,0.1593015992859229,24.0,23.0,23.0,22.0,22.0,21.0,20.0,14.0,14.0,14.0,14.0,14.0,14.0,14.0,14.0,14.0,14.0,14.0,14.0,14.0
real,120,gulf,8,LSTM-rec,2,crossing,16,435,74,0.31601892030546674,73.0,72.0,70.0,70.0,69.0,69.0,69.0,68.0,68.0,68.0,67.0,67.0,66.0,65.0,65.0,65.0,65.0,65.0,57.0,57.0
real,120,gulf,8,LSTM-rec,2,crossing,17,444,181,0.2089767543102783,181.0,180.0,179.0,178.0,177.0,177.0,176.0,170.0,170.0,169.0,168.0,168.0,167.0,167.0,166.0,166.0,165.0,165.0,164.0,164.0
real,120,gulf,8,LSTM-rec,2,crossing,18,458,237,0.25925038726184646,235.0,234.0,233.0,232.0,231.0,231.0,230.0,229.0,228.0,228.0,227.0,226.0,226.0,225.0,225.0,224.0,224.0,223.0,222.0,222.0
real,120,gulf,8,LSTM-rec,2,crossing,19,463,15,0.1662878112048255,14.0,14.0,14.0,14.0,13.0,13.0,13.0,13.0,12.0,12.0,12.0,12.0,12.0,12.0,12.0,12.0,12.0,12.0,12.0,11.0
real,120,gulf,8,LSTM-rec,2,crossing,20,465,202,0.22787405517687517,201.0,200.0,199.0,198.0,198.0,198.0,197.0,197.0,196.0,195.0,195.0,195.0,195.0,194.0,194.0,193.0,193.0,193.0,193.0,193.0
real,120,gulf,8,LSTM-rec,2,crossing,21,485,474,0.19252024613949348,473.0,472.0,471.0,470.0,469.0,469.0,468.0,467.0,467.0,466.0,466.0,465.0,464.0,464.0,464.0,463.0,462.0,462.0,462.0,462.0
real,120,gulf,8,LSTM-ms,2,buffer,0,1,13,0.16378500347566657,6.0,6.0,6.0,6.0,6.0,6.0,6.0,6.0,6.0,6.0,6.0,6.0,6.0,6.0,6.0,6.0,6.0,6.0,6.0,6.0
real,120,gulf,8,LSTM-ms,2,buffer,1,34,15,0.1619584483574689,6.0,6.0,6.0,6.0,6.0,6.0,6.0,6.0,6.0,6.0,6.0,6.0,6.0,6.0,6.0,6.0,6.0,6.0,6.0,6.0
real,120,gulf,8,LSTM-ms,2,buffer,2,92,60,0.4235551973290665,54.0,53.0,52.0,52.0,51.0,50.0,50.0,49.0,49.0,48.0,48.0,47.0,47.0,46.0,45.0,45.0,44.0,43.0,42.0,41.0
real,120,gulf,8,LSTM-ms,2,buffer,3,94,82,0.21335984583584708,69.0,68.0,67.0,66.0,65.0,65.0,64.0,63.0,62.0,61.0,60.0,60.0,59.0,58.0,58.0,57.0,56.0,56.0,55.0,54.0
real,120,gulf,8,LSTM-ms,2,buffer,4,108,510,0.17375165477961377,506.0,505.0,504.0,504.0,503.0,503.0,502.0,501.0,501.0,501.0,500.0,496.0,496.0,496.0,496.0,496.0,496.0,496.0,496.0,496.0
real,120,gulf,8,LSTM-ms,2,buffer,5,151,132,0.06535963470442184,124.0,123.0,122.0,122.0,121.0,120.0,119.0,119.0,119.0,119.0,119.0,119.0,119.0,119.0,119.0,119.0,119.0,119.0,119.0,119.0
real,120,gulf,8,LSTM-ms,2,buffer,6,276,27,0.2056234088772977,6.0,6.0,6.0,6.0,6.0,6.0,6.0,6.0,6.0,6.0,6.0,6.0,6.0,6.0,6.0,6.0,6.0,6.0,6.0,6.0
real,120,gulf,8,LSTM-ms,2,buffer,7,324,600,0.1993477235669077,582.0,581.0,580.0,579.0,578.0,577.0,576.0,575.0,574.0,572.0,572.0,572.0,571.0,571.0,569.0,569.0,569.0,569.0,569.0,568.0
real,120,gulf,8,LSTM-ms,2,buffer,8,327,661,0.09391636577513113,652.0,652.0,651.0,651.0,650.0,649.0,648.0,648.0,647.0,647.0,647.0,647.0,646.0,646.0,646.0,646.0,646.0,646.0,646.0,646.0
real,120,gulf,8,LSTM-ms,2,buffer,9,332,590,0.15738216149807072,583.0,582.0,581.0,580.0,579.0,579.0,578.0,577.0,576.0,576.0,575.0,574.0,574.0,573.0,572.0,572.0,570.0,565.0,565.0,563.0
real,120,gulf,8,LSTM-ms,2,buffer,10,337,30,0.17103813232102552,6.0,6.0,6.0,6.0,6.0,6.0,6.0,6.0,6.0,6.0,6.0,6.0,6.0,6.0,6.0,6.0,6.0,6.0,6.0,6.0
real,120,gulf,8,LSTM-ms,2,buffer,11,346,67,0.20179138006429215,60.0,59.0,59.0,58.0,57.0,56.0,56.0,55.0,54.0,53.0,53.0,53.0,52.0,52.0,51.0,50.0,50.0,49.0,48.0,48.0
real,120,gulf,8,LSTM-ms,2,buffer,12,365,38,0.3146077415982834,6.0,6.0,6.0,6.0,6.0,6.0,6.0,6.0,6.0,6.0,6.0,6.0,6.0,6.0,6.0,6.0,6.0,6.0,6.0,6.0
real,120,gulf,8,LSTM-ms,2,buffer,13,372,84,0.4584527507579535,78.0,77.0,76.0,75.0,75.0,74.0,73.0,73.0,72.0,72.0,71.0,71.0,71.0,70.0,69.0,69.0,69.0,68.0,68.0,68.0
real,120,gulf,8,LSTM-ms,2,buffer,14,383,151,0.24569448415343895,48.0,47.0,46.0,45.0,44.0,43.0,43.0,41.0,41.0,40.0,39.0,38.0,38.0,37.0,37.0,36.0,35.0,35.0,33.0,33.0
real,120,gulf,8,LSTM-ms,2,buffer,15,386,25,0.1593015992859229,6.0,6.0,6.0,6.0,6.0,6.0,6.0,6.0,6.0,6.0,6.0,6.0,6.0,6.0,6.0,6.0,6.0,6.0,6.0,6.0
real,120,gulf,8,LSTM-ms,2,buffer,16,435,74,0.31601892030546674,69.0,69.0,68.0,67.0,67.0,66.0,65.0,65.0,64.0,64.0,64.0,64.0,63.0,63.0,62.0,62.0,62.0,62.0,61.0,61.0
real,120,gulf,8,LSTM-ms,2,buffer,17,444,181,0.2089767543102783,172.0,171.0,170.0,169.0,168.0,167.0,166.0,165.0,165.0,164.0,163.0,162.0,162.0,161.0,160.0,160.0,159.0,158.0,157.0,157.0
real,120,gulf,8,LSTM-ms,2,buffer,18,458,237,0.25925038726184646,231.0,230.0,229.0,228.0,227.0,227.0,226.0,225.0,224.0,223.0,223.0,222.0,221.0,221.0,220.0,219.0,218.0,218.0,217.0,216.0
real,120,gulf,8,LSTM-ms,2,buffer,19,463,15,0.1662878112048255,6.0,6.0,6.0,6.0,6.0,6.0,6.0,6.0,6.0,6.0,6.0,6.0,6.0,6.0,6.0,6.0,6.0,6.0,6.0,6.0
real,120,gulf,8,LSTM-ms,2,buffer,20,465,202,0.22787405517687517,198.0,197.0,196.0,196.0,195.0,194.0,193.0,193.0,192.0,192.0,192.0,189.0,188.0,188.0,188.0,188.0,186.0,186.0,186.0,186.0
real,120,gulf,8,LSTM-ms,2,buffer,21,485,474,0.19252024613949348,462.0,461.0,460.0,460.0,459.0,458.0,457.0,457.0,456.0,455.0,92.0,92.0,29.0,28.0,28.0,26.0,26.0,26.0,26.0,26.0
real,120,gulf,8,LSTM-ms,2,crossing,0,1,13,0.16378500347566657,12.0,12.0,11.0,10.0,10.0,9.0,9.0,7.0,7.0,7.0,7.0,7.0,7.0,7.0,7.0,7.0,7.0,7.0,7.0,7.0
real,120,gulf,8,LSTM-ms,2,crossing,1,34,15,0.1619584483574689,14.0,13.0,12.0,11.0,11.0,10.0,9.0,8.0,7.0,6.0,6.0,6.0,6.0,6.0,6.0,6.0,6.0,6.0,6.0,6.0
real,120,gulf,8,LSTM-ms,2,crossing,2,92,60,0.4235551973290665,59.0,58.0,57.0,56.0,56.0,55.0,54.0,54.0,53.0,52.0,52.0,51.0,51.0,50.0,50.0,50.0,49.0,48.0,48.0,47.0
real,120,gulf,8,LSTM-ms,2,crossing,3,94,82,0.21335984583584708,81.0,80.0,79.0,78.0,78.0,77.0,76.0,75.0,74.0,74.0,73.0,72.0,71.0,71.0,70.0,70.0,69.0,68.0,67.0,67.0
real,120,gulf,8,LSTM-ms,2,crossing,4,108,510,0.17375165477961377,509.0,508.0,508.0,507.0,507.0,507.0,506.0,506.0,506.0,505.0,504.0,504.0,503.0,503.0,502.0,502.0,501.0,501.0,496.0,496.0
real,120,gulf,8,LSTM-ms,2,crossing,5,151,132,0.06535963470442184,131.0,130.0,129.0,128.0,127.0,126.0,125.0,124.0,124.0,123.0,122.0,122.0,122.0,121.0,121.0,121.0,119.0,119.0,119.0,119.0
real,120,gulf,8,LSTM-ms,2,crossing,6,276,27,0.2056234088772977,26.0,25.0,24.0,23.0,22.0,21.0,20.0,19.0,18.0,18.0,16.0,15.0,15.0,15.0,13.0,12.0,12.0,10.0,10.0,9.0
real,120,gulf,8,LSTM-ms,2,crossing,7,324,600,0.1993477235669077,599.0,598.0,597.0,596.0,595.0,595.0,594.0,593.0,592.0,591.0,590.0,590.0,589.0,588.0,587.0,587.0,586.0,586.0,584.0,584.0
real,120,gulf,8,LSTM-ms,2,crossing,8,327,661,0.09391636577513113,660.0,659.0,658.0,657.0,656.0,656.0,654.0,654.0,652.0,652.0,652.0,651.0,651.0,650.0,648.0,647.0,647.0,647.0,647.0,647.0
real,120,gulf,8,LSTM-ms,2,crossing,9,332,590,0.15738216149807072,590.0,588.0,586.0,585.0,585.0,584.0,583.0,583.0,582.0,582.0,582.0,581.0,581.0,581.0,580.0,579.0,578.0,578.0,577.0,577.0
real,120,gulf,8,LSTM-ms,2,crossing,10,337,30,0.17103813232102552,29.0,28.0,27.0,26.0,25.0,24.0,23.0,23.0,22.0,21.0,20.0,19.0,18.0,17.0,17.0,16.0,14.0,14.0,13.0,13.0
real,120,gulf,8,LSTM-ms,2,crossing,11,346,67,0.20179138006429215,64.0,63.0,63.0,62.0,62.0,61.0,60.0,60.0,59.0,59.0,58.0,57.0,57.0,56.0,56.0,55.0,54.0,54.0,53.0,53.0
real,120,gulf,8,LSTM-ms,2,crossing,12,365,38,0.3146077415982834,37.0,37.0,36.0,35.0,33.0,32.0,31.0,29.0,29.0,28.0,28.0,27.0,27.0,27.0,27.0,27.0,27.0,27.0,27.0,26.0
real,120,gulf,8,LSTM-ms,2,crossing,13,372,84,0.4584527507579535,82.0,82.0,81.0,80.0,79.0,79.0,78.0,78.0,77.0,76.0,76.0,75.0,75.0,74.0,74.0,73.0,73.0,72.0,72.0,72.0
real,120,gulf,8,LSTM-ms,2,crossing,14,383,151,0.24569448415343895,150.0,149.0,148.0,147.0,146.0,145.0,145.0,144.0,143.0,142.0,141.0,141.0,140.0,139.0,50.0,49.0,48.0,48.0,47.0,46.0
real,120,gulf,8,LSTM-ms,2,crossing,15,386,25,0.1593015992859229,24.0,23.0,23.0,22.0,22.0,21.0,20.0,20.0,19.0,14.0,14.0,14.0,14.0,14.0,14.0,14.0,14.0,14.0,14.0,14.0
real,120,gulf,8,LSTM-ms,2,crossing,16,435,74,0.31601892030546674,73.0,72.0,71.0,71.0,70.0,70.0,69.0,69.0,69.0,68.0,68.0,67.0,67.0,66.0,65.0,65.0,65.0,64.0,64.0,64.0
real,120,gulf,8,LSTM-ms,2,crossing,17,444,181,0.2089767543102783,181.0,180.0,179.0,178.0,177.0,176.0,171.0,170.0,169.0,168.0,168.0,167.0,166.0,165.0,165.0,164.0,163.0,162.0,162.0,161.0
real,120,gulf,8,LSTM-ms,2,crossing,18,458,237,0.25925038726184646,235.0,234.0,233.0,232.0,231.0,231.0,230.0,229.0,228.0,227.0,227.0,226.0,225.0,224.0,224.0,223.0,222.0,222.0,221.0,220.0
real,120,gulf,8,LSTM-ms,2,crossing,19,463,15,0.1662878112048255,15.0,14.0,14.0,14.0,13.0,13.0,12.0,12.0,12.0,12.0,11.0,11.0,11.0,11.0,10.0,7.0,7.0,7.0,7.0,6.0
real,120,gulf,8,LSTM-ms,2,crossing,20,465,202,0.22787405517687517,201.0,200.0,200.0,199.0,199.0,199.0,198.0,198.0,197.0,197.0,196.0,195.0,195.0,194.0,193.0,193.0,193.0,192.0,192.0,189.0
real,120,gulf,8,LSTM-ms,2,crossing,21,485,474,0.19252024613949348,473.0,472.0,471.0,470.0,469.0,469.0,468.0,467.0,466.0,466.0,465.0,464.0,464.0,463.0,463.0,462.0,461.0,461.0,460.0,459.0
real,120,gulf,8,LSTM-rec,3,buffer,0,1,13,0.16378500347566657,6.0,6.0,6.0,6.0,6.0,6.0,6.0,6.0,6.0,6.0,6.0,6.0,6.0,6.0,6.0,6.0,6.0,6.0,6.0,6.0
real,120,gulf,8,LSTM-rec,3,buffer,1,34,15,0.1619584483574689,6.0,6.0,6.0,6.0,6.0,6.0,6.0,6.0,6.0,6.0,6.0,6.0,6.0,6.0,6.0,6.0,6.0,6.0,6.0,6.0
real,120,gulf,8,LSTM-rec,3,buffer,2,92,60,0.4235551973290665,54.0,53.0,52.0,51.0,50.0,49.0,48.0,47.0,46.0,45.0,44.0,43.0,42.0,41.0,41.0,40.0,40.0,40.0,39.0,39.0
real,120,gulf,8,LSTM-rec,3,buffer,3,94,82,0.21335984583584708,69.0,68.0,67.0,66.0,65.0,63.0,62.0,61.0,59.0,58.0,57.0,56.0,54.0,53.0,51.0,50.0,48.0,47.0,46.0,45.0
real,120,gulf,8,LSTM-rec,3,buffer,4,108,510,0.17375165477961377,506.0,505.0,504.0,503.0,502.0,501.0,501.0,500.0,496.0,496.0,496.0,492.0,492.0,491.0,490.0,489.0,488.0,488.0,487.0,487.0
real,120,gulf,8,LSTM-rec,3,buffer,5,151,132,0.06535963470442184,124.0,123.0,122.0,121.0,119.0,119.0,119.0,119.0,119.0,119.0,119.0,119.0,119.0,119.0,119.0,119.0,118.0,118.0,118.0,118.0
real,120,gulf,8,LSTM-rec,3,buffer,6,276,27,0.2056234088772977,6.0,6.0,6.0,6.0,6.0,6.0,6.0,6.0,6.0,6.0,6.0,6.0,6.0,6.0,6.0,6.0,6.0,6.0,6.0,6.0
real,120,gulf,8,LSTM-rec,3,buffer,7,324,600,0.1993477235669077,582.0,581.0,580.0,579.0,577.0,575.0,574.0,572.0,571.0,569.0,569.0,568.0,566.0,563.0,562.0,547.0,545.0,543.0,542.0,540.0
real,120,gulf,8,LSTM-rec,3,buffer,8,327,661,0.09391636577513113,652.0,651.0,651.0,650.0,649.0,648.0,647.0,647.0,642.0,641.0,640.0,639.0,639.0,638.0,637.0,637.0,636.0,635.0,635.0,635.0
real,120,gulf,8,LSTM-rec,3,buffer,9,332,590,0.15738216149807072,583.0,582.0,581.0,580.0,579.0,578.0,577.0,576.0,576.0,574.0,574.0,572.0,570.0,570.0,565.0,563.0,562.0,562.0,560.0,560.0
real,120,gulf,8,LSTM-rec,3,buffer,10,337,30,0.17103813232102552,6.0,6.0,6.0,6.0,6.0,6.0,6.0,6.0,6.0,6.0,6.0,6.0,6.0,6.0,6.0,6.0,6.0,6.0,6.0,6.0
real,120,gulf,8,LSTM-rec,3,buffer,11,346,67,0.20179138006429215,60.0,59.0,59.0,58.0,57.0,56.0,55.0,54.0,53.0,51.0,48.0,47.0,46.0,45.0,44.0,43.0,42.0,42.0,41.0,41.0
real,120,gulf,8,LSTM-rec,3,buffer,12,365,38,0.3146077415982834,6.0,6.0,6.0,6.0,6.0,6.0,6.0,6.0,6.0,6.0,6.0,6.0,6.0,6.0,6.0,6.0,6.0,6.0,6.0,6.0
real,120,gulf,8,LSTM-rec,3,buffer,13,372,84,0.4584527507579535,78.0,77.0,76.0,75.0,74.0,73.0,72.0,71.0,69.0,68.0,65.0,64.0,64.0,63.0,62.0,61.0,60.0,59.0,59.0,59.0
real,120,gulf,8,LSTM-rec,3,buffer,14,383,151,0.24569448415343895,48.0,47.0,46.0,45.0,43.0,42.0,41.0,40.0,38.0,37.0,36.0,35.0,33.0,31.0,30.0,28.0,27.0,25.0,23.0,22.0
real,120,gulf,8,LSTM-rec,3,buffer,15,386,25,0.1593015992859229,6.0,6.0,6.0,6.0,6.0,6.0,6.0,6.0,6.0,6.0,6.0,6.0,6.0,6.0,6.0,6.0,6.0,6.0,6.0,6.0
real,120,gulf,8,LSTM-rec,3,buffer,16,435,74,0.31601892030546674,69.0,68.0,68.0,67.0,66.0,65.0,64.0,64.0,59.0,58.0,57.0,56.0,55.0,54.0,54.0,53.0,52.0,52.0,51.0,51.0
real,120,gulf,8,LSTM-rec,3,buffer,17,444,181,0.2089767543102783,172.0,171.0,170.0,169.0,168.0,167.0,166.0,165.0,164.0,163.0,162.0,161.0,160.0,159.0,158.0,157.0,156.0,155.0,155.0,154.0
real,120,gulf,8,LSTM-rec,3,buffer,18,458,237,0.25925038726184646,231.0,230.0,229.0,228.0,227.0,226.0,225.0,224.0,223.0,222.0,221.0,221.0,219.0,218.0,217.0,215.0,215.0,214.0,212.0,212.0
real,120,gulf,8,LSTM-rec,3,buffer,19,463,15,0.1662878112048255,6.0,6.0,6.0,6.0,6.0,6.0,6.0,6.0,6.0,6.0,6.0,6.0,6.0,6.0,6.0,6.0,6.0,6.0,6.0,6.0
real,120,gulf,8,LSTM-rec,3,buffer,20,465,202,0.22787405517687517,198.0,197.0,196.0,195.0,195.0,193.0,193.0,192.0,191.0,188.0,188.0,188.0,188.0,182.0,182.0,180.0,180.0,178.0,178.0,178.0
real,120,gulf,8,LSTM-rec,3,buffer,21,485,474,0.19252024613949348,462.0,461.0,460.0,459.0,458.0,457.0,456.0,454.0,92.0,28.0,26.0,26.0,26.0,25.0,25.0,16.0,14.0,12.0,11.0,9.0
real,120,gulf,8,LSTM-rec,3,crossing,0,1,13,0.16378500347566657,12.0,11.0,10.0,9.0,9.0,7.0,7.0,7.0,7.0,7.0,7.0,6.0,6.0,6.0,6.0,6.0,6.0,6.0,6.0,6.0
real,120,gulf,8,LSTM-rec,3,crossing,1,34,15,0.1619584483574689,14.0,13.0,12.0,11.0,9.0,8.0,6.0,6.0,6.0,6.0,6.0,6.0,6.0,6.0,6.0,6.0,6.0,6.0,6.0,6.0
real,120,gulf,8,LSTM-rec,3,crossing,2,92,60,0.4235551973290665,59.0,58.0,57.0,55.0,55.0,54.0,53.0,52.0,51.0,50.0,50.0,48.0,48.0,47.0,45.0,44.0,43.0,42.0,42.0,41.0
real,120,gulf,8,LSTM-rec,3,crossing,3,94,82,0.21335984583584708,81.0,80.0,79.0,78.0,77.0,76.0,74.0,73.0,72.0,71.0,69.0,68.0,67.0,66.0,65.0,63.0,62.0,60.0,59.0,57.0
real,120,gulf,8,LSTM-rec,3,crossing,4,108,510,0.17375165477961377,509.0,508.0,507.0,506.0,506.0,505.0,504.0,504.0,503.0,502.0,501.0,501.0,500.0,496.0,496.0,493.0,492.0,491.0,490.0,489.0
real,120,gulf,8,LSTM-rec,3,crossing,5,151,132,0.06535963470442184,131.0,130.0,129.0,128.0,127.0,126.0,125.0,124.0,123.0,122.0,119.0,119.0,119.0,119.0,119.0,119.0,119.0,119.0,119.0,119.0
real,120,gulf,8,LSTM-rec,3,crossing,6,276,27,0.2056234088772977,26.0,25.0,24.0,23.0,21.0,20.0,18.0,17.0,15.0,13.0,12.0,10.0,9.0,6.0,6.0,6.0,6.0,6.0,6.0,6.0
real,120,gulf,8,LSTM-rec,3,crossing,7,324,600,0.1993477235669077,599.0,598.0,597.0,596.0,595.0,594.0,592.0,591.0,590.0,587.0,586.0,584.0,584.0,583.0,581.0,579.0,577.0,575.0,572.0,569.0
real,120,gulf,8,LSTM-rec,3,crossing,8,327,661,0.09391636577513113,660.0,659.0,658.0,657.0,652.0,652.0,651.0,650.0,649.0,649.0,648.0,647.0,642.0,641.0,640.0,639.0,639.0,638.0,638.0,637.0
real,120,gulf,8,LSTM-rec,3,crossing,9,332,590,0.15738216149807072,590.0,589.0,586.0,585.0,584.0,583.0,583.0,582.0,582.0,581.0,581.0,580.0,579.0,578.0,577.0,576.0,574.0,574.0,572.0,572.0
real,120,gulf,8,LSTM-rec,3,crossing,10,337,30,0.17103813232102552,29.0,28.0,27.0,25.0,24.0,23.0,21.0,20.0,13.0,13.0,13.0,13.0,13.0,13.0,12.0,12.0,12.0,12.0,12.0,12.0
real,120,gulf,8,LSTM-rec,3,crossing,11,346,67,0.20179138006429215,65.0,63.0,62.0,62.0,61.0,60.0,60.0,59.0,58.0,57.0,57.0,56.0,55.0,54.0,48.0,47.0,47.0,46.0,44.0,43.0
real,120,gulf,8,LSTM-rec,3,crossing,12,365,38,0.3146077415982834,37.0,36.0,35.0,33.0,32.0,30.0,29.0,28.0,27.0,27.0,27.0,6.0,6.0,6.0,6.0,6.0,6.0,6.0,6.0,6.0
real,120,gulf,8,LSTM-rec,3,crossing,13,372,84,0.4584527507579535,82.0,81.0,80.0,79.0,79.0,78.0,77.0,76.0,75.0,75.0,73.0,72.0,72.0,69.0,66.0,65.0,64.0,63.0,62.0,62.0
real,120,gulf,8,LSTM-rec,3,crossing,14,383,151,0.24569448415343895,150.0,149.0,148.0,147.0,145.0,144.0,143.0,142.0,141.0,139.0,49.0,48.0,46.0,45.0,43.0,42.0,40.0,39.0,37.0,36.0
real,120,gulf,8,LSTM-rec,3,crossing,15,386,25,0.1593015992859229,24.0,23.0,22.0,22.0,21.0,14.0,14.0,14.0,14.0,14.0,14.0,14.0,14.0,14.0,14.0,14.0,14.0,14.0,14.0,14.0
real,120,gulf,8,LSTM-rec,3,crossing,16,435,74,0.31601892030546674,73.0,72.0,71.0,70.0,69.0,69.0,68.0,68.0,67.0,66.0,65.0,65.0,64.0,58.0,57.0,56.0,55.0,54.0,54.0,53.0
real,120,gulf,8,LSTM-rec,3,crossing,17,444,181,0.2089767543102783,181.0,180.0,179.0,178.0,176.0,175.0,170.0,169.0,168.0,167.0,166.0,165.0,164.0,164.0,162.0,161.0,160.0,159.0,158.0,157.0
real,120,gulf,8,LSTM-rec,3,crossing,18,458,237,0.25925038726184646,235.0,234.0,233.0,232.0,231.0,230.0,229.0,228.0,227.0,226.0,225.0,224.0,223.0,222.0,221.0,221.0,220.0,218.0,217.0,215.0
real,120,gulf,8,LSTM-rec,3,crossing,19,463,15,0.1662878112048255,14.0,14.0,14.0,13.0,12.0,11.0,9.0,7.0,6.0,6.0,6.0,6.0,6.0,6.0,6.0,6.0,6.0,6.0,6.0,6.0
real,120,gulf,8,LSTM-rec,3,crossing,20,465,202,0.22787405517687517,201.0,200.0,200.0,199.0,198.0,197.0,197.0,196.0,195.0,195.0,194.0,193.0,193.0,192.0,188.0,188.0,188.0,188.0,182.0,181.0
real,120,gulf,8,LSTM-rec,3,crossing,21,485,474,0.19252024613949348,473.0,472.0,471.0,470.0,469.0,467.0,466.0,465.0,464.0,463.0,462.0,461.0,459.0,458.0,457.0,92.0,92.0,92.0,28.0,26.0
real,120,gulf,8,LSTM-ms,3,buffer,0,1,13,0.16378500347566657,6.0,6.0,6.0,6.0,6.0,6.0,6.0,6.0,6.0,6.0,6.0,6.0,6.0,6.0,6.0,6.0,6.0,6.0,6.0,6.0
real,120,gulf,8,LSTM-ms,3,buffer,1,34,15,0.1619584483574689,6.0,6.0,6.0,6.0,6.0,6.0,6.0,6.0,6.0,6.0,6.0,6.0,6.0,6.0,6.0,6.0,6.0,6.0,6.0,6.0
real,120,gulf,8,LSTM-ms,3,buffer,2,92,60,0.4235551973290665,54.0,53.0,52.0,51.0,51.0,50.0,49.0,48.0,47.0,46.0,45.0,44.0,43.0,42.0,42.0,41.0,41.0,41.0,40.0,40.0
real,120,gulf,8,LSTM-ms,3,buffer,3,94,82,0.21335984583584708,69.0,68.0,67.0,66.0,66.0,65.0,64.0,63.0,62.0,61.0,60.0,59.0,58.0,57.0,56.0,56.0,55.0,54.0,53.0,53.0
real,120,gulf,8,LSTM-ms,3,buffer,4,108,510,0.17375165477961377,506.0,505.0,504.0,503.0,503.0,502.0,501.0,501.0,500.0,498.0,498.0,494.0,493.0,492.0,491.0,490.0,490.0,489.0,488.0,488.0
real,120,gulf,8,LSTM-ms,3,buffer,5,151,132,0.06535963470442184,124.0,123.0,123.0,122.0,121.0,120.0,120.0,119.0,119.0,119.0,119.0,119.0,119.0,119.0,119.0,119.0,119.0,119.0,119.0,119.0
real,120,gulf,8,LSTM-ms,3,buffer,6,276,27,0.2056234088772977,6.0,6.0,6.0,6.0,6.0,6.0,6.0,6.0,6.0,6.0,6.0,6.0,6.0,6.0,6.0,6.0,6.0,6.0,6.0,6.0
real,120,gulf,8,LSTM-ms,3,buffer,7,324,600,0.1993477235669077,582.0,581.0,580.0,579.0,579.0,577.0,576.0,575.0,574.0,572.0,572.0,571.0,569.0,569.0,569.0,569.0,568.0,568.0,568.0,568.0
real,120,gulf,8,LSTM-ms,3,buffer,8,327,661,0.09391636577513113,652.0,652.0,651.0,650.0,649.0,649.0,648.0,647.0,647.0,642.0,641.0,640.0,640.0,639.0,638.0,638.0,637.0,637.0,636.0,636.0
real,120,gulf,8,LSTM-ms,3,buffer,9,332,590,0.15738216149807072,583.0,582.0,581.0,580.0,579.0,579.0,578.0,577.0,576.0,575.0,574.0,574.0,572.0,572.0,570.0,570.0,565.0,563.0,563.0,562.0
real,120,gulf,8,LSTM-ms,3,buffer,10,337,30,0.17103813232102552,6.0,6.0,6.0,6.0,6.0,6.0,6.0,6.0,6.0,6.0,6.0,6.0,6.0,6.0,6.0,6.0,6.0,6.0,6.0,6.0
real,120,gulf,8,LSTM-ms,3,buffer,11,346,67,0.20179138006429215,60.0,60.0,59.0,58.0,57.0,56.0,56.0,55.0,54.0,53.0,48.0,48.0,47.0,46.0,45.0,44.0,43.0,43.0,42.0,42.0
real,120,gulf,8,LSTM-ms,3,buffer,12,365,38,0.3146077415982834,6.0,6.0,6.0,6.0,6.0,6.0,6.0,6.0,6.0,6.0,6.0,6.0,6.0,6.0,6.0,6.0,6.0,6.0,6.0,6.0
real,120,gulf,8,LSTM-ms,3,buffer,13,372,84,0.4584527507579535,78.0,77.0,76.0,75.0,75.0,74.0,73.0,72.0,71.0,69.0,66.0,65.0,65.0,64.0,63.0,62.0,62.0,61.0,60.0,60.0
real,120,gulf,8,LSTM-ms,3,buffer,14,383,151,0.24569448415343895,48.0,47.0,46.0,45.0,44.0,43.0,43.0,41.0,41.0,40.0,39.0,38.0,37.0,37.0,35.0,35.0,33.0,33.0,33.0,32.0
real,120,gulf,8,LSTM-ms,3,buffer,15,386,25,0.1593015992859229,6.0,6.0,6.0,6.0,6.0,6.0,6.0,6.0,6.0,6.0,6.0,6.0,6.0,6.0,6.0,6.0,6.0,6.0,6.0,6.0
real,120,gulf,8,LSTM-ms,3,buffer,16,435,74,0.31601892030546674,69.0,69.0,68.0,67.0,66.0,65.0,65.0,64.0,63.0,59.0,58.0,57.0,56.0,55.0,55.0,54.0,54.0,53.0,52.0,52.0
real,120,gulf,8,LSTM-ms,3,buffer,17,444,181,0.2089767543102783,172.0,171.0,170.0,169.0,168.0,167.0,166.0,165.0,164.0,163.0,162.0,162.0,161.0,160.0,159.0,158.0,157.0,156.0,156.0,155.0
real,120,gulf,8,LSTM-ms,3,buffer,18,458,237,0.25925038726184646,231.0,230.0,229.0,228.0,227.0,226.0,225.0,225.0,224.0,223.0,222.0,221.0,220.0,219.0,218.0,217.0,216.0,215.0,215.0,214.0
real,120,gulf,8,LSTM-ms,3,buffer,19,463,15,0.1662878112048255,6.0,6.0,6.0,6.0,6.0,6.0,6.0,6.0,6.0,6.0,6.0,6.0,6.0,6.0,6.0,6.0,6.0,6.0,6.0,6.0
real,120,gulf,8,LSTM-ms,3,buffer,20,465,202,0.22787405517687517,198.0,197.0,196.0,195.0,195.0,194.0,193.0,193.0,192.0,191.0,191.0,189.0,189.0,183.0,182.0,182.0,181.0,180.0,180.0,179.0
real,120,gulf,8,LSTM-ms,3,buffer,21,485,474,0.19252024613949348,462.0,461.0,460.0,459.0,459.0,458.0,457.0,456.0,455.0,92.0,92.0,29.0,28.0,26.0,26.0,26.0,26.0,26.0,26.0,26.0
real,120,gulf,8,LSTM-ms,3,crossing,0,1,13,0.16378500347566657,12.0,12.0,11.0,10.0,9.0,9.0,7.0,7.0,7.0,7.0,7.0,7.0,7.0,7.0,7.0,7.0,7.0,7.0,6.0,6.0
real,120,gulf,8,LSTM-ms,3,crossing,1,34,15,0.1619584483574689,14.0,14.0,12.0,11.0,10.0,10.0,8.0,7.0,6.0,6.0,6.0,6.0,6.0,6.0,6.0,6.0,6.0,6.0,6.0,6.0
real,120,gulf,8,LSTM-ms,3,crossing,2,92,60,0.4235551973290665,59.0,58.0,57.0,56.0,55.0,54.0,54.0,53.0,52.0,51.0,50.0,50.0,49.0,48.0,47.0,46.0,45.0,44.0,43.0,42.0
real,120,gulf,8,LSTM-ms,3,crossing,3,94,82,0.21335984583584708,81.0,80.0,79.0,78.0,78.0,77.0,76.0,75.0,74.0,73.0,72.0,71.0,71.0,70.0,69.0,69.0,67.0,67.0,67.0,66.0
real,120,gulf,8,LSTM-ms,3,crossing,4,108,510,0.17375165477961377,509.0,508.0,507.0,507.0,506.0,506.0,505.0,504.0,504.0,503.0,502.0,502.0,501.0,501.0,500.0,499.0,496.0,492.0,492.0,491.0
real,120,gulf,8,LSTM-ms,3,crossing,5,151,132,0.06535963470442184,131.0,130.0,129.0,128.0,127.0,126.0,125.0,125.0,124.0,123.0,122.0,122.0,121.0,121.0,121.0,120.0,120.0,120.0,120.0,119.0
real,120,gulf,8,LSTM-ms,3,crossing,6,276,27,0.2056234088772977,27.0,26.0,24.0,24.0,23.0,22.0,21.0,20.0,18.0,18.0,15.0,15.0,15.0,13.0,12.0,12.0,10.0,9.0,9.0,6.0
real,120,gulf,8,LSTM-ms,3,crossing,7,324,600,0.1993477235669077,599.0,598.0,598.0,596.0,596.0,595.0,594.0,594.0,592.0,591.0,590.0,589.0,588.0,587.0,586.0,586.0,586.0,584.0,584.0,584.0
real,120,gulf,8,LSTM-ms,3,crossing,8,327,661,0.09391636577513113,660.0,659.0,658.0,657.0,652.0,652.0,652.0,651.0,650.0,650.0,649.0,649.0,648.0,642.0,641.0,641.0,640.0,639.0,639.0,638.0
real,120,gulf,8,LSTM-ms,3,crossing,9,332,590,0.15738216149807072,590.0,589.0,586.0,585.0,585.0,584.0,583.0,582.0,582.0,582.0,581.0,581.0,580.0,579.0,579.0,578.0,577.0,577.0,576.0,576.0
real,120,gulf,8,LSTM-ms,3,crossing,10,337,30,0.17103813232102552,29.0,28.0,27.0,27.0,25.0,24.0,24.0,23.0,22.0,21.0,13.0,13.0,13.0,13.0,13.0,13.0,13.0,13.0,13.0,13.0
real,120,gulf,8,LSTM-ms,3,crossing,11,346,67,0.20179138006429215,65.0,63.0,62.0,61.0,61.0,60.0,60.0,60.0,59.0,58.0,58.0,57.0,56.0,56.0,55.0,48.0,48.0,47.0,47.0,45.0
real,120,gulf,8,LSTM-ms,3,crossing,12,365,38,0.3146077415982834,37.0,37.0,36.0,35.0,33.0,32.0,30.0,29.0,28.0,28.0,27.0,27.0,27.0,27.0,26.0,26.0,26.0,26.0,26.0,26.0
real,120,gulf,8,LSTM-ms,3,crossing,13,372,84,0.4584527507579535,83.0,81.0,80.0,80.0,79.0,78.0,78.0,77.0,76.0,75.0,75.0,74.0,73.0,72.0,72.0,66.0,65.0,64.0,64.0,63.0
real,120,gulf,8,LSTM-ms,3,crossing,14,383,151,0.24569448415343895,150.0,149.0,148.0,147.0,146.0,145.0,145.0,143.0,143.0,141.0,141.0,140.0,139.0,50.0,48.0,48.0,48.0,46.0,46.0,45.0
real,120,gulf,8,LSTM-ms,3,crossing,15,386,25,0.1593015992859229,24.0,23.0,23.0,22.0,21.0,20.0,20.0,19.0,18.0,14.0,14.0,14.0,14.0,14.0,14.0,14.0,14.0,14.0,14.0,14.0
real,120,gulf,8,LSTM-ms,3,crossing,16,435,74,0.31601892030546674,73.0,72.0,71.0,70.0,69.0,69.0,69.0,68.0,68.0,67.0,66.0,66.0,65.0,65.0,58.0,57.0,57.0,56.0,55.0,55.0
real,120,gulf,8,LSTM-ms,3,crossing,17,444,181,0.2089767543102783,181.0,180.0,179.0,178.0,177.0,176.0,171.0,170.0,169.0,168.0,167.0,166.0,165.0,165.0,164.0,162.0,162.0,161.0,160.0,159.0
real,120,gulf,8,LSTM-ms,3,crossing,18,458,237,0.25925038726184646,235.0,234.0,233.0,232.0,231.0,230.0,229.0,229.0,228.0,227.0,226.0,225.0,224.0,223.0,223.0,222.0,221.0,220.0,219.0,218.0
real,120,gulf,8,LSTM-ms,3,crossing,19,463,15,0.1662878112048255,14.0,14.0,14.0,14.0,13.0,13.0,12.0,12.0,11.0,11.0,6.0,6.0,6.0,6.0,6.0,6.0,6.0,6.0,6.0,6.0
real,120,gulf,8,LSTM-ms,3,crossing,20,465,202,0.22787405517687517,201.0,200.0,199.0,199.0,198.0,198.0,197.0,196.0,196.0,195.0,195.0,194.0,194.0,193.0,193.0,192.0,192.0,189.0,189.0,183.0
real,120,gulf,8,LSTM-ms,3,crossing,21,485,474,0.19252024613949348,473.0,472.0,471.0,470.0,469.0,468.0,467.0,466.0,466.0,465.0,464.0,463.0,462.0,462.0,461.0,460.0,459.0,459.0,458.0,457.0
real,120,gulf,8,LSTM-rec,4,buffer,0,1,13,0.16378500347566657,6.0,6.0,6.0,6.0,6.0,6.0,6.0,6.0,6.0,6.0,6.0,6.0,6.0,6.0,6.0,6.0,6.0,6.0,6.0,6.0
real,120,gulf,8,LSTM-rec,4,buffer,1,34,15,0.1619584483574689,6.0,6.0,6.0,6.0,6.0,6.0,6.0,6.0,6.0,6.0,6.0,6.0,6.0,6.0,6.0,6.0,6.0,6.0,6.0,6.0
real,120,gulf,8,LSTM-rec,4,buffer,2,92,60,0.4235551973290665,54.0,53.0,53.0,52.0,51.0,51.0,50.0,50.0,49.0,49.0,48.0,48.0,48.0,48.0,48.0,48.0,48.0,48.0,48.0,48.0
real,120,gulf,8,LSTM-rec,4,buffer,3,94,82,0.21335984583584708,69.0,68.0,67.0,67.0,67.0,66.0,66.0,66.0,66.0,65.0,65.0,65.0,65.0,65.0,65.0,65.0,65.0,65.0,65.0,65.0
real,120,gulf,8,LSTM-rec,4,buffer,4,108,510,0.17375165477961377,506.0,505.0,504.0,503.0,503.0,502.0,502.0,501.0,501.0,501.0,501.0,500.0,500.0,500.0,500.0,500.0,500.0,496.0,496.0,496.0
real,120,gulf,8,LSTM-rec,4,buffer,5,151,132,0.06535963470442184,124.0,123.0,123.0,122.0,121.0,121.0,119.0,119.0,119.0,119.0,119.0,119.0,119.0,119.0,119.0,119.0,119.0,119.0,119.0,119.0
real,120,gulf,8,LSTM-rec,4,buffer,6,276,27,0.2056234088772977,6.0,6.0,6.0,6.0,6.0,6.0,6.0,6.0,6.0,6.0,6.0,6.0,6.0,6.0,6.0,6.0,6.0,6.0,6.0,6.0
real,120,gulf,8,LSTM-rec,4,buffer,7,324,600,0.1993477235669077,582.0,582.0,581.0,581.0,580.0,580.0,580.0,580.0,580.0,580.0,580.0,580.0,580.0,580.0,580.0,580.0,580.0,580.0,580.0,580.0
real,120,gulf,8,LSTM-rec,4,buffer,8,327,661,0.09391636577513113,652.0,652.0,651.0,650.0,649.0,649.0,648.0,648.0,648.0,647.0,647.0,647.0,642.0,642.0,641.0,641.0,641.0,641.0,641.0,641.0
real,120,gulf,8,LSTM-rec,4,buffer,9,332,590,0.15738216149807072,583.0,582.0,581.0,581.0,581.0,580.0,580.0,579.0,579.0,579.0,579.0,579.0,579.0,579.0,579.0,579.0,579.0,579.0,579.0,579.0
real,120,gulf,8,LSTM-rec,4,buffer,10,337,30,0.17103813232102552,6.0,6.0,6.0,6.0,6.0,6.0,6.0,6.0,6.0,6.0,6.0,6.0,6.0,6.0,6.0,6.0,6.0,6.0,6.0,6.0
real,120,gulf,8,LSTM-rec,4,buffer,11,346,67,0.20179138006429215,60.0,60.0,59.0,58.0,58.0,57.0,57.0,56.0,56.0,56.0,55.0,55.0,55.0,55.0,55.0,55.0,55.0,55.0,55.0,55.0
real,120,gulf,8,LSTM-rec,4,buffer,12,365,38,0.3146077415982834,6.0,6.0,6.0,6.0,6.0,6.0,6.0,6.0,6.0,6.0,6.0,6.0,6.0,6.0,6.0,6.0,6.0,6.0,6.0,6.0
real,120,gulf,8,LSTM-rec,4,buffer,13,372,84,0.4584527507579535,78.0,77.0,76.0,75.0,75.0,74.0,73.0,73.0,73.0,72.0,72.0,72.0,72.0,72.0,72.0,71.0,71.0,69.0,69.0,69.0
real,120,gulf,8,LSTM-rec,4,buffer,14,383,151,0.24569448415343895,48.0,47.0,47.0,46.0,46.0,45.0,45.0,44.0,44.0,44.0,44.0,44.0,44.0,44.0,44.0,44.0,44.0,44.0,44.0,44.0
real,120,gulf,8,LSTM-rec,4,buffer,15,386,25,0.1593015992859229,6.0,6.0,6.0,6.0,6.0,6.0,6.0,6.0,6.0,6.0,6.0,6.0,6.0,6.0,6.0,6.0,6.0,6.0,6.0,6.0
real,120,gulf,8,LSTM-rec,4,buffer,16,435,74,0.31601892030546674,69.0,69.0,68.0,67.0,67.0,66.0,65.0,65.0,65.0,64.0,64.0,64.0,64.0,64.0,64.0,64.0,59.0,59.0,59.0,57.0
real,120,gulf,8,LSTM-rec,4,buffer,17,444,181,0.2089767543102783,173.0,171.0,170.0,169.0,169.0,168.0,168.0,167.0,167.0,166.0,166.0,165.0,165.0,165.0,164.0,164.0,164.0,164.0,164.0,164.0
real,120,gulf,8,LSTM-rec,4,buffer,18,458,237,0.25925038726184646,231.0,230.0,229.0,229.0,228.0,227.0,227.0,226.0,225.0,225.0,224.0,224.0,224.0,223.0,223.0,223.0,223.0,222.0,222.0,222.0
real,120,gulf,8,LSTM-rec,4,buffer,19,463,15,0.1662878112048255,6.0,6.0,6.0,6.0,6.0,6.0,6.0,6.0,6.0,6.0,6.0,6.0,6.0,6.0,6.0,6.0,6.0,6.0,6.0,6.0
real,120,gulf,8,LSTM-rec,4,buffer,20,465,202,0.22787405517687517,198.0,197.0,196.0,195.0,195.0,195.0,194.0,193.0,193.0,193.0,193.0,193.0,193.0,193.0,193.0,193.0,193.0,193.0,193.0,193.0
real,120,gulf,8,LSTM-rec,4,buffer,21,485,474,0.19252024613949348,462.0,461.0,461.0,460.0,459.0,459.0,459.0,458.0,458.0,458.0,457.0,457.0,457.0,457.0,457.0,457.0,457.0,457.0,457.0,457.0
real,120,gulf,8,LSTM-rec,4,crossing,0,1,13,0.16378500347566657,12.0,12.0,11.0,10.0,10.0,10.0,10.0,9.0,9.0,7.0,7.0,7.0,7.0,7.0,7.0,7.0,7.0,7.0,7.0,7.0
real,120,gulf,8,LSTM-rec,4,crossing,1,34,15,0.1619584483574689,14.0,14.0,12.0,12.0,11.0,11.0,11.0,11.0,11.0,11.0,11.0,11.0,11.0,11.0,11.0,11.0,11.0,11.0,11.0,11.0
real,120,gulf,8,LSTM-rec,4,crossing,2,92,60,0.4235551973290665,59.0,58.0,57.0,56.0,55.0,55.0,54.0,54.0,54.0,54.0,53.0,53.0,53.0,53.0,52.0,52.0,52.0,52.0,52.0,52.0
real,120,gulf,8,LSTM-rec,4,crossing,3,94,82,0.21335984583584708,81.0,80.0,80.0,79.0,79.0,78.0,78.0,78.0,77.0,77.0,77.0,77.0,77.0,77.0,77.0,77.0,77.0,77.0,77.0,77.0
real,120,gulf,8,LSTM-rec,4,crossing,4,108,510,0.17375165477961377,509.0,508.0,507.0,507.0,506.0,506.0,505.0,505.0,505.0,504.0,504.0,504.0,504.0,503.0,503.0,503.0,503.0,503.0,503.0,503.0
real,120,gulf,8,LSTM-rec,4,crossing,5,151,132,0.06535963470442184,131.0,130.0,129.0,128.0,128.0,127.0,127.0,127.0,126.0,126.0,126.0,126.0,126.0,125.0,125.0,125.0,125.0,125.0,125.0,125.0
real,120,gulf,8,LSTM-rec,4,crossing,6,276,27,0.2056234088772977,27.0,26.0,25.0,24.0,24.0,24.0,24.0,24.0,24.0,24.0,24.0,24.0,24.0,24.0,24.0,24.0,24.0,24.0,24.0,24.0
real,120,gulf,8,LSTM-rec,4,crossing,7,324,600,0.1993477235669077,599.0,599.0,598.0,597.0,597.0,596.0,596.0,596.0,596.0,596.0,596.0,596.0,596.0,596.0,596.0,596.0,596.0,596.0,596.0,596.0
real,120,gulf,8,LSTM-rec,4,crossing,8,327,661,0.09391636577513113,660.0,659.0,658.0,658.0,657.0,652.0,652.0,652.0,651.0,651.0,650.0,650.0,650.0,650.0,649.0,649.0,649.0,649.0,649.0,649.0
real,120,gulf,8,LSTM-rec,4,crossing,9,332,590,0.15738216149807072,590.0,589.0,587.0,586.0,585.0,585.0,585.0,584.0,584.0,583.0,583.0,583.0,583.0,583.0,583.0,583.0,583.0,583.0,583.0,583.0
real,120,gulf,8,LSTM-rec,4,crossing,10,337,30,0.17103813232102552,29.0,29.0,28.0,28.0,27.0,27.0,27.0,27.0,27.0,27.0,27.0,27.0,27.0,27.0,27.0,27.0,27.0,27.0,27.0,27.0
real,120,gulf,8,LSTM-rec,4,crossing,11,346,67,0.20179138006429215,65.0,64.0,63.0,62.0,61.0,61.0,60.0,60.0,60.0,60.0,60.0,59.0,59.0,59.0,59.0,59.0,59.0,59.0,59.0,59.0
real,120,gulf,8,LSTM-rec,4,crossing,12,365,38,0.3146077415982834,37.0,37.0,36.0,36.0,35.0,35.0,33.0,33.0,33.0,33.0,33.0,33.0,33.0,33.0,33.0,33.0,33.0,33.0,33.0,33.0
real,120,gulf,8,LSTM-rec,4,crossing,13,372,84,0.4584527507579535,83.0,81.0,80.0,80.0,79.0,79.0,78.0,78.0,78.0,77.0,77.0,76.0,76.0,76.0,76.0,76.0,75.0,75.0,75.0,75.0
real,120,gulf,8,LSTM-rec,4,crossing,14,383,151,0.24569448415343895,150.0,149.0,148.0,148.0,147.0,147.0,147.0,146.0,146.0,146.0,146.0,146.0,146.0,146.0,146.0,146.0,146.0,146.0,146.0,146.0
real,120,gulf,8,LSTM-rec,4,crossing,15,386,25,0.1593015992859229,24.0,24.0,23.0,22.0,22.0,22.0,22.0,21.0,14.0,14.0,14.0,14.0,14.0,14.0,14.0,14.0,14.0,14.0,14.0,14.0
real,120,gulf,8,LSTM-rec,4,crossing,16,435,74,0.31601892030546674,73.0,72.0,71.0,70.0,70.0,69.0,69.0,69.0,69.0,68.0,68.0,68.0,68.0,68.0,68.0,68.0,68.0,68.0,68.0,68.0
real,120,gulf,8,LSTM-rec,4,crossing,17,444,181,0.2089767543102783,181.0,180.0,179.0,178.0,178.0,177.0,177.0,176.0,176.0,170.0,170.0,170.0,169.0,169.0,169.0,169.0,169.0,168.0,168.0,168.0
real,120,gulf,8,LSTM-rec,4,crossing,18,458,237,0.25925038726184646,235.0,234.0,233.0,233.0,232.0,231.0,231.0,230.0,229.0,229.0,229.0,228.0,228.0,227.0,227.0,227.0,226.0,226.0,226.0,226.0
real,120,gulf,8,LSTM-rec,4,crossing,19,463,15,0.1662878112048255,14.0,14.0,14.0,14.0,14.0,14.0,14.0,14.0,14.0,14.0,14.0,14.0,14.0,14.0,14.0,14.0,14.0,14.0,14.0,14.0
real,120,gulf,8,LSTM-rec,4,crossing,20,465,202,0.22787405517687517,201.0,201.0,200.0,199.0,198.0,198.0,198.0,197.0,197.0,197.0,196.0,196.0,196.0,195.0,195.0,195.0,195.0,195.0,195.0,195.0
real,120,gulf,8,LSTM-rec,4,crossing,21,485,474,0.19252024613949348,473.0,472.0,471.0,471.0,470.0,470.0,469.0,469.0,469.0,468.0,468.0,468.0,468.0,468.0,468.0,468.0,468.0,468.0,468.0,468.0
real,120,gulf,8,LSTM-ms,4,buffer,0,1,13,0.16378500347566657,6.0,6.0,6.0,6.0,6.0,6.0,6.0,6.0,6.0,6.0,6.0,6.0,6.0,6.0,6.0,6.0,6.0,6.0,6.0,6.0
real,120,gulf,8,LSTM-ms,4,buffer,1,34,15,0.1619584483574689,6.0,6.0,6.0,6.0,6.0,6.0,6.0,6.0,6.0,6.0,6.0,6.0,6.0,6.0,6.0,6.0,6.0,6.0,6.0,6.0
real,120,gulf,8,LSTM-ms,4,buffer,2,92,60,0.4235551973290665,54.0,53.0,52.0,51.0,51.0,50.0,49.0,48.0,47.0,46.0,45.0,45.0,44.0,43.0,43.0,42.0,42.0,41.0,41.0,41.0
real,120,gulf,8,LSTM-ms,4,buffer,3,94,82,0.21335984583584708,69.0,68.0,67.0,67.0,66.0,65.0,65.0,64.0,63.0,62.0,62.0,61.0,61.0,60.0,60.0,59.0,59.0,59.0,58.0,58.0
real,120,gulf,8,LSTM-ms,4,buffer,4,108,510,0.17375165477961377,506.0,505.0,504.0,503.0,502.0,502.0,501.0,500.0,500.0,498.0,498.0,496.0,494.0,493.0,492.0,491.0,491.0,490.0,490.0,489.0
real,120,gulf,8,LSTM-ms,4,buffer,5,151,132,0.06535963470442184,124.0,123.0,122.0,122.0,121.0,120.0,120.0,120.0,119.0,119.0,119.0,119.0,119.0,119.0,119.0,119.0,119.0,119.0,119.0,119.0
real,120,gulf,8,LSTM-ms,4,buffer,6,276,27,0.2056234088772977,6.0,6.0,6.0,6.0,6.0,6.0,6.0,6.0,6.0,6.0,6.0,6.0,6.0,6.0,6.0,6.0,6.0,6.0,6.0,6.0
real,120,gulf,8,LSTM-ms,4,buffer,7,324,600,0.1993477235669077,582.0,581.0,581.0,580.0,579.0,579.0,578.0,577.0,576.0,575.0,575.0,574.0,572.0,572.0,572.0,572.0,572.0,572.0,572.0,572.0
real,120,gulf,8,LSTM-ms,4,buffer,8,327,661,0.09391636577513113,652.0,652.0,651.0,650.0,649.0,648.0,648.0,647.0,647.0,642.0,641.0,641.0,640.0,640.0,639.0,638.0,638.0,638.0,637.0,637.0
real,120,gulf,8,LSTM-ms,4,buffer,9,332,590,0.15738216149807072,583.0,582.0,581.0,581.0,580.0,579.0,578.0,578.0,577.0,576.0,576.0,576.0,574.0,574.0,574.0,572.0,572.0,572.0,570.0,565.0
real,120,gulf,8,LSTM-ms,4,buffer,10,337,30,0.17103813232102552,6.0,6.0,6.0,6.0,6.0,6.0,6.0,6.0,6.0,6.0,6.0,6.0,6.0,6.0,6.0,6.0,6.0,6.0,6.0,6.0
real,120,gulf,8,LSTM-ms,4,buffer,11,346,67,0.20179138006429215,60.0,59.0,59.0,58.0,57.0,56.0,55.0,55.0,54.0,53.0,53.0,48.0,48.0,47.0,47.0,46.0,45.0,44.0,43.0,43.0
real,120,gulf,8,LSTM-ms,4,buffer,12,365,38,0.3146077415982834,6.0,6.0,6.0,6.0,6.0,6.0,6.0,6.0,6.0,6.0,6.0,6.0,6.0,6.0,6.0,6.0,6.0,6.0,6.0,6.0
real,120,gulf,8,LSTM-ms,4,buffer,13,372,84,0.4584527507579535,78.0,77.0,76.0,75.0,74.0,73.0,73.0,72.0,71.0,69.0,69.0,66.0,65.0,65.0,64.0,63.0,63.0,62.0,62.0,61.0
real,120,gulf,8,LSTM-ms,4,buffer,14,383,151,0.24569448415343895,48.0,47.0,46.0,46.0,45.0,44.0,43.0,43.0,42.0,41.0,41.0,40.0,40.0,39.0,39.0,38.0,38.0,37.0,37.0,37.0
real,120,gulf,8,LSTM-ms,4,buffer,15,386,25,0.1593015992859229,6.0,6.0,6.0,6.0,6.0,6.0,6.0,6.0,6.0,6.0,6.0,6.0,6.0,6.0,6.0,6.0,6.0,6.0,6.0,6.0
real,120,gulf,8,LSTM-ms,4,buffer,16,435,74,0.31601892030546674,69.0,69.0,68.0,67.0,66.0,65.0,65.0,64.0,64.0,61.0,58.0,57.0,57.0,56.0,55.0,55.0,54.0,54.0,54.0,53.0
real,120,gulf,8,LSTM-ms,4,buffer,17,444,181,0.2089767543102783,172.0,171.0,170.0,169.0,168.0,167.0,166.0,165.0,165.0,164.0,163.0,162.0,161.0,161.0,160.0,159.0,159.0,158.0,157.0,157.0
real,120,gulf,8,LSTM-ms,4,buffer,18,458,237,0.25925038726184646,231.0,230.0,229.0,228.0,227.0,226.0,226.0,225.0,224.0,223.0,222.0,221.0,221.0,220.0,219.0,218.0,217.0,217.0,216.0,215.0
real,120,gulf,8,LSTM-ms,4,buffer,19,463,15,0.1662878112048255,6.0,6.0,6.0,6.0,6.0,6.0,6.0,6.0,6.0,6.0,6.0,6.0,6.0,6.0,6.0,6.0,6.0,6.0,6.0,6.0
real,120,gulf,8,LSTM-ms,4,buffer,20,465,202,0.22787405517687517,198.0,197.0,196.0,195.0,195.0,194.0,193.0,193.0,192.0,191.0,191.0,189.0,189.0,188.0,188.0,183.0,182.0,182.0,181.0,180.0
real,120,gulf,8,LSTM-ms,4,buffer,21,485,474,0.19252024613949348,462.0,462.0,461.0,460.0,459.0,458.0,458.0,457.0,456.0,456.0,455.0,92.0,92.0,92.0,92.0,29.0,29.0,28.0,28.0,26.0
real,120,gulf,8,LSTM-ms,4,crossing,0,1,13,0.16378500347566657,12.0,12.0,11.0,10.0,10.0,9.0,9.0,7.0,7.0,7.0,7.0,7.0,7.0,7.0,7.0,7.0,7.0,7.0,7.0,7.0
real,120,gulf,8,LSTM-ms,4,crossing,1,34,15,0.1619584483574689,15.0,14.0,12.0,12.0,11.0,11.0,10.0,9.0,8.0,8.0,7.0,6.0,6.0,6.0,6.0,6.0,6.0,6.0,6.0,6.0
real,120,gulf,8,LSTM-ms,4,crossing,2,92,60,0.4235551973290665,59.0,58.0,57.0,56.0,55.0,54.0,54.0,53.0,52.0,51.0,51.0,50.0,49.0,48.0,48.0,47.0,47.0,46.0,45.0,44.0
real,120,gulf,8,LSTM-ms,4,crossing,3,94,82,0.21335984583584708,81.0,80.0,80.0,79.0,78.0,77.0,77.0,76.0,75.0,75.0,74.0,73.0,73.0,72.0,72.0,72.0,71.0,71.0,71.0,70.0
real,120,gulf,8,LSTM-ms,4,crossing,4,108,510,0.17375165477961377,509.0,508.0,507.0,507.0,506.0,506.0,505.0,504.0,504.0,503.0,503.0,502.0,501.0,501.0,501.0,500.0,500.0,498.0,496.0,493.0
real,120,gulf,8,LSTM-ms,4,crossing,5,151,132,0.06535963470442184,131.0,130.0,129.0,128.0,127.0,126.0,125.0,125.0,124.0,123.0,122.0,122.0,121.0,121.0,121.0,121.0,121.0,120.0,120.0,120.0
real,120,gulf,8,LSTM-ms,4,crossing,6,276,27,0.2056234088772977,27.0,26.0,25.0,24.0,24.0,23.0,22.0,21.0,20.0,20.0,18.0,18.0,18.0,18.0,18.0,18.0,16.0,16.0,15.0,15.0
real,120,gulf,8,LSTM-ms,4,crossing,7,324,600,0.1993477235669077,599.0,598.0,598.0,597.0,596.0,596.0,595.0,594.0,594.0,594.0,593.0,591.0,591.0,591.0,591.0,590.0,590.0,590.0,590.0,589.0
real,120,gulf,8,LSTM-ms,4,crossing,8,327,661,0.09391636577513113,660.0,659.0,658.0,657.0,652.0,652.0,652.0,651.0,650.0,650.0,649.0,649.0,648.0,648.0,642.0,641.0,641.0,640.0,640.0,639.0
real,120,gulf,8,LSTM-ms,4,crossing,9,332,590,0.15738216149807072,590.0,589.0,586.0,585.0,585.0,584.0,583.0,583.0,582.0,582.0,582.0,581.0,581.0,581.0,581.0,580.0,580.0,579.0,579.0,578.0
real,120,gulf,8,LSTM-ms,4,crossing,10,337,30,0.17103813232102552,29.0,28.0,28.0,27.0,26.0,26.0,25.0,24.0,24.0,23.0,23.0,14.0,13.0,13.0,13.0,13.0,13.0,13.0,13.0,13.0
real,120,gulf,8,LSTM-ms,4,crossing,11,346,67,0.20179138006429215,65.0,63.0,62.0,61.0,61.0,60.0,60.0,59.0,59.0,58.0,58.0,57.0,57.0,56.0,55.0,55.0,54.0,48.0,48.0,47.0
real,120,gulf,8,LSTM-ms,4,crossing,12,365,38,0.3146077415982834,37.0,37.0,36.0,36.0,34.0,33.0,32.0,32.0,29.0,29.0,28.0,28.0,27.0,27.0,27.0,27.0,27.0,27.0,27.0,27.0
real,120,gulf,8,LSTM-ms,4,crossing,13,372,84,0.4584527507579535,82.0,81.0,80.0,80.0,79.0,78.0,78.0,77.0,76.0,75.0,75.0,74.0,73.0,73.0,72.0,72.0,69.0,66.0,65.0,65.0
real,120,gulf,8,LSTM-ms,4,crossing,14,383,151,0.24569448415343895,150.0,149.0,148.0,147.0,147.0,146.0,145.0,145.0,144.0,143.0,143.0,142.0,141.0,141.0,141.0,140.0,140.0,139.0,139.0,50.0
real,120,gulf,8,LSTM-ms,4,crossing,15,386,25,0.1593015992859229,24.0,24.0,23.0,22.0,22.0,21.0,21.0,20.0,19.0,19.0,14.0,14.0,14.0,14.0,14.0,14.0,14.0,14.0,14.0,14.0
real,120,gulf,8,LSTM-ms,4,crossing,16,435,74,0.31601892030546674,73.0,72.0,71.0,70.0,69.0,69.0,69.0,68.0,68.0,67.0,67.0,66.0,65.0,65.0,64.0,59.0,58.0,57.0,57.0,56.0
real,120,gulf,8,LSTM-ms,4,crossing,17,444,181,0.2089767543102783,181.0,180.0,179.0,178.0,177.0,176.0,175.0,170.0,169.0,168.0,168.0,167.0,166.0,165.0,165.0,164.0,163.0,162.0,162.0,161.0
real,120,gulf,8,LSTM-ms,4,crossing,18,458,237,0.25925038726184646,235.0,234.0,233.0,232.0,231.0,230.0,229.0,229.0,228.0,227.0,226.0,225.0,225.0,224.0,223.0,223.0,222.0,221.0,221.0,220.0
real,120,gulf,8,LSTM-ms,4,crossing,19,463,15,0.1662878112048255,14.0,14.0,14.0,14.0,14.0,14.0,13.0,13.0,13.0,13.0,13.0,13.0,12.0,12.0,12.0,12.0,12.0,12.0,12.0,12.0
real,120,gulf,8,LSTM-ms,4,crossing,20,465,202,0.22787405517687517,201.0,200.0,199.0,199.0,198.0,198.0,197.0,197.0,196.0,195.0,195.0,195.0,194.0,193.0,193.0,193.0,192.0,192.0,191.0,189.0
real,120,gulf,8,LSTM-ms,4,crossing,21,485,474,0.19252024613949348,473.0,472.0,471.0,470.0,470.0,469.0,468.0,467.0,467.0,466.0,465.0,465.0,464.0,464.0,463.0,463.0,462.0,462.0,462.0,462.0
real,120,gulf,9,Reactive,0,zone,0,17,601,0.19900227969232487,189.0,189.0,189.0,189.0,189.0,189.0,189.0,189.0,189.0,189.0,189.0,189.0,189.0,189.0,189.0,189.0,189.0,189.0,189.0,189.0
real,120,gulf,9,Reactive,0,zone,1,110,102,0.23580182921990672,79.0,79.0,79.0,79.0,79.0,79.0,79.0,79.0,79.0,79.0,79.0,79.0,79.0,79.0,79.0,79.0,79.0,79.0,79.0,79.0
real,120,gulf,9,Reactive,0,zone,2,113,77,0.5620636932961912,72.0,72.0,72.0,72.0,72.0,72.0,72.0,72.0,72.0,72.0,72.0,72.0,72.0,72.0,72.0,72.0,72.0,72.0,72.0,72.0
real,120,gulf,9,Reactive,0,zone,3,255,65,0.28781293969676514,60.0,60.0,60.0,60.0,60.0,60.0,60.0,60.0,60.0,60.0,60.0,60.0,60.0,60.0,60.0,60.0,60.0,60.0,60.0,60.0
real,120,gulf,9,Reactive,0,zone,4,290,14,0.3750269579326928,7.0,7.0,7.0,7.0,7.0,7.0,7.0,7.0,7.0,7.0,7.0,7.0,7.0,7.0,7.0,7.0,7.0,7.0,7.0,7.0
real,120,gulf,9,Reactive,0,zone,5,333,123,0.4109898021440506,114.0,114.0,114.0,114.0,114.0,114.0,114.0,114.0,114.0,114.0,114.0,114.0,114.0,114.0,114.0,114.0,114.0,114.0,114.0,114.0
real,120,gulf,9,Reactive,0,zone,6,348,527,0.1262809435357994,511.0,511.0,511.0,511.0,511.0,511.0,511.0,511.0,511.0,511.0,511.0,511.0,511.0,511.0,511.0,511.0,511.0,511.0,511.0,511.0
real,120,gulf,9,Reactive,0,zone,7,408,22,0.18378040114422425,10.0,10.0,10.0,10.0,10.0,10.0,10.0,10.0,10.0,10.0,10.0,10.0,10.0,10.0,10.0,10.0,10.0,10.0,10.0,10.0
real,120,gulf,9,Reactive,0,zone,8,486,34,0.3558965523110011,25.0,25.0,25.0,25.0,25.0,25.0,25.0,25.0,25.0,25.0,25.0,25.0,25.0,25.0,25.0,25.0,25.0,25.0,25.0,25.0
real,120,gulf,9,Analytic,0,buffer,0,17,601,0.19900227969232487,188.0,187.0,187.0,186.0,185.0,184.0,182.0,181.0,180.0,179.0,178.0,177.0,176.0,134.0,133.0,133.0,133.0,123.0,122.0,121.0
real,120,gulf,9,Analytic,0,buffer,1,110,102,0.23580182921990672,78.0,77.0,76.0,75.0,74.0,73.0,73.0,72.0,71.0,70.0,69.0,68.0,67.0,66.0,65.0,64.0,63.0,62.0,61.0,60.0
real,120,gulf,9,Analytic,0,buffer,2,113,77,0.5620636932961912,71.0,70.0,69.0,68.0,67.0,66.0,65.0,64.0,63.0,62.0,61.0,60.0,59.0,58.0,57.0,56.0,55.0,55.0,54.0,53.0
real,120,gulf,9,Analytic,0,buffer,3,255,65,0.28781293969676514,59.0,58.0,57.0,56.0,55.0,54.0,53.0,52.0,51.0,50.0,49.0,48.0,47.0,46.0,45.0,44.0,43.0,42.0,41.0,40.0
real,120,gulf,9,Analytic,0,buffer,4,290,14,0.3750269579326928,6.0,6.0,6.0,6.0,6.0,6.0,6.0,6.0,6.0,6.0,6.0,6.0,6.0,6.0,6.0,6.0,6.0,6.0,6.0,6.0
real,120,gulf,9,Analytic,0,buffer,5,333,123,0.4109898021440506,113.0,112.0,111.0,110.0,109.0,108.0,107.0,106.0,106.0,105.0,104.0,103.0,102.0,101.0,100.0,99.0,98.0,97.0,96.0,95.0
real,120,gulf,9,Analytic,0,buffer,6,348,527,0.1262809435357994,510.0,509.0,508.0,507.0,506.0,505.0,504.0,503.0,502.0,501.0,500.0,499.0,499.0,498.0,497.0,495.0,494.0,493.0,492.0,491.0
real,120,gulf,9,Analytic,0,buffer,7,408,22,0.18378040114422425,9.0,8.0,7.0,6.0,6.0,6.0,6.0,6.0,6.0,6.0,6.0,6.0,6.0,6.0,6.0,6.0,6.0,6.0,6.0,6.0
real,120,gulf,9,Analytic,0,buffer,8,486,34,0.3558965523110011,24.0,23.0,22.0,21.0,20.0,19.0,18.0,16.0,15.0,14.0,13.0,12.0,11.0,10.0,9.0,8.0,7.0,6.0,6.0,6.0
real,120,gulf,9,Analytic,0,crossing,0,17,601,0.19900227969232487,600.0,599.0,598.0,597.0,596.0,595.0,594.0,593.0,592.0,591.0,465.0,465.0,465.0,465.0,464.0,464.0,464.0,191.0,190.0,189.0
real,120,gulf,9,Analytic,0,crossing,1,110,102,0.23580182921990672,100.0,99.0,98.0,91.0,83.0,81.0,80.0,79.0,78.0,77.0,76.0,75.0,74.0,73.0,72.0,71.0,70.0,69.0,68.0,67.0
real,120,gulf,9,Analytic,0,crossing,2,113,77,0.5620636932961912,76.0,75.0,74.0,73.0,72.0,71.0,70.0,68.0,67.0,66.0,65.0,64.0,63.0,63.0,62.0,61.0,60.0,59.0,58.0,57.0
real,120,gulf,9,Analytic,0,crossing,3,255,65,0.28781293969676514,64.0,63.0,62.0,60.0,60.0,59.0,57.0,56.0,55.0,54.0,53.0,52.0,51.0,50.0,49.0,49.0,48.0,46.0,45.0,44.0
real,120,gulf,9,Analytic,0,crossing,4,290,14,0.3750269579326928,12.0,12.0,11.0,10.0,9.0,8.0,7.0,6.0,6.0,6.0,6.0,6.0,6.0,6.0,6.0,6.0,6.0,6.0,6.0,6.0
real,120,gulf,9,Analytic,0,crossing,5,333,123,0.4109898021440506,122.0,121.0,120.0,119.0,118.0,117.0,115.0,114.0,113.0,112.0,111.0,110.0,109.0,108.0,107.0,106.0,106.0,105.0,104.0,103.0
real,120,gulf,9,Analytic,0,crossing,6,348,527,0.1262809435357994,526.0,525.0,524.0,523.0,522.0,521.0,520.0,519.0,518.0,517.0,516.0,515.0,514.0,513.0,512.0,511.0,510.0,509.0,508.0,507.0
real,120,gulf,9,Analytic,0,crossing,7,408,22,0.18378040114422425,20.0,19.0,18.0,17.0,16.0,15.0,14.0,13.0,12.0,11.0,10.0,9.0,8.0,7.0,6.0,6.0,6.0,6.0,6.0,6.0
real,120,gulf,9,Analytic,0,crossing,8,486,34,0.3558965523110011,33.0,32.0,31.0,30.0,29.0,28.0,27.0,27.0,26.0,25.0,24.0,23.0,22.0,21.0,20.0,18.0,17.0,16.0,15.0,14.0
real,120,gulf,9,ConstVel,0,buffer,0,17,601,0.19900227969232487,188.0,187.0,187.0,186.0,185.0,184.0,183.0,181.0,180.0,179.0,133.0,133.0,133.0,133.0,133.0,132.0,132.0,122.0,121.0,121.0
real,120,gulf,9,ConstVel,0,buffer,1,110,102,0.23580182921990672,78.0,77.0,76.0,75.0,74.0,73.0,72.0,72.0,71.0,69.0,69.0,68.0,67.0,66.0,65.0,64.0,63.0,62.0,61.0,60.0
real,120,gulf,9,ConstVel,0,buffer,2,113,77,0.5620636932961912,71.0,70.0,69.0,68.0,67.0,66.0,65.0,64.0,63.0,62.0,61.0,60.0,59.0,58.0,57.0,56.0,55.0,54.0,53.0,53.0
real,120,gulf,9,ConstVel,0,buffer,3,255,65,0.28781293969676514,59.0,58.0,57.0,56.0,55.0,54.0,53.0,52.0,51.0,50.0,49.0,48.0,47.0,46.0,45.0,44.0,43.0,42.0,41.0,40.0
real,120,gulf,9,ConstVel,0,buffer,4,290,14,0.3750269579326928,6.0,6.0,6.0,6.0,6.0,6.0,6.0,6.0,6.0,6.0,6.0,6.0,6.0,6.0,6.0,6.0,6.0,6.0,6.0,6.0
real,120,gulf,9,ConstVel,0,buffer,5,333,123,0.4109898021440506,113.0,112.0,111.0,110.0,109.0,108.0,107.0,106.0,105.0,105.0,104.0,103.0,102.0,101.0,100.0,98.0,98.0,97.0,96.0,95.0
real,120,gulf,9,ConstVel,0,buffer,6,348,527,0.1262809435357994,510.0,509.0,508.0,507.0,506.0,505.0,504.0,503.0,502.0,501.0,500.0,499.0,498.0,498.0,496.0,496.0,495.0,494.0,493.0,491.0
real,120,gulf,9,ConstVel,0,buffer,7,408,22,0.18378040114422425,9.0,8.0,7.0,6.0,6.0,6.0,6.0,6.0,6.0,6.0,6.0,6.0,6.0,6.0,6.0,6.0,6.0,6.0,6.0,6.0
real,120,gulf,9,ConstVel,0,buffer,8,486,34,0.3558965523110011,24.0,23.0,22.0,21.0,20.0,19.0,18.0,17.0,15.0,14.0,13.0,12.0,11.0,10.0,9.0,8.0,7.0,6.0,6.0,6.0
real,120,gulf,9,ConstVel,0,crossing,0,17,601,0.19900227969232487,599.0,599.0,598.0,597.0,596.0,595.0,594.0,593.0,462.0,462.0,462.0,462.0,461.0,461.0,461.0,453.0,453.0,191.0,191.0,187.0
real,120,gulf,9,ConstVel,0,crossing,1,110,102,0.23580182921990672,100.0,100.0,89.0,88.0,88.0,82.0,81.0,79.0,78.0,77.0,76.0,75.0,74.0,73.0,72.0,71.0,70.0,69.0,68.0,67.0
real,120,gulf,9,ConstVel,0,crossing,2,113,77,0.5620636932961912,76.0,75.0,74.0,73.0,72.0,71.0,70.0,69.0,67.0,66.0,66.0,64.0,63.0,62.0,62.0,61.0,60.0,59.0,58.0,57.0
real,120,gulf,9,ConstVel,0,crossing,3,255,65,0.28781293969676514,64.0,63.0,62.0,60.0,59.0,59.0,58.0,56.0,56.0,54.0,53.0,52.0,51.0,50.0,49.0,49.0,48.0,46.0,45.0,45.0
real,120,gulf,9,ConstVel,0,crossing,4,290,14,0.3750269579326928,12.0,11.0,11.0,10.0,10.0,9.0,6.0,6.0,6.0,6.0,6.0,6.0,6.0,6.0,6.0,6.0,6.0,6.0,6.0,6.0
real,120,gulf,9,ConstVel,0,crossing,5,333,123,0.4109898021440506,122.0,121.0,120.0,119.0,118.0,117.0,116.0,115.0,113.0,112.0,111.0,110.0,109.0,108.0,107.0,106.0,105.0,105.0,103.0,102.0
real,120,gulf,9,ConstVel,0,crossing,6,348,527,0.1262809435357994,526.0,525.0,524.0,523.0,522.0,521.0,520.0,518.0,517.0,517.0,516.0,515.0,514.0,513.0,512.0,510.0,509.0,509.0,508.0,507.0
real,120,gulf,9,ConstVel,0,crossing,7,408,22,0.18378040114422425,20.0,19.0,18.0,17.0,16.0,15.0,14.0,13.0,12.0,11.0,10.0,9.0,8.0,7.0,6.0,6.0,6.0,6.0,6.0,6.0
real,120,gulf,9,ConstVel,0,crossing,8,486,34,0.3558965523110011,33.0,32.0,31.0,30.0,29.0,28.0,28.0,27.0,25.0,24.0,24.0,23.0,22.0,21.0,20.0,19.0,18.0,16.0,15.0,14.0
real,120,gulf,9,Kalman,0,buffer,0,17,601,0.19900227969232487,188.0,187.0,187.0,186.0,185.0,184.0,183.0,181.0,180.0,179.0,178.0,177.0,133.0,133.0,133.0,133.0,132.0,122.0,122.0,121.0
real,120,gulf,9,Kalman,0,buffer,1,110,102,0.23580182921990672,78.0,77.0,76.0,75.0,74.0,73.0,72.0,72.0,71.0,70.0,69.0,68.0,67.0,66.0,65.0,64.0,63.0,62.0,61.0,60.0
real,120,gulf,9,Kalman,0,buffer,2,113,77,0.5620636932961912,71.0,70.0,69.0,68.0,67.0,66.0,65.0,64.0,63.0,62.0,61.0,60.0,59.0,58.0,57.0,56.0,55.0,54.0,53.0,53.0
real,120,gulf,9,Kalman,0,buffer,3,255,65,0.28781293969676514,59.0,58.0,57.0,56.0,55.0,54.0,53.0,52.0,51.0,50.0,49.0,48.0,47.0,46.0,45.0,44.0,43.0,42.0,41.0,40.0
real,120,gulf,9,Kalman,0,buffer,4,290,14,0.3750269579326928,6.0,6.0,6.0,6.0,6.0,6.0,6.0,6.0,6.0,6.0,6.0,6.0,6.0,6.0,6.0,6.0,6.0,6.0,6.0,6.0
real,120,gulf,9,Kalman,0,buffer,5,333,123,0.4109898021440506,113.0,112.0,111.0,110.0,109.0,108.0,107.0,106.0,106.0,105.0,104.0,103.0,102.0,101.0,100.0,98.0,98.0,97.0,96.0,95.0
real,120,gulf,9,Kalman,0,buffer,6,348,527,0.1262809435357994,510.0,509.0,508.0,507.0,506.0,505.0,504.0,503.0,502.0,501.0,500.0,499.0,498.0,498.0,496.0,496.0,495.0,494.0,492.0,491.0
real,120,gulf,9,Kalman,0,buffer,7,408,22,0.18378040114422425,9.0,8.0,7.0,6.0,6.0,6.0,6.0,6.0,6.0,6.0,6.0,6.0,6.0,6.0,6.0,6.0,6.0,6.0,6.0,6.0
real,120,gulf,9,Kalman,0,buffer,8,486,34,0.3558965523110011,24.0,23.0,22.0,21.0,20.0,19.0,18.0,16.0,15.0,14.0,13.0,12.0,11.0,10.0,9.0,8.0,7.0,6.0,6.0,6.0
real,120,gulf,9,Kalman,0,crossing,0,17,601,0.19900227969232487,599.0,599.0,598.0,597.0,596.0,595.0,594.0,593.0,592.0,591.0,462.0,462.0,462.0,462.0,462.0,462.0,462.0,192.0,191.0,190.0
real,120,gulf,9,Kalman,0,crossing,1,110,102,0.23580182921990672,100.0,100.0,89.0,89.0,88.0,82.0,80.0,79.0,78.0,77.0,76.0,75.0,74.0,73.0,72.0,71.0,70.0,69.0,68.0,67.0
real,120,gulf,9,Kalman,0,crossing,2,113,77,0.5620636932961912,76.0,75.0,74.0,73.0,72.0,71.0,70.0,69.0,67.0,66.0,65.0,64.0,63.0,62.0,62.0,61.0,60.0,59.0,58.0,57.0
real,120,gulf,9,Kalman,0,crossing,3,255,65,0.28781293969676514,64.0,63.0,62.0,60.0,59.0,59.0,58.0,56.0,56.0,54.0,53.0,52.0,51.0,50.0,49.0,49.0,47.0,46.0,46.0,45.0
real,120,gulf,9,Kalman,0,crossing,4,290,14,0.3750269579326928,12.0,12.0,11.0,10.0,10.0,9.0,6.0,6.0,6.0,6.0,6.0,6.0,6.0,6.0,6.0,6.0,6.0,6.0,6.0,6.0
real,120,gulf,9,Kalman,0,crossing,5,333,123,0.4109898021440506,122.0,121.0,120.0,119.0,118.0,117.0,116.0,114.0,113.0,112.0,111.0,110.0,109.0,108.0,107.0,106.0,105.0,105.0,104.0,103.0
real,120,gulf,9,Kalman,0,crossing,6,348,527,0.1262809435357994,526.0,525.0,524.0,523.0,522.0,521.0,520.0,518.0,518.0,517.0,516.0,515.0,514.0,513.0,512.0,510.0,510.0,509.0,508.0,507.0
real,120,gulf,9,Kalman,0,crossing,7,408,22,0.18378040114422425,20.0,19.0,18.0,17.0,16.0,15.0,14.0,13.0,12.0,11.0,10.0,9.0,8.0,7.0,6.0,6.0,6.0,6.0,6.0,6.0
real,120,gulf,9,Kalman,0,crossing,8,486,34,0.3558965523110011,33.0,32.0,31.0,30.0,29.0,28.0,28.0,26.0,25.0,25.0,24.0,23.0,22.0,21.0,20.0,19.0,18.0,16.0,15.0,14.0
real,120,gulf,9,LSTM-rec,0,buffer,0,17,601,0.19900227969232487,189.0,188.0,187.0,187.0,186.0,186.0,186.0,185.0,185.0,185.0,185.0,185.0,185.0,185.0,185.0,185.0,185.0,185.0,185.0,185.0
real,120,gulf,9,LSTM-rec,0,buffer,1,110,102,0.23580182921990672,78.0,78.0,77.0,76.0,75.0,75.0,74.0,74.0,73.0,73.0,72.0,72.0,72.0,71.0,71.0,71.0,71.0,70.0,70.0,70.0
real,120,gulf,9,LSTM-rec,0,buffer,2,113,77,0.5620636932961912,71.0,70.0,69.0,69.0,68.0,67.0,66.0,66.0,65.0,64.0,64.0,63.0,63.0,62.0,62.0,62.0,61.0,61.0,61.0,61.0
real,120,gulf,9,LSTM-rec,0,buffer,3,255,65,0.28781293969676514,59.0,58.0,57.0,56.0,56.0,55.0,54.0,54.0,53.0,52.0,52.0,51.0,51.0,50.0,50.0,50.0,49.0,49.0,49.0,49.0
real,120,gulf,9,LSTM-rec,0,buffer,4,290,14,0.3750269579326928,6.0,6.0,6.0,6.0,6.0,6.0,6.0,6.0,6.0,6.0,6.0,6.0,6.0,6.0,6.0,6.0,6.0,6.0,6.0,6.0
real,120,gulf,9,LSTM-rec,0,buffer,5,333,123,0.4109898021440506,113.0,113.0,112.0,111.0,110.0,110.0,109.0,109.0,108.0,108.0,107.0,107.0,106.0,106.0,106.0,106.0,106.0,106.0,106.0,105.0
real,120,gulf,9,LSTM-rec,0,buffer,6,348,527,0.1262809435357994,510.0,510.0,509.0,508.0,508.0,507.0,507.0,506.0,506.0,506.0,506.0,506.0,506.0,506.0,506.0,506.0,506.0,506.0,506.0,506.0
real,120,gulf,9,LSTM-rec,0,buffer,7,408,22,0.18378040114422425,9.0,8.0,7.0,7.0,6.0,6.0,6.0,6.0,6.0,6.0,6.0,6.0,6.0,6.0,6.0,6.0,6.0,6.0,6.0,6.0
real,120,gulf,9,LSTM-rec,0,buffer,8,486,34,0.3558965523110011,24.0,23.0,23.0,22.0,21.0,20.0,20.0,19.0,19.0,18.0,18.0,18.0,18.0,18.0,17.0,17.0,17.0,17.0,17.0,17.0
real,120,gulf,9,LSTM-rec,0,crossing,0,17,601,0.19900227969232487,599.0,599.0,599.0,598.0,598.0,597.0,597.0,596.0,596.0,596.0,596.0,596.0,596.0,596.0,596.0,596.0,596.0,596.0,596.0,596.0
real,120,gulf,9,LSTM-rec,0,crossing,1,110,102,0.23580182921990672,101.0,100.0,89.0,89.0,88.0,88.0,88.0,82.0,81.0,81.0,80.0,80.0,79.0,78.0,78.0,78.0,78.0,78.0,78.0,77.0
real,120,gulf,9,LSTM-rec,0,crossing,2,113,77,0.5620636932961912,76.0,75.0,75.0,74.0,73.0,72.0,72.0,71.0,70.0,69.0,69.0,68.0,67.0,67.0,67.0,66.0,66.0,66.0,65.0,65.0
real,120,gulf,9,LSTM-rec,0,crossing,3,255,65,0.28781293969676514,64.0,63.0,62.0,61.0,60.0,59.0,59.0,58.0,58.0,57.0,56.0,56.0,56.0,55.0,55.0,54.0,53.0,53.0,53.0,53.0
real,120,gulf,9,LSTM-rec,0,crossing,4,290,14,0.3750269579326928,12.0,12.0,11.0,10.0,10.0,10.0,9.0,9.0,6.0,6.0,6.0,6.0,6.0,6.0,6.0,6.0,6.0,6.0,6.0,6.0
real,120,gulf,9,LSTM-rec,0,crossing,5,333,123,0.4109898021440506,122.0,121.0,120.0,120.0,119.0,118.0,117.0,117.0,116.0,116.0,115.0,115.0,115.0,114.0,114.0,114.0,114.0,114.0,114.0,113.0
real,120,gulf,9,LSTM-rec,0,crossing,6,348,527,0.1262809435357994,526.0,525.0,524.0,524.0,523.0,523.0,522.0,522.0,521.0,521.0,521.0,521.0,521.0,521.0,521.0,521.0,521.0,521.0,521.0,521.0
real,120,gulf,9,LSTM-rec,0,crossing,7,408,22,0.18378040114422425,20.0,19.0,18.0,18.0,17.0,17.0,16.0,16.0,15.0,15.0,15.0,14.0,14.0,14.0,14.0,14.0,14.0,14.0,14.0,14.0
real,120,gulf,9,LSTM-rec,0,crossing,8,486,34,0.3558965523110011,33.0,32.0,31.0,31.0,30.0,30.0,29.0,29.0,28.0,28.0,28.0,27.0,27.0,27.0,27.0,27.0,27.0,27.0,27.0,27.0
real,120,gulf,9,LSTM-ms,0,buffer,0,17,601,0.19900227969232487,188.0,187.0,186.0,185.0,185.0,184.0,184.0,183.0,183.0,181.0,180.0,180.0,180.0,179.0,178.0,178.0,177.0,133.0,133.0,133.0
real,120,gulf,9,LSTM-ms,0,buffer,1,110,102,0.23580182921990672,78.0,77.0,76.0,75.0,75.0,74.0,73.0,72.0,72.0,71.0,70.0,69.0,69.0,68.0,67.0,67.0,66.0,66.0,65.0,65.0
real,120,gulf,9,LSTM-ms,0,buffer,2,113,77,0.5620636932961912,71.0,70.0,69.0,68.0,67.0,66.0,66.0,65.0,64.0,63.0,63.0,62.0,62.0,61.0,60.0,60.0,59.0,59.0,58.0,57.0
real,120,gulf,9,LSTM-ms,0,buffer,3,255,65,0.28781293969676514,59.0,58.0,57.0,56.0,56.0,55.0,54.0,53.0,52.0,52.0,51.0,50.0,50.0,49.0,49.0,48.0,47.0,46.0,46.0,46.0
real,120,gulf,9,LSTM-ms,0,buffer,4,290,14,0.3750269579326928,6.0,6.0,6.0,6.0,6.0,6.0,6.0,6.0,6.0,6.0,6.0,6.0,6.0,6.0,6.0,6.0,6.0,6.0,6.0,6.0
real,120,gulf,9,LSTM-ms,0,buffer,5,333,123,0.4109898021440506,113.0,112.0,111.0,110.0,110.0,109.0,108.0,107.0,107.0,106.0,105.0,105.0,104.0,103.0,103.0,102.0,102.0,101.0,101.0,100.0
real,120,gulf,9,LSTM-ms,0,buffer,6,348,527,0.1262809435357994,510.0,509.0,508.0,508.0,507.0,506.0,505.0,505.0,504.0,503.0,503.0,502.0,502.0,501.0,501.0,500.0,499.0,499.0,499.0,498.0
real,120,gulf,9,LSTM-ms,0,buffer,7,408,22,0.18378040114422425,9.0,8.0,7.0,6.0,6.0,6.0,6.0,6.0,6.0,6.0,6.0,6.0,6.0,6.0,6.0,6.0,6.0,6.0,6.0,6.0
real,120,gulf,9,LSTM-ms,0,buffer,8,486,34,0.3558965523110011,24.0,23.0,22.0,21.0,20.0,19.0,18.0,18.0,16.0,16.0,15.0,14.0,13.0,13.0,12.0,11.0,11.0,10.0,10.0,9.0
real,120,gulf,9,LSTM-ms,0,crossing,0,17,601,0.19900227969232487,599.0,599.0,598.0,597.0,596.0,596.0,595.0,594.0,594.0,462.0,462.0,462.0,462.0,462.0,462.0,462.0,462.0,462.0,462.0,461.0
real,120,gulf,9,LSTM-ms,0,crossing,1,110,102,0.23580182921990672,100.0,99.0,89.0,88.0,88.0,82.0,81.0,80.0,79.0,78.0,77.0,77.0,76.0,75.0,75.0,74.0,73.0,73.0,72.0,72.0
real,120,gulf,9,LSTM-ms,0,crossing,2,113,77,0.5620636932961912,76.0,75.0,74.0,73.0,72.0,72.0,71.0,70.0,69.0,68.0,67.0,67.0,66.0,65.0,65.0,64.0,63.0,63.0,62.0,62.0
real,120,gulf,9,LSTM-ms,0,crossing,3,255,65,0.28781293969676514,64.0,63.0,62.0,61.0,60.0,59.0,58.0,58.0,57.0,56.0,56.0,55.0,54.0,53.0,53.0,52.0,52.0,51.0,50.0,50.0
real,120,gulf,9,LSTM-ms,0,crossing,4,290,14,0.3750269579326928,12.0,11.0,11.0,10.0,10.0,9.0,8.0,6.0,6.0,6.0,6.0,6.0,6.0,6.0,6.0,6.0,6.0,6.0,6.0,6.0
real,120,gulf,9,LSTM-ms,0,crossing,5,333,123,0.4109898021440506,122.0,121.0,120.0,119.0,118.0,117.0,116.0,116.0,115.0,114.0,113.0,112.0,112.0,111.0,110.0,110.0,109.0,109.0,108.0,108.0
real,120,gulf,9,LSTM-ms,0,crossing,6,348,527,0.1262809435357994,526.0,525.0,524.0,523.0,522.0,521.0,521.0,520.0,519.0,519.0,518.0,517.0,517.0,516.0,516.0,516.0,515.0,514.0,514.0,513.0
real,120,gulf,9,LSTM-ms,0,crossing,7,408,22,0.18378040114422425,20.0,19.0,18.0,17.0,16.0,16.0,15.0,14.0,14.0,13.0,12.0,12.0,12.0,11.0,11.0,10.0,9.0,9.0,8.0,8.0
real,120,gulf,9,LSTM-ms,0,crossing,8,486,34,0.3558965523110011,33.0,32.0,31.0,30.0,29.0,29.0,28.0,27.0,27.0,26.0,25.0,24.0,24.0,23.0,23.0,23.0,22.0,21.0,20.0,20.0
real,120,gulf,9,LSTM-rec,1,buffer,0,17,601,0.19900227969232487,188.0,187.0,187.0,186.0,185.0,184.0,183.0,182.0,181.0,180.0,179.0,178.0,178.0,177.0,133.0,133.0,133.0,133.0,132.0,132.0
real,120,gulf,9,LSTM-rec,1,buffer,1,110,102,0.23580182921990672,78.0,77.0,76.0,76.0,75.0,74.0,73.0,72.0,71.0,70.0,70.0,69.0,68.0,67.0,67.0,66.0,65.0,65.0,64.0,64.0
real,120,gulf,9,LSTM-rec,1,buffer,2,113,77,0.5620636932961912,71.0,70.0,69.0,68.0,67.0,66.0,66.0,65.0,64.0,63.0,62.0,62.0,61.0,60.0,60.0,59.0,58.0,58.0,57.0,56.0
real,120,gulf,9,LSTM-rec,1,buffer,3,255,65,0.28781293969676514,59.0,58.0,57.0,56.0,56.0,54.0,54.0,53.0,52.0,51.0,50.0,50.0,49.0,49.0,48.0,47.0,46.0,46.0,45.0,45.0
real,120,gulf,9,LSTM-rec,1,buffer,4,290,14,0.3750269579326928,6.0,6.0,6.0,6.0,6.0,6.0,6.0,6.0,6.0,6.0,6.0,6.0,6.0,6.0,6.0,6.0,6.0,6.0,6.0,6.0
real,120,gulf,9,LSTM-rec,1,buffer,5,333,123,0.4109898021440506,113.0,112.0,111.0,110.0,110.0,109.0,108.0,107.0,106.0,105.0,105.0,104.0,103.0,103.0,102.0,101.0,101.0,100.0,99.0,98.0
real,120,gulf,9,LSTM-rec,1,buffer,6,348,527,0.1262809435357994,510.0,509.0,509.0,508.0,507.0,506.0,505.0,504.0,503.0,502.0,502.0,501.0,500.0,499.0,499.0,498.0,498.0,497.0,496.0,496.0
real,120,gulf,9,LSTM-rec,1,buffer,7,408,22,0.18378040114422425,9.0,8.0,7.0,6.0,6.0,6.0,6.0,6.0,6.0,6.0,6.0,6.0,6.0,6.0,6.0,6.0,6.0,6.0,6.0,6.0
real,120,gulf,9,LSTM-rec,1,buffer,8,486,34,0.3558965523110011,24.0,23.0,22.0,21.0,20.0,19.0,18.0,17.0,16.0,15.0,14.0,14.0,13.0,12.0,11.0,11.0,10.0,9.0,8.0,8.0
real,120,gulf,9,LSTM-rec,1,crossing,0,17,601,0.19900227969232487,599.0,599.0,598.0,597.0,596.0,595.0,594.0,594.0,593.0,592.0,462.0,462.0,462.0,462.0,462.0,462.0,462.0,461.0,461.0,461.0
real,120,gulf,9,LSTM-rec,1,crossing,1,110,102,0.23580182921990672,100.0,99.0,89.0,89.0,88.0,82.0,81.0,80.0,79.0,78.0,77.0,76.0,75.0,75.0,74.0,73.0,73.0,72.0,71.0,71.0
real,120,gulf,9,LSTM-rec,1,crossing,2,113,77,0.5620636932961912,76.0,75.0,74.0,73.0,72.0,72.0,71.0,69.0,69.0,68.0,67.0,66.0,65.0,64.0,64.0,63.0,62.0,62.0,61.0,61.0
real,120,gulf,9,LSTM-rec,1,crossing,3,255,65,0.28781293969676514,64.0,63.0,62.0,61.0,60.0,59.0,58.0,57.0,56.0,56.0,55.0,54.0,53.0,52.0,52.0,51.0,51.0,50.0,49.0,49.0
real,120,gulf,9,LSTM-rec,1,crossing,4,290,14,0.3750269579326928,12.0,12.0,11.0,10.0,10.0,9.0,8.0,6.0,6.0,6.0,6.0,6.0,6.0,6.0,6.0,6.0,6.0,6.0,6.0,6.0
real,120,gulf,9,LSTM-rec,1,crossing,5,333,123,0.4109898021440506,122.0,121.0,120.0,119.0,118.0,117.0,116.0,115.0,114.0,113.0,112.0,112.0,111.0,110.0,110.0,109.0,108.0,108.0,107.0,106.0
real,120,gulf,9,LSTM-rec,1,crossing,6,348,527,0.1262809435357994,526.0,525.0,524.0,523.0,522.0,521.0,520.0,519.0,518.0,518.0,517.0,516.0,516.0,515.0,514.0,513.0,513.0,512.0,511.0,510.0
real,120,gulf,9,LSTM-rec,1,crossing,7,408,22,0.18378040114422425,20.0,19.0,18.0,17.0,16.0,15.0,15.0,14.0,13.0,12.0,11.0,11.0,10.0,9.0,9.0,8.0,7.0,7.0,6.0,6.0
real,120,gulf,9,LSTM-rec,1,crossing,8,486,34,0.3558965523110011,33.0,32.0,31.0,30.0,29.0,29.0,28.0,27.0,26.0,25.0,25.0,24.0,23.0,23.0,22.0,21.0,20.0,20.0,19.0,18.0
real,120,gulf,9,LSTM-ms,1,buffer,0,17,601,0.19900227969232487,188.0,187.0,186.0,185.0,184.0,182.0,181.0,180.0,178.0,177.0,133.0,133.0,133.0,133.0,132.0,132.0,130.0,130.0,123.0,122.0
real,120,gulf,9,LSTM-ms,1,buffer,1,110,102,0.23580182921990672,78.0,77.0,76.0,75.0,74.0,73.0,72.0,71.0,71.0,70.0,69.0,68.0,67.0,66.0,65.0,65.0,64.0,63.0,63.0,62.0
real,120,gulf,9,LSTM-ms,1,buffer,2,113,77,0.5620636932961912,71.0,70.0,69.0,68.0,67.0,66.0,65.0,64.0,64.0,63.0,62.0,61.0,60.0,60.0,59.0,58.0,58.0,57.0,56.0,56.0
real,120,gulf,9,LSTM-ms,1,buffer,3,255,65,0.28781293969676514,59.0,58.0,57.0,56.0,55.0,54.0,53.0,52.0,52.0,51.0,50.0,49.0,49.0,48.0,47.0,46.0,46.0,45.0,45.0,44.0
real,120,gulf,9,LSTM-ms,1,buffer,4,290,14,0.3750269579326928,6.0,6.0,6.0,6.0,6.0,6.0,6.0,6.0,6.0,6.0,6.0,6.0,6.0,6.0,6.0,6.0,6.0,6.0,6.0,6.0
real,120,gulf,9,LSTM-ms,1,buffer,5,333,123,0.4109898021440506,113.0,112.0,111.0,110.0,109.0,108.0,107.0,106.0,105.0,105.0,104.0,103.0,102.0,101.0,101.0,100.0,99.0,98.0,97.0,97.0
real,120,gulf,9,LSTM-ms,1,buffer,6,348,527,0.1262809435357994,510.0,509.0,508.0,507.0,506.0,505.0,504.0,502.0,501.0,500.0,499.0,498.0,498.0,497.0,496.0,495.0,494.0,494.0,493.0,492.0
real,120,gulf,9,LSTM-ms,1,buffer,7,408,22,0.18378040114422425,9.0,8.0,7.0,6.0,6.0,6.0,6.0,6.0,6.0,6.0,6.0,6.0,6.0,6.0,6.0,6.0,6.0,6.0,6.0,6.0
real,120,gulf,9,LSTM-ms,1,buffer,8,486,34,0.3558965523110011,24.0,23.0,22.0,21.0,20.0,18.0,18.0,16.0,15.0,14.0,13.0,12.0,11.0,10.0,10.0,8.0,8.0,7.0,6.0,6.0
real,120,gulf,9,LSTM-ms,1,crossing,0,17,601,0.19900227969232487,599.0,599.0,597.0,596.0,595.0,594.0,592.0,591.0,462.0,462.0,462.0,462.0,461.0,461.0,192.0,191.0,191.0,190.0,189.0,187.0
real,120,gulf,9,LSTM-ms,1,crossing,1,110,102,0.23580182921990672,100.0,98.0,89.0,88.0,88.0,81.0,80.0,79.0,78.0,77.0,76.0,75.0,74.0,74.0,73.0,72.0,71.0,70.0,70.0,69.0
real,120,gulf,9,LSTM-ms,1,crossing,2,113,77,0.5620636932961912,76.0,75.0,74.0,73.0,72.0,71.0,71.0,69.0,68.0,67.0,66.0,66.0,65.0,64.0,63.0,62.0,62.0,61.0,61.0,60.0
real,120,gulf,9,LSTM-ms,1,crossing,3,255,65,0.28781293969676514,64.0,63.0,62.0,61.0,60.0,59.0,58.0,57.0,56.0,56.0,54.0,53.0,53.0,52.0,51.0,51.0,50.0,49.0,49.0,48.0
real,120,gulf,9,LSTM-ms,1,crossing,4,290,14,0.3750269579326928,12.0,11.0,11.0,10.0,9.0,9.0,6.0,6.0,6.0,6.0,6.0,6.0,6.0,6.0,6.0,6.0,6.0,6.0,6.0,6.0
real,120,gulf,9,LSTM-ms,1,crossing,5,333,123,0.4109898021440506,122.0,121.0,120.0,119.0,118.0,116.0,115.0,114.0,113.0,112.0,111.0,110.0,110.0,109.0,108.0,107.0,107.0,106.0,105.0,105.0
real,120,gulf,9,LSTM-ms,1,crossing,6,348,527,0.1262809435357994,525.0,524.0,523.0,522.0,521.0,520.0,519.0,518.0,517.0,516.0,515.0,514.0,513.0,512.0,511.0,510.0,509.0,509.0,508.0,507.0
real,120,gulf,9,LSTM-ms,1,crossing,7,408,22,0.18378040114422425,20.0,19.0,18.0,17.0,16.0,15.0,14.0,13.0,12.0,11.0,10.0,9.0,8.0,8.0,7.0,6.0,6.0,6.0,6.0,6.0
real,120,gulf,9,LSTM-ms,1,crossing,8,486,34,0.3558965523110011,33.0,32.0,31.0,30.0,29.0,28.0,27.0,26.0,25.0,24.0,23.0,23.0,22.0,21.0,20.0,19.0,18.0,17.0,16.0,15.0
real,120,gulf,9,LSTM-rec,2,buffer,0,17,601,0.19900227969232487,188.0,188.0,187.0,187.0,186.0,185.0,185.0,185.0,184.0,184.0,183.0,183.0,183.0,183.0,183.0,182.0,182.0,182.0,182.0,182.0
real,120,gulf,9,LSTM-rec,2,buffer,1,110,102,0.23580182921990672,78.0,78.0,77.0,76.0,75.0,75.0,74.0,73.0,73.0,72.0,72.0,71.0,71.0,71.0,70.0,70.0,70.0,69.0,69.0,69.0
real,120,gulf,9,LSTM-rec,2,buffer,2,113,77,0.5620636932961912,71.0,70.0,69.0,69.0,68.0,67.0,66.0,66.0,65.0,64.0,64.0,63.0,62.0,62.0,62.0,61.0,61.0,60.0,60.0,60.0
real,120,gulf,9,LSTM-rec,2,buffer,3,255,65,0.28781293969676514,59.0,58.0,57.0,57.0,56.0,55.0,54.0,53.0,53.0,52.0,52.0,51.0,50.0,50.0,50.0,49.0,49.0,48.0,48.0,47.0
real,120,gulf,9,LSTM-rec,2,buffer,4,290,14,0.3750269579326928,6.0,6.0,6.0,6.0,6.0,6.0,6.0,6.0,6.0,6.0,6.0,6.0,6.0,6.0,6.0,6.0,6.0,6.0,6.0,6.0
real,120,gulf,9,LSTM-rec,2,buffer,5,333,123,0.4109898021440506,113.0,113.0,112.0,111.0,110.0,110.0,109.0,108.0,108.0,107.0,107.0,106.0,106.0,105.0,105.0,105.0,104.0,104.0,104.0,103.0
real,120,gulf,9,LSTM-rec,2,buffer,6,348,527,0.1262809435357994,510.0,510.0,509.0,508.0,507.0,507.0,506.0,506.0,505.0,504.0,504.0,503.0,503.0,503.0,502.0,502.0,502.0,502.0,501.0,501.0
real,120,gulf,9,LSTM-rec,2,buffer,7,408,22,0.18378040114422425,9.0,8.0,7.0,7.0,6.0,6.0,6.0,6.0,6.0,6.0,6.0,6.0,6.0,6.0,6.0,6.0,6.0,6.0,6.0,6.0
real,120,gulf,9,LSTM-rec,2,buffer,8,486,34,0.3558965523110011,24.0,23.0,22.0,22.0,21.0,20.0,20.0,19.0,19.0,18.0,18.0,17.0,16.0,16.0,16.0,15.0,15.0,15.0,15.0,15.0
real,120,gulf,9,LSTM-rec,2,crossing,0,17,601,0.19900227969232487,600.0,599.0,598.0,598.0,597.0,596.0,596.0,596.0,595.0,595.0,594.0,594.0,594.0,462.0,462.0,462.0,462.0,462.0,462.0,462.0
real,120,gulf,9,LSTM-rec,2,crossing,1,110,102,0.23580182921990672,101.0,100.0,89.0,89.0,89.0,88.0,82.0,81.0,81.0,80.0,79.0,79.0,78.0,78.0,77.0,77.0,77.0,77.0,76.0,76.0
real,120,gulf,9,LSTM-rec,2,crossing,2,113,77,0.5620636932961912,76.0,75.0,75.0,74.0,73.0,72.0,71.0,71.0,70.0,69.0,68.0,68.0,67.0,66.0,66.0,66.0,65.0,65.0,64.0,64.0
real,120,gulf,9,LSTM-rec,2,crossing,3,255,65,0.28781293969676514,64.0,63.0,62.0,61.0,60.0,59.0,59.0,58.0,57.0,57.0,56.0,56.0,55.0,54.0,54.0,53.0,53.0,52.0,52.0,52.0
real,120,gulf,9,LSTM-rec,2,crossing,4,290,14,0.3750269579326928,12.0,12.0,11.0,11.0,10.0,10.0,9.0,8.0,7.0,6.0,6.0,6.0,6.0,6.0,6.0,6.0,6.0,6.0,6.0,6.0
real,120,gulf,9,LSTM-rec,2,crossing,5,333,123,0.4109898021440506,122.0,121.0,120.0,119.0,119.0,118.0,117.0,116.0,116.0,115.0,115.0,114.0,114.0,113.0,113.0,112.0,112.0,112.0,111.0,111.0
real,120,gulf,9,LSTM-rec,2,crossing,6,348,527,0.1262809435357994,526.0,525.0,524.0,523.0,523.0,522.0,521.0,521.0,520.0,520.0,519.0,519.0,518.0,518.0,518.0,517.0,517.0,517.0,517.0,516.0
real,120,gulf,9,LSTM-rec,2,crossing,7,408,22,0.18378040114422425,20.0,19.0,18.0,18.0,17.0,16.0,15.0,15.0,14.0,13.0,13.0,12.0,12.0,11.0,11.0,11.0,10.0,10.0,9.0,9.0
real,120,gulf,9,LSTM-rec,2,crossing,8,486,34,0.3558965523110011,33.0,32.0,31.0,31.0,30.0,29.0,29.0,29.0,28.0,28.0,27.0,27.0,26.0,26.0,26.0,25.0,25.0,25.0,25.0,25.0
real,120,gulf,9,LSTM-ms,2,buffer,0,17,601,0.19900227969232487,189.0,188.0,187.0,186.0,186.0,185.0,184.0,183.0,182.0,181.0,180.0,179.0,178.0,177.0,177.0,176.0,133.0,133.0,133.0,133.0
real,120,gulf,9,LSTM-ms,2,buffer,1,110,102,0.23580182921990672,79.0,78.0,77.0,76.0,75.0,74.0,73.0,73.0,72.0,71.0,70.0,69.0,69.0,68.0,67.0,67.0,66.0,65.0,65.0,64.0
real,120,gulf,9,LSTM-ms,2,buffer,2,113,77,0.5620636932961912,71.0,71.0,70.0,69.0,68.0,67.0,66.0,65.0,64.0,64.0,63.0,62.0,62.0,61.0,60.0,60.0,59.0,59.0,58.0,57.0
real,120,gulf,9,LSTM-ms,2,buffer,3,255,65,0.28781293969676514,59.0,58.0,57.0,57.0,56.0,55.0,54.0,53.0,52.0,52.0,51.0,50.0,50.0,49.0,49.0,48.0,47.0,46.0,46.0,45.0
real,120,gulf,9,LSTM-ms,2,buffer,4,290,14,0.3750269579326928,6.0,6.0,6.0,6.0,6.0,6.0,6.0,6.0,6.0,6.0,6.0,6.0,6.0,6.0,6.0,6.0,6.0,6.0,6.0,6.0
real,120,gulf,9,LSTM-ms,2,buffer,5,333,123,0.4109898021440506,114.0,113.0,112.0,111.0,110.0,109.0,109.0,108.0,107.0,106.0,105.0,105.0,104.0,103.0,103.0,102.0,101.0,101.0,100.0,99.0
real,120,gulf,9,LSTM-ms,2,buffer,6,348,527,0.1262809435357994,511.0,510.0,509.0,508.0,507.0,507.0,506.0,505.0,504.0,503.0,502.0,502.0,501.0,500.0,499.0,499.0,498.0,498.0,497.0,496.0
real,120,gulf,9,LSTM-ms,2,buffer,7,408,22,0.18378040114422425,9.0,8.0,8.0,7.0,6.0,6.0,6.0,6.0,6.0,6.0,6.0,6.0,6.0,6.0,6.0,6.0,6.0,6.0,6.0,6.0
real,120,gulf,9,LSTM-ms,2,buffer,8,486,34,0.3558965523110011,24.0,23.0,22.0,21.0,21.0,20.0,19.0,18.0,17.0,16.0,15.0,14.0,13.0,13.0,12.0,11.0,11.0,10.0,9.0,8.0
real,120,gulf,9,LSTM-ms,2,crossing,0,17,601,0.19900227969232487,600.0,599.0,599.0,598.0,597.0,596.0,595.0,594.0,594.0,593.0,592.0,591.0,591.0,465.0,465.0,462.0,462.0,462.0,462.0,462.0
real,120,gulf,9,LSTM-ms,2,crossing,1,110,102,0.23580182921990672,101.0,100.0,100.0,89.0,89.0,83.0,81.0,81.0,79.0,78.0,78.0,77.0,76.0,75.0,75.0,74.0,73.0,73.0,72.0,71.0
real,120,gulf,9,LSTM-ms,2,crossing,2,113,77,0.5620636932961912,76.0,75.0,75.0,74.0,73.0,72.0,71.0,70.0,69.0,68.0,67.0,67.0,66.0,65.0,65.0,64.0,63.0,63.0,62.0,62.0
real,120,gulf,9,LSTM-ms,2,crossing,3,255,65,0.28781293969676514,64.0,63.0,62.0,61.0,60.0,59.0,59.0,58.0,57.0,56.0,56.0,55.0,54.0,53.0,53.0,52.0,52.0,51.0,50.0,50.0
real,120,gulf,9,LSTM-ms,2,crossing,4,290,14,0.3750269579326928,12.0,12.0,11.0,10.0,10.0,9.0,9.0,8.0,6.0,6.0,6.0,6.0,6.0,6.0,6.0,6.0,6.0,6.0,6.0,6.0
real,120,gulf,9,LSTM-ms,2,crossing,5,333,123,0.4109898021440506,122.0,121.0,120.0,119.0,119.0,118.0,117.0,116.0,115.0,114.0,113.0,112.0,112.0,111.0,110.0,110.0,109.0,108.0,107.0,107.0
real,120,gulf,9,LSTM-ms,2,crossing,6,348,527,0.1262809435357994,526.0,525.0,524.0,523.0,523.0,522.0,521.0,520.0,519.0,518.0,518.0,517.0,516.0,516.0,515.0,514.0,513.0,513.0,512.0,511.0
real,120,gulf,9,LSTM-ms,2,crossing,7,408,22,0.18378040114422425,21.0,20.0,19.0,18.0,17.0,16.0,15.0,15.0,14.0,13.0,12.0,12.0,11.0,10.0,10.0,9.0,8.0,8.0,7.0,6.0
real,120,gulf,9,LSTM-ms,2,crossing,8,486,34,0.3558965523110011,33.0,32.0,31.0,31.0,30.0,29.0,28.0,28.0,27.0,26.0,25.0,24.0,24.0,23.0,23.0,22.0,21.0,20.0,19.0,19.0
real,120,gulf,9,LSTM-rec,3,buffer,0,17,601,0.19900227969232487,188.0,187.0,187.0,186.0,185.0,185.0,184.0,184.0,183.0,183.0,182.0,181.0,181.0,180.0,180.0,180.0,180.0,180.0,180.0,180.0
real,120,gulf,9,LSTM-rec,3,buffer,1,110,102,0.23580182921990672,78.0,78.0,77.0,76.0,75.0,74.0,73.0,73.0,72.0,71.0,71.0,70.0,69.0,69.0,68.0,68.0,67.0,67.0,67.0,66.0
real,120,gulf,9,LSTM-rec,3,buffer,2,113,77,0.5620636932961912,71.0,70.0,69.0,69.0,68.0,67.0,66.0,66.0,65.0,64.0,64.0,63.0,62.0,62.0,62.0,61.0,61.0,60.0,60.0,60.0
real,120,gulf,9,LSTM-rec,3,buffer,3,255,65,0.28781293969676514,59.0,58.0,57.0,57.0,56.0,55.0,54.0,54.0,53.0,52.0,52.0,51.0,51.0,50.0,50.0,50.0,49.0,49.0,49.0,48.0
real,120,gulf,9,LSTM-rec,3,buffer,4,290,14,0.3750269579326928,6.0,6.0,6.0,6.0,6.0,6.0,6.0,6.0,6.0,6.0,6.0,6.0,6.0,6.0,6.0,6.0,6.0,6.0,6.0,6.0
real,120,gulf,9,LSTM-rec,3,buffer,5,333,123,0.4109898021440506,113.0,113.0,112.0,111.0,110.0,109.0,109.0,108.0,107.0,107.0,106.0,106.0,105.0,105.0,104.0,104.0,103.0,103.0,102.0,102.0
real,120,gulf,9,LSTM-rec,3,buffer,6,348,527,0.1262809435357994,510.0,510.0,509.0,508.0,507.0,507.0,506.0,506.0,505.0,505.0,504.0,504.0,503.0,503.0,503.0,503.0,502.0,502.0,502.0,502.0
real,120,gulf,9,LSTM-rec,3,buffer,7,408,22,0.18378040114422425,9.0,8.0,7.0,7.0,6.0,6.0,6.0,6.0,6.0,6.0,6.0,6.0,6.0,6.0,6.0,6.0,6.0,6.0,6.0,6.0
real,120,gulf,9,LSTM-rec,3,buffer,8,486,34,0.3558965523110011,24.0,23.0,22.0,21.0,20.0,19.0,19.0,18.0,17.0,16.0,15.0,15.0,14.0,14.0,13.0,12.0,12.0,11.0,11.0,11.0
real,120,gulf,9,LSTM-rec,3,crossing,0,17,601,0.19900227969232487,599.0,599.0,598.0,598.0,597.0,596.0,596.0,595.0,594.0,594.0,594.0,594.0,593.0,593.0,592.0,592.0,462.0,462.0,462.0,462.0
real,120,gulf,9,LSTM-rec,3,crossing,1,110,102,0.23580182921990672,100.0,100.0,89.0,89.0,89.0,82.0,81.0,81.0,80.0,79.0,78.0,77.0,77.0,76.0,76.0,75.0,75.0,74.0,74.0,73.0
real,120,gulf,9,LSTM-rec,3,crossing,2,113,77,0.5620636932961912,76.0,75.0,74.0,74.0,73.0,72.0,71.0,71.0,70.0,69.0,68.0,68.0,67.0,67.0,66.0,66.0,65.0,65.0,64.0,64.0
real,120,gulf,9,LSTM-rec,3,crossing,3,255,65,0.28781293969676514,64.0,63.0,62.0,61.0,60.0,59.0,59.0,58.0,58.0,57.0,56.0,56.0,56.0,55.0,54.0,54.0,53.0,53.0,53.0,52.0
real,120,gulf,9,LSTM-rec,3,crossing,4,290,14,0.3750269579326928,12.0,12.0,11.0,10.0,10.0,9.0,9.0,7.0,6.0,6.0,6.0,6.0,6.0,6.0,6.0,6.0,6.0,6.0,6.0,6.0
real,120,gulf,9,LSTM-rec,3,crossing,5,333,123,0.4109898021440506,122.0,121.0,120.0,119.0,119.0,118.0,117.0,116.0,115.0,115.0,114.0,113.0,113.0,112.0,112.0,111.0,111.0,110.0,110.0,110.0
real,120,gulf,9,LSTM-rec,3,crossing,6,348,527,0.1262809435357994,526.0,525.0,524.0,523.0,523.0,522.0,521.0,521.0,520.0,520.0,519.0,519.0,518.0,518.0,518.0,518.0,518.0,518.0,517.0,517.0
real,120,gulf,9,LSTM-rec,3,crossing,7,408,22,0.18378040114422425,20.0,19.0,19.0,18.0,17.0,16.0,16.0,15.0,15.0,14.0,14.0,14.0,13.0,13.0,13.0,13.0,13.0,13.0,13.0,12.0
real,120,gulf,9,LSTM-rec,3,crossing,8,486,34,0.3558965523110011,33.0,32.0,31.0,30.0,30.0,29.0,28.0,28.0,27.0,26.0,25.0,25.0,24.0,24.0,23.0,23.0,23.0,23.0,22.0,21.0
real,120,gulf,9,LSTM-ms,3,buffer,0,17,601,0.19900227969232487,188.0,187.0,187.0,186.0,185.0,185.0,184.0,183.0,183.0,182.0,180.0,180.0,179.0,179.0,178.0,177.0,176.0,133.0,133.0,133.0
real,120,gulf,9,LSTM-ms,3,buffer,1,110,102,0.23580182921990672,78.0,78.0,77.0,76.0,75.0,74.0,74.0,73.0,72.0,72.0,71.0,70.0,70.0,69.0,68.0,68.0,67.0,66.0,66.0,65.0
real,120,gulf,9,LSTM-ms,3,buffer,2,113,77,0.5620636932961912,71.0,70.0,69.0,69.0,68.0,67.0,66.0,66.0,65.0,64.0,63.0,63.0,62.0,62.0,61.0,61.0,60.0,59.0,59.0,58.0
real,120,gulf,9,LSTM-ms,3,buffer,3,255,65,0.28781293969676514,59.0,58.0,57.0,57.0,56.0,55.0,54.0,53.0,53.0,52.0,52.0,51.0,50.0,50.0,49.0,49.0,48.0,47.0,47.0,46.0
real,120,gulf,9,LSTM-ms,3,buffer,4,290,14,0.3750269579326928,6.0,6.0,6.0,6.0,6.0,6.0,6.0,6.0,6.0,6.0,6.0,6.0,6.0,6.0,6.0,6.0,6.0,6.0,6.0,6.0
real,120,gulf,9,LSTM-ms,3,buffer,5,333,123,0.4109898021440506,113.0,113.0,112.0,111.0,110.0,109.0,109.0,108.0,107.0,106.0,106.0,105.0,105.0,104.0,103.0,103.0,102.0,101.0,101.0,100.0
real,120,gulf,9,LSTM-ms,3,buffer,6,348,527,0.1262809435357994,510.0,510.0,509.0,508.0,507.0,506.0,506.0,505.0,504.0,504.0,503.0,502.0,502.0,501.0,500.0,500.0,499.0,498.0,498.0,497.0
real,120,gulf,9,LSTM-ms,3,buffer,7,408,22,0.18378040114422425,9.0,8.0,7.0,6.0,6.0,6.0,6.0,6.0,6.0,6.0,6.0,6.0,6.0,6.0,6.0,6.0,6.0,6.0,6.0,6.0
real,120,gulf,9,LSTM-ms,3,buffer,8,486,34,0.3558965523110011,24.0,23.0,22.0,21.0,21.0,20.0,19.0,18.0,18.0,16.0,16.0,15.0,14.0,14.0,13.0,12.0,11.0,11.0,10.0,10.0
real,120,gulf,9,LSTM-ms,3,crossing,0,17,601,0.19900227969232487,600.0,599.0,598.0,598.0,596.0,596.0,595.0,594.0,594.0,594.0,593.0,592.0,462.0,462.0,462.0,462.0,462.0,462.0,462.0,462.0
real,120,gulf,9,LSTM-ms,3,crossing,1,110,102,0.23580182921990672,101.0,100.0,89.0,89.0,88.0,88.0,82.0,81.0,80.0,79.0,78.0,77.0,77.0,76.0,76.0,75.0,74.0,74.0,73.0,73.0
real,120,gulf,9,LSTM-ms,3,crossing,2,113,77,0.5620636932961912,76.0,75.0,75.0,74.0,73.0,72.0,71.0,71.0,70.0,69.0,68.0,67.0,67.0,66.0,66.0,65.0,64.0,64.0,63.0,62.0
real,120,gulf,9,LSTM-ms,3,crossing,3,255,65,0.28781293969676514,64.0,63.0,62.0,61.0,60.0,60.0,59.0,58.0,57.0,57.0,56.0,55.0,55.0,54.0,53.0,53.0,52.0,52.0,51.0,50.0
real,120,gulf,9,LSTM-ms,3,crossing,4,290,14,0.3750269579326928,12.0,12.0,11.0,10.0,10.0,10.0,9.0,8.0,6.0,6.0,6.0,6.0,6.0,6.0,6.0,6.0,6.0,6.0,6.0,6.0
real,120,gulf,9,LSTM-ms,3,crossing,5,333,123,0.4109898021440506,122.0,121.0,120.0,119.0,119.0,118.0,117.0,116.0,115.0,114.0,114.0,113.0,112.0,111.0,111.0,110.0,110.0,109.0,108.0,108.0
real,120,gulf,9,LSTM-ms,3,crossing,6,348,527,0.1262809435357994,526.0,525.0,524.0,523.0,522.0,522.0,521.0,520.0,519.0,519.0,518.0,517.0,517.0,516.0,516.0,515.0,514.0,514.0,513.0,512.0
real,120,gulf,9,LSTM-ms,3,crossing,7,408,22,0.18378040114422425,20.0,19.0,18.0,18.0,17.0,16.0,15.0,15.0,14.0,13.0,13.0,12.0,11.0,11.0,10.0,9.0,9.0,8.0,8.0,7.0
real,120,gulf,9,LSTM-ms,3,crossing,8,486,34,0.3558965523110011,33.0,32.0,31.0,31.0,30.0,29.0,29.0,28.0,27.0,27.0,26.0,25.0,25.0,24.0,23.0,23.0,23.0,22.0,21.0,20.0
real,120,gulf,9,LSTM-rec,4,buffer,0,17,601,0.19900227969232487,188.0,187.0,186.0,185.0,184.0,182.0,180.0,179.0,177.0,176.0,174.0,133.0,132.0,130.0,123.0,122.0,121.0,120.0,119.0,118.0
real,120,gulf,9,LSTM-rec,4,buffer,1,110,102,0.23580182921990672,78.0,77.0,76.0,76.0,75.0,74.0,73.0,72.0,71.0,70.0,69.0,68.0,67.0,67.0,66.0,65.0,64.0,63.0,62.0,61.0
real,120,gulf,9,LSTM-rec,4,buffer,2,113,77,0.5620636932961912,71.0,70.0,69.0,68.0,67.0,66.0,65.0,64.0,64.0,63.0,62.0,61.0,60.0,60.0,59.0,58.0,57.0,57.0,56.0,55.0
real,120,gulf,9,LSTM-rec,4,buffer,3,255,65,0.28781293969676514,59.0,58.0,57.0,56.0,55.0,54.0,53.0,53.0,52.0,51.0,50.0,49.0,49.0,48.0,47.0,46.0,45.0,45.0,44.0,43.0
real,120,gulf,9,LSTM-rec,4,buffer,4,290,14,0.3750269579326928,6.0,6.0,6.0,6.0,6.0,6.0,6.0,6.0,6.0,6.0,6.0,6.0,6.0,6.0,6.0,6.0,6.0,6.0,6.0,6.0
real,120,gulf,9,LSTM-rec,4,buffer,5,333,123,0.4109898021440506,113.0,112.0,111.0,110.0,109.0,108.0,107.0,106.0,105.0,105.0,103.0,102.0,102.0,101.0,100.0,98.0,97.0,96.0,96.0,95.0
real,120,gulf,9,LSTM-rec,4,buffer,6,348,527,0.1262809435357994,510.0,509.0,508.0,507.0,506.0,505.0,503.0,502.0,501.0,500.0,498.0,497.0,496.0,494.0,493.0,491.0,490.0,488.0,486.0,485.0
real,120,gulf,9,LSTM-rec,4,buffer,7,408,22,0.18378040114422425,9.0,8.0,7.0,6.0,6.0,6.0,6.0,6.0,6.0,6.0,6.0,6.0,6.0,6.0,6.0,6.0,6.0,6.0,6.0,6.0
real,120,gulf,9,LSTM-rec,4,buffer,8,486,34,0.3558965523110011,24.0,23.0,22.0,21.0,20.0,19.0,18.0,17.0,15.0,14.0,13.0,12.0,11.0,10.0,9.0,8.0,7.0,6.0,6.0,6.0
real,120,gulf,9,LSTM-rec,4,crossing,0,17,601,0.19900227969232487,599.0,599.0,598.0,596.0,595.0,594.0,592.0,591.0,462.0,462.0,462.0,462.0,192.0,190.0,188.0,187.0,185.0,184.0,181.0,179.0
real,120,gulf,9,LSTM-rec,4,crossing,1,110,102,0.23580182921990672,100.0,99.0,89.0,89.0,88.0,82.0,81.0,79.0,78.0,77.0,76.0,76.0,75.0,74.0,73.0,72.0,71.0,70.0,69.0,69.0
real,120,gulf,9,LSTM-rec,4,crossing,2,113,77,0.5620636932961912,76.0,75.0,74.0,73.0,72.0,71.0,71.0,69.0,68.0,67.0,66.0,66.0,65.0,64.0,63.0,62.0,62.0,61.0,60.0,60.0
real,120,gulf,9,LSTM-rec,4,crossing,3,255,65,0.28781293969676514,64.0,63.0,62.0,61.0,60.0,59.0,58.0,57.0,56.0,56.0,54.0,53.0,53.0,52.0,51.0,50.0,50.0,49.0,48.0,47.0
real,120,gulf,9,LSTM-rec,4,crossing,4,290,14,0.3750269579326928,12.0,12.0,11.0,10.0,10.0,9.0,8.0,6.0,6.0,6.0,6.0,6.0,6.0,6.0,6.0,6.0,6.0,6.0,6.0,6.0
real,120,gulf,9,LSTM-rec,4,crossing,5,333,123,0.4109898021440506,122.0,121.0,120.0,119.0,118.0,117.0,115.0,114.0,113.0,112.0,111.0,110.0,109.0,108.0,107.0,106.0,105.0,104.0,103.0,102.0
real,120,gulf,9,LSTM-rec,4,crossing,6,348,527,0.1262809435357994,526.0,525.0,523.0,522.0,521.0,520.0,519.0,517.0,516.0,515.0,513.0,512.0,511.0,509.0,508.0,506.0,505.0,503.0,502.0,500.0
real,120,gulf,9,LSTM-rec,4,crossing,7,408,22,0.18378040114422425,20.0,19.0,18.0,17.0,16.0,15.0,14.0,13.0,12.0,10.0,9.0,8.0,7.0,6.0,6.0,6.0,6.0,6.0,6.0,6.0
real,120,gulf,9,LSTM-rec,4,crossing,8,486,34,0.3558965523110011,33.0,32.0,31.0,30.0,29.0,28.0,27.0,26.0,25.0,24.0,24.0,23.0,22.0,21.0,20.0,18.0,17.0,16.0,15.0,13.0
real,120,gulf,9,LSTM-ms,4,buffer,0,17,601,0.19900227969232487,189.0,187.0,187.0,186.0,185.0,185.0,184.0,184.0,183.0,183.0,182.0,180.0,180.0,180.0,179.0,178.0,177.0,133.0,133.0,133.0
real,120,gulf,9,LSTM-ms,4,buffer,1,110,102,0.23580182921990672,78.0,78.0,77.0,76.0,75.0,74.0,73.0,73.0,72.0,71.0,71.0,70.0,69.0,69.0,68.0,67.0,67.0,66.0,65.0,65.0
real,120,gulf,9,LSTM-ms,4,buffer,2,113,77,0.5620636932961912,71.0,70.0,69.0,68.0,67.0,66.0,66.0,65.0,64.0,63.0,62.0,62.0,61.0,61.0,60.0,59.0,59.0,58.0,57.0,57.0
real,120,gulf,9,LSTM-ms,4,buffer,3,255,65,0.28781293969676514,59.0,58.0,57.0,56.0,56.0,55.0,54.0,53.0,52.0,52.0,51.0,50.0,49.0,49.0,48.0,47.0,47.0,46.0,45.0,45.0
real,120,gulf,9,LSTM-ms,4,buffer,4,290,14,0.3750269579326928,6.0,6.0,6.0,6.0,6.0,6.0,6.0,6.0,6.0,6.0,6.0,6.0,6.0,6.0,6.0,6.0,6.0,6.0,6.0,6.0
real,120,gulf,9,LSTM-ms,4,buffer,5,333,123,0.4109898021440506,114.0,113.0,112.0,111.0,110.0,109.0,109.0,108.0,107.0,106.0,106.0,105.0,105.0,104.0,103.0,103.0,102.0,101.0,101.0,101.0
real,120,gulf,9,LSTM-ms,4,buffer,6,348,527,0.1262809435357994,511.0,510.0,509.0,508.0,507.0,507.0,506.0,505.0,505.0,504.0,503.0,503.0,502.0,502.0,501.0,500.0,500.0,499.0,499.0,498.0
real,120,gulf,9,LSTM-ms,4,buffer,7,408,22,0.18378040114422425,9.0,8.0,7.0,7.0,6.0,6.0,6.0,6.0,6.0,6.0,6.0,6.0,6.0,6.0,6.0,6.0,6.0,6.0,6.0,6.0
real,120,gulf,9,LSTM-ms,4,buffer,8,486,34,0.3558965523110011,24.0,23.0,22.0,21.0,21.0,20.0,19.0,18.0,18.0,17.0,16.0,15.0,14.0,14.0,13.0,12.0,11.0,11.0,10.0,10.0
real,120,gulf,9,LSTM-ms,4,crossing,0,17,601,0.19900227969232487,599.0,599.0,598.0,598.0,597.0,596.0,596.0,595.0,594.0,594.0,594.0,462.0,462.0,462.0,462.0,462.0,462.0,462.0,462.0,461.0
real,120,gulf,9,LSTM-ms,4,crossing,1,110,102,0.23580182921990672,101.0,100.0,89.0,89.0,88.0,88.0,82.0,81.0,80.0,79.0,78.0,77.0,77.0,76.0,75.0,75.0,74.0,73.0,73.0,72.0
real,120,gulf,9,LSTM-ms,4,crossing,2,113,77,0.5620636932961912,76.0,75.0,74.0,73.0,73.0,72.0,71.0,70.0,69.0,68.0,67.0,66.0,66.0,65.0,64.0,63.0,63.0,62.0,62.0,61.0
real,120,gulf,9,LSTM-ms,4,crossing,3,255,65,0.28781293969676514,64.0,63.0,62.0,61.0,60.0,59.0,58.0,57.0,57.0,56.0,56.0,54.0,54.0,53.0,52.0,52.0,51.0,50.0,50.0,49.0
real,120,gulf,9,LSTM-ms,4,crossing,4,290,14,0.3750269579326928,12.0,12.0,11.0,10.0,10.0,9.0,9.0,6.0,6.0,6.0,6.0,6.0,6.0,6.0,6.0,6.0,6.0,6.0,6.0,6.0
real,120,gulf,9,LSTM-ms,4,crossing,5,333,123,0.4109898021440506,122.0,121.0,120.0,119.0,119.0,118.0,117.0,116.0,115.0,115.0,114.0,113.0,112.0,112.0,111.0,110.0,110.0,109.0,109.0,108.0
real,120,gulf,9,LSTM-ms,4,crossing,6,348,527,0.1262809435357994,526.0,525.0,524.0,523.0,523.0,522.0,521.0,521.0,520.0,519.0,519.0,518.0,517.0,517.0,516.0,516.0,515.0,514.0,514.0,513.0
real,120,gulf,9,LSTM-ms,4,crossing,7,408,22,0.18378040114422425,20.0,19.0,18.0,18.0,17.0,16.0,15.0,15.0,14.0,13.0,13.0,12.0,12.0,11.0,11.0,10.0,9.0,9.0,8.0,8.0
real,120,gulf,9,LSTM-ms,4,crossing,8,486,34,0.3558965523110011,33.0,32.0,31.0,31.0,30.0,29.0,28.0,28.0,27.0,27.0,26.0,25.0,25.0,24.0,23.0,23.0,23.0,22.0,21.0,20.0
real,120,gulf,10,Reactive,0,zone,0,92,41,0.4235551973290665,37.0,37.0,37.0,37.0,37.0,37.0,37.0,37.0,37.0,37.0,37.0,37.0,37.0,37.0,37.0,37.0,37.0,37.0,37.0,37.0
real,120,gulf,10,Reactive,0,zone,1,108,508,0.17375165477961377,504.0,504.0,504.0,504.0,504.0,504.0,504.0,504.0,504.0,504.0,504.0,504.0,504.0,504.0,504.0,504.0,504.0,504.0,504.0,504.0
real,120,gulf,10,Reactive,0,zone,2,149,229,0.12397595547337543,225.0,225.0,225.0,225.0,225.0,225.0,225.0,225.0,225.0,225.0,225.0,225.0,225.0,225.0,225.0,225.0,225.0,225.0,225.0,225.0
real,120,gulf,10,Reactive,0,zone,3,276,43,0.2056234088772977,11.0,11.0,11.0,11.0,11.0,11.0,11.0,11.0,11.0,11.0,11.0,11.0,11.0,11.0,11.0,11.0,11.0,11.0,11.0,11.0
real,120,gulf,10,Reactive,0,zone,4,324,467,0.1993477235669077,463.0,463.0,463.0,463.0,463.0,463.0,463.0,463.0,463.0,463.0,463.0,463.0,463.0,463.0,463.0,463.0,463.0,463.0,463.0,463.0
real,120,gulf,10,Reactive,0,zone,5,327,659,0.09391636577513113,651.0,651.0,651.0,651.0,651.0,651.0,651.0,651.0,651.0,651.0,651.0,651.0,651.0,651.0,651.0,651.0,651.0,651.0,651.0,651.0
real,120,gulf,10,Reactive,0,zone,6,332,586,0.15738216149807072,580.0,580.0,580.0,580.0,580.0,580.0,580.0,580.0,580.0,580.0,580.0,580.0,580.0,580.0,580.0,580.0,580.0,580.0,580.0,580.0
real,120,gulf,10,Reactive,0,zone,7,337,36,0.17103813232102552,0.0,0.0,0.0,0.0,0.0,0.0,0.0,0.0,0.0,0.0,0.0,0.0,0.0,0.0,0.0,0.0,0.0,0.0,0.0,0.0
real,120,gulf,10,Reactive,0,zone,8,346,63,0.20179138006429215,58.0,58.0,58.0,58.0,58.0,58.0,58.0,58.0,58.0,58.0,58.0,58.0,58.0,58.0,58.0,58.0,58.0,58.0,58.0,58.0
real,120,gulf,10,Reactive,0,zone,9,372,80,0.4584527507579535,76.0,76.0,76.0,76.0,76.0,76.0,76.0,76.0,76.0,76.0,76.0,76.0,76.0,76.0,76.0,76.0,76.0,76.0,76.0,76.0
real,120,gulf,10,Reactive,0,zone,10,401,179,0.27015042459883754,175.0,175.0,175.0,175.0,175.0,175.0,175.0,175.0,175.0,175.0,175.0,175.0,175.0,175.0,175.0,175.0,175.0,175.0,175.0,175.0
real,120,gulf,10,Reactive,0,zone,11,435,72,0.31601892030546674,68.0,68.0,68.0,68.0,68.0,68.0,68.0,68.0,68.0,68.0,68.0,68.0,68.0,68.0,68.0,68.0,68.0,68.0,68.0,68.0
real,120,gulf,10,Reactive,0,zone,12,444,179,0.2089767543102783,169.0,169.0,169.0,169.0,169.0,169.0,169.0,169.0,169.0,169.0,169.0,169.0,169.0,169.0,169.0,169.0,169.0,169.0,169.0,169.0
real,120,gulf,10,Reactive,0,zone,13,458,231,0.25925038726184646,226.0,226.0,226.0,226.0,226.0,226.0,226.0,226.0,226.0,226.0,226.0,226.0,226.0,226.0,226.0,226.0,226.0,226.0,226.0,226.0
real,120,gulf,10,Reactive,0,zone,14,465,200,0.22787405517687517,196.0,196.0,196.0,196.0,196.0,196.0,196.0,196.0,196.0,196.0,196.0,196.0,196.0,196.0,196.0,196.0,196.0,196.0,196.0,196.0
real,120,gulf,10,Reactive,0,zone,15,483,211,0.17417043005953228,206.0,206.0,206.0,206.0,206.0,206.0,206.0,206.0,206.0,206.0,206.0,206.0,206.0,206.0,206.0,206.0,206.0,206.0,206.0,206.0
real,120,gulf,10,Analytic,0,buffer,0,92,41,0.4235551973290665,36.0,35.0,34.0,33.0,32.0,32.0,31.0,31.0,30.0,29.0,28.0,28.0,27.0,26.0,26.0,25.0,25.0,23.0,23.0,22.0
real,120,gulf,10,Analytic,0,buffer,1,108,508,0.17375165477961377,503.0,502.0,501.0,500.0,500.0,498.0,497.0,496.0,494.0,493.0,492.0,491.0,490.0,489.0,489.0,488.0,488.0,487.0,487.0,487.0
real,120,gulf,10,Analytic,0,buffer,2,149,229,0.12397595547337543,224.0,223.0,221.0,220.0,219.0,218.0,217.0,216.0,215.0,215.0,214.0,213.0,213.0,212.0,212.0,212.0,211.0,211.0,211.0,211.0
real,120,gulf,10,Analytic,0,buffer,3,276,43,0.2056234088772977,10.0,9.0,6.0,6.0,6.0,6.0,6.0,6.0,6.0,6.0,6.0,6.0,6.0,6.0,6.0,6.0,6.0,6.0,6.0,6.0
real,120,gulf,10,Analytic,0,buffer,4,324,467,0.1993477235669077,462.0,461.0,460.0,459.0,458.0,457.0,456.0,455.0,454.0,453.0,452.0,451.0,450.0,450.0,450.0,449.0,449.0,449.0,449.0,449.0
real,120,gulf,10,Analytic,0,buffer,5,327,659,0.09391636577513113,650.0,649.0,648.0,647.0,645.0,644.0,642.0,642.0,641.0,640.0,639.0,638.0,637.0,637.0,636.0,636.0,636.0,635.0,635.0,635.0
real,120,gulf,10,Analytic,0,buffer,6,332,586,0.15738216149807072,579.0,578.0,577.0,576.0,575.0,574.0,573.0,572.0,570.0,569.0,567.0,566.0,565.0,563.0,562.0,561.0,560.0,559.0,559.0,558.0
real,120,gulf,10,Analytic,0,buffer,7,337,36,0.17103813232102552,6.0,6.0,6.0,6.0,6.0,6.0,6.0,6.0,6.0,6.0,6.0,6.0,6.0,6.0,6.0,6.0,6.0,6.0,6.0,6.0
real,120,gulf,10,Analytic,0,buffer,8,346,63,0.20179138006429215,57.0,57.0,56.0,55.0,53.0,52.0,50.0,49.0,48.0,47.0,46.0,45.0,44.0,44.0,43.0,42.0,42.0,41.0,39.0,38.0
real,120,gulf,10,Analytic,0,buffer,9,372,80,0.4584527507579535,75.0,74.0,73.0,72.0,71.0,69.0,68.0,67.0,66.0,65.0,64.0,63.0,62.0,61.0,61.0,61.0,60.0,60.0,60.0,60.0
real,120,gulf,10,Analytic,0,buffer,10,401,179,0.27015042459883754,174.0,173.0,172.0,171.0,171.0,170.0,170.0,170.0,170.0,169.0,169.0,169.0,169.0,169.0,169.0,168.0,168.0,168.0,168.0,83.0
real,120,gulf,10,Analytic,0,buffer,11,435,72,0.31601892030546674,67.0,66.0,65.0,64.0,62.0,61.0,59.0,58.0,57.0,56.0,55.0,55.0,54.0,53.0,52.0,51.0,50.0,49.0,48.0,47.0
real,120,gulf,10,Analytic,0,buffer,12,444,179,0.2089767543102783,168.0,167.0,166.0,165.0,164.0,163.0,162.0,161.0,160.0,159.0,158.0,157.0,156.0,156.0,155.0,155.0,155.0,155.0,154.0,154.0
real,120,gulf,10,Analytic,0,buffer,13,458,231,0.25925038726184646,225.0,224.0,223.0,222.0,221.0,220.0,219.0,218.0,217.0,216.0,215.0,214.0,213.0,212.0,211.0,210.0,209.0,208.0,207.0,205.0
real,120,gulf,10,Analytic,0,buffer,14,465,200,0.22787405517687517,195.0,194.0,193.0,193.0,192.0,191.0,190.0,189.0,189.0,188.0,183.0,182.0,181.0,181.0,180.0,180.0,179.0,178.0,177.0,177.0
real,120,gulf,10,Analytic,0,buffer,15,483,211,0.17417043005953228,205.0,204.0,203.0,201.0,200.0,199.0,197.0,196.0,195.0,195.0,194.0,193.0,192.0,192.0,192.0,191.0,191.0,191.0,191.0,182.0
real,120,gulf,10,Analytic,0,crossing,0,92,41,0.4235551973290665,40.0,39.0,38.0,38.0,37.0,36.0,35.0,34.0,33.0,33.0,32.0,32.0,31.0,31.0,30.0,30.0,29.0,28.0,27.0,27.0
real,120,gulf,10,Analytic,0,crossing,1,108,508,0.17375165477961377,507.0,506.0,505.0,504.0,503.0,502.0,501.0,500.0,500.0,499.0,497.0,496.0,493.0,492.0,491.0,491.0,490.0,489.0,489.0,488.0
real,120,gulf,10,Analytic,0,crossing,2,149,229,0.12397595547337543,228.0,226.0,225.0,224.0,223.0,221.0,220.0,218.0,218.0,217.0,216.0,215.0,214.0,214.0,213.0,213.0,212.0,212.0,212.0,212.0
real,120,gulf,10,Analytic,0,crossing,3,276,43,0.2056234088772977,42.0,41.0,40.0,39.0,39.0,38.0,37.0,36.0,35.0,34.0,34.0,32.0,31.0,31.0,30.0,30.0,29.0,28.0,28.0,28.0
real,120,gulf,10,Analytic,0,crossing,4,324,467,0.1993477235669077,466.0,465.0,464.0,463.0,462.0,461.0,460.0,459.0,458.0,457.0,456.0,455.0,454.0,452.0,451.0,451.0,450.0,450.0,450.0,449.0
real,120,gulf,10,Analytic,0,crossing,5,327,659,0.09391636577513113,658.0,653.0,652.0,651.0,650.0,649.0,648.0,647.0,644.0,643.0,642.0,641.0,640.0,639.0,639.0,638.0,637.0,636.0,636.0,636.0
real,120,gulf,10,Analytic,0,crossing,6,332,586,0.15738216149807072,585.0,584.0,583.0,582.0,581.0,580.0,579.0,578.0,577.0,576.0,576.0,574.0,574.0,572.0,571.0,568.0,566.0,565.0,564.0,563.0
real,120,gulf,10,Analytic,0,crossing,7,337,36,0.17103813232102552,36.0,35.0,35.0,34.0,33.0,33.0,32.0,31.0,31.0,30.0,29.0,16.0,16.0,15.0,15.0,15.0,15.0,15.0,15.0,14.0
real,120,gulf,10,Analytic,0,crossing,8,346,63,0.20179138006429215,62.0,61.0,60.0,59.0,58.0,57.0,56.0,55.0,54.0,52.0,50.0,49.0,48.0,47.0,46.0,45.0,44.0,44.0,43.0,42.0
real,120,gulf,10,Analytic,0,crossing,9,372,80,0.4584527507579535,79.0,78.0,77.0,76.0,75.0,74.0,73.0,72.0,71.0,69.0,68.0,66.0,65.0,64.0,63.0,62.0,62.0,61.0,61.0,61.0
real,120,gulf,10,Analytic,0,crossing,10,401,179,0.27015042459883754,178.0,177.0,176.0,175.0,174.0,173.0,172.0,171.0,171.0,171.0,170.0,170.0,170.0,170.0,170.0,169.0,169.0,169.0,169.0,169.0
real,120,gulf,10,Analytic,0,crossing,11,435,72,0.31601892030546674,71.0,70.0,69.0,68.0,67.0,66.0,65.0,64.0,61.0,60.0,59.0,58.0,57.0,56.0,55.0,54.0,53.0,53.0,52.0,51.0
real,120,gulf,10,Analytic,0,crossing,12,444,179,0.2089767543102783,178.0,177.0,172.0,170.0,169.0,168.0,167.0,166.0,165.0,164.0,163.0,162.0,161.0,159.0,158.0,158.0,157.0,156.0,156.0,155.0
real,120,gulf,10,Analytic,0,crossing,13,458,231,0.25925038726184646,230.0,229.0,228.0,227.0,226.0,225.0,224.0,223.0,222.0,221.0,219.0,218.0,217.0,216.0,215.0,214.0,213.0,212.0,211.0,210.0
real,120,gulf,10,Analytic,0,crossing,14,465,200,0.22787405517687517,199.0,198.0,197.0,196.0,196.0,195.0,194.0,193.0,192.0,191.0,191.0,190.0,189.0,189.0,183.0,182.0,181.0,181.0,180.0,180.0
real,120,gulf,10,Analytic,0,crossing,15,483,211,0.17417043005953228,210.0,208.0,206.0,205.0,205.0,203.0,202.0,200.0,199.0,198.0,197.0,196.0,195.0,194.0,193.0,193.0,192.0,192.0,192.0,191.0
real,120,gulf,10,ConstVel,0,buffer,0,92,41,0.4235551973290665,36.0,35.0,34.0,33.0,32.0,31.0,30.0,30.0,30.0,29.0,28.0,27.0,26.0,26.0,19.0,19.0,19.0,19.0,19.0,19.0
real,120,gulf,10,ConstVel,0,buffer,1,108,508,0.17375165477961377,503.0,502.0,501.0,500.0,499.0,498.0,497.0,496.0,496.0,493.0,492.0,491.0,490.0,489.0,488.0,487.0,487.0,486.0,486.0,485.0
real,120,gulf,10,ConstVel,0,buffer,2,149,229,0.12397595547337543,224.0,223.0,222.0,221.0,219.0,218.0,217.0,216.0,215.0,214.0,213.0,212.0,212.0,211.0,210.0,209.0,209.0,209.0,209.0,209.0
real,120,gulf,10,ConstVel,0,buffer,3,276,43,0.2056234088772977,10.0,9.0,8.0,7.0,6.0,6.0,6.0,6.0,6.0,6.0,6.0,6.0,6.0,6.0,6.0,6.0,6.0,6.0,6.0,6.0
real,120,gulf,10,ConstVel,0,buffer,4,324,467,0.1993477235669077,462.0,461.0,460.0,459.0,458.0,457.0,456.0,455.0,454.0,453.0,452.0,451.0,450.0,449.0,448.0,447.0,447.0,447.0,446.0,446.0
real,120,gulf,10,ConstVel,0,buffer,5,327,659,0.09391636577513113,650.0,649.0,648.0,647.0,647.0,645.0,642.0,641.0,641.0,639.0,639.0,638.0,637.0,636.0,635.0,635.0,634.0,633.0,632.0,625.0
real,120,gulf,10,ConstVel,0,buffer,6,332,586,0.15738216149807072,579.0,578.0,577.0,576.0,575.0,574.0,573.0,572.0,571.0,570.0,569.0,566.0,565.0,563.0,562.0,562.0,560.0,559.0,558.0,558.0
real,120,gulf,10,ConstVel,0,buffer,7,337,36,0.17103813232102552,6.0,6.0,6.0,6.0,6.0,6.0,6.0,6.0,6.0,6.0,6.0,6.0,6.0,6.0,6.0,6.0,6.0,6.0,6.0,6.0
real,120,gulf,10,ConstVel,0,buffer,8,346,63,0.20179138006429215,57.0,57.0,56.0,55.0,54.0,53.0,51.0,49.0,48.0,47.0,46.0,45.0,44.0,43.0,42.0,41.0,41.0,41.0,40.0,40.0
real,120,gulf,10,ConstVel,0,buffer,9,372,80,0.4584527507579535,75.0,74.0,73.0,72.0,71.0,69.0,69.0,68.0,66.0,64.0,64.0,63.0,62.0,60.0,59.0,59.0,58.0,58.0,58.0,57.0
real,120,gulf,10,ConstVel,0,buffer,10,401,179,0.27015042459883754,174.0,173.0,172.0,171.0,170.0,169.0,168.0,167.0,167.0,167.0,167.0,167.0,167.0,167.0,167.0,167.0,167.0,167.0,167.0,82.0
real,120,gulf,10,ConstVel,0,buffer,11,435,72,0.31601892030546674,67.0,66.0,65.0,64.0,63.0,61.0,60.0,58.0,57.0,56.0,55.0,54.0,53.0,52.0,52.0,51.0,51.0,49.0,48.0,47.0
real,120,gulf,10,ConstVel,0,buffer,12,444,179,0.2089767543102783,168.0,167.0,166.0,165.0,164.0,163.0,162.0,161.0,160.0,159.0,158.0,157.0,156.0,155.0,154.0,153.0,153.0,152.0,152.0,152.0
real,120,gulf,10,ConstVel,0,buffer,13,458,231,0.25925038726184646,225.0,224.0,223.0,222.0,221.0,221.0,219.0,218.0,216.0,215.0,215.0,214.0,212.0,212.0,211.0,210.0,209.0,208.0,207.0,206.0
real,120,gulf,10,ConstVel,0,buffer,14,465,200,0.22787405517687517,195.0,194.0,193.0,193.0,192.0,191.0,189.0,188.0,188.0,188.0,188.0,182.0,181.0,180.0,178.0,178.0,178.0,177.0,177.0,174.0
real,120,gulf,10,ConstVel,0,buffer,15,483,211,0.17417043005953228,205.0,204.0,203.0,202.0,201.0,199.0,197.0,196.0,195.0,194.0,193.0,193.0,192.0,191.0,190.0,190.0,189.0,189.0,188.0,181.0
real,120,gulf,10,ConstVel,0,crossing,0,92,41,0.4235551973290665,40.0,39.0,38.0,37.0,36.0,36.0,35.0,34.0,33.0,32.0,31.0,31.0,30.0,30.0,30.0,29.0,29.0,28.0,26.0,26.0
real,120,gulf,10,ConstVel,0,crossing,1,108,508,0.17375165477961377,507.0,506.0,505.0,504.0,503.0,502.0,501.0,501.0,500.0,498.0,497.0,496.0,493.0,492.0,491.0,490.0,489.0,488.0,488.0,487.0
real,120,gulf,10,ConstVel,0,crossing,2,149,229,0.12397595547337543,228.0,227.0,225.0,224.0,223.0,222.0,221.0,218.0,217.0,216.0,216.0,215.0,214.0,213.0,212.0,212.0,211.0,211.0,209.0,209.0
real,120,gulf,10,ConstVel,0,crossing,3,276,43,0.2056234088772977,42.0,41.0,40.0,39.0,38.0,37.0,37.0,37.0,34.0,34.0,34.0,31.0,31.0,28.0,28.0,28.0,28.0,27.0,27.0,27.0
real,120,gulf,10,ConstVel,0,crossing,4,324,467,0.1993477235669077,466.0,465.0,464.0,463.0,462.0,461.0,460.0,459.0,458.0,457.0,456.0,455.0,454.0,453.0,451.0,450.0,449.0,449.0,448.0,447.0
real,120,gulf,10,ConstVel,0,crossing,5,327,659,0.09391636577513113,658.0,652.0,652.0,651.0,650.0,649.0,648.0,647.0,647.0,642.0,642.0,641.0,640.0,639.0,638.0,637.0,637.0,636.0,635.0,635.0
real,120,gulf,10,ConstVel,0,crossing,6,332,586,0.15738216149807072,585.0,584.0,583.0,582.0,581.0,580.0,579.0,578.0,577.0,576.0,576.0,574.0,574.0,572.0,572.0,570.0,570.0,565.0,564.0,563.0
real,120,gulf,10,ConstVel,0,crossing,7,337,36,0.17103813232102552,35.0,35.0,34.0,34.0,33.0,32.0,32.0,31.0,13.0,13.0,13.0,13.0,13.0,13.0,13.0,12.0,12.0,12.0,12.0,12.0
real,120,gulf,10,ConstVel,0,crossing,8,346,63,0.20179138006429215,62.0,61.0,60.0,59.0,58.0,57.0,56.0,55.0,54.0,53.0,53.0,48.0,48.0,47.0,46.0,44.0,43.0,43.0,42.0,41.0
real,120,gulf,10,ConstVel,0,crossing,9,372,80,0.4584527507579535,79.0,78.0,77.0,76.0,75.0,74.0,73.0,72.0,71.0,69.0,69.0,66.0,65.0,64.0,63.0,62.0,61.0,60.0,59.0,59.0
real,120,gulf,10,ConstVel,0,crossing,10,401,179,0.27015042459883754,178.0,177.0,176.0,175.0,174.0,173.0,172.0,171.0,170.0,169.0,168.0,167.0,167.0,167.0,167.0,167.0,167.0,167.0,167.0,167.0
real,120,gulf,10,ConstVel,0,crossing,11,435,72,0.31601892030546674,71.0,70.0,69.0,68.0,67.0,66.0,65.0,64.0,64.0,61.0,59.0,57.0,57.0,55.0,55.0,54.0,53.0,52.0,52.0,51.0
real,120,gulf,10,ConstVel,0,crossing,12,444,179,0.2089767543102783,178.0,177.0,176.0,170.0,169.0,169.0,167.0,166.0,165.0,164.0,163.0,162.0,161.0,160.0,158.0,157.0,156.0,155.0,155.0,154.0
real,120,gulf,10,ConstVel,0,crossing,13,458,231,0.25925038726184646,230.0,229.0,228.0,227.0,226.0,225.0,224.0,223.0,222.0,221.0,221.0,218.0,217.0,216.0,215.0,214.0,213.0,212.0,212.0,210.0
real,120,gulf,10,ConstVel,0,crossing,14,465,200,0.22787405517687517,199.0,198.0,197.0,196.0,195.0,195.0,194.0,193.0,192.0,191.0,189.0,189.0,188.0,188.0,188.0,182.0,181.0,179.0,178.0,178.0
real,120,gulf,10,ConstVel,0,crossing,15,483,211,0.17417043005953228,210.0,209.0,208.0,205.0,205.0,204.0,202.0,202.0,201.0,197.0,196.0,195.0,195.0,194.0,193.0,192.0,191.0,191.0,190.0,189.0
real,120,gulf,10,Kalman,0,buffer,0,92,41,0.4235551973290665,36.0,35.0,34.0,33.0,32.0,31.0,31.0,30.0,30.0,29.0,28.0,27.0,26.0,26.0,25.0,24.0,24.0,24.0,23.0,22.0
real,120,gulf,10,Kalman,0,buffer,1,108,508,0.17375165477961377,503.0,502.0,501.0,500.0,499.0,498.0,497.0,496.0,494.0,493.0,492.0,491.0,490.0,489.0,488.0,488.0,487.0,487.0,486.0,486.0
real,120,gulf,10,Kalman,0,buffer,2,149,229,0.12397595547337543,224.0,223.0,222.0,221.0,219.0,218.0,217.0,216.0,215.0,214.0,213.0,213.0,212.0,211.0,211.0,210.0,210.0,210.0,209.0,209.0
real,120,gulf,10,Kalman,0,buffer,3,276,43,0.2056234088772977,10.0,9.0,8.0,7.0,6.0,6.0,6.0,6.0,6.0,6.0,6.0,6.0,6.0,6.0,6.0,6.0,6.0,6.0,6.0,6.0
real,120,gulf,10,Kalman,0,buffer,4,324,467,0.1993477235669077,462.0,461.0,460.0,459.0,458.0,457.0,456.0,455.0,454.0,453.0,452.0,451.0,450.0,449.0,448.0,448.0,448.0,447.0,447.0,447.0
real,120,gulf,10,Kalman,0,buffer,5,327,659,0.09391636577513113,650.0,649.0,648.0,647.0,646.0,644.0,642.0,641.0,641.0,640.0,639.0,638.0,637.0,636.0,635.0,635.0,634.0,634.0,633.0,633.0
real,120,gulf,10,Kalman,0,buffer,6,332,586,0.15738216149807072,579.0,578.0,577.0,576.0,575.0,574.0,573.0,572.0,571.0,570.0,568.0,566.0,565.0,563.0,562.0,562.0,560.0,559.0,558.0,558.0
real,120,gulf,10,Kalman,0,buffer,7,337,36,0.17103813232102552,6.0,6.0,6.0,6.0,6.0,6.0,6.0,6.0,6.0,6.0,6.0,6.0,6.0,6.0,6.0,6.0,6.0,6.0,6.0,6.0
real,120,gulf,10,Kalman,0,buffer,8,346,63,0.20179138006429215,57.0,57.0,56.0,55.0,54.0,53.0,51.0,49.0,48.0,47.0,46.0,45.0,44.0,43.0,42.0,42.0,41.0,41.0,40.0,39.0
real,120,gulf,10,Kalman,0,buffer,9,372,80,0.4584527507579535,75.0,74.0,73.0,72.0,71.0,70.0,69.0,67.0,66.0,65.0,64.0,63.0,62.0,61.0,60.0,59.0,59.0,59.0,58.0,58.0
real,120,gulf,10,Kalman,0,buffer,10,401,179,0.27015042459883754,174.0,173.0,172.0,171.0,170.0,169.0,169.0,168.0,168.0,168.0,168.0,167.0,167.0,167.0,167.0,167.0,167.0,167.0,167.0,82.0
real,120,gulf,10,Kalman,0,buffer,11,435,72,0.31601892030546674,67.0,66.0,65.0,64.0,63.0,61.0,59.0,58.0,57.0,56.0,55.0,54.0,53.0,53.0,52.0,51.0,50.0,49.0,48.0,47.0
real,120,gulf,10,Kalman,0,buffer,12,444,179,0.2089767543102783,168.0,167.0,166.0,165.0,164.0,163.0,162.0,161.0,160.0,159.0,158.0,157.0,156.0,155.0,155.0,154.0,153.0,153.0,153.0,153.0
real,120,gulf,10,Kalman,0,buffer,13,458,231,0.25925038726184646,225.0,224.0,223.0,222.0,221.0,220.0,219.0,218.0,216.0,215.0,215.0,214.0,213.0,212.0,211.0,210.0,209.0,208.0,207.0,206.0
real,120,gulf,10,Kalman,0,buffer,14,465,200,0.22787405517687517,195.0,194.0,193.0,193.0,192.0,191.0,189.0,189.0,188.0,188.0,188.0,182.0,181.0,180.0,179.0,178.0,178.0,178.0,177.0,177.0
real,120,gulf,10,Kalman,0,buffer,15,483,211,0.17417043005953228,205.0,204.0,203.0,202.0,201.0,199.0,197.0,196.0,195.0,194.0,194.0,193.0,192.0,191.0,191.0,190.0,190.0,189.0,189.0,182.0
real,120,gulf,10,Kalman,0,crossing,0,92,41,0.4235551973290665,40.0,39.0,38.0,37.0,37.0,36.0,35.0,34.0,33.0,32.0,31.0,31.0,31.0,30.0,30.0,30.0,29.0,28.0,27.0,26.0
real,120,gulf,10,Kalman,0,crossing,1,108,508,0.17375165477961377,507.0,506.0,505.0,504.0,503.0,502.0,501.0,501.0,500.0,498.0,497.0,497.0,493.0,492.0,491.0,490.0,489.0,489.0,488.0,487.0
real,120,gulf,10,Kalman,0,crossing,2,149,229,0.12397595547337543,228.0,226.0,225.0,224.0,223.0,222.0,221.0,218.0,217.0,217.0,216.0,215.0,214.0,213.0,213.0,212.0,212.0,211.0,210.0,210.0
real,120,gulf,10,Kalman,0,crossing,3,276,43,0.2056234088772977,42.0,41.0,40.0,39.0,38.0,38.0,37.0,37.0,34.0,34.0,34.0,32.0,31.0,31.0,28.0,28.0,28.0,28.0,28.0,27.0
real,120,gulf,10,Kalman,0,crossing,4,324,467,0.1993477235669077,466.0,465.0,464.0,463.0,462.0,461.0,460.0,459.0,458.0,457.0,456.0,455.0,454.0,453.0,451.0,450.0,450.0,449.0,448.0,448.0
real,120,gulf,10,Kalman,0,crossing,5,327,659,0.09391636577513113,658.0,657.0,652.0,651.0,650.0,649.0,648.0,648.0,647.0,643.0,642.0,641.0,640.0,639.0,638.0,638.0,637.0,636.0,635.0,635.0
real,120,gulf,10,Kalman,0,crossing,6,332,586,0.15738216149807072,585.0,584.0,583.0,582.0,581.0,580.0,579.0,578.0,577.0,576.0,576.0,574.0,574.0,572.0,572.0,570.0,568.0,565.0,564.0,563.0
real,120,gulf,10,Kalman,0,crossing,7,337,36,0.17103813232102552,36.0,35.0,34.0,34.0,33.0,32.0,32.0,31.0,30.0,14.0,14.0,13.0,13.0,13.0,13.0,13.0,13.0,13.0,13.0,13.0
real,120,gulf,10,Kalman,0,crossing,8,346,63,0.20179138006429215,62.0,61.0,60.0,59.0,58.0,57.0,56.0,55.0,54.0,53.0,52.0,49.0,48.0,47.0,46.0,44.0,43.0,43.0,42.0,42.0
real,120,gulf,10,Kalman,0,crossing,9,372,80,0.4584527507579535,79.0,78.0,77.0,76.0,75.0,74.0,73.0,72.0,71.0,69.0,68.0,66.0,65.0,64.0,63.0,62.0,61.0,60.0,60.0,59.0
real,120,gulf,10,Kalman,0,crossing,10,401,179,0.27015042459883754,178.0,177.0,176.0,175.0,174.0,173.0,172.0,171.0,170.0,169.0,169.0,168.0,168.0,168.0,168.0,168.0,168.0,167.0,167.0,167.0
real,120,gulf,10,Kalman,0,crossing,11,435,72,0.31601892030546674,71.0,70.0,69.0,68.0,67.0,66.0,65.0,64.0,63.0,61.0,59.0,57.0,57.0,55.0,55.0,54.0,53.0,52.0,52.0,51.0
real,120,gulf,10,Kalman,0,crossing,12,444,179,0.2089767543102783,178.0,177.0,176.0,170.0,169.0,168.0,167.0,166.0,165.0,164.0,163.0,162.0,161.0,160.0,158.0,157.0,156.0,156.0,155.0,154.0
real,120,gulf,10,Kalman,0,crossing,13,458,231,0.25925038726184646,230.0,229.0,228.0,227.0,226.0,225.0,224.0,223.0,222.0,221.0,220.0,218.0,217.0,216.0,215.0,214.0,213.0,212.0,212.0,210.0
real,120,gulf,10,Kalman,0,crossing,14,465,200,0.22787405517687517,199.0,198.0,197.0,196.0,195.0,195.0,194.0,193.0,192.0,191.0,189.0,189.0,189.0,188.0,188.0,182.0,181.0,180.0,179.0,178.0
real,120,gulf,10,Kalman,0,crossing,15,483,211,0.17417043005953228,210.0,209.0,207.0,205.0,205.0,204.0,202.0,202.0,199.0,197.0,196.0,196.0,195.0,194.0,193.0,192.0,191.0,191.0,190.0,190.0
real,120,gulf,10,LSTM-rec,0,buffer,0,92,41,0.4235551973290665,36.0,35.0,34.0,32.0,31.0,31.0,30.0,29.0,28.0,27.0,26.0,24.0,19.0,19.0,19.0,19.0,19.0,19.0,19.0,18.0
real,120,gulf,10,LSTM-rec,0,buffer,1,108,508,0.17375165477961377,503.0,502.0,501.0,500.0,499.0,498.0,496.0,496.0,494.0,492.0,491.0,490.0,489.0,488.0,487.0,487.0,486.0,485.0,484.0,483.0
real,120,gulf,10,LSTM-rec,0,buffer,2,149,229,0.12397595547337543,224.0,223.0,222.0,221.0,219.0,218.0,217.0,216.0,215.0,214.0,213.0,213.0,212.0,211.0,211.0,210.0,209.0,209.0,209.0,208.0
real,120,gulf,10,LSTM-rec,0,buffer,3,276,43,0.2056234088772977,9.0,7.0,6.0,6.0,6.0,6.0,6.0,6.0,6.0,6.0,6.0,6.0,6.0,6.0,6.0,6.0,6.0,6.0,6.0,6.0
real,120,gulf,10,LSTM-rec,0,buffer,4,324,467,0.1993477235669077,462.0,461.0,460.0,459.0,458.0,457.0,456.0,455.0,454.0,453.0,452.0,450.0,449.0,449.0,448.0,447.0,446.0,446.0,446.0,446.0
real,120,gulf,10,LSTM-rec,0,buffer,5,327,659,0.09391636577513113,650.0,649.0,648.0,647.0,646.0,644.0,642.0,641.0,640.0,639.0,638.0,637.0,637.0,636.0,635.0,634.0,633.0,632.0,632.0,625.0
real,120,gulf,10,LSTM-rec,0,buffer,6,332,586,0.15738216149807072,579.0,578.0,577.0,576.0,574.0,573.0,572.0,570.0,569.0,567.0,565.0,563.0,562.0,560.0,558.0,558.0,556.0,555.0,554.0,552.0
real,120,gulf,10,LSTM-rec,0,buffer,7,337,36,0.17103813232102552,6.0,6.0,6.0,6.0,6.0,6.0,6.0,6.0,6.0,6.0,6.0,6.0,6.0,6.0,6.0,6.0,6.0,6.0,6.0,6.0
real,120,gulf,10,LSTM-rec,0,buffer,8,346,63,0.20179138006429215,57.0,56.0,55.0,54.0,53.0,52.0,50.0,48.0,47.0,46.0,45.0,44.0,43.0,42.0,41.0,40.0,40.0,38.0,36.0,35.0
real,120,gulf,10,LSTM-rec,0,buffer,9,372,80,0.4584527507579535,75.0,74.0,73.0,72.0,71.0,69.0,68.0,66.0,65.0,64.0,63.0,62.0,61.0,60.0,59.0,59.0,58.0,57.0,57.0,53.0
real,120,gulf,10,LSTM-rec,0,buffer,10,401,179,0.27015042459883754,174.0,173.0,172.0,171.0,170.0,169.0,168.0,167.0,167.0,167.0,167.0,167.0,167.0,167.0,167.0,167.0,154.0,83.0,82.0,81.0
real,120,gulf,10,LSTM-rec,0,buffer,11,435,72,0.31601892030546674,67.0,66.0,65.0,64.0,62.0,61.0,59.0,58.0,57.0,56.0,55.0,54.0,53.0,52.0,51.0,50.0,49.0,48.0,47.0,46.0
real,120,gulf,10,LSTM-rec,0,buffer,12,444,179,0.2089767543102783,168.0,167.0,166.0,165.0,164.0,162.0,161.0,160.0,159.0,158.0,156.0,155.0,154.0,153.0,114.0,112.0,110.0,106.0,103.0,101.0
real,120,gulf,10,LSTM-rec,0,buffer,13,458,231,0.25925038726184646,225.0,224.0,223.0,222.0,221.0,220.0,218.0,217.0,216.0,215.0,214.0,212.0,211.0,210.0,209.0,208.0,207.0,205.0,204.0,202.0
real,120,gulf,10,LSTM-rec,0,buffer,14,465,200,0.22787405517687517,195.0,194.0,193.0,192.0,191.0,190.0,189.0,188.0,188.0,186.0,182.0,181.0,180.0,179.0,178.0,177.0,177.0,176.0,174.0,173.0
real,120,gulf,10,LSTM-rec,0,buffer,15,483,211,0.17417043005953228,205.0,204.0,202.0,202.0,201.0,199.0,197.0,196.0,195.0,194.0,193.0,192.0,192.0,191.0,190.0,190.0,189.0,188.0,188.0,182.0
real,120,gulf,10,LSTM-rec,0,crossing,0,92,41,0.4235551973290665,40.0,39.0,38.0,37.0,36.0,35.0,34.0,33.0,31.0,31.0,30.0,30.0,29.0,28.0,26.0,19.0,19.0,19.0,19.0,19.0
real,120,gulf,10,LSTM-rec,0,crossing,1,108,508,0.17375165477961377,507.0,506.0,505.0,504.0,503.0,502.0,501.0,500.0,498.0,498.0,496.0,496.0,493.0,492.0,491.0,489.0,488.0,488.0,487.0,486.0
real,120,gulf,10,LSTM-rec,0,crossing,2,149,229,0.12397595547337543,228.0,227.0,225.0,224.0,223.0,222.0,221.0,219.0,218.0,217.0,216.0,215.0,214.0,213.0,213.0,212.0,212.0,211.0,210.0,209.0
real,120,gulf,10,LSTM-rec,0,crossing,3,276,43,0.2056234088772977,42.0,40.0,38.0,37.0,34.0,30.0,27.0,24.0,18.0,13.0,6.0,6.0,6.0,6.0,6.0,6.0,6.0,6.0,6.0,6.0
real,120,gulf,10,LSTM-rec,0,crossing,4,324,467,0.1993477235669077,466.0,465.0,464.0,463.0,462.0,460.0,459.0,458.0,457.0,456.0,455.0,454.0,453.0,452.0,451.0,450.0,449.0,448.0,447.0,447.0
real,120,gulf,10,LSTM-rec,0,crossing,5,327,659,0.09391636577513113,658.0,652.0,651.0,650.0,649.0,648.0,648.0,647.0,646.0,642.0,641.0,641.0,640.0,639.0,638.0,637.0,636.0,635.0,634.0,634.0
real,120,gulf,10,LSTM-rec,0,crossing,6,332,586,0.15738216149807072,585.0,584.0,582.0,582.0,581.0,579.0,578.0,577.0,576.0,574.0,573.0,572.0,570.0,568.0,565.0,563.0,562.0,560.0,558.0,557.0
real,120,gulf,10,LSTM-rec,0,crossing,7,337,36,0.17103813232102552,35.0,34.0,33.0,31.0,28.0,13.0,13.0,12.0,12.0,12.0,11.0,11.0,11.0,6.0,6.0,6.0,6.0,6.0,6.0,6.0
real,120,gulf,10,LSTM-rec,0,crossing,8,346,63,0.20179138006429215,62.0,60.0,60.0,59.0,58.0,56.0,55.0,54.0,53.0,51.0,49.0,48.0,47.0,46.0,44.0,43.0,42.0,41.0,41.0,40.0
real,120,gulf,10,LSTM-rec,0,crossing,9,372,80,0.4584527507579535,79.0,78.0,77.0,76.0,75.0,74.0,72.0,71.0,70.0,69.0,68.0,66.0,64.0,63.0,62.0,61.0,60.0,59.0,59.0,58.0
real,120,gulf,10,LSTM-rec,0,crossing,10,401,179,0.27015042459883754,178.0,177.0,176.0,175.0,174.0,173.0,172.0,171.0,170.0,169.0,167.0,167.0,167.0,167.0,167.0,167.0,167.0,167.0,167.0,167.0
real,120,gulf,10,LSTM-rec,0,crossing,11,435,72,0.31601892030546674,71.0,69.0,69.0,68.0,67.0,65.0,64.0,64.0,61.0,60.0,58.0,57.0,56.0,55.0,54.0,53.0,52.0,51.0,51.0,49.0
real,120,gulf,10,LSTM-rec,0,crossing,12,444,179,0.2089767543102783,178.0,176.0,175.0,170.0,169.0,168.0,167.0,165.0,164.0,162.0,161.0,160.0,158.0,157.0,156.0,155.0,154.0,153.0,151.0,114.0
real,120,gulf,10,LSTM-rec,0,crossing,13,458,231,0.25925038726184646,230.0,229.0,228.0,227.0,226.0,225.0,223.0,222.0,221.0,220.0,218.0,217.0,215.0,214.0,213.0,212.0,211.0,210.0,208.0,207.0
real,120,gulf,10,LSTM-rec,0,crossing,14,465,200,0.22787405517687517,199.0,198.0,197.0,196.0,195.0,194.0,193.0,192.0,191.0,189.0,188.0,188.0,188.0,183.0,181.0,180.0,179.0,178.0,178.0,177.0
real,120,gulf,10,LSTM-rec,0,crossing,15,483,211,0.17417043005953228,210.0,209.0,208.0,205.0,205.0,203.0,202.0,201.0,199.0,197.0,196.0,195.0,195.0,193.0,193.0,192.0,191.0,190.0,190.0,189.0
real,120,gulf,10,LSTM-ms,0,buffer,0,92,41,0.4235551973290665,36.0,35.0,34.0,34.0,33.0,32.0,31.0,31.0,31.0,30.0,30.0,30.0,30.0,30.0,29.0,29.0,29.0,28.0,28.0,28.0
real,120,gulf,10,LSTM-ms,0,buffer,1,108,508,0.17375165477961377,503.0,503.0,502.0,501.0,500.0,500.0,499.0,498.0,496.0,496.0,496.0,496.0,494.0,492.0,492.0,491.0,491.0,490.0,490.0,489.0
real,120,gulf,10,LSTM-ms,0,buffer,2,149,229,0.12397595547337543,224.0,223.0,222.0,222.0,221.0,219.0,218.0,217.0,217.0,216.0,216.0,215.0,215.0,214.0,214.0,213.0,213.0,212.0,212.0,212.0
real,120,gulf,10,LSTM-ms,0,buffer,3,276,43,0.2056234088772977,10.0,9.0,9.0,9.0,6.0,6.0,6.0,6.0,6.0,6.0,6.0,6.0,6.0,6.0,6.0,6.0,6.0,6.0,6.0,6.0
real,120,gulf,10,LSTM-ms,0,buffer,4,324,467,0.1993477235669077,462.0,461.0,460.0,460.0,459.0,458.0,457.0,457.0,456.0,455.0,455.0,454.0,453.0,453.0,452.0,452.0,451.0,450.0,450.0,450.0
real,120,gulf,10,LSTM-ms,0,buffer,5,327,659,0.09391636577513113,650.0,649.0,648.0,648.0,647.0,647.0,646.0,646.0,642.0,642.0,641.0,641.0,640.0,639.0,639.0,638.0,638.0,638.0,637.0,637.0
real,120,gulf,10,LSTM-ms,0,buffer,6,332,586,0.15738216149807072,579.0,578.0,577.0,577.0,576.0,575.0,574.0,574.0,574.0,572.0,572.0,572.0,572.0,570.0,570.0,569.0,568.0,565.0,565.0,565.0
real,120,gulf,10,LSTM-ms,0,buffer,7,337,36,0.17103813232102552,6.0,6.0,6.0,6.0,6.0,6.0,6.0,6.0,6.0,6.0,6.0,6.0,6.0,6.0,6.0,6.0,6.0,6.0,6.0,6.0
real,120,gulf,10,LSTM-ms,0,buffer,8,346,63,0.20179138006429215,58.0,57.0,56.0,55.0,55.0,54.0,53.0,53.0,52.0,51.0,48.0,48.0,47.0,47.0,46.0,46.0,45.0,44.0,44.0,43.0
real,120,gulf,10,LSTM-ms,0,buffer,9,372,80,0.4584527507579535,75.0,74.0,73.0,73.0,72.0,71.0,71.0,69.0,69.0,68.0,66.0,66.0,65.0,64.0,64.0,63.0,63.0,62.0,62.0,62.0
real,120,gulf,10,LSTM-ms,0,buffer,10,401,179,0.27015042459883754,174.0,173.0,173.0,172.0,171.0,170.0,170.0,169.0,167.0,167.0,167.0,167.0,167.0,167.0,167.0,167.0,167.0,167.0,167.0,167.0
real,120,gulf,10,LSTM-ms,0,buffer,11,435,72,0.31601892030546674,67.0,66.0,65.0,65.0,64.0,63.0,62.0,61.0,61.0,59.0,58.0,57.0,57.0,56.0,55.0,55.0,54.0,54.0,54.0,53.0
real,120,gulf,10,LSTM-ms,0,buffer,12,444,179,0.2089767543102783,168.0,168.0,167.0,166.0,165.0,164.0,163.0,162.0,162.0,161.0,160.0,160.0,159.0,158.0,158.0,157.0,156.0,156.0,155.0,155.0
real,120,gulf,10,LSTM-ms,0,buffer,13,458,231,0.25925038726184646,225.0,224.0,224.0,223.0,222.0,221.0,221.0,220.0,218.0,218.0,217.0,216.0,215.0,215.0,214.0,214.0,212.0,212.0,212.0,212.0
real,120,gulf,10,LSTM-ms,0,buffer,14,465,200,0.22787405517687517,195.0,195.0,194.0,193.0,193.0,192.0,191.0,191.0,189.0,188.0,188.0,188.0,188.0,188.0,188.0,186.0,182.0,182.0,181.0,181.0
real,120,gulf,10,LSTM-ms,0,buffer,15,483,211,0.17417043005953228,205.0,204.0,203.0,202.0,202.0,201.0,201.0,199.0,197.0,197.0,196.0,195.0,195.0,194.0,194.0,193.0,193.0,192.0,192.0,192.0
real,120,gulf,10,LSTM-ms,0,crossing,0,92,41,0.4235551973290665,40.0,39.0,39.0,38.0,37.0,37.0,36.0,36.0,35.0,35.0,34.0,34.0,33.0,32.0,31.0,31.0,31.0,31.0,31.0,30.0
real,120,gulf,10,LSTM-ms,0,crossing,1,108,508,0.17375165477961377,507.0,506.0,506.0,505.0,504.0,503.0,503.0,502.0,502.0,501.0,501.0,500.0,500.0,499.0,496.0,496.0,496.0,496.0,496.0,493.0
real,120,gulf,10,LSTM-ms,0,crossing,2,149,229,0.12397595547337543,229.0,228.0,225.0,225.0,224.0,223.0,222.0,222.0,222.0,221.0,218.0,217.0,217.0,216.0,216.0,215.0,215.0,215.0,214.0,214.0
real,120,gulf,10,LSTM-ms,0,crossing,3,276,43,0.2056234088772977,42.0,41.0,41.0,40.0,39.0,38.0,37.0,37.0,37.0,34.0,34.0,34.0,34.0,34.0,31.0,31.0,31.0,28.0,28.0,28.0
real,120,gulf,10,LSTM-ms,0,crossing,4,324,467,0.1993477235669077,466.0,465.0,464.0,463.0,462.0,462.0,461.0,460.0,459.0,459.0,458.0,458.0,457.0,456.0,456.0,455.0,455.0,454.0,454.0,453.0
real,120,gulf,10,LSTM-ms,0,crossing,5,327,659,0.09391636577513113,658.0,657.0,652.0,651.0,651.0,650.0,649.0,648.0,648.0,648.0,647.0,647.0,647.0,642.0,642.0,641.0,641.0,640.0,640.0,639.0
real,120,gulf,10,LSTM-ms,0,crossing,6,332,586,0.15738216149807072,585.0,584.0,583.0,582.0,582.0,581.0,581.0,580.0,579.0,579.0,578.0,578.0,577.0,577.0,576.0,576.0,576.0,574.0,574.0,574.0
real,120,gulf,10,LSTM-ms,0,crossing,7,337,36,0.17103813232102552,35.0,35.0,35.0,34.0,34.0,33.0,32.0,32.0,31.0,31.0,13.0,13.0,13.0,13.0,13.0,13.0,13.0,13.0,13.0,13.0
real,120,gulf,10,LSTM-ms,0,crossing,8,346,63,0.20179138006429215,62.0,61.0,60.0,59.0,59.0,58.0,57.0,57.0,56.0,56.0,55.0,55.0,54.0,54.0,53.0,53.0,53.0,48.0,48.0,47.0
real,120,gulf,10,LSTM-ms,0,crossing,9,372,80,0.4584527507579535,79.0,78.0,78.0,77.0,76.0,75.0,75.0,74.0,73.0,73.0,72.0,72.0,71.0,71.0,69.0,69.0,68.0,66.0,65.0,65.0
real,120,gulf,10,LSTM-ms,0,crossing,10,401,179,0.27015042459883754,178.0,177.0,177.0,176.0,175.0,174.0,173.0,173.0,172.0,171.0,171.0,170.0,170.0,169.0,167.0,167.0,167.0,167.0,167.0,167.0
real,120,gulf,10,LSTM-ms,0,crossing,11,435,72,0.31601892030546674,71.0,70.0,69.0,68.0,68.0,67.0,66.0,66.0,65.0,65.0,64.0,64.0,64.0,62.0,61.0,59.0,58.0,57.0,57.0,56.0
real,120,gulf,10,LSTM-ms,0,crossing,12,444,179,0.2089767543102783,178.0,177.0,176.0,176.0,170.0,169.0,169.0,168.0,167.0,166.0,166.0,165.0,164.0,164.0,162.0,162.0,161.0,161.0,160.0,160.0
real,120,gulf,10,LSTM-ms,0,crossing,13,458,231,0.25925038726184646,230.0,229.0,228.0,227.0,227.0,226.0,225.0,224.0,224.0,223.0,222.0,221.0,221.0,221.0,220.0,218.0,217.0,217.0,216.0,215.0
real,120,gulf,10,LSTM-ms,0,crossing,14,465,200,0.22787405517687517,199.0,198.0,198.0,197.0,196.0,195.0,195.0,195.0,194.0,193.0,193.0,193.0,192.0,192.0,191.0,191.0,189.0,188.0,188.0,188.0
real,120,gulf,10,LSTM-ms,0,crossing,15,483,211,0.17417043005953228,210.0,209.0,209.0,205.0,205.0,205.0,205.0,204.0,202.0,202.0,202.0,202.0,201.0,197.0,197.0,196.0,196.0,195.0,195.0,194.0
real,120,gulf,10,LSTM-rec,1,buffer,0,92,41,0.4235551973290665,36.0,35.0,34.0,33.0,31.0,31.0,30.0,30.0,29.0,28.0,26.0,25.0,24.0,19.0,19.0,19.0,19.0,19.0,19.0,19.0
real,120,gulf,10,LSTM-rec,1,buffer,1,108,508,0.17375165477961377,503.0,502.0,501.0,500.0,499.0,498.0,497.0,496.0,496.0,493.0,492.0,491.0,490.0,489.0,488.0,487.0,487.0,486.0,485.0,483.0
real,120,gulf,10,LSTM-rec,1,buffer,2,149,229,0.12397595547337543,224.0,223.0,222.0,221.0,219.0,218.0,217.0,216.0,215.0,214.0,214.0,213.0,212.0,212.0,211.0,211.0,209.0,209.0,209.0,209.0
real,120,gulf,10,LSTM-rec,1,buffer,3,276,43,0.2056234088772977,9.0,7.0,6.0,6.0,6.0,6.0,6.0,6.0,6.0,6.0,6.0,6.0,6.0,6.0,6.0,6.0,6.0,6.0,6.0,6.0
real,120,gulf,10,LSTM-rec,1,buffer,4,324,467,0.1993477235669077,462.0,461.0,460.0,459.0,458.0,457.0,456.0,455.0,454.0,453.0,452.0,451.0,450.0,449.0,448.0,447.0,447.0,446.0,446.0,446.0
real,120,gulf,10,LSTM-rec,1,buffer,5,327,659,0.09391636577513113,650.0,649.0,648.0,647.0,646.0,645.0,642.0,641.0,641.0,640.0,639.0,638.0,637.0,636.0,635.0,635.0,634.0,633.0,632.0,632.0
real,120,gulf,10,LSTM-rec,1,buffer,6,332,586,0.15738216149807072,579.0,578.0,577.0,576.0,574.0,574.0,572.0,571.0,570.0,568.0,565.0,564.0,563.0,562.0,560.0,558.0,558.0,556.0,556.0,554.0
real,120,gulf,10,LSTM-rec,1,buffer,7,337,36,0.17103813232102552,6.0,6.0,6.0,6.0,6.0,6.0,6.0,6.0,6.0,6.0,6.0,6.0,6.0,6.0,6.0,6.0,6.0,6.0,6.0,6.0
real,120,gulf,10,LSTM-rec,1,buffer,8,346,63,0.20179138006429215,57.0,56.0,55.0,54.0,53.0,53.0,51.0,49.0,48.0,47.0,46.0,45.0,43.0,42.0,42.0,41.0,41.0,40.0,38.0,37.0
real,120,gulf,10,LSTM-rec,1,buffer,9,372,80,0.4584527507579535,75.0,74.0,73.0,72.0,71.0,69.0,68.0,68.0,66.0,64.0,63.0,62.0,62.0,60.0,59.0,59.0,58.0,58.0,57.0,57.0
real,120,gulf,10,LSTM-rec,1,buffer,10,401,179,0.27015042459883754,174.0,173.0,172.0,171.0,170.0,169.0,169.0,167.0,167.0,167.0,167.0,167.0,167.0,167.0,167.0,167.0,156.0,153.0,83.0,82.0
real,120,gulf,10,LSTM-rec,1,buffer,11,435,72,0.31601892030546674,67.0,66.0,65.0,64.0,63.0,61.0,60.0,58.0,57.0,56.0,55.0,54.0,54.0,52.0,52.0,51.0,50.0,49.0,48.0,47.0
real,120,gulf,10,LSTM-rec,1,buffer,12,444,179,0.2089767543102783,168.0,167.0,166.0,165.0,164.0,163.0,162.0,160.0,159.0,158.0,157.0,155.0,155.0,154.0,153.0,113.0,110.0,108.0,105.0,103.0
real,120,gulf,10,LSTM-rec,1,buffer,13,458,231,0.25925038726184646,225.0,224.0,223.0,222.0,221.0,220.0,218.0,217.0,216.0,215.0,214.0,212.0,211.0,210.0,209.0,208.0,207.0,205.0,203.0,202.0
real,120,gulf,10,LSTM-rec,1,buffer,14,465,200,0.22787405517687517,195.0,194.0,193.0,193.0,191.0,191.0,189.0,188.0,188.0,188.0,183.0,182.0,180.0,180.0,178.0,178.0,177.0,177.0,177.0,174.0
real,120,gulf,10,LSTM-rec,1,buffer,15,483,211,0.17417043005953228,205.0,204.0,203.0,202.0,201.0,199.0,198.0,197.0,196.0,195.0,194.0,193.0,192.0,191.0,191.0,190.0,189.0,189.0,188.0,188.0
real,120,gulf,10,LSTM-rec,1,crossing,0,92,41,0.4235551973290665,40.0,39.0,38.0,37.0,36.0,35.0,34.0,33.0,32.0,31.0,31.0,30.0,30.0,29.0,28.0,26.0,25.0,19.0,19.0,19.0
real,120,gulf,10,LSTM-rec,1,crossing,1,108,508,0.17375165477961377,507.0,506.0,505.0,504.0,503.0,502.0,501.0,500.0,500.0,498.0,496.0,496.0,494.0,492.0,491.0,490.0,489.0,488.0,487.0,487.0
real,120,gulf,10,LSTM-rec,1,crossing,2,149,229,0.12397595547337543,228.0,227.0,225.0,224.0,223.0,222.0,221.0,220.0,218.0,217.0,216.0,215.0,215.0,214.0,213.0,212.0,212.0,211.0,211.0,209.0
real,120,gulf,10,LSTM-rec,1,crossing,3,276,43,0.2056234088772977,42.0,40.0,38.0,37.0,34.0,31.0,28.0,27.0,21.0,15.0,10.0,6.0,6.0,6.0,6.0,6.0,6.0,6.0,6.0,6.0
real,120,gulf,10,LSTM-rec,1,crossing,4,324,467,0.1993477235669077,466.0,465.0,464.0,463.0,462.0,461.0,460.0,459.0,458.0,456.0,455.0,454.0,454.0,452.0,451.0,450.0,449.0,448.0,448.0,447.0
real,120,gulf,10,LSTM-rec,1,crossing,5,327,659,0.09391636577513113,658.0,652.0,652.0,651.0,650.0,649.0,648.0,647.0,646.0,644.0,642.0,641.0,640.0,639.0,638.0,637.0,637.0,636.0,635.0,634.0
real,120,gulf,10,LSTM-rec,1,crossing,6,332,586,0.15738216149807072,585.0,584.0,582.0,582.0,581.0,580.0,578.0,577.0,576.0,574.0,574.0,572.0,570.0,569.0,567.0,565.0,563.0,562.0,560.0,558.0
real,120,gulf,10,LSTM-rec,1,crossing,7,337,36,0.17103813232102552,35.0,34.0,33.0,31.0,29.0,13.0,13.0,13.0,12.0,12.0,12.0,11.0,11.0,11.0,6.0,6.0,6.0,6.0,6.0,6.0
real,120,gulf,10,LSTM-rec,1,crossing,8,346,63,0.20179138006429215,62.0,60.0,60.0,59.0,58.0,57.0,56.0,55.0,54.0,53.0,51.0,48.0,47.0,46.0,45.0,44.0,43.0,42.0,41.0,41.0
real,120,gulf,10,LSTM-rec,1,crossing,9,372,80,0.4584527507579535,79.0,78.0,77.0,76.0,75.0,74.0,73.0,72.0,71.0,69.0,68.0,66.0,65.0,64.0,63.0,62.0,61.0,60.0,59.0,59.0
real,120,gulf,10,LSTM-rec,1,crossing,10,401,179,0.27015042459883754,178.0,177.0,176.0,175.0,174.0,173.0,172.0,171.0,170.0,169.0,167.0,167.0,167.0,167.0,167.0,167.0,167.0,167.0,167.0,167.0
real,120,gulf,10,LSTM-rec,1,crossing,11,435,72,0.31601892030546674,70.0,69.0,69.0,68.0,67.0,66.0,65.0,64.0,63.0,61.0,59.0,57.0,57.0,56.0,55.0,54.0,53.0,52.0,51.0,51.0
real,120,gulf,10,LSTM-rec,1,crossing,12,444,179,0.2089767543102783,178.0,176.0,175.0,170.0,169.0,168.0,167.0,166.0,164.0,163.0,162.0,160.0,159.0,158.0,157.0,155.0,155.0,154.0,153.0,151.0
real,120,gulf,10,LSTM-rec,1,crossing,13,458,231,0.25925038726184646,230.0,229.0,228.0,227.0,226.0,225.0,224.0,222.0,221.0,220.0,218.0,217.0,215.0,214.0,213.0,212.0,211.0,210.0,208.0,207.0
real,120,gulf,10,LSTM-rec,1,crossing,14,465,200,0.22787405517687517,199.0,198.0,197.0,196.0,195.0,195.0,193.0,193.0,192.0,191.0,189.0,188.0,188.0,188.0,182.0,181.0,180.0,179.0,178.0,178.0
real,120,gulf,10,LSTM-rec,1,crossing,15,483,211,0.17417043005953228,210.0,209.0,208.0,205.0,205.0,204.0,202.0,202.0,201.0,199.0,197.0,196.0,195.0,194.0,193.0,192.0,191.0,191.0,190.0,190.0
real,120,gulf,10,LSTM-ms,1,buffer,0,92,41,0.4235551973290665,36.0,35.0,34.0,34.0,33.0,32.0,32.0,31.0,31.0,31.0,30.0,30.0,30.0,30.0,29.0,29.0,29.0,28.0,28.0,27.0
real,120,gulf,10,LSTM-ms,1,buffer,1,108,508,0.17375165477961377,503.0,503.0,502.0,501.0,500.0,500.0,499.0,498.0,498.0,496.0,496.0,494.0,493.0,492.0,491.0,491.0,490.0,490.0,489.0,489.0
real,120,gulf,10,LSTM-ms,1,buffer,2,149,229,0.12397595547337543,224.0,223.0,222.0,222.0,221.0,219.0,219.0,218.0,217.0,217.0,216.0,216.0,215.0,214.0,214.0,213.0,213.0,212.0,212.0,212.0
real,120,gulf,10,LSTM-ms,1,buffer,3,276,43,0.2056234088772977,10.0,9.0,9.0,9.0,6.0,6.0,6.0,6.0,6.0,6.0,6.0,6.0,6.0,6.0,6.0,6.0,6.0,6.0,6.0,6.0
real,120,gulf,10,LSTM-ms,1,buffer,4,324,467,0.1993477235669077,462.0,461.0,460.0,460.0,459.0,458.0,457.0,456.0,456.0,455.0,454.0,454.0,453.0,452.0,451.0,451.0,450.0,450.0,450.0,449.0
real,120,gulf,10,LSTM-ms,1,buffer,5,327,659,0.09391636577513113,650.0,649.0,649.0,648.0,647.0,647.0,646.0,644.0,642.0,641.0,641.0,640.0,640.0,639.0,639.0,638.0,638.0,637.0,637.0,636.0
real,120,gulf,10,LSTM-ms,1,buffer,6,332,586,0.15738216149807072,579.0,578.0,577.0,576.0,576.0,575.0,574.0,574.0,573.0,572.0,572.0,571.0,570.0,570.0,568.0,567.0,565.0,565.0,564.0,563.0
real,120,gulf,10,LSTM-ms,1,buffer,7,337,36,0.17103813232102552,6.0,6.0,6.0,6.0,6.0,6.0,6.0,6.0,6.0,6.0,6.0,6.0,6.0,6.0,6.0,6.0,6.0,6.0,6.0,6.0
real,120,gulf,10,LSTM-ms,1,buffer,8,346,63,0.20179138006429215,58.0,57.0,56.0,55.0,55.0,54.0,53.0,52.0,51.0,50.0,48.0,48.0,47.0,46.0,46.0,45.0,44.0,44.0,43.0,43.0
real,120,gulf,10,LSTM-ms,1,buffer,9,372,80,0.4584527507579535,75.0,74.0,73.0,73.0,72.0,71.0,70.0,69.0,69.0,68.0,66.0,65.0,65.0,64.0,63.0,63.0,62.0,62.0,61.0,61.0
real,120,gulf,10,LSTM-ms,1,buffer,10,401,179,0.27015042459883754,174.0,173.0,173.0,172.0,171.0,170.0,170.0,169.0,169.0,169.0,168.0,168.0,168.0,168.0,168.0,168.0,168.0,168.0,167.0,167.0
real,120,gulf,10,LSTM-ms,1,buffer,11,435,72,0.31601892030546674,67.0,66.0,65.0,65.0,64.0,63.0,62.0,61.0,59.0,58.0,57.0,57.0,56.0,55.0,55.0,54.0,54.0,53.0,53.0,52.0
real,120,gulf,10,LSTM-ms,1,buffer,12,444,179,0.2089767543102783,168.0,167.0,166.0,165.0,165.0,164.0,163.0,162.0,161.0,160.0,159.0,159.0,158.0,157.0,157.0,156.0,156.0,155.0,155.0,155.0
real,120,gulf,10,LSTM-ms,1,buffer,13,458,231,0.25925038726184646,225.0,224.0,223.0,222.0,221.0,221.0,220.0,218.0,217.0,216.0,215.0,215.0,214.0,213.0,212.0,212.0,212.0,210.0,210.0,209.0
real,120,gulf,10,LSTM-ms,1,buffer,14,465,200,0.22787405517687517,195.0,195.0,194.0,193.0,193.0,192.0,191.0,191.0,190.0,189.0,189.0,188.0,188.0,188.0,183.0,182.0,182.0,181.0,180.0,180.0
real,120,gulf,10,LSTM-ms,1,buffer,15,483,211,0.17417043005953228,205.0,204.0,203.0,202.0,202.0,201.0,200.0,198.0,197.0,197.0,196.0,195.0,195.0,194.0,193.0,193.0,192.0,192.0,192.0,191.0
real,120,gulf,10,LSTM-ms,1,crossing,0,92,41,0.4235551973290665,40.0,40.0,39.0,38.0,37.0,37.0,36.0,36.0,35.0,35.0,34.0,34.0,33.0,33.0,32.0,32.0,31.0,31.0,31.0,31.0
real,120,gulf,10,LSTM-ms,1,crossing,1,108,508,0.17375165477961377,507.0,506.0,506.0,505.0,504.0,504.0,503.0,502.0,502.0,501.0,501.0,500.0,500.0,499.0,498.0,496.0,496.0,493.0,492.0,492.0
real,120,gulf,10,LSTM-ms,1,crossing,2,149,229,0.12397595547337543,229.0,227.0,226.0,225.0,224.0,223.0,223.0,222.0,222.0,221.0,219.0,218.0,217.0,217.0,216.0,216.0,215.0,215.0,214.0,214.0
real,120,gulf,10,LSTM-ms,1,crossing,3,276,43,0.2056234088772977,42.0,41.0,41.0,41.0,39.0,39.0,38.0,38.0,37.0,37.0,37.0,37.0,37.0,37.0,37.0,37.0,37.0,37.0,37.0,34.0
real,120,gulf,10,LSTM-ms,1,crossing,4,324,467,0.1993477235669077,466.0,465.0,464.0,463.0,462.0,462.0,461.0,460.0,459.0,459.0,458.0,457.0,456.0,456.0,455.0,454.0,454.0,453.0,452.0,452.0
real,120,gulf,10,LSTM-ms,1,crossing,5,327,659,0.09391636577513113,658.0,657.0,652.0,651.0,651.0,650.0,649.0,649.0,648.0,648.0,647.0,647.0,646.0,642.0,641.0,641.0,640.0,640.0,639.0,639.0
real,120,gulf,10,LSTM-ms,1,crossing,6,332,586,0.15738216149807072,585.0,584.0,583.0,582.0,582.0,581.0,581.0,580.0,579.0,579.0,578.0,577.0,577.0,576.0,576.0,576.0,575.0,574.0,574.0,574.0
real,120,gulf,10,LSTM-ms,1,crossing,7,337,36,0.17103813232102552,35.0,35.0,35.0,34.0,34.0,33.0,33.0,33.0,33.0,32.0,32.0,32.0,32.0,32.0,32.0,13.0,13.0,13.0,13.0,13.0
real,120,gulf,10,LSTM-ms,1,crossing,8,346,63,0.20179138006429215,62.0,61.0,60.0,60.0,59.0,58.0,58.0,57.0,56.0,56.0,55.0,55.0,54.0,53.0,53.0,50.0,48.0,48.0,47.0,46.0
real,120,gulf,10,LSTM-ms,1,crossing,9,372,80,0.4584527507579535,79.0,78.0,78.0,77.0,76.0,75.0,75.0,74.0,73.0,73.0,72.0,72.0,71.0,69.0,69.0,66.0,66.0,65.0,64.0,64.0
real,120,gulf,10,LSTM-ms,1,crossing,10,401,179,0.27015042459883754,178.0,177.0,176.0,176.0,175.0,174.0,173.0,172.0,172.0,171.0,171.0,170.0,170.0,169.0,169.0,169.0,169.0,169.0,168.0,168.0
real,120,gulf,10,LSTM-ms,1,crossing,11,435,72,0.31601892030546674,71.0,70.0,69.0,69.0,68.0,67.0,67.0,66.0,65.0,65.0,64.0,64.0,62.0,59.0,58.0,57.0,57.0,56.0,55.0,55.0
real,120,gulf,10,LSTM-ms,1,crossing,12,444,179,0.2089767543102783,178.0,177.0,176.0,171.0,170.0,169.0,168.0,167.0,166.0,166.0,165.0,164.0,163.0,162.0,162.0,161.0,160.0,159.0,159.0,158.0
real,120,gulf,10,LSTM-ms,1,crossing,13,458,231,0.25925038726184646,230.0,229.0,228.0,227.0,226.0,225.0,224.0,224.0,223.0,222.0,221.0,221.0,220.0,218.0,217.0,216.0,215.0,215.0,214.0,213.0
real,120,gulf,10,LSTM-ms,1,crossing,14,465,200,0.22787405517687517,199.0,198.0,198.0,197.0,196.0,196.0,195.0,195.0,194.0,193.0,193.0,193.0,192.0,192.0,191.0,191.0,190.0,189.0,189.0,189.0
real,120,gulf,10,LSTM-ms,1,crossing,15,483,211,0.17417043005953228,210.0,209.0,208.0,206.0,205.0,205.0,205.0,204.0,203.0,202.0,202.0,201.0,198.0,197.0,196.0,196.0,195.0,194.0,194.0,193.0
real,120,gulf,10,LSTM-rec,2,buffer,0,92,41,0.4235551973290665,36.0,35.0,34.0,33.0,32.0,31.0,31.0,31.0,30.0,30.0,30.0,30.0,30.0,30.0,29.0,29.0,29.0,29.0,29.0,29.0
real,120,gulf,10,LSTM-rec,2,buffer,1,108,508,0.17375165477961377,503.0,502.0,502.0,501.0,500.0,500.0,498.0,498.0,497.0,496.0,496.0,496.0,493.0,492.0,492.0,491.0,491.0,490.0,489.0,489.0
real,120,gulf,10,LSTM-rec,2,buffer,2,149,229,0.12397595547337543,224.0,223.0,222.0,222.0,221.0,218.0,217.0,217.0,216.0,216.0,215.0,214.0,214.0,213.0,213.0,213.0,212.0,212.0,212.0,212.0
real,120,gulf,10,LSTM-rec,2,buffer,3,276,43,0.2056234088772977,10.0,9.0,9.0,7.0,6.0,6.0,6.0,6.0,6.0,6.0,6.0,6.0,6.0,6.0,6.0,6.0,6.0,6.0,6.0,6.0
real,120,gulf,10,LSTM-rec,2,buffer,4,324,467,0.1993477235669077,462.0,461.0,460.0,459.0,459.0,458.0,457.0,456.0,455.0,455.0,454.0,454.0,453.0,452.0,452.0,451.0,451.0,450.0,450.0,450.0
real,120,gulf,10,LSTM-rec,2,buffer,5,327,659,0.09391636577513113,650.0,649.0,648.0,648.0,647.0,646.0,646.0,645.0,642.0,641.0,641.0,640.0,639.0,639.0,638.0,638.0,638.0,637.0,637.0,637.0
real,120,gulf,10,LSTM-rec,2,buffer,6,332,586,0.15738216149807072,579.0,578.0,577.0,576.0,576.0,575.0,574.0,574.0,573.0,572.0,572.0,572.0,572.0,570.0,570.0,570.0,570.0,570.0,569.0,569.0
real,120,gulf,10,LSTM-rec,2,buffer,7,337,36,0.17103813232102552,6.0,6.0,6.0,6.0,6.0,6.0,6.0,6.0,6.0,6.0,6.0,6.0,6.0,6.0,6.0,6.0,6.0,6.0,6.0,6.0
real,120,gulf,10,LSTM-rec,2,buffer,8,346,63,0.20179138006429215,58.0,57.0,56.0,55.0,54.0,54.0,53.0,53.0,52.0,48.0,48.0,47.0,47.0,47.0,46.0,46.0,45.0,44.0,43.0,43.0
real,120,gulf,10,LSTM-rec,2,buffer,9,372,80,0.4584527507579535,75.0,74.0,73.0,72.0,72.0,71.0,70.0,69.0,69.0,68.0,66.0,65.0,64.0,64.0,63.0,63.0,63.0,62.0,62.0,62.0
real,120,gulf,10,LSTM-rec,2,buffer,10,401,179,0.27015042459883754,174.0,173.0,172.0,172.0,171.0,170.0,169.0,168.0,167.0,167.0,167.0,167.0,167.0,167.0,167.0,167.0,167.0,167.0,167.0,167.0
real,120,gulf,10,LSTM-rec,2,buffer,11,435,72,0.31601892030546674,67.0,66.0,65.0,64.0,64.0,63.0,62.0,61.0,59.0,58.0,57.0,57.0,56.0,55.0,55.0,54.0,54.0,54.0,53.0,53.0
real,120,gulf,10,LSTM-rec,2,buffer,12,444,179,0.2089767543102783,168.0,167.0,167.0,166.0,165.0,164.0,163.0,162.0,162.0,161.0,160.0,160.0,159.0,158.0,158.0,157.0,157.0,156.0,156.0,155.0
real,120,gulf,10,LSTM-rec,2,buffer,13,458,231,0.25925038726184646,225.0,224.0,223.0,223.0,222.0,221.0,220.0,219.0,218.0,217.0,217.0,216.0,215.0,215.0,214.0,214.0,213.0,212.0,212.0,212.0
real,120,gulf,10,LSTM-rec,2,buffer,14,465,200,0.22787405517687517,195.0,195.0,194.0,193.0,192.0,192.0,191.0,191.0,189.0,189.0,188.0,188.0,188.0,188.0,188.0,182.0,182.0,182.0,181.0,181.0
real,120,gulf,10,LSTM-rec,2,buffer,15,483,211,0.17417043005953228,205.0,204.0,203.0,202.0,202.0,201.0,201.0,199.0,197.0,196.0,196.0,195.0,194.0,194.0,193.0,193.0,192.0,192.0,192.0,191.0
real,120,gulf,10,LSTM-rec,2,crossing,0,92,41,0.4235551973290665,40.0,39.0,39.0,38.0,37.0,36.0,36.0,35.0,35.0,34.0,34.0,33.0,31.0,31.0,31.0,31.0,31.0,31.0,31.0,31.0
real,120,gulf,10,LSTM-rec,2,crossing,1,108,508,0.17375165477961377,507.0,506.0,505.0,504.0,504.0,503.0,502.0,502.0,501.0,501.0,500.0,500.0,500.0,498.0,498.0,496.0,496.0,496.0,496.0,496.0
real,120,gulf,10,LSTM-rec,2,crossing,2,149,229,0.12397595547337543,229.0,227.0,225.0,224.0,223.0,223.0,222.0,222.0,222.0,218.0,217.0,217.0,216.0,216.0,215.0,215.0,214.0,214.0,214.0,213.0
real,120,gulf,10,LSTM-rec,2,crossing,3,276,43,0.2056234088772977,42.0,41.0,41.0,39.0,39.0,38.0,38.0,37.0,37.0,37.0,37.0,34.0,34.0,34.0,34.0,34.0,34.0,34.0,34.0,31.0
real,120,gulf,10,LSTM-rec,2,crossing,4,324,467,0.1993477235669077,466.0,465.0,464.0,463.0,462.0,461.0,461.0,460.0,459.0,459.0,458.0,457.0,457.0,456.0,455.0,455.0,454.0,454.0,454.0,453.0
real,120,gulf,10,LSTM-rec,2,crossing,5,327,659,0.09391636577513113,658.0,652.0,652.0,651.0,650.0,649.0,649.0,648.0,648.0,647.0,647.0,647.0,647.0,642.0,641.0,641.0,641.0,640.0,639.0,639.0
real,120,gulf,10,LSTM-rec,2,crossing,6,332,586,0.15738216149807072,585.0,584.0,583.0,582.0,582.0,581.0,581.0,580.0,579.0,579.0,578.0,578.0,577.0,577.0,576.0,576.0,576.0,576.0,576.0,574.0
real,120,gulf,10,LSTM-rec,2,crossing,7,337,36,0.17103813232102552,35.0,35.0,35.0,34.0,33.0,33.0,32.0,32.0,32.0,13.0,13.0,13.0,13.0,13.0,13.0,13.0,13.0,13.0,13.0,13.0
real,120,gulf,10,LSTM-rec,2,crossing,8,346,63,0.20179138006429215,62.0,61.0,60.0,59.0,59.0,58.0,57.0,57.0,56.0,55.0,55.0,54.0,54.0,54.0,53.0,53.0,48.0,48.0,48.0,47.0
real,120,gulf,10,LSTM-rec,2,crossing,9,372,80,0.4584527507579535,79.0,78.0,77.0,76.0,76.0,75.0,74.0,74.0,73.0,72.0,72.0,71.0,71.0,69.0,69.0,69.0,66.0,66.0,65.0,65.0
real,120,gulf,10,LSTM-rec,2,crossing,10,401,179,0.27015042459883754,178.0,177.0,176.0,175.0,175.0,174.0,173.0,172.0,172.0,171.0,171.0,170.0,169.0,168.0,167.0,167.0,167.0,167.0,167.0,167.0
real,120,gulf,10,LSTM-rec,2,crossing,11,435,72,0.31601892030546674,70.0,69.0,69.0,68.0,68.0,67.0,66.0,65.0,65.0,64.0,64.0,64.0,64.0,62.0,61.0,58.0,57.0,57.0,57.0,56.0
real,120,gulf,10,LSTM-rec,2,crossing,12,444,179,0.2089767543102783,178.0,177.0,176.0,171.0,170.0,169.0,168.0,168.0,167.0,166.0,166.0,165.0,164.0,164.0,163.0,162.0,162.0,162.0,161.0,161.0
real,120,gulf,10,LSTM-rec,2,crossing,13,458,231,0.25925038726184646,230.0,229.0,228.0,227.0,226.0,226.0,225.0,224.0,224.0,223.0,222.0,222.0,221.0,221.0,220.0,220.0,218.0,217.0,217.0,216.0
real,120,gulf,10,LSTM-rec,2,crossing,14,465,200,0.22787405517687517,199.0,198.0,197.0,197.0,196.0,195.0,195.0,194.0,193.0,193.0,193.0,192.0,192.0,192.0,191.0,189.0,189.0,189.0,189.0,188.0
real,120,gulf,10,LSTM-rec,2,crossing,15,483,211,0.17417043005953228,210.0,209.0,208.0,205.0,205.0,205.0,204.0,202.0,202.0,202.0,202.0,201.0,197.0,197.0,196.0,196.0,195.0,195.0,194.0,194.0
real,120,gulf,10,LSTM-ms,2,buffer,0,92,41,0.4235551973290665,36.0,35.0,34.0,33.0,32.0,31.0,31.0,31.0,30.0,30.0,30.0,29.0,29.0,28.0,28.0,27.0,26.0,26.0,26.0,25.0
real,120,gulf,10,LSTM-ms,2,buffer,1,108,508,0.17375165477961377,503.0,502.0,502.0,501.0,501.0,500.0,500.0,499.0,496.0,496.0,496.0,496.0,496.0,496.0,496.0,496.0,496.0,496.0,496.0,496.0
real,120,gulf,10,LSTM-ms,2,buffer,2,149,229,0.12397595547337543,224.0,224.0,223.0,223.0,223.0,223.0,223.0,222.0,222.0,222.0,222.0,222.0,222.0,222.0,222.0,222.0,222.0,222.0,222.0,222.0
real,120,gulf,10,LSTM-ms,2,buffer,3,276,43,0.2056234088772977,10.0,9.0,7.0,6.0,6.0,6.0,6.0,6.0,6.0,6.0,6.0,6.0,6.0,6.0,6.0,6.0,6.0,6.0,6.0,6.0
real,120,gulf,10,LSTM-ms,2,buffer,4,324,467,0.1993477235669077,462.0,462.0,461.0,460.0,460.0,459.0,459.0,459.0,458.0,458.0,458.0,457.0,457.0,456.0,456.0,455.0,455.0,454.0,454.0,454.0
real,120,gulf,10,LSTM-ms,2,buffer,5,327,659,0.09391636577513113,650.0,649.0,648.0,648.0,647.0,647.0,646.0,646.0,646.0,646.0,646.0,645.0,645.0,645.0,645.0,645.0,645.0,645.0,644.0,644.0
real,120,gulf,10,LSTM-ms,2,buffer,6,332,586,0.15738216149807072,579.0,578.0,577.0,576.0,575.0,574.0,574.0,573.0,572.0,572.0,571.0,570.0,569.0,566.0,565.0,565.0,564.0,563.0,562.0,562.0
real,120,gulf,10,LSTM-ms,2,buffer,7,337,36,0.17103813232102552,6.0,6.0,6.0,6.0,6.0,6.0,6.0,6.0,6.0,6.0,6.0,6.0,6.0,6.0,6.0,6.0,6.0,6.0,6.0,6.0
real,120,gulf,10,LSTM-ms,2,buffer,8,346,63,0.20179138006429215,57.0,56.0,56.0,55.0,54.0,53.0,53.0,52.0,52.0,51.0,51.0,50.0,50.0,49.0,48.0,48.0,47.0,47.0,47.0,46.0
real,120,gulf,10,LSTM-ms,2,buffer,9,372,80,0.4584527507579535,75.0,74.0,73.0,73.0,72.0,71.0,71.0,70.0,70.0,69.0,69.0,68.0,68.0,68.0,68.0,67.0,67.0,66.0,66.0,65.0
real,120,gulf,10,LSTM-ms,2,buffer,10,401,179,0.27015042459883754,174.0,174.0,173.0,172.0,172.0,171.0,171.0,169.0,168.0,168.0,168.0,167.0,167.0,167.0,167.0,167.0,167.0,167.0,167.0,167.0
real,120,gulf,10,LSTM-ms,2,buffer,11,435,72,0.31601892030546674,67.0,66.0,65.0,64.0,64.0,64.0,63.0,63.0,62.0,62.0,62.0,61.0,61.0,61.0,61.0,61.0,60.0,60.0,59.0,59.0
real,120,gulf,10,LSTM-ms,2,buffer,12,444,179,0.2089767543102783,168.0,167.0,166.0,165.0,165.0,164.0,163.0,162.0,161.0,160.0,159.0,159.0,158.0,157.0,157.0,156.0,155.0,155.0,155.0,154.0
real,120,gulf,10,LSTM-ms,2,buffer,13,458,231,0.25925038726184646,225.0,224.0,223.0,223.0,222.0,221.0,220.0,219.0,218.0,217.0,217.0,216.0,215.0,214.0,214.0,213.0,212.0,212.0,211.0,210.0
real,120,gulf,10,LSTM-ms,2,buffer,14,465,200,0.22787405517687517,195.0,194.0,194.0,193.0,192.0,192.0,191.0,191.0,189.0,188.0,188.0,188.0,188.0,187.0,186.0,186.0,186.0,185.0,185.0,183.0
real,120,gulf,10,LSTM-ms,2,buffer,15,483,211,0.17417043005953228,205.0,204.0,204.0,203.0,202.0,202.0,202.0,202.0,202.0,201.0,201.0,201.0,201.0,201.0,201.0,201.0,201.0,200.0,200.0,200.0
real,120,gulf,10,LSTM-ms,2,crossing,0,92,41,0.4235551973290665,40.0,39.0,38.0,38.0,37.0,36.0,35.0,35.0,34.0,33.0,32.0,32.0,31.0,31.0,31.0,31.0,30.0,30.0,30.0,30.0
real,120,gulf,10,LSTM-ms,2,crossing,1,108,508,0.17375165477961377,507.0,506.0,506.0,505.0,504.0,504.0,503.0,502.0,502.0,501.0,501.0,500.0,500.0,500.0,496.0,496.0,496.0,496.0,496.0,496.0
real,120,gulf,10,LSTM-ms,2,crossing,2,149,229,0.12397595547337543,228.0,228.0,227.0,227.0,227.0,226.0,225.0,225.0,225.0,224.0,224.0,224.0,223.0,223.0,223.0,223.0,223.0,223.0,223.0,223.0
real,120,gulf,10,LSTM-ms,2,crossing,3,276,43,0.2056234088772977,42.0,41.0,40.0,39.0,38.0,37.0,37.0,36.0,34.0,34.0,33.0,31.0,31.0,30.0,28.0,28.0,28.0,27.0,27.0,27.0
real,120,gulf,10,LSTM-ms,2,crossing,4,324,467,0.1993477235669077,466.0,465.0,465.0,464.0,464.0,463.0,463.0,462.0,462.0,461.0,461.0,460.0,460.0,459.0,459.0,459.0,458.0,458.0,458.0,457.0
real,120,gulf,10,LSTM-ms,2,crossing,5,327,659,0.09391636577513113,658.0,657.0,652.0,652.0,651.0,651.0,650.0,649.0,648.0,647.0,647.0,647.0,647.0,646.0,646.0,646.0,646.0,646.0,646.0,646.0
real,120,gulf,10,LSTM-ms,2,crossing,6,332,586,0.15738216149807072,585.0,584.0,583.0,582.0,581.0,581.0,580.0,579.0,578.0,578.0,577.0,576.0,576.0,575.0,574.0,574.0,573.0,572.0,572.0,572.0
real,120,gulf,10,LSTM-ms,2,crossing,7,337,36,0.17103813232102552,35.0,35.0,34.0,33.0,32.0,32.0,31.0,31.0,29.0,29.0,28.0,28.0,27.0,27.0,13.0,13.0,13.0,13.0,13.0,13.0
real,120,gulf,10,LSTM-ms,2,crossing,8,346,63,0.20179138006429215,62.0,61.0,60.0,59.0,58.0,58.0,57.0,56.0,55.0,55.0,54.0,53.0,53.0,53.0,52.0,52.0,52.0,51.0,50.0,50.0
real,120,gulf,10,LSTM-ms,2,crossing,9,372,80,0.4584527507579535,79.0,78.0,77.0,77.0,76.0,75.0,75.0,74.0,73.0,73.0,72.0,72.0,71.0,71.0,71.0,70.0,69.0,69.0,69.0,68.0
real,120,gulf,10,LSTM-ms,2,crossing,10,401,179,0.27015042459883754,178.0,177.0,177.0,176.0,176.0,175.0,174.0,174.0,173.0,173.0,172.0,172.0,171.0,171.0,169.0,168.0,168.0,168.0,167.0,167.0
real,120,gulf,10,LSTM-ms,2,crossing,11,435,72,0.31601892030546674,71.0,70.0,69.0,68.0,68.0,67.0,66.0,66.0,65.0,65.0,64.0,64.0,64.0,63.0,63.0,63.0,62.0,62.0,62.0,62.0
real,120,gulf,10,LSTM-ms,2,crossing,12,444,179,0.2089767543102783,178.0,177.0,176.0,171.0,170.0,169.0,168.0,167.0,166.0,165.0,165.0,164.0,163.0,162.0,161.0,161.0,160.0,159.0,158.0,158.0
real,120,gulf,10,LSTM-ms,2,crossing,13,458,231,0.25925038726184646,230.0,229.0,228.0,227.0,226.0,226.0,225.0,224.0,223.0,222.0,222.0,221.0,220.0,219.0,218.0,218.0,217.0,216.0,215.0,215.0
real,120,gulf,10,LSTM-ms,2,crossing,14,465,200,0.22787405517687517,199.0,199.0,198.0,197.0,196.0,195.0,195.0,194.0,193.0,193.0,192.0,192.0,192.0,191.0,189.0,188.0,188.0,188.0,188.0,188.0
real,120,gulf,10,LSTM-ms,2,crossing,15,483,211,0.17417043005953228,210.0,209.0,208.0,208.0,207.0,205.0,205.0,205.0,204.0,204.0,203.0,202.0,202.0,202.0,202.0,202.0,202.0,202.0,201.0,201.0
real,120,gulf,10,LSTM-rec,3,buffer,0,92,41,0.4235551973290665,36.0,35.0,34.0,33.0,32.0,31.0,31.0,30.0,30.0,30.0,29.0,29.0,28.0,26.0,26.0,19.0,19.0,19.0,19.0,19.0
real,120,gulf,10,LSTM-rec,3,buffer,1,108,508,0.17375165477961377,503.0,502.0,501.0,501.0,500.0,499.0,498.0,496.0,496.0,496.0,493.0,492.0,491.0,490.0,489.0,489.0,488.0,487.0,487.0,487.0
real,120,gulf,10,LSTM-rec,3,buffer,2,149,229,0.12397595547337543,224.0,223.0,222.0,221.0,219.0,218.0,217.0,216.0,216.0,215.0,214.0,213.0,213.0,212.0,212.0,211.0,211.0,209.0,209.0,209.0
real,120,gulf,10,LSTM-rec,3,buffer,3,276,43,0.2056234088772977,10.0,9.0,6.0,6.0,6.0,6.0,6.0,6.0,6.0,6.0,6.0,6.0,6.0,6.0,6.0,6.0,6.0,6.0,6.0,6.0
real,120,gulf,10,LSTM-rec,3,buffer,4,324,467,0.1993477235669077,462.0,461.0,460.0,459.0,458.0,457.0,456.0,455.0,455.0,454.0,453.0,452.0,451.0,450.0,449.0,449.0,448.0,448.0,447.0,447.0
real,120,gulf,10,LSTM-rec,3,buffer,5,327,659,0.09391636577513113,650.0,649.0,648.0,647.0,647.0,646.0,644.0,642.0,641.0,640.0,640.0,639.0,638.0,638.0,637.0,636.0,635.0,635.0,635.0,634.0
real,120,gulf,10,LSTM-rec,3,buffer,6,332,586,0.15738216149807072,579.0,578.0,577.0,576.0,575.0,574.0,574.0,572.0,572.0,570.0,570.0,568.0,566.0,565.0,563.0,562.0,562.0,561.0,560.0,558.0
real,120,gulf,10,LSTM-rec,3,buffer,7,337,36,0.17103813232102552,6.0,6.0,6.0,6.0,6.0,6.0,6.0,6.0,6.0,6.0,6.0,6.0,6.0,6.0,6.0,6.0,6.0,6.0,6.0,6.0
real,120,gulf,10,LSTM-rec,3,buffer,8,346,63,0.20179138006429215,57.0,57.0,56.0,55.0,54.0,53.0,52.0,50.0,48.0,48.0,47.0,46.0,45.0,44.0,43.0,43.0,42.0,41.0,41.0,41.0
real,120,gulf,10,LSTM-rec,3,buffer,9,372,80,0.4584527507579535,75.0,74.0,73.0,72.0,71.0,70.0,69.0,68.0,66.0,65.0,64.0,64.0,63.0,62.0,62.0,60.0,60.0,59.0,59.0,59.0
real,120,gulf,10,LSTM-rec,3,buffer,10,401,179,0.27015042459883754,174.0,173.0,172.0,171.0,171.0,170.0,169.0,167.0,167.0,167.0,167.0,167.0,167.0,167.0,167.0,167.0,167.0,167.0,167.0,167.0
real,120,gulf,10,LSTM-rec,3,buffer,11,435,72,0.31601892030546674,67.0,66.0,65.0,64.0,63.0,62.0,61.0,59.0,58.0,57.0,56.0,55.0,54.0,54.0,53.0,52.0,52.0,51.0,51.0,50.0
real,120,gulf,10,LSTM-rec,3,buffer,12,444,179,0.2089767543102783,168.0,167.0,166.0,165.0,164.0,163.0,162.0,161.0,160.0,159.0,158.0,157.0,156.0,155.0,155.0,154.0,154.0,153.0,153.0,151.0
real,120,gulf,10,LSTM-rec,3,buffer,13,458,231,0.25925038726184646,225.0,224.0,223.0,222.0,221.0,220.0,219.0,218.0,217.0,215.0,215.0,214.0,212.0,212.0,211.0,210.0,209.0,208.0,207.0,206.0
real,120,gulf,10,LSTM-rec,3,buffer,14,465,200,0.22787405517687517,195.0,194.0,193.0,193.0,192.0,191.0,190.0,188.0,188.0,188.0,188.0,186.0,182.0,181.0,180.0,180.0,179.0,178.0,178.0,177.0
real,120,gulf,10,LSTM-rec,3,buffer,15,483,211,0.17417043005953228,205.0,204.0,203.0,202.0,201.0,200.0,198.0,197.0,196.0,195.0,195.0,194.0,193.0,192.0,192.0,191.0,191.0,190.0,190.0,189.0
real,120,gulf,10,LSTM-rec,3,crossing,0,92,41,0.4235551973290665,40.0,39.0,38.0,38.0,37.0,36.0,35.0,35.0,34.0,33.0,32.0,31.0,31.0,31.0,30.0,30.0,30.0,30.0,29.0,29.0
real,120,gulf,10,LSTM-rec,3,crossing,1,108,508,0.17375165477961377,507.0,506.0,505.0,504.0,504.0,503.0,502.0,501.0,500.0,500.0,498.0,496.0,496.0,496.0,493.0,492.0,491.0,491.0,490.0,489.0
real,120,gulf,10,LSTM-rec,3,crossing,2,149,229,0.12397595547337543,228.0,227.0,225.0,224.0,223.0,222.0,222.0,221.0,218.0,217.0,217.0,216.0,215.0,215.0,214.0,213.0,213.0,212.0,212.0,211.0
real,120,gulf,10,LSTM-rec,3,crossing,3,276,43,0.2056234088772977,42.0,41.0,39.0,38.0,37.0,36.0,34.0,31.0,30.0,28.0,27.0,24.0,24.0,18.0,15.0,12.0,6.0,6.0,6.0,6.0
real,120,gulf,10,LSTM-rec,3,crossing,4,324,467,0.1993477235669077,466.0,465.0,464.0,463.0,462.0,461.0,460.0,459.0,458.0,457.0,456.0,456.0,455.0,454.0,453.0,452.0,451.0,450.0,450.0,449.0
real,120,gulf,10,LSTM-rec,3,crossing,5,327,659,0.09391636577513113,658.0,652.0,652.0,651.0,650.0,649.0,648.0,648.0,647.0,647.0,646.0,642.0,641.0,640.0,640.0,639.0,638.0,638.0,637.0,637.0
real,120,gulf,10,LSTM-rec,3,crossing,6,332,586,0.15738216149807072,585.0,584.0,583.0,582.0,581.0,581.0,580.0,579.0,578.0,577.0,576.0,576.0,574.0,574.0,572.0,572.0,570.0,570.0,566.0,565.0
real,120,gulf,10,LSTM-rec,3,crossing,7,337,36,0.17103813232102552,35.0,35.0,34.0,33.0,31.0,29.0,29.0,27.0,13.0,13.0,13.0,13.0,12.0,12.0,12.0,12.0,12.0,12.0,12.0,12.0
real,120,gulf,10,LSTM-rec,3,crossing,8,346,63,0.20179138006429215,62.0,61.0,60.0,59.0,58.0,57.0,57.0,56.0,55.0,54.0,53.0,53.0,51.0,48.0,47.0,47.0,46.0,45.0,44.0,43.0
real,120,gulf,10,LSTM-rec,3,crossing,9,372,80,0.4584527507579535,79.0,78.0,77.0,76.0,75.0,75.0,74.0,73.0,72.0,71.0,69.0,69.0,68.0,66.0,65.0,64.0,63.0,62.0,62.0,61.0
real,120,gulf,10,LSTM-rec,3,crossing,10,401,179,0.27015042459883754,178.0,177.0,176.0,175.0,174.0,173.0,172.0,171.0,171.0,170.0,169.0,167.0,167.0,167.0,167.0,167.0,167.0,167.0,167.0,167.0
real,120,gulf,10,LSTM-rec,3,crossing,11,435,72,0.31601892030546674,71.0,70.0,69.0,68.0,67.0,66.0,65.0,65.0,64.0,64.0,61.0,59.0,58.0,57.0,56.0,55.0,55.0,54.0,54.0,53.0
real,120,gulf,10,LSTM-rec,3,crossing,12,444,179,0.2089767543102783,178.0,177.0,176.0,170.0,169.0,169.0,167.0,166.0,165.0,164.0,163.0,162.0,161.0,160.0,159.0,158.0,157.0,156.0,155.0,155.0
real,120,gulf,10,LSTM-rec,3,crossing,13,458,231,0.25925038726184646,230.0,229.0,228.0,227.0,226.0,225.0,224.0,223.0,222.0,221.0,220.0,218.0,217.0,216.0,215.0,214.0,213.0,212.0,212.0,210.0
real,120,gulf,10,LSTM-rec,3,crossing,14,465,200,0.22787405517687517,199.0,198.0,197.0,197.0,196.0,195.0,194.0,193.0,193.0,192.0,191.0,189.0,188.0,188.0,188.0,188.0,188.0,182.0,181.0,180.0
real,120,gulf,10,LSTM-rec,3,crossing,15,483,211,0.17417043005953228,210.0,209.0,208.0,205.0,205.0,205.0,203.0,202.0,202.0,201.0,198.0,197.0,196.0,195.0,194.0,194.0,193.0,192.0,192.0,191.0
real,120,gulf,10,LSTM-ms,3,buffer,0,92,41,0.4235551973290665,36.0,35.0,34.0,33.0,32.0,32.0,31.0,31.0,30.0,30.0,30.0,29.0,29.0,28.0,27.0,26.0,26.0,25.0,25.0,24.0
real,120,gulf,10,LSTM-ms,3,buffer,1,108,508,0.17375165477961377,503.0,503.0,502.0,501.0,500.0,499.0,498.0,498.0,496.0,496.0,493.0,492.0,492.0,491.0,490.0,489.0,489.0,488.0,488.0,487.0
real,120,gulf,10,LSTM-ms,3,buffer,2,149,229,0.12397595547337543,224.0,223.0,222.0,222.0,221.0,219.0,218.0,217.0,217.0,216.0,216.0,215.0,214.0,214.0,213.0,213.0,212.0,212.0,211.0,211.0
real,120,gulf,10,LSTM-ms,3,buffer,3,276,43,0.2056234088772977,10.0,9.0,9.0,6.0,6.0,6.0,6.0,6.0,6.0,6.0,6.0,6.0,6.0,6.0,6.0,6.0,6.0,6.0,6.0,6.0
real,120,gulf,10,LSTM-ms,3,buffer,4,324,467,0.1993477235669077,462.0,461.0,460.0,459.0,458.0,457.0,457.0,456.0,455.0,454.0,453.0,452.0,452.0,451.0,450.0,450.0,449.0,449.0,448.0,448.0
real,120,gulf,10,LSTM-ms,3,buffer,5,327,659,0.09391636577513113,650.0,649.0,648.0,648.0,647.0,646.0,645.0,643.0,642.0,641.0,640.0,639.0,639.0,638.0,638.0,637.0,636.0,636.0,635.0,635.0
real,120,gulf,10,LSTM-ms,3,buffer,6,332,586,0.15738216149807072,579.0,578.0,577.0,576.0,575.0,574.0,574.0,573.0,572.0,571.0,570.0,569.0,567.0,565.0,565.0,563.0,563.0,562.0,561.0,560.0
real,120,gulf,10,LSTM-ms,3,buffer,7,337,36,0.17103813232102552,6.0,6.0,6.0,6.0,6.0,6.0,6.0,6.0,6.0,6.0,6.0,6.0,6.0,6.0,6.0,6.0,6.0,6.0,6.0,6.0
real,120,gulf,10,LSTM-ms,3,buffer,8,346,63,0.20179138006429215,58.0,57.0,56.0,55.0,54.0,53.0,52.0,51.0,49.0,48.0,47.0,47.0,46.0,45.0,44.0,43.0,43.0,42.0,42.0,41.0
real,120,gulf,10,LSTM-ms,3,buffer,9,372,80,0.4584527507579535,75.0,74.0,73.0,72.0,72.0,71.0,69.0,69.0,68.0,66.0,65.0,64.0,64.0,63.0,62.0,61.0,61.0,60.0,60.0,60.0
real,120,gulf,10,LSTM-ms,3,buffer,10,401,179,0.27015042459883754,174.0,173.0,172.0,171.0,171.0,170.0,169.0,169.0,168.0,168.0,168.0,168.0,167.0,167.0,167.0,167.0,167.0,167.0,167.0,167.0
real,120,gulf,10,LSTM-ms,3,buffer,11,435,72,0.31601892030546674,67.0,66.0,65.0,64.0,64.0,62.0,61.0,60.0,58.0,58.0,57.0,56.0,55.0,55.0,54.0,53.0,53.0,52.0,52.0,51.0
real,120,gulf,10,LSTM-ms,3,buffer,12,444,179,0.2089767543102783,168.0,167.0,166.0,165.0,165.0,164.0,162.0,162.0,161.0,160.0,159.0,158.0,157.0,156.0,155.0,155.0,155.0,154.0,154.0,153.0
real,120,gulf,10,LSTM-ms,3,buffer,13,458,231,0.25925038726184646,225.0,224.0,223.0,223.0,221.0,221.0,220.0,218.0,217.0,216.0,215.0,215.0,214.0,213.0,212.0,212.0,211.0,210.0,209.0,208.0
real,120,gulf,10,LSTM-ms,3,buffer,14,465,200,0.22787405517687517,195.0,195.0,194.0,193.0,192.0,191.0,191.0,190.0,189.0,189.0,188.0,188.0,183.0,182.0,181.0,180.0,180.0,179.0,179.0,178.0
real,120,gulf,10,LSTM-ms,3,buffer,15,483,211,0.17417043005953228,205.0,204.0,203.0,202.0,202.0,201.0,199.0,198.0,197.0,196.0,195.0,195.0,194.0,193.0,193.0,192.0,192.0,191.0,191.0,191.0
real,120,gulf,10,LSTM-ms,3,crossing,0,92,41,0.4235551973290665,40.0,39.0,39.0,38.0,37.0,36.0,36.0,35.0,34.0,34.0,33.0,32.0,31.0,31.0,31.0,31.0,30.0,30.0,30.0,30.0
real,120,gulf,10,LSTM-ms,3,crossing,1,108,508,0.17375165477961377,507.0,506.0,505.0,505.0,504.0,503.0,502.0,502.0,501.0,500.0,500.0,499.0,498.0,497.0,494.0,493.0,492.0,491.0,491.0,490.0
real,120,gulf,10,LSTM-ms,3,crossing,2,149,229,0.12397595547337543,228.0,227.0,226.0,225.0,224.0,223.0,223.0,222.0,221.0,219.0,218.0,217.0,217.0,216.0,216.0,215.0,214.0,214.0,213.0,213.0
real,120,gulf,10,LSTM-ms,3,crossing,3,276,43,0.2056234088772977,42.0,41.0,41.0,39.0,38.0,37.0,37.0,36.0,34.0,34.0,31.0,31.0,30.0,28.0,28.0,27.0,27.0,27.0,27.0,24.0
real,120,gulf,10,LSTM-ms,3,crossing,4,324,467,0.1993477235669077,466.0,465.0,464.0,463.0,462.0,461.0,460.0,459.0,459.0,458.0,457.0,456.0,455.0,454.0,454.0,453.0,452.0,451.0,451.0,450.0
real,120,gulf,10,LSTM-ms,3,crossing,5,327,659,0.09391636577513113,658.0,656.0,652.0,651.0,650.0,650.0,649.0,648.0,648.0,647.0,646.0,644.0,642.0,641.0,640.0,640.0,639.0,639.0,638.0,638.0
real,120,gulf,10,LSTM-ms,3,crossing,6,332,586,0.15738216149807072,585.0,584.0,583.0,582.0,581.0,581.0,580.0,579.0,578.0,577.0,577.0,576.0,575.0,574.0,574.0,573.0,572.0,572.0,570.0,570.0
real,120,gulf,10,LSTM-ms,3,crossing,7,337,36,0.17103813232102552,36.0,35.0,35.0,34.0,33.0,32.0,31.0,31.0,29.0,13.0,13.0,13.0,13.0,13.0,13.0,13.0,13.0,12.0,12.0,12.0
real,120,gulf,10,LSTM-ms,3,crossing,8,346,63,0.20179138006429215,62.0,61.0,60.0,59.0,59.0,58.0,57.0,56.0,55.0,55.0,54.0,53.0,52.0,48.0,48.0,47.0,47.0,46.0,45.0,44.0
real,120,gulf,10,LSTM-ms,3,crossing,9,372,80,0.4584527507579535,79.0,78.0,77.0,77.0,76.0,75.0,74.0,73.0,73.0,72.0,71.0,70.0,69.0,66.0,65.0,65.0,64.0,63.0,63.0,62.0
real,120,gulf,10,LSTM-ms,3,crossing,10,401,179,0.27015042459883754,178.0,177.0,176.0,175.0,174.0,173.0,172.0,172.0,171.0,170.0,170.0,169.0,169.0,168.0,168.0,168.0,168.0,168.0,168.0,168.0
real,120,gulf,10,LSTM-ms,3,crossing,11,435,72,0.31601892030546674,71.0,70.0,69.0,68.0,68.0,67.0,66.0,65.0,65.0,64.0,63.0,61.0,59.0,58.0,57.0,56.0,56.0,55.0,54.0,54.0
real,120,gulf,10,LSTM-ms,3,crossing,12,444,179,0.2089767543102783,178.0,177.0,176.0,171.0,170.0,169.0,168.0,167.0,166.0,165.0,164.0,163.0,162.0,161.0,160.0,159.0,158.0,157.0,157.0,156.0
real,120,gulf,10,LSTM-ms,3,crossing,13,458,231,0.25925038726184646,230.0,229.0,228.0,227.0,226.0,225.0,224.0,224.0,223.0,222.0,221.0,220.0,218.0,217.0,216.0,215.0,215.0,214.0,213.0,212.0
real,120,gulf,10,LSTM-ms,3,crossing,14,465,200,0.22787405517687517,199.0,198.0,197.0,197.0,196.0,195.0,195.0,194.0,193.0,193.0,192.0,191.0,191.0,189.0,189.0,189.0,188.0,183.0,182.0,181.0
real,120,gulf,10,LSTM-ms,3,crossing,15,483,211,0.17417043005953228,210.0,209.0,208.0,206.0,205.0,205.0,204.0,203.0,202.0,202.0,201.0,198.0,197.0,196.0,196.0,195.0,194.0,194.0,193.0,192.0
real,120,gulf,10,LSTM-rec,4,buffer,0,92,41,0.4235551973290665,36.0,35.0,34.0,34.0,33.0,32.0,31.0,31.0,31.0,31.0,31.0,31.0,30.0,30.0,30.0,30.0,30.0,30.0,30.0,30.0
real,120,gulf,10,LSTM-rec,4,buffer,1,108,508,0.17375165477961377,503.0,502.0,502.0,501.0,500.0,500.0,499.0,498.0,498.0,498.0,496.0,496.0,496.0,496.0,496.0,496.0,496.0,496.0,496.0,496.0
real,120,gulf,10,LSTM-rec,4,buffer,2,149,229,0.12397595547337543,224.0,223.0,222.0,222.0,221.0,219.0,218.0,218.0,217.0,217.0,216.0,216.0,216.0,215.0,215.0,215.0,214.0,214.0,214.0,214.0
real,120,gulf,10,LSTM-rec,4,buffer,3,276,43,0.2056234088772977,10.0,9.0,9.0,9.0,9.0,9.0,9.0,9.0,9.0,9.0,9.0,9.0,9.0,9.0,9.0,9.0,9.0,9.0,9.0,9.0
real,120,gulf,10,LSTM-rec,4,buffer,4,324,467,0.1993477235669077,462.0,461.0,460.0,460.0,459.0,458.0,458.0,457.0,457.0,456.0,456.0,456.0,455.0,455.0,455.0,454.0,454.0,454.0,454.0,454.0
real,120,gulf,10,LSTM-rec,4,buffer,5,327,659,0.09391636577513113,650.0,649.0,648.0,648.0,647.0,647.0,646.0,646.0,644.0,642.0,642.0,641.0,641.0,641.0,641.0,640.0,640.0,640.0,640.0,639.0
real,120,gulf,10,LSTM-rec,4,buffer,6,332,586,0.15738216149807072,579.0,578.0,577.0,577.0,576.0,576.0,575.0,574.0,574.0,574.0,574.0,574.0,574.0,574.0,572.0,572.0,572.0,572.0,572.0,572.0
real,120,gulf,10,LSTM-rec,4,buffer,7,337,36,0.17103813232102552,6.0,6.0,6.0,6.0,6.0,6.0,6.0,6.0,6.0,6.0,6.0,6.0,6.0,6.0,6.0,6.0,6.0,6.0,6.0,6.0
real,120,gulf,10,LSTM-rec,4,buffer,8,346,63,0.20179138006429215,58.0,57.0,56.0,55.0,55.0,54.0,54.0,53.0,53.0,53.0,52.0,52.0,51.0,51.0,48.0,48.0,48.0,48.0,48.0,48.0
real,120,gulf,10,LSTM-rec,4,buffer,9,372,80,0.4584527507579535,75.0,74.0,73.0,72.0,72.0,71.0,71.0,69.0,69.0,69.0,68.0,68.0,68.0,68.0,66.0,66.0,66.0,65.0,65.0,65.0
real,120,gulf,10,LSTM-rec,4,buffer,10,401,179,0.27015042459883754,174.0,173.0,173.0,172.0,171.0,171.0,170.0,170.0,169.0,169.0,169.0,167.0,167.0,167.0,167.0,167.0,167.0,167.0,167.0,167.0
real,120,gulf,10,LSTM-rec,4,buffer,11,435,72,0.31601892030546674,67.0,66.0,65.0,64.0,64.0,64.0,62.0,61.0,61.0,61.0,59.0,59.0,58.0,57.0,57.0,57.0,57.0,57.0,57.0,57.0
real,120,gulf,10,LSTM-rec,4,buffer,12,444,179,0.2089767543102783,168.0,168.0,167.0,166.0,165.0,165.0,164.0,164.0,163.0,162.0,162.0,162.0,161.0,161.0,161.0,161.0,160.0,160.0,160.0,160.0
real,120,gulf,10,LSTM-rec,4,buffer,13,458,231,0.25925038726184646,225.0,224.0,224.0,223.0,222.0,222.0,221.0,221.0,220.0,220.0,219.0,218.0,218.0,217.0,217.0,217.0,217.0,216.0,216.0,216.0
real,120,gulf,10,LSTM-rec,4,buffer,14,465,200,0.22787405517687517,195.0,195.0,194.0,193.0,193.0,192.0,192.0,191.0,191.0,189.0,189.0,189.0,189.0,188.0,188.0,188.0,188.0,188.0,188.0,188.0
real,120,gulf,10,LSTM-rec,4,buffer,15,483,211,0.17417043005953228,205.0,204.0,203.0,202.0,202.0,201.0,201.0,199.0,198.0,197.0,197.0,196.0,196.0,196.0,195.0,195.0,195.0,195.0,194.0,194.0
real,120,gulf,10,LSTM-rec,4,crossing,0,92,41,0.4235551973290665,40.0,39.0,39.0,38.0,37.0,37.0,36.0,36.0,36.0,35.0,35.0,35.0,35.0,35.0,35.0,34.0,34.0,34.0,34.0,34.0
real,120,gulf,10,LSTM-rec,4,crossing,1,108,508,0.17375165477961377,507.0,506.0,505.0,505.0,504.0,503.0,503.0,502.0,502.0,501.0,501.0,501.0,501.0,500.0,500.0,500.0,500.0,500.0,500.0,500.0
real,120,gulf,10,LSTM-rec,4,crossing,2,149,229,0.12397595547337543,229.0,227.0,225.0,225.0,224.0,223.0,223.0,222.0,222.0,221.0,219.0,218.0,218.0,218.0,217.0,217.0,217.0,217.0,216.0,216.0
real,120,gulf,10,LSTM-rec,4,crossing,3,276,43,0.2056234088772977,42.0,41.0,41.0,41.0,41.0,41.0,41.0,41.0,41.0,41.0,41.0,41.0,41.0,41.0,41.0,41.0,41.0,41.0,41.0,41.0
real,120,gulf,10,LSTM-rec,4,crossing,4,324,467,0.1993477235669077,466.0,465.0,464.0,463.0,463.0,462.0,461.0,461.0,460.0,460.0,460.0,459.0,459.0,459.0,458.0,458.0,458.0,458.0,458.0,458.0
real,120,gulf,10,LSTM-rec,4,crossing,5,327,659,0.09391636577513113,658.0,657.0,652.0,651.0,650.0,650.0,649.0,649.0,648.0,648.0,648.0,648.0,647.0,647.0,647.0,647.0,647.0,647.0,647.0,642.0
real,120,gulf,10,LSTM-rec,4,crossing,6,332,586,0.15738216149807072,585.0,584.0,583.0,582.0,582.0,582.0,581.0,581.0,581.0,580.0,580.0,580.0,579.0,579.0,579.0,579.0,579.0,579.0,579.0,579.0
real,120,gulf,10,LSTM-rec,4,crossing,7,337,36,0.17103813232102552,35.0,35.0,35.0,35.0,35.0,34.0,34.0,34.0,34.0,34.0,34.0,34.0,34.0,34.0,34.0,34.0,34.0,34.0,34.0,34.0
real,120,gulf,10,LSTM-rec,4,crossing,8,346,63,0.20179138006429215,62.0,61.0,60.0,59.0,59.0,58.0,58.0,57.0,57.0,57.0,56.0,56.0,56.0,55.0,55.0,55.0,55.0,55.0,55.0,55.0
real,120,gulf,10,LSTM-rec,4,crossing,9,372,80,0.4584527507579535,79.0,78.0,77.0,77.0,76.0,75.0,75.0,75.0,74.0,73.0,73.0,73.0,72.0,72.0,72.0,72.0,72.0,72.0,72.0,71.0
real,120,gulf,10,LSTM-rec,4,crossing,10,401,179,0.27015042459883754,178.0,177.0,177.0,176.0,175.0,175.0,174.0,174.0,173.0,173.0,172.0,172.0,171.0,171.0,171.0,171.0,171.0,171.0,170.0,170.0
real,120,gulf,10,LSTM-rec,4,crossing,11,435,72,0.31601892030546674,71.0,70.0,69.0,68.0,68.0,67.0,67.0,66.0,65.0,65.0,65.0,64.0,64.0,64.0,64.0,64.0,64.0,64.0,64.0,64.0
real,120,gulf,10,LSTM-rec,4,crossing,12,444,179,0.2089767543102783,178.0,177.0,177.0,176.0,170.0,170.0,169.0,169.0,168.0,168.0,167.0,167.0,167.0,166.0,166.0,166.0,166.0,166.0,166.0,165.0
real,120,gulf,10,LSTM-rec,4,crossing,13,458,231,0.25925038726184646,230.0,229.0,228.0,228.0,227.0,226.0,226.0,225.0,225.0,224.0,224.0,224.0,223.0,223.0,223.0,223.0,222.0,222.0,222.0,222.0
real,120,gulf,10,LSTM-rec,4,crossing,14,465,200,0.22787405517687517,199.0,198.0,197.0,197.0,196.0,195.0,195.0,195.0,194.0,194.0,193.0,193.0,193.0,193.0,193.0,193.0,193.0,193.0,193.0,192.0
real,120,gulf,10,LSTM-rec,4,crossing,15,483,211,0.17417043005953228,210.0,209.0,208.0,206.0,205.0,205.0,205.0,204.0,203.0,202.0,202.0,202.0,202.0,201.0,201.0,199.0,199.0,199.0,197.0,197.0
real,120,gulf,10,LSTM-ms,4,buffer,0,92,41,0.4235551973290665,36.0,35.0,34.0,33.0,32.0,31.0,31.0,31.0,30.0,30.0,30.0,29.0,29.0,29.0,28.0,28.0,27.0,26.0,26.0,26.0
real,120,gulf,10,LSTM-ms,4,buffer,1,108,508,0.17375165477961377,503.0,502.0,502.0,501.0,500.0,499.0,498.0,498.0,497.0,496.0,494.0,493.0,492.0,492.0,491.0,491.0,490.0,489.0,489.0,488.0
real,120,gulf,10,LSTM-ms,4,buffer,2,149,229,0.12397595547337543,224.0,223.0,222.0,221.0,220.0,219.0,218.0,217.0,217.0,216.0,215.0,215.0,214.0,214.0,213.0,213.0,212.0,212.0,212.0,212.0
real,120,gulf,10,LSTM-ms,4,buffer,3,276,43,0.2056234088772977,10.0,9.0,9.0,8.0,6.0,6.0,6.0,6.0,6.0,6.0,6.0,6.0,6.0,6.0,6.0,6.0,6.0,6.0,6.0,6.0
real,120,gulf,10,LSTM-ms,4,buffer,4,324,467,0.1993477235669077,462.0,461.0,460.0,459.0,459.0,458.0,457.0,456.0,455.0,455.0,454.0,453.0,453.0,452.0,451.0,451.0,450.0,450.0,449.0,449.0
real,120,gulf,10,LSTM-ms,4,buffer,5,327,659,0.09391636577513113,650.0,649.0,648.0,647.0,647.0,646.0,644.0,643.0,642.0,641.0,641.0,640.0,639.0,639.0,638.0,638.0,637.0,637.0,636.0,636.0
real,120,gulf,10,LSTM-ms,4,buffer,6,332,586,0.15738216149807072,579.0,578.0,577.0,576.0,576.0,575.0,574.0,574.0,572.0,572.0,572.0,570.0,570.0,570.0,568.0,568.0,565.0,565.0,564.0,563.0
real,120,gulf,10,LSTM-ms,4,buffer,7,337,36,0.17103813232102552,6.0,6.0,6.0,6.0,6.0,6.0,6.0,6.0,6.0,6.0,6.0,6.0,6.0,6.0,6.0,6.0,6.0,6.0,6.0,6.0
real,120,gulf,10,LSTM-ms,4,buffer,8,346,63,0.20179138006429215,57.0,57.0,56.0,55.0,54.0,53.0,53.0,51.0,50.0,48.0,48.0,47.0,47.0,46.0,45.0,45.0,44.0,43.0,43.0,42.0
real,120,gulf,10,LSTM-ms,4,buffer,9,372,80,0.4584527507579535,75.0,74.0,73.0,72.0,71.0,71.0,69.0,69.0,68.0,66.0,66.0,65.0,64.0,64.0,63.0,62.0,62.0,61.0,61.0,60.0
real,120,gulf,10,LSTM-ms,4,buffer,10,401,179,0.27015042459883754,174.0,173.0,172.0,172.0,171.0,170.0,169.0,169.0,169.0,168.0,168.0,168.0,167.0,167.0,167.0,167.0,167.0,167.0,167.0,167.0
real,120,gulf,10,LSTM-ms,4,buffer,11,435,72,0.31601892030546674,67.0,66.0,65.0,64.0,63.0,62.0,61.0,60.0,59.0,58.0,57.0,57.0,56.0,55.0,55.0,54.0,54.0,53.0,53.0,52.0
real,120,gulf,10,LSTM-ms,4,buffer,12,444,179,0.2089767543102783,168.0,167.0,166.0,165.0,165.0,164.0,163.0,162.0,161.0,160.0,159.0,159.0,158.0,157.0,156.0,156.0,155.0,155.0,155.0,154.0
real,120,gulf,10,LSTM-ms,4,buffer,13,458,231,0.25925038726184646,225.0,224.0,223.0,222.0,221.0,221.0,220.0,218.0,217.0,217.0,216.0,215.0,214.0,214.0,213.0,212.0,212.0,211.0,210.0,210.0
real,120,gulf,10,LSTM-ms,4,buffer,14,465,200,0.22787405517687517,195.0,194.0,194.0,193.0,192.0,191.0,191.0,189.0,189.0,189.0,188.0,188.0,188.0,183.0,182.0,182.0,181.0,180.0,180.0,180.0
real,120,gulf,10,LSTM-ms,4,buffer,15,483,211,0.17417043005953228,205.0,204.0,203.0,202.0,201.0,200.0,199.0,198.0,197.0,196.0,196.0,195.0,194.0,194.0,193.0,193.0,192.0,192.0,192.0,191.0
real,120,gulf,10,LSTM-ms,4,crossing,0,92,41,0.4235551973290665,40.0,39.0,39.0,38.0,37.0,36.0,36.0,35.0,34.0,34.0,33.0,32.0,31.0,31.0,31.0,31.0,31.0,30.0,30.0,30.0
real,120,gulf,10,LSTM-ms,4,crossing,1,108,508,0.17375165477961377,507.0,506.0,505.0,504.0,504.0,503.0,502.0,502.0,501.0,500.0,500.0,499.0,498.0,498.0,497.0,496.0,494.0,493.0,492.0,492.0
real,120,gulf,10,LSTM-ms,4,crossing,2,149,229,0.12397595547337543,228.0,227.0,225.0,224.0,224.0,223.0,222.0,222.0,221.0,219.0,218.0,217.0,217.0,216.0,216.0,215.0,215.0,214.0,214.0,213.0
real,120,gulf,10,LSTM-ms,4,crossing,3,276,43,0.2056234088772977,42.0,41.0,41.0,40.0,39.0,39.0,38.0,37.0,37.0,37.0,37.0,37.0,34.0,34.0,34.0,34.0,34.0,34.0,34.0,34.0
real,120,gulf,10,LSTM-ms,4,crossing,4,324,467,0.1993477235669077,466.0,465.0,464.0,463.0,462.0,461.0,461.0,460.0,459.0,458.0,458.0,457.0,456.0,456.0,455.0,454.0,454.0,453.0,452.0,452.0
real,120,gulf,10,LSTM-ms,4,crossing,5,327,659,0.09391636577513113,658.0,656.0,652.0,651.0,650.0,649.0,649.0,648.0,648.0,647.0,646.0,646.0,642.0,642.0,641.0,641.0,640.0,640.0,639.0,638.0
real,120,gulf,10,LSTM-ms,4,crossing,6,332,586,0.15738216149807072,585.0,584.0,583.0,582.0,582.0,581.0,581.0,580.0,579.0,578.0,578.0,577.0,576.0,576.0,576.0,575.0,574.0,574.0,574.0,572.0
real,120,gulf,10,LSTM-ms,4,crossing,7,337,36,0.17103813232102552,36.0,35.0,35.0,34.0,34.0,33.0,33.0,32.0,32.0,32.0,31.0,13.0,13.0,13.0,13.0,13.0,13.0,13.0,13.0,13.0
real,120,gulf,10,LSTM-ms,4,crossing,8,346,63,0.20179138006429215,62.0,61.0,60.0,59.0,58.0,58.0,57.0,56.0,55.0,55.0,54.0,53.0,53.0,51.0,50.0,48.0,48.0,47.0,47.0,46.0
real,120,gulf,10,LSTM-ms,4,crossing,9,372,80,0.4584527507579535,79.0,78.0,77.0,76.0,76.0,75.0,74.0,73.0,72.0,72.0,71.0,70.0,69.0,68.0,68.0,66.0,65.0,65.0,64.0,63.0
real,120,gulf,10,LSTM-ms,4,crossing,10,401,179,0.27015042459883754,178.0,177.0,176.0,175.0,175.0,174.0,173.0,172.0,171.0,171.0,170.0,170.0,169.0,169.0,169.0,169.0,168.0,168.0,168.0,168.0
real,120,gulf,10,LSTM-ms,4,crossing,11,435,72,0.31601892030546674,71.0,70.0,69.0,68.0,67.0,67.0,66.0,65.0,64.0,64.0,63.0,61.0,61.0,59.0,58.0,57.0,57.0,56.0,55.0,55.0
real,120,gulf,10,LSTM-ms,4,crossing,12,444,179,0.2089767543102783,178.0,177.0,176.0,171.0,170.0,169.0,168.0,167.0,166.0,166.0,165.0,164.0,163.0,162.0,162.0,161.0,160.0,159.0,159.0,158.0
real,120,gulf,10,LSTM-ms,4,crossing,13,458,231,0.25925038726184646,230.0,229.0,228.0,227.0,226.0,225.0,225.0,224.0,223.0,222.0,221.0,221.0,220.0,218.0,218.0,217.0,216.0,215.0,215.0,214.0
real,120,gulf,10,LSTM-ms,4,crossing,14,465,200,0.22787405517687517,199.0,198.0,197.0,197.0,196.0,195.0,195.0,194.0,193.0,193.0,192.0,191.0,191.0,190.0,189.0,189.0,189.0,188.0,188.0,188.0
real,120,gulf,10,LSTM-ms,4,crossing,15,483,211,0.17417043005953228,210.0,209.0,208.0,205.0,205.0,205.0,204.0,202.0,202.0,201.0,201.0,199.0,197.0,197.0,196.0,195.0,195.0,194.0,194.0,193.0
real,120,gulf,11,Reactive,0,zone,0,87,103,0.3125995606778419,94.0,94.0,94.0,94.0,94.0,94.0,94.0,94.0,94.0,94.0,94.0,94.0,94.0,94.0,94.0,94.0,94.0,94.0,94.0,94.0
real,120,gulf,11,Reactive,0,zone,1,109,72,0.37733481003734004,66.0,66.0,66.0,66.0,66.0,66.0,66.0,66.0,66.0,66.0,66.0,66.0,66.0,66.0,66.0,66.0,66.0,66.0,66.0,66.0
real,120,gulf,11,Reactive,0,zone,2,136,175,0.1979402878047138,166.0,166.0,166.0,166.0,166.0,166.0,166.0,166.0,166.0,166.0,166.0,166.0,166.0,166.0,166.0,166.0,166.0,166.0,166.0,166.0
real,120,gulf,11,Reactive,0,zone,3,166,69,0.12044946645204532,60.0,60.0,60.0,60.0,60.0,60.0,60.0,60.0,60.0,60.0,60.0,60.0,60.0,60.0,60.0,60.0,60.0,60.0,60.0,60.0
real,120,gulf,11,Reactive,0,zone,4,205,356,0.09111327929429273,353.0,353.0,353.0,353.0,353.0,353.0,353.0,353.0,353.0,353.0,353.0,353.0,353.0,353.0,353.0,353.0,353.0,353.0,353.0,353.0
real,120,gulf,11,Reactive,0,zone,5,214,26,0.19009579557566336,15.0,15.0,15.0,15.0,15.0,15.0,15.0,15.0,15.0,15.0,15.0,15.0,15.0,15.0,15.0,15.0,15.0,15.0,15.0,15.0
real,120,gulf,11,Reactive,0,zone,6,227,461,0.22637321104434646,457.0,457.0,457.0,457.0,457.0,457.0,457.0,457.0,457.0,457.0,457.0,457.0,457.0,457.0,457.0,457.0,457.0,457.0,457.0,457.0
real,120,gulf,11,Reactive,0,zone,7,367,151,0.21704541069124283,140.0,140.0,140.0,140.0,140.0,140.0,140.0,140.0,140.0,140.0,140.0,140.0,140.0,140.0,140.0,140.0,140.0,140.0,140.0,140.0
real,120,gulf,11,Reactive,0,zone,8,375,197,0.17455658585875658,190.0,190.0,190.0,190.0,190.0,190.0,190.0,190.0,190.0,190.0,190.0,190.0,190.0,190.0,190.0,190.0,190.0,190.0,190.0,190.0
real,120,gulf,11,Reactive,0,zone,9,377,23,0.5639730955031614,19.0,19.0,19.0,19.0,19.0,19.0,19.0,19.0,19.0,19.0,19.0,19.0,19.0,19.0,19.0,19.0,19.0,19.0,19.0,19.0
real,120,gulf,11,Reactive,0,zone,10,379,151,0.23424985300536183,140.0,140.0,140.0,140.0,140.0,140.0,140.0,140.0,140.0,140.0,140.0,140.0,140.0,140.0,140.0,140.0,140.0,140.0,140.0,140.0
real,120,gulf,11,Reactive,0,zone,11,467,162,0.17261318285171492,147.0,147.0,147.0,147.0,147.0,147.0,147.0,147.0,147.0,147.0,147.0,147.0,147.0,147.0,147.0,147.0,147.0,147.0,147.0,147.0
real,120,gulf,11,Analytic,0,buffer,0,87,103,0.3125995606778419,93.0,92.0,90.0,89.0,88.0,87.0,86.0,85.0,84.0,83.0,83.0,82.0,81.0,80.0,78.0,77.0,75.0,74.0,73.0,72.0
real,120,gulf,11,Analytic,0,buffer,1,109,72,0.37733481003734004,65.0,64.0,63.0,62.0,61.0,60.0,59.0,58.0,57.0,56.0,55.0,54.0,53.0,52.0,51.0,50.0,49.0,48.0,47.0,46.0
real,120,gulf,11,Analytic,0,buffer,2,136,175,0.1979402878047138,165.0,164.0,163.0,162.0,161.0,160.0,159.0,158.0,157.0,156.0,154.0,154.0,153.0,152.0,151.0,150.0,149.0,148.0,147.0,146.0
real,120,gulf,11,Analytic,0,buffer,3,166,69,0.12044946645204532,59.0,58.0,57.0,56.0,55.0,54.0,53.0,52.0,51.0,50.0,49.0,48.0,47.0,46.0,46.0,45.0,44.0,43.0,42.0,41.0
real,120,gulf,11,Analytic,0,buffer,4,205,356,0.09111327929429273,352.0,351.0,350.0,349.0,348.0,347.0,346.0,345.0,344.0,343.0,342.0,341.0,340.0,340.0,339.0,339.0,338.0,338.0,337.0,337.0
real,120,gulf,11,Analytic,0,buffer,5,214,26,0.19009579557566336,14.0,13.0,12.0,11.0,10.0,9.0,8.0,7.0,6.0,6.0,6.0,6.0,6.0,6.0,6.0,6.0,6.0,6.0,6.0,6.0
real,120,gulf,11,Analytic,0,buffer,6,227,461,0.22637321104434646,456.0,455.0,454.0,453.0,452.0,451.0,450.0,449.0,448.0,447.0,446.0,445.0,444.0,443.0,442.0,441.0,440.0,440.0,439.0,438.0
real,120,gulf,11,Analytic,0,buffer,7,367,151,0.21704541069124283,139.0,138.0,137.0,136.0,128.0,127.0,126.0,93.0,93.0,92.0,92.0,91.0,91.0,91.0,90.0,90.0,90.0,90.0,78.0,77.0
real,120,gulf,11,Analytic,0,buffer,8,375,197,0.17455658585875658,189.0,188.0,187.0,186.0,185.0,184.0,183.0,182.0,181.0,180.0,179.0,178.0,177.0,176.0,175.0,174.0,173.0,172.0,171.0,171.0
real,120,gulf,11,Analytic,0,buffer,9,377,23,0.5639730955031614,18.0,16.0,15.0,14.0,13.0,12.0,11.0,10.0,9.0,8.0,7.0,6.0,6.0,6.0,6.0,6.0,6.0,6.0,6.0,6.0
real,120,gulf,11,Analytic,0,buffer,10,379,151,0.23424985300536183,139.0,139.0,138.0,137.0,128.0,127.0,126.0,92.0,91.0,90.0,89.0,88.0,88.0,87.0,86.0,86.0,85.0,84.0,83.0,82.0
real,120,gulf,11,Analytic,0,buffer,11,467,162,0.17261318285171492,146.0,144.0,142.0,141.0,140.0,139.0,90.0,89.0,88.0,87.0,86.0,85.0,85.0,84.0,83.0,82.0,82.0,81.0,81.0,80.0
real,120,gulf,11,Analytic,0,crossing,0,87,103,0.3125995606778419,102.0,101.0,100.0,99.0,98.0,97.0,96.0,95.0,95.0,93.0,92.0,90.0,89.0,88.0,87.0,86.0,85.0,84.0,83.0,82.0
real,120,gulf,11,Analytic,0,crossing,1,109,72,0.37733481003734004,71.0,70.0,69.0,67.0,66.0,65.0,64.0,63.0,62.0,61.0,60.0,59.0,59.0,57.0,56.0,55.0,54.0,53.0,52.0,51.0
real,120,gulf,11,Analytic,0,crossing,2,136,175,0.1979402878047138,174.0,173.0,172.0,171.0,170.0,169.0,168.0,167.0,166.0,165.0,164.0,163.0,162.0,162.0,161.0,160.0,159.0,157.0,156.0,155.0
real,120,gulf,11,Analytic,0,crossing,3,166,69,0.12044946645204532,68.0,67.0,65.0,64.0,63.0,63.0,62.0,61.0,60.0,59.0,58.0,57.0,56.0,55.0,54.0,53.0,52.0,51.0,50.0,49.0
real,120,gulf,11,Analytic,0,crossing,4,205,356,0.09111327929429273,355.0,354.0,353.0,352.0,351.0,350.0,349.0,348.0,347.0,346.0,345.0,344.0,343.0,342.0,341.0,341.0,340.0,339.0,339.0,338.0
real,120,gulf,11,Analytic,0,crossing,5,214,26,0.19009579557566336,25.0,24.0,23.0,21.0,20.0,19.0,18.0,17.0,16.0,15.0,14.0,13.0,13.0,11.0,10.0,9.0,8.0,8.0,7.0,7.0
real,120,gulf,11,Analytic,0,crossing,6,227,461,0.22637321104434646,460.0,459.0,458.0,457.0,456.0,455.0,454.0,453.0,452.0,451.0,450.0,449.0,448.0,447.0,446.0,445.0,445.0,444.0,443.0,442.0
real,120,gulf,11,Analytic,0,crossing,7,367,151,0.21704541069124283,150.0,149.0,149.0,148.0,147.0,146.0,146.0,145.0,144.0,143.0,143.0,128.0,127.0,126.0,93.0,93.0,92.0,92.0,92.0,91.0
real,120,gulf,11,Analytic,0,crossing,8,375,197,0.17455658585875658,195.0,194.0,193.0,191.0,190.0,189.0,188.0,187.0,186.0,185.0,184.0,183.0,182.0,181.0,180.0,179.0,178.0,177.0,176.0,175.0
real,120,gulf,11,Analytic,0,crossing,9,377,23,0.5639730955031614,22.0,22.0,21.0,20.0,19.0,18.0,17.0,16.0,15.0,14.0,13.0,12.0,11.0,10.0,9.0,8.0,7.0,6.0,6.0,6.0
real,120,gulf,11,Analytic,0,crossing,10,379,151,0.23424985300536183,150.0,150.0,149.0,148.0,148.0,147.0,146.0,145.0,144.0,143.0,142.0,141.0,127.0,126.0,92.0,91.0,90.0,89.0,89.0,88.0
real,120,gulf,11,Analytic,0,crossing,11,467,162,0.17261318285171492,161.0,160.0,159.0,158.0,158.0,157.0,157.0,156.0,156.0,156.0,156.0,155.0,155.0,90.0,89.0,88.0,87.0,86.0,85.0,84.0
real,120,gulf,11,ConstVel,0,buffer,0,87,103,0.3125995606778419,93.0,92.0,91.0,89.0,88.0,88.0,86.0,85.0,85.0,83.0,83.0,82.0,80.0,80.0,79.0,77.0,76.0,75.0,72.0,72.0
real,120,gulf,11,ConstVel,0,buffer,1,109,72,0.37733481003734004,65.0,64.0,63.0,62.0,61.0,60.0,59.0,58.0,57.0,56.0,55.0,55.0,53.0,52.0,51.0,50.0,49.0,48.0,47.0,47.0
real,120,gulf,11,ConstVel,0,buffer,2,136,175,0.1979402878047138,165.0,164.0,163.0,162.0,161.0,160.0,159.0,158.0,157.0,156.0,155.0,153.0,153.0,151.0,150.0,150.0,148.0,148.0,146.0,146.0
real,120,gulf,11,ConstVel,0,buffer,3,166,69,0.12044946645204532,59.0,58.0,57.0,56.0,55.0,54.0,54.0,52.0,52.0,50.0,50.0,49.0,47.0,46.0,45.0,44.0,43.0,43.0,41.0,40.0
real,120,gulf,11,ConstVel,0,buffer,4,205,356,0.09111327929429273,352.0,351.0,350.0,349.0,348.0,347.0,346.0,345.0,344.0,343.0,342.0,341.0,340.0,339.0,338.0,337.0,337.0,336.0,336.0,336.0
real,120,gulf,11,ConstVel,0,buffer,5,214,26,0.19009579557566336,14.0,13.0,12.0,11.0,10.0,9.0,8.0,7.0,6.0,6.0,6.0,6.0,6.0,6.0,6.0,6.0,6.0,6.0,6.0,6.0
real,120,gulf,11,ConstVel,0,buffer,6,227,461,0.22637321104434646,456.0,455.0,454.0,453.0,452.0,451.0,450.0,449.0,448.0,447.0,446.0,445.0,444.0,443.0,442.0,441.0,440.0,439.0,438.0,437.0
real,120,gulf,11,ConstVel,0,buffer,7,367,151,0.21704541069124283,139.0,138.0,137.0,136.0,134.0,127.0,126.0,125.0,93.0,91.0,90.0,89.0,89.0,89.0,89.0,89.0,89.0,88.0,78.0,77.0
real,120,gulf,11,ConstVel,0,buffer,8,375,197,0.17455658585875658,189.0,188.0,187.0,186.0,185.0,184.0,183.0,182.0,181.0,180.0,179.0,178.0,177.0,176.0,175.0,174.0,173.0,172.0,171.0,169.0
real,120,gulf,11,ConstVel,0,buffer,9,377,23,0.5639730955031614,18.0,16.0,15.0,14.0,13.0,12.0,11.0,10.0,9.0,8.0,7.0,6.0,6.0,6.0,6.0,6.0,6.0,6.0,6.0,6.0
real,120,gulf,11,ConstVel,0,buffer,10,379,151,0.23424985300536183,139.0,138.0,138.0,137.0,134.0,127.0,126.0,125.0,91.0,90.0,89.0,88.0,87.0,86.0,86.0,85.0,84.0,84.0,83.0,83.0
real,120,gulf,11,ConstVel,0,buffer,11,467,162,0.17261318285171492,146.0,145.0,142.0,142.0,141.0,139.0,138.0,89.0,88.0,87.0,86.0,85.0,84.0,84.0,83.0,82.0,81.0,80.0,80.0,79.0
real,120,gulf,11,ConstVel,0,crossing,0,87,103,0.3125995606778419,102.0,101.0,100.0,99.0,98.0,97.0,96.0,95.0,95.0,93.0,92.0,92.0,88.0,88.0,86.0,85.0,85.0,83.0,83.0,82.0
real,120,gulf,11,ConstVel,0,crossing,1,109,72,0.37733481003734004,71.0,70.0,69.0,68.0,66.0,65.0,64.0,63.0,62.0,61.0,60.0,59.0,58.0,58.0,56.0,55.0,55.0,53.0,52.0,51.0
real,120,gulf,11,ConstVel,0,crossing,2,136,175,0.1979402878047138,174.0,173.0,172.0,171.0,170.0,169.0,168.0,167.0,166.0,165.0,164.0,163.0,162.0,162.0,160.0,160.0,158.0,157.0,157.0,156.0
real,120,gulf,11,ConstVel,0,crossing,3,166,69,0.12044946645204532,68.0,67.0,65.0,64.0,63.0,63.0,62.0,61.0,59.0,59.0,58.0,57.0,56.0,55.0,54.0,53.0,52.0,51.0,50.0,50.0
real,120,gulf,11,ConstVel,0,crossing,4,205,356,0.09111327929429273,355.0,354.0,353.0,352.0,351.0,350.0,349.0,348.0,347.0,346.0,345.0,344.0,343.0,342.0,341.0,341.0,340.0,338.0,338.0,337.0
real,120,gulf,11,ConstVel,0,crossing,5,214,26,0.19009579557566336,25.0,24.0,23.0,22.0,20.0,19.0,19.0,18.0,17.0,16.0,14.0,13.0,12.0,11.0,11.0,10.0,8.0,7.0,6.0,6.0
real,120,gulf,11,ConstVel,0,crossing,6,227,461,0.22637321104434646,460.0,459.0,458.0,457.0,456.0,455.0,454.0,454.0,452.0,451.0,450.0,449.0,448.0,447.0,446.0,445.0,444.0,444.0,442.0,442.0
real,120,gulf,11,ConstVel,0,crossing,7,367,151,0.21704541069124283,150.0,149.0,148.0,148.0,147.0,146.0,145.0,144.0,144.0,143.0,142.0,142.0,126.0,125.0,124.0,124.0,90.0,90.0,90.0,89.0
real,120,gulf,11,ConstVel,0,crossing,8,375,197,0.17455658585875658,195.0,194.0,193.0,192.0,190.0,189.0,188.0,187.0,186.0,185.0,184.0,183.0,182.0,181.0,180.0,179.0,178.0,177.0,176.0,175.0
real,120,gulf,11,ConstVel,0,crossing,9,377,23,0.5639730955031614,22.0,21.0,20.0,20.0,19.0,19.0,17.0,16.0,15.0,14.0,13.0,12.0,11.0,10.0,9.0,8.0,7.0,6.0,6.0,6.0
real,120,gulf,11,ConstVel,0,crossing,10,379,151,0.23424985300536183,150.0,149.0,148.0,148.0,147.0,147.0,146.0,146.0,145.0,143.0,141.0,140.0,140.0,125.0,124.0,90.0,90.0,89.0,88.0,87.0
real,120,gulf,11,ConstVel,0,crossing,11,467,162,0.17261318285171492,161.0,160.0,159.0,158.0,157.0,157.0,156.0,155.0,154.0,154.0,154.0,154.0,153.0,153.0,88.0,88.0,87.0,86.0,85.0,84.0
real,120,gulf,11,Kalman,0,buffer,0,87,103,0.3125995606778419,93.0,92.0,91.0,89.0,88.0,88.0,86.0,85.0,84.0,83.0,83.0,82.0,80.0,80.0,79.0,77.0,76.0,74.0,72.0,72.0
real,120,gulf,11,Kalman,0,buffer,1,109,72,0.37733481003734004,65.0,64.0,63.0,62.0,61.0,60.0,59.0,58.0,57.0,56.0,55.0,54.0,53.0,52.0,51.0,50.0,49.0,48.0,47.0,46.0
real,120,gulf,11,Kalman,0,buffer,2,136,175,0.1979402878047138,165.0,164.0,163.0,162.0,161.0,160.0,159.0,158.0,157.0,156.0,155.0,153.0,152.0,151.0,151.0,150.0,148.0,148.0,147.0,146.0
real,120,gulf,11,Kalman,0,buffer,3,166,69,0.12044946645204532,59.0,58.0,57.0,56.0,55.0,54.0,53.0,52.0,52.0,50.0,50.0,49.0,47.0,46.0,45.0,44.0,43.0,43.0,41.0,40.0
real,120,gulf,11,Kalman,0,buffer,4,205,356,0.09111327929429273,352.0,351.0,350.0,349.0,348.0,347.0,346.0,345.0,344.0,343.0,342.0,341.0,340.0,339.0,338.0,338.0,337.0,337.0,336.0,336.0
real,120,gulf,11,Kalman,0,buffer,5,214,26,0.19009579557566336,14.0,13.0,12.0,11.0,10.0,9.0,8.0,7.0,6.0,6.0,6.0,6.0,6.0,6.0,6.0,6.0,6.0,6.0,6.0,6.0
real,120,gulf,11,Kalman,0,buffer,6,227,461,0.22637321104434646,456.0,455.0,454.0,453.0,452.0,451.0,450.0,449.0,448.0,447.0,446.0,445.0,444.0,443.0,442.0,441.0,440.0,439.0,438.0,438.0
real,120,gulf,11,Kalman,0,buffer,7,367,151,0.21704541069124283,139.0,138.0,137.0,136.0,135.0,127.0,126.0,125.0,92.0,91.0,90.0,90.0,90.0,89.0,89.0,89.0,89.0,89.0,78.0,77.0
real,120,gulf,11,Kalman,0,buffer,8,375,197,0.17455658585875658,189.0,188.0,187.0,186.0,185.0,184.0,183.0,182.0,181.0,180.0,179.0,178.0,177.0,176.0,175.0,174.0,173.0,172.0,171.0,170.0
real,120,gulf,11,Kalman,0,buffer,9,377,23,0.5639730955031614,18.0,16.0,15.0,14.0,13.0,12.0,11.0,10.0,9.0,8.0,7.0,6.0,6.0,6.0,6.0,6.0,6.0,6.0,6.0,6.0
real,120,gulf,11,Kalman,0,buffer,10,379,151,0.23424985300536183,139.0,139.0,138.0,137.0,135.0,127.0,126.0,125.0,91.0,90.0,89.0,88.0,87.0,86.0,86.0,85.0,85.0,84.0,83.0,83.0
real,120,gulf,11,Kalman,0,buffer,11,467,162,0.17261318285171492,146.0,145.0,143.0,142.0,141.0,139.0,138.0,89.0,88.0,87.0,86.0,85.0,84.0,84.0,83.0,82.0,81.0,81.0,80.0,80.0
real,120,gulf,11,Kalman,0,crossing,0,87,103,0.3125995606778419,102.0,101.0,100.0,99.0,98.0,97.0,96.0,95.0,95.0,93.0,92.0,92.0,88.0,88.0,86.0,86.0,85.0,83.0,83.0,82.0
real,120,gulf,11,Kalman,0,crossing,1,109,72,0.37733481003734004,71.0,70.0,69.0,67.0,66.0,65.0,64.0,63.0,62.0,61.0,60.0,59.0,58.0,58.0,56.0,55.0,55.0,53.0,52.0,51.0
real,120,gulf,11,Kalman,0,crossing,2,136,175,0.1979402878047138,174.0,173.0,172.0,171.0,170.0,169.0,168.0,167.0,166.0,165.0,164.0,163.0,162.0,162.0,160.0,160.0,158.0,157.0,157.0,156.0
real,120,gulf,11,Kalman,0,crossing,3,166,69,0.12044946645204532,68.0,67.0,65.0,64.0,63.0,63.0,62.0,61.0,59.0,59.0,58.0,57.0,56.0,55.0,54.0,53.0,52.0,51.0,50.0,50.0
real,120,gulf,11,Kalman,0,crossing,4,205,356,0.09111327929429273,355.0,354.0,353.0,352.0,351.0,350.0,349.0,348.0,347.0,346.0,345.0,344.0,343.0,342.0,341.0,341.0,340.0,338.0,338.0,337.0
real,120,gulf,11,Kalman,0,crossing,5,214,26,0.19009579557566336,25.0,24.0,23.0,22.0,20.0,19.0,19.0,18.0,16.0,15.0,14.0,13.0,12.0,11.0,11.0,10.0,8.0,7.0,6.0,6.0
real,120,gulf,11,Kalman,0,crossing,6,227,461,0.22637321104434646,460.0,459.0,458.0,457.0,456.0,455.0,454.0,454.0,452.0,451.0,450.0,449.0,448.0,447.0,446.0,445.0,444.0,444.0,443.0,442.0
real,120,gulf,11,Kalman,0,crossing,7,367,151,0.21704541069124283,150.0,149.0,149.0,148.0,147.0,146.0,145.0,145.0,144.0,143.0,142.0,142.0,126.0,125.0,125.0,92.0,91.0,90.0,90.0,90.0
real,120,gulf,11,Kalman,0,crossing,8,375,197,0.17455658585875658,195.0,194.0,193.0,191.0,190.0,189.0,188.0,187.0,186.0,185.0,184.0,183.0,182.0,181.0,180.0,179.0,178.0,177.0,176.0,175.0
real,120,gulf,11,Kalman,0,crossing,9,377,23,0.5639730955031614,22.0,21.0,21.0,20.0,19.0,19.0,17.0,16.0,15.0,14.0,13.0,12.0,11.0,10.0,9.0,8.0,6.0,6.0,6.0,6.0
real,120,gulf,11,Kalman,0,crossing,10,379,151,0.23424985300536183,150.0,149.0,149.0,148.0,147.0,147.0,146.0,146.0,145.0,143.0,142.0,141.0,127.0,126.0,125.0,91.0,90.0,89.0,88.0,87.0
real,120,gulf,11,Kalman,0,crossing,11,467,162,0.17261318285171492,161.0,160.0,159.0,158.0,158.0,157.0,156.0,155.0,155.0,154.0,154.0,154.0,154.0,90.0,89.0,88.0,87.0,86.0,85.0,84.0
real,120,gulf,11,LSTM-rec,0,buffer,0,87,103,0.3125995606778419,93.0,92.0,90.0,88.0,88.0,86.0,85.0,83.0,82.0,80.0,79.0,77.0,75.0,72.0,72.0,70.0,68.0,67.0,66.0,64.0
real,120,gulf,11,LSTM-rec,0,buffer,1,109,72,0.37733481003734004,65.0,64.0,63.0,62.0,61.0,60.0,59.0,58.0,56.0,55.0,54.0,53.0,51.0,50.0,49.0,48.0,47.0,45.0,44.0,43.0
real,120,gulf,11,LSTM-rec,0,buffer,2,136,175,0.1979402878047138,165.0,164.0,162.0,161.0,160.0,158.0,157.0,155.0,153.0,152.0,150.0,148.0,146.0,145.0,143.0,141.0,139.0,137.0,135.0,133.0
real,120,gulf,11,LSTM-rec,0,buffer,3,166,69,0.12044946645204532,59.0,58.0,57.0,56.0,54.0,53.0,52.0,50.0,49.0,47.0,45.0,43.0,43.0,40.0,38.0,38.0,34.0,32.0,31.0,30.0
real,120,gulf,11,LSTM-rec,0,buffer,4,205,356,0.09111327929429273,352.0,351.0,350.0,349.0,348.0,347.0,346.0,345.0,344.0,343.0,342.0,341.0,340.0,339.0,337.0,337.0,336.0,336.0,335.0,335.0
real,120,gulf,11,LSTM-rec,0,buffer,5,214,26,0.19009579557566336,14.0,12.0,11.0,10.0,9.0,7.0,6.0,6.0,6.0,6.0,6.0,6.0,6.0,6.0,6.0,6.0,6.0,6.0,6.0,6.0
real,120,gulf,11,LSTM-rec,0,buffer,6,227,461,0.22637321104434646,456.0,455.0,454.0,453.0,452.0,451.0,449.0,448.0,447.0,446.0,445.0,444.0,442.0,441.0,440.0,439.0,438.0,437.0,436.0,436.0
real,120,gulf,11,LSTM-rec,0,buffer,7,367,151,0.21704541069124283,139.0,138.0,136.0,135.0,133.0,126.0,125.0,93.0,91.0,89.0,89.0,89.0,88.0,88.0,78.0,76.0,75.0,70.0,69.0,69.0
real,120,gulf,11,LSTM-rec,0,buffer,8,375,197,0.17455658585875658,189.0,188.0,187.0,186.0,185.0,184.0,183.0,181.0,180.0,179.0,178.0,177.0,176.0,175.0,174.0,172.0,171.0,170.0,169.0,168.0
real,120,gulf,11,LSTM-rec,0,buffer,9,377,23,0.5639730955031614,17.0,16.0,15.0,14.0,13.0,12.0,11.0,9.0,8.0,7.0,6.0,6.0,6.0,6.0,6.0,6.0,6.0,6.0,6.0,6.0
real,120,gulf,11,LSTM-rec,0,buffer,10,379,151,0.23424985300536183,139.0,138.0,137.0,136.0,134.0,126.0,125.0,91.0,90.0,88.0,87.0,86.0,85.0,83.0,83.0,80.0,78.0,77.0,75.0,71.0
real,120,gulf,11,LSTM-rec,0,buffer,11,467,162,0.17261318285171492,145.0,144.0,141.0,140.0,138.0,136.0,90.0,88.0,87.0,86.0,85.0,83.0,82.0,81.0,80.0,79.0,78.0,76.0,72.0,71.0
real,120,gulf,11,LSTM-rec,0,crossing,0,87,103,0.3125995606778419,101.0,100.0,99.0,98.0,97.0,96.0,95.0,93.0,91.0,88.0,88.0,85.0,83.0,82.0,80.0,79.0,77.0,75.0,72.0,72.0
real,120,gulf,11,LSTM-rec,0,crossing,1,109,72,0.37733481003734004,71.0,70.0,69.0,67.0,66.0,65.0,64.0,63.0,61.0,60.0,59.0,58.0,57.0,55.0,54.0,53.0,51.0,50.0,49.0,48.0
real,120,gulf,11,LSTM-rec,0,crossing,2,136,175,0.1979402878047138,174.0,173.0,172.0,170.0,169.0,167.0,166.0,165.0,163.0,162.0,160.0,158.0,156.0,154.0,152.0,150.0,148.0,147.0,145.0,142.0
real,120,gulf,11,LSTM-rec,0,crossing,3,166,69,0.12044946645204532,68.0,66.0,65.0,64.0,63.0,61.0,60.0,59.0,57.0,56.0,54.0,52.0,51.0,49.0,47.0,45.0,43.0,43.0,40.0,38.0
real,120,gulf,11,LSTM-rec,0,crossing,4,205,356,0.09111327929429273,355.0,354.0,353.0,352.0,351.0,350.0,349.0,348.0,347.0,346.0,345.0,345.0,344.0,343.0,342.0,341.0,340.0,338.0,337.0,336.0
real,120,gulf,11,LSTM-rec,0,crossing,5,214,26,0.19009579557566336,24.0,23.0,22.0,21.0,19.0,18.0,16.0,15.0,13.0,12.0,10.0,8.0,6.0,6.0,6.0,6.0,6.0,6.0,6.0,6.0
real,120,gulf,11,LSTM-rec,0,crossing,6,227,461,0.22637321104434646,460.0,459.0,458.0,457.0,456.0,455.0,454.0,453.0,452.0,450.0,449.0,448.0,447.0,446.0,444.0,443.0,442.0,441.0,440.0,439.0
real,120,gulf,11,LSTM-rec,0,crossing,7,367,151,0.21704541069124283,150.0,149.0,148.0,147.0,146.0,145.0,143.0,142.0,140.0,139.0,127.0,125.0,124.0,91.0,89.0,89.0,89.0,88.0,88.0,77.0
real,120,gulf,11,LSTM-rec,0,crossing,8,375,197,0.17455658585875658,195.0,194.0,193.0,191.0,190.0,189.0,188.0,186.0,185.0,184.0,183.0,181.0,180.0,179.0,178.0,177.0,176.0,175.0,174.0,172.0
real,120,gulf,11,LSTM-rec,0,crossing,9,377,23,0.5639730955031614,22.0,21.0,20.0,20.0,19.0,18.0,17.0,15.0,14.0,13.0,12.0,10.0,9.0,8.0,7.0,6.0,6.0,6.0,6.0,6.0
real,120,gulf,11,LSTM-rec,0,crossing,10,379,151,0.23424985300536183,150.0,149.0,148.0,147.0,147.0,146.0,145.0,142.0,140.0,139.0,138.0,125.0,124.0,90.0,88.0,87.0,86.0,85.0,83.0,80.0
real,120,gulf,11,LSTM-rec,0,crossing,11,467,162,0.17261318285171492,161.0,160.0,159.0,158.0,157.0,156.0,154.0,154.0,153.0,153.0,152.0,141.0,88.0,87.0,85.0,84.0,83.0,81.0,80.0,79.0
real,120,gulf,11,LSTM-ms,0,buffer,0,87,103,0.3125995606778419,93.0,92.0,91.0,91.0,89.0,88.0,88.0,87.0,86.0,85.0,85.0,85.0,83.0,83.0,83.0,82.0,82.0,80.0,80.0,80.0
real,120,gulf,11,LSTM-ms,0,buffer,1,109,72,0.37733481003734004,65.0,65.0,64.0,63.0,62.0,62.0,61.0,60.0,59.0,59.0,58.0,58.0,57.0,57.0,56.0,55.0,55.0,55.0,54.0,53.0
real,120,gulf,11,LSTM-ms,0,buffer,2,136,175,0.1979402878047138,165.0,164.0,163.0,162.0,162.0,161.0,160.0,160.0,159.0,158.0,157.0,157.0,156.0,156.0,155.0,154.0,154.0,153.0,153.0,152.0
real,120,gulf,11,LSTM-ms,0,buffer,3,166,69,0.12044946645204532,59.0,59.0,58.0,57.0,56.0,56.0,55.0,54.0,54.0,52.0,52.0,52.0,51.0,50.0,50.0,49.0,49.0,47.0,47.0,46.0
real,120,gulf,11,LSTM-ms,0,buffer,4,205,356,0.09111327929429273,352.0,351.0,350.0,349.0,348.0,348.0,347.0,346.0,346.0,345.0,345.0,344.0,343.0,343.0,342.0,342.0,341.0,341.0,340.0,340.0
real,120,gulf,11,LSTM-ms,0,buffer,5,214,26,0.19009579557566336,14.0,13.0,12.0,11.0,11.0,10.0,9.0,9.0,8.0,8.0,7.0,7.0,6.0,6.0,6.0,6.0,6.0,6.0,6.0,6.0
real,120,gulf,11,LSTM-ms,0,buffer,6,227,461,0.22637321104434646,456.0,455.0,454.0,454.0,453.0,452.0,451.0,451.0,450.0,449.0,449.0,448.0,448.0,447.0,447.0,446.0,445.0,445.0,444.0,444.0
real,120,gulf,11,LSTM-ms,0,buffer,7,367,151,0.21704541069124283,139.0,139.0,138.0,137.0,136.0,136.0,135.0,127.0,126.0,125.0,125.0,124.0,93.0,93.0,91.0,91.0,90.0,90.0,90.0,89.0
real,120,gulf,11,LSTM-ms,0,buffer,8,375,197,0.17455658585875658,189.0,189.0,188.0,187.0,186.0,185.0,185.0,184.0,183.0,183.0,182.0,181.0,181.0,180.0,180.0,179.0,179.0,178.0,178.0,177.0
real,120,gulf,11,LSTM-ms,0,buffer,9,377,23,0.5639730955031614,18.0,17.0,16.0,15.0,14.0,14.0,13.0,12.0,11.0,10.0,10.0,9.0,9.0,8.0,7.0,7.0,6.0,6.0,6.0,6.0
real,120,gulf,11,LSTM-ms,0,buffer,10,379,151,0.23424985300536183,139.0,139.0,138.0,138.0,137.0,137.0,134.0,127.0,126.0,125.0,125.0,124.0,124.0,90.0,90.0,90.0,89.0,88.0,88.0,88.0
real,120,gulf,11,LSTM-ms,0,buffer,11,467,162,0.17261318285171492,146.0,145.0,145.0,144.0,142.0,141.0,141.0,141.0,140.0,139.0,90.0,89.0,88.0,88.0,87.0,87.0,86.0,86.0,85.0,85.0
real,120,gulf,11,LSTM-ms,0,crossing,0,87,103,0.3125995606778419,102.0,101.0,100.0,99.0,99.0,98.0,98.0,96.0,96.0,95.0,95.0,95.0,94.0,93.0,92.0,92.0,92.0,88.0,88.0,88.0
real,120,gulf,11,LSTM-ms,0,crossing,1,109,72,0.37733481003734004,71.0,71.0,70.0,69.0,67.0,67.0,66.0,65.0,65.0,64.0,63.0,63.0,62.0,62.0,61.0,60.0,60.0,59.0,59.0,58.0
real,120,gulf,11,LSTM-ms,0,crossing,2,136,175,0.1979402878047138,174.0,173.0,173.0,172.0,171.0,170.0,169.0,168.0,168.0,167.0,166.0,166.0,165.0,165.0,164.0,164.0,163.0,162.0,162.0,162.0
real,120,gulf,11,LSTM-ms,0,crossing,3,166,69,0.12044946645204532,68.0,67.0,66.0,65.0,64.0,63.0,63.0,62.0,61.0,61.0,60.0,59.0,59.0,59.0,58.0,57.0,57.0,56.0,56.0,56.0
real,120,gulf,11,LSTM-ms,0,crossing,4,205,356,0.09111327929429273,355.0,354.0,353.0,352.0,352.0,351.0,351.0,350.0,349.0,348.0,348.0,348.0,347.0,346.0,346.0,346.0,345.0,344.0,344.0,343.0
real,120,gulf,11,LSTM-ms,0,crossing,5,214,26,0.19009579557566336,25.0,24.0,23.0,22.0,22.0,21.0,20.0,20.0,19.0,18.0,18.0,17.0,17.0,16.0,16.0,15.0,15.0,14.0,14.0,13.0
real,120,gulf,11,LSTM-ms,0,crossing,6,227,461,0.22637321104434646,460.0,460.0,459.0,458.0,457.0,457.0,456.0,455.0,455.0,454.0,453.0,453.0,452.0,452.0,451.0,451.0,450.0,450.0,449.0,448.0
real,120,gulf,11,LSTM-ms,0,crossing,7,367,151,0.21704541069124283,150.0,149.0,149.0,148.0,148.0,147.0,147.0,146.0,146.0,145.0,145.0,145.0,144.0,144.0,144.0,144.0,143.0,143.0,142.0,142.0
real,120,gulf,11,LSTM-ms,0,crossing,8,375,197,0.17455658585875658,195.0,194.0,194.0,193.0,192.0,191.0,190.0,189.0,189.0,188.0,187.0,186.0,186.0,185.0,185.0,184.0,183.0,183.0,182.0,182.0
real,120,gulf,11,LSTM-ms,0,crossing,9,377,23,0.5639730955031614,22.0,22.0,21.0,20.0,20.0,19.0,19.0,18.0,17.0,17.0,16.0,15.0,15.0,14.0,14.0,12.0,12.0,11.0,11.0,10.0
real,120,gulf,11,LSTM-ms,0,crossing,10,379,151,0.23424985300536183,150.0,149.0,149.0,148.0,148.0,147.0,147.0,147.0,147.0,146.0,146.0,146.0,146.0,145.0,145.0,145.0,143.0,143.0,143.0,142.0
real,120,gulf,11,LSTM-ms,0,crossing,11,467,162,0.17261318285171492,161.0,160.0,160.0,159.0,158.0,158.0,157.0,157.0,157.0,156.0,156.0,156.0,155.0,155.0,155.0,155.0,154.0,154.0,154.0,154.0
real,120,gulf,11,LSTM-rec,1,buffer,0,87,103,0.3125995606778419,93.0,92.0,90.0,88.0,88.0,86.0,85.0,83.0,82.0,80.0,79.0,77.0,75.0,72.0,72.0,70.0,68.0,67.0,65.0,64.0
real,120,gulf,11,LSTM-rec,1,buffer,1,109,72,0.37733481003734004,65.0,64.0,63.0,62.0,61.0,60.0,59.0,58.0,57.0,55.0,54.0,53.0,52.0,51.0,49.0,48.0,47.0,45.0,44.0,43.0
real,120,gulf,11,LSTM-rec,1,buffer,2,136,175,0.1979402878047138,165.0,163.0,162.0,161.0,160.0,158.0,157.0,155.0,153.0,152.0,150.0,148.0,147.0,145.0,143.0,141.0,139.0,137.0,135.0,133.0
real,120,gulf,11,LSTM-rec,1,buffer,3,166,69,0.12044946645204532,59.0,58.0,57.0,56.0,54.0,53.0,52.0,50.0,49.0,47.0,45.0,43.0,43.0,40.0,39.0,38.0,34.0,32.0,31.0,30.0
real,120,gulf,11,LSTM-rec,1,buffer,4,205,356,0.09111327929429273,352.0,351.0,350.0,349.0,348.0,347.0,346.0,345.0,344.0,343.0,342.0,341.0,340.0,338.0,337.0,337.0,336.0,336.0,335.0,335.0
real,120,gulf,11,LSTM-rec,1,buffer,5,214,26,0.19009579557566336,14.0,12.0,11.0,10.0,8.0,7.0,6.0,6.0,6.0,6.0,6.0,6.0,6.0,6.0,6.0,6.0,6.0,6.0,6.0,6.0
real,120,gulf,11,LSTM-rec,1,buffer,6,227,461,0.22637321104434646,456.0,455.0,454.0,453.0,452.0,451.0,450.0,448.0,447.0,446.0,445.0,444.0,443.0,442.0,441.0,440.0,439.0,437.0,437.0,436.0
real,120,gulf,11,LSTM-rec,1,buffer,7,367,151,0.21704541069124283,139.0,138.0,136.0,135.0,127.0,126.0,125.0,92.0,90.0,89.0,89.0,89.0,88.0,88.0,77.0,76.0,75.0,70.0,69.0,68.0
real,120,gulf,11,LSTM-rec,1,buffer,8,375,197,0.17455658585875658,189.0,188.0,187.0,186.0,185.0,184.0,183.0,182.0,181.0,179.0,178.0,177.0,176.0,175.0,174.0,172.0,171.0,170.0,169.0,168.0
real,120,gulf,11,LSTM-rec,1,buffer,9,377,23,0.5639730955031614,17.0,16.0,15.0,14.0,13.0,12.0,10.0,9.0,8.0,7.0,6.0,6.0,6.0,6.0,6.0,6.0,6.0,6.0,6.0,6.0
real,120,gulf,11,LSTM-rec,1,buffer,10,379,151,0.23424985300536183,139.0,138.0,137.0,134.0,134.0,126.0,125.0,90.0,89.0,88.0,86.0,86.0,84.0,83.0,82.0,79.0,78.0,77.0,73.0,71.0
real,120,gulf,11,LSTM-rec,1,buffer,11,467,162,0.17261318285171492,145.0,143.0,141.0,140.0,137.0,136.0,90.0,88.0,87.0,86.0,84.0,83.0,82.0,81.0,80.0,79.0,78.0,74.0,72.0,71.0
real,120,gulf,11,LSTM-rec,1,crossing,0,87,103,0.3125995606778419,101.0,100.0,99.0,98.0,97.0,96.0,95.0,93.0,91.0,88.0,88.0,85.0,83.0,82.0,80.0,79.0,77.0,75.0,72.0,71.0
real,120,gulf,11,LSTM-rec,1,crossing,1,109,72,0.37733481003734004,71.0,70.0,69.0,67.0,66.0,65.0,64.0,63.0,62.0,60.0,59.0,58.0,57.0,56.0,55.0,53.0,52.0,51.0,50.0,48.0
real,120,gulf,11,LSTM-rec,1,crossing,2,136,175,0.1979402878047138,174.0,173.0,172.0,170.0,169.0,167.0,166.0,165.0,163.0,162.0,160.0,158.0,156.0,154.0,152.0,150.0,148.0,147.0,145.0,142.0
real,120,gulf,11,LSTM-rec,1,crossing,3,166,69,0.12044946645204532,68.0,66.0,65.0,64.0,63.0,61.0,60.0,59.0,57.0,56.0,54.0,52.0,51.0,49.0,47.0,45.0,43.0,43.0,40.0,38.0
real,120,gulf,11,LSTM-rec,1,crossing,4,205,356,0.09111327929429273,355.0,354.0,353.0,352.0,351.0,350.0,349.0,348.0,347.0,346.0,345.0,345.0,343.0,342.0,341.0,341.0,339.0,338.0,337.0,337.0
real,120,gulf,11,LSTM-rec,1,crossing,5,214,26,0.19009579557566336,24.0,23.0,22.0,21.0,19.0,18.0,16.0,15.0,13.0,11.0,9.0,7.0,6.0,6.0,6.0,6.0,6.0,6.0,6.0,6.0
real,120,gulf,11,LSTM-rec,1,crossing,6,227,461,0.22637321104434646,460.0,459.0,458.0,457.0,456.0,455.0,454.0,453.0,452.0,451.0,450.0,448.0,447.0,446.0,445.0,444.0,443.0,442.0,441.0,440.0
real,120,gulf,11,LSTM-rec,1,crossing,7,367,151,0.21704541069124283,150.0,149.0,148.0,147.0,146.0,145.0,143.0,142.0,140.0,139.0,126.0,125.0,93.0,90.0,89.0,89.0,89.0,88.0,78.0,77.0
real,120,gulf,11,LSTM-rec,1,crossing,8,375,197,0.17455658585875658,195.0,194.0,193.0,191.0,190.0,189.0,188.0,186.0,185.0,184.0,183.0,182.0,181.0,179.0,178.0,177.0,176.0,175.0,174.0,172.0
real,120,gulf,11,LSTM-rec,1,crossing,9,377,23,0.5639730955031614,22.0,21.0,20.0,20.0,19.0,18.0,17.0,15.0,14.0,12.0,11.0,10.0,9.0,7.0,6.0,6.0,6.0,6.0,6.0,6.0
real,120,gulf,11,LSTM-rec,1,crossing,10,379,151,0.23424985300536183,150.0,149.0,148.0,147.0,146.0,145.0,143.0,141.0,140.0,139.0,127.0,125.0,90.0,89.0,88.0,86.0,85.0,84.0,83.0,80.0
real,120,gulf,11,LSTM-rec,1,crossing,11,467,162,0.17261318285171492,161.0,160.0,159.0,158.0,157.0,155.0,154.0,154.0,153.0,153.0,153.0,90.0,88.0,87.0,85.0,84.0,83.0,81.0,80.0,79.0
real,120,gulf,11,LSTM-ms,1,buffer,0,87,103,0.3125995606778419,93.0,92.0,91.0,89.0,88.0,88.0,87.0,86.0,85.0,85.0,83.0,83.0,83.0,82.0,82.0,80.0,80.0,80.0,79.0,78.0
real,120,gulf,11,LSTM-ms,1,buffer,1,109,72,0.37733481003734004,65.0,64.0,64.0,63.0,62.0,61.0,60.0,60.0,59.0,58.0,58.0,57.0,56.0,56.0,55.0,54.0,54.0,53.0,52.0,52.0
real,120,gulf,11,LSTM-ms,1,buffer,2,136,175,0.1979402878047138,165.0,164.0,163.0,162.0,162.0,160.0,160.0,159.0,158.0,157.0,157.0,156.0,156.0,155.0,154.0,153.0,153.0,152.0,151.0,150.0
real,120,gulf,11,LSTM-ms,1,buffer,3,166,69,0.12044946645204532,59.0,58.0,57.0,57.0,56.0,55.0,54.0,53.0,52.0,52.0,51.0,50.0,50.0,49.0,47.0,47.0,47.0,46.0,46.0,45.0
real,120,gulf,11,LSTM-ms,1,buffer,4,205,356,0.09111327929429273,352.0,351.0,350.0,349.0,349.0,348.0,347.0,346.0,345.0,345.0,344.0,343.0,343.0,342.0,342.0,341.0,341.0,340.0,340.0,340.0
real,120,gulf,11,LSTM-ms,1,buffer,5,214,26,0.19009579557566336,14.0,13.0,12.0,11.0,10.0,10.0,9.0,8.0,8.0,7.0,7.0,6.0,6.0,6.0,6.0,6.0,6.0,6.0,6.0,6.0
real,120,gulf,11,LSTM-ms,1,buffer,6,227,461,0.22637321104434646,456.0,455.0,454.0,454.0,453.0,452.0,451.0,450.0,450.0,449.0,448.0,448.0,447.0,447.0,446.0,445.0,445.0,444.0,444.0,443.0
real,120,gulf,11,LSTM-ms,1,buffer,7,367,151,0.21704541069124283,139.0,138.0,138.0,137.0,136.0,135.0,127.0,126.0,126.0,125.0,125.0,93.0,91.0,91.0,91.0,90.0,90.0,90.0,90.0,90.0
real,120,gulf,11,LSTM-ms,1,buffer,8,375,197,0.17455658585875658,189.0,188.0,188.0,187.0,186.0,185.0,184.0,183.0,183.0,182.0,181.0,181.0,180.0,179.0,179.0,178.0,177.0,177.0,176.0,176.0
real,120,gulf,11,LSTM-ms,1,buffer,9,377,23,0.5639730955031614,18.0,16.0,15.0,14.0,13.0,12.0,11.0,11.0,10.0,9.0,8.0,7.0,7.0,6.0,6.0,6.0,6.0,6.0,6.0,6.0
real,120,gulf,11,LSTM-ms,1,buffer,10,379,151,0.23424985300536183,139.0,139.0,138.0,138.0,137.0,136.0,127.0,126.0,125.0,125.0,125.0,90.0,90.0,90.0,89.0,88.0,88.0,88.0,87.0,86.0
real,120,gulf,11,LSTM-ms,1,buffer,11,467,162,0.17261318285171492,146.0,145.0,145.0,142.0,141.0,141.0,141.0,140.0,139.0,89.0,88.0,88.0,87.0,86.0,86.0,85.0,85.0,84.0,84.0,83.0
real,120,gulf,11,LSTM-ms,1,crossing,0,87,103,0.3125995606778419,102.0,101.0,100.0,99.0,98.0,98.0,96.0,96.0,95.0,95.0,95.0,93.0,92.0,92.0,89.0,88.0,88.0,88.0,86.0,86.0
real,120,gulf,11,LSTM-ms,1,crossing,1,109,72,0.37733481003734004,71.0,70.0,69.0,68.0,67.0,66.0,65.0,64.0,64.0,63.0,62.0,62.0,61.0,61.0,60.0,59.0,59.0,58.0,58.0,57.0
real,120,gulf,11,LSTM-ms,1,crossing,2,136,175,0.1979402878047138,174.0,173.0,172.0,171.0,170.0,169.0,169.0,168.0,167.0,166.0,166.0,165.0,165.0,164.0,164.0,162.0,162.0,162.0,162.0,161.0
real,120,gulf,11,LSTM-ms,1,crossing,3,166,69,0.12044946645204532,68.0,67.0,66.0,64.0,64.0,63.0,62.0,61.0,61.0,59.0,59.0,59.0,58.0,57.0,57.0,56.0,56.0,55.0,54.0,54.0
real,120,gulf,11,LSTM-ms,1,crossing,4,205,356,0.09111327929429273,355.0,354.0,353.0,352.0,352.0,351.0,350.0,350.0,349.0,348.0,348.0,347.0,346.0,345.0,345.0,344.0,344.0,343.0,343.0,342.0
real,120,gulf,11,LSTM-ms,1,crossing,5,214,26,0.19009579557566336,25.0,24.0,23.0,22.0,21.0,20.0,20.0,19.0,19.0,18.0,18.0,17.0,17.0,16.0,16.0,15.0,15.0,14.0,14.0,13.0
real,120,gulf,11,LSTM-ms,1,crossing,6,227,461,0.22637321104434646,461.0,460.0,459.0,458.0,457.0,456.0,456.0,455.0,454.0,454.0,453.0,452.0,452.0,451.0,450.0,450.0,449.0,448.0,448.0,447.0
real,120,gulf,11,LSTM-ms,1,crossing,7,367,151,0.21704541069124283,150.0,149.0,149.0,148.0,147.0,147.0,146.0,146.0,145.0,145.0,145.0,144.0,144.0,144.0,144.0,144.0,143.0,142.0,127.0,126.0
real,120,gulf,11,LSTM-ms,1,crossing,8,375,197,0.17455658585875658,195.0,194.0,193.0,192.0,191.0,190.0,189.0,188.0,188.0,187.0,186.0,185.0,185.0,184.0,183.0,183.0,182.0,181.0,181.0,180.0
real,120,gulf,11,LSTM-ms,1,crossing,9,377,23,0.5639730955031614,22.0,22.0,21.0,20.0,19.0,19.0,18.0,17.0,16.0,15.0,14.0,13.0,12.0,11.0,11.0,10.0,9.0,8.0,8.0,7.0
real,120,gulf,11,LSTM-ms,1,crossing,10,379,151,0.23424985300536183,150.0,149.0,149.0,148.0,147.0,147.0,147.0,147.0,146.0,146.0,146.0,146.0,145.0,145.0,145.0,145.0,143.0,143.0,143.0,143.0
real,120,gulf,11,LSTM-ms,1,crossing,11,467,162,0.17261318285171492,161.0,160.0,159.0,159.0,158.0,157.0,157.0,157.0,156.0,156.0,156.0,156.0,155.0,155.0,155.0,154.0,154.0,154.0,154.0,154.0
real,120,gulf,11,LSTM-rec,2,buffer,0,87,103,0.3125995606778419,93.0,92.0,91.0,90.0,89.0,88.0,88.0,87.0,86.0,85.0,85.0,85.0,83.0,83.0,83.0,83.0,83.0,82.0,82.0,82.0
real,120,gulf,11,LSTM-rec,2,buffer,1,109,72,0.37733481003734004,65.0,65.0,64.0,63.0,62.0,61.0,60.0,60.0,59.0,58.0,58.0,57.0,57.0,56.0,56.0,55.0,55.0,55.0,54.0,54.0
real,120,gulf,11,LSTM-rec,2,buffer,2,136,175,0.1979402878047138,165.0,164.0,163.0,162.0,162.0,161.0,160.0,160.0,159.0,158.0,158.0,157.0,157.0,156.0,156.0,156.0,155.0,155.0,154.0,154.0
real,120,gulf,11,LSTM-rec,2,buffer,3,166,69,0.12044946645204532,59.0,58.0,58.0,57.0,56.0,55.0,55.0,54.0,53.0,52.0,52.0,52.0,51.0,51.0,50.0,50.0,50.0,49.0,49.0,49.0
real,120,gulf,11,LSTM-rec,2,buffer,4,205,356,0.09111327929429273,352.0,351.0,350.0,349.0,348.0,348.0,347.0,346.0,346.0,345.0,345.0,343.0,343.0,342.0,341.0,340.0,339.0,338.0,338.0,338.0
real,120,gulf,11,LSTM-rec,2,buffer,5,214,26,0.19009579557566336,14.0,13.0,12.0,11.0,11.0,10.0,9.0,9.0,8.0,8.0,7.0,7.0,6.0,6.0,6.0,6.0,6.0,6.0,6.0,6.0
real,120,gulf,11,LSTM-rec,2,buffer,6,227,461,0.22637321104434646,456.0,455.0,454.0,453.0,453.0,452.0,451.0,450.0,450.0,449.0,448.0,448.0,447.0,447.0,446.0,445.0,445.0,444.0,444.0,444.0
real,120,gulf,11,LSTM-rec,2,buffer,7,367,151,0.21704541069124283,139.0,138.0,138.0,137.0,136.0,135.0,134.0,126.0,125.0,124.0,124.0,124.0,94.0,93.0,93.0,91.0,90.0,90.0,90.0,90.0
real,120,gulf,11,LSTM-rec,2,buffer,8,375,197,0.17455658585875658,189.0,189.0,188.0,187.0,186.0,185.0,184.0,184.0,183.0,182.0,182.0,181.0,180.0,180.0,179.0,179.0,178.0,178.0,178.0,178.0
real,120,gulf,11,LSTM-rec,2,buffer,9,377,23,0.5639730955031614,18.0,17.0,16.0,15.0,14.0,13.0,12.0,11.0,11.0,10.0,9.0,9.0,8.0,8.0,7.0,7.0,6.0,6.0,6.0,6.0
real,120,gulf,11,LSTM-rec,2,buffer,10,379,151,0.23424985300536183,139.0,139.0,138.0,138.0,137.0,136.0,134.0,127.0,126.0,125.0,124.0,124.0,123.0,91.0,90.0,90.0,90.0,89.0,89.0,89.0
real,120,gulf,11,LSTM-rec,2,buffer,11,467,162,0.17261318285171492,146.0,145.0,143.0,142.0,141.0,141.0,141.0,140.0,139.0,138.0,90.0,89.0,89.0,88.0,88.0,88.0,87.0,87.0,86.0,86.0
real,120,gulf,11,LSTM-rec,2,crossing,0,87,103,0.3125995606778419,102.0,101.0,100.0,99.0,99.0,98.0,97.0,96.0,96.0,95.0,95.0,95.0,95.0,94.0,93.0,93.0,93.0,92.0,92.0,92.0
real,120,gulf,11,LSTM-rec,2,crossing,1,109,72,0.37733481003734004,71.0,71.0,70.0,68.0,67.0,66.0,66.0,65.0,65.0,64.0,63.0,62.0,62.0,61.0,61.0,60.0,60.0,59.0,59.0,58.0
real,120,gulf,11,LSTM-rec,2,crossing,2,136,175,0.1979402878047138,174.0,173.0,172.0,171.0,170.0,170.0,169.0,168.0,168.0,167.0,166.0,166.0,166.0,166.0,165.0,165.0,165.0,164.0,164.0,164.0
real,120,gulf,11,LSTM-rec,2,crossing,3,166,69,0.12044946645204532,68.0,67.0,66.0,65.0,64.0,63.0,63.0,62.0,61.0,61.0,60.0,59.0,59.0,59.0,59.0,58.0,58.0,58.0,57.0,57.0
real,120,gulf,11,LSTM-rec,2,crossing,4,205,356,0.09111327929429273,355.0,354.0,353.0,352.0,351.0,351.0,350.0,349.0,348.0,348.0,348.0,347.0,347.0,346.0,346.0,346.0,345.0,345.0,343.0,343.0
real,120,gulf,11,LSTM-rec,2,crossing,5,214,26,0.19009579557566336,25.0,24.0,23.0,22.0,21.0,20.0,20.0,19.0,19.0,18.0,18.0,17.0,17.0,16.0,16.0,16.0,15.0,15.0,15.0,14.0
real,120,gulf,11,LSTM-rec,2,crossing,6,227,461,0.22637321104434646,460.0,460.0,459.0,458.0,457.0,456.0,455.0,455.0,454.0,454.0,453.0,452.0,452.0,451.0,451.0,450.0,450.0,449.0,449.0,448.0
real,120,gulf,11,LSTM-rec,2,crossing,7,367,151,0.21704541069124283,150.0,149.0,149.0,148.0,147.0,147.0,146.0,146.0,145.0,145.0,145.0,144.0,144.0,144.0,143.0,143.0,143.0,142.0,142.0,142.0
real,120,gulf,11,LSTM-rec,2,crossing,8,375,197,0.17455658585875658,195.0,194.0,194.0,192.0,191.0,190.0,190.0,189.0,189.0,188.0,186.0,186.0,185.0,185.0,184.0,184.0,183.0,183.0,182.0,182.0
real,120,gulf,11,LSTM-rec,2,crossing,9,377,23,0.5639730955031614,22.0,22.0,21.0,20.0,20.0,19.0,18.0,18.0,17.0,16.0,16.0,15.0,14.0,14.0,14.0,12.0,12.0,12.0,11.0,10.0
real,120,gulf,11,LSTM-rec,2,crossing,10,379,151,0.23424985300536183,150.0,149.0,149.0,148.0,148.0,147.0,147.0,147.0,146.0,146.0,146.0,145.0,145.0,145.0,145.0,143.0,143.0,143.0,142.0,141.0
real,120,gulf,11,LSTM-rec,2,crossing,11,467,162,0.17261318285171492,161.0,160.0,159.0,159.0,158.0,157.0,157.0,157.0,156.0,156.0,156.0,155.0,155.0,155.0,155.0,155.0,154.0,154.0,154.0,154.0
real,120,gulf,11,LSTM-ms,2,buffer,0,87,103,0.3125995606778419,93.0,92.0,91.0,90.0,88.0,88.0,87.0,86.0,85.0,85.0,83.0,83.0,82.0,82.0,81.0,80.0,80.0,79.0,78.0,77.0
real,120,gulf,11,LSTM-ms,2,buffer,1,109,72,0.37733481003734004,65.0,64.0,63.0,63.0,62.0,61.0,60.0,59.0,59.0,58.0,57.0,56.0,56.0,55.0,55.0,54.0,53.0,52.0,51.0,51.0
real,120,gulf,11,LSTM-ms,2,buffer,2,136,175,0.1979402878047138,165.0,164.0,163.0,162.0,161.0,160.0,160.0,159.0,158.0,157.0,156.0,156.0,155.0,154.0,153.0,152.0,151.0,151.0,150.0,150.0
real,120,gulf,11,LSTM-ms,2,buffer,3,166,69,0.12044946645204532,59.0,58.0,57.0,57.0,56.0,55.0,54.0,53.0,52.0,52.0,51.0,50.0,49.0,49.0,47.0,47.0,46.0,45.0,45.0,43.0
real,120,gulf,11,LSTM-ms,2,buffer,4,205,356,0.09111327929429273,352.0,351.0,351.0,350.0,349.0,349.0,349.0,348.0,348.0,348.0,348.0,347.0,347.0,347.0,347.0,346.0,346.0,346.0,346.0,346.0
real,120,gulf,11,LSTM-ms,2,buffer,5,214,26,0.19009579557566336,14.0,13.0,12.0,11.0,11.0,10.0,9.0,8.0,8.0,7.0,6.0,6.0,6.0,6.0,6.0,6.0,6.0,6.0,6.0,6.0
real,120,gulf,11,LSTM-ms,2,buffer,6,227,461,0.22637321104434646,456.0,455.0,454.0,453.0,452.0,452.0,451.0,450.0,449.0,448.0,448.0,447.0,446.0,446.0,445.0,444.0,444.0,443.0,443.0,442.0
real,120,gulf,11,LSTM-ms,2,buffer,7,367,151,0.21704541069124283,139.0,138.0,138.0,137.0,136.0,135.0,127.0,126.0,125.0,125.0,93.0,91.0,91.0,91.0,90.0,90.0,90.0,90.0,89.0,89.0
real,120,gulf,11,LSTM-ms,2,buffer,8,375,197,0.17455658585875658,189.0,188.0,188.0,187.0,186.0,185.0,184.0,183.0,183.0,182.0,181.0,181.0,180.0,179.0,179.0,178.0,177.0,177.0,176.0,176.0
real,120,gulf,11,LSTM-ms,2,buffer,9,377,23,0.5639730955031614,18.0,17.0,16.0,15.0,14.0,14.0,13.0,12.0,12.0,11.0,10.0,10.0,9.0,8.0,8.0,7.0,7.0,6.0,6.0,6.0
real,120,gulf,11,LSTM-ms,2,buffer,10,379,151,0.23424985300536183,139.0,139.0,138.0,138.0,137.0,136.0,127.0,126.0,125.0,125.0,91.0,90.0,90.0,89.0,88.0,88.0,87.0,87.0,86.0,86.0
real,120,gulf,11,LSTM-ms,2,buffer,11,467,162,0.17261318285171492,146.0,145.0,144.0,142.0,141.0,141.0,140.0,139.0,90.0,89.0,88.0,87.0,87.0,86.0,85.0,85.0,84.0,84.0,83.0,82.0
real,120,gulf,11,LSTM-ms,2,crossing,0,87,103,0.3125995606778419,102.0,101.0,100.0,99.0,98.0,98.0,96.0,96.0,95.0,95.0,94.0,93.0,92.0,92.0,88.0,88.0,88.0,86.0,86.0,85.0
real,120,gulf,11,LSTM-ms,2,crossing,1,109,72,0.37733481003734004,71.0,70.0,69.0,68.0,67.0,66.0,65.0,64.0,64.0,63.0,62.0,61.0,61.0,60.0,59.0,59.0,58.0,57.0,57.0,56.0
real,120,gulf,11,LSTM-ms,2,crossing,2,136,175,0.1979402878047138,174.0,173.0,172.0,171.0,170.0,169.0,168.0,168.0,167.0,166.0,166.0,165.0,164.0,163.0,163.0,162.0,162.0,161.0,160.0,160.0
real,120,gulf,11,LSTM-ms,2,crossing,3,166,69,0.12044946645204532,68.0,67.0,66.0,64.0,64.0,63.0,62.0,61.0,61.0,59.0,59.0,58.0,58.0,57.0,56.0,56.0,55.0,54.0,54.0,52.0
real,120,gulf,11,LSTM-ms,2,crossing,4,205,356,0.09111327929429273,355.0,354.0,354.0,353.0,353.0,352.0,352.0,351.0,351.0,351.0,350.0,349.0,349.0,349.0,349.0,348.0,348.0,348.0,348.0,347.0
real,120,gulf,11,LSTM-ms,2,crossing,5,214,26,0.19009579557566336,25.0,24.0,23.0,22.0,21.0,21.0,20.0,19.0,19.0,18.0,17.0,17.0,16.0,15.0,15.0,14.0,13.0,13.0,12.0,12.0
real,120,gulf,11,LSTM-ms,2,crossing,6,227,461,0.22637321104434646,460.0,459.0,459.0,458.0,457.0,456.0,455.0,455.0,454.0,453.0,452.0,452.0,451.0,450.0,450.0,449.0,448.0,448.0,447.0,446.0
real,120,gulf,11,LSTM-ms,2,crossing,7,367,151,0.21704541069124283,150.0,149.0,149.0,148.0,148.0,147.0,146.0,146.0,145.0,145.0,144.0,144.0,144.0,143.0,143.0,142.0,127.0,126.0,126.0,125.0
real,120,gulf,11,LSTM-ms,2,crossing,8,375,197,0.17455658585875658,195.0,194.0,193.0,192.0,191.0,190.0,189.0,188.0,188.0,187.0,186.0,185.0,185.0,184.0,183.0,183.0,182.0,181.0,181.0,180.0
real,120,gulf,11,LSTM-ms,2,crossing,9,377,23,0.5639730955031614,23.0,22.0,21.0,20.0,20.0,19.0,18.0,18.0,17.0,16.0,16.0,15.0,14.0,14.0,14.0,13.0,12.0,11.0,11.0,10.0
real,120,gulf,11,LSTM-ms,2,crossing,10,379,151,0.23424985300536183,150.0,150.0,149.0,148.0,148.0,147.0,147.0,147.0,146.0,146.0,146.0,145.0,145.0,143.0,143.0,142.0,141.0,127.0,126.0,125.0
real,120,gulf,11,LSTM-ms,2,crossing,11,467,162,0.17261318285171492,161.0,160.0,160.0,159.0,158.0,158.0,157.0,157.0,156.0,156.0,155.0,155.0,154.0,154.0,154.0,154.0,154.0,154.0,90.0,88.0
real,120,gulf,11,LSTM-rec,3,buffer,0,87,103,0.3125995606778419,93.0,92.0,91.0,89.0,88.0,87.0,85.0,85.0,83.0,83.0,82.0,80.0,79.0,78.0,76.0,75.0,72.0,72.0,72.0,70.0
real,120,gulf,11,LSTM-rec,3,buffer,1,109,72,0.37733481003734004,65.0,64.0,63.0,62.0,62.0,61.0,60.0,59.0,58.0,57.0,56.0,56.0,55.0,54.0,53.0,52.0,51.0,51.0,50.0,49.0
real,120,gulf,11,LSTM-rec,3,buffer,2,136,175,0.1979402878047138,165.0,164.0,162.0,162.0,160.0,159.0,158.0,157.0,156.0,155.0,153.0,152.0,150.0,150.0,148.0,147.0,146.0,144.0,143.0,142.0
real,120,gulf,11,LSTM-rec,3,buffer,3,166,69,0.12044946645204532,59.0,58.0,57.0,56.0,55.0,54.0,53.0,52.0,51.0,49.0,49.0,47.0,46.0,45.0,43.0,43.0,41.0,40.0,38.0,38.0
real,120,gulf,11,LSTM-rec,3,buffer,4,205,356,0.09111327929429273,352.0,351.0,350.0,349.0,348.0,347.0,346.0,346.0,345.0,344.0,343.0,342.0,342.0,341.0,340.0,340.0,339.0,338.0,338.0,338.0
real,120,gulf,11,LSTM-rec,3,buffer,5,214,26,0.19009579557566336,14.0,13.0,12.0,11.0,10.0,9.0,8.0,7.0,6.0,6.0,6.0,6.0,6.0,6.0,6.0,6.0,6.0,6.0,6.0,6.0
real,120,gulf,11,LSTM-rec,3,buffer,6,227,461,0.22637321104434646,456.0,455.0,454.0,453.0,452.0,451.0,451.0,450.0,449.0,448.0,447.0,447.0,446.0,445.0,444.0,444.0,443.0,443.0,442.0,442.0
real,120,gulf,11,LSTM-rec,3,buffer,7,367,151,0.21704541069124283,139.0,138.0,137.0,136.0,135.0,134.0,126.0,126.0,125.0,93.0,91.0,90.0,90.0,89.0,89.0,89.0,89.0,88.0,88.0,78.0
real,120,gulf,11,LSTM-rec,3,buffer,8,375,197,0.17455658585875658,189.0,188.0,188.0,186.0,186.0,185.0,184.0,183.0,182.0,181.0,180.0,179.0,179.0,178.0,177.0,176.0,175.0,175.0,174.0,173.0
real,120,gulf,11,LSTM-rec,3,buffer,9,377,23,0.5639730955031614,18.0,16.0,15.0,14.0,13.0,12.0,11.0,10.0,9.0,8.0,7.0,6.0,6.0,6.0,6.0,6.0,6.0,6.0,6.0,6.0
real,120,gulf,11,LSTM-rec,3,buffer,10,379,151,0.23424985300536183,139.0,138.0,138.0,137.0,136.0,134.0,127.0,126.0,125.0,91.0,90.0,89.0,88.0,87.0,86.0,86.0,85.0,84.0,83.0,83.0
real,120,gulf,11,LSTM-rec,3,buffer,11,467,162,0.17261318285171492,146.0,145.0,143.0,141.0,141.0,140.0,138.0,137.0,89.0,88.0,87.0,86.0,85.0,85.0,84.0,83.0,82.0,81.0,80.0,80.0
real,120,gulf,11,LSTM-rec,3,crossing,0,87,103,0.3125995606778419,102.0,101.0,100.0,99.0,98.0,96.0,95.0,95.0,93.0,92.0,91.0,88.0,88.0,86.0,85.0,83.0,83.0,82.0,80.0,79.0
real,120,gulf,11,LSTM-rec,3,crossing,1,109,72,0.37733481003734004,71.0,70.0,69.0,68.0,67.0,66.0,65.0,64.0,63.0,62.0,61.0,61.0,60.0,59.0,58.0,57.0,57.0,56.0,55.0,54.0
real,120,gulf,11,LSTM-rec,3,crossing,2,136,175,0.1979402878047138,174.0,173.0,172.0,171.0,170.0,168.0,167.0,166.0,165.0,164.0,162.0,162.0,160.0,160.0,158.0,157.0,156.0,154.0,153.0,151.0
real,120,gulf,11,LSTM-rec,3,crossing,3,166,69,0.12044946645204532,68.0,67.0,65.0,64.0,63.0,62.0,61.0,60.0,59.0,58.0,57.0,56.0,54.0,54.0,52.0,51.0,50.0,49.0,47.0,46.0
real,120,gulf,11,LSTM-rec,3,crossing,4,205,356,0.09111327929429273,355.0,354.0,353.0,352.0,351.0,351.0,350.0,349.0,348.0,348.0,347.0,346.0,345.0,344.0,343.0,343.0,342.0,341.0,341.0,340.0
real,120,gulf,11,LSTM-rec,3,crossing,5,214,26,0.19009579557566336,25.0,24.0,23.0,22.0,20.0,20.0,19.0,18.0,17.0,16.0,15.0,14.0,13.0,11.0,11.0,10.0,9.0,7.0,6.0,6.0
real,120,gulf,11,LSTM-rec,3,crossing,6,227,461,0.22637321104434646,460.0,459.0,459.0,458.0,457.0,456.0,455.0,454.0,454.0,453.0,452.0,451.0,450.0,450.0,448.0,448.0,447.0,447.0,446.0,445.0
real,120,gulf,11,LSTM-rec,3,crossing,7,367,151,0.21704541069124283,150.0,149.0,149.0,148.0,147.0,146.0,146.0,145.0,144.0,144.0,143.0,142.0,142.0,140.0,127.0,126.0,125.0,124.0,124.0,90.0
real,120,gulf,11,LSTM-rec,3,crossing,8,375,197,0.17455658585875658,195.0,194.0,193.0,192.0,191.0,190.0,189.0,188.0,187.0,186.0,185.0,184.0,183.0,182.0,181.0,181.0,180.0,179.0,178.0,178.0
real,120,gulf,11,LSTM-rec,3,crossing,9,377,23,0.5639730955031614,22.0,21.0,21.0,20.0,19.0,18.0,17.0,16.0,15.0,14.0,13.0,12.0,11.0,10.0,9.0,8.0,7.0,6.0,6.0,6.0
real,120,gulf,11,LSTM-rec,3,crossing,10,379,151,0.23424985300536183,150.0,149.0,149.0,148.0,147.0,147.0,146.0,146.0,145.0,145.0,143.0,143.0,141.0,140.0,140.0,126.0,125.0,124.0,90.0,89.0
real,120,gulf,11,LSTM-rec,3,crossing,11,467,162,0.17261318285171492,161.0,160.0,159.0,158.0,158.0,157.0,157.0,156.0,155.0,154.0,154.0,154.0,154.0,153.0,153.0,153.0,153.0,88.0,87.0,86.0
real,120,gulf,11,LSTM-ms,3,buffer,0,87,103,0.3125995606778419,93.0,92.0,91.0,89.0,88.0,88.0,86.0,85.0,85.0,83.0,83.0,82.0,81.0,80.0,80.0,79.0,77.0,77.0,75.0,74.0
real,120,gulf,11,LSTM-ms,3,buffer,1,109,72,0.37733481003734004,65.0,64.0,63.0,62.0,62.0,61.0,60.0,59.0,58.0,57.0,56.0,56.0,55.0,54.0,53.0,52.0,51.0,51.0,50.0,49.0
real,120,gulf,11,LSTM-ms,3,buffer,2,136,175,0.1979402878047138,165.0,164.0,163.0,162.0,161.0,160.0,159.0,158.0,157.0,156.0,155.0,154.0,153.0,153.0,151.0,150.0,150.0,150.0,148.0,148.0
real,120,gulf,11,LSTM-ms,3,buffer,3,166,69,0.12044946645204532,59.0,58.0,57.0,56.0,56.0,55.0,54.0,52.0,52.0,51.0,50.0,49.0,47.0,47.0,46.0,45.0,45.0,43.0,43.0,43.0
real,120,gulf,11,LSTM-ms,3,buffer,4,205,356,0.09111327929429273,352.0,351.0,350.0,349.0,348.0,348.0,347.0,346.0,345.0,344.0,344.0,343.0,342.0,341.0,341.0,340.0,339.0,339.0,338.0,338.0
real,120,gulf,11,LSTM-ms,3,buffer,5,214,26,0.19009579557566336,14.0,13.0,12.0,11.0,10.0,9.0,9.0,8.0,7.0,6.0,6.0,6.0,6.0,6.0,6.0,6.0,6.0,6.0,6.0,6.0
real,120,gulf,11,LSTM-ms,3,buffer,6,227,461,0.22637321104434646,456.0,455.0,454.0,453.0,452.0,451.0,451.0,450.0,449.0,448.0,447.0,447.0,446.0,445.0,444.0,444.0,443.0,443.0,442.0,441.0
real,120,gulf,11,LSTM-ms,3,buffer,7,367,151,0.21704541069124283,139.0,138.0,138.0,137.0,135.0,135.0,126.0,126.0,125.0,124.0,92.0,91.0,90.0,90.0,90.0,89.0,89.0,89.0,89.0,89.0
real,120,gulf,11,LSTM-ms,3,buffer,8,375,197,0.17455658585875658,189.0,188.0,187.0,186.0,185.0,184.0,183.0,183.0,182.0,181.0,180.0,179.0,178.0,178.0,177.0,176.0,175.0,175.0,174.0,173.0
real,120,gulf,11,LSTM-ms,3,buffer,9,377,23,0.5639730955031614,18.0,16.0,15.0,15.0,14.0,12.0,11.0,10.0,9.0,9.0,8.0,7.0,6.0,6.0,6.0,6.0,6.0,6.0,6.0,6.0
real,120,gulf,11,LSTM-ms,3,buffer,10,379,151,0.23424985300536183,139.0,139.0,138.0,137.0,137.0,134.0,127.0,126.0,125.0,124.0,90.0,90.0,89.0,88.0,88.0,87.0,86.0,86.0,86.0,85.0
real,120,gulf,11,LSTM-ms,3,buffer,11,467,162,0.17261318285171492,146.0,145.0,144.0,142.0,141.0,141.0,139.0,138.0,90.0,89.0,88.0,87.0,86.0,85.0,85.0,84.0,84.0,83.0,82.0,82.0
real,120,gulf,11,LSTM-ms,3,crossing,0,87,103,0.3125995606778419,102.0,101.0,100.0,99.0,98.0,97.0,96.0,95.0,95.0,94.0,92.0,92.0,89.0,88.0,88.0,86.0,85.0,85.0,83.0,83.0
real,120,gulf,11,LSTM-ms,3,crossing,1,109,72,0.37733481003734004,71.0,70.0,69.0,68.0,67.0,66.0,65.0,64.0,63.0,62.0,61.0,61.0,60.0,59.0,58.0,58.0,57.0,56.0,55.0,55.0
real,120,gulf,11,LSTM-ms,3,crossing,2,136,175,0.1979402878047138,174.0,173.0,172.0,171.0,170.0,169.0,168.0,167.0,166.0,166.0,165.0,164.0,163.0,162.0,162.0,160.0,160.0,159.0,158.0,157.0
real,120,gulf,11,LSTM-ms,3,crossing,3,166,69,0.12044946645204532,68.0,67.0,66.0,64.0,64.0,63.0,62.0,61.0,60.0,59.0,58.0,57.0,57.0,56.0,55.0,54.0,54.0,52.0,52.0,51.0
real,120,gulf,11,LSTM-ms,3,crossing,4,205,356,0.09111327929429273,355.0,354.0,353.0,352.0,352.0,351.0,350.0,349.0,349.0,348.0,347.0,346.0,346.0,345.0,344.0,343.0,343.0,342.0,341.0,341.0
real,120,gulf,11,LSTM-ms,3,crossing,5,214,26,0.19009579557566336,25.0,24.0,23.0,22.0,21.0,20.0,19.0,19.0,18.0,17.0,16.0,15.0,15.0,14.0,13.0,12.0,12.0,11.0,11.0,10.0
real,120,gulf,11,LSTM-ms,3,crossing,6,227,461,0.22637321104434646,460.0,459.0,459.0,458.0,457.0,456.0,455.0,454.0,454.0,453.0,452.0,451.0,450.0,449.0,448.0,448.0,447.0,446.0,446.0,445.0
real,120,gulf,11,LSTM-ms,3,crossing,7,367,151,0.21704541069124283,150.0,149.0,149.0,148.0,147.0,147.0,146.0,145.0,145.0,144.0,144.0,143.0,142.0,142.0,142.0,126.0,126.0,125.0,124.0,124.0
real,120,gulf,11,LSTM-ms,3,crossing,8,375,197,0.17455658585875658,195.0,194.0,193.0,192.0,191.0,190.0,189.0,188.0,187.0,186.0,185.0,184.0,183.0,182.0,181.0,181.0,180.0,179.0,178.0,178.0
real,120,gulf,11,LSTM-ms,3,crossing,9,377,23,0.5639730955031614,22.0,21.0,21.0,20.0,19.0,19.0,18.0,17.0,16.0,15.0,14.0,12.0,12.0,11.0,10.0,9.0,8.0,7.0,6.0,6.0
real,120,gulf,11,LSTM-ms,3,crossing,10,379,151,0.23424985300536183,150.0,149.0,149.0,148.0,147.0,147.0,147.0,146.0,146.0,145.0,145.0,143.0,143.0,141.0,141.0,140.0,126.0,125.0,125.0,124.0
real,120,gulf,11,LSTM-ms,3,crossing,11,467,162,0.17261318285171492,161.0,160.0,159.0,159.0,158.0,157.0,157.0,156.0,156.0,155.0,155.0,154.0,154.0,154.0,154.0,154.0,154.0,89.0,88.0,88.0
real,120,gulf,11,LSTM-rec,4,buffer,0,87,103,0.3125995606778419,93.0,92.0,91.0,91.0,89.0,89.0,88.0,88.0,88.0,88.0,87.0,86.0,86.0,86.0,85.0,85.0,85.0,85.0,85.0,85.0
real,120,gulf,11,LSTM-rec,4,buffer,1,109,72,0.37733481003734004,65.0,65.0,64.0,63.0,62.0,62.0,61.0,61.0,60.0,60.0,60.0,59.0,59.0,58.0,58.0,58.0,58.0,58.0,58.0,57.0
real,120,gulf,11,LSTM-rec,4,buffer,2,136,175,0.1979402878047138,165.0,164.0,163.0,162.0,162.0,162.0,161.0,160.0,160.0,160.0,160.0,159.0,159.0,159.0,159.0,159.0,159.0,159.0,159.0,159.0
real,120,gulf,11,LSTM-rec,4,buffer,3,166,69,0.12044946645204532,59.0,58.0,58.0,57.0,56.0,56.0,55.0,55.0,55.0,54.0,54.0,54.0,54.0,53.0,53.0,53.0,53.0,53.0,53.0,53.0
real,120,gulf,11,LSTM-rec,4,buffer,4,205,356,0.09111327929429273,352.0,351.0,350.0,349.0,348.0,348.0,347.0,347.0,346.0,346.0,346.0,345.0,345.0,345.0,345.0,344.0,344.0,344.0,343.0,343.0
real,120,gulf,11,LSTM-rec,4,buffer,5,214,26,0.19009579557566336,14.0,13.0,12.0,11.0,11.0,10.0,10.0,9.0,9.0,9.0,8.0,8.0,8.0,8.0,8.0,7.0,7.0,7.0,7.0,7.0
real,120,gulf,11,LSTM-rec,4,buffer,6,227,461,0.22637321104434646,456.0,455.0,454.0,454.0,453.0,452.0,452.0,451.0,451.0,450.0,450.0,450.0,449.0,449.0,448.0,448.0,448.0,448.0,448.0,448.0
real,120,gulf,11,LSTM-rec,4,buffer,7,367,151,0.21704541069124283,139.0,138.0,138.0,137.0,136.0,136.0,135.0,134.0,127.0,126.0,126.0,126.0,125.0,125.0,124.0,124.0,124.0,124.0,124.0,124.0
real,120,gulf,11,LSTM-rec,4,buffer,8,375,197,0.17455658585875658,189.0,189.0,188.0,187.0,186.0,186.0,185.0,185.0,184.0,184.0,183.0,183.0,183.0,182.0,182.0,182.0,182.0,181.0,181.0,181.0
real,120,gulf,11,LSTM-rec,4,buffer,9,377,23,0.5639730955031614,18.0,17.0,16.0,15.0,15.0,14.0,14.0,13.0,12.0,12.0,12.0,11.0,11.0,11.0,10.0,10.0,10.0,10.0,10.0,10.0
real,120,gulf,11,LSTM-rec,4,buffer,10,379,151,0.23424985300536183,139.0,139.0,138.0,138.0,137.0,137.0,137.0,134.0,127.0,126.0,126.0,126.0,125.0,125.0,125.0,124.0,124.0,124.0,124.0,124.0
real,120,gulf,11,LSTM-rec,4,buffer,11,467,162,0.17261318285171492,146.0,145.0,145.0,142.0,142.0,142.0,141.0,141.0,141.0,141.0,141.0,141.0,141.0,90.0,90.0,89.0,89.0,89.0,89.0,89.0
real,120,gulf,11,LSTM-rec,4,crossing,0,87,103,0.3125995606778419,102.0,101.0,100.0,100.0,99.0,99.0,98.0,98.0,97.0,96.0,96.0,96.0,96.0,96.0,96.0,96.0,96.0,96.0,96.0,96.0
real,120,gulf,11,LSTM-rec,4,crossing,1,109,72,0.37733481003734004,71.0,71.0,70.0,69.0,68.0,67.0,66.0,65.0,65.0,65.0,65.0,64.0,64.0,64.0,63.0,63.0,63.0,63.0,62.0,62.0
real,120,gulf,11,LSTM-rec,4,crossing,2,136,175,0.1979402878047138,174.0,173.0,172.0,172.0,171.0,170.0,170.0,169.0,169.0,169.0,168.0,168.0,168.0,168.0,167.0,167.0,167.0,167.0,167.0,167.0
real,120,gulf,11,LSTM-rec,4,crossing,3,166,69,0.12044946645204532,68.0,67.0,66.0,65.0,64.0,64.0,63.0,63.0,63.0,62.0,62.0,62.0,61.0,61.0,61.0,61.0,61.0,61.0,61.0,61.0
real,120,gulf,11,LSTM-rec,4,crossing,4,205,356,0.09111327929429273,355.0,354.0,353.0,352.0,352.0,351.0,351.0,350.0,349.0,349.0,348.0,348.0,348.0,347.0,347.0,347.0,347.0,347.0,346.0,346.0
real,120,gulf,11,LSTM-rec,4,crossing,5,214,26,0.19009579557566336,25.0,24.0,23.0,22.0,22.0,21.0,20.0,20.0,20.0,19.0,19.0,19.0,19.0,18.0,18.0,18.0,18.0,18.0,18.0,18.0
real,120,gulf,11,LSTM-rec,4,crossing,6,227,461,0.22637321104434646,460.0,460.0,459.0,458.0,457.0,457.0,456.0,456.0,455.0,455.0,454.0,454.0,454.0,454.0,453.0,453.0,453.0,453.0,453.0,452.0
real,120,gulf,11,LSTM-rec,4,crossing,7,367,151,0.21704541069124283,150.0,149.0,149.0,148.0,148.0,147.0,147.0,146.0,146.0,146.0,146.0,146.0,145.0,145.0,145.0,145.0,145.0,145.0,145.0,145.0
real,120,gulf,11,LSTM-rec,4,crossing,8,375,197,0.17455658585875658,195.0,194.0,194.0,193.0,192.0,191.0,190.0,189.0,189.0,189.0,189.0,188.0,188.0,188.0,188.0,187.0,186.0,186.0,186.0,186.0
real,120,gulf,11,LSTM-rec,4,crossing,9,377,23,0.5639730955031614,22.0,22.0,21.0,20.0,20.0,20.0,19.0,19.0,19.0,18.0,18.0,17.0,17.0,17.0,17.0,16.0,16.0,16.0,16.0,16.0
real,120,gulf,11,LSTM-rec,4,crossing,10,379,151,0.23424985300536183,150.0,149.0,149.0,148.0,148.0,147.0,147.0,147.0,147.0,147.0,147.0,146.0,146.0,146.0,146.0,146.0,146.0,146.0,146.0,146.0
real,120,gulf,11,LSTM-rec,4,crossing,11,467,162,0.17261318285171492,161.0,160.0,160.0,159.0,158.0,158.0,157.0,157.0,157.0,157.0,156.0,156.0,156.0,156.0,156.0,156.0,156.0,156.0,156.0,156.0
real,120,gulf,11,LSTM-ms,4,buffer,0,87,103,0.3125995606778419,93.0,92.0,91.0,89.0,88.0,88.0,87.0,86.0,85.0,85.0,83.0,83.0,83.0,82.0,81.0,80.0,80.0,80.0,79.0,78.0
real,120,gulf,11,LSTM-ms,4,buffer,1,109,72,0.37733481003734004,65.0,64.0,64.0,63.0,62.0,61.0,60.0,60.0,59.0,58.0,58.0,57.0,56.0,56.0,55.0,55.0,54.0,53.0,52.0,52.0
real,120,gulf,11,LSTM-ms,4,buffer,2,136,175,0.1979402878047138,165.0,164.0,163.0,162.0,161.0,160.0,160.0,159.0,158.0,157.0,157.0,156.0,155.0,154.0,154.0,153.0,152.0,152.0,151.0,150.0
real,120,gulf,11,LSTM-ms,4,buffer,3,166,69,0.12044946645204532,59.0,58.0,57.0,56.0,56.0,55.0,54.0,53.0,52.0,52.0,51.0,50.0,50.0,49.0,47.0,47.0,46.0,46.0,46.0,45.0
real,120,gulf,11,LSTM-ms,4,buffer,4,205,356,0.09111327929429273,352.0,351.0,350.0,349.0,348.0,347.0,347.0,346.0,345.0,345.0,344.0,343.0,343.0,342.0,342.0,341.0,341.0,340.0,340.0,339.0
real,120,gulf,11,LSTM-ms,4,buffer,5,214,26,0.19009579557566336,14.0,13.0,12.0,12.0,11.0,10.0,10.0,9.0,8.0,8.0,7.0,7.0,6.0,6.0,6.0,6.0,6.0,6.0,6.0,6.0
real,120,gulf,11,LSTM-ms,4,buffer,6,227,461,0.22637321104434646,456.0,455.0,454.0,453.0,453.0,452.0,451.0,450.0,449.0,449.0,448.0,447.0,447.0,446.0,446.0,445.0,444.0,444.0,444.0,443.0
real,120,gulf,11,LSTM-ms,4,buffer,7,367,151,0.21704541069124283,139.0,138.0,138.0,137.0,136.0,135.0,127.0,127.0,126.0,125.0,124.0,93.0,93.0,92.0,91.0,91.0,91.0,90.0,90.0,90.0
real,120,gulf,11,LSTM-ms,4,buffer,8,375,197,0.17455658585875658,189.0,189.0,188.0,187.0,186.0,185.0,184.0,183.0,183.0,182.0,181.0,180.0,180.0,179.0,179.0,178.0,177.0,177.0,176.0,176.0
real,120,gulf,11,LSTM-ms,4,buffer,9,377,23,0.5639730955031614,18.0,16.0,16.0,15.0,14.0,13.0,12.0,11.0,10.0,9.0,9.0,8.0,7.0,7.0,6.0,6.0,6.0,6.0,6.0,6.0
real,120,gulf,11,LSTM-ms,4,buffer,10,379,151,0.23424985300536183,139.0,139.0,138.0,138.0,137.0,137.0,134.0,127.0,126.0,125.0,125.0,124.0,91.0,90.0,90.0,90.0,89.0,88.0,88.0,88.0
real,120,gulf,11,LSTM-ms,4,buffer,11,467,162,0.17261318285171492,146.0,145.0,145.0,145.0,142.0,141.0,141.0,141.0,140.0,90.0,89.0,88.0,88.0,88.0,87.0,86.0,86.0,85.0,85.0,84.0
real,120,gulf,11,LSTM-ms,4,crossing,0,87,103,0.3125995606778419,101.0,101.0,100.0,99.0,98.0,97.0,96.0,96.0,95.0,95.0,94.0,93.0,92.0,92.0,89.0,88.0,88.0,88.0,88.0,86.0
real,120,gulf,11,LSTM-ms,4,crossing,1,109,72,0.37733481003734004,71.0,71.0,70.0,68.0,67.0,66.0,65.0,65.0,64.0,63.0,62.0,62.0,61.0,61.0,60.0,59.0,59.0,58.0,58.0,57.0
real,120,gulf,11,LSTM-ms,4,crossing,2,136,175,0.1979402878047138,174.0,173.0,172.0,171.0,170.0,169.0,168.0,168.0,167.0,166.0,166.0,165.0,164.0,164.0,163.0,162.0,162.0,162.0,162.0,161.0
real,120,gulf,11,LSTM-ms,4,crossing,3,166,69,0.12044946645204532,68.0,67.0,65.0,64.0,64.0,63.0,62.0,61.0,61.0,59.0,59.0,58.0,58.0,57.0,57.0,56.0,56.0,55.0,54.0,54.0
real,120,gulf,11,LSTM-ms,4,crossing,4,205,356,0.09111327929429273,355.0,354.0,353.0,352.0,351.0,351.0,350.0,349.0,349.0,348.0,347.0,346.0,346.0,345.0,345.0,344.0,344.0,343.0,343.0,342.0
real,120,gulf,11,LSTM-ms,4,crossing,5,214,26,0.19009579557566336,25.0,24.0,23.0,22.0,22.0,21.0,20.0,20.0,19.0,19.0,18.0,18.0,17.0,17.0,17.0,16.0,16.0,15.0,15.0,15.0
real,120,gulf,11,LSTM-ms,4,crossing,6,227,461,0.22637321104434646,460.0,460.0,459.0,458.0,457.0,456.0,455.0,455.0,454.0,453.0,453.0,452.0,451.0,451.0,450.0,449.0,449.0,448.0,448.0,447.0
real,120,gulf,11,LSTM-ms,4,crossing,7,367,151,0.21704541069124283,150.0,149.0,149.0,148.0,147.0,147.0,146.0,146.0,145.0,145.0,145.0,144.0,144.0,144.0,143.0,143.0,143.0,142.0,142.0,142.0
real,120,gulf,11,LSTM-ms,4,crossing,8,375,197,0.17455658585875658,195.0,194.0,194.0,192.0,191.0,190.0,189.0,189.0,188.0,187.0,186.0,185.0,185.0,184.0,183.0,183.0,182.0,181.0,181.0,180.0
real,120,gulf,11,LSTM-ms,4,crossing,9,377,23,0.5639730955031614,22.0,22.0,21.0,20.0,20.0,19.0,18.0,17.0,16.0,16.0,15.0,14.0,13.0,12.0,12.0,11.0,10.0,10.0,9.0,8.0
real,120,gulf,11,LSTM-ms,4,crossing,10,379,151,0.23424985300536183,150.0,149.0,149.0,148.0,148.0,147.0,147.0,147.0,146.0,146.0,146.0,146.0,145.0,145.0,145.0,143.0,143.0,143.0,141.0,141.0
real,120,gulf,11,LSTM-ms,4,crossing,11,467,162,0.17261318285171492,161.0,160.0,159.0,159.0,158.0,157.0,157.0,156.0,156.0,156.0,155.0,155.0,154.0,154.0,154.0,154.0,154.0,154.0,154.0,154.0
