profile,speed,region,seed,policy,model_seed,predicate,trip,global_trip,t_cross,s_bar_km,t_warn_H1,t_warn_H2,t_warn_H3,t_warn_H4,t_warn_H5,t_warn_H6,t_warn_H7,t_warn_H8,t_warn_H9,t_warn_H10,t_warn_H11,t_warn_H12,t_warn_H13,t_warn_H14,t_warn_H15,t_warn_H16,t_warn_H17,t_warn_H18,t_warn_H19,t_warn_H20
real,300,gulf,0,Reactive,0,zone,0,97,50,0.317664586927741,45.0,45.0,45.0,45.0,45.0,45.0,45.0,45.0,45.0,45.0,45.0,45.0,45.0,45.0,45.0,45.0,45.0,45.0,45.0,45.0
real,300,gulf,0,Reactive,0,zone,1,114,15,0.5347810273988041,13.0,13.0,13.0,13.0,13.0,13.0,13.0,13.0,13.0,13.0,13.0,13.0,13.0,13.0,13.0,13.0,13.0,13.0,13.0,13.0
real,300,gulf,0,Reactive,0,zone,2,202,19,0.4581015565781064,15.0,15.0,15.0,15.0,15.0,15.0,15.0,15.0,15.0,15.0,15.0,15.0,15.0,15.0,15.0,15.0,15.0,15.0,15.0,15.0
real,300,gulf,0,Reactive,0,zone,3,287,102,0.5588576777120101,93.0,93.0,93.0,93.0,93.0,93.0,93.0,93.0,93.0,93.0,93.0,93.0,93.0,93.0,93.0,93.0,93.0,93.0,93.0,93.0
real,300,gulf,0,Reactive,0,zone,4,458,152,0.27871366162817024,147.0,147.0,147.0,147.0,147.0,147.0,147.0,147.0,147.0,147.0,147.0,147.0,147.0,147.0,147.0,147.0,147.0,147.0,147.0,147.0
real,300,gulf,0,Analytic,0,buffer,0,97,50,0.317664586927741,44.0,43.0,42.0,41.0,40.0,39.0,39.0,38.0,38.0,37.0,37.0,37.0,36.0,36.0,36.0,36.0,36.0,36.0,36.0,36.0
real,300,gulf,0,Analytic,0,buffer,1,114,15,0.5347810273988041,12.0,12.0,12.0,11.0,11.0,11.0,11.0,11.0,11.0,11.0,11.0,11.0,11.0,11.0,11.0,11.0,11.0,11.0,11.0,11.0
real,300,gulf,0,Analytic,0,buffer,2,202,19,0.4581015565781064,14.0,13.0,12.0,11.0,10.0,9.0,8.0,7.0,6.0,6.0,6.0,6.0,6.0,6.0,6.0,6.0,6.0,6.0,6.0,6.0
real,300,gulf,0,Analytic,0,buffer,3,287,102,0.5588576777120101,93.0,92.0,92.0,85.0,84.0,83.0,82.0,81.0,80.0,79.0,78.0,76.0,75.0,74.0,73.0,72.0,71.0,70.0,69.0,68.0
real,300,gulf,0,Analytic,0,buffer,4,458,152,0.27871366162817024,147.0,146.0,145.0,144.0,143.0,142.0,141.0,140.0,139.0,138.0,136.0,134.0,133.0,132.0,130.0,129.0,128.0,127.0,126.0,125.0
real,300,gulf,0,Analytic,0,crossing,0,97,50,0.317664586927741,49.0,48.0,47.0,46.0,45.0,44.0,43.0,41.0,40.0,40.0,39.0,39.0,38.0,38.0,37.0,37.0,37.0,37.0,36.0,36.0
real,300,gulf,0,Analytic,0,crossing,1,114,15,0.5347810273988041,14.0,13.0,13.0,12.0,12.0,12.0,12.0,12.0,12.0,11.0,11.0,11.0,11.0,11.0,11.0,11.0,11.0,11.0,11.0,11.0
real,300,gulf,0,Analytic,0,crossing,2,202,19,0.4581015565781064,18.0,17.0,16.0,15.0,14.0,13.0,12.0,11.0,10.0,9.0,8.0,7.0,6.0,6.0,6.0,6.0,6.0,6.0,6.0,6.0
real,300,gulf,0,Analytic,0,crossing,3,287,102,0.5588576777120101,101.0,101.0,100.0,94.0,93.0,93.0,93.0,93.0,85.0,84.0,83.0,82.0,82.0,80.0,78.0,77.0,76.0,75.0,74.0,73.0
real,300,gulf,0,Analytic,0,crossing,4,458,152,0.27871366162817024,152.0,150.0,150.0,149.0,147.0,146.0,146.0,145.0,144.0,143.0,142.0,141.0,140.0,139.0,139.0,135.0,133.0,132.0,131.0,129.0
real,300,gulf,0,ConstVel,0,buffer,0,97,50,0.317664586927741,44.0,43.0,42.0,41.0,40.0,39.0,38.0,37.0,36.0,36.0,35.0,35.0,35.0,35.0,35.0,35.0,35.0,35.0,34.0,34.0
real,300,gulf,0,ConstVel,0,buffer,1,114,15,0.5347810273988041,12.0,11.0,11.0,10.0,10.0,10.0,9.0,9.0,9.0,9.0,9.0,9.0,9.0,9.0,9.0,9.0,9.0,9.0,9.0,9.0
real,300,gulf,0,ConstVel,0,buffer,2,202,19,0.4581015565781064,14.0,13.0,12.0,11.0,10.0,9.0,8.0,7.0,6.0,6.0,6.0,6.0,6.0,6.0,6.0,6.0,6.0,6.0,6.0,6.0
real,300,gulf,0,ConstVel,0,buffer,3,287,102,0.5588576777120101,92.0,91.0,85.0,85.0,83.0,82.0,82.0,82.0,80.0,79.0,78.0,77.0,76.0,75.0,73.0,72.0,71.0,70.0,68.0,67.0
real,300,gulf,0,ConstVel,0,buffer,4,458,152,0.27871366162817024,147.0,145.0,145.0,144.0,143.0,142.0,141.0,140.0,139.0,138.0,137.0,137.0,133.0,132.0,131.0,130.0,128.0,126.0,125.0,125.0
real,300,gulf,0,ConstVel,0,crossing,0,97,50,0.317664586927741,49.0,48.0,47.0,46.0,45.0,44.0,43.0,41.0,40.0,39.0,38.0,37.0,36.0,36.0,36.0,35.0,35.0,35.0,35.0,35.0
real,300,gulf,0,ConstVel,0,crossing,1,114,15,0.5347810273988041,14.0,13.0,12.0,11.0,11.0,10.0,10.0,10.0,10.0,10.0,10.0,9.0,9.0,9.0,9.0,9.0,9.0,9.0,9.0,9.0
real,300,gulf,0,ConstVel,0,crossing,2,202,19,0.4581015565781064,18.0,17.0,16.0,15.0,14.0,13.0,12.0,11.0,10.0,9.0,8.0,7.0,6.0,6.0,6.0,6.0,6.0,6.0,6.0,6.0
real,300,gulf,0,ConstVel,0,crossing,3,287,102,0.5588576777120101,101.0,100.0,100.0,99.0,92.0,91.0,91.0,85.0,85.0,82.0,82.0,82.0,82.0,82.0,78.0,77.0,76.0,75.0,75.0,73.0
real,300,gulf,0,ConstVel,0,crossing,4,458,152,0.27871366162817024,152.0,150.0,149.0,149.0,147.0,146.0,145.0,145.0,144.0,143.0,142.0,141.0,140.0,139.0,139.0,137.0,133.0,132.0,131.0,130.0
real,300,gulf,0,Kalman,0,buffer,0,97,50,0.317664586927741,44.0,43.0,42.0,41.0,40.0,39.0,38.0,37.0,37.0,36.0,36.0,36.0,35.0,35.0,35.0,35.0,35.0,35.0,35.0,35.0
real,300,gulf,0,Kalman,0,buffer,1,114,15,0.5347810273988041,12.0,11.0,11.0,11.0,10.0,10.0,10.0,10.0,10.0,10.0,10.0,10.0,10.0,9.0,9.0,9.0,9.0,9.0,9.0,9.0
real,300,gulf,0,Kalman,0,buffer,2,202,19,0.4581015565781064,14.0,13.0,12.0,11.0,10.0,9.0,8.0,7.0,6.0,6.0,6.0,6.0,6.0,6.0,6.0,6.0,6.0,6.0,6.0,6.0
real,300,gulf,0,Kalman,0,buffer,3,287,102,0.5588576777120101,92.0,92.0,91.0,85.0,83.0,83.0,82.0,82.0,80.0,79.0,78.0,77.0,76.0,74.0,73.0,72.0,71.0,70.0,69.0,68.0
real,300,gulf,0,Kalman,0,buffer,4,458,152,0.27871366162817024,147.0,146.0,145.0,144.0,143.0,142.0,141.0,140.0,139.0,138.0,137.0,136.0,133.0,132.0,131.0,130.0,128.0,126.0,126.0,125.0
real,300,gulf,0,Kalman,0,crossing,0,97,50,0.317664586927741,49.0,48.0,47.0,46.0,45.0,44.0,43.0,41.0,40.0,39.0,38.0,38.0,37.0,37.0,36.0,36.0,36.0,36.0,35.0,35.0
real,300,gulf,0,Kalman,0,crossing,1,114,15,0.5347810273988041,14.0,13.0,12.0,11.0,11.0,11.0,11.0,10.0,10.0,10.0,10.0,10.0,10.0,10.0,10.0,10.0,10.0,10.0,10.0,10.0
real,300,gulf,0,Kalman,0,crossing,2,202,19,0.4581015565781064,18.0,17.0,16.0,15.0,14.0,13.0,12.0,11.0,10.0,9.0,8.0,7.0,6.0,6.0,6.0,6.0,6.0,6.0,6.0,6.0
real,300,gulf,0,Kalman,0,crossing,3,287,102,0.5588576777120101,101.0,100.0,100.0,100.0,93.0,92.0,91.0,85.0,85.0,83.0,82.0,82.0,82.0,80.0,78.0,77.0,76.0,75.0,74.0,73.0
real,300,gulf,0,Kalman,0,crossing,4,458,152,0.27871366162817024,152.0,150.0,150.0,149.0,147.0,146.0,145.0,145.0,144.0,143.0,142.0,141.0,140.0,139.0,139.0,137.0,133.0,132.0,131.0,130.0
real,300,gulf,0,LSTM-rec,0,buffer,0,97,50,0.317664586927741,44.0,43.0,42.0,41.0,40.0,39.0,38.0,37.0,36.0,36.0,35.0,35.0,35.0,35.0,34.0,34.0,33.0,33.0,6.0,6.0
real,300,gulf,0,LSTM-rec,0,buffer,1,114,15,0.5347810273988041,12.0,11.0,11.0,11.0,11.0,10.0,10.0,10.0,10.0,10.0,10.0,9.0,9.0,9.0,9.0,9.0,9.0,9.0,9.0,9.0
real,300,gulf,0,LSTM-rec,0,buffer,2,202,19,0.4581015565781064,14.0,13.0,12.0,10.0,9.0,8.0,7.0,6.0,6.0,6.0,6.0,6.0,6.0,6.0,6.0,6.0,6.0,6.0,6.0,6.0
real,300,gulf,0,LSTM-rec,0,buffer,3,287,102,0.5588576777120101,92.0,92.0,85.0,85.0,83.0,82.0,82.0,80.0,78.0,77.0,76.0,74.0,73.0,72.0,70.0,69.0,68.0,67.0,66.0,44.0
real,300,gulf,0,LSTM-rec,0,buffer,4,458,152,0.27871366162817024,146.0,145.0,144.0,143.0,142.0,141.0,140.0,139.0,137.0,136.0,133.0,132.0,131.0,130.0,128.0,126.0,125.0,124.0,123.0,122.0
real,300,gulf,0,LSTM-rec,0,crossing,0,97,50,0.317664586927741,49.0,48.0,47.0,46.0,44.0,43.0,42.0,41.0,40.0,39.0,38.0,37.0,36.0,36.0,35.0,35.0,35.0,35.0,34.0,34.0
real,300,gulf,0,LSTM-rec,0,crossing,1,114,15,0.5347810273988041,14.0,13.0,12.0,12.0,11.0,11.0,11.0,11.0,10.0,10.0,10.0,10.0,10.0,10.0,10.0,10.0,9.0,9.0,9.0,9.0
real,300,gulf,0,LSTM-rec,0,crossing,2,202,19,0.4581015565781064,18.0,17.0,16.0,15.0,14.0,12.0,11.0,10.0,9.0,8.0,7.0,6.0,6.0,6.0,6.0,6.0,6.0,6.0,6.0,6.0
real,300,gulf,0,LSTM-rec,0,crossing,3,287,102,0.5588576777120101,101.0,100.0,100.0,94.0,93.0,92.0,91.0,85.0,83.0,82.0,82.0,80.0,78.0,77.0,75.0,74.0,72.0,71.0,70.0,68.0
real,300,gulf,0,LSTM-rec,0,crossing,4,458,152,0.27871366162817024,152.0,150.0,149.0,149.0,147.0,146.0,145.0,143.0,142.0,141.0,140.0,139.0,137.0,135.0,133.0,132.0,130.0,129.0,128.0,126.0
real,300,gulf,0,LSTM-ms,0,buffer,0,97,50,0.317664586927741,45.0,45.0,44.0,44.0,44.0,43.0,43.0,43.0,42.0,42.0,42.0,42.0,42.0,42.0,41.0,41.0,41.0,41.0,41.0,41.0
real,300,gulf,0,LSTM-ms,0,buffer,1,114,15,0.5347810273988041,12.0,12.0,12.0,12.0,12.0,12.0,11.0,11.0,11.0,11.0,11.0,11.0,11.0,11.0,11.0,11.0,11.0,11.0,11.0,11.0
real,300,gulf,0,LSTM-ms,0,buffer,2,202,19,0.4581015565781064,14.0,14.0,13.0,13.0,13.0,13.0,13.0,12.0,12.0,12.0,12.0,11.0,11.0,11.0,11.0,11.0,11.0,11.0,10.0,10.0
real,300,gulf,0,LSTM-ms,0,buffer,3,287,102,0.5588576777120101,93.0,93.0,93.0,93.0,93.0,93.0,93.0,93.0,93.0,92.0,92.0,92.0,92.0,92.0,92.0,92.0,92.0,92.0,92.0,92.0
real,300,gulf,0,LSTM-ms,0,buffer,4,458,152,0.27871366162817024,147.0,147.0,147.0,146.0,146.0,146.0,146.0,146.0,145.0,145.0,145.0,145.0,145.0,145.0,145.0,145.0,145.0,145.0,144.0,144.0
real,300,gulf,0,LSTM-ms,0,crossing,0,97,50,0.317664586927741,50.0,49.0,49.0,49.0,49.0,48.0,48.0,48.0,48.0,47.0,47.0,47.0,47.0,47.0,47.0,47.0,47.0,46.0,46.0,46.0
real,300,gulf,0,LSTM-ms,0,crossing,1,114,15,0.5347810273988041,14.0,14.0,13.0,13.0,13.0,13.0,12.0,12.0,12.0,12.0,12.0,12.0,12.0,12.0,12.0,12.0,12.0,12.0,12.0,12.0
real,300,gulf,0,LSTM-ms,0,crossing,2,202,19,0.4581015565781064,18.0,18.0,18.0,17.0,17.0,17.0,17.0,16.0,16.0,16.0,16.0,15.0,15.0,15.0,15.0,15.0,15.0,15.0,14.0,14.0
real,300,gulf,0,LSTM-ms,0,crossing,3,287,102,0.5588576777120101,101.0,101.0,101.0,101.0,101.0,101.0,101.0,101.0,101.0,101.0,101.0,101.0,101.0,101.0,101.0,101.0,101.0,94.0,94.0,94.0
real,300,gulf,0,LSTM-ms,0,crossing,4,458,152,0.27871366162817024,152.0,152.0,152.0,152.0,152.0,152.0,150.0,150.0,150.0,150.0,150.0,150.0,150.0,150.0,150.0,150.0,150.0,150.0,149.0,149.0
real,300,gulf,0,LSTM-rec,1,buffer,0,97,50,0.317664586927741,44.0,43.0,42.0,40.0,39.0,38.0,37.0,36.0,35.0,35.0,35.0,34.0,33.0,24.0,6.0,6.0,6.0,6.0,6.0,6.0
real,300,gulf,0,LSTM-rec,1,buffer,1,114,15,0.5347810273988041,12.0,11.0,11.0,11.0,10.0,10.0,10.0,9.0,9.0,9.0,9.0,9.0,9.0,9.0,9.0,9.0,8.0,8.0,8.0,8.0
real,300,gulf,0,LSTM-rec,1,buffer,2,202,19,0.4581015565781064,14.0,12.0,11.0,10.0,9.0,8.0,6.0,6.0,6.0,6.0,6.0,6.0,6.0,6.0,6.0,6.0,6.0,6.0,6.0,6.0
real,300,gulf,0,LSTM-rec,1,buffer,3,287,102,0.5588576777120101,92.0,92.0,85.0,85.0,83.0,82.0,80.0,78.0,77.0,75.0,73.0,72.0,70.0,68.0,67.0,65.0,43.0,42.0,41.0,40.0
real,300,gulf,0,LSTM-rec,1,buffer,4,458,152,0.27871366162817024,146.0,145.0,144.0,143.0,141.0,140.0,139.0,137.0,135.0,133.0,131.0,130.0,128.0,126.0,124.0,123.0,121.0,120.0,118.0,116.0
real,300,gulf,0,LSTM-rec,1,crossing,0,97,50,0.317664586927741,49.0,48.0,46.0,45.0,44.0,42.0,41.0,39.0,38.0,37.0,36.0,35.0,35.0,35.0,34.0,33.0,33.0,6.0,6.0,6.0
real,300,gulf,0,LSTM-rec,1,crossing,1,114,15,0.5347810273988041,14.0,13.0,12.0,12.0,11.0,11.0,11.0,10.0,10.0,10.0,10.0,9.0,9.0,9.0,9.0,9.0,9.0,9.0,9.0,9.0
real,300,gulf,0,LSTM-rec,1,crossing,2,202,19,0.4581015565781064,18.0,17.0,15.0,14.0,13.0,12.0,10.0,9.0,8.0,6.0,6.0,6.0,6.0,6.0,6.0,6.0,6.0,6.0,6.0,6.0
real,300,gulf,0,LSTM-rec,1,crossing,3,287,102,0.5588576777120101,101.0,100.0,100.0,93.0,92.0,85.0,85.0,84.0,82.0,80.0,78.0,77.0,75.0,73.0,71.0,69.0,68.0,67.0,43.0,42.0
real,300,gulf,0,LSTM-rec,1,crossing,4,458,152,0.27871366162817024,152.0,150.0,149.0,147.0,146.0,145.0,144.0,142.0,141.0,139.0,138.0,135.0,132.0,131.0,129.0,127.0,125.0,124.0,122.0,120.0
real,300,gulf,0,LSTM-ms,1,buffer,0,97,50,0.317664586927741,44.0,43.0,41.0,40.0,39.0,39.0,38.0,37.0,37.0,36.0,36.0,36.0,36.0,36.0,35.0,35.0,35.0,35.0,35.0,35.0
real,300,gulf,0,LSTM-ms,1,buffer,1,114,15,0.5347810273988041,12.0,11.0,11.0,11.0,10.0,10.0,10.0,10.0,10.0,10.0,10.0,9.0,9.0,9.0,9.0,9.0,9.0,9.0,9.0,9.0
real,300,gulf,0,LSTM-ms,1,buffer,2,202,19,0.4581015565781064,13.0,12.0,11.0,10.0,9.0,8.0,7.0,7.0,6.0,6.0,6.0,6.0,6.0,6.0,6.0,6.0,6.0,6.0,6.0,6.0
real,300,gulf,0,LSTM-ms,1,buffer,3,287,102,0.5588576777120101,92.0,91.0,85.0,83.0,83.0,82.0,82.0,81.0,79.0,78.0,77.0,77.0,76.0,76.0,75.0,75.0,74.0,73.0,73.0,72.0
real,300,gulf,0,LSTM-ms,1,buffer,4,458,152,0.27871366162817024,146.0,145.0,144.0,143.0,142.0,141.0,140.0,139.0,138.0,137.0,137.0,136.0,135.0,133.0,133.0,132.0,132.0,131.0,131.0,130.0
real,300,gulf,0,LSTM-ms,1,crossing,0,97,50,0.317664586927741,49.0,47.0,46.0,45.0,44.0,43.0,42.0,41.0,40.0,39.0,39.0,38.0,38.0,38.0,38.0,37.0,37.0,37.0,37.0,36.0
real,300,gulf,0,LSTM-ms,1,crossing,1,114,15,0.5347810273988041,14.0,13.0,12.0,12.0,11.0,11.0,11.0,11.0,11.0,10.0,10.0,10.0,10.0,10.0,10.0,10.0,10.0,10.0,10.0,10.0
real,300,gulf,0,LSTM-ms,1,crossing,2,202,19,0.4581015565781064,17.0,16.0,15.0,14.0,13.0,12.0,11.0,11.0,10.0,9.0,8.0,8.0,7.0,7.0,6.0,6.0,6.0,6.0,6.0,6.0
real,300,gulf,0,LSTM-ms,1,crossing,3,287,102,0.5588576777120101,100.0,100.0,99.0,93.0,92.0,92.0,85.0,85.0,83.0,83.0,82.0,82.0,82.0,82.0,82.0,82.0,80.0,79.0,78.0,77.0
real,300,gulf,0,LSTM-ms,1,crossing,4,458,152,0.27871366162817024,152.0,150.0,149.0,147.0,146.0,146.0,145.0,144.0,143.0,142.0,141.0,141.0,140.0,140.0,139.0,139.0,139.0,138.0,137.0,137.0
real,300,gulf,0,LSTM-rec,2,buffer,0,97,50,0.317664586927741,44.0,44.0,43.0,42.0,42.0,41.0,41.0,41.0,41.0,41.0,41.0,41.0,41.0,41.0,41.0,41.0,41.0,41.0,41.0,41.0
real,300,gulf,0,LSTM-rec,2,buffer,1,114,15,0.5347810273988041,12.0,12.0,11.0,11.0,11.0,11.0,11.0,11.0,11.0,11.0,11.0,11.0,11.0,11.0,11.0,11.0,11.0,11.0,11.0,11.0
real,300,gulf,0,LSTM-rec,2,buffer,2,202,19,0.4581015565781064,14.0,13.0,12.0,12.0,11.0,11.0,11.0,10.0,10.0,10.0,10.0,10.0,10.0,10.0,10.0,10.0,10.0,10.0,10.0,10.0
real,300,gulf,0,LSTM-rec,2,buffer,3,287,102,0.5588576777120101,93.0,92.0,92.0,92.0,91.0,85.0,85.0,85.0,85.0,85.0,85.0,85.0,85.0,85.0,85.0,85.0,85.0,85.0,85.0,85.0
real,300,gulf,0,LSTM-rec,2,buffer,4,458,152,0.27871366162817024,147.0,146.0,145.0,145.0,145.0,144.0,144.0,144.0,144.0,143.0,143.0,143.0,143.0,143.0,143.0,143.0,143.0,143.0,143.0,143.0
real,300,gulf,0,LSTM-rec,2,crossing,0,97,50,0.317664586927741,49.0,48.0,48.0,47.0,47.0,46.0,46.0,46.0,46.0,46.0,46.0,46.0,46.0,46.0,46.0,46.0,46.0,46.0,46.0,46.0
real,300,gulf,0,LSTM-rec,2,crossing,1,114,15,0.5347810273988041,14.0,13.0,13.0,12.0,12.0,12.0,12.0,11.0,11.0,11.0,11.0,11.0,11.0,11.0,11.0,11.0,11.0,11.0,11.0,11.0
real,300,gulf,0,LSTM-rec,2,crossing,2,202,19,0.4581015565781064,18.0,17.0,17.0,16.0,16.0,15.0,15.0,15.0,14.0,14.0,14.0,14.0,14.0,14.0,14.0,14.0,14.0,14.0,14.0,14.0
real,300,gulf,0,LSTM-rec,2,crossing,3,287,102,0.5588576777120101,101.0,101.0,100.0,100.0,100.0,100.0,100.0,94.0,93.0,93.0,93.0,93.0,93.0,93.0,93.0,93.0,93.0,93.0,93.0,93.0
real,300,gulf,0,LSTM-rec,2,crossing,4,458,152,0.27871366162817024,152.0,152.0,150.0,150.0,150.0,149.0,149.0,149.0,149.0,149.0,149.0,149.0,149.0,149.0,149.0,149.0,149.0,149.0,149.0,149.0
real,300,gulf,0,LSTM-ms,2,buffer,0,97,50,0.317664586927741,44.0,43.0,42.0,41.0,40.0,40.0,39.0,38.0,38.0,37.0,37.0,36.0,36.0,36.0,36.0,36.0,36.0,35.0,35.0,35.0
real,300,gulf,0,LSTM-ms,2,buffer,1,114,15,0.5347810273988041,12.0,12.0,11.0,11.0,11.0,11.0,11.0,11.0,10.0,10.0,10.0,10.0,10.0,10.0,10.0,10.0,10.0,10.0,10.0,10.0
real,300,gulf,0,LSTM-ms,2,buffer,2,202,19,0.4581015565781064,14.0,13.0,12.0,11.0,10.0,9.0,9.0,8.0,7.0,6.0,6.0,6.0,6.0,6.0,6.0,6.0,6.0,6.0,6.0,6.0
real,300,gulf,0,LSTM-ms,2,buffer,3,287,102,0.5588576777120101,93.0,92.0,92.0,85.0,85.0,85.0,83.0,82.0,81.0,80.0,79.0,78.0,78.0,77.0,76.0,75.0,74.0,73.0,73.0,72.0
real,300,gulf,0,LSTM-ms,2,buffer,4,458,152,0.27871366162817024,147.0,146.0,145.0,144.0,143.0,142.0,141.0,141.0,140.0,139.0,139.0,137.0,136.0,135.0,134.0,133.0,132.0,131.0,130.0,129.0
real,300,gulf,0,LSTM-ms,2,crossing,0,97,50,0.317664586927741,49.0,48.0,47.0,46.0,45.0,44.0,43.0,42.0,42.0,41.0,40.0,39.0,39.0,38.0,38.0,37.0,37.0,37.0,36.0,36.0
real,300,gulf,0,LSTM-ms,2,crossing,1,114,15,0.5347810273988041,14.0,13.0,13.0,12.0,12.0,12.0,11.0,11.0,11.0,11.0,11.0,11.0,11.0,11.0,11.0,11.0,10.0,10.0,10.0,10.0
real,300,gulf,0,LSTM-ms,2,crossing,2,202,19,0.4581015565781064,18.0,17.0,16.0,15.0,14.0,13.0,13.0,12.0,11.0,10.0,10.0,9.0,8.0,8.0,7.0,6.0,6.0,6.0,6.0,6.0
real,300,gulf,0,LSTM-ms,2,crossing,3,287,102,0.5588576777120101,101.0,101.0,100.0,95.0,94.0,93.0,93.0,92.0,92.0,85.0,85.0,85.0,85.0,82.0,82.0,80.0,79.0,78.0,78.0,77.0
real,300,gulf,0,LSTM-ms,2,crossing,4,458,152,0.27871366162817024,152.0,150.0,150.0,149.0,148.0,147.0,146.0,145.0,145.0,144.0,143.0,143.0,142.0,141.0,140.0,140.0,139.0,138.0,136.0,135.0
real,300,gulf,0,LSTM-rec,3,buffer,0,97,50,0.317664586927741,44.0,44.0,43.0,43.0,42.0,42.0,41.0,41.0,41.0,41.0,41.0,41.0,41.0,41.0,41.0,41.0,41.0,41.0,41.0,41.0
real,300,gulf,0,LSTM-rec,3,buffer,1,114,15,0.5347810273988041,12.0,12.0,11.0,11.0,11.0,11.0,11.0,11.0,11.0,11.0,11.0,11.0,11.0,11.0,11.0,11.0,11.0,11.0,11.0,11.0
real,300,gulf,0,LSTM-rec,3,buffer,2,202,19,0.4581015565781064,14.0,13.0,13.0,12.0,12.0,11.0,11.0,11.0,11.0,11.0,11.0,11.0,11.0,11.0,11.0,11.0,11.0,11.0,11.0,11.0
real,300,gulf,0,LSTM-rec,3,buffer,3,287,102,0.5588576777120101,93.0,92.0,92.0,91.0,91.0,85.0,85.0,85.0,85.0,85.0,85.0,85.0,85.0,85.0,85.0,85.0,85.0,85.0,85.0,85.0
real,300,gulf,0,LSTM-rec,3,buffer,4,458,152,0.27871366162817024,147.0,146.0,146.0,145.0,145.0,145.0,145.0,144.0,144.0,144.0,144.0,144.0,144.0,144.0,144.0,144.0,144.0,144.0,144.0,144.0
real,300,gulf,0,LSTM-rec,3,crossing,0,97,50,0.317664586927741,49.0,48.0,48.0,47.0,47.0,47.0,46.0,46.0,46.0,46.0,46.0,46.0,46.0,46.0,46.0,46.0,46.0,46.0,46.0,46.0
real,300,gulf,0,LSTM-rec,3,crossing,1,114,15,0.5347810273988041,14.0,13.0,13.0,12.0,12.0,12.0,11.0,11.0,11.0,11.0,11.0,11.0,11.0,11.0,11.0,11.0,11.0,11.0,11.0,11.0
real,300,gulf,0,LSTM-rec,3,crossing,2,202,19,0.4581015565781064,18.0,17.0,17.0,16.0,16.0,15.0,15.0,15.0,15.0,15.0,15.0,15.0,15.0,15.0,15.0,15.0,15.0,15.0,15.0,15.0
real,300,gulf,0,LSTM-rec,3,crossing,3,287,102,0.5588576777120101,101.0,101.0,100.0,100.0,100.0,100.0,100.0,100.0,100.0,100.0,100.0,100.0,100.0,100.0,100.0,100.0,100.0,100.0,100.0,100.0
real,300,gulf,0,LSTM-rec,3,crossing,4,458,152,0.27871366162817024,152.0,152.0,150.0,150.0,150.0,149.0,149.0,149.0,149.0,149.0,149.0,149.0,149.0,149.0,149.0,149.0,149.0,149.0,149.0,149.0
real,300,gulf,0,LSTM-ms,3,buffer,0,97,50,0.317664586927741,45.0,45.0,45.0,45.0,45.0,45.0,45.0,45.0,45.0,44.0,44.0,44.0,44.0,44.0,44.0,44.0,44.0,44.0,44.0,44.0
real,300,gulf,0,LSTM-ms,3,buffer,1,114,15,0.5347810273988041,13.0,12.0,12.0,12.0,12.0,12.0,12.0,11.0,11.0,11.0,11.0,11.0,11.0,11.0,11.0,11.0,11.0,11.0,11.0,11.0
real,300,gulf,0,LSTM-ms,3,buffer,2,202,19,0.4581015565781064,15.0,14.0,14.0,14.0,14.0,14.0,14.0,14.0,13.0,13.0,13.0,13.0,13.0,13.0,12.0,12.0,12.0,12.0,12.0,12.0
real,300,gulf,0,LSTM-ms,3,buffer,3,287,102,0.5588576777120101,93.0,93.0,93.0,93.0,93.0,93.0,93.0,93.0,93.0,93.0,93.0,93.0,93.0,93.0,93.0,93.0,93.0,93.0,93.0,93.0
real,300,gulf,0,LSTM-ms,3,buffer,4,458,152,0.27871366162817024,148.0,148.0,148.0,147.0,147.0,147.0,147.0,147.0,147.0,147.0,147.0,147.0,146.0,146.0,146.0,146.0,146.0,146.0,146.0,146.0
real,300,gulf,0,LSTM-ms,3,crossing,0,97,50,0.317664586927741,50.0,50.0,50.0,50.0,50.0,50.0,50.0,50.0,49.0,49.0,49.0,49.0,49.0,49.0,49.0,49.0,49.0,49.0,49.0,49.0
real,300,gulf,0,LSTM-ms,3,crossing,1,114,15,0.5347810273988041,14.0,14.0,14.0,13.0,13.0,13.0,13.0,13.0,12.0,12.0,12.0,12.0,12.0,12.0,12.0,12.0,12.0,12.0,12.0,12.0
real,300,gulf,0,LSTM-ms,3,crossing,2,202,19,0.4581015565781064,19.0,19.0,18.0,18.0,18.0,18.0,18.0,18.0,18.0,17.0,17.0,17.0,17.0,17.0,17.0,17.0,17.0,17.0,17.0,17.0
real,300,gulf,0,LSTM-ms,3,crossing,3,287,102,0.5588576777120101,102.0,102.0,102.0,102.0,102.0,102.0,102.0,102.0,102.0,102.0,102.0,102.0,102.0,102.0,102.0,102.0,102.0,102.0,102.0,102.0
real,300,gulf,0,LSTM-ms,3,crossing,4,458,152,0.27871366162817024,152.0,152.0,152.0,152.0,152.0,152.0,152.0,152.0,152.0,152.0,152.0,152.0,152.0,150.0,150.0,150.0,150.0,150.0,150.0,150.0
real,300,gulf,0,LSTM-rec,4,buffer,0,97,50,0.317664586927741,45.0,45.0,45.0,45.0,45.0,45.0,45.0,45.0,45.0,45.0,45.0,45.0,45.0,45.0,45.0,45.0,45.0,45.0,45.0,45.0
real,300,gulf,0,LSTM-rec,4,buffer,1,114,15,0.5347810273988041,12.0,12.0,12.0,12.0,12.0,12.0,12.0,12.0,12.0,12.0,12.0,12.0,12.0,12.0,12.0,12.0,12.0,12.0,12.0,12.0
real,300,gulf,0,LSTM-rec,4,buffer,2,202,19,0.4581015565781064,14.0,14.0,14.0,14.0,14.0,14.0,14.0,14.0,14.0,14.0,14.0,14.0,14.0,14.0,14.0,14.0,14.0,14.0,14.0,14.0
real,300,gulf,0,LSTM-rec,4,buffer,3,287,102,0.5588576777120101,93.0,93.0,93.0,93.0,93.0,93.0,93.0,93.0,93.0,93.0,93.0,93.0,93.0,93.0,93.0,93.0,93.0,93.0,93.0,93.0
real,300,gulf,0,LSTM-rec,4,buffer,4,458,152,0.27871366162817024,147.0,147.0,147.0,147.0,147.0,147.0,147.0,147.0,147.0,147.0,147.0,147.0,147.0,147.0,147.0,147.0,147.0,147.0,147.0,147.0
real,300,gulf,0,LSTM-rec,4,crossing,0,97,50,0.317664586927741,50.0,50.0,50.0,50.0,50.0,50.0,50.0,50.0,50.0,50.0,50.0,50.0,50.0,50.0,50.0,50.0,50.0,50.0,50.0,50.0
real,300,gulf,0,LSTM-rec,4,crossing,1,114,15,0.5347810273988041,14.0,14.0,14.0,14.0,14.0,14.0,14.0,14.0,14.0,14.0,14.0,14.0,14.0,14.0,14.0,14.0,14.0,14.0,14.0,14.0
real,300,gulf,0,LSTM-rec,4,crossing,2,202,19,0.4581015565781064,18.0,18.0,18.0,18.0,18.0,18.0,18.0,18.0,18.0,18.0,18.0,18.0,18.0,18.0,18.0,18.0,18.0,18.0,18.0,18.0
real,300,gulf,0,LSTM-rec,4,crossing,3,287,102,0.5588576777120101,101.0,101.0,101.0,101.0,101.0,101.0,101.0,101.0,101.0,101.0,101.0,101.0,101.0,101.0,101.0,101.0,101.0,101.0,101.0,101.0
real,300,gulf,0,LSTM-rec,4,crossing,4,458,152,0.27871366162817024,152.0,152.0,152.0,152.0,152.0,152.0,152.0,152.0,152.0,152.0,152.0,152.0,152.0,152.0,152.0,152.0,152.0,152.0,152.0,152.0
real,300,gulf,0,LSTM-ms,4,buffer,0,97,50,0.317664586927741,44.0,44.0,43.0,42.0,41.0,41.0,40.0,40.0,39.0,39.0,39.0,38.0,38.0,38.0,38.0,38.0,37.0,37.0,37.0,37.0
real,300,gulf,0,LSTM-ms,4,buffer,1,114,15,0.5347810273988041,12.0,12.0,12.0,11.0,11.0,11.0,11.0,11.0,11.0,11.0,11.0,11.0,11.0,11.0,11.0,11.0,11.0,11.0,11.0,11.0
real,300,gulf,0,LSTM-ms,4,buffer,2,202,19,0.4581015565781064,14.0,13.0,12.0,12.0,11.0,11.0,10.0,10.0,9.0,9.0,8.0,8.0,7.0,7.0,7.0,6.0,6.0,6.0,6.0,6.0
real,300,gulf,0,LSTM-ms,4,buffer,3,287,102,0.5588576777120101,93.0,92.0,92.0,92.0,85.0,85.0,85.0,84.0,83.0,83.0,82.0,82.0,82.0,82.0,82.0,81.0,80.0,80.0,80.0,79.0
real,300,gulf,0,LSTM-ms,4,buffer,4,458,152,0.27871366162817024,147.0,146.0,145.0,145.0,144.0,144.0,143.0,143.0,142.0,142.0,141.0,141.0,141.0,140.0,140.0,140.0,139.0,139.0,139.0,139.0
real,300,gulf,0,LSTM-ms,4,crossing,0,97,50,0.317664586927741,49.0,48.0,48.0,47.0,46.0,46.0,45.0,45.0,44.0,44.0,43.0,43.0,42.0,42.0,41.0,41.0,41.0,40.0,40.0,40.0
real,300,gulf,0,LSTM-ms,4,crossing,1,114,15,0.5347810273988041,14.0,14.0,13.0,13.0,12.0,12.0,12.0,12.0,12.0,12.0,12.0,11.0,11.0,11.0,11.0,11.0,11.0,11.0,11.0,11.0
real,300,gulf,0,LSTM-ms,4,crossing,2,202,19,0.4581015565781064,18.0,17.0,17.0,16.0,15.0,15.0,14.0,14.0,13.0,13.0,12.0,12.0,11.0,11.0,11.0,10.0,10.0,10.0,10.0,9.0
real,300,gulf,0,LSTM-ms,4,crossing,3,287,102,0.5588576777120101,101.0,101.0,101.0,100.0,100.0,94.0,94.0,93.0,93.0,93.0,93.0,93.0,93.0,93.0,92.0,92.0,92.0,85.0,85.0,85.0
real,300,gulf,0,LSTM-ms,4,crossing,4,458,152,0.27871366162817024,152.0,152.0,150.0,150.0,149.0,149.0,148.0,147.0,147.0,147.0,146.0,146.0,145.0,145.0,145.0,144.0,144.0,144.0,144.0,143.0
real,300,gulf,1,Reactive,0,zone,0,8,135,0.5632914606780262,127.0,127.0,127.0,127.0,127.0,127.0,127.0,127.0,127.0,127.0,127.0,127.0,127.0,127.0,127.0,127.0,127.0,127.0,127.0,127.0
real,300,gulf,1,Reactive,0,zone,1,118,159,0.2282841692712967,152.0,152.0,152.0,152.0,152.0,152.0,152.0,152.0,152.0,152.0,152.0,152.0,152.0,152.0,152.0,152.0,152.0,152.0,152.0,152.0
real,300,gulf,1,Reactive,0,zone,2,135,118,0.18971089752632656,111.0,111.0,111.0,111.0,111.0,111.0,111.0,111.0,111.0,111.0,111.0,111.0,111.0,111.0,111.0,111.0,111.0,111.0,111.0,111.0
real,300,gulf,1,Reactive,0,zone,3,145,120,0.22139523179946582,116.0,116.0,116.0,116.0,116.0,116.0,116.0,116.0,116.0,116.0,116.0,116.0,116.0,116.0,116.0,116.0,116.0,116.0,116.0,116.0
real,300,gulf,1,Reactive,0,zone,4,150,60,0.33633309336648554,54.0,54.0,54.0,54.0,54.0,54.0,54.0,54.0,54.0,54.0,54.0,54.0,54.0,54.0,54.0,54.0,54.0,54.0,54.0,54.0
real,300,gulf,1,Reactive,0,zone,5,183,39,0.5946404011540789,38.0,38.0,38.0,38.0,38.0,38.0,38.0,38.0,38.0,38.0,38.0,38.0,38.0,38.0,38.0,38.0,38.0,38.0,38.0,38.0
real,300,gulf,1,Reactive,0,zone,6,283,27,0.463935170541308,19.0,19.0,19.0,19.0,19.0,19.0,19.0,19.0,19.0,19.0,19.0,19.0,19.0,19.0,19.0,19.0,19.0,19.0,19.0,19.0
real,300,gulf,1,Reactive,0,zone,7,310,176,0.2420679603084737,169.0,169.0,169.0,169.0,169.0,169.0,169.0,169.0,169.0,169.0,169.0,169.0,169.0,169.0,169.0,169.0,169.0,169.0,169.0,169.0
real,300,gulf,1,Reactive,0,zone,8,393,236,0.2825890507086811,115.0,115.0,115.0,115.0,115.0,115.0,115.0,115.0,115.0,115.0,115.0,115.0,115.0,115.0,115.0,115.0,115.0,115.0,115.0,115.0
real,300,gulf,1,Reactive,0,zone,9,438,81,0.8456863371826169,77.0,77.0,77.0,77.0,77.0,77.0,77.0,77.0,77.0,77.0,77.0,77.0,77.0,77.0,77.0,77.0,77.0,77.0,77.0,77.0
real,300,gulf,1,Reactive,0,zone,10,452,113,0.26061699528176385,108.0,108.0,108.0,108.0,108.0,108.0,108.0,108.0,108.0,108.0,108.0,108.0,108.0,108.0,108.0,108.0,108.0,108.0,108.0,108.0
real,300,gulf,1,Analytic,0,buffer,0,8,135,0.5632914606780262,126.0,124.0,123.0,122.0,121.0,120.0,119.0,118.0,118.0,117.0,116.0,115.0,115.0,114.0,113.0,113.0,112.0,112.0,111.0,111.0
real,300,gulf,1,Analytic,0,buffer,1,118,159,0.2282841692712967,150.0,149.0,149.0,147.0,146.0,145.0,144.0,143.0,142.0,139.0,139.0,138.0,137.0,136.0,136.0,136.0,136.0,135.0,135.0,135.0
real,300,gulf,1,Analytic,0,buffer,2,135,118,0.18971089752632656,110.0,109.0,108.0,107.0,106.0,105.0,103.0,102.0,101.0,100.0,99.0,99.0,98.0,97.0,96.0,96.0,95.0,95.0,94.0,94.0
real,300,gulf,1,Analytic,0,buffer,3,145,120,0.22139523179946582,115.0,114.0,114.0,113.0,113.0,113.0,113.0,112.0,112.0,112.0,112.0,112.0,112.0,112.0,112.0,112.0,112.0,112.0,112.0,112.0
real,300,gulf,1,Analytic,0,buffer,4,150,60,0.33633309336648554,53.0,52.0,52.0,51.0,50.0,49.0,45.0,44.0,43.0,42.0,42.0,42.0,41.0,41.0,40.0,38.0,38.0,37.0,36.0,36.0
real,300,gulf,1,Analytic,0,buffer,5,183,39,0.5946404011540789,37.0,36.0,35.0,34.0,33.0,32.0,31.0,30.0,29.0,28.0,27.0,26.0,25.0,24.0,23.0,22.0,21.0,20.0,19.0,18.0
real,300,gulf,1,Analytic,0,buffer,6,283,27,0.463935170541308,18.0,17.0,16.0,15.0,13.0,11.0,9.0,8.0,7.0,6.0,6.0,6.0,6.0,6.0,6.0,6.0,6.0,6.0,6.0,6.0
real,300,gulf,1,Analytic,0,buffer,7,310,176,0.2420679603084737,167.0,166.0,165.0,164.0,163.0,162.0,161.0,160.0,160.0,158.0,157.0,156.0,156.0,155.0,154.0,153.0,152.0,151.0,150.0,149.0
real,300,gulf,1,Analytic,0,buffer,8,393,236,0.2825890507086811,110.0,109.0,109.0,85.0,84.0,84.0,84.0,84.0,83.0,83.0,83.0,83.0,82.0,82.0,82.0,81.0,81.0,81.0,81.0,81.0
real,300,gulf,1,Analytic,0,buffer,9,438,81,0.8456863371826169,76.0,75.0,74.0,73.0,72.0,72.0,71.0,70.0,69.0,68.0,67.0,66.0,66.0,65.0,64.0,63.0,62.0,61.0,60.0,59.0
real,300,gulf,1,Analytic,0,buffer,10,452,113,0.26061699528176385,107.0,106.0,105.0,104.0,103.0,102.0,101.0,100.0,100.0,99.0,98.0,97.0,96.0,95.0,94.0,93.0,92.0,91.0,79.0,11.0
real,300,gulf,1,Analytic,0,crossing,0,8,135,0.5632914606780262,135.0,134.0,133.0,132.0,130.0,127.0,124.0,122.0,121.0,120.0,120.0,119.0,118.0,118.0,117.0,116.0,116.0,115.0,114.0,114.0
real,300,gulf,1,Analytic,0,crossing,1,118,159,0.2282841692712967,158.0,157.0,156.0,155.0,153.0,152.0,151.0,150.0,149.0,148.0,147.0,145.0,144.0,143.0,139.0,139.0,138.0,137.0,137.0,136.0
real,300,gulf,1,Analytic,0,crossing,2,135,118,0.18971089752632656,117.0,116.0,115.0,114.0,113.0,112.0,111.0,110.0,109.0,108.0,107.0,106.0,105.0,104.0,103.0,102.0,101.0,99.0,99.0,98.0
real,300,gulf,1,Analytic,0,crossing,3,145,120,0.22139523179946582,119.0,118.0,116.0,116.0,115.0,115.0,114.0,114.0,114.0,114.0,113.0,113.0,113.0,113.0,113.0,113.0,113.0,112.0,112.0,112.0
real,300,gulf,1,Analytic,0,crossing,4,150,60,0.33633309336648554,59.0,58.0,57.0,56.0,55.0,54.0,54.0,53.0,53.0,52.0,52.0,51.0,45.0,44.0,43.0,43.0,42.0,42.0,42.0,41.0
real,300,gulf,1,Analytic,0,crossing,5,183,39,0.5946404011540789,38.0,37.0,36.0,35.0,34.0,33.0,32.0,31.0,30.0,29.0,28.0,27.0,26.0,26.0,25.0,24.0,23.0,22.0,21.0,20.0
real,300,gulf,1,Analytic,0,crossing,6,283,27,0.463935170541308,26.0,25.0,24.0,23.0,22.0,21.0,20.0,19.0,19.0,18.0,17.0,16.0,9.0,8.0,7.0,6.0,6.0,6.0,6.0,6.0
real,300,gulf,1,Analytic,0,crossing,7,310,176,0.2420679603084737,174.0,173.0,172.0,171.0,170.0,168.0,166.0,164.0,163.0,162.0,161.0,161.0,160.0,160.0,158.0,157.0,156.0,156.0,155.0,154.0
real,300,gulf,1,Analytic,0,crossing,8,393,236,0.2825890507086811,236.0,235.0,235.0,235.0,235.0,234.0,85.0,85.0,84.0,84.0,84.0,84.0,83.0,83.0,83.0,83.0,83.0,82.0,82.0,82.0
real,300,gulf,1,Analytic,0,crossing,9,438,81,0.8456863371826169,80.0,79.0,78.0,77.0,76.0,75.0,74.0,73.0,72.0,71.0,70.0,70.0,69.0,68.0,67.0,66.0,66.0,65.0,64.0,63.0
real,300,gulf,1,Analytic,0,crossing,10,452,113,0.26061699528176385,112.0,111.0,110.0,109.0,108.0,107.0,106.0,105.0,104.0,103.0,102.0,101.0,100.0,99.0,98.0,97.0,96.0,95.0,94.0,93.0
real,300,gulf,1,ConstVel,0,buffer,0,8,135,0.5632914606780262,126.0,125.0,124.0,122.0,121.0,120.0,119.0,118.0,117.0,117.0,116.0,115.0,114.0,113.0,113.0,112.0,111.0,111.0,110.0,110.0
real,300,gulf,1,ConstVel,0,buffer,1,118,159,0.2282841692712967,150.0,149.0,149.0,148.0,146.0,146.0,144.0,143.0,142.0,136.0,136.0,136.0,136.0,135.0,135.0,135.0,135.0,133.0,133.0,132.0
real,300,gulf,1,ConstVel,0,buffer,2,135,118,0.18971089752632656,109.0,109.0,107.0,107.0,106.0,104.0,104.0,103.0,101.0,100.0,99.0,99.0,98.0,97.0,95.0,95.0,94.0,94.0,93.0,93.0
real,300,gulf,1,ConstVel,0,buffer,3,145,120,0.22139523179946582,115.0,114.0,112.0,112.0,112.0,112.0,112.0,112.0,111.0,111.0,111.0,111.0,111.0,111.0,111.0,111.0,111.0,111.0,111.0,111.0
real,300,gulf,1,ConstVel,0,buffer,4,150,60,0.33633309336648554,53.0,52.0,51.0,50.0,50.0,49.0,49.0,42.0,42.0,42.0,41.0,41.0,41.0,41.0,40.0,38.0,38.0,38.0,35.0,34.0
real,300,gulf,1,ConstVel,0,buffer,5,183,39,0.5946404011540789,37.0,36.0,35.0,34.0,33.0,32.0,31.0,30.0,29.0,28.0,27.0,26.0,25.0,24.0,23.0,22.0,21.0,20.0,19.0,18.0
real,300,gulf,1,ConstVel,0,buffer,6,283,27,0.463935170541308,18.0,17.0,16.0,15.0,14.0,13.0,10.0,8.0,7.0,6.0,6.0,6.0,6.0,6.0,6.0,6.0,6.0,6.0,6.0,6.0
real,300,gulf,1,ConstVel,0,buffer,7,310,176,0.2420679603084737,167.0,166.0,165.0,164.0,161.0,161.0,160.0,160.0,160.0,160.0,156.0,156.0,156.0,155.0,154.0,153.0,152.0,151.0,150.0,149.0
real,300,gulf,1,ConstVel,0,buffer,8,393,236,0.2825890507086811,109.0,109.0,85.0,84.0,84.0,83.0,83.0,83.0,83.0,81.0,81.0,80.0,80.0,80.0,80.0,80.0,80.0,80.0,80.0,80.0
real,300,gulf,1,ConstVel,0,buffer,9,438,81,0.8456863371826169,76.0,75.0,74.0,73.0,72.0,71.0,70.0,70.0,69.0,68.0,67.0,66.0,66.0,64.0,64.0,63.0,62.0,61.0,60.0,59.0
real,300,gulf,1,ConstVel,0,buffer,10,452,113,0.26061699528176385,107.0,106.0,105.0,104.0,104.0,102.0,101.0,100.0,99.0,99.0,98.0,97.0,96.0,95.0,94.0,77.0,76.0,76.0,75.0,75.0
real,300,gulf,1,ConstVel,0,crossing,0,8,135,0.5632914606780262,135.0,134.0,133.0,132.0,131.0,130.0,126.0,124.0,121.0,120.0,119.0,118.0,118.0,117.0,117.0,116.0,115.0,114.0,114.0,113.0
real,300,gulf,1,ConstVel,0,crossing,1,118,159,0.2282841692712967,158.0,157.0,156.0,155.0,154.0,152.0,151.0,149.0,149.0,148.0,147.0,146.0,144.0,136.0,136.0,136.0,136.0,136.0,135.0,135.0
real,300,gulf,1,ConstVel,0,crossing,2,135,118,0.18971089752632656,117.0,116.0,115.0,114.0,113.0,112.0,111.0,110.0,109.0,108.0,107.0,106.0,105.0,104.0,103.0,102.0,100.0,99.0,99.0,98.0
real,300,gulf,1,ConstVel,0,crossing,3,145,120,0.22139523179946582,119.0,118.0,117.0,116.0,115.0,112.0,112.0,112.0,112.0,112.0,112.0,112.0,112.0,112.0,112.0,112.0,111.0,111.0,111.0,111.0
real,300,gulf,1,ConstVel,0,crossing,4,150,60,0.33633309336648554,59.0,58.0,57.0,56.0,55.0,54.0,53.0,53.0,52.0,51.0,51.0,50.0,42.0,42.0,42.0,41.0,41.0,41.0,41.0,41.0
real,300,gulf,1,ConstVel,0,crossing,5,183,39,0.5946404011540789,38.0,37.0,36.0,35.0,34.0,33.0,32.0,31.0,30.0,29.0,28.0,27.0,26.0,25.0,24.0,24.0,23.0,22.0,21.0,20.0
real,300,gulf,1,ConstVel,0,crossing,6,283,27,0.463935170541308,26.0,25.0,24.0,23.0,22.0,21.0,20.0,19.0,18.0,17.0,17.0,16.0,15.0,8.0,7.0,6.0,6.0,6.0,6.0,6.0
real,300,gulf,1,ConstVel,0,crossing,7,310,176,0.2420679603084737,174.0,173.0,172.0,171.0,171.0,170.0,166.0,166.0,161.0,161.0,160.0,160.0,160.0,160.0,156.0,156.0,156.0,156.0,155.0,154.0
real,300,gulf,1,ConstVel,0,crossing,8,393,236,0.2825890507086811,235.0,234.0,234.0,109.0,109.0,84.0,84.0,84.0,83.0,83.0,83.0,83.0,83.0,81.0,81.0,81.0,80.0,80.0,80.0,80.0
real,300,gulf,1,ConstVel,0,crossing,9,438,81,0.8456863371826169,80.0,79.0,78.0,77.0,76.0,75.0,74.0,73.0,72.0,71.0,70.0,69.0,68.0,68.0,67.0,66.0,66.0,64.0,64.0,63.0
real,300,gulf,1,ConstVel,0,crossing,10,452,113,0.26061699528176385,112.0,111.0,110.0,109.0,108.0,107.0,106.0,105.0,104.0,103.0,102.0,101.0,100.0,99.0,98.0,97.0,96.0,77.0,77.0,76.0
real,300,gulf,1,Kalman,0,buffer,0,8,135,0.5632914606780262,126.0,125.0,123.0,122.0,121.0,120.0,119.0,118.0,117.0,117.0,116.0,115.0,114.0,113.0,113.0,112.0,111.0,111.0,110.0,110.0
real,300,gulf,1,Kalman,0,buffer,1,118,159,0.2282841692712967,150.0,149.0,149.0,148.0,146.0,145.0,144.0,143.0,142.0,141.0,139.0,136.0,136.0,136.0,136.0,135.0,135.0,135.0,133.0,133.0
real,300,gulf,1,Kalman,0,buffer,2,135,118,0.18971089752632656,110.0,109.0,108.0,107.0,106.0,105.0,104.0,103.0,101.0,100.0,99.0,99.0,98.0,96.0,96.0,95.0,95.0,94.0,94.0,93.0
real,300,gulf,1,Kalman,0,buffer,3,145,120,0.22139523179946582,115.0,114.0,113.0,112.0,112.0,112.0,112.0,112.0,112.0,112.0,112.0,112.0,112.0,111.0,111.0,111.0,111.0,111.0,111.0,111.0
real,300,gulf,1,Kalman,0,buffer,4,150,60,0.33633309336648554,53.0,52.0,51.0,51.0,50.0,49.0,49.0,43.0,42.0,42.0,41.0,41.0,41.0,41.0,40.0,38.0,38.0,37.0,36.0,35.0
real,300,gulf,1,Kalman,0,buffer,5,183,39,0.5946404011540789,37.0,36.0,35.0,34.0,33.0,32.0,31.0,30.0,29.0,28.0,27.0,26.0,25.0,24.0,23.0,22.0,21.0,20.0,19.0,18.0
real,300,gulf,1,Kalman,0,buffer,6,283,27,0.463935170541308,18.0,17.0,16.0,15.0,14.0,13.0,10.0,8.0,7.0,6.0,6.0,6.0,6.0,6.0,6.0,6.0,6.0,6.0,6.0,6.0
real,300,gulf,1,Kalman,0,buffer,7,310,176,0.2420679603084737,167.0,166.0,165.0,164.0,162.0,161.0,161.0,160.0,160.0,158.0,157.0,156.0,156.0,155.0,154.0,153.0,152.0,151.0,150.0,149.0
real,300,gulf,1,Kalman,0,buffer,8,393,236,0.2825890507086811,109.0,109.0,85.0,84.0,84.0,84.0,83.0,83.0,83.0,82.0,81.0,81.0,81.0,81.0,81.0,80.0,80.0,80.0,80.0,80.0
real,300,gulf,1,Kalman,0,buffer,9,438,81,0.8456863371826169,76.0,75.0,74.0,73.0,72.0,71.0,70.0,70.0,69.0,68.0,67.0,66.0,66.0,64.0,64.0,63.0,62.0,61.0,60.0,59.0
real,300,gulf,1,Kalman,0,buffer,10,452,113,0.26061699528176385,107.0,106.0,105.0,104.0,103.0,102.0,101.0,100.0,99.0,99.0,98.0,97.0,96.0,95.0,94.0,93.0,77.0,77.0,76.0,76.0
real,300,gulf,1,Kalman,0,crossing,0,8,135,0.5632914606780262,135.0,134.0,133.0,132.0,131.0,130.0,126.0,124.0,121.0,120.0,119.0,118.0,118.0,117.0,117.0,116.0,115.0,114.0,114.0,113.0
real,300,gulf,1,Kalman,0,crossing,1,118,159,0.2282841692712967,158.0,157.0,156.0,155.0,154.0,152.0,151.0,150.0,149.0,148.0,147.0,146.0,144.0,143.0,142.0,136.0,136.0,136.0,136.0,136.0
real,300,gulf,1,Kalman,0,crossing,2,135,118,0.18971089752632656,117.0,116.0,115.0,114.0,113.0,112.0,111.0,110.0,109.0,108.0,107.0,106.0,105.0,104.0,103.0,102.0,100.0,99.0,99.0,98.0
real,300,gulf,1,Kalman,0,crossing,3,145,120,0.22139523179946582,119.0,118.0,117.0,116.0,115.0,114.0,112.0,112.0,112.0,112.0,112.0,112.0,112.0,112.0,112.0,112.0,112.0,112.0,112.0,112.0
real,300,gulf,1,Kalman,0,crossing,4,150,60,0.33633309336648554,59.0,58.0,57.0,56.0,55.0,54.0,53.0,53.0,52.0,51.0,51.0,50.0,43.0,42.0,42.0,42.0,42.0,41.0,41.0,41.0
real,300,gulf,1,Kalman,0,crossing,5,183,39,0.5946404011540789,38.0,37.0,36.0,35.0,34.0,33.0,32.0,31.0,30.0,29.0,28.0,27.0,26.0,25.0,25.0,24.0,23.0,22.0,21.0,20.0
real,300,gulf,1,Kalman,0,crossing,6,283,27,0.463935170541308,26.0,25.0,24.0,23.0,22.0,21.0,20.0,19.0,18.0,18.0,17.0,16.0,15.0,8.0,7.0,6.0,6.0,6.0,6.0,6.0
real,300,gulf,1,Kalman,0,crossing,7,310,176,0.2420679603084737,174.0,173.0,172.0,171.0,171.0,170.0,166.0,165.0,164.0,161.0,161.0,161.0,160.0,160.0,160.0,156.0,156.0,156.0,155.0,154.0
real,300,gulf,1,Kalman,0,crossing,8,393,236,0.2825890507086811,235.0,235.0,234.0,109.0,109.0,85.0,84.0,84.0,84.0,83.0,83.0,83.0,83.0,82.0,82.0,81.0,81.0,81.0,81.0,81.0
real,300,gulf,1,Kalman,0,crossing,9,438,81,0.8456863371826169,80.0,79.0,78.0,77.0,76.0,75.0,74.0,73.0,72.0,71.0,70.0,69.0,69.0,68.0,67.0,66.0,66.0,64.0,64.0,63.0
real,300,gulf,1,Kalman,0,crossing,10,452,113,0.26061699528176385,112.0,111.0,110.0,109.0,108.0,107.0,106.0,105.0,104.0,103.0,102.0,101.0,100.0,99.0,98.0,97.0,96.0,95.0,77.0,77.0
real,300,gulf,1,LSTM-rec,0,buffer,0,8,135,0.5632914606780262,126.0,125.0,125.0,124.0,124.0,123.0,123.0,122.0,122.0,122.0,122.0,122.0,122.0,122.0,122.0,122.0,122.0,122.0,122.0,122.0
real,300,gulf,1,LSTM-rec,0,buffer,1,118,159,0.2282841692712967,151.0,150.0,150.0,149.0,149.0,149.0,149.0,149.0,149.0,149.0,149.0,149.0,149.0,149.0,149.0,149.0,149.0,149.0,149.0,149.0
real,300,gulf,1,LSTM-rec,0,buffer,2,135,118,0.18971089752632656,110.0,109.0,109.0,108.0,108.0,108.0,108.0,108.0,108.0,108.0,108.0,108.0,108.0,108.0,108.0,108.0,108.0,108.0,108.0,108.0
real,300,gulf,1,LSTM-rec,0,buffer,3,145,120,0.22139523179946582,115.0,114.0,114.0,113.0,113.0,113.0,112.0,112.0,112.0,112.0,112.0,112.0,112.0,112.0,112.0,112.0,112.0,112.0,112.0,112.0
real,300,gulf,1,LSTM-rec,0,buffer,4,150,60,0.33633309336648554,53.0,53.0,52.0,52.0,52.0,52.0,52.0,52.0,52.0,52.0,52.0,52.0,52.0,52.0,52.0,52.0,52.0,52.0,52.0,52.0
real,300,gulf,1,LSTM-rec,0,buffer,5,183,39,0.5946404011540789,37.0,36.0,35.0,35.0,34.0,34.0,33.0,32.0,32.0,32.0,31.0,31.0,31.0,30.0,30.0,30.0,30.0,30.0,30.0,30.0
real,300,gulf,1,LSTM-rec,0,buffer,6,283,27,0.463935170541308,18.0,18.0,17.0,17.0,17.0,17.0,17.0,17.0,17.0,17.0,17.0,17.0,17.0,17.0,17.0,17.0,17.0,17.0,17.0,17.0
real,300,gulf,1,LSTM-rec,0,buffer,7,310,176,0.2420679603084737,168.0,167.0,166.0,166.0,165.0,165.0,165.0,164.0,164.0,164.0,164.0,164.0,164.0,164.0,164.0,164.0,164.0,164.0,164.0,164.0
real,300,gulf,1,LSTM-rec,0,buffer,8,393,236,0.2825890507086811,109.0,109.0,109.0,85.0,85.0,85.0,84.0,84.0,84.0,84.0,84.0,84.0,84.0,84.0,84.0,84.0,84.0,84.0,84.0,84.0
real,300,gulf,1,LSTM-rec,0,buffer,9,438,81,0.8456863371826169,76.0,76.0,75.0,75.0,74.0,74.0,74.0,73.0,73.0,73.0,73.0,73.0,73.0,73.0,73.0,73.0,73.0,73.0,73.0,73.0
real,300,gulf,1,LSTM-rec,0,buffer,10,452,113,0.26061699528176385,108.0,107.0,106.0,106.0,105.0,105.0,105.0,105.0,104.0,104.0,104.0,104.0,104.0,104.0,104.0,104.0,104.0,104.0,104.0,104.0
real,300,gulf,1,LSTM-rec,0,crossing,0,8,135,0.5632914606780262,135.0,135.0,134.0,134.0,134.0,134.0,134.0,134.0,134.0,134.0,134.0,134.0,134.0,134.0,134.0,134.0,134.0,134.0,134.0,134.0
real,300,gulf,1,LSTM-rec,0,crossing,1,118,159,0.2282841692712967,158.0,158.0,157.0,157.0,157.0,156.0,156.0,156.0,156.0,156.0,156.0,156.0,156.0,156.0,156.0,156.0,156.0,156.0,156.0,156.0
real,300,gulf,1,LSTM-rec,0,crossing,2,135,118,0.18971089752632656,117.0,116.0,116.0,116.0,115.0,115.0,115.0,115.0,115.0,115.0,115.0,115.0,115.0,115.0,115.0,115.0,115.0,115.0,115.0,115.0
real,300,gulf,1,LSTM-rec,0,crossing,3,145,120,0.22139523179946582,119.0,118.0,117.0,117.0,116.0,116.0,116.0,115.0,115.0,115.0,115.0,115.0,115.0,115.0,115.0,115.0,115.0,115.0,115.0,115.0
real,300,gulf,1,LSTM-rec,0,crossing,4,150,60,0.33633309336648554,59.0,58.0,58.0,57.0,57.0,57.0,57.0,57.0,57.0,57.0,57.0,57.0,57.0,57.0,57.0,57.0,57.0,57.0,57.0,57.0
real,300,gulf,1,LSTM-rec,0,crossing,5,183,39,0.5946404011540789,39.0,38.0,37.0,36.0,36.0,35.0,35.0,34.0,34.0,33.0,33.0,32.0,32.0,32.0,32.0,32.0,31.0,31.0,31.0,31.0
real,300,gulf,1,LSTM-rec,0,crossing,6,283,27,0.463935170541308,26.0,26.0,25.0,25.0,25.0,25.0,25.0,25.0,25.0,25.0,25.0,25.0,25.0,25.0,25.0,25.0,25.0,25.0,25.0,25.0
real,300,gulf,1,LSTM-rec,0,crossing,7,310,176,0.2420679603084737,174.0,173.0,173.0,173.0,172.0,172.0,172.0,172.0,172.0,172.0,172.0,172.0,172.0,172.0,172.0,172.0,172.0,172.0,172.0,172.0
real,300,gulf,1,LSTM-rec,0,crossing,8,393,236,0.2825890507086811,236.0,235.0,235.0,235.0,235.0,234.0,234.0,109.0,109.0,109.0,85.0,85.0,85.0,85.0,85.0,85.0,85.0,85.0,85.0,85.0
real,300,gulf,1,LSTM-rec,0,crossing,9,438,81,0.8456863371826169,80.0,79.0,79.0,78.0,78.0,77.0,77.0,77.0,77.0,77.0,77.0,77.0,77.0,77.0,77.0,77.0,77.0,77.0,77.0,77.0
real,300,gulf,1,LSTM-rec,0,crossing,10,452,113,0.26061699528176385,112.0,111.0,111.0,110.0,110.0,109.0,109.0,109.0,109.0,109.0,109.0,109.0,109.0,109.0,109.0,109.0,109.0,109.0,109.0,109.0
real,300,gulf,1,LSTM-ms,0,buffer,0,8,135,0.5632914606780262,125.0,124.0,122.0,121.0,120.0,119.0,118.0,118.0,117.0,116.0,115.0,115.0,114.0,113.0,112.0,112.0,111.0,111.0,110.0,110.0
real,300,gulf,1,LSTM-ms,0,buffer,1,118,159,0.2282841692712967,150.0,149.0,148.0,146.0,145.0,144.0,143.0,141.0,140.0,139.0,138.0,136.0,136.0,136.0,136.0,135.0,135.0,135.0,133.0,133.0
real,300,gulf,1,LSTM-ms,0,buffer,2,135,118,0.18971089752632656,109.0,108.0,106.0,105.0,103.0,102.0,101.0,100.0,99.0,98.0,97.0,96.0,95.0,95.0,94.0,93.0,92.0,6.0,6.0,6.0
real,300,gulf,1,LSTM-ms,0,buffer,3,145,120,0.22139523179946582,115.0,114.0,113.0,112.0,112.0,112.0,112.0,112.0,112.0,112.0,111.0,111.0,111.0,111.0,110.0,32.0,6.0,6.0,6.0,6.0
real,300,gulf,1,LSTM-ms,0,buffer,4,150,60,0.33633309336648554,53.0,51.0,50.0,49.0,46.0,44.0,43.0,42.0,42.0,41.0,41.0,40.0,38.0,38.0,37.0,36.0,35.0,34.0,34.0,34.0
real,300,gulf,1,LSTM-ms,0,buffer,5,183,39,0.5946404011540789,37.0,36.0,35.0,34.0,33.0,33.0,32.0,31.0,31.0,30.0,29.0,29.0,28.0,27.0,27.0,26.0,26.0,25.0,25.0,24.0
real,300,gulf,1,LSTM-ms,0,buffer,6,283,27,0.463935170541308,17.0,16.0,14.0,12.0,10.0,8.0,7.0,6.0,6.0,6.0,6.0,6.0,6.0,6.0,6.0,6.0,6.0,6.0,6.0,6.0
real,300,gulf,1,LSTM-ms,0,buffer,7,310,176,0.2420679603084737,167.0,166.0,164.0,163.0,161.0,161.0,160.0,160.0,158.0,157.0,156.0,156.0,155.0,154.0,154.0,153.0,152.0,151.0,150.0,150.0
real,300,gulf,1,LSTM-ms,0,buffer,8,393,236,0.2825890507086811,109.0,109.0,109.0,85.0,84.0,84.0,84.0,83.0,83.0,83.0,82.0,82.0,81.0,81.0,81.0,80.0,80.0,80.0,80.0,78.0
real,300,gulf,1,LSTM-ms,0,buffer,9,438,81,0.8456863371826169,76.0,75.0,74.0,73.0,72.0,71.0,70.0,70.0,69.0,68.0,68.0,67.0,66.0,65.0,64.0,64.0,63.0,62.0,62.0,61.0
real,300,gulf,1,LSTM-ms,0,buffer,10,452,113,0.26061699528176385,107.0,106.0,105.0,104.0,103.0,102.0,101.0,100.0,99.0,98.0,98.0,97.0,96.0,95.0,94.0,94.0,93.0,92.0,91.0,91.0
real,300,gulf,1,LSTM-ms,0,crossing,0,8,135,0.5632914606780262,134.0,133.0,131.0,129.0,126.0,124.0,123.0,121.0,121.0,120.0,119.0,119.0,118.0,117.0,117.0,116.0,115.0,115.0,114.0,113.0
real,300,gulf,1,LSTM-ms,0,crossing,1,118,159,0.2282841692712967,157.0,156.0,154.0,153.0,151.0,150.0,149.0,148.0,147.0,146.0,145.0,144.0,143.0,141.0,140.0,139.0,137.0,136.0,136.0,136.0
real,300,gulf,1,LSTM-ms,0,crossing,2,135,118,0.18971089752632656,116.0,115.0,114.0,112.0,111.0,109.0,108.0,107.0,106.0,105.0,104.0,103.0,102.0,101.0,100.0,99.0,98.0,97.0,96.0,96.0
real,300,gulf,1,LSTM-ms,0,crossing,3,145,120,0.22139523179946582,118.0,117.0,116.0,115.0,114.0,114.0,113.0,113.0,113.0,112.0,112.0,112.0,112.0,112.0,112.0,112.0,112.0,112.0,112.0,112.0
real,300,gulf,1,LSTM-ms,0,crossing,4,150,60,0.33633309336648554,58.0,57.0,56.0,55.0,54.0,53.0,52.0,51.0,51.0,50.0,49.0,44.0,43.0,42.0,42.0,42.0,41.0,41.0,40.0,39.0
real,300,gulf,1,LSTM-ms,0,crossing,5,183,39,0.5946404011540789,38.0,37.0,37.0,36.0,35.0,34.0,33.0,33.0,32.0,31.0,31.0,30.0,30.0,29.0,28.0,28.0,27.0,27.0,26.0,26.0
real,300,gulf,1,LSTM-ms,0,crossing,6,283,27,0.463935170541308,26.0,24.0,23.0,21.0,20.0,18.0,17.0,16.0,15.0,14.0,10.0,9.0,8.0,6.0,6.0,6.0,6.0,6.0,6.0,6.0
real,300,gulf,1,LSTM-ms,0,crossing,7,310,176,0.2420679603084737,173.0,172.0,171.0,170.0,167.0,166.0,165.0,164.0,163.0,161.0,161.0,160.0,160.0,158.0,157.0,157.0,156.0,156.0,156.0,155.0
real,300,gulf,1,LSTM-ms,0,crossing,8,393,236,0.2825890507086811,235.0,235.0,234.0,234.0,109.0,109.0,85.0,85.0,84.0,84.0,84.0,84.0,83.0,83.0,83.0,82.0,82.0,82.0,81.0,81.0
real,300,gulf,1,LSTM-ms,0,crossing,9,438,81,0.8456863371826169,80.0,78.0,77.0,76.0,75.0,75.0,74.0,73.0,72.0,72.0,71.0,70.0,69.0,69.0,68.0,68.0,67.0,66.0,65.0,65.0
real,300,gulf,1,LSTM-ms,0,crossing,10,452,113,0.26061699528176385,112.0,110.0,109.0,108.0,107.0,106.0,105.0,104.0,103.0,103.0,102.0,101.0,100.0,99.0,99.0,98.0,97.0,96.0,96.0,95.0
real,300,gulf,1,LSTM-rec,1,buffer,0,8,135,0.5632914606780262,126.0,125.0,125.0,125.0,125.0,125.0,125.0,125.0,125.0,125.0,125.0,125.0,125.0,125.0,125.0,125.0,125.0,125.0,125.0,125.0
real,300,gulf,1,LSTM-rec,1,buffer,1,118,159,0.2282841692712967,151.0,150.0,150.0,150.0,150.0,150.0,150.0,150.0,150.0,150.0,150.0,150.0,150.0,150.0,150.0,150.0,150.0,150.0,150.0,150.0
real,300,gulf,1,LSTM-rec,1,buffer,2,135,118,0.18971089752632656,110.0,109.0,109.0,109.0,109.0,109.0,109.0,109.0,109.0,109.0,109.0,109.0,109.0,109.0,109.0,109.0,109.0,109.0,109.0,109.0
real,300,gulf,1,LSTM-rec,1,buffer,3,145,120,0.22139523179946582,115.0,114.0,114.0,114.0,113.0,113.0,112.0,112.0,112.0,112.0,112.0,112.0,112.0,112.0,112.0,112.0,112.0,112.0,112.0,112.0
real,300,gulf,1,LSTM-rec,1,buffer,4,150,60,0.33633309336648554,53.0,53.0,53.0,53.0,53.0,53.0,53.0,53.0,53.0,53.0,53.0,53.0,53.0,53.0,53.0,53.0,53.0,53.0,53.0,53.0
real,300,gulf,1,LSTM-rec,1,buffer,5,183,39,0.5946404011540789,37.0,36.0,36.0,35.0,34.0,34.0,33.0,33.0,33.0,32.0,32.0,32.0,32.0,32.0,32.0,32.0,32.0,32.0,32.0,32.0
real,300,gulf,1,LSTM-rec,1,buffer,6,283,27,0.463935170541308,18.0,18.0,18.0,18.0,18.0,18.0,18.0,18.0,18.0,18.0,18.0,18.0,18.0,18.0,18.0,18.0,18.0,18.0,18.0,18.0
real,300,gulf,1,LSTM-rec,1,buffer,7,310,176,0.2420679603084737,168.0,167.0,167.0,166.0,166.0,166.0,166.0,166.0,166.0,166.0,166.0,166.0,166.0,166.0,166.0,166.0,166.0,166.0,166.0,166.0
real,300,gulf,1,LSTM-rec,1,buffer,8,393,236,0.2825890507086811,109.0,109.0,109.0,109.0,85.0,85.0,85.0,85.0,85.0,85.0,85.0,85.0,85.0,85.0,85.0,85.0,85.0,85.0,85.0,85.0
real,300,gulf,1,LSTM-rec,1,buffer,9,438,81,0.8456863371826169,76.0,76.0,75.0,75.0,75.0,75.0,74.0,74.0,74.0,74.0,74.0,74.0,74.0,74.0,74.0,74.0,74.0,74.0,74.0,74.0
real,300,gulf,1,LSTM-rec,1,buffer,10,452,113,0.26061699528176385,108.0,107.0,107.0,106.0,106.0,106.0,106.0,106.0,106.0,106.0,106.0,106.0,106.0,106.0,106.0,106.0,106.0,106.0,106.0,106.0
real,300,gulf,1,LSTM-rec,1,crossing,0,8,135,0.5632914606780262,135.0,135.0,135.0,135.0,135.0,135.0,135.0,135.0,135.0,135.0,135.0,135.0,135.0,135.0,135.0,135.0,135.0,135.0,135.0,135.0
real,300,gulf,1,LSTM-rec,1,crossing,1,118,159,0.2282841692712967,158.0,158.0,158.0,158.0,158.0,158.0,158.0,158.0,158.0,158.0,158.0,158.0,158.0,158.0,158.0,158.0,158.0,158.0,158.0,158.0
real,300,gulf,1,LSTM-rec,1,crossing,2,135,118,0.18971089752632656,118.0,117.0,116.0,116.0,116.0,116.0,116.0,116.0,116.0,116.0,116.0,116.0,116.0,116.0,116.0,116.0,116.0,116.0,116.0,116.0
real,300,gulf,1,LSTM-rec,1,crossing,3,145,120,0.22139523179946582,119.0,118.0,118.0,117.0,117.0,117.0,117.0,117.0,117.0,117.0,117.0,117.0,117.0,117.0,117.0,117.0,117.0,117.0,117.0,117.0
real,300,gulf,1,LSTM-rec,1,crossing,4,150,60,0.33633309336648554,59.0,58.0,58.0,58.0,58.0,58.0,58.0,58.0,58.0,58.0,58.0,58.0,58.0,58.0,58.0,58.0,58.0,58.0,58.0,58.0
real,300,gulf,1,LSTM-rec,1,crossing,5,183,39,0.5946404011540789,39.0,38.0,37.0,36.0,36.0,35.0,35.0,35.0,34.0,34.0,34.0,34.0,33.0,33.0,33.0,33.0,33.0,33.0,33.0,33.0
real,300,gulf,1,LSTM-rec,1,crossing,6,283,27,0.463935170541308,26.0,26.0,26.0,26.0,26.0,26.0,26.0,26.0,26.0,26.0,26.0,26.0,26.0,26.0,26.0,26.0,26.0,26.0,26.0,26.0
real,300,gulf,1,LSTM-rec,1,crossing,7,310,176,0.2420679603084737,174.0,174.0,173.0,173.0,173.0,173.0,173.0,173.0,173.0,173.0,173.0,173.0,173.0,173.0,173.0,173.0,173.0,173.0,173.0,173.0
real,300,gulf,1,LSTM-rec,1,crossing,8,393,236,0.2825890507086811,236.0,235.0,235.0,235.0,235.0,235.0,235.0,235.0,235.0,235.0,235.0,235.0,235.0,235.0,235.0,235.0,235.0,235.0,235.0,235.0
real,300,gulf,1,LSTM-rec,1,crossing,9,438,81,0.8456863371826169,80.0,79.0,79.0,78.0,78.0,78.0,78.0,78.0,78.0,78.0,78.0,78.0,78.0,78.0,78.0,78.0,78.0,78.0,78.0,78.0
real,300,gulf,1,LSTM-rec,1,crossing,10,452,113,0.26061699528176385,112.0,111.0,111.0,111.0,110.0,110.0,110.0,110.0,110.0,110.0,110.0,110.0,110.0,110.0,110.0,110.0,110.0,110.0,110.0,110.0
real,300,gulf,1,LSTM-ms,1,buffer,0,8,135,0.5632914606780262,127.0,127.0,126.0,126.0,126.0,125.0,125.0,124.0,124.0,124.0,123.0,121.0,121.0,120.0,120.0,119.0,119.0,118.0,118.0,118.0
real,300,gulf,1,LSTM-ms,1,buffer,1,118,159,0.2282841692712967,152.0,151.0,151.0,151.0,150.0,150.0,150.0,150.0,149.0,149.0,149.0,149.0,148.0,147.0,147.0,146.0,146.0,145.0,145.0,144.0
real,300,gulf,1,LSTM-ms,1,buffer,2,135,118,0.18971089752632656,111.0,110.0,110.0,110.0,110.0,110.0,109.0,109.0,109.0,109.0,109.0,108.0,108.0,107.0,107.0,106.0,105.0,105.0,105.0,104.0
real,300,gulf,1,LSTM-ms,1,buffer,3,145,120,0.22139523179946582,115.0,115.0,115.0,114.0,114.0,114.0,114.0,112.0,112.0,112.0,112.0,112.0,112.0,112.0,112.0,112.0,112.0,112.0,112.0,112.0
real,300,gulf,1,LSTM-ms,1,buffer,4,150,60,0.33633309336648554,54.0,54.0,54.0,53.0,53.0,53.0,53.0,53.0,52.0,52.0,52.0,52.0,51.0,51.0,51.0,50.0,50.0,50.0,50.0,50.0
real,300,gulf,1,LSTM-ms,1,buffer,5,183,39,0.5946404011540789,37.0,37.0,36.0,35.0,35.0,34.0,34.0,33.0,33.0,32.0,32.0,31.0,31.0,30.0,30.0,29.0,29.0,28.0,28.0,27.0
real,300,gulf,1,LSTM-ms,1,buffer,6,283,27,0.463935170541308,19.0,19.0,19.0,19.0,19.0,19.0,19.0,19.0,19.0,18.0,18.0,18.0,17.0,17.0,16.0,16.0,15.0,15.0,15.0,14.0
real,300,gulf,1,LSTM-ms,1,buffer,7,310,176,0.2420679603084737,169.0,168.0,168.0,167.0,167.0,166.0,166.0,166.0,165.0,165.0,164.0,164.0,163.0,161.0,161.0,161.0,161.0,160.0,160.0,160.0
real,300,gulf,1,LSTM-ms,1,buffer,8,393,236,0.2825890507086811,233.0,109.0,109.0,109.0,109.0,85.0,85.0,84.0,84.0,84.0,84.0,84.0,84.0,84.0,83.0,83.0,83.0,83.0,83.0,83.0
real,300,gulf,1,LSTM-ms,1,buffer,9,438,81,0.8456863371826169,77.0,77.0,76.0,76.0,75.0,75.0,74.0,74.0,74.0,73.0,73.0,73.0,72.0,71.0,71.0,70.0,70.0,70.0,69.0,69.0
real,300,gulf,1,LSTM-ms,1,buffer,10,452,113,0.26061699528176385,108.0,108.0,107.0,107.0,106.0,106.0,106.0,105.0,105.0,105.0,104.0,104.0,103.0,103.0,102.0,101.0,101.0,101.0,100.0,100.0
real,300,gulf,1,LSTM-ms,1,crossing,0,8,135,0.5632914606780262,135.0,135.0,135.0,135.0,135.0,135.0,135.0,135.0,135.0,135.0,135.0,135.0,134.0,134.0,134.0,133.0,133.0,132.0,126.0,125.0
real,300,gulf,1,LSTM-ms,1,crossing,1,118,159,0.2282841692712967,159.0,159.0,159.0,159.0,159.0,159.0,159.0,158.0,158.0,158.0,158.0,157.0,156.0,155.0,155.0,152.0,152.0,152.0,152.0,150.0
real,300,gulf,1,LSTM-ms,1,crossing,2,135,118,0.18971089752632656,118.0,118.0,118.0,118.0,118.0,118.0,118.0,116.0,116.0,116.0,116.0,116.0,115.0,114.0,114.0,113.0,113.0,113.0,113.0,112.0
real,300,gulf,1,LSTM-ms,1,crossing,3,145,120,0.22139523179946582,119.0,119.0,118.0,118.0,117.0,117.0,116.0,116.0,116.0,116.0,115.0,115.0,115.0,114.0,114.0,114.0,112.0,112.0,112.0,112.0
real,300,gulf,1,LSTM-ms,1,crossing,4,150,60,0.33633309336648554,59.0,59.0,59.0,59.0,58.0,58.0,58.0,58.0,58.0,57.0,57.0,57.0,56.0,56.0,55.0,55.0,55.0,54.0,54.0,54.0
real,300,gulf,1,LSTM-ms,1,crossing,5,183,39,0.5946404011540789,39.0,38.0,38.0,37.0,36.0,36.0,35.0,35.0,34.0,34.0,33.0,33.0,32.0,32.0,31.0,31.0,30.0,30.0,29.0,29.0
real,300,gulf,1,LSTM-ms,1,crossing,6,283,27,0.463935170541308,28.0,28.0,28.0,28.0,28.0,27.0,27.0,27.0,27.0,26.0,26.0,26.0,25.0,25.0,24.0,23.0,23.0,22.0,21.0,21.0
real,300,gulf,1,LSTM-ms,1,crossing,7,310,176,0.2420679603084737,177.0,177.0,174.0,174.0,174.0,173.0,173.0,173.0,173.0,172.0,172.0,172.0,172.0,171.0,171.0,171.0,167.0,167.0,166.0,165.0
real,300,gulf,1,LSTM-ms,1,crossing,8,393,236,0.2825890507086811,236.0,236.0,235.0,235.0,235.0,235.0,235.0,235.0,109.0,109.0,109.0,85.0,85.0,84.0,84.0,84.0,84.0,84.0,84.0,84.0
real,300,gulf,1,LSTM-ms,1,crossing,9,438,81,0.8456863371826169,80.0,80.0,80.0,79.0,79.0,78.0,78.0,77.0,77.0,77.0,76.0,76.0,75.0,75.0,74.0,74.0,73.0,73.0,72.0,72.0
real,300,gulf,1,LSTM-ms,1,crossing,10,452,113,0.26061699528176385,112.0,112.0,112.0,111.0,111.0,110.0,110.0,110.0,109.0,109.0,109.0,108.0,108.0,107.0,107.0,106.0,106.0,105.0,105.0,104.0
real,300,gulf,1,LSTM-rec,2,buffer,0,8,135,0.5632914606780262,126.0,125.0,123.0,122.0,121.0,120.0,119.0,118.0,118.0,117.0,116.0,115.0,115.0,114.0,113.0,112.0,112.0,111.0,110.0,110.0
real,300,gulf,1,LSTM-rec,2,buffer,1,118,159,0.2282841692712967,150.0,149.0,148.0,147.0,146.0,145.0,144.0,143.0,142.0,141.0,139.0,138.0,136.0,136.0,136.0,135.0,135.0,135.0,133.0,133.0
real,300,gulf,1,LSTM-rec,2,buffer,2,135,118,0.18971089752632656,109.0,108.0,107.0,106.0,105.0,104.0,103.0,102.0,101.0,99.0,99.0,97.0,96.0,95.0,95.0,94.0,93.0,92.0,91.0,6.0
real,300,gulf,1,LSTM-rec,2,buffer,3,145,120,0.22139523179946582,115.0,114.0,113.0,112.0,112.0,112.0,112.0,112.0,112.0,112.0,112.0,111.0,111.0,111.0,111.0,111.0,110.0,110.0,6.0,6.0
real,300,gulf,1,LSTM-rec,2,buffer,4,150,60,0.33633309336648554,53.0,52.0,51.0,50.0,50.0,49.0,46.0,43.0,42.0,42.0,41.0,41.0,40.0,39.0,38.0,37.0,36.0,35.0,34.0,34.0
real,300,gulf,1,LSTM-rec,2,buffer,5,183,39,0.5946404011540789,37.0,36.0,35.0,34.0,34.0,33.0,32.0,31.0,31.0,30.0,29.0,29.0,28.0,28.0,27.0,26.0,26.0,25.0,25.0,24.0
real,300,gulf,1,LSTM-rec,2,buffer,6,283,27,0.463935170541308,18.0,17.0,16.0,15.0,14.0,11.0,9.0,8.0,7.0,6.0,6.0,6.0,6.0,6.0,6.0,6.0,6.0,6.0,6.0,6.0
real,300,gulf,1,LSTM-rec,2,buffer,7,310,176,0.2420679603084737,167.0,166.0,165.0,164.0,163.0,161.0,161.0,160.0,160.0,160.0,157.0,156.0,156.0,156.0,155.0,154.0,153.0,152.0,151.0,150.0
real,300,gulf,1,LSTM-rec,2,buffer,8,393,236,0.2825890507086811,109.0,109.0,109.0,85.0,84.0,84.0,84.0,83.0,83.0,83.0,82.0,82.0,81.0,81.0,81.0,80.0,80.0,80.0,80.0,80.0
real,300,gulf,1,LSTM-rec,2,buffer,9,438,81,0.8456863371826169,76.0,75.0,74.0,74.0,73.0,72.0,71.0,70.0,70.0,69.0,68.0,68.0,67.0,66.0,65.0,65.0,64.0,63.0,62.0,62.0
real,300,gulf,1,LSTM-rec,2,buffer,10,452,113,0.26061699528176385,107.0,107.0,106.0,105.0,104.0,103.0,102.0,101.0,100.0,99.0,98.0,98.0,97.0,96.0,95.0,94.0,94.0,93.0,92.0,91.0
real,300,gulf,1,LSTM-rec,2,crossing,0,8,135,0.5632914606780262,135.0,134.0,133.0,132.0,130.0,128.0,125.0,124.0,122.0,121.0,120.0,119.0,118.0,118.0,117.0,117.0,116.0,115.0,114.0,114.0
real,300,gulf,1,LSTM-rec,2,crossing,1,118,159,0.2282841692712967,158.0,157.0,156.0,154.0,153.0,152.0,150.0,149.0,148.0,147.0,146.0,145.0,144.0,143.0,142.0,140.0,139.0,136.0,136.0,136.0
real,300,gulf,1,LSTM-rec,2,crossing,2,135,118,0.18971089752632656,117.0,116.0,115.0,114.0,113.0,111.0,110.0,109.0,108.0,107.0,106.0,105.0,104.0,102.0,101.0,100.0,99.0,98.0,97.0,96.0
real,300,gulf,1,LSTM-rec,2,crossing,3,145,120,0.22139523179946582,119.0,118.0,117.0,116.0,115.0,114.0,113.0,113.0,112.0,112.0,112.0,112.0,112.0,112.0,112.0,112.0,112.0,112.0,112.0,111.0
real,300,gulf,1,LSTM-rec,2,crossing,4,150,60,0.33633309336648554,59.0,58.0,57.0,56.0,55.0,54.0,53.0,52.0,52.0,51.0,50.0,50.0,43.0,43.0,42.0,42.0,41.0,41.0,41.0,40.0
real,300,gulf,1,LSTM-rec,2,crossing,5,183,39,0.5946404011540789,38.0,38.0,37.0,36.0,35.0,34.0,34.0,33.0,32.0,31.0,31.0,30.0,30.0,29.0,28.0,28.0,27.0,27.0,26.0,26.0
real,300,gulf,1,LSTM-rec,2,crossing,6,283,27,0.463935170541308,26.0,25.0,24.0,23.0,21.0,20.0,19.0,18.0,17.0,16.0,15.0,14.0,9.0,8.0,7.0,6.0,6.0,6.0,6.0,6.0
real,300,gulf,1,LSTM-rec,2,crossing,7,310,176,0.2420679603084737,174.0,173.0,172.0,171.0,170.0,169.0,167.0,165.0,164.0,161.0,161.0,161.0,160.0,160.0,160.0,157.0,156.0,156.0,156.0,156.0
real,300,gulf,1,LSTM-rec,2,crossing,8,393,236,0.2825890507086811,235.0,235.0,234.0,234.0,109.0,109.0,85.0,84.0,84.0,84.0,84.0,83.0,83.0,83.0,83.0,82.0,82.0,81.0,81.0,81.0
real,300,gulf,1,LSTM-rec,2,crossing,9,438,81,0.8456863371826169,80.0,79.0,78.0,77.0,76.0,75.0,74.0,74.0,73.0,72.0,71.0,71.0,70.0,69.0,69.0,68.0,67.0,67.0,66.0,66.0
real,300,gulf,1,LSTM-rec,2,crossing,10,452,113,0.26061699528176385,112.0,111.0,110.0,109.0,108.0,107.0,106.0,105.0,104.0,104.0,103.0,102.0,101.0,100.0,99.0,99.0,98.0,97.0,96.0,96.0
real,300,gulf,1,LSTM-ms,2,buffer,0,8,135,0.5632914606780262,126.0,125.0,125.0,124.0,124.0,123.0,122.0,122.0,121.0,121.0,121.0,120.0,120.0,120.0,120.0,119.0,119.0,119.0,119.0,119.0
real,300,gulf,1,LSTM-ms,2,buffer,1,118,159,0.2282841692712967,151.0,150.0,150.0,149.0,149.0,149.0,149.0,148.0,148.0,148.0,147.0,147.0,147.0,146.0,146.0,146.0,146.0,146.0,145.0,145.0
real,300,gulf,1,LSTM-ms,2,buffer,2,135,118,0.18971089752632656,110.0,109.0,109.0,109.0,108.0,108.0,108.0,108.0,107.0,107.0,106.0,106.0,106.0,106.0,106.0,106.0,106.0,105.0,105.0,105.0
real,300,gulf,1,LSTM-ms,2,buffer,3,145,120,0.22139523179946582,115.0,115.0,114.0,114.0,114.0,113.0,113.0,113.0,113.0,113.0,113.0,113.0,113.0,113.0,113.0,113.0,113.0,113.0,112.0,112.0
real,300,gulf,1,LSTM-ms,2,buffer,4,150,60,0.33633309336648554,53.0,53.0,53.0,52.0,52.0,52.0,52.0,52.0,51.0,51.0,51.0,51.0,51.0,51.0,51.0,51.0,51.0,51.0,51.0,51.0
real,300,gulf,1,LSTM-ms,2,buffer,5,183,39,0.5946404011540789,37.0,36.0,36.0,35.0,35.0,34.0,33.0,33.0,32.0,32.0,31.0,31.0,31.0,30.0,30.0,29.0,29.0,28.0,28.0,28.0
real,300,gulf,1,LSTM-ms,2,buffer,6,283,27,0.463935170541308,19.0,18.0,18.0,17.0,17.0,17.0,17.0,17.0,16.0,16.0,16.0,16.0,16.0,15.0,15.0,15.0,15.0,15.0,15.0,15.0
real,300,gulf,1,LSTM-ms,2,buffer,7,310,176,0.2420679603084737,168.0,167.0,166.0,166.0,166.0,165.0,164.0,164.0,164.0,163.0,162.0,161.0,161.0,161.0,161.0,161.0,161.0,161.0,161.0,160.0
real,300,gulf,1,LSTM-ms,2,buffer,8,393,236,0.2825890507086811,110.0,109.0,109.0,109.0,109.0,85.0,85.0,85.0,85.0,84.0,84.0,84.0,84.0,84.0,84.0,84.0,84.0,84.0,83.0,83.0
real,300,gulf,1,LSTM-ms,2,buffer,9,438,81,0.8456863371826169,77.0,76.0,75.0,75.0,74.0,74.0,74.0,73.0,73.0,72.0,72.0,71.0,71.0,70.0,70.0,70.0,70.0,69.0,69.0,69.0
real,300,gulf,1,LSTM-ms,2,buffer,10,452,113,0.26061699528176385,108.0,107.0,107.0,106.0,106.0,105.0,105.0,105.0,104.0,104.0,103.0,103.0,103.0,102.0,102.0,102.0,102.0,101.0,101.0,101.0
real,300,gulf,1,LSTM-ms,2,crossing,0,8,135,0.5632914606780262,135.0,135.0,135.0,134.0,134.0,134.0,134.0,134.0,134.0,134.0,133.0,133.0,133.0,132.0,132.0,132.0,132.0,126.0,124.0,124.0
real,300,gulf,1,LSTM-ms,2,crossing,1,118,159,0.2282841692712967,159.0,158.0,157.0,157.0,157.0,156.0,156.0,156.0,155.0,155.0,154.0,154.0,154.0,153.0,153.0,153.0,152.0,152.0,152.0,152.0
real,300,gulf,1,LSTM-ms,2,crossing,2,135,118,0.18971089752632656,118.0,117.0,116.0,116.0,116.0,115.0,115.0,115.0,115.0,114.0,114.0,114.0,113.0,113.0,113.0,113.0,113.0,113.0,113.0,113.0
real,300,gulf,1,LSTM-ms,2,crossing,3,145,120,0.22139523179946582,119.0,118.0,118.0,117.0,117.0,116.0,116.0,116.0,115.0,115.0,115.0,115.0,115.0,114.0,114.0,114.0,114.0,114.0,114.0,114.0
real,300,gulf,1,LSTM-ms,2,crossing,4,150,60,0.33633309336648554,59.0,59.0,58.0,58.0,58.0,57.0,57.0,57.0,56.0,56.0,56.0,56.0,55.0,55.0,55.0,55.0,55.0,55.0,55.0,55.0
real,300,gulf,1,LSTM-ms,2,crossing,5,183,39,0.5946404011540789,39.0,38.0,37.0,37.0,36.0,36.0,35.0,34.0,34.0,33.0,33.0,32.0,32.0,32.0,31.0,31.0,30.0,30.0,30.0,29.0
real,300,gulf,1,LSTM-ms,2,crossing,6,283,27,0.463935170541308,27.0,26.0,26.0,25.0,25.0,25.0,25.0,25.0,24.0,24.0,23.0,23.0,23.0,23.0,22.0,22.0,22.0,22.0,22.0,22.0
real,300,gulf,1,LSTM-ms,2,crossing,7,310,176,0.2420679603084737,174.0,174.0,173.0,173.0,173.0,173.0,172.0,172.0,172.0,172.0,171.0,171.0,170.0,169.0,168.0,167.0,167.0,167.0,167.0,166.0
real,300,gulf,1,LSTM-ms,2,crossing,8,393,236,0.2825890507086811,236.0,235.0,235.0,235.0,235.0,235.0,235.0,235.0,235.0,235.0,234.0,234.0,85.0,85.0,85.0,85.0,85.0,84.0,84.0,84.0
real,300,gulf,1,LSTM-ms,2,crossing,9,438,81,0.8456863371826169,80.0,79.0,79.0,78.0,78.0,77.0,77.0,76.0,76.0,75.0,75.0,75.0,74.0,74.0,73.0,73.0,73.0,73.0,72.0,72.0
real,300,gulf,1,LSTM-ms,2,crossing,10,452,113,0.26061699528176385,112.0,112.0,111.0,111.0,110.0,110.0,109.0,109.0,109.0,108.0,108.0,107.0,107.0,107.0,106.0,106.0,106.0,106.0,106.0,105.0
real,300,gulf,1,LSTM-rec,3,buffer,0,8,135,0.5632914606780262,126.0,124.0,123.0,121.0,120.0,119.0,118.0,117.0,117.0,115.0,114.0,113.0,112.0,111.0,110.0,109.0,108.0,105.0,104.0,102.0
real,300,gulf,1,LSTM-rec,3,buffer,1,118,159,0.2282841692712967,150.0,149.0,148.0,147.0,146.0,144.0,143.0,141.0,140.0,138.0,136.0,136.0,135.0,135.0,133.0,132.0,132.0,131.0,124.0,122.0
real,300,gulf,1,LSTM-rec,3,buffer,2,135,118,0.18971089752632656,109.0,108.0,107.0,106.0,104.0,103.0,102.0,100.0,99.0,97.0,96.0,95.0,16.0,6.0,6.0,6.0,6.0,6.0,6.0,6.0
real,300,gulf,1,LSTM-rec,3,buffer,3,145,120,0.22139523179946582,115.0,114.0,113.0,112.0,112.0,112.0,112.0,112.0,111.0,111.0,111.0,110.0,6.0,6.0,6.0,6.0,6.0,6.0,6.0,6.0
real,300,gulf,1,LSTM-rec,3,buffer,4,150,60,0.33633309336648554,53.0,52.0,51.0,50.0,49.0,46.0,43.0,42.0,41.0,41.0,39.0,38.0,36.0,35.0,34.0,32.0,31.0,22.0,21.0,21.0
real,300,gulf,1,LSTM-rec,3,buffer,5,183,39,0.5946404011540789,37.0,36.0,35.0,34.0,33.0,33.0,32.0,31.0,30.0,29.0,29.0,28.0,27.0,27.0,26.0,25.0,25.0,24.0,23.0,23.0
real,300,gulf,1,LSTM-rec,3,buffer,6,283,27,0.463935170541308,18.0,17.0,15.0,14.0,12.0,9.0,8.0,6.0,6.0,6.0,6.0,6.0,6.0,6.0,6.0,6.0,6.0,6.0,6.0,6.0
real,300,gulf,1,LSTM-rec,3,buffer,7,310,176,0.2420679603084737,167.0,166.0,165.0,164.0,161.0,161.0,160.0,160.0,158.0,156.0,155.0,154.0,153.0,151.0,150.0,148.0,147.0,146.0,144.0,143.0
real,300,gulf,1,LSTM-rec,3,buffer,8,393,236,0.2825890507086811,109.0,109.0,85.0,85.0,84.0,84.0,83.0,83.0,83.0,82.0,81.0,81.0,80.0,80.0,80.0,78.0,74.0,73.0,72.0,70.0
real,300,gulf,1,LSTM-rec,3,buffer,9,438,81,0.8456863371826169,76.0,75.0,74.0,73.0,72.0,71.0,70.0,70.0,69.0,68.0,67.0,66.0,65.0,64.0,63.0,62.0,61.0,60.0,58.0,57.0
real,300,gulf,1,LSTM-rec,3,buffer,10,452,113,0.26061699528176385,107.0,106.0,105.0,104.0,103.0,102.0,101.0,100.0,99.0,97.0,96.0,95.0,94.0,93.0,91.0,90.0,89.0,88.0,77.0,77.0
real,300,gulf,1,LSTM-rec,3,crossing,0,8,135,0.5632914606780262,135.0,134.0,132.0,131.0,129.0,126.0,124.0,121.0,120.0,119.0,118.0,117.0,117.0,115.0,114.0,113.0,112.0,111.0,110.0,109.0
real,300,gulf,1,LSTM-rec,3,crossing,1,118,159,0.2282841692712967,158.0,157.0,155.0,154.0,152.0,150.0,149.0,148.0,146.0,145.0,143.0,142.0,140.0,136.0,136.0,136.0,135.0,135.0,133.0,132.0
real,300,gulf,1,LSTM-rec,3,crossing,2,135,118,0.18971089752632656,117.0,115.0,114.0,113.0,112.0,110.0,109.0,107.0,106.0,104.0,103.0,101.0,99.0,98.0,96.0,95.0,94.0,93.0,6.0,6.0
real,300,gulf,1,LSTM-rec,3,crossing,3,145,120,0.22139523179946582,119.0,118.0,116.0,115.0,115.0,113.0,112.0,112.0,112.0,112.0,112.0,112.0,112.0,111.0,111.0,111.0,111.0,6.0,6.0,6.0
real,300,gulf,1,LSTM-rec,3,crossing,4,150,60,0.33633309336648554,59.0,58.0,57.0,56.0,54.0,53.0,52.0,51.0,50.0,50.0,43.0,42.0,42.0,41.0,40.0,38.0,36.0,35.0,34.0,33.0
real,300,gulf,1,LSTM-rec,3,crossing,5,183,39,0.5946404011540789,38.0,38.0,37.0,36.0,35.0,34.0,33.0,32.0,32.0,31.0,30.0,29.0,29.0,28.0,27.0,27.0,26.0,25.0,25.0,24.0
real,300,gulf,1,LSTM-rec,3,crossing,6,283,27,0.463935170541308,26.0,25.0,23.0,22.0,21.0,19.0,18.0,17.0,15.0,13.0,8.0,7.0,6.0,6.0,6.0,6.0,6.0,6.0,6.0,6.0
real,300,gulf,1,LSTM-rec,3,crossing,7,310,176,0.2420679603084737,174.0,173.0,172.0,171.0,169.0,167.0,165.0,164.0,161.0,161.0,160.0,160.0,157.0,156.0,155.0,154.0,152.0,151.0,149.0,148.0
real,300,gulf,1,LSTM-rec,3,crossing,8,393,236,0.2825890507086811,235.0,235.0,234.0,109.0,109.0,85.0,84.0,84.0,84.0,83.0,83.0,83.0,82.0,82.0,81.0,81.0,80.0,80.0,80.0,78.0
real,300,gulf,1,LSTM-rec,3,crossing,9,438,81,0.8456863371826169,80.0,79.0,78.0,77.0,76.0,75.0,74.0,73.0,72.0,71.0,70.0,69.0,68.0,67.0,66.0,66.0,64.0,63.0,62.0,61.0
real,300,gulf,1,LSTM-rec,3,crossing,10,452,113,0.26061699528176385,112.0,111.0,110.0,109.0,107.0,106.0,105.0,104.0,103.0,101.0,100.0,99.0,98.0,97.0,96.0,95.0,93.0,92.0,91.0,90.0
real,300,gulf,1,LSTM-ms,3,buffer,0,8,135,0.5632914606780262,125.0,123.0,121.0,120.0,119.0,118.0,117.0,116.0,115.0,115.0,114.0,113.0,112.0,111.0,111.0,110.0,109.0,108.0,106.0,105.0
real,300,gulf,1,LSTM-ms,3,buffer,1,118,159,0.2282841692712967,150.0,148.0,146.0,145.0,143.0,142.0,140.0,139.0,138.0,136.0,136.0,136.0,135.0,135.0,135.0,133.0,133.0,132.0,132.0,131.0
real,300,gulf,1,LSTM-ms,3,buffer,2,135,118,0.18971089752632656,108.0,107.0,105.0,103.0,102.0,100.0,99.0,98.0,97.0,96.0,95.0,94.0,16.0,6.0,6.0,6.0,6.0,6.0,6.0,6.0
real,300,gulf,1,LSTM-ms,3,buffer,3,145,120,0.22139523179946582,114.0,113.0,112.0,112.0,112.0,112.0,112.0,111.0,111.0,111.0,110.0,24.0,6.0,6.0,6.0,6.0,6.0,6.0,6.0,6.0
real,300,gulf,1,LSTM-ms,3,buffer,4,150,60,0.33633309336648554,52.0,51.0,49.0,46.0,43.0,42.0,42.0,41.0,41.0,39.0,38.0,37.0,36.0,35.0,34.0,34.0,32.0,32.0,23.0,22.0
real,300,gulf,1,LSTM-ms,3,buffer,5,183,39,0.5946404011540789,37.0,36.0,35.0,34.0,33.0,32.0,32.0,31.0,30.0,30.0,29.0,28.0,28.0,27.0,26.0,26.0,25.0,25.0,24.0,23.0
real,300,gulf,1,LSTM-ms,3,buffer,6,283,27,0.463935170541308,17.0,15.0,12.0,10.0,8.0,7.0,6.0,6.0,6.0,6.0,6.0,6.0,6.0,6.0,6.0,6.0,6.0,6.0,6.0,6.0
real,300,gulf,1,LSTM-ms,3,buffer,7,310,176,0.2420679603084737,167.0,165.0,163.0,161.0,161.0,160.0,160.0,157.0,156.0,156.0,155.0,154.0,153.0,152.0,151.0,150.0,149.0,148.0,147.0,146.0
real,300,gulf,1,LSTM-ms,3,buffer,8,393,236,0.2825890507086811,109.0,109.0,85.0,84.0,84.0,84.0,83.0,83.0,82.0,82.0,81.0,81.0,80.0,80.0,80.0,80.0,78.0,75.0,74.0,73.0
real,300,gulf,1,LSTM-ms,3,buffer,9,438,81,0.8456863371826169,76.0,75.0,73.0,72.0,71.0,70.0,69.0,69.0,68.0,67.0,66.0,65.0,64.0,64.0,63.0,62.0,61.0,60.0,59.0,58.0
real,300,gulf,1,LSTM-ms,3,buffer,10,452,113,0.26061699528176385,107.0,105.0,104.0,103.0,102.0,101.0,100.0,99.0,98.0,97.0,96.0,95.0,95.0,94.0,93.0,92.0,91.0,90.0,89.0,89.0
real,300,gulf,1,LSTM-ms,3,crossing,0,8,135,0.5632914606780262,134.0,131.0,129.0,126.0,124.0,122.0,121.0,120.0,119.0,119.0,118.0,117.0,117.0,116.0,115.0,114.0,113.0,112.0,112.0,111.0
real,300,gulf,1,LSTM-ms,3,crossing,1,118,159,0.2282841692712967,157.0,155.0,153.0,151.0,150.0,148.0,147.0,146.0,145.0,144.0,142.0,141.0,140.0,139.0,136.0,136.0,136.0,135.0,135.0,135.0
real,300,gulf,1,LSTM-ms,3,crossing,2,135,118,0.18971089752632656,116.0,114.0,112.0,111.0,109.0,108.0,106.0,105.0,104.0,103.0,101.0,100.0,99.0,98.0,97.0,96.0,95.0,94.0,93.0,92.0
real,300,gulf,1,LSTM-ms,3,crossing,3,145,120,0.22139523179946582,118.0,117.0,115.0,115.0,114.0,113.0,113.0,112.0,112.0,112.0,112.0,112.0,112.0,112.0,112.0,112.0,111.0,111.0,111.0,111.0
real,300,gulf,1,LSTM-ms,3,crossing,4,150,60,0.33633309336648554,58.0,56.0,55.0,54.0,52.0,51.0,51.0,50.0,49.0,43.0,43.0,42.0,42.0,41.0,41.0,40.0,38.0,37.0,36.0,35.0
real,300,gulf,1,LSTM-ms,3,crossing,5,183,39,0.5946404011540789,38.0,37.0,36.0,36.0,35.0,34.0,33.0,32.0,32.0,31.0,30.0,30.0,29.0,28.0,28.0,27.0,27.0,26.0,25.0,25.0
real,300,gulf,1,LSTM-ms,3,crossing,6,283,27,0.463935170541308,25.0,23.0,21.0,19.0,18.0,16.0,15.0,13.0,10.0,9.0,7.0,6.0,6.0,6.0,6.0,6.0,6.0,6.0,6.0,6.0
real,300,gulf,1,LSTM-ms,3,crossing,7,310,176,0.2420679603084737,173.0,172.0,170.0,168.0,166.0,164.0,163.0,161.0,161.0,161.0,160.0,160.0,157.0,156.0,156.0,156.0,154.0,154.0,152.0,151.0
real,300,gulf,1,LSTM-ms,3,crossing,8,393,236,0.2825890507086811,235.0,234.0,234.0,109.0,109.0,85.0,84.0,84.0,84.0,84.0,83.0,83.0,83.0,82.0,82.0,81.0,81.0,81.0,80.0,80.0
real,300,gulf,1,LSTM-ms,3,crossing,9,438,81,0.8456863371826169,79.0,78.0,77.0,76.0,75.0,74.0,73.0,72.0,71.0,70.0,69.0,69.0,68.0,67.0,66.0,66.0,65.0,64.0,63.0,62.0
real,300,gulf,1,LSTM-ms,3,crossing,10,452,113,0.26061699528176385,111.0,110.0,108.0,107.0,106.0,105.0,104.0,103.0,102.0,101.0,100.0,100.0,99.0,98.0,97.0,96.0,95.0,95.0,94.0,93.0
real,300,gulf,1,LSTM-rec,4,buffer,0,8,135,0.5632914606780262,125.0,122.0,120.0,118.0,115.0,112.0,109.0,104.0,99.0,94.0,89.0,83.0,76.0,71.0,65.0,60.0,51.0,44.0,36.0,27.0
real,300,gulf,1,LSTM-rec,4,buffer,1,118,159,0.2282841692712967,150.0,147.0,145.0,141.0,137.0,135.0,132.0,125.0,120.0,115.0,109.0,104.0,99.0,93.0,91.0,83.0,73.0,67.0,63.0,55.0
real,300,gulf,1,LSTM-rec,4,buffer,2,135,118,0.18971089752632656,109.0,106.0,103.0,99.0,6.0,6.0,6.0,6.0,6.0,6.0,6.0,6.0,6.0,6.0,6.0,6.0,6.0,6.0,6.0,6.0
real,300,gulf,1,LSTM-rec,4,buffer,3,145,120,0.22139523179946582,114.0,112.0,112.0,111.0,6.0,6.0,6.0,6.0,6.0,6.0,6.0,6.0,6.0,6.0,6.0,6.0,6.0,6.0,6.0,6.0
real,300,gulf,1,LSTM-rec,4,buffer,4,150,60,0.33633309336648554,52.0,50.0,46.0,42.0,39.0,35.0,30.0,22.0,18.0,13.0,12.0,6.0,6.0,6.0,6.0,6.0,6.0,6.0,6.0,6.0
real,300,gulf,1,LSTM-rec,4,buffer,5,183,39,0.5946404011540789,37.0,36.0,34.0,33.0,32.0,30.0,29.0,27.0,26.0,24.0,22.0,21.0,19.0,17.0,15.0,13.0,11.0,9.0,7.0,6.0
real,300,gulf,1,LSTM-rec,4,buffer,6,283,27,0.463935170541308,17.0,14.0,10.0,6.0,6.0,6.0,6.0,6.0,6.0,6.0,6.0,6.0,6.0,6.0,6.0,6.0,6.0,6.0,6.0,6.0
real,300,gulf,1,LSTM-rec,4,buffer,7,310,176,0.2420679603084737,167.0,164.0,161.0,160.0,156.0,153.0,150.0,146.0,6.0,6.0,6.0,6.0,6.0,6.0,6.0,6.0,6.0,6.0,6.0,6.0
real,300,gulf,1,LSTM-rec,4,buffer,8,393,236,0.2825890507086811,109.0,108.0,84.0,83.0,82.0,80.0,75.0,71.0,62.0,58.0,55.0,46.0,41.0,36.0,30.0,21.0,15.0,13.0,13.0,6.0
real,300,gulf,1,LSTM-rec,4,buffer,9,438,81,0.8456863371826169,76.0,74.0,72.0,70.0,68.0,66.0,63.0,60.0,57.0,53.0,50.0,46.0,42.0,36.0,30.0,25.0,20.0,8.0,6.0,6.0
real,300,gulf,1,LSTM-rec,4,buffer,10,452,113,0.26061699528176385,107.0,105.0,103.0,100.0,98.0,95.0,92.0,88.0,84.0,76.0,10.0,7.0,6.0,6.0,6.0,6.0,6.0,6.0,6.0,6.0
real,300,gulf,1,LSTM-rec,4,crossing,0,8,135,0.5632914606780262,134.0,131.0,126.0,122.0,119.0,117.0,113.0,110.0,105.0,100.0,95.0,89.0,84.0,76.0,71.0,65.0,58.0,51.0,44.0,35.0
real,300,gulf,1,LSTM-rec,4,crossing,1,118,159,0.2282841692712967,157.0,154.0,151.0,148.0,144.0,140.0,136.0,133.0,129.0,121.0,116.0,110.0,104.0,99.0,92.0,91.0,82.0,72.0,66.0,62.0
real,300,gulf,1,LSTM-rec,4,crossing,2,135,118,0.18971089752632656,116.0,113.0,110.0,107.0,103.0,98.0,6.0,6.0,6.0,6.0,6.0,6.0,6.0,6.0,6.0,6.0,6.0,6.0,6.0,6.0
real,300,gulf,1,LSTM-rec,4,crossing,3,145,120,0.22139523179946582,118.0,116.0,114.0,112.0,112.0,111.0,6.0,6.0,6.0,6.0,6.0,6.0,6.0,6.0,6.0,6.0,6.0,6.0,6.0,6.0
real,300,gulf,1,LSTM-rec,4,crossing,4,150,60,0.33633309336648554,58.0,56.0,53.0,51.0,46.0,41.0,37.0,32.0,22.0,19.0,13.0,12.0,12.0,6.0,6.0,6.0,6.0,6.0,6.0,6.0
real,300,gulf,1,LSTM-rec,4,crossing,5,183,39,0.5946404011540789,38.0,37.0,36.0,34.0,33.0,32.0,30.0,29.0,27.0,26.0,24.0,22.0,21.0,19.0,17.0,15.0,13.0,11.0,9.0,7.0
real,300,gulf,1,LSTM-rec,4,crossing,6,283,27,0.463935170541308,25.0,22.0,19.0,15.0,9.0,6.0,6.0,6.0,6.0,6.0,6.0,6.0,6.0,6.0,6.0,6.0,6.0,6.0,6.0,6.0
real,300,gulf,1,LSTM-rec,4,crossing,7,310,176,0.2420679603084737,173.0,171.0,167.0,164.0,161.0,158.0,155.0,151.0,147.0,142.0,6.0,6.0,6.0,6.0,6.0,6.0,6.0,6.0,6.0,6.0
real,300,gulf,1,LSTM-rec,4,crossing,8,393,236,0.2825890507086811,235.0,234.0,109.0,85.0,84.0,83.0,81.0,78.0,73.0,63.0,58.0,55.0,51.0,41.0,36.0,30.0,20.0,15.0,13.0,13.0
real,300,gulf,1,LSTM-rec,4,crossing,9,438,81,0.8456863371826169,79.0,78.0,76.0,74.0,72.0,69.0,67.0,64.0,61.0,57.0,54.0,50.0,47.0,42.0,36.0,30.0,25.0,11.0,8.0,6.0
real,300,gulf,1,LSTM-rec,4,crossing,10,452,113,0.26061699528176385,111.0,109.0,107.0,105.0,102.0,99.0,96.0,93.0,89.0,85.0,76.0,10.0,7.0,6.0,6.0,6.0,6.0,6.0,6.0,6.0
real,300,gulf,1,LSTM-ms,4,buffer,0,8,135,0.5632914606780262,126.0,125.0,124.0,123.0,122.0,121.0,121.0,120.0,119.0,119.0,119.0,118.0,118.0,117.0,117.0,117.0,116.0,115.0,115.0,114.0
real,300,gulf,1,LSTM-ms,4,buffer,1,118,159,0.2282841692712967,151.0,150.0,149.0,148.0,148.0,147.0,146.0,145.0,145.0,144.0,144.0,143.0,142.0,141.0,140.0,139.0,138.0,138.0,137.0,136.0
real,300,gulf,1,LSTM-ms,4,buffer,2,135,118,0.18971089752632656,110.0,109.0,108.0,107.0,107.0,106.0,105.0,105.0,104.0,103.0,103.0,102.0,101.0,101.0,100.0,99.0,99.0,98.0,98.0,97.0
real,300,gulf,1,LSTM-ms,4,buffer,3,145,120,0.22139523179946582,115.0,114.0,114.0,113.0,113.0,113.0,112.0,112.0,112.0,112.0,112.0,112.0,112.0,112.0,112.0,112.0,112.0,112.0,112.0,112.0
real,300,gulf,1,LSTM-ms,4,buffer,4,150,60,0.33633309336648554,53.0,52.0,52.0,51.0,51.0,50.0,50.0,49.0,46.0,45.0,44.0,43.0,43.0,42.0,42.0,42.0,42.0,41.0,41.0,41.0
real,300,gulf,1,LSTM-ms,4,buffer,5,183,39,0.5946404011540789,37.0,36.0,36.0,35.0,34.0,34.0,33.0,32.0,32.0,31.0,31.0,30.0,30.0,29.0,29.0,28.0,28.0,27.0,27.0,26.0
real,300,gulf,1,LSTM-ms,4,buffer,6,283,27,0.463935170541308,18.0,17.0,17.0,16.0,15.0,15.0,13.0,11.0,10.0,9.0,8.0,8.0,7.0,7.0,6.0,6.0,6.0,6.0,6.0,6.0
real,300,gulf,1,LSTM-ms,4,buffer,7,310,176,0.2420679603084737,168.0,167.0,166.0,165.0,164.0,163.0,162.0,161.0,161.0,161.0,160.0,160.0,160.0,158.0,157.0,157.0,156.0,156.0,156.0,155.0
real,300,gulf,1,LSTM-ms,4,buffer,8,393,236,0.2825890507086811,110.0,109.0,109.0,109.0,85.0,85.0,84.0,84.0,84.0,84.0,84.0,83.0,83.0,83.0,83.0,83.0,82.0,82.0,82.0,81.0
real,300,gulf,1,LSTM-ms,4,buffer,9,438,81,0.8456863371826169,77.0,76.0,75.0,74.0,74.0,73.0,73.0,72.0,71.0,71.0,70.0,70.0,69.0,69.0,69.0,68.0,68.0,67.0,67.0,66.0
real,300,gulf,1,LSTM-ms,4,buffer,10,452,113,0.26061699528176385,108.0,107.0,106.0,105.0,105.0,104.0,103.0,102.0,102.0,101.0,101.0,100.0,100.0,99.0,99.0,98.0,97.0,97.0,96.0,96.0
real,300,gulf,1,LSTM-ms,4,crossing,0,8,135,0.5632914606780262,135.0,134.0,134.0,133.0,133.0,132.0,130.0,128.0,125.0,124.0,123.0,122.0,121.0,121.0,120.0,120.0,120.0,119.0,119.0,118.0
real,300,gulf,1,LSTM-ms,4,crossing,1,118,159,0.2282841692712967,158.0,157.0,156.0,156.0,155.0,154.0,153.0,152.0,151.0,150.0,150.0,149.0,149.0,148.0,147.0,147.0,146.0,145.0,144.0,144.0
real,300,gulf,1,LSTM-ms,4,crossing,2,135,118,0.18971089752632656,117.0,116.0,115.0,115.0,114.0,113.0,113.0,112.0,111.0,110.0,110.0,109.0,109.0,108.0,107.0,107.0,106.0,105.0,105.0,104.0
real,300,gulf,1,LSTM-ms,4,crossing,3,145,120,0.22139523179946582,119.0,118.0,117.0,116.0,116.0,115.0,115.0,115.0,114.0,114.0,114.0,113.0,113.0,113.0,113.0,113.0,113.0,112.0,112.0,112.0
real,300,gulf,1,LSTM-ms,4,crossing,4,150,60,0.33633309336648554,59.0,58.0,57.0,57.0,56.0,56.0,55.0,54.0,54.0,54.0,53.0,53.0,52.0,52.0,52.0,51.0,51.0,51.0,50.0,45.0
real,300,gulf,1,LSTM-ms,4,crossing,5,183,39,0.5946404011540789,39.0,38.0,37.0,36.0,36.0,35.0,34.0,34.0,33.0,33.0,32.0,32.0,31.0,31.0,30.0,30.0,29.0,29.0,28.0,28.0
real,300,gulf,1,LSTM-ms,4,crossing,6,283,27,0.463935170541308,26.0,25.0,25.0,24.0,23.0,23.0,22.0,21.0,20.0,20.0,19.0,19.0,18.0,18.0,17.0,17.0,16.0,15.0,10.0,9.0
real,300,gulf,1,LSTM-ms,4,crossing,7,310,176,0.2420679603084737,174.0,173.0,173.0,172.0,172.0,171.0,170.0,168.0,167.0,166.0,165.0,164.0,164.0,163.0,162.0,161.0,161.0,161.0,160.0,160.0
real,300,gulf,1,LSTM-ms,4,crossing,8,393,236,0.2825890507086811,236.0,235.0,235.0,235.0,235.0,234.0,234.0,110.0,85.0,85.0,85.0,84.0,84.0,84.0,84.0,84.0,84.0,84.0,83.0,83.0
real,300,gulf,1,LSTM-ms,4,crossing,9,438,81,0.8456863371826169,80.0,79.0,78.0,78.0,77.0,77.0,76.0,75.0,75.0,74.0,74.0,73.0,73.0,72.0,72.0,71.0,71.0,70.0,70.0,69.0
real,300,gulf,1,LSTM-ms,4,crossing,10,452,113,0.26061699528176385,112.0,111.0,110.0,110.0,109.0,108.0,108.0,107.0,106.0,106.0,105.0,104.0,104.0,103.0,103.0,102.0,101.0,101.0,100.0,100.0
real,300,gulf,2,Reactive,0,zone,0,8,59,0.5632914606780262,50.0,50.0,50.0,50.0,50.0,50.0,50.0,50.0,50.0,50.0,50.0,50.0,50.0,50.0,50.0,50.0,50.0,50.0,50.0,50.0
real,300,gulf,2,Reactive,0,zone,1,67,17,0.27548812856731114,0.0,0.0,0.0,0.0,0.0,0.0,0.0,0.0,0.0,0.0,0.0,0.0,0.0,0.0,0.0,0.0,0.0,0.0,0.0,0.0
real,300,gulf,2,Reactive,0,zone,2,117,74,1.1893630132920272,71.0,71.0,71.0,71.0,71.0,71.0,71.0,71.0,71.0,71.0,71.0,71.0,71.0,71.0,71.0,71.0,71.0,71.0,71.0,71.0
real,300,gulf,2,Reactive,0,zone,3,118,341,0.2282841692712967,333.0,333.0,333.0,333.0,333.0,333.0,333.0,333.0,333.0,333.0,333.0,333.0,333.0,333.0,333.0,333.0,333.0,333.0,333.0,333.0
real,300,gulf,2,Reactive,0,zone,4,125,26,1.4326964715792176,25.0,25.0,25.0,25.0,25.0,25.0,25.0,25.0,25.0,25.0,25.0,25.0,25.0,25.0,25.0,25.0,25.0,25.0,25.0,25.0
real,300,gulf,2,Reactive,0,zone,5,135,80,0.18971089752632656,75.0,75.0,75.0,75.0,75.0,75.0,75.0,75.0,75.0,75.0,75.0,75.0,75.0,75.0,75.0,75.0,75.0,75.0,75.0,75.0
real,300,gulf,2,Reactive,0,zone,6,266,19,0.45031263661165116,13.0,13.0,13.0,13.0,13.0,13.0,13.0,13.0,13.0,13.0,13.0,13.0,13.0,13.0,13.0,13.0,13.0,13.0,13.0,13.0
real,300,gulf,2,Reactive,0,zone,7,308,19,1.632063369399551,17.0,17.0,17.0,17.0,17.0,17.0,17.0,17.0,17.0,17.0,17.0,17.0,17.0,17.0,17.0,17.0,17.0,17.0,17.0,17.0
real,300,gulf,2,Reactive,0,zone,8,343,66,0.42453972705923393,50.0,50.0,50.0,50.0,50.0,50.0,50.0,50.0,50.0,50.0,50.0,50.0,50.0,50.0,50.0,50.0,50.0,50.0,50.0,50.0
real,300,gulf,2,Reactive,0,zone,9,347,37,0.4178511667999841,26.0,26.0,26.0,26.0,26.0,26.0,26.0,26.0,26.0,26.0,26.0,26.0,26.0,26.0,26.0,26.0,26.0,26.0,26.0,26.0
real,300,gulf,2,Reactive,0,zone,10,362,27,0.8176574377526744,25.0,25.0,25.0,25.0,25.0,25.0,25.0,25.0,25.0,25.0,25.0,25.0,25.0,25.0,25.0,25.0,25.0,25.0,25.0,25.0
real,300,gulf,2,Reactive,0,zone,11,393,66,0.2825890507086811,48.0,48.0,48.0,48.0,48.0,48.0,48.0,48.0,48.0,48.0,48.0,48.0,48.0,48.0,48.0,48.0,48.0,48.0,48.0,48.0
real,300,gulf,2,Reactive,0,zone,12,403,537,0.19004891571194743,535.0,535.0,535.0,535.0,535.0,535.0,535.0,535.0,535.0,535.0,535.0,535.0,535.0,535.0,535.0,535.0,535.0,535.0,535.0,535.0
real,300,gulf,2,Reactive,0,zone,13,426,64,0.4926986976627866,62.0,62.0,62.0,62.0,62.0,62.0,62.0,62.0,62.0,62.0,62.0,62.0,62.0,62.0,62.0,62.0,62.0,62.0,62.0,62.0
real,300,gulf,2,Reactive,0,zone,14,438,36,0.8456863371826169,32.0,32.0,32.0,32.0,32.0,32.0,32.0,32.0,32.0,32.0,32.0,32.0,32.0,32.0,32.0,32.0,32.0,32.0,32.0,32.0
real,300,gulf,2,Analytic,0,buffer,0,8,59,0.5632914606780262,49.0,48.0,47.0,46.0,45.0,43.0,42.0,41.0,40.0,39.0,38.0,37.0,36.0,35.0,34.0,34.0,34.0,33.0,33.0,26.0
real,300,gulf,2,Analytic,0,buffer,1,67,17,0.27548812856731114,10.0,10.0,10.0,10.0,10.0,10.0,10.0,10.0,10.0,10.0,10.0,10.0,10.0,10.0,10.0,10.0,10.0,9.0,9.0,9.0
real,300,gulf,2,Analytic,0,buffer,2,117,74,1.1893630132920272,70.0,69.0,68.0,67.0,66.0,65.0,64.0,63.0,63.0,62.0,61.0,61.0,60.0,59.0,54.0,53.0,53.0,53.0,52.0,52.0
real,300,gulf,2,Analytic,0,buffer,3,118,341,0.2282841692712967,332.0,332.0,331.0,182.0,181.0,180.0,179.0,178.0,177.0,176.0,175.0,175.0,174.0,173.0,172.0,172.0,170.0,170.0,169.0,168.0
real,300,gulf,2,Analytic,0,buffer,4,125,26,1.4326964715792176,24.0,23.0,22.0,21.0,20.0,20.0,19.0,18.0,17.0,15.0,13.0,12.0,12.0,12.0,12.0,11.0,11.0,11.0,11.0,11.0
real,300,gulf,2,Analytic,0,buffer,5,135,80,0.18971089752632656,74.0,74.0,74.0,74.0,74.0,74.0,73.0,73.0,73.0,73.0,73.0,73.0,73.0,73.0,73.0,73.0,73.0,73.0,73.0,73.0
real,300,gulf,2,Analytic,0,buffer,6,266,19,0.45031263661165116,12.0,11.0,10.0,10.0,9.0,8.0,8.0,7.0,7.0,6.0,6.0,6.0,6.0,6.0,6.0,6.0,6.0,6.0,6.0,6.0
real,300,gulf,2,Analytic,0,buffer,7,308,19,1.632063369399551,16.0,15.0,14.0,13.0,12.0,12.0,11.0,10.0,8.0,7.0,6.0,6.0,6.0,6.0,6.0,6.0,6.0,6.0,6.0,6.0
real,300,gulf,2,Analytic,0,buffer,8,343,66,0.42453972705923393,49.0,48.0,41.0,41.0,40.0,40.0,39.0,35.0,32.0,32.0,31.0,31.0,31.0,30.0,23.0,22.0,22.0,21.0,21.0,20.0
real,300,gulf,2,Analytic,0,buffer,9,347,37,0.4178511667999841,25.0,25.0,24.0,22.0,21.0,21.0,20.0,19.0,18.0,17.0,16.0,16.0,15.0,15.0,14.0,13.0,13.0,12.0,12.0,12.0
real,300,gulf,2,Analytic,0,buffer,10,362,27,0.8176574377526744,24.0,23.0,19.0,18.0,17.0,17.0,16.0,16.0,15.0,15.0,14.0,14.0,13.0,13.0,12.0,11.0,10.0,9.0,8.0,7.0
real,300,gulf,2,Analytic,0,buffer,11,393,66,0.2825890507086811,47.0,46.0,46.0,45.0,44.0,42.0,42.0,42.0,42.0,42.0,12.0,11.0,10.0,9.0,9.0,9.0,8.0,7.0,7.0,7.0
real,300,gulf,2,Analytic,0,buffer,12,403,537,0.19004891571194743,534.0,533.0,532.0,530.0,529.0,528.0,527.0,526.0,526.0,525.0,524.0,522.0,520.0,520.0,520.0,519.0,519.0,519.0,519.0,518.0
real,300,gulf,2,Analytic,0,buffer,13,426,64,0.4926986976627866,61.0,60.0,59.0,58.0,58.0,56.0,55.0,54.0,53.0,52.0,52.0,51.0,51.0,50.0,50.0,50.0,49.0,49.0,49.0,48.0
real,300,gulf,2,Analytic,0,buffer,14,438,36,0.8456863371826169,31.0,30.0,29.0,28.0,27.0,26.0,26.0,25.0,24.0,24.0,23.0,22.0,22.0,21.0,20.0,20.0,19.0,19.0,18.0,18.0
real,300,gulf,2,Analytic,0,crossing,0,8,59,0.5632914606780262,58.0,57.0,56.0,55.0,54.0,54.0,53.0,52.0,51.0,50.0,49.0,47.0,46.0,44.0,43.0,42.0,41.0,40.0,39.0,37.0
real,300,gulf,2,Analytic,0,crossing,1,67,17,0.27548812856731114,16.0,15.0,14.0,14.0,13.0,13.0,12.0,12.0,12.0,12.0,11.0,11.0,11.0,11.0,11.0,11.0,11.0,11.0,11.0,10.0
real,300,gulf,2,Analytic,0,crossing,2,117,74,1.1893630132920272,73.0,72.0,70.0,69.0,68.0,67.0,66.0,65.0,64.0,63.0,63.0,62.0,61.0,61.0,60.0,54.0,54.0,53.0,53.0,53.0
real,300,gulf,2,Analytic,0,crossing,3,118,341,0.2282841692712967,340.0,340.0,339.0,338.0,337.0,337.0,336.0,336.0,335.0,334.0,334.0,182.0,181.0,181.0,180.0,179.0,178.0,177.0,176.0,176.0
real,300,gulf,2,Analytic,0,crossing,4,125,26,1.4326964715792176,25.0,24.0,23.0,23.0,22.0,21.0,20.0,19.0,18.0,17.0,16.0,14.0,13.0,12.0,12.0,12.0,12.0,11.0,11.0,11.0
real,300,gulf,2,Analytic,0,crossing,5,135,80,0.18971089752632656,79.0,78.0,77.0,77.0,76.0,76.0,75.0,75.0,75.0,74.0,74.0,74.0,74.0,74.0,74.0,74.0,74.0,74.0,74.0,74.0
real,300,gulf,2,Analytic,0,crossing,6,266,19,0.45031263661165116,18.0,17.0,15.0,15.0,14.0,13.0,12.0,11.0,10.0,10.0,9.0,9.0,8.0,8.0,8.0,7.0,7.0,6.0,6.0,6.0
real,300,gulf,2,Analytic,0,crossing,7,308,19,1.632063369399551,18.0,17.0,16.0,15.0,14.0,13.0,12.0,11.0,10.0,9.0,7.0,6.0,6.0,6.0,6.0,6.0,6.0,6.0,6.0,6.0
real,300,gulf,2,Analytic,0,crossing,8,343,66,0.42453972705923393,66.0,64.0,61.0,61.0,61.0,61.0,60.0,60.0,60.0,41.0,41.0,40.0,40.0,32.0,32.0,31.0,31.0,31.0,31.0,23.0
real,300,gulf,2,Analytic,0,crossing,9,347,37,0.4178511667999841,36.0,35.0,34.0,33.0,32.0,31.0,31.0,30.0,29.0,29.0,28.0,28.0,27.0,27.0,25.0,25.0,24.0,23.0,22.0,21.0
real,300,gulf,2,Analytic,0,crossing,10,362,27,0.8176574377526744,26.0,26.0,25.0,25.0,25.0,25.0,18.0,18.0,17.0,17.0,16.0,16.0,16.0,15.0,15.0,14.0,14.0,14.0,13.0,12.0
real,300,gulf,2,Analytic,0,crossing,11,393,66,0.2825890507086811,65.0,56.0,56.0,55.0,50.0,49.0,49.0,49.0,49.0,48.0,48.0,48.0,48.0,48.0,47.0,12.0,11.0,10.0,10.0,9.0
real,300,gulf,2,Analytic,0,crossing,12,403,537,0.19004891571194743,536.0,535.0,534.0,533.0,531.0,530.0,529.0,528.0,527.0,526.0,526.0,525.0,523.0,521.0,520.0,520.0,519.0,519.0,519.0,519.0
real,300,gulf,2,Analytic,0,crossing,13,426,64,0.4926986976627866,63.0,62.0,61.0,60.0,59.0,58.0,57.0,56.0,55.0,54.0,53.0,52.0,51.0,51.0,51.0,50.0,50.0,50.0,49.0,49.0
real,300,gulf,2,Analytic,0,crossing,14,438,36,0.8456863371826169,35.0,34.0,33.0,32.0,31.0,30.0,29.0,28.0,28.0,27.0,26.0,25.0,25.0,24.0,24.0,23.0,23.0,22.0,21.0,21.0
real,300,gulf,2,ConstVel,0,buffer,0,8,59,0.5632914606780262,49.0,48.0,47.0,46.0,45.0,43.0,43.0,41.0,40.0,39.0,38.0,37.0,36.0,35.0,22.0,22.0,22.0,22.0,22.0,22.0
real,300,gulf,2,ConstVel,0,buffer,1,67,17,0.27548812856731114,9.0,9.0,9.0,9.0,9.0,8.0,8.0,8.0,8.0,8.0,8.0,8.0,8.0,8.0,8.0,8.0,8.0,8.0,8.0,8.0
real,300,gulf,2,ConstVel,0,buffer,2,117,74,1.1893630132920272,70.0,69.0,68.0,67.0,66.0,65.0,64.0,63.0,62.0,61.0,60.0,60.0,60.0,59.0,52.0,51.0,50.0,50.0,50.0,50.0
real,300,gulf,2,ConstVel,0,buffer,3,118,341,0.2282841692712967,332.0,331.0,331.0,181.0,181.0,180.0,180.0,178.0,177.0,176.0,175.0,174.0,174.0,172.0,172.0,172.0,171.0,170.0,168.0,167.0
real,300,gulf,2,ConstVel,0,buffer,4,125,26,1.4326964715792176,24.0,23.0,22.0,21.0,20.0,19.0,19.0,18.0,17.0,16.0,15.0,13.0,10.0,9.0,9.0,9.0,9.0,9.0,9.0,8.0
real,300,gulf,2,ConstVel,0,buffer,5,135,80,0.18971089752632656,74.0,73.0,73.0,73.0,73.0,73.0,73.0,72.0,72.0,72.0,72.0,72.0,72.0,72.0,72.0,72.0,72.0,72.0,72.0,72.0
real,300,gulf,2,ConstVel,0,buffer,6,266,19,0.45031263661165116,12.0,11.0,10.0,9.0,8.0,7.0,7.0,7.0,7.0,6.0,6.0,6.0,6.0,6.0,6.0,6.0,6.0,6.0,6.0,6.0
real,300,gulf,2,ConstVel,0,buffer,7,308,19,1.632063369399551,16.0,15.0,14.0,13.0,12.0,11.0,10.0,10.0,9.0,8.0,6.0,6.0,6.0,6.0,6.0,6.0,6.0,6.0,6.0,6.0
real,300,gulf,2,ConstVel,0,buffer,8,343,66,0.42453972705923393,49.0,41.0,40.0,40.0,39.0,39.0,36.0,35.0,31.0,30.0,29.0,29.0,29.0,29.0,22.0,21.0,20.0,20.0,20.0,20.0
real,300,gulf,2,ConstVel,0,buffer,9,347,37,0.4178511667999841,25.0,24.0,24.0,23.0,21.0,20.0,19.0,19.0,18.0,17.0,16.0,16.0,15.0,12.0,12.0,12.0,12.0,12.0,12.0,12.0
real,300,gulf,2,ConstVel,0,buffer,10,362,27,0.8176574377526744,24.0,23.0,22.0,18.0,17.0,16.0,15.0,15.0,15.0,14.0,14.0,13.0,13.0,13.0,12.0,10.0,10.0,10.0,9.0,7.0
real,300,gulf,2,ConstVel,0,buffer,11,393,66,0.2825890507086811,47.0,46.0,45.0,45.0,42.0,42.0,42.0,42.0,38.0,23.0,12.0,11.0,11.0,9.0,8.0,6.0,6.0,6.0,6.0,6.0
real,300,gulf,2,ConstVel,0,buffer,12,403,537,0.19004891571194743,534.0,533.0,532.0,531.0,530.0,527.0,526.0,525.0,525.0,525.0,524.0,522.0,520.0,519.0,519.0,517.0,517.0,516.0,516.0,516.0
real,300,gulf,2,ConstVel,0,buffer,13,426,64,0.4926986976627866,61.0,60.0,59.0,58.0,57.0,57.0,56.0,55.0,53.0,52.0,51.0,50.0,49.0,48.0,48.0,48.0,48.0,48.0,48.0,48.0
real,300,gulf,2,ConstVel,0,buffer,14,438,36,0.8456863371826169,31.0,30.0,29.0,28.0,27.0,26.0,25.0,24.0,24.0,23.0,23.0,22.0,21.0,20.0,20.0,19.0,19.0,18.0,16.0,16.0
real,300,gulf,2,ConstVel,0,crossing,0,8,59,0.5632914606780262,58.0,57.0,56.0,55.0,54.0,54.0,53.0,51.0,51.0,50.0,49.0,47.0,47.0,45.0,43.0,42.0,41.0,40.0,39.0,22.0
real,300,gulf,2,ConstVel,0,crossing,1,67,17,0.27548812856731114,16.0,15.0,14.0,14.0,12.0,11.0,10.0,10.0,10.0,10.0,10.0,10.0,9.0,9.0,9.0,9.0,9.0,9.0,9.0,9.0
real,300,gulf,2,ConstVel,0,crossing,2,117,74,1.1893630132920272,73.0,72.0,71.0,70.0,68.0,66.0,65.0,65.0,64.0,63.0,62.0,61.0,60.0,60.0,60.0,52.0,51.0,51.0,50.0,50.0
real,300,gulf,2,ConstVel,0,crossing,3,118,341,0.2282841692712967,340.0,339.0,338.0,338.0,336.0,336.0,336.0,335.0,334.0,181.0,181.0,181.0,181.0,181.0,181.0,180.0,178.0,177.0,176.0,175.0
real,300,gulf,2,ConstVel,0,crossing,4,125,26,1.4326964715792176,25.0,24.0,23.0,22.0,21.0,20.0,20.0,19.0,18.0,17.0,17.0,15.0,14.0,12.0,9.0,9.0,9.0,9.0,9.0,9.0
real,300,gulf,2,ConstVel,0,crossing,5,135,80,0.18971089752632656,79.0,78.0,77.0,77.0,74.0,74.0,73.0,73.0,73.0,73.0,73.0,73.0,73.0,73.0,73.0,73.0,73.0,73.0,73.0,73.0
real,300,gulf,2,ConstVel,0,crossing,6,266,19,0.45031263661165116,18.0,17.0,15.0,14.0,13.0,12.0,12.0,11.0,10.0,9.0,8.0,7.0,7.0,7.0,7.0,7.0,7.0,6.0,6.0,6.0
real,300,gulf,2,ConstVel,0,crossing,7,308,19,1.632063369399551,18.0,17.0,16.0,15.0,14.0,13.0,12.0,11.0,10.0,9.0,9.0,7.0,6.0,6.0,6.0,6.0,6.0,6.0,6.0,6.0
real,300,gulf,2,ConstVel,0,crossing,8,343,66,0.42453972705923393,66.0,61.0,61.0,60.0,60.0,60.0,60.0,40.0,40.0,40.0,39.0,39.0,31.0,30.0,30.0,29.0,29.0,29.0,22.0,22.0
real,300,gulf,2,ConstVel,0,crossing,9,347,37,0.4178511667999841,36.0,35.0,34.0,33.0,32.0,31.0,30.0,29.0,29.0,28.0,28.0,27.0,25.0,25.0,25.0,25.0,24.0,24.0,22.0,21.0
real,300,gulf,2,ConstVel,0,crossing,10,362,27,0.8176574377526744,26.0,25.0,25.0,25.0,24.0,24.0,18.0,17.0,16.0,16.0,15.0,15.0,15.0,14.0,14.0,14.0,13.0,13.0,13.0,12.0
real,300,gulf,2,ConstVel,0,crossing,11,393,66,0.2825890507086811,65.0,56.0,54.0,54.0,49.0,48.0,48.0,48.0,48.0,47.0,47.0,47.0,47.0,47.0,46.0,46.0,11.0,9.0,9.0,8.0
real,300,gulf,2,ConstVel,0,crossing,12,403,537,0.19004891571194743,536.0,535.0,534.0,533.0,532.0,531.0,530.0,527.0,526.0,525.0,525.0,525.0,524.0,520.0,519.0,519.0,519.0,517.0,517.0,516.0
real,300,gulf,2,ConstVel,0,crossing,13,426,64,0.4926986976627866,63.0,62.0,61.0,60.0,59.0,58.0,57.0,57.0,56.0,55.0,53.0,52.0,51.0,50.0,49.0,48.0,48.0,48.0,48.0,48.0
real,300,gulf,2,ConstVel,0,crossing,14,438,36,0.8456863371826169,35.0,34.0,33.0,32.0,31.0,30.0,29.0,28.0,27.0,26.0,25.0,25.0,24.0,24.0,23.0,22.0,22.0,21.0,20.0,20.0
real,300,gulf,2,Kalman,0,buffer,0,8,59,0.5632914606780262,49.0,48.0,47.0,46.0,45.0,43.0,42.0,41.0,40.0,39.0,38.0,37.0,36.0,35.0,33.0,33.0,32.0,32.0,24.0,24.0
real,300,gulf,2,Kalman,0,buffer,1,67,17,0.27548812856731114,10.0,9.0,9.0,9.0,9.0,9.0,9.0,9.0,9.0,8.0,8.0,8.0,8.0,8.0,8.0,8.0,8.0,8.0,8.0,8.0
real,300,gulf,2,Kalman,0,buffer,2,117,74,1.1893630132920272,70.0,69.0,68.0,67.0,66.0,65.0,64.0,63.0,62.0,61.0,61.0,60.0,60.0,59.0,52.0,52.0,51.0,51.0,51.0,51.0
real,300,gulf,2,Kalman,0,buffer,3,118,341,0.2282841692712967,332.0,331.0,331.0,181.0,181.0,180.0,179.0,178.0,177.0,176.0,175.0,174.0,174.0,173.0,172.0,172.0,171.0,169.0,168.0,167.0
real,300,gulf,2,Kalman,0,buffer,4,125,26,1.4326964715792176,24.0,23.0,22.0,21.0,20.0,19.0,19.0,18.0,17.0,16.0,14.0,13.0,11.0,10.0,10.0,10.0,9.0,9.0,9.0,9.0
real,300,gulf,2,Kalman,0,buffer,5,135,80,0.18971089752632656,74.0,74.0,73.0,73.0,73.0,73.0,73.0,73.0,73.0,73.0,72.0,72.0,72.0,72.0,72.0,72.0,72.0,72.0,72.0,72.0
real,300,gulf,2,Kalman,0,buffer,6,266,19,0.45031263661165116,12.0,11.0,10.0,9.0,8.0,8.0,7.0,7.0,7.0,6.0,6.0,6.0,6.0,6.0,6.0,6.0,6.0,6.0,6.0,6.0
real,300,gulf,2,Kalman,0,buffer,7,308,19,1.632063369399551,16.0,15.0,14.0,13.0,12.0,11.0,11.0,10.0,9.0,7.0,6.0,6.0,6.0,6.0,6.0,6.0,6.0,6.0,6.0,6.0
real,300,gulf,2,Kalman,0,buffer,8,343,66,0.42453972705923393,49.0,41.0,41.0,40.0,40.0,40.0,36.0,35.0,31.0,30.0,30.0,30.0,29.0,29.0,22.0,22.0,21.0,20.0,20.0,20.0
real,300,gulf,2,Kalman,0,buffer,9,347,37,0.4178511667999841,25.0,25.0,24.0,23.0,21.0,20.0,19.0,19.0,18.0,17.0,16.0,15.0,14.0,13.0,13.0,12.0,12.0,12.0,12.0,12.0
real,300,gulf,2,Kalman,0,buffer,10,362,27,0.8176574377526744,24.0,23.0,22.0,18.0,17.0,16.0,16.0,15.0,15.0,14.0,14.0,14.0,13.0,13.0,12.0,11.0,10.0,10.0,8.0,7.0
real,300,gulf,2,Kalman,0,buffer,11,393,66,0.2825890507086811,47.0,46.0,46.0,45.0,43.0,42.0,42.0,42.0,40.0,39.0,12.0,11.0,10.0,9.0,8.0,7.0,7.0,6.0,6.0,6.0
real,300,gulf,2,Kalman,0,buffer,12,403,537,0.19004891571194743,534.0,533.0,532.0,531.0,529.0,527.0,527.0,526.0,525.0,525.0,525.0,522.0,520.0,519.0,519.0,518.0,517.0,517.0,517.0,517.0
real,300,gulf,2,Kalman,0,buffer,13,426,64,0.4926986976627866,61.0,60.0,59.0,58.0,58.0,57.0,56.0,54.0,53.0,52.0,51.0,50.0,49.0,49.0,49.0,48.0,48.0,48.0,48.0,48.0
real,300,gulf,2,Kalman,0,buffer,14,438,36,0.8456863371826169,31.0,30.0,29.0,28.0,27.0,26.0,25.0,25.0,24.0,23.0,23.0,22.0,21.0,20.0,20.0,20.0,19.0,18.0,17.0,16.0
real,300,gulf,2,Kalman,0,crossing,0,8,59,0.5632914606780262,58.0,57.0,56.0,55.0,54.0,54.0,53.0,52.0,51.0,50.0,49.0,47.0,46.0,45.0,43.0,42.0,41.0,40.0,39.0,38.0
real,300,gulf,2,Kalman,0,crossing,1,67,17,0.27548812856731114,16.0,15.0,14.0,13.0,12.0,12.0,11.0,11.0,10.0,10.0,10.0,10.0,10.0,10.0,10.0,10.0,10.0,9.0,9.0,9.0
real,300,gulf,2,Kalman,0,crossing,2,117,74,1.1893630132920272,73.0,72.0,71.0,69.0,68.0,66.0,66.0,65.0,64.0,63.0,62.0,61.0,61.0,60.0,60.0,52.0,52.0,51.0,51.0,51.0
real,300,gulf,2,Kalman,0,crossing,3,118,341,0.2282841692712967,340.0,339.0,338.0,338.0,337.0,336.0,336.0,335.0,335.0,334.0,333.0,181.0,181.0,181.0,181.0,180.0,178.0,177.0,176.0,175.0
real,300,gulf,2,Kalman,0,crossing,4,125,26,1.4326964715792176,25.0,24.0,23.0,22.0,21.0,21.0,20.0,19.0,18.0,17.0,16.0,15.0,14.0,12.0,10.0,10.0,10.0,10.0,9.0,9.0
real,300,gulf,2,Kalman,0,crossing,5,135,80,0.18971089752632656,79.0,78.0,77.0,76.0,74.0,74.0,74.0,74.0,74.0,73.0,73.0,73.0,73.0,73.0,73.0,73.0,73.0,73.0,73.0,73.0
real,300,gulf,2,Kalman,0,crossing,6,266,19,0.45031263661165116,18.0,17.0,15.0,14.0,13.0,13.0,12.0,11.0,10.0,9.0,8.0,8.0,7.0,7.0,7.0,7.0,7.0,6.0,6.0,6.0
real,300,gulf,2,Kalman,0,crossing,7,308,19,1.632063369399551,18.0,17.0,16.0,15.0,14.0,13.0,12.0,11.0,10.0,10.0,9.0,6.0,6.0,6.0,6.0,6.0,6.0,6.0,6.0,6.0
real,300,gulf,2,Kalman,0,crossing,8,343,66,0.42453972705923393,66.0,61.0,61.0,61.0,60.0,60.0,60.0,41.0,40.0,40.0,40.0,40.0,40.0,31.0,30.0,30.0,30.0,29.0,22.0,22.0
real,300,gulf,2,Kalman,0,crossing,9,347,37,0.4178511667999841,36.0,35.0,34.0,33.0,32.0,31.0,30.0,29.0,29.0,28.0,28.0,27.0,27.0,25.0,25.0,25.0,24.0,24.0,22.0,21.0
real,300,gulf,2,Kalman,0,crossing,10,362,27,0.8176574377526744,26.0,25.0,25.0,25.0,24.0,24.0,18.0,17.0,17.0,16.0,15.0,15.0,15.0,15.0,14.0,14.0,14.0,13.0,13.0,12.0
real,300,gulf,2,Kalman,0,crossing,11,393,66,0.2825890507086811,65.0,56.0,55.0,54.0,49.0,49.0,48.0,48.0,48.0,48.0,47.0,47.0,47.0,47.0,47.0,12.0,11.0,10.0,9.0,8.0
real,300,gulf,2,Kalman,0,crossing,12,403,537,0.19004891571194743,536.0,535.0,534.0,533.0,532.0,531.0,529.0,527.0,526.0,526.0,525.0,525.0,525.0,522.0,520.0,519.0,519.0,518.0,517.0,517.0
real,300,gulf,2,Kalman,0,crossing,13,426,64,0.4926986976627866,63.0,62.0,61.0,60.0,59.0,58.0,57.0,57.0,55.0,54.0,53.0,52.0,51.0,50.0,49.0,49.0,49.0,48.0,48.0,48.0
real,300,gulf,2,Kalman,0,crossing,14,438,36,0.8456863371826169,35.0,34.0,33.0,32.0,31.0,30.0,29.0,28.0,27.0,26.0,26.0,25.0,24.0,24.0,23.0,23.0,22.0,21.0,21.0,20.0
real,300,gulf,2,LSTM-rec,0,buffer,0,8,59,0.5632914606780262,49.0,48.0,47.0,46.0,46.0,45.0,44.0,43.0,43.0,42.0,41.0,41.0,40.0,40.0,39.0,38.0,38.0,37.0,37.0,36.0
real,300,gulf,2,LSTM-rec,0,buffer,1,67,17,0.27548812856731114,10.0,9.0,9.0,9.0,9.0,9.0,9.0,9.0,9.0,9.0,9.0,9.0,9.0,9.0,9.0,9.0,9.0,9.0,9.0,9.0
real,300,gulf,2,LSTM-rec,0,buffer,2,117,74,1.1893630132920272,70.0,69.0,68.0,67.0,66.0,65.0,65.0,64.0,64.0,63.0,63.0,62.0,61.0,61.0,60.0,60.0,60.0,60.0,59.0,59.0
real,300,gulf,2,LSTM-rec,0,buffer,3,118,341,0.2282841692712967,332.0,331.0,331.0,331.0,181.0,181.0,181.0,180.0,180.0,178.0,178.0,177.0,177.0,176.0,176.0,175.0,174.0,174.0,174.0,173.0
real,300,gulf,2,LSTM-rec,0,buffer,4,125,26,1.4326964715792176,24.0,23.0,22.0,22.0,21.0,20.0,20.0,19.0,19.0,18.0,18.0,17.0,17.0,16.0,16.0,15.0,15.0,15.0,14.0,13.0
real,300,gulf,2,LSTM-rec,0,buffer,5,135,80,0.18971089752632656,74.0,74.0,73.0,73.0,73.0,73.0,73.0,73.0,73.0,72.0,72.0,72.0,72.0,72.0,72.0,71.0,23.0,6.0,6.0,6.0
real,300,gulf,2,LSTM-rec,0,buffer,6,266,19,0.45031263661165116,12.0,11.0,11.0,10.0,9.0,9.0,8.0,8.0,7.0,7.0,7.0,7.0,7.0,6.0,6.0,6.0,6.0,6.0,6.0,6.0
real,300,gulf,2,LSTM-rec,0,buffer,7,308,19,1.632063369399551,16.0,15.0,15.0,14.0,13.0,12.0,12.0,11.0,10.0,10.0,9.0,9.0,8.0,7.0,6.0,6.0,6.0,6.0,6.0,6.0
real,300,gulf,2,LSTM-rec,0,buffer,8,343,66,0.42453972705923393,49.0,48.0,41.0,40.0,40.0,40.0,40.0,39.0,39.0,36.0,35.0,31.0,31.0,31.0,30.0,30.0,30.0,30.0,30.0,30.0
real,300,gulf,2,LSTM-rec,0,buffer,9,347,37,0.4178511667999841,25.0,25.0,24.0,23.0,22.0,21.0,21.0,20.0,19.0,19.0,18.0,17.0,17.0,16.0,16.0,15.0,14.0,13.0,12.0,12.0
real,300,gulf,2,LSTM-rec,0,buffer,10,362,27,0.8176574377526744,24.0,23.0,22.0,18.0,17.0,16.0,16.0,15.0,15.0,14.0,14.0,13.0,12.0,11.0,10.0,9.0,8.0,7.0,6.0,6.0
real,300,gulf,2,LSTM-rec,0,buffer,11,393,66,0.2825890507086811,47.0,46.0,46.0,45.0,45.0,45.0,42.0,42.0,42.0,42.0,42.0,40.0,39.0,29.0,12.0,11.0,11.0,10.0,9.0,9.0
real,300,gulf,2,LSTM-rec,0,buffer,12,403,537,0.19004891571194743,534.0,533.0,532.0,531.0,531.0,530.0,528.0,527.0,527.0,527.0,526.0,526.0,526.0,525.0,525.0,525.0,525.0,522.0,522.0,522.0
real,300,gulf,2,LSTM-rec,0,buffer,13,426,64,0.4926986976627866,61.0,61.0,60.0,59.0,58.0,58.0,57.0,57.0,56.0,55.0,55.0,54.0,53.0,53.0,52.0,52.0,51.0,51.0,50.0,50.0
real,300,gulf,2,LSTM-rec,0,buffer,14,438,36,0.8456863371826169,31.0,30.0,29.0,29.0,28.0,27.0,27.0,26.0,26.0,25.0,25.0,24.0,24.0,24.0,24.0,23.0,23.0,23.0,22.0,22.0
real,300,gulf,2,LSTM-rec,0,crossing,0,8,59,0.5632914606780262,58.0,57.0,57.0,56.0,55.0,55.0,54.0,53.0,53.0,52.0,52.0,51.0,51.0,50.0,49.0,49.0,48.0,47.0,47.0,46.0
real,300,gulf,2,LSTM-rec,0,crossing,1,67,17,0.27548812856731114,16.0,15.0,15.0,14.0,14.0,13.0,13.0,12.0,12.0,12.0,11.0,11.0,11.0,11.0,11.0,11.0,11.0,10.0,10.0,10.0
real,300,gulf,2,LSTM-rec,0,crossing,2,117,74,1.1893630132920272,73.0,72.0,71.0,70.0,69.0,67.0,66.0,66.0,65.0,65.0,64.0,64.0,63.0,63.0,62.0,61.0,61.0,61.0,60.0,60.0
real,300,gulf,2,LSTM-rec,0,crossing,3,118,341,0.2282841692712967,340.0,340.0,339.0,338.0,338.0,337.0,336.0,336.0,336.0,336.0,335.0,335.0,335.0,334.0,334.0,181.0,181.0,181.0,181.0,181.0
real,300,gulf,2,LSTM-rec,0,crossing,4,125,26,1.4326964715792176,26.0,25.0,24.0,23.0,22.0,21.0,21.0,20.0,20.0,19.0,19.0,19.0,18.0,18.0,17.0,17.0,16.0,16.0,16.0,15.0
real,300,gulf,2,LSTM-rec,0,crossing,5,135,80,0.18971089752632656,80.0,79.0,78.0,77.0,76.0,75.0,74.0,74.0,74.0,74.0,74.0,73.0,73.0,73.0,73.0,73.0,73.0,73.0,73.0,73.0
real,300,gulf,2,LSTM-rec,0,crossing,6,266,19,0.45031263661165116,18.0,17.0,16.0,15.0,14.0,14.0,13.0,13.0,12.0,12.0,11.0,11.0,10.0,10.0,9.0,9.0,8.0,8.0,8.0,8.0
real,300,gulf,2,LSTM-rec,0,crossing,7,308,19,1.632063369399551,18.0,17.0,16.0,15.0,15.0,14.0,13.0,12.0,12.0,11.0,11.0,10.0,10.0,9.0,9.0,8.0,7.0,7.0,6.0,6.0
real,300,gulf,2,LSTM-rec,0,crossing,8,343,66,0.42453972705923393,66.0,61.0,61.0,61.0,60.0,60.0,60.0,60.0,60.0,60.0,41.0,41.0,40.0,40.0,40.0,40.0,40.0,40.0,40.0,39.0
real,300,gulf,2,LSTM-rec,0,crossing,9,347,37,0.4178511667999841,36.0,35.0,35.0,34.0,33.0,32.0,32.0,31.0,30.0,30.0,29.0,29.0,29.0,28.0,28.0,27.0,27.0,27.0,25.0,25.0
real,300,gulf,2,LSTM-rec,0,crossing,10,362,27,0.8176574377526744,26.0,25.0,25.0,25.0,25.0,24.0,18.0,18.0,17.0,16.0,16.0,15.0,15.0,14.0,14.0,14.0,13.0,12.0,11.0,10.0
real,300,gulf,2,LSTM-rec,0,crossing,11,393,66,0.2825890507086811,65.0,56.0,56.0,54.0,54.0,49.0,49.0,49.0,48.0,48.0,48.0,48.0,48.0,48.0,48.0,47.0,47.0,47.0,47.0,47.0
real,300,gulf,2,LSTM-rec,0,crossing,12,403,537,0.19004891571194743,536.0,535.0,534.0,534.0,533.0,532.0,531.0,531.0,530.0,528.0,527.0,527.0,527.0,526.0,526.0,526.0,526.0,525.0,525.0,525.0
real,300,gulf,2,LSTM-rec,0,crossing,13,426,64,0.4926986976627866,63.0,62.0,62.0,61.0,60.0,59.0,59.0,58.0,58.0,57.0,57.0,56.0,56.0,55.0,55.0,54.0,53.0,53.0,52.0,52.0
real,300,gulf,2,LSTM-rec,0,crossing,14,438,36,0.8456863371826169,35.0,34.0,33.0,32.0,32.0,31.0,30.0,30.0,29.0,29.0,29.0,28.0,28.0,27.0,27.0,27.0,26.0,26.0,26.0,25.0
real,300,gulf,2,LSTM-ms,0,buffer,0,8,59,0.5632914606780262,50.0,50.0,50.0,50.0,50.0,50.0,50.0,50.0,50.0,49.0,49.0,49.0,49.0,49.0,49.0,49.0,49.0,49.0,49.0,49.0
real,300,gulf,2,LSTM-ms,0,buffer,1,67,17,0.27548812856731114,10.0,10.0,10.0,10.0,10.0,10.0,10.0,10.0,10.0,10.0,10.0,10.0,10.0,10.0,10.0,10.0,10.0,10.0,10.0,10.0
real,300,gulf,2,LSTM-ms,0,buffer,2,117,74,1.1893630132920272,71.0,70.0,69.0,68.0,68.0,67.0,67.0,66.0,66.0,66.0,65.0,65.0,65.0,64.0,64.0,64.0,64.0,63.0,63.0,63.0
real,300,gulf,2,LSTM-ms,0,buffer,3,118,341,0.2282841692712967,333.0,333.0,333.0,333.0,333.0,333.0,333.0,333.0,333.0,333.0,333.0,333.0,333.0,333.0,333.0,333.0,333.0,333.0,333.0,333.0
real,300,gulf,2,LSTM-ms,0,buffer,4,125,26,1.4326964715792176,24.0,24.0,23.0,22.0,22.0,21.0,21.0,21.0,20.0,20.0,20.0,19.0,19.0,19.0,18.0,18.0,18.0,18.0,17.0,17.0
real,300,gulf,2,LSTM-ms,0,buffer,5,135,80,0.18971089752632656,75.0,75.0,75.0,74.0,74.0,74.0,74.0,74.0,74.0,74.0,74.0,74.0,74.0,74.0,74.0,74.0,74.0,74.0,74.0,74.0
real,300,gulf,2,LSTM-ms,0,buffer,6,266,19,0.45031263661165116,13.0,12.0,12.0,12.0,12.0,11.0,11.0,11.0,11.0,11.0,10.0,10.0,10.0,10.0,10.0,10.0,10.0,10.0,10.0,10.0
real,300,gulf,2,LSTM-ms,0,buffer,7,308,19,1.632063369399551,17.0,16.0,15.0,15.0,14.0,14.0,13.0,13.0,12.0,12.0,12.0,11.0,11.0,11.0,10.0,10.0,10.0,9.0,9.0,8.0
real,300,gulf,2,LSTM-ms,0,buffer,8,343,66,0.42453972705923393,50.0,50.0,50.0,50.0,50.0,50.0,50.0,50.0,50.0,41.0,41.0,41.0,41.0,41.0,41.0,41.0,41.0,41.0,41.0,41.0
real,300,gulf,2,LSTM-ms,0,buffer,9,347,37,0.4178511667999841,26.0,26.0,26.0,26.0,26.0,26.0,26.0,26.0,26.0,26.0,26.0,26.0,26.0,26.0,26.0,26.0,26.0,26.0,26.0,26.0
real,300,gulf,2,LSTM-ms,0,buffer,10,362,27,0.8176574377526744,24.0,24.0,24.0,24.0,24.0,24.0,19.0,18.0,18.0,18.0,18.0,17.0,17.0,17.0,17.0,17.0,17.0,16.0,16.0,16.0
real,300,gulf,2,LSTM-ms,0,buffer,11,393,66,0.2825890507086811,48.0,48.0,48.0,48.0,48.0,48.0,48.0,48.0,48.0,48.0,48.0,48.0,48.0,48.0,48.0,48.0,48.0,48.0,48.0,48.0
real,300,gulf,2,LSTM-ms,0,buffer,12,403,537,0.19004891571194743,534.0,533.0,533.0,532.0,532.0,531.0,531.0,530.0,529.0,529.0,528.0,528.0,527.0,527.0,527.0,527.0,526.0,526.0,526.0,526.0
real,300,gulf,2,LSTM-ms,0,buffer,13,426,64,0.4926986976627866,62.0,61.0,60.0,60.0,59.0,59.0,59.0,58.0,58.0,57.0,57.0,57.0,56.0,56.0,55.0,55.0,55.0,54.0,54.0,53.0
real,300,gulf,2,LSTM-ms,0,buffer,14,438,36,0.8456863371826169,31.0,31.0,30.0,30.0,30.0,29.0,29.0,29.0,29.0,28.0,28.0,28.0,28.0,28.0,28.0,27.0,27.0,27.0,27.0,27.0
real,300,gulf,2,LSTM-ms,0,crossing,0,8,59,0.5632914606780262,59.0,59.0,59.0,59.0,59.0,59.0,59.0,59.0,59.0,58.0,58.0,58.0,58.0,58.0,58.0,58.0,58.0,58.0,58.0,58.0
real,300,gulf,2,LSTM-ms,0,crossing,1,67,17,0.27548812856731114,16.0,16.0,16.0,16.0,16.0,16.0,16.0,16.0,15.0,15.0,15.0,15.0,15.0,15.0,15.0,15.0,15.0,15.0,15.0,15.0
real,300,gulf,2,LSTM-ms,0,crossing,2,117,74,1.1893630132920272,73.0,72.0,72.0,71.0,70.0,70.0,69.0,68.0,68.0,67.0,67.0,66.0,66.0,66.0,66.0,65.0,65.0,65.0,65.0,64.0
real,300,gulf,2,LSTM-ms,0,crossing,3,118,341,0.2282841692712967,341.0,341.0,341.0,341.0,341.0,341.0,340.0,340.0,340.0,340.0,340.0,340.0,340.0,340.0,340.0,340.0,340.0,340.0,340.0,339.0
real,300,gulf,2,LSTM-ms,0,crossing,4,125,26,1.4326964715792176,26.0,25.0,24.0,24.0,23.0,23.0,22.0,22.0,22.0,21.0,21.0,21.0,20.0,20.0,20.0,20.0,19.0,19.0,19.0,18.0
real,300,gulf,2,LSTM-ms,0,crossing,5,135,80,0.18971089752632656,80.0,80.0,79.0,79.0,78.0,78.0,78.0,77.0,77.0,77.0,77.0,77.0,76.0,76.0,76.0,76.0,76.0,76.0,76.0,76.0
real,300,gulf,2,LSTM-ms,0,crossing,6,266,19,0.45031263661165116,18.0,18.0,17.0,17.0,17.0,17.0,16.0,16.0,16.0,15.0,15.0,15.0,15.0,15.0,15.0,15.0,15.0,14.0,14.0,14.0
real,300,gulf,2,LSTM-ms,0,crossing,7,308,19,1.632063369399551,18.0,17.0,17.0,16.0,16.0,15.0,15.0,14.0,14.0,13.0,13.0,13.0,12.0,12.0,12.0,11.0,11.0,11.0,11.0,10.0
real,300,gulf,2,LSTM-ms,0,crossing,8,343,66,0.42453972705923393,67.0,67.0,67.0,67.0,67.0,67.0,67.0,67.0,67.0,67.0,67.0,67.0,67.0,67.0,67.0,67.0,67.0,67.0,67.0,67.0
real,300,gulf,2,LSTM-ms,0,crossing,9,347,37,0.4178511667999841,37.0,37.0,37.0,37.0,37.0,37.0,37.0,37.0,37.0,37.0,37.0,37.0,37.0,37.0,37.0,37.0,37.0,37.0,37.0,37.0
real,300,gulf,2,LSTM-ms,0,crossing,10,362,27,0.8176574377526744,26.0,26.0,26.0,26.0,25.0,25.0,25.0,25.0,25.0,25.0,25.0,25.0,25.0,25.0,25.0,25.0,25.0,18.0,18.0,18.0
real,300,gulf,2,LSTM-ms,0,crossing,11,393,66,0.2825890507086811,66.0,66.0,66.0,66.0,66.0,66.0,66.0,66.0,66.0,66.0,66.0,66.0,66.0,66.0,66.0,66.0,66.0,66.0,66.0,66.0
real,300,gulf,2,LSTM-ms,0,crossing,12,403,537,0.19004891571194743,536.0,535.0,535.0,534.0,534.0,533.0,533.0,533.0,532.0,531.0,531.0,530.0,530.0,529.0,528.0,528.0,528.0,527.0,527.0,527.0
real,300,gulf,2,LSTM-ms,0,crossing,13,426,64,0.4926986976627866,64.0,63.0,62.0,62.0,61.0,61.0,60.0,60.0,59.0,59.0,59.0,58.0,58.0,58.0,57.0,57.0,57.0,57.0,56.0,56.0
real,300,gulf,2,LSTM-ms,0,crossing,14,438,36,0.8456863371826169,35.0,34.0,34.0,34.0,33.0,33.0,33.0,32.0,32.0,32.0,32.0,31.0,31.0,31.0,31.0,31.0,31.0,30.0,30.0,30.0
real,300,gulf,2,LSTM-rec,1,buffer,0,8,59,0.5632914606780262,49.0,48.0,46.0,45.0,44.0,43.0,41.0,40.0,39.0,38.0,37.0,35.0,34.0,22.0,22.0,22.0,22.0,22.0,22.0,22.0
real,300,gulf,2,LSTM-rec,1,buffer,1,67,17,0.27548812856731114,10.0,9.0,9.0,9.0,8.0,8.0,8.0,7.0,7.0,7.0,7.0,7.0,6.0,6.0,6.0,6.0,6.0,6.0,6.0,6.0
real,300,gulf,2,LSTM-rec,1,buffer,2,117,74,1.1893630132920272,70.0,69.0,68.0,67.0,66.0,65.0,65.0,64.0,63.0,62.0,61.0,61.0,60.0,60.0,60.0,59.0,58.0,57.0,56.0,55.0
real,300,gulf,2,LSTM-rec,1,buffer,3,118,341,0.2282841692712967,332.0,331.0,331.0,181.0,181.0,180.0,178.0,177.0,176.0,175.0,174.0,172.0,171.0,170.0,168.0,167.0,166.0,163.0,161.0,160.0
real,300,gulf,2,LSTM-rec,1,buffer,4,125,26,1.4326964715792176,24.0,23.0,22.0,21.0,21.0,20.0,19.0,19.0,18.0,17.0,17.0,16.0,16.0,15.0,15.0,13.0,13.0,12.0,11.0,11.0
real,300,gulf,2,LSTM-rec,1,buffer,5,135,80,0.18971089752632656,74.0,74.0,73.0,73.0,73.0,73.0,72.0,72.0,72.0,6.0,6.0,6.0,6.0,6.0,6.0,6.0,6.0,6.0,6.0,6.0
real,300,gulf,2,LSTM-rec,1,buffer,6,266,19,0.45031263661165116,12.0,11.0,10.0,9.0,8.0,8.0,7.0,7.0,6.0,6.0,6.0,6.0,6.0,6.0,6.0,6.0,6.0,6.0,6.0,6.0
real,300,gulf,2,LSTM-rec,1,buffer,7,308,19,1.632063369399551,16.0,15.0,15.0,14.0,13.0,12.0,11.0,10.0,10.0,9.0,9.0,8.0,7.0,6.0,6.0,6.0,6.0,6.0,6.0,6.0
real,300,gulf,2,LSTM-rec,1,buffer,8,343,66,0.42453972705923393,49.0,46.0,41.0,40.0,40.0,39.0,36.0,35.0,31.0,31.0,30.0,30.0,29.0,29.0,22.0,22.0,22.0,21.0,20.0,20.0
real,300,gulf,2,LSTM-rec,1,buffer,9,347,37,0.4178511667999841,25.0,24.0,23.0,21.0,20.0,19.0,17.0,16.0,14.0,12.0,12.0,11.0,10.0,8.0,8.0,7.0,6.0,6.0,6.0,6.0
real,300,gulf,2,LSTM-rec,1,buffer,10,362,27,0.8176574377526744,24.0,23.0,19.0,18.0,17.0,16.0,15.0,15.0,14.0,13.0,12.0,10.0,9.0,8.0,6.0,6.0,6.0,6.0,6.0,6.0
real,300,gulf,2,LSTM-rec,1,buffer,11,393,66,0.2825890507086811,47.0,46.0,45.0,43.0,42.0,42.0,39.0,38.0,29.0,24.0,12.0,11.0,10.0,9.0,7.0,6.0,6.0,6.0,6.0,6.0
real,300,gulf,2,LSTM-rec,1,buffer,12,403,537,0.19004891571194743,534.0,533.0,532.0,531.0,530.0,528.0,527.0,527.0,527.0,526.0,526.0,525.0,525.0,524.0,522.0,522.0,522.0,520.0,520.0,519.0
real,300,gulf,2,LSTM-rec,1,buffer,13,426,64,0.4926986976627866,61.0,61.0,60.0,59.0,58.0,57.0,57.0,56.0,55.0,54.0,53.0,53.0,52.0,51.0,50.0,49.0,49.0,48.0,48.0,48.0
real,300,gulf,2,LSTM-rec,1,buffer,14,438,36,0.8456863371826169,31.0,30.0,29.0,28.0,27.0,27.0,26.0,25.0,24.0,24.0,23.0,22.0,21.0,21.0,20.0,20.0,19.0,18.0,16.0,16.0
real,300,gulf,2,LSTM-rec,1,crossing,0,8,59,0.5632914606780262,58.0,57.0,56.0,55.0,54.0,53.0,51.0,50.0,49.0,48.0,46.0,45.0,43.0,41.0,40.0,39.0,37.0,36.0,22.0,22.0
real,300,gulf,2,LSTM-rec,1,crossing,1,67,17,0.27548812856731114,16.0,15.0,14.0,13.0,12.0,12.0,11.0,11.0,10.0,10.0,10.0,10.0,9.0,9.0,9.0,9.0,9.0,8.0,8.0,8.0
real,300,gulf,2,LSTM-rec,1,crossing,2,117,74,1.1893630132920272,73.0,72.0,71.0,70.0,68.0,67.0,66.0,65.0,65.0,64.0,63.0,63.0,62.0,61.0,61.0,60.0,60.0,60.0,59.0,58.0
real,300,gulf,2,LSTM-rec,1,crossing,3,118,341,0.2282841692712967,340.0,339.0,338.0,337.0,336.0,336.0,335.0,334.0,333.0,181.0,181.0,181.0,180.0,178.0,177.0,175.0,174.0,173.0,172.0,170.0
real,300,gulf,2,LSTM-rec,1,crossing,4,125,26,1.4326964715792176,25.0,25.0,24.0,23.0,22.0,21.0,20.0,20.0,19.0,19.0,18.0,18.0,17.0,17.0,16.0,15.0,15.0,14.0,13.0,12.0
real,300,gulf,2,LSTM-rec,1,crossing,5,135,80,0.18971089752632656,79.0,78.0,77.0,76.0,74.0,74.0,74.0,74.0,73.0,73.0,73.0,73.0,73.0,72.0,72.0,72.0,71.0,6.0,6.0,6.0
real,300,gulf,2,LSTM-rec,1,crossing,6,266,19,0.45031263661165116,18.0,16.0,15.0,14.0,14.0,13.0,12.0,11.0,10.0,9.0,8.0,8.0,7.0,7.0,7.0,6.0,6.0,6.0,6.0,6.0
real,300,gulf,2,LSTM-rec,1,crossing,7,308,19,1.632063369399551,18.0,17.0,16.0,15.0,14.0,14.0,13.0,12.0,11.0,10.0,10.0,9.0,9.0,8.0,7.0,6.0,6.0,6.0,6.0,6.0
real,300,gulf,2,LSTM-rec,1,crossing,8,343,66,0.42453972705923393,65.0,61.0,61.0,60.0,60.0,60.0,55.0,41.0,40.0,40.0,40.0,40.0,36.0,31.0,31.0,30.0,30.0,30.0,23.0,22.0
real,300,gulf,2,LSTM-rec,1,crossing,9,347,37,0.4178511667999841,36.0,35.0,34.0,33.0,31.0,30.0,29.0,28.0,27.0,27.0,25.0,23.0,21.0,19.0,18.0,16.0,14.0,12.0,12.0,11.0
real,300,gulf,2,LSTM-rec,1,crossing,10,362,27,0.8176574377526744,26.0,25.0,25.0,25.0,25.0,24.0,18.0,17.0,16.0,15.0,15.0,14.0,14.0,13.0,11.0,10.0,8.0,6.0,6.0,6.0
real,300,gulf,2,LSTM-rec,1,crossing,11,393,66,0.2825890507086811,65.0,56.0,54.0,54.0,49.0,49.0,48.0,48.0,47.0,47.0,46.0,46.0,42.0,42.0,12.0,11.0,11.0,9.0,7.0,7.0
real,300,gulf,2,LSTM-rec,1,crossing,12,403,537,0.19004891571194743,536.0,535.0,534.0,533.0,532.0,532.0,531.0,529.0,527.0,527.0,527.0,526.0,526.0,526.0,525.0,525.0,524.0,522.0,522.0,522.0
real,300,gulf,2,LSTM-rec,1,crossing,13,426,64,0.4926986976627866,63.0,62.0,61.0,61.0,60.0,59.0,58.0,58.0,57.0,56.0,56.0,55.0,54.0,53.0,52.0,52.0,51.0,49.0,49.0,49.0
real,300,gulf,2,LSTM-rec,1,crossing,14,438,36,0.8456863371826169,35.0,34.0,33.0,32.0,31.0,30.0,29.0,29.0,28.0,27.0,27.0,26.0,25.0,24.0,24.0,23.0,23.0,22.0,21.0,20.0
real,300,gulf,2,LSTM-ms,1,buffer,0,8,59,0.5632914606780262,48.0,47.0,45.0,44.0,43.0,42.0,42.0,41.0,40.0,39.0,38.0,37.0,37.0,37.0,36.0,36.0,36.0,35.0,34.0,33.0
real,300,gulf,2,LSTM-ms,1,buffer,1,67,17,0.27548812856731114,9.0,8.0,8.0,8.0,8.0,8.0,8.0,8.0,8.0,8.0,7.0,7.0,7.0,7.0,7.0,7.0,7.0,7.0,7.0,7.0
real,300,gulf,2,LSTM-ms,1,buffer,2,117,74,1.1893630132920272,70.0,69.0,68.0,67.0,66.0,66.0,65.0,65.0,64.0,63.0,63.0,63.0,62.0,62.0,61.0,61.0,61.0,60.0,60.0,60.0
real,300,gulf,2,LSTM-ms,1,buffer,3,118,341,0.2282841692712967,331.0,330.0,181.0,181.0,180.0,179.0,178.0,177.0,177.0,176.0,175.0,174.0,174.0,174.0,174.0,173.0,173.0,172.0,172.0,171.0
real,300,gulf,2,LSTM-ms,1,buffer,4,125,26,1.4326964715792176,24.0,23.0,22.0,22.0,21.0,20.0,20.0,19.0,19.0,18.0,18.0,17.0,17.0,17.0,16.0,16.0,15.0,15.0,14.0,14.0
real,300,gulf,2,LSTM-ms,1,buffer,5,135,80,0.18971089752632656,74.0,73.0,73.0,73.0,73.0,73.0,72.0,72.0,72.0,72.0,72.0,71.0,71.0,71.0,71.0,71.0,71.0,6.0,6.0,6.0
real,300,gulf,2,LSTM-ms,1,buffer,6,266,19,0.45031263661165116,12.0,11.0,10.0,9.0,8.0,7.0,7.0,7.0,6.0,6.0,6.0,6.0,6.0,6.0,6.0,6.0,6.0,6.0,6.0,6.0
real,300,gulf,2,LSTM-ms,1,buffer,7,308,19,1.632063369399551,16.0,15.0,15.0,14.0,13.0,13.0,12.0,11.0,11.0,10.0,10.0,9.0,9.0,9.0,8.0,7.0,7.0,6.0,6.0,6.0
real,300,gulf,2,LSTM-ms,1,buffer,8,343,66,0.42453972705923393,47.0,41.0,40.0,40.0,39.0,39.0,39.0,35.0,35.0,35.0,31.0,30.0,30.0,30.0,30.0,30.0,29.0,29.0,29.0,29.0
real,300,gulf,2,LSTM-ms,1,buffer,9,347,37,0.4178511667999841,24.0,22.0,21.0,20.0,19.0,18.0,17.0,16.0,15.0,14.0,13.0,12.0,12.0,12.0,12.0,12.0,12.0,11.0,11.0,11.0
real,300,gulf,2,LSTM-ms,1,buffer,10,362,27,0.8176574377526744,24.0,22.0,21.0,18.0,17.0,16.0,16.0,15.0,15.0,15.0,14.0,14.0,14.0,13.0,13.0,13.0,12.0,12.0,11.0,10.0
real,300,gulf,2,LSTM-ms,1,buffer,11,393,66,0.2825890507086811,46.0,45.0,42.0,42.0,42.0,40.0,39.0,38.0,29.0,29.0,28.0,23.0,23.0,23.0,23.0,11.0,11.0,10.0,10.0,9.0
real,300,gulf,2,LSTM-ms,1,buffer,12,403,537,0.19004891571194743,534.0,533.0,532.0,531.0,531.0,530.0,529.0,528.0,527.0,526.0,526.0,525.0,525.0,525.0,525.0,525.0,525.0,525.0,525.0,524.0
real,300,gulf,2,LSTM-ms,1,buffer,13,426,64,0.4926986976627866,61.0,61.0,60.0,59.0,58.0,58.0,57.0,57.0,56.0,55.0,55.0,54.0,54.0,53.0,52.0,52.0,52.0,52.0,51.0,51.0
real,300,gulf,2,LSTM-ms,1,buffer,14,438,36,0.8456863371826169,31.0,30.0,29.0,28.0,27.0,27.0,26.0,26.0,25.0,25.0,24.0,24.0,24.0,23.0,23.0,23.0,22.0,22.0,21.0,21.0
real,300,gulf,2,LSTM-ms,1,crossing,0,8,59,0.5632914606780262,57.0,56.0,55.0,54.0,53.0,52.0,52.0,51.0,50.0,49.0,48.0,47.0,47.0,47.0,46.0,46.0,45.0,44.0,43.0,42.0
real,300,gulf,2,LSTM-ms,1,crossing,1,67,17,0.27548812856731114,15.0,15.0,14.0,13.0,12.0,12.0,11.0,11.0,10.0,10.0,10.0,10.0,10.0,10.0,10.0,10.0,10.0,10.0,10.0,9.0
real,300,gulf,2,LSTM-ms,1,crossing,2,117,74,1.1893630132920272,73.0,72.0,71.0,70.0,69.0,68.0,67.0,66.0,66.0,65.0,65.0,64.0,64.0,63.0,63.0,63.0,62.0,62.0,62.0,61.0
real,300,gulf,2,LSTM-ms,1,crossing,3,118,341,0.2282841692712967,340.0,339.0,338.0,337.0,336.0,336.0,335.0,334.0,334.0,333.0,332.0,332.0,181.0,181.0,181.0,181.0,181.0,181.0,180.0,179.0
real,300,gulf,2,LSTM-ms,1,crossing,4,125,26,1.4326964715792176,25.0,25.0,24.0,23.0,22.0,22.0,21.0,21.0,20.0,20.0,19.0,19.0,19.0,18.0,18.0,18.0,17.0,17.0,16.0,16.0
real,300,gulf,2,LSTM-ms,1,crossing,5,135,80,0.18971089752632656,79.0,78.0,77.0,76.0,74.0,74.0,74.0,74.0,74.0,73.0,73.0,73.0,73.0,73.0,73.0,73.0,73.0,73.0,73.0,73.0
real,300,gulf,2,LSTM-ms,1,crossing,6,266,19,0.45031263661165116,17.0,16.0,15.0,14.0,13.0,13.0,12.0,12.0,11.0,10.0,9.0,9.0,9.0,8.0,8.0,8.0,8.0,7.0,7.0,7.0
real,300,gulf,2,LSTM-ms,1,crossing,7,308,19,1.632063369399551,18.0,17.0,16.0,15.0,15.0,14.0,14.0,13.0,12.0,12.0,11.0,11.0,10.0,10.0,10.0,9.0,9.0,9.0,8.0,7.0
real,300,gulf,2,LSTM-ms,1,crossing,8,343,66,0.42453972705923393,64.0,61.0,60.0,60.0,60.0,59.0,55.0,55.0,40.0,40.0,40.0,40.0,40.0,40.0,39.0,39.0,39.0,39.0,35.0,31.0
real,300,gulf,2,LSTM-ms,1,crossing,9,347,37,0.4178511667999841,35.0,34.0,32.0,31.0,30.0,30.0,29.0,29.0,28.0,27.0,27.0,25.0,25.0,25.0,25.0,25.0,24.0,24.0,22.0,21.0
real,300,gulf,2,LSTM-ms,1,crossing,10,362,27,0.8176574377526744,26.0,25.0,25.0,24.0,24.0,24.0,24.0,18.0,17.0,17.0,16.0,16.0,16.0,15.0,15.0,15.0,15.0,15.0,14.0,14.0
real,300,gulf,2,LSTM-ms,1,crossing,11,393,66,0.2825890507086811,56.0,54.0,54.0,49.0,49.0,48.0,48.0,48.0,48.0,47.0,47.0,47.0,47.0,47.0,46.0,46.0,46.0,46.0,45.0,42.0
real,300,gulf,2,LSTM-ms,1,crossing,12,403,537,0.19004891571194743,536.0,535.0,534.0,533.0,533.0,532.0,531.0,531.0,530.0,530.0,529.0,527.0,526.0,526.0,526.0,525.0,525.0,525.0,525.0,525.0
real,300,gulf,2,LSTM-ms,1,crossing,13,426,64,0.4926986976627866,63.0,62.0,62.0,61.0,60.0,59.0,59.0,58.0,58.0,57.0,57.0,56.0,56.0,55.0,55.0,55.0,54.0,53.0,53.0,52.0
real,300,gulf,2,LSTM-ms,1,crossing,14,438,36,0.8456863371826169,34.0,33.0,32.0,32.0,31.0,30.0,30.0,29.0,29.0,28.0,28.0,27.0,27.0,27.0,26.0,26.0,26.0,25.0,25.0,24.0
real,300,gulf,2,LSTM-rec,2,buffer,0,8,59,0.5632914606780262,49.0,49.0,49.0,49.0,49.0,49.0,49.0,49.0,49.0,49.0,49.0,49.0,49.0,49.0,49.0,49.0,49.0,49.0,49.0,49.0
real,300,gulf,2,LSTM-rec,2,buffer,1,67,17,0.27548812856731114,10.0,10.0,10.0,10.0,10.0,10.0,10.0,10.0,10.0,10.0,10.0,10.0,10.0,10.0,10.0,10.0,10.0,10.0,10.0,10.0
real,300,gulf,2,LSTM-rec,2,buffer,2,117,74,1.1893630132920272,70.0,70.0,69.0,68.0,67.0,67.0,66.0,66.0,65.0,65.0,65.0,65.0,65.0,65.0,65.0,65.0,65.0,65.0,65.0,65.0
real,300,gulf,2,LSTM-rec,2,buffer,3,118,341,0.2282841692712967,332.0,332.0,332.0,332.0,332.0,332.0,332.0,332.0,332.0,332.0,332.0,332.0,332.0,332.0,332.0,332.0,332.0,332.0,332.0,332.0
real,300,gulf,2,LSTM-rec,2,buffer,4,125,26,1.4326964715792176,24.0,23.0,23.0,22.0,21.0,21.0,21.0,20.0,20.0,20.0,20.0,19.0,19.0,19.0,19.0,19.0,19.0,19.0,19.0,19.0
real,300,gulf,2,LSTM-rec,2,buffer,5,135,80,0.18971089752632656,74.0,74.0,74.0,74.0,74.0,74.0,74.0,74.0,74.0,74.0,74.0,74.0,74.0,74.0,74.0,74.0,74.0,74.0,74.0,74.0
real,300,gulf,2,LSTM-rec,2,buffer,6,266,19,0.45031263661165116,12.0,12.0,11.0,11.0,11.0,11.0,11.0,11.0,11.0,11.0,11.0,11.0,11.0,11.0,11.0,11.0,11.0,11.0,11.0,11.0
real,300,gulf,2,LSTM-rec,2,buffer,7,308,19,1.632063369399551,16.0,16.0,15.0,14.0,14.0,13.0,13.0,12.0,12.0,12.0,11.0,11.0,11.0,11.0,11.0,11.0,11.0,11.0,11.0,11.0
real,300,gulf,2,LSTM-rec,2,buffer,8,343,66,0.42453972705923393,49.0,49.0,49.0,49.0,41.0,41.0,41.0,41.0,41.0,41.0,41.0,41.0,41.0,41.0,41.0,41.0,41.0,41.0,41.0,41.0
real,300,gulf,2,LSTM-rec,2,buffer,9,347,37,0.4178511667999841,26.0,25.0,25.0,25.0,25.0,25.0,25.0,25.0,25.0,25.0,25.0,25.0,25.0,25.0,25.0,25.0,25.0,25.0,25.0,25.0
real,300,gulf,2,LSTM-rec,2,buffer,10,362,27,0.8176574377526744,24.0,24.0,24.0,23.0,19.0,18.0,18.0,18.0,18.0,17.0,17.0,17.0,17.0,17.0,17.0,17.0,17.0,17.0,17.0,17.0
real,300,gulf,2,LSTM-rec,2,buffer,11,393,66,0.2825890507086811,47.0,47.0,47.0,47.0,47.0,47.0,47.0,47.0,47.0,47.0,47.0,47.0,47.0,47.0,47.0,47.0,47.0,47.0,47.0,47.0
real,300,gulf,2,LSTM-rec,2,buffer,12,403,537,0.19004891571194743,534.0,533.0,532.0,532.0,531.0,531.0,530.0,529.0,529.0,528.0,528.0,527.0,527.0,527.0,527.0,527.0,527.0,527.0,527.0,527.0
real,300,gulf,2,LSTM-rec,2,buffer,13,426,64,0.4926986976627866,62.0,61.0,60.0,59.0,59.0,58.0,58.0,58.0,58.0,57.0,57.0,57.0,57.0,57.0,57.0,57.0,57.0,57.0,57.0,57.0
real,300,gulf,2,LSTM-rec,2,buffer,14,438,36,0.8456863371826169,31.0,30.0,30.0,29.0,29.0,29.0,29.0,29.0,29.0,29.0,29.0,29.0,29.0,29.0,29.0,29.0,29.0,29.0,29.0,29.0
real,300,gulf,2,LSTM-rec,2,crossing,0,8,59,0.5632914606780262,59.0,58.0,58.0,58.0,58.0,58.0,58.0,58.0,58.0,58.0,58.0,58.0,58.0,58.0,58.0,58.0,58.0,58.0,58.0,58.0
real,300,gulf,2,LSTM-rec,2,crossing,1,67,17,0.27548812856731114,16.0,16.0,15.0,15.0,15.0,15.0,15.0,15.0,15.0,15.0,15.0,15.0,15.0,15.0,15.0,15.0,15.0,15.0,15.0,15.0
real,300,gulf,2,LSTM-rec,2,crossing,2,117,74,1.1893630132920272,73.0,72.0,71.0,71.0,70.0,70.0,69.0,68.0,68.0,67.0,67.0,66.0,66.0,66.0,66.0,66.0,66.0,66.0,66.0,66.0
real,300,gulf,2,LSTM-rec,2,crossing,3,118,341,0.2282841692712967,341.0,340.0,340.0,340.0,340.0,340.0,340.0,340.0,340.0,340.0,340.0,340.0,340.0,340.0,340.0,340.0,340.0,340.0,340.0,340.0
real,300,gulf,2,LSTM-rec,2,crossing,4,125,26,1.4326964715792176,26.0,25.0,24.0,23.0,23.0,22.0,22.0,22.0,21.0,21.0,21.0,21.0,20.0,20.0,20.0,20.0,20.0,20.0,20.0,20.0
real,300,gulf,2,LSTM-rec,2,crossing,5,135,80,0.18971089752632656,80.0,79.0,79.0,78.0,78.0,78.0,78.0,78.0,78.0,78.0,78.0,78.0,78.0,78.0,78.0,78.0,78.0,78.0,78.0,78.0
real,300,gulf,2,LSTM-rec,2,crossing,6,266,19,0.45031263661165116,18.0,17.0,17.0,17.0,16.0,16.0,16.0,16.0,16.0,16.0,16.0,16.0,16.0,16.0,16.0,16.0,16.0,16.0,16.0,16.0
real,300,gulf,2,LSTM-rec,2,crossing,7,308,19,1.632063369399551,18.0,17.0,17.0,16.0,15.0,15.0,14.0,14.0,14.0,13.0,13.0,13.0,13.0,13.0,12.0,12.0,12.0,12.0,12.0,12.0
real,300,gulf,2,LSTM-rec,2,crossing,8,343,66,0.42453972705923393,66.0,66.0,66.0,66.0,66.0,66.0,66.0,66.0,66.0,66.0,66.0,66.0,66.0,66.0,66.0,66.0,66.0,66.0,66.0,66.0
real,300,gulf,2,LSTM-rec,2,crossing,9,347,37,0.4178511667999841,37.0,36.0,36.0,36.0,36.0,36.0,36.0,36.0,36.0,36.0,36.0,36.0,36.0,36.0,36.0,36.0,36.0,36.0,36.0,36.0
real,300,gulf,2,LSTM-rec,2,crossing,10,362,27,0.8176574377526744,26.0,26.0,25.0,25.0,25.0,25.0,25.0,25.0,25.0,25.0,25.0,25.0,25.0,25.0,25.0,25.0,25.0,25.0,25.0,25.0
real,300,gulf,2,LSTM-rec,2,crossing,11,393,66,0.2825890507086811,65.0,65.0,65.0,65.0,65.0,65.0,65.0,65.0,65.0,65.0,65.0,65.0,65.0,65.0,65.0,65.0,65.0,65.0,65.0,65.0
real,300,gulf,2,LSTM-rec,2,crossing,12,403,537,0.19004891571194743,536.0,535.0,534.0,534.0,533.0,533.0,533.0,532.0,532.0,532.0,532.0,532.0,531.0,531.0,531.0,531.0,531.0,531.0,531.0,531.0
real,300,gulf,2,LSTM-rec,2,crossing,13,426,64,0.4926986976627866,63.0,63.0,62.0,61.0,61.0,60.0,60.0,60.0,59.0,59.0,59.0,59.0,59.0,59.0,59.0,59.0,59.0,59.0,59.0,59.0
real,300,gulf,2,LSTM-rec,2,crossing,14,438,36,0.8456863371826169,35.0,34.0,33.0,33.0,33.0,33.0,32.0,32.0,32.0,32.0,32.0,32.0,32.0,32.0,32.0,32.0,32.0,32.0,32.0,32.0
real,300,gulf,2,LSTM-ms,2,buffer,0,8,59,0.5632914606780262,49.0,48.0,47.0,46.0,45.0,44.0,44.0,43.0,42.0,41.0,41.0,40.0,39.0,39.0,38.0,37.0,37.0,36.0,35.0,35.0
real,300,gulf,2,LSTM-ms,2,buffer,1,67,17,0.27548812856731114,10.0,10.0,9.0,9.0,9.0,9.0,9.0,9.0,9.0,9.0,9.0,9.0,9.0,9.0,9.0,9.0,9.0,9.0,9.0,9.0
real,300,gulf,2,LSTM-ms,2,buffer,2,117,74,1.1893630132920272,70.0,69.0,68.0,68.0,67.0,66.0,66.0,65.0,65.0,64.0,64.0,63.0,63.0,62.0,62.0,62.0,61.0,61.0,61.0,60.0
real,300,gulf,2,LSTM-ms,2,buffer,3,118,341,0.2282841692712967,332.0,332.0,331.0,182.0,181.0,181.0,181.0,180.0,179.0,178.0,178.0,177.0,176.0,176.0,175.0,174.0,174.0,173.0,173.0,172.0
real,300,gulf,2,LSTM-ms,2,buffer,4,125,26,1.4326964715792176,24.0,23.0,23.0,22.0,21.0,21.0,20.0,20.0,19.0,19.0,19.0,18.0,18.0,17.0,17.0,16.0,16.0,15.0,14.0,14.0
real,300,gulf,2,LSTM-ms,2,buffer,5,135,80,0.18971089752632656,74.0,74.0,74.0,74.0,73.0,73.0,73.0,73.0,73.0,73.0,73.0,73.0,73.0,73.0,72.0,72.0,72.0,72.0,72.0,72.0
real,300,gulf,2,LSTM-ms,2,buffer,6,266,19,0.45031263661165116,12.0,11.0,11.0,10.0,9.0,9.0,8.0,8.0,8.0,7.0,7.0,7.0,6.0,6.0,6.0,6.0,6.0,6.0,6.0,6.0
real,300,gulf,2,LSTM-ms,2,buffer,7,308,19,1.632063369399551,16.0,16.0,15.0,14.0,14.0,13.0,12.0,12.0,11.0,11.0,10.0,10.0,9.0,9.0,8.0,7.0,7.0,6.0,6.0,6.0
real,300,gulf,2,LSTM-ms,2,buffer,8,343,66,0.42453972705923393,49.0,48.0,41.0,41.0,40.0,40.0,40.0,39.0,39.0,36.0,35.0,35.0,32.0,31.0,31.0,31.0,31.0,30.0,30.0,30.0
real,300,gulf,2,LSTM-ms,2,buffer,9,347,37,0.4178511667999841,25.0,25.0,24.0,23.0,21.0,21.0,20.0,19.0,19.0,18.0,17.0,16.0,16.0,15.0,14.0,14.0,13.0,13.0,12.0,12.0
real,300,gulf,2,LSTM-ms,2,buffer,10,362,27,0.8176574377526744,24.0,24.0,22.0,19.0,18.0,18.0,17.0,17.0,16.0,16.0,16.0,15.0,15.0,15.0,14.0,14.0,14.0,13.0,13.0,12.0
real,300,gulf,2,LSTM-ms,2,buffer,11,393,66,0.2825890507086811,47.0,47.0,46.0,45.0,43.0,43.0,42.0,42.0,42.0,41.0,40.0,40.0,39.0,29.0,26.0,12.0,11.0,11.0,10.0,10.0
real,300,gulf,2,LSTM-ms,2,buffer,12,403,537,0.19004891571194743,534.0,533.0,532.0,532.0,531.0,530.0,529.0,528.0,528.0,527.0,527.0,526.0,526.0,526.0,526.0,525.0,525.0,525.0,525.0,524.0
real,300,gulf,2,LSTM-ms,2,buffer,13,426,64,0.4926986976627866,62.0,61.0,60.0,59.0,59.0,58.0,58.0,57.0,57.0,56.0,55.0,55.0,54.0,54.0,53.0,53.0,52.0,52.0,52.0,51.0
real,300,gulf,2,LSTM-ms,2,buffer,14,438,36,0.8456863371826169,31.0,30.0,29.0,29.0,28.0,28.0,27.0,27.0,26.0,26.0,25.0,25.0,24.0,24.0,24.0,23.0,23.0,22.0,22.0,22.0
real,300,gulf,2,LSTM-ms,2,crossing,0,8,59,0.5632914606780262,58.0,58.0,57.0,56.0,55.0,54.0,54.0,53.0,52.0,52.0,51.0,50.0,50.0,49.0,48.0,47.0,46.0,45.0,45.0,44.0
real,300,gulf,2,LSTM-ms,2,crossing,1,67,17,0.27548812856731114,16.0,15.0,15.0,14.0,13.0,13.0,13.0,12.0,12.0,12.0,12.0,11.0,11.0,11.0,11.0,11.0,11.0,11.0,10.0,10.0
real,300,gulf,2,LSTM-ms,2,crossing,2,117,74,1.1893630132920272,73.0,72.0,71.0,70.0,69.0,68.0,67.0,67.0,66.0,66.0,65.0,65.0,64.0,64.0,64.0,63.0,63.0,62.0,62.0,62.0
real,300,gulf,2,LSTM-ms,2,crossing,3,118,341,0.2282841692712967,341.0,340.0,339.0,338.0,338.0,337.0,337.0,336.0,336.0,335.0,335.0,334.0,334.0,334.0,333.0,182.0,182.0,181.0,181.0,181.0
real,300,gulf,2,LSTM-ms,2,crossing,4,125,26,1.4326964715792176,26.0,25.0,24.0,23.0,23.0,22.0,22.0,21.0,21.0,20.0,20.0,19.0,19.0,19.0,18.0,18.0,17.0,17.0,16.0,16.0
real,300,gulf,2,LSTM-ms,2,crossing,5,135,80,0.18971089752632656,80.0,79.0,78.0,77.0,76.0,76.0,75.0,75.0,75.0,74.0,74.0,74.0,74.0,74.0,74.0,74.0,74.0,74.0,74.0,74.0
real,300,gulf,2,LSTM-ms,2,crossing,6,266,19,0.45031263661165116,18.0,17.0,16.0,15.0,14.0,14.0,13.0,13.0,12.0,12.0,11.0,11.0,10.0,10.0,9.0,9.0,9.0,8.0,8.0,8.0
real,300,gulf,2,LSTM-ms,2,crossing,7,308,19,1.632063369399551,18.0,17.0,17.0,16.0,15.0,15.0,14.0,13.0,13.0,12.0,12.0,11.0,11.0,10.0,10.0,9.0,9.0,8.0,8.0,7.0
real,300,gulf,2,LSTM-ms,2,crossing,8,343,66,0.42453972705923393,66.0,65.0,61.0,61.0,61.0,60.0,60.0,60.0,60.0,60.0,59.0,41.0,41.0,41.0,40.0,40.0,40.0,40.0,40.0,40.0
real,300,gulf,2,LSTM-ms,2,crossing,9,347,37,0.4178511667999841,36.0,35.0,34.0,33.0,33.0,32.0,31.0,31.0,30.0,30.0,29.0,29.0,28.0,28.0,27.0,27.0,26.0,25.0,25.0,24.0
real,300,gulf,2,LSTM-ms,2,crossing,10,362,27,0.8176574377526744,26.0,26.0,25.0,25.0,25.0,25.0,24.0,24.0,24.0,18.0,18.0,17.0,17.0,17.0,16.0,16.0,16.0,15.0,15.0,15.0
real,300,gulf,2,LSTM-ms,2,crossing,11,393,66,0.2825890507086811,65.0,56.0,56.0,55.0,54.0,50.0,49.0,49.0,49.0,49.0,48.0,48.0,48.0,48.0,48.0,47.0,47.0,47.0,47.0,46.0
real,300,gulf,2,LSTM-ms,2,crossing,12,403,537,0.19004891571194743,536.0,535.0,534.0,534.0,533.0,532.0,532.0,531.0,531.0,530.0,529.0,528.0,527.0,527.0,527.0,526.0,526.0,526.0,526.0,525.0
real,300,gulf,2,LSTM-ms,2,crossing,13,426,64,0.4926986976627866,63.0,63.0,62.0,61.0,61.0,60.0,59.0,59.0,58.0,58.0,57.0,57.0,56.0,56.0,55.0,55.0,54.0,54.0,53.0,53.0
real,300,gulf,2,LSTM-ms,2,crossing,14,438,36,0.8456863371826169,35.0,34.0,33.0,32.0,32.0,31.0,31.0,30.0,30.0,29.0,29.0,28.0,28.0,27.0,27.0,27.0,26.0,26.0,26.0,25.0
real,300,gulf,2,LSTM-rec,3,buffer,0,8,59,0.5632914606780262,49.0,48.0,47.0,47.0,46.0,45.0,44.0,44.0,43.0,42.0,42.0,41.0,41.0,41.0,40.0,40.0,40.0,39.0,39.0,39.0
real,300,gulf,2,LSTM-rec,3,buffer,1,67,17,0.27548812856731114,10.0,9.0,9.0,9.0,9.0,9.0,9.0,9.0,9.0,9.0,9.0,9.0,9.0,9.0,9.0,9.0,9.0,9.0,9.0,9.0
real,300,gulf,2,LSTM-rec,3,buffer,2,117,74,1.1893630132920272,70.0,69.0,68.0,67.0,66.0,66.0,65.0,65.0,64.0,63.0,63.0,62.0,62.0,61.0,61.0,61.0,60.0,60.0,60.0,60.0
real,300,gulf,2,LSTM-rec,3,buffer,3,118,341,0.2282841692712967,332.0,331.0,331.0,331.0,181.0,181.0,181.0,180.0,180.0,179.0,178.0,178.0,178.0,177.0,177.0,176.0,176.0,176.0,176.0,175.0
real,300,gulf,2,LSTM-rec,3,buffer,4,125,26,1.4326964715792176,24.0,23.0,22.0,22.0,21.0,20.0,20.0,19.0,19.0,19.0,18.0,18.0,17.0,17.0,17.0,16.0,16.0,16.0,16.0,15.0
real,300,gulf,2,LSTM-rec,3,buffer,5,135,80,0.18971089752632656,74.0,74.0,73.0,73.0,73.0,73.0,73.0,73.0,73.0,73.0,72.0,72.0,72.0,72.0,72.0,72.0,72.0,72.0,72.0,72.0
real,300,gulf,2,LSTM-rec,3,buffer,6,266,19,0.45031263661165116,12.0,11.0,11.0,10.0,9.0,9.0,8.0,8.0,8.0,7.0,7.0,7.0,7.0,7.0,7.0,6.0,6.0,6.0,6.0,6.0
real,300,gulf,2,LSTM-rec,3,buffer,7,308,19,1.632063369399551,16.0,16.0,15.0,14.0,13.0,13.0,12.0,11.0,11.0,10.0,10.0,9.0,9.0,9.0,8.0,7.0,7.0,7.0,6.0,6.0
real,300,gulf,2,LSTM-rec,3,buffer,8,343,66,0.42453972705923393,49.0,48.0,41.0,40.0,40.0,40.0,40.0,39.0,39.0,39.0,36.0,35.0,35.0,31.0,31.0,31.0,30.0,30.0,30.0,30.0
real,300,gulf,2,LSTM-rec,3,buffer,9,347,37,0.4178511667999841,25.0,25.0,24.0,23.0,22.0,22.0,21.0,20.0,20.0,19.0,19.0,18.0,18.0,17.0,17.0,17.0,17.0,16.0,16.0,16.0
real,300,gulf,2,LSTM-rec,3,buffer,10,362,27,0.8176574377526744,24.0,23.0,22.0,18.0,17.0,17.0,16.0,15.0,15.0,15.0,14.0,14.0,13.0,13.0,12.0,11.0,10.0,10.0,9.0,8.0
real,300,gulf,2,LSTM-rec,3,buffer,11,393,66,0.2825890507086811,47.0,46.0,46.0,45.0,45.0,45.0,42.0,42.0,42.0,42.0,42.0,42.0,40.0,40.0,39.0,39.0,12.0,12.0,11.0,11.0
real,300,gulf,2,LSTM-rec,3,buffer,12,403,537,0.19004891571194743,534.0,533.0,532.0,532.0,531.0,530.0,529.0,528.0,527.0,527.0,527.0,526.0,526.0,526.0,525.0,525.0,525.0,525.0,525.0,525.0
real,300,gulf,2,LSTM-rec,3,buffer,13,426,64,0.4926986976627866,62.0,61.0,60.0,59.0,58.0,58.0,57.0,57.0,56.0,56.0,55.0,55.0,55.0,54.0,54.0,53.0,53.0,52.0,52.0,52.0
real,300,gulf,2,LSTM-rec,3,buffer,14,438,36,0.8456863371826169,31.0,30.0,29.0,29.0,28.0,28.0,27.0,27.0,26.0,26.0,25.0,25.0,25.0,24.0,24.0,24.0,24.0,24.0,24.0,24.0
real,300,gulf,2,LSTM-rec,3,crossing,0,8,59,0.5632914606780262,58.0,57.0,57.0,56.0,55.0,55.0,54.0,54.0,53.0,53.0,52.0,52.0,51.0,51.0,51.0,50.0,50.0,50.0,49.0,49.0
real,300,gulf,2,LSTM-rec,3,crossing,1,67,17,0.27548812856731114,16.0,15.0,15.0,14.0,14.0,13.0,13.0,12.0,12.0,12.0,12.0,11.0,11.0,11.0,11.0,11.0,11.0,11.0,11.0,11.0
real,300,gulf,2,LSTM-rec,3,crossing,2,117,74,1.1893630132920272,73.0,72.0,71.0,70.0,69.0,68.0,67.0,66.0,66.0,65.0,65.0,64.0,64.0,63.0,63.0,62.0,62.0,62.0,61.0,61.0
real,300,gulf,2,LSTM-rec,3,crossing,3,118,341,0.2282841692712967,341.0,340.0,339.0,338.0,338.0,337.0,337.0,336.0,336.0,336.0,336.0,335.0,335.0,335.0,335.0,334.0,334.0,334.0,334.0,334.0
real,300,gulf,2,LSTM-rec,3,crossing,4,125,26,1.4326964715792176,26.0,25.0,24.0,23.0,22.0,22.0,21.0,21.0,20.0,20.0,19.0,19.0,19.0,18.0,18.0,18.0,18.0,17.0,17.0,17.0
real,300,gulf,2,LSTM-rec,3,crossing,5,135,80,0.18971089752632656,80.0,79.0,78.0,77.0,76.0,75.0,74.0,74.0,74.0,74.0,74.0,74.0,73.0,73.0,73.0,73.0,73.0,73.0,73.0,73.0
real,300,gulf,2,LSTM-rec,3,crossing,6,266,19,0.45031263661165116,18.0,17.0,16.0,15.0,15.0,14.0,13.0,13.0,12.0,12.0,12.0,11.0,11.0,10.0,10.0,10.0,10.0,9.0,9.0,9.0
real,300,gulf,2,LSTM-rec,3,crossing,7,308,19,1.632063369399551,18.0,17.0,16.0,16.0,15.0,14.0,13.0,13.0,12.0,12.0,11.0,11.0,10.0,10.0,10.0,9.0,9.0,9.0,8.0,8.0
real,300,gulf,2,LSTM-rec,3,crossing,8,343,66,0.42453972705923393,66.0,65.0,61.0,61.0,61.0,60.0,60.0,60.0,60.0,60.0,41.0,41.0,41.0,40.0,40.0,40.0,40.0,40.0,40.0,40.0
real,300,gulf,2,LSTM-rec,3,crossing,9,347,37,0.4178511667999841,36.0,35.0,35.0,34.0,33.0,33.0,32.0,31.0,30.0,30.0,30.0,29.0,29.0,29.0,29.0,28.0,28.0,28.0,28.0,28.0
real,300,gulf,2,LSTM-rec,3,crossing,10,362,27,0.8176574377526744,26.0,25.0,25.0,25.0,25.0,24.0,24.0,18.0,17.0,17.0,16.0,16.0,15.0,15.0,15.0,14.0,14.0,14.0,13.0,13.0
real,300,gulf,2,LSTM-rec,3,crossing,11,393,66,0.2825890507086811,65.0,56.0,56.0,55.0,54.0,49.0,49.0,49.0,48.0,48.0,48.0,48.0,48.0,48.0,48.0,48.0,48.0,48.0,48.0,48.0
real,300,gulf,2,LSTM-rec,3,crossing,12,403,537,0.19004891571194743,536.0,535.0,534.0,534.0,533.0,532.0,532.0,531.0,531.0,530.0,529.0,527.0,527.0,527.0,527.0,526.0,526.0,526.0,526.0,526.0
real,300,gulf,2,LSTM-rec,3,crossing,13,426,64,0.4926986976627866,63.0,63.0,62.0,61.0,60.0,60.0,59.0,59.0,58.0,58.0,57.0,57.0,57.0,56.0,56.0,56.0,55.0,55.0,55.0,54.0
real,300,gulf,2,LSTM-rec,3,crossing,14,438,36,0.8456863371826169,35.0,34.0,33.0,32.0,32.0,31.0,31.0,30.0,30.0,29.0,29.0,29.0,29.0,28.0,28.0,28.0,28.0,27.0,27.0,27.0
real,300,gulf,2,LSTM-ms,3,buffer,0,8,59,0.5632914606780262,50.0,50.0,50.0,50.0,50.0,50.0,50.0,50.0,50.0,50.0,50.0,50.0,50.0,50.0,50.0,50.0,50.0,50.0,50.0,50.0
real,300,gulf,2,LSTM-ms,3,buffer,1,67,17,0.27548812856731114,11.0,11.0,11.0,11.0,11.0,11.0,11.0,11.0,11.0,11.0,11.0,11.0,11.0,11.0,11.0,11.0,11.0,11.0,11.0,11.0
real,300,gulf,2,LSTM-ms,3,buffer,2,117,74,1.1893630132920272,71.0,70.0,70.0,69.0,68.0,68.0,67.0,67.0,67.0,66.0,66.0,66.0,65.0,65.0,65.0,65.0,64.0,64.0,64.0,64.0
real,300,gulf,2,LSTM-ms,3,buffer,3,118,341,0.2282841692712967,334.0,334.0,334.0,334.0,334.0,334.0,334.0,334.0,334.0,334.0,334.0,334.0,334.0,334.0,334.0,334.0,334.0,334.0,334.0,334.0
real,300,gulf,2,LSTM-ms,3,buffer,4,125,26,1.4326964715792176,24.0,24.0,23.0,23.0,22.0,22.0,22.0,21.0,21.0,21.0,20.0,20.0,20.0,20.0,19.0,19.0,19.0,19.0,18.0,18.0
real,300,gulf,2,LSTM-ms,3,buffer,5,135,80,0.18971089752632656,75.0,75.0,75.0,75.0,75.0,75.0,75.0,75.0,75.0,75.0,75.0,75.0,75.0,74.0,74.0,74.0,74.0,74.0,74.0,74.0
real,300,gulf,2,LSTM-ms,3,buffer,6,266,19,0.45031263661165116,13.0,13.0,13.0,13.0,13.0,13.0,13.0,13.0,13.0,13.0,13.0,13.0,13.0,13.0,13.0,13.0,13.0,13.0,13.0,13.0
real,300,gulf,2,LSTM-ms,3,buffer,7,308,19,1.632063369399551,17.0,16.0,16.0,15.0,15.0,14.0,14.0,14.0,13.0,13.0,12.0,12.0,12.0,11.0,11.0,11.0,11.0,11.0,10.0,10.0
real,300,gulf,2,LSTM-ms,3,buffer,8,343,66,0.42453972705923393,51.0,51.0,51.0,51.0,51.0,51.0,51.0,51.0,51.0,51.0,51.0,51.0,51.0,51.0,51.0,51.0,51.0,51.0,51.0,51.0
real,300,gulf,2,LSTM-ms,3,buffer,9,347,37,0.4178511667999841,27.0,27.0,27.0,27.0,27.0,27.0,27.0,27.0,27.0,27.0,27.0,27.0,27.0,27.0,27.0,27.0,27.0,27.0,27.0,27.0
real,300,gulf,2,LSTM-ms,3,buffer,10,362,27,0.8176574377526744,24.0,24.0,24.0,24.0,24.0,24.0,24.0,24.0,24.0,24.0,18.0,18.0,18.0,18.0,18.0,17.0,17.0,17.0,17.0,17.0
real,300,gulf,2,LSTM-ms,3,buffer,11,393,66,0.2825890507086811,48.0,48.0,48.0,48.0,48.0,48.0,48.0,48.0,48.0,48.0,48.0,48.0,48.0,48.0,48.0,48.0,48.0,48.0,48.0,48.0
real,300,gulf,2,LSTM-ms,3,buffer,12,403,537,0.19004891571194743,534.0,534.0,533.0,533.0,533.0,532.0,532.0,532.0,531.0,531.0,531.0,530.0,529.0,528.0,528.0,527.0,527.0,527.0,527.0,526.0
real,300,gulf,2,LSTM-ms,3,buffer,13,426,64,0.4926986976627866,62.0,61.0,61.0,60.0,60.0,60.0,59.0,59.0,59.0,58.0,58.0,58.0,57.0,57.0,57.0,57.0,56.0,56.0,56.0,56.0
real,300,gulf,2,LSTM-ms,3,buffer,14,438,36,0.8456863371826169,31.0,31.0,31.0,31.0,31.0,31.0,31.0,31.0,30.0,30.0,30.0,30.0,30.0,30.0,30.0,29.0,29.0,29.0,29.0,29.0
real,300,gulf,2,LSTM-ms,3,crossing,0,8,59,0.5632914606780262,60.0,60.0,60.0,60.0,60.0,60.0,60.0,60.0,60.0,60.0,60.0,60.0,60.0,60.0,60.0,60.0,60.0,60.0,60.0,60.0
real,300,gulf,2,LSTM-ms,3,crossing,1,67,17,0.27548812856731114,17.0,17.0,17.0,17.0,17.0,17.0,17.0,17.0,17.0,17.0,17.0,17.0,17.0,17.0,17.0,17.0,17.0,17.0,17.0,17.0
real,300,gulf,2,LSTM-ms,3,crossing,2,117,74,1.1893630132920272,73.0,73.0,72.0,72.0,71.0,71.0,70.0,70.0,69.0,68.0,68.0,67.0,67.0,67.0,66.0,66.0,66.0,66.0,66.0,65.0
real,300,gulf,2,LSTM-ms,3,crossing,3,118,341,0.2282841692712967,342.0,342.0,342.0,342.0,342.0,342.0,342.0,342.0,342.0,342.0,342.0,342.0,342.0,342.0,342.0,342.0,342.0,342.0,342.0,342.0
real,300,gulf,2,LSTM-ms,3,crossing,4,125,26,1.4326964715792176,26.0,25.0,25.0,24.0,24.0,23.0,23.0,23.0,22.0,22.0,22.0,21.0,21.0,21.0,20.0,20.0,20.0,20.0,20.0,20.0
real,300,gulf,2,LSTM-ms,3,crossing,5,135,80,0.18971089752632656,80.0,80.0,80.0,80.0,80.0,80.0,80.0,80.0,80.0,80.0,80.0,80.0,79.0,79.0,79.0,79.0,79.0,78.0,78.0,78.0
real,300,gulf,2,LSTM-ms,3,crossing,6,266,19,0.45031263661165116,19.0,19.0,19.0,19.0,19.0,19.0,19.0,19.0,19.0,19.0,19.0,19.0,19.0,18.0,18.0,18.0,18.0,18.0,18.0,18.0
real,300,gulf,2,LSTM-ms,3,crossing,7,308,19,1.632063369399551,18.0,18.0,17.0,17.0,16.0,16.0,15.0,15.0,15.0,14.0,14.0,14.0,13.0,13.0,13.0,12.0,12.0,12.0,12.0,11.0
real,300,gulf,2,LSTM-ms,3,crossing,8,343,66,0.42453972705923393,67.0,67.0,67.0,67.0,67.0,67.0,67.0,67.0,67.0,67.0,67.0,67.0,67.0,67.0,67.0,67.0,67.0,67.0,67.0,67.0
real,300,gulf,2,LSTM-ms,3,crossing,9,347,37,0.4178511667999841,38.0,38.0,38.0,38.0,38.0,38.0,38.0,38.0,38.0,38.0,38.0,38.0,38.0,38.0,38.0,38.0,38.0,38.0,38.0,38.0
real,300,gulf,2,LSTM-ms,3,crossing,10,362,27,0.8176574377526744,26.0,26.0,26.0,26.0,26.0,25.0,25.0,25.0,25.0,25.0,25.0,25.0,25.0,25.0,25.0,25.0,25.0,25.0,25.0,25.0
real,300,gulf,2,LSTM-ms,3,crossing,11,393,66,0.2825890507086811,66.0,66.0,66.0,66.0,66.0,66.0,66.0,66.0,66.0,66.0,66.0,66.0,66.0,66.0,66.0,66.0,66.0,66.0,66.0,66.0
real,300,gulf,2,LSTM-ms,3,crossing,12,403,537,0.19004891571194743,536.0,536.0,535.0,535.0,535.0,534.0,534.0,534.0,533.0,533.0,533.0,532.0,532.0,532.0,531.0,531.0,531.0,531.0,531.0,530.0
real,300,gulf,2,LSTM-ms,3,crossing,13,426,64,0.4926986976627866,64.0,63.0,63.0,62.0,62.0,62.0,61.0,61.0,60.0,60.0,60.0,59.0,59.0,59.0,59.0,58.0,58.0,58.0,58.0,58.0
real,300,gulf,2,LSTM-ms,3,crossing,14,438,36,0.8456863371826169,35.0,35.0,35.0,35.0,34.0,34.0,34.0,34.0,34.0,34.0,34.0,33.0,33.0,33.0,33.0,33.0,33.0,33.0,33.0,33.0
real,300,gulf,2,LSTM-rec,4,buffer,0,8,59,0.5632914606780262,50.0,50.0,50.0,50.0,50.0,50.0,50.0,50.0,50.0,50.0,50.0,50.0,50.0,50.0,50.0,50.0,50.0,50.0,50.0,50.0
real,300,gulf,2,LSTM-rec,4,buffer,1,67,17,0.27548812856731114,10.0,10.0,10.0,10.0,10.0,10.0,10.0,10.0,10.0,10.0,10.0,10.0,10.0,10.0,10.0,10.0,10.0,10.0,10.0,10.0
real,300,gulf,2,LSTM-rec,4,buffer,2,117,74,1.1893630132920272,71.0,70.0,70.0,70.0,70.0,70.0,70.0,70.0,70.0,70.0,70.0,70.0,70.0,70.0,70.0,70.0,70.0,70.0,70.0,70.0
real,300,gulf,2,LSTM-rec,4,buffer,3,118,341,0.2282841692712967,333.0,333.0,333.0,333.0,333.0,333.0,333.0,333.0,333.0,333.0,333.0,333.0,333.0,333.0,333.0,333.0,333.0,333.0,333.0,333.0
real,300,gulf,2,LSTM-rec,4,buffer,4,125,26,1.4326964715792176,24.0,24.0,23.0,23.0,23.0,23.0,23.0,23.0,23.0,23.0,23.0,23.0,23.0,23.0,23.0,23.0,23.0,23.0,23.0,23.0
real,300,gulf,2,LSTM-rec,4,buffer,5,135,80,0.18971089752632656,75.0,75.0,75.0,75.0,75.0,75.0,75.0,75.0,75.0,75.0,75.0,75.0,75.0,75.0,75.0,75.0,75.0,75.0,75.0,75.0
real,300,gulf,2,LSTM-rec,4,buffer,6,266,19,0.45031263661165116,13.0,13.0,13.0,13.0,13.0,13.0,13.0,13.0,13.0,13.0,13.0,13.0,13.0,13.0,13.0,13.0,13.0,13.0,13.0,13.0
real,300,gulf,2,LSTM-rec,4,buffer,7,308,19,1.632063369399551,17.0,16.0,16.0,16.0,16.0,16.0,16.0,16.0,16.0,16.0,16.0,16.0,16.0,16.0,16.0,16.0,16.0,16.0,16.0,16.0
real,300,gulf,2,LSTM-rec,4,buffer,8,343,66,0.42453972705923393,51.0,51.0,51.0,51.0,51.0,51.0,51.0,51.0,51.0,51.0,51.0,51.0,51.0,51.0,51.0,51.0,51.0,51.0,51.0,51.0
real,300,gulf,2,LSTM-rec,4,buffer,9,347,37,0.4178511667999841,27.0,27.0,27.0,27.0,27.0,27.0,27.0,27.0,27.0,27.0,27.0,27.0,27.0,27.0,27.0,27.0,27.0,27.0,27.0,27.0
real,300,gulf,2,LSTM-rec,4,buffer,10,362,27,0.8176574377526744,24.0,24.0,24.0,24.0,24.0,24.0,24.0,24.0,24.0,24.0,24.0,24.0,24.0,24.0,24.0,24.0,24.0,24.0,24.0,24.0
real,300,gulf,2,LSTM-rec,4,buffer,11,393,66,0.2825890507086811,48.0,48.0,48.0,48.0,48.0,48.0,48.0,48.0,48.0,48.0,48.0,48.0,48.0,48.0,48.0,48.0,48.0,48.0,48.0,48.0
real,300,gulf,2,LSTM-rec,4,buffer,12,403,537,0.19004891571194743,534.0,534.0,534.0,533.0,533.0,533.0,533.0,533.0,533.0,533.0,533.0,533.0,533.0,533.0,533.0,533.0,533.0,533.0,533.0,533.0
real,300,gulf,2,LSTM-rec,4,buffer,13,426,64,0.4926986976627866,62.0,61.0,61.0,61.0,61.0,61.0,61.0,61.0,61.0,61.0,61.0,61.0,61.0,61.0,61.0,61.0,61.0,61.0,61.0,61.0
real,300,gulf,2,LSTM-rec,4,buffer,14,438,36,0.8456863371826169,31.0,31.0,31.0,31.0,31.0,31.0,31.0,31.0,31.0,31.0,31.0,31.0,31.0,31.0,31.0,31.0,31.0,31.0,31.0,31.0
real,300,gulf,2,LSTM-rec,4,crossing,0,8,59,0.5632914606780262,60.0,60.0,60.0,60.0,60.0,60.0,60.0,60.0,60.0,60.0,60.0,60.0,60.0,60.0,60.0,60.0,60.0,60.0,60.0,60.0
real,300,gulf,2,LSTM-rec,4,crossing,1,67,17,0.27548812856731114,17.0,17.0,17.0,17.0,17.0,17.0,17.0,17.0,17.0,17.0,17.0,17.0,17.0,17.0,17.0,17.0,17.0,17.0,17.0,17.0
real,300,gulf,2,LSTM-rec,4,crossing,2,117,74,1.1893630132920272,73.0,73.0,72.0,72.0,72.0,72.0,72.0,72.0,72.0,72.0,72.0,72.0,72.0,72.0,72.0,72.0,72.0,72.0,72.0,72.0
real,300,gulf,2,LSTM-rec,4,crossing,3,118,341,0.2282841692712967,342.0,342.0,342.0,342.0,342.0,342.0,342.0,342.0,342.0,342.0,342.0,342.0,342.0,342.0,342.0,342.0,342.0,342.0,342.0,342.0
real,300,gulf,2,LSTM-rec,4,crossing,4,125,26,1.4326964715792176,26.0,25.0,25.0,25.0,25.0,25.0,25.0,25.0,25.0,25.0,25.0,25.0,25.0,25.0,25.0,25.0,25.0,25.0,25.0,25.0
real,300,gulf,2,LSTM-rec,4,crossing,5,135,80,0.18971089752632656,80.0,80.0,80.0,80.0,80.0,80.0,80.0,80.0,80.0,80.0,80.0,80.0,80.0,80.0,80.0,80.0,80.0,80.0,80.0,80.0
real,300,gulf,2,LSTM-rec,4,crossing,6,266,19,0.45031263661165116,19.0,19.0,19.0,19.0,19.0,19.0,19.0,19.0,19.0,19.0,19.0,19.0,19.0,19.0,19.0,19.0,19.0,19.0,19.0,19.0
real,300,gulf,2,LSTM-rec,4,crossing,7,308,19,1.632063369399551,18.0,18.0,17.0,17.0,17.0,17.0,17.0,17.0,17.0,17.0,17.0,17.0,17.0,17.0,17.0,17.0,17.0,17.0,17.0,17.0
real,300,gulf,2,LSTM-rec,4,crossing,8,343,66,0.42453972705923393,67.0,67.0,67.0,67.0,67.0,67.0,67.0,67.0,67.0,67.0,67.0,67.0,67.0,67.0,67.0,67.0,67.0,67.0,67.0,67.0
real,300,gulf,2,LSTM-rec,4,crossing,9,347,37,0.4178511667999841,38.0,38.0,38.0,38.0,38.0,38.0,38.0,38.0,38.0,38.0,38.0,38.0,38.0,38.0,38.0,38.0,38.0,38.0,38.0,38.0
real,300,gulf,2,LSTM-rec,4,crossing,10,362,27,0.8176574377526744,26.0,26.0,26.0,26.0,26.0,26.0,26.0,26.0,26.0,26.0,26.0,26.0,26.0,26.0,26.0,26.0,26.0,26.0,26.0,26.0
real,300,gulf,2,LSTM-rec,4,crossing,11,393,66,0.2825890507086811,66.0,66.0,66.0,66.0,66.0,66.0,66.0,66.0,66.0,66.0,66.0,66.0,66.0,66.0,66.0,66.0,66.0,66.0,66.0,66.0
real,300,gulf,2,LSTM-rec,4,crossing,12,403,537,0.19004891571194743,536.0,536.0,535.0,535.0,535.0,535.0,535.0,535.0,535.0,535.0,535.0,535.0,535.0,535.0,535.0,535.0,535.0,535.0,535.0,535.0
real,300,gulf,2,LSTM-rec,4,crossing,13,426,64,0.4926986976627866,64.0,63.0,63.0,63.0,63.0,63.0,63.0,63.0,63.0,63.0,63.0,63.0,63.0,63.0,63.0,63.0,63.0,63.0,63.0,63.0
real,300,gulf,2,LSTM-rec,4,crossing,14,438,36,0.8456863371826169,35.0,35.0,35.0,35.0,35.0,35.0,35.0,35.0,35.0,35.0,35.0,35.0,35.0,35.0,35.0,35.0,35.0,35.0,35.0,35.0
real,300,gulf,2,LSTM-ms,4,buffer,0,8,59,0.5632914606780262,49.0,48.0,47.0,46.0,45.0,45.0,44.0,44.0,44.0,43.0,43.0,42.0,42.0,41.0,41.0,41.0,41.0,40.0,40.0,40.0
real,300,gulf,2,LSTM-ms,4,buffer,1,67,17,0.27548812856731114,10.0,9.0,9.0,9.0,9.0,9.0,9.0,9.0,9.0,9.0,9.0,9.0,9.0,9.0,9.0,9.0,9.0,9.0,9.0,9.0
real,300,gulf,2,LSTM-ms,4,buffer,2,117,74,1.1893630132920272,71.0,70.0,69.0,68.0,67.0,66.0,66.0,65.0,65.0,65.0,64.0,64.0,63.0,63.0,63.0,63.0,62.0,62.0,62.0,61.0
real,300,gulf,2,LSTM-ms,4,buffer,3,118,341,0.2282841692712967,332.0,332.0,331.0,331.0,181.0,181.0,181.0,181.0,181.0,180.0,180.0,179.0,178.0,178.0,178.0,178.0,178.0,177.0,177.0,177.0
real,300,gulf,2,LSTM-ms,4,buffer,4,125,26,1.4326964715792176,24.0,23.0,23.0,22.0,21.0,21.0,20.0,20.0,19.0,19.0,19.0,18.0,18.0,17.0,17.0,17.0,16.0,16.0,15.0,15.0
real,300,gulf,2,LSTM-ms,4,buffer,5,135,80,0.18971089752632656,74.0,74.0,74.0,74.0,73.0,73.0,73.0,73.0,73.0,73.0,73.0,73.0,73.0,73.0,73.0,73.0,73.0,73.0,73.0,73.0
real,300,gulf,2,LSTM-ms,4,buffer,6,266,19,0.45031263661165116,12.0,11.0,11.0,10.0,9.0,9.0,9.0,8.0,8.0,8.0,8.0,7.0,7.0,7.0,7.0,7.0,7.0,7.0,7.0,7.0
real,300,gulf,2,LSTM-ms,4,buffer,7,308,19,1.632063369399551,17.0,16.0,15.0,14.0,14.0,13.0,12.0,12.0,11.0,11.0,10.0,10.0,10.0,9.0,9.0,9.0,8.0,7.0,7.0,6.0
real,300,gulf,2,LSTM-ms,4,buffer,8,343,66,0.42453972705923393,49.0,48.0,46.0,41.0,40.0,40.0,40.0,40.0,40.0,39.0,39.0,36.0,35.0,35.0,35.0,32.0,32.0,32.0,32.0,32.0
real,300,gulf,2,LSTM-ms,4,buffer,9,347,37,0.4178511667999841,25.0,25.0,24.0,23.0,22.0,21.0,21.0,21.0,21.0,20.0,20.0,20.0,19.0,19.0,19.0,19.0,19.0,19.0,19.0,19.0
real,300,gulf,2,LSTM-ms,4,buffer,10,362,27,0.8176574377526744,24.0,24.0,22.0,19.0,18.0,18.0,17.0,17.0,17.0,16.0,16.0,16.0,15.0,15.0,15.0,15.0,15.0,15.0,14.0,14.0
real,300,gulf,2,LSTM-ms,4,buffer,11,393,66,0.2825890507086811,47.0,46.0,46.0,45.0,45.0,43.0,43.0,42.0,42.0,42.0,42.0,42.0,42.0,42.0,42.0,42.0,42.0,42.0,42.0,12.0
real,300,gulf,2,LSTM-ms,4,buffer,12,403,537,0.19004891571194743,534.0,533.0,532.0,531.0,530.0,529.0,528.0,528.0,527.0,527.0,527.0,527.0,526.0,526.0,526.0,526.0,525.0,524.0,523.0,523.0
real,300,gulf,2,LSTM-ms,4,buffer,13,426,64,0.4926986976627866,62.0,61.0,60.0,59.0,58.0,58.0,57.0,57.0,56.0,56.0,55.0,54.0,54.0,53.0,53.0,52.0,52.0,52.0,52.0,52.0
real,300,gulf,2,LSTM-ms,4,buffer,14,438,36,0.8456863371826169,31.0,30.0,29.0,29.0,28.0,27.0,27.0,27.0,26.0,26.0,25.0,25.0,25.0,24.0,24.0,24.0,24.0,24.0,24.0,23.0
real,300,gulf,2,LSTM-ms,4,crossing,0,8,59,0.5632914606780262,58.0,57.0,57.0,56.0,55.0,55.0,54.0,54.0,54.0,53.0,53.0,52.0,52.0,52.0,51.0,51.0,51.0,51.0,51.0,51.0
real,300,gulf,2,LSTM-ms,4,crossing,1,67,17,0.27548812856731114,16.0,15.0,14.0,14.0,13.0,13.0,12.0,12.0,12.0,12.0,12.0,12.0,12.0,11.0,11.0,11.0,11.0,11.0,11.0,11.0
real,300,gulf,2,LSTM-ms,4,crossing,2,117,74,1.1893630132920272,73.0,72.0,71.0,70.0,70.0,69.0,68.0,67.0,66.0,66.0,66.0,65.0,65.0,65.0,64.0,64.0,64.0,64.0,63.0,63.0
real,300,gulf,2,LSTM-ms,4,crossing,3,118,341,0.2282841692712967,341.0,340.0,339.0,338.0,338.0,337.0,337.0,337.0,336.0,336.0,336.0,336.0,336.0,336.0,335.0,335.0,335.0,335.0,335.0,335.0
real,300,gulf,2,LSTM-ms,4,crossing,4,125,26,1.4326964715792176,26.0,25.0,24.0,23.0,23.0,22.0,22.0,21.0,21.0,20.0,20.0,20.0,19.0,19.0,19.0,18.0,18.0,17.0,17.0,17.0
real,300,gulf,2,LSTM-ms,4,crossing,5,135,80,0.18971089752632656,80.0,79.0,78.0,77.0,77.0,76.0,76.0,76.0,75.0,75.0,75.0,74.0,74.0,74.0,74.0,74.0,74.0,74.0,74.0,74.0
real,300,gulf,2,LSTM-ms,4,crossing,6,266,19,0.45031263661165116,18.0,17.0,16.0,15.0,15.0,14.0,14.0,13.0,13.0,12.0,12.0,12.0,11.0,11.0,11.0,11.0,10.0,10.0,10.0,10.0
real,300,gulf,2,LSTM-ms,4,crossing,7,308,19,1.632063369399551,18.0,17.0,17.0,16.0,15.0,15.0,14.0,13.0,13.0,13.0,12.0,12.0,11.0,11.0,10.0,10.0,10.0,9.0,9.0,9.0
real,300,gulf,2,LSTM-ms,4,crossing,8,343,66,0.42453972705923393,66.0,65.0,61.0,61.0,61.0,61.0,60.0,60.0,60.0,60.0,60.0,60.0,60.0,60.0,60.0,60.0,60.0,60.0,41.0,41.0
real,300,gulf,2,LSTM-ms,4,crossing,9,347,37,0.4178511667999841,36.0,35.0,35.0,34.0,33.0,32.0,32.0,32.0,31.0,31.0,31.0,30.0,30.0,30.0,30.0,29.0,29.0,29.0,29.0,29.0
real,300,gulf,2,LSTM-ms,4,crossing,10,362,27,0.8176574377526744,26.0,26.0,25.0,25.0,25.0,25.0,25.0,25.0,25.0,19.0,18.0,18.0,18.0,17.0,17.0,17.0,17.0,16.0,16.0,16.0
real,300,gulf,2,LSTM-ms,4,crossing,11,393,66,0.2825890507086811,65.0,56.0,56.0,55.0,54.0,54.0,50.0,49.0,49.0,49.0,49.0,49.0,49.0,49.0,49.0,48.0,48.0,48.0,48.0,48.0
real,300,gulf,2,LSTM-ms,4,crossing,12,403,537,0.19004891571194743,536.0,535.0,534.0,533.0,533.0,532.0,531.0,530.0,529.0,529.0,528.0,528.0,527.0,527.0,527.0,527.0,526.0,526.0,526.0,526.0
real,300,gulf,2,LSTM-ms,4,crossing,13,426,64,0.4926986976627866,63.0,63.0,62.0,61.0,60.0,60.0,59.0,59.0,58.0,58.0,57.0,57.0,56.0,55.0,55.0,55.0,54.0,53.0,53.0,53.0
real,300,gulf,2,LSTM-ms,4,crossing,14,438,36,0.8456863371826169,35.0,34.0,33.0,32.0,31.0,31.0,30.0,30.0,30.0,29.0,29.0,28.0,28.0,28.0,27.0,27.0,27.0,27.0,27.0,26.0
real,300,gulf,3,Reactive,0,zone,0,6,239,1.094679936641135,237.0,237.0,237.0,237.0,237.0,237.0,237.0,237.0,237.0,237.0,237.0,237.0,237.0,237.0,237.0,237.0,237.0,237.0,237.0,237.0
real,300,gulf,3,Reactive,0,zone,1,26,57,1.4005243516420496,56.0,56.0,56.0,56.0,56.0,56.0,56.0,56.0,56.0,56.0,56.0,56.0,56.0,56.0,56.0,56.0,56.0,56.0,56.0,56.0
real,300,gulf,3,Reactive,0,zone,2,193,102,1.316664252791646,100.0,100.0,100.0,100.0,100.0,100.0,100.0,100.0,100.0,100.0,100.0,100.0,100.0,100.0,100.0,100.0,100.0,100.0,100.0,100.0
real,300,gulf,3,Reactive,0,zone,3,280,12,1.149710543996172,10.0,10.0,10.0,10.0,10.0,10.0,10.0,10.0,10.0,10.0,10.0,10.0,10.0,10.0,10.0,10.0,10.0,10.0,10.0,10.0
real,300,gulf,3,Reactive,0,zone,4,344,50,1.3816431617176173,48.0,48.0,48.0,48.0,48.0,48.0,48.0,48.0,48.0,48.0,48.0,48.0,48.0,48.0,48.0,48.0,48.0,48.0,48.0,48.0
real,300,gulf,3,Reactive,0,zone,5,398,165,0.332607269790228,162.0,162.0,162.0,162.0,162.0,162.0,162.0,162.0,162.0,162.0,162.0,162.0,162.0,162.0,162.0,162.0,162.0,162.0,162.0,162.0
real,300,gulf,3,Reactive,0,zone,6,476,88,1.0705015478105118,86.0,86.0,86.0,86.0,86.0,86.0,86.0,86.0,86.0,86.0,86.0,86.0,86.0,86.0,86.0,86.0,86.0,86.0,86.0,86.0
real,300,gulf,3,Reactive,0,zone,7,497,79,0.8697830060528178,75.0,75.0,75.0,75.0,75.0,75.0,75.0,75.0,75.0,75.0,75.0,75.0,75.0,75.0,75.0,75.0,75.0,75.0,75.0,75.0
real,300,gulf,3,Analytic,0,buffer,0,6,239,1.094679936641135,236.0,235.0,234.0,233.0,232.0,231.0,229.0,228.0,227.0,226.0,225.0,224.0,223.0,222.0,221.0,220.0,220.0,219.0,218.0,216.0
real,300,gulf,3,Analytic,0,buffer,1,26,57,1.4005243516420496,55.0,54.0,53.0,52.0,51.0,50.0,49.0,48.0,47.0,46.0,45.0,43.0,42.0,41.0,40.0,39.0,38.0,37.0,36.0,35.0
real,300,gulf,3,Analytic,0,buffer,2,193,102,1.316664252791646,99.0,98.0,97.0,96.0,95.0,94.0,93.0,92.0,91.0,90.0,89.0,88.0,87.0,86.0,85.0,84.0,83.0,81.0,80.0,79.0
real,300,gulf,3,Analytic,0,buffer,3,280,12,1.149710543996172,9.0,8.0,7.0,6.0,6.0,6.0,6.0,6.0,6.0,6.0,6.0,6.0,6.0,6.0,6.0,6.0,6.0,6.0,6.0,6.0
real,300,gulf,3,Analytic,0,buffer,4,344,50,1.3816431617176173,47.0,46.0,45.0,44.0,43.0,42.0,41.0,40.0,39.0,38.0,37.0,36.0,35.0,34.0,33.0,32.0,31.0,30.0,29.0,28.0
real,300,gulf,3,Analytic,0,buffer,5,398,165,0.332607269790228,162.0,161.0,161.0,161.0,160.0,160.0,160.0,160.0,160.0,159.0,155.0,153.0,152.0,151.0,150.0,149.0,148.0,147.0,145.0,139.0
real,300,gulf,3,Analytic,0,buffer,6,476,88,1.0705015478105118,85.0,84.0,83.0,82.0,81.0,81.0,80.0,79.0,77.0,76.0,75.0,74.0,73.0,72.0,71.0,71.0,70.0,69.0,68.0,67.0
real,300,gulf,3,Analytic,0,buffer,7,497,79,0.8697830060528178,74.0,74.0,73.0,72.0,72.0,66.0,65.0,64.0,63.0,63.0,63.0,63.0,62.0,62.0,62.0,44.0,44.0,44.0,44.0,43.0
real,300,gulf,3,Analytic,0,crossing,0,6,239,1.094679936641135,238.0,237.0,236.0,235.0,234.0,233.0,232.0,231.0,230.0,229.0,227.0,226.0,225.0,224.0,223.0,223.0,222.0,221.0,220.0,219.0
real,300,gulf,3,Analytic,0,crossing,1,26,57,1.4005243516420496,56.0,55.0,54.0,53.0,52.0,51.0,50.0,49.0,48.0,47.0,46.0,45.0,44.0,43.0,42.0,41.0,40.0,39.0,38.0,36.0
real,300,gulf,3,Analytic,0,crossing,2,193,102,1.316664252791646,101.0,100.0,99.0,98.0,97.0,96.0,95.0,94.0,93.0,92.0,91.0,90.0,89.0,88.0,87.0,86.0,85.0,84.0,83.0,81.0
real,300,gulf,3,Analytic,0,crossing,3,280,12,1.149710543996172,11.0,10.0,9.0,8.0,8.0,7.0,6.0,6.0,6.0,6.0,6.0,6.0,6.0,6.0,6.0,6.0,6.0,6.0,6.0,6.0
real,300,gulf,3,Analytic,0,crossing,4,344,50,1.3816431617176173,49.0,48.0,47.0,46.0,45.0,44.0,43.0,42.0,42.0,41.0,40.0,39.0,37.0,36.0,35.0,34.0,33.0,32.0,31.0,30.0
real,300,gulf,3,Analytic,0,crossing,5,398,165,0.332607269790228,164.0,163.0,163.0,162.0,162.0,162.0,161.0,161.0,161.0,161.0,161.0,160.0,160.0,160.0,160.0,160.0,160.0,154.0,153.0,151.0
real,300,gulf,3,Analytic,0,crossing,6,476,88,1.0705015478105118,87.0,86.0,85.0,84.0,83.0,82.0,81.0,80.0,80.0,78.0,77.0,76.0,75.0,74.0,73.0,72.0,71.0,70.0,70.0,69.0
real,300,gulf,3,Analytic,0,crossing,7,497,79,0.8697830060528178,78.0,77.0,76.0,75.0,74.0,74.0,73.0,73.0,66.0,64.0,64.0,63.0,63.0,63.0,63.0,63.0,62.0,44.0,44.0,44.0
real,300,gulf,3,ConstVel,0,buffer,0,6,239,1.094679936641135,236.0,235.0,234.0,233.0,232.0,231.0,229.0,229.0,227.0,226.0,225.0,224.0,223.0,222.0,221.0,220.0,219.0,219.0,217.0,216.0
real,300,gulf,3,ConstVel,0,buffer,1,26,57,1.4005243516420496,55.0,54.0,53.0,52.0,51.0,50.0,49.0,48.0,47.0,46.0,45.0,44.0,43.0,42.0,40.0,39.0,38.0,37.0,36.0,35.0
real,300,gulf,3,ConstVel,0,buffer,2,193,102,1.316664252791646,99.0,98.0,97.0,96.0,95.0,94.0,93.0,92.0,91.0,90.0,89.0,88.0,86.0,85.0,85.0,84.0,83.0,81.0,80.0,79.0
real,300,gulf,3,ConstVel,0,buffer,3,280,12,1.149710543996172,9.0,8.0,7.0,6.0,6.0,6.0,6.0,6.0,6.0,6.0,6.0,6.0,6.0,6.0,6.0,6.0,6.0,6.0,6.0,6.0
real,300,gulf,3,ConstVel,0,buffer,4,344,50,1.3816431617176173,47.0,46.0,45.0,44.0,43.0,42.0,41.0,40.0,39.0,38.0,37.0,37.0,34.0,34.0,33.0,31.0,30.0,30.0,29.0,28.0
real,300,gulf,3,ConstVel,0,buffer,5,398,165,0.332607269790228,162.0,161.0,160.0,159.0,159.0,159.0,159.0,159.0,159.0,159.0,159.0,159.0,152.0,151.0,150.0,149.0,148.0,147.0,147.0,138.0
real,300,gulf,3,ConstVel,0,buffer,6,476,88,1.0705015478105118,85.0,84.0,83.0,82.0,81.0,80.0,79.0,79.0,78.0,77.0,75.0,74.0,73.0,72.0,71.0,70.0,69.0,69.0,68.0,67.0
real,300,gulf,3,ConstVel,0,buffer,7,497,79,0.8697830060528178,74.0,73.0,72.0,72.0,71.0,63.0,63.0,62.0,62.0,62.0,62.0,62.0,62.0,44.0,44.0,44.0,41.0,41.0,41.0,41.0
real,300,gulf,3,ConstVel,0,crossing,0,6,239,1.094679936641135,238.0,237.0,236.0,235.0,234.0,233.0,232.0,231.0,230.0,229.0,228.0,226.0,225.0,224.0,223.0,222.0,221.0,220.0,220.0,219.0
real,300,gulf,3,ConstVel,0,crossing,1,26,57,1.4005243516420496,56.0,55.0,54.0,53.0,52.0,51.0,50.0,49.0,48.0,47.0,46.0,45.0,44.0,43.0,42.0,41.0,40.0,39.0,38.0,37.0
real,300,gulf,3,ConstVel,0,crossing,2,193,102,1.316664252791646,101.0,100.0,99.0,98.0,97.0,96.0,95.0,94.0,93.0,92.0,91.0,90.0,89.0,88.0,86.0,85.0,85.0,84.0,83.0,81.0
real,300,gulf,3,ConstVel,0,crossing,3,280,12,1.149710543996172,11.0,10.0,9.0,8.0,7.0,6.0,6.0,6.0,6.0,6.0,6.0,6.0,6.0,6.0,6.0,6.0,6.0,6.0,6.0,6.0
real,300,gulf,3,ConstVel,0,crossing,4,344,50,1.3816431617176173,49.0,48.0,47.0,46.0,45.0,44.0,43.0,42.0,42.0,41.0,40.0,39.0,38.0,37.0,35.0,34.0,33.0,32.0,31.0,30.0
real,300,gulf,3,ConstVel,0,crossing,5,398,165,0.332607269790228,164.0,163.0,162.0,161.0,161.0,160.0,160.0,159.0,159.0,159.0,159.0,159.0,159.0,159.0,159.0,159.0,159.0,159.0,159.0,151.0
real,300,gulf,3,ConstVel,0,crossing,6,476,88,1.0705015478105118,87.0,86.0,85.0,84.0,83.0,82.0,81.0,80.0,79.0,79.0,78.0,77.0,75.0,74.0,73.0,72.0,71.0,70.0,69.0,69.0
real,300,gulf,3,ConstVel,0,crossing,7,497,79,0.8697830060528178,78.0,77.0,76.0,75.0,74.0,73.0,72.0,63.0,63.0,62.0,62.0,62.0,62.0,62.0,62.0,44.0,44.0,44.0,41.0,41.0
real,300,gulf,3,Kalman,0,buffer,0,6,239,1.094679936641135,236.0,235.0,234.0,233.0,232.0,231.0,230.0,229.0,227.0,226.0,225.0,224.0,223.0,222.0,221.0,220.0,219.0,219.0,217.0,216.0
real,300,gulf,3,Kalman,0,buffer,1,26,57,1.4005243516420496,55.0,54.0,53.0,52.0,51.0,50.0,49.0,48.0,47.0,46.0,45.0,44.0,43.0,41.0,40.0,39.0,38.0,37.0,36.0,35.0
real,300,gulf,3,Kalman,0,buffer,2,193,102,1.316664252791646,99.0,98.0,97.0,96.0,95.0,94.0,93.0,92.0,91.0,90.0,89.0,88.0,86.0,85.0,85.0,84.0,83.0,81.0,80.0,79.0
real,300,gulf,3,Kalman,0,buffer,3,280,12,1.149710543996172,9.0,8.0,7.0,6.0,6.0,6.0,6.0,6.0,6.0,6.0,6.0,6.0,6.0,6.0,6.0,6.0,6.0,6.0,6.0,6.0
real,300,gulf,3,Kalman,0,buffer,4,344,50,1.3816431617176173,47.0,46.0,45.0,44.0,43.0,42.0,41.0,40.0,39.0,38.0,37.0,37.0,35.0,34.0,33.0,31.0,31.0,30.0,29.0,28.0
real,300,gulf,3,Kalman,0,buffer,5,398,165,0.332607269790228,162.0,161.0,160.0,160.0,160.0,159.0,159.0,159.0,159.0,159.0,159.0,154.0,152.0,151.0,150.0,149.0,148.0,147.0,146.0,138.0
real,300,gulf,3,Kalman,0,buffer,6,476,88,1.0705015478105118,85.0,84.0,83.0,82.0,81.0,80.0,80.0,79.0,78.0,77.0,75.0,74.0,73.0,72.0,71.0,70.0,69.0,69.0,68.0,67.0
real,300,gulf,3,Kalman,0,buffer,7,497,79,0.8697830060528178,74.0,73.0,73.0,72.0,71.0,71.0,63.0,63.0,63.0,62.0,62.0,62.0,62.0,62.0,44.0,44.0,43.0,42.0,42.0,41.0
real,300,gulf,3,Kalman,0,crossing,0,6,239,1.094679936641135,238.0,237.0,236.0,235.0,234.0,233.0,232.0,231.0,230.0,229.0,228.0,226.0,225.0,224.0,223.0,222.0,221.0,221.0,220.0,219.0
real,300,gulf,3,Kalman,0,crossing,1,26,57,1.4005243516420496,56.0,55.0,54.0,53.0,52.0,51.0,50.0,49.0,48.0,47.0,46.0,45.0,44.0,43.0,42.0,41.0,40.0,39.0,38.0,37.0
real,300,gulf,3,Kalman,0,crossing,2,193,102,1.316664252791646,101.0,100.0,99.0,98.0,97.0,96.0,95.0,94.0,93.0,92.0,91.0,90.0,89.0,88.0,86.0,85.0,85.0,84.0,83.0,81.0
real,300,gulf,3,Kalman,0,crossing,3,280,12,1.149710543996172,11.0,10.0,9.0,8.0,7.0,6.0,6.0,6.0,6.0,6.0,6.0,6.0,6.0,6.0,6.0,6.0,6.0,6.0,6.0,6.0
real,300,gulf,3,Kalman,0,crossing,4,344,50,1.3816431617176173,49.0,48.0,47.0,46.0,45.0,44.0,43.0,42.0,42.0,41.0,40.0,39.0,38.0,37.0,35.0,34.0,33.0,32.0,31.0,30.0
real,300,gulf,3,Kalman,0,crossing,5,398,165,0.332607269790228,164.0,163.0,162.0,162.0,161.0,161.0,160.0,160.0,160.0,160.0,159.0,159.0,159.0,159.0,159.0,159.0,159.0,159.0,153.0,151.0
real,300,gulf,3,Kalman,0,crossing,6,476,88,1.0705015478105118,87.0,86.0,85.0,84.0,83.0,82.0,81.0,80.0,79.0,79.0,78.0,77.0,75.0,74.0,73.0,72.0,71.0,70.0,69.0,69.0
real,300,gulf,3,Kalman,0,crossing,7,497,79,0.8697830060528178,78.0,77.0,76.0,75.0,74.0,73.0,72.0,72.0,63.0,63.0,63.0,63.0,62.0,62.0,62.0,62.0,44.0,44.0,43.0,42.0
real,300,gulf,3,LSTM-rec,0,buffer,0,6,239,1.094679936641135,236.0,235.0,234.0,234.0,233.0,232.0,232.0,231.0,231.0,231.0,230.0,230.0,229.0,229.0,229.0,229.0,229.0,229.0,229.0,229.0
real,300,gulf,3,LSTM-rec,0,buffer,1,26,57,1.4005243516420496,55.0,54.0,53.0,53.0,52.0,52.0,51.0,51.0,50.0,50.0,49.0,49.0,49.0,49.0,48.0,48.0,48.0,48.0,48.0,48.0
real,300,gulf,3,LSTM-rec,0,buffer,2,193,102,1.316664252791646,99.0,98.0,97.0,97.0,96.0,95.0,95.0,94.0,94.0,93.0,93.0,93.0,92.0,92.0,92.0,92.0,91.0,91.0,91.0,91.0
real,300,gulf,3,LSTM-rec,0,buffer,3,280,12,1.149710543996172,9.0,8.0,7.0,7.0,6.0,6.0,6.0,6.0,6.0,6.0,6.0,6.0,6.0,6.0,6.0,6.0,6.0,6.0,6.0,6.0
real,300,gulf,3,LSTM-rec,0,buffer,4,344,50,1.3816431617176173,47.0,46.0,45.0,45.0,44.0,43.0,43.0,42.0,42.0,42.0,41.0,41.0,41.0,40.0,40.0,40.0,40.0,39.0,39.0,39.0
real,300,gulf,3,LSTM-rec,0,buffer,5,398,165,0.332607269790228,162.0,161.0,161.0,161.0,160.0,160.0,160.0,160.0,160.0,160.0,160.0,160.0,160.0,160.0,160.0,160.0,160.0,160.0,160.0,160.0
real,300,gulf,3,LSTM-rec,0,buffer,6,476,88,1.0705015478105118,85.0,85.0,84.0,83.0,82.0,82.0,81.0,81.0,81.0,80.0,80.0,80.0,79.0,79.0,79.0,79.0,79.0,78.0,78.0,78.0
real,300,gulf,3,LSTM-rec,0,buffer,7,497,79,0.8697830060528178,75.0,74.0,73.0,73.0,72.0,72.0,72.0,72.0,71.0,71.0,71.0,71.0,71.0,71.0,63.0,63.0,63.0,63.0,63.0,63.0
real,300,gulf,3,LSTM-rec,0,crossing,0,6,239,1.094679936641135,238.0,237.0,237.0,236.0,235.0,235.0,234.0,234.0,233.0,233.0,233.0,232.0,232.0,232.0,232.0,232.0,232.0,231.0,231.0,231.0
real,300,gulf,3,LSTM-rec,0,crossing,1,26,57,1.4005243516420496,56.0,56.0,55.0,54.0,54.0,53.0,53.0,52.0,52.0,51.0,51.0,51.0,50.0,50.0,50.0,50.0,50.0,50.0,49.0,49.0
real,300,gulf,3,LSTM-rec,0,crossing,2,193,102,1.316664252791646,101.0,100.0,99.0,99.0,98.0,97.0,97.0,96.0,96.0,95.0,95.0,95.0,94.0,94.0,94.0,94.0,94.0,93.0,93.0,93.0
real,300,gulf,3,LSTM-rec,0,crossing,3,280,12,1.149710543996172,11.0,11.0,10.0,9.0,8.0,8.0,7.0,7.0,7.0,6.0,6.0,6.0,6.0,6.0,6.0,6.0,6.0,6.0,6.0,6.0
real,300,gulf,3,LSTM-rec,0,crossing,4,344,50,1.3816431617176173,49.0,48.0,47.0,47.0,46.0,45.0,45.0,44.0,44.0,43.0,43.0,43.0,43.0,42.0,42.0,42.0,42.0,42.0,42.0,42.0
real,300,gulf,3,LSTM-rec,0,crossing,5,398,165,0.332607269790228,164.0,163.0,163.0,162.0,162.0,162.0,161.0,161.0,161.0,161.0,161.0,161.0,161.0,161.0,161.0,161.0,161.0,161.0,161.0,161.0
real,300,gulf,3,LSTM-rec,0,crossing,6,476,88,1.0705015478105118,87.0,86.0,86.0,85.0,84.0,84.0,83.0,83.0,82.0,82.0,82.0,81.0,81.0,81.0,81.0,80.0,80.0,80.0,80.0,80.0
real,300,gulf,3,LSTM-rec,0,crossing,7,497,79,0.8697830060528178,78.0,77.0,76.0,76.0,75.0,74.0,74.0,74.0,73.0,73.0,73.0,73.0,73.0,72.0,72.0,72.0,72.0,72.0,72.0,72.0
real,300,gulf,3,LSTM-ms,0,buffer,0,6,239,1.094679936641135,236.0,234.0,234.0,233.0,232.0,231.0,230.0,229.0,228.0,228.0,227.0,226.0,225.0,225.0,224.0,224.0,223.0,222.0,222.0,222.0
real,300,gulf,3,LSTM-ms,0,buffer,1,26,57,1.4005243516420496,55.0,54.0,53.0,52.0,51.0,51.0,50.0,49.0,49.0,48.0,47.0,47.0,46.0,46.0,45.0,45.0,44.0,44.0,43.0,43.0
real,300,gulf,3,LSTM-ms,0,buffer,2,193,102,1.316664252791646,99.0,98.0,97.0,96.0,95.0,94.0,93.0,93.0,92.0,91.0,91.0,90.0,89.0,88.0,88.0,87.0,87.0,86.0,86.0,85.0
real,300,gulf,3,LSTM-ms,0,buffer,3,280,12,1.149710543996172,9.0,8.0,7.0,6.0,6.0,6.0,6.0,6.0,6.0,6.0,6.0,6.0,6.0,6.0,6.0,6.0,6.0,6.0,6.0,6.0
real,300,gulf,3,LSTM-ms,0,buffer,4,344,50,1.3816431617176173,47.0,46.0,45.0,44.0,43.0,42.0,42.0,41.0,40.0,40.0,39.0,38.0,37.0,37.0,36.0,35.0,34.0,34.0,33.0,33.0
real,300,gulf,3,LSTM-ms,0,buffer,5,398,165,0.332607269790228,162.0,161.0,160.0,160.0,160.0,159.0,159.0,159.0,154.0,153.0,152.0,151.0,150.0,149.0,148.0,147.0,146.0,145.0,144.0,144.0
real,300,gulf,3,LSTM-ms,0,buffer,6,476,88,1.0705015478105118,85.0,84.0,83.0,83.0,82.0,81.0,80.0,80.0,79.0,78.0,78.0,77.0,76.0,75.0,75.0,74.0,74.0,73.0,73.0,72.0
real,300,gulf,3,LSTM-ms,0,buffer,7,497,79,0.8697830060528178,74.0,73.0,72.0,72.0,71.0,71.0,64.0,64.0,63.0,63.0,63.0,63.0,63.0,62.0,62.0,62.0,62.0,62.0,62.0,62.0
real,300,gulf,3,LSTM-ms,0,crossing,0,6,239,1.094679936641135,238.0,237.0,236.0,235.0,234.0,233.0,233.0,232.0,231.0,230.0,229.0,229.0,228.0,227.0,226.0,226.0,225.0,225.0,224.0,224.0
real,300,gulf,3,LSTM-ms,0,crossing,1,26,57,1.4005243516420496,56.0,55.0,55.0,54.0,53.0,52.0,51.0,51.0,50.0,49.0,49.0,48.0,48.0,47.0,47.0,46.0,46.0,45.0,45.0,44.0
real,300,gulf,3,LSTM-ms,0,crossing,2,193,102,1.316664252791646,101.0,100.0,99.0,98.0,97.0,96.0,95.0,95.0,94.0,93.0,93.0,92.0,91.0,91.0,90.0,89.0,89.0,88.0,88.0,87.0
real,300,gulf,3,LSTM-ms,0,crossing,3,280,12,1.149710543996172,11.0,10.0,9.0,8.0,8.0,7.0,6.0,6.0,6.0,6.0,6.0,6.0,6.0,6.0,6.0,6.0,6.0,6.0,6.0,6.0
real,300,gulf,3,LSTM-ms,0,crossing,4,344,50,1.3816431617176173,49.0,48.0,47.0,46.0,45.0,44.0,44.0,43.0,42.0,42.0,41.0,40.0,40.0,39.0,38.0,38.0,37.0,36.0,35.0,35.0
real,300,gulf,3,LSTM-ms,0,crossing,5,398,165,0.332607269790228,164.0,163.0,162.0,162.0,161.0,161.0,161.0,160.0,160.0,160.0,160.0,159.0,159.0,159.0,159.0,154.0,153.0,152.0,151.0,151.0
real,300,gulf,3,LSTM-ms,0,crossing,6,476,88,1.0705015478105118,87.0,86.0,85.0,84.0,84.0,83.0,82.0,81.0,81.0,80.0,80.0,79.0,78.0,78.0,77.0,76.0,76.0,75.0,74.0,74.0
real,300,gulf,3,LSTM-ms,0,crossing,7,497,79,0.8697830060528178,78.0,76.0,75.0,74.0,73.0,73.0,72.0,72.0,71.0,71.0,64.0,64.0,63.0,63.0,63.0,63.0,63.0,63.0,63.0,62.0
real,300,gulf,3,LSTM-rec,1,buffer,0,6,239,1.094679936641135,236.0,235.0,234.0,234.0,233.0,233.0,233.0,232.0,232.0,232.0,232.0,232.0,232.0,232.0,232.0,232.0,232.0,232.0,232.0,232.0
real,300,gulf,3,LSTM-rec,1,buffer,1,26,57,1.4005243516420496,55.0,54.0,53.0,53.0,52.0,52.0,51.0,51.0,51.0,50.0,50.0,50.0,50.0,50.0,49.0,49.0,49.0,49.0,49.0,49.0
real,300,gulf,3,LSTM-rec,1,buffer,2,193,102,1.316664252791646,99.0,98.0,97.0,97.0,96.0,96.0,95.0,95.0,95.0,94.0,94.0,94.0,94.0,94.0,94.0,94.0,94.0,94.0,94.0,94.0
real,300,gulf,3,LSTM-rec,1,buffer,3,280,12,1.149710543996172,9.0,8.0,8.0,7.0,7.0,6.0,6.0,6.0,6.0,6.0,6.0,6.0,6.0,6.0,6.0,6.0,6.0,6.0,6.0,6.0
real,300,gulf,3,LSTM-rec,1,buffer,4,344,50,1.3816431617176173,47.0,46.0,45.0,45.0,44.0,44.0,43.0,43.0,43.0,43.0,43.0,42.0,42.0,42.0,42.0,42.0,42.0,42.0,42.0,42.0
real,300,gulf,3,LSTM-rec,1,buffer,5,398,165,0.332607269790228,162.0,161.0,161.0,161.0,161.0,161.0,161.0,160.0,160.0,160.0,160.0,160.0,160.0,160.0,160.0,160.0,160.0,160.0,160.0,160.0
real,300,gulf,3,LSTM-rec,1,buffer,6,476,88,1.0705015478105118,85.0,85.0,84.0,83.0,83.0,82.0,82.0,82.0,81.0,81.0,81.0,81.0,81.0,80.0,80.0,80.0,80.0,80.0,80.0,80.0
real,300,gulf,3,LSTM-rec,1,buffer,7,497,79,0.8697830060528178,75.0,74.0,73.0,73.0,73.0,73.0,72.0,72.0,72.0,72.0,72.0,72.0,72.0,72.0,72.0,72.0,72.0,72.0,72.0,72.0
real,300,gulf,3,LSTM-rec,1,crossing,0,6,239,1.094679936641135,238.0,238.0,237.0,236.0,236.0,235.0,235.0,235.0,234.0,234.0,234.0,234.0,234.0,234.0,234.0,234.0,234.0,234.0,234.0,234.0
real,300,gulf,3,LSTM-rec,1,crossing,1,26,57,1.4005243516420496,57.0,56.0,55.0,54.0,54.0,53.0,53.0,52.0,52.0,52.0,51.0,51.0,51.0,51.0,51.0,51.0,51.0,51.0,51.0,51.0
real,300,gulf,3,LSTM-rec,1,crossing,2,193,102,1.316664252791646,101.0,100.0,99.0,99.0,98.0,98.0,97.0,97.0,97.0,96.0,96.0,96.0,96.0,96.0,96.0,96.0,96.0,96.0,96.0,96.0
real,300,gulf,3,LSTM-rec,1,crossing,3,280,12,1.149710543996172,11.0,11.0,10.0,9.0,9.0,8.0,8.0,8.0,7.0,7.0,7.0,7.0,7.0,7.0,7.0,7.0,7.0,7.0,7.0,7.0
real,300,gulf,3,LSTM-rec,1,crossing,4,344,50,1.3816431617176173,49.0,48.0,47.0,47.0,46.0,46.0,45.0,45.0,45.0,44.0,44.0,44.0,44.0,44.0,44.0,44.0,44.0,44.0,44.0,44.0
real,300,gulf,3,LSTM-rec,1,crossing,5,398,165,0.332607269790228,164.0,164.0,163.0,163.0,162.0,162.0,162.0,162.0,162.0,162.0,162.0,162.0,162.0,162.0,162.0,162.0,162.0,162.0,162.0,162.0
real,300,gulf,3,LSTM-rec,1,crossing,6,476,88,1.0705015478105118,87.0,86.0,86.0,85.0,85.0,84.0,84.0,83.0,83.0,83.0,83.0,82.0,82.0,82.0,82.0,82.0,82.0,82.0,82.0,82.0
real,300,gulf,3,LSTM-rec,1,crossing,7,497,79,0.8697830060528178,78.0,77.0,77.0,76.0,76.0,75.0,75.0,75.0,74.0,74.0,74.0,74.0,74.0,74.0,74.0,74.0,74.0,74.0,74.0,74.0
real,300,gulf,3,LSTM-ms,1,buffer,0,6,239,1.094679936641135,236.0,236.0,235.0,234.0,234.0,233.0,233.0,232.0,232.0,232.0,231.0,231.0,230.0,230.0,229.0,229.0,228.0,228.0,227.0,227.0
real,300,gulf,3,LSTM-ms,1,buffer,1,26,57,1.4005243516420496,55.0,54.0,54.0,53.0,52.0,51.0,51.0,50.0,50.0,49.0,48.0,48.0,47.0,47.0,46.0,46.0,45.0,45.0,44.0,44.0
real,300,gulf,3,LSTM-ms,1,buffer,2,193,102,1.316664252791646,99.0,99.0,98.0,97.0,97.0,96.0,96.0,95.0,95.0,94.0,94.0,94.0,93.0,93.0,92.0,92.0,91.0,91.0,90.0,90.0
real,300,gulf,3,LSTM-ms,1,buffer,3,280,12,1.149710543996172,9.0,9.0,8.0,8.0,7.0,7.0,6.0,6.0,6.0,6.0,6.0,6.0,6.0,6.0,6.0,6.0,6.0,6.0,6.0,6.0
real,300,gulf,3,LSTM-ms,1,buffer,4,344,50,1.3816431617176173,47.0,47.0,46.0,45.0,45.0,44.0,44.0,43.0,43.0,43.0,42.0,42.0,42.0,41.0,41.0,40.0,40.0,39.0,39.0,38.0
real,300,gulf,3,LSTM-ms,1,buffer,5,398,165,0.332607269790228,162.0,162.0,161.0,161.0,161.0,160.0,160.0,160.0,160.0,160.0,160.0,160.0,159.0,159.0,159.0,159.0,159.0,159.0,159.0,159.0
real,300,gulf,3,LSTM-ms,1,buffer,6,476,88,1.0705015478105118,86.0,85.0,84.0,84.0,83.0,83.0,82.0,82.0,81.0,81.0,81.0,80.0,80.0,79.0,79.0,78.0,78.0,78.0,77.0,77.0
real,300,gulf,3,LSTM-ms,1,buffer,7,497,79,0.8697830060528178,75.0,75.0,74.0,74.0,73.0,73.0,72.0,72.0,72.0,72.0,63.0,63.0,63.0,63.0,63.0,63.0,63.0,63.0,63.0,62.0
real,300,gulf,3,LSTM-ms,1,crossing,0,6,239,1.094679936641135,239.0,238.0,237.0,237.0,236.0,236.0,235.0,235.0,234.0,234.0,234.0,233.0,233.0,232.0,232.0,231.0,231.0,230.0,230.0,230.0
real,300,gulf,3,LSTM-ms,1,crossing,1,26,57,1.4005243516420496,57.0,56.0,55.0,54.0,54.0,53.0,52.0,51.0,51.0,50.0,50.0,49.0,49.0,48.0,48.0,47.0,47.0,46.0,46.0,46.0
real,300,gulf,3,LSTM-ms,1,crossing,2,193,102,1.316664252791646,101.0,101.0,100.0,99.0,99.0,98.0,98.0,97.0,97.0,96.0,96.0,96.0,95.0,95.0,94.0,94.0,93.0,93.0,93.0,92.0
real,300,gulf,3,LSTM-ms,1,crossing,3,280,12,1.149710543996172,12.0,11.0,11.0,10.0,9.0,9.0,8.0,8.0,8.0,7.0,7.0,7.0,6.0,6.0,6.0,6.0,6.0,6.0,6.0,6.0
real,300,gulf,3,LSTM-ms,1,crossing,4,344,50,1.3816431617176173,49.0,49.0,48.0,47.0,47.0,46.0,46.0,45.0,45.0,44.0,44.0,44.0,43.0,43.0,42.0,42.0,42.0,42.0,41.0,41.0
real,300,gulf,3,LSTM-ms,1,crossing,5,398,165,0.332607269790228,165.0,164.0,164.0,163.0,163.0,162.0,162.0,162.0,162.0,161.0,161.0,161.0,161.0,161.0,161.0,160.0,160.0,160.0,160.0,160.0
real,300,gulf,3,LSTM-ms,1,crossing,6,476,88,1.0705015478105118,87.0,87.0,86.0,86.0,85.0,85.0,84.0,84.0,83.0,83.0,82.0,82.0,81.0,81.0,81.0,80.0,80.0,79.0,79.0,79.0
real,300,gulf,3,LSTM-ms,1,crossing,7,497,79,0.8697830060528178,78.0,78.0,77.0,77.0,76.0,76.0,75.0,75.0,74.0,74.0,74.0,74.0,73.0,73.0,72.0,63.0,63.0,63.0,63.0,63.0
real,300,gulf,3,LSTM-rec,2,buffer,0,6,239,1.094679936641135,236.0,235.0,234.0,233.0,232.0,231.0,230.0,229.0,228.0,227.0,226.0,225.0,224.0,223.0,222.0,221.0,221.0,220.0,219.0,218.0
real,300,gulf,3,LSTM-rec,2,buffer,1,26,57,1.4005243516420496,55.0,54.0,53.0,52.0,51.0,50.0,50.0,49.0,48.0,47.0,47.0,46.0,45.0,44.0,44.0,43.0,42.0,42.0,41.0,40.0
real,300,gulf,3,LSTM-rec,2,buffer,2,193,102,1.316664252791646,99.0,98.0,97.0,96.0,95.0,94.0,93.0,92.0,91.0,91.0,90.0,89.0,88.0,87.0,86.0,85.0,85.0,84.0,83.0,83.0
real,300,gulf,3,LSTM-rec,2,buffer,3,280,12,1.149710543996172,9.0,8.0,7.0,6.0,6.0,6.0,6.0,6.0,6.0,6.0,6.0,6.0,6.0,6.0,6.0,6.0,6.0,6.0,6.0,6.0
real,300,gulf,3,LSTM-rec,2,buffer,4,344,50,1.3816431617176173,47.0,46.0,45.0,44.0,43.0,42.0,42.0,41.0,40.0,39.0,38.0,37.0,36.0,35.0,34.0,33.0,32.0,31.0,30.0,30.0
real,300,gulf,3,LSTM-rec,2,buffer,5,398,165,0.332607269790228,162.0,161.0,161.0,160.0,160.0,160.0,159.0,159.0,154.0,152.0,150.0,149.0,147.0,145.0,143.0,142.0,138.0,137.0,136.0,135.0
real,300,gulf,3,LSTM-rec,2,buffer,6,476,88,1.0705015478105118,85.0,84.0,83.0,83.0,82.0,81.0,80.0,79.0,78.0,78.0,77.0,76.0,75.0,74.0,73.0,72.0,72.0,71.0,70.0,69.0
real,300,gulf,3,LSTM-rec,2,buffer,7,497,79,0.8697830060528178,74.0,74.0,73.0,72.0,71.0,71.0,64.0,63.0,63.0,63.0,63.0,62.0,62.0,62.0,60.0,60.0,59.0,59.0,58.0,44.0
real,300,gulf,3,LSTM-rec,2,crossing,0,6,239,1.094679936641135,238.0,237.0,236.0,235.0,234.0,233.0,232.0,232.0,231.0,229.0,229.0,227.0,226.0,225.0,224.0,224.0,223.0,222.0,221.0,220.0
real,300,gulf,3,LSTM-rec,2,crossing,1,26,57,1.4005243516420496,56.0,55.0,55.0,54.0,53.0,52.0,51.0,50.0,49.0,49.0,48.0,47.0,47.0,46.0,45.0,44.0,44.0,43.0,42.0,42.0
real,300,gulf,3,LSTM-rec,2,crossing,2,193,102,1.316664252791646,101.0,100.0,99.0,98.0,97.0,96.0,95.0,94.0,94.0,93.0,92.0,91.0,90.0,89.0,88.0,87.0,86.0,86.0,85.0,84.0
real,300,gulf,3,LSTM-rec,2,crossing,3,280,12,1.149710543996172,11.0,10.0,9.0,8.0,7.0,7.0,6.0,6.0,6.0,6.0,6.0,6.0,6.0,6.0,6.0,6.0,6.0,6.0,6.0,6.0
real,300,gulf,3,LSTM-rec,2,crossing,4,344,50,1.3816431617176173,49.0,48.0,47.0,46.0,45.0,44.0,43.0,43.0,42.0,41.0,40.0,39.0,38.0,38.0,37.0,35.0,34.0,33.0,33.0,32.0
real,300,gulf,3,LSTM-rec,2,crossing,5,398,165,0.332607269790228,164.0,163.0,162.0,162.0,161.0,161.0,160.0,160.0,160.0,160.0,159.0,159.0,154.0,152.0,150.0,149.0,147.0,145.0,143.0,141.0
real,300,gulf,3,LSTM-rec,2,crossing,6,476,88,1.0705015478105118,87.0,86.0,85.0,84.0,83.0,83.0,82.0,81.0,80.0,79.0,79.0,78.0,77.0,76.0,75.0,74.0,73.0,73.0,72.0,71.0
real,300,gulf,3,LSTM-rec,2,crossing,7,497,79,0.8697830060528178,78.0,77.0,76.0,75.0,74.0,73.0,72.0,72.0,71.0,63.0,63.0,63.0,63.0,63.0,62.0,62.0,62.0,62.0,60.0,59.0
real,300,gulf,3,LSTM-ms,2,buffer,0,6,239,1.094679936641135,236.0,235.0,235.0,234.0,233.0,233.0,232.0,232.0,231.0,231.0,230.0,230.0,229.0,229.0,229.0,228.0,228.0,227.0,227.0,227.0
real,300,gulf,3,LSTM-ms,2,buffer,1,26,57,1.4005243516420496,55.0,54.0,54.0,53.0,52.0,52.0,51.0,51.0,50.0,50.0,49.0,49.0,48.0,48.0,48.0,47.0,47.0,46.0,46.0,46.0
real,300,gulf,3,LSTM-ms,2,buffer,2,193,102,1.316664252791646,99.0,98.0,98.0,97.0,96.0,96.0,95.0,95.0,94.0,94.0,94.0,93.0,93.0,92.0,92.0,92.0,91.0,91.0,90.0,90.0
real,300,gulf,3,LSTM-ms,2,buffer,3,280,12,1.149710543996172,9.0,8.0,8.0,7.0,7.0,7.0,6.0,6.0,6.0,6.0,6.0,6.0,6.0,6.0,6.0,6.0,6.0,6.0,6.0,6.0
real,300,gulf,3,LSTM-ms,2,buffer,4,344,50,1.3816431617176173,47.0,46.0,46.0,45.0,45.0,44.0,44.0,43.0,43.0,42.0,42.0,42.0,41.0,41.0,40.0,40.0,40.0,39.0,39.0,38.0
real,300,gulf,3,LSTM-ms,2,buffer,5,398,165,0.332607269790228,162.0,162.0,161.0,161.0,161.0,161.0,160.0,160.0,160.0,160.0,160.0,160.0,160.0,160.0,160.0,160.0,160.0,160.0,160.0,160.0
real,300,gulf,3,LSTM-ms,2,buffer,6,476,88,1.0705015478105118,85.0,85.0,84.0,84.0,83.0,82.0,82.0,82.0,81.0,81.0,80.0,80.0,80.0,79.0,79.0,78.0,78.0,78.0,77.0,77.0
real,300,gulf,3,LSTM-ms,2,buffer,7,497,79,0.8697830060528178,75.0,74.0,74.0,73.0,73.0,72.0,72.0,72.0,72.0,71.0,71.0,71.0,64.0,64.0,63.0,63.0,63.0,63.0,63.0,63.0
real,300,gulf,3,LSTM-ms,2,crossing,0,6,239,1.094679936641135,238.0,238.0,237.0,236.0,236.0,235.0,235.0,234.0,234.0,233.0,233.0,233.0,232.0,232.0,232.0,231.0,231.0,230.0,230.0,229.0
real,300,gulf,3,LSTM-ms,2,crossing,1,26,57,1.4005243516420496,57.0,56.0,55.0,54.0,54.0,53.0,53.0,52.0,51.0,51.0,51.0,50.0,50.0,49.0,49.0,49.0,48.0,48.0,48.0,47.0
real,300,gulf,3,LSTM-ms,2,crossing,2,193,102,1.316664252791646,101.0,100.0,100.0,99.0,99.0,98.0,97.0,97.0,96.0,96.0,96.0,95.0,95.0,94.0,94.0,94.0,93.0,93.0,93.0,92.0
real,300,gulf,3,LSTM-ms,2,crossing,3,280,12,1.149710543996172,11.0,11.0,10.0,9.0,9.0,9.0,8.0,8.0,7.0,7.0,7.0,6.0,6.0,6.0,6.0,6.0,6.0,6.0,6.0,6.0
real,300,gulf,3,LSTM-ms,2,crossing,4,344,50,1.3816431617176173,49.0,48.0,48.0,47.0,47.0,46.0,46.0,45.0,45.0,44.0,44.0,43.0,43.0,43.0,42.0,42.0,42.0,42.0,41.0,41.0
real,300,gulf,3,LSTM-ms,2,crossing,5,398,165,0.332607269790228,164.0,164.0,163.0,163.0,163.0,162.0,162.0,162.0,162.0,161.0,161.0,161.0,161.0,161.0,161.0,161.0,161.0,161.0,161.0,161.0
real,300,gulf,3,LSTM-ms,2,crossing,6,476,88,1.0705015478105118,87.0,87.0,86.0,85.0,85.0,84.0,84.0,83.0,83.0,82.0,82.0,82.0,81.0,81.0,81.0,80.0,80.0,80.0,79.0,79.0
real,300,gulf,3,LSTM-ms,2,crossing,7,497,79,0.8697830060528178,78.0,77.0,77.0,76.0,76.0,75.0,75.0,74.0,74.0,74.0,73.0,73.0,73.0,72.0,72.0,72.0,72.0,72.0,72.0,72.0
real,300,gulf,3,LSTM-rec,3,buffer,0,6,239,1.094679936641135,236.0,235.0,234.0,233.0,232.0,231.0,231.0,230.0,229.0,228.0,227.0,226.0,226.0,225.0,225.0,224.0,223.0,223.0,222.0,222.0
real,300,gulf,3,LSTM-rec,3,buffer,1,26,57,1.4005243516420496,55.0,54.0,53.0,52.0,51.0,51.0,50.0,49.0,49.0,48.0,48.0,47.0,46.0,46.0,45.0,45.0,44.0,44.0,44.0,43.0
real,300,gulf,3,LSTM-rec,3,buffer,2,193,102,1.316664252791646,99.0,98.0,97.0,96.0,95.0,95.0,94.0,93.0,92.0,92.0,91.0,90.0,89.0,89.0,88.0,88.0,87.0,86.0,86.0,85.0
real,300,gulf,3,LSTM-rec,3,buffer,3,280,12,1.149710543996172,9.0,8.0,7.0,6.0,6.0,6.0,6.0,6.0,6.0,6.0,6.0,6.0,6.0,6.0,6.0,6.0,6.0,6.0,6.0,6.0
real,300,gulf,3,LSTM-rec,3,buffer,4,344,50,1.3816431617176173,47.0,46.0,45.0,44.0,43.0,43.0,42.0,41.0,41.0,40.0,39.0,38.0,38.0,37.0,37.0,35.0,35.0,34.0,33.0,33.0
real,300,gulf,3,LSTM-rec,3,buffer,5,398,165,0.332607269790228,162.0,161.0,161.0,160.0,160.0,160.0,159.0,159.0,159.0,159.0,159.0,154.0,153.0,151.0,150.0,150.0,149.0,148.0,147.0,146.0
real,300,gulf,3,LSTM-rec,3,buffer,6,476,88,1.0705015478105118,85.0,84.0,84.0,83.0,82.0,81.0,81.0,80.0,79.0,79.0,78.0,77.0,77.0,76.0,75.0,74.0,74.0,73.0,73.0,72.0
real,300,gulf,3,LSTM-rec,3,buffer,7,497,79,0.8697830060528178,74.0,74.0,73.0,72.0,72.0,71.0,71.0,63.0,63.0,63.0,63.0,63.0,62.0,62.0,62.0,62.0,62.0,62.0,62.0,62.0
real,300,gulf,3,LSTM-rec,3,crossing,0,6,239,1.094679936641135,238.0,237.0,236.0,235.0,235.0,234.0,233.0,232.0,232.0,231.0,230.0,229.0,229.0,228.0,227.0,226.0,226.0,225.0,224.0,224.0
real,300,gulf,3,LSTM-rec,3,crossing,1,26,57,1.4005243516420496,56.0,56.0,55.0,54.0,53.0,52.0,52.0,51.0,50.0,50.0,49.0,48.0,48.0,47.0,47.0,46.0,46.0,45.0,45.0,45.0
real,300,gulf,3,LSTM-rec,3,crossing,2,193,102,1.316664252791646,101.0,100.0,99.0,98.0,97.0,97.0,96.0,95.0,94.0,94.0,93.0,92.0,92.0,91.0,90.0,90.0,89.0,88.0,88.0,87.0
real,300,gulf,3,LSTM-rec,3,crossing,3,280,12,1.149710543996172,11.0,10.0,9.0,9.0,8.0,7.0,6.0,6.0,6.0,6.0,6.0,6.0,6.0,6.0,6.0,6.0,6.0,6.0,6.0,6.0
real,300,gulf,3,LSTM-rec,3,crossing,4,344,50,1.3816431617176173,49.0,48.0,47.0,46.0,45.0,45.0,44.0,43.0,43.0,42.0,41.0,41.0,40.0,39.0,39.0,38.0,38.0,37.0,36.0,35.0
real,300,gulf,3,LSTM-rec,3,crossing,5,398,165,0.332607269790228,164.0,163.0,162.0,162.0,161.0,161.0,161.0,160.0,160.0,160.0,160.0,160.0,159.0,159.0,159.0,159.0,159.0,159.0,154.0,152.0
real,300,gulf,3,LSTM-rec,3,crossing,6,476,88,1.0705015478105118,87.0,86.0,85.0,85.0,84.0,83.0,82.0,82.0,81.0,80.0,80.0,79.0,79.0,78.0,78.0,77.0,76.0,75.0,75.0,74.0
real,300,gulf,3,LSTM-rec,3,crossing,7,497,79,0.8697830060528178,78.0,77.0,76.0,75.0,74.0,74.0,73.0,72.0,72.0,71.0,71.0,63.0,63.0,63.0,63.0,63.0,63.0,62.0,62.0,62.0
real,300,gulf,3,LSTM-ms,3,buffer,0,6,239,1.094679936641135,235.0,234.0,233.0,232.0,231.0,230.0,229.0,228.0,227.0,226.0,226.0,225.0,224.0,224.0,223.0,222.0,222.0,221.0,221.0,220.0
real,300,gulf,3,LSTM-ms,3,buffer,1,26,57,1.4005243516420496,55.0,53.0,52.0,51.0,50.0,49.0,49.0,48.0,47.0,46.0,46.0,45.0,44.0,44.0,43.0,42.0,42.0,41.0,40.0,40.0
real,300,gulf,3,LSTM-ms,3,buffer,2,193,102,1.316664252791646,98.0,97.0,96.0,95.0,94.0,94.0,93.0,92.0,91.0,90.0,90.0,89.0,88.0,87.0,87.0,86.0,86.0,85.0,84.0,84.0
real,300,gulf,3,LSTM-ms,3,buffer,3,280,12,1.149710543996172,9.0,8.0,7.0,6.0,6.0,6.0,6.0,6.0,6.0,6.0,6.0,6.0,6.0,6.0,6.0,6.0,6.0,6.0,6.0,6.0
real,300,gulf,3,LSTM-ms,3,buffer,4,344,50,1.3816431617176173,46.0,45.0,44.0,43.0,43.0,42.0,41.0,40.0,39.0,38.0,38.0,37.0,36.0,35.0,35.0,34.0,33.0,32.0,32.0,31.0
real,300,gulf,3,LSTM-ms,3,buffer,5,398,165,0.332607269790228,161.0,161.0,160.0,159.0,159.0,159.0,153.0,152.0,151.0,150.0,149.0,148.0,147.0,145.0,144.0,143.0,139.0,138.0,138.0,138.0
real,300,gulf,3,LSTM-ms,3,buffer,6,476,88,1.0705015478105118,85.0,84.0,83.0,82.0,81.0,80.0,80.0,79.0,78.0,77.0,76.0,76.0,75.0,74.0,74.0,73.0,73.0,72.0,71.0,71.0
real,300,gulf,3,LSTM-ms,3,buffer,7,497,79,0.8697830060528178,74.0,73.0,72.0,71.0,70.0,64.0,63.0,63.0,63.0,62.0,62.0,62.0,62.0,62.0,49.0,44.0,44.0,44.0,43.0,43.0
real,300,gulf,3,LSTM-ms,3,crossing,0,6,239,1.094679936641135,238.0,237.0,236.0,234.0,233.0,233.0,232.0,231.0,230.0,229.0,228.0,227.0,227.0,226.0,225.0,225.0,224.0,223.0,223.0,222.0
real,300,gulf,3,LSTM-ms,3,crossing,1,26,57,1.4005243516420496,56.0,55.0,54.0,53.0,52.0,51.0,50.0,49.0,49.0,48.0,47.0,46.0,46.0,45.0,45.0,44.0,43.0,43.0,42.0,41.0
real,300,gulf,3,LSTM-ms,3,crossing,2,193,102,1.316664252791646,100.0,99.0,98.0,97.0,96.0,96.0,95.0,94.0,93.0,93.0,92.0,91.0,90.0,90.0,89.0,88.0,88.0,87.0,86.0,86.0
real,300,gulf,3,LSTM-ms,3,crossing,3,280,12,1.149710543996172,11.0,10.0,9.0,8.0,7.0,6.0,6.0,6.0,6.0,6.0,6.0,6.0,6.0,6.0,6.0,6.0,6.0,6.0,6.0,6.0
real,300,gulf,3,LSTM-ms,3,crossing,4,344,50,1.3816431617176173,49.0,47.0,46.0,45.0,44.0,44.0,43.0,42.0,42.0,41.0,40.0,39.0,39.0,38.0,37.0,36.0,35.0,35.0,34.0,33.0
real,300,gulf,3,LSTM-ms,3,crossing,5,398,165,0.332607269790228,164.0,163.0,162.0,161.0,161.0,160.0,160.0,159.0,159.0,159.0,159.0,155.0,153.0,152.0,151.0,150.0,149.0,148.0,147.0,145.0
real,300,gulf,3,LSTM-ms,3,crossing,6,476,88,1.0705015478105118,87.0,86.0,85.0,84.0,83.0,82.0,81.0,81.0,80.0,79.0,79.0,78.0,77.0,76.0,76.0,75.0,74.0,74.0,73.0,73.0
real,300,gulf,3,LSTM-ms,3,crossing,7,497,79,0.8697830060528178,77.0,76.0,75.0,74.0,73.0,72.0,71.0,71.0,64.0,63.0,63.0,63.0,63.0,62.0,62.0,62.0,62.0,62.0,44.0,44.0
real,300,gulf,3,LSTM-rec,4,buffer,0,6,239,1.094679936641135,235.0,234.0,232.0,230.0,228.0,226.0,224.0,222.0,220.0,217.0,215.0,212.0,209.0,207.0,204.0,201.0,198.0,195.0,192.0,190.0
real,300,gulf,3,LSTM-rec,4,buffer,1,26,57,1.4005243516420496,55.0,53.0,52.0,51.0,49.0,48.0,46.0,45.0,43.0,42.0,40.0,38.0,36.0,35.0,33.0,31.0,29.0,27.0,26.0,24.0
real,300,gulf,3,LSTM-rec,4,buffer,2,193,102,1.316664252791646,98.0,97.0,96.0,94.0,92.0,90.0,88.0,86.0,84.0,82.0,79.0,77.0,75.0,72.0,70.0,68.0,66.0,63.0,60.0,57.0
real,300,gulf,3,LSTM-rec,4,buffer,3,280,12,1.149710543996172,9.0,7.0,6.0,6.0,6.0,6.0,6.0,6.0,6.0,6.0,6.0,6.0,6.0,6.0,6.0,6.0,6.0,6.0,6.0,6.0
real,300,gulf,3,LSTM-rec,4,buffer,4,344,50,1.3816431617176173,46.0,45.0,44.0,42.0,40.0,38.0,36.0,34.0,31.0,29.0,27.0,25.0,22.0,19.0,17.0,14.0,10.0,8.0,6.0,6.0
real,300,gulf,3,LSTM-rec,4,buffer,5,398,165,0.332607269790228,161.0,160.0,159.0,154.0,150.0,145.0,140.0,136.0,132.0,55.0,49.0,42.0,33.0,30.0,14.0,10.0,6.0,6.0,6.0,6.0
real,300,gulf,3,LSTM-rec,4,buffer,6,476,88,1.0705015478105118,85.0,84.0,82.0,81.0,79.0,78.0,76.0,74.0,72.0,70.0,68.0,66.0,63.0,61.0,59.0,58.0,58.0,49.0,44.0,41.0
real,300,gulf,3,LSTM-rec,4,buffer,7,497,79,0.8697830060528178,74.0,72.0,71.0,69.0,63.0,62.0,60.0,58.0,44.0,43.0,41.0,41.0,6.0,6.0,6.0,6.0,6.0,6.0,6.0,6.0
real,300,gulf,3,LSTM-rec,4,crossing,0,6,239,1.094679936641135,238.0,236.0,235.0,233.0,231.0,229.0,226.0,224.0,222.0,220.0,217.0,215.0,212.0,209.0,207.0,203.0,200.0,197.0,194.0,192.0
real,300,gulf,3,LSTM-rec,4,crossing,1,26,57,1.4005243516420496,56.0,55.0,54.0,52.0,51.0,49.0,48.0,46.0,45.0,43.0,41.0,40.0,38.0,36.0,34.0,32.0,31.0,29.0,27.0,25.0
real,300,gulf,3,LSTM-rec,4,crossing,2,193,102,1.316664252791646,100.0,99.0,98.0,96.0,94.0,92.0,90.0,88.0,86.0,84.0,82.0,79.0,77.0,74.0,72.0,70.0,67.0,65.0,62.0,59.0
real,300,gulf,3,LSTM-rec,4,crossing,3,280,12,1.149710543996172,11.0,9.0,8.0,6.0,6.0,6.0,6.0,6.0,6.0,6.0,6.0,6.0,6.0,6.0,6.0,6.0,6.0,6.0,6.0,6.0
real,300,gulf,3,LSTM-rec,4,crossing,4,344,50,1.3816431617176173,48.0,47.0,46.0,44.0,43.0,41.0,39.0,36.0,34.0,31.0,29.0,27.0,24.0,22.0,19.0,16.0,13.0,10.0,7.0,6.0
real,300,gulf,3,LSTM-rec,4,crossing,5,398,165,0.332607269790228,164.0,162.0,161.0,160.0,159.0,152.0,147.0,142.0,136.0,132.0,55.0,50.0,42.0,33.0,29.0,14.0,9.0,6.0,6.0,6.0
real,300,gulf,3,LSTM-rec,4,crossing,6,476,88,1.0705015478105118,87.0,86.0,84.0,83.0,81.0,79.0,78.0,76.0,73.0,72.0,70.0,68.0,65.0,63.0,61.0,59.0,58.0,58.0,49.0,43.0
real,300,gulf,3,LSTM-rec,4,crossing,7,497,79,0.8697830060528178,77.0,76.0,74.0,72.0,70.0,63.0,62.0,62.0,58.0,44.0,43.0,41.0,41.0,6.0,6.0,6.0,6.0,6.0,6.0,6.0
real,300,gulf,3,LSTM-ms,4,buffer,0,6,239,1.094679936641135,236.0,235.0,234.0,234.0,233.0,232.0,232.0,231.0,230.0,230.0,229.0,229.0,228.0,227.0,227.0,226.0,226.0,225.0,225.0,224.0
real,300,gulf,3,LSTM-ms,4,buffer,1,26,57,1.4005243516420496,55.0,54.0,53.0,53.0,52.0,51.0,51.0,50.0,50.0,49.0,48.0,48.0,47.0,47.0,47.0,46.0,46.0,45.0,45.0,44.0
real,300,gulf,3,LSTM-ms,4,buffer,2,193,102,1.316664252791646,99.0,98.0,97.0,97.0,96.0,96.0,95.0,94.0,94.0,93.0,93.0,92.0,92.0,91.0,90.0,90.0,89.0,89.0,88.0,88.0
real,300,gulf,3,LSTM-ms,4,buffer,3,280,12,1.149710543996172,9.0,8.0,8.0,7.0,7.0,6.0,6.0,6.0,6.0,6.0,6.0,6.0,6.0,6.0,6.0,6.0,6.0,6.0,6.0,6.0
real,300,gulf,3,LSTM-ms,4,buffer,4,344,50,1.3816431617176173,47.0,46.0,46.0,45.0,44.0,44.0,43.0,43.0,42.0,42.0,41.0,41.0,40.0,40.0,39.0,39.0,38.0,38.0,37.0,36.0
real,300,gulf,3,LSTM-ms,4,buffer,5,398,165,0.332607269790228,162.0,162.0,161.0,161.0,161.0,161.0,160.0,160.0,160.0,160.0,160.0,160.0,160.0,160.0,160.0,159.0,155.0,154.0,153.0,152.0
real,300,gulf,3,LSTM-ms,4,buffer,6,476,88,1.0705015478105118,85.0,85.0,84.0,83.0,83.0,82.0,81.0,81.0,80.0,80.0,79.0,79.0,78.0,78.0,77.0,77.0,76.0,76.0,75.0,74.0
real,300,gulf,3,LSTM-ms,4,buffer,7,497,79,0.8697830060528178,75.0,74.0,74.0,73.0,73.0,72.0,72.0,72.0,72.0,66.0,64.0,64.0,64.0,63.0,63.0,63.0,63.0,63.0,63.0,63.0
real,300,gulf,3,LSTM-ms,4,crossing,0,6,239,1.094679936641135,238.0,238.0,237.0,236.0,236.0,235.0,234.0,234.0,233.0,232.0,232.0,231.0,231.0,230.0,230.0,229.0,229.0,228.0,227.0,226.0
real,300,gulf,3,LSTM-ms,4,crossing,1,26,57,1.4005243516420496,57.0,56.0,55.0,54.0,54.0,53.0,52.0,52.0,51.0,50.0,50.0,49.0,49.0,48.0,48.0,47.0,47.0,47.0,46.0,46.0
real,300,gulf,3,LSTM-ms,4,crossing,2,193,102,1.316664252791646,101.0,100.0,99.0,99.0,98.0,98.0,97.0,96.0,96.0,95.0,95.0,94.0,94.0,93.0,93.0,92.0,92.0,91.0,91.0,90.0
real,300,gulf,3,LSTM-ms,4,crossing,3,280,12,1.149710543996172,11.0,11.0,10.0,9.0,9.0,8.0,8.0,7.0,7.0,6.0,6.0,6.0,6.0,6.0,6.0,6.0,6.0,6.0,6.0,6.0
real,300,gulf,3,LSTM-ms,4,crossing,4,344,50,1.3816431617176173,49.0,48.0,48.0,47.0,46.0,46.0,45.0,45.0,44.0,44.0,43.0,43.0,42.0,42.0,42.0,41.0,41.0,40.0,39.0,39.0
real,300,gulf,3,LSTM-ms,4,crossing,5,398,165,0.332607269790228,164.0,164.0,163.0,163.0,162.0,162.0,162.0,161.0,161.0,161.0,161.0,161.0,161.0,161.0,161.0,160.0,160.0,160.0,160.0,160.0
real,300,gulf,3,LSTM-ms,4,crossing,6,476,88,1.0705015478105118,87.0,87.0,86.0,85.0,85.0,84.0,83.0,83.0,82.0,82.0,81.0,81.0,80.0,80.0,79.0,79.0,78.0,78.0,77.0,77.0
real,300,gulf,3,LSTM-ms,4,crossing,7,497,79,0.8697830060528178,78.0,77.0,77.0,76.0,75.0,75.0,74.0,74.0,73.0,73.0,73.0,73.0,72.0,72.0,66.0,66.0,64.0,64.0,63.0,63.0
real,300,gulf,4,Reactive,0,zone,0,6,270,1.094679936641135,268.0,268.0,268.0,268.0,268.0,268.0,268.0,268.0,268.0,268.0,268.0,268.0,268.0,268.0,268.0,268.0,268.0,268.0,268.0,268.0
real,300,gulf,4,Reactive,0,zone,1,26,69,1.4005243516420496,67.0,67.0,67.0,67.0,67.0,67.0,67.0,67.0,67.0,67.0,67.0,67.0,67.0,67.0,67.0,67.0,67.0,67.0,67.0,67.0
real,300,gulf,4,Reactive,0,zone,2,193,104,1.316664252791646,103.0,103.0,103.0,103.0,103.0,103.0,103.0,103.0,103.0,103.0,103.0,103.0,103.0,103.0,103.0,103.0,103.0,103.0,103.0,103.0
real,300,gulf,4,Reactive,0,zone,3,280,40,1.149710543996172,38.0,38.0,38.0,38.0,38.0,38.0,38.0,38.0,38.0,38.0,38.0,38.0,38.0,38.0,38.0,38.0,38.0,38.0,38.0,38.0
real,300,gulf,4,Reactive,0,zone,4,475,23,0.4507652068711737,18.0,18.0,18.0,18.0,18.0,18.0,18.0,18.0,18.0,18.0,18.0,18.0,18.0,18.0,18.0,18.0,18.0,18.0,18.0,18.0
real,300,gulf,4,Analytic,0,buffer,0,6,270,1.094679936641135,267.0,266.0,265.0,264.0,263.0,262.0,261.0,260.0,259.0,258.0,257.0,256.0,255.0,254.0,253.0,252.0,251.0,250.0,249.0,248.0
real,300,gulf,4,Analytic,0,buffer,1,26,69,1.4005243516420496,66.0,65.0,64.0,63.0,62.0,61.0,60.0,59.0,58.0,57.0,56.0,55.0,54.0,53.0,52.0,52.0,51.0,50.0,49.0,48.0
real,300,gulf,4,Analytic,0,buffer,2,193,104,1.316664252791646,102.0,101.0,100.0,99.0,98.0,97.0,96.0,95.0,94.0,93.0,92.0,91.0,90.0,89.0,88.0,87.0,86.0,85.0,84.0,83.0
real,300,gulf,4,Analytic,0,buffer,3,280,40,1.149710543996172,37.0,36.0,35.0,34.0,33.0,32.0,31.0,30.0,29.0,29.0,28.0,27.0,26.0,25.0,24.0,23.0,22.0,21.0,20.0,19.0
real,300,gulf,4,Analytic,0,buffer,4,475,23,0.4507652068711737,17.0,16.0,16.0,15.0,14.0,14.0,13.0,13.0,12.0,12.0,6.0,6.0,6.0,6.0,6.0,6.0,6.0,6.0,6.0,6.0
real,300,gulf,4,Analytic,0,crossing,0,6,270,1.094679936641135,269.0,268.0,267.0,266.0,265.0,264.0,263.0,262.0,261.0,260.0,259.0,258.0,257.0,256.0,255.0,254.0,253.0,252.0,251.0,250.0
real,300,gulf,4,Analytic,0,crossing,1,26,69,1.4005243516420496,68.0,67.0,66.0,65.0,64.0,63.0,62.0,61.0,59.0,58.0,57.0,56.0,55.0,55.0,54.0,53.0,52.0,51.0,51.0,50.0
real,300,gulf,4,Analytic,0,crossing,2,193,104,1.316664252791646,103.0,102.0,101.0,100.0,99.0,98.0,97.0,96.0,95.0,94.0,93.0,92.0,91.0,90.0,89.0,88.0,87.0,86.0,85.0,84.0
real,300,gulf,4,Analytic,0,crossing,3,280,40,1.149710543996172,39.0,38.0,37.0,36.0,35.0,34.0,33.0,32.0,31.0,30.0,29.0,28.0,27.0,27.0,26.0,25.0,24.0,23.0,22.0,21.0
real,300,gulf,4,Analytic,0,crossing,4,475,23,0.4507652068711737,22.0,21.0,20.0,18.0,18.0,17.0,16.0,16.0,15.0,15.0,15.0,14.0,14.0,13.0,13.0,12.0,6.0,6.0,6.0,6.0
real,300,gulf,4,ConstVel,0,buffer,0,6,270,1.094679936641135,267.0,266.0,265.0,264.0,263.0,262.0,261.0,260.0,259.0,258.0,257.0,256.0,255.0,254.0,253.0,252.0,251.0,250.0,249.0,248.0
real,300,gulf,4,ConstVel,0,buffer,1,26,69,1.4005243516420496,66.0,65.0,64.0,63.0,62.0,61.0,59.0,59.0,58.0,57.0,55.0,55.0,53.0,53.0,52.0,51.0,51.0,50.0,49.0,48.0
real,300,gulf,4,ConstVel,0,buffer,2,193,104,1.316664252791646,102.0,101.0,100.0,99.0,98.0,97.0,96.0,95.0,94.0,93.0,92.0,91.0,90.0,89.0,88.0,87.0,86.0,85.0,84.0,83.0
real,300,gulf,4,ConstVel,0,buffer,3,280,40,1.149710543996172,37.0,36.0,35.0,34.0,33.0,33.0,31.0,30.0,29.0,28.0,27.0,26.0,26.0,25.0,24.0,23.0,22.0,21.0,20.0,19.0
real,300,gulf,4,ConstVel,0,buffer,4,475,23,0.4507652068711737,17.0,16.0,15.0,15.0,14.0,13.0,12.0,12.0,11.0,11.0,10.0,10.0,10.0,9.0,9.0,9.0,9.0,9.0,8.0,8.0
real,300,gulf,4,ConstVel,0,crossing,0,6,270,1.094679936641135,269.0,268.0,267.0,266.0,265.0,264.0,263.0,262.0,261.0,260.0,259.0,258.0,257.0,256.0,255.0,254.0,252.0,252.0,251.0,250.0
real,300,gulf,4,ConstVel,0,crossing,1,26,69,1.4005243516420496,68.0,67.0,66.0,65.0,64.0,63.0,62.0,61.0,59.0,58.0,57.0,56.0,55.0,54.0,53.0,53.0,52.0,51.0,51.0,50.0
real,300,gulf,4,ConstVel,0,crossing,2,193,104,1.316664252791646,103.0,102.0,101.0,100.0,99.0,98.0,97.0,96.0,95.0,94.0,93.0,93.0,92.0,90.0,89.0,88.0,87.0,86.0,85.0,84.0
real,300,gulf,4,ConstVel,0,crossing,3,280,40,1.149710543996172,39.0,38.0,37.0,36.0,35.0,34.0,33.0,32.0,31.0,30.0,29.0,28.0,27.0,26.0,25.0,25.0,24.0,23.0,22.0,21.0
real,300,gulf,4,ConstVel,0,crossing,4,475,23,0.4507652068711737,22.0,21.0,20.0,20.0,17.0,16.0,15.0,15.0,15.0,15.0,14.0,13.0,12.0,12.0,11.0,11.0,11.0,10.0,10.0,10.0
real,300,gulf,4,Kalman,0,buffer,0,6,270,1.094679936641135,267.0,266.0,265.0,264.0,263.0,262.0,261.0,260.0,259.0,258.0,257.0,256.0,255.0,254.0,253.0,252.0,251.0,250.0,249.0,248.0
real,300,gulf,4,Kalman,0,buffer,1,26,69,1.4005243516420496,66.0,65.0,64.0,63.0,62.0,61.0,60.0,59.0,58.0,57.0,55.0,55.0,54.0,53.0,52.0,51.0,51.0,50.0,49.0,48.0
real,300,gulf,4,Kalman,0,buffer,2,193,104,1.316664252791646,102.0,101.0,100.0,99.0,98.0,97.0,96.0,95.0,94.0,93.0,92.0,91.0,90.0,89.0,88.0,87.0,86.0,85.0,84.0,83.0
real,300,gulf,4,Kalman,0,buffer,3,280,40,1.149710543996172,37.0,36.0,35.0,34.0,33.0,32.0,31.0,30.0,29.0,28.0,28.0,27.0,26.0,25.0,24.0,23.0,22.0,21.0,20.0,19.0
real,300,gulf,4,Kalman,0,buffer,4,475,23,0.4507652068711737,17.0,16.0,15.0,15.0,14.0,13.0,13.0,12.0,11.0,11.0,11.0,10.0,10.0,10.0,10.0,9.0,9.0,6.0,6.0,6.0
real,300,gulf,4,Kalman,0,crossing,0,6,270,1.094679936641135,269.0,268.0,267.0,266.0,265.0,264.0,263.0,262.0,261.0,260.0,259.0,258.0,257.0,256.0,255.0,254.0,252.0,252.0,251.0,250.0
real,300,gulf,4,Kalman,0,crossing,1,26,69,1.4005243516420496,68.0,67.0,66.0,65.0,64.0,63.0,62.0,61.0,59.0,58.0,57.0,56.0,55.0,54.0,53.0,53.0,52.0,51.0,51.0,50.0
real,300,gulf,4,Kalman,0,crossing,2,193,104,1.316664252791646,103.0,102.0,101.0,100.0,99.0,98.0,97.0,96.0,95.0,94.0,94.0,93.0,91.0,90.0,89.0,88.0,87.0,86.0,85.0,84.0
real,300,gulf,4,Kalman,0,crossing,3,280,40,1.149710543996172,39.0,38.0,37.0,36.0,35.0,34.0,33.0,32.0,31.0,30.0,29.0,28.0,27.0,26.0,26.0,25.0,24.0,23.0,22.0,21.0
real,300,gulf,4,Kalman,0,crossing,4,475,23,0.4507652068711737,22.0,21.0,20.0,18.0,17.0,16.0,16.0,15.0,15.0,15.0,14.0,13.0,13.0,12.0,12.0,11.0,11.0,11.0,11.0,10.0
real,300,gulf,4,LSTM-rec,0,buffer,0,6,270,1.094679936641135,267.0,266.0,266.0,265.0,264.0,264.0,263.0,263.0,262.0,262.0,262.0,261.0,261.0,261.0,261.0,261.0,260.0,260.0,260.0,260.0
real,300,gulf,4,LSTM-rec,0,buffer,1,26,69,1.4005243516420496,66.0,65.0,65.0,64.0,63.0,63.0,62.0,62.0,61.0,61.0,61.0,60.0,60.0,59.0,59.0,59.0,59.0,59.0,59.0,59.0
real,300,gulf,4,LSTM-rec,0,buffer,2,193,104,1.316664252791646,102.0,101.0,100.0,100.0,99.0,99.0,98.0,98.0,97.0,97.0,96.0,96.0,96.0,96.0,95.0,95.0,95.0,95.0,95.0,95.0
real,300,gulf,4,LSTM-rec,0,buffer,3,280,40,1.149710543996172,38.0,37.0,36.0,35.0,35.0,34.0,34.0,33.0,33.0,32.0,32.0,32.0,32.0,31.0,31.0,31.0,31.0,31.0,31.0,31.0
real,300,gulf,4,LSTM-rec,0,buffer,4,475,23,0.4507652068711737,17.0,16.0,16.0,16.0,16.0,15.0,15.0,15.0,15.0,15.0,15.0,15.0,15.0,15.0,15.0,15.0,15.0,15.0,15.0,15.0
real,300,gulf,4,LSTM-rec,0,crossing,0,6,270,1.094679936641135,269.0,268.0,267.0,267.0,266.0,266.0,265.0,265.0,264.0,264.0,263.0,263.0,263.0,263.0,263.0,262.0,262.0,262.0,262.0,262.0
real,300,gulf,4,LSTM-rec,0,crossing,1,26,69,1.4005243516420496,68.0,67.0,67.0,66.0,65.0,65.0,64.0,64.0,63.0,63.0,62.0,62.0,62.0,62.0,62.0,61.0,61.0,61.0,61.0,61.0
real,300,gulf,4,LSTM-rec,0,crossing,2,193,104,1.316664252791646,103.0,103.0,102.0,101.0,101.0,100.0,99.0,99.0,99.0,98.0,98.0,98.0,97.0,97.0,97.0,97.0,96.0,96.0,96.0,96.0
real,300,gulf,4,LSTM-rec,0,crossing,3,280,40,1.149710543996172,39.0,39.0,38.0,37.0,37.0,36.0,35.0,35.0,35.0,34.0,34.0,34.0,33.0,33.0,33.0,33.0,33.0,33.0,33.0,33.0
real,300,gulf,4,LSTM-rec,0,crossing,4,475,23,0.4507652068711737,22.0,21.0,21.0,21.0,20.0,20.0,20.0,20.0,20.0,20.0,20.0,20.0,20.0,20.0,20.0,20.0,20.0,20.0,20.0,20.0
real,300,gulf,4,LSTM-ms,0,buffer,0,6,270,1.094679936641135,267.0,266.0,265.0,264.0,263.0,263.0,262.0,261.0,260.0,260.0,259.0,258.0,258.0,257.0,257.0,256.0,256.0,255.0,254.0,254.0
real,300,gulf,4,LSTM-ms,0,buffer,1,26,69,1.4005243516420496,66.0,65.0,64.0,63.0,62.0,62.0,61.0,60.0,59.0,59.0,58.0,57.0,57.0,56.0,55.0,55.0,54.0,54.0,53.0,53.0
real,300,gulf,4,LSTM-ms,0,buffer,2,193,104,1.316664252791646,102.0,101.0,100.0,99.0,98.0,98.0,97.0,96.0,96.0,95.0,94.0,94.0,93.0,93.0,92.0,91.0,91.0,90.0,90.0,89.0
real,300,gulf,4,LSTM-ms,0,buffer,3,280,40,1.149710543996172,37.0,37.0,36.0,35.0,34.0,33.0,32.0,32.0,31.0,30.0,30.0,29.0,28.0,28.0,27.0,27.0,26.0,26.0,25.0,25.0
real,300,gulf,4,LSTM-ms,0,buffer,4,475,23,0.4507652068711737,17.0,16.0,15.0,14.0,13.0,13.0,12.0,11.0,11.0,11.0,6.0,6.0,6.0,6.0,6.0,6.0,6.0,6.0,6.0,6.0
real,300,gulf,4,LSTM-ms,0,crossing,0,6,270,1.094679936641135,269.0,268.0,267.0,266.0,265.0,265.0,264.0,263.0,262.0,262.0,261.0,260.0,260.0,259.0,258.0,258.0,257.0,257.0,256.0,256.0
real,300,gulf,4,LSTM-ms,0,crossing,1,26,69,1.4005243516420496,68.0,67.0,66.0,65.0,64.0,63.0,63.0,62.0,61.0,61.0,60.0,59.0,58.0,58.0,57.0,57.0,56.0,55.0,55.0,54.0
real,300,gulf,4,LSTM-ms,0,crossing,2,193,104,1.316664252791646,103.0,102.0,102.0,101.0,100.0,99.0,99.0,98.0,97.0,97.0,96.0,95.0,95.0,94.0,94.0,93.0,92.0,92.0,91.0,91.0
real,300,gulf,4,LSTM-ms,0,crossing,3,280,40,1.149710543996172,39.0,38.0,37.0,37.0,36.0,35.0,34.0,33.0,33.0,32.0,31.0,31.0,30.0,30.0,29.0,28.0,28.0,27.0,27.0,26.0
real,300,gulf,4,LSTM-ms,0,crossing,4,475,23,0.4507652068711737,22.0,21.0,20.0,18.0,17.0,16.0,16.0,15.0,15.0,14.0,13.0,13.0,12.0,12.0,12.0,11.0,6.0,6.0,6.0,6.0
real,300,gulf,4,LSTM-rec,1,buffer,0,6,270,1.094679936641135,267.0,266.0,266.0,265.0,265.0,264.0,264.0,263.0,263.0,263.0,262.0,262.0,262.0,262.0,262.0,262.0,262.0,262.0,262.0,262.0
real,300,gulf,4,LSTM-rec,1,buffer,1,26,69,1.4005243516420496,66.0,65.0,65.0,64.0,63.0,63.0,62.0,62.0,62.0,61.0,61.0,61.0,61.0,61.0,61.0,61.0,61.0,61.0,61.0,61.0
real,300,gulf,4,LSTM-rec,1,buffer,2,193,104,1.316664252791646,102.0,101.0,100.0,100.0,99.0,99.0,98.0,98.0,98.0,97.0,97.0,97.0,97.0,97.0,97.0,97.0,97.0,97.0,97.0,97.0
real,300,gulf,4,LSTM-rec,1,buffer,3,280,40,1.149710543996172,38.0,37.0,36.0,36.0,35.0,34.0,34.0,34.0,33.0,33.0,33.0,33.0,33.0,33.0,33.0,33.0,33.0,33.0,33.0,33.0
real,300,gulf,4,LSTM-rec,1,buffer,4,475,23,0.4507652068711737,17.0,17.0,16.0,16.0,16.0,16.0,16.0,16.0,16.0,16.0,16.0,16.0,16.0,16.0,16.0,16.0,16.0,16.0,16.0,16.0
real,300,gulf,4,LSTM-rec,1,crossing,0,6,270,1.094679936641135,269.0,268.0,267.0,267.0,266.0,266.0,266.0,265.0,265.0,265.0,265.0,264.0,264.0,264.0,264.0,264.0,264.0,264.0,264.0,264.0
real,300,gulf,4,LSTM-rec,1,crossing,1,26,69,1.4005243516420496,68.0,67.0,67.0,66.0,65.0,65.0,64.0,64.0,64.0,63.0,63.0,63.0,63.0,63.0,63.0,63.0,63.0,63.0,63.0,63.0
real,300,gulf,4,LSTM-rec,1,crossing,2,193,104,1.316664252791646,103.0,103.0,102.0,101.0,101.0,100.0,100.0,99.0,99.0,99.0,99.0,98.0,98.0,98.0,98.0,98.0,98.0,98.0,98.0,98.0
real,300,gulf,4,LSTM-rec,1,crossing,3,280,40,1.149710543996172,39.0,39.0,38.0,37.0,37.0,36.0,36.0,36.0,35.0,35.0,35.0,35.0,35.0,34.0,34.0,34.0,34.0,34.0,34.0,34.0
real,300,gulf,4,LSTM-rec,1,crossing,4,475,23,0.4507652068711737,22.0,21.0,21.0,21.0,21.0,20.0,20.0,20.0,20.0,20.0,20.0,20.0,20.0,20.0,20.0,20.0,20.0,20.0,20.0,20.0
real,300,gulf,4,LSTM-ms,1,buffer,0,6,270,1.094679936641135,267.0,267.0,266.0,266.0,265.0,264.0,264.0,263.0,263.0,262.0,262.0,261.0,261.0,260.0,260.0,259.0,259.0,258.0,258.0,258.0
real,300,gulf,4,LSTM-ms,1,buffer,1,26,69,1.4005243516420496,66.0,66.0,65.0,64.0,64.0,63.0,62.0,62.0,61.0,61.0,60.0,59.0,59.0,58.0,58.0,57.0,57.0,56.0,56.0,55.0
real,300,gulf,4,LSTM-ms,1,buffer,2,193,104,1.316664252791646,102.0,101.0,101.0,100.0,100.0,99.0,99.0,98.0,98.0,97.0,97.0,96.0,96.0,95.0,95.0,94.0,94.0,93.0,93.0,92.0
real,300,gulf,4,LSTM-ms,1,buffer,3,280,40,1.149710543996172,38.0,37.0,37.0,36.0,35.0,35.0,34.0,34.0,33.0,33.0,32.0,32.0,31.0,31.0,30.0,30.0,29.0,29.0,29.0,28.0
real,300,gulf,4,LSTM-ms,1,buffer,4,475,23,0.4507652068711737,17.0,17.0,17.0,16.0,16.0,16.0,16.0,15.0,15.0,15.0,15.0,15.0,15.0,15.0,14.0,14.0,13.0,13.0,13.0,13.0
real,300,gulf,4,LSTM-ms,1,crossing,0,6,270,1.094679936641135,269.0,268.0,268.0,267.0,267.0,266.0,266.0,265.0,265.0,264.0,264.0,263.0,263.0,262.0,262.0,261.0,261.0,260.0,260.0,259.0
real,300,gulf,4,LSTM-ms,1,crossing,1,26,69,1.4005243516420496,68.0,68.0,67.0,66.0,66.0,65.0,64.0,64.0,63.0,63.0,62.0,61.0,61.0,60.0,59.0,59.0,58.0,58.0,58.0,57.0
real,300,gulf,4,LSTM-ms,1,crossing,2,193,104,1.316664252791646,104.0,103.0,102.0,102.0,101.0,101.0,100.0,100.0,99.0,99.0,98.0,98.0,97.0,97.0,96.0,96.0,95.0,95.0,94.0,94.0
real,300,gulf,4,LSTM-ms,1,crossing,3,280,40,1.149710543996172,40.0,39.0,38.0,38.0,37.0,37.0,36.0,36.0,35.0,35.0,34.0,34.0,33.0,33.0,32.0,31.0,31.0,30.0,30.0,30.0
real,300,gulf,4,LSTM-ms,1,crossing,4,475,23,0.4507652068711737,22.0,22.0,22.0,21.0,21.0,21.0,20.0,20.0,20.0,18.0,18.0,17.0,17.0,16.0,16.0,16.0,16.0,15.0,15.0,15.0
real,300,gulf,4,LSTM-rec,2,buffer,0,6,270,1.094679936641135,267.0,266.0,265.0,264.0,264.0,263.0,262.0,261.0,261.0,260.0,259.0,259.0,258.0,257.0,257.0,256.0,256.0,255.0,255.0,254.0
real,300,gulf,4,LSTM-rec,2,buffer,1,26,69,1.4005243516420496,66.0,65.0,64.0,63.0,62.0,62.0,61.0,60.0,59.0,58.0,58.0,57.0,56.0,56.0,55.0,54.0,54.0,53.0,53.0,52.0
real,300,gulf,4,LSTM-rec,2,buffer,2,193,104,1.316664252791646,102.0,101.0,100.0,99.0,99.0,98.0,97.0,96.0,96.0,95.0,95.0,94.0,93.0,93.0,92.0,92.0,91.0,91.0,90.0,90.0
real,300,gulf,4,LSTM-rec,2,buffer,3,280,40,1.149710543996172,38.0,37.0,36.0,35.0,34.0,33.0,33.0,32.0,31.0,31.0,30.0,29.0,29.0,28.0,28.0,27.0,26.0,26.0,25.0,25.0
real,300,gulf,4,LSTM-rec,2,buffer,4,475,23,0.4507652068711737,17.0,16.0,16.0,15.0,14.0,14.0,13.0,12.0,12.0,11.0,11.0,10.0,10.0,9.0,6.0,6.0,6.0,6.0,6.0,6.0
real,300,gulf,4,LSTM-rec,2,crossing,0,6,270,1.094679936641135,269.0,268.0,267.0,266.0,266.0,265.0,264.0,263.0,262.0,262.0,261.0,260.0,260.0,259.0,259.0,258.0,257.0,257.0,256.0,256.0
real,300,gulf,4,LSTM-rec,2,crossing,1,26,69,1.4005243516420496,68.0,67.0,66.0,65.0,64.0,64.0,63.0,62.0,61.0,60.0,59.0,59.0,58.0,57.0,57.0,56.0,55.0,55.0,54.0,54.0
real,300,gulf,4,LSTM-rec,2,crossing,2,193,104,1.316664252791646,103.0,102.0,102.0,101.0,100.0,99.0,99.0,98.0,97.0,97.0,96.0,95.0,95.0,94.0,94.0,93.0,93.0,92.0,92.0,91.0
real,300,gulf,4,LSTM-rec,2,crossing,3,280,40,1.149710543996172,39.0,38.0,38.0,37.0,36.0,35.0,34.0,34.0,33.0,32.0,32.0,31.0,30.0,30.0,29.0,29.0,28.0,28.0,27.0,27.0
real,300,gulf,4,LSTM-rec,2,crossing,4,475,23,0.4507652068711737,22.0,21.0,20.0,20.0,17.0,17.0,16.0,16.0,15.0,15.0,15.0,14.0,13.0,13.0,12.0,12.0,11.0,11.0,11.0,10.0
real,300,gulf,4,LSTM-ms,2,buffer,0,6,270,1.094679936641135,267.0,267.0,266.0,265.0,265.0,264.0,264.0,263.0,263.0,262.0,262.0,261.0,261.0,260.0,260.0,260.0,259.0,259.0,258.0,258.0
real,300,gulf,4,LSTM-ms,2,buffer,1,26,69,1.4005243516420496,66.0,66.0,65.0,64.0,64.0,63.0,63.0,62.0,62.0,61.0,61.0,60.0,59.0,59.0,59.0,58.0,58.0,58.0,57.0,57.0
real,300,gulf,4,LSTM-ms,2,buffer,2,193,104,1.316664252791646,102.0,101.0,101.0,100.0,100.0,99.0,98.0,98.0,98.0,97.0,96.0,96.0,96.0,95.0,95.0,94.0,94.0,94.0,93.0,93.0
real,300,gulf,4,LSTM-ms,2,buffer,3,280,40,1.149710543996172,38.0,37.0,36.0,36.0,35.0,35.0,34.0,34.0,33.0,33.0,32.0,32.0,31.0,31.0,31.0,30.0,30.0,29.0,29.0,28.0
real,300,gulf,4,LSTM-ms,2,buffer,4,475,23,0.4507652068711737,17.0,17.0,17.0,16.0,16.0,16.0,16.0,15.0,15.0,15.0,15.0,15.0,14.0,14.0,14.0,14.0,14.0,14.0,14.0,14.0
real,300,gulf,4,LSTM-ms,2,crossing,0,6,270,1.094679936641135,269.0,268.0,268.0,267.0,267.0,266.0,266.0,265.0,265.0,264.0,264.0,263.0,263.0,262.0,262.0,261.0,261.0,261.0,260.0,260.0
real,300,gulf,4,LSTM-ms,2,crossing,1,26,69,1.4005243516420496,68.0,68.0,67.0,66.0,66.0,65.0,65.0,64.0,64.0,63.0,62.0,62.0,62.0,61.0,61.0,60.0,60.0,59.0,59.0,59.0
real,300,gulf,4,LSTM-ms,2,crossing,2,193,104,1.316664252791646,104.0,103.0,102.0,102.0,101.0,100.0,100.0,99.0,99.0,98.0,98.0,98.0,97.0,97.0,96.0,96.0,95.0,95.0,95.0,94.0
real,300,gulf,4,LSTM-ms,2,crossing,3,280,40,1.149710543996172,39.0,39.0,38.0,38.0,37.0,36.0,36.0,35.0,35.0,34.0,34.0,33.0,33.0,33.0,32.0,32.0,31.0,31.0,31.0,30.0
real,300,gulf,4,LSTM-ms,2,crossing,4,475,23,0.4507652068711737,22.0,22.0,21.0,21.0,21.0,20.0,20.0,20.0,20.0,18.0,18.0,17.0,17.0,17.0,17.0,17.0,17.0,17.0,17.0,16.0
real,300,gulf,4,LSTM-rec,3,buffer,0,6,270,1.094679936641135,267.0,266.0,265.0,264.0,263.0,262.0,261.0,261.0,260.0,259.0,258.0,257.0,257.0,256.0,255.0,254.0,253.0,253.0,252.0,251.0
real,300,gulf,4,LSTM-rec,3,buffer,1,26,69,1.4005243516420496,66.0,65.0,64.0,63.0,62.0,61.0,60.0,59.0,58.0,58.0,57.0,56.0,55.0,54.0,53.0,53.0,52.0,51.0,51.0,50.0
real,300,gulf,4,LSTM-rec,3,buffer,2,193,104,1.316664252791646,102.0,101.0,100.0,99.0,98.0,98.0,97.0,96.0,95.0,94.0,94.0,93.0,92.0,92.0,91.0,90.0,89.0,89.0,88.0,87.0
real,300,gulf,4,LSTM-rec,3,buffer,3,280,40,1.149710543996172,37.0,37.0,36.0,35.0,34.0,33.0,32.0,31.0,30.0,30.0,29.0,28.0,27.0,27.0,26.0,25.0,24.0,24.0,23.0,22.0
real,300,gulf,4,LSTM-rec,3,buffer,4,475,23,0.4507652068711737,17.0,16.0,15.0,15.0,14.0,13.0,12.0,11.0,10.0,9.0,6.0,6.0,6.0,6.0,6.0,6.0,6.0,6.0,6.0,6.0
real,300,gulf,4,LSTM-rec,3,crossing,0,6,270,1.094679936641135,269.0,268.0,267.0,266.0,265.0,264.0,263.0,262.0,262.0,261.0,260.0,259.0,258.0,258.0,257.0,256.0,255.0,255.0,254.0,253.0
real,300,gulf,4,LSTM-rec,3,crossing,1,26,69,1.4005243516420496,68.0,67.0,66.0,65.0,64.0,63.0,62.0,61.0,60.0,59.0,58.0,58.0,57.0,56.0,55.0,55.0,54.0,53.0,52.0,52.0
real,300,gulf,4,LSTM-rec,3,crossing,2,193,104,1.316664252791646,103.0,102.0,101.0,101.0,100.0,99.0,98.0,97.0,97.0,96.0,95.0,94.0,94.0,93.0,92.0,92.0,91.0,90.0,90.0,89.0
real,300,gulf,4,LSTM-rec,3,crossing,3,280,40,1.149710543996172,39.0,38.0,37.0,36.0,36.0,35.0,34.0,33.0,32.0,31.0,31.0,30.0,29.0,28.0,28.0,27.0,26.0,25.0,25.0,24.0
real,300,gulf,4,LSTM-rec,3,crossing,4,475,23,0.4507652068711737,22.0,21.0,20.0,18.0,17.0,16.0,15.0,15.0,14.0,13.0,12.0,11.0,11.0,10.0,9.0,6.0,6.0,6.0,6.0,6.0
real,300,gulf,4,LSTM-ms,3,buffer,0,6,270,1.094679936641135,267.0,266.0,265.0,264.0,263.0,262.0,261.0,261.0,260.0,259.0,259.0,258.0,257.0,257.0,256.0,255.0,255.0,254.0,254.0,253.0
real,300,gulf,4,LSTM-ms,3,buffer,1,26,69,1.4005243516420496,66.0,65.0,64.0,63.0,62.0,61.0,60.0,59.0,58.0,57.0,57.0,56.0,55.0,55.0,54.0,53.0,53.0,52.0,51.0,51.0
real,300,gulf,4,LSTM-ms,3,buffer,2,193,104,1.316664252791646,102.0,101.0,100.0,99.0,98.0,97.0,97.0,96.0,95.0,95.0,94.0,93.0,93.0,92.0,92.0,91.0,90.0,90.0,89.0,88.0
real,300,gulf,4,LSTM-ms,3,buffer,3,280,40,1.149710543996172,37.0,36.0,35.0,35.0,34.0,33.0,32.0,31.0,31.0,30.0,29.0,29.0,28.0,28.0,27.0,26.0,25.0,25.0,24.0,24.0
real,300,gulf,4,LSTM-ms,3,buffer,4,475,23,0.4507652068711737,17.0,15.0,14.0,13.0,12.0,11.0,11.0,10.0,6.0,6.0,6.0,6.0,6.0,6.0,6.0,6.0,6.0,6.0,6.0,6.0
real,300,gulf,4,LSTM-ms,3,crossing,0,6,270,1.094679936641135,269.0,268.0,267.0,266.0,265.0,264.0,263.0,262.0,262.0,261.0,260.0,260.0,259.0,258.0,258.0,257.0,256.0,256.0,255.0,255.0
real,300,gulf,4,LSTM-ms,3,crossing,1,26,69,1.4005243516420496,68.0,67.0,66.0,65.0,63.0,63.0,62.0,61.0,60.0,59.0,58.0,58.0,57.0,56.0,56.0,55.0,54.0,53.0,53.0,52.0
real,300,gulf,4,LSTM-ms,3,crossing,2,193,104,1.316664252791646,103.0,102.0,101.0,101.0,100.0,99.0,98.0,98.0,97.0,96.0,96.0,95.0,94.0,94.0,93.0,93.0,92.0,91.0,91.0,90.0
real,300,gulf,4,LSTM-ms,3,crossing,3,280,40,1.149710543996172,39.0,38.0,37.0,36.0,35.0,35.0,34.0,33.0,32.0,32.0,31.0,30.0,30.0,29.0,29.0,28.0,27.0,26.0,26.0,25.0
real,300,gulf,4,LSTM-ms,3,crossing,4,475,23,0.4507652068711737,21.0,20.0,18.0,17.0,16.0,16.0,15.0,14.0,14.0,13.0,12.0,12.0,11.0,11.0,10.0,6.0,6.0,6.0,6.0,6.0
real,300,gulf,4,LSTM-rec,4,buffer,0,6,270,1.094679936641135,267.0,266.0,264.0,263.0,261.0,260.0,258.0,256.0,255.0,253.0,251.0,249.0,247.0,245.0,243.0,241.0,239.0,237.0,235.0,232.0
real,300,gulf,4,LSTM-rec,4,buffer,1,26,69,1.4005243516420496,66.0,65.0,63.0,62.0,60.0,58.0,57.0,55.0,53.0,52.0,50.0,48.0,46.0,44.0,42.0,40.0,37.0,35.0,33.0,30.0
real,300,gulf,4,LSTM-rec,4,buffer,2,193,104,1.316664252791646,102.0,101.0,99.0,98.0,97.0,95.0,94.0,93.0,91.0,89.0,88.0,86.0,85.0,83.0,81.0,79.0,77.0,75.0,74.0,72.0
real,300,gulf,4,LSTM-rec,4,buffer,3,280,40,1.149710543996172,37.0,36.0,35.0,33.0,32.0,30.0,29.0,27.0,25.0,24.0,22.0,20.0,18.0,16.0,14.0,12.0,10.0,8.0,6.0,6.0
real,300,gulf,4,LSTM-rec,4,buffer,4,475,23,0.4507652068711737,16.0,15.0,13.0,11.0,6.0,6.0,6.0,6.0,6.0,6.0,6.0,6.0,6.0,6.0,6.0,6.0,6.0,6.0,6.0,6.0
real,300,gulf,4,LSTM-rec,4,crossing,0,6,270,1.094679936641135,269.0,267.0,266.0,265.0,263.0,261.0,260.0,258.0,256.0,255.0,253.0,251.0,249.0,247.0,245.0,243.0,241.0,239.0,236.0,234.0
real,300,gulf,4,LSTM-rec,4,crossing,1,26,69,1.4005243516420496,68.0,67.0,65.0,64.0,62.0,61.0,59.0,57.0,55.0,53.0,52.0,50.0,48.0,46.0,44.0,41.0,39.0,37.0,34.0,32.0
real,300,gulf,4,LSTM-rec,4,crossing,2,193,104,1.316664252791646,103.0,102.0,101.0,100.0,98.0,97.0,95.0,94.0,93.0,91.0,89.0,88.0,86.0,84.0,83.0,81.0,79.0,77.0,75.0,73.0
real,300,gulf,4,LSTM-rec,4,crossing,3,280,40,1.149710543996172,39.0,38.0,37.0,35.0,34.0,32.0,31.0,29.0,27.0,25.0,24.0,22.0,20.0,18.0,16.0,14.0,12.0,10.0,8.0,6.0
real,300,gulf,4,LSTM-rec,4,crossing,4,475,23,0.4507652068711737,21.0,20.0,17.0,15.0,13.0,10.0,6.0,6.0,6.0,6.0,6.0,6.0,6.0,6.0,6.0,6.0,6.0,6.0,6.0,6.0
real,300,gulf,4,LSTM-ms,4,buffer,0,6,270,1.094679936641135,267.0,266.0,266.0,265.0,264.0,264.0,263.0,262.0,262.0,261.0,261.0,260.0,259.0,259.0,258.0,258.0,257.0,257.0,256.0,256.0
real,300,gulf,4,LSTM-ms,4,buffer,1,26,69,1.4005243516420496,66.0,65.0,65.0,64.0,63.0,62.0,62.0,61.0,60.0,60.0,59.0,59.0,58.0,58.0,57.0,56.0,56.0,55.0,55.0,54.0
real,300,gulf,4,LSTM-ms,4,buffer,2,193,104,1.316664252791646,102.0,101.0,100.0,100.0,99.0,99.0,98.0,97.0,97.0,96.0,96.0,95.0,95.0,94.0,94.0,93.0,93.0,92.0,92.0,91.0
real,300,gulf,4,LSTM-ms,4,buffer,3,280,40,1.149710543996172,38.0,37.0,36.0,35.0,35.0,34.0,33.0,33.0,32.0,32.0,31.0,31.0,30.0,30.0,29.0,28.0,28.0,27.0,27.0,26.0
real,300,gulf,4,LSTM-ms,4,buffer,4,475,23,0.4507652068711737,17.0,17.0,16.0,16.0,15.0,15.0,14.0,14.0,13.0,13.0,13.0,12.0,12.0,12.0,12.0,11.0,11.0,6.0,6.0,6.0
real,300,gulf,4,LSTM-ms,4,crossing,0,6,270,1.094679936641135,269.0,268.0,267.0,267.0,266.0,265.0,265.0,264.0,263.0,263.0,262.0,262.0,261.0,261.0,260.0,260.0,259.0,259.0,258.0,258.0
real,300,gulf,4,LSTM-ms,4,crossing,1,26,69,1.4005243516420496,68.0,67.0,67.0,66.0,65.0,64.0,64.0,63.0,62.0,62.0,61.0,61.0,60.0,59.0,59.0,58.0,58.0,57.0,57.0,56.0
real,300,gulf,4,LSTM-ms,4,crossing,2,193,104,1.316664252791646,103.0,103.0,102.0,101.0,101.0,100.0,99.0,99.0,98.0,98.0,97.0,97.0,96.0,96.0,95.0,95.0,94.0,94.0,93.0,93.0
real,300,gulf,4,LSTM-ms,4,crossing,3,280,40,1.149710543996172,39.0,39.0,38.0,37.0,37.0,36.0,35.0,35.0,34.0,33.0,33.0,32.0,32.0,31.0,31.0,30.0,30.0,29.0,29.0,28.0
real,300,gulf,4,LSTM-ms,4,crossing,4,475,23,0.4507652068711737,22.0,21.0,21.0,20.0,20.0,18.0,17.0,17.0,17.0,16.0,16.0,16.0,15.0,15.0,15.0,15.0,14.0,14.0,13.0,13.0
real,300,gulf,5,Reactive,0,zone,0,6,114,1.094679936641135,112.0,112.0,112.0,112.0,112.0,112.0,112.0,112.0,112.0,112.0,112.0,112.0,112.0,112.0,112.0,112.0,112.0,112.0,112.0,112.0
real,300,gulf,5,Reactive,0,zone,1,16,447,0.48735549084832647,445.0,445.0,445.0,445.0,445.0,445.0,445.0,445.0,445.0,445.0,445.0,445.0,445.0,445.0,445.0,445.0,445.0,445.0,445.0,445.0
real,300,gulf,5,Reactive,0,zone,2,88,36,0.11741186564372524,34.0,34.0,34.0,34.0,34.0,34.0,34.0,34.0,34.0,34.0,34.0,34.0,34.0,34.0,34.0,34.0,34.0,34.0,34.0,34.0
real,300,gulf,5,Reactive,0,zone,3,95,66,0.40044506825591253,64.0,64.0,64.0,64.0,64.0,64.0,64.0,64.0,64.0,64.0,64.0,64.0,64.0,64.0,64.0,64.0,64.0,64.0,64.0,64.0
real,300,gulf,5,Reactive,0,zone,4,124,291,0.39240510590507205,0.0,0.0,0.0,0.0,0.0,0.0,0.0,0.0,0.0,0.0,0.0,0.0,0.0,0.0,0.0,0.0,0.0,0.0,0.0,0.0
real,300,gulf,5,Reactive,0,zone,5,160,121,0.21257167418623718,120.0,120.0,120.0,120.0,120.0,120.0,120.0,120.0,120.0,120.0,120.0,120.0,120.0,120.0,120.0,120.0,120.0,120.0,120.0,120.0
real,300,gulf,5,Reactive,0,zone,6,216,329,0.8144412346716593,328.0,328.0,328.0,328.0,328.0,328.0,328.0,328.0,328.0,328.0,328.0,328.0,328.0,328.0,328.0,328.0,328.0,328.0,328.0,328.0
real,300,gulf,5,Reactive,0,zone,7,262,124,1.2076069677803487,122.0,122.0,122.0,122.0,122.0,122.0,122.0,122.0,122.0,122.0,122.0,122.0,122.0,122.0,122.0,122.0,122.0,122.0,122.0,122.0
real,300,gulf,5,Reactive,0,zone,8,297,50,0.3960101729498441,48.0,48.0,48.0,48.0,48.0,48.0,48.0,48.0,48.0,48.0,48.0,48.0,48.0,48.0,48.0,48.0,48.0,48.0,48.0,48.0
real,300,gulf,5,Reactive,0,zone,9,304,65,0.5824116837396189,35.0,35.0,35.0,35.0,35.0,35.0,35.0,35.0,35.0,35.0,35.0,35.0,35.0,35.0,35.0,35.0,35.0,35.0,35.0,35.0
real,300,gulf,5,Reactive,0,zone,10,333,77,0.6763378425324409,75.0,75.0,75.0,75.0,75.0,75.0,75.0,75.0,75.0,75.0,75.0,75.0,75.0,75.0,75.0,75.0,75.0,75.0,75.0,75.0
real,300,gulf,5,Reactive,0,zone,11,366,92,0.2620820630868814,90.0,90.0,90.0,90.0,90.0,90.0,90.0,90.0,90.0,90.0,90.0,90.0,90.0,90.0,90.0,90.0,90.0,90.0,90.0,90.0
real,300,gulf,5,Reactive,0,zone,12,405,58,1.0646614586161947,57.0,57.0,57.0,57.0,57.0,57.0,57.0,57.0,57.0,57.0,57.0,57.0,57.0,57.0,57.0,57.0,57.0,57.0,57.0,57.0
real,300,gulf,5,Reactive,0,zone,13,422,58,0.22873266247712923,0.0,0.0,0.0,0.0,0.0,0.0,0.0,0.0,0.0,0.0,0.0,0.0,0.0,0.0,0.0,0.0,0.0,0.0,0.0,0.0
real,300,gulf,5,Reactive,0,zone,14,432,68,0.13242564449267255,64.0,64.0,64.0,64.0,64.0,64.0,64.0,64.0,64.0,64.0,64.0,64.0,64.0,64.0,64.0,64.0,64.0,64.0,64.0,64.0
real,300,gulf,5,Reactive,0,zone,15,472,9,1.1682349238589114,7.0,7.0,7.0,7.0,7.0,7.0,7.0,7.0,7.0,7.0,7.0,7.0,7.0,7.0,7.0,7.0,7.0,7.0,7.0,7.0
real,300,gulf,5,Analytic,0,buffer,0,6,114,1.094679936641135,111.0,110.0,109.0,108.0,107.0,106.0,105.0,104.0,103.0,102.0,101.0,101.0,100.0,99.0,98.0,98.0,97.0,96.0,96.0,95.0
real,300,gulf,5,Analytic,0,buffer,1,16,447,0.48735549084832647,444.0,443.0,442.0,440.0,439.0,437.0,436.0,435.0,434.0,433.0,432.0,431.0,430.0,429.0,428.0,427.0,425.0,424.0,423.0,422.0
real,300,gulf,5,Analytic,0,buffer,2,88,36,0.11741186564372524,33.0,30.0,30.0,29.0,28.0,26.0,24.0,23.0,22.0,22.0,21.0,20.0,20.0,19.0,19.0,18.0,18.0,17.0,17.0,16.0
real,300,gulf,5,Analytic,0,buffer,3,95,66,0.40044506825591253,63.0,62.0,61.0,60.0,59.0,58.0,55.0,52.0,51.0,50.0,49.0,47.0,46.0,45.0,44.0,43.0,42.0,41.0,41.0,40.0
real,300,gulf,5,Analytic,0,buffer,4,124,291,0.39240510590507205,6.0,6.0,6.0,6.0,6.0,6.0,6.0,6.0,6.0,6.0,6.0,6.0,6.0,6.0,6.0,6.0,6.0,6.0,6.0,6.0
real,300,gulf,5,Analytic,0,buffer,5,160,121,0.21257167418623718,119.0,119.0,118.0,118.0,118.0,117.0,117.0,117.0,116.0,116.0,115.0,115.0,114.0,113.0,113.0,112.0,111.0,107.0,106.0,105.0
real,300,gulf,5,Analytic,0,buffer,6,216,329,0.8144412346716593,327.0,326.0,325.0,324.0,324.0,323.0,323.0,323.0,322.0,322.0,235.0,233.0,231.0,230.0,229.0,228.0,226.0,225.0,224.0,223.0
real,300,gulf,5,Analytic,0,buffer,7,262,124,1.2076069677803487,121.0,120.0,119.0,118.0,117.0,116.0,115.0,114.0,113.0,112.0,111.0,110.0,109.0,109.0,108.0,107.0,106.0,106.0,105.0,105.0
real,300,gulf,5,Analytic,0,buffer,8,297,50,0.3960101729498441,48.0,45.0,43.0,42.0,40.0,39.0,38.0,37.0,36.0,35.0,34.0,34.0,33.0,33.0,33.0,33.0,33.0,25.0,24.0,23.0
real,300,gulf,5,Analytic,0,buffer,9,304,65,0.5824116837396189,34.0,32.0,30.0,28.0,27.0,27.0,26.0,9.0,8.0,7.0,6.0,6.0,6.0,6.0,6.0,6.0,6.0,6.0,6.0,6.0
real,300,gulf,5,Analytic,0,buffer,10,333,77,0.6763378425324409,74.0,73.0,72.0,71.0,70.0,70.0,69.0,69.0,68.0,67.0,67.0,66.0,66.0,65.0,65.0,65.0,65.0,64.0,64.0,64.0
real,300,gulf,5,Analytic,0,buffer,11,366,92,0.2620820630868814,90.0,90.0,90.0,90.0,90.0,90.0,90.0,90.0,90.0,90.0,90.0,90.0,90.0,90.0,90.0,89.0,89.0,89.0,89.0,89.0
real,300,gulf,5,Analytic,0,buffer,12,405,58,1.0646614586161947,56.0,55.0,53.0,52.0,51.0,50.0,49.0,48.0,47.0,47.0,46.0,45.0,44.0,44.0,43.0,42.0,41.0,40.0,39.0,38.0
real,300,gulf,5,Analytic,0,buffer,13,422,58,0.22873266247712923,6.0,6.0,6.0,6.0,6.0,6.0,6.0,6.0,6.0,6.0,6.0,6.0,6.0,6.0,6.0,6.0,6.0,6.0,6.0,6.0
real,300,gulf,5,Analytic,0,buffer,14,432,68,0.13242564449267255,63.0,63.0,62.0,62.0,61.0,61.0,61.0,61.0,60.0,60.0,60.0,60.0,60.0,60.0,60.0,60.0,60.0,59.0,54.0,54.0
real,300,gulf,5,Analytic,0,buffer,15,472,9,1.1682349238589114,6.0,6.0,6.0,6.0,6.0,6.0,6.0,6.0,6.0,6.0,6.0,6.0,6.0,6.0,6.0,6.0,6.0,6.0,6.0,6.0
real,300,gulf,5,Analytic,0,crossing,0,6,114,1.094679936641135,113.0,112.0,111.0,110.0,109.0,107.0,106.0,105.0,104.0,103.0,103.0,102.0,101.0,100.0,99.0,99.0,98.0,97.0,97.0,96.0
real,300,gulf,5,Analytic,0,crossing,1,16,447,0.48735549084832647,446.0,445.0,443.0,442.0,441.0,440.0,438.0,436.0,435.0,434.0,433.0,432.0,431.0,431.0,430.0,429.0,427.0,426.0,424.0,423.0
real,300,gulf,5,Analytic,0,crossing,2,88,36,0.11741186564372524,35.0,34.0,34.0,30.0,30.0,29.0,28.0,26.0,24.0,23.0,22.0,21.0,21.0,20.0,20.0,19.0,19.0,18.0,18.0,17.0
real,300,gulf,5,Analytic,0,crossing,3,95,66,0.40044506825591253,65.0,64.0,63.0,62.0,61.0,60.0,59.0,58.0,54.0,52.0,50.0,49.0,48.0,47.0,46.0,45.0,44.0,43.0,42.0,41.0
real,300,gulf,5,Analytic,0,crossing,4,124,291,0.39240510590507205,291.0,291.0,20.0,20.0,19.0,19.0,19.0,19.0,19.0,19.0,19.0,19.0,19.0,19.0,19.0,19.0,19.0,19.0,19.0,19.0
real,300,gulf,5,Analytic,0,crossing,5,160,121,0.21257167418623718,120.0,120.0,119.0,119.0,118.0,118.0,118.0,117.0,117.0,117.0,117.0,116.0,116.0,115.0,115.0,114.0,113.0,113.0,112.0,111.0
real,300,gulf,5,Analytic,0,crossing,6,216,329,0.8144412346716593,328.0,327.0,327.0,326.0,325.0,324.0,324.0,323.0,323.0,323.0,322.0,322.0,233.0,232.0,231.0,229.0,228.0,227.0,225.0,224.0
real,300,gulf,5,Analytic,0,crossing,7,262,124,1.2076069677803487,123.0,122.0,121.0,120.0,119.0,117.0,116.0,115.0,114.0,113.0,112.0,111.0,111.0,110.0,109.0,108.0,108.0,107.0,106.0,106.0
real,300,gulf,5,Analytic,0,crossing,8,297,50,0.3960101729498441,49.0,49.0,48.0,48.0,42.0,41.0,40.0,39.0,38.0,37.0,36.0,35.0,34.0,34.0,33.0,33.0,33.0,33.0,33.0,25.0
real,300,gulf,5,Analytic,0,crossing,9,304,65,0.5824116837396189,46.0,46.0,45.0,45.0,45.0,44.0,30.0,28.0,27.0,9.0,8.0,7.0,6.0,6.0,6.0,6.0,6.0,6.0,6.0,6.0
real,300,gulf,5,Analytic,0,crossing,10,333,77,0.6763378425324409,76.0,75.0,74.0,73.0,73.0,72.0,71.0,70.0,70.0,69.0,69.0,68.0,68.0,67.0,67.0,66.0,66.0,65.0,65.0,65.0
real,300,gulf,5,Analytic,0,crossing,11,366,92,0.2620820630868814,91.0,91.0,91.0,91.0,91.0,90.0,90.0,90.0,90.0,90.0,90.0,90.0,90.0,90.0,90.0,90.0,90.0,90.0,90.0,90.0
real,300,gulf,5,Analytic,0,crossing,12,405,58,1.0646614586161947,57.0,56.0,55.0,54.0,52.0,51.0,50.0,49.0,49.0,48.0,47.0,46.0,46.0,45.0,44.0,43.0,43.0,42.0,40.0,40.0
real,300,gulf,5,Analytic,0,crossing,13,422,58,0.22873266247712923,58.0,58.0,58.0,58.0,58.0,57.0,57.0,57.0,57.0,57.0,57.0,57.0,57.0,57.0,57.0,57.0,57.0,57.0,57.0,57.0
real,300,gulf,5,Analytic,0,crossing,14,432,68,0.13242564449267255,65.0,64.0,63.0,63.0,62.0,62.0,62.0,61.0,61.0,61.0,61.0,60.0,60.0,60.0,60.0,60.0,60.0,60.0,60.0,60.0
real,300,gulf,5,Analytic,0,crossing,15,472,9,1.1682349238589114,8.0,7.0,6.0,6.0,6.0,6.0,6.0,6.0,6.0,6.0,6.0,6.0,6.0,6.0,6.0,6.0,6.0,6.0,6.0,6.0
real,300,gulf,5,ConstVel,0,buffer,0,6,114,1.094679936641135,111.0,110.0,109.0,108.0,107.0,106.0,105.0,103.0,103.0,102.0,101.0,101.0,100.0,98.0,97.0,97.0,96.0,96.0,95.0,95.0
real,300,gulf,5,ConstVel,0,buffer,1,16,447,0.48735549084832647,444.0,443.0,442.0,441.0,440.0,438.0,437.0,435.0,434.0,433.0,432.0,431.0,430.0,429.0,428.0,427.0,427.0,425.0,423.0,422.0
real,300,gulf,5,ConstVel,0,buffer,2,88,36,0.11741186564372524,33.0,30.0,29.0,29.0,28.0,27.0,26.0,22.0,21.0,21.0,21.0,20.0,19.0,19.0,18.0,17.0,17.0,16.0,16.0,16.0
real,300,gulf,5,ConstVel,0,buffer,3,95,66,0.40044506825591253,63.0,62.0,61.0,60.0,59.0,58.0,57.0,55.0,51.0,50.0,49.0,48.0,46.0,45.0,44.0,43.0,42.0,41.0,40.0,40.0
real,300,gulf,5,ConstVel,0,buffer,4,124,291,0.39240510590507205,6.0,6.0,6.0,6.0,6.0,6.0,6.0,6.0,6.0,6.0,6.0,6.0,6.0,6.0,6.0,6.0,6.0,6.0,6.0,6.0
real,300,gulf,5,ConstVel,0,buffer,5,160,121,0.21257167418623718,119.0,118.0,117.0,117.0,117.0,117.0,116.0,116.0,116.0,116.0,115.0,115.0,113.0,112.0,112.0,111.0,111.0,110.0,105.0,105.0
real,300,gulf,5,ConstVel,0,buffer,6,216,329,0.8144412346716593,327.0,326.0,325.0,324.0,323.0,322.0,321.0,321.0,321.0,238.0,238.0,232.0,232.0,231.0,229.0,228.0,227.0,225.0,224.0,223.0
real,300,gulf,5,ConstVel,0,buffer,7,262,124,1.2076069677803487,121.0,121.0,119.0,118.0,117.0,116.0,115.0,114.0,113.0,112.0,111.0,110.0,109.0,109.0,107.0,106.0,106.0,105.0,105.0,104.0
real,300,gulf,5,ConstVel,0,buffer,8,297,50,0.3960101729498441,48.0,47.0,43.0,42.0,41.0,39.0,38.0,38.0,36.0,35.0,34.0,33.0,32.0,31.0,30.0,30.0,30.0,24.0,23.0,23.0
real,300,gulf,5,ConstVel,0,buffer,9,304,65,0.5824116837396189,34.0,33.0,31.0,28.0,27.0,26.0,26.0,9.0,8.0,7.0,6.0,6.0,6.0,6.0,6.0,6.0,6.0,6.0,6.0,6.0
real,300,gulf,5,ConstVel,0,buffer,10,333,77,0.6763378425324409,74.0,73.0,72.0,71.0,70.0,69.0,69.0,68.0,67.0,67.0,66.0,65.0,64.0,64.0,64.0,64.0,63.0,63.0,46.0,46.0
real,300,gulf,5,ConstVel,0,buffer,11,366,92,0.2620820630868814,90.0,90.0,90.0,90.0,89.0,89.0,89.0,89.0,89.0,89.0,89.0,89.0,88.0,88.0,88.0,88.0,88.0,88.0,88.0,88.0
real,300,gulf,5,ConstVel,0,buffer,12,405,58,1.0646614586161947,56.0,55.0,54.0,53.0,50.0,50.0,49.0,48.0,47.0,46.0,45.0,45.0,44.0,43.0,43.0,43.0,40.0,39.0,39.0,38.0
real,300,gulf,5,ConstVel,0,buffer,13,422,58,0.22873266247712923,6.0,6.0,6.0,6.0,6.0,6.0,6.0,6.0,6.0,6.0,6.0,6.0,6.0,6.0,6.0,6.0,6.0,6.0,6.0,6.0
real,300,gulf,5,ConstVel,0,buffer,14,432,68,0.13242564449267255,63.0,62.0,62.0,61.0,60.0,60.0,59.0,59.0,59.0,59.0,59.0,59.0,59.0,59.0,59.0,52.0,52.0,52.0,51.0,51.0
real,300,gulf,5,ConstVel,0,buffer,15,472,9,1.1682349238589114,6.0,6.0,6.0,6.0,6.0,6.0,6.0,6.0,6.0,6.0,6.0,6.0,6.0,6.0,6.0,6.0,6.0,6.0,6.0,6.0
real,300,gulf,5,ConstVel,0,crossing,0,6,114,1.094679936641135,113.0,112.0,111.0,110.0,109.0,108.0,106.0,105.0,104.0,103.0,102.0,102.0,101.0,100.0,99.0,98.0,97.0,96.0,96.0,96.0
real,300,gulf,5,ConstVel,0,crossing,1,16,447,0.48735549084832647,446.0,445.0,444.0,442.0,441.0,440.0,439.0,438.0,436.0,434.0,433.0,432.0,431.0,430.0,430.0,429.0,428.0,427.0,426.0,424.0
real,300,gulf,5,ConstVel,0,crossing,2,88,36,0.11741186564372524,35.0,34.0,33.0,30.0,29.0,29.0,28.0,26.0,22.0,22.0,21.0,21.0,20.0,20.0,19.0,19.0,18.0,17.0,17.0,16.0
real,300,gulf,5,ConstVel,0,crossing,3,95,66,0.40044506825591253,65.0,64.0,63.0,62.0,61.0,60.0,59.0,58.0,58.0,55.0,51.0,50.0,48.0,47.0,46.0,45.0,44.0,43.0,42.0,41.0
real,300,gulf,5,ConstVel,0,crossing,4,124,291,0.39240510590507205,19.0,19.0,19.0,19.0,19.0,19.0,13.0,13.0,13.0,13.0,13.0,13.0,11.0,11.0,11.0,11.0,11.0,11.0,11.0,11.0
real,300,gulf,5,ConstVel,0,crossing,5,160,121,0.21257167418623718,120.0,119.0,118.0,118.0,117.0,117.0,117.0,117.0,116.0,116.0,116.0,116.0,116.0,115.0,115.0,113.0,112.0,112.0,111.0,111.0
real,300,gulf,5,ConstVel,0,crossing,6,216,329,0.8144412346716593,328.0,327.0,326.0,326.0,325.0,324.0,323.0,322.0,321.0,321.0,321.0,238.0,238.0,232.0,231.0,231.0,228.0,227.0,226.0,225.0
real,300,gulf,5,ConstVel,0,crossing,7,262,124,1.2076069677803487,123.0,122.0,121.0,120.0,119.0,117.0,116.0,116.0,115.0,114.0,113.0,111.0,110.0,109.0,109.0,109.0,106.0,106.0,105.0,105.0
real,300,gulf,5,ConstVel,0,crossing,8,297,50,0.3960101729498441,49.0,48.0,48.0,48.0,42.0,41.0,40.0,39.0,38.0,38.0,36.0,35.0,34.0,33.0,32.0,31.0,30.0,30.0,30.0,24.0
real,300,gulf,5,ConstVel,0,crossing,9,304,65,0.5824116837396189,46.0,45.0,45.0,44.0,44.0,44.0,44.0,28.0,27.0,9.0,8.0,7.0,6.0,6.0,6.0,6.0,6.0,6.0,6.0,6.0
real,300,gulf,5,ConstVel,0,crossing,10,333,77,0.6763378425324409,76.0,75.0,75.0,73.0,72.0,71.0,70.0,70.0,69.0,69.0,68.0,68.0,67.0,66.0,66.0,65.0,64.0,64.0,64.0,64.0
real,300,gulf,5,ConstVel,0,crossing,11,366,92,0.2620820630868814,91.0,90.0,90.0,90.0,90.0,90.0,90.0,90.0,90.0,90.0,90.0,90.0,90.0,89.0,89.0,89.0,89.0,89.0,89.0,89.0
real,300,gulf,5,ConstVel,0,crossing,12,405,58,1.0646614586161947,57.0,56.0,55.0,54.0,54.0,50.0,50.0,49.0,48.0,48.0,47.0,46.0,45.0,44.0,43.0,43.0,43.0,43.0,40.0,39.0
real,300,gulf,5,ConstVel,0,crossing,13,422,58,0.22873266247712923,58.0,57.0,57.0,57.0,57.0,57.0,57.0,57.0,57.0,57.0,57.0,57.0,57.0,57.0,57.0,57.0,57.0,57.0,57.0,57.0
real,300,gulf,5,ConstVel,0,crossing,14,432,68,0.13242564449267255,67.0,63.0,62.0,62.0,61.0,61.0,60.0,60.0,59.0,59.0,59.0,59.0,59.0,59.0,59.0,59.0,59.0,59.0,59.0,52.0
real,300,gulf,5,ConstVel,0,crossing,15,472,9,1.1682349238589114,8.0,7.0,6.0,6.0,6.0,6.0,6.0,6.0,6.0,6.0,6.0,6.0,6.0,6.0,6.0,6.0,6.0,6.0,6.0,6.0
real,300,gulf,5,Kalman,0,buffer,0,6,114,1.094679936641135,111.0,110.0,109.0,108.0,107.0,106.0,105.0,104.0,103.0,102.0,101.0,101.0,100.0,98.0,98.0,97.0,96.0,96.0,95.0,95.0
real,300,gulf,5,Kalman,0,buffer,1,16,447,0.48735549084832647,444.0,443.0,442.0,441.0,440.0,438.0,436.0,435.0,434.0,433.0,432.0,431.0,430.0,429.0,428.0,427.0,426.0,424.0,423.0,422.0
real,300,gulf,5,Kalman,0,buffer,2,88,36,0.11741186564372524,33.0,30.0,29.0,29.0,28.0,27.0,26.0,22.0,22.0,21.0,21.0,20.0,19.0,19.0,18.0,18.0,17.0,17.0,16.0,16.0
real,300,gulf,5,Kalman,0,buffer,3,95,66,0.40044506825591253,63.0,62.0,61.0,60.0,59.0,58.0,57.0,55.0,51.0,50.0,49.0,48.0,46.0,45.0,44.0,43.0,42.0,41.0,40.0,40.0
real,300,gulf,5,Kalman,0,buffer,4,124,291,0.39240510590507205,6.0,6.0,6.0,6.0,6.0,6.0,6.0,6.0,6.0,6.0,6.0,6.0,6.0,6.0,6.0,6.0,6.0,6.0,6.0,6.0
real,300,gulf,5,Kalman,0,buffer,5,160,121,0.21257167418623718,119.0,118.0,118.0,117.0,117.0,117.0,117.0,116.0,116.0,116.0,115.0,114.0,113.0,113.0,112.0,111.0,111.0,110.0,106.0,105.0
real,300,gulf,5,Kalman,0,buffer,6,216,329,0.8144412346716593,327.0,326.0,325.0,324.0,323.0,322.0,322.0,322.0,321.0,238.0,238.0,233.0,232.0,231.0,229.0,228.0,227.0,225.0,224.0,223.0
real,300,gulf,5,Kalman,0,buffer,7,262,124,1.2076069677803487,121.0,120.0,119.0,118.0,117.0,116.0,115.0,114.0,113.0,112.0,111.0,110.0,109.0,109.0,107.0,106.0,106.0,105.0,105.0,104.0
real,300,gulf,5,Kalman,0,buffer,8,297,50,0.3960101729498441,48.0,47.0,43.0,42.0,40.0,39.0,38.0,38.0,36.0,35.0,34.0,33.0,32.0,32.0,31.0,31.0,31.0,24.0,24.0,23.0
real,300,gulf,5,Kalman,0,buffer,9,304,65,0.5824116837396189,34.0,32.0,31.0,28.0,27.0,27.0,26.0,9.0,8.0,7.0,6.0,6.0,6.0,6.0,6.0,6.0,6.0,6.0,6.0,6.0
real,300,gulf,5,Kalman,0,buffer,10,333,77,0.6763378425324409,74.0,73.0,72.0,71.0,70.0,70.0,69.0,68.0,68.0,67.0,66.0,66.0,65.0,64.0,64.0,64.0,64.0,63.0,63.0,46.0
real,300,gulf,5,Kalman,0,buffer,11,366,92,0.2620820630868814,90.0,90.0,90.0,90.0,90.0,89.0,89.0,89.0,89.0,89.0,89.0,89.0,89.0,89.0,89.0,89.0,89.0,89.0,88.0,88.0
real,300,gulf,5,Kalman,0,buffer,12,405,58,1.0646614586161947,56.0,55.0,54.0,51.0,50.0,50.0,49.0,48.0,47.0,46.0,46.0,45.0,44.0,43.0,43.0,42.0,40.0,40.0,39.0,38.0
real,300,gulf,5,Kalman,0,buffer,13,422,58,0.22873266247712923,6.0,6.0,6.0,6.0,6.0,6.0,6.0,6.0,6.0,6.0,6.0,6.0,6.0,6.0,6.0,6.0,6.0,6.0,6.0,6.0
real,300,gulf,5,Kalman,0,buffer,14,432,68,0.13242564449267255,63.0,62.0,62.0,61.0,61.0,60.0,60.0,60.0,59.0,59.0,59.0,59.0,59.0,59.0,59.0,59.0,53.0,52.0,52.0,52.0
real,300,gulf,5,Kalman,0,buffer,15,472,9,1.1682349238589114,6.0,6.0,6.0,6.0,6.0,6.0,6.0,6.0,6.0,6.0,6.0,6.0,6.0,6.0,6.0,6.0,6.0,6.0,6.0,6.0
real,300,gulf,5,Kalman,0,crossing,0,6,114,1.094679936641135,113.0,112.0,111.0,110.0,109.0,108.0,106.0,105.0,104.0,103.0,102.0,102.0,101.0,100.0,99.0,98.0,97.0,97.0,96.0,96.0
real,300,gulf,5,Kalman,0,crossing,1,16,447,0.48735549084832647,446.0,445.0,444.0,442.0,441.0,440.0,439.0,438.0,435.0,434.0,433.0,432.0,431.0,430.0,430.0,429.0,428.0,427.0,425.0,423.0
real,300,gulf,5,Kalman,0,crossing,2,88,36,0.11741186564372524,35.0,34.0,33.0,30.0,29.0,29.0,28.0,27.0,26.0,22.0,22.0,21.0,21.0,20.0,19.0,19.0,18.0,18.0,17.0,17.0
real,300,gulf,5,Kalman,0,crossing,3,95,66,0.40044506825591253,65.0,64.0,63.0,62.0,61.0,60.0,59.0,58.0,57.0,52.0,51.0,50.0,48.0,47.0,46.0,45.0,44.0,43.0,42.0,41.0
real,300,gulf,5,Kalman,0,crossing,4,124,291,0.39240510590507205,291.0,19.0,19.0,19.0,19.0,19.0,19.0,19.0,19.0,19.0,13.0,13.0,13.0,13.0,13.0,13.0,13.0,13.0,13.0,13.0
real,300,gulf,5,Kalman,0,crossing,5,160,121,0.21257167418623718,120.0,119.0,119.0,118.0,118.0,117.0,117.0,117.0,117.0,116.0,116.0,116.0,116.0,115.0,115.0,113.0,113.0,112.0,112.0,111.0
real,300,gulf,5,Kalman,0,crossing,6,216,329,0.8144412346716593,328.0,327.0,326.0,326.0,325.0,324.0,323.0,322.0,322.0,322.0,321.0,238.0,238.0,232.0,231.0,230.0,228.0,227.0,226.0,225.0
real,300,gulf,5,Kalman,0,crossing,7,262,124,1.2076069677803487,123.0,122.0,121.0,120.0,119.0,117.0,116.0,116.0,115.0,113.0,112.0,111.0,110.0,110.0,109.0,108.0,107.0,106.0,106.0,105.0
real,300,gulf,5,Kalman,0,crossing,8,297,50,0.3960101729498441,49.0,48.0,48.0,48.0,42.0,41.0,40.0,39.0,38.0,37.0,36.0,35.0,34.0,33.0,32.0,32.0,31.0,31.0,31.0,24.0
real,300,gulf,5,Kalman,0,crossing,9,304,65,0.5824116837396189,46.0,45.0,45.0,45.0,44.0,44.0,44.0,28.0,27.0,9.0,8.0,7.0,6.0,6.0,6.0,6.0,6.0,6.0,6.0,6.0
real,300,gulf,5,Kalman,0,crossing,10,333,77,0.6763378425324409,76.0,75.0,75.0,73.0,72.0,71.0,71.0,70.0,70.0,69.0,69.0,68.0,67.0,66.0,66.0,65.0,65.0,64.0,64.0,64.0
real,300,gulf,5,Kalman,0,crossing,11,366,92,0.2620820630868814,91.0,91.0,90.0,90.0,90.0,90.0,90.0,90.0,90.0,90.0,90.0,90.0,90.0,90.0,90.0,90.0,90.0,90.0,89.0,89.0
real,300,gulf,5,Kalman,0,crossing,12,405,58,1.0646614586161947,57.0,56.0,56.0,55.0,54.0,51.0,50.0,49.0,48.0,48.0,47.0,46.0,45.0,44.0,44.0,43.0,43.0,42.0,40.0,39.0
real,300,gulf,5,Kalman,0,crossing,13,422,58,0.22873266247712923,58.0,57.0,57.0,57.0,57.0,57.0,57.0,57.0,57.0,57.0,57.0,57.0,57.0,57.0,57.0,57.0,57.0,57.0,57.0,57.0
real,300,gulf,5,Kalman,0,crossing,14,432,68,0.13242564449267255,65.0,64.0,63.0,62.0,61.0,61.0,60.0,60.0,60.0,60.0,60.0,59.0,59.0,59.0,59.0,59.0,59.0,59.0,59.0,59.0
real,300,gulf,5,Kalman,0,crossing,15,472,9,1.1682349238589114,8.0,7.0,6.0,6.0,6.0,6.0,6.0,6.0,6.0,6.0,6.0,6.0,6.0,6.0,6.0,6.0,6.0,6.0,6.0,6.0
real,300,gulf,5,LSTM-rec,0,buffer,0,6,114,1.094679936641135,112.0,111.0,110.0,109.0,108.0,108.0,107.0,106.0,106.0,105.0,105.0,105.0,104.0,104.0,104.0,104.0,103.0,103.0,103.0,103.0
real,300,gulf,5,LSTM-rec,0,buffer,1,16,447,0.48735549084832647,444.0,443.0,442.0,442.0,441.0,440.0,440.0,439.0,438.0,438.0,437.0,437.0,436.0,436.0,436.0,435.0,435.0,435.0,435.0,435.0
real,300,gulf,5,LSTM-rec,0,buffer,2,88,36,0.11741186564372524,33.0,33.0,30.0,30.0,29.0,29.0,28.0,28.0,28.0,27.0,27.0,27.0,27.0,27.0,27.0,27.0,27.0,27.0,27.0,27.0
real,300,gulf,5,LSTM-rec,0,buffer,3,95,66,0.40044506825591253,63.0,62.0,61.0,61.0,60.0,60.0,60.0,59.0,59.0,59.0,58.0,58.0,58.0,58.0,58.0,58.0,58.0,58.0,58.0,58.0
real,300,gulf,5,LSTM-rec,0,buffer,4,124,291,0.39240510590507205,6.0,6.0,6.0,6.0,6.0,6.0,6.0,6.0,6.0,6.0,6.0,6.0,6.0,6.0,6.0,6.0,6.0,6.0,6.0,6.0
real,300,gulf,5,LSTM-rec,0,buffer,5,160,121,0.21257167418623718,119.0,119.0,118.0,118.0,118.0,117.0,117.0,117.0,117.0,117.0,117.0,117.0,117.0,117.0,117.0,117.0,117.0,117.0,117.0,117.0
real,300,gulf,5,LSTM-rec,0,buffer,6,216,329,0.8144412346716593,327.0,326.0,325.0,325.0,324.0,324.0,323.0,323.0,323.0,322.0,322.0,322.0,322.0,322.0,322.0,322.0,322.0,322.0,322.0,322.0
real,300,gulf,5,LSTM-rec,0,buffer,7,262,124,1.2076069677803487,122.0,121.0,120.0,119.0,118.0,118.0,117.0,117.0,116.0,116.0,115.0,115.0,115.0,114.0,114.0,114.0,114.0,114.0,114.0,113.0
real,300,gulf,5,LSTM-rec,0,buffer,8,297,50,0.3960101729498441,48.0,47.0,46.0,42.0,42.0,41.0,41.0,40.0,40.0,39.0,39.0,39.0,39.0,38.0,38.0,38.0,38.0,38.0,38.0,38.0
real,300,gulf,5,LSTM-rec,0,buffer,9,304,65,0.5824116837396189,34.0,33.0,32.0,31.0,29.0,29.0,29.0,28.0,28.0,28.0,28.0,28.0,28.0,28.0,28.0,9.0,9.0,9.0,9.0,9.0
real,300,gulf,5,LSTM-rec,0,buffer,10,333,77,0.6763378425324409,74.0,73.0,72.0,72.0,71.0,71.0,71.0,71.0,70.0,70.0,70.0,70.0,70.0,70.0,70.0,70.0,70.0,70.0,70.0,70.0
real,300,gulf,5,LSTM-rec,0,buffer,11,366,92,0.2620820630868814,90.0,90.0,90.0,90.0,90.0,90.0,90.0,90.0,90.0,90.0,90.0,90.0,90.0,90.0,90.0,90.0,90.0,90.0,90.0,90.0
real,300,gulf,5,LSTM-rec,0,buffer,12,405,58,1.0646614586161947,56.0,55.0,54.0,54.0,52.0,51.0,50.0,50.0,50.0,50.0,49.0,49.0,49.0,49.0,49.0,48.0,48.0,48.0,48.0,48.0
real,300,gulf,5,LSTM-rec,0,buffer,13,422,58,0.22873266247712923,6.0,6.0,6.0,6.0,6.0,6.0,6.0,6.0,6.0,6.0,6.0,6.0,6.0,6.0,6.0,6.0,6.0,6.0,6.0,6.0
real,300,gulf,5,LSTM-rec,0,buffer,14,432,68,0.13242564449267255,63.0,63.0,62.0,62.0,62.0,61.0,61.0,61.0,61.0,61.0,61.0,61.0,61.0,61.0,61.0,61.0,61.0,61.0,61.0,61.0
real,300,gulf,5,LSTM-rec,0,buffer,15,472,9,1.1682349238589114,7.0,6.0,6.0,6.0,6.0,6.0,6.0,6.0,6.0,6.0,6.0,6.0,6.0,6.0,6.0,6.0,6.0,6.0,6.0,6.0
real,300,gulf,5,LSTM-rec,0,crossing,0,6,114,1.094679936641135,113.0,113.0,112.0,111.0,110.0,110.0,109.0,109.0,108.0,107.0,107.0,106.0,106.0,106.0,106.0,105.0,105.0,105.0,105.0,105.0
real,300,gulf,5,LSTM-rec,0,crossing,1,16,447,0.48735549084832647,446.0,445.0,444.0,444.0,443.0,442.0,442.0,441.0,441.0,440.0,440.0,439.0,438.0,438.0,438.0,438.0,437.0,437.0,437.0,436.0
real,300,gulf,5,LSTM-rec,0,crossing,2,88,36,0.11741186564372524,35.0,35.0,34.0,34.0,33.0,30.0,30.0,30.0,29.0,29.0,29.0,29.0,29.0,29.0,29.0,29.0,29.0,29.0,29.0,29.0
real,300,gulf,5,LSTM-rec,0,crossing,3,95,66,0.40044506825591253,65.0,64.0,63.0,63.0,62.0,62.0,62.0,61.0,61.0,61.0,61.0,60.0,60.0,60.0,60.0,60.0,60.0,60.0,60.0,60.0
real,300,gulf,5,LSTM-rec,0,crossing,4,124,291,0.39240510590507205,291.0,291.0,291.0,291.0,291.0,291.0,291.0,291.0,291.0,291.0,291.0,291.0,291.0,291.0,291.0,291.0,291.0,291.0,291.0,291.0
real,300,gulf,5,LSTM-rec,0,crossing,5,160,121,0.21257167418623718,120.0,120.0,119.0,119.0,118.0,118.0,118.0,118.0,118.0,117.0,117.0,117.0,117.0,117.0,117.0,117.0,117.0,117.0,117.0,117.0
real,300,gulf,5,LSTM-rec,0,crossing,6,216,329,0.8144412346716593,329.0,328.0,327.0,327.0,326.0,325.0,325.0,325.0,324.0,324.0,324.0,323.0,323.0,323.0,323.0,323.0,323.0,323.0,323.0,323.0
real,300,gulf,5,LSTM-rec,0,crossing,7,262,124,1.2076069677803487,123.0,122.0,122.0,121.0,120.0,119.0,119.0,118.0,117.0,117.0,117.0,116.0,116.0,116.0,116.0,115.0,115.0,115.0,115.0,115.0
real,300,gulf,5,LSTM-rec,0,crossing,8,297,50,0.3960101729498441,49.0,49.0,48.0,48.0,48.0,48.0,42.0,42.0,42.0,41.0,41.0,40.0,40.0,40.0,39.0,39.0,39.0,39.0,39.0,39.0
real,300,gulf,5,LSTM-rec,0,crossing,9,304,65,0.5824116837396189,64.0,46.0,46.0,46.0,46.0,46.0,46.0,46.0,46.0,46.0,46.0,46.0,46.0,46.0,46.0,46.0,46.0,46.0,46.0,46.0
real,300,gulf,5,LSTM-rec,0,crossing,10,333,77,0.6763378425324409,76.0,75.0,75.0,75.0,74.0,73.0,73.0,73.0,72.0,72.0,72.0,72.0,72.0,72.0,72.0,72.0,72.0,72.0,72.0,72.0
real,300,gulf,5,LSTM-rec,0,crossing,11,366,92,0.2620820630868814,91.0,91.0,91.0,90.0,90.0,90.0,90.0,90.0,90.0,90.0,90.0,90.0,90.0,90.0,90.0,90.0,90.0,90.0,90.0,90.0
real,300,gulf,5,LSTM-rec,0,crossing,12,405,58,1.0646614586161947,57.0,57.0,56.0,56.0,55.0,54.0,54.0,51.0,51.0,50.0,50.0,50.0,50.0,50.0,50.0,50.0,49.0,49.0,49.0,49.0
real,300,gulf,5,LSTM-rec,0,crossing,13,422,58,0.22873266247712923,58.0,58.0,58.0,57.0,57.0,57.0,57.0,57.0,57.0,57.0,57.0,57.0,57.0,57.0,57.0,57.0,57.0,57.0,57.0,57.0
real,300,gulf,5,LSTM-rec,0,crossing,14,432,68,0.13242564449267255,67.0,64.0,63.0,63.0,62.0,62.0,62.0,62.0,62.0,61.0,61.0,61.0,61.0,61.0,61.0,61.0,61.0,61.0,61.0,61.0
real,300,gulf,5,LSTM-rec,0,crossing,15,472,9,1.1682349238589114,8.0,7.0,7.0,6.0,6.0,6.0,6.0,6.0,6.0,6.0,6.0,6.0,6.0,6.0,6.0,6.0,6.0,6.0,6.0,6.0
real,300,gulf,5,LSTM-ms,0,buffer,0,6,114,1.094679936641135,111.0,110.0,109.0,108.0,107.0,106.0,106.0,105.0,104.0,104.0,103.0,103.0,102.0,102.0,101.0,101.0,100.0,100.0,99.0,99.0
real,300,gulf,5,LSTM-ms,0,buffer,1,16,447,0.48735549084832647,444.0,443.0,442.0,441.0,440.0,439.0,438.0,436.0,436.0,435.0,434.0,434.0,433.0,433.0,432.0,432.0,431.0,431.0,430.0,430.0
real,300,gulf,5,LSTM-ms,0,buffer,2,88,36,0.11741186564372524,33.0,30.0,30.0,29.0,28.0,27.0,26.0,25.0,24.0,23.0,22.0,22.0,22.0,21.0,21.0,21.0,21.0,20.0,20.0,20.0
real,300,gulf,5,LSTM-ms,0,buffer,3,95,66,0.40044506825591253,63.0,62.0,61.0,60.0,59.0,58.0,57.0,56.0,54.0,52.0,51.0,51.0,50.0,49.0,49.0,48.0,47.0,47.0,46.0,46.0
real,300,gulf,5,LSTM-ms,0,buffer,4,124,291,0.39240510590507205,6.0,6.0,6.0,6.0,6.0,6.0,6.0,6.0,6.0,6.0,6.0,6.0,6.0,6.0,6.0,6.0,6.0,6.0,6.0,6.0
real,300,gulf,5,LSTM-ms,0,buffer,5,160,121,0.21257167418623718,119.0,119.0,118.0,118.0,117.0,117.0,117.0,117.0,117.0,116.0,116.0,116.0,115.0,115.0,114.0,114.0,113.0,113.0,112.0,112.0
real,300,gulf,5,LSTM-ms,0,buffer,6,216,329,0.8144412346716593,327.0,326.0,325.0,325.0,324.0,323.0,323.0,323.0,322.0,322.0,322.0,322.0,238.0,237.0,234.0,233.0,232.0,232.0,231.0,231.0
real,300,gulf,5,LSTM-ms,0,buffer,7,262,124,1.2076069677803487,121.0,120.0,119.0,118.0,118.0,117.0,116.0,115.0,115.0,114.0,113.0,113.0,112.0,112.0,111.0,111.0,110.0,110.0,109.0,109.0
real,300,gulf,5,LSTM-ms,0,buffer,8,297,50,0.3960101729498441,48.0,46.0,43.0,42.0,41.0,40.0,39.0,39.0,38.0,37.0,37.0,36.0,35.0,35.0,34.0,34.0,34.0,33.0,33.0,33.0
real,300,gulf,5,LSTM-ms,0,buffer,9,304,65,0.5824116837396189,33.0,31.0,29.0,28.0,27.0,26.0,25.0,24.0,23.0,23.0,9.0,9.0,8.0,7.0,7.0,6.0,6.0,6.0,6.0,6.0
real,300,gulf,5,LSTM-ms,0,buffer,10,333,77,0.6763378425324409,74.0,73.0,72.0,71.0,70.0,70.0,69.0,69.0,68.0,68.0,67.0,66.0,66.0,66.0,65.0,65.0,65.0,64.0,64.0,64.0
real,300,gulf,5,LSTM-ms,0,buffer,11,366,92,0.2620820630868814,90.0,90.0,90.0,89.0,89.0,55.0,25.0,23.0,19.0,11.0,11.0,11.0,10.0,10.0,10.0,10.0,9.0,9.0,9.0,9.0
real,300,gulf,5,LSTM-ms,0,buffer,12,405,58,1.0646614586161947,56.0,55.0,54.0,52.0,51.0,50.0,50.0,49.0,49.0,48.0,48.0,47.0,47.0,46.0,46.0,45.0,45.0,44.0,44.0,44.0
real,300,gulf,5,LSTM-ms,0,buffer,13,422,58,0.22873266247712923,6.0,6.0,6.0,6.0,6.0,6.0,6.0,6.0,6.0,6.0,6.0,6.0,6.0,6.0,6.0,6.0,6.0,6.0,6.0,6.0
real,300,gulf,5,LSTM-ms,0,buffer,14,432,68,0.13242564449267255,63.0,63.0,62.0,62.0,61.0,61.0,61.0,60.0,60.0,60.0,60.0,60.0,60.0,60.0,59.0,59.0,59.0,59.0,59.0,59.0
real,300,gulf,5,LSTM-ms,0,buffer,15,472,9,1.1682349238589114,6.0,6.0,6.0,6.0,6.0,6.0,6.0,6.0,6.0,6.0,6.0,6.0,6.0,6.0,6.0,6.0,6.0,6.0,6.0,6.0
real,300,gulf,5,LSTM-ms,0,crossing,0,6,114,1.094679936641135,113.0,112.0,111.0,110.0,109.0,108.0,107.0,107.0,106.0,105.0,105.0,104.0,103.0,103.0,103.0,102.0,102.0,101.0,101.0,100.0
real,300,gulf,5,LSTM-ms,0,crossing,1,16,447,0.48735549084832647,446.0,445.0,444.0,443.0,442.0,441.0,440.0,440.0,438.0,436.0,436.0,435.0,435.0,434.0,434.0,433.0,433.0,432.0,432.0,431.0
real,300,gulf,5,LSTM-ms,0,crossing,2,88,36,0.11741186564372524,35.0,34.0,34.0,33.0,30.0,29.0,28.0,28.0,27.0,26.0,25.0,24.0,23.0,22.0,22.0,22.0,22.0,21.0,21.0,21.0
real,300,gulf,5,LSTM-ms,0,crossing,3,95,66,0.40044506825591253,65.0,64.0,63.0,62.0,61.0,60.0,60.0,59.0,58.0,58.0,56.0,53.0,52.0,51.0,50.0,50.0,49.0,48.0,48.0,47.0
real,300,gulf,5,LSTM-ms,0,crossing,4,124,291,0.39240510590507205,6.0,6.0,6.0,6.0,6.0,6.0,6.0,6.0,6.0,6.0,6.0,6.0,6.0,6.0,6.0,6.0,6.0,6.0,6.0,6.0
real,300,gulf,5,LSTM-ms,0,crossing,5,160,121,0.21257167418623718,120.0,120.0,119.0,119.0,118.0,118.0,118.0,117.0,117.0,117.0,117.0,117.0,117.0,116.0,116.0,116.0,116.0,115.0,115.0,114.0
real,300,gulf,5,LSTM-ms,0,crossing,6,216,329,0.8144412346716593,328.0,328.0,327.0,326.0,325.0,325.0,324.0,324.0,323.0,323.0,323.0,323.0,322.0,322.0,322.0,238.0,235.0,233.0,233.0,232.0
real,300,gulf,5,LSTM-ms,0,crossing,7,262,124,1.2076069677803487,123.0,122.0,121.0,120.0,119.0,118.0,117.0,117.0,116.0,116.0,115.0,114.0,113.0,113.0,112.0,112.0,111.0,111.0,111.0,110.0
real,300,gulf,5,LSTM-ms,0,crossing,8,297,50,0.3960101729498441,49.0,49.0,48.0,48.0,43.0,42.0,41.0,40.0,40.0,39.0,38.0,37.0,37.0,36.0,36.0,35.0,35.0,34.0,34.0,34.0
real,300,gulf,5,LSTM-ms,0,crossing,9,304,65,0.5824116837396189,46.0,45.0,44.0,41.0,35.0,32.0,29.0,28.0,27.0,27.0,26.0,25.0,9.0,9.0,8.0,8.0,7.0,6.0,6.0,6.0
real,300,gulf,5,LSTM-ms,0,crossing,10,333,77,0.6763378425324409,76.0,75.0,74.0,73.0,72.0,72.0,71.0,70.0,70.0,70.0,69.0,69.0,68.0,68.0,67.0,67.0,66.0,66.0,66.0,66.0
real,300,gulf,5,LSTM-ms,0,crossing,11,366,92,0.2620820630868814,91.0,91.0,91.0,90.0,90.0,90.0,90.0,90.0,90.0,90.0,90.0,89.0,89.0,89.0,89.0,89.0,89.0,26.0,25.0,24.0
real,300,gulf,5,LSTM-ms,0,crossing,12,405,58,1.0646614586161947,57.0,56.0,56.0,55.0,54.0,52.0,51.0,50.0,50.0,49.0,49.0,48.0,48.0,47.0,47.0,47.0,46.0,46.0,45.0,45.0
real,300,gulf,5,LSTM-ms,0,crossing,13,422,58,0.22873266247712923,58.0,58.0,57.0,57.0,57.0,57.0,57.0,57.0,12.0,6.0,6.0,6.0,6.0,6.0,6.0,6.0,6.0,6.0,6.0,6.0
real,300,gulf,5,LSTM-ms,0,crossing,14,432,68,0.13242564449267255,65.0,64.0,63.0,62.0,62.0,62.0,61.0,61.0,61.0,61.0,61.0,60.0,60.0,60.0,60.0,60.0,60.0,60.0,60.0,60.0
real,300,gulf,5,LSTM-ms,0,crossing,15,472,9,1.1682349238589114,8.0,7.0,6.0,6.0,6.0,6.0,6.0,6.0,6.0,6.0,6.0,6.0,6.0,6.0,6.0,6.0,6.0,6.0,6.0,6.0
real,300,gulf,5,LSTM-rec,1,buffer,0,6,114,1.094679936641135,112.0,111.0,110.0,109.0,109.0,108.0,108.0,107.0,107.0,106.0,106.0,106.0,106.0,106.0,105.0,105.0,105.0,105.0,105.0,105.0
real,300,gulf,5,LSTM-rec,1,buffer,1,16,447,0.48735549084832647,444.0,443.0,442.0,442.0,441.0,440.0,440.0,440.0,439.0,439.0,439.0,439.0,439.0,439.0,439.0,439.0,439.0,439.0,439.0,439.0
real,300,gulf,5,LSTM-rec,1,buffer,2,88,36,0.11741186564372524,33.0,33.0,30.0,30.0,29.0,29.0,29.0,28.0,28.0,28.0,28.0,28.0,28.0,28.0,28.0,28.0,28.0,28.0,28.0,28.0
real,300,gulf,5,LSTM-rec,1,buffer,3,95,66,0.40044506825591253,63.0,62.0,62.0,61.0,61.0,60.0,60.0,60.0,60.0,59.0,59.0,59.0,59.0,59.0,59.0,59.0,59.0,59.0,59.0,59.0
real,300,gulf,5,LSTM-rec,1,buffer,4,124,291,0.39240510590507205,6.0,6.0,6.0,6.0,6.0,6.0,6.0,6.0,6.0,6.0,6.0,6.0,6.0,6.0,6.0,6.0,6.0,6.0,6.0,6.0
real,300,gulf,5,LSTM-rec,1,buffer,5,160,121,0.21257167418623718,119.0,119.0,118.0,118.0,118.0,117.0,117.0,117.0,117.0,117.0,117.0,117.0,117.0,117.0,117.0,117.0,117.0,117.0,117.0,117.0
real,300,gulf,5,LSTM-rec,1,buffer,6,216,329,0.8144412346716593,327.0,326.0,326.0,325.0,325.0,324.0,324.0,323.0,323.0,323.0,323.0,323.0,323.0,323.0,323.0,323.0,323.0,323.0,323.0,323.0
real,300,gulf,5,LSTM-rec,1,buffer,7,262,124,1.2076069677803487,122.0,121.0,120.0,119.0,119.0,118.0,117.0,117.0,117.0,116.0,116.0,116.0,116.0,116.0,116.0,116.0,116.0,116.0,116.0,116.0
real,300,gulf,5,LSTM-rec,1,buffer,8,297,50,0.3960101729498441,48.0,47.0,47.0,43.0,42.0,42.0,41.0,41.0,40.0,40.0,40.0,40.0,40.0,39.0,39.0,39.0,39.0,39.0,39.0,39.0
real,300,gulf,5,LSTM-rec,1,buffer,9,304,65,0.5824116837396189,34.0,34.0,34.0,34.0,34.0,34.0,34.0,34.0,34.0,34.0,34.0,34.0,34.0,34.0,34.0,34.0,34.0,34.0,34.0,34.0
real,300,gulf,5,LSTM-rec,1,buffer,10,333,77,0.6763378425324409,74.0,73.0,73.0,72.0,72.0,71.0,71.0,71.0,71.0,71.0,71.0,71.0,71.0,71.0,71.0,71.0,71.0,71.0,71.0,71.0
real,300,gulf,5,LSTM-rec,1,buffer,11,366,92,0.2620820630868814,90.0,90.0,90.0,90.0,90.0,90.0,90.0,90.0,90.0,90.0,90.0,90.0,90.0,90.0,90.0,90.0,90.0,90.0,90.0,90.0
real,300,gulf,5,LSTM-rec,1,buffer,12,405,58,1.0646614586161947,56.0,55.0,54.0,54.0,53.0,51.0,51.0,50.0,50.0,50.0,50.0,50.0,50.0,49.0,49.0,49.0,49.0,49.0,49.0,49.0
real,300,gulf,5,LSTM-rec,1,buffer,13,422,58,0.22873266247712923,6.0,6.0,6.0,6.0,6.0,6.0,6.0,6.0,6.0,6.0,6.0,6.0,6.0,6.0,6.0,6.0,6.0,6.0,6.0,6.0
real,300,gulf,5,LSTM-rec,1,buffer,14,432,68,0.13242564449267255,63.0,63.0,62.0,62.0,62.0,61.0,61.0,61.0,61.0,61.0,61.0,61.0,61.0,61.0,61.0,61.0,61.0,61.0,61.0,61.0
real,300,gulf,5,LSTM-rec,1,buffer,15,472,9,1.1682349238589114,7.0,6.0,6.0,6.0,6.0,6.0,6.0,6.0,6.0,6.0,6.0,6.0,6.0,6.0,6.0,6.0,6.0,6.0,6.0,6.0
real,300,gulf,5,LSTM-rec,1,crossing,0,6,114,1.094679936641135,113.0,113.0,112.0,111.0,111.0,110.0,110.0,109.0,109.0,109.0,108.0,108.0,108.0,108.0,108.0,108.0,108.0,108.0,108.0,108.0
real,300,gulf,5,LSTM-rec,1,crossing,1,16,447,0.48735549084832647,446.0,445.0,444.0,444.0,443.0,443.0,442.0,442.0,441.0,441.0,440.0,440.0,440.0,440.0,440.0,440.0,440.0,440.0,440.0,440.0
real,300,gulf,5,LSTM-rec,1,crossing,2,88,36,0.11741186564372524,35.0,35.0,34.0,34.0,33.0,30.0,30.0,30.0,30.0,29.0,29.0,29.0,29.0,29.0,29.0,29.0,29.0,29.0,29.0,29.0
real,300,gulf,5,LSTM-rec,1,crossing,3,95,66,0.40044506825591253,65.0,64.0,64.0,63.0,63.0,62.0,62.0,62.0,62.0,62.0,61.0,61.0,61.0,61.0,61.0,61.0,61.0,61.0,61.0,61.0
real,300,gulf,5,LSTM-rec,1,crossing,4,124,291,0.39240510590507205,291.0,291.0,291.0,291.0,291.0,291.0,291.0,291.0,291.0,291.0,291.0,291.0,291.0,291.0,291.0,291.0,291.0,291.0,291.0,291.0
real,300,gulf,5,LSTM-rec,1,crossing,5,160,121,0.21257167418623718,120.0,120.0,119.0,119.0,118.0,118.0,118.0,118.0,118.0,117.0,117.0,117.0,117.0,117.0,117.0,117.0,117.0,117.0,117.0,117.0
real,300,gulf,5,LSTM-rec,1,crossing,6,216,329,0.8144412346716593,328.0,328.0,327.0,327.0,326.0,326.0,325.0,325.0,325.0,325.0,325.0,324.0,324.0,324.0,324.0,324.0,324.0,324.0,324.0,324.0
real,300,gulf,5,LSTM-rec,1,crossing,7,262,124,1.2076069677803487,123.0,122.0,122.0,121.0,120.0,120.0,119.0,119.0,118.0,118.0,117.0,117.0,117.0,117.0,117.0,117.0,117.0,117.0,117.0,117.0
real,300,gulf,5,LSTM-rec,1,crossing,8,297,50,0.3960101729498441,49.0,49.0,48.0,48.0,48.0,48.0,48.0,43.0,42.0,42.0,42.0,42.0,42.0,42.0,42.0,42.0,42.0,42.0,42.0,42.0
real,300,gulf,5,LSTM-rec,1,crossing,9,304,65,0.5824116837396189,64.0,46.0,46.0,46.0,46.0,46.0,46.0,46.0,46.0,46.0,46.0,46.0,46.0,46.0,46.0,46.0,46.0,46.0,46.0,46.0
real,300,gulf,5,LSTM-rec,1,crossing,10,333,77,0.6763378425324409,76.0,76.0,75.0,75.0,74.0,74.0,73.0,73.0,73.0,73.0,73.0,73.0,73.0,73.0,73.0,73.0,73.0,73.0,73.0,73.0
real,300,gulf,5,LSTM-rec,1,crossing,11,366,92,0.2620820630868814,91.0,91.0,91.0,90.0,90.0,90.0,90.0,90.0,90.0,90.0,90.0,90.0,90.0,90.0,90.0,90.0,90.0,90.0,90.0,90.0
real,300,gulf,5,LSTM-rec,1,crossing,12,405,58,1.0646614586161947,57.0,57.0,56.0,56.0,55.0,54.0,54.0,54.0,54.0,51.0,51.0,51.0,50.0,50.0,50.0,50.0,50.0,50.0,50.0,50.0
real,300,gulf,5,LSTM-rec,1,crossing,13,422,58,0.22873266247712923,58.0,58.0,57.0,57.0,57.0,57.0,57.0,57.0,57.0,57.0,57.0,57.0,57.0,57.0,57.0,57.0,57.0,57.0,57.0,57.0
real,300,gulf,5,LSTM-rec,1,crossing,14,432,68,0.13242564449267255,67.0,64.0,63.0,63.0,62.0,62.0,62.0,62.0,62.0,62.0,61.0,61.0,61.0,61.0,61.0,61.0,61.0,61.0,61.0,61.0
real,300,gulf,5,LSTM-rec,1,crossing,15,472,9,1.1682349238589114,8.0,7.0,7.0,6.0,6.0,6.0,6.0,6.0,6.0,6.0,6.0,6.0,6.0,6.0,6.0,6.0,6.0,6.0,6.0,6.0
real,300,gulf,5,LSTM-ms,1,buffer,0,6,114,1.094679936641135,112.0,111.0,111.0,110.0,109.0,109.0,108.0,107.0,107.0,106.0,106.0,105.0,105.0,104.0,103.0,103.0,103.0,102.0,102.0,102.0
real,300,gulf,5,LSTM-ms,1,buffer,1,16,447,0.48735549084832647,444.0,443.0,443.0,442.0,441.0,441.0,440.0,440.0,439.0,439.0,438.0,438.0,435.0,434.0,433.0,433.0,433.0,432.0,432.0,431.0
real,300,gulf,5,LSTM-ms,1,buffer,2,88,36,0.11741186564372524,33.0,33.0,30.0,30.0,29.0,29.0,28.0,27.0,26.0,26.0,26.0,22.0,22.0,21.0,21.0,21.0,20.0,20.0,20.0,19.0
real,300,gulf,5,LSTM-ms,1,buffer,3,95,66,0.40044506825591253,63.0,62.0,62.0,61.0,61.0,60.0,60.0,59.0,59.0,58.0,58.0,58.0,57.0,56.0,55.0,51.0,51.0,51.0,50.0,50.0
real,300,gulf,5,LSTM-ms,1,buffer,4,124,291,0.39240510590507205,6.0,6.0,6.0,6.0,6.0,6.0,6.0,6.0,6.0,6.0,6.0,6.0,6.0,6.0,6.0,6.0,6.0,6.0,6.0,6.0
real,300,gulf,5,LSTM-ms,1,buffer,5,160,121,0.21257167418623718,119.0,119.0,118.0,118.0,117.0,117.0,117.0,117.0,117.0,117.0,116.0,116.0,116.0,116.0,116.0,116.0,115.0,115.0,115.0,115.0
real,300,gulf,5,LSTM-ms,1,buffer,6,216,329,0.8144412346716593,327.0,326.0,326.0,325.0,325.0,324.0,324.0,323.0,323.0,323.0,322.0,322.0,322.0,322.0,322.0,321.0,321.0,321.0,238.0,238.0
real,300,gulf,5,LSTM-ms,1,buffer,7,262,124,1.2076069677803487,122.0,121.0,121.0,120.0,119.0,119.0,118.0,117.0,117.0,116.0,116.0,115.0,115.0,114.0,114.0,113.0,113.0,112.0,112.0,111.0
real,300,gulf,5,LSTM-ms,1,buffer,8,297,50,0.3960101729498441,48.0,48.0,48.0,47.0,43.0,42.0,42.0,41.0,40.0,39.0,39.0,39.0,38.0,38.0,36.0,36.0,35.0,35.0,34.0,34.0
real,300,gulf,5,LSTM-ms,1,buffer,9,304,65,0.5824116837396189,35.0,35.0,35.0,34.0,34.0,34.0,32.0,29.0,29.0,29.0,28.0,28.0,27.0,9.0,9.0,8.0,8.0,7.0,7.0,7.0
real,300,gulf,5,LSTM-ms,1,buffer,10,333,77,0.6763378425324409,74.0,74.0,73.0,73.0,72.0,72.0,71.0,71.0,70.0,70.0,70.0,69.0,69.0,69.0,69.0,68.0,68.0,68.0,67.0,67.0
real,300,gulf,5,LSTM-ms,1,buffer,11,366,92,0.2620820630868814,90.0,90.0,90.0,90.0,90.0,90.0,90.0,90.0,90.0,90.0,90.0,90.0,90.0,90.0,90.0,90.0,90.0,90.0,90.0,90.0
real,300,gulf,5,LSTM-ms,1,buffer,12,405,58,1.0646614586161947,56.0,55.0,55.0,54.0,53.0,51.0,51.0,50.0,50.0,50.0,49.0,49.0,48.0,48.0,47.0,47.0,47.0,46.0,46.0,46.0
real,300,gulf,5,LSTM-ms,1,buffer,13,422,58,0.22873266247712923,6.0,6.0,6.0,6.0,6.0,6.0,6.0,6.0,6.0,6.0,6.0,6.0,6.0,6.0,6.0,6.0,6.0,6.0,6.0,6.0
real,300,gulf,5,LSTM-ms,1,buffer,14,432,68,0.13242564449267255,63.0,63.0,62.0,62.0,61.0,61.0,61.0,60.0,60.0,60.0,60.0,60.0,60.0,59.0,59.0,59.0,59.0,59.0,59.0,59.0
real,300,gulf,5,LSTM-ms,1,buffer,15,472,9,1.1682349238589114,7.0,6.0,6.0,6.0,6.0,6.0,6.0,6.0,6.0,6.0,6.0,6.0,6.0,6.0,6.0,6.0,6.0,6.0,6.0,6.0
real,300,gulf,5,LSTM-ms,1,crossing,0,6,114,1.094679936641135,114.0,113.0,112.0,112.0,111.0,111.0,110.0,109.0,109.0,108.0,108.0,107.0,106.0,106.0,105.0,105.0,104.0,104.0,103.0,103.0
real,300,gulf,5,LSTM-ms,1,crossing,1,16,447,0.48735549084832647,446.0,445.0,444.0,444.0,443.0,442.0,442.0,441.0,441.0,440.0,440.0,439.0,439.0,438.0,435.0,434.0,434.0,433.0,433.0,433.0
real,300,gulf,5,LSTM-ms,1,crossing,2,88,36,0.11741186564372524,35.0,35.0,34.0,34.0,33.0,30.0,30.0,29.0,29.0,29.0,28.0,27.0,26.0,22.0,22.0,22.0,21.0,21.0,21.0,21.0
real,300,gulf,5,LSTM-ms,1,crossing,3,95,66,0.40044506825591253,65.0,64.0,64.0,63.0,63.0,62.0,62.0,61.0,61.0,61.0,60.0,60.0,59.0,59.0,58.0,58.0,58.0,57.0,55.0,51.0
real,300,gulf,5,LSTM-ms,1,crossing,4,124,291,0.39240510590507205,291.0,291.0,291.0,291.0,291.0,291.0,291.0,291.0,291.0,291.0,291.0,291.0,291.0,291.0,291.0,291.0,291.0,291.0,291.0,291.0
real,300,gulf,5,LSTM-ms,1,crossing,5,160,121,0.21257167418623718,120.0,120.0,119.0,118.0,118.0,118.0,117.0,117.0,117.0,117.0,117.0,117.0,117.0,117.0,116.0,116.0,116.0,116.0,116.0,116.0
real,300,gulf,5,LSTM-ms,1,crossing,6,216,329,0.8144412346716593,329.0,328.0,327.0,327.0,326.0,326.0,325.0,325.0,324.0,324.0,324.0,323.0,323.0,323.0,322.0,322.0,322.0,322.0,322.0,322.0
real,300,gulf,5,LSTM-ms,1,crossing,7,262,124,1.2076069677803487,123.0,123.0,122.0,122.0,121.0,120.0,120.0,119.0,119.0,118.0,117.0,117.0,116.0,116.0,115.0,115.0,114.0,114.0,114.0,113.0
real,300,gulf,5,LSTM-ms,1,crossing,8,297,50,0.3960101729498441,49.0,49.0,49.0,48.0,48.0,48.0,48.0,48.0,42.0,42.0,41.0,41.0,40.0,39.0,39.0,39.0,38.0,36.0,36.0,35.0
real,300,gulf,5,LSTM-ms,1,crossing,9,304,65,0.5824116837396189,65.0,65.0,64.0,64.0,63.0,46.0,46.0,46.0,46.0,46.0,46.0,46.0,46.0,45.0,45.0,9.0,9.0,9.0,8.0,8.0
real,300,gulf,5,LSTM-ms,1,crossing,10,333,77,0.6763378425324409,76.0,76.0,75.0,75.0,75.0,74.0,73.0,73.0,73.0,72.0,72.0,72.0,71.0,71.0,70.0,70.0,70.0,69.0,69.0,69.0
real,300,gulf,5,LSTM-ms,1,crossing,11,366,92,0.2620820630868814,91.0,91.0,91.0,90.0,90.0,90.0,90.0,90.0,90.0,90.0,90.0,90.0,90.0,90.0,90.0,90.0,90.0,90.0,90.0,90.0
real,300,gulf,5,LSTM-ms,1,crossing,12,405,58,1.0646614586161947,58.0,57.0,56.0,56.0,55.0,54.0,54.0,53.0,51.0,50.0,50.0,50.0,50.0,49.0,49.0,48.0,48.0,47.0,47.0,47.0
real,300,gulf,5,LSTM-ms,1,crossing,13,422,58,0.22873266247712923,58.0,58.0,58.0,58.0,57.0,57.0,57.0,57.0,57.0,57.0,57.0,57.0,57.0,57.0,57.0,57.0,57.0,57.0,57.0,57.0
real,300,gulf,5,LSTM-ms,1,crossing,14,432,68,0.13242564449267255,67.0,64.0,63.0,63.0,62.0,62.0,62.0,61.0,61.0,61.0,60.0,60.0,60.0,60.0,60.0,60.0,60.0,60.0,59.0,59.0
real,300,gulf,5,LSTM-ms,1,crossing,15,472,9,1.1682349238589114,8.0,8.0,7.0,7.0,6.0,6.0,6.0,6.0,6.0,6.0,6.0,6.0,6.0,6.0,6.0,6.0,6.0,6.0,6.0,6.0
real,300,gulf,5,LSTM-rec,2,buffer,0,6,114,1.094679936641135,111.0,111.0,110.0,109.0,108.0,107.0,106.0,105.0,104.0,103.0,103.0,102.0,102.0,101.0,101.0,100.0,99.0,98.0,98.0,97.0
real,300,gulf,5,LSTM-rec,2,buffer,1,16,447,0.48735549084832647,444.0,443.0,442.0,441.0,440.0,439.0,438.0,437.0,436.0,434.0,434.0,433.0,432.0,432.0,431.0,431.0,430.0,430.0,429.0,428.0
real,300,gulf,5,LSTM-rec,2,buffer,2,88,36,0.11741186564372524,33.0,33.0,30.0,29.0,28.0,27.0,27.0,26.0,24.0,22.0,22.0,22.0,21.0,21.0,21.0,20.0,20.0,19.0,19.0,19.0
real,300,gulf,5,LSTM-rec,2,buffer,3,95,66,0.40044506825591253,63.0,62.0,61.0,60.0,59.0,58.0,57.0,56.0,55.0,52.0,51.0,50.0,49.0,48.0,48.0,47.0,46.0,45.0,45.0,44.0
real,300,gulf,5,LSTM-rec,2,buffer,4,124,291,0.39240510590507205,6.0,6.0,6.0,6.0,6.0,6.0,6.0,6.0,6.0,6.0,6.0,6.0,6.0,6.0,6.0,6.0,6.0,6.0,6.0,6.0
real,300,gulf,5,LSTM-rec,2,buffer,5,160,121,0.21257167418623718,119.0,119.0,118.0,118.0,117.0,117.0,117.0,117.0,116.0,116.0,116.0,116.0,115.0,115.0,114.0,113.0,113.0,112.0,112.0,111.0
real,300,gulf,5,LSTM-rec,2,buffer,6,216,329,0.8144412346716593,327.0,326.0,325.0,324.0,323.0,323.0,322.0,322.0,322.0,321.0,321.0,238.0,238.0,238.0,233.0,232.0,232.0,231.0,230.0,229.0
real,300,gulf,5,LSTM-rec,2,buffer,7,262,124,1.2076069677803487,122.0,121.0,120.0,119.0,118.0,117.0,116.0,115.0,115.0,114.0,113.0,112.0,111.0,111.0,110.0,110.0,109.0,109.0,109.0,107.0
real,300,gulf,5,LSTM-rec,2,buffer,8,297,50,0.3960101729498441,48.0,47.0,43.0,42.0,41.0,40.0,39.0,39.0,38.0,37.0,36.0,35.0,34.0,34.0,33.0,33.0,33.0,32.0,32.0,32.0
real,300,gulf,5,LSTM-rec,2,buffer,9,304,65,0.5824116837396189,34.0,32.0,30.0,28.0,27.0,26.0,25.0,24.0,23.0,9.0,8.0,7.0,7.0,6.0,6.0,6.0,6.0,6.0,6.0,6.0
real,300,gulf,5,LSTM-rec,2,buffer,10,333,77,0.6763378425324409,74.0,73.0,72.0,71.0,70.0,70.0,69.0,69.0,68.0,67.0,67.0,66.0,66.0,65.0,65.0,64.0,64.0,64.0,63.0,63.0
real,300,gulf,5,LSTM-rec,2,buffer,11,366,92,0.2620820630868814,90.0,90.0,90.0,90.0,89.0,89.0,89.0,88.0,25.0,22.0,11.0,11.0,10.0,9.0,9.0,8.0,8.0,8.0,7.0,7.0
real,300,gulf,5,LSTM-rec,2,buffer,12,405,58,1.0646614586161947,56.0,55.0,54.0,52.0,51.0,50.0,50.0,49.0,48.0,48.0,47.0,46.0,46.0,45.0,45.0,44.0,44.0,43.0,43.0,43.0
real,300,gulf,5,LSTM-rec,2,buffer,13,422,58,0.22873266247712923,6.0,6.0,6.0,6.0,6.0,6.0,6.0,6.0,6.0,6.0,6.0,6.0,6.0,6.0,6.0,6.0,6.0,6.0,6.0,6.0
real,300,gulf,5,LSTM-rec,2,buffer,14,432,68,0.13242564449267255,63.0,63.0,62.0,62.0,61.0,61.0,60.0,60.0,60.0,60.0,60.0,59.0,59.0,59.0,59.0,59.0,59.0,59.0,59.0,59.0
real,300,gulf,5,LSTM-rec,2,buffer,15,472,9,1.1682349238589114,7.0,6.0,6.0,6.0,6.0,6.0,6.0,6.0,6.0,6.0,6.0,6.0,6.0,6.0,6.0,6.0,6.0,6.0,6.0,6.0
real,300,gulf,5,LSTM-rec,2,crossing,0,6,114,1.094679936641135,113.0,112.0,111.0,110.0,110.0,109.0,107.0,106.0,106.0,105.0,104.0,103.0,103.0,102.0,102.0,101.0,101.0,100.0,100.0,99.0
real,300,gulf,5,LSTM-rec,2,crossing,1,16,447,0.48735549084832647,446.0,445.0,444.0,443.0,442.0,441.0,440.0,439.0,438.0,437.0,436.0,434.0,434.0,433.0,432.0,432.0,431.0,431.0,430.0,430.0
real,300,gulf,5,LSTM-rec,2,crossing,2,88,36,0.11741186564372524,35.0,34.0,34.0,33.0,30.0,29.0,29.0,28.0,27.0,26.0,26.0,23.0,22.0,22.0,22.0,21.0,21.0,21.0,20.0,20.0
real,300,gulf,5,LSTM-rec,2,crossing,3,95,66,0.40044506825591253,65.0,64.0,63.0,62.0,61.0,61.0,60.0,59.0,58.0,57.0,55.0,52.0,51.0,50.0,49.0,49.0,48.0,47.0,46.0,46.0
real,300,gulf,5,LSTM-rec,2,crossing,4,124,291,0.39240510590507205,9.0,6.0,6.0,6.0,6.0,6.0,6.0,6.0,6.0,6.0,6.0,6.0,6.0,6.0,6.0,6.0,6.0,6.0,6.0,6.0
real,300,gulf,5,LSTM-rec,2,crossing,5,160,121,0.21257167418623718,120.0,120.0,119.0,118.0,118.0,118.0,117.0,117.0,117.0,117.0,117.0,117.0,116.0,116.0,116.0,116.0,115.0,115.0,114.0,113.0
real,300,gulf,5,LSTM-rec,2,crossing,6,216,329,0.8144412346716593,328.0,328.0,327.0,326.0,325.0,324.0,323.0,323.0,322.0,322.0,322.0,322.0,321.0,321.0,238.0,238.0,233.0,232.0,232.0,231.0
real,300,gulf,5,LSTM-rec,2,crossing,7,262,124,1.2076069677803487,123.0,122.0,121.0,120.0,119.0,118.0,117.0,117.0,116.0,115.0,115.0,114.0,113.0,112.0,111.0,111.0,110.0,110.0,109.0,109.0
real,300,gulf,5,LSTM-rec,2,crossing,8,297,50,0.3960101729498441,49.0,49.0,48.0,48.0,43.0,42.0,41.0,40.0,39.0,39.0,38.0,37.0,36.0,35.0,35.0,34.0,34.0,33.0,33.0,32.0
real,300,gulf,5,LSTM-rec,2,crossing,9,304,65,0.5824116837396189,46.0,45.0,45.0,44.0,44.0,42.0,35.0,28.0,27.0,26.0,25.0,9.0,8.0,7.0,7.0,6.0,6.0,6.0,6.0,6.0
real,300,gulf,5,LSTM-rec,2,crossing,10,333,77,0.6763378425324409,76.0,75.0,75.0,74.0,73.0,72.0,71.0,70.0,70.0,70.0,69.0,69.0,68.0,67.0,67.0,66.0,66.0,65.0,65.0,64.0
real,300,gulf,5,LSTM-rec,2,crossing,11,366,92,0.2620820630868814,91.0,91.0,90.0,90.0,90.0,90.0,90.0,90.0,90.0,90.0,90.0,89.0,89.0,89.0,88.0,25.0,22.0,11.0,11.0,10.0
real,300,gulf,5,LSTM-rec,2,crossing,12,405,58,1.0646614586161947,57.0,57.0,56.0,55.0,54.0,51.0,51.0,50.0,50.0,49.0,48.0,48.0,47.0,47.0,46.0,46.0,45.0,45.0,44.0,44.0
real,300,gulf,5,LSTM-rec,2,crossing,13,422,58,0.22873266247712923,58.0,58.0,57.0,57.0,57.0,57.0,57.0,57.0,57.0,57.0,6.0,6.0,6.0,6.0,6.0,6.0,6.0,6.0,6.0,6.0
real,300,gulf,5,LSTM-rec,2,crossing,14,432,68,0.13242564449267255,65.0,64.0,63.0,62.0,62.0,62.0,61.0,61.0,61.0,60.0,60.0,60.0,60.0,60.0,60.0,59.0,59.0,59.0,59.0,59.0
real,300,gulf,5,LSTM-rec,2,crossing,15,472,9,1.1682349238589114,8.0,7.0,6.0,6.0,6.0,6.0,6.0,6.0,6.0,6.0,6.0,6.0,6.0,6.0,6.0,6.0,6.0,6.0,6.0,6.0
real,300,gulf,5,LSTM-ms,2,buffer,0,6,114,1.094679936641135,112.0,111.0,110.0,110.0,109.0,108.0,108.0,107.0,106.0,106.0,105.0,105.0,105.0,104.0,104.0,103.0,103.0,103.0,103.0,102.0
real,300,gulf,5,LSTM-ms,2,buffer,1,16,447,0.48735549084832647,444.0,443.0,443.0,442.0,441.0,441.0,440.0,440.0,439.0,437.0,436.0,436.0,435.0,435.0,435.0,434.0,434.0,434.0,433.0,433.0
real,300,gulf,5,LSTM-ms,2,buffer,2,88,36,0.11741186564372524,33.0,33.0,30.0,30.0,29.0,29.0,28.0,28.0,27.0,26.0,25.0,24.0,23.0,23.0,22.0,22.0,22.0,22.0,22.0,21.0
real,300,gulf,5,LSTM-ms,2,buffer,3,95,66,0.40044506825591253,63.0,62.0,62.0,61.0,61.0,60.0,60.0,59.0,59.0,59.0,58.0,58.0,58.0,54.0,52.0,52.0,51.0,51.0,50.0,50.0
real,300,gulf,5,LSTM-ms,2,buffer,4,124,291,0.39240510590507205,6.0,6.0,6.0,6.0,6.0,6.0,6.0,6.0,6.0,6.0,6.0,6.0,6.0,6.0,6.0,6.0,6.0,6.0,6.0,6.0
real,300,gulf,5,LSTM-ms,2,buffer,5,160,121,0.21257167418623718,119.0,119.0,119.0,118.0,118.0,118.0,118.0,117.0,117.0,117.0,117.0,117.0,117.0,117.0,117.0,117.0,117.0,117.0,116.0,116.0
real,300,gulf,5,LSTM-ms,2,buffer,6,216,329,0.8144412346716593,327.0,326.0,326.0,325.0,325.0,325.0,324.0,324.0,324.0,324.0,323.0,323.0,323.0,323.0,323.0,323.0,323.0,323.0,322.0,322.0
real,300,gulf,5,LSTM-ms,2,buffer,7,262,124,1.2076069677803487,122.0,121.0,120.0,120.0,119.0,118.0,118.0,117.0,117.0,116.0,116.0,115.0,115.0,114.0,114.0,113.0,113.0,113.0,112.0,112.0
real,300,gulf,5,LSTM-ms,2,buffer,8,297,50,0.3960101729498441,48.0,47.0,46.0,43.0,42.0,42.0,41.0,40.0,40.0,39.0,39.0,38.0,38.0,37.0,37.0,37.0,36.0,36.0,36.0,35.0
real,300,gulf,5,LSTM-ms,2,buffer,9,304,65,0.5824116837396189,34.0,33.0,32.0,32.0,31.0,29.0,29.0,29.0,28.0,28.0,27.0,27.0,27.0,27.0,26.0,9.0,9.0,8.0,8.0,8.0
real,300,gulf,5,LSTM-ms,2,buffer,10,333,77,0.6763378425324409,74.0,73.0,73.0,72.0,72.0,71.0,71.0,71.0,70.0,70.0,70.0,70.0,69.0,69.0,69.0,69.0,69.0,69.0,69.0,69.0
real,300,gulf,5,LSTM-ms,2,buffer,11,366,92,0.2620820630868814,90.0,90.0,90.0,90.0,90.0,90.0,90.0,90.0,90.0,90.0,90.0,90.0,90.0,90.0,90.0,90.0,90.0,90.0,90.0,90.0
real,300,gulf,5,LSTM-ms,2,buffer,12,405,58,1.0646614586161947,56.0,55.0,54.0,54.0,53.0,52.0,51.0,50.0,50.0,50.0,49.0,49.0,49.0,48.0,48.0,48.0,48.0,47.0,47.0,47.0
real,300,gulf,5,LSTM-ms,2,buffer,13,422,58,0.22873266247712923,6.0,6.0,6.0,6.0,6.0,6.0,6.0,6.0,6.0,6.0,6.0,6.0,6.0,6.0,6.0,6.0,6.0,6.0,6.0,6.0
real,300,gulf,5,LSTM-ms,2,buffer,14,432,68,0.13242564449267255,63.0,63.0,62.0,62.0,62.0,62.0,61.0,61.0,61.0,61.0,61.0,61.0,61.0,60.0,60.0,60.0,60.0,60.0,60.0,60.0
real,300,gulf,5,LSTM-ms,2,buffer,15,472,9,1.1682349238589114,7.0,6.0,6.0,6.0,6.0,6.0,6.0,6.0,6.0,6.0,6.0,6.0,6.0,6.0,6.0,6.0,6.0,6.0,6.0,6.0
real,300,gulf,5,LSTM-ms,2,crossing,0,6,114,1.094679936641135,113.0,113.0,112.0,111.0,111.0,110.0,110.0,109.0,108.0,108.0,107.0,106.0,106.0,106.0,105.0,105.0,104.0,104.0,104.0,104.0
real,300,gulf,5,LSTM-ms,2,crossing,1,16,447,0.48735549084832647,446.0,445.0,444.0,444.0,443.0,443.0,442.0,442.0,441.0,441.0,440.0,440.0,437.0,436.0,436.0,435.0,435.0,435.0,434.0,434.0
real,300,gulf,5,LSTM-ms,2,crossing,2,88,36,0.11741186564372524,35.0,35.0,34.0,34.0,34.0,30.0,30.0,30.0,29.0,29.0,28.0,28.0,27.0,26.0,26.0,26.0,23.0,23.0,23.0,22.0
real,300,gulf,5,LSTM-ms,2,crossing,3,95,66,0.40044506825591253,65.0,64.0,64.0,63.0,63.0,62.0,62.0,61.0,61.0,61.0,60.0,60.0,60.0,59.0,59.0,59.0,59.0,58.0,58.0,52.0
real,300,gulf,5,LSTM-ms,2,crossing,4,124,291,0.39240510590507205,291.0,291.0,291.0,291.0,291.0,291.0,291.0,291.0,291.0,291.0,291.0,291.0,291.0,291.0,291.0,291.0,291.0,291.0,291.0,291.0
real,300,gulf,5,LSTM-ms,2,crossing,5,160,121,0.21257167418623718,121.0,120.0,119.0,119.0,119.0,118.0,118.0,118.0,118.0,118.0,118.0,117.0,117.0,117.0,117.0,117.0,117.0,117.0,117.0,117.0
real,300,gulf,5,LSTM-ms,2,crossing,6,216,329,0.8144412346716593,329.0,328.0,327.0,327.0,326.0,326.0,325.0,325.0,325.0,325.0,325.0,324.0,324.0,324.0,324.0,324.0,324.0,324.0,323.0,323.0
real,300,gulf,5,LSTM-ms,2,crossing,7,262,124,1.2076069677803487,123.0,123.0,122.0,121.0,121.0,120.0,119.0,119.0,118.0,117.0,117.0,117.0,116.0,116.0,115.0,115.0,114.0,114.0,113.0,113.0
real,300,gulf,5,LSTM-ms,2,crossing,8,297,50,0.3960101729498441,50.0,49.0,49.0,49.0,48.0,48.0,43.0,42.0,42.0,41.0,41.0,40.0,40.0,39.0,39.0,38.0,38.0,37.0,37.0,37.0
real,300,gulf,5,LSTM-ms,2,crossing,9,304,65,0.5824116837396189,64.0,46.0,46.0,46.0,46.0,46.0,46.0,46.0,46.0,46.0,46.0,46.0,46.0,46.0,46.0,46.0,46.0,46.0,9.0,9.0
real,300,gulf,5,LSTM-ms,2,crossing,10,333,77,0.6763378425324409,76.0,76.0,75.0,75.0,74.0,74.0,73.0,73.0,72.0,72.0,72.0,71.0,71.0,71.0,71.0,70.0,70.0,70.0,70.0,70.0
real,300,gulf,5,LSTM-ms,2,crossing,11,366,92,0.2620820630868814,91.0,91.0,91.0,91.0,91.0,91.0,91.0,90.0,90.0,90.0,90.0,90.0,90.0,90.0,90.0,90.0,90.0,90.0,90.0,90.0
real,300,gulf,5,LSTM-ms,2,crossing,12,405,58,1.0646614586161947,58.0,57.0,56.0,56.0,55.0,54.0,54.0,53.0,52.0,51.0,50.0,50.0,50.0,50.0,49.0,49.0,49.0,48.0,48.0,48.0
real,300,gulf,5,LSTM-ms,2,crossing,13,422,58,0.22873266247712923,58.0,58.0,58.0,58.0,58.0,58.0,58.0,58.0,58.0,57.0,57.0,57.0,57.0,57.0,57.0,57.0,57.0,57.0,57.0,57.0
real,300,gulf,5,LSTM-ms,2,crossing,14,432,68,0.13242564449267255,65.0,64.0,63.0,63.0,63.0,62.0,62.0,62.0,62.0,62.0,61.0,61.0,61.0,61.0,61.0,61.0,61.0,61.0,61.0,61.0
real,300,gulf,5,LSTM-ms,2,crossing,15,472,9,1.1682349238589114,8.0,8.0,7.0,6.0,6.0,6.0,6.0,6.0,6.0,6.0,6.0,6.0,6.0,6.0,6.0,6.0,6.0,6.0,6.0,6.0
real,300,gulf,5,LSTM-rec,3,buffer,0,6,114,1.094679936641135,111.0,111.0,110.0,109.0,108.0,107.0,106.0,105.0,104.0,103.0,103.0,102.0,102.0,101.0,101.0,100.0,100.0,99.0,98.0,98.0
real,300,gulf,5,LSTM-rec,3,buffer,1,16,447,0.48735549084832647,444.0,443.0,442.0,441.0,440.0,439.0,438.0,437.0,436.0,435.0,434.0,433.0,433.0,432.0,432.0,431.0,431.0,430.0,430.0,429.0
real,300,gulf,5,LSTM-rec,3,buffer,2,88,36,0.11741186564372524,33.0,33.0,30.0,29.0,28.0,27.0,26.0,26.0,23.0,22.0,22.0,21.0,21.0,21.0,20.0,19.0,19.0,19.0,18.0,18.0
real,300,gulf,5,LSTM-rec,3,buffer,3,95,66,0.40044506825591253,63.0,62.0,61.0,60.0,59.0,58.0,57.0,56.0,55.0,52.0,51.0,50.0,50.0,49.0,48.0,47.0,47.0,46.0,45.0,45.0
real,300,gulf,5,LSTM-rec,3,buffer,4,124,291,0.39240510590507205,6.0,6.0,6.0,6.0,6.0,6.0,6.0,6.0,6.0,6.0,6.0,6.0,6.0,6.0,6.0,6.0,6.0,6.0,6.0,6.0
real,300,gulf,5,LSTM-rec,3,buffer,5,160,121,0.21257167418623718,119.0,119.0,118.0,117.0,117.0,117.0,117.0,117.0,116.0,116.0,116.0,115.0,115.0,113.0,113.0,112.0,112.0,111.0,110.0,110.0
real,300,gulf,5,LSTM-rec,3,buffer,6,216,329,0.8144412346716593,327.0,326.0,325.0,324.0,323.0,323.0,322.0,322.0,322.0,321.0,321.0,238.0,238.0,238.0,233.0,232.0,232.0,231.0,231.0,230.0
real,300,gulf,5,LSTM-rec,3,buffer,7,262,124,1.2076069677803487,122.0,121.0,120.0,119.0,118.0,117.0,116.0,115.0,115.0,114.0,113.0,112.0,112.0,111.0,110.0,110.0,110.0,109.0,109.0,108.0
real,300,gulf,5,LSTM-rec,3,buffer,8,297,50,0.3960101729498441,48.0,47.0,43.0,42.0,41.0,40.0,39.0,39.0,38.0,37.0,36.0,35.0,35.0,34.0,34.0,33.0,33.0,32.0,32.0,32.0
real,300,gulf,5,LSTM-rec,3,buffer,9,304,65,0.5824116837396189,34.0,32.0,30.0,28.0,27.0,26.0,25.0,24.0,23.0,9.0,8.0,8.0,7.0,7.0,6.0,6.0,6.0,6.0,6.0,6.0
real,300,gulf,5,LSTM-rec,3,buffer,10,333,77,0.6763378425324409,74.0,73.0,72.0,71.0,70.0,70.0,69.0,69.0,68.0,67.0,66.0,66.0,65.0,65.0,64.0,64.0,63.0,63.0,62.0,62.0
real,300,gulf,5,LSTM-rec,3,buffer,11,366,92,0.2620820630868814,90.0,90.0,90.0,90.0,89.0,89.0,89.0,88.0,26.0,23.0,12.0,11.0,10.0,9.0,9.0,8.0,8.0,7.0,7.0,7.0
real,300,gulf,5,LSTM-rec,3,buffer,12,405,58,1.0646614586161947,56.0,55.0,54.0,53.0,51.0,50.0,50.0,49.0,49.0,48.0,47.0,47.0,46.0,46.0,45.0,45.0,44.0,44.0,43.0,43.0
real,300,gulf,5,LSTM-rec,3,buffer,13,422,58,0.22873266247712923,6.0,6.0,6.0,6.0,6.0,6.0,6.0,6.0,6.0,6.0,6.0,6.0,6.0,6.0,6.0,6.0,6.0,6.0,6.0,6.0
real,300,gulf,5,LSTM-rec,3,buffer,14,432,68,0.13242564449267255,63.0,62.0,62.0,61.0,61.0,60.0,60.0,60.0,60.0,59.0,59.0,59.0,59.0,59.0,59.0,59.0,59.0,53.0,52.0,52.0
real,300,gulf,5,LSTM-rec,3,buffer,15,472,9,1.1682349238589114,7.0,6.0,6.0,6.0,6.0,6.0,6.0,6.0,6.0,6.0,6.0,6.0,6.0,6.0,6.0,6.0,6.0,6.0,6.0,6.0
real,300,gulf,5,LSTM-rec,3,crossing,0,6,114,1.094679936641135,113.0,112.0,111.0,110.0,110.0,109.0,108.0,107.0,106.0,105.0,104.0,103.0,103.0,102.0,102.0,102.0,101.0,101.0,100.0,99.0
real,300,gulf,5,LSTM-rec,3,crossing,1,16,447,0.48735549084832647,446.0,445.0,444.0,443.0,442.0,441.0,440.0,439.0,438.0,437.0,436.0,435.0,434.0,433.0,433.0,432.0,432.0,431.0,431.0,430.0
real,300,gulf,5,LSTM-rec,3,crossing,2,88,36,0.11741186564372524,35.0,34.0,34.0,33.0,30.0,29.0,29.0,28.0,27.0,26.0,26.0,22.0,22.0,21.0,21.0,21.0,20.0,20.0,19.0,19.0
real,300,gulf,5,LSTM-rec,3,crossing,3,95,66,0.40044506825591253,65.0,64.0,63.0,62.0,61.0,61.0,60.0,59.0,58.0,57.0,56.0,52.0,51.0,51.0,50.0,49.0,48.0,48.0,47.0,46.0
real,300,gulf,5,LSTM-rec,3,crossing,4,124,291,0.39240510590507205,19.0,6.0,6.0,6.0,6.0,6.0,6.0,6.0,6.0,6.0,6.0,6.0,6.0,6.0,6.0,6.0,6.0,6.0,6.0,6.0
real,300,gulf,5,LSTM-rec,3,crossing,5,160,121,0.21257167418623718,120.0,120.0,119.0,118.0,118.0,117.0,117.0,117.0,117.0,117.0,116.0,116.0,116.0,116.0,116.0,115.0,114.0,113.0,113.0,112.0
real,300,gulf,5,LSTM-rec,3,crossing,6,216,329,0.8144412346716593,328.0,328.0,327.0,326.0,325.0,324.0,323.0,323.0,322.0,322.0,322.0,322.0,321.0,321.0,238.0,238.0,237.0,233.0,232.0,232.0
real,300,gulf,5,LSTM-rec,3,crossing,7,262,124,1.2076069677803487,123.0,122.0,121.0,120.0,119.0,118.0,117.0,117.0,116.0,115.0,115.0,114.0,113.0,113.0,112.0,111.0,111.0,110.0,110.0,109.0
real,300,gulf,5,LSTM-rec,3,crossing,8,297,50,0.3960101729498441,49.0,48.0,48.0,48.0,43.0,42.0,41.0,40.0,39.0,39.0,38.0,38.0,36.0,36.0,35.0,34.0,34.0,33.0,33.0,32.0
real,300,gulf,5,LSTM-rec,3,crossing,9,304,65,0.5824116837396189,46.0,45.0,45.0,44.0,44.0,41.0,34.0,28.0,27.0,26.0,25.0,9.0,9.0,8.0,7.0,7.0,6.0,6.0,6.0,6.0
real,300,gulf,5,LSTM-rec,3,crossing,10,333,77,0.6763378425324409,76.0,75.0,75.0,74.0,73.0,72.0,71.0,70.0,70.0,69.0,69.0,68.0,68.0,67.0,66.0,66.0,65.0,65.0,64.0,64.0
real,300,gulf,5,LSTM-rec,3,crossing,11,366,92,0.2620820630868814,91.0,91.0,90.0,90.0,90.0,90.0,90.0,90.0,90.0,90.0,90.0,89.0,89.0,89.0,88.0,26.0,23.0,12.0,11.0,10.0
real,300,gulf,5,LSTM-rec,3,crossing,12,405,58,1.0646614586161947,57.0,57.0,56.0,55.0,54.0,52.0,51.0,50.0,50.0,49.0,49.0,48.0,47.0,47.0,46.0,46.0,45.0,45.0,44.0,44.0
real,300,gulf,5,LSTM-rec,3,crossing,13,422,58,0.22873266247712923,58.0,57.0,57.0,57.0,57.0,57.0,57.0,57.0,57.0,57.0,12.0,6.0,6.0,6.0,6.0,6.0,6.0,6.0,6.0,6.0
real,300,gulf,5,LSTM-rec,3,crossing,14,432,68,0.13242564449267255,65.0,64.0,63.0,62.0,62.0,61.0,61.0,61.0,60.0,60.0,60.0,60.0,60.0,59.0,59.0,59.0,59.0,59.0,59.0,59.0
real,300,gulf,5,LSTM-rec,3,crossing,15,472,9,1.1682349238589114,8.0,7.0,6.0,6.0,6.0,6.0,6.0,6.0,6.0,6.0,6.0,6.0,6.0,6.0,6.0,6.0,6.0,6.0,6.0,6.0
real,300,gulf,5,LSTM-ms,3,buffer,0,6,114,1.094679936641135,111.0,110.0,109.0,108.0,107.0,106.0,105.0,104.0,104.0,103.0,103.0,102.0,102.0,101.0,100.0,100.0,99.0,99.0,98.0,98.0
real,300,gulf,5,LSTM-ms,3,buffer,1,16,447,0.48735549084832647,444.0,442.0,441.0,440.0,440.0,439.0,436.0,435.0,434.0,434.0,433.0,433.0,432.0,431.0,431.0,430.0,430.0,429.0,428.0,428.0
real,300,gulf,5,LSTM-ms,3,buffer,2,88,36,0.11741186564372524,33.0,30.0,29.0,28.0,26.0,25.0,23.0,22.0,21.0,21.0,20.0,20.0,19.0,19.0,18.0,17.0,17.0,16.0,16.0,15.0
real,300,gulf,5,LSTM-ms,3,buffer,3,95,66,0.40044506825591253,62.0,61.0,60.0,59.0,58.0,57.0,56.0,54.0,52.0,51.0,50.0,49.0,49.0,48.0,47.0,46.0,46.0,45.0,44.0,44.0
real,300,gulf,5,LSTM-ms,3,buffer,4,124,291,0.39240510590507205,6.0,6.0,6.0,6.0,6.0,6.0,6.0,6.0,6.0,6.0,6.0,6.0,6.0,6.0,6.0,6.0,6.0,6.0,6.0,6.0
real,300,gulf,5,LSTM-ms,3,buffer,5,160,121,0.21257167418623718,119.0,118.0,118.0,117.0,117.0,117.0,116.0,115.0,114.0,113.0,113.0,112.0,112.0,111.0,110.0,109.0,106.0,105.0,105.0,104.0
real,300,gulf,5,LSTM-ms,3,buffer,6,216,329,0.8144412346716593,327.0,325.0,325.0,324.0,323.0,323.0,322.0,322.0,322.0,322.0,322.0,238.0,238.0,234.0,233.0,232.0,232.0,231.0,230.0,229.0
real,300,gulf,5,LSTM-ms,3,buffer,7,262,124,1.2076069677803487,121.0,120.0,119.0,118.0,117.0,116.0,116.0,115.0,114.0,113.0,112.0,112.0,111.0,111.0,111.0,110.0,109.0,108.0,108.0,108.0
real,300,gulf,5,LSTM-ms,3,buffer,8,297,50,0.3960101729498441,47.0,45.0,42.0,41.0,40.0,39.0,38.0,37.0,36.0,36.0,35.0,34.0,34.0,33.0,33.0,32.0,32.0,32.0,32.0,32.0
real,300,gulf,5,LSTM-ms,3,buffer,9,304,65,0.5824116837396189,32.0,30.0,28.0,27.0,26.0,25.0,23.0,23.0,9.0,9.0,8.0,8.0,7.0,6.0,6.0,6.0,6.0,6.0,6.0,6.0
real,300,gulf,5,LSTM-ms,3,buffer,10,333,77,0.6763378425324409,73.0,72.0,71.0,70.0,69.0,68.0,68.0,67.0,66.0,66.0,65.0,64.0,64.0,64.0,64.0,63.0,63.0,63.0,62.0,62.0
real,300,gulf,5,LSTM-ms,3,buffer,11,366,92,0.2620820630868814,90.0,89.0,89.0,26.0,21.0,11.0,10.0,9.0,8.0,8.0,8.0,8.0,8.0,8.0,8.0,8.0,7.0,7.0,7.0,6.0
real,300,gulf,5,LSTM-ms,3,buffer,12,405,58,1.0646614586161947,55.0,54.0,53.0,51.0,50.0,50.0,49.0,48.0,48.0,47.0,46.0,46.0,45.0,44.0,44.0,44.0,43.0,43.0,43.0,42.0
real,300,gulf,5,LSTM-ms,3,buffer,13,422,58,0.22873266247712923,6.0,6.0,6.0,6.0,6.0,6.0,6.0,6.0,6.0,6.0,6.0,6.0,6.0,6.0,6.0,6.0,6.0,6.0,6.0,6.0
real,300,gulf,5,LSTM-ms,3,buffer,14,432,68,0.13242564449267255,63.0,62.0,61.0,61.0,60.0,60.0,60.0,59.0,59.0,59.0,54.0,53.0,53.0,52.0,52.0,52.0,51.0,51.0,51.0,45.0
real,300,gulf,5,LSTM-ms,3,buffer,15,472,9,1.1682349238589114,6.0,6.0,6.0,6.0,6.0,6.0,6.0,6.0,6.0,6.0,6.0,6.0,6.0,6.0,6.0,6.0,6.0,6.0,6.0,6.0
real,300,gulf,5,LSTM-ms,3,crossing,0,6,114,1.094679936641135,113.0,112.0,111.0,110.0,109.0,108.0,107.0,106.0,105.0,105.0,104.0,103.0,103.0,103.0,102.0,102.0,101.0,100.0,99.0,99.0
real,300,gulf,5,LSTM-ms,3,crossing,1,16,447,0.48735549084832647,445.0,444.0,443.0,442.0,441.0,440.0,440.0,439.0,436.0,435.0,434.0,434.0,433.0,433.0,432.0,431.0,431.0,430.0,430.0,429.0
real,300,gulf,5,LSTM-ms,3,crossing,2,88,36,0.11741186564372524,35.0,34.0,33.0,30.0,29.0,28.0,26.0,25.0,23.0,22.0,21.0,21.0,20.0,20.0,19.0,19.0,18.0,18.0,17.0,17.0
real,300,gulf,5,LSTM-ms,3,crossing,3,95,66,0.40044506825591253,64.0,63.0,62.0,61.0,60.0,59.0,59.0,58.0,57.0,56.0,52.0,51.0,51.0,50.0,49.0,48.0,47.0,47.0,46.0,45.0
real,300,gulf,5,LSTM-ms,3,crossing,4,124,291,0.39240510590507205,6.0,6.0,6.0,6.0,6.0,6.0,6.0,6.0,6.0,6.0,6.0,6.0,6.0,6.0,6.0,6.0,6.0,6.0,6.0,6.0
real,300,gulf,5,LSTM-ms,3,crossing,5,160,121,0.21257167418623718,120.0,119.0,119.0,118.0,118.0,117.0,117.0,117.0,116.0,116.0,115.0,115.0,114.0,113.0,113.0,112.0,112.0,111.0,110.0,106.0
real,300,gulf,5,LSTM-ms,3,crossing,6,216,329,0.8144412346716593,328.0,327.0,326.0,325.0,324.0,324.0,323.0,323.0,323.0,322.0,322.0,322.0,322.0,322.0,238.0,238.0,233.0,233.0,232.0,231.0
real,300,gulf,5,LSTM-ms,3,crossing,7,262,124,1.2076069677803487,123.0,122.0,121.0,120.0,119.0,118.0,117.0,116.0,116.0,115.0,114.0,113.0,112.0,112.0,111.0,111.0,111.0,110.0,110.0,108.0
real,300,gulf,5,LSTM-ms,3,crossing,8,297,50,0.3960101729498441,49.0,48.0,48.0,47.0,42.0,41.0,40.0,40.0,38.0,37.0,36.0,36.0,35.0,34.0,34.0,33.0,33.0,32.0,32.0,32.0
real,300,gulf,5,LSTM-ms,3,crossing,9,304,65,0.5824116837396189,45.0,43.0,37.0,34.0,31.0,29.0,27.0,27.0,26.0,25.0,9.0,9.0,8.0,8.0,7.0,7.0,6.0,6.0,6.0,6.0
real,300,gulf,5,LSTM-ms,3,crossing,10,333,77,0.6763378425324409,76.0,75.0,74.0,72.0,71.0,70.0,70.0,69.0,69.0,68.0,67.0,67.0,66.0,66.0,65.0,65.0,64.0,64.0,64.0,63.0
real,300,gulf,5,LSTM-ms,3,crossing,11,366,92,0.2620820630868814,91.0,91.0,90.0,90.0,90.0,90.0,90.0,89.0,89.0,89.0,89.0,88.0,25.0,24.0,22.0,12.0,11.0,11.0,10.0,10.0
real,300,gulf,5,LSTM-ms,3,crossing,12,405,58,1.0646614586161947,57.0,56.0,55.0,54.0,52.0,51.0,50.0,50.0,49.0,48.0,48.0,47.0,47.0,46.0,45.0,45.0,44.0,44.0,43.0,43.0
real,300,gulf,5,LSTM-ms,3,crossing,13,422,58,0.22873266247712923,58.0,57.0,57.0,57.0,57.0,6.0,6.0,6.0,6.0,6.0,6.0,6.0,6.0,6.0,6.0,6.0,6.0,6.0,6.0,6.0
real,300,gulf,5,LSTM-ms,3,crossing,14,432,68,0.13242564449267255,64.0,63.0,62.0,62.0,61.0,61.0,60.0,60.0,60.0,60.0,59.0,59.0,59.0,59.0,54.0,53.0,52.0,52.0,52.0,51.0
real,300,gulf,5,LSTM-ms,3,crossing,15,472,9,1.1682349238589114,8.0,7.0,6.0,6.0,6.0,6.0,6.0,6.0,6.0,6.0,6.0,6.0,6.0,6.0,6.0,6.0,6.0,6.0,6.0,6.0
real,300,gulf,5,LSTM-rec,4,buffer,0,6,114,1.094679936641135,111.0,110.0,108.0,107.0,105.0,103.0,102.0,101.0,99.0,97.0,96.0,94.0,92.0,89.0,87.0,84.0,82.0,79.0,77.0,74.0
real,300,gulf,5,LSTM-rec,4,buffer,1,16,447,0.48735549084832647,444.0,442.0,441.0,439.0,437.0,435.0,434.0,432.0,431.0,429.0,428.0,426.0,424.0,422.0,420.0,418.0,417.0,415.0,413.0,411.0
real,300,gulf,5,LSTM-rec,4,buffer,2,88,36,0.11741186564372524,33.0,30.0,29.0,27.0,25.0,22.0,21.0,19.0,18.0,16.0,14.0,13.0,10.0,7.0,6.0,6.0,6.0,6.0,6.0,6.0
real,300,gulf,5,LSTM-rec,4,buffer,3,95,66,0.40044506825591253,62.0,61.0,59.0,58.0,55.0,52.0,50.0,48.0,46.0,45.0,43.0,41.0,39.0,37.0,36.0,34.0,31.0,28.0,26.0,24.0
real,300,gulf,5,LSTM-rec,4,buffer,4,124,291,0.39240510590507205,6.0,6.0,6.0,6.0,6.0,6.0,6.0,6.0,6.0,6.0,6.0,6.0,6.0,6.0,6.0,6.0,6.0,6.0,6.0,6.0
real,300,gulf,5,LSTM-rec,4,buffer,5,160,121,0.21257167418623718,119.0,118.0,117.0,117.0,116.0,115.0,112.0,110.0,105.0,103.0,100.0,96.0,93.0,82.0,81.0,81.0,80.0,75.0,73.0,70.0
real,300,gulf,5,LSTM-rec,4,buffer,6,216,329,0.8144412346716593,327.0,325.0,324.0,323.0,322.0,321.0,238.0,235.0,232.0,230.0,228.0,226.0,224.0,222.0,220.0,219.0,217.0,215.0,213.0,211.0
real,300,gulf,5,LSTM-rec,4,buffer,7,262,124,1.2076069677803487,121.0,120.0,119.0,117.0,116.0,114.0,113.0,111.0,110.0,108.0,106.0,105.0,103.0,102.0,100.0,96.0,95.0,94.0,90.0,88.0
real,300,gulf,5,LSTM-rec,4,buffer,8,297,50,0.3960101729498441,47.0,43.0,42.0,40.0,39.0,37.0,35.0,33.0,32.0,31.0,25.0,23.0,21.0,18.0,16.0,14.0,12.0,11.0,11.0,9.0
real,300,gulf,5,LSTM-rec,4,buffer,9,304,65,0.5824116837396189,32.0,29.0,27.0,24.0,22.0,19.0,8.0,7.0,6.0,6.0,6.0,6.0,6.0,6.0,6.0,6.0,6.0,6.0,6.0,6.0
real,300,gulf,5,LSTM-rec,4,buffer,10,333,77,0.6763378425324409,73.0,72.0,70.0,69.0,67.0,65.0,63.0,61.0,50.0,45.0,42.0,37.0,33.0,29.0,25.0,21.0,17.0,14.0,10.0,6.0
real,300,gulf,5,LSTM-rec,4,buffer,11,366,92,0.2620820630868814,90.0,89.0,22.0,7.0,6.0,6.0,6.0,6.0,6.0,6.0,6.0,6.0,6.0,6.0,6.0,6.0,6.0,6.0,6.0,6.0
real,300,gulf,5,LSTM-rec,4,buffer,12,405,58,1.0646614586161947,56.0,54.0,52.0,50.0,49.0,48.0,47.0,45.0,44.0,42.0,40.0,38.0,36.0,34.0,31.0,29.0,27.0,24.0,22.0,20.0
real,300,gulf,5,LSTM-rec,4,buffer,13,422,58,0.22873266247712923,6.0,6.0,6.0,6.0,6.0,6.0,6.0,6.0,6.0,6.0,6.0,6.0,6.0,6.0,6.0,6.0,6.0,6.0,6.0,6.0
real,300,gulf,5,LSTM-rec,4,buffer,14,432,68,0.13242564449267255,63.0,62.0,61.0,60.0,59.0,59.0,58.0,51.0,50.0,43.0,33.0,27.0,22.0,18.0,14.0,7.0,6.0,6.0,6.0,6.0
real,300,gulf,5,LSTM-rec,4,buffer,15,472,9,1.1682349238589114,6.0,6.0,6.0,6.0,6.0,6.0,6.0,6.0,6.0,6.0,6.0,6.0,6.0,6.0,6.0,6.0,6.0,6.0,6.0,6.0
real,300,gulf,5,LSTM-rec,4,crossing,0,6,114,1.094679936641135,113.0,112.0,110.0,109.0,107.0,105.0,103.0,102.0,101.0,99.0,97.0,96.0,94.0,92.0,88.0,86.0,84.0,81.0,79.0,76.0
real,300,gulf,5,LSTM-rec,4,crossing,1,16,447,0.48735549084832647,445.0,444.0,443.0,441.0,440.0,437.0,435.0,433.0,432.0,431.0,429.0,427.0,425.0,423.0,421.0,420.0,418.0,416.0,414.0,413.0
real,300,gulf,5,LSTM-rec,4,crossing,2,88,36,0.11741186564372524,35.0,34.0,30.0,29.0,27.0,26.0,22.0,21.0,19.0,18.0,16.0,14.0,13.0,9.0,6.0,6.0,6.0,6.0,6.0,6.0
real,300,gulf,5,LSTM-rec,4,crossing,3,95,66,0.40044506825591253,64.0,63.0,62.0,60.0,58.0,56.0,52.0,50.0,48.0,46.0,44.0,42.0,41.0,39.0,37.0,36.0,33.0,30.0,28.0,26.0
real,300,gulf,5,LSTM-rec,4,crossing,4,124,291,0.39240510590507205,6.0,6.0,6.0,6.0,6.0,6.0,6.0,6.0,6.0,6.0,6.0,6.0,6.0,6.0,6.0,6.0,6.0,6.0,6.0,6.0
real,300,gulf,5,LSTM-rec,4,crossing,5,160,121,0.21257167418623718,120.0,119.0,118.0,117.0,117.0,116.0,115.0,112.0,110.0,105.0,103.0,99.0,96.0,93.0,82.0,81.0,80.0,76.0,75.0,73.0
real,300,gulf,5,LSTM-rec,4,crossing,6,216,329,0.8144412346716593,328.0,327.0,326.0,324.0,323.0,322.0,321.0,238.0,233.0,232.0,229.0,228.0,226.0,224.0,222.0,220.0,218.0,216.0,214.0,213.0
real,300,gulf,5,LSTM-rec,4,crossing,7,262,124,1.2076069677803487,123.0,122.0,120.0,119.0,117.0,116.0,114.0,112.0,111.0,109.0,108.0,106.0,105.0,103.0,101.0,100.0,96.0,94.0,92.0,89.0
real,300,gulf,5,LSTM-rec,4,crossing,8,297,50,0.3960101729498441,49.0,48.0,47.0,42.0,40.0,39.0,37.0,35.0,33.0,32.0,31.0,25.0,23.0,20.0,18.0,15.0,14.0,12.0,11.0,11.0
real,300,gulf,5,LSTM-rec,4,crossing,9,304,65,0.5824116837396189,45.0,42.0,34.0,28.0,26.0,23.0,19.0,8.0,6.0,6.0,6.0,6.0,6.0,6.0,6.0,6.0,6.0,6.0,6.0,6.0
real,300,gulf,5,LSTM-rec,4,crossing,10,333,77,0.6763378425324409,76.0,75.0,73.0,71.0,69.0,68.0,65.0,63.0,61.0,50.0,45.0,42.0,37.0,32.0,29.0,24.0,20.0,17.0,13.0,9.0
real,300,gulf,5,LSTM-rec,4,crossing,11,366,92,0.2620820630868814,91.0,90.0,90.0,89.0,23.0,7.0,6.0,6.0,6.0,6.0,6.0,6.0,6.0,6.0,6.0,6.0,6.0,6.0,6.0,6.0
real,300,gulf,5,LSTM-rec,4,crossing,12,405,58,1.0646614586161947,57.0,56.0,55.0,53.0,50.0,49.0,48.0,46.0,45.0,43.0,42.0,39.0,38.0,36.0,33.0,30.0,28.0,26.0,24.0,22.0
real,300,gulf,5,LSTM-rec,4,crossing,13,422,58,0.22873266247712923,58.0,57.0,57.0,6.0,6.0,6.0,6.0,6.0,6.0,6.0,6.0,6.0,6.0,6.0,6.0,6.0,6.0,6.0,6.0,6.0
real,300,gulf,5,LSTM-rec,4,crossing,14,432,68,0.13242564449267255,64.0,63.0,62.0,61.0,60.0,60.0,59.0,59.0,52.0,50.0,43.0,33.0,26.0,22.0,18.0,13.0,7.0,6.0,6.0,6.0
real,300,gulf,5,LSTM-rec,4,crossing,15,472,9,1.1682349238589114,8.0,7.0,6.0,6.0,6.0,6.0,6.0,6.0,6.0,6.0,6.0,6.0,6.0,6.0,6.0,6.0,6.0,6.0,6.0,6.0
real,300,gulf,5,LSTM-ms,4,buffer,0,6,114,1.094679936641135,112.0,111.0,110.0,109.0,108.0,108.0,107.0,106.0,106.0,105.0,105.0,104.0,104.0,103.0,103.0,102.0,102.0,101.0,101.0,101.0
real,300,gulf,5,LSTM-ms,4,buffer,1,16,447,0.48735549084832647,444.0,443.0,442.0,442.0,441.0,440.0,439.0,438.0,437.0,437.0,436.0,435.0,434.0,434.0,434.0,433.0,433.0,432.0,432.0,431.0
real,300,gulf,5,LSTM-ms,4,buffer,2,88,36,0.11741186564372524,33.0,33.0,30.0,29.0,29.0,28.0,28.0,27.0,26.0,25.0,24.0,23.0,23.0,22.0,22.0,22.0,21.0,21.0,21.0,21.0
real,300,gulf,5,LSTM-ms,4,buffer,3,95,66,0.40044506825591253,63.0,62.0,61.0,61.0,60.0,60.0,59.0,58.0,57.0,56.0,55.0,53.0,52.0,51.0,51.0,50.0,49.0,49.0,48.0,48.0
real,300,gulf,5,LSTM-ms,4,buffer,4,124,291,0.39240510590507205,6.0,6.0,6.0,6.0,6.0,6.0,6.0,6.0,6.0,6.0,6.0,6.0,6.0,6.0,6.0,6.0,6.0,6.0,6.0,6.0
real,300,gulf,5,LSTM-ms,4,buffer,5,160,121,0.21257167418623718,119.0,119.0,118.0,118.0,118.0,118.0,117.0,117.0,117.0,117.0,117.0,116.0,116.0,116.0,116.0,116.0,116.0,115.0,115.0,114.0
real,300,gulf,5,LSTM-ms,4,buffer,6,216,329,0.8144412346716593,327.0,326.0,326.0,325.0,325.0,324.0,324.0,323.0,323.0,323.0,322.0,322.0,322.0,322.0,322.0,322.0,238.0,238.0,233.0,233.0
real,300,gulf,5,LSTM-ms,4,buffer,7,262,124,1.2076069677803487,122.0,121.0,120.0,119.0,118.0,118.0,117.0,116.0,116.0,115.0,115.0,114.0,114.0,113.0,113.0,112.0,112.0,111.0,110.0,110.0
real,300,gulf,5,LSTM-ms,4,buffer,8,297,50,0.3960101729498441,48.0,47.0,43.0,43.0,42.0,41.0,40.0,40.0,39.0,39.0,38.0,38.0,37.0,36.0,36.0,35.0,35.0,34.0,34.0,34.0
real,300,gulf,5,LSTM-ms,4,buffer,9,304,65,0.5824116837396189,34.0,32.0,31.0,29.0,29.0,28.0,27.0,27.0,26.0,26.0,25.0,24.0,9.0,9.0,8.0,8.0,7.0,7.0,6.0,6.0
real,300,gulf,5,LSTM-ms,4,buffer,10,333,77,0.6763378425324409,74.0,73.0,72.0,72.0,71.0,71.0,70.0,70.0,70.0,69.0,69.0,68.0,68.0,68.0,67.0,67.0,67.0,66.0,66.0,66.0
real,300,gulf,5,LSTM-ms,4,buffer,11,366,92,0.2620820630868814,90.0,90.0,90.0,90.0,90.0,90.0,90.0,90.0,90.0,90.0,90.0,90.0,90.0,89.0,89.0,89.0,89.0,89.0,89.0,89.0
real,300,gulf,5,LSTM-ms,4,buffer,12,405,58,1.0646614586161947,56.0,55.0,54.0,53.0,52.0,51.0,51.0,50.0,50.0,49.0,49.0,48.0,48.0,47.0,47.0,47.0,46.0,46.0,46.0,45.0
real,300,gulf,5,LSTM-ms,4,buffer,13,422,58,0.22873266247712923,6.0,6.0,6.0,6.0,6.0,6.0,6.0,6.0,6.0,6.0,6.0,6.0,6.0,6.0,6.0,6.0,6.0,6.0,6.0,6.0
real,300,gulf,5,LSTM-ms,4,buffer,14,432,68,0.13242564449267255,63.0,63.0,62.0,62.0,62.0,61.0,61.0,61.0,61.0,61.0,60.0,60.0,60.0,60.0,60.0,60.0,60.0,60.0,60.0,60.0
real,300,gulf,5,LSTM-ms,4,buffer,15,472,9,1.1682349238589114,7.0,6.0,6.0,6.0,6.0,6.0,6.0,6.0,6.0,6.0,6.0,6.0,6.0,6.0,6.0,6.0,6.0,6.0,6.0,6.0
real,300,gulf,5,LSTM-ms,4,crossing,0,6,114,1.094679936641135,113.0,113.0,112.0,111.0,110.0,110.0,109.0,108.0,107.0,107.0,106.0,105.0,105.0,104.0,104.0,104.0,103.0,103.0,102.0,102.0
real,300,gulf,5,LSTM-ms,4,crossing,1,16,447,0.48735549084832647,446.0,445.0,444.0,443.0,443.0,442.0,442.0,441.0,440.0,438.0,438.0,437.0,436.0,436.0,435.0,434.0,434.0,433.0,433.0,432.0
real,300,gulf,5,LSTM-ms,4,crossing,2,88,36,0.11741186564372524,35.0,35.0,34.0,34.0,33.0,30.0,29.0,29.0,28.0,28.0,27.0,26.0,26.0,25.0,23.0,23.0,22.0,22.0,22.0,22.0
real,300,gulf,5,LSTM-ms,4,crossing,3,95,66,0.40044506825591253,65.0,64.0,63.0,63.0,62.0,62.0,61.0,61.0,60.0,60.0,59.0,58.0,57.0,55.0,53.0,52.0,51.0,51.0,50.0,49.0
real,300,gulf,5,LSTM-ms,4,crossing,4,124,291,0.39240510590507205,290.0,19.0,19.0,19.0,19.0,19.0,6.0,6.0,6.0,6.0,6.0,6.0,6.0,6.0,6.0,6.0,6.0,6.0,6.0,6.0
real,300,gulf,5,LSTM-ms,4,crossing,5,160,121,0.21257167418623718,121.0,120.0,119.0,119.0,119.0,118.0,118.0,118.0,118.0,117.0,117.0,117.0,117.0,117.0,117.0,117.0,117.0,116.0,116.0,116.0
real,300,gulf,5,LSTM-ms,4,crossing,6,216,329,0.8144412346716593,329.0,328.0,327.0,327.0,326.0,325.0,325.0,325.0,325.0,324.0,324.0,323.0,323.0,323.0,323.0,322.0,322.0,322.0,322.0,322.0
real,300,gulf,5,LSTM-ms,4,crossing,7,262,124,1.2076069677803487,123.0,122.0,122.0,121.0,120.0,119.0,119.0,118.0,117.0,117.0,116.0,116.0,115.0,115.0,114.0,114.0,113.0,113.0,112.0,112.0
real,300,gulf,5,LSTM-ms,4,crossing,8,297,50,0.3960101729498441,49.0,49.0,48.0,48.0,48.0,43.0,42.0,42.0,41.0,40.0,40.0,39.0,39.0,38.0,38.0,37.0,36.0,36.0,35.0,35.0
real,300,gulf,5,LSTM-ms,4,crossing,9,304,65,0.5824116837396189,46.0,46.0,45.0,45.0,45.0,45.0,44.0,44.0,43.0,30.0,29.0,28.0,28.0,27.0,9.0,9.0,8.0,8.0,7.0,7.0
real,300,gulf,5,LSTM-ms,4,crossing,10,333,77,0.6763378425324409,76.0,76.0,75.0,74.0,74.0,73.0,72.0,72.0,71.0,71.0,71.0,70.0,70.0,70.0,69.0,69.0,69.0,69.0,68.0,68.0
real,300,gulf,5,LSTM-ms,4,crossing,11,366,92,0.2620820630868814,91.0,91.0,91.0,91.0,91.0,90.0,90.0,90.0,90.0,90.0,90.0,90.0,90.0,90.0,90.0,90.0,90.0,90.0,90.0,90.0
real,300,gulf,5,LSTM-ms,4,crossing,12,405,58,1.0646614586161947,57.0,57.0,56.0,55.0,55.0,54.0,52.0,51.0,51.0,50.0,50.0,50.0,49.0,49.0,48.0,48.0,48.0,47.0,47.0,46.0
real,300,gulf,5,LSTM-ms,4,crossing,13,422,58,0.22873266247712923,58.0,58.0,58.0,58.0,58.0,57.0,57.0,57.0,57.0,57.0,57.0,57.0,57.0,57.0,57.0,57.0,57.0,57.0,57.0,57.0
real,300,gulf,5,LSTM-ms,4,crossing,14,432,68,0.13242564449267255,65.0,64.0,63.0,63.0,63.0,62.0,62.0,62.0,62.0,61.0,61.0,61.0,61.0,61.0,61.0,60.0,60.0,60.0,60.0,60.0
real,300,gulf,5,LSTM-ms,4,crossing,15,472,9,1.1682349238589114,8.0,7.0,7.0,6.0,6.0,6.0,6.0,6.0,6.0,6.0,6.0,6.0,6.0,6.0,6.0,6.0,6.0,6.0,6.0,6.0
real,300,gulf,6,Reactive,0,zone,0,8,112,0.5632914606780262,108.0,108.0,108.0,108.0,108.0,108.0,108.0,108.0,108.0,108.0,108.0,108.0,108.0,108.0,108.0,108.0,108.0,108.0,108.0,108.0
real,300,gulf,6,Reactive,0,zone,1,67,60,0.27548812856731114,55.0,55.0,55.0,55.0,55.0,55.0,55.0,55.0,55.0,55.0,55.0,55.0,55.0,55.0,55.0,55.0,55.0,55.0,55.0,55.0
real,300,gulf,6,Reactive,0,zone,2,118,328,0.2282841692712967,180.0,180.0,180.0,180.0,180.0,180.0,180.0,180.0,180.0,180.0,180.0,180.0,180.0,180.0,180.0,180.0,180.0,180.0,180.0,180.0
real,300,gulf,6,Reactive,0,zone,3,135,106,0.18971089752632656,101.0,101.0,101.0,101.0,101.0,101.0,101.0,101.0,101.0,101.0,101.0,101.0,101.0,101.0,101.0,101.0,101.0,101.0,101.0,101.0
real,300,gulf,6,Reactive,0,zone,4,145,128,0.22139523179946582,124.0,124.0,124.0,124.0,124.0,124.0,124.0,124.0,124.0,124.0,124.0,124.0,124.0,124.0,124.0,124.0,124.0,124.0,124.0,124.0
real,300,gulf,6,Reactive,0,zone,5,310,185,0.2420679603084737,181.0,181.0,181.0,181.0,181.0,181.0,181.0,181.0,181.0,181.0,181.0,181.0,181.0,181.0,181.0,181.0,181.0,181.0,181.0,181.0
real,300,gulf,6,Reactive,0,zone,6,344,30,1.3816431617176173,27.0,27.0,27.0,27.0,27.0,27.0,27.0,27.0,27.0,27.0,27.0,27.0,27.0,27.0,27.0,27.0,27.0,27.0,27.0,27.0
real,300,gulf,6,Reactive,0,zone,7,393,242,0.2825890507086811,236.0,236.0,236.0,236.0,236.0,236.0,236.0,236.0,236.0,236.0,236.0,236.0,236.0,236.0,236.0,236.0,236.0,236.0,236.0,236.0
real,300,gulf,6,Reactive,0,zone,8,438,62,0.8456863371826169,59.0,59.0,59.0,59.0,59.0,59.0,59.0,59.0,59.0,59.0,59.0,59.0,59.0,59.0,59.0,59.0,59.0,59.0,59.0,59.0
real,300,gulf,6,Reactive,0,zone,9,452,156,0.26061699528176385,151.0,151.0,151.0,151.0,151.0,151.0,151.0,151.0,151.0,151.0,151.0,151.0,151.0,151.0,151.0,151.0,151.0,151.0,151.0,151.0
real,300,gulf,6,Reactive,0,zone,10,481,94,0.19684602585166963,88.0,88.0,88.0,88.0,88.0,88.0,88.0,88.0,88.0,88.0,88.0,88.0,88.0,88.0,88.0,88.0,88.0,88.0,88.0,88.0
real,300,gulf,6,Analytic,0,buffer,0,8,112,0.5632914606780262,107.0,106.0,105.0,104.0,103.0,102.0,101.0,100.0,99.0,98.0,97.0,96.0,95.0,94.0,93.0,92.0,91.0,90.0,89.0,88.0
real,300,gulf,6,Analytic,0,buffer,1,67,60,0.27548812856731114,54.0,53.0,52.0,51.0,50.0,49.0,48.0,47.0,46.0,45.0,20.0,19.0,19.0,18.0,17.0,16.0,15.0,14.0,14.0,13.0
real,300,gulf,6,Analytic,0,buffer,2,118,328,0.2282841692712967,178.0,177.0,176.0,176.0,175.0,174.0,173.0,172.0,171.0,170.0,169.0,168.0,167.0,166.0,165.0,164.0,163.0,162.0,161.0,160.0
real,300,gulf,6,Analytic,0,buffer,3,135,106,0.18971089752632656,100.0,99.0,98.0,97.0,96.0,95.0,94.0,93.0,92.0,91.0,90.0,89.0,89.0,88.0,88.0,87.0,87.0,87.0,87.0,86.0
real,300,gulf,6,Analytic,0,buffer,4,145,128,0.22139523179946582,123.0,122.0,122.0,121.0,121.0,120.0,119.0,119.0,116.0,116.0,115.0,115.0,114.0,114.0,114.0,114.0,114.0,114.0,113.0,113.0
real,300,gulf,6,Analytic,0,buffer,5,310,185,0.2420679603084737,180.0,179.0,178.0,177.0,176.0,175.0,174.0,173.0,171.0,171.0,170.0,169.0,168.0,167.0,165.0,164.0,163.0,163.0,162.0,161.0
real,300,gulf,6,Analytic,0,buffer,6,344,30,1.3816431617176173,26.0,25.0,24.0,23.0,22.0,21.0,20.0,19.0,18.0,17.0,16.0,15.0,14.0,13.0,12.0,11.0,10.0,9.0,8.0,7.0
real,300,gulf,6,Analytic,0,buffer,7,393,242,0.2825890507086811,236.0,87.0,85.0,84.0,83.0,82.0,82.0,82.0,81.0,81.0,81.0,80.0,80.0,80.0,80.0,76.0,75.0,74.0,73.0,72.0
real,300,gulf,6,Analytic,0,buffer,8,438,62,0.8456863371826169,58.0,57.0,56.0,56.0,55.0,54.0,53.0,52.0,51.0,50.0,49.0,48.0,48.0,47.0,46.0,45.0,45.0,44.0,43.0,42.0
real,300,gulf,6,Analytic,0,buffer,9,452,156,0.26061699528176385,150.0,149.0,148.0,113.0,112.0,111.0,110.0,110.0,108.0,107.0,107.0,105.0,104.0,103.0,102.0,101.0,100.0,99.0,98.0,98.0
real,300,gulf,6,Analytic,0,buffer,10,481,94,0.19684602585166963,87.0,87.0,86.0,86.0,86.0,86.0,86.0,86.0,86.0,85.0,85.0,85.0,85.0,85.0,85.0,85.0,85.0,85.0,85.0,85.0
real,300,gulf,6,Analytic,0,crossing,0,8,112,0.5632914606780262,111.0,110.0,109.0,108.0,107.0,106.0,105.0,104.0,103.0,102.0,101.0,100.0,99.0,98.0,97.0,96.0,95.0,94.0,93.0,92.0
real,300,gulf,6,Analytic,0,crossing,1,67,60,0.27548812856731114,59.0,58.0,57.0,56.0,54.0,53.0,52.0,51.0,50.0,49.0,48.0,47.0,46.0,20.0,19.0,18.0,17.0,16.0,15.0,15.0
real,300,gulf,6,Analytic,0,crossing,2,118,328,0.2282841692712967,328.0,182.0,181.0,181.0,180.0,178.0,177.0,176.0,175.0,175.0,174.0,173.0,172.0,171.0,170.0,169.0,168.0,167.0,166.0,165.0
real,300,gulf,6,Analytic,0,crossing,3,135,106,0.18971089752632656,105.0,104.0,103.0,102.0,101.0,100.0,99.0,98.0,97.0,96.0,95.0,94.0,93.0,92.0,91.0,90.0,89.0,89.0,88.0,88.0
real,300,gulf,6,Analytic,0,crossing,4,145,128,0.22139523179946582,127.0,127.0,126.0,125.0,124.0,124.0,123.0,123.0,123.0,122.0,122.0,121.0,121.0,121.0,120.0,120.0,116.0,116.0,116.0,115.0
real,300,gulf,6,Analytic,0,crossing,5,310,185,0.2420679603084737,184.0,183.0,182.0,181.0,181.0,180.0,179.0,178.0,177.0,176.0,174.0,173.0,172.0,171.0,170.0,169.0,169.0,168.0,165.0,164.0
real,300,gulf,6,Analytic,0,crossing,6,344,30,1.3816431617176173,29.0,28.0,27.0,26.0,25.0,24.0,23.0,22.0,20.0,19.0,18.0,18.0,16.0,15.0,14.0,13.0,12.0,11.0,10.0,9.0
real,300,gulf,6,Analytic,0,crossing,7,393,242,0.2825890507086811,241.0,240.0,238.0,238.0,237.0,85.0,84.0,83.0,83.0,82.0,82.0,82.0,81.0,81.0,81.0,81.0,80.0,80.0,80.0,80.0
real,300,gulf,6,Analytic,0,crossing,8,438,62,0.8456863371826169,61.0,60.0,59.0,58.0,57.0,56.0,55.0,54.0,53.0,52.0,51.0,50.0,50.0,49.0,48.0,47.0,47.0,46.0,45.0,44.0
real,300,gulf,6,Analytic,0,crossing,9,452,156,0.26061699528176385,155.0,154.0,153.0,152.0,151.0,150.0,149.0,148.0,147.0,146.0,145.0,144.0,143.0,113.0,113.0,112.0,111.0,110.0,109.0,108.0
real,300,gulf,6,Analytic,0,crossing,10,481,94,0.19684602585166963,93.0,92.0,91.0,89.0,89.0,88.0,88.0,88.0,87.0,87.0,87.0,87.0,87.0,86.0,86.0,86.0,86.0,86.0,86.0,86.0
real,300,gulf,6,ConstVel,0,buffer,0,8,112,0.5632914606780262,107.0,106.0,105.0,104.0,103.0,102.0,101.0,100.0,99.0,98.0,97.0,96.0,95.0,94.0,93.0,92.0,91.0,90.0,89.0,88.0
real,300,gulf,6,ConstVel,0,buffer,1,67,60,0.27548812856731114,54.0,53.0,52.0,51.0,50.0,49.0,48.0,47.0,46.0,45.0,20.0,19.0,18.0,17.0,17.0,16.0,15.0,14.0,13.0,12.0
real,300,gulf,6,ConstVel,0,buffer,2,118,328,0.2282841692712967,178.0,177.0,176.0,175.0,174.0,174.0,173.0,172.0,171.0,170.0,169.0,168.0,167.0,166.0,165.0,164.0,163.0,162.0,161.0,160.0
real,300,gulf,6,ConstVel,0,buffer,3,135,106,0.18971089752632656,100.0,99.0,98.0,97.0,96.0,95.0,94.0,93.0,92.0,91.0,90.0,89.0,88.0,88.0,87.0,86.0,85.0,85.0,85.0,85.0
real,300,gulf,6,ConstVel,0,buffer,4,145,128,0.22139523179946582,123.0,122.0,121.0,121.0,120.0,119.0,119.0,119.0,119.0,112.0,112.0,112.0,112.0,112.0,112.0,112.0,112.0,112.0,112.0,112.0
real,300,gulf,6,ConstVel,0,buffer,5,310,185,0.2420679603084737,180.0,179.0,178.0,177.0,176.0,175.0,174.0,173.0,172.0,170.0,169.0,168.0,168.0,161.0,161.0,161.0,161.0,161.0,161.0,160.0
real,300,gulf,6,ConstVel,0,buffer,6,344,30,1.3816431617176173,26.0,25.0,24.0,24.0,23.0,21.0,20.0,19.0,18.0,17.0,16.0,15.0,14.0,13.0,12.0,11.0,10.0,9.0,8.0,7.0
real,300,gulf,6,ConstVel,0,buffer,7,393,242,0.2825890507086811,235.0,87.0,87.0,84.0,82.0,81.0,80.0,80.0,80.0,80.0,80.0,80.0,80.0,80.0,79.0,76.0,75.0,74.0,73.0,72.0
real,300,gulf,6,ConstVel,0,buffer,8,438,62,0.8456863371826169,58.0,57.0,56.0,55.0,55.0,53.0,53.0,52.0,51.0,50.0,48.0,48.0,47.0,47.0,46.0,45.0,44.0,43.0,43.0,42.0
real,300,gulf,6,ConstVel,0,buffer,9,452,156,0.26061699528176385,150.0,149.0,148.0,113.0,112.0,111.0,110.0,110.0,109.0,108.0,106.0,105.0,104.0,104.0,103.0,101.0,100.0,100.0,97.0,97.0
real,300,gulf,6,ConstVel,0,buffer,10,481,94,0.19684602585166963,87.0,86.0,86.0,85.0,85.0,85.0,85.0,85.0,85.0,84.0,84.0,84.0,84.0,84.0,84.0,84.0,84.0,84.0,84.0,84.0
real,300,gulf,6,ConstVel,0,crossing,0,8,112,0.5632914606780262,111.0,110.0,109.0,108.0,107.0,106.0,105.0,104.0,103.0,102.0,101.0,100.0,99.0,98.0,97.0,96.0,95.0,94.0,93.0,92.0
real,300,gulf,6,ConstVel,0,crossing,1,67,60,0.27548812856731114,59.0,58.0,57.0,56.0,55.0,53.0,52.0,51.0,50.0,49.0,48.0,47.0,46.0,20.0,19.0,18.0,17.0,16.0,15.0,14.0
real,300,gulf,6,ConstVel,0,crossing,2,118,328,0.2282841692712967,327.0,327.0,181.0,181.0,180.0,178.0,177.0,176.0,175.0,174.0,173.0,173.0,172.0,171.0,170.0,169.0,168.0,167.0,166.0,166.0
real,300,gulf,6,ConstVel,0,crossing,3,135,106,0.18971089752632656,105.0,104.0,103.0,102.0,101.0,100.0,99.0,98.0,97.0,96.0,95.0,94.0,93.0,92.0,91.0,90.0,89.0,88.0,87.0,87.0
real,300,gulf,6,ConstVel,0,crossing,4,145,128,0.22139523179946582,127.0,126.0,125.0,124.0,124.0,123.0,123.0,122.0,121.0,121.0,121.0,121.0,120.0,120.0,119.0,119.0,112.0,112.0,112.0,112.0
real,300,gulf,6,ConstVel,0,crossing,5,310,185,0.2420679603084737,184.0,183.0,182.0,181.0,180.0,179.0,178.0,178.0,177.0,176.0,174.0,174.0,173.0,171.0,170.0,169.0,168.0,161.0,161.0,161.0
real,300,gulf,6,ConstVel,0,crossing,6,344,30,1.3816431617176173,29.0,28.0,27.0,26.0,25.0,24.0,23.0,22.0,21.0,19.0,18.0,18.0,16.0,15.0,14.0,14.0,12.0,11.0,11.0,9.0
real,300,gulf,6,ConstVel,0,crossing,7,393,242,0.2825890507086811,241.0,240.0,238.0,237.0,237.0,87.0,87.0,82.0,81.0,80.0,80.0,80.0,80.0,80.0,80.0,80.0,80.0,80.0,80.0,80.0
real,300,gulf,6,ConstVel,0,crossing,8,438,62,0.8456863371826169,61.0,60.0,59.0,58.0,57.0,56.0,55.0,54.0,53.0,52.0,51.0,50.0,49.0,48.0,47.0,47.0,47.0,46.0,45.0,44.0
real,300,gulf,6,ConstVel,0,crossing,9,452,156,0.26061699528176385,155.0,154.0,153.0,152.0,151.0,150.0,149.0,148.0,147.0,146.0,145.0,144.0,113.0,113.0,113.0,112.0,110.0,110.0,110.0,108.0
real,300,gulf,6,ConstVel,0,crossing,10,481,94,0.19684602585166963,93.0,92.0,91.0,90.0,88.0,86.0,86.0,86.0,86.0,85.0,85.0,85.0,85.0,85.0,85.0,85.0,85.0,85.0,85.0,85.0
real,300,gulf,6,Kalman,0,buffer,0,8,112,0.5632914606780262,107.0,106.0,105.0,104.0,103.0,102.0,101.0,100.0,99.0,98.0,97.0,96.0,95.0,94.0,93.0,92.0,91.0,90.0,89.0,88.0
real,300,gulf,6,Kalman,0,buffer,1,67,60,0.27548812856731114,54.0,53.0,52.0,51.0,50.0,49.0,48.0,47.0,46.0,45.0,20.0,19.0,18.0,18.0,17.0,16.0,15.0,14.0,13.0,12.0
real,300,gulf,6,Kalman,0,buffer,2,118,328,0.2282841692712967,178.0,177.0,176.0,175.0,174.0,174.0,173.0,172.0,171.0,170.0,169.0,168.0,167.0,166.0,165.0,164.0,163.0,162.0,161.0,160.0
real,300,gulf,6,Kalman,0,buffer,3,135,106,0.18971089752632656,100.0,99.0,98.0,97.0,96.0,95.0,94.0,93.0,92.0,91.0,90.0,89.0,88.0,88.0,87.0,86.0,86.0,85.0,85.0,85.0
real,300,gulf,6,Kalman,0,buffer,4,145,128,0.22139523179946582,123.0,122.0,121.0,121.0,120.0,120.0,119.0,119.0,118.0,115.0,113.0,113.0,113.0,113.0,112.0,112.0,112.0,112.0,112.0,112.0
real,300,gulf,6,Kalman,0,buffer,5,310,185,0.2420679603084737,180.0,179.0,178.0,177.0,176.0,175.0,174.0,173.0,171.0,170.0,169.0,168.0,168.0,167.0,166.0,161.0,161.0,161.0,161.0,161.0
real,300,gulf,6,Kalman,0,buffer,6,344,30,1.3816431617176173,26.0,25.0,24.0,24.0,23.0,21.0,20.0,19.0,18.0,17.0,16.0,15.0,14.0,13.0,12.0,11.0,10.0,9.0,8.0,7.0
real,300,gulf,6,Kalman,0,buffer,7,393,242,0.2825890507086811,235.0,87.0,86.0,84.0,82.0,82.0,81.0,81.0,80.0,80.0,80.0,80.0,80.0,80.0,80.0,76.0,75.0,74.0,73.0,72.0
real,300,gulf,6,Kalman,0,buffer,8,438,62,0.8456863371826169,58.0,57.0,56.0,55.0,55.0,53.0,53.0,52.0,51.0,50.0,49.0,48.0,47.0,47.0,46.0,45.0,44.0,43.0,43.0,42.0
real,300,gulf,6,Kalman,0,buffer,9,452,156,0.26061699528176385,150.0,149.0,148.0,113.0,112.0,111.0,110.0,110.0,109.0,107.0,106.0,105.0,105.0,104.0,102.0,101.0,100.0,99.0,97.0,97.0
real,300,gulf,6,Kalman,0,buffer,10,481,94,0.19684602585166963,87.0,86.0,86.0,86.0,85.0,85.0,85.0,85.0,85.0,85.0,85.0,85.0,85.0,84.0,84.0,84.0,84.0,84.0,84.0,84.0
real,300,gulf,6,Kalman,0,crossing,0,8,112,0.5632914606780262,111.0,110.0,109.0,108.0,107.0,106.0,105.0,104.0,103.0,102.0,101.0,100.0,99.0,98.0,97.0,96.0,95.0,94.0,93.0,92.0
real,300,gulf,6,Kalman,0,crossing,1,67,60,0.27548812856731114,59.0,58.0,57.0,56.0,55.0,53.0,52.0,51.0,50.0,49.0,48.0,47.0,46.0,20.0,19.0,18.0,17.0,16.0,15.0,15.0
real,300,gulf,6,Kalman,0,crossing,2,118,328,0.2282841692712967,327.0,182.0,181.0,181.0,180.0,178.0,177.0,176.0,175.0,174.0,174.0,173.0,172.0,171.0,170.0,169.0,168.0,167.0,166.0,166.0
real,300,gulf,6,Kalman,0,crossing,3,135,106,0.18971089752632656,105.0,104.0,103.0,102.0,101.0,100.0,99.0,98.0,97.0,96.0,95.0,94.0,93.0,92.0,91.0,90.0,89.0,88.0,88.0,87.0
real,300,gulf,6,Kalman,0,crossing,4,145,128,0.22139523179946582,127.0,126.0,126.0,125.0,124.0,123.0,123.0,122.0,122.0,121.0,121.0,121.0,121.0,120.0,120.0,119.0,119.0,119.0,113.0,113.0
real,300,gulf,6,Kalman,0,crossing,5,310,185,0.2420679603084737,184.0,183.0,182.0,181.0,180.0,179.0,179.0,178.0,177.0,176.0,175.0,174.0,173.0,171.0,170.0,169.0,168.0,168.0,167.0,161.0
real,300,gulf,6,Kalman,0,crossing,6,344,30,1.3816431617176173,29.0,28.0,27.0,26.0,25.0,24.0,23.0,22.0,20.0,19.0,18.0,18.0,16.0,15.0,14.0,14.0,12.0,11.0,11.0,9.0
real,300,gulf,6,Kalman,0,crossing,7,393,242,0.2825890507086811,241.0,240.0,238.0,237.0,237.0,87.0,85.0,82.0,82.0,81.0,81.0,80.0,80.0,80.0,80.0,80.0,80.0,80.0,80.0,80.0
real,300,gulf,6,Kalman,0,crossing,8,438,62,0.8456863371826169,61.0,60.0,59.0,58.0,57.0,56.0,55.0,54.0,53.0,52.0,51.0,50.0,49.0,48.0,47.0,47.0,47.0,46.0,45.0,44.0
real,300,gulf,6,Kalman,0,crossing,9,452,156,0.26061699528176385,155.0,154.0,153.0,152.0,151.0,150.0,149.0,148.0,147.0,146.0,145.0,144.0,113.0,113.0,113.0,112.0,111.0,110.0,109.0,108.0
real,300,gulf,6,Kalman,0,crossing,10,481,94,0.19684602585166963,93.0,92.0,91.0,90.0,88.0,87.0,86.0,86.0,86.0,86.0,86.0,86.0,85.0,85.0,85.0,85.0,85.0,85.0,85.0,85.0
real,300,gulf,6,LSTM-rec,0,buffer,0,8,112,0.5632914606780262,107.0,106.0,106.0,105.0,105.0,104.0,104.0,104.0,103.0,103.0,103.0,103.0,103.0,103.0,103.0,103.0,103.0,103.0,103.0,103.0
real,300,gulf,6,LSTM-rec,0,buffer,1,67,60,0.27548812856731114,54.0,53.0,53.0,52.0,52.0,51.0,51.0,51.0,51.0,51.0,50.0,50.0,50.0,50.0,50.0,50.0,50.0,50.0,50.0,50.0
real,300,gulf,6,LSTM-rec,0,buffer,2,118,328,0.2282841692712967,179.0,178.0,177.0,177.0,176.0,176.0,176.0,176.0,175.0,175.0,175.0,175.0,175.0,175.0,175.0,175.0,175.0,175.0,175.0,175.0
real,300,gulf,6,LSTM-rec,0,buffer,3,135,106,0.18971089752632656,101.0,100.0,99.0,99.0,98.0,98.0,98.0,98.0,97.0,97.0,97.0,97.0,97.0,97.0,97.0,97.0,97.0,97.0,97.0,97.0
real,300,gulf,6,LSTM-rec,0,buffer,4,145,128,0.22139523179946582,123.0,122.0,122.0,121.0,121.0,121.0,121.0,121.0,121.0,121.0,121.0,121.0,121.0,121.0,121.0,121.0,121.0,121.0,121.0,121.0
real,300,gulf,6,LSTM-rec,0,buffer,5,310,185,0.2420679603084737,180.0,179.0,179.0,178.0,178.0,178.0,177.0,177.0,177.0,177.0,177.0,177.0,177.0,177.0,177.0,177.0,177.0,177.0,177.0,177.0
real,300,gulf,6,LSTM-rec,0,buffer,6,344,30,1.3816431617176173,27.0,26.0,25.0,24.0,24.0,23.0,23.0,22.0,22.0,22.0,21.0,21.0,21.0,20.0,20.0,20.0,20.0,20.0,20.0,20.0
real,300,gulf,6,LSTM-rec,0,buffer,7,393,242,0.2825890507086811,236.0,87.0,87.0,86.0,85.0,85.0,84.0,83.0,83.0,82.0,82.0,82.0,82.0,82.0,82.0,82.0,82.0,82.0,82.0,82.0
real,300,gulf,6,LSTM-rec,0,buffer,8,438,62,0.8456863371826169,59.0,58.0,57.0,57.0,56.0,56.0,55.0,55.0,55.0,54.0,54.0,54.0,54.0,54.0,54.0,53.0,53.0,53.0,53.0,53.0
real,300,gulf,6,LSTM-rec,0,buffer,9,452,156,0.26061699528176385,150.0,149.0,149.0,148.0,148.0,147.0,147.0,113.0,113.0,113.0,113.0,113.0,113.0,113.0,113.0,113.0,113.0,113.0,113.0,113.0
real,300,gulf,6,LSTM-rec,0,buffer,10,481,94,0.19684602585166963,87.0,86.0,86.0,86.0,86.0,86.0,86.0,86.0,86.0,86.0,86.0,86.0,86.0,86.0,86.0,86.0,86.0,86.0,86.0,86.0
real,300,gulf,6,LSTM-rec,0,crossing,0,8,112,0.5632914606780262,111.0,110.0,110.0,109.0,109.0,108.0,108.0,108.0,107.0,107.0,107.0,107.0,107.0,107.0,107.0,107.0,107.0,107.0,107.0,107.0
real,300,gulf,6,LSTM-rec,0,crossing,1,67,60,0.27548812856731114,59.0,59.0,58.0,57.0,57.0,56.0,56.0,56.0,56.0,56.0,56.0,56.0,56.0,56.0,56.0,56.0,56.0,56.0,56.0,56.0
real,300,gulf,6,LSTM-rec,0,crossing,2,118,328,0.2282841692712967,327.0,327.0,182.0,181.0,181.0,181.0,181.0,181.0,181.0,181.0,181.0,181.0,181.0,181.0,181.0,181.0,181.0,181.0,181.0,181.0
real,300,gulf,6,LSTM-rec,0,crossing,3,135,106,0.18971089752632656,106.0,105.0,104.0,104.0,103.0,103.0,103.0,102.0,102.0,102.0,102.0,102.0,102.0,102.0,102.0,102.0,102.0,102.0,102.0,102.0
real,300,gulf,6,LSTM-rec,0,crossing,4,145,128,0.22139523179946582,128.0,127.0,126.0,126.0,125.0,125.0,125.0,124.0,124.0,124.0,124.0,124.0,124.0,124.0,124.0,124.0,124.0,124.0,124.0,124.0
real,300,gulf,6,LSTM-rec,0,crossing,5,310,185,0.2420679603084737,185.0,184.0,183.0,183.0,182.0,182.0,182.0,181.0,181.0,181.0,181.0,181.0,181.0,181.0,181.0,181.0,181.0,181.0,181.0,181.0
real,300,gulf,6,LSTM-rec,0,crossing,6,344,30,1.3816431617176173,29.0,28.0,27.0,27.0,26.0,26.0,25.0,25.0,24.0,24.0,24.0,23.0,23.0,23.0,23.0,23.0,23.0,22.0,22.0,22.0
real,300,gulf,6,LSTM-rec,0,crossing,7,393,242,0.2825890507086811,241.0,240.0,239.0,239.0,238.0,238.0,237.0,237.0,237.0,237.0,237.0,237.0,237.0,237.0,237.0,237.0,237.0,237.0,237.0,237.0
real,300,gulf,6,LSTM-rec,0,crossing,8,438,62,0.8456863371826169,61.0,60.0,59.0,59.0,58.0,58.0,57.0,57.0,57.0,57.0,56.0,56.0,56.0,56.0,56.0,56.0,56.0,56.0,56.0,56.0
real,300,gulf,6,LSTM-rec,0,crossing,9,452,156,0.26061699528176385,155.0,154.0,154.0,153.0,153.0,152.0,152.0,152.0,152.0,152.0,152.0,152.0,152.0,152.0,152.0,152.0,152.0,152.0,152.0,152.0
real,300,gulf,6,LSTM-rec,0,crossing,10,481,94,0.19684602585166963,93.0,92.0,92.0,91.0,91.0,91.0,90.0,90.0,90.0,90.0,90.0,90.0,90.0,90.0,90.0,90.0,90.0,90.0,90.0,90.0
real,300,gulf,6,LSTM-ms,0,buffer,0,8,112,0.5632914606780262,107.0,106.0,105.0,105.0,104.0,103.0,102.0,102.0,101.0,101.0,100.0,99.0,99.0,98.0,98.0,97.0,97.0,96.0,96.0,95.0
real,300,gulf,6,LSTM-ms,0,buffer,1,67,60,0.27548812856731114,54.0,53.0,52.0,52.0,51.0,50.0,50.0,49.0,48.0,48.0,47.0,46.0,46.0,46.0,45.0,45.0,45.0,20.0,20.0,20.0
real,300,gulf,6,LSTM-ms,0,buffer,2,118,328,0.2282841692712967,178.0,178.0,177.0,176.0,176.0,175.0,174.0,174.0,173.0,172.0,172.0,171.0,171.0,170.0,170.0,169.0,169.0,168.0,167.0,167.0
real,300,gulf,6,LSTM-ms,0,buffer,3,135,106,0.18971089752632656,101.0,100.0,99.0,98.0,97.0,97.0,96.0,95.0,95.0,94.0,93.0,93.0,92.0,92.0,91.0,91.0,90.0,90.0,89.0,89.0
real,300,gulf,6,LSTM-ms,0,buffer,4,145,128,0.22139523179946582,123.0,122.0,122.0,121.0,121.0,120.0,120.0,119.0,119.0,117.0,116.0,116.0,115.0,115.0,114.0,114.0,114.0,113.0,113.0,113.0
real,300,gulf,6,LSTM-ms,0,buffer,5,310,185,0.2420679603084737,180.0,179.0,178.0,178.0,177.0,176.0,176.0,175.0,174.0,173.0,173.0,172.0,171.0,171.0,170.0,170.0,169.0,169.0,168.0,168.0
real,300,gulf,6,LSTM-ms,0,buffer,6,344,30,1.3816431617176173,27.0,26.0,25.0,24.0,24.0,23.0,22.0,22.0,21.0,20.0,20.0,19.0,19.0,18.0,18.0,17.0,16.0,16.0,15.0,15.0
real,300,gulf,6,LSTM-ms,0,buffer,7,393,242,0.2825890507086811,236.0,87.0,87.0,85.0,84.0,83.0,83.0,82.0,82.0,82.0,81.0,81.0,81.0,81.0,81.0,80.0,80.0,80.0,80.0,80.0
real,300,gulf,6,LSTM-ms,0,buffer,8,438,62,0.8456863371826169,59.0,58.0,57.0,56.0,56.0,55.0,55.0,54.0,53.0,53.0,52.0,52.0,51.0,51.0,50.0,50.0,50.0,49.0,49.0,48.0
real,300,gulf,6,LSTM-ms,0,buffer,9,452,156,0.26061699528176385,150.0,149.0,148.0,113.0,113.0,112.0,111.0,110.0,110.0,109.0,108.0,107.0,107.0,106.0,105.0,104.0,103.0,102.0,101.0,100.0
real,300,gulf,6,LSTM-ms,0,buffer,10,481,94,0.19684602585166963,87.0,87.0,86.0,86.0,86.0,86.0,86.0,85.0,85.0,85.0,85.0,85.0,85.0,85.0,85.0,85.0,85.0,84.0,84.0,84.0
real,300,gulf,6,LSTM-ms,0,crossing,0,8,112,0.5632914606780262,111.0,110.0,109.0,109.0,108.0,107.0,107.0,106.0,105.0,105.0,104.0,104.0,103.0,103.0,102.0,101.0,101.0,100.0,100.0,99.0
real,300,gulf,6,LSTM-ms,0,crossing,1,67,60,0.27548812856731114,59.0,58.0,57.0,57.0,56.0,55.0,54.0,53.0,53.0,52.0,52.0,51.0,50.0,50.0,49.0,49.0,48.0,48.0,47.0,46.0
real,300,gulf,6,LSTM-ms,0,crossing,2,118,328,0.2282841692712967,328.0,327.0,182.0,181.0,181.0,180.0,179.0,178.0,178.0,177.0,176.0,176.0,175.0,175.0,174.0,174.0,173.0,173.0,172.0,172.0
real,300,gulf,6,LSTM-ms,0,crossing,3,135,106,0.18971089752632656,105.0,105.0,104.0,103.0,102.0,102.0,101.0,100.0,100.0,99.0,98.0,98.0,97.0,97.0,96.0,95.0,95.0,94.0,94.0,93.0
real,300,gulf,6,LSTM-ms,0,crossing,4,145,128,0.22139523179946582,127.0,127.0,126.0,125.0,125.0,124.0,124.0,124.0,123.0,123.0,122.0,122.0,122.0,122.0,121.0,121.0,121.0,120.0,120.0,119.0
real,300,gulf,6,LSTM-ms,0,crossing,5,310,185,0.2420679603084737,184.0,184.0,183.0,182.0,181.0,181.0,180.0,180.0,179.0,178.0,178.0,178.0,177.0,177.0,176.0,175.0,174.0,174.0,173.0,172.0
real,300,gulf,6,LSTM-ms,0,crossing,6,344,30,1.3816431617176173,29.0,28.0,27.0,27.0,26.0,25.0,25.0,24.0,23.0,23.0,22.0,21.0,21.0,20.0,20.0,19.0,19.0,18.0,18.0,17.0
real,300,gulf,6,LSTM-ms,0,crossing,7,393,242,0.2825890507086811,241.0,240.0,239.0,238.0,238.0,237.0,237.0,87.0,85.0,84.0,83.0,83.0,83.0,82.0,82.0,82.0,82.0,81.0,81.0,81.0
real,300,gulf,6,LSTM-ms,0,crossing,8,438,62,0.8456863371826169,61.0,60.0,59.0,59.0,58.0,57.0,57.0,56.0,56.0,55.0,55.0,54.0,54.0,53.0,53.0,52.0,52.0,51.0,51.0,50.0
real,300,gulf,6,LSTM-ms,0,crossing,9,452,156,0.26061699528176385,155.0,154.0,153.0,152.0,152.0,151.0,150.0,150.0,149.0,148.0,148.0,147.0,147.0,146.0,146.0,145.0,113.0,113.0,112.0,111.0
real,300,gulf,6,LSTM-ms,0,crossing,10,481,94,0.19684602585166963,93.0,92.0,91.0,90.0,89.0,89.0,88.0,88.0,88.0,87.0,87.0,87.0,87.0,87.0,86.0,86.0,86.0,86.0,86.0,86.0
real,300,gulf,6,LSTM-rec,1,buffer,0,8,112,0.5632914606780262,107.0,106.0,105.0,105.0,104.0,104.0,104.0,104.0,103.0,103.0,103.0,103.0,103.0,103.0,103.0,103.0,103.0,103.0,103.0,103.0
real,300,gulf,6,LSTM-rec,1,buffer,1,67,60,0.27548812856731114,54.0,53.0,53.0,52.0,52.0,51.0,51.0,51.0,51.0,51.0,50.0,50.0,50.0,50.0,50.0,50.0,50.0,50.0,50.0,50.0
real,300,gulf,6,LSTM-rec,1,buffer,2,118,328,0.2282841692712967,179.0,178.0,177.0,177.0,176.0,176.0,176.0,176.0,175.0,175.0,175.0,175.0,175.0,175.0,175.0,175.0,175.0,175.0,175.0,175.0
real,300,gulf,6,LSTM-rec,1,buffer,3,135,106,0.18971089752632656,101.0,100.0,99.0,99.0,98.0,98.0,98.0,98.0,97.0,97.0,97.0,97.0,97.0,97.0,97.0,97.0,97.0,97.0,97.0,97.0
real,300,gulf,6,LSTM-rec,1,buffer,4,145,128,0.22139523179946582,123.0,122.0,122.0,121.0,121.0,121.0,121.0,121.0,121.0,121.0,121.0,121.0,121.0,121.0,121.0,121.0,121.0,121.0,121.0,121.0
real,300,gulf,6,LSTM-rec,1,buffer,5,310,185,0.2420679603084737,180.0,179.0,179.0,178.0,178.0,177.0,177.0,177.0,177.0,177.0,177.0,177.0,177.0,177.0,177.0,177.0,177.0,177.0,177.0,177.0
real,300,gulf,6,LSTM-rec,1,buffer,6,344,30,1.3816431617176173,27.0,26.0,25.0,24.0,24.0,23.0,23.0,23.0,22.0,22.0,22.0,21.0,21.0,21.0,21.0,20.0,20.0,20.0,20.0,20.0
real,300,gulf,6,LSTM-rec,1,buffer,7,393,242,0.2825890507086811,236.0,87.0,87.0,87.0,85.0,85.0,84.0,84.0,82.0,82.0,82.0,82.0,82.0,82.0,82.0,82.0,82.0,82.0,82.0,82.0
real,300,gulf,6,LSTM-rec,1,buffer,8,438,62,0.8456863371826169,59.0,58.0,57.0,56.0,56.0,55.0,55.0,55.0,55.0,54.0,54.0,54.0,54.0,54.0,53.0,53.0,53.0,53.0,53.0,53.0
real,300,gulf,6,LSTM-rec,1,buffer,9,452,156,0.26061699528176385,150.0,149.0,149.0,148.0,148.0,147.0,113.0,113.0,113.0,113.0,113.0,113.0,113.0,113.0,113.0,113.0,113.0,113.0,113.0,113.0
real,300,gulf,6,LSTM-rec,1,buffer,10,481,94,0.19684602585166963,87.0,86.0,86.0,86.0,86.0,85.0,85.0,85.0,85.0,85.0,85.0,85.0,85.0,85.0,85.0,85.0,85.0,85.0,85.0,85.0
real,300,gulf,6,LSTM-rec,1,crossing,0,8,112,0.5632914606780262,111.0,110.0,110.0,109.0,109.0,108.0,108.0,108.0,107.0,107.0,107.0,107.0,107.0,107.0,107.0,107.0,107.0,107.0,107.0,107.0
real,300,gulf,6,LSTM-rec,1,crossing,1,67,60,0.27548812856731114,59.0,59.0,58.0,57.0,57.0,56.0,56.0,56.0,56.0,56.0,56.0,56.0,56.0,56.0,56.0,56.0,56.0,56.0,56.0,56.0
real,300,gulf,6,LSTM-rec,1,crossing,2,118,328,0.2282841692712967,327.0,327.0,181.0,181.0,181.0,181.0,181.0,181.0,181.0,181.0,181.0,181.0,181.0,181.0,181.0,181.0,181.0,181.0,181.0,181.0
real,300,gulf,6,LSTM-rec,1,crossing,3,135,106,0.18971089752632656,106.0,105.0,104.0,104.0,103.0,103.0,103.0,102.0,102.0,102.0,102.0,102.0,102.0,102.0,102.0,102.0,102.0,102.0,102.0,102.0
real,300,gulf,6,LSTM-rec,1,crossing,4,145,128,0.22139523179946582,128.0,127.0,126.0,126.0,125.0,125.0,125.0,124.0,124.0,124.0,124.0,124.0,124.0,124.0,124.0,124.0,124.0,124.0,124.0,124.0
real,300,gulf,6,LSTM-rec,1,crossing,5,310,185,0.2420679603084737,185.0,184.0,183.0,183.0,182.0,182.0,182.0,181.0,181.0,181.0,181.0,181.0,181.0,181.0,181.0,181.0,181.0,181.0,181.0,181.0
real,300,gulf,6,LSTM-rec,1,crossing,6,344,30,1.3816431617176173,29.0,28.0,27.0,27.0,26.0,25.0,25.0,25.0,24.0,24.0,24.0,24.0,23.0,23.0,23.0,23.0,23.0,23.0,23.0,23.0
real,300,gulf,6,LSTM-rec,1,crossing,7,393,242,0.2825890507086811,241.0,240.0,239.0,239.0,238.0,238.0,237.0,237.0,237.0,237.0,237.0,237.0,237.0,237.0,237.0,237.0,237.0,237.0,237.0,237.0
real,300,gulf,6,LSTM-rec,1,crossing,8,438,62,0.8456863371826169,61.0,60.0,59.0,59.0,58.0,58.0,57.0,57.0,57.0,56.0,56.0,56.0,56.0,56.0,56.0,56.0,56.0,56.0,56.0,56.0
real,300,gulf,6,LSTM-rec,1,crossing,9,452,156,0.26061699528176385,155.0,154.0,154.0,153.0,153.0,152.0,152.0,152.0,152.0,152.0,152.0,152.0,152.0,152.0,152.0,152.0,152.0,152.0,152.0,152.0
real,300,gulf,6,LSTM-rec,1,crossing,10,481,94,0.19684602585166963,93.0,92.0,91.0,91.0,91.0,91.0,90.0,90.0,90.0,90.0,90.0,90.0,90.0,90.0,90.0,90.0,90.0,90.0,90.0,90.0
real,300,gulf,6,LSTM-ms,1,buffer,0,8,112,0.5632914606780262,107.0,106.0,106.0,105.0,105.0,104.0,104.0,103.0,103.0,102.0,102.0,101.0,101.0,100.0,100.0,99.0,99.0,98.0,98.0,97.0
real,300,gulf,6,LSTM-ms,1,buffer,1,67,60,0.27548812856731114,54.0,53.0,53.0,52.0,52.0,51.0,51.0,50.0,50.0,49.0,49.0,48.0,48.0,47.0,47.0,46.0,46.0,45.0,45.0,45.0
real,300,gulf,6,LSTM-ms,1,buffer,2,118,328,0.2282841692712967,179.0,178.0,177.0,177.0,176.0,176.0,175.0,175.0,175.0,174.0,174.0,173.0,173.0,172.0,172.0,171.0,171.0,170.0,170.0,169.0
real,300,gulf,6,LSTM-ms,1,buffer,3,135,106,0.18971089752632656,101.0,100.0,99.0,99.0,98.0,98.0,97.0,97.0,96.0,96.0,95.0,95.0,94.0,94.0,93.0,93.0,92.0,92.0,91.0,91.0
real,300,gulf,6,LSTM-ms,1,buffer,4,145,128,0.22139523179946582,123.0,122.0,122.0,122.0,121.0,121.0,121.0,121.0,120.0,120.0,120.0,119.0,119.0,118.0,116.0,116.0,115.0,115.0,114.0,114.0
real,300,gulf,6,LSTM-ms,1,buffer,5,310,185,0.2420679603084737,180.0,179.0,179.0,178.0,178.0,177.0,177.0,176.0,176.0,175.0,175.0,174.0,174.0,173.0,173.0,172.0,171.0,171.0,170.0,170.0
real,300,gulf,6,LSTM-ms,1,buffer,6,344,30,1.3816431617176173,27.0,26.0,25.0,25.0,24.0,23.0,23.0,22.0,22.0,21.0,20.0,20.0,19.0,19.0,18.0,18.0,17.0,17.0,16.0,16.0
real,300,gulf,6,LSTM-ms,1,buffer,7,393,242,0.2825890507086811,236.0,87.0,87.0,86.0,85.0,84.0,84.0,83.0,83.0,82.0,82.0,82.0,81.0,81.0,81.0,81.0,81.0,80.0,80.0,80.0
real,300,gulf,6,LSTM-ms,1,buffer,8,438,62,0.8456863371826169,59.0,58.0,57.0,57.0,56.0,56.0,55.0,55.0,54.0,54.0,53.0,53.0,52.0,52.0,51.0,51.0,51.0,50.0,50.0,50.0
real,300,gulf,6,LSTM-ms,1,buffer,9,452,156,0.26061699528176385,150.0,149.0,149.0,148.0,148.0,113.0,113.0,113.0,112.0,112.0,111.0,111.0,110.0,109.0,108.0,108.0,107.0,106.0,106.0,105.0
real,300,gulf,6,LSTM-ms,1,buffer,10,481,94,0.19684602585166963,87.0,87.0,86.0,86.0,86.0,86.0,86.0,86.0,86.0,86.0,85.0,85.0,85.0,85.0,85.0,85.0,85.0,85.0,85.0,85.0
real,300,gulf,6,LSTM-ms,1,crossing,0,8,112,0.5632914606780262,111.0,110.0,110.0,109.0,109.0,108.0,108.0,107.0,107.0,106.0,106.0,105.0,105.0,104.0,104.0,103.0,103.0,102.0,102.0,101.0
real,300,gulf,6,LSTM-ms,1,crossing,1,67,60,0.27548812856731114,59.0,59.0,58.0,57.0,57.0,56.0,56.0,55.0,55.0,54.0,53.0,53.0,52.0,52.0,51.0,51.0,50.0,50.0,49.0,49.0
real,300,gulf,6,LSTM-ms,1,crossing,2,118,328,0.2282841692712967,328.0,327.0,182.0,181.0,181.0,181.0,181.0,180.0,180.0,179.0,178.0,178.0,177.0,177.0,176.0,176.0,175.0,175.0,174.0,174.0
real,300,gulf,6,LSTM-ms,1,crossing,3,135,106,0.18971089752632656,106.0,105.0,104.0,104.0,103.0,103.0,102.0,102.0,101.0,101.0,100.0,100.0,99.0,99.0,98.0,98.0,97.0,97.0,96.0,96.0
real,300,gulf,6,LSTM-ms,1,crossing,4,145,128,0.22139523179946582,128.0,127.0,126.0,126.0,125.0,125.0,125.0,124.0,124.0,124.0,123.0,123.0,123.0,122.0,122.0,122.0,122.0,121.0,121.0,121.0
real,300,gulf,6,LSTM-ms,1,crossing,5,310,185,0.2420679603084737,185.0,184.0,183.0,183.0,182.0,182.0,181.0,181.0,181.0,180.0,180.0,179.0,179.0,178.0,178.0,177.0,177.0,176.0,176.0,175.0
real,300,gulf,6,LSTM-ms,1,crossing,6,344,30,1.3816431617176173,29.0,28.0,28.0,27.0,26.0,26.0,25.0,25.0,24.0,24.0,23.0,22.0,22.0,21.0,21.0,20.0,19.0,19.0,19.0,18.0
real,300,gulf,6,LSTM-ms,1,crossing,7,393,242,0.2825890507086811,241.0,240.0,240.0,239.0,238.0,238.0,237.0,237.0,237.0,87.0,87.0,85.0,84.0,83.0,83.0,82.0,82.0,82.0,82.0,81.0
real,300,gulf,6,LSTM-ms,1,crossing,8,438,62,0.8456863371826169,61.0,60.0,60.0,59.0,59.0,58.0,57.0,57.0,57.0,56.0,56.0,55.0,55.0,54.0,54.0,53.0,53.0,52.0,52.0,52.0
real,300,gulf,6,LSTM-ms,1,crossing,9,452,156,0.26061699528176385,155.0,154.0,154.0,153.0,153.0,152.0,152.0,151.0,151.0,150.0,150.0,149.0,149.0,148.0,148.0,147.0,147.0,146.0,146.0,145.0
real,300,gulf,6,LSTM-ms,1,crossing,10,481,94,0.19684602585166963,93.0,92.0,92.0,91.0,91.0,90.0,90.0,89.0,89.0,88.0,88.0,88.0,88.0,87.0,87.0,87.0,86.0,86.0,86.0,86.0
real,300,gulf,6,LSTM-rec,2,buffer,0,8,112,0.5632914606780262,107.0,106.0,105.0,105.0,104.0,104.0,104.0,103.0,103.0,103.0,103.0,103.0,103.0,103.0,103.0,103.0,103.0,103.0,103.0,103.0
real,300,gulf,6,LSTM-rec,2,buffer,1,67,60,0.27548812856731114,54.0,53.0,53.0,52.0,51.0,51.0,51.0,50.0,50.0,50.0,50.0,50.0,50.0,50.0,50.0,50.0,50.0,50.0,50.0,50.0
real,300,gulf,6,LSTM-rec,2,buffer,2,118,328,0.2282841692712967,179.0,178.0,177.0,177.0,176.0,176.0,175.0,175.0,175.0,175.0,175.0,175.0,175.0,175.0,175.0,175.0,175.0,175.0,175.0,175.0
real,300,gulf,6,LSTM-rec,2,buffer,3,135,106,0.18971089752632656,101.0,100.0,99.0,99.0,98.0,98.0,97.0,97.0,97.0,97.0,97.0,97.0,97.0,97.0,97.0,97.0,97.0,97.0,97.0,97.0
real,300,gulf,6,LSTM-rec,2,buffer,4,145,128,0.22139523179946582,123.0,122.0,122.0,121.0,121.0,121.0,121.0,121.0,121.0,121.0,121.0,121.0,121.0,121.0,121.0,121.0,121.0,121.0,121.0,121.0
real,300,gulf,6,LSTM-rec,2,buffer,5,310,185,0.2420679603084737,180.0,179.0,179.0,178.0,178.0,177.0,177.0,177.0,177.0,176.0,176.0,176.0,176.0,176.0,176.0,176.0,176.0,176.0,176.0,176.0
real,300,gulf,6,LSTM-rec,2,buffer,6,344,30,1.3816431617176173,27.0,26.0,25.0,24.0,24.0,23.0,23.0,22.0,22.0,22.0,21.0,21.0,21.0,20.0,20.0,20.0,20.0,20.0,20.0,20.0
real,300,gulf,6,LSTM-rec,2,buffer,7,393,242,0.2825890507086811,236.0,87.0,87.0,86.0,85.0,84.0,84.0,82.0,82.0,82.0,82.0,82.0,81.0,81.0,81.0,81.0,81.0,81.0,81.0,81.0
real,300,gulf,6,LSTM-rec,2,buffer,8,438,62,0.8456863371826169,59.0,58.0,57.0,56.0,56.0,55.0,55.0,54.0,54.0,54.0,53.0,53.0,53.0,53.0,53.0,53.0,53.0,52.0,52.0,52.0
real,300,gulf,6,LSTM-rec,2,buffer,9,452,156,0.26061699528176385,150.0,149.0,148.0,148.0,147.0,147.0,147.0,146.0,146.0,146.0,146.0,146.0,146.0,146.0,146.0,146.0,146.0,146.0,146.0,146.0
real,300,gulf,6,LSTM-rec,2,buffer,10,481,94,0.19684602585166963,87.0,86.0,86.0,86.0,86.0,85.0,85.0,85.0,85.0,85.0,85.0,85.0,85.0,85.0,85.0,85.0,85.0,85.0,85.0,85.0
real,300,gulf,6,LSTM-rec,2,crossing,0,8,112,0.5632914606780262,111.0,110.0,110.0,109.0,109.0,108.0,108.0,107.0,107.0,107.0,107.0,107.0,107.0,107.0,107.0,107.0,107.0,107.0,107.0,107.0
real,300,gulf,6,LSTM-rec,2,crossing,1,67,60,0.27548812856731114,59.0,59.0,58.0,57.0,56.0,56.0,56.0,55.0,55.0,55.0,55.0,55.0,55.0,55.0,55.0,55.0,55.0,55.0,55.0,55.0
real,300,gulf,6,LSTM-rec,2,crossing,2,118,328,0.2282841692712967,327.0,327.0,181.0,181.0,181.0,181.0,181.0,181.0,180.0,180.0,180.0,180.0,180.0,180.0,180.0,180.0,180.0,180.0,180.0,180.0
real,300,gulf,6,LSTM-rec,2,crossing,3,135,106,0.18971089752632656,106.0,105.0,104.0,104.0,103.0,103.0,102.0,102.0,102.0,102.0,102.0,102.0,102.0,102.0,102.0,102.0,102.0,102.0,102.0,102.0
real,300,gulf,6,LSTM-rec,2,crossing,4,145,128,0.22139523179946582,128.0,127.0,126.0,126.0,125.0,125.0,124.0,124.0,124.0,124.0,124.0,124.0,124.0,124.0,124.0,124.0,124.0,124.0,124.0,124.0
real,300,gulf,6,LSTM-rec,2,crossing,5,310,185,0.2420679603084737,185.0,184.0,183.0,182.0,182.0,182.0,181.0,181.0,181.0,181.0,181.0,180.0,180.0,180.0,180.0,180.0,180.0,180.0,180.0,180.0
real,300,gulf,6,LSTM-rec,2,crossing,6,344,30,1.3816431617176173,29.0,28.0,27.0,27.0,26.0,25.0,25.0,25.0,24.0,24.0,24.0,23.0,23.0,23.0,23.0,23.0,23.0,22.0,22.0,22.0
real,300,gulf,6,LSTM-rec,2,crossing,7,393,242,0.2825890507086811,241.0,240.0,239.0,239.0,238.0,238.0,237.0,237.0,237.0,237.0,237.0,87.0,87.0,87.0,87.0,87.0,87.0,87.0,87.0,87.0
real,300,gulf,6,LSTM-rec,2,crossing,8,438,62,0.8456863371826169,61.0,60.0,59.0,59.0,58.0,58.0,57.0,57.0,56.0,56.0,56.0,55.0,55.0,55.0,55.0,55.0,55.0,55.0,55.0,55.0
real,300,gulf,6,LSTM-rec,2,crossing,9,452,156,0.26061699528176385,155.0,154.0,154.0,153.0,152.0,152.0,152.0,151.0,151.0,151.0,151.0,151.0,151.0,151.0,151.0,151.0,151.0,151.0,151.0,151.0
real,300,gulf,6,LSTM-rec,2,crossing,10,481,94,0.19684602585166963,93.0,92.0,91.0,91.0,91.0,90.0,90.0,89.0,89.0,89.0,89.0,89.0,89.0,89.0,89.0,89.0,89.0,89.0,89.0,89.0
real,300,gulf,6,LSTM-ms,2,buffer,0,8,112,0.5632914606780262,107.0,106.0,106.0,105.0,105.0,104.0,104.0,103.0,103.0,102.0,102.0,101.0,101.0,100.0,100.0,99.0,99.0,99.0,98.0,98.0
real,300,gulf,6,LSTM-ms,2,buffer,1,67,60,0.27548812856731114,54.0,54.0,53.0,52.0,52.0,51.0,51.0,50.0,50.0,49.0,49.0,48.0,48.0,47.0,47.0,46.0,46.0,46.0,46.0,45.0
real,300,gulf,6,LSTM-ms,2,buffer,2,118,328,0.2282841692712967,179.0,178.0,177.0,177.0,176.0,176.0,175.0,175.0,175.0,174.0,174.0,173.0,173.0,172.0,172.0,172.0,171.0,171.0,171.0,170.0
real,300,gulf,6,LSTM-ms,2,buffer,3,135,106,0.18971089752632656,101.0,100.0,99.0,99.0,98.0,98.0,97.0,97.0,96.0,96.0,95.0,95.0,94.0,94.0,93.0,93.0,93.0,93.0,92.0,92.0
real,300,gulf,6,LSTM-ms,2,buffer,4,145,128,0.22139523179946582,123.0,123.0,122.0,122.0,122.0,121.0,121.0,121.0,121.0,121.0,120.0,120.0,120.0,119.0,119.0,119.0,119.0,119.0,116.0,116.0
real,300,gulf,6,LSTM-ms,2,buffer,5,310,185,0.2420679603084737,180.0,179.0,179.0,178.0,178.0,177.0,177.0,176.0,176.0,175.0,175.0,174.0,174.0,173.0,173.0,172.0,172.0,172.0,171.0,171.0
real,300,gulf,6,LSTM-ms,2,buffer,6,344,30,1.3816431617176173,27.0,26.0,25.0,25.0,24.0,24.0,23.0,22.0,22.0,21.0,21.0,20.0,20.0,19.0,19.0,18.0,18.0,17.0,17.0,17.0
real,300,gulf,6,LSTM-ms,2,buffer,7,393,242,0.2825890507086811,236.0,235.0,87.0,86.0,85.0,84.0,84.0,83.0,83.0,82.0,82.0,82.0,82.0,81.0,81.0,81.0,81.0,81.0,81.0,81.0
real,300,gulf,6,LSTM-ms,2,buffer,8,438,62,0.8456863371826169,59.0,58.0,57.0,57.0,56.0,56.0,55.0,55.0,54.0,54.0,53.0,53.0,52.0,52.0,51.0,51.0,51.0,50.0,50.0,50.0
real,300,gulf,6,LSTM-ms,2,buffer,9,452,156,0.26061699528176385,150.0,149.0,149.0,148.0,148.0,147.0,147.0,113.0,113.0,113.0,112.0,112.0,111.0,111.0,110.0,110.0,110.0,110.0,109.0,109.0
real,300,gulf,6,LSTM-ms,2,buffer,10,481,94,0.19684602585166963,88.0,87.0,87.0,86.0,86.0,86.0,86.0,86.0,86.0,86.0,86.0,86.0,86.0,85.0,85.0,85.0,85.0,85.0,85.0,85.0
real,300,gulf,6,LSTM-ms,2,crossing,0,8,112,0.5632914606780262,111.0,111.0,110.0,109.0,109.0,108.0,108.0,107.0,107.0,106.0,106.0,105.0,105.0,104.0,104.0,104.0,103.0,103.0,103.0,102.0
real,300,gulf,6,LSTM-ms,2,crossing,1,67,60,0.27548812856731114,60.0,59.0,58.0,57.0,57.0,56.0,56.0,55.0,54.0,54.0,53.0,53.0,52.0,52.0,51.0,51.0,51.0,50.0,50.0,50.0
real,300,gulf,6,LSTM-ms,2,crossing,2,118,328,0.2282841692712967,328.0,328.0,182.0,181.0,181.0,181.0,181.0,180.0,180.0,179.0,178.0,178.0,177.0,177.0,177.0,176.0,176.0,176.0,175.0,175.0
real,300,gulf,6,LSTM-ms,2,crossing,3,135,106,0.18971089752632656,106.0,105.0,104.0,104.0,103.0,103.0,102.0,102.0,101.0,101.0,100.0,100.0,99.0,99.0,99.0,98.0,98.0,97.0,97.0,97.0
real,300,gulf,6,LSTM-ms,2,crossing,4,145,128,0.22139523179946582,128.0,127.0,126.0,126.0,125.0,125.0,125.0,124.0,124.0,124.0,124.0,123.0,123.0,123.0,123.0,123.0,122.0,122.0,122.0,122.0
real,300,gulf,6,LSTM-ms,2,crossing,5,310,185,0.2420679603084737,185.0,184.0,183.0,183.0,182.0,182.0,181.0,181.0,180.0,180.0,180.0,179.0,179.0,178.0,178.0,178.0,177.0,177.0,177.0,176.0
real,300,gulf,6,LSTM-ms,2,crossing,6,344,30,1.3816431617176173,29.0,28.0,28.0,27.0,26.0,26.0,25.0,25.0,24.0,24.0,23.0,23.0,22.0,21.0,21.0,20.0,20.0,20.0,19.0,19.0
real,300,gulf,6,LSTM-ms,2,crossing,7,393,242,0.2825890507086811,241.0,240.0,239.0,239.0,238.0,238.0,238.0,237.0,237.0,87.0,87.0,84.0,84.0,83.0,83.0,83.0,82.0,82.0,82.0,82.0
real,300,gulf,6,LSTM-ms,2,crossing,8,438,62,0.8456863371826169,61.0,60.0,60.0,59.0,58.0,58.0,57.0,57.0,56.0,56.0,55.0,55.0,54.0,54.0,54.0,53.0,53.0,53.0,52.0,52.0
real,300,gulf,6,LSTM-ms,2,crossing,9,452,156,0.26061699528176385,155.0,155.0,154.0,153.0,153.0,152.0,152.0,151.0,151.0,150.0,150.0,149.0,149.0,148.0,148.0,148.0,147.0,147.0,147.0,146.0
real,300,gulf,6,LSTM-ms,2,crossing,10,481,94,0.19684602585166963,93.0,92.0,92.0,91.0,91.0,90.0,90.0,89.0,89.0,88.0,88.0,88.0,88.0,87.0,87.0,87.0,87.0,87.0,87.0,87.0
real,300,gulf,6,LSTM-rec,3,buffer,0,8,112,0.5632914606780262,107.0,106.0,105.0,104.0,103.0,102.0,101.0,100.0,99.0,98.0,97.0,96.0,95.0,94.0,93.0,92.0,91.0,90.0,89.0,88.0
real,300,gulf,6,LSTM-rec,3,buffer,1,67,60,0.27548812856731114,54.0,53.0,52.0,51.0,50.0,49.0,48.0,47.0,46.0,45.0,44.0,43.0,42.0,20.0,20.0,19.0,18.0,18.0,17.0,16.0
real,300,gulf,6,LSTM-rec,3,buffer,2,118,328,0.2282841692712967,178.0,177.0,176.0,175.0,174.0,173.0,172.0,171.0,170.0,169.0,168.0,167.0,166.0,164.0,163.0,162.0,161.0,160.0,158.0,157.0
real,300,gulf,6,LSTM-rec,3,buffer,3,135,106,0.18971089752632656,100.0,99.0,98.0,97.0,96.0,95.0,94.0,93.0,92.0,91.0,90.0,89.0,88.0,87.0,86.0,85.0,85.0,85.0,84.0,84.0
real,300,gulf,6,LSTM-rec,3,buffer,4,145,128,0.22139523179946582,123.0,122.0,121.0,120.0,119.0,118.0,115.0,113.0,112.0,112.0,112.0,112.0,111.0,110.0,6.0,6.0,6.0,6.0,6.0,6.0
real,300,gulf,6,LSTM-rec,3,buffer,5,310,185,0.2420679603084737,180.0,179.0,178.0,177.0,176.0,174.0,112.0,6.0,6.0,6.0,6.0,6.0,6.0,6.0,6.0,6.0,6.0,6.0,6.0,6.0
real,300,gulf,6,LSTM-rec,3,buffer,6,344,30,1.3816431617176173,26.0,26.0,25.0,24.0,23.0,22.0,21.0,20.0,19.0,19.0,18.0,17.0,16.0,16.0,15.0,14.0,14.0,13.0,12.0,11.0
real,300,gulf,6,LSTM-rec,3,buffer,7,393,242,0.2825890507086811,235.0,87.0,86.0,84.0,83.0,82.0,81.0,81.0,80.0,80.0,80.0,80.0,80.0,79.0,76.0,74.0,73.0,72.0,71.0,70.0
real,300,gulf,6,LSTM-rec,3,buffer,8,438,62,0.8456863371826169,59.0,58.0,57.0,56.0,55.0,54.0,53.0,53.0,52.0,51.0,51.0,50.0,49.0,49.0,48.0,47.0,47.0,47.0,46.0,45.0
real,300,gulf,6,LSTM-rec,3,buffer,9,452,156,0.26061699528176385,150.0,149.0,113.0,112.0,110.0,109.0,107.0,105.0,103.0,101.0,98.0,97.0,95.0,93.0,90.0,88.0,77.0,77.0,76.0,11.0
real,300,gulf,6,LSTM-rec,3,buffer,10,481,94,0.19684602585166963,87.0,86.0,86.0,85.0,85.0,85.0,84.0,83.0,6.0,6.0,6.0,6.0,6.0,6.0,6.0,6.0,6.0,6.0,6.0,6.0
real,300,gulf,6,LSTM-rec,3,crossing,0,8,112,0.5632914606780262,111.0,110.0,109.0,108.0,107.0,106.0,105.0,104.0,103.0,102.0,101.0,100.0,99.0,98.0,97.0,96.0,95.0,94.0,93.0,92.0
real,300,gulf,6,LSTM-rec,3,crossing,1,67,60,0.27548812856731114,59.0,58.0,57.0,56.0,55.0,53.0,52.0,51.0,50.0,49.0,48.0,47.0,46.0,45.0,44.0,43.0,20.0,20.0,19.0,19.0
real,300,gulf,6,LSTM-rec,3,crossing,2,118,328,0.2282841692712967,327.0,182.0,181.0,181.0,179.0,178.0,177.0,176.0,175.0,174.0,173.0,172.0,170.0,169.0,168.0,167.0,166.0,165.0,163.0,162.0
real,300,gulf,6,LSTM-rec,3,crossing,3,135,106,0.18971089752632656,105.0,104.0,103.0,102.0,101.0,100.0,99.0,98.0,97.0,96.0,94.0,93.0,92.0,91.0,90.0,89.0,88.0,87.0,86.0,86.0
real,300,gulf,6,LSTM-rec,3,crossing,4,145,128,0.22139523179946582,127.0,126.0,125.0,124.0,124.0,123.0,122.0,121.0,121.0,119.0,119.0,115.0,113.0,112.0,112.0,112.0,112.0,111.0,110.0,6.0
real,300,gulf,6,LSTM-rec,3,crossing,5,310,185,0.2420679603084737,184.0,183.0,182.0,181.0,180.0,179.0,178.0,178.0,177.0,175.0,174.0,173.0,171.0,6.0,6.0,6.0,6.0,6.0,6.0,6.0
real,300,gulf,6,LSTM-rec,3,crossing,6,344,30,1.3816431617176173,29.0,28.0,27.0,26.0,25.0,24.0,24.0,23.0,22.0,21.0,20.0,19.0,19.0,18.0,17.0,16.0,16.0,15.0,14.0,14.0
real,300,gulf,6,LSTM-rec,3,crossing,7,393,242,0.2825890507086811,241.0,239.0,238.0,237.0,236.0,87.0,85.0,84.0,82.0,82.0,81.0,81.0,80.0,80.0,80.0,80.0,80.0,79.0,76.0,75.0
real,300,gulf,6,LSTM-rec,3,crossing,8,438,62,0.8456863371826169,61.0,60.0,59.0,58.0,57.0,57.0,56.0,55.0,54.0,54.0,53.0,52.0,52.0,51.0,50.0,50.0,49.0,48.0,48.0,47.0
real,300,gulf,6,LSTM-rec,3,crossing,9,452,156,0.26061699528176385,155.0,154.0,153.0,152.0,150.0,149.0,148.0,147.0,113.0,111.0,109.0,107.0,105.0,102.0,100.0,98.0,96.0,94.0,91.0,89.0
real,300,gulf,6,LSTM-rec,3,crossing,10,481,94,0.19684602585166963,93.0,92.0,91.0,89.0,88.0,87.0,86.0,86.0,85.0,85.0,85.0,85.0,84.0,84.0,6.0,6.0,6.0,6.0,6.0,6.0
real,300,gulf,6,LSTM-ms,3,buffer,0,8,112,0.5632914606780262,107.0,106.0,105.0,105.0,104.0,103.0,103.0,102.0,102.0,101.0,101.0,100.0,100.0,99.0,98.0,98.0,97.0,97.0,96.0,96.0
real,300,gulf,6,LSTM-ms,3,buffer,1,67,60,0.27548812856731114,54.0,53.0,52.0,52.0,51.0,51.0,50.0,50.0,49.0,48.0,48.0,47.0,46.0,46.0,46.0,45.0,45.0,44.0,20.0,20.0
real,300,gulf,6,LSTM-ms,3,buffer,2,118,328,0.2282841692712967,179.0,178.0,177.0,176.0,176.0,175.0,175.0,174.0,174.0,173.0,173.0,172.0,171.0,171.0,170.0,170.0,169.0,169.0,168.0,167.0
real,300,gulf,6,LSTM-ms,3,buffer,3,135,106,0.18971089752632656,101.0,100.0,99.0,98.0,98.0,97.0,97.0,96.0,95.0,95.0,94.0,94.0,93.0,92.0,92.0,91.0,91.0,90.0,90.0,89.0
real,300,gulf,6,LSTM-ms,3,buffer,4,145,128,0.22139523179946582,123.0,122.0,122.0,121.0,121.0,121.0,120.0,120.0,120.0,119.0,119.0,118.0,116.0,115.0,115.0,114.0,114.0,114.0,113.0,113.0
real,300,gulf,6,LSTM-ms,3,buffer,5,310,185,0.2420679603084737,180.0,179.0,178.0,178.0,177.0,177.0,176.0,175.0,175.0,174.0,174.0,173.0,172.0,172.0,171.0,170.0,170.0,169.0,169.0,168.0
real,300,gulf,6,LSTM-ms,3,buffer,6,344,30,1.3816431617176173,27.0,26.0,25.0,24.0,24.0,23.0,23.0,22.0,21.0,21.0,20.0,19.0,19.0,18.0,18.0,17.0,17.0,16.0,16.0,15.0
real,300,gulf,6,LSTM-ms,3,buffer,7,393,242,0.2825890507086811,236.0,87.0,86.0,85.0,84.0,84.0,83.0,82.0,82.0,82.0,82.0,81.0,81.0,81.0,81.0,80.0,80.0,80.0,80.0,80.0
real,300,gulf,6,LSTM-ms,3,buffer,8,438,62,0.8456863371826169,59.0,58.0,57.0,56.0,56.0,55.0,55.0,54.0,54.0,53.0,53.0,52.0,52.0,51.0,51.0,50.0,50.0,49.0,49.0,48.0
real,300,gulf,6,LSTM-ms,3,buffer,9,452,156,0.26061699528176385,150.0,149.0,148.0,113.0,113.0,113.0,112.0,112.0,111.0,110.0,110.0,109.0,108.0,107.0,106.0,105.0,104.0,104.0,103.0,101.0
real,300,gulf,6,LSTM-ms,3,buffer,10,481,94,0.19684602585166963,87.0,87.0,86.0,86.0,86.0,86.0,86.0,86.0,85.0,85.0,85.0,85.0,85.0,85.0,85.0,85.0,85.0,85.0,85.0,84.0
real,300,gulf,6,LSTM-ms,3,crossing,0,8,112,0.5632914606780262,111.0,110.0,109.0,109.0,108.0,108.0,107.0,107.0,106.0,105.0,105.0,104.0,104.0,103.0,103.0,102.0,101.0,101.0,100.0,100.0
real,300,gulf,6,LSTM-ms,3,crossing,1,67,60,0.27548812856731114,59.0,58.0,57.0,57.0,56.0,55.0,55.0,54.0,53.0,53.0,52.0,52.0,51.0,50.0,50.0,49.0,49.0,48.0,48.0,47.0
real,300,gulf,6,LSTM-ms,3,crossing,2,118,328,0.2282841692712967,328.0,327.0,182.0,181.0,181.0,180.0,180.0,179.0,178.0,178.0,177.0,177.0,176.0,176.0,175.0,174.0,174.0,173.0,173.0,172.0
real,300,gulf,6,LSTM-ms,3,crossing,3,135,106,0.18971089752632656,106.0,105.0,104.0,103.0,103.0,102.0,101.0,101.0,100.0,100.0,99.0,99.0,98.0,97.0,97.0,96.0,96.0,95.0,94.0,94.0
real,300,gulf,6,LSTM-ms,3,crossing,4,145,128,0.22139523179946582,127.0,127.0,126.0,125.0,125.0,124.0,124.0,124.0,123.0,123.0,123.0,123.0,122.0,122.0,122.0,121.0,121.0,121.0,120.0,120.0
real,300,gulf,6,LSTM-ms,3,crossing,5,310,185,0.2420679603084737,184.0,184.0,183.0,182.0,182.0,181.0,181.0,180.0,180.0,179.0,179.0,178.0,178.0,177.0,176.0,176.0,175.0,174.0,174.0,173.0
real,300,gulf,6,LSTM-ms,3,crossing,6,344,30,1.3816431617176173,29.0,28.0,27.0,27.0,26.0,25.0,25.0,24.0,24.0,23.0,23.0,22.0,21.0,21.0,20.0,19.0,19.0,18.0,18.0,17.0
real,300,gulf,6,LSTM-ms,3,crossing,7,393,242,0.2825890507086811,241.0,240.0,239.0,238.0,238.0,237.0,237.0,87.0,87.0,85.0,84.0,83.0,83.0,82.0,82.0,82.0,82.0,81.0,81.0,81.0
real,300,gulf,6,LSTM-ms,3,crossing,8,438,62,0.8456863371826169,61.0,60.0,59.0,59.0,58.0,58.0,57.0,57.0,56.0,55.0,55.0,54.0,54.0,53.0,53.0,52.0,52.0,51.0,51.0,51.0
real,300,gulf,6,LSTM-ms,3,crossing,9,452,156,0.26061699528176385,155.0,154.0,153.0,153.0,152.0,151.0,151.0,150.0,150.0,149.0,149.0,148.0,147.0,147.0,146.0,146.0,145.0,113.0,113.0,112.0
real,300,gulf,6,LSTM-ms,3,crossing,10,481,94,0.19684602585166963,93.0,92.0,91.0,90.0,90.0,89.0,89.0,88.0,88.0,88.0,87.0,87.0,87.0,87.0,86.0,86.0,86.0,86.0,86.0,86.0
real,300,gulf,6,LSTM-rec,4,buffer,0,8,112,0.5632914606780262,107.0,106.0,105.0,104.0,103.0,102.0,102.0,101.0,100.0,99.0,98.0,98.0,97.0,96.0,95.0,94.0,93.0,92.0,92.0,91.0
real,300,gulf,6,LSTM-rec,4,buffer,1,67,60,0.27548812856731114,54.0,53.0,52.0,51.0,50.0,50.0,49.0,48.0,47.0,46.0,45.0,44.0,43.0,43.0,42.0,20.0,20.0,19.0,18.0,18.0
real,300,gulf,6,LSTM-rec,4,buffer,2,118,328,0.2282841692712967,178.0,178.0,177.0,176.0,175.0,174.0,173.0,172.0,172.0,171.0,170.0,169.0,168.0,167.0,166.0,165.0,164.0,163.0,162.0,161.0
real,300,gulf,6,LSTM-rec,4,buffer,3,135,106,0.18971089752632656,101.0,100.0,99.0,98.0,97.0,96.0,95.0,94.0,93.0,92.0,92.0,91.0,90.0,89.0,88.0,87.0,86.0,86.0,85.0,85.0
real,300,gulf,6,LSTM-rec,4,buffer,4,145,128,0.22139523179946582,123.0,122.0,121.0,121.0,120.0,119.0,119.0,116.0,114.0,113.0,112.0,112.0,112.0,112.0,112.0,112.0,110.0,16.0,6.0,6.0
real,300,gulf,6,LSTM-rec,4,buffer,5,310,185,0.2420679603084737,180.0,179.0,178.0,177.0,176.0,176.0,174.0,174.0,173.0,112.0,6.0,6.0,6.0,6.0,6.0,6.0,6.0,6.0,6.0,6.0
real,300,gulf,6,LSTM-rec,4,buffer,6,344,30,1.3816431617176173,27.0,26.0,25.0,24.0,23.0,22.0,22.0,21.0,20.0,19.0,19.0,18.0,17.0,17.0,16.0,15.0,15.0,14.0,14.0,13.0
real,300,gulf,6,LSTM-rec,4,buffer,7,393,242,0.2825890507086811,235.0,87.0,87.0,85.0,84.0,82.0,82.0,81.0,81.0,80.0,80.0,80.0,80.0,80.0,80.0,79.0,76.0,75.0,74.0,73.0
real,300,gulf,6,LSTM-rec,4,buffer,8,438,62,0.8456863371826169,59.0,58.0,57.0,56.0,55.0,55.0,54.0,53.0,53.0,52.0,51.0,51.0,50.0,50.0,49.0,48.0,48.0,47.0,47.0,47.0
real,300,gulf,6,LSTM-rec,4,buffer,9,452,156,0.26061699528176385,150.0,149.0,148.0,113.0,112.0,110.0,109.0,108.0,106.0,105.0,103.0,101.0,100.0,97.0,96.0,95.0,93.0,91.0,89.0,77.0
real,300,gulf,6,LSTM-rec,4,buffer,10,481,94,0.19684602585166963,87.0,86.0,86.0,85.0,85.0,85.0,85.0,84.0,84.0,84.0,83.0,6.0,6.0,6.0,6.0,6.0,6.0,6.0,6.0,6.0
real,300,gulf,6,LSTM-rec,4,crossing,0,8,112,0.5632914606780262,111.0,110.0,109.0,108.0,107.0,107.0,106.0,105.0,104.0,103.0,103.0,102.0,101.0,100.0,99.0,98.0,97.0,97.0,96.0,95.0
real,300,gulf,6,LSTM-rec,4,crossing,1,67,60,0.27548812856731114,59.0,58.0,57.0,56.0,55.0,54.0,53.0,52.0,52.0,51.0,50.0,49.0,48.0,47.0,46.0,45.0,44.0,43.0,42.0,20.0
real,300,gulf,6,LSTM-rec,4,crossing,2,118,328,0.2282841692712967,327.0,182.0,181.0,181.0,180.0,179.0,178.0,177.0,176.0,175.0,175.0,174.0,173.0,172.0,171.0,170.0,169.0,168.0,167.0,166.0
real,300,gulf,6,LSTM-rec,4,crossing,3,135,106,0.18971089752632656,105.0,105.0,104.0,103.0,102.0,101.0,100.0,99.0,98.0,97.0,96.0,96.0,95.0,94.0,93.0,92.0,91.0,90.0,89.0,88.0
real,300,gulf,6,LSTM-rec,4,crossing,4,145,128,0.22139523179946582,127.0,127.0,126.0,125.0,124.0,123.0,123.0,122.0,121.0,121.0,120.0,120.0,119.0,118.0,113.0,113.0,112.0,112.0,112.0,112.0
real,300,gulf,6,LSTM-rec,4,crossing,5,310,185,0.2420679603084737,184.0,183.0,183.0,182.0,181.0,180.0,179.0,178.0,178.0,177.0,176.0,175.0,174.0,173.0,172.0,171.0,112.0,6.0,6.0,6.0
real,300,gulf,6,LSTM-rec,4,crossing,6,344,30,1.3816431617176173,29.0,28.0,27.0,26.0,25.0,25.0,24.0,23.0,23.0,22.0,21.0,20.0,20.0,19.0,18.0,18.0,17.0,16.0,16.0,15.0
real,300,gulf,6,LSTM-rec,4,crossing,7,393,242,0.2825890507086811,241.0,240.0,239.0,238.0,237.0,236.0,87.0,87.0,84.0,82.0,82.0,81.0,81.0,80.0,80.0,80.0,80.0,80.0,80.0,80.0
real,300,gulf,6,LSTM-rec,4,crossing,8,438,62,0.8456863371826169,61.0,60.0,59.0,58.0,58.0,57.0,56.0,56.0,55.0,54.0,54.0,53.0,53.0,52.0,51.0,51.0,50.0,50.0,49.0,48.0
real,300,gulf,6,LSTM-rec,4,crossing,9,452,156,0.26061699528176385,155.0,154.0,153.0,152.0,151.0,150.0,149.0,148.0,148.0,147.0,113.0,112.0,110.0,108.0,106.0,104.0,103.0,100.0,98.0,97.0
real,300,gulf,6,LSTM-rec,4,crossing,10,481,94,0.19684602585166963,93.0,92.0,91.0,90.0,89.0,88.0,87.0,86.0,86.0,86.0,85.0,85.0,85.0,85.0,85.0,84.0,84.0,83.0,6.0,6.0
real,300,gulf,6,LSTM-ms,4,buffer,0,8,112,0.5632914606780262,107.0,106.0,105.0,105.0,104.0,103.0,103.0,102.0,101.0,101.0,100.0,100.0,99.0,99.0,98.0,98.0,98.0,97.0,97.0,96.0
real,300,gulf,6,LSTM-ms,4,buffer,1,67,60,0.27548812856731114,54.0,53.0,52.0,52.0,51.0,50.0,50.0,49.0,48.0,48.0,47.0,47.0,46.0,46.0,46.0,45.0,45.0,45.0,20.0,20.0
real,300,gulf,6,LSTM-ms,4,buffer,2,118,328,0.2282841692712967,179.0,178.0,177.0,176.0,176.0,175.0,174.0,174.0,173.0,173.0,172.0,172.0,171.0,171.0,171.0,170.0,170.0,169.0,169.0,168.0
real,300,gulf,6,LSTM-ms,4,buffer,3,135,106,0.18971089752632656,101.0,100.0,99.0,98.0,98.0,97.0,96.0,96.0,95.0,95.0,94.0,93.0,93.0,93.0,92.0,92.0,91.0,91.0,90.0,90.0
real,300,gulf,6,LSTM-ms,4,buffer,4,145,128,0.22139523179946582,123.0,122.0,122.0,121.0,121.0,120.0,120.0,119.0,119.0,119.0,119.0,117.0,116.0,116.0,115.0,114.0,114.0,114.0,113.0,113.0
real,300,gulf,6,LSTM-ms,4,buffer,5,310,185,0.2420679603084737,180.0,179.0,178.0,178.0,177.0,176.0,176.0,175.0,174.0,174.0,173.0,173.0,172.0,172.0,171.0,171.0,170.0,170.0,169.0,169.0
real,300,gulf,6,LSTM-ms,4,buffer,6,344,30,1.3816431617176173,27.0,26.0,25.0,24.0,24.0,23.0,22.0,22.0,21.0,20.0,20.0,19.0,19.0,18.0,18.0,17.0,17.0,16.0,16.0,15.0
real,300,gulf,6,LSTM-ms,4,buffer,7,393,242,0.2825890507086811,236.0,87.0,87.0,85.0,84.0,84.0,83.0,82.0,82.0,82.0,81.0,81.0,81.0,80.0,80.0,80.0,80.0,80.0,80.0,80.0
real,300,gulf,6,LSTM-ms,4,buffer,8,438,62,0.8456863371826169,59.0,58.0,57.0,56.0,56.0,55.0,54.0,54.0,53.0,53.0,52.0,52.0,51.0,51.0,50.0,50.0,50.0,49.0,49.0,48.0
real,300,gulf,6,LSTM-ms,4,buffer,9,452,156,0.26061699528176385,150.0,149.0,148.0,113.0,113.0,112.0,112.0,111.0,110.0,110.0,109.0,108.0,108.0,107.0,107.0,106.0,105.0,105.0,104.0,103.0
real,300,gulf,6,LSTM-ms,4,buffer,10,481,94,0.19684602585166963,87.0,86.0,86.0,86.0,85.0,85.0,85.0,85.0,85.0,85.0,85.0,85.0,85.0,85.0,85.0,85.0,85.0,85.0,85.0,85.0
real,300,gulf,6,LSTM-ms,4,crossing,0,8,112,0.5632914606780262,111.0,110.0,109.0,109.0,108.0,107.0,107.0,106.0,106.0,105.0,105.0,104.0,104.0,103.0,103.0,102.0,102.0,101.0,101.0,100.0
real,300,gulf,6,LSTM-ms,4,crossing,1,67,60,0.27548812856731114,59.0,59.0,57.0,57.0,56.0,55.0,54.0,54.0,53.0,53.0,52.0,51.0,51.0,50.0,50.0,50.0,49.0,48.0,48.0,47.0
real,300,gulf,6,LSTM-ms,4,crossing,2,118,328,0.2282841692712967,327.0,327.0,181.0,181.0,181.0,180.0,180.0,179.0,178.0,178.0,177.0,176.0,176.0,176.0,175.0,175.0,174.0,174.0,173.0,173.0
real,300,gulf,6,LSTM-ms,4,crossing,3,135,106,0.18971089752632656,106.0,105.0,104.0,103.0,102.0,102.0,101.0,101.0,100.0,100.0,99.0,98.0,98.0,97.0,97.0,96.0,96.0,96.0,95.0,94.0
real,300,gulf,6,LSTM-ms,4,crossing,4,145,128,0.22139523179946582,128.0,127.0,126.0,125.0,125.0,124.0,124.0,123.0,123.0,123.0,123.0,122.0,122.0,122.0,121.0,121.0,121.0,121.0,121.0,120.0
real,300,gulf,6,LSTM-ms,4,crossing,5,310,185,0.2420679603084737,185.0,184.0,183.0,182.0,181.0,181.0,180.0,180.0,179.0,179.0,178.0,178.0,178.0,177.0,177.0,176.0,175.0,175.0,174.0,174.0
real,300,gulf,6,LSTM-ms,4,crossing,6,344,30,1.3816431617176173,29.0,28.0,27.0,27.0,26.0,25.0,25.0,24.0,23.0,23.0,22.0,22.0,21.0,21.0,20.0,19.0,19.0,19.0,18.0,18.0
real,300,gulf,6,LSTM-ms,4,crossing,7,393,242,0.2825890507086811,241.0,240.0,239.0,238.0,237.0,237.0,87.0,87.0,87.0,85.0,84.0,83.0,83.0,82.0,82.0,82.0,82.0,81.0,81.0,81.0
real,300,gulf,6,LSTM-ms,4,crossing,8,438,62,0.8456863371826169,61.0,60.0,59.0,59.0,58.0,57.0,57.0,56.0,55.0,55.0,54.0,54.0,53.0,53.0,53.0,52.0,52.0,51.0,51.0,50.0
real,300,gulf,6,LSTM-ms,4,crossing,9,452,156,0.26061699528176385,155.0,154.0,153.0,153.0,152.0,151.0,150.0,150.0,149.0,149.0,148.0,148.0,147.0,147.0,146.0,146.0,146.0,145.0,113.0,113.0
real,300,gulf,6,LSTM-ms,4,crossing,10,481,94,0.19684602585166963,93.0,92.0,91.0,90.0,90.0,89.0,88.0,88.0,88.0,87.0,87.0,86.0,86.0,86.0,86.0,86.0,86.0,86.0,86.0,86.0
real,300,gulf,7,Reactive,0,zone,0,15,138,0.46264060295423376,132.0,132.0,132.0,132.0,132.0,132.0,132.0,132.0,132.0,132.0,132.0,132.0,132.0,132.0,132.0,132.0,132.0,132.0,132.0,132.0
real,300,gulf,7,Reactive,0,zone,1,28,395,0.5058560014619379,388.0,388.0,388.0,388.0,388.0,388.0,388.0,388.0,388.0,388.0,388.0,388.0,388.0,388.0,388.0,388.0,388.0,388.0,388.0,388.0
real,300,gulf,7,Reactive,0,zone,2,29,24,0.5270786166441769,19.0,19.0,19.0,19.0,19.0,19.0,19.0,19.0,19.0,19.0,19.0,19.0,19.0,19.0,19.0,19.0,19.0,19.0,19.0,19.0
real,300,gulf,7,Reactive,0,zone,3,52,88,0.263359354360204,84.0,84.0,84.0,84.0,84.0,84.0,84.0,84.0,84.0,84.0,84.0,84.0,84.0,84.0,84.0,84.0,84.0,84.0,84.0,84.0
real,300,gulf,7,Reactive,0,zone,4,61,293,0.44448366988909965,287.0,287.0,287.0,287.0,287.0,287.0,287.0,287.0,287.0,287.0,287.0,287.0,287.0,287.0,287.0,287.0,287.0,287.0,287.0,287.0
real,300,gulf,7,Reactive,0,zone,5,117,180,1.1893630132920272,178.0,178.0,178.0,178.0,178.0,178.0,178.0,178.0,178.0,178.0,178.0,178.0,178.0,178.0,178.0,178.0,178.0,178.0,178.0,178.0
real,300,gulf,7,Reactive,0,zone,6,144,310,0.5421369380713873,299.0,299.0,299.0,299.0,299.0,299.0,299.0,299.0,299.0,299.0,299.0,299.0,299.0,299.0,299.0,299.0,299.0,299.0,299.0,299.0
real,300,gulf,7,Reactive,0,zone,7,153,27,0.7544206715954868,25.0,25.0,25.0,25.0,25.0,25.0,25.0,25.0,25.0,25.0,25.0,25.0,25.0,25.0,25.0,25.0,25.0,25.0,25.0,25.0
real,300,gulf,7,Reactive,0,zone,8,194,82,0.5034079664535568,77.0,77.0,77.0,77.0,77.0,77.0,77.0,77.0,77.0,77.0,77.0,77.0,77.0,77.0,77.0,77.0,77.0,77.0,77.0,77.0
real,300,gulf,7,Reactive,0,zone,9,204,127,0.6529318756182602,125.0,125.0,125.0,125.0,125.0,125.0,125.0,125.0,125.0,125.0,125.0,125.0,125.0,125.0,125.0,125.0,125.0,125.0,125.0,125.0
real,300,gulf,7,Reactive,0,zone,10,214,31,0.49434467458280873,21.0,21.0,21.0,21.0,21.0,21.0,21.0,21.0,21.0,21.0,21.0,21.0,21.0,21.0,21.0,21.0,21.0,21.0,21.0,21.0
real,300,gulf,7,Reactive,0,zone,11,215,367,0.577073326506986,365.0,365.0,365.0,365.0,365.0,365.0,365.0,365.0,365.0,365.0,365.0,365.0,365.0,365.0,365.0,365.0,365.0,365.0,365.0,365.0
real,300,gulf,7,Reactive,0,zone,12,229,324,0.4885992045155814,320.0,320.0,320.0,320.0,320.0,320.0,320.0,320.0,320.0,320.0,320.0,320.0,320.0,320.0,320.0,320.0,320.0,320.0,320.0,320.0
real,300,gulf,7,Reactive,0,zone,13,230,127,0.4980919368091986,118.0,118.0,118.0,118.0,118.0,118.0,118.0,118.0,118.0,118.0,118.0,118.0,118.0,118.0,118.0,118.0,118.0,118.0,118.0,118.0
real,300,gulf,7,Reactive,0,zone,14,254,9,0.37919288372510995,0.0,0.0,0.0,0.0,0.0,0.0,0.0,0.0,0.0,0.0,0.0,0.0,0.0,0.0,0.0,0.0,0.0,0.0,0.0,0.0
real,300,gulf,7,Reactive,0,zone,15,340,25,1.0938513715542353,23.0,23.0,23.0,23.0,23.0,23.0,23.0,23.0,23.0,23.0,23.0,23.0,23.0,23.0,23.0,23.0,23.0,23.0,23.0,23.0
real,300,gulf,7,Reactive,0,zone,16,356,649,0.5837999220760901,647.0,647.0,647.0,647.0,647.0,647.0,647.0,647.0,647.0,647.0,647.0,647.0,647.0,647.0,647.0,647.0,647.0,647.0,647.0,647.0
real,300,gulf,7,Reactive,0,zone,17,357,24,1.1137592334625468,17.0,17.0,17.0,17.0,17.0,17.0,17.0,17.0,17.0,17.0,17.0,17.0,17.0,17.0,17.0,17.0,17.0,17.0,17.0,17.0
real,300,gulf,7,Reactive,0,zone,18,359,607,0.2559937332057938,606.0,606.0,606.0,606.0,606.0,606.0,606.0,606.0,606.0,606.0,606.0,606.0,606.0,606.0,606.0,606.0,606.0,606.0,606.0,606.0
real,300,gulf,7,Reactive,0,zone,19,407,43,0.8583357455416284,41.0,41.0,41.0,41.0,41.0,41.0,41.0,41.0,41.0,41.0,41.0,41.0,41.0,41.0,41.0,41.0,41.0,41.0,41.0,41.0
real,300,gulf,7,Reactive,0,zone,20,419,15,1.381933211240309,14.0,14.0,14.0,14.0,14.0,14.0,14.0,14.0,14.0,14.0,14.0,14.0,14.0,14.0,14.0,14.0,14.0,14.0,14.0,14.0
real,300,gulf,7,Reactive,0,zone,21,487,42,0.4882978796702517,36.0,36.0,36.0,36.0,36.0,36.0,36.0,36.0,36.0,36.0,36.0,36.0,36.0,36.0,36.0,36.0,36.0,36.0,36.0,36.0
real,300,gulf,7,Analytic,0,buffer,0,15,138,0.46264060295423376,131.0,130.0,129.0,129.0,128.0,116.0,115.0,114.0,113.0,112.0,112.0,111.0,111.0,111.0,110.0,110.0,110.0,110.0,109.0,109.0
real,300,gulf,7,Analytic,0,buffer,1,28,395,0.5058560014619379,387.0,386.0,385.0,384.0,318.0,317.0,314.0,313.0,312.0,311.0,310.0,310.0,309.0,207.0,206.0,205.0,204.0,203.0,202.0,201.0
real,300,gulf,7,Analytic,0,buffer,2,29,24,0.5270786166441769,18.0,18.0,17.0,16.0,16.0,15.0,15.0,15.0,14.0,14.0,14.0,14.0,13.0,13.0,13.0,13.0,12.0,12.0,12.0,12.0
real,300,gulf,7,Analytic,0,buffer,3,52,88,0.263359354360204,83.0,82.0,82.0,81.0,46.0,44.0,43.0,42.0,41.0,40.0,39.0,38.0,37.0,36.0,35.0,34.0,33.0,32.0,31.0,30.0
real,300,gulf,7,Analytic,0,buffer,4,61,293,0.44448366988909965,286.0,285.0,284.0,284.0,283.0,282.0,267.0,265.0,264.0,263.0,262.0,261.0,260.0,259.0,258.0,257.0,257.0,256.0,255.0,254.0
real,300,gulf,7,Analytic,0,buffer,5,117,180,1.1893630132920272,177.0,176.0,175.0,174.0,173.0,172.0,171.0,170.0,170.0,169.0,167.0,166.0,164.0,163.0,162.0,161.0,160.0,159.0,158.0,157.0
real,300,gulf,7,Analytic,0,buffer,6,144,310,0.5421369380713873,298.0,297.0,296.0,295.0,295.0,294.0,293.0,293.0,292.0,291.0,287.0,285.0,283.0,283.0,281.0,280.0,277.0,277.0,277.0,275.0
real,300,gulf,7,Analytic,0,buffer,7,153,27,0.7544206715954868,24.0,23.0,22.0,21.0,20.0,19.0,18.0,17.0,16.0,15.0,14.0,13.0,12.0,11.0,10.0,9.0,8.0,8.0,8.0,7.0
real,300,gulf,7,Analytic,0,buffer,8,194,82,0.5034079664535568,76.0,75.0,74.0,74.0,73.0,72.0,72.0,71.0,71.0,70.0,54.0,54.0,54.0,54.0,53.0,53.0,53.0,53.0,53.0,53.0
real,300,gulf,7,Analytic,0,buffer,9,204,127,0.6529318756182602,124.0,123.0,123.0,122.0,122.0,122.0,121.0,121.0,121.0,121.0,15.0,14.0,13.0,12.0,11.0,10.0,10.0,10.0,9.0,9.0
real,300,gulf,7,Analytic,0,buffer,10,214,31,0.49434467458280873,20.0,19.0,18.0,17.0,15.0,12.0,11.0,10.0,9.0,8.0,7.0,7.0,6.0,6.0,6.0,6.0,6.0,6.0,6.0,6.0
real,300,gulf,7,Analytic,0,buffer,11,215,367,0.577073326506986,364.0,364.0,364.0,363.0,363.0,363.0,347.0,347.0,346.0,345.0,345.0,344.0,343.0,342.0,341.0,340.0,339.0,86.0,6.0,6.0
real,300,gulf,7,Analytic,0,buffer,12,229,324,0.4885992045155814,319.0,318.0,317.0,316.0,315.0,314.0,313.0,312.0,311.0,311.0,311.0,311.0,311.0,310.0,310.0,310.0,310.0,310.0,294.0,293.0
real,300,gulf,7,Analytic,0,buffer,13,230,127,0.4980919368091986,117.0,112.0,111.0,111.0,110.0,110.0,109.0,109.0,109.0,108.0,108.0,108.0,108.0,108.0,108.0,107.0,107.0,107.0,107.0,49.0
real,300,gulf,7,Analytic,0,buffer,14,254,9,0.37919288372510995,6.0,6.0,6.0,6.0,6.0,6.0,6.0,6.0,6.0,6.0,6.0,6.0,6.0,6.0,6.0,6.0,6.0,6.0,6.0,6.0
real,300,gulf,7,Analytic,0,buffer,15,340,25,1.0938513715542353,21.0,20.0,19.0,18.0,17.0,17.0,16.0,16.0,15.0,15.0,15.0,15.0,15.0,15.0,14.0,14.0,14.0,14.0,14.0,14.0
real,300,gulf,7,Analytic,0,buffer,16,356,649,0.5837999220760901,646.0,645.0,644.0,643.0,642.0,641.0,640.0,640.0,639.0,638.0,638.0,637.0,635.0,632.0,631.0,630.0,630.0,629.0,628.0,626.0
real,300,gulf,7,Analytic,0,buffer,17,357,24,1.1137592334625468,16.0,15.0,14.0,13.0,12.0,11.0,10.0,9.0,7.0,6.0,6.0,6.0,6.0,6.0,6.0,6.0,6.0,6.0,6.0,6.0
real,300,gulf,7,Analytic,0,buffer,18,359,607,0.2559937332057938,605.0,604.0,603.0,602.0,600.0,599.0,598.0,597.0,596.0,595.0,594.0,593.0,592.0,591.0,590.0,589.0,588.0,587.0,587.0,586.0
real,300,gulf,7,Analytic,0,buffer,19,407,43,0.8583357455416284,40.0,39.0,38.0,37.0,36.0,35.0,34.0,34.0,33.0,33.0,33.0,32.0,32.0,32.0,32.0,31.0,31.0,31.0,31.0,31.0
real,300,gulf,7,Analytic,0,buffer,20,419,15,1.381933211240309,13.0,12.0,11.0,10.0,9.0,7.0,6.0,6.0,6.0,6.0,6.0,6.0,6.0,6.0,6.0,6.0,6.0,6.0,6.0,6.0
real,300,gulf,7,Analytic,0,buffer,21,487,42,0.4882978796702517,35.0,34.0,33.0,32.0,31.0,30.0,29.0,28.0,27.0,26.0,25.0,24.0,23.0,21.0,21.0,20.0,19.0,18.0,18.0,17.0
real,300,gulf,7,Analytic,0,crossing,0,15,138,0.46264060295423376,137.0,136.0,135.0,134.0,133.0,132.0,132.0,131.0,116.0,115.0,114.0,113.0,112.0,111.0,111.0,111.0,111.0,110.0,110.0,110.0
real,300,gulf,7,Analytic,0,crossing,1,28,395,0.5058560014619379,394.0,392.0,389.0,388.0,387.0,386.0,385.0,384.0,383.0,318.0,315.0,314.0,313.0,312.0,311.0,310.0,309.0,308.0,207.0,206.0
real,300,gulf,7,Analytic,0,crossing,2,29,24,0.5270786166441769,23.0,22.0,21.0,20.0,19.0,18.0,18.0,17.0,17.0,16.0,16.0,15.0,15.0,15.0,15.0,14.0,14.0,14.0,14.0,14.0
real,300,gulf,7,Analytic,0,crossing,3,52,88,0.263359354360204,87.0,86.0,85.0,84.0,83.0,83.0,46.0,44.0,43.0,42.0,41.0,40.0,39.0,38.0,37.0,36.0,35.0,34.0,33.0,32.0
real,300,gulf,7,Analytic,0,crossing,4,61,293,0.44448366988909965,292.0,291.0,290.0,289.0,288.0,287.0,286.0,285.0,267.0,266.0,265.0,264.0,262.0,261.0,260.0,259.0,259.0,258.0,257.0,256.0
real,300,gulf,7,Analytic,0,crossing,5,117,180,1.1893630132920272,179.0,178.0,177.0,176.0,175.0,174.0,173.0,172.0,171.0,170.0,169.0,168.0,167.0,165.0,163.0,162.0,161.0,161.0,160.0,159.0
real,300,gulf,7,Analytic,0,crossing,6,144,310,0.5421369380713873,309.0,308.0,300.0,298.0,297.0,296.0,296.0,295.0,295.0,294.0,294.0,293.0,293.0,292.0,286.0,284.0,283.0,283.0,281.0,280.0
real,300,gulf,7,Analytic,0,crossing,7,153,27,0.7544206715954868,26.0,25.0,24.0,23.0,22.0,21.0,20.0,19.0,18.0,17.0,16.0,15.0,14.0,13.0,12.0,11.0,9.0,8.0,8.0,8.0
real,300,gulf,7,Analytic,0,crossing,8,194,82,0.5034079664535568,81.0,80.0,79.0,78.0,77.0,76.0,75.0,74.0,73.0,73.0,72.0,72.0,54.0,54.0,54.0,54.0,53.0,53.0,53.0,53.0
real,300,gulf,7,Analytic,0,crossing,9,204,127,0.6529318756182602,126.0,125.0,124.0,124.0,123.0,123.0,122.0,122.0,122.0,122.0,121.0,121.0,121.0,121.0,15.0,14.0,13.0,12.0,11.0,11.0
real,300,gulf,7,Analytic,0,crossing,10,214,31,0.49434467458280873,30.0,29.0,28.0,27.0,26.0,25.0,24.0,23.0,22.0,21.0,21.0,20.0,12.0,11.0,10.0,9.0,8.0,7.0,7.0,6.0
real,300,gulf,7,Analytic,0,crossing,11,215,367,0.577073326506986,366.0,366.0,365.0,365.0,364.0,364.0,364.0,364.0,364.0,364.0,363.0,363.0,347.0,347.0,346.0,345.0,345.0,344.0,343.0,342.0
real,300,gulf,7,Analytic,0,crossing,12,229,324,0.4885992045155814,322.0,320.0,319.0,318.0,317.0,316.0,315.0,314.0,313.0,312.0,312.0,311.0,311.0,311.0,311.0,311.0,310.0,310.0,310.0,310.0
real,300,gulf,7,Analytic,0,crossing,13,230,127,0.4980919368091986,126.0,126.0,125.0,112.0,111.0,111.0,110.0,110.0,110.0,109.0,109.0,109.0,109.0,108.0,108.0,108.0,108.0,108.0,108.0,107.0
real,300,gulf,7,Analytic,0,crossing,14,254,9,0.37919288372510995,8.0,7.0,6.0,6.0,6.0,6.0,6.0,6.0,6.0,6.0,6.0,6.0,6.0,6.0,6.0,6.0,6.0,6.0,6.0,6.0
real,300,gulf,7,Analytic,0,crossing,15,340,25,1.0938513715542353,24.0,22.0,21.0,20.0,19.0,18.0,17.0,17.0,16.0,16.0,16.0,15.0,15.0,15.0,15.0,15.0,15.0,15.0,14.0,14.0
real,300,gulf,7,Analytic,0,crossing,16,356,649,0.5837999220760901,648.0,647.0,646.0,645.0,644.0,643.0,642.0,641.0,640.0,639.0,639.0,638.0,637.0,636.0,634.0,632.0,631.0,630.0,629.0,628.0
real,300,gulf,7,Analytic,0,crossing,17,357,24,1.1137592334625468,23.0,22.0,22.0,21.0,20.0,19.0,17.0,16.0,16.0,15.0,14.0,14.0,13.0,12.0,11.0,10.0,8.0,6.0,6.0,6.0
real,300,gulf,7,Analytic,0,crossing,18,359,607,0.2559937332057938,606.0,605.0,605.0,604.0,603.0,601.0,600.0,599.0,598.0,597.0,596.0,595.0,594.0,593.0,592.0,591.0,590.0,588.0,588.0,587.0
real,300,gulf,7,Analytic,0,crossing,19,407,43,0.8583357455416284,42.0,41.0,40.0,39.0,38.0,37.0,36.0,35.0,34.0,33.0,33.0,33.0,33.0,32.0,32.0,32.0,32.0,32.0,31.0,31.0
real,300,gulf,7,Analytic,0,crossing,20,419,15,1.381933211240309,14.0,13.0,12.0,11.0,10.0,9.0,8.0,7.0,6.0,6.0,6.0,6.0,6.0,6.0,6.0,6.0,6.0,6.0,6.0,6.0
real,300,gulf,7,Analytic,0,crossing,21,487,42,0.4882978796702517,41.0,40.0,38.0,37.0,36.0,35.0,34.0,33.0,32.0,31.0,30.0,29.0,28.0,27.0,26.0,25.0,24.0,22.0,21.0,20.0
real,300,gulf,7,ConstVel,0,buffer,0,15,138,0.46264060295423376,131.0,130.0,129.0,128.0,128.0,127.0,115.0,114.0,113.0,113.0,111.0,110.0,109.0,108.0,108.0,108.0,108.0,108.0,107.0,107.0
real,300,gulf,7,ConstVel,0,buffer,1,28,395,0.5058560014619379,387.0,386.0,385.0,318.0,317.0,317.0,314.0,313.0,312.0,311.0,310.0,309.0,309.0,207.0,206.0,48.0,48.0,48.0,48.0,48.0
real,300,gulf,7,ConstVel,0,buffer,2,29,24,0.5270786166441769,18.0,17.0,16.0,15.0,14.0,14.0,14.0,14.0,14.0,13.0,13.0,12.0,11.0,11.0,11.0,11.0,11.0,11.0,11.0,11.0
real,300,gulf,7,ConstVel,0,buffer,3,52,88,0.263359354360204,83.0,82.0,80.0,71.0,46.0,45.0,43.0,42.0,41.0,40.0,39.0,38.0,37.0,36.0,35.0,35.0,33.0,32.0,31.0,30.0
real,300,gulf,7,ConstVel,0,buffer,4,61,293,0.44448366988909965,286.0,285.0,284.0,283.0,282.0,281.0,267.0,266.0,264.0,264.0,262.0,261.0,260.0,259.0,258.0,257.0,256.0,255.0,255.0,253.0
real,300,gulf,7,ConstVel,0,buffer,5,117,180,1.1893630132920272,177.0,176.0,175.0,174.0,173.0,172.0,171.0,170.0,169.0,168.0,168.0,167.0,166.0,163.0,162.0,161.0,160.0,159.0,158.0,157.0
real,300,gulf,7,ConstVel,0,buffer,6,144,310,0.5421369380713873,298.0,296.0,296.0,295.0,294.0,293.0,293.0,292.0,291.0,291.0,290.0,285.0,284.0,280.0,279.0,279.0,277.0,277.0,275.0,274.0
real,300,gulf,7,ConstVel,0,buffer,7,153,27,0.7544206715954868,24.0,23.0,22.0,21.0,20.0,19.0,18.0,17.0,16.0,15.0,14.0,13.0,12.0,11.0,10.0,9.0,7.0,7.0,6.0,6.0
real,300,gulf,7,ConstVel,0,buffer,8,194,82,0.5034079664535568,76.0,75.0,74.0,73.0,73.0,71.0,71.0,70.0,51.0,51.0,50.0,50.0,8.0,8.0,8.0,8.0,8.0,8.0,8.0,8.0
real,300,gulf,7,ConstVel,0,buffer,9,204,127,0.6529318756182602,124.0,123.0,122.0,122.0,121.0,120.0,120.0,120.0,119.0,119.0,15.0,14.0,13.0,12.0,11.0,10.0,9.0,8.0,7.0,7.0
real,300,gulf,7,ConstVel,0,buffer,10,214,31,0.49434467458280873,20.0,19.0,18.0,17.0,16.0,15.0,11.0,10.0,9.0,8.0,7.0,6.0,6.0,6.0,6.0,6.0,6.0,6.0,6.0,6.0
real,300,gulf,7,ConstVel,0,buffer,11,215,367,0.577073326506986,364.0,363.0,362.0,362.0,362.0,347.0,347.0,347.0,345.0,345.0,345.0,344.0,343.0,170.0,170.0,85.0,85.0,6.0,6.0,6.0
real,300,gulf,7,ConstVel,0,buffer,12,229,324,0.4885992045155814,319.0,318.0,317.0,316.0,315.0,314.0,313.0,312.0,311.0,310.0,309.0,308.0,308.0,303.0,302.0,302.0,302.0,293.0,293.0,293.0
real,300,gulf,7,ConstVel,0,buffer,13,230,127,0.4980919368091986,117.0,112.0,111.0,110.0,109.0,108.0,108.0,107.0,107.0,107.0,107.0,107.0,107.0,106.0,106.0,106.0,106.0,106.0,106.0,48.0
real,300,gulf,7,ConstVel,0,buffer,14,254,9,0.37919288372510995,6.0,6.0,6.0,6.0,6.0,6.0,6.0,6.0,6.0,6.0,6.0,6.0,6.0,6.0,6.0,6.0,6.0,6.0,6.0,6.0
real,300,gulf,7,ConstVel,0,buffer,15,340,25,1.0938513715542353,22.0,20.0,19.0,18.0,17.0,16.0,15.0,15.0,14.0,14.0,13.0,13.0,13.0,12.0,12.0,12.0,12.0,12.0,12.0,12.0
real,300,gulf,7,ConstVel,0,buffer,16,356,649,0.5837999220760901,646.0,645.0,644.0,643.0,642.0,641.0,640.0,639.0,638.0,638.0,637.0,637.0,636.0,635.0,631.0,630.0,630.0,629.0,628.0,627.0
real,300,gulf,7,ConstVel,0,buffer,17,357,24,1.1137592334625468,16.0,15.0,14.0,13.0,12.0,11.0,10.0,9.0,8.0,6.0,6.0,6.0,6.0,6.0,6.0,6.0,6.0,6.0,6.0,6.0
real,300,gulf,7,ConstVel,0,buffer,18,359,607,0.2559937332057938,605.0,604.0,603.0,603.0,600.0,599.0,598.0,597.0,596.0,595.0,594.0,593.0,592.0,591.0,591.0,590.0,587.0,587.0,586.0,585.0
real,300,gulf,7,ConstVel,0,buffer,19,407,43,0.8583357455416284,40.0,39.0,38.0,37.0,36.0,35.0,34.0,33.0,32.0,30.0,30.0,30.0,30.0,30.0,29.0,29.0,29.0,29.0,29.0,29.0
real,300,gulf,7,ConstVel,0,buffer,20,419,15,1.381933211240309,13.0,12.0,11.0,10.0,9.0,8.0,6.0,6.0,6.0,6.0,6.0,6.0,6.0,6.0,6.0,6.0,6.0,6.0,6.0,6.0
real,300,gulf,7,ConstVel,0,buffer,21,487,42,0.4882978796702517,35.0,34.0,33.0,32.0,31.0,30.0,29.0,28.0,27.0,26.0,25.0,24.0,23.0,21.0,21.0,20.0,19.0,17.0,17.0,17.0
real,300,gulf,7,ConstVel,0,crossing,0,15,138,0.46264060295423376,137.0,136.0,135.0,134.0,133.0,132.0,131.0,130.0,115.0,115.0,114.0,113.0,113.0,111.0,109.0,108.0,108.0,108.0,108.0,108.0
real,300,gulf,7,ConstVel,0,crossing,1,28,395,0.5058560014619379,394.0,393.0,392.0,388.0,387.0,386.0,385.0,318.0,318.0,317.0,315.0,314.0,313.0,312.0,310.0,310.0,309.0,308.0,48.0,48.0
real,300,gulf,7,ConstVel,0,crossing,2,29,24,0.5270786166441769,23.0,22.0,21.0,20.0,19.0,18.0,17.0,16.0,15.0,14.0,14.0,14.0,14.0,14.0,14.0,14.0,14.0,13.0,13.0,12.0
real,300,gulf,7,ConstVel,0,crossing,3,52,88,0.263359354360204,87.0,86.0,85.0,84.0,83.0,71.0,71.0,45.0,43.0,42.0,41.0,40.0,39.0,38.0,37.0,36.0,36.0,35.0,34.0,32.0
real,300,gulf,7,ConstVel,0,crossing,4,61,293,0.44448366988909965,292.0,291.0,290.0,289.0,288.0,287.0,287.0,285.0,284.0,266.0,265.0,264.0,263.0,261.0,261.0,260.0,258.0,257.0,256.0,255.0
real,300,gulf,7,ConstVel,0,crossing,5,117,180,1.1893630132920272,179.0,178.0,177.0,176.0,175.0,174.0,173.0,172.0,171.0,170.0,169.0,168.0,167.0,166.0,166.0,163.0,161.0,160.0,159.0,159.0
real,300,gulf,7,ConstVel,0,crossing,6,144,310,0.5421369380713873,309.0,308.0,307.0,300.0,297.0,296.0,295.0,295.0,294.0,294.0,293.0,292.0,291.0,291.0,291.0,285.0,280.0,280.0,279.0,277.0
real,300,gulf,7,ConstVel,0,crossing,7,153,27,0.7544206715954868,26.0,25.0,24.0,23.0,22.0,21.0,20.0,18.0,18.0,17.0,16.0,15.0,14.0,13.0,12.0,11.0,10.0,9.0,7.0,7.0
real,300,gulf,7,ConstVel,0,crossing,8,194,82,0.5034079664535568,81.0,80.0,79.0,78.0,77.0,76.0,75.0,73.0,73.0,72.0,51.0,51.0,50.0,50.0,50.0,50.0,50.0,8.0,8.0,8.0
real,300,gulf,7,ConstVel,0,crossing,9,204,127,0.6529318756182602,126.0,125.0,124.0,123.0,122.0,122.0,121.0,120.0,120.0,120.0,120.0,119.0,119.0,119.0,15.0,14.0,13.0,12.0,11.0,11.0
real,300,gulf,7,ConstVel,0,crossing,10,214,31,0.49434467458280873,30.0,29.0,28.0,27.0,26.0,25.0,24.0,23.0,21.0,21.0,20.0,19.0,19.0,12.0,10.0,9.0,8.0,7.0,6.0,6.0
real,300,gulf,7,ConstVel,0,crossing,11,215,367,0.577073326506986,366.0,365.0,364.0,363.0,362.0,362.0,362.0,362.0,362.0,362.0,347.0,347.0,347.0,345.0,345.0,345.0,170.0,170.0,170.0,170.0
real,300,gulf,7,ConstVel,0,crossing,12,229,324,0.4885992045155814,323.0,320.0,319.0,318.0,317.0,316.0,315.0,314.0,313.0,312.0,311.0,310.0,309.0,308.0,308.0,303.0,302.0,302.0,302.0,293.0
real,300,gulf,7,ConstVel,0,crossing,13,230,127,0.4980919368091986,126.0,125.0,125.0,112.0,111.0,110.0,109.0,109.0,108.0,107.0,107.0,107.0,107.0,107.0,107.0,107.0,107.0,106.0,106.0,106.0
real,300,gulf,7,ConstVel,0,crossing,14,254,9,0.37919288372510995,8.0,7.0,6.0,6.0,6.0,6.0,6.0,6.0,6.0,6.0,6.0,6.0,6.0,6.0,6.0,6.0,6.0,6.0,6.0,6.0
real,300,gulf,7,ConstVel,0,crossing,15,340,25,1.0938513715542353,24.0,23.0,22.0,20.0,19.0,18.0,17.0,16.0,15.0,15.0,14.0,14.0,13.0,13.0,13.0,12.0,12.0,12.0,12.0,12.0
real,300,gulf,7,ConstVel,0,crossing,16,356,649,0.5837999220760901,648.0,647.0,646.0,645.0,644.0,643.0,642.0,641.0,640.0,639.0,638.0,637.0,637.0,637.0,636.0,635.0,630.0,630.0,629.0,628.0
real,300,gulf,7,ConstVel,0,crossing,17,357,24,1.1137592334625468,23.0,22.0,21.0,21.0,20.0,20.0,19.0,16.0,15.0,14.0,13.0,13.0,13.0,12.0,11.0,10.0,9.0,6.0,6.0,6.0
real,300,gulf,7,ConstVel,0,crossing,18,359,607,0.2559937332057938,606.0,605.0,604.0,603.0,603.0,603.0,600.0,599.0,598.0,597.0,596.0,594.0,594.0,593.0,592.0,591.0,591.0,588.0,587.0,586.0
real,300,gulf,7,ConstVel,0,crossing,19,407,43,0.8583357455416284,42.0,41.0,40.0,39.0,38.0,37.0,36.0,35.0,34.0,33.0,32.0,30.0,30.0,30.0,30.0,30.0,30.0,29.0,29.0,29.0
real,300,gulf,7,ConstVel,0,crossing,20,419,15,1.381933211240309,14.0,13.0,12.0,11.0,10.0,9.0,8.0,7.0,6.0,6.0,6.0,6.0,6.0,6.0,6.0,6.0,6.0,6.0,6.0,6.0
real,300,gulf,7,ConstVel,0,crossing,21,487,42,0.4882978796702517,41.0,40.0,39.0,37.0,36.0,35.0,34.0,33.0,31.0,30.0,30.0,29.0,28.0,27.0,26.0,24.0,24.0,23.0,21.0,20.0
real,300,gulf,7,Kalman,0,buffer,0,15,138,0.46264060295423376,131.0,130.0,129.0,128.0,128.0,116.0,115.0,114.0,113.0,113.0,111.0,110.0,109.0,109.0,109.0,108.0,108.0,108.0,108.0,108.0
real,300,gulf,7,Kalman,0,buffer,1,28,395,0.5058560014619379,387.0,386.0,385.0,318.0,318.0,317.0,314.0,313.0,312.0,311.0,310.0,309.0,309.0,207.0,206.0,205.0,204.0,203.0,48.0,48.0
real,300,gulf,7,Kalman,0,buffer,2,29,24,0.5270786166441769,18.0,17.0,16.0,16.0,15.0,14.0,14.0,14.0,14.0,14.0,13.0,13.0,12.0,12.0,12.0,11.0,11.0,11.0,11.0,11.0
real,300,gulf,7,Kalman,0,buffer,3,52,88,0.263359354360204,83.0,82.0,81.0,80.0,46.0,44.0,43.0,42.0,41.0,40.0,39.0,38.0,37.0,36.0,35.0,35.0,33.0,32.0,31.0,30.0
real,300,gulf,7,Kalman,0,buffer,4,61,293,0.44448366988909965,286.0,285.0,284.0,283.0,282.0,282.0,267.0,266.0,264.0,263.0,262.0,261.0,260.0,259.0,258.0,257.0,256.0,255.0,255.0,254.0
real,300,gulf,7,Kalman,0,buffer,5,117,180,1.1893630132920272,177.0,176.0,175.0,174.0,173.0,172.0,171.0,170.0,169.0,169.0,168.0,167.0,166.0,163.0,162.0,161.0,160.0,159.0,158.0,157.0
real,300,gulf,7,Kalman,0,buffer,6,144,310,0.5421369380713873,298.0,296.0,296.0,295.0,294.0,293.0,293.0,292.0,291.0,291.0,286.0,285.0,284.0,284.0,280.0,280.0,277.0,277.0,275.0,275.0
real,300,gulf,7,Kalman,0,buffer,7,153,27,0.7544206715954868,24.0,23.0,22.0,21.0,20.0,19.0,18.0,17.0,16.0,15.0,14.0,13.0,12.0,11.0,10.0,9.0,8.0,7.0,6.0,6.0
real,300,gulf,7,Kalman,0,buffer,8,194,82,0.5034079664535568,76.0,75.0,74.0,73.0,73.0,72.0,71.0,70.0,70.0,70.0,51.0,51.0,51.0,51.0,51.0,8.0,8.0,8.0,8.0,8.0
real,300,gulf,7,Kalman,0,buffer,9,204,127,0.6529318756182602,124.0,123.0,122.0,122.0,121.0,121.0,120.0,120.0,120.0,120.0,15.0,14.0,13.0,12.0,11.0,10.0,9.0,8.0,8.0,8.0
real,300,gulf,7,Kalman,0,buffer,10,214,31,0.49434467458280873,20.0,19.0,18.0,17.0,16.0,12.0,11.0,10.0,9.0,8.0,7.0,6.0,6.0,6.0,6.0,6.0,6.0,6.0,6.0,6.0
real,300,gulf,7,Kalman,0,buffer,11,215,367,0.577073326506986,364.0,363.0,363.0,362.0,362.0,362.0,347.0,347.0,345.0,345.0,345.0,344.0,343.0,342.0,341.0,340.0,85.0,85.0,6.0,6.0
real,300,gulf,7,Kalman,0,buffer,12,229,324,0.4885992045155814,319.0,318.0,317.0,316.0,315.0,314.0,313.0,312.0,311.0,310.0,310.0,309.0,309.0,309.0,308.0,303.0,303.0,303.0,293.0,293.0
real,300,gulf,7,Kalman,0,buffer,13,230,127,0.4980919368091986,117.0,112.0,111.0,110.0,109.0,109.0,108.0,108.0,107.0,107.0,107.0,107.0,107.0,107.0,107.0,107.0,107.0,106.0,106.0,48.0
real,300,gulf,7,Kalman,0,buffer,14,254,9,0.37919288372510995,6.0,6.0,6.0,6.0,6.0,6.0,6.0,6.0,6.0,6.0,6.0,6.0,6.0,6.0,6.0,6.0,6.0,6.0,6.0,6.0
real,300,gulf,7,Kalman,0,buffer,15,340,25,1.0938513715542353,22.0,20.0,19.0,18.0,17.0,16.0,15.0,15.0,15.0,14.0,14.0,13.0,13.0,13.0,13.0,13.0,13.0,13.0,12.0,12.0
real,300,gulf,7,Kalman,0,buffer,16,356,649,0.5837999220760901,646.0,645.0,644.0,643.0,642.0,641.0,640.0,639.0,639.0,638.0,637.0,637.0,636.0,635.0,631.0,630.0,630.0,629.0,628.0,627.0
real,300,gulf,7,Kalman,0,buffer,17,357,24,1.1137592334625468,16.0,15.0,14.0,13.0,12.0,11.0,10.0,9.0,8.0,6.0,6.0,6.0,6.0,6.0,6.0,6.0,6.0,6.0,6.0,6.0
real,300,gulf,7,Kalman,0,buffer,18,359,607,0.2559937332057938,605.0,604.0,603.0,603.0,600.0,599.0,598.0,597.0,596.0,595.0,594.0,593.0,592.0,591.0,591.0,589.0,588.0,587.0,586.0,586.0
real,300,gulf,7,Kalman,0,buffer,19,407,43,0.8583357455416284,40.0,39.0,38.0,37.0,36.0,35.0,34.0,33.0,32.0,32.0,31.0,31.0,30.0,30.0,30.0,30.0,30.0,30.0,30.0,30.0
real,300,gulf,7,Kalman,0,buffer,20,419,15,1.381933211240309,13.0,12.0,11.0,10.0,9.0,7.0,6.0,6.0,6.0,6.0,6.0,6.0,6.0,6.0,6.0,6.0,6.0,6.0,6.0,6.0
real,300,gulf,7,Kalman,0,buffer,21,487,42,0.4882978796702517,35.0,34.0,33.0,32.0,31.0,30.0,29.0,28.0,27.0,26.0,25.0,24.0,23.0,21.0,21.0,20.0,19.0,18.0,17.0,17.0
real,300,gulf,7,Kalman,0,crossing,0,15,138,0.46264060295423376,137.0,136.0,135.0,134.0,133.0,132.0,131.0,130.0,115.0,115.0,114.0,113.0,112.0,111.0,110.0,109.0,109.0,109.0,108.0,108.0
real,300,gulf,7,Kalman,0,crossing,1,28,395,0.5058560014619379,394.0,393.0,389.0,388.0,387.0,386.0,385.0,384.0,318.0,318.0,315.0,314.0,313.0,312.0,311.0,310.0,309.0,308.0,206.0,206.0
real,300,gulf,7,Kalman,0,crossing,2,29,24,0.5270786166441769,23.0,22.0,21.0,20.0,19.0,18.0,17.0,16.0,16.0,15.0,15.0,14.0,14.0,14.0,14.0,14.0,14.0,14.0,13.0,13.0
real,300,gulf,7,Kalman,0,crossing,3,52,88,0.263359354360204,87.0,86.0,85.0,84.0,83.0,82.0,46.0,45.0,43.0,42.0,41.0,40.0,39.0,38.0,37.0,36.0,36.0,35.0,33.0,32.0
real,300,gulf,7,Kalman,0,crossing,4,61,293,0.44448366988909965,292.0,291.0,290.0,289.0,288.0,287.0,287.0,285.0,284.0,266.0,265.0,264.0,262.0,261.0,261.0,260.0,258.0,257.0,256.0,256.0
real,300,gulf,7,Kalman,0,crossing,5,117,180,1.1893630132920272,179.0,178.0,177.0,176.0,175.0,174.0,173.0,172.0,171.0,170.0,169.0,168.0,167.0,166.0,164.0,163.0,161.0,160.0,159.0,159.0
real,300,gulf,7,Kalman,0,crossing,6,144,310,0.5421369380713873,309.0,308.0,307.0,300.0,297.0,296.0,295.0,295.0,294.0,294.0,293.0,292.0,292.0,291.0,286.0,285.0,284.0,280.0,280.0,280.0
real,300,gulf,7,Kalman,0,crossing,7,153,27,0.7544206715954868,26.0,25.0,24.0,23.0,22.0,21.0,20.0,19.0,18.0,17.0,16.0,15.0,14.0,13.0,12.0,11.0,10.0,9.0,7.0,7.0
real,300,gulf,7,Kalman,0,crossing,8,194,82,0.5034079664535568,81.0,80.0,79.0,78.0,77.0,76.0,75.0,74.0,73.0,72.0,71.0,71.0,51.0,51.0,51.0,51.0,51.0,51.0,51.0,51.0
real,300,gulf,7,Kalman,0,crossing,9,204,127,0.6529318756182602,126.0,125.0,124.0,123.0,123.0,122.0,122.0,121.0,121.0,120.0,120.0,120.0,120.0,120.0,15.0,14.0,13.0,12.0,11.0,11.0
real,300,gulf,7,Kalman,0,crossing,10,214,31,0.49434467458280873,30.0,29.0,28.0,27.0,26.0,25.0,24.0,23.0,21.0,21.0,20.0,19.0,19.0,11.0,10.0,9.0,8.0,7.0,6.0,6.0
real,300,gulf,7,Kalman,0,crossing,11,215,367,0.577073326506986,366.0,365.0,364.0,364.0,363.0,363.0,363.0,362.0,362.0,362.0,362.0,347.0,347.0,347.0,345.0,345.0,345.0,344.0,343.0,342.0
real,300,gulf,7,Kalman,0,crossing,12,229,324,0.4885992045155814,322.0,320.0,319.0,318.0,317.0,316.0,315.0,314.0,313.0,312.0,311.0,310.0,310.0,309.0,309.0,309.0,308.0,303.0,303.0,303.0
real,300,gulf,7,Kalman,0,crossing,13,230,127,0.4980919368091986,126.0,125.0,125.0,112.0,111.0,110.0,110.0,109.0,108.0,108.0,108.0,107.0,107.0,107.0,107.0,107.0,107.0,107.0,107.0,107.0
real,300,gulf,7,Kalman,0,crossing,14,254,9,0.37919288372510995,8.0,7.0,6.0,6.0,6.0,6.0,6.0,6.0,6.0,6.0,6.0,6.0,6.0,6.0,6.0,6.0,6.0,6.0,6.0,6.0
real,300,gulf,7,Kalman,0,crossing,15,340,25,1.0938513715542353,24.0,23.0,21.0,20.0,19.0,18.0,17.0,16.0,15.0,15.0,15.0,14.0,14.0,14.0,13.0,13.0,13.0,13.0,13.0,13.0
real,300,gulf,7,Kalman,0,crossing,16,356,649,0.5837999220760901,648.0,647.0,646.0,645.0,644.0,643.0,642.0,641.0,640.0,639.0,638.0,638.0,637.0,637.0,636.0,635.0,630.0,630.0,629.0,628.0
real,300,gulf,7,Kalman,0,crossing,17,357,24,1.1137592334625468,23.0,22.0,21.0,21.0,20.0,20.0,18.0,16.0,15.0,15.0,14.0,13.0,13.0,12.0,11.0,10.0,9.0,6.0,6.0,6.0
real,300,gulf,7,Kalman,0,crossing,18,359,607,0.2559937332057938,606.0,605.0,604.0,604.0,603.0,603.0,600.0,599.0,598.0,597.0,595.0,594.0,594.0,593.0,592.0,591.0,590.0,588.0,587.0,586.0
real,300,gulf,7,Kalman,0,crossing,19,407,43,0.8583357455416284,42.0,41.0,40.0,39.0,38.0,37.0,36.0,35.0,34.0,33.0,32.0,31.0,31.0,31.0,30.0,30.0,30.0,30.0,30.0,30.0
real,300,gulf,7,Kalman,0,crossing,20,419,15,1.381933211240309,14.0,13.0,12.0,11.0,10.0,9.0,8.0,7.0,6.0,6.0,6.0,6.0,6.0,6.0,6.0,6.0,6.0,6.0,6.0,6.0
real,300,gulf,7,Kalman,0,crossing,21,487,42,0.4882978796702517,41.0,40.0,39.0,37.0,36.0,35.0,34.0,33.0,31.0,31.0,30.0,29.0,28.0,27.0,26.0,25.0,24.0,22.0,21.0,20.0
real,300,gulf,7,LSTM-rec,0,buffer,0,15,138,0.46264060295423376,131.0,130.0,129.0,128.0,128.0,127.0,127.0,115.0,115.0,114.0,114.0,113.0,113.0,112.0,112.0,111.0,111.0,110.0,110.0,110.0
real,300,gulf,7,LSTM-rec,0,buffer,1,28,395,0.5058560014619379,387.0,386.0,385.0,385.0,318.0,318.0,317.0,315.0,314.0,314.0,313.0,313.0,312.0,311.0,311.0,310.0,310.0,310.0,309.0,309.0
real,300,gulf,7,LSTM-rec,0,buffer,2,29,24,0.5270786166441769,18.0,18.0,17.0,16.0,16.0,15.0,15.0,15.0,14.0,14.0,14.0,14.0,14.0,14.0,14.0,14.0,14.0,13.0,13.0,13.0
real,300,gulf,7,LSTM-rec,0,buffer,3,52,88,0.263359354360204,83.0,82.0,81.0,80.0,80.0,80.0,46.0,45.0,44.0,43.0,43.0,43.0,42.0,42.0,41.0,41.0,41.0,41.0,40.0,40.0
real,300,gulf,7,LSTM-rec,0,buffer,4,61,293,0.44448366988909965,286.0,285.0,284.0,284.0,283.0,282.0,281.0,267.0,266.0,266.0,265.0,264.0,264.0,263.0,262.0,261.0,261.0,261.0,260.0,260.0
real,300,gulf,7,LSTM-rec,0,buffer,5,117,180,1.1893630132920272,177.0,176.0,176.0,175.0,174.0,173.0,173.0,172.0,172.0,171.0,170.0,170.0,169.0,169.0,168.0,168.0,168.0,167.0,167.0,166.0
real,300,gulf,7,LSTM-rec,0,buffer,6,144,310,0.5421369380713873,298.0,297.0,296.0,295.0,295.0,294.0,293.0,293.0,292.0,292.0,291.0,291.0,286.0,285.0,285.0,284.0,283.0,283.0,280.0,280.0
real,300,gulf,7,LSTM-rec,0,buffer,7,153,27,0.7544206715954868,24.0,23.0,22.0,21.0,21.0,20.0,19.0,19.0,18.0,18.0,17.0,17.0,16.0,16.0,15.0,15.0,14.0,14.0,13.0,13.0
real,300,gulf,7,LSTM-rec,0,buffer,8,194,82,0.5034079664535568,77.0,76.0,75.0,74.0,73.0,73.0,72.0,72.0,71.0,71.0,71.0,71.0,70.0,70.0,70.0,70.0,70.0,69.0,69.0,69.0
real,300,gulf,7,LSTM-rec,0,buffer,9,204,127,0.6529318756182602,124.0,123.0,123.0,122.0,122.0,121.0,121.0,121.0,120.0,120.0,120.0,120.0,120.0,120.0,15.0,15.0,14.0,14.0,13.0,12.0
real,300,gulf,7,LSTM-rec,0,buffer,10,214,31,0.49434467458280873,20.0,19.0,18.0,17.0,16.0,15.0,12.0,11.0,10.0,10.0,9.0,8.0,7.0,7.0,6.0,6.0,6.0,6.0,6.0,6.0
real,300,gulf,7,LSTM-rec,0,buffer,11,215,367,0.577073326506986,364.0,363.0,363.0,362.0,362.0,362.0,362.0,347.0,347.0,347.0,345.0,345.0,345.0,345.0,344.0,343.0,343.0,342.0,341.0,341.0
real,300,gulf,7,LSTM-rec,0,buffer,12,229,324,0.4885992045155814,319.0,318.0,317.0,316.0,316.0,315.0,314.0,314.0,313.0,313.0,312.0,312.0,311.0,311.0,311.0,310.0,310.0,310.0,310.0,309.0
real,300,gulf,7,LSTM-rec,0,buffer,13,230,127,0.4980919368091986,117.0,112.0,112.0,111.0,110.0,110.0,109.0,109.0,108.0,108.0,108.0,108.0,107.0,107.0,107.0,107.0,107.0,107.0,107.0,107.0
real,300,gulf,7,LSTM-rec,0,buffer,14,254,9,0.37919288372510995,6.0,6.0,6.0,6.0,6.0,6.0,6.0,6.0,6.0,6.0,6.0,6.0,6.0,6.0,6.0,6.0,6.0,6.0,6.0,6.0
real,300,gulf,7,LSTM-rec,0,buffer,15,340,25,1.0938513715542353,22.0,21.0,20.0,19.0,18.0,17.0,17.0,16.0,16.0,15.0,15.0,15.0,15.0,14.0,14.0,14.0,14.0,14.0,14.0,13.0
real,300,gulf,7,LSTM-rec,0,buffer,16,356,649,0.5837999220760901,646.0,645.0,644.0,644.0,643.0,642.0,642.0,641.0,640.0,640.0,639.0,639.0,638.0,638.0,638.0,637.0,637.0,637.0,636.0,636.0
real,300,gulf,7,LSTM-rec,0,buffer,17,357,24,1.1137592334625468,16.0,15.0,13.0,13.0,12.0,10.0,9.0,7.0,6.0,6.0,6.0,6.0,6.0,6.0,6.0,6.0,6.0,6.0,6.0,6.0
real,300,gulf,7,LSTM-rec,0,buffer,18,359,607,0.2559937332057938,605.0,604.0,603.0,603.0,602.0,600.0,599.0,599.0,598.0,598.0,597.0,597.0,596.0,595.0,595.0,594.0,594.0,594.0,593.0,593.0
real,300,gulf,7,LSTM-rec,0,buffer,19,407,43,0.8583357455416284,40.0,40.0,39.0,38.0,37.0,36.0,36.0,35.0,34.0,34.0,33.0,33.0,32.0,32.0,32.0,32.0,31.0,31.0,31.0,31.0
real,300,gulf,7,LSTM-rec,0,buffer,20,419,15,1.381933211240309,13.0,12.0,11.0,10.0,9.0,9.0,8.0,7.0,7.0,6.0,6.0,6.0,6.0,6.0,6.0,6.0,6.0,6.0,6.0,6.0
real,300,gulf,7,LSTM-rec,0,buffer,21,487,42,0.4882978796702517,35.0,34.0,33.0,32.0,31.0,31.0,30.0,29.0,29.0,28.0,28.0,27.0,26.0,26.0,25.0,24.0,24.0,23.0,23.0,22.0
real,300,gulf,7,LSTM-rec,0,crossing,0,15,138,0.46264060295423376,137.0,136.0,135.0,134.0,133.0,133.0,132.0,131.0,131.0,130.0,130.0,115.0,115.0,115.0,114.0,114.0,113.0,113.0,112.0,112.0
real,300,gulf,7,LSTM-rec,0,crossing,1,28,395,0.5058560014619379,394.0,393.0,392.0,388.0,388.0,387.0,386.0,386.0,385.0,385.0,384.0,318.0,318.0,318.0,318.0,315.0,314.0,314.0,313.0,313.0
real,300,gulf,7,LSTM-rec,0,crossing,2,29,24,0.5270786166441769,23.0,22.0,21.0,20.0,20.0,19.0,19.0,18.0,17.0,17.0,17.0,16.0,16.0,16.0,16.0,15.0,15.0,15.0,15.0,15.0
real,300,gulf,7,LSTM-rec,0,crossing,3,52,88,0.263359354360204,87.0,86.0,85.0,85.0,84.0,83.0,83.0,82.0,80.0,80.0,46.0,46.0,45.0,44.0,44.0,43.0,43.0,43.0,42.0,42.0
real,300,gulf,7,LSTM-rec,0,crossing,4,61,293,0.44448366988909965,292.0,291.0,291.0,289.0,288.0,288.0,287.0,287.0,286.0,285.0,284.0,267.0,266.0,266.0,265.0,264.0,264.0,263.0,262.0,262.0
real,300,gulf,7,LSTM-rec,0,crossing,5,117,180,1.1893630132920272,179.0,178.0,177.0,176.0,176.0,175.0,174.0,174.0,173.0,173.0,172.0,171.0,171.0,170.0,170.0,169.0,169.0,169.0,168.0,168.0
real,300,gulf,7,LSTM-rec,0,crossing,6,144,310,0.5421369380713873,309.0,308.0,307.0,300.0,298.0,296.0,296.0,295.0,295.0,294.0,294.0,293.0,293.0,293.0,292.0,292.0,292.0,291.0,286.0,285.0
real,300,gulf,7,LSTM-rec,0,crossing,7,153,27,0.7544206715954868,26.0,25.0,24.0,23.0,22.0,22.0,21.0,20.0,20.0,19.0,19.0,18.0,18.0,17.0,17.0,16.0,16.0,16.0,15.0,15.0
real,300,gulf,7,LSTM-rec,0,crossing,8,194,82,0.5034079664535568,81.0,80.0,79.0,79.0,78.0,77.0,76.0,76.0,75.0,75.0,74.0,74.0,73.0,73.0,73.0,72.0,72.0,72.0,71.0,71.0
real,300,gulf,7,LSTM-rec,0,crossing,9,204,127,0.6529318756182602,126.0,125.0,124.0,124.0,123.0,123.0,122.0,122.0,122.0,121.0,121.0,121.0,120.0,120.0,120.0,120.0,120.0,120.0,120.0,120.0
real,300,gulf,7,LSTM-rec,0,crossing,10,214,31,0.49434467458280873,30.0,29.0,28.0,27.0,26.0,25.0,24.0,23.0,22.0,21.0,21.0,20.0,19.0,18.0,18.0,12.0,12.0,11.0,10.0,9.0
real,300,gulf,7,LSTM-rec,0,crossing,11,215,367,0.577073326506986,366.0,365.0,365.0,364.0,364.0,363.0,363.0,362.0,362.0,362.0,362.0,362.0,362.0,362.0,362.0,347.0,347.0,347.0,347.0,345.0
real,300,gulf,7,LSTM-rec,0,crossing,12,229,324,0.4885992045155814,323.0,321.0,320.0,318.0,318.0,317.0,316.0,316.0,315.0,315.0,314.0,314.0,313.0,313.0,312.0,312.0,311.0,311.0,311.0,310.0
real,300,gulf,7,LSTM-rec,0,crossing,13,230,127,0.4980919368091986,126.0,125.0,125.0,124.0,112.0,111.0,111.0,110.0,110.0,109.0,109.0,109.0,108.0,108.0,108.0,108.0,108.0,107.0,107.0,107.0
real,300,gulf,7,LSTM-rec,0,crossing,14,254,9,0.37919288372510995,8.0,7.0,6.0,6.0,6.0,6.0,6.0,6.0,6.0,6.0,6.0,6.0,6.0,6.0,6.0,6.0,6.0,6.0,6.0,6.0
real,300,gulf,7,LSTM-rec,0,crossing,15,340,25,1.0938513715542353,24.0,23.0,22.0,21.0,20.0,19.0,18.0,18.0,17.0,16.0,16.0,16.0,15.0,15.0,15.0,15.0,15.0,15.0,14.0,14.0
real,300,gulf,7,LSTM-rec,0,crossing,16,356,649,0.5837999220760901,648.0,647.0,646.0,645.0,644.0,644.0,643.0,642.0,642.0,641.0,641.0,640.0,640.0,639.0,639.0,638.0,638.0,638.0,637.0,637.0
real,300,gulf,7,LSTM-rec,0,crossing,17,357,24,1.1137592334625468,23.0,22.0,21.0,21.0,20.0,19.0,17.0,15.0,14.0,13.0,13.0,11.0,10.0,9.0,6.0,6.0,6.0,6.0,6.0,6.0
real,300,gulf,7,LSTM-rec,0,crossing,18,359,607,0.2559937332057938,606.0,605.0,605.0,604.0,603.0,603.0,603.0,602.0,600.0,599.0,599.0,598.0,598.0,597.0,597.0,596.0,595.0,595.0,594.0,594.0
real,300,gulf,7,LSTM-rec,0,crossing,19,407,43,0.8583357455416284,42.0,41.0,41.0,40.0,39.0,38.0,38.0,37.0,36.0,36.0,35.0,34.0,34.0,33.0,33.0,33.0,32.0,32.0,32.0,32.0
real,300,gulf,7,LSTM-rec,0,crossing,20,419,15,1.381933211240309,14.0,14.0,13.0,12.0,11.0,11.0,10.0,9.0,9.0,8.0,7.0,7.0,6.0,6.0,6.0,6.0,6.0,6.0,6.0,6.0
real,300,gulf,7,LSTM-rec,0,crossing,21,487,42,0.4882978796702517,41.0,40.0,39.0,38.0,37.0,36.0,35.0,34.0,34.0,33.0,33.0,32.0,31.0,30.0,30.0,29.0,29.0,28.0,28.0,27.0
real,300,gulf,7,LSTM-ms,0,buffer,0,15,138,0.46264060295423376,131.0,131.0,131.0,131.0,131.0,130.0,130.0,130.0,130.0,130.0,130.0,117.0,116.0,116.0,115.0,115.0,115.0,115.0,115.0,114.0
real,300,gulf,7,LSTM-ms,0,buffer,1,28,395,0.5058560014619379,387.0,387.0,386.0,386.0,386.0,385.0,385.0,385.0,384.0,384.0,384.0,383.0,383.0,318.0,318.0,318.0,318.0,318.0,315.0,315.0
real,300,gulf,7,LSTM-ms,0,buffer,2,29,24,0.5270786166441769,19.0,18.0,18.0,18.0,17.0,17.0,17.0,17.0,17.0,16.0,16.0,16.0,16.0,16.0,16.0,16.0,16.0,16.0,16.0,15.0
real,300,gulf,7,LSTM-ms,0,buffer,3,52,88,0.263359354360204,83.0,83.0,83.0,82.0,82.0,82.0,82.0,82.0,46.0,46.0,45.0,45.0,44.0,44.0,43.0,43.0,43.0,42.0,42.0,42.0
real,300,gulf,7,LSTM-ms,0,buffer,4,61,293,0.44448366988909965,287.0,286.0,286.0,286.0,285.0,285.0,285.0,285.0,284.0,284.0,284.0,284.0,284.0,267.0,267.0,266.0,266.0,266.0,265.0,265.0
real,300,gulf,7,LSTM-ms,0,buffer,5,117,180,1.1893630132920272,177.0,177.0,176.0,176.0,175.0,175.0,174.0,174.0,173.0,173.0,172.0,172.0,172.0,171.0,171.0,171.0,170.0,170.0,170.0,169.0
real,300,gulf,7,LSTM-ms,0,buffer,6,144,310,0.5421369380713873,298.0,297.0,297.0,297.0,296.0,296.0,296.0,295.0,295.0,295.0,295.0,295.0,294.0,294.0,294.0,294.0,294.0,294.0,293.0,293.0
real,300,gulf,7,LSTM-ms,0,buffer,7,153,27,0.7544206715954868,24.0,23.0,23.0,22.0,22.0,21.0,21.0,20.0,20.0,19.0,19.0,19.0,18.0,18.0,18.0,17.0,17.0,17.0,17.0,16.0
real,300,gulf,7,LSTM-ms,0,buffer,8,194,82,0.5034079664535568,77.0,76.0,76.0,76.0,75.0,75.0,75.0,74.0,74.0,74.0,73.0,73.0,73.0,73.0,73.0,73.0,73.0,72.0,72.0,72.0
real,300,gulf,7,LSTM-ms,0,buffer,9,204,127,0.6529318756182602,124.0,124.0,123.0,123.0,123.0,123.0,122.0,122.0,122.0,122.0,122.0,122.0,122.0,122.0,121.0,121.0,121.0,121.0,121.0,121.0
real,300,gulf,7,LSTM-ms,0,buffer,10,214,31,0.49434467458280873,21.0,21.0,21.0,21.0,21.0,21.0,21.0,21.0,20.0,20.0,20.0,20.0,20.0,20.0,20.0,20.0,20.0,20.0,20.0,19.0
real,300,gulf,7,LSTM-ms,0,buffer,11,215,367,0.577073326506986,364.0,364.0,364.0,364.0,364.0,364.0,364.0,363.0,363.0,363.0,363.0,363.0,363.0,363.0,363.0,363.0,363.0,363.0,363.0,363.0
real,300,gulf,7,LSTM-ms,0,buffer,12,229,324,0.4885992045155814,319.0,319.0,318.0,317.0,317.0,316.0,316.0,316.0,315.0,315.0,314.0,314.0,314.0,313.0,313.0,313.0,312.0,312.0,312.0,312.0
real,300,gulf,7,LSTM-ms,0,buffer,13,230,127,0.4980919368091986,118.0,118.0,112.0,112.0,111.0,111.0,111.0,110.0,110.0,110.0,110.0,110.0,110.0,109.0,109.0,109.0,109.0,109.0,109.0,109.0
real,300,gulf,7,LSTM-ms,0,buffer,14,254,9,0.37919288372510995,6.0,6.0,6.0,6.0,6.0,6.0,6.0,6.0,6.0,6.0,6.0,6.0,6.0,6.0,6.0,6.0,6.0,6.0,6.0,6.0
real,300,gulf,7,LSTM-ms,0,buffer,15,340,25,1.0938513715542353,22.0,21.0,20.0,20.0,19.0,19.0,18.0,18.0,17.0,17.0,17.0,16.0,16.0,16.0,16.0,16.0,16.0,16.0,16.0,15.0
real,300,gulf,7,LSTM-ms,0,buffer,16,356,649,0.5837999220760901,646.0,646.0,645.0,645.0,644.0,643.0,643.0,643.0,642.0,642.0,641.0,641.0,641.0,640.0,640.0,640.0,640.0,639.0,639.0,639.0
real,300,gulf,7,LSTM-ms,0,buffer,17,357,24,1.1137592334625468,16.0,16.0,16.0,16.0,16.0,15.0,15.0,15.0,15.0,15.0,14.0,14.0,14.0,14.0,14.0,14.0,14.0,14.0,14.0,13.0
real,300,gulf,7,LSTM-ms,0,buffer,18,359,607,0.2559937332057938,605.0,604.0,604.0,603.0,603.0,603.0,602.0,601.0,600.0,600.0,599.0,599.0,598.0,598.0,598.0,597.0,597.0,597.0,596.0,596.0
real,300,gulf,7,LSTM-ms,0,buffer,19,407,43,0.8583357455416284,41.0,40.0,39.0,39.0,38.0,38.0,37.0,37.0,36.0,36.0,36.0,35.0,35.0,34.0,34.0,34.0,34.0,33.0,33.0,33.0
real,300,gulf,7,LSTM-ms,0,buffer,20,419,15,1.381933211240309,13.0,12.0,12.0,11.0,11.0,10.0,9.0,9.0,8.0,8.0,8.0,7.0,7.0,6.0,6.0,6.0,6.0,6.0,6.0,6.0
real,300,gulf,7,LSTM-ms,0,buffer,21,487,42,0.4882978796702517,35.0,35.0,35.0,34.0,34.0,34.0,33.0,33.0,32.0,32.0,32.0,31.0,31.0,31.0,31.0,31.0,31.0,30.0,30.0,30.0
real,300,gulf,7,LSTM-ms,0,crossing,0,15,138,0.46264060295423376,137.0,137.0,136.0,136.0,136.0,136.0,135.0,135.0,135.0,135.0,134.0,134.0,134.0,134.0,134.0,134.0,134.0,133.0,133.0,133.0
real,300,gulf,7,LSTM-ms,0,crossing,1,28,395,0.5058560014619379,395.0,394.0,394.0,394.0,394.0,394.0,389.0,388.0,388.0,388.0,387.0,387.0,387.0,387.0,386.0,386.0,386.0,386.0,386.0,385.0
real,300,gulf,7,LSTM-ms,0,crossing,2,29,24,0.5270786166441769,23.0,23.0,22.0,22.0,21.0,21.0,21.0,21.0,20.0,20.0,20.0,20.0,19.0,19.0,19.0,19.0,19.0,18.0,18.0,18.0
real,300,gulf,7,LSTM-ms,0,crossing,3,52,88,0.263359354360204,88.0,87.0,87.0,86.0,86.0,86.0,85.0,85.0,84.0,84.0,84.0,84.0,83.0,83.0,46.0,46.0,46.0,45.0,44.0,44.0
real,300,gulf,7,LSTM-ms,0,crossing,4,61,293,0.44448366988909965,292.0,292.0,292.0,291.0,291.0,291.0,291.0,291.0,290.0,290.0,289.0,289.0,289.0,289.0,289.0,289.0,289.0,288.0,288.0,288.0
real,300,gulf,7,LSTM-ms,0,crossing,5,117,180,1.1893630132920272,179.0,178.0,178.0,177.0,177.0,176.0,176.0,175.0,175.0,174.0,174.0,174.0,173.0,173.0,173.0,172.0,172.0,172.0,171.0,171.0
real,300,gulf,7,LSTM-ms,0,crossing,6,144,310,0.5421369380713873,309.0,309.0,309.0,308.0,308.0,308.0,300.0,299.0,298.0,298.0,297.0,297.0,297.0,297.0,296.0,296.0,296.0,296.0,296.0,296.0
real,300,gulf,7,LSTM-ms,0,crossing,7,153,27,0.7544206715954868,26.0,25.0,25.0,24.0,24.0,23.0,22.0,22.0,22.0,21.0,21.0,20.0,20.0,20.0,19.0,19.0,19.0,19.0,18.0,18.0
real,300,gulf,7,LSTM-ms,0,crossing,8,194,82,0.5034079664535568,82.0,81.0,81.0,80.0,80.0,80.0,79.0,79.0,78.0,78.0,78.0,77.0,77.0,77.0,76.0,76.0,76.0,76.0,75.0,75.0
real,300,gulf,7,LSTM-ms,0,crossing,9,204,127,0.6529318756182602,126.0,126.0,125.0,125.0,124.0,124.0,124.0,123.0,123.0,123.0,123.0,123.0,123.0,123.0,122.0,122.0,122.0,122.0,122.0,122.0
real,300,gulf,7,LSTM-ms,0,crossing,10,214,31,0.49434467458280873,31.0,31.0,30.0,30.0,30.0,30.0,30.0,30.0,30.0,30.0,30.0,30.0,30.0,30.0,29.0,29.0,29.0,29.0,29.0,29.0
real,300,gulf,7,LSTM-ms,0,crossing,11,215,367,0.577073326506986,367.0,366.0,366.0,365.0,365.0,365.0,365.0,365.0,364.0,364.0,364.0,364.0,364.0,364.0,364.0,364.0,364.0,364.0,364.0,364.0
real,300,gulf,7,LSTM-ms,0,crossing,12,229,324,0.4885992045155814,322.0,321.0,320.0,320.0,319.0,318.0,318.0,317.0,317.0,317.0,316.0,316.0,316.0,315.0,315.0,315.0,314.0,314.0,314.0,313.0
real,300,gulf,7,LSTM-ms,0,crossing,13,230,127,0.4980919368091986,127.0,127.0,126.0,126.0,126.0,126.0,112.0,112.0,112.0,111.0,111.0,111.0,111.0,110.0,110.0,110.0,110.0,110.0,110.0,110.0
real,300,gulf,7,LSTM-ms,0,crossing,14,254,9,0.37919288372510995,8.0,8.0,8.0,8.0,8.0,8.0,7.0,7.0,7.0,7.0,7.0,7.0,7.0,7.0,7.0,7.0,7.0,7.0,7.0,6.0
real,300,gulf,7,LSTM-ms,0,crossing,15,340,25,1.0938513715542353,24.0,23.0,23.0,22.0,21.0,21.0,20.0,20.0,19.0,19.0,18.0,18.0,18.0,17.0,17.0,17.0,17.0,16.0,16.0,16.0
real,300,gulf,7,LSTM-ms,0,crossing,16,356,649,0.5837999220760901,648.0,647.0,647.0,646.0,646.0,645.0,645.0,644.0,644.0,643.0,643.0,642.0,642.0,642.0,641.0,641.0,641.0,641.0,640.0,640.0
real,300,gulf,7,LSTM-ms,0,crossing,17,357,24,1.1137592334625468,23.0,23.0,23.0,23.0,23.0,22.0,22.0,22.0,22.0,22.0,22.0,22.0,22.0,22.0,22.0,22.0,22.0,21.0,21.0,21.0
real,300,gulf,7,LSTM-ms,0,crossing,18,359,607,0.2559937332057938,606.0,606.0,605.0,605.0,604.0,604.0,604.0,603.0,603.0,603.0,602.0,600.0,600.0,600.0,599.0,599.0,599.0,598.0,598.0,598.0
real,300,gulf,7,LSTM-ms,0,crossing,19,407,43,0.8583357455416284,42.0,42.0,41.0,41.0,40.0,40.0,39.0,39.0,38.0,38.0,37.0,37.0,37.0,36.0,36.0,36.0,35.0,35.0,34.0,34.0
real,300,gulf,7,LSTM-ms,0,crossing,20,419,15,1.381933211240309,15.0,14.0,13.0,13.0,12.0,12.0,11.0,11.0,10.0,10.0,9.0,9.0,9.0,8.0,8.0,7.0,7.0,7.0,6.0,6.0
real,300,gulf,7,LSTM-ms,0,crossing,21,487,42,0.4882978796702517,41.0,41.0,40.0,40.0,40.0,39.0,39.0,38.0,38.0,38.0,37.0,37.0,37.0,37.0,36.0,36.0,36.0,36.0,35.0,35.0
real,300,gulf,7,LSTM-rec,1,buffer,0,15,138,0.46264060295423376,131.0,130.0,129.0,128.0,127.0,122.0,115.0,115.0,114.0,113.0,113.0,112.0,111.0,110.0,110.0,109.0,109.0,109.0,108.0,108.0
real,300,gulf,7,LSTM-rec,1,buffer,1,28,395,0.5058560014619379,387.0,386.0,385.0,318.0,318.0,315.0,315.0,314.0,313.0,312.0,311.0,310.0,309.0,309.0,206.0,205.0,204.0,177.0,177.0,177.0
real,300,gulf,7,LSTM-rec,1,buffer,2,29,24,0.5270786166441769,18.0,17.0,17.0,16.0,15.0,15.0,14.0,14.0,14.0,13.0,13.0,12.0,12.0,11.0,11.0,11.0,10.0,10.0,8.0,8.0
real,300,gulf,7,LSTM-rec,1,buffer,3,52,88,0.263359354360204,83.0,82.0,81.0,80.0,80.0,46.0,45.0,44.0,43.0,42.0,42.0,41.0,41.0,40.0,40.0,39.0,38.0,38.0,37.0,37.0
real,300,gulf,7,LSTM-rec,1,buffer,4,61,293,0.44448366988909965,286.0,285.0,284.0,283.0,282.0,281.0,281.0,266.0,265.0,264.0,264.0,263.0,261.0,261.0,260.0,259.0,259.0,258.0,257.0,256.0
real,300,gulf,7,LSTM-rec,1,buffer,5,117,180,1.1893630132920272,177.0,176.0,175.0,175.0,174.0,173.0,172.0,172.0,171.0,170.0,170.0,169.0,168.0,168.0,167.0,166.0,166.0,165.0,164.0,163.0
real,300,gulf,7,LSTM-rec,1,buffer,6,144,310,0.5421369380713873,298.0,296.0,296.0,295.0,294.0,293.0,293.0,292.0,292.0,287.0,286.0,285.0,284.0,283.0,280.0,280.0,279.0,277.0,276.0,275.0
real,300,gulf,7,LSTM-rec,1,buffer,7,153,27,0.7544206715954868,24.0,23.0,22.0,21.0,20.0,20.0,19.0,18.0,17.0,17.0,16.0,15.0,15.0,14.0,13.0,13.0,12.0,12.0,11.0,11.0
real,300,gulf,7,LSTM-rec,1,buffer,8,194,82,0.5034079664535568,76.0,75.0,75.0,74.0,73.0,72.0,71.0,71.0,70.0,70.0,70.0,69.0,69.0,8.0,8.0,8.0,8.0,8.0,7.0,6.0
real,300,gulf,7,LSTM-rec,1,buffer,9,204,127,0.6529318756182602,124.0,123.0,123.0,122.0,122.0,121.0,121.0,120.0,120.0,120.0,15.0,14.0,13.0,12.0,12.0,11.0,10.0,9.0,8.0,7.0
real,300,gulf,7,LSTM-rec,1,buffer,10,214,31,0.49434467458280873,20.0,19.0,18.0,16.0,15.0,12.0,10.0,9.0,8.0,7.0,6.0,6.0,6.0,6.0,6.0,6.0,6.0,6.0,6.0,6.0
real,300,gulf,7,LSTM-rec,1,buffer,11,215,367,0.577073326506986,364.0,363.0,363.0,362.0,362.0,362.0,347.0,346.0,345.0,345.0,344.0,343.0,341.0,340.0,339.0,85.0,84.0,84.0,6.0,6.0
real,300,gulf,7,LSTM-rec,1,buffer,12,229,324,0.4885992045155814,319.0,318.0,317.0,316.0,315.0,315.0,314.0,313.0,312.0,312.0,311.0,311.0,310.0,310.0,309.0,309.0,309.0,308.0,308.0,303.0
real,300,gulf,7,LSTM-rec,1,buffer,13,230,127,0.4980919368091986,117.0,112.0,111.0,111.0,110.0,109.0,109.0,108.0,108.0,107.0,107.0,107.0,107.0,107.0,107.0,107.0,107.0,106.0,106.0,106.0
real,300,gulf,7,LSTM-rec,1,buffer,14,254,9,0.37919288372510995,6.0,6.0,6.0,6.0,6.0,6.0,6.0,6.0,6.0,6.0,6.0,6.0,6.0,6.0,6.0,6.0,6.0,6.0,6.0,6.0
real,300,gulf,7,LSTM-rec,1,buffer,15,340,25,1.0938513715542353,22.0,21.0,20.0,19.0,18.0,17.0,16.0,16.0,15.0,15.0,15.0,14.0,14.0,14.0,13.0,13.0,13.0,13.0,13.0,13.0
real,300,gulf,7,LSTM-rec,1,buffer,16,356,649,0.5837999220760901,646.0,645.0,644.0,644.0,643.0,642.0,641.0,640.0,640.0,639.0,638.0,638.0,637.0,637.0,637.0,636.0,635.0,635.0,634.0,633.0
real,300,gulf,7,LSTM-rec,1,buffer,17,357,24,1.1137592334625468,15.0,14.0,13.0,12.0,11.0,9.0,7.0,6.0,6.0,6.0,6.0,6.0,6.0,6.0,6.0,6.0,6.0,6.0,6.0,6.0
real,300,gulf,7,LSTM-rec,1,buffer,18,359,607,0.2559937332057938,605.0,604.0,603.0,603.0,602.0,600.0,599.0,598.0,598.0,597.0,596.0,595.0,594.0,594.0,594.0,593.0,592.0,592.0,591.0,591.0
real,300,gulf,7,LSTM-rec,1,buffer,19,407,43,0.8583357455416284,40.0,40.0,39.0,38.0,37.0,36.0,35.0,34.0,34.0,33.0,32.0,32.0,31.0,31.0,31.0,30.0,30.0,30.0,30.0,30.0
real,300,gulf,7,LSTM-rec,1,buffer,20,419,15,1.381933211240309,13.0,12.0,11.0,10.0,9.0,8.0,8.0,7.0,6.0,6.0,6.0,6.0,6.0,6.0,6.0,6.0,6.0,6.0,6.0,6.0
real,300,gulf,7,LSTM-rec,1,buffer,21,487,42,0.4882978796702517,35.0,34.0,33.0,32.0,31.0,30.0,29.0,28.0,27.0,26.0,25.0,24.0,23.0,22.0,21.0,20.0,19.0,18.0,17.0,16.0
real,300,gulf,7,LSTM-rec,1,crossing,0,15,138,0.46264060295423376,137.0,136.0,135.0,133.0,133.0,131.0,131.0,130.0,129.0,115.0,115.0,114.0,113.0,113.0,112.0,111.0,110.0,110.0,110.0,109.0
real,300,gulf,7,LSTM-rec,1,crossing,1,28,395,0.5058560014619379,394.0,393.0,392.0,388.0,387.0,386.0,385.0,385.0,318.0,318.0,315.0,315.0,314.0,313.0,312.0,311.0,310.0,309.0,309.0,206.0
real,300,gulf,7,LSTM-rec,1,crossing,2,29,24,0.5270786166441769,23.0,22.0,21.0,20.0,19.0,18.0,17.0,17.0,16.0,16.0,15.0,15.0,14.0,14.0,14.0,14.0,14.0,13.0,12.0,12.0
real,300,gulf,7,LSTM-rec,1,crossing,3,52,88,0.263359354360204,87.0,86.0,85.0,84.0,83.0,82.0,81.0,80.0,46.0,45.0,44.0,43.0,43.0,42.0,42.0,41.0,41.0,40.0,40.0,39.0
real,300,gulf,7,LSTM-rec,1,crossing,4,61,293,0.44448366988909965,292.0,291.0,290.0,289.0,288.0,287.0,286.0,285.0,284.0,267.0,266.0,265.0,264.0,264.0,263.0,261.0,261.0,260.0,259.0,259.0
real,300,gulf,7,LSTM-rec,1,crossing,5,117,180,1.1893630132920272,179.0,178.0,177.0,176.0,175.0,175.0,174.0,173.0,173.0,172.0,171.0,170.0,170.0,169.0,169.0,168.0,167.0,167.0,166.0,166.0
real,300,gulf,7,LSTM-rec,1,crossing,6,144,310,0.5421369380713873,309.0,307.0,300.0,299.0,297.0,296.0,295.0,295.0,294.0,293.0,293.0,292.0,292.0,287.0,285.0,284.0,284.0,280.0,280.0,279.0
real,300,gulf,7,LSTM-rec,1,crossing,7,153,27,0.7544206715954868,26.0,25.0,24.0,23.0,22.0,21.0,21.0,20.0,19.0,18.0,18.0,17.0,17.0,16.0,15.0,15.0,14.0,13.0,13.0,12.0
real,300,gulf,7,LSTM-rec,1,crossing,8,194,82,0.5034079664535568,81.0,80.0,79.0,78.0,77.0,76.0,75.0,74.0,74.0,73.0,72.0,72.0,71.0,71.0,70.0,70.0,70.0,69.0,8.0,8.0
real,300,gulf,7,LSTM-rec,1,crossing,9,204,127,0.6529318756182602,126.0,125.0,124.0,123.0,123.0,122.0,122.0,122.0,121.0,121.0,120.0,120.0,120.0,120.0,120.0,15.0,14.0,13.0,12.0,11.0
real,300,gulf,7,LSTM-rec,1,crossing,10,214,31,0.49434467458280873,30.0,29.0,27.0,26.0,25.0,23.0,21.0,21.0,19.0,18.0,16.0,11.0,10.0,9.0,7.0,6.0,6.0,6.0,6.0,6.0
real,300,gulf,7,LSTM-rec,1,crossing,11,215,367,0.577073326506986,366.0,365.0,365.0,364.0,363.0,363.0,362.0,362.0,362.0,362.0,362.0,347.0,347.0,345.0,345.0,344.0,343.0,342.0,340.0,339.0
real,300,gulf,7,LSTM-rec,1,crossing,12,229,324,0.4885992045155814,323.0,320.0,319.0,318.0,317.0,317.0,316.0,315.0,314.0,314.0,313.0,312.0,312.0,311.0,311.0,310.0,310.0,309.0,309.0,309.0
real,300,gulf,7,LSTM-rec,1,crossing,13,230,127,0.4980919368091986,126.0,125.0,125.0,123.0,112.0,111.0,110.0,110.0,109.0,109.0,108.0,108.0,108.0,107.0,107.0,107.0,107.0,107.0,107.0,107.0
real,300,gulf,7,LSTM-rec,1,crossing,14,254,9,0.37919288372510995,7.0,7.0,6.0,6.0,6.0,6.0,6.0,6.0,6.0,6.0,6.0,6.0,6.0,6.0,6.0,6.0,6.0,6.0,6.0,6.0
real,300,gulf,7,LSTM-rec,1,crossing,15,340,25,1.0938513715542353,24.0,23.0,22.0,21.0,20.0,19.0,18.0,17.0,16.0,16.0,15.0,15.0,15.0,15.0,14.0,14.0,14.0,13.0,13.0,13.0
real,300,gulf,7,LSTM-rec,1,crossing,16,356,649,0.5837999220760901,648.0,647.0,646.0,645.0,644.0,643.0,643.0,642.0,641.0,640.0,640.0,639.0,639.0,638.0,638.0,637.0,637.0,636.0,636.0,635.0
real,300,gulf,7,LSTM-rec,1,crossing,17,357,24,1.1137592334625468,23.0,22.0,21.0,20.0,19.0,16.0,15.0,13.0,12.0,11.0,8.0,6.0,6.0,6.0,6.0,6.0,6.0,6.0,6.0,6.0
real,300,gulf,7,LSTM-rec,1,crossing,18,359,607,0.2559937332057938,606.0,605.0,604.0,604.0,603.0,603.0,602.0,600.0,599.0,599.0,598.0,597.0,597.0,596.0,595.0,594.0,594.0,593.0,593.0,592.0
real,300,gulf,7,LSTM-rec,1,crossing,19,407,43,0.8583357455416284,42.0,41.0,40.0,40.0,39.0,38.0,37.0,36.0,35.0,35.0,34.0,33.0,33.0,32.0,32.0,31.0,31.0,31.0,30.0,30.0
real,300,gulf,7,LSTM-rec,1,crossing,20,419,15,1.381933211240309,14.0,13.0,13.0,12.0,11.0,10.0,9.0,9.0,8.0,7.0,6.0,6.0,6.0,6.0,6.0,6.0,6.0,6.0,6.0,6.0
real,300,gulf,7,LSTM-rec,1,crossing,21,487,42,0.4882978796702517,41.0,40.0,39.0,37.0,36.0,35.0,34.0,33.0,32.0,31.0,30.0,29.0,28.0,27.0,26.0,25.0,24.0,23.0,22.0,21.0
real,300,gulf,7,LSTM-ms,1,buffer,0,15,138,0.46264060295423376,130.0,129.0,128.0,128.0,127.0,126.0,117.0,116.0,115.0,115.0,114.0,114.0,113.0,113.0,112.0,112.0,111.0,111.0,110.0,110.0
real,300,gulf,7,LSTM-ms,1,buffer,1,28,395,0.5058560014619379,387.0,386.0,385.0,318.0,318.0,318.0,317.0,314.0,314.0,313.0,312.0,312.0,311.0,311.0,310.0,310.0,310.0,309.0,309.0,308.0
real,300,gulf,7,LSTM-ms,1,buffer,2,29,24,0.5270786166441769,18.0,17.0,16.0,15.0,15.0,14.0,14.0,14.0,14.0,14.0,13.0,13.0,13.0,13.0,12.0,12.0,12.0,11.0,11.0,11.0
real,300,gulf,7,LSTM-ms,1,buffer,3,52,88,0.263359354360204,83.0,82.0,80.0,80.0,80.0,46.0,46.0,45.0,44.0,43.0,43.0,42.0,42.0,41.0,41.0,41.0,40.0,40.0,39.0,39.0
real,300,gulf,7,LSTM-ms,1,buffer,4,61,293,0.44448366988909965,286.0,285.0,284.0,283.0,282.0,281.0,281.0,281.0,267.0,266.0,265.0,265.0,264.0,264.0,263.0,263.0,262.0,262.0,261.0,261.0
real,300,gulf,7,LSTM-ms,1,buffer,5,117,180,1.1893630132920272,177.0,176.0,176.0,175.0,174.0,174.0,173.0,173.0,172.0,171.0,171.0,170.0,170.0,170.0,169.0,169.0,169.0,168.0,168.0,167.0
real,300,gulf,7,LSTM-ms,1,buffer,6,144,310,0.5421369380713873,297.0,296.0,296.0,295.0,294.0,294.0,293.0,292.0,291.0,291.0,290.0,290.0,290.0,290.0,290.0,286.0,285.0,285.0,284.0,283.0
real,300,gulf,7,LSTM-ms,1,buffer,7,153,27,0.7544206715954868,24.0,23.0,22.0,21.0,21.0,20.0,20.0,19.0,18.0,18.0,17.0,17.0,17.0,16.0,16.0,15.0,15.0,14.0,14.0,13.0
real,300,gulf,7,LSTM-ms,1,buffer,8,194,82,0.5034079664535568,76.0,75.0,74.0,73.0,73.0,72.0,72.0,71.0,71.0,70.0,70.0,70.0,69.0,69.0,69.0,69.0,69.0,68.0,68.0,68.0
real,300,gulf,7,LSTM-ms,1,buffer,9,204,127,0.6529318756182602,124.0,123.0,123.0,122.0,122.0,121.0,121.0,120.0,120.0,120.0,120.0,119.0,119.0,15.0,15.0,15.0,14.0,13.0,13.0,12.0
real,300,gulf,7,LSTM-ms,1,buffer,10,214,31,0.49434467458280873,19.0,18.0,16.0,15.0,14.0,12.0,11.0,10.0,9.0,8.0,8.0,7.0,7.0,6.0,6.0,6.0,6.0,6.0,6.0,6.0
real,300,gulf,7,LSTM-ms,1,buffer,11,215,367,0.577073326506986,364.0,363.0,363.0,362.0,362.0,362.0,347.0,347.0,347.0,347.0,345.0,345.0,345.0,344.0,344.0,343.0,343.0,342.0,342.0,341.0
real,300,gulf,7,LSTM-ms,1,buffer,12,229,324,0.4885992045155814,319.0,318.0,317.0,316.0,316.0,315.0,314.0,314.0,313.0,313.0,312.0,312.0,312.0,311.0,311.0,311.0,311.0,310.0,310.0,310.0
real,300,gulf,7,LSTM-ms,1,buffer,13,230,127,0.4980919368091986,117.0,112.0,111.0,111.0,110.0,110.0,109.0,109.0,108.0,108.0,108.0,107.0,107.0,107.0,107.0,107.0,107.0,107.0,107.0,107.0
real,300,gulf,7,LSTM-ms,1,buffer,14,254,9,0.37919288372510995,6.0,6.0,6.0,6.0,6.0,6.0,6.0,6.0,6.0,6.0,6.0,6.0,6.0,6.0,6.0,6.0,6.0,6.0,6.0,6.0
real,300,gulf,7,LSTM-ms,1,buffer,15,340,25,1.0938513715542353,21.0,21.0,20.0,19.0,18.0,17.0,17.0,16.0,16.0,15.0,15.0,15.0,15.0,14.0,14.0,14.0,14.0,14.0,14.0,14.0
real,300,gulf,7,LSTM-ms,1,buffer,16,356,649,0.5837999220760901,646.0,645.0,645.0,644.0,643.0,643.0,642.0,641.0,641.0,640.0,640.0,639.0,639.0,639.0,638.0,638.0,638.0,638.0,637.0,637.0
real,300,gulf,7,LSTM-ms,1,buffer,17,357,24,1.1137592334625468,15.0,14.0,13.0,11.0,10.0,9.0,9.0,7.0,6.0,6.0,6.0,6.0,6.0,6.0,6.0,6.0,6.0,6.0,6.0,6.0
real,300,gulf,7,LSTM-ms,1,buffer,18,359,607,0.2559937332057938,605.0,604.0,603.0,603.0,602.0,600.0,600.0,599.0,599.0,598.0,598.0,597.0,597.0,596.0,596.0,595.0,595.0,594.0,594.0,594.0
real,300,gulf,7,LSTM-ms,1,buffer,19,407,43,0.8583357455416284,40.0,39.0,39.0,38.0,37.0,37.0,36.0,35.0,35.0,34.0,34.0,33.0,33.0,33.0,32.0,32.0,32.0,31.0,31.0,31.0
real,300,gulf,7,LSTM-ms,1,buffer,20,419,15,1.381933211240309,13.0,12.0,11.0,10.0,10.0,9.0,8.0,8.0,7.0,6.0,6.0,6.0,6.0,6.0,6.0,6.0,6.0,6.0,6.0,6.0
real,300,gulf,7,LSTM-ms,1,buffer,21,487,42,0.4882978796702517,35.0,34.0,32.0,31.0,31.0,30.0,29.0,29.0,28.0,27.0,27.0,26.0,26.0,25.0,25.0,24.0,24.0,23.0,22.0,22.0
real,300,gulf,7,LSTM-ms,1,crossing,0,15,138,0.46264060295423376,136.0,135.0,134.0,133.0,132.0,132.0,131.0,131.0,130.0,130.0,129.0,116.0,115.0,115.0,115.0,115.0,114.0,114.0,113.0,113.0
real,300,gulf,7,LSTM-ms,1,crossing,1,28,395,0.5058560014619379,393.0,392.0,389.0,388.0,387.0,386.0,386.0,385.0,385.0,384.0,318.0,318.0,318.0,318.0,318.0,317.0,314.0,314.0,313.0,312.0
real,300,gulf,7,LSTM-ms,1,crossing,2,29,24,0.5270786166441769,22.0,21.0,20.0,20.0,19.0,19.0,18.0,17.0,17.0,16.0,16.0,15.0,15.0,15.0,14.0,14.0,14.0,14.0,14.0,14.0
real,300,gulf,7,LSTM-ms,1,crossing,3,52,88,0.263359354360204,87.0,86.0,85.0,84.0,83.0,83.0,82.0,82.0,80.0,46.0,46.0,45.0,44.0,43.0,43.0,43.0,42.0,42.0,41.0,41.0
real,300,gulf,7,LSTM-ms,1,crossing,4,61,293,0.44448366988909965,292.0,291.0,289.0,288.0,288.0,287.0,287.0,286.0,285.0,284.0,283.0,283.0,283.0,266.0,266.0,266.0,265.0,264.0,264.0,263.0
real,300,gulf,7,LSTM-ms,1,crossing,5,117,180,1.1893630132920272,179.0,178.0,177.0,176.0,176.0,175.0,175.0,174.0,174.0,173.0,172.0,172.0,172.0,171.0,171.0,170.0,170.0,170.0,169.0,169.0
real,300,gulf,7,LSTM-ms,1,crossing,6,144,310,0.5421369380713873,308.0,308.0,300.0,298.0,297.0,296.0,296.0,295.0,295.0,295.0,294.0,294.0,293.0,293.0,292.0,292.0,291.0,291.0,291.0,290.0
real,300,gulf,7,LSTM-ms,1,crossing,7,153,27,0.7544206715954868,26.0,25.0,24.0,23.0,22.0,22.0,21.0,21.0,20.0,20.0,19.0,19.0,18.0,18.0,17.0,17.0,17.0,16.0,16.0,15.0
real,300,gulf,7,LSTM-ms,1,crossing,8,194,82,0.5034079664535568,81.0,80.0,79.0,78.0,77.0,76.0,76.0,75.0,74.0,74.0,73.0,73.0,72.0,72.0,72.0,71.0,71.0,71.0,70.0,70.0
real,300,gulf,7,LSTM-ms,1,crossing,9,204,127,0.6529318756182602,126.0,125.0,124.0,124.0,123.0,123.0,122.0,122.0,122.0,121.0,121.0,120.0,120.0,120.0,120.0,120.0,120.0,120.0,120.0,119.0
real,300,gulf,7,LSTM-ms,1,crossing,10,214,31,0.49434467458280873,29.0,28.0,26.0,25.0,24.0,23.0,22.0,21.0,21.0,20.0,19.0,18.0,18.0,18.0,17.0,16.0,12.0,11.0,10.0,9.0
real,300,gulf,7,LSTM-ms,1,crossing,11,215,367,0.577073326506986,366.0,365.0,365.0,364.0,363.0,363.0,363.0,362.0,362.0,362.0,362.0,362.0,362.0,362.0,362.0,347.0,347.0,347.0,347.0,347.0
real,300,gulf,7,LSTM-ms,1,crossing,12,229,324,0.4885992045155814,322.0,320.0,319.0,318.0,318.0,317.0,316.0,316.0,315.0,315.0,314.0,314.0,313.0,313.0,313.0,312.0,312.0,312.0,311.0,311.0
real,300,gulf,7,LSTM-ms,1,crossing,13,230,127,0.4980919368091986,126.0,125.0,123.0,122.0,112.0,111.0,111.0,110.0,110.0,109.0,109.0,109.0,108.0,108.0,108.0,108.0,108.0,107.0,107.0,107.0
real,300,gulf,7,LSTM-ms,1,crossing,14,254,9,0.37919288372510995,7.0,6.0,6.0,6.0,6.0,6.0,6.0,6.0,6.0,6.0,6.0,6.0,6.0,6.0,6.0,6.0,6.0,6.0,6.0,6.0
real,300,gulf,7,LSTM-ms,1,crossing,15,340,25,1.0938513715542353,24.0,23.0,22.0,21.0,20.0,20.0,19.0,18.0,17.0,17.0,16.0,16.0,15.0,15.0,15.0,15.0,15.0,15.0,14.0,14.0
real,300,gulf,7,LSTM-ms,1,crossing,16,356,649,0.5837999220760901,648.0,647.0,646.0,645.0,645.0,644.0,643.0,643.0,642.0,642.0,641.0,641.0,641.0,640.0,640.0,639.0,639.0,639.0,638.0,638.0
real,300,gulf,7,LSTM-ms,1,crossing,17,357,24,1.1137592334625468,22.0,21.0,21.0,20.0,19.0,17.0,16.0,15.0,15.0,14.0,13.0,13.0,12.0,12.0,11.0,11.0,10.0,9.0,8.0,6.0
real,300,gulf,7,LSTM-ms,1,crossing,18,359,607,0.2559937332057938,606.0,605.0,605.0,604.0,603.0,603.0,603.0,602.0,600.0,600.0,599.0,599.0,598.0,598.0,598.0,597.0,597.0,596.0,596.0,595.0
real,300,gulf,7,LSTM-ms,1,crossing,19,407,43,0.8583357455416284,42.0,41.0,41.0,40.0,39.0,38.0,38.0,37.0,37.0,36.0,35.0,35.0,34.0,34.0,34.0,33.0,33.0,33.0,32.0,32.0
real,300,gulf,7,LSTM-ms,1,crossing,20,419,15,1.381933211240309,14.0,13.0,13.0,12.0,11.0,11.0,10.0,9.0,9.0,8.0,8.0,7.0,7.0,6.0,6.0,6.0,6.0,6.0,6.0,6.0
real,300,gulf,7,LSTM-ms,1,crossing,21,487,42,0.4882978796702517,40.0,39.0,38.0,37.0,36.0,35.0,35.0,34.0,33.0,32.0,31.0,31.0,30.0,30.0,30.0,29.0,29.0,28.0,28.0,27.0
real,300,gulf,7,LSTM-rec,2,buffer,0,15,138,0.46264060295423376,131.0,130.0,130.0,130.0,130.0,130.0,130.0,130.0,130.0,130.0,130.0,130.0,130.0,130.0,130.0,130.0,130.0,130.0,130.0,130.0
real,300,gulf,7,LSTM-rec,2,buffer,1,28,395,0.5058560014619379,387.0,386.0,386.0,385.0,385.0,385.0,385.0,385.0,385.0,385.0,385.0,385.0,385.0,385.0,385.0,385.0,385.0,385.0,385.0,385.0
real,300,gulf,7,LSTM-rec,2,buffer,2,29,24,0.5270786166441769,19.0,18.0,17.0,17.0,17.0,17.0,17.0,17.0,17.0,17.0,17.0,17.0,17.0,17.0,17.0,17.0,17.0,17.0,17.0,17.0
real,300,gulf,7,LSTM-rec,2,buffer,3,52,88,0.263359354360204,83.0,83.0,82.0,82.0,81.0,80.0,80.0,80.0,80.0,46.0,46.0,46.0,46.0,46.0,46.0,46.0,46.0,46.0,46.0,46.0
real,300,gulf,7,LSTM-rec,2,buffer,4,61,293,0.44448366988909965,287.0,286.0,286.0,285.0,285.0,285.0,285.0,285.0,285.0,285.0,285.0,285.0,285.0,285.0,285.0,285.0,285.0,285.0,285.0,285.0
real,300,gulf,7,LSTM-rec,2,buffer,5,117,180,1.1893630132920272,177.0,177.0,176.0,175.0,175.0,174.0,174.0,173.0,173.0,173.0,173.0,172.0,172.0,172.0,172.0,172.0,172.0,172.0,172.0,172.0
real,300,gulf,7,LSTM-rec,2,buffer,6,144,310,0.5421369380713873,298.0,297.0,296.0,296.0,296.0,295.0,295.0,295.0,295.0,295.0,295.0,295.0,295.0,295.0,295.0,295.0,295.0,295.0,295.0,295.0
real,300,gulf,7,LSTM-rec,2,buffer,7,153,27,0.7544206715954868,24.0,23.0,23.0,22.0,21.0,21.0,20.0,20.0,20.0,19.0,19.0,19.0,19.0,19.0,19.0,19.0,19.0,19.0,19.0,19.0
real,300,gulf,7,LSTM-rec,2,buffer,8,194,82,0.5034079664535568,77.0,76.0,75.0,75.0,75.0,75.0,74.0,74.0,74.0,74.0,74.0,74.0,74.0,74.0,74.0,74.0,74.0,74.0,74.0,74.0
real,300,gulf,7,LSTM-rec,2,buffer,9,204,127,0.6529318756182602,124.0,123.0,123.0,123.0,122.0,122.0,122.0,122.0,122.0,122.0,122.0,122.0,122.0,122.0,122.0,122.0,122.0,122.0,122.0,122.0
real,300,gulf,7,LSTM-rec,2,buffer,10,214,31,0.49434467458280873,21.0,20.0,20.0,20.0,20.0,20.0,20.0,20.0,20.0,20.0,20.0,20.0,20.0,20.0,20.0,20.0,20.0,20.0,20.0,20.0
real,300,gulf,7,LSTM-rec,2,buffer,11,215,367,0.577073326506986,364.0,364.0,363.0,363.0,363.0,362.0,362.0,362.0,362.0,362.0,362.0,362.0,362.0,362.0,362.0,362.0,362.0,362.0,362.0,362.0
real,300,gulf,7,LSTM-rec,2,buffer,12,229,324,0.4885992045155814,319.0,318.0,318.0,317.0,316.0,316.0,316.0,315.0,315.0,315.0,315.0,315.0,314.0,314.0,314.0,314.0,314.0,314.0,314.0,314.0
real,300,gulf,7,LSTM-rec,2,buffer,13,230,127,0.4980919368091986,118.0,117.0,112.0,111.0,111.0,111.0,110.0,110.0,110.0,110.0,109.0,109.0,109.0,109.0,109.0,109.0,109.0,109.0,109.0,109.0
real,300,gulf,7,LSTM-rec,2,buffer,14,254,9,0.37919288372510995,6.0,6.0,6.0,6.0,6.0,6.0,6.0,6.0,6.0,6.0,6.0,6.0,6.0,6.0,6.0,6.0,6.0,6.0,6.0,6.0
real,300,gulf,7,LSTM-rec,2,buffer,15,340,25,1.0938513715542353,22.0,21.0,20.0,19.0,19.0,18.0,18.0,17.0,17.0,17.0,17.0,17.0,16.0,16.0,16.0,16.0,16.0,16.0,16.0,16.0
real,300,gulf,7,LSTM-rec,2,buffer,16,356,649,0.5837999220760901,646.0,646.0,645.0,644.0,644.0,643.0,643.0,642.0,642.0,642.0,641.0,641.0,641.0,641.0,641.0,641.0,641.0,641.0,641.0,641.0
real,300,gulf,7,LSTM-rec,2,buffer,17,357,24,1.1137592334625468,16.0,15.0,15.0,15.0,14.0,14.0,14.0,14.0,14.0,14.0,14.0,14.0,14.0,14.0,14.0,14.0,14.0,14.0,14.0,14.0
real,300,gulf,7,LSTM-rec,2,buffer,18,359,607,0.2559937332057938,605.0,604.0,603.0,603.0,603.0,603.0,602.0,600.0,600.0,599.0,599.0,599.0,599.0,599.0,599.0,599.0,599.0,599.0,599.0,599.0
real,300,gulf,7,LSTM-rec,2,buffer,19,407,43,0.8583357455416284,41.0,40.0,39.0,39.0,38.0,37.0,37.0,37.0,36.0,36.0,36.0,36.0,36.0,35.0,35.0,35.0,35.0,35.0,35.0,35.0
real,300,gulf,7,LSTM-rec,2,buffer,20,419,15,1.381933211240309,13.0,12.0,11.0,11.0,10.0,10.0,9.0,9.0,9.0,8.0,8.0,8.0,8.0,7.0,7.0,7.0,7.0,7.0,7.0,7.0
real,300,gulf,7,LSTM-rec,2,buffer,21,487,42,0.4882978796702517,35.0,35.0,34.0,34.0,34.0,34.0,34.0,34.0,34.0,34.0,34.0,34.0,34.0,34.0,34.0,34.0,34.0,34.0,34.0,34.0
real,300,gulf,7,LSTM-rec,2,crossing,0,15,138,0.46264060295423376,137.0,136.0,136.0,136.0,135.0,135.0,135.0,135.0,135.0,135.0,135.0,135.0,135.0,135.0,135.0,135.0,135.0,135.0,135.0,135.0
real,300,gulf,7,LSTM-rec,2,crossing,1,28,395,0.5058560014619379,394.0,394.0,394.0,393.0,393.0,393.0,393.0,393.0,393.0,393.0,393.0,393.0,393.0,393.0,393.0,393.0,393.0,393.0,393.0,393.0
real,300,gulf,7,LSTM-rec,2,crossing,2,29,24,0.5270786166441769,23.0,22.0,22.0,21.0,21.0,21.0,21.0,21.0,21.0,21.0,21.0,21.0,21.0,21.0,21.0,21.0,21.0,21.0,21.0,21.0
real,300,gulf,7,LSTM-rec,2,crossing,3,52,88,0.263359354360204,87.0,87.0,86.0,86.0,85.0,85.0,85.0,85.0,85.0,85.0,85.0,85.0,85.0,85.0,85.0,85.0,85.0,85.0,85.0,85.0
real,300,gulf,7,LSTM-rec,2,crossing,4,61,293,0.44448366988909965,292.0,292.0,291.0,291.0,291.0,291.0,291.0,291.0,291.0,291.0,291.0,291.0,291.0,291.0,291.0,291.0,291.0,291.0,291.0,291.0
real,300,gulf,7,LSTM-rec,2,crossing,5,117,180,1.1893630132920272,179.0,178.0,177.0,177.0,176.0,176.0,175.0,175.0,174.0,174.0,174.0,174.0,174.0,174.0,174.0,173.0,173.0,173.0,173.0,173.0
real,300,gulf,7,LSTM-rec,2,crossing,6,144,310,0.5421369380713873,309.0,308.0,307.0,307.0,307.0,300.0,300.0,300.0,300.0,300.0,300.0,300.0,300.0,300.0,300.0,300.0,300.0,300.0,300.0,300.0
real,300,gulf,7,LSTM-rec,2,crossing,7,153,27,0.7544206715954868,26.0,25.0,24.0,24.0,23.0,23.0,22.0,22.0,21.0,21.0,21.0,21.0,21.0,21.0,21.0,21.0,21.0,21.0,21.0,21.0
real,300,gulf,7,LSTM-rec,2,crossing,8,194,82,0.5034079664535568,81.0,81.0,80.0,80.0,79.0,79.0,79.0,79.0,79.0,79.0,79.0,79.0,79.0,79.0,79.0,79.0,79.0,79.0,79.0,79.0
real,300,gulf,7,LSTM-rec,2,crossing,9,204,127,0.6529318756182602,126.0,125.0,125.0,124.0,124.0,123.0,123.0,123.0,123.0,123.0,123.0,123.0,122.0,122.0,122.0,122.0,122.0,122.0,122.0,122.0
real,300,gulf,7,LSTM-rec,2,crossing,10,214,31,0.49434467458280873,30.0,30.0,30.0,30.0,30.0,30.0,30.0,30.0,30.0,30.0,30.0,30.0,30.0,30.0,30.0,30.0,30.0,30.0,30.0,30.0
real,300,gulf,7,LSTM-rec,2,crossing,11,215,367,0.577073326506986,366.0,366.0,365.0,365.0,364.0,364.0,364.0,364.0,364.0,364.0,364.0,364.0,364.0,364.0,364.0,364.0,364.0,364.0,364.0,364.0
real,300,gulf,7,LSTM-rec,2,crossing,12,229,324,0.4885992045155814,323.0,321.0,320.0,319.0,319.0,318.0,318.0,317.0,317.0,317.0,317.0,316.0,316.0,316.0,316.0,316.0,316.0,316.0,316.0,316.0
real,300,gulf,7,LSTM-rec,2,crossing,13,230,127,0.4980919368091986,126.0,126.0,126.0,126.0,126.0,112.0,112.0,112.0,112.0,111.0,111.0,111.0,111.0,111.0,111.0,111.0,111.0,111.0,111.0,111.0
real,300,gulf,7,LSTM-rec,2,crossing,14,254,9,0.37919288372510995,8.0,7.0,7.0,7.0,7.0,7.0,7.0,7.0,7.0,7.0,7.0,7.0,7.0,7.0,7.0,7.0,7.0,7.0,7.0,7.0
real,300,gulf,7,LSTM-rec,2,crossing,15,340,25,1.0938513715542353,24.0,23.0,22.0,22.0,21.0,20.0,20.0,20.0,19.0,19.0,19.0,18.0,18.0,18.0,18.0,18.0,18.0,18.0,18.0,18.0
real,300,gulf,7,LSTM-rec,2,crossing,16,356,649,0.5837999220760901,648.0,647.0,646.0,646.0,645.0,645.0,644.0,644.0,643.0,643.0,643.0,643.0,642.0,642.0,642.0,642.0,642.0,642.0,642.0,642.0
real,300,gulf,7,LSTM-rec,2,crossing,17,357,24,1.1137592334625468,23.0,22.0,22.0,22.0,22.0,22.0,22.0,22.0,22.0,22.0,22.0,22.0,22.0,22.0,22.0,22.0,22.0,22.0,22.0,22.0
real,300,gulf,7,LSTM-rec,2,crossing,18,359,607,0.2559937332057938,606.0,606.0,605.0,604.0,604.0,603.0,603.0,603.0,603.0,603.0,603.0,603.0,603.0,603.0,603.0,600.0,600.0,600.0,600.0,600.0
real,300,gulf,7,LSTM-rec,2,crossing,19,407,43,0.8583357455416284,42.0,42.0,41.0,40.0,40.0,39.0,39.0,39.0,38.0,38.0,38.0,38.0,37.0,37.0,37.0,37.0,37.0,37.0,37.0,37.0
real,300,gulf,7,LSTM-rec,2,crossing,20,419,15,1.381933211240309,14.0,14.0,13.0,12.0,12.0,11.0,11.0,11.0,10.0,10.0,10.0,10.0,9.0,9.0,9.0,9.0,9.0,9.0,9.0,9.0
real,300,gulf,7,LSTM-rec,2,crossing,21,487,42,0.4882978796702517,41.0,41.0,40.0,40.0,40.0,40.0,40.0,40.0,40.0,40.0,40.0,40.0,40.0,40.0,40.0,40.0,40.0,40.0,40.0,40.0
real,300,gulf,7,LSTM-ms,2,buffer,0,15,138,0.46264060295423376,131.0,130.0,130.0,129.0,128.0,128.0,128.0,117.0,116.0,115.0,115.0,114.0,114.0,113.0,113.0,112.0,112.0,111.0,111.0,111.0
real,300,gulf,7,LSTM-ms,2,buffer,1,28,395,0.5058560014619379,387.0,386.0,385.0,385.0,384.0,318.0,318.0,317.0,315.0,314.0,314.0,313.0,312.0,312.0,311.0,311.0,310.0,310.0,309.0,309.0
real,300,gulf,7,LSTM-ms,2,buffer,2,29,24,0.5270786166441769,18.0,18.0,17.0,16.0,16.0,16.0,15.0,15.0,15.0,14.0,14.0,14.0,14.0,14.0,14.0,13.0,13.0,13.0,13.0,13.0
real,300,gulf,7,LSTM-ms,2,buffer,3,52,88,0.263359354360204,83.0,82.0,82.0,81.0,81.0,80.0,46.0,45.0,44.0,44.0,43.0,43.0,42.0,42.0,41.0,41.0,41.0,40.0,40.0,39.0
real,300,gulf,7,LSTM-ms,2,buffer,4,61,293,0.44448366988909965,286.0,286.0,285.0,284.0,283.0,283.0,282.0,282.0,282.0,267.0,266.0,265.0,265.0,264.0,264.0,263.0,263.0,262.0,262.0,261.0
real,300,gulf,7,LSTM-ms,2,buffer,5,117,180,1.1893630132920272,177.0,177.0,176.0,175.0,175.0,174.0,173.0,173.0,172.0,172.0,171.0,171.0,170.0,170.0,170.0,169.0,169.0,168.0,168.0,167.0
real,300,gulf,7,LSTM-ms,2,buffer,6,144,310,0.5421369380713873,298.0,297.0,296.0,296.0,295.0,295.0,294.0,294.0,293.0,293.0,292.0,292.0,291.0,291.0,291.0,290.0,286.0,285.0,285.0,284.0
real,300,gulf,7,LSTM-ms,2,buffer,7,153,27,0.7544206715954868,24.0,23.0,22.0,22.0,21.0,21.0,20.0,19.0,19.0,18.0,18.0,17.0,17.0,17.0,16.0,15.0,15.0,15.0,14.0,14.0
real,300,gulf,7,LSTM-ms,2,buffer,8,194,82,0.5034079664535568,77.0,76.0,75.0,74.0,74.0,73.0,73.0,72.0,72.0,71.0,71.0,71.0,70.0,70.0,70.0,70.0,69.0,69.0,69.0,69.0
real,300,gulf,7,LSTM-ms,2,buffer,9,204,127,0.6529318756182602,124.0,124.0,123.0,123.0,122.0,122.0,122.0,121.0,121.0,121.0,121.0,121.0,120.0,120.0,120.0,15.0,15.0,14.0,14.0,13.0
real,300,gulf,7,LSTM-ms,2,buffer,10,214,31,0.49434467458280873,20.0,20.0,19.0,18.0,17.0,15.0,14.0,12.0,11.0,11.0,10.0,9.0,8.0,8.0,7.0,7.0,6.0,6.0,6.0,6.0
real,300,gulf,7,LSTM-ms,2,buffer,11,215,367,0.577073326506986,364.0,364.0,364.0,363.0,363.0,363.0,363.0,363.0,363.0,347.0,347.0,347.0,346.0,345.0,345.0,344.0,344.0,343.0,343.0,342.0
real,300,gulf,7,LSTM-ms,2,buffer,12,229,324,0.4885992045155814,319.0,318.0,317.0,317.0,316.0,316.0,315.0,314.0,314.0,313.0,313.0,312.0,312.0,312.0,311.0,311.0,311.0,311.0,311.0,311.0
real,300,gulf,7,LSTM-ms,2,buffer,13,230,127,0.4980919368091986,118.0,116.0,112.0,111.0,111.0,110.0,110.0,110.0,109.0,109.0,109.0,109.0,108.0,108.0,108.0,108.0,108.0,108.0,108.0,108.0
real,300,gulf,7,LSTM-ms,2,buffer,14,254,9,0.37919288372510995,6.0,6.0,6.0,6.0,6.0,6.0,6.0,6.0,6.0,6.0,6.0,6.0,6.0,6.0,6.0,6.0,6.0,6.0,6.0,6.0
real,300,gulf,7,LSTM-ms,2,buffer,15,340,25,1.0938513715542353,22.0,21.0,20.0,19.0,18.0,18.0,17.0,17.0,16.0,16.0,16.0,16.0,15.0,15.0,15.0,15.0,15.0,15.0,15.0,15.0
real,300,gulf,7,LSTM-ms,2,buffer,16,356,649,0.5837999220760901,646.0,646.0,645.0,644.0,643.0,643.0,642.0,642.0,641.0,641.0,640.0,640.0,640.0,639.0,639.0,638.0,638.0,638.0,637.0,637.0
real,300,gulf,7,LSTM-ms,2,buffer,17,357,24,1.1137592334625468,16.0,15.0,14.0,13.0,13.0,12.0,11.0,11.0,10.0,9.0,8.0,7.0,6.0,6.0,6.0,6.0,6.0,6.0,6.0,6.0
real,300,gulf,7,LSTM-ms,2,buffer,18,359,607,0.2559937332057938,605.0,604.0,603.0,603.0,602.0,601.0,600.0,600.0,599.0,599.0,598.0,597.0,597.0,596.0,596.0,595.0,595.0,595.0,594.0,594.0
real,300,gulf,7,LSTM-ms,2,buffer,19,407,43,0.8583357455416284,41.0,40.0,39.0,38.0,38.0,37.0,36.0,36.0,35.0,35.0,34.0,34.0,33.0,33.0,33.0,33.0,32.0,32.0,32.0,32.0
real,300,gulf,7,LSTM-ms,2,buffer,20,419,15,1.381933211240309,13.0,12.0,11.0,11.0,10.0,9.0,9.0,8.0,7.0,7.0,6.0,6.0,6.0,6.0,6.0,6.0,6.0,6.0,6.0,6.0
real,300,gulf,7,LSTM-ms,2,buffer,21,487,42,0.4882978796702517,35.0,34.0,33.0,33.0,32.0,31.0,31.0,30.0,29.0,29.0,28.0,28.0,27.0,26.0,26.0,25.0,24.0,24.0,23.0,23.0
real,300,gulf,7,LSTM-ms,2,crossing,0,15,138,0.46264060295423376,137.0,136.0,135.0,134.0,134.0,133.0,133.0,132.0,132.0,131.0,131.0,130.0,116.0,116.0,115.0,115.0,114.0,114.0,113.0,113.0
real,300,gulf,7,LSTM-ms,2,crossing,1,28,395,0.5058560014619379,394.0,393.0,391.0,389.0,388.0,387.0,387.0,386.0,386.0,385.0,385.0,384.0,383.0,318.0,318.0,318.0,315.0,314.0,314.0,313.0
real,300,gulf,7,LSTM-ms,2,crossing,2,29,24,0.5270786166441769,23.0,22.0,21.0,20.0,20.0,19.0,19.0,18.0,18.0,17.0,17.0,17.0,16.0,16.0,16.0,15.0,15.0,15.0,15.0,15.0
real,300,gulf,7,LSTM-ms,2,crossing,3,52,88,0.263359354360204,87.0,87.0,86.0,85.0,84.0,84.0,83.0,83.0,82.0,82.0,46.0,45.0,45.0,44.0,43.0,43.0,43.0,42.0,42.0,41.0
real,300,gulf,7,LSTM-ms,2,crossing,4,61,293,0.44448366988909965,292.0,291.0,291.0,290.0,289.0,288.0,288.0,287.0,287.0,286.0,285.0,285.0,284.0,267.0,266.0,266.0,265.0,265.0,264.0,264.0
real,300,gulf,7,LSTM-ms,2,crossing,5,117,180,1.1893630132920272,179.0,178.0,177.0,177.0,176.0,176.0,175.0,174.0,174.0,173.0,173.0,172.0,172.0,171.0,171.0,171.0,170.0,170.0,169.0,169.0
real,300,gulf,7,LSTM-ms,2,crossing,6,144,310,0.5421369380713873,309.0,308.0,308.0,300.0,298.0,298.0,297.0,296.0,296.0,296.0,295.0,295.0,295.0,294.0,294.0,293.0,293.0,293.0,292.0,292.0
real,300,gulf,7,LSTM-ms,2,crossing,7,153,27,0.7544206715954868,26.0,25.0,24.0,24.0,23.0,22.0,22.0,21.0,21.0,20.0,20.0,19.0,19.0,18.0,18.0,17.0,17.0,16.0,16.0,16.0
real,300,gulf,7,LSTM-ms,2,crossing,8,194,82,0.5034079664535568,81.0,81.0,80.0,79.0,78.0,77.0,77.0,76.0,75.0,75.0,74.0,74.0,73.0,73.0,73.0,72.0,72.0,72.0,71.0,71.0
real,300,gulf,7,LSTM-ms,2,crossing,9,204,127,0.6529318756182602,126.0,125.0,125.0,124.0,124.0,123.0,123.0,123.0,122.0,122.0,122.0,122.0,122.0,121.0,121.0,121.0,121.0,121.0,121.0,121.0
real,300,gulf,7,LSTM-ms,2,crossing,10,214,31,0.49434467458280873,30.0,29.0,28.0,27.0,27.0,26.0,25.0,24.0,23.0,23.0,22.0,21.0,21.0,20.0,19.0,19.0,18.0,12.0,12.0,11.0
real,300,gulf,7,LSTM-ms,2,crossing,11,215,367,0.577073326506986,366.0,366.0,365.0,365.0,364.0,364.0,364.0,364.0,364.0,363.0,363.0,363.0,363.0,363.0,363.0,363.0,363.0,363.0,347.0,347.0
real,300,gulf,7,LSTM-ms,2,crossing,12,229,324,0.4885992045155814,322.0,321.0,320.0,319.0,318.0,317.0,317.0,316.0,316.0,315.0,315.0,314.0,314.0,313.0,313.0,312.0,312.0,312.0,311.0,311.0
real,300,gulf,7,LSTM-ms,2,crossing,13,230,127,0.4980919368091986,126.0,126.0,125.0,124.0,112.0,112.0,111.0,111.0,111.0,110.0,110.0,110.0,109.0,109.0,109.0,109.0,109.0,109.0,108.0,108.0
real,300,gulf,7,LSTM-ms,2,crossing,14,254,9,0.37919288372510995,8.0,7.0,6.0,6.0,6.0,6.0,6.0,6.0,6.0,6.0,6.0,6.0,6.0,6.0,6.0,6.0,6.0,6.0,6.0,6.0
real,300,gulf,7,LSTM-ms,2,crossing,15,340,25,1.0938513715542353,24.0,23.0,22.0,21.0,21.0,20.0,19.0,19.0,18.0,17.0,17.0,17.0,16.0,16.0,16.0,16.0,15.0,15.0,15.0,15.0
real,300,gulf,7,LSTM-ms,2,crossing,16,356,649,0.5837999220760901,648.0,647.0,646.0,646.0,645.0,644.0,644.0,643.0,643.0,642.0,642.0,641.0,641.0,640.0,640.0,640.0,639.0,639.0,639.0,638.0
real,300,gulf,7,LSTM-ms,2,crossing,17,357,24,1.1137592334625468,23.0,23.0,22.0,21.0,21.0,20.0,19.0,18.0,17.0,16.0,16.0,15.0,15.0,14.0,13.0,13.0,12.0,11.0,10.0,10.0
real,300,gulf,7,LSTM-ms,2,crossing,18,359,607,0.2559937332057938,606.0,606.0,605.0,604.0,604.0,603.0,603.0,602.0,602.0,600.0,600.0,599.0,599.0,598.0,598.0,597.0,597.0,596.0,596.0,595.0
real,300,gulf,7,LSTM-ms,2,crossing,19,407,43,0.8583357455416284,42.0,42.0,41.0,40.0,39.0,39.0,38.0,38.0,37.0,37.0,36.0,35.0,35.0,34.0,34.0,34.0,33.0,33.0,33.0,33.0
real,300,gulf,7,LSTM-ms,2,crossing,20,419,15,1.381933211240309,14.0,14.0,13.0,12.0,12.0,11.0,10.0,10.0,9.0,9.0,8.0,8.0,7.0,7.0,6.0,6.0,6.0,6.0,6.0,6.0
real,300,gulf,7,LSTM-ms,2,crossing,21,487,42,0.4882978796702517,41.0,40.0,39.0,38.0,37.0,36.0,36.0,35.0,34.0,34.0,33.0,32.0,32.0,31.0,31.0,30.0,30.0,29.0,29.0,28.0
real,300,gulf,7,LSTM-rec,3,buffer,0,15,138,0.46264060295423376,131.0,130.0,129.0,128.0,128.0,127.0,127.0,115.0,115.0,115.0,114.0,113.0,113.0,112.0,112.0,111.0,111.0,110.0,110.0,110.0
real,300,gulf,7,LSTM-rec,3,buffer,1,28,395,0.5058560014619379,387.0,386.0,385.0,384.0,318.0,318.0,317.0,315.0,314.0,314.0,313.0,313.0,312.0,311.0,311.0,310.0,310.0,310.0,309.0,309.0
real,300,gulf,7,LSTM-rec,3,buffer,2,29,24,0.5270786166441769,18.0,18.0,17.0,16.0,16.0,15.0,15.0,14.0,14.0,14.0,14.0,14.0,14.0,14.0,13.0,13.0,13.0,13.0,12.0,12.0
real,300,gulf,7,LSTM-rec,3,buffer,3,52,88,0.263359354360204,83.0,82.0,81.0,80.0,80.0,80.0,46.0,45.0,44.0,44.0,43.0,43.0,43.0,42.0,42.0,42.0,41.0,41.0,41.0,41.0
real,300,gulf,7,LSTM-rec,3,buffer,4,61,293,0.44448366988909965,286.0,285.0,284.0,283.0,283.0,282.0,281.0,281.0,267.0,266.0,265.0,264.0,264.0,263.0,263.0,262.0,261.0,261.0,261.0,260.0
real,300,gulf,7,LSTM-rec,3,buffer,5,117,180,1.1893630132920272,177.0,176.0,176.0,175.0,174.0,174.0,173.0,172.0,172.0,171.0,171.0,170.0,170.0,169.0,169.0,169.0,168.0,168.0,168.0,167.0
real,300,gulf,7,LSTM-rec,3,buffer,6,144,310,0.5421369380713873,298.0,297.0,296.0,295.0,295.0,294.0,293.0,293.0,292.0,292.0,291.0,291.0,286.0,285.0,285.0,284.0,284.0,283.0,281.0,280.0
real,300,gulf,7,LSTM-rec,3,buffer,7,153,27,0.7544206715954868,24.0,23.0,22.0,21.0,21.0,20.0,19.0,19.0,18.0,18.0,17.0,17.0,16.0,16.0,16.0,15.0,15.0,14.0,14.0,14.0
real,300,gulf,7,LSTM-rec,3,buffer,8,194,82,0.5034079664535568,77.0,76.0,75.0,74.0,73.0,73.0,72.0,72.0,71.0,71.0,71.0,70.0,70.0,70.0,70.0,70.0,69.0,69.0,69.0,69.0
real,300,gulf,7,LSTM-rec,3,buffer,9,204,127,0.6529318756182602,124.0,123.0,123.0,122.0,122.0,121.0,121.0,120.0,120.0,120.0,120.0,120.0,120.0,119.0,15.0,15.0,14.0,14.0,13.0,13.0
real,300,gulf,7,LSTM-rec,3,buffer,10,214,31,0.49434467458280873,20.0,19.0,18.0,17.0,16.0,15.0,12.0,11.0,10.0,9.0,8.0,7.0,7.0,6.0,6.0,6.0,6.0,6.0,6.0,6.0
real,300,gulf,7,LSTM-rec,3,buffer,11,215,367,0.577073326506986,364.0,363.0,363.0,362.0,362.0,362.0,362.0,347.0,347.0,347.0,345.0,345.0,345.0,344.0,343.0,343.0,342.0,342.0,341.0,340.0
real,300,gulf,7,LSTM-rec,3,buffer,12,229,324,0.4885992045155814,319.0,318.0,317.0,316.0,316.0,315.0,314.0,314.0,313.0,313.0,312.0,312.0,311.0,311.0,311.0,310.0,310.0,310.0,310.0,309.0
real,300,gulf,7,LSTM-rec,3,buffer,13,230,127,0.4980919368091986,117.0,112.0,112.0,111.0,110.0,110.0,109.0,109.0,108.0,108.0,108.0,108.0,107.0,107.0,107.0,107.0,107.0,107.0,107.0,107.0
real,300,gulf,7,LSTM-rec,3,buffer,14,254,9,0.37919288372510995,6.0,6.0,6.0,6.0,6.0,6.0,6.0,6.0,6.0,6.0,6.0,6.0,6.0,6.0,6.0,6.0,6.0,6.0,6.0,6.0
real,300,gulf,7,LSTM-rec,3,buffer,15,340,25,1.0938513715542353,22.0,21.0,20.0,19.0,18.0,17.0,17.0,16.0,16.0,15.0,15.0,15.0,15.0,14.0,14.0,14.0,14.0,14.0,14.0,13.0
real,300,gulf,7,LSTM-rec,3,buffer,16,356,649,0.5837999220760901,646.0,645.0,645.0,644.0,643.0,642.0,642.0,641.0,640.0,640.0,639.0,639.0,639.0,638.0,638.0,638.0,637.0,637.0,637.0,637.0
real,300,gulf,7,LSTM-rec,3,buffer,17,357,24,1.1137592334625468,16.0,15.0,13.0,13.0,11.0,10.0,9.0,7.0,6.0,6.0,6.0,6.0,6.0,6.0,6.0,6.0,6.0,6.0,6.0,6.0
real,300,gulf,7,LSTM-rec,3,buffer,18,359,607,0.2559937332057938,605.0,604.0,603.0,603.0,602.0,600.0,600.0,599.0,599.0,598.0,597.0,597.0,596.0,596.0,595.0,595.0,594.0,594.0,594.0,594.0
real,300,gulf,7,LSTM-rec,3,buffer,19,407,43,0.8583357455416284,40.0,40.0,39.0,38.0,37.0,37.0,36.0,35.0,35.0,34.0,33.0,33.0,33.0,32.0,32.0,32.0,31.0,31.0,31.0,31.0
real,300,gulf,7,LSTM-rec,3,buffer,20,419,15,1.381933211240309,13.0,12.0,11.0,10.0,10.0,9.0,8.0,8.0,7.0,6.0,6.0,6.0,6.0,6.0,6.0,6.0,6.0,6.0,6.0,6.0
real,300,gulf,7,LSTM-rec,3,buffer,21,487,42,0.4882978796702517,35.0,34.0,33.0,32.0,31.0,31.0,30.0,29.0,29.0,28.0,27.0,27.0,26.0,25.0,25.0,24.0,24.0,23.0,22.0,22.0
real,300,gulf,7,LSTM-rec,3,crossing,0,15,138,0.46264060295423376,137.0,136.0,135.0,134.0,133.0,132.0,131.0,131.0,130.0,130.0,129.0,115.0,115.0,115.0,114.0,114.0,114.0,113.0,113.0,112.0
real,300,gulf,7,LSTM-rec,3,crossing,1,28,395,0.5058560014619379,394.0,393.0,392.0,388.0,388.0,387.0,386.0,386.0,385.0,385.0,384.0,318.0,318.0,318.0,318.0,315.0,314.0,314.0,313.0,313.0
real,300,gulf,7,LSTM-rec,3,crossing,2,29,24,0.5270786166441769,23.0,22.0,21.0,20.0,20.0,19.0,18.0,18.0,17.0,17.0,16.0,16.0,16.0,15.0,15.0,15.0,15.0,15.0,14.0,14.0
real,300,gulf,7,LSTM-rec,3,crossing,3,52,88,0.263359354360204,87.0,86.0,85.0,85.0,84.0,83.0,82.0,82.0,81.0,80.0,71.0,46.0,46.0,45.0,44.0,44.0,43.0,43.0,43.0,43.0
real,300,gulf,7,LSTM-rec,3,crossing,4,61,293,0.44448366988909965,292.0,291.0,291.0,289.0,288.0,288.0,287.0,287.0,285.0,284.0,284.0,283.0,266.0,266.0,265.0,265.0,264.0,264.0,263.0,263.0
real,300,gulf,7,LSTM-rec,3,crossing,5,117,180,1.1893630132920272,179.0,178.0,177.0,176.0,176.0,175.0,174.0,174.0,173.0,173.0,172.0,172.0,171.0,171.0,170.0,170.0,170.0,169.0,169.0,169.0
real,300,gulf,7,LSTM-rec,3,crossing,6,144,310,0.5421369380713873,309.0,308.0,307.0,300.0,298.0,296.0,296.0,295.0,295.0,294.0,294.0,293.0,293.0,293.0,292.0,292.0,292.0,291.0,286.0,286.0
real,300,gulf,7,LSTM-rec,3,crossing,7,153,27,0.7544206715954868,26.0,25.0,24.0,23.0,23.0,22.0,21.0,21.0,20.0,19.0,19.0,18.0,18.0,18.0,17.0,17.0,17.0,16.0,16.0,16.0
real,300,gulf,7,LSTM-rec,3,crossing,8,194,82,0.5034079664535568,81.0,80.0,79.0,79.0,78.0,77.0,76.0,76.0,75.0,75.0,74.0,73.0,73.0,73.0,72.0,72.0,72.0,72.0,71.0,71.0
real,300,gulf,7,LSTM-rec,3,crossing,9,204,127,0.6529318756182602,126.0,125.0,124.0,124.0,123.0,123.0,122.0,122.0,122.0,121.0,121.0,121.0,120.0,120.0,120.0,120.0,120.0,120.0,120.0,120.0
real,300,gulf,7,LSTM-rec,3,crossing,10,214,31,0.49434467458280873,30.0,29.0,28.0,27.0,26.0,25.0,24.0,22.0,21.0,21.0,20.0,19.0,18.0,17.0,16.0,12.0,11.0,10.0,9.0,9.0
real,300,gulf,7,LSTM-rec,3,crossing,11,215,367,0.577073326506986,366.0,365.0,365.0,364.0,364.0,363.0,363.0,363.0,362.0,362.0,362.0,362.0,362.0,362.0,347.0,347.0,347.0,347.0,347.0,345.0
real,300,gulf,7,LSTM-rec,3,crossing,12,229,324,0.4885992045155814,323.0,321.0,320.0,319.0,318.0,317.0,316.0,316.0,315.0,315.0,314.0,314.0,313.0,313.0,313.0,312.0,312.0,311.0,311.0,311.0
real,300,gulf,7,LSTM-rec,3,crossing,13,230,127,0.4980919368091986,126.0,125.0,125.0,124.0,112.0,111.0,111.0,110.0,110.0,109.0,109.0,109.0,108.0,108.0,108.0,108.0,108.0,107.0,107.0,107.0
real,300,gulf,7,LSTM-rec,3,crossing,14,254,9,0.37919288372510995,8.0,7.0,6.0,6.0,6.0,6.0,6.0,6.0,6.0,6.0,6.0,6.0,6.0,6.0,6.0,6.0,6.0,6.0,6.0,6.0
real,300,gulf,7,LSTM-rec,3,crossing,15,340,25,1.0938513715542353,24.0,23.0,22.0,21.0,20.0,19.0,19.0,18.0,17.0,17.0,16.0,16.0,15.0,15.0,15.0,15.0,15.0,15.0,14.0,14.0
real,300,gulf,7,LSTM-rec,3,crossing,16,356,649,0.5837999220760901,648.0,647.0,646.0,645.0,645.0,644.0,643.0,643.0,642.0,642.0,641.0,640.0,640.0,640.0,639.0,639.0,639.0,638.0,638.0,638.0
real,300,gulf,7,LSTM-rec,3,crossing,17,357,24,1.1137592334625468,23.0,22.0,21.0,21.0,20.0,18.0,16.0,15.0,14.0,13.0,12.0,11.0,10.0,8.0,6.0,6.0,6.0,6.0,6.0,6.0
real,300,gulf,7,LSTM-rec,3,crossing,18,359,607,0.2559937332057938,606.0,605.0,605.0,604.0,603.0,603.0,603.0,602.0,600.0,599.0,599.0,599.0,598.0,598.0,597.0,597.0,596.0,596.0,595.0,595.0
real,300,gulf,7,LSTM-rec,3,crossing,19,407,43,0.8583357455416284,42.0,41.0,41.0,40.0,39.0,38.0,38.0,37.0,36.0,36.0,35.0,35.0,34.0,34.0,33.0,33.0,33.0,32.0,32.0,32.0
real,300,gulf,7,LSTM-rec,3,crossing,20,419,15,1.381933211240309,14.0,14.0,13.0,12.0,11.0,11.0,10.0,9.0,9.0,8.0,8.0,7.0,7.0,6.0,6.0,6.0,6.0,6.0,6.0,6.0
real,300,gulf,7,LSTM-rec,3,crossing,21,487,42,0.4882978796702517,41.0,40.0,39.0,38.0,37.0,36.0,35.0,34.0,34.0,33.0,32.0,31.0,31.0,30.0,30.0,29.0,29.0,28.0,28.0,27.0
real,300,gulf,7,LSTM-ms,3,buffer,0,15,138,0.46264060295423376,132.0,132.0,132.0,132.0,132.0,132.0,132.0,132.0,132.0,132.0,132.0,132.0,131.0,131.0,131.0,131.0,116.0,116.0,116.0,116.0
real,300,gulf,7,LSTM-ms,3,buffer,1,28,395,0.5058560014619379,388.0,387.0,387.0,387.0,387.0,386.0,386.0,386.0,386.0,386.0,386.0,385.0,385.0,385.0,385.0,384.0,384.0,384.0,384.0,384.0
real,300,gulf,7,LSTM-ms,3,buffer,2,29,24,0.5270786166441769,19.0,19.0,19.0,19.0,18.0,18.0,18.0,18.0,18.0,18.0,18.0,18.0,17.0,17.0,17.0,17.0,17.0,17.0,17.0,17.0
real,300,gulf,7,LSTM-ms,3,buffer,3,52,88,0.263359354360204,84.0,83.0,83.0,83.0,83.0,83.0,83.0,83.0,82.0,82.0,82.0,82.0,46.0,46.0,46.0,45.0,45.0,44.0,44.0,44.0
real,300,gulf,7,LSTM-ms,3,buffer,4,61,293,0.44448366988909965,287.0,287.0,287.0,287.0,287.0,287.0,287.0,287.0,287.0,287.0,287.0,287.0,286.0,286.0,286.0,286.0,286.0,286.0,286.0,267.0
real,300,gulf,7,LSTM-ms,3,buffer,5,117,180,1.1893630132920272,178.0,177.0,177.0,176.0,176.0,175.0,175.0,174.0,174.0,174.0,173.0,173.0,173.0,172.0,172.0,172.0,171.0,171.0,171.0,171.0
real,300,gulf,7,LSTM-ms,3,buffer,6,144,310,0.5421369380713873,298.0,298.0,297.0,297.0,297.0,297.0,296.0,296.0,296.0,296.0,296.0,296.0,295.0,295.0,295.0,295.0,295.0,295.0,295.0,295.0
real,300,gulf,7,LSTM-ms,3,buffer,7,153,27,0.7544206715954868,24.0,24.0,23.0,23.0,22.0,22.0,21.0,21.0,21.0,20.0,20.0,20.0,19.0,19.0,19.0,19.0,18.0,18.0,18.0,18.0
real,300,gulf,7,LSTM-ms,3,buffer,8,194,82,0.5034079664535568,77.0,77.0,77.0,76.0,76.0,76.0,76.0,76.0,76.0,76.0,75.0,75.0,75.0,75.0,74.0,74.0,74.0,74.0,74.0,74.0
real,300,gulf,7,LSTM-ms,3,buffer,9,204,127,0.6529318756182602,124.0,124.0,124.0,123.0,123.0,123.0,123.0,123.0,122.0,122.0,122.0,122.0,122.0,122.0,122.0,121.0,121.0,121.0,121.0,121.0
real,300,gulf,7,LSTM-ms,3,buffer,10,214,31,0.49434467458280873,21.0,21.0,21.0,21.0,21.0,21.0,21.0,21.0,21.0,21.0,21.0,21.0,21.0,21.0,21.0,21.0,21.0,21.0,21.0,21.0
real,300,gulf,7,LSTM-ms,3,buffer,11,215,367,0.577073326506986,365.0,364.0,364.0,364.0,364.0,363.0,363.0,363.0,363.0,363.0,363.0,363.0,363.0,363.0,363.0,363.0,363.0,363.0,363.0,363.0
real,300,gulf,7,LSTM-ms,3,buffer,12,229,324,0.4885992045155814,319.0,319.0,318.0,318.0,317.0,317.0,317.0,316.0,316.0,316.0,315.0,315.0,315.0,314.0,314.0,314.0,314.0,313.0,313.0,313.0
real,300,gulf,7,LSTM-ms,3,buffer,13,230,127,0.4980919368091986,119.0,119.0,119.0,112.0,112.0,111.0,111.0,111.0,111.0,110.0,110.0,110.0,110.0,110.0,109.0,109.0,109.0,109.0,109.0,109.0
real,300,gulf,7,LSTM-ms,3,buffer,14,254,9,0.37919288372510995,6.0,6.0,6.0,6.0,6.0,6.0,6.0,6.0,6.0,6.0,6.0,6.0,6.0,6.0,6.0,6.0,6.0,6.0,6.0,6.0
real,300,gulf,7,LSTM-ms,3,buffer,15,340,25,1.0938513715542353,22.0,21.0,21.0,20.0,20.0,19.0,19.0,19.0,18.0,18.0,17.0,17.0,17.0,16.0,16.0,16.0,16.0,16.0,16.0,15.0
real,300,gulf,7,LSTM-ms,3,buffer,16,356,649,0.5837999220760901,647.0,646.0,645.0,645.0,644.0,644.0,644.0,643.0,643.0,642.0,642.0,642.0,641.0,641.0,641.0,641.0,640.0,640.0,640.0,640.0
real,300,gulf,7,LSTM-ms,3,buffer,17,357,24,1.1137592334625468,17.0,17.0,17.0,17.0,17.0,17.0,17.0,17.0,17.0,17.0,17.0,17.0,17.0,17.0,17.0,17.0,16.0,16.0,16.0,16.0
real,300,gulf,7,LSTM-ms,3,buffer,18,359,607,0.2559937332057938,605.0,605.0,604.0,604.0,603.0,603.0,603.0,603.0,602.0,600.0,600.0,600.0,599.0,599.0,599.0,599.0,598.0,598.0,598.0,597.0
real,300,gulf,7,LSTM-ms,3,buffer,19,407,43,0.8583357455416284,41.0,40.0,40.0,39.0,39.0,38.0,38.0,38.0,37.0,37.0,37.0,36.0,36.0,36.0,35.0,35.0,35.0,34.0,34.0,34.0
real,300,gulf,7,LSTM-ms,3,buffer,20,419,15,1.381933211240309,13.0,12.0,12.0,11.0,11.0,11.0,10.0,10.0,9.0,9.0,9.0,8.0,8.0,7.0,7.0,7.0,7.0,6.0,6.0,6.0
real,300,gulf,7,LSTM-ms,3,buffer,21,487,42,0.4882978796702517,36.0,36.0,35.0,35.0,35.0,35.0,35.0,35.0,35.0,35.0,35.0,34.0,34.0,34.0,34.0,33.0,33.0,33.0,33.0,33.0
real,300,gulf,7,LSTM-ms,3,crossing,0,15,138,0.46264060295423376,137.0,137.0,137.0,137.0,137.0,137.0,137.0,137.0,137.0,137.0,137.0,137.0,137.0,137.0,136.0,136.0,136.0,136.0,136.0,136.0
real,300,gulf,7,LSTM-ms,3,crossing,1,28,395,0.5058560014619379,395.0,395.0,395.0,395.0,395.0,395.0,395.0,395.0,395.0,395.0,395.0,395.0,389.0,389.0,388.0,388.0,388.0,388.0,388.0,388.0
real,300,gulf,7,LSTM-ms,3,crossing,2,29,24,0.5270786166441769,23.0,23.0,23.0,23.0,22.0,22.0,22.0,22.0,22.0,22.0,21.0,21.0,21.0,21.0,21.0,21.0,21.0,20.0,20.0,20.0
real,300,gulf,7,LSTM-ms,3,crossing,3,52,88,0.263359354360204,88.0,88.0,87.0,87.0,87.0,87.0,87.0,87.0,86.0,86.0,86.0,86.0,85.0,85.0,85.0,85.0,84.0,84.0,84.0,84.0
real,300,gulf,7,LSTM-ms,3,crossing,4,61,293,0.44448366988909965,293.0,293.0,293.0,293.0,293.0,293.0,293.0,292.0,292.0,292.0,292.0,292.0,292.0,292.0,292.0,291.0,291.0,291.0,291.0,291.0
real,300,gulf,7,LSTM-ms,3,crossing,5,117,180,1.1893630132920272,179.0,179.0,178.0,178.0,177.0,177.0,176.0,176.0,175.0,175.0,175.0,174.0,174.0,174.0,174.0,173.0,173.0,173.0,172.0,172.0
real,300,gulf,7,LSTM-ms,3,crossing,6,144,310,0.5421369380713873,310.0,309.0,309.0,309.0,309.0,309.0,309.0,309.0,309.0,309.0,308.0,308.0,308.0,298.0,298.0,297.0,297.0,297.0,297.0,297.0
real,300,gulf,7,LSTM-ms,3,crossing,7,153,27,0.7544206715954868,26.0,25.0,25.0,24.0,24.0,24.0,23.0,23.0,22.0,22.0,22.0,21.0,21.0,21.0,20.0,20.0,20.0,20.0,19.0,19.0
real,300,gulf,7,LSTM-ms,3,crossing,8,194,82,0.5034079664535568,82.0,82.0,82.0,81.0,81.0,81.0,81.0,81.0,81.0,81.0,80.0,80.0,80.0,80.0,79.0,79.0,79.0,79.0,79.0,79.0
real,300,gulf,7,LSTM-ms,3,crossing,9,204,127,0.6529318756182602,126.0,126.0,125.0,125.0,125.0,124.0,124.0,124.0,124.0,123.0,123.0,123.0,123.0,123.0,123.0,123.0,122.0,122.0,122.0,122.0
real,300,gulf,7,LSTM-ms,3,crossing,10,214,31,0.49434467458280873,31.0,31.0,31.0,31.0,31.0,31.0,31.0,31.0,31.0,31.0,31.0,31.0,31.0,31.0,31.0,31.0,31.0,31.0,31.0,31.0
real,300,gulf,7,LSTM-ms,3,crossing,11,215,367,0.577073326506986,367.0,366.0,366.0,365.0,365.0,365.0,365.0,365.0,364.0,364.0,364.0,364.0,364.0,364.0,364.0,364.0,364.0,363.0,363.0,363.0
real,300,gulf,7,LSTM-ms,3,crossing,12,229,324,0.4885992045155814,323.0,322.0,321.0,320.0,320.0,319.0,319.0,318.0,318.0,318.0,317.0,317.0,317.0,316.0,316.0,316.0,315.0,315.0,315.0,315.0
real,300,gulf,7,LSTM-ms,3,crossing,13,230,127,0.4980919368091986,127.0,127.0,127.0,127.0,127.0,127.0,127.0,127.0,112.0,112.0,112.0,111.0,111.0,111.0,111.0,110.0,110.0,110.0,110.0,110.0
real,300,gulf,7,LSTM-ms,3,crossing,14,254,9,0.37919288372510995,9.0,9.0,9.0,9.0,9.0,9.0,9.0,9.0,9.0,9.0,9.0,9.0,9.0,9.0,9.0,9.0,9.0,9.0,9.0,9.0
real,300,gulf,7,LSTM-ms,3,crossing,15,340,25,1.0938513715542353,24.0,23.0,23.0,22.0,22.0,22.0,21.0,21.0,20.0,20.0,19.0,19.0,19.0,18.0,18.0,17.0,17.0,17.0,17.0,16.0
real,300,gulf,7,LSTM-ms,3,crossing,16,356,649,0.5837999220760901,648.0,647.0,647.0,646.0,646.0,646.0,645.0,645.0,644.0,644.0,644.0,643.0,643.0,643.0,642.0,642.0,642.0,642.0,641.0,641.0
real,300,gulf,7,LSTM-ms,3,crossing,17,357,24,1.1137592334625468,24.0,23.0,23.0,23.0,23.0,23.0,23.0,23.0,23.0,23.0,23.0,23.0,23.0,23.0,23.0,23.0,23.0,23.0,23.0,23.0
real,300,gulf,7,LSTM-ms,3,crossing,18,359,607,0.2559937332057938,607.0,606.0,606.0,605.0,605.0,604.0,604.0,604.0,604.0,603.0,603.0,603.0,603.0,602.0,600.0,600.0,600.0,600.0,599.0,599.0
real,300,gulf,7,LSTM-ms,3,crossing,19,407,43,0.8583357455416284,43.0,42.0,42.0,41.0,41.0,40.0,40.0,40.0,39.0,39.0,39.0,38.0,38.0,37.0,37.0,37.0,37.0,36.0,36.0,36.0
real,300,gulf,7,LSTM-ms,3,crossing,20,419,15,1.381933211240309,15.0,14.0,14.0,13.0,13.0,12.0,12.0,12.0,11.0,11.0,10.0,10.0,10.0,9.0,9.0,9.0,8.0,8.0,8.0,8.0
real,300,gulf,7,LSTM-ms,3,crossing,21,487,42,0.4882978796702517,42.0,42.0,42.0,42.0,42.0,42.0,42.0,42.0,41.0,41.0,41.0,41.0,41.0,40.0,40.0,40.0,40.0,40.0,40.0,40.0
real,300,gulf,7,LSTM-rec,4,buffer,0,15,138,0.46264060295423376,131.0,131.0,131.0,131.0,131.0,131.0,131.0,131.0,131.0,131.0,131.0,131.0,131.0,131.0,131.0,131.0,131.0,131.0,131.0,131.0
real,300,gulf,7,LSTM-rec,4,buffer,1,28,395,0.5058560014619379,387.0,387.0,387.0,387.0,387.0,387.0,387.0,387.0,387.0,387.0,387.0,387.0,387.0,387.0,387.0,387.0,387.0,387.0,387.0,387.0
real,300,gulf,7,LSTM-rec,4,buffer,2,29,24,0.5270786166441769,19.0,19.0,19.0,19.0,19.0,19.0,19.0,19.0,19.0,19.0,19.0,19.0,19.0,19.0,19.0,19.0,19.0,19.0,19.0,19.0
real,300,gulf,7,LSTM-rec,4,buffer,3,52,88,0.263359354360204,84.0,84.0,84.0,84.0,84.0,84.0,84.0,84.0,84.0,84.0,84.0,84.0,84.0,84.0,84.0,84.0,84.0,84.0,84.0,84.0
real,300,gulf,7,LSTM-rec,4,buffer,4,61,293,0.44448366988909965,287.0,287.0,287.0,287.0,287.0,287.0,287.0,287.0,287.0,287.0,287.0,287.0,287.0,287.0,287.0,287.0,287.0,287.0,287.0,287.0
real,300,gulf,7,LSTM-rec,4,buffer,5,117,180,1.1893630132920272,178.0,177.0,177.0,176.0,176.0,176.0,176.0,176.0,176.0,176.0,176.0,176.0,176.0,176.0,176.0,176.0,176.0,176.0,176.0,176.0
real,300,gulf,7,LSTM-rec,4,buffer,6,144,310,0.5421369380713873,298.0,298.0,298.0,298.0,298.0,298.0,298.0,298.0,298.0,298.0,298.0,298.0,298.0,298.0,298.0,298.0,298.0,298.0,298.0,298.0
real,300,gulf,7,LSTM-rec,4,buffer,7,153,27,0.7544206715954868,24.0,24.0,23.0,23.0,23.0,23.0,23.0,23.0,23.0,23.0,23.0,23.0,23.0,23.0,23.0,23.0,23.0,23.0,23.0,23.0
real,300,gulf,7,LSTM-rec,4,buffer,8,194,82,0.5034079664535568,77.0,77.0,77.0,77.0,77.0,77.0,77.0,77.0,77.0,77.0,77.0,77.0,77.0,77.0,77.0,77.0,77.0,77.0,77.0,77.0
real,300,gulf,7,LSTM-rec,4,buffer,9,204,127,0.6529318756182602,124.0,124.0,124.0,124.0,124.0,124.0,124.0,124.0,124.0,124.0,124.0,124.0,124.0,124.0,124.0,124.0,124.0,124.0,124.0,124.0
real,300,gulf,7,LSTM-rec,4,buffer,10,214,31,0.49434467458280873,21.0,21.0,21.0,21.0,21.0,21.0,21.0,21.0,21.0,21.0,21.0,21.0,21.0,21.0,21.0,21.0,21.0,21.0,21.0,21.0
real,300,gulf,7,LSTM-rec,4,buffer,11,215,367,0.577073326506986,364.0,364.0,364.0,364.0,364.0,364.0,364.0,364.0,364.0,364.0,364.0,364.0,364.0,364.0,364.0,364.0,364.0,364.0,364.0,364.0
real,300,gulf,7,LSTM-rec,4,buffer,12,229,324,0.4885992045155814,319.0,319.0,319.0,318.0,318.0,318.0,318.0,318.0,318.0,318.0,318.0,318.0,318.0,318.0,318.0,318.0,318.0,318.0,318.0,318.0
real,300,gulf,7,LSTM-rec,4,buffer,13,230,127,0.4980919368091986,118.0,118.0,118.0,118.0,118.0,118.0,118.0,118.0,118.0,118.0,118.0,118.0,118.0,118.0,118.0,118.0,118.0,118.0,118.0,118.0
real,300,gulf,7,LSTM-rec,4,buffer,14,254,9,0.37919288372510995,6.0,6.0,6.0,6.0,6.0,6.0,6.0,6.0,6.0,6.0,6.0,6.0,6.0,6.0,6.0,6.0,6.0,6.0,6.0,6.0
real,300,gulf,7,LSTM-rec,4,buffer,15,340,25,1.0938513715542353,22.0,21.0,21.0,21.0,21.0,21.0,21.0,21.0,21.0,21.0,21.0,21.0,21.0,21.0,21.0,21.0,21.0,21.0,21.0,21.0
real,300,gulf,7,LSTM-rec,4,buffer,16,356,649,0.5837999220760901,646.0,646.0,646.0,645.0,645.0,645.0,645.0,645.0,645.0,645.0,645.0,645.0,645.0,645.0,645.0,645.0,645.0,645.0,645.0,645.0
real,300,gulf,7,LSTM-rec,4,buffer,17,357,24,1.1137592334625468,17.0,17.0,17.0,17.0,17.0,17.0,17.0,17.0,17.0,17.0,17.0,17.0,17.0,17.0,17.0,17.0,17.0,17.0,17.0,17.0
real,300,gulf,7,LSTM-rec,4,buffer,18,359,607,0.2559937332057938,605.0,604.0,604.0,604.0,604.0,604.0,604.0,604.0,604.0,604.0,604.0,604.0,604.0,604.0,604.0,604.0,604.0,604.0,604.0,604.0
real,300,gulf,7,LSTM-rec,4,buffer,19,407,43,0.8583357455416284,41.0,40.0,40.0,40.0,40.0,40.0,40.0,40.0,40.0,40.0,40.0,40.0,40.0,40.0,40.0,40.0,40.0,40.0,40.0,40.0
real,300,gulf,7,LSTM-rec,4,buffer,20,419,15,1.381933211240309,13.0,12.0,12.0,12.0,12.0,12.0,12.0,12.0,12.0,12.0,12.0,12.0,12.0,12.0,12.0,12.0,12.0,12.0,12.0,12.0
real,300,gulf,7,LSTM-rec,4,buffer,21,487,42,0.4882978796702517,36.0,36.0,36.0,36.0,36.0,36.0,36.0,36.0,36.0,36.0,36.0,36.0,36.0,36.0,36.0,36.0,36.0,36.0,36.0,36.0
real,300,gulf,7,LSTM-rec,4,crossing,0,15,138,0.46264060295423376,137.0,137.0,137.0,137.0,137.0,137.0,137.0,137.0,137.0,137.0,137.0,137.0,137.0,137.0,137.0,137.0,137.0,137.0,137.0,137.0
real,300,gulf,7,LSTM-rec,4,crossing,1,28,395,0.5058560014619379,395.0,395.0,395.0,395.0,395.0,395.0,395.0,395.0,395.0,395.0,395.0,395.0,395.0,395.0,395.0,395.0,395.0,395.0,395.0,395.0
real,300,gulf,7,LSTM-rec,4,crossing,2,29,24,0.5270786166441769,23.0,23.0,23.0,23.0,23.0,23.0,23.0,23.0,23.0,23.0,23.0,23.0,23.0,23.0,23.0,23.0,23.0,23.0,23.0,23.0
real,300,gulf,7,LSTM-rec,4,crossing,3,52,88,0.263359354360204,88.0,88.0,88.0,88.0,88.0,88.0,88.0,88.0,88.0,88.0,88.0,88.0,88.0,88.0,88.0,88.0,88.0,88.0,88.0,88.0
real,300,gulf,7,LSTM-rec,4,crossing,4,61,293,0.44448366988909965,293.0,293.0,293.0,293.0,293.0,293.0,293.0,293.0,293.0,293.0,293.0,293.0,293.0,293.0,293.0,293.0,293.0,293.0,293.0,293.0
real,300,gulf,7,LSTM-rec,4,crossing,5,117,180,1.1893630132920272,179.0,178.0,178.0,178.0,178.0,178.0,178.0,178.0,178.0,178.0,178.0,178.0,178.0,178.0,178.0,178.0,178.0,178.0,178.0,178.0
real,300,gulf,7,LSTM-rec,4,crossing,6,144,310,0.5421369380713873,310.0,310.0,310.0,310.0,310.0,310.0,310.0,310.0,310.0,310.0,310.0,310.0,310.0,310.0,310.0,310.0,310.0,310.0,310.0,310.0
real,300,gulf,7,LSTM-rec,4,crossing,7,153,27,0.7544206715954868,26.0,25.0,25.0,25.0,25.0,25.0,25.0,25.0,25.0,25.0,25.0,25.0,25.0,25.0,25.0,25.0,25.0,25.0,25.0,25.0
real,300,gulf,7,LSTM-rec,4,crossing,8,194,82,0.5034079664535568,82.0,82.0,82.0,82.0,82.0,82.0,82.0,82.0,82.0,82.0,82.0,82.0,82.0,82.0,82.0,82.0,82.0,82.0,82.0,82.0
real,300,gulf,7,LSTM-rec,4,crossing,9,204,127,0.6529318756182602,126.0,126.0,125.0,125.0,125.0,125.0,125.0,125.0,125.0,125.0,125.0,125.0,125.0,125.0,125.0,125.0,125.0,125.0,125.0,125.0
real,300,gulf,7,LSTM-rec,4,crossing,10,214,31,0.49434467458280873,31.0,31.0,31.0,31.0,31.0,31.0,31.0,31.0,31.0,31.0,31.0,31.0,31.0,31.0,31.0,31.0,31.0,31.0,31.0,31.0
real,300,gulf,7,LSTM-rec,4,crossing,11,215,367,0.577073326506986,367.0,366.0,366.0,366.0,366.0,366.0,366.0,366.0,366.0,366.0,366.0,366.0,366.0,366.0,366.0,366.0,366.0,366.0,366.0,366.0
real,300,gulf,7,LSTM-rec,4,crossing,12,229,324,0.4885992045155814,323.0,323.0,323.0,323.0,323.0,323.0,323.0,323.0,323.0,323.0,323.0,323.0,323.0,323.0,323.0,323.0,323.0,323.0,323.0,323.0
real,300,gulf,7,LSTM-rec,4,crossing,13,230,127,0.4980919368091986,127.0,127.0,127.0,127.0,127.0,127.0,127.0,127.0,127.0,127.0,127.0,127.0,127.0,127.0,127.0,127.0,127.0,127.0,127.0,127.0
real,300,gulf,7,LSTM-rec,4,crossing,14,254,9,0.37919288372510995,9.0,9.0,9.0,9.0,9.0,9.0,9.0,9.0,9.0,9.0,9.0,9.0,9.0,9.0,9.0,9.0,9.0,9.0,9.0,9.0
real,300,gulf,7,LSTM-rec,4,crossing,15,340,25,1.0938513715542353,24.0,23.0,23.0,23.0,23.0,23.0,23.0,23.0,23.0,23.0,23.0,23.0,23.0,23.0,23.0,23.0,23.0,23.0,23.0,23.0
real,300,gulf,7,LSTM-rec,4,crossing,16,356,649,0.5837999220760901,648.0,647.0,647.0,647.0,647.0,647.0,647.0,647.0,647.0,647.0,647.0,647.0,647.0,647.0,647.0,647.0,647.0,647.0,647.0,647.0
real,300,gulf,7,LSTM-rec,4,crossing,17,357,24,1.1137592334625468,23.0,23.0,23.0,23.0,23.0,23.0,23.0,23.0,23.0,23.0,23.0,23.0,23.0,23.0,23.0,23.0,23.0,23.0,23.0,23.0
real,300,gulf,7,LSTM-rec,4,crossing,18,359,607,0.2559937332057938,606.0,606.0,606.0,605.0,605.0,605.0,605.0,605.0,605.0,605.0,605.0,605.0,605.0,605.0,605.0,605.0,605.0,605.0,605.0,605.0
real,300,gulf,7,LSTM-rec,4,crossing,19,407,43,0.8583357455416284,43.0,42.0,42.0,42.0,42.0,42.0,42.0,42.0,42.0,42.0,42.0,42.0,42.0,42.0,42.0,42.0,42.0,42.0,42.0,42.0
real,300,gulf,7,LSTM-rec,4,crossing,20,419,15,1.381933211240309,15.0,14.0,14.0,14.0,14.0,14.0,14.0,14.0,14.0,14.0,14.0,14.0,14.0,14.0,14.0,14.0,14.0,14.0,14.0,14.0
real,300,gulf,7,LSTM-rec,4,crossing,21,487,42,0.4882978796702517,42.0,42.0,42.0,42.0,42.0,42.0,42.0,42.0,42.0,42.0,42.0,42.0,42.0,42.0,42.0,42.0,42.0,42.0,42.0,42.0
real,300,gulf,7,LSTM-ms,4,buffer,0,15,138,0.46264060295423376,131.0,130.0,130.0,129.0,128.0,128.0,128.0,128.0,118.0,116.0,115.0,115.0,114.0,114.0,114.0,113.0,113.0,113.0,113.0,112.0
real,300,gulf,7,LSTM-ms,4,buffer,1,28,395,0.5058560014619379,387.0,386.0,386.0,385.0,318.0,318.0,317.0,317.0,315.0,315.0,315.0,314.0,314.0,313.0,313.0,313.0,312.0,312.0,312.0,311.0
real,300,gulf,7,LSTM-ms,4,buffer,2,29,24,0.5270786166441769,18.0,18.0,17.0,17.0,16.0,16.0,15.0,15.0,15.0,15.0,15.0,14.0,14.0,14.0,14.0,14.0,14.0,14.0,14.0,14.0
real,300,gulf,7,LSTM-ms,4,buffer,3,52,88,0.263359354360204,83.0,82.0,82.0,81.0,80.0,46.0,45.0,44.0,44.0,43.0,43.0,42.0,42.0,41.0,41.0,40.0,40.0,40.0,39.0,39.0
real,300,gulf,7,LSTM-ms,4,buffer,4,61,293,0.44448366988909965,287.0,286.0,285.0,284.0,283.0,283.0,282.0,282.0,282.0,281.0,267.0,266.0,266.0,265.0,265.0,264.0,264.0,264.0,263.0,263.0
real,300,gulf,7,LSTM-ms,4,buffer,5,117,180,1.1893630132920272,177.0,177.0,176.0,175.0,174.0,174.0,173.0,173.0,172.0,172.0,171.0,171.0,170.0,170.0,170.0,169.0,169.0,169.0,168.0,168.0
real,300,gulf,7,LSTM-ms,4,buffer,6,144,310,0.5421369380713873,298.0,297.0,296.0,296.0,295.0,295.0,294.0,294.0,294.0,294.0,293.0,293.0,293.0,293.0,293.0,293.0,287.0,287.0,287.0,287.0
real,300,gulf,7,LSTM-ms,4,buffer,7,153,27,0.7544206715954868,24.0,23.0,22.0,22.0,21.0,20.0,20.0,19.0,19.0,18.0,18.0,17.0,17.0,17.0,16.0,16.0,16.0,15.0,15.0,14.0
real,300,gulf,7,LSTM-ms,4,buffer,8,194,82,0.5034079664535568,77.0,76.0,75.0,74.0,74.0,73.0,73.0,72.0,72.0,72.0,71.0,71.0,71.0,71.0,71.0,70.0,70.0,70.0,70.0,70.0
real,300,gulf,7,LSTM-ms,4,buffer,9,204,127,0.6529318756182602,124.0,124.0,123.0,123.0,122.0,122.0,122.0,122.0,122.0,121.0,121.0,121.0,121.0,121.0,121.0,121.0,120.0,120.0,120.0,120.0
real,300,gulf,7,LSTM-ms,4,buffer,10,214,31,0.49434467458280873,21.0,20.0,19.0,18.0,17.0,16.0,16.0,15.0,15.0,12.0,11.0,11.0,10.0,10.0,10.0,9.0,9.0,9.0,9.0,8.0
real,300,gulf,7,LSTM-ms,4,buffer,11,215,367,0.577073326506986,364.0,364.0,364.0,363.0,363.0,363.0,362.0,362.0,362.0,347.0,347.0,347.0,347.0,346.0,346.0,345.0,345.0,345.0,345.0,345.0
real,300,gulf,7,LSTM-ms,4,buffer,12,229,324,0.4885992045155814,319.0,318.0,318.0,317.0,316.0,315.0,315.0,314.0,314.0,313.0,313.0,313.0,312.0,312.0,312.0,311.0,311.0,311.0,311.0,311.0
real,300,gulf,7,LSTM-ms,4,buffer,13,230,127,0.4980919368091986,118.0,116.0,112.0,111.0,111.0,110.0,110.0,110.0,110.0,109.0,109.0,109.0,109.0,108.0,108.0,108.0,108.0,108.0,108.0,108.0
real,300,gulf,7,LSTM-ms,4,buffer,14,254,9,0.37919288372510995,6.0,6.0,6.0,6.0,6.0,6.0,6.0,6.0,6.0,6.0,6.0,6.0,6.0,6.0,6.0,6.0,6.0,6.0,6.0,6.0
real,300,gulf,7,LSTM-ms,4,buffer,15,340,25,1.0938513715542353,22.0,21.0,20.0,19.0,19.0,18.0,17.0,17.0,17.0,16.0,16.0,16.0,16.0,16.0,16.0,15.0,15.0,15.0,15.0,15.0
real,300,gulf,7,LSTM-ms,4,buffer,16,356,649,0.5837999220760901,646.0,646.0,645.0,644.0,643.0,643.0,642.0,642.0,641.0,641.0,640.0,640.0,640.0,639.0,639.0,639.0,638.0,638.0,638.0,638.0
real,300,gulf,7,LSTM-ms,4,buffer,17,357,24,1.1137592334625468,16.0,15.0,14.0,14.0,13.0,12.0,12.0,12.0,11.0,11.0,10.0,10.0,9.0,8.0,8.0,7.0,7.0,7.0,6.0,6.0
real,300,gulf,7,LSTM-ms,4,buffer,18,359,607,0.2559937332057938,605.0,604.0,603.0,603.0,603.0,602.0,600.0,599.0,599.0,599.0,598.0,598.0,597.0,597.0,597.0,596.0,595.0,595.0,595.0,594.0
real,300,gulf,7,LSTM-ms,4,buffer,19,407,43,0.8583357455416284,41.0,40.0,39.0,38.0,38.0,37.0,36.0,36.0,35.0,35.0,34.0,34.0,34.0,33.0,33.0,33.0,33.0,33.0,33.0,33.0
real,300,gulf,7,LSTM-ms,4,buffer,20,419,15,1.381933211240309,13.0,12.0,11.0,10.0,10.0,9.0,8.0,8.0,7.0,7.0,6.0,6.0,6.0,6.0,6.0,6.0,6.0,6.0,6.0,6.0
real,300,gulf,7,LSTM-ms,4,buffer,21,487,42,0.4882978796702517,35.0,34.0,34.0,33.0,32.0,31.0,31.0,30.0,30.0,29.0,29.0,29.0,28.0,28.0,28.0,27.0,27.0,27.0,26.0,26.0
real,300,gulf,7,LSTM-ms,4,crossing,0,15,138,0.46264060295423376,137.0,136.0,135.0,135.0,134.0,133.0,133.0,132.0,132.0,132.0,131.0,131.0,131.0,131.0,130.0,116.0,115.0,115.0,115.0,115.0
real,300,gulf,7,LSTM-ms,4,crossing,1,28,395,0.5058560014619379,394.0,393.0,393.0,392.0,388.0,387.0,387.0,386.0,386.0,386.0,385.0,385.0,384.0,318.0,318.0,318.0,318.0,317.0,317.0,315.0
real,300,gulf,7,LSTM-ms,4,crossing,2,29,24,0.5270786166441769,23.0,22.0,21.0,21.0,20.0,19.0,19.0,18.0,18.0,18.0,18.0,17.0,17.0,17.0,17.0,17.0,16.0,16.0,16.0,16.0
real,300,gulf,7,LSTM-ms,4,crossing,3,52,88,0.263359354360204,87.0,87.0,86.0,85.0,84.0,84.0,83.0,83.0,83.0,46.0,45.0,44.0,44.0,43.0,43.0,42.0,42.0,42.0,41.0,41.0
real,300,gulf,7,LSTM-ms,4,crossing,4,61,293,0.44448366988909965,292.0,291.0,291.0,290.0,289.0,288.0,288.0,288.0,287.0,287.0,287.0,286.0,285.0,285.0,285.0,267.0,267.0,266.0,266.0,266.0
real,300,gulf,7,LSTM-ms,4,crossing,5,117,180,1.1893630132920272,179.0,178.0,177.0,177.0,176.0,175.0,175.0,174.0,174.0,173.0,173.0,172.0,172.0,172.0,171.0,171.0,170.0,170.0,170.0,169.0
real,300,gulf,7,LSTM-ms,4,crossing,6,144,310,0.5421369380713873,309.0,308.0,307.0,300.0,300.0,298.0,297.0,297.0,296.0,296.0,296.0,295.0,295.0,295.0,295.0,295.0,294.0,294.0,294.0,294.0
real,300,gulf,7,LSTM-ms,4,crossing,7,153,27,0.7544206715954868,26.0,25.0,24.0,23.0,23.0,22.0,21.0,21.0,21.0,20.0,20.0,19.0,18.0,18.0,18.0,17.0,17.0,17.0,17.0,16.0
real,300,gulf,7,LSTM-ms,4,crossing,8,194,82,0.5034079664535568,81.0,80.0,80.0,79.0,78.0,77.0,77.0,76.0,76.0,75.0,75.0,74.0,74.0,74.0,73.0,73.0,73.0,73.0,73.0,73.0
real,300,gulf,7,LSTM-ms,4,crossing,9,204,127,0.6529318756182602,126.0,125.0,125.0,124.0,123.0,123.0,123.0,123.0,123.0,122.0,122.0,122.0,122.0,122.0,122.0,122.0,122.0,122.0,121.0,121.0
real,300,gulf,7,LSTM-ms,4,crossing,10,214,31,0.49434467458280873,30.0,29.0,29.0,28.0,27.0,26.0,26.0,25.0,25.0,24.0,24.0,24.0,23.0,23.0,23.0,22.0,22.0,21.0,21.0,21.0
real,300,gulf,7,LSTM-ms,4,crossing,11,215,367,0.577073326506986,367.0,366.0,365.0,365.0,365.0,364.0,364.0,364.0,364.0,364.0,363.0,363.0,363.0,363.0,363.0,363.0,363.0,363.0,363.0,363.0
real,300,gulf,7,LSTM-ms,4,crossing,12,229,324,0.4885992045155814,323.0,321.0,320.0,319.0,318.0,317.0,317.0,316.0,316.0,315.0,315.0,314.0,314.0,314.0,313.0,313.0,313.0,312.0,312.0,312.0
real,300,gulf,7,LSTM-ms,4,crossing,13,230,127,0.4980919368091986,126.0,126.0,125.0,125.0,124.0,112.0,112.0,111.0,111.0,111.0,110.0,110.0,110.0,110.0,110.0,109.0,109.0,109.0,109.0,109.0
real,300,gulf,7,LSTM-ms,4,crossing,14,254,9,0.37919288372510995,8.0,7.0,6.0,6.0,6.0,6.0,6.0,6.0,6.0,6.0,6.0,6.0,6.0,6.0,6.0,6.0,6.0,6.0,6.0,6.0
real,300,gulf,7,LSTM-ms,4,crossing,15,340,25,1.0938513715542353,24.0,23.0,22.0,21.0,21.0,20.0,19.0,19.0,18.0,18.0,17.0,17.0,17.0,16.0,16.0,16.0,16.0,16.0,16.0,16.0
real,300,gulf,7,LSTM-ms,4,crossing,16,356,649,0.5837999220760901,648.0,647.0,646.0,646.0,645.0,644.0,644.0,643.0,643.0,642.0,642.0,641.0,641.0,641.0,640.0,640.0,640.0,639.0,639.0,639.0
real,300,gulf,7,LSTM-ms,4,crossing,17,357,24,1.1137592334625468,23.0,23.0,22.0,21.0,21.0,21.0,20.0,20.0,19.0,19.0,18.0,17.0,16.0,16.0,16.0,15.0,15.0,15.0,15.0,14.0
real,300,gulf,7,LSTM-ms,4,crossing,18,359,607,0.2559937332057938,606.0,606.0,605.0,604.0,604.0,603.0,603.0,603.0,602.0,600.0,600.0,599.0,599.0,598.0,598.0,598.0,597.0,597.0,597.0,596.0
real,300,gulf,7,LSTM-ms,4,crossing,19,407,43,0.8583357455416284,42.0,42.0,41.0,40.0,40.0,39.0,38.0,38.0,37.0,37.0,36.0,36.0,35.0,35.0,34.0,34.0,34.0,34.0,33.0,33.0
real,300,gulf,7,LSTM-ms,4,crossing,20,419,15,1.381933211240309,14.0,14.0,13.0,12.0,11.0,11.0,10.0,10.0,9.0,9.0,8.0,8.0,7.0,6.0,6.0,6.0,6.0,6.0,6.0,6.0
real,300,gulf,7,LSTM-ms,4,crossing,21,487,42,0.4882978796702517,41.0,40.0,39.0,38.0,37.0,37.0,36.0,36.0,35.0,35.0,34.0,34.0,33.0,33.0,33.0,32.0,31.0,31.0,31.0,30.0
real,300,gulf,8,Reactive,0,zone,0,8,168,0.5632914606780262,168.0,168.0,168.0,168.0,168.0,168.0,168.0,168.0,168.0,168.0,168.0,168.0,168.0,168.0,168.0,168.0,168.0,168.0,168.0,168.0
real,300,gulf,8,Reactive,0,zone,1,19,398,0.8917053415156226,396.0,396.0,396.0,396.0,396.0,396.0,396.0,396.0,396.0,396.0,396.0,396.0,396.0,396.0,396.0,396.0,396.0,396.0,396.0,396.0
real,300,gulf,8,Reactive,0,zone,2,20,504,0.2341189693571953,504.0,504.0,504.0,504.0,504.0,504.0,504.0,504.0,504.0,504.0,504.0,504.0,504.0,504.0,504.0,504.0,504.0,504.0,504.0,504.0
real,300,gulf,8,Reactive,0,zone,3,49,381,0.3680385695503958,380.0,380.0,380.0,380.0,380.0,380.0,380.0,380.0,380.0,380.0,380.0,380.0,380.0,380.0,380.0,380.0,380.0,380.0,380.0,380.0
real,300,gulf,8,Reactive,0,zone,4,145,448,0.22139523179946582,448.0,448.0,448.0,448.0,448.0,448.0,448.0,448.0,448.0,448.0,448.0,448.0,448.0,448.0,448.0,448.0,448.0,448.0,448.0,448.0
real,300,gulf,8,Reactive,0,zone,5,173,58,0.9222179702465199,56.0,56.0,56.0,56.0,56.0,56.0,56.0,56.0,56.0,56.0,56.0,56.0,56.0,56.0,56.0,56.0,56.0,56.0,56.0,56.0
real,300,gulf,8,Reactive,0,zone,6,182,136,0.5048361242184066,129.0,129.0,129.0,129.0,129.0,129.0,129.0,129.0,129.0,129.0,129.0,129.0,129.0,129.0,129.0,129.0,129.0,129.0,129.0,129.0
real,300,gulf,8,Reactive,0,zone,7,200,48,0.6428980190146993,43.0,43.0,43.0,43.0,43.0,43.0,43.0,43.0,43.0,43.0,43.0,43.0,43.0,43.0,43.0,43.0,43.0,43.0,43.0,43.0
real,300,gulf,8,Reactive,0,zone,8,257,11,0.4898595356629877,7.0,7.0,7.0,7.0,7.0,7.0,7.0,7.0,7.0,7.0,7.0,7.0,7.0,7.0,7.0,7.0,7.0,7.0,7.0,7.0
real,300,gulf,8,Reactive,0,zone,9,274,15,0.47961229038257874,10.0,10.0,10.0,10.0,10.0,10.0,10.0,10.0,10.0,10.0,10.0,10.0,10.0,10.0,10.0,10.0,10.0,10.0,10.0,10.0
real,300,gulf,8,Reactive,0,zone,10,277,103,1.0133525018976584,100.0,100.0,100.0,100.0,100.0,100.0,100.0,100.0,100.0,100.0,100.0,100.0,100.0,100.0,100.0,100.0,100.0,100.0,100.0,100.0
real,300,gulf,8,Reactive,0,zone,11,309,20,1.6481789716474171,17.0,17.0,17.0,17.0,17.0,17.0,17.0,17.0,17.0,17.0,17.0,17.0,17.0,17.0,17.0,17.0,17.0,17.0,17.0,17.0
real,300,gulf,8,Reactive,0,zone,12,373,216,0.18997958713922472,216.0,216.0,216.0,216.0,216.0,216.0,216.0,216.0,216.0,216.0,216.0,216.0,216.0,216.0,216.0,216.0,216.0,216.0,216.0,216.0
real,300,gulf,8,Reactive,0,zone,13,394,169,1.0706275373090541,166.0,166.0,166.0,166.0,166.0,166.0,166.0,166.0,166.0,166.0,166.0,166.0,166.0,166.0,166.0,166.0,166.0,166.0,166.0,166.0
real,300,gulf,8,Reactive,0,zone,14,407,205,0.8583357455416284,199.0,199.0,199.0,199.0,199.0,199.0,199.0,199.0,199.0,199.0,199.0,199.0,199.0,199.0,199.0,199.0,199.0,199.0,199.0,199.0
real,300,gulf,8,Reactive,0,zone,15,409,58,0.9185416608723219,42.0,42.0,42.0,42.0,42.0,42.0,42.0,42.0,42.0,42.0,42.0,42.0,42.0,42.0,42.0,42.0,42.0,42.0,42.0,42.0
real,300,gulf,8,Reactive,0,zone,16,413,316,0.4270002569880942,315.0,315.0,315.0,315.0,315.0,315.0,315.0,315.0,315.0,315.0,315.0,315.0,315.0,315.0,315.0,315.0,315.0,315.0,315.0,315.0
real,300,gulf,8,Reactive,0,zone,17,419,122,1.381933211240309,120.0,120.0,120.0,120.0,120.0,120.0,120.0,120.0,120.0,120.0,120.0,120.0,120.0,120.0,120.0,120.0,120.0,120.0,120.0,120.0
real,300,gulf,8,Reactive,0,zone,18,438,83,0.8456863371826169,83.0,83.0,83.0,83.0,83.0,83.0,83.0,83.0,83.0,83.0,83.0,83.0,83.0,83.0,83.0,83.0,83.0,83.0,83.0,83.0
real,300,gulf,8,Reactive,0,zone,19,449,107,0.7252759973203549,103.0,103.0,103.0,103.0,103.0,103.0,103.0,103.0,103.0,103.0,103.0,103.0,103.0,103.0,103.0,103.0,103.0,103.0,103.0,103.0
real,300,gulf,8,Analytic,0,buffer,0,8,168,0.5632914606780262,168.0,168.0,168.0,168.0,168.0,168.0,168.0,168.0,168.0,168.0,168.0,168.0,168.0,168.0,168.0,168.0,168.0,168.0,168.0,168.0
real,300,gulf,8,Analytic,0,buffer,1,19,398,0.8917053415156226,396.0,395.0,394.0,394.0,393.0,393.0,393.0,392.0,379.0,378.0,377.0,377.0,377.0,377.0,376.0,376.0,376.0,376.0,367.0,367.0
real,300,gulf,8,Analytic,0,buffer,2,20,504,0.2341189693571953,504.0,504.0,504.0,504.0,504.0,504.0,504.0,504.0,504.0,504.0,504.0,504.0,504.0,504.0,504.0,504.0,504.0,504.0,504.0,504.0
real,300,gulf,8,Analytic,0,buffer,3,49,381,0.3680385695503958,379.0,378.0,377.0,376.0,375.0,374.0,374.0,373.0,372.0,371.0,370.0,369.0,368.0,367.0,366.0,365.0,364.0,363.0,361.0,360.0
real,300,gulf,8,Analytic,0,buffer,4,145,448,0.22139523179946582,448.0,448.0,448.0,448.0,448.0,448.0,448.0,448.0,448.0,448.0,448.0,448.0,448.0,448.0,448.0,448.0,448.0,448.0,448.0,448.0
real,300,gulf,8,Analytic,0,buffer,5,173,58,0.9222179702465199,55.0,54.0,53.0,52.0,51.0,50.0,49.0,48.0,47.0,46.0,45.0,44.0,43.0,42.0,41.0,40.0,39.0,38.0,36.0,34.0
real,300,gulf,8,Analytic,0,buffer,6,182,136,0.5048361242184066,128.0,127.0,127.0,126.0,125.0,122.0,120.0,119.0,118.0,117.0,117.0,116.0,115.0,114.0,114.0,113.0,113.0,113.0,113.0,112.0
real,300,gulf,8,Analytic,0,buffer,7,200,48,0.6428980190146993,42.0,42.0,41.0,41.0,40.0,40.0,40.0,39.0,39.0,39.0,39.0,38.0,38.0,38.0,33.0,32.0,32.0,32.0,31.0,30.0
real,300,gulf,8,Analytic,0,buffer,8,257,11,0.4898595356629877,6.0,6.0,6.0,6.0,6.0,6.0,6.0,6.0,6.0,6.0,6.0,6.0,6.0,6.0,6.0,6.0,6.0,6.0,6.0,6.0
real,300,gulf,8,Analytic,0,buffer,9,274,15,0.47961229038257874,10.0,10.0,10.0,10.0,10.0,8.0,8.0,8.0,8.0,8.0,8.0,8.0,8.0,8.0,8.0,8.0,8.0,8.0,8.0,8.0
real,300,gulf,8,Analytic,0,buffer,10,277,103,1.0133525018976584,99.0,98.0,97.0,96.0,95.0,94.0,93.0,92.0,91.0,90.0,89.0,88.0,88.0,87.0,86.0,85.0,84.0,83.0,83.0,82.0
real,300,gulf,8,Analytic,0,buffer,11,309,20,1.6481789716474171,16.0,15.0,14.0,13.0,12.0,11.0,10.0,9.0,8.0,7.0,6.0,6.0,6.0,6.0,6.0,6.0,6.0,6.0,6.0,6.0
real,300,gulf,8,Analytic,0,buffer,12,373,216,0.18997958713922472,216.0,216.0,216.0,216.0,216.0,216.0,216.0,216.0,216.0,216.0,216.0,216.0,216.0,216.0,216.0,216.0,216.0,216.0,216.0,216.0
real,300,gulf,8,Analytic,0,buffer,13,394,169,1.0706275373090541,165.0,164.0,163.0,162.0,161.0,160.0,159.0,158.0,157.0,156.0,155.0,154.0,153.0,152.0,151.0,150.0,149.0,148.0,147.0,146.0
real,300,gulf,8,Analytic,0,buffer,14,407,205,0.8583357455416284,198.0,197.0,195.0,194.0,193.0,192.0,191.0,190.0,189.0,188.0,187.0,186.0,185.0,185.0,151.0,150.0,149.0,148.0,147.0,145.0
real,300,gulf,8,Analytic,0,buffer,15,409,58,0.9185416608723219,41.0,41.0,40.0,40.0,39.0,39.0,31.0,31.0,31.0,30.0,30.0,30.0,30.0,29.0,29.0,29.0,29.0,29.0,10.0,6.0
real,300,gulf,8,Analytic,0,buffer,16,413,316,0.4270002569880942,314.0,313.0,312.0,311.0,310.0,309.0,309.0,308.0,308.0,308.0,308.0,307.0,307.0,307.0,307.0,307.0,307.0,307.0,307.0,306.0
real,300,gulf,8,Analytic,0,buffer,17,419,122,1.381933211240309,119.0,118.0,117.0,116.0,116.0,115.0,114.0,113.0,112.0,111.0,110.0,109.0,108.0,106.0,105.0,104.0,103.0,102.0,101.0,100.0
real,300,gulf,8,Analytic,0,buffer,18,438,83,0.8456863371826169,83.0,83.0,83.0,83.0,83.0,83.0,83.0,83.0,83.0,83.0,83.0,83.0,83.0,83.0,83.0,83.0,83.0,83.0,83.0,83.0
real,300,gulf,8,Analytic,0,buffer,19,449,107,0.7252759973203549,102.0,101.0,100.0,99.0,98.0,97.0,96.0,95.0,94.0,93.0,92.0,91.0,90.0,89.0,89.0,88.0,87.0,86.0,86.0,85.0
real,300,gulf,8,Analytic,0,crossing,0,8,168,0.5632914606780262,168.0,168.0,168.0,168.0,168.0,168.0,168.0,168.0,168.0,168.0,168.0,168.0,168.0,168.0,168.0,168.0,168.0,168.0,168.0,168.0
real,300,gulf,8,Analytic,0,crossing,1,19,398,0.8917053415156226,397.0,396.0,396.0,396.0,395.0,395.0,394.0,394.0,394.0,393.0,378.0,378.0,378.0,377.0,377.0,377.0,376.0,376.0,376.0,376.0
real,300,gulf,8,Analytic,0,crossing,2,20,504,0.2341189693571953,504.0,504.0,504.0,504.0,504.0,504.0,504.0,504.0,504.0,504.0,504.0,504.0,504.0,504.0,504.0,504.0,504.0,504.0,504.0,504.0
real,300,gulf,8,Analytic,0,crossing,3,49,381,0.3680385695503958,381.0,380.0,379.0,378.0,377.0,376.0,375.0,374.0,373.0,372.0,371.0,370.0,369.0,368.0,367.0,367.0,366.0,365.0,364.0,362.0
real,300,gulf,8,Analytic,0,crossing,4,145,448,0.22139523179946582,448.0,448.0,448.0,448.0,448.0,448.0,448.0,448.0,448.0,448.0,448.0,448.0,448.0,448.0,448.0,448.0,448.0,448.0,448.0,448.0
real,300,gulf,8,Analytic,0,crossing,5,173,58,0.9222179702465199,57.0,56.0,55.0,54.0,53.0,52.0,51.0,50.0,49.0,48.0,47.0,46.0,45.0,44.0,43.0,42.0,41.0,40.0,39.0,38.0
real,300,gulf,8,Analytic,0,crossing,6,182,136,0.5048361242184066,135.0,134.0,132.0,131.0,129.0,129.0,128.0,128.0,128.0,127.0,127.0,121.0,120.0,119.0,118.0,117.0,117.0,116.0,115.0,114.0
real,300,gulf,8,Analytic,0,crossing,7,200,48,0.6428980190146993,47.0,43.0,42.0,42.0,41.0,41.0,40.0,40.0,40.0,40.0,39.0,39.0,39.0,39.0,39.0,38.0,38.0,38.0,33.0,32.0
real,300,gulf,8,Analytic,0,crossing,8,257,11,0.4898595356629877,10.0,9.0,8.0,7.0,6.0,6.0,6.0,6.0,6.0,6.0,6.0,6.0,6.0,6.0,6.0,6.0,6.0,6.0,6.0,6.0
real,300,gulf,8,Analytic,0,crossing,9,274,15,0.47961229038257874,14.0,13.0,13.0,12.0,12.0,12.0,11.0,11.0,11.0,11.0,11.0,11.0,11.0,11.0,10.0,10.0,10.0,10.0,10.0,10.0
real,300,gulf,8,Analytic,0,crossing,10,277,103,1.0133525018976584,102.0,101.0,100.0,99.0,98.0,97.0,96.0,95.0,93.0,92.0,92.0,91.0,90.0,89.0,88.0,87.0,87.0,86.0,85.0,84.0
real,300,gulf,8,Analytic,0,crossing,11,309,20,1.6481789716474171,18.0,17.0,16.0,15.0,14.0,13.0,12.0,11.0,10.0,9.0,8.0,7.0,6.0,6.0,6.0,6.0,6.0,6.0,6.0,6.0
real,300,gulf,8,Analytic,0,crossing,12,373,216,0.18997958713922472,216.0,216.0,216.0,216.0,216.0,216.0,216.0,216.0,216.0,216.0,216.0,216.0,216.0,216.0,216.0,216.0,216.0,216.0,216.0,216.0
real,300,gulf,8,Analytic,0,crossing,13,394,169,1.0706275373090541,167.0,165.0,164.0,164.0,163.0,162.0,161.0,160.0,158.0,157.0,156.0,155.0,154.0,154.0,153.0,152.0,151.0,150.0,149.0,148.0
real,300,gulf,8,Analytic,0,crossing,14,407,205,0.8583357455416284,204.0,203.0,202.0,201.0,201.0,200.0,199.0,196.0,195.0,193.0,192.0,191.0,190.0,189.0,188.0,187.0,151.0,150.0,149.0,148.0
real,300,gulf,8,Analytic,0,crossing,15,409,58,0.9185416608723219,43.0,42.0,41.0,41.0,40.0,40.0,40.0,39.0,31.0,31.0,31.0,30.0,30.0,30.0,30.0,30.0,29.0,29.0,29.0,29.0
real,300,gulf,8,Analytic,0,crossing,16,413,316,0.4270002569880942,315.0,315.0,314.0,313.0,312.0,311.0,310.0,309.0,309.0,308.0,308.0,308.0,308.0,308.0,307.0,307.0,307.0,307.0,307.0,307.0
real,300,gulf,8,Analytic,0,crossing,17,419,122,1.381933211240309,121.0,120.0,119.0,118.0,117.0,116.0,116.0,115.0,113.0,113.0,112.0,111.0,110.0,109.0,108.0,106.0,105.0,104.0,103.0,102.0
real,300,gulf,8,Analytic,0,crossing,18,438,83,0.8456863371826169,83.0,83.0,83.0,83.0,83.0,83.0,83.0,83.0,83.0,83.0,83.0,83.0,83.0,83.0,83.0,83.0,83.0,83.0,83.0,83.0
real,300,gulf,8,Analytic,0,crossing,19,449,107,0.7252759973203549,106.0,105.0,104.0,103.0,101.0,100.0,99.0,98.0,97.0,96.0,95.0,94.0,93.0,92.0,91.0,90.0,89.0,89.0,88.0,87.0
real,300,gulf,8,ConstVel,0,buffer,0,8,168,0.5632914606780262,167.0,166.0,165.0,164.0,163.0,162.0,162.0,161.0,160.0,136.0,136.0,136.0,136.0,136.0,135.0,135.0,135.0,135.0,135.0,135.0
real,300,gulf,8,ConstVel,0,buffer,1,19,398,0.8917053415156226,396.0,395.0,394.0,393.0,392.0,392.0,392.0,392.0,391.0,376.0,375.0,375.0,375.0,375.0,375.0,375.0,375.0,374.0,367.0,367.0
real,300,gulf,8,ConstVel,0,buffer,2,20,504,0.2341189693571953,503.0,502.0,501.0,500.0,499.0,498.0,497.0,496.0,496.0,495.0,494.0,493.0,492.0,492.0,491.0,490.0,489.0,478.0,477.0,477.0
real,300,gulf,8,ConstVel,0,buffer,3,49,381,0.3680385695503958,379.0,378.0,377.0,376.0,375.0,374.0,374.0,373.0,372.0,371.0,370.0,369.0,368.0,367.0,366.0,365.0,364.0,363.0,362.0,361.0
real,300,gulf,8,ConstVel,0,buffer,4,145,448,0.22139523179946582,447.0,446.0,445.0,444.0,187.0,187.0,186.0,185.0,184.0,182.0,181.0,180.0,179.0,178.0,177.0,176.0,175.0,166.0,166.0,166.0
real,300,gulf,8,ConstVel,0,buffer,5,173,58,0.9222179702465199,55.0,54.0,53.0,52.0,51.0,50.0,49.0,48.0,47.0,46.0,45.0,44.0,43.0,42.0,41.0,40.0,39.0,38.0,37.0,35.0
real,300,gulf,8,ConstVel,0,buffer,6,182,136,0.5048361242184066,128.0,127.0,126.0,125.0,125.0,122.0,121.0,120.0,118.0,117.0,116.0,116.0,116.0,113.0,113.0,111.0,111.0,111.0,110.0,110.0
real,300,gulf,8,ConstVel,0,buffer,7,200,48,0.6428980190146993,42.0,41.0,40.0,40.0,39.0,38.0,38.0,38.0,38.0,37.0,37.0,37.0,32.0,32.0,31.0,31.0,31.0,31.0,31.0,26.0
real,300,gulf,8,ConstVel,0,buffer,8,257,11,0.4898595356629877,6.0,6.0,6.0,6.0,6.0,6.0,6.0,6.0,6.0,6.0,6.0,6.0,6.0,6.0,6.0,6.0,6.0,6.0,6.0,6.0
real,300,gulf,8,ConstVel,0,buffer,9,274,15,0.47961229038257874,10.0,8.0,8.0,8.0,8.0,8.0,8.0,8.0,8.0,8.0,8.0,8.0,8.0,8.0,8.0,8.0,8.0,8.0,8.0,8.0
real,300,gulf,8,ConstVel,0,buffer,10,277,103,1.0133525018976584,99.0,98.0,97.0,96.0,95.0,94.0,93.0,92.0,91.0,90.0,89.0,88.0,87.0,86.0,86.0,85.0,84.0,83.0,82.0,82.0
real,300,gulf,8,ConstVel,0,buffer,11,309,20,1.6481789716474171,16.0,15.0,14.0,13.0,12.0,11.0,10.0,9.0,8.0,7.0,6.0,6.0,6.0,6.0,6.0,6.0,6.0,6.0,6.0,6.0
real,300,gulf,8,ConstVel,0,buffer,12,373,216,0.18997958713922472,215.0,215.0,214.0,213.0,212.0,211.0,133.0,131.0,131.0,130.0,129.0,128.0,128.0,128.0,123.0,122.0,120.0,120.0,118.0,118.0
real,300,gulf,8,ConstVel,0,buffer,13,394,169,1.0706275373090541,165.0,164.0,163.0,162.0,161.0,160.0,159.0,158.0,157.0,155.0,155.0,154.0,153.0,152.0,151.0,150.0,149.0,148.0,147.0,146.0
real,300,gulf,8,ConstVel,0,buffer,14,407,205,0.8583357455416284,198.0,197.0,196.0,195.0,193.0,192.0,191.0,190.0,189.0,188.0,187.0,186.0,185.0,184.0,184.0,149.0,149.0,148.0,147.0,146.0
real,300,gulf,8,ConstVel,0,buffer,15,409,58,0.9185416608723219,41.0,40.0,39.0,38.0,38.0,38.0,38.0,31.0,29.0,28.0,27.0,27.0,27.0,27.0,27.0,27.0,27.0,27.0,10.0,9.0
real,300,gulf,8,ConstVel,0,buffer,16,413,316,0.4270002569880942,314.0,313.0,312.0,311.0,310.0,309.0,308.0,307.0,306.0,305.0,305.0,305.0,305.0,305.0,305.0,305.0,305.0,305.0,305.0,305.0
real,300,gulf,8,ConstVel,0,buffer,17,419,122,1.381933211240309,119.0,118.0,117.0,116.0,116.0,115.0,114.0,112.0,111.0,111.0,110.0,109.0,108.0,107.0,106.0,104.0,102.0,101.0,101.0,100.0
real,300,gulf,8,ConstVel,0,buffer,18,438,83,0.8456863371826169,82.0,81.0,80.0,79.0,78.0,77.0,76.0,75.0,74.0,73.0,73.0,72.0,71.0,70.0,69.0,68.0,68.0,67.0,66.0,65.0
real,300,gulf,8,ConstVel,0,buffer,19,449,107,0.7252759973203549,102.0,101.0,100.0,99.0,98.0,97.0,96.0,95.0,95.0,93.0,92.0,91.0,90.0,89.0,87.0,87.0,86.0,86.0,86.0,82.0
real,300,gulf,8,ConstVel,0,crossing,0,8,168,0.5632914606780262,167.0,166.0,165.0,164.0,163.0,162.0,162.0,161.0,160.0,136.0,136.0,136.0,136.0,136.0,135.0,135.0,135.0,135.0,135.0,135.0
real,300,gulf,8,ConstVel,0,crossing,1,19,398,0.8917053415156226,397.0,396.0,396.0,395.0,395.0,394.0,393.0,392.0,392.0,392.0,376.0,376.0,375.0,375.0,375.0,375.0,375.0,375.0,375.0,375.0
real,300,gulf,8,ConstVel,0,crossing,2,20,504,0.2341189693571953,503.0,502.0,501.0,500.0,499.0,498.0,497.0,496.0,496.0,495.0,494.0,493.0,492.0,492.0,491.0,490.0,489.0,478.0,477.0,477.0
real,300,gulf,8,ConstVel,0,crossing,3,49,381,0.3680385695503958,380.0,380.0,379.0,378.0,377.0,376.0,375.0,374.0,373.0,372.0,372.0,370.0,369.0,368.0,367.0,366.0,366.0,365.0,364.0,363.0
real,300,gulf,8,ConstVel,0,crossing,4,145,448,0.22139523179946582,447.0,446.0,445.0,444.0,187.0,187.0,186.0,185.0,184.0,182.0,181.0,180.0,179.0,178.0,177.0,176.0,175.0,166.0,166.0,166.0
real,300,gulf,8,ConstVel,0,crossing,5,173,58,0.9222179702465199,57.0,56.0,55.0,54.0,53.0,52.0,51.0,50.0,49.0,48.0,47.0,46.0,45.0,44.0,43.0,43.0,41.0,40.0,39.0,38.0
real,300,gulf,8,ConstVel,0,crossing,6,182,136,0.5048361242184066,135.0,134.0,133.0,131.0,130.0,128.0,127.0,126.0,125.0,125.0,125.0,125.0,121.0,119.0,117.0,116.0,116.0,116.0,116.0,113.0
real,300,gulf,8,ConstVel,0,crossing,7,200,48,0.6428980190146993,47.0,43.0,42.0,41.0,40.0,40.0,39.0,39.0,38.0,38.0,38.0,37.0,37.0,37.0,37.0,32.0,32.0,31.0,31.0,31.0
real,300,gulf,8,ConstVel,0,crossing,8,257,11,0.4898595356629877,10.0,9.0,8.0,7.0,6.0,6.0,6.0,6.0,6.0,6.0,6.0,6.0,6.0,6.0,6.0,6.0,6.0,6.0,6.0,6.0
real,300,gulf,8,ConstVel,0,crossing,9,274,15,0.47961229038257874,14.0,13.0,12.0,11.0,10.0,10.0,10.0,10.0,8.0,8.0,8.0,8.0,8.0,8.0,8.0,8.0,8.0,8.0,8.0,8.0
real,300,gulf,8,ConstVel,0,crossing,10,277,103,1.0133525018976584,102.0,101.0,100.0,99.0,98.0,97.0,96.0,95.0,94.0,92.0,91.0,90.0,90.0,89.0,88.0,87.0,86.0,85.0,85.0,84.0
real,300,gulf,8,ConstVel,0,crossing,11,309,20,1.6481789716474171,18.0,17.0,16.0,15.0,14.0,13.0,12.0,11.0,10.0,9.0,8.0,7.0,6.0,6.0,6.0,6.0,6.0,6.0,6.0,6.0
real,300,gulf,8,ConstVel,0,crossing,12,373,216,0.18997958713922472,215.0,215.0,214.0,213.0,212.0,211.0,133.0,131.0,131.0,130.0,129.0,128.0,128.0,128.0,123.0,122.0,120.0,120.0,118.0,118.0
real,300,gulf,8,ConstVel,0,crossing,13,394,169,1.0706275373090541,168.0,165.0,164.0,163.0,163.0,162.0,161.0,160.0,159.0,158.0,157.0,155.0,155.0,153.0,152.0,151.0,151.0,150.0,149.0,148.0
real,300,gulf,8,ConstVel,0,crossing,14,407,205,0.8583357455416284,204.0,203.0,202.0,201.0,200.0,200.0,199.0,198.0,196.0,195.0,192.0,191.0,190.0,189.0,188.0,187.0,186.0,149.0,149.0,148.0
real,300,gulf,8,ConstVel,0,crossing,15,409,58,0.9185416608723219,43.0,42.0,41.0,40.0,39.0,38.0,38.0,38.0,38.0,32.0,28.0,28.0,27.0,27.0,27.0,27.0,27.0,27.0,27.0,27.0
real,300,gulf,8,ConstVel,0,crossing,16,413,316,0.4270002569880942,315.0,314.0,314.0,312.0,312.0,311.0,310.0,309.0,308.0,307.0,306.0,305.0,305.0,305.0,305.0,305.0,305.0,305.0,305.0,305.0
real,300,gulf,8,ConstVel,0,crossing,17,419,122,1.381933211240309,121.0,120.0,119.0,118.0,117.0,116.0,116.0,115.0,114.0,112.0,111.0,111.0,110.0,109.0,108.0,106.0,105.0,104.0,102.0,101.0
real,300,gulf,8,ConstVel,0,crossing,18,438,83,0.8456863371826169,82.0,81.0,80.0,79.0,78.0,77.0,76.0,75.0,74.0,73.0,73.0,72.0,71.0,70.0,69.0,68.0,68.0,67.0,66.0,65.0
real,300,gulf,8,ConstVel,0,crossing,19,449,107,0.7252759973203549,106.0,105.0,104.0,103.0,101.0,101.0,99.0,98.0,97.0,96.0,95.0,95.0,93.0,92.0,91.0,90.0,89.0,87.0,87.0,86.0
real,300,gulf,8,Kalman,0,buffer,0,8,168,0.5632914606780262,167.0,166.0,165.0,164.0,163.0,163.0,162.0,161.0,161.0,161.0,160.0,136.0,136.0,136.0,136.0,136.0,136.0,135.0,135.0,135.0
real,300,gulf,8,Kalman,0,buffer,1,19,398,0.8917053415156226,396.0,395.0,394.0,393.0,393.0,392.0,392.0,392.0,392.0,376.0,376.0,376.0,375.0,375.0,375.0,375.0,375.0,375.0,367.0,367.0
real,300,gulf,8,Kalman,0,buffer,2,20,504,0.2341189693571953,503.0,502.0,501.0,500.0,499.0,498.0,497.0,497.0,496.0,495.0,494.0,493.0,492.0,492.0,491.0,490.0,489.0,487.0,478.0,478.0
real,300,gulf,8,Kalman,0,buffer,3,49,381,0.3680385695503958,379.0,378.0,377.0,376.0,375.0,374.0,374.0,373.0,372.0,371.0,370.0,369.0,368.0,367.0,366.0,365.0,364.0,363.0,362.0,360.0
real,300,gulf,8,Kalman,0,buffer,4,145,448,0.22139523179946582,447.0,446.0,445.0,445.0,187.0,187.0,186.0,185.0,184.0,182.0,181.0,180.0,179.0,178.0,177.0,176.0,175.0,174.0,174.0,166.0
real,300,gulf,8,Kalman,0,buffer,5,173,58,0.9222179702465199,55.0,54.0,53.0,52.0,51.0,50.0,49.0,48.0,47.0,46.0,45.0,44.0,43.0,42.0,41.0,40.0,39.0,38.0,37.0,35.0
real,300,gulf,8,Kalman,0,buffer,6,182,136,0.5048361242184066,128.0,127.0,126.0,126.0,125.0,122.0,121.0,119.0,118.0,117.0,116.0,116.0,116.0,113.0,113.0,112.0,112.0,111.0,111.0,111.0
real,300,gulf,8,Kalman,0,buffer,7,200,48,0.6428980190146993,42.0,41.0,41.0,40.0,39.0,39.0,38.0,38.0,38.0,38.0,38.0,37.0,37.0,32.0,32.0,31.0,31.0,31.0,31.0,30.0
real,300,gulf,8,Kalman,0,buffer,8,257,11,0.4898595356629877,6.0,6.0,6.0,6.0,6.0,6.0,6.0,6.0,6.0,6.0,6.0,6.0,6.0,6.0,6.0,6.0,6.0,6.0,6.0,6.0
real,300,gulf,8,Kalman,0,buffer,9,274,15,0.47961229038257874,10.0,8.0,8.0,8.0,8.0,8.0,8.0,8.0,8.0,8.0,8.0,8.0,8.0,8.0,8.0,8.0,8.0,8.0,8.0,8.0
real,300,gulf,8,Kalman,0,buffer,10,277,103,1.0133525018976584,99.0,98.0,97.0,96.0,95.0,94.0,93.0,92.0,91.0,90.0,89.0,88.0,87.0,87.0,86.0,85.0,84.0,83.0,82.0,82.0
real,300,gulf,8,Kalman,0,buffer,11,309,20,1.6481789716474171,16.0,15.0,14.0,13.0,12.0,11.0,10.0,9.0,8.0,7.0,6.0,6.0,6.0,6.0,6.0,6.0,6.0,6.0,6.0,6.0
real,300,gulf,8,Kalman,0,buffer,12,373,216,0.18997958713922472,215.0,215.0,214.0,213.0,212.0,211.0,133.0,131.0,131.0,130.0,129.0,129.0,128.0,128.0,123.0,122.0,122.0,120.0,120.0,118.0
real,300,gulf,8,Kalman,0,buffer,13,394,169,1.0706275373090541,165.0,164.0,163.0,162.0,161.0,160.0,159.0,158.0,157.0,156.0,155.0,154.0,153.0,152.0,151.0,150.0,149.0,148.0,147.0,146.0
real,300,gulf,8,Kalman,0,buffer,14,407,205,0.8583357455416284,198.0,197.0,196.0,195.0,193.0,192.0,191.0,190.0,189.0,188.0,187.0,186.0,185.0,185.0,184.0,150.0,149.0,148.0,147.0,146.0
real,300,gulf,8,Kalman,0,buffer,15,409,58,0.9185416608723219,41.0,40.0,39.0,39.0,38.0,38.0,38.0,30.0,29.0,29.0,28.0,28.0,28.0,28.0,28.0,28.0,27.0,27.0,10.0,9.0
real,300,gulf,8,Kalman,0,buffer,16,413,316,0.4270002569880942,314.0,313.0,312.0,311.0,310.0,309.0,308.0,307.0,307.0,306.0,306.0,306.0,306.0,305.0,305.0,305.0,305.0,305.0,305.0,305.0
real,300,gulf,8,Kalman,0,buffer,17,419,122,1.381933211240309,119.0,118.0,117.0,116.0,116.0,115.0,114.0,112.0,112.0,111.0,110.0,109.0,108.0,106.0,105.0,104.0,102.0,102.0,101.0,100.0
real,300,gulf,8,Kalman,0,buffer,18,438,83,0.8456863371826169,82.0,81.0,80.0,79.0,78.0,77.0,76.0,75.0,74.0,73.0,73.0,72.0,71.0,70.0,69.0,68.0,68.0,67.0,66.0,64.0
real,300,gulf,8,Kalman,0,buffer,19,449,107,0.7252759973203549,102.0,101.0,100.0,99.0,98.0,97.0,96.0,95.0,94.0,93.0,92.0,91.0,90.0,89.0,88.0,87.0,87.0,86.0,86.0,83.0
real,300,gulf,8,Kalman,0,crossing,0,8,168,0.5632914606780262,167.0,166.0,165.0,164.0,163.0,163.0,162.0,161.0,161.0,161.0,160.0,136.0,136.0,136.0,136.0,136.0,136.0,135.0,135.0,135.0
real,300,gulf,8,Kalman,0,crossing,1,19,398,0.8917053415156226,397.0,396.0,396.0,395.0,395.0,394.0,393.0,393.0,392.0,392.0,377.0,376.0,376.0,376.0,375.0,375.0,375.0,375.0,375.0,375.0
real,300,gulf,8,Kalman,0,crossing,2,20,504,0.2341189693571953,503.0,502.0,501.0,500.0,499.0,498.0,497.0,497.0,496.0,495.0,494.0,493.0,492.0,492.0,491.0,490.0,489.0,487.0,478.0,478.0
real,300,gulf,8,Kalman,0,crossing,3,49,381,0.3680385695503958,380.0,380.0,379.0,378.0,377.0,376.0,375.0,374.0,373.0,372.0,371.0,370.0,369.0,368.0,367.0,366.0,366.0,365.0,364.0,363.0
real,300,gulf,8,Kalman,0,crossing,4,145,448,0.22139523179946582,447.0,446.0,445.0,445.0,187.0,187.0,186.0,185.0,184.0,182.0,181.0,180.0,179.0,178.0,177.0,176.0,175.0,174.0,174.0,166.0
real,300,gulf,8,Kalman,0,crossing,5,173,58,0.9222179702465199,57.0,56.0,55.0,54.0,53.0,52.0,51.0,50.0,49.0,48.0,47.0,46.0,45.0,44.0,43.0,43.0,41.0,40.0,39.0,38.0
real,300,gulf,8,Kalman,0,crossing,6,182,136,0.5048361242184066,135.0,134.0,133.0,131.0,129.0,128.0,127.0,127.0,126.0,126.0,125.0,125.0,121.0,119.0,117.0,117.0,116.0,116.0,116.0,113.0
real,300,gulf,8,Kalman,0,crossing,7,200,48,0.6428980190146993,47.0,43.0,42.0,41.0,40.0,40.0,39.0,39.0,39.0,38.0,38.0,38.0,38.0,38.0,38.0,37.0,32.0,32.0,32.0,31.0
real,300,gulf,8,Kalman,0,crossing,8,257,11,0.4898595356629877,10.0,9.0,8.0,7.0,6.0,6.0,6.0,6.0,6.0,6.0,6.0,6.0,6.0,6.0,6.0,6.0,6.0,6.0,6.0,6.0
real,300,gulf,8,Kalman,0,crossing,9,274,15,0.47961229038257874,14.0,13.0,12.0,11.0,11.0,11.0,10.0,10.0,10.0,10.0,10.0,10.0,8.0,8.0,8.0,8.0,8.0,8.0,8.0,8.0
real,300,gulf,8,Kalman,0,crossing,10,277,103,1.0133525018976584,102.0,101.0,100.0,99.0,98.0,97.0,96.0,95.0,94.0,92.0,91.0,91.0,90.0,89.0,88.0,87.0,86.0,86.0,85.0,84.0
real,300,gulf,8,Kalman,0,crossing,11,309,20,1.6481789716474171,18.0,17.0,16.0,15.0,14.0,13.0,12.0,11.0,10.0,9.0,8.0,7.0,6.0,6.0,6.0,6.0,6.0,6.0,6.0,6.0
real,300,gulf,8,Kalman,0,crossing,12,373,216,0.18997958713922472,215.0,215.0,214.0,213.0,212.0,211.0,133.0,131.0,131.0,130.0,129.0,129.0,128.0,128.0,123.0,122.0,122.0,120.0,120.0,118.0
real,300,gulf,8,Kalman,0,crossing,13,394,169,1.0706275373090541,168.0,165.0,164.0,163.0,163.0,162.0,161.0,160.0,159.0,158.0,156.0,155.0,154.0,153.0,152.0,152.0,151.0,150.0,149.0,148.0
real,300,gulf,8,Kalman,0,crossing,14,407,205,0.8583357455416284,204.0,203.0,202.0,201.0,200.0,200.0,199.0,198.0,196.0,195.0,192.0,191.0,190.0,189.0,188.0,187.0,186.0,149.0,149.0,148.0
real,300,gulf,8,Kalman,0,crossing,15,409,58,0.9185416608723219,43.0,42.0,41.0,40.0,39.0,39.0,38.0,38.0,38.0,30.0,29.0,29.0,28.0,28.0,28.0,28.0,28.0,28.0,27.0,27.0
real,300,gulf,8,Kalman,0,crossing,16,413,316,0.4270002569880942,315.0,314.0,314.0,313.0,312.0,311.0,310.0,309.0,308.0,307.0,307.0,306.0,306.0,306.0,306.0,306.0,305.0,305.0,305.0,305.0
real,300,gulf,8,Kalman,0,crossing,17,419,122,1.381933211240309,121.0,120.0,119.0,118.0,117.0,116.0,116.0,115.0,113.0,112.0,112.0,111.0,110.0,109.0,108.0,106.0,105.0,104.0,102.0,102.0
real,300,gulf,8,Kalman,0,crossing,18,438,83,0.8456863371826169,82.0,81.0,80.0,79.0,78.0,77.0,76.0,75.0,74.0,73.0,73.0,72.0,71.0,70.0,69.0,68.0,68.0,67.0,66.0,64.0
real,300,gulf,8,Kalman,0,crossing,19,449,107,0.7252759973203549,106.0,105.0,104.0,103.0,102.0,101.0,99.0,98.0,97.0,96.0,96.0,95.0,93.0,92.0,91.0,90.0,89.0,88.0,87.0,87.0
real,300,gulf,8,LSTM-rec,0,buffer,0,8,168,0.5632914606780262,168.0,167.0,166.0,165.0,165.0,164.0,164.0,163.0,163.0,163.0,162.0,162.0,162.0,162.0,162.0,162.0,162.0,161.0,161.0,161.0
real,300,gulf,8,LSTM-rec,0,buffer,1,19,398,0.8917053415156226,396.0,395.0,394.0,394.0,393.0,393.0,393.0,392.0,392.0,392.0,392.0,392.0,392.0,392.0,392.0,392.0,392.0,392.0,392.0,392.0
real,300,gulf,8,LSTM-rec,0,buffer,2,20,504,0.2341189693571953,504.0,503.0,502.0,501.0,501.0,500.0,500.0,499.0,499.0,499.0,498.0,498.0,498.0,498.0,497.0,497.0,497.0,497.0,497.0,497.0
real,300,gulf,8,LSTM-rec,0,buffer,3,49,381,0.3680385695503958,379.0,378.0,378.0,377.0,376.0,376.0,375.0,375.0,374.0,374.0,374.0,373.0,373.0,373.0,373.0,372.0,372.0,372.0,372.0,371.0
real,300,gulf,8,LSTM-rec,0,buffer,4,145,448,0.22139523179946582,447.0,447.0,446.0,445.0,445.0,445.0,444.0,187.0,187.0,187.0,187.0,186.0,186.0,186.0,186.0,186.0,186.0,185.0,185.0,185.0
real,300,gulf,8,LSTM-rec,0,buffer,5,173,58,0.9222179702465199,55.0,54.0,53.0,52.0,52.0,51.0,51.0,50.0,50.0,49.0,49.0,49.0,48.0,48.0,48.0,47.0,47.0,47.0,47.0,47.0
real,300,gulf,8,LSTM-rec,0,buffer,6,182,136,0.5048361242184066,128.0,127.0,126.0,126.0,126.0,125.0,125.0,125.0,125.0,122.0,122.0,121.0,121.0,121.0,121.0,121.0,120.0,120.0,120.0,119.0
real,300,gulf,8,LSTM-rec,0,buffer,7,200,48,0.6428980190146993,42.0,42.0,41.0,40.0,40.0,40.0,39.0,39.0,39.0,39.0,39.0,38.0,38.0,38.0,38.0,38.0,38.0,38.0,38.0,38.0
real,300,gulf,8,LSTM-rec,0,buffer,8,257,11,0.4898595356629877,6.0,6.0,6.0,6.0,6.0,6.0,6.0,6.0,6.0,6.0,6.0,6.0,6.0,6.0,6.0,6.0,6.0,6.0,6.0,6.0
real,300,gulf,8,LSTM-rec,0,buffer,9,274,15,0.47961229038257874,10.0,8.0,8.0,8.0,8.0,8.0,8.0,8.0,8.0,8.0,8.0,8.0,8.0,8.0,8.0,8.0,8.0,8.0,8.0,8.0
real,300,gulf,8,LSTM-rec,0,buffer,10,277,103,1.0133525018976584,99.0,98.0,98.0,97.0,96.0,95.0,95.0,94.0,94.0,93.0,93.0,92.0,92.0,92.0,91.0,91.0,91.0,91.0,90.0,90.0
real,300,gulf,8,LSTM-rec,0,buffer,11,309,20,1.6481789716474171,16.0,16.0,15.0,14.0,13.0,13.0,12.0,11.0,11.0,10.0,10.0,10.0,9.0,9.0,8.0,8.0,8.0,8.0,7.0,7.0
real,300,gulf,8,LSTM-rec,0,buffer,12,373,216,0.18997958713922472,216.0,215.0,214.0,214.0,213.0,213.0,213.0,212.0,212.0,212.0,211.0,211.0,134.0,134.0,133.0,133.0,132.0,132.0,132.0,132.0
real,300,gulf,8,LSTM-rec,0,buffer,13,394,169,1.0706275373090541,165.0,164.0,163.0,163.0,162.0,161.0,161.0,160.0,160.0,159.0,159.0,158.0,158.0,158.0,157.0,157.0,157.0,156.0,156.0,156.0
real,300,gulf,8,LSTM-rec,0,buffer,14,407,205,0.8583357455416284,198.0,197.0,196.0,196.0,195.0,194.0,193.0,193.0,192.0,192.0,192.0,191.0,191.0,191.0,191.0,190.0,190.0,190.0,190.0,190.0
real,300,gulf,8,LSTM-rec,0,buffer,15,409,58,0.9185416608723219,41.0,40.0,40.0,39.0,39.0,38.0,38.0,38.0,38.0,38.0,38.0,32.0,32.0,31.0,30.0,30.0,29.0,29.0,29.0,29.0
real,300,gulf,8,LSTM-rec,0,buffer,16,413,316,0.4270002569880942,314.0,313.0,312.0,312.0,311.0,310.0,310.0,309.0,309.0,309.0,308.0,308.0,308.0,308.0,308.0,307.0,307.0,307.0,307.0,307.0
real,300,gulf,8,LSTM-rec,0,buffer,17,419,122,1.381933211240309,119.0,119.0,118.0,117.0,116.0,116.0,116.0,115.0,115.0,114.0,114.0,113.0,113.0,112.0,112.0,112.0,112.0,111.0,111.0,111.0
real,300,gulf,8,LSTM-rec,0,buffer,18,438,83,0.8456863371826169,82.0,81.0,81.0,80.0,79.0,79.0,78.0,78.0,78.0,77.0,77.0,77.0,76.0,76.0,76.0,76.0,76.0,76.0,75.0,75.0
real,300,gulf,8,LSTM-rec,0,buffer,19,449,107,0.7252759973203549,102.0,102.0,101.0,100.0,99.0,99.0,98.0,98.0,97.0,97.0,96.0,96.0,96.0,96.0,95.0,95.0,95.0,95.0,95.0,95.0
real,300,gulf,8,LSTM-rec,0,crossing,0,8,168,0.5632914606780262,168.0,167.0,166.0,165.0,165.0,164.0,164.0,163.0,163.0,163.0,162.0,162.0,162.0,162.0,162.0,162.0,162.0,161.0,161.0,161.0
real,300,gulf,8,LSTM-rec,0,crossing,1,19,398,0.8917053415156226,397.0,396.0,396.0,396.0,395.0,395.0,395.0,394.0,394.0,394.0,393.0,393.0,393.0,393.0,393.0,393.0,392.0,392.0,392.0,392.0
real,300,gulf,8,LSTM-rec,0,crossing,2,20,504,0.2341189693571953,504.0,503.0,502.0,501.0,501.0,500.0,500.0,499.0,499.0,499.0,498.0,498.0,498.0,498.0,497.0,497.0,497.0,497.0,497.0,497.0
real,300,gulf,8,LSTM-rec,0,crossing,3,49,381,0.3680385695503958,381.0,380.0,379.0,378.0,378.0,377.0,377.0,376.0,376.0,375.0,375.0,375.0,374.0,374.0,374.0,374.0,374.0,374.0,373.0,373.0
real,300,gulf,8,LSTM-rec,0,crossing,4,145,448,0.22139523179946582,447.0,447.0,446.0,445.0,445.0,445.0,444.0,187.0,187.0,187.0,187.0,186.0,186.0,186.0,186.0,186.0,186.0,185.0,185.0,185.0
real,300,gulf,8,LSTM-rec,0,crossing,5,173,58,0.9222179702465199,57.0,56.0,55.0,55.0,54.0,53.0,53.0,52.0,52.0,51.0,51.0,51.0,51.0,50.0,50.0,50.0,49.0,49.0,49.0,49.0
real,300,gulf,8,LSTM-rec,0,crossing,6,182,136,0.5048361242184066,135.0,134.0,134.0,133.0,133.0,131.0,130.0,129.0,129.0,128.0,128.0,128.0,128.0,127.0,127.0,127.0,127.0,127.0,126.0,126.0
real,300,gulf,8,LSTM-rec,0,crossing,7,200,48,0.6428980190146993,48.0,47.0,43.0,42.0,41.0,41.0,40.0,40.0,40.0,40.0,40.0,39.0,39.0,39.0,39.0,39.0,39.0,39.0,39.0,39.0
real,300,gulf,8,LSTM-rec,0,crossing,8,257,11,0.4898595356629877,10.0,9.0,9.0,8.0,7.0,7.0,6.0,6.0,6.0,6.0,6.0,6.0,6.0,6.0,6.0,6.0,6.0,6.0,6.0,6.0
real,300,gulf,8,LSTM-rec,0,crossing,9,274,15,0.47961229038257874,14.0,13.0,13.0,12.0,12.0,11.0,11.0,11.0,11.0,10.0,10.0,10.0,10.0,10.0,10.0,10.0,10.0,10.0,10.0,10.0
real,300,gulf,8,LSTM-rec,0,crossing,10,277,103,1.0133525018976584,102.0,101.0,100.0,99.0,99.0,98.0,98.0,97.0,97.0,96.0,96.0,95.0,95.0,94.0,94.0,94.0,93.0,93.0,93.0,92.0
real,300,gulf,8,LSTM-rec,0,crossing,11,309,20,1.6481789716474171,19.0,18.0,17.0,16.0,16.0,15.0,14.0,14.0,13.0,13.0,12.0,12.0,11.0,11.0,10.0,10.0,10.0,10.0,10.0,9.0
real,300,gulf,8,LSTM-rec,0,crossing,12,373,216,0.18997958713922472,216.0,215.0,214.0,214.0,213.0,213.0,213.0,212.0,212.0,212.0,211.0,211.0,134.0,134.0,133.0,133.0,132.0,132.0,132.0,132.0
real,300,gulf,8,LSTM-rec,0,crossing,13,394,169,1.0706275373090541,168.0,166.0,165.0,164.0,164.0,163.0,162.0,162.0,161.0,161.0,161.0,160.0,160.0,160.0,159.0,159.0,159.0,158.0,158.0,158.0
real,300,gulf,8,LSTM-rec,0,crossing,14,407,205,0.8583357455416284,204.0,203.0,203.0,202.0,201.0,201.0,200.0,200.0,200.0,200.0,199.0,199.0,199.0,199.0,199.0,199.0,199.0,198.0,198.0,198.0
real,300,gulf,8,LSTM-rec,0,crossing,15,409,58,0.9185416608723219,43.0,42.0,42.0,41.0,40.0,40.0,40.0,39.0,39.0,39.0,38.0,38.0,38.0,38.0,38.0,38.0,38.0,38.0,38.0,38.0
real,300,gulf,8,LSTM-rec,0,crossing,16,413,316,0.4270002569880942,316.0,315.0,314.0,313.0,313.0,312.0,312.0,311.0,311.0,310.0,310.0,310.0,309.0,309.0,309.0,309.0,309.0,308.0,308.0,308.0
real,300,gulf,8,LSTM-rec,0,crossing,17,419,122,1.381933211240309,121.0,120.0,120.0,119.0,118.0,118.0,117.0,117.0,116.0,116.0,116.0,115.0,115.0,115.0,114.0,114.0,114.0,113.0,113.0,113.0
real,300,gulf,8,LSTM-rec,0,crossing,18,438,83,0.8456863371826169,82.0,81.0,81.0,80.0,79.0,79.0,78.0,78.0,78.0,77.0,77.0,77.0,76.0,76.0,76.0,76.0,76.0,76.0,75.0,75.0
real,300,gulf,8,LSTM-rec,0,crossing,19,449,107,0.7252759973203549,106.0,105.0,104.0,103.0,103.0,102.0,102.0,101.0,101.0,100.0,100.0,100.0,99.0,99.0,99.0,98.0,98.0,98.0,98.0,97.0
real,300,gulf,8,LSTM-ms,0,buffer,0,8,168,0.5632914606780262,168.0,167.0,166.0,166.0,165.0,165.0,164.0,164.0,163.0,163.0,163.0,163.0,163.0,163.0,162.0,162.0,162.0,162.0,162.0,162.0
real,300,gulf,8,LSTM-ms,0,buffer,1,19,398,0.8917053415156226,396.0,395.0,395.0,395.0,394.0,394.0,394.0,394.0,393.0,393.0,393.0,393.0,393.0,393.0,393.0,393.0,393.0,392.0,379.0,378.0
real,300,gulf,8,LSTM-ms,0,buffer,2,20,504,0.2341189693571953,504.0,503.0,503.0,502.0,502.0,501.0,501.0,500.0,500.0,499.0,499.0,499.0,498.0,498.0,498.0,497.0,497.0,497.0,496.0,496.0
real,300,gulf,8,LSTM-ms,0,buffer,3,49,381,0.3680385695503958,379.0,379.0,378.0,377.0,377.0,376.0,376.0,375.0,375.0,375.0,374.0,374.0,374.0,373.0,373.0,373.0,372.0,372.0,371.0,371.0
real,300,gulf,8,LSTM-ms,0,buffer,4,145,448,0.22139523179946582,447.0,447.0,447.0,446.0,446.0,446.0,445.0,445.0,188.0,188.0,187.0,187.0,187.0,186.0,186.0,185.0,185.0,185.0,184.0,184.0
real,300,gulf,8,LSTM-ms,0,buffer,5,173,58,0.9222179702465199,55.0,54.0,54.0,53.0,53.0,52.0,52.0,51.0,51.0,50.0,50.0,49.0,49.0,49.0,48.0,48.0,48.0,47.0,47.0,47.0
real,300,gulf,8,LSTM-ms,0,buffer,6,182,136,0.5048361242184066,128.0,128.0,128.0,127.0,127.0,127.0,126.0,126.0,126.0,126.0,126.0,126.0,126.0,122.0,121.0,121.0,121.0,120.0,120.0,119.0
real,300,gulf,8,LSTM-ms,0,buffer,7,200,48,0.6428980190146993,43.0,42.0,41.0,41.0,41.0,41.0,40.0,40.0,40.0,40.0,40.0,40.0,39.0,39.0,39.0,39.0,39.0,39.0,39.0,39.0
real,300,gulf,8,LSTM-ms,0,buffer,8,257,11,0.4898595356629877,6.0,6.0,6.0,6.0,6.0,6.0,6.0,6.0,6.0,6.0,6.0,6.0,6.0,6.0,6.0,6.0,6.0,6.0,6.0,6.0
real,300,gulf,8,LSTM-ms,0,buffer,9,274,15,0.47961229038257874,10.0,10.0,10.0,10.0,10.0,10.0,10.0,10.0,10.0,10.0,10.0,10.0,10.0,10.0,10.0,10.0,10.0,10.0,10.0,10.0
real,300,gulf,8,LSTM-ms,0,buffer,10,277,103,1.0133525018976584,99.0,99.0,98.0,97.0,97.0,96.0,96.0,95.0,95.0,94.0,94.0,94.0,93.0,93.0,92.0,92.0,92.0,92.0,91.0,91.0
real,300,gulf,8,LSTM-ms,0,buffer,11,309,20,1.6481789716474171,17.0,16.0,15.0,15.0,14.0,13.0,13.0,12.0,12.0,11.0,11.0,10.0,10.0,10.0,9.0,9.0,9.0,8.0,8.0,8.0
real,300,gulf,8,LSTM-ms,0,buffer,12,373,216,0.18997958713922472,216.0,215.0,215.0,215.0,214.0,214.0,214.0,213.0,213.0,213.0,212.0,212.0,134.0,134.0,133.0,133.0,132.0,132.0,132.0,132.0
real,300,gulf,8,LSTM-ms,0,buffer,13,394,169,1.0706275373090541,165.0,164.0,164.0,163.0,163.0,162.0,162.0,161.0,161.0,160.0,160.0,159.0,159.0,158.0,158.0,158.0,157.0,157.0,156.0,156.0
real,300,gulf,8,LSTM-ms,0,buffer,14,407,205,0.8583357455416284,198.0,198.0,197.0,197.0,196.0,196.0,195.0,194.0,194.0,193.0,193.0,192.0,192.0,192.0,191.0,191.0,191.0,191.0,190.0,190.0
real,300,gulf,8,LSTM-ms,0,buffer,15,409,58,0.9185416608723219,41.0,41.0,40.0,40.0,40.0,40.0,39.0,39.0,39.0,39.0,39.0,39.0,32.0,31.0,31.0,31.0,31.0,30.0,30.0,30.0
real,300,gulf,8,LSTM-ms,0,buffer,16,413,316,0.4270002569880942,314.0,313.0,313.0,312.0,312.0,311.0,311.0,310.0,310.0,309.0,309.0,309.0,309.0,308.0,308.0,308.0,308.0,308.0,308.0,308.0
real,300,gulf,8,LSTM-ms,0,buffer,17,419,122,1.381933211240309,119.0,119.0,118.0,118.0,117.0,117.0,116.0,116.0,115.0,115.0,114.0,114.0,114.0,113.0,113.0,112.0,112.0,112.0,112.0,111.0
real,300,gulf,8,LSTM-ms,0,buffer,18,438,83,0.8456863371826169,82.0,82.0,81.0,80.0,80.0,79.0,79.0,78.0,78.0,78.0,77.0,77.0,76.0,76.0,76.0,75.0,75.0,75.0,74.0,74.0
real,300,gulf,8,LSTM-ms,0,buffer,19,449,107,0.7252759973203549,103.0,102.0,101.0,101.0,100.0,100.0,99.0,99.0,98.0,98.0,97.0,97.0,97.0,96.0,96.0,96.0,95.0,95.0,95.0,94.0
real,300,gulf,8,LSTM-ms,0,crossing,0,8,168,0.5632914606780262,168.0,167.0,166.0,166.0,165.0,165.0,164.0,164.0,163.0,163.0,163.0,163.0,163.0,163.0,162.0,162.0,162.0,162.0,162.0,162.0
real,300,gulf,8,LSTM-ms,0,crossing,1,19,398,0.8917053415156226,397.0,397.0,396.0,396.0,396.0,396.0,396.0,395.0,395.0,395.0,395.0,395.0,394.0,394.0,394.0,394.0,394.0,394.0,394.0,393.0
real,300,gulf,8,LSTM-ms,0,crossing,2,20,504,0.2341189693571953,504.0,503.0,503.0,502.0,502.0,501.0,501.0,500.0,500.0,499.0,499.0,499.0,498.0,498.0,498.0,497.0,497.0,497.0,496.0,496.0
real,300,gulf,8,LSTM-ms,0,crossing,3,49,381,0.3680385695503958,381.0,380.0,379.0,379.0,378.0,378.0,377.0,377.0,377.0,376.0,376.0,375.0,375.0,375.0,374.0,374.0,374.0,374.0,373.0,373.0
real,300,gulf,8,LSTM-ms,0,crossing,4,145,448,0.22139523179946582,447.0,447.0,447.0,446.0,446.0,446.0,445.0,445.0,188.0,188.0,187.0,187.0,187.0,186.0,186.0,185.0,185.0,185.0,184.0,184.0
real,300,gulf,8,LSTM-ms,0,crossing,5,173,58,0.9222179702465199,57.0,56.0,56.0,55.0,55.0,54.0,54.0,53.0,53.0,52.0,52.0,51.0,51.0,51.0,50.0,50.0,50.0,49.0,49.0,49.0
real,300,gulf,8,LSTM-ms,0,crossing,6,182,136,0.5048361242184066,135.0,135.0,135.0,134.0,134.0,133.0,132.0,131.0,130.0,130.0,129.0,129.0,129.0,129.0,128.0,128.0,128.0,128.0,128.0,128.0
real,300,gulf,8,LSTM-ms,0,crossing,7,200,48,0.6428980190146993,48.0,47.0,43.0,42.0,42.0,42.0,41.0,41.0,41.0,41.0,40.0,40.0,40.0,40.0,40.0,40.0,40.0,40.0,40.0,40.0
real,300,gulf,8,LSTM-ms,0,crossing,8,257,11,0.4898595356629877,10.0,10.0,9.0,9.0,8.0,8.0,7.0,7.0,6.0,6.0,6.0,6.0,6.0,6.0,6.0,6.0,6.0,6.0,6.0,6.0
real,300,gulf,8,LSTM-ms,0,crossing,9,274,15,0.47961229038257874,14.0,14.0,13.0,13.0,13.0,13.0,12.0,12.0,12.0,12.0,12.0,12.0,12.0,12.0,12.0,12.0,11.0,11.0,11.0,11.0
real,300,gulf,8,LSTM-ms,0,crossing,10,277,103,1.0133525018976584,102.0,101.0,101.0,100.0,100.0,99.0,99.0,98.0,98.0,97.0,97.0,96.0,96.0,96.0,95.0,95.0,95.0,94.0,94.0,93.0
real,300,gulf,8,LSTM-ms,0,crossing,11,309,20,1.6481789716474171,19.0,18.0,17.0,17.0,16.0,16.0,15.0,15.0,14.0,14.0,13.0,13.0,12.0,12.0,11.0,11.0,11.0,10.0,10.0,10.0
real,300,gulf,8,LSTM-ms,0,crossing,12,373,216,0.18997958713922472,216.0,215.0,215.0,215.0,214.0,214.0,214.0,213.0,213.0,213.0,212.0,212.0,134.0,134.0,133.0,133.0,132.0,132.0,132.0,132.0
real,300,gulf,8,LSTM-ms,0,crossing,13,394,169,1.0706275373090541,167.0,166.0,165.0,165.0,164.0,164.0,163.0,163.0,162.0,162.0,161.0,161.0,161.0,160.0,160.0,159.0,159.0,159.0,158.0,158.0
real,300,gulf,8,LSTM-ms,0,crossing,14,407,205,0.8583357455416284,204.0,204.0,203.0,203.0,203.0,202.0,202.0,202.0,201.0,201.0,201.0,200.0,200.0,200.0,200.0,200.0,199.0,199.0,199.0,198.0
real,300,gulf,8,LSTM-ms,0,crossing,15,409,58,0.9185416608723219,57.0,43.0,42.0,42.0,41.0,41.0,41.0,40.0,40.0,40.0,40.0,40.0,40.0,39.0,39.0,39.0,39.0,32.0,31.0,31.0
real,300,gulf,8,LSTM-ms,0,crossing,16,413,316,0.4270002569880942,316.0,315.0,314.0,314.0,313.0,313.0,312.0,312.0,311.0,311.0,310.0,310.0,310.0,309.0,309.0,309.0,309.0,309.0,309.0,308.0
real,300,gulf,8,LSTM-ms,0,crossing,17,419,122,1.381933211240309,121.0,121.0,120.0,119.0,119.0,118.0,118.0,118.0,117.0,117.0,116.0,116.0,116.0,115.0,115.0,115.0,114.0,114.0,113.0,113.0
real,300,gulf,8,LSTM-ms,0,crossing,18,438,83,0.8456863371826169,82.0,82.0,81.0,80.0,80.0,79.0,79.0,78.0,78.0,78.0,77.0,77.0,76.0,76.0,76.0,75.0,75.0,75.0,74.0,74.0
real,300,gulf,8,LSTM-ms,0,crossing,19,449,107,0.7252759973203549,106.0,105.0,105.0,104.0,104.0,103.0,103.0,102.0,102.0,101.0,101.0,100.0,100.0,99.0,99.0,99.0,98.0,98.0,98.0,97.0
real,300,gulf,8,LSTM-rec,1,buffer,0,8,168,0.5632914606780262,168.0,167.0,166.0,165.0,165.0,164.0,163.0,163.0,162.0,162.0,162.0,161.0,161.0,161.0,160.0,160.0,160.0,160.0,160.0,136.0
real,300,gulf,8,LSTM-rec,1,buffer,1,19,398,0.8917053415156226,396.0,395.0,394.0,394.0,393.0,393.0,392.0,392.0,392.0,392.0,392.0,392.0,392.0,391.0,384.0,384.0,376.0,376.0,376.0,376.0
real,300,gulf,8,LSTM-rec,1,buffer,2,20,504,0.2341189693571953,503.0,503.0,502.0,501.0,500.0,500.0,499.0,498.0,498.0,497.0,497.0,497.0,496.0,496.0,495.0,495.0,495.0,494.0,494.0,494.0
real,300,gulf,8,LSTM-rec,1,buffer,3,49,381,0.3680385695503958,379.0,378.0,377.0,377.0,376.0,375.0,375.0,374.0,374.0,374.0,373.0,373.0,372.0,372.0,371.0,371.0,371.0,370.0,370.0,369.0
real,300,gulf,8,LSTM-rec,1,buffer,4,145,448,0.22139523179946582,447.0,446.0,446.0,445.0,444.0,444.0,187.0,187.0,186.0,186.0,185.0,185.0,184.0,184.0,183.0,183.0,182.0,182.0,181.0,181.0
real,300,gulf,8,LSTM-rec,1,buffer,5,173,58,0.9222179702465199,55.0,54.0,53.0,52.0,52.0,51.0,50.0,50.0,49.0,49.0,48.0,48.0,47.0,47.0,46.0,46.0,45.0,45.0,45.0,44.0
real,300,gulf,8,LSTM-rec,1,buffer,6,182,136,0.5048361242184066,128.0,127.0,126.0,125.0,125.0,125.0,125.0,121.0,121.0,120.0,119.0,118.0,117.0,117.0,116.0,116.0,116.0,116.0,116.0,116.0
real,300,gulf,8,LSTM-rec,1,buffer,7,200,48,0.6428980190146993,42.0,42.0,41.0,40.0,40.0,39.0,39.0,39.0,38.0,38.0,38.0,38.0,38.0,38.0,38.0,38.0,37.0,37.0,37.0,32.0
real,300,gulf,8,LSTM-rec,1,buffer,8,257,11,0.4898595356629877,6.0,6.0,6.0,6.0,6.0,6.0,6.0,6.0,6.0,6.0,6.0,6.0,6.0,6.0,6.0,6.0,6.0,6.0,6.0,6.0
real,300,gulf,8,LSTM-rec,1,buffer,9,274,15,0.47961229038257874,10.0,8.0,8.0,8.0,8.0,8.0,8.0,8.0,8.0,8.0,8.0,8.0,8.0,6.0,6.0,6.0,6.0,6.0,6.0,6.0
real,300,gulf,8,LSTM-rec,1,buffer,10,277,103,1.0133525018976584,99.0,98.0,97.0,97.0,96.0,95.0,94.0,94.0,93.0,92.0,92.0,91.0,91.0,90.0,90.0,89.0,89.0,88.0,88.0,88.0
real,300,gulf,8,LSTM-rec,1,buffer,11,309,20,1.6481789716474171,16.0,16.0,15.0,14.0,13.0,12.0,12.0,11.0,10.0,10.0,9.0,9.0,8.0,8.0,7.0,7.0,6.0,6.0,6.0,6.0
real,300,gulf,8,LSTM-rec,1,buffer,12,373,216,0.18997958713922472,216.0,215.0,214.0,213.0,213.0,212.0,212.0,211.0,133.0,132.0,132.0,131.0,131.0,131.0,130.0,130.0,130.0,130.0,129.0,129.0
real,300,gulf,8,LSTM-rec,1,buffer,13,394,169,1.0706275373090541,165.0,164.0,163.0,162.0,162.0,161.0,160.0,160.0,159.0,159.0,158.0,158.0,157.0,157.0,156.0,155.0,155.0,155.0,155.0,154.0
real,300,gulf,8,LSTM-rec,1,buffer,14,407,205,0.8583357455416284,198.0,197.0,196.0,195.0,195.0,193.0,192.0,192.0,191.0,190.0,190.0,189.0,189.0,188.0,188.0,187.0,186.0,186.0,186.0,185.0
real,300,gulf,8,LSTM-rec,1,buffer,15,409,58,0.9185416608723219,41.0,40.0,40.0,39.0,38.0,38.0,38.0,38.0,38.0,38.0,32.0,30.0,29.0,29.0,29.0,28.0,28.0,28.0,28.0,28.0
real,300,gulf,8,LSTM-rec,1,buffer,16,413,316,0.4270002569880942,314.0,313.0,312.0,311.0,311.0,310.0,310.0,309.0,309.0,308.0,308.0,307.0,307.0,307.0,306.0,306.0,306.0,306.0,306.0,306.0
real,300,gulf,8,LSTM-rec,1,buffer,17,419,122,1.381933211240309,119.0,118.0,118.0,117.0,116.0,116.0,115.0,115.0,114.0,113.0,113.0,112.0,112.0,111.0,111.0,111.0,110.0,110.0,109.0,109.0
real,300,gulf,8,LSTM-rec,1,buffer,18,438,83,0.8456863371826169,82.0,81.0,80.0,80.0,79.0,78.0,78.0,77.0,77.0,77.0,76.0,76.0,75.0,75.0,75.0,74.0,74.0,74.0,74.0,73.0
real,300,gulf,8,LSTM-rec,1,buffer,19,449,107,0.7252759973203549,102.0,101.0,101.0,100.0,99.0,98.0,97.0,97.0,96.0,96.0,95.0,95.0,95.0,94.0,93.0,93.0,92.0,92.0,92.0,91.0
real,300,gulf,8,LSTM-rec,1,crossing,0,8,168,0.5632914606780262,168.0,167.0,166.0,165.0,165.0,164.0,163.0,163.0,162.0,162.0,162.0,161.0,161.0,161.0,160.0,160.0,160.0,160.0,160.0,136.0
real,300,gulf,8,LSTM-rec,1,crossing,1,19,398,0.8917053415156226,397.0,396.0,396.0,396.0,395.0,395.0,394.0,394.0,393.0,393.0,393.0,392.0,392.0,392.0,392.0,392.0,392.0,392.0,392.0,392.0
real,300,gulf,8,LSTM-rec,1,crossing,2,20,504,0.2341189693571953,503.0,503.0,502.0,501.0,500.0,500.0,499.0,498.0,498.0,497.0,497.0,497.0,496.0,496.0,495.0,495.0,495.0,494.0,494.0,494.0
real,300,gulf,8,LSTM-rec,1,crossing,3,49,381,0.3680385695503958,381.0,380.0,379.0,378.0,378.0,377.0,376.0,376.0,375.0,375.0,374.0,374.0,374.0,374.0,373.0,373.0,372.0,372.0,372.0,371.0
real,300,gulf,8,LSTM-rec,1,crossing,4,145,448,0.22139523179946582,447.0,446.0,446.0,445.0,444.0,444.0,187.0,187.0,186.0,186.0,185.0,185.0,184.0,184.0,183.0,183.0,182.0,182.0,181.0,181.0
real,300,gulf,8,LSTM-rec,1,crossing,5,173,58,0.9222179702465199,57.0,56.0,55.0,54.0,54.0,53.0,52.0,52.0,51.0,51.0,50.0,50.0,49.0,49.0,48.0,48.0,47.0,47.0,47.0,46.0
real,300,gulf,8,LSTM-rec,1,crossing,6,182,136,0.5048361242184066,135.0,134.0,133.0,133.0,131.0,130.0,129.0,128.0,127.0,126.0,126.0,126.0,125.0,125.0,125.0,125.0,125.0,122.0,121.0,121.0
real,300,gulf,8,LSTM-rec,1,crossing,7,200,48,0.6428980190146993,47.0,43.0,42.0,42.0,41.0,40.0,40.0,40.0,40.0,39.0,39.0,39.0,39.0,38.0,38.0,38.0,38.0,38.0,38.0,38.0
real,300,gulf,8,LSTM-rec,1,crossing,8,257,11,0.4898595356629877,10.0,9.0,8.0,7.0,7.0,6.0,6.0,6.0,6.0,6.0,6.0,6.0,6.0,6.0,6.0,6.0,6.0,6.0,6.0,6.0
real,300,gulf,8,LSTM-rec,1,crossing,9,274,15,0.47961229038257874,14.0,13.0,12.0,12.0,11.0,11.0,10.0,10.0,10.0,10.0,10.0,8.0,8.0,8.0,8.0,8.0,8.0,8.0,8.0,8.0
real,300,gulf,8,LSTM-rec,1,crossing,10,277,103,1.0133525018976584,102.0,101.0,100.0,99.0,98.0,98.0,97.0,96.0,96.0,95.0,94.0,94.0,93.0,92.0,92.0,91.0,91.0,91.0,90.0,90.0
real,300,gulf,8,LSTM-rec,1,crossing,11,309,20,1.6481789716474171,19.0,18.0,17.0,16.0,15.0,15.0,14.0,13.0,13.0,12.0,11.0,11.0,10.0,10.0,9.0,9.0,8.0,8.0,7.0,7.0
real,300,gulf,8,LSTM-rec,1,crossing,12,373,216,0.18997958713922472,216.0,215.0,214.0,213.0,213.0,212.0,212.0,211.0,133.0,132.0,132.0,131.0,131.0,131.0,130.0,130.0,130.0,130.0,129.0,129.0
real,300,gulf,8,LSTM-rec,1,crossing,13,394,169,1.0706275373090541,168.0,165.0,165.0,164.0,163.0,163.0,162.0,162.0,161.0,161.0,160.0,159.0,159.0,158.0,158.0,158.0,157.0,157.0,156.0,156.0
real,300,gulf,8,LSTM-rec,1,crossing,14,407,205,0.8583357455416284,204.0,203.0,202.0,201.0,201.0,200.0,200.0,199.0,199.0,198.0,196.0,196.0,195.0,195.0,193.0,192.0,192.0,191.0,191.0,191.0
real,300,gulf,8,LSTM-rec,1,crossing,15,409,58,0.9185416608723219,43.0,42.0,42.0,41.0,40.0,40.0,39.0,39.0,38.0,38.0,38.0,38.0,38.0,38.0,32.0,32.0,30.0,29.0,29.0,29.0
real,300,gulf,8,LSTM-rec,1,crossing,16,413,316,0.4270002569880942,316.0,315.0,314.0,313.0,312.0,312.0,311.0,311.0,310.0,310.0,309.0,309.0,309.0,308.0,308.0,308.0,307.0,307.0,307.0,307.0
real,300,gulf,8,LSTM-rec,1,crossing,17,419,122,1.381933211240309,121.0,120.0,119.0,119.0,118.0,117.0,117.0,116.0,116.0,115.0,115.0,114.0,114.0,113.0,113.0,112.0,112.0,112.0,111.0,111.0
real,300,gulf,8,LSTM-rec,1,crossing,18,438,83,0.8456863371826169,82.0,81.0,80.0,80.0,79.0,78.0,78.0,77.0,77.0,77.0,76.0,76.0,75.0,75.0,75.0,74.0,74.0,74.0,74.0,73.0
real,300,gulf,8,LSTM-rec,1,crossing,19,449,107,0.7252759973203549,106.0,105.0,104.0,103.0,103.0,102.0,101.0,100.0,100.0,99.0,99.0,98.0,97.0,97.0,96.0,96.0,96.0,95.0,95.0,95.0
real,300,gulf,8,LSTM-ms,1,buffer,0,8,168,0.5632914606780262,168.0,167.0,166.0,165.0,165.0,164.0,164.0,163.0,163.0,163.0,162.0,162.0,162.0,162.0,162.0,161.0,161.0,161.0,161.0,161.0
real,300,gulf,8,LSTM-ms,1,buffer,1,19,398,0.8917053415156226,396.0,395.0,394.0,394.0,393.0,393.0,392.0,392.0,392.0,392.0,392.0,392.0,392.0,392.0,378.0,378.0,378.0,377.0,377.0,377.0
real,300,gulf,8,LSTM-ms,1,buffer,2,20,504,0.2341189693571953,503.0,502.0,502.0,501.0,500.0,500.0,499.0,499.0,498.0,497.0,497.0,496.0,496.0,496.0,495.0,495.0,494.0,494.0,494.0,493.0
real,300,gulf,8,LSTM-ms,1,buffer,3,49,381,0.3680385695503958,379.0,378.0,378.0,377.0,377.0,376.0,376.0,375.0,375.0,374.0,374.0,373.0,373.0,373.0,372.0,372.0,371.0,371.0,371.0,370.0
real,300,gulf,8,LSTM-ms,1,buffer,4,145,448,0.22139523179946582,447.0,446.0,445.0,445.0,188.0,187.0,187.0,187.0,186.0,185.0,185.0,184.0,184.0,183.0,183.0,182.0,182.0,181.0,181.0,180.0
real,300,gulf,8,LSTM-ms,1,buffer,5,173,58,0.9222179702465199,55.0,54.0,53.0,53.0,52.0,51.0,51.0,50.0,50.0,49.0,49.0,48.0,48.0,48.0,47.0,47.0,47.0,46.0,46.0,45.0
real,300,gulf,8,LSTM-ms,1,buffer,6,182,136,0.5048361242184066,128.0,127.0,126.0,126.0,125.0,125.0,125.0,122.0,121.0,120.0,119.0,119.0,118.0,118.0,117.0,117.0,117.0,116.0,116.0,116.0
real,300,gulf,8,LSTM-ms,1,buffer,7,200,48,0.6428980190146993,42.0,42.0,41.0,41.0,40.0,40.0,40.0,39.0,39.0,39.0,38.0,38.0,38.0,38.0,38.0,38.0,38.0,38.0,38.0,37.0
real,300,gulf,8,LSTM-ms,1,buffer,8,257,11,0.4898595356629877,6.0,6.0,6.0,6.0,6.0,6.0,6.0,6.0,6.0,6.0,6.0,6.0,6.0,6.0,6.0,6.0,6.0,6.0,6.0,6.0
real,300,gulf,8,LSTM-ms,1,buffer,9,274,15,0.47961229038257874,10.0,8.0,8.0,8.0,8.0,8.0,8.0,8.0,8.0,8.0,8.0,7.0,7.0,7.0,6.0,6.0,6.0,6.0,6.0,6.0
real,300,gulf,8,LSTM-ms,1,buffer,10,277,103,1.0133525018976584,99.0,98.0,98.0,97.0,96.0,96.0,95.0,94.0,94.0,93.0,93.0,92.0,92.0,92.0,91.0,91.0,91.0,90.0,90.0,89.0
real,300,gulf,8,LSTM-ms,1,buffer,11,309,20,1.6481789716474171,16.0,16.0,15.0,14.0,14.0,13.0,12.0,12.0,11.0,11.0,10.0,10.0,9.0,9.0,9.0,8.0,8.0,8.0,7.0,7.0
real,300,gulf,8,LSTM-ms,1,buffer,12,373,216,0.18997958713922472,215.0,214.0,214.0,213.0,213.0,212.0,134.0,134.0,133.0,132.0,132.0,131.0,131.0,130.0,130.0,130.0,129.0,129.0,129.0,128.0
real,300,gulf,8,LSTM-ms,1,buffer,13,394,169,1.0706275373090541,165.0,164.0,163.0,163.0,162.0,162.0,161.0,161.0,160.0,160.0,159.0,159.0,158.0,158.0,157.0,157.0,157.0,156.0,156.0,156.0
real,300,gulf,8,LSTM-ms,1,buffer,14,407,205,0.8583357455416284,198.0,196.0,196.0,195.0,194.0,193.0,192.0,192.0,191.0,191.0,190.0,190.0,189.0,189.0,188.0,188.0,187.0,187.0,186.0,186.0
real,300,gulf,8,LSTM-ms,1,buffer,15,409,58,0.9185416608723219,41.0,40.0,40.0,39.0,39.0,38.0,38.0,38.0,38.0,38.0,32.0,31.0,31.0,30.0,30.0,30.0,30.0,29.0,29.0,29.0
real,300,gulf,8,LSTM-ms,1,buffer,16,413,316,0.4270002569880942,314.0,313.0,312.0,312.0,311.0,311.0,310.0,309.0,309.0,309.0,308.0,308.0,308.0,308.0,307.0,307.0,307.0,307.0,307.0,307.0
real,300,gulf,8,LSTM-ms,1,buffer,17,419,122,1.381933211240309,119.0,119.0,118.0,117.0,117.0,116.0,116.0,115.0,115.0,114.0,114.0,113.0,113.0,112.0,112.0,112.0,111.0,111.0,111.0,110.0
real,300,gulf,8,LSTM-ms,1,buffer,18,438,83,0.8456863371826169,82.0,81.0,81.0,80.0,79.0,79.0,78.0,78.0,77.0,77.0,76.0,76.0,75.0,75.0,75.0,74.0,74.0,73.0,73.0,73.0
real,300,gulf,8,LSTM-ms,1,buffer,19,449,107,0.7252759973203549,102.0,101.0,101.0,100.0,99.0,99.0,98.0,97.0,97.0,96.0,96.0,96.0,95.0,95.0,94.0,94.0,93.0,93.0,92.0,92.0
real,300,gulf,8,LSTM-ms,1,crossing,0,8,168,0.5632914606780262,168.0,167.0,166.0,165.0,165.0,164.0,164.0,163.0,163.0,163.0,162.0,162.0,162.0,162.0,162.0,161.0,161.0,161.0,161.0,161.0
real,300,gulf,8,LSTM-ms,1,crossing,1,19,398,0.8917053415156226,397.0,397.0,396.0,396.0,395.0,395.0,395.0,394.0,394.0,393.0,393.0,393.0,392.0,392.0,392.0,392.0,392.0,392.0,392.0,378.0
real,300,gulf,8,LSTM-ms,1,crossing,2,20,504,0.2341189693571953,503.0,502.0,502.0,501.0,500.0,500.0,499.0,499.0,498.0,497.0,497.0,496.0,496.0,496.0,495.0,495.0,494.0,494.0,494.0,493.0
real,300,gulf,8,LSTM-ms,1,crossing,3,49,381,0.3680385695503958,381.0,380.0,379.0,379.0,378.0,378.0,377.0,377.0,376.0,376.0,375.0,375.0,375.0,374.0,374.0,374.0,373.0,373.0,372.0,372.0
real,300,gulf,8,LSTM-ms,1,crossing,4,145,448,0.22139523179946582,447.0,446.0,445.0,445.0,188.0,187.0,187.0,187.0,186.0,185.0,185.0,184.0,184.0,183.0,183.0,182.0,182.0,181.0,181.0,180.0
real,300,gulf,8,LSTM-ms,1,crossing,5,173,58,0.9222179702465199,57.0,56.0,55.0,55.0,54.0,53.0,53.0,52.0,52.0,51.0,51.0,51.0,50.0,50.0,49.0,49.0,49.0,48.0,48.0,47.0
real,300,gulf,8,LSTM-ms,1,crossing,6,182,136,0.5048361242184066,135.0,134.0,133.0,131.0,130.0,129.0,129.0,128.0,128.0,128.0,127.0,127.0,126.0,126.0,126.0,126.0,126.0,125.0,122.0,121.0
real,300,gulf,8,LSTM-ms,1,crossing,7,200,48,0.6428980190146993,47.0,46.0,43.0,42.0,42.0,41.0,41.0,41.0,40.0,40.0,40.0,40.0,39.0,39.0,39.0,39.0,39.0,38.0,38.0,38.0
real,300,gulf,8,LSTM-ms,1,crossing,8,257,11,0.4898595356629877,10.0,9.0,8.0,8.0,7.0,6.0,6.0,6.0,6.0,6.0,6.0,6.0,6.0,6.0,6.0,6.0,6.0,6.0,6.0,6.0
real,300,gulf,8,LSTM-ms,1,crossing,9,274,15,0.47961229038257874,14.0,13.0,12.0,12.0,11.0,11.0,11.0,11.0,10.0,10.0,10.0,10.0,10.0,10.0,10.0,10.0,10.0,10.0,8.0,8.0
real,300,gulf,8,LSTM-ms,1,crossing,10,277,103,1.0133525018976584,102.0,101.0,100.0,99.0,99.0,98.0,98.0,97.0,97.0,96.0,96.0,95.0,95.0,94.0,94.0,94.0,93.0,93.0,92.0,92.0
real,300,gulf,8,LSTM-ms,1,crossing,11,309,20,1.6481789716474171,19.0,18.0,17.0,16.0,16.0,15.0,15.0,14.0,13.0,13.0,12.0,12.0,11.0,11.0,11.0,10.0,10.0,10.0,9.0,9.0
real,300,gulf,8,LSTM-ms,1,crossing,12,373,216,0.18997958713922472,215.0,214.0,214.0,213.0,213.0,212.0,134.0,134.0,133.0,132.0,132.0,131.0,131.0,130.0,130.0,130.0,129.0,129.0,129.0,128.0
real,300,gulf,8,LSTM-ms,1,crossing,13,394,169,1.0706275373090541,168.0,166.0,165.0,164.0,164.0,163.0,163.0,162.0,162.0,161.0,161.0,161.0,160.0,160.0,159.0,159.0,159.0,158.0,158.0,157.0
real,300,gulf,8,LSTM-ms,1,crossing,14,407,205,0.8583357455416284,204.0,203.0,202.0,201.0,201.0,200.0,200.0,199.0,199.0,198.0,197.0,196.0,195.0,195.0,194.0,193.0,193.0,192.0,192.0,191.0
real,300,gulf,8,LSTM-ms,1,crossing,15,409,58,0.9185416608723219,43.0,42.0,42.0,41.0,41.0,40.0,40.0,39.0,39.0,39.0,38.0,38.0,38.0,38.0,38.0,32.0,31.0,31.0,31.0,30.0
real,300,gulf,8,LSTM-ms,1,crossing,16,413,316,0.4270002569880942,316.0,315.0,314.0,313.0,313.0,312.0,312.0,311.0,311.0,310.0,310.0,309.0,309.0,309.0,308.0,308.0,308.0,308.0,308.0,307.0
real,300,gulf,8,LSTM-ms,1,crossing,17,419,122,1.381933211240309,121.0,120.0,120.0,119.0,118.0,118.0,117.0,117.0,116.0,116.0,116.0,115.0,115.0,114.0,114.0,114.0,113.0,113.0,113.0,112.0
real,300,gulf,8,LSTM-ms,1,crossing,18,438,83,0.8456863371826169,82.0,81.0,81.0,80.0,79.0,79.0,78.0,78.0,77.0,77.0,76.0,76.0,75.0,75.0,75.0,74.0,74.0,73.0,73.0,73.0
real,300,gulf,8,LSTM-ms,1,crossing,19,449,107,0.7252759973203549,106.0,105.0,104.0,103.0,103.0,102.0,101.0,101.0,100.0,99.0,99.0,98.0,98.0,98.0,97.0,97.0,97.0,96.0,96.0,95.0
real,300,gulf,8,LSTM-rec,2,buffer,0,8,168,0.5632914606780262,168.0,167.0,166.0,166.0,165.0,164.0,164.0,164.0,163.0,163.0,163.0,163.0,163.0,163.0,163.0,163.0,163.0,163.0,163.0,163.0
real,300,gulf,8,LSTM-rec,2,buffer,1,19,398,0.8917053415156226,396.0,395.0,395.0,394.0,394.0,394.0,393.0,393.0,393.0,393.0,393.0,393.0,393.0,393.0,393.0,393.0,393.0,393.0,393.0,393.0
real,300,gulf,8,LSTM-rec,2,buffer,2,20,504,0.2341189693571953,504.0,503.0,502.0,502.0,502.0,501.0,501.0,501.0,501.0,501.0,501.0,501.0,501.0,501.0,501.0,501.0,501.0,501.0,501.0,501.0
real,300,gulf,8,LSTM-rec,2,buffer,3,49,381,0.3680385695503958,379.0,378.0,378.0,377.0,376.0,376.0,375.0,375.0,375.0,374.0,374.0,374.0,374.0,374.0,374.0,374.0,374.0,374.0,374.0,374.0
real,300,gulf,8,LSTM-rec,2,buffer,4,145,448,0.22139523179946582,447.0,447.0,446.0,446.0,446.0,446.0,446.0,446.0,446.0,446.0,446.0,446.0,446.0,446.0,446.0,446.0,446.0,446.0,446.0,446.0
real,300,gulf,8,LSTM-rec,2,buffer,5,173,58,0.9222179702465199,55.0,54.0,53.0,53.0,52.0,52.0,51.0,51.0,51.0,51.0,51.0,50.0,50.0,50.0,50.0,50.0,50.0,50.0,50.0,50.0
real,300,gulf,8,LSTM-rec,2,buffer,6,182,136,0.5048361242184066,128.0,127.0,127.0,126.0,126.0,126.0,126.0,126.0,126.0,126.0,126.0,126.0,126.0,126.0,126.0,126.0,126.0,126.0,126.0,126.0
real,300,gulf,8,LSTM-rec,2,buffer,7,200,48,0.6428980190146993,42.0,42.0,41.0,40.0,40.0,40.0,40.0,40.0,39.0,39.0,39.0,39.0,39.0,39.0,39.0,39.0,39.0,39.0,39.0,39.0
real,300,gulf,8,LSTM-rec,2,buffer,8,257,11,0.4898595356629877,6.0,6.0,6.0,6.0,6.0,6.0,6.0,6.0,6.0,6.0,6.0,6.0,6.0,6.0,6.0,6.0,6.0,6.0,6.0,6.0
real,300,gulf,8,LSTM-rec,2,buffer,9,274,15,0.47961229038257874,10.0,10.0,8.0,8.0,8.0,8.0,8.0,8.0,8.0,8.0,8.0,8.0,8.0,8.0,8.0,8.0,8.0,8.0,8.0,8.0
real,300,gulf,8,LSTM-rec,2,buffer,10,277,103,1.0133525018976584,99.0,98.0,98.0,97.0,97.0,96.0,96.0,96.0,95.0,95.0,95.0,95.0,95.0,95.0,95.0,95.0,95.0,95.0,95.0,95.0
real,300,gulf,8,LSTM-rec,2,buffer,11,309,20,1.6481789716474171,16.0,16.0,15.0,14.0,14.0,13.0,13.0,13.0,12.0,12.0,12.0,11.0,11.0,11.0,11.0,11.0,11.0,11.0,11.0,11.0
real,300,gulf,8,LSTM-rec,2,buffer,12,373,216,0.18997958713922472,216.0,215.0,215.0,214.0,214.0,214.0,214.0,214.0,214.0,214.0,214.0,214.0,214.0,214.0,214.0,214.0,214.0,214.0,214.0,214.0
real,300,gulf,8,LSTM-rec,2,buffer,13,394,169,1.0706275373090541,165.0,164.0,163.0,163.0,162.0,162.0,161.0,161.0,161.0,160.0,160.0,160.0,160.0,160.0,160.0,160.0,160.0,160.0,160.0,160.0
real,300,gulf,8,LSTM-rec,2,buffer,14,407,205,0.8583357455416284,198.0,198.0,197.0,197.0,196.0,196.0,196.0,196.0,196.0,196.0,196.0,196.0,196.0,196.0,196.0,196.0,196.0,196.0,196.0,196.0
real,300,gulf,8,LSTM-rec,2,buffer,15,409,58,0.9185416608723219,41.0,41.0,40.0,39.0,39.0,39.0,38.0,38.0,38.0,38.0,38.0,38.0,38.0,38.0,38.0,38.0,38.0,38.0,38.0,38.0
real,300,gulf,8,LSTM-rec,2,buffer,16,413,316,0.4270002569880942,314.0,313.0,312.0,312.0,311.0,311.0,310.0,310.0,310.0,309.0,309.0,309.0,309.0,309.0,309.0,309.0,309.0,309.0,309.0,309.0
real,300,gulf,8,LSTM-rec,2,buffer,17,419,122,1.381933211240309,119.0,119.0,118.0,117.0,117.0,116.0,116.0,116.0,116.0,115.0,115.0,115.0,115.0,115.0,115.0,115.0,115.0,115.0,115.0,115.0
real,300,gulf,8,LSTM-rec,2,buffer,18,438,83,0.8456863371826169,82.0,81.0,81.0,80.0,80.0,79.0,79.0,79.0,78.0,78.0,78.0,78.0,78.0,78.0,78.0,78.0,78.0,78.0,78.0,78.0
real,300,gulf,8,LSTM-rec,2,buffer,19,449,107,0.7252759973203549,102.0,102.0,101.0,101.0,100.0,100.0,99.0,99.0,99.0,99.0,99.0,99.0,99.0,99.0,99.0,99.0,99.0,99.0,99.0,99.0
real,300,gulf,8,LSTM-rec,2,crossing,0,8,168,0.5632914606780262,168.0,167.0,166.0,166.0,165.0,164.0,164.0,164.0,163.0,163.0,163.0,163.0,163.0,163.0,163.0,163.0,163.0,163.0,163.0,163.0
real,300,gulf,8,LSTM-rec,2,crossing,1,19,398,0.8917053415156226,397.0,396.0,396.0,396.0,396.0,395.0,395.0,395.0,395.0,395.0,395.0,395.0,395.0,395.0,395.0,395.0,395.0,395.0,395.0,395.0
real,300,gulf,8,LSTM-rec,2,crossing,2,20,504,0.2341189693571953,504.0,503.0,502.0,502.0,502.0,501.0,501.0,501.0,501.0,501.0,501.0,501.0,501.0,501.0,501.0,501.0,501.0,501.0,501.0,501.0
real,300,gulf,8,LSTM-rec,2,crossing,3,49,381,0.3680385695503958,381.0,380.0,379.0,378.0,378.0,377.0,377.0,377.0,376.0,376.0,376.0,376.0,375.0,375.0,375.0,375.0,375.0,375.0,375.0,375.0
real,300,gulf,8,LSTM-rec,2,crossing,4,145,448,0.22139523179946582,447.0,447.0,446.0,446.0,446.0,446.0,446.0,446.0,446.0,446.0,446.0,446.0,446.0,446.0,446.0,446.0,446.0,446.0,446.0,446.0
real,300,gulf,8,LSTM-rec,2,crossing,5,173,58,0.9222179702465199,57.0,56.0,55.0,55.0,54.0,54.0,53.0,53.0,53.0,52.0,52.0,52.0,52.0,52.0,52.0,52.0,52.0,52.0,52.0,52.0
real,300,gulf,8,LSTM-rec,2,crossing,6,182,136,0.5048361242184066,135.0,135.0,134.0,134.0,134.0,134.0,134.0,134.0,134.0,134.0,134.0,134.0,134.0,134.0,134.0,134.0,134.0,134.0,134.0,134.0
real,300,gulf,8,LSTM-rec,2,crossing,7,200,48,0.6428980190146993,48.0,47.0,43.0,42.0,41.0,41.0,41.0,40.0,40.0,40.0,40.0,40.0,40.0,40.0,40.0,40.0,40.0,40.0,40.0,40.0
real,300,gulf,8,LSTM-rec,2,crossing,8,257,11,0.4898595356629877,10.0,9.0,9.0,8.0,8.0,8.0,8.0,8.0,8.0,8.0,8.0,8.0,8.0,8.0,8.0,8.0,8.0,8.0,8.0,8.0
real,300,gulf,8,LSTM-rec,2,crossing,9,274,15,0.47961229038257874,14.0,13.0,13.0,13.0,13.0,12.0,12.0,12.0,12.0,12.0,12.0,12.0,12.0,12.0,12.0,12.0,12.0,12.0,12.0,12.0
real,300,gulf,8,LSTM-rec,2,crossing,10,277,103,1.0133525018976584,102.0,101.0,100.0,100.0,99.0,99.0,99.0,98.0,98.0,98.0,98.0,98.0,98.0,98.0,98.0,98.0,98.0,98.0,98.0,98.0
real,300,gulf,8,LSTM-rec,2,crossing,11,309,20,1.6481789716474171,19.0,18.0,17.0,17.0,16.0,16.0,15.0,15.0,14.0,14.0,14.0,14.0,14.0,14.0,14.0,14.0,14.0,14.0,14.0,14.0
real,300,gulf,8,LSTM-rec,2,crossing,12,373,216,0.18997958713922472,216.0,215.0,215.0,214.0,214.0,214.0,214.0,214.0,214.0,214.0,214.0,214.0,214.0,214.0,214.0,214.0,214.0,214.0,214.0,214.0
real,300,gulf,8,LSTM-rec,2,crossing,13,394,169,1.0706275373090541,168.0,166.0,165.0,164.0,164.0,163.0,163.0,163.0,162.0,162.0,162.0,162.0,162.0,161.0,161.0,161.0,161.0,161.0,161.0,161.0
real,300,gulf,8,LSTM-rec,2,crossing,14,407,205,0.8583357455416284,204.0,204.0,203.0,203.0,203.0,202.0,202.0,202.0,202.0,202.0,202.0,202.0,202.0,202.0,202.0,202.0,202.0,202.0,202.0,202.0
real,300,gulf,8,LSTM-rec,2,crossing,15,409,58,0.9185416608723219,57.0,42.0,42.0,41.0,41.0,40.0,40.0,40.0,40.0,39.0,39.0,39.0,39.0,39.0,39.0,39.0,39.0,39.0,39.0,39.0
real,300,gulf,8,LSTM-rec,2,crossing,16,413,316,0.4270002569880942,316.0,315.0,314.0,313.0,313.0,312.0,312.0,312.0,311.0,311.0,311.0,311.0,311.0,311.0,310.0,310.0,310.0,310.0,310.0,310.0
real,300,gulf,8,LSTM-rec,2,crossing,17,419,122,1.381933211240309,121.0,120.0,120.0,119.0,119.0,118.0,118.0,117.0,117.0,117.0,116.0,116.0,116.0,116.0,116.0,116.0,116.0,116.0,116.0,116.0
real,300,gulf,8,LSTM-rec,2,crossing,18,438,83,0.8456863371826169,82.0,81.0,81.0,80.0,80.0,79.0,79.0,79.0,78.0,78.0,78.0,78.0,78.0,78.0,78.0,78.0,78.0,78.0,78.0,78.0
real,300,gulf,8,LSTM-rec,2,crossing,19,449,107,0.7252759973203549,106.0,105.0,105.0,104.0,103.0,103.0,103.0,103.0,103.0,103.0,103.0,103.0,103.0,103.0,103.0,103.0,103.0,103.0,103.0,103.0
real,300,gulf,8,LSTM-ms,2,buffer,0,8,168,0.5632914606780262,168.0,167.0,166.0,166.0,165.0,164.0,164.0,163.0,163.0,163.0,163.0,162.0,162.0,162.0,162.0,162.0,162.0,162.0,162.0,161.0
real,300,gulf,8,LSTM-ms,2,buffer,1,19,398,0.8917053415156226,396.0,395.0,395.0,394.0,394.0,394.0,393.0,393.0,393.0,393.0,392.0,392.0,392.0,392.0,392.0,379.0,378.0,378.0,378.0,377.0
real,300,gulf,8,LSTM-ms,2,buffer,2,20,504,0.2341189693571953,504.0,503.0,502.0,501.0,501.0,500.0,500.0,499.0,499.0,498.0,498.0,497.0,497.0,496.0,496.0,495.0,495.0,495.0,494.0,494.0
real,300,gulf,8,LSTM-ms,2,buffer,3,49,381,0.3680385695503958,379.0,378.0,378.0,377.0,377.0,376.0,376.0,375.0,375.0,374.0,374.0,374.0,373.0,373.0,372.0,372.0,371.0,371.0,371.0,370.0
real,300,gulf,8,LSTM-ms,2,buffer,4,145,448,0.22139523179946582,447.0,447.0,446.0,445.0,445.0,444.0,188.0,187.0,187.0,186.0,186.0,185.0,185.0,184.0,183.0,183.0,182.0,182.0,182.0,181.0
real,300,gulf,8,LSTM-ms,2,buffer,5,173,58,0.9222179702465199,55.0,54.0,53.0,53.0,52.0,52.0,51.0,51.0,50.0,50.0,49.0,49.0,48.0,48.0,47.0,47.0,47.0,46.0,46.0,45.0
real,300,gulf,8,LSTM-ms,2,buffer,6,182,136,0.5048361242184066,128.0,128.0,127.0,126.0,126.0,126.0,126.0,125.0,122.0,121.0,121.0,120.0,119.0,119.0,118.0,118.0,117.0,117.0,117.0,116.0
real,300,gulf,8,LSTM-ms,2,buffer,7,200,48,0.6428980190146993,43.0,42.0,41.0,41.0,41.0,40.0,40.0,40.0,40.0,39.0,39.0,39.0,39.0,39.0,39.0,38.0,38.0,38.0,38.0,38.0
real,300,gulf,8,LSTM-ms,2,buffer,8,257,11,0.4898595356629877,6.0,6.0,6.0,6.0,6.0,6.0,6.0,6.0,6.0,6.0,6.0,6.0,6.0,6.0,6.0,6.0,6.0,6.0,6.0,6.0
real,300,gulf,8,LSTM-ms,2,buffer,9,274,15,0.47961229038257874,10.0,10.0,10.0,10.0,8.0,8.0,8.0,8.0,8.0,8.0,8.0,8.0,8.0,8.0,8.0,8.0,8.0,8.0,8.0,8.0
real,300,gulf,8,LSTM-ms,2,buffer,10,277,103,1.0133525018976584,99.0,99.0,98.0,97.0,96.0,96.0,95.0,95.0,94.0,94.0,93.0,93.0,92.0,92.0,91.0,91.0,91.0,90.0,90.0,90.0
real,300,gulf,8,LSTM-ms,2,buffer,11,309,20,1.6481789716474171,17.0,16.0,15.0,14.0,14.0,13.0,13.0,12.0,11.0,11.0,10.0,10.0,9.0,9.0,9.0,8.0,8.0,7.0,7.0,7.0
real,300,gulf,8,LSTM-ms,2,buffer,12,373,216,0.18997958713922472,216.0,215.0,214.0,214.0,213.0,213.0,212.0,212.0,134.0,133.0,133.0,132.0,132.0,131.0,131.0,131.0,130.0,130.0,130.0,130.0
real,300,gulf,8,LSTM-ms,2,buffer,13,394,169,1.0706275373090541,165.0,164.0,164.0,163.0,162.0,162.0,161.0,161.0,160.0,160.0,159.0,159.0,158.0,158.0,157.0,157.0,156.0,156.0,156.0,155.0
real,300,gulf,8,LSTM-ms,2,buffer,14,407,205,0.8583357455416284,198.0,197.0,196.0,196.0,195.0,194.0,193.0,193.0,192.0,192.0,191.0,190.0,190.0,189.0,189.0,188.0,188.0,188.0,187.0,187.0
real,300,gulf,8,LSTM-ms,2,buffer,15,409,58,0.9185416608723219,41.0,41.0,40.0,40.0,39.0,39.0,39.0,39.0,38.0,38.0,32.0,31.0,31.0,31.0,30.0,30.0,30.0,30.0,30.0,30.0
real,300,gulf,8,LSTM-ms,2,buffer,16,413,316,0.4270002569880942,314.0,313.0,313.0,312.0,311.0,311.0,310.0,310.0,309.0,309.0,309.0,308.0,308.0,308.0,308.0,308.0,308.0,307.0,307.0,307.0
real,300,gulf,8,LSTM-ms,2,buffer,17,419,122,1.381933211240309,119.0,119.0,118.0,117.0,117.0,116.0,116.0,115.0,115.0,114.0,114.0,113.0,113.0,112.0,112.0,112.0,111.0,111.0,111.0,110.0
real,300,gulf,8,LSTM-ms,2,buffer,18,438,83,0.8456863371826169,82.0,82.0,81.0,80.0,80.0,79.0,78.0,78.0,77.0,77.0,76.0,76.0,76.0,75.0,75.0,74.0,74.0,74.0,73.0,73.0
real,300,gulf,8,LSTM-ms,2,buffer,19,449,107,0.7252759973203549,102.0,102.0,101.0,100.0,100.0,99.0,98.0,98.0,97.0,97.0,96.0,96.0,95.0,95.0,94.0,94.0,93.0,93.0,93.0,92.0
real,300,gulf,8,LSTM-ms,2,crossing,0,8,168,0.5632914606780262,168.0,167.0,166.0,166.0,165.0,164.0,164.0,163.0,163.0,163.0,163.0,162.0,162.0,162.0,162.0,162.0,162.0,162.0,162.0,161.0
real,300,gulf,8,LSTM-ms,2,crossing,1,19,398,0.8917053415156226,397.0,397.0,396.0,396.0,396.0,395.0,395.0,395.0,395.0,394.0,394.0,394.0,394.0,393.0,393.0,393.0,393.0,393.0,393.0,393.0
real,300,gulf,8,LSTM-ms,2,crossing,2,20,504,0.2341189693571953,504.0,503.0,502.0,501.0,501.0,500.0,500.0,499.0,499.0,498.0,498.0,497.0,497.0,496.0,496.0,495.0,495.0,495.0,494.0,494.0
real,300,gulf,8,LSTM-ms,2,crossing,3,49,381,0.3680385695503958,381.0,380.0,379.0,379.0,378.0,378.0,377.0,377.0,376.0,376.0,375.0,375.0,375.0,374.0,374.0,374.0,373.0,373.0,372.0,372.0
real,300,gulf,8,LSTM-ms,2,crossing,4,145,448,0.22139523179946582,447.0,447.0,446.0,445.0,445.0,444.0,188.0,187.0,187.0,186.0,186.0,185.0,185.0,184.0,183.0,183.0,182.0,182.0,182.0,181.0
real,300,gulf,8,LSTM-ms,2,crossing,5,173,58,0.9222179702465199,57.0,56.0,55.0,55.0,54.0,54.0,53.0,53.0,52.0,52.0,51.0,51.0,50.0,50.0,49.0,49.0,49.0,48.0,48.0,47.0
real,300,gulf,8,LSTM-ms,2,crossing,6,182,136,0.5048361242184066,135.0,135.0,134.0,133.0,131.0,131.0,130.0,129.0,129.0,128.0,128.0,128.0,128.0,127.0,127.0,127.0,126.0,126.0,126.0,126.0
real,300,gulf,8,LSTM-ms,2,crossing,7,200,48,0.6428980190146993,48.0,47.0,43.0,42.0,42.0,41.0,41.0,41.0,41.0,40.0,40.0,40.0,40.0,40.0,40.0,39.0,39.0,39.0,39.0,39.0
real,300,gulf,8,LSTM-ms,2,crossing,8,257,11,0.4898595356629877,10.0,9.0,9.0,8.0,7.0,7.0,6.0,6.0,6.0,6.0,6.0,6.0,6.0,6.0,6.0,6.0,6.0,6.0,6.0,6.0
real,300,gulf,8,LSTM-ms,2,crossing,9,274,15,0.47961229038257874,14.0,14.0,13.0,13.0,12.0,12.0,12.0,12.0,11.0,11.0,11.0,11.0,11.0,11.0,11.0,11.0,10.0,10.0,10.0,10.0
real,300,gulf,8,LSTM-ms,2,crossing,10,277,103,1.0133525018976584,102.0,101.0,100.0,100.0,99.0,99.0,98.0,98.0,97.0,96.0,96.0,95.0,95.0,94.0,94.0,93.0,93.0,93.0,92.0,92.0
real,300,gulf,8,LSTM-ms,2,crossing,11,309,20,1.6481789716474171,19.0,18.0,17.0,17.0,16.0,15.0,15.0,14.0,14.0,13.0,13.0,12.0,11.0,11.0,11.0,10.0,10.0,9.0,9.0,9.0
real,300,gulf,8,LSTM-ms,2,crossing,12,373,216,0.18997958713922472,216.0,215.0,214.0,214.0,213.0,213.0,212.0,212.0,134.0,133.0,133.0,132.0,132.0,131.0,131.0,131.0,130.0,130.0,130.0,130.0
real,300,gulf,8,LSTM-ms,2,crossing,13,394,169,1.0706275373090541,168.0,166.0,165.0,164.0,164.0,163.0,163.0,163.0,162.0,162.0,161.0,161.0,160.0,160.0,159.0,159.0,158.0,158.0,158.0,157.0
real,300,gulf,8,LSTM-ms,2,crossing,14,407,205,0.8583357455416284,204.0,204.0,203.0,202.0,202.0,201.0,201.0,200.0,200.0,199.0,199.0,198.0,196.0,196.0,195.0,194.0,193.0,193.0,192.0,192.0
real,300,gulf,8,LSTM-ms,2,crossing,15,409,58,0.9185416608723219,57.0,43.0,42.0,41.0,41.0,41.0,40.0,40.0,40.0,39.0,39.0,39.0,39.0,39.0,39.0,32.0,31.0,31.0,31.0,31.0
real,300,gulf,8,LSTM-ms,2,crossing,16,413,316,0.4270002569880942,316.0,315.0,314.0,314.0,313.0,312.0,312.0,311.0,311.0,310.0,310.0,309.0,309.0,309.0,309.0,309.0,308.0,308.0,308.0,308.0
real,300,gulf,8,LSTM-ms,2,crossing,17,419,122,1.381933211240309,121.0,121.0,120.0,119.0,119.0,118.0,118.0,117.0,117.0,116.0,116.0,115.0,115.0,114.0,114.0,114.0,113.0,113.0,112.0,112.0
real,300,gulf,8,LSTM-ms,2,crossing,18,438,83,0.8456863371826169,82.0,82.0,81.0,80.0,80.0,79.0,78.0,78.0,77.0,77.0,76.0,76.0,76.0,75.0,75.0,74.0,74.0,74.0,73.0,73.0
real,300,gulf,8,LSTM-ms,2,crossing,19,449,107,0.7252759973203549,106.0,105.0,104.0,104.0,103.0,102.0,102.0,101.0,101.0,100.0,99.0,99.0,98.0,98.0,97.0,97.0,97.0,96.0,96.0,96.0
real,300,gulf,8,LSTM-rec,3,buffer,0,8,168,0.5632914606780262,168.0,167.0,166.0,165.0,165.0,164.0,163.0,163.0,162.0,162.0,161.0,161.0,161.0,161.0,160.0,160.0,160.0,136.0,136.0,136.0
real,300,gulf,8,LSTM-rec,3,buffer,1,19,398,0.8917053415156226,396.0,395.0,394.0,393.0,393.0,392.0,392.0,392.0,392.0,392.0,391.0,391.0,384.0,384.0,377.0,376.0,376.0,376.0,376.0,376.0
real,300,gulf,8,LSTM-rec,3,buffer,2,20,504,0.2341189693571953,503.0,503.0,502.0,501.0,500.0,499.0,498.0,497.0,497.0,496.0,495.0,495.0,494.0,493.0,493.0,492.0,491.0,491.0,490.0,489.0
real,300,gulf,8,LSTM-rec,3,buffer,3,49,381,0.3680385695503958,379.0,378.0,377.0,377.0,376.0,375.0,375.0,374.0,374.0,373.0,373.0,372.0,372.0,371.0,371.0,371.0,370.0,370.0,369.0,369.0
real,300,gulf,8,LSTM-rec,3,buffer,4,145,448,0.22139523179946582,447.0,446.0,445.0,445.0,444.0,187.0,186.0,186.0,185.0,184.0,183.0,182.0,181.0,181.0,180.0,179.0,178.0,178.0,177.0,176.0
real,300,gulf,8,LSTM-rec,3,buffer,5,173,58,0.9222179702465199,55.0,54.0,53.0,52.0,52.0,51.0,50.0,50.0,49.0,48.0,48.0,47.0,47.0,46.0,46.0,45.0,45.0,44.0,44.0,44.0
real,300,gulf,8,LSTM-rec,3,buffer,6,182,136,0.5048361242184066,128.0,127.0,126.0,125.0,125.0,122.0,121.0,120.0,119.0,117.0,117.0,116.0,116.0,115.0,113.0,112.0,112.0,111.0,111.0,110.0
real,300,gulf,8,LSTM-rec,3,buffer,7,200,48,0.6428980190146993,42.0,42.0,41.0,40.0,40.0,39.0,39.0,39.0,38.0,38.0,38.0,38.0,38.0,38.0,37.0,37.0,37.0,32.0,32.0,32.0
real,300,gulf,8,LSTM-rec,3,buffer,8,257,11,0.4898595356629877,6.0,6.0,6.0,6.0,6.0,6.0,6.0,6.0,6.0,6.0,6.0,6.0,6.0,6.0,6.0,6.0,6.0,6.0,6.0,6.0
real,300,gulf,8,LSTM-rec,3,buffer,9,274,15,0.47961229038257874,10.0,8.0,8.0,8.0,8.0,8.0,6.0,6.0,6.0,6.0,6.0,6.0,6.0,6.0,6.0,6.0,6.0,6.0,6.0,6.0
real,300,gulf,8,LSTM-rec,3,buffer,10,277,103,1.0133525018976584,99.0,98.0,97.0,97.0,96.0,95.0,94.0,93.0,92.0,92.0,91.0,91.0,90.0,89.0,89.0,88.0,88.0,87.0,87.0,86.0
real,300,gulf,8,LSTM-rec,3,buffer,11,309,20,1.6481789716474171,16.0,16.0,15.0,14.0,13.0,12.0,11.0,11.0,10.0,10.0,9.0,8.0,8.0,7.0,7.0,6.0,6.0,6.0,6.0,6.0
real,300,gulf,8,LSTM-rec,3,buffer,12,373,216,0.18997958713922472,215.0,215.0,214.0,213.0,212.0,211.0,134.0,132.0,131.0,131.0,130.0,129.0,129.0,128.0,128.0,128.0,127.0,123.0,122.0,122.0
real,300,gulf,8,LSTM-rec,3,buffer,13,394,169,1.0706275373090541,165.0,164.0,163.0,162.0,162.0,161.0,160.0,160.0,159.0,159.0,158.0,157.0,157.0,156.0,156.0,155.0,155.0,155.0,154.0,154.0
real,300,gulf,8,LSTM-rec,3,buffer,14,407,205,0.8583357455416284,198.0,197.0,196.0,195.0,193.0,192.0,191.0,190.0,190.0,189.0,188.0,187.0,186.0,185.0,185.0,184.0,183.0,182.0,181.0,181.0
real,300,gulf,8,LSTM-rec,3,buffer,15,409,58,0.9185416608723219,41.0,40.0,40.0,39.0,38.0,38.0,38.0,38.0,38.0,32.0,30.0,30.0,29.0,29.0,29.0,28.0,28.0,28.0,28.0,28.0
real,300,gulf,8,LSTM-rec,3,buffer,16,413,316,0.4270002569880942,314.0,313.0,312.0,311.0,311.0,310.0,310.0,309.0,308.0,308.0,307.0,307.0,307.0,306.0,306.0,306.0,306.0,306.0,306.0,306.0
real,300,gulf,8,LSTM-rec,3,buffer,17,419,122,1.381933211240309,119.0,118.0,118.0,117.0,116.0,116.0,115.0,114.0,114.0,113.0,112.0,112.0,111.0,111.0,111.0,110.0,110.0,109.0,109.0,108.0
real,300,gulf,8,LSTM-rec,3,buffer,18,438,83,0.8456863371826169,82.0,81.0,80.0,80.0,79.0,78.0,78.0,77.0,77.0,76.0,76.0,75.0,75.0,74.0,74.0,73.0,73.0,73.0,72.0,72.0
real,300,gulf,8,LSTM-rec,3,buffer,19,449,107,0.7252759973203549,102.0,101.0,101.0,100.0,99.0,98.0,97.0,96.0,96.0,95.0,95.0,94.0,93.0,92.0,92.0,91.0,91.0,90.0,89.0,89.0
real,300,gulf,8,LSTM-rec,3,crossing,0,8,168,0.5632914606780262,168.0,167.0,166.0,165.0,165.0,164.0,163.0,163.0,162.0,162.0,161.0,161.0,161.0,161.0,160.0,160.0,160.0,136.0,136.0,136.0
real,300,gulf,8,LSTM-rec,3,crossing,1,19,398,0.8917053415156226,397.0,396.0,396.0,396.0,395.0,395.0,394.0,393.0,393.0,393.0,392.0,392.0,392.0,392.0,392.0,392.0,391.0,384.0,384.0,377.0
real,300,gulf,8,LSTM-rec,3,crossing,2,20,504,0.2341189693571953,503.0,503.0,502.0,501.0,500.0,499.0,498.0,497.0,497.0,496.0,495.0,495.0,494.0,493.0,493.0,492.0,491.0,491.0,490.0,489.0
real,300,gulf,8,LSTM-rec,3,crossing,3,49,381,0.3680385695503958,381.0,380.0,379.0,378.0,378.0,377.0,376.0,376.0,375.0,375.0,374.0,374.0,374.0,373.0,373.0,372.0,372.0,372.0,371.0,371.0
real,300,gulf,8,LSTM-rec,3,crossing,4,145,448,0.22139523179946582,447.0,446.0,445.0,445.0,444.0,187.0,186.0,186.0,185.0,184.0,183.0,182.0,181.0,181.0,180.0,179.0,178.0,178.0,177.0,176.0
real,300,gulf,8,LSTM-rec,3,crossing,5,173,58,0.9222179702465199,57.0,56.0,55.0,54.0,54.0,53.0,52.0,52.0,51.0,51.0,50.0,49.0,49.0,48.0,48.0,47.0,47.0,46.0,46.0,46.0
real,300,gulf,8,LSTM-rec,3,crossing,6,182,136,0.5048361242184066,135.0,134.0,133.0,131.0,130.0,128.0,128.0,127.0,126.0,126.0,125.0,125.0,121.0,121.0,119.0,118.0,117.0,116.0,116.0,116.0
real,300,gulf,8,LSTM-rec,3,crossing,7,200,48,0.6428980190146993,48.0,43.0,42.0,42.0,41.0,41.0,40.0,40.0,40.0,39.0,39.0,39.0,38.0,38.0,38.0,38.0,38.0,38.0,38.0,37.0
real,300,gulf,8,LSTM-rec,3,crossing,8,257,11,0.4898595356629877,10.0,9.0,8.0,7.0,7.0,6.0,6.0,6.0,6.0,6.0,6.0,6.0,6.0,6.0,6.0,6.0,6.0,6.0,6.0,6.0
real,300,gulf,8,LSTM-rec,3,crossing,9,274,15,0.47961229038257874,14.0,13.0,12.0,12.0,11.0,11.0,10.0,10.0,10.0,8.0,8.0,8.0,8.0,8.0,8.0,8.0,6.0,6.0,6.0,6.0
real,300,gulf,8,LSTM-rec,3,crossing,10,277,103,1.0133525018976584,102.0,101.0,100.0,99.0,98.0,98.0,97.0,96.0,95.0,95.0,94.0,93.0,92.0,92.0,91.0,91.0,90.0,90.0,89.0,89.0
real,300,gulf,8,LSTM-rec,3,crossing,11,309,20,1.6481789716474171,19.0,18.0,17.0,16.0,15.0,15.0,14.0,13.0,12.0,12.0,11.0,10.0,10.0,9.0,9.0,8.0,8.0,7.0,7.0,6.0
real,300,gulf,8,LSTM-rec,3,crossing,12,373,216,0.18997958713922472,215.0,215.0,214.0,213.0,212.0,211.0,134.0,132.0,131.0,131.0,130.0,129.0,129.0,128.0,128.0,128.0,127.0,123.0,122.0,122.0
real,300,gulf,8,LSTM-rec,3,crossing,13,394,169,1.0706275373090541,168.0,166.0,165.0,164.0,163.0,163.0,162.0,162.0,161.0,160.0,160.0,159.0,159.0,158.0,158.0,157.0,157.0,156.0,156.0,155.0
real,300,gulf,8,LSTM-rec,3,crossing,14,407,205,0.8583357455416284,204.0,203.0,202.0,201.0,200.0,200.0,199.0,198.0,196.0,195.0,193.0,192.0,191.0,191.0,190.0,189.0,188.0,187.0,186.0,186.0
real,300,gulf,8,LSTM-rec,3,crossing,15,409,58,0.9185416608723219,43.0,42.0,42.0,41.0,40.0,40.0,39.0,39.0,38.0,38.0,38.0,38.0,38.0,32.0,30.0,29.0,29.0,29.0,29.0,28.0
real,300,gulf,8,LSTM-rec,3,crossing,16,413,316,0.4270002569880942,316.0,315.0,314.0,313.0,312.0,312.0,311.0,311.0,310.0,310.0,309.0,309.0,308.0,308.0,307.0,307.0,307.0,307.0,306.0,306.0
real,300,gulf,8,LSTM-rec,3,crossing,17,419,122,1.381933211240309,121.0,120.0,119.0,119.0,118.0,117.0,117.0,116.0,116.0,115.0,115.0,114.0,113.0,113.0,112.0,112.0,111.0,111.0,111.0,110.0
real,300,gulf,8,LSTM-rec,3,crossing,18,438,83,0.8456863371826169,82.0,81.0,80.0,80.0,79.0,78.0,78.0,77.0,77.0,76.0,76.0,75.0,75.0,74.0,74.0,73.0,73.0,73.0,72.0,72.0
real,300,gulf,8,LSTM-rec,3,crossing,19,449,107,0.7252759973203549,106.0,105.0,104.0,103.0,102.0,101.0,101.0,100.0,99.0,98.0,97.0,97.0,96.0,96.0,95.0,95.0,94.0,93.0,93.0,92.0
real,300,gulf,8,LSTM-ms,3,buffer,0,8,168,0.5632914606780262,168.0,167.0,167.0,166.0,166.0,165.0,165.0,164.0,164.0,164.0,163.0,163.0,163.0,163.0,163.0,162.0,162.0,162.0,162.0,162.0
real,300,gulf,8,LSTM-ms,3,buffer,1,19,398,0.8917053415156226,396.0,395.0,395.0,395.0,394.0,394.0,394.0,394.0,394.0,393.0,393.0,393.0,393.0,393.0,393.0,393.0,393.0,393.0,393.0,392.0
real,300,gulf,8,LSTM-ms,3,buffer,2,20,504,0.2341189693571953,504.0,503.0,503.0,503.0,502.0,502.0,502.0,502.0,501.0,501.0,501.0,500.0,500.0,500.0,499.0,499.0,499.0,498.0,498.0,498.0
real,300,gulf,8,LSTM-ms,3,buffer,3,49,381,0.3680385695503958,379.0,379.0,378.0,378.0,377.0,377.0,376.0,376.0,376.0,375.0,375.0,375.0,374.0,374.0,374.0,374.0,373.0,373.0,373.0,372.0
real,300,gulf,8,LSTM-ms,3,buffer,4,145,448,0.22139523179946582,448.0,447.0,447.0,447.0,447.0,447.0,447.0,446.0,446.0,446.0,446.0,445.0,445.0,188.0,188.0,187.0,187.0,187.0,187.0,186.0
real,300,gulf,8,LSTM-ms,3,buffer,5,173,58,0.9222179702465199,55.0,54.0,54.0,53.0,53.0,53.0,52.0,52.0,51.0,51.0,51.0,50.0,50.0,50.0,49.0,49.0,49.0,48.0,48.0,48.0
real,300,gulf,8,LSTM-ms,3,buffer,6,182,136,0.5048361242184066,128.0,128.0,128.0,128.0,128.0,128.0,127.0,127.0,127.0,127.0,127.0,127.0,127.0,126.0,126.0,126.0,126.0,126.0,126.0,126.0
real,300,gulf,8,LSTM-ms,3,buffer,7,200,48,0.6428980190146993,43.0,42.0,42.0,41.0,41.0,41.0,40.0,40.0,40.0,40.0,40.0,40.0,39.0,39.0,39.0,39.0,39.0,39.0,39.0,39.0
real,300,gulf,8,LSTM-ms,3,buffer,8,257,11,0.4898595356629877,6.0,6.0,6.0,6.0,6.0,6.0,6.0,6.0,6.0,6.0,6.0,6.0,6.0,6.0,6.0,6.0,6.0,6.0,6.0,6.0
real,300,gulf,8,LSTM-ms,3,buffer,9,274,15,0.47961229038257874,10.0,10.0,10.0,10.0,10.0,10.0,10.0,10.0,10.0,10.0,10.0,10.0,10.0,10.0,10.0,10.0,10.0,10.0,10.0,10.0
real,300,gulf,8,LSTM-ms,3,buffer,10,277,103,1.0133525018976584,99.0,99.0,98.0,98.0,97.0,97.0,97.0,96.0,96.0,96.0,95.0,95.0,94.0,94.0,94.0,93.0,93.0,93.0,93.0,92.0
real,300,gulf,8,LSTM-ms,3,buffer,11,309,20,1.6481789716474171,17.0,16.0,16.0,15.0,15.0,14.0,14.0,13.0,13.0,12.0,12.0,12.0,11.0,11.0,10.0,10.0,10.0,10.0,9.0,9.0
real,300,gulf,8,LSTM-ms,3,buffer,12,373,216,0.18997958713922472,216.0,216.0,215.0,215.0,215.0,215.0,215.0,215.0,214.0,214.0,214.0,214.0,214.0,213.0,213.0,213.0,213.0,212.0,212.0,212.0
real,300,gulf,8,LSTM-ms,3,buffer,13,394,169,1.0706275373090541,165.0,164.0,164.0,163.0,163.0,163.0,162.0,162.0,161.0,161.0,161.0,160.0,160.0,160.0,159.0,159.0,159.0,158.0,158.0,158.0
real,300,gulf,8,LSTM-ms,3,buffer,14,407,205,0.8583357455416284,199.0,198.0,198.0,198.0,198.0,198.0,197.0,197.0,196.0,196.0,196.0,195.0,195.0,195.0,194.0,193.0,193.0,193.0,193.0,192.0
real,300,gulf,8,LSTM-ms,3,buffer,15,409,58,0.9185416608723219,41.0,41.0,40.0,40.0,40.0,40.0,39.0,39.0,39.0,39.0,39.0,39.0,39.0,38.0,38.0,32.0,31.0,31.0,31.0,30.0
real,300,gulf,8,LSTM-ms,3,buffer,16,413,316,0.4270002569880942,314.0,313.0,313.0,312.0,312.0,312.0,311.0,311.0,310.0,310.0,310.0,309.0,309.0,309.0,309.0,308.0,308.0,308.0,308.0,308.0
real,300,gulf,8,LSTM-ms,3,buffer,17,419,122,1.381933211240309,120.0,119.0,118.0,118.0,118.0,117.0,117.0,116.0,116.0,116.0,115.0,115.0,115.0,114.0,114.0,114.0,113.0,113.0,113.0,112.0
real,300,gulf,8,LSTM-ms,3,buffer,18,438,83,0.8456863371826169,82.0,82.0,81.0,81.0,80.0,80.0,80.0,79.0,79.0,78.0,78.0,78.0,77.0,77.0,77.0,76.0,76.0,76.0,76.0,75.0
real,300,gulf,8,LSTM-ms,3,buffer,19,449,107,0.7252759973203549,103.0,102.0,102.0,101.0,101.0,100.0,100.0,100.0,99.0,99.0,99.0,98.0,98.0,98.0,97.0,97.0,97.0,96.0,96.0,96.0
real,300,gulf,8,LSTM-ms,3,crossing,0,8,168,0.5632914606780262,168.0,167.0,167.0,166.0,166.0,165.0,165.0,164.0,164.0,164.0,163.0,163.0,163.0,163.0,163.0,162.0,162.0,162.0,162.0,162.0
real,300,gulf,8,LSTM-ms,3,crossing,1,19,398,0.8917053415156226,397.0,397.0,397.0,396.0,396.0,396.0,396.0,396.0,395.0,395.0,395.0,395.0,395.0,395.0,394.0,394.0,394.0,394.0,394.0,394.0
real,300,gulf,8,LSTM-ms,3,crossing,2,20,504,0.2341189693571953,504.0,503.0,503.0,503.0,502.0,502.0,502.0,502.0,501.0,501.0,501.0,500.0,500.0,500.0,499.0,499.0,499.0,498.0,498.0,498.0
real,300,gulf,8,LSTM-ms,3,crossing,3,49,381,0.3680385695503958,381.0,380.0,380.0,379.0,379.0,378.0,378.0,378.0,377.0,377.0,377.0,376.0,376.0,376.0,375.0,375.0,375.0,374.0,374.0,374.0
real,300,gulf,8,LSTM-ms,3,crossing,4,145,448,0.22139523179946582,448.0,447.0,447.0,447.0,447.0,447.0,447.0,446.0,446.0,446.0,446.0,445.0,445.0,188.0,188.0,187.0,187.0,187.0,187.0,186.0
real,300,gulf,8,LSTM-ms,3,crossing,5,173,58,0.9222179702465199,57.0,56.0,56.0,55.0,55.0,55.0,54.0,54.0,53.0,53.0,53.0,52.0,52.0,52.0,51.0,51.0,51.0,51.0,50.0,50.0
real,300,gulf,8,LSTM-ms,3,crossing,6,182,136,0.5048361242184066,135.0,135.0,135.0,135.0,135.0,135.0,135.0,135.0,135.0,135.0,134.0,134.0,134.0,131.0,131.0,130.0,130.0,129.0,129.0,129.0
real,300,gulf,8,LSTM-ms,3,crossing,7,200,48,0.6428980190146993,48.0,47.0,43.0,43.0,42.0,42.0,42.0,41.0,41.0,41.0,41.0,41.0,40.0,40.0,40.0,40.0,40.0,40.0,40.0,40.0
real,300,gulf,8,LSTM-ms,3,crossing,8,257,11,0.4898595356629877,10.0,10.0,10.0,9.0,9.0,9.0,9.0,8.0,8.0,8.0,7.0,7.0,7.0,6.0,6.0,6.0,6.0,6.0,6.0,6.0
real,300,gulf,8,LSTM-ms,3,crossing,9,274,15,0.47961229038257874,15.0,14.0,14.0,13.0,13.0,13.0,13.0,13.0,13.0,12.0,12.0,12.0,12.0,12.0,12.0,12.0,12.0,12.0,12.0,12.0
real,300,gulf,8,LSTM-ms,3,crossing,10,277,103,1.0133525018976584,102.0,101.0,101.0,101.0,100.0,100.0,99.0,99.0,99.0,98.0,98.0,98.0,97.0,97.0,97.0,96.0,96.0,96.0,95.0,95.0
real,300,gulf,8,LSTM-ms,3,crossing,11,309,20,1.6481789716474171,19.0,18.0,18.0,17.0,17.0,16.0,16.0,16.0,15.0,15.0,14.0,14.0,13.0,13.0,13.0,12.0,12.0,12.0,11.0,11.0
real,300,gulf,8,LSTM-ms,3,crossing,12,373,216,0.18997958713922472,216.0,216.0,215.0,215.0,215.0,215.0,215.0,215.0,214.0,214.0,214.0,214.0,214.0,213.0,213.0,213.0,213.0,212.0,212.0,212.0
real,300,gulf,8,LSTM-ms,3,crossing,13,394,169,1.0706275373090541,168.0,166.0,165.0,165.0,165.0,164.0,164.0,163.0,163.0,163.0,162.0,162.0,162.0,161.0,161.0,161.0,160.0,160.0,160.0,160.0
real,300,gulf,8,LSTM-ms,3,crossing,14,407,205,0.8583357455416284,205.0,204.0,204.0,204.0,203.0,203.0,203.0,203.0,203.0,203.0,202.0,202.0,202.0,202.0,202.0,201.0,201.0,201.0,201.0,201.0
real,300,gulf,8,LSTM-ms,3,crossing,15,409,58,0.9185416608723219,57.0,43.0,42.0,42.0,41.0,41.0,41.0,41.0,40.0,40.0,40.0,40.0,40.0,39.0,39.0,39.0,39.0,39.0,39.0,39.0
real,300,gulf,8,LSTM-ms,3,crossing,16,413,316,0.4270002569880942,316.0,315.0,315.0,314.0,314.0,313.0,313.0,312.0,312.0,312.0,311.0,311.0,311.0,310.0,310.0,309.0,309.0,309.0,309.0,309.0
real,300,gulf,8,LSTM-ms,3,crossing,17,419,122,1.381933211240309,121.0,121.0,120.0,120.0,119.0,119.0,118.0,118.0,118.0,117.0,117.0,117.0,116.0,116.0,116.0,116.0,115.0,115.0,115.0,114.0
real,300,gulf,8,LSTM-ms,3,crossing,18,438,83,0.8456863371826169,82.0,82.0,81.0,81.0,80.0,80.0,80.0,79.0,79.0,78.0,78.0,78.0,77.0,77.0,77.0,76.0,76.0,76.0,76.0,75.0
real,300,gulf,8,LSTM-ms,3,crossing,19,449,107,0.7252759973203549,106.0,106.0,105.0,105.0,104.0,104.0,104.0,103.0,103.0,103.0,102.0,102.0,101.0,101.0,101.0,100.0,100.0,100.0,99.0,99.0
real,300,gulf,8,LSTM-rec,4,buffer,0,8,168,0.5632914606780262,168.0,167.0,167.0,166.0,166.0,166.0,166.0,166.0,166.0,166.0,166.0,166.0,166.0,166.0,166.0,166.0,166.0,166.0,166.0,166.0
real,300,gulf,8,LSTM-rec,4,buffer,1,19,398,0.8917053415156226,396.0,395.0,395.0,395.0,395.0,395.0,395.0,395.0,395.0,395.0,395.0,395.0,395.0,395.0,395.0,395.0,395.0,395.0,395.0,395.0
real,300,gulf,8,LSTM-rec,4,buffer,2,20,504,0.2341189693571953,504.0,504.0,503.0,503.0,503.0,503.0,503.0,503.0,503.0,503.0,503.0,503.0,503.0,503.0,503.0,503.0,503.0,503.0,503.0,503.0
real,300,gulf,8,LSTM-rec,4,buffer,3,49,381,0.3680385695503958,379.0,379.0,378.0,378.0,377.0,377.0,377.0,377.0,377.0,377.0,377.0,377.0,377.0,377.0,377.0,377.0,377.0,377.0,377.0,377.0
real,300,gulf,8,LSTM-rec,4,buffer,4,145,448,0.22139523179946582,448.0,447.0,447.0,447.0,447.0,447.0,447.0,447.0,447.0,447.0,447.0,447.0,447.0,447.0,447.0,447.0,447.0,447.0,447.0,447.0
real,300,gulf,8,LSTM-rec,4,buffer,5,173,58,0.9222179702465199,55.0,54.0,54.0,54.0,53.0,53.0,53.0,53.0,53.0,53.0,53.0,53.0,53.0,53.0,53.0,53.0,53.0,53.0,53.0,53.0
real,300,gulf,8,LSTM-rec,4,buffer,6,182,136,0.5048361242184066,128.0,128.0,128.0,128.0,128.0,128.0,128.0,128.0,128.0,128.0,128.0,128.0,128.0,128.0,128.0,128.0,128.0,128.0,128.0,128.0
real,300,gulf,8,LSTM-rec,4,buffer,7,200,48,0.6428980190146993,43.0,42.0,41.0,41.0,41.0,41.0,41.0,41.0,41.0,41.0,41.0,41.0,41.0,41.0,41.0,41.0,41.0,41.0,41.0,41.0
real,300,gulf,8,LSTM-rec,4,buffer,8,257,11,0.4898595356629877,6.0,6.0,6.0,6.0,6.0,6.0,6.0,6.0,6.0,6.0,6.0,6.0,6.0,6.0,6.0,6.0,6.0,6.0,6.0,6.0
real,300,gulf,8,LSTM-rec,4,buffer,9,274,15,0.47961229038257874,10.0,10.0,10.0,10.0,10.0,10.0,10.0,10.0,10.0,10.0,10.0,10.0,10.0,10.0,10.0,10.0,10.0,10.0,10.0,10.0
real,300,gulf,8,LSTM-rec,4,buffer,10,277,103,1.0133525018976584,99.0,99.0,99.0,98.0,98.0,98.0,98.0,98.0,98.0,98.0,98.0,98.0,98.0,98.0,98.0,98.0,98.0,98.0,98.0,98.0
real,300,gulf,8,LSTM-rec,4,buffer,11,309,20,1.6481789716474171,17.0,16.0,16.0,15.0,15.0,15.0,15.0,15.0,15.0,15.0,15.0,15.0,15.0,15.0,15.0,15.0,15.0,15.0,15.0,15.0
real,300,gulf,8,LSTM-rec,4,buffer,12,373,216,0.18997958713922472,216.0,216.0,216.0,216.0,216.0,216.0,216.0,216.0,216.0,216.0,216.0,216.0,216.0,216.0,216.0,216.0,216.0,216.0,216.0,216.0
real,300,gulf,8,LSTM-rec,4,buffer,13,394,169,1.0706275373090541,165.0,164.0,164.0,164.0,163.0,163.0,163.0,163.0,163.0,163.0,163.0,163.0,163.0,163.0,163.0,163.0,163.0,163.0,163.0,163.0
real,300,gulf,8,LSTM-rec,4,buffer,14,407,205,0.8583357455416284,199.0,199.0,199.0,199.0,199.0,199.0,199.0,199.0,199.0,199.0,199.0,199.0,199.0,199.0,199.0,199.0,199.0,199.0,199.0,199.0
real,300,gulf,8,LSTM-rec,4,buffer,15,409,58,0.9185416608723219,41.0,41.0,40.0,40.0,40.0,40.0,40.0,40.0,40.0,40.0,40.0,40.0,40.0,40.0,40.0,40.0,40.0,40.0,40.0,40.0
real,300,gulf,8,LSTM-rec,4,buffer,16,413,316,0.4270002569880942,314.0,313.0,313.0,313.0,312.0,312.0,312.0,312.0,312.0,312.0,312.0,312.0,312.0,312.0,312.0,312.0,312.0,312.0,312.0,312.0
real,300,gulf,8,LSTM-rec,4,buffer,17,419,122,1.381933211240309,119.0,119.0,118.0,118.0,118.0,118.0,118.0,118.0,118.0,118.0,118.0,118.0,118.0,118.0,118.0,118.0,118.0,118.0,118.0,118.0
real,300,gulf,8,LSTM-rec,4,buffer,18,438,83,0.8456863371826169,82.0,82.0,81.0,81.0,81.0,81.0,81.0,81.0,81.0,81.0,81.0,81.0,81.0,81.0,81.0,81.0,81.0,81.0,81.0,81.0
real,300,gulf,8,LSTM-rec,4,buffer,19,449,107,0.7252759973203549,103.0,102.0,102.0,102.0,102.0,102.0,102.0,102.0,102.0,102.0,102.0,102.0,102.0,102.0,102.0,102.0,102.0,102.0,102.0,102.0
real,300,gulf,8,LSTM-rec,4,crossing,0,8,168,0.5632914606780262,168.0,167.0,167.0,166.0,166.0,166.0,166.0,166.0,166.0,166.0,166.0,166.0,166.0,166.0,166.0,166.0,166.0,166.0,166.0,166.0
real,300,gulf,8,LSTM-rec,4,crossing,1,19,398,0.8917053415156226,397.0,397.0,396.0,396.0,396.0,396.0,396.0,396.0,396.0,396.0,396.0,396.0,396.0,396.0,396.0,396.0,396.0,396.0,396.0,396.0
real,300,gulf,8,LSTM-rec,4,crossing,2,20,504,0.2341189693571953,504.0,504.0,503.0,503.0,503.0,503.0,503.0,503.0,503.0,503.0,503.0,503.0,503.0,503.0,503.0,503.0,503.0,503.0,503.0,503.0
real,300,gulf,8,LSTM-rec,4,crossing,3,49,381,0.3680385695503958,381.0,380.0,380.0,379.0,379.0,379.0,379.0,379.0,379.0,379.0,379.0,379.0,379.0,379.0,379.0,379.0,379.0,379.0,379.0,379.0
real,300,gulf,8,LSTM-rec,4,crossing,4,145,448,0.22139523179946582,448.0,447.0,447.0,447.0,447.0,447.0,447.0,447.0,447.0,447.0,447.0,447.0,447.0,447.0,447.0,447.0,447.0,447.0,447.0,447.0
real,300,gulf,8,LSTM-rec,4,crossing,5,173,58,0.9222179702465199,57.0,56.0,56.0,56.0,55.0,55.0,55.0,55.0,55.0,55.0,55.0,55.0,55.0,55.0,55.0,55.0,55.0,55.0,55.0,55.0
real,300,gulf,8,LSTM-rec,4,crossing,6,182,136,0.5048361242184066,135.0,135.0,135.0,135.0,135.0,135.0,135.0,135.0,135.0,135.0,135.0,135.0,135.0,135.0,135.0,135.0,135.0,135.0,135.0,135.0
real,300,gulf,8,LSTM-rec,4,crossing,7,200,48,0.6428980190146993,48.0,48.0,43.0,43.0,42.0,42.0,42.0,42.0,42.0,42.0,42.0,42.0,42.0,42.0,42.0,42.0,42.0,42.0,42.0,42.0
real,300,gulf,8,LSTM-rec,4,crossing,8,257,11,0.4898595356629877,10.0,10.0,10.0,10.0,10.0,10.0,10.0,10.0,10.0,10.0,10.0,10.0,10.0,10.0,10.0,10.0,10.0,10.0,10.0,10.0
real,300,gulf,8,LSTM-rec,4,crossing,9,274,15,0.47961229038257874,14.0,14.0,14.0,14.0,14.0,14.0,14.0,14.0,14.0,14.0,14.0,14.0,14.0,14.0,14.0,14.0,14.0,14.0,14.0,14.0
real,300,gulf,8,LSTM-rec,4,crossing,10,277,103,1.0133525018976584,102.0,101.0,101.0,101.0,101.0,101.0,101.0,101.0,101.0,101.0,101.0,101.0,101.0,101.0,101.0,101.0,101.0,101.0,101.0,101.0
real,300,gulf,8,LSTM-rec,4,crossing,11,309,20,1.6481789716474171,19.0,18.0,18.0,17.0,17.0,17.0,17.0,17.0,17.0,17.0,17.0,17.0,17.0,17.0,17.0,17.0,17.0,17.0,17.0,17.0
real,300,gulf,8,LSTM-rec,4,crossing,12,373,216,0.18997958713922472,216.0,216.0,216.0,216.0,216.0,216.0,216.0,216.0,216.0,216.0,216.0,216.0,216.0,216.0,216.0,216.0,216.0,216.0,216.0,216.0
real,300,gulf,8,LSTM-rec,4,crossing,13,394,169,1.0706275373090541,168.0,166.0,165.0,165.0,165.0,165.0,165.0,165.0,165.0,165.0,165.0,165.0,165.0,165.0,165.0,165.0,165.0,165.0,165.0,165.0
real,300,gulf,8,LSTM-rec,4,crossing,14,407,205,0.8583357455416284,205.0,204.0,204.0,204.0,204.0,204.0,204.0,204.0,204.0,204.0,204.0,204.0,204.0,204.0,204.0,204.0,204.0,204.0,204.0,204.0
real,300,gulf,8,LSTM-rec,4,crossing,15,409,58,0.9185416608723219,57.0,43.0,42.0,42.0,42.0,42.0,42.0,42.0,42.0,42.0,42.0,42.0,42.0,42.0,42.0,42.0,42.0,42.0,42.0,42.0
real,300,gulf,8,LSTM-rec,4,crossing,16,413,316,0.4270002569880942,316.0,315.0,315.0,314.0,314.0,314.0,314.0,314.0,314.0,314.0,314.0,314.0,314.0,314.0,314.0,314.0,314.0,314.0,314.0,314.0
real,300,gulf,8,LSTM-rec,4,crossing,17,419,122,1.381933211240309,121.0,121.0,120.0,120.0,120.0,120.0,120.0,120.0,120.0,120.0,120.0,120.0,120.0,120.0,120.0,120.0,120.0,120.0,120.0,120.0
real,300,gulf,8,LSTM-rec,4,crossing,18,438,83,0.8456863371826169,82.0,82.0,81.0,81.0,81.0,81.0,81.0,81.0,81.0,81.0,81.0,81.0,81.0,81.0,81.0,81.0,81.0,81.0,81.0,81.0
real,300,gulf,8,LSTM-rec,4,crossing,19,449,107,0.7252759973203549,106.0,106.0,105.0,105.0,105.0,105.0,105.0,105.0,105.0,105.0,105.0,105.0,105.0,105.0,105.0,105.0,105.0,105.0,105.0,105.0
real,300,gulf,8,LSTM-ms,4,buffer,0,8,168,0.5632914606780262,168.0,167.0,166.0,165.0,164.0,164.0,163.0,163.0,163.0,162.0,162.0,162.0,162.0,162.0,161.0,161.0,161.0,161.0,161.0,161.0
real,300,gulf,8,LSTM-ms,4,buffer,1,19,398,0.8917053415156226,396.0,395.0,395.0,394.0,394.0,393.0,393.0,393.0,392.0,392.0,392.0,392.0,392.0,392.0,392.0,392.0,379.0,377.0,377.0,377.0
real,300,gulf,8,LSTM-ms,4,buffer,2,20,504,0.2341189693571953,504.0,503.0,502.0,501.0,500.0,500.0,499.0,499.0,498.0,498.0,497.0,497.0,497.0,496.0,496.0,496.0,495.0,495.0,495.0,494.0
real,300,gulf,8,LSTM-ms,4,buffer,3,49,381,0.3680385695503958,379.0,378.0,377.0,377.0,376.0,375.0,375.0,374.0,374.0,374.0,373.0,373.0,372.0,372.0,372.0,371.0,371.0,370.0,370.0,370.0
real,300,gulf,8,LSTM-ms,4,buffer,4,145,448,0.22139523179946582,447.0,447.0,446.0,445.0,445.0,444.0,187.0,187.0,186.0,186.0,186.0,185.0,185.0,184.0,184.0,183.0,183.0,182.0,182.0,182.0
real,300,gulf,8,LSTM-ms,4,buffer,5,173,58,0.9222179702465199,55.0,54.0,53.0,52.0,52.0,51.0,51.0,50.0,50.0,49.0,49.0,48.0,48.0,47.0,47.0,47.0,46.0,46.0,46.0,45.0
real,300,gulf,8,LSTM-ms,4,buffer,6,182,136,0.5048361242184066,128.0,127.0,126.0,126.0,125.0,125.0,125.0,125.0,122.0,121.0,121.0,120.0,120.0,119.0,119.0,118.0,118.0,117.0,117.0,117.0
real,300,gulf,8,LSTM-ms,4,buffer,7,200,48,0.6428980190146993,42.0,42.0,41.0,41.0,40.0,40.0,40.0,40.0,39.0,39.0,39.0,39.0,39.0,38.0,38.0,38.0,38.0,38.0,38.0,38.0
real,300,gulf,8,LSTM-ms,4,buffer,8,257,11,0.4898595356629877,6.0,6.0,6.0,6.0,6.0,6.0,6.0,6.0,6.0,6.0,6.0,6.0,6.0,6.0,6.0,6.0,6.0,6.0,6.0,6.0
real,300,gulf,8,LSTM-ms,4,buffer,9,274,15,0.47961229038257874,10.0,10.0,8.0,8.0,8.0,8.0,8.0,8.0,8.0,8.0,8.0,8.0,8.0,8.0,8.0,8.0,8.0,8.0,8.0,8.0
real,300,gulf,8,LSTM-ms,4,buffer,10,277,103,1.0133525018976584,99.0,98.0,98.0,97.0,96.0,96.0,95.0,94.0,94.0,93.0,93.0,92.0,92.0,92.0,91.0,91.0,91.0,90.0,90.0,90.0
real,300,gulf,8,LSTM-ms,4,buffer,11,309,20,1.6481789716474171,17.0,16.0,15.0,14.0,13.0,13.0,12.0,11.0,11.0,10.0,10.0,10.0,9.0,9.0,8.0,8.0,8.0,7.0,7.0,7.0
real,300,gulf,8,LSTM-ms,4,buffer,12,373,216,0.18997958713922472,216.0,215.0,214.0,214.0,213.0,212.0,212.0,211.0,211.0,133.0,133.0,132.0,132.0,132.0,131.0,131.0,131.0,131.0,130.0,130.0
real,300,gulf,8,LSTM-ms,4,buffer,13,394,169,1.0706275373090541,165.0,164.0,163.0,163.0,162.0,161.0,161.0,160.0,160.0,159.0,159.0,158.0,158.0,157.0,157.0,156.0,156.0,156.0,155.0,155.0
real,300,gulf,8,LSTM-ms,4,buffer,14,407,205,0.8583357455416284,198.0,197.0,196.0,195.0,195.0,194.0,193.0,192.0,192.0,191.0,191.0,191.0,190.0,190.0,189.0,189.0,189.0,188.0,188.0,188.0
real,300,gulf,8,LSTM-ms,4,buffer,15,409,58,0.9185416608723219,41.0,41.0,40.0,40.0,39.0,39.0,38.0,38.0,38.0,38.0,32.0,31.0,31.0,31.0,30.0,30.0,30.0,30.0,30.0,29.0
real,300,gulf,8,LSTM-ms,4,buffer,16,413,316,0.4270002569880942,314.0,313.0,312.0,311.0,311.0,310.0,310.0,309.0,309.0,309.0,308.0,308.0,308.0,308.0,308.0,307.0,307.0,307.0,307.0,307.0
real,300,gulf,8,LSTM-ms,4,buffer,17,419,122,1.381933211240309,119.0,119.0,118.0,117.0,116.0,116.0,116.0,115.0,114.0,114.0,113.0,113.0,112.0,112.0,112.0,111.0,111.0,111.0,110.0,110.0
real,300,gulf,8,LSTM-ms,4,buffer,18,438,83,0.8456863371826169,82.0,81.0,80.0,80.0,79.0,78.0,78.0,77.0,77.0,76.0,76.0,75.0,75.0,74.0,74.0,74.0,73.0,73.0,73.0,72.0
real,300,gulf,8,LSTM-ms,4,buffer,19,449,107,0.7252759973203549,102.0,102.0,101.0,100.0,99.0,99.0,98.0,97.0,97.0,96.0,96.0,96.0,95.0,95.0,95.0,94.0,94.0,93.0,93.0,92.0
real,300,gulf,8,LSTM-ms,4,crossing,0,8,168,0.5632914606780262,168.0,167.0,166.0,165.0,164.0,164.0,163.0,163.0,163.0,162.0,162.0,162.0,162.0,162.0,161.0,161.0,161.0,161.0,161.0,161.0
real,300,gulf,8,LSTM-ms,4,crossing,1,19,398,0.8917053415156226,397.0,396.0,396.0,396.0,396.0,395.0,395.0,395.0,395.0,394.0,394.0,394.0,394.0,393.0,393.0,393.0,393.0,393.0,393.0,392.0
real,300,gulf,8,LSTM-ms,4,crossing,2,20,504,0.2341189693571953,504.0,503.0,502.0,501.0,500.0,500.0,499.0,499.0,498.0,498.0,497.0,497.0,497.0,496.0,496.0,496.0,495.0,495.0,495.0,494.0
real,300,gulf,8,LSTM-ms,4,crossing,3,49,381,0.3680385695503958,381.0,380.0,379.0,378.0,378.0,377.0,377.0,376.0,375.0,375.0,375.0,374.0,374.0,374.0,373.0,373.0,373.0,372.0,372.0,372.0
real,300,gulf,8,LSTM-ms,4,crossing,4,145,448,0.22139523179946582,447.0,447.0,446.0,445.0,445.0,444.0,187.0,187.0,186.0,186.0,186.0,185.0,185.0,184.0,184.0,183.0,183.0,182.0,182.0,182.0
real,300,gulf,8,LSTM-ms,4,crossing,5,173,58,0.9222179702465199,57.0,56.0,55.0,55.0,54.0,53.0,53.0,52.0,52.0,51.0,51.0,50.0,50.0,49.0,49.0,49.0,48.0,48.0,47.0,47.0
real,300,gulf,8,LSTM-ms,4,crossing,6,182,136,0.5048361242184066,135.0,134.0,134.0,133.0,131.0,130.0,129.0,129.0,128.0,128.0,128.0,128.0,127.0,126.0,126.0,126.0,126.0,126.0,126.0,125.0
real,300,gulf,8,LSTM-ms,4,crossing,7,200,48,0.6428980190146993,47.0,43.0,42.0,42.0,41.0,41.0,41.0,40.0,40.0,40.0,40.0,40.0,40.0,39.0,39.0,39.0,39.0,39.0,39.0,39.0
real,300,gulf,8,LSTM-ms,4,crossing,8,257,11,0.4898595356629877,10.0,9.0,9.0,8.0,7.0,6.0,6.0,6.0,6.0,6.0,6.0,6.0,6.0,6.0,6.0,6.0,6.0,6.0,6.0,6.0
real,300,gulf,8,LSTM-ms,4,crossing,9,274,15,0.47961229038257874,14.0,13.0,13.0,12.0,12.0,11.0,11.0,11.0,11.0,11.0,11.0,10.0,10.0,10.0,10.0,10.0,10.0,10.0,10.0,10.0
real,300,gulf,8,LSTM-ms,4,crossing,10,277,103,1.0133525018976584,102.0,101.0,100.0,100.0,99.0,98.0,98.0,97.0,97.0,96.0,96.0,95.0,95.0,94.0,94.0,94.0,93.0,93.0,92.0,92.0
real,300,gulf,8,LSTM-ms,4,crossing,11,309,20,1.6481789716474171,19.0,18.0,17.0,16.0,16.0,15.0,14.0,14.0,13.0,13.0,12.0,12.0,11.0,11.0,10.0,10.0,10.0,9.0,9.0,9.0
real,300,gulf,8,LSTM-ms,4,crossing,12,373,216,0.18997958713922472,216.0,215.0,214.0,214.0,213.0,212.0,212.0,211.0,211.0,133.0,133.0,132.0,132.0,132.0,131.0,131.0,131.0,131.0,130.0,130.0
real,300,gulf,8,LSTM-ms,4,crossing,13,394,169,1.0706275373090541,168.0,166.0,165.0,164.0,164.0,163.0,162.0,162.0,162.0,161.0,161.0,160.0,160.0,159.0,159.0,158.0,158.0,157.0,157.0,157.0
real,300,gulf,8,LSTM-ms,4,crossing,14,407,205,0.8583357455416284,204.0,203.0,203.0,202.0,201.0,200.0,200.0,200.0,200.0,199.0,199.0,199.0,198.0,198.0,196.0,196.0,195.0,195.0,195.0,193.0
real,300,gulf,8,LSTM-ms,4,crossing,15,409,58,0.9185416608723219,57.0,42.0,42.0,41.0,41.0,40.0,40.0,40.0,39.0,39.0,39.0,39.0,38.0,38.0,38.0,32.0,31.0,31.0,31.0,31.0
real,300,gulf,8,LSTM-ms,4,crossing,16,413,316,0.4270002569880942,316.0,315.0,314.0,313.0,312.0,312.0,311.0,311.0,310.0,310.0,309.0,309.0,309.0,309.0,309.0,308.0,308.0,308.0,308.0,308.0
real,300,gulf,8,LSTM-ms,4,crossing,17,419,122,1.381933211240309,121.0,120.0,120.0,119.0,118.0,118.0,117.0,117.0,116.0,116.0,116.0,115.0,115.0,114.0,114.0,113.0,113.0,112.0,112.0,112.0
real,300,gulf,8,LSTM-ms,4,crossing,18,438,83,0.8456863371826169,82.0,81.0,80.0,80.0,79.0,78.0,78.0,77.0,77.0,76.0,76.0,75.0,75.0,74.0,74.0,74.0,73.0,73.0,73.0,72.0
real,300,gulf,8,LSTM-ms,4,crossing,19,449,107,0.7252759973203549,106.0,105.0,104.0,103.0,103.0,102.0,101.0,101.0,100.0,100.0,99.0,99.0,98.0,98.0,97.0,97.0,97.0,96.0,96.0,96.0
real,300,gulf,9,Reactive,0,zone,0,61,95,0.44448366988909965,0.0,0.0,0.0,0.0,0.0,0.0,0.0,0.0,0.0,0.0,0.0,0.0,0.0,0.0,0.0,0.0,0.0,0.0,0.0,0.0
real,300,gulf,9,Reactive,0,zone,1,107,189,0.4213715726986493,182.0,182.0,182.0,182.0,182.0,182.0,182.0,182.0,182.0,182.0,182.0,182.0,182.0,182.0,182.0,182.0,182.0,182.0,182.0,182.0
real,300,gulf,9,Reactive,0,zone,2,144,222,0.5421369380713873,220.0,220.0,220.0,220.0,220.0,220.0,220.0,220.0,220.0,220.0,220.0,220.0,220.0,220.0,220.0,220.0,220.0,220.0,220.0,220.0
real,300,gulf,9,Reactive,0,zone,3,246,93,0.49408742772499,87.0,87.0,87.0,87.0,87.0,87.0,87.0,87.0,87.0,87.0,87.0,87.0,87.0,87.0,87.0,87.0,87.0,87.0,87.0,87.0
real,300,gulf,9,Reactive,0,zone,4,294,42,0.9427816262612745,40.0,40.0,40.0,40.0,40.0,40.0,40.0,40.0,40.0,40.0,40.0,40.0,40.0,40.0,40.0,40.0,40.0,40.0,40.0,40.0
real,300,gulf,9,Reactive,0,zone,5,340,19,1.0938513715542353,18.0,18.0,18.0,18.0,18.0,18.0,18.0,18.0,18.0,18.0,18.0,18.0,18.0,18.0,18.0,18.0,18.0,18.0,18.0,18.0
real,300,gulf,9,Reactive,0,zone,6,356,622,0.5837999220760901,621.0,621.0,621.0,621.0,621.0,621.0,621.0,621.0,621.0,621.0,621.0,621.0,621.0,621.0,621.0,621.0,621.0,621.0,621.0,621.0
real,300,gulf,9,Reactive,0,zone,7,364,95,0.6555552708329805,93.0,93.0,93.0,93.0,93.0,93.0,93.0,93.0,93.0,93.0,93.0,93.0,93.0,93.0,93.0,93.0,93.0,93.0,93.0,93.0
real,300,gulf,9,Analytic,0,buffer,0,61,95,0.44448366988909965,6.0,6.0,6.0,6.0,6.0,6.0,6.0,6.0,6.0,6.0,6.0,6.0,6.0,6.0,6.0,6.0,6.0,6.0,6.0,6.0
real,300,gulf,9,Analytic,0,buffer,1,107,189,0.4213715726986493,181.0,181.0,180.0,180.0,176.0,175.0,174.0,173.0,172.0,171.0,170.0,169.0,168.0,167.0,166.0,165.0,155.0,154.0,154.0,153.0
real,300,gulf,9,Analytic,0,buffer,2,144,222,0.5421369380713873,219.0,218.0,217.0,216.0,215.0,214.0,213.0,212.0,211.0,210.0,209.0,208.0,207.0,206.0,205.0,204.0,203.0,202.0,201.0,200.0
real,300,gulf,9,Analytic,0,buffer,3,246,93,0.49408742772499,86.0,85.0,84.0,83.0,82.0,81.0,80.0,79.0,78.0,78.0,77.0,77.0,77.0,76.0,76.0,76.0,76.0,76.0,76.0,75.0
real,300,gulf,9,Analytic,0,buffer,4,294,42,0.9427816262612745,39.0,38.0,37.0,36.0,35.0,34.0,33.0,32.0,31.0,30.0,29.0,28.0,27.0,26.0,25.0,24.0,23.0,23.0,22.0,22.0
real,300,gulf,9,Analytic,0,buffer,5,340,19,1.0938513715542353,17.0,16.0,16.0,15.0,15.0,15.0,14.0,14.0,14.0,14.0,14.0,14.0,14.0,13.0,13.0,13.0,13.0,13.0,13.0,13.0
real,300,gulf,9,Analytic,0,buffer,6,356,622,0.5837999220760901,620.0,619.0,618.0,617.0,616.0,615.0,614.0,613.0,612.0,611.0,610.0,609.0,608.0,607.0,606.0,605.0,604.0,603.0,602.0,601.0
real,300,gulf,9,Analytic,0,buffer,7,364,95,0.6555552708329805,93.0,92.0,92.0,92.0,92.0,74.0,73.0,73.0,72.0,71.0,70.0,53.0,51.0,51.0,50.0,49.0,48.0,48.0,47.0,45.0
real,300,gulf,9,Analytic,0,crossing,0,61,95,0.44448366988909965,95.0,94.0,94.0,94.0,94.0,94.0,94.0,94.0,93.0,93.0,93.0,93.0,93.0,93.0,93.0,93.0,93.0,93.0,93.0,93.0
real,300,gulf,9,Analytic,0,crossing,1,107,189,0.4213715726986493,184.0,184.0,183.0,182.0,182.0,181.0,181.0,181.0,180.0,175.0,174.0,173.0,172.0,172.0,171.0,170.0,169.0,168.0,167.0,155.0
real,300,gulf,9,Analytic,0,crossing,2,144,222,0.5421369380713873,221.0,220.0,219.0,218.0,217.0,216.0,215.0,214.0,213.0,212.0,211.0,210.0,209.0,208.0,207.0,206.0,205.0,204.0,203.0,202.0
real,300,gulf,9,Analytic,0,crossing,3,246,93,0.49408742772499,92.0,90.0,89.0,87.0,86.0,85.0,84.0,83.0,82.0,81.0,80.0,79.0,78.0,78.0,78.0,77.0,77.0,77.0,77.0,76.0
real,300,gulf,9,Analytic,0,crossing,4,294,42,0.9427816262612745,41.0,40.0,39.0,38.0,37.0,36.0,35.0,34.0,33.0,32.0,31.0,30.0,29.0,29.0,28.0,27.0,26.0,25.0,24.0,23.0
real,300,gulf,9,Analytic,0,crossing,5,340,19,1.0938513715542353,18.0,17.0,17.0,16.0,16.0,15.0,15.0,15.0,15.0,14.0,14.0,14.0,14.0,14.0,14.0,14.0,14.0,14.0,13.0,13.0
real,300,gulf,9,Analytic,0,crossing,6,356,622,0.5837999220760901,621.0,620.0,619.0,618.0,617.0,616.0,615.0,614.0,613.0,612.0,611.0,610.0,609.0,608.0,607.0,606.0,605.0,604.0,603.0,602.0
real,300,gulf,9,Analytic,0,crossing,7,364,95,0.6555552708329805,94.0,94.0,94.0,93.0,93.0,93.0,93.0,93.0,92.0,92.0,74.0,73.0,73.0,72.0,52.0,51.0,50.0,49.0,49.0,48.0
real,300,gulf,9,ConstVel,0,buffer,0,61,95,0.44448366988909965,6.0,6.0,6.0,6.0,6.0,6.0,6.0,6.0,6.0,6.0,6.0,6.0,6.0,6.0,6.0,6.0,6.0,6.0,6.0,6.0
real,300,gulf,9,ConstVel,0,buffer,1,107,189,0.4213715726986493,181.0,180.0,180.0,180.0,180.0,175.0,174.0,173.0,172.0,171.0,170.0,169.0,168.0,167.0,167.0,165.0,154.0,153.0,152.0,152.0
real,300,gulf,9,ConstVel,0,buffer,2,144,222,0.5421369380713873,219.0,218.0,217.0,216.0,215.0,214.0,213.0,212.0,211.0,209.0,209.0,208.0,207.0,206.0,205.0,204.0,203.0,202.0,201.0,200.0
real,300,gulf,9,ConstVel,0,buffer,3,246,93,0.49408742772499,86.0,85.0,84.0,83.0,82.0,81.0,80.0,79.0,78.0,77.0,76.0,75.0,74.0,74.0,74.0,74.0,74.0,74.0,74.0,74.0
real,300,gulf,9,ConstVel,0,buffer,4,294,42,0.9427816262612745,39.0,38.0,37.0,36.0,35.0,34.0,33.0,32.0,31.0,30.0,29.0,28.0,27.0,26.0,25.0,25.0,23.0,22.0,14.0,14.0
real,300,gulf,9,ConstVel,0,buffer,5,340,19,1.0938513715542353,17.0,16.0,15.0,14.0,14.0,13.0,13.0,13.0,12.0,12.0,12.0,12.0,12.0,12.0,12.0,12.0,12.0,12.0,11.0,11.0
real,300,gulf,9,ConstVel,0,buffer,6,356,622,0.5837999220760901,620.0,619.0,618.0,617.0,616.0,615.0,614.0,613.0,612.0,611.0,610.0,609.0,608.0,607.0,606.0,605.0,604.0,603.0,602.0,601.0
real,300,gulf,9,ConstVel,0,buffer,7,364,95,0.6555552708329805,92.0,92.0,91.0,91.0,91.0,91.0,73.0,72.0,71.0,71.0,70.0,69.0,69.0,50.0,49.0,49.0,48.0,47.0,47.0,45.0
real,300,gulf,9,ConstVel,0,crossing,0,61,95,0.44448366988909965,94.0,93.0,93.0,93.0,93.0,93.0,93.0,93.0,93.0,93.0,93.0,91.0,91.0,91.0,91.0,91.0,91.0,91.0,91.0,91.0
real,300,gulf,9,ConstVel,0,crossing,1,107,189,0.4213715726986493,184.0,184.0,183.0,181.0,180.0,180.0,180.0,180.0,180.0,175.0,174.0,173.0,172.0,172.0,170.0,169.0,169.0,168.0,167.0,153.0
real,300,gulf,9,ConstVel,0,crossing,2,144,222,0.5421369380713873,221.0,220.0,219.0,218.0,217.0,216.0,215.0,214.0,213.0,212.0,210.0,209.0,209.0,208.0,207.0,206.0,205.0,204.0,203.0,202.0
real,300,gulf,9,ConstVel,0,crossing,3,246,93,0.49408742772499,92.0,91.0,90.0,88.0,86.0,85.0,84.0,83.0,82.0,81.0,80.0,79.0,78.0,77.0,76.0,75.0,74.0,74.0,74.0,74.0
real,300,gulf,9,ConstVel,0,crossing,4,294,42,0.9427816262612745,41.0,40.0,39.0,38.0,37.0,36.0,35.0,34.0,33.0,32.0,31.0,30.0,29.0,28.0,28.0,27.0,26.0,25.0,23.0,23.0
real,300,gulf,9,ConstVel,0,crossing,5,340,19,1.0938513715542353,18.0,17.0,16.0,15.0,15.0,14.0,14.0,13.0,13.0,13.0,13.0,12.0,12.0,12.0,12.0,12.0,12.0,12.0,12.0,12.0
real,300,gulf,9,ConstVel,0,crossing,6,356,622,0.5837999220760901,621.0,620.0,619.0,618.0,617.0,616.0,615.0,614.0,613.0,612.0,611.0,610.0,609.0,608.0,607.0,606.0,605.0,604.0,603.0,602.0
real,300,gulf,9,ConstVel,0,crossing,7,364,95,0.6555552708329805,94.0,93.0,92.0,92.0,92.0,92.0,91.0,91.0,91.0,91.0,91.0,73.0,72.0,71.0,71.0,50.0,49.0,49.0,48.0,47.0
real,300,gulf,9,Kalman,0,buffer,0,61,95,0.44448366988909965,6.0,6.0,6.0,6.0,6.0,6.0,6.0,6.0,6.0,6.0,6.0,6.0,6.0,6.0,6.0,6.0,6.0,6.0,6.0,6.0
real,300,gulf,9,Kalman,0,buffer,1,107,189,0.4213715726986493,181.0,180.0,180.0,180.0,180.0,175.0,174.0,173.0,172.0,171.0,170.0,169.0,168.0,167.0,166.0,165.0,154.0,153.0,153.0,152.0
real,300,gulf,9,Kalman,0,buffer,2,144,222,0.5421369380713873,219.0,218.0,217.0,216.0,215.0,214.0,213.0,212.0,211.0,210.0,209.0,208.0,207.0,206.0,205.0,204.0,203.0,202.0,201.0,200.0
real,300,gulf,9,Kalman,0,buffer,3,246,93,0.49408742772499,86.0,85.0,84.0,83.0,82.0,81.0,80.0,79.0,78.0,77.0,76.0,76.0,75.0,75.0,75.0,74.0,74.0,74.0,74.0,74.0
real,300,gulf,9,Kalman,0,buffer,4,294,42,0.9427816262612745,39.0,38.0,37.0,36.0,35.0,34.0,33.0,32.0,31.0,30.0,29.0,28.0,27.0,26.0,25.0,24.0,23.0,22.0,21.0,15.0
real,300,gulf,9,Kalman,0,buffer,5,340,19,1.0938513715542353,17.0,16.0,15.0,15.0,14.0,14.0,13.0,13.0,13.0,13.0,13.0,12.0,12.0,12.0,12.0,12.0,12.0,12.0,12.0,12.0
real,300,gulf,9,Kalman,0,buffer,6,356,622,0.5837999220760901,620.0,619.0,618.0,617.0,616.0,615.0,614.0,613.0,612.0,611.0,610.0,609.0,608.0,607.0,606.0,605.0,604.0,603.0,602.0,601.0
real,300,gulf,9,Kalman,0,buffer,7,364,95,0.6555552708329805,92.0,92.0,92.0,92.0,91.0,91.0,73.0,72.0,71.0,71.0,70.0,69.0,51.0,50.0,49.0,49.0,48.0,47.0,47.0,45.0
real,300,gulf,9,Kalman,0,crossing,0,61,95,0.44448366988909965,94.0,94.0,93.0,93.0,93.0,93.0,93.0,93.0,93.0,93.0,93.0,93.0,93.0,93.0,93.0,93.0,93.0,91.0,91.0,91.0
real,300,gulf,9,Kalman,0,crossing,1,107,189,0.4213715726986493,184.0,184.0,183.0,181.0,181.0,181.0,180.0,180.0,180.0,175.0,174.0,173.0,172.0,172.0,170.0,169.0,169.0,168.0,167.0,154.0
real,300,gulf,9,Kalman,0,crossing,2,144,222,0.5421369380713873,221.0,220.0,219.0,218.0,217.0,216.0,215.0,214.0,213.0,212.0,210.0,210.0,209.0,208.0,207.0,206.0,205.0,204.0,203.0,202.0
real,300,gulf,9,Kalman,0,crossing,3,246,93,0.49408742772499,92.0,91.0,89.0,87.0,86.0,85.0,84.0,83.0,82.0,81.0,80.0,79.0,78.0,77.0,76.0,76.0,75.0,75.0,75.0,75.0
real,300,gulf,9,Kalman,0,crossing,4,294,42,0.9427816262612745,41.0,40.0,39.0,38.0,37.0,36.0,35.0,34.0,33.0,32.0,31.0,30.0,29.0,28.0,28.0,27.0,26.0,25.0,23.0,23.0
real,300,gulf,9,Kalman,0,crossing,5,340,19,1.0938513715542353,18.0,17.0,16.0,15.0,15.0,14.0,14.0,14.0,13.0,13.0,13.0,13.0,13.0,13.0,12.0,12.0,12.0,12.0,12.0,12.0
real,300,gulf,9,Kalman,0,crossing,6,356,622,0.5837999220760901,621.0,620.0,619.0,618.0,617.0,616.0,615.0,614.0,613.0,612.0,611.0,610.0,609.0,608.0,607.0,606.0,605.0,604.0,603.0,602.0
real,300,gulf,9,Kalman,0,crossing,7,364,95,0.6555552708329805,94.0,93.0,93.0,92.0,92.0,92.0,92.0,92.0,92.0,92.0,92.0,73.0,72.0,71.0,71.0,50.0,50.0,49.0,49.0,48.0
real,300,gulf,9,LSTM-rec,0,buffer,0,61,95,0.44448366988909965,6.0,6.0,6.0,6.0,6.0,6.0,6.0,6.0,6.0,6.0,6.0,6.0,6.0,6.0,6.0,6.0,6.0,6.0,6.0,6.0
real,300,gulf,9,LSTM-rec,0,buffer,1,107,189,0.4213715726986493,181.0,180.0,180.0,180.0,179.0,175.0,174.0,173.0,172.0,171.0,170.0,169.0,168.0,167.0,165.0,165.0,164.0,162.0,162.0,154.0
real,300,gulf,9,LSTM-rec,0,buffer,2,144,222,0.5421369380713873,219.0,218.0,217.0,216.0,215.0,214.0,213.0,213.0,212.0,211.0,210.0,209.0,209.0,208.0,207.0,207.0,206.0,205.0,204.0,204.0
real,300,gulf,9,LSTM-rec,0,buffer,3,246,93,0.49408742772499,86.0,85.0,84.0,83.0,82.0,81.0,80.0,79.0,78.0,77.0,77.0,76.0,75.0,75.0,74.0,74.0,74.0,74.0,74.0,64.0
real,300,gulf,9,LSTM-rec,0,buffer,4,294,42,0.9427816262612745,39.0,38.0,37.0,36.0,35.0,34.0,33.0,32.0,31.0,31.0,30.0,29.0,28.0,27.0,27.0,26.0,25.0,24.0,23.0,23.0
real,300,gulf,9,LSTM-rec,0,buffer,5,340,19,1.0938513715542353,17.0,16.0,15.0,15.0,14.0,14.0,14.0,14.0,13.0,13.0,13.0,13.0,13.0,12.0,12.0,12.0,12.0,12.0,12.0,12.0
real,300,gulf,9,LSTM-rec,0,buffer,6,356,622,0.5837999220760901,620.0,619.0,618.0,617.0,616.0,616.0,615.0,614.0,613.0,613.0,612.0,611.0,611.0,610.0,609.0,609.0,608.0,608.0,607.0,607.0
real,300,gulf,9,LSTM-rec,0,buffer,7,364,95,0.6555552708329805,92.0,92.0,92.0,92.0,91.0,91.0,73.0,72.0,71.0,71.0,70.0,69.0,68.0,53.0,51.0,50.0,50.0,49.0,49.0,48.0
real,300,gulf,9,LSTM-rec,0,crossing,0,61,95,0.44448366988909965,94.0,94.0,93.0,93.0,93.0,93.0,93.0,93.0,91.0,91.0,6.0,6.0,6.0,6.0,6.0,6.0,6.0,6.0,6.0,6.0
real,300,gulf,9,LSTM-rec,0,crossing,1,107,189,0.4213715726986493,184.0,184.0,183.0,181.0,181.0,180.0,180.0,180.0,180.0,175.0,174.0,173.0,172.0,171.0,170.0,169.0,168.0,167.0,166.0,165.0
real,300,gulf,9,LSTM-rec,0,crossing,2,144,222,0.5421369380713873,221.0,220.0,219.0,218.0,217.0,216.0,215.0,215.0,214.0,213.0,212.0,211.0,210.0,210.0,209.0,208.0,208.0,207.0,207.0,206.0
real,300,gulf,9,LSTM-rec,0,crossing,3,246,93,0.49408742772499,92.0,91.0,89.0,88.0,86.0,85.0,84.0,84.0,83.0,82.0,81.0,80.0,79.0,78.0,77.0,77.0,76.0,75.0,75.0,74.0
real,300,gulf,9,LSTM-rec,0,crossing,4,294,42,0.9427816262612745,41.0,40.0,39.0,38.0,37.0,36.0,36.0,35.0,34.0,33.0,32.0,31.0,30.0,30.0,29.0,28.0,27.0,26.0,26.0,25.0
real,300,gulf,9,LSTM-rec,0,crossing,5,340,19,1.0938513715542353,18.0,17.0,16.0,16.0,15.0,15.0,15.0,14.0,14.0,14.0,13.0,13.0,13.0,13.0,13.0,13.0,13.0,12.0,12.0,12.0
real,300,gulf,9,LSTM-rec,0,crossing,6,356,622,0.5837999220760901,621.0,620.0,619.0,619.0,618.0,617.0,616.0,615.0,615.0,614.0,613.0,613.0,612.0,611.0,611.0,610.0,609.0,609.0,608.0,608.0
real,300,gulf,9,LSTM-rec,0,crossing,7,364,95,0.6555552708329805,94.0,93.0,93.0,92.0,92.0,92.0,92.0,92.0,92.0,92.0,92.0,73.0,73.0,72.0,71.0,70.0,69.0,51.0,50.0,50.0
real,300,gulf,9,LSTM-ms,0,buffer,0,61,95,0.44448366988909965,6.0,6.0,6.0,6.0,6.0,6.0,6.0,6.0,6.0,6.0,6.0,6.0,6.0,6.0,6.0,6.0,6.0,6.0,6.0,6.0
real,300,gulf,9,LSTM-ms,0,buffer,1,107,189,0.4213715726986493,182.0,181.0,181.0,181.0,181.0,181.0,181.0,181.0,181.0,181.0,180.0,180.0,180.0,180.0,180.0,180.0,180.0,176.0,176.0,175.0
real,300,gulf,9,LSTM-ms,0,buffer,2,144,222,0.5421369380713873,219.0,219.0,218.0,218.0,217.0,217.0,216.0,216.0,215.0,215.0,214.0,214.0,214.0,213.0,213.0,213.0,212.0,212.0,212.0,211.0
real,300,gulf,9,LSTM-ms,0,buffer,3,246,93,0.49408742772499,86.0,86.0,86.0,85.0,85.0,85.0,84.0,84.0,84.0,84.0,83.0,83.0,83.0,83.0,83.0,82.0,82.0,82.0,82.0,82.0
real,300,gulf,9,LSTM-ms,0,buffer,4,294,42,0.9427816262612745,39.0,39.0,38.0,38.0,37.0,37.0,36.0,36.0,35.0,35.0,35.0,34.0,34.0,33.0,33.0,33.0,32.0,32.0,32.0,32.0
real,300,gulf,9,LSTM-ms,0,buffer,5,340,19,1.0938513715542353,17.0,17.0,16.0,16.0,15.0,15.0,15.0,15.0,15.0,15.0,15.0,15.0,14.0,14.0,14.0,14.0,14.0,14.0,14.0,14.0
real,300,gulf,9,LSTM-ms,0,buffer,6,356,622,0.5837999220760901,620.0,620.0,619.0,618.0,618.0,617.0,617.0,616.0,616.0,615.0,615.0,614.0,614.0,614.0,613.0,613.0,613.0,612.0,612.0,612.0
real,300,gulf,9,LSTM-ms,0,buffer,7,364,95,0.6555552708329805,93.0,93.0,92.0,92.0,92.0,92.0,92.0,92.0,92.0,92.0,92.0,92.0,92.0,92.0,92.0,92.0,92.0,92.0,92.0,92.0
real,300,gulf,9,LSTM-ms,0,crossing,0,61,95,0.44448366988909965,95.0,95.0,95.0,95.0,95.0,95.0,95.0,95.0,95.0,95.0,95.0,95.0,95.0,95.0,95.0,95.0,95.0,95.0,95.0,95.0
real,300,gulf,9,LSTM-ms,0,crossing,1,107,189,0.4213715726986493,189.0,184.0,184.0,184.0,184.0,184.0,183.0,183.0,183.0,183.0,183.0,183.0,183.0,182.0,182.0,182.0,182.0,182.0,182.0,182.0
real,300,gulf,9,LSTM-ms,0,crossing,2,144,222,0.5421369380713873,221.0,221.0,220.0,220.0,219.0,219.0,218.0,218.0,217.0,217.0,216.0,216.0,216.0,215.0,215.0,215.0,214.0,214.0,214.0,213.0
real,300,gulf,9,LSTM-ms,0,crossing,3,246,93,0.49408742772499,92.0,92.0,92.0,92.0,91.0,91.0,91.0,90.0,90.0,89.0,88.0,88.0,88.0,88.0,87.0,87.0,87.0,87.0,86.0,86.0
real,300,gulf,9,LSTM-ms,0,crossing,4,294,42,0.9427816262612745,41.0,41.0,40.0,40.0,39.0,39.0,38.0,38.0,38.0,37.0,37.0,37.0,36.0,36.0,35.0,35.0,35.0,34.0,34.0,34.0
real,300,gulf,9,LSTM-ms,0,crossing,5,340,19,1.0938513715542353,18.0,18.0,17.0,17.0,16.0,16.0,16.0,16.0,15.0,15.0,15.0,15.0,15.0,15.0,15.0,15.0,15.0,15.0,15.0,14.0
real,300,gulf,9,LSTM-ms,0,crossing,6,356,622,0.5837999220760901,621.0,621.0,620.0,620.0,619.0,619.0,618.0,618.0,617.0,617.0,616.0,616.0,615.0,615.0,615.0,614.0,614.0,614.0,613.0,613.0
real,300,gulf,9,LSTM-ms,0,crossing,7,364,95,0.6555552708329805,94.0,94.0,94.0,94.0,94.0,93.0,93.0,93.0,93.0,93.0,93.0,93.0,93.0,93.0,93.0,93.0,93.0,93.0,93.0,93.0
real,300,gulf,9,LSTM-rec,1,buffer,0,61,95,0.44448366988909965,6.0,6.0,6.0,6.0,6.0,6.0,6.0,6.0,6.0,6.0,6.0,6.0,6.0,6.0,6.0,6.0,6.0,6.0,6.0,6.0
real,300,gulf,9,LSTM-rec,1,buffer,1,107,189,0.4213715726986493,181.0,180.0,180.0,179.0,175.0,174.0,173.0,172.0,170.0,169.0,167.0,166.0,165.0,163.0,162.0,160.0,153.0,153.0,152.0,152.0
real,300,gulf,9,LSTM-rec,1,buffer,2,144,222,0.5421369380713873,219.0,218.0,217.0,216.0,215.0,214.0,213.0,212.0,211.0,210.0,209.0,208.0,207.0,207.0,205.0,204.0,203.0,202.0,202.0,201.0
real,300,gulf,9,LSTM-rec,1,buffer,3,246,93,0.49408742772499,86.0,85.0,84.0,82.0,81.0,80.0,79.0,78.0,76.0,75.0,75.0,74.0,74.0,74.0,64.0,63.0,60.0,55.0,53.0,52.0
real,300,gulf,9,LSTM-rec,1,buffer,4,294,42,0.9427816262612745,39.0,38.0,37.0,36.0,35.0,34.0,32.0,32.0,31.0,30.0,29.0,28.0,27.0,26.0,25.0,23.0,23.0,21.0,21.0,20.0
real,300,gulf,9,LSTM-rec,1,buffer,5,340,19,1.0938513715542353,17.0,16.0,15.0,15.0,14.0,14.0,13.0,13.0,13.0,13.0,13.0,12.0,12.0,12.0,12.0,12.0,12.0,12.0,11.0,11.0
real,300,gulf,9,LSTM-rec,1,buffer,6,356,622,0.5837999220760901,620.0,619.0,618.0,617.0,616.0,615.0,615.0,614.0,613.0,612.0,611.0,610.0,610.0,609.0,608.0,607.0,607.0,606.0,605.0,403.0
real,300,gulf,9,LSTM-rec,1,buffer,7,364,95,0.6555552708329805,92.0,92.0,92.0,92.0,91.0,73.0,72.0,71.0,70.0,69.0,68.0,57.0,51.0,50.0,49.0,49.0,48.0,47.0,46.0,45.0
real,300,gulf,9,LSTM-rec,1,crossing,0,61,95,0.44448366988909965,94.0,94.0,93.0,93.0,93.0,93.0,6.0,6.0,6.0,6.0,6.0,6.0,6.0,6.0,6.0,6.0,6.0,6.0,6.0,6.0
real,300,gulf,9,LSTM-rec,1,crossing,1,107,189,0.4213715726986493,184.0,184.0,183.0,181.0,181.0,180.0,180.0,176.0,174.0,173.0,172.0,170.0,169.0,167.0,166.0,164.0,163.0,162.0,154.0,153.0
real,300,gulf,9,LSTM-rec,1,crossing,2,144,222,0.5421369380713873,221.0,220.0,219.0,218.0,217.0,216.0,215.0,214.0,213.0,212.0,211.0,210.0,209.0,208.0,207.0,207.0,205.0,204.0,204.0,203.0
real,300,gulf,9,LSTM-rec,1,crossing,3,246,93,0.49408742772499,92.0,90.0,89.0,87.0,86.0,84.0,83.0,82.0,81.0,80.0,78.0,77.0,76.0,75.0,74.0,74.0,74.0,64.0,63.0,61.0
real,300,gulf,9,LSTM-rec,1,crossing,4,294,42,0.9427816262612745,41.0,40.0,39.0,38.0,37.0,36.0,35.0,34.0,33.0,32.0,31.0,30.0,29.0,28.0,27.0,26.0,25.0,24.0,23.0,22.0
real,300,gulf,9,LSTM-rec,1,crossing,5,340,19,1.0938513715542353,18.0,17.0,16.0,16.0,15.0,15.0,14.0,14.0,14.0,13.0,13.0,13.0,13.0,13.0,12.0,12.0,12.0,12.0,12.0,12.0
real,300,gulf,9,LSTM-rec,1,crossing,6,356,622,0.5837999220760901,621.0,620.0,619.0,618.0,618.0,617.0,616.0,615.0,614.0,613.0,612.0,612.0,611.0,610.0,610.0,609.0,608.0,607.0,607.0,606.0
real,300,gulf,9,LSTM-rec,1,crossing,7,364,95,0.6555552708329805,94.0,93.0,93.0,92.0,92.0,92.0,92.0,92.0,91.0,73.0,72.0,70.0,69.0,68.0,51.0,50.0,49.0,49.0,48.0,47.0
real,300,gulf,9,LSTM-ms,1,buffer,0,61,95,0.44448366988909965,6.0,6.0,6.0,6.0,6.0,6.0,6.0,6.0,6.0,6.0,6.0,6.0,6.0,6.0,6.0,6.0,6.0,6.0,6.0,6.0
real,300,gulf,9,LSTM-ms,1,buffer,1,107,189,0.4213715726986493,181.0,180.0,180.0,179.0,175.0,175.0,174.0,173.0,172.0,171.0,171.0,170.0,169.0,169.0,169.0,168.0,167.0,167.0,166.0,165.0
real,300,gulf,9,LSTM-ms,1,buffer,2,144,222,0.5421369380713873,219.0,218.0,217.0,216.0,215.0,214.0,214.0,213.0,212.0,212.0,211.0,210.0,210.0,209.0,209.0,209.0,208.0,208.0,207.0,207.0
real,300,gulf,9,LSTM-ms,1,buffer,3,246,93,0.49408742772499,85.0,84.0,83.0,82.0,81.0,80.0,80.0,79.0,78.0,77.0,77.0,76.0,76.0,76.0,76.0,75.0,75.0,75.0,75.0,74.0
real,300,gulf,9,LSTM-ms,1,buffer,4,294,42,0.9427816262612745,39.0,38.0,37.0,36.0,35.0,34.0,34.0,33.0,32.0,31.0,31.0,30.0,30.0,29.0,29.0,29.0,28.0,28.0,27.0,26.0
real,300,gulf,9,LSTM-ms,1,buffer,5,340,19,1.0938513715542353,17.0,16.0,15.0,15.0,14.0,14.0,14.0,13.0,13.0,13.0,13.0,13.0,13.0,13.0,13.0,13.0,13.0,12.0,12.0,12.0
real,300,gulf,9,LSTM-ms,1,buffer,6,356,622,0.5837999220760901,620.0,619.0,618.0,617.0,617.0,616.0,615.0,615.0,614.0,614.0,613.0,613.0,612.0,612.0,611.0,611.0,610.0,610.0,610.0,609.0
real,300,gulf,9,LSTM-ms,1,buffer,7,364,95,0.6555552708329805,92.0,92.0,91.0,91.0,91.0,74.0,73.0,72.0,71.0,71.0,70.0,69.0,69.0,69.0,69.0,68.0,68.0,53.0,51.0,51.0
real,300,gulf,9,LSTM-ms,1,crossing,0,61,95,0.44448366988909965,94.0,93.0,93.0,93.0,91.0,91.0,91.0,6.0,6.0,6.0,6.0,6.0,6.0,6.0,6.0,6.0,6.0,6.0,6.0,6.0
real,300,gulf,9,LSTM-ms,1,crossing,1,107,189,0.4213715726986493,184.0,183.0,183.0,181.0,181.0,180.0,180.0,180.0,180.0,175.0,175.0,174.0,174.0,173.0,172.0,172.0,172.0,171.0,170.0,169.0
real,300,gulf,9,LSTM-ms,1,crossing,2,144,222,0.5421369380713873,221.0,220.0,219.0,218.0,217.0,216.0,216.0,215.0,214.0,214.0,213.0,212.0,212.0,212.0,211.0,210.0,210.0,209.0,209.0,209.0
real,300,gulf,9,LSTM-ms,1,crossing,3,246,93,0.49408742772499,91.0,89.0,88.0,87.0,86.0,85.0,84.0,83.0,82.0,82.0,81.0,80.0,80.0,79.0,79.0,79.0,78.0,78.0,77.0,77.0
real,300,gulf,9,LSTM-ms,1,crossing,4,294,42,0.9427816262612745,41.0,40.0,39.0,38.0,37.0,37.0,36.0,35.0,34.0,34.0,33.0,32.0,32.0,31.0,31.0,31.0,30.0,30.0,29.0,29.0
real,300,gulf,9,LSTM-ms,1,crossing,5,340,19,1.0938513715542353,18.0,17.0,16.0,16.0,15.0,15.0,14.0,14.0,14.0,14.0,14.0,13.0,13.0,13.0,13.0,13.0,13.0,13.0,13.0,13.0
real,300,gulf,9,LSTM-ms,1,crossing,6,356,622,0.5837999220760901,621.0,620.0,619.0,619.0,618.0,617.0,617.0,616.0,615.0,615.0,614.0,614.0,613.0,613.0,613.0,612.0,612.0,612.0,611.0,610.0
real,300,gulf,9,LSTM-ms,1,crossing,7,364,95,0.6555552708329805,94.0,93.0,92.0,92.0,92.0,92.0,92.0,91.0,91.0,91.0,91.0,74.0,73.0,73.0,73.0,72.0,72.0,71.0,71.0,70.0
real,300,gulf,9,LSTM-rec,2,buffer,0,61,95,0.44448366988909965,6.0,6.0,6.0,6.0,6.0,6.0,6.0,6.0,6.0,6.0,6.0,6.0,6.0,6.0,6.0,6.0,6.0,6.0,6.0,6.0
real,300,gulf,9,LSTM-rec,2,buffer,1,107,189,0.4213715726986493,181.0,181.0,180.0,180.0,180.0,180.0,180.0,180.0,180.0,180.0,180.0,180.0,180.0,180.0,180.0,180.0,180.0,180.0,180.0,180.0
real,300,gulf,9,LSTM-rec,2,buffer,2,144,222,0.5421369380713873,219.0,218.0,218.0,217.0,216.0,216.0,215.0,215.0,215.0,214.0,214.0,214.0,214.0,214.0,214.0,214.0,214.0,214.0,214.0,214.0
real,300,gulf,9,LSTM-rec,2,buffer,3,246,93,0.49408742772499,86.0,85.0,85.0,84.0,84.0,84.0,84.0,84.0,84.0,84.0,84.0,84.0,84.0,84.0,84.0,84.0,84.0,84.0,84.0,84.0
real,300,gulf,9,LSTM-rec,2,buffer,4,294,42,0.9427816262612745,39.0,38.0,38.0,37.0,36.0,36.0,35.0,35.0,35.0,35.0,34.0,34.0,34.0,34.0,34.0,34.0,34.0,34.0,34.0,34.0
real,300,gulf,9,LSTM-rec,2,buffer,5,340,19,1.0938513715542353,17.0,16.0,16.0,15.0,15.0,15.0,15.0,14.0,14.0,14.0,14.0,14.0,14.0,14.0,14.0,14.0,14.0,14.0,14.0,14.0
real,300,gulf,9,LSTM-rec,2,buffer,6,356,622,0.5837999220760901,620.0,619.0,618.0,618.0,617.0,617.0,616.0,616.0,615.0,615.0,615.0,615.0,614.0,614.0,614.0,614.0,614.0,614.0,614.0,614.0
real,300,gulf,9,LSTM-rec,2,buffer,7,364,95,0.6555552708329805,92.0,92.0,92.0,92.0,92.0,92.0,92.0,92.0,92.0,92.0,92.0,92.0,92.0,92.0,92.0,92.0,92.0,92.0,92.0,92.0
real,300,gulf,9,LSTM-rec,2,crossing,0,61,95,0.44448366988909965,95.0,94.0,94.0,94.0,94.0,94.0,94.0,94.0,94.0,94.0,94.0,94.0,94.0,94.0,94.0,94.0,94.0,94.0,94.0,94.0
real,300,gulf,9,LSTM-rec,2,crossing,1,107,189,0.4213715726986493,188.0,184.0,184.0,183.0,183.0,182.0,181.0,181.0,181.0,181.0,181.0,181.0,181.0,181.0,181.0,181.0,181.0,181.0,181.0,181.0
real,300,gulf,9,LSTM-rec,2,crossing,2,144,222,0.5421369380713873,221.0,220.0,220.0,219.0,219.0,218.0,218.0,217.0,217.0,216.0,216.0,216.0,216.0,216.0,216.0,216.0,216.0,216.0,216.0,216.0
real,300,gulf,9,LSTM-rec,2,crossing,3,246,93,0.49408742772499,92.0,91.0,91.0,91.0,90.0,90.0,90.0,90.0,90.0,90.0,90.0,90.0,90.0,90.0,90.0,90.0,90.0,90.0,90.0,90.0
real,300,gulf,9,LSTM-rec,2,crossing,4,294,42,0.9427816262612745,41.0,41.0,40.0,39.0,39.0,38.0,38.0,37.0,37.0,37.0,37.0,36.0,36.0,36.0,36.0,36.0,36.0,36.0,36.0,36.0
real,300,gulf,9,LSTM-rec,2,crossing,5,340,19,1.0938513715542353,18.0,17.0,17.0,16.0,16.0,15.0,15.0,15.0,15.0,15.0,15.0,15.0,15.0,15.0,15.0,14.0,14.0,14.0,14.0,14.0
real,300,gulf,9,LSTM-rec,2,crossing,6,356,622,0.5837999220760901,621.0,621.0,620.0,619.0,619.0,618.0,617.0,617.0,617.0,616.0,616.0,616.0,616.0,615.0,615.0,615.0,615.0,615.0,615.0,615.0
real,300,gulf,9,LSTM-rec,2,crossing,7,364,95,0.6555552708329805,94.0,94.0,93.0,93.0,93.0,93.0,93.0,93.0,93.0,92.0,92.0,92.0,92.0,92.0,92.0,92.0,92.0,92.0,92.0,92.0
real,300,gulf,9,LSTM-ms,2,buffer,0,61,95,0.44448366988909965,6.0,6.0,6.0,6.0,6.0,6.0,6.0,6.0,6.0,6.0,6.0,6.0,6.0,6.0,6.0,6.0,6.0,6.0,6.0,6.0
real,300,gulf,9,LSTM-ms,2,buffer,1,107,189,0.4213715726986493,181.0,181.0,180.0,180.0,180.0,176.0,175.0,175.0,174.0,173.0,173.0,172.0,171.0,170.0,170.0,169.0,168.0,168.0,167.0,166.0
real,300,gulf,9,LSTM-ms,2,buffer,2,144,222,0.5421369380713873,219.0,218.0,217.0,217.0,216.0,215.0,214.0,214.0,213.0,212.0,212.0,211.0,211.0,210.0,210.0,209.0,209.0,208.0,208.0,207.0
real,300,gulf,9,LSTM-ms,2,buffer,3,246,93,0.49408742772499,86.0,85.0,84.0,83.0,82.0,82.0,81.0,80.0,80.0,79.0,78.0,78.0,78.0,77.0,77.0,77.0,76.0,76.0,76.0,76.0
real,300,gulf,9,LSTM-ms,2,buffer,4,294,42,0.9427816262612745,39.0,38.0,37.0,37.0,36.0,35.0,34.0,34.0,33.0,32.0,32.0,31.0,31.0,30.0,30.0,29.0,29.0,28.0,27.0,27.0
real,300,gulf,9,LSTM-ms,2,buffer,5,340,19,1.0938513715542353,17.0,16.0,16.0,15.0,15.0,15.0,15.0,14.0,14.0,14.0,14.0,14.0,14.0,14.0,14.0,13.0,13.0,13.0,13.0,13.0
real,300,gulf,9,LSTM-ms,2,buffer,6,356,622,0.5837999220760901,620.0,619.0,618.0,618.0,617.0,616.0,616.0,615.0,615.0,614.0,614.0,613.0,613.0,612.0,612.0,611.0,610.0,610.0,610.0,609.0
real,300,gulf,9,LSTM-ms,2,buffer,7,364,95,0.6555552708329805,93.0,92.0,92.0,92.0,92.0,92.0,75.0,74.0,73.0,72.0,72.0,71.0,71.0,70.0,70.0,69.0,69.0,53.0,52.0,51.0
real,300,gulf,9,LSTM-ms,2,crossing,0,61,95,0.44448366988909965,95.0,94.0,94.0,94.0,93.0,93.0,93.0,93.0,93.0,93.0,93.0,91.0,91.0,91.0,91.0,6.0,6.0,6.0,6.0,6.0
real,300,gulf,9,LSTM-ms,2,crossing,1,107,189,0.4213715726986493,188.0,184.0,183.0,183.0,182.0,182.0,181.0,181.0,181.0,180.0,180.0,176.0,175.0,175.0,174.0,173.0,172.0,172.0,171.0,170.0
real,300,gulf,9,LSTM-ms,2,crossing,2,144,222,0.5421369380713873,221.0,220.0,220.0,219.0,218.0,217.0,216.0,216.0,215.0,215.0,214.0,213.0,213.0,212.0,212.0,211.0,210.0,210.0,209.0,209.0
real,300,gulf,9,LSTM-ms,2,crossing,3,246,93,0.49408742772499,92.0,91.0,89.0,88.0,87.0,86.0,85.0,85.0,84.0,83.0,83.0,82.0,81.0,81.0,80.0,79.0,79.0,78.0,78.0,78.0
real,300,gulf,9,LSTM-ms,2,crossing,4,294,42,0.9427816262612745,41.0,40.0,40.0,39.0,38.0,37.0,37.0,36.0,35.0,35.0,34.0,33.0,33.0,32.0,32.0,31.0,31.0,30.0,30.0,29.0
real,300,gulf,9,LSTM-ms,2,crossing,5,340,19,1.0938513715542353,18.0,18.0,17.0,16.0,16.0,15.0,15.0,15.0,15.0,15.0,14.0,14.0,14.0,14.0,14.0,14.0,14.0,14.0,14.0,14.0
real,300,gulf,9,LSTM-ms,2,crossing,6,356,622,0.5837999220760901,621.0,621.0,620.0,619.0,618.0,618.0,617.0,617.0,616.0,615.0,615.0,614.0,614.0,613.0,613.0,612.0,612.0,612.0,611.0,610.0
real,300,gulf,9,LSTM-ms,2,crossing,7,364,95,0.6555552708329805,94.0,94.0,93.0,93.0,93.0,93.0,92.0,92.0,92.0,92.0,92.0,92.0,92.0,92.0,74.0,73.0,73.0,72.0,72.0,71.0
real,300,gulf,9,LSTM-rec,3,buffer,0,61,95,0.44448366988909965,6.0,6.0,6.0,6.0,6.0,6.0,6.0,6.0,6.0,6.0,6.0,6.0,6.0,6.0,6.0,6.0,6.0,6.0,6.0,6.0
real,300,gulf,9,LSTM-rec,3,buffer,1,107,189,0.4213715726986493,181.0,181.0,180.0,180.0,180.0,180.0,175.0,175.0,174.0,174.0,173.0,173.0,172.0,172.0,171.0,171.0,171.0,170.0,170.0,170.0
real,300,gulf,9,LSTM-rec,3,buffer,2,144,222,0.5421369380713873,219.0,218.0,217.0,216.0,216.0,215.0,214.0,214.0,213.0,212.0,212.0,211.0,211.0,210.0,210.0,210.0,209.0,209.0,209.0,209.0
real,300,gulf,9,LSTM-rec,3,buffer,3,246,93,0.49408742772499,86.0,85.0,84.0,84.0,83.0,82.0,82.0,81.0,81.0,80.0,80.0,79.0,79.0,79.0,79.0,78.0,78.0,78.0,78.0,78.0
real,300,gulf,9,LSTM-rec,3,buffer,4,294,42,0.9427816262612745,39.0,38.0,37.0,36.0,36.0,35.0,34.0,33.0,33.0,32.0,32.0,31.0,31.0,30.0,30.0,30.0,29.0,29.0,29.0,28.0
real,300,gulf,9,LSTM-rec,3,buffer,5,340,19,1.0938513715542353,17.0,16.0,15.0,15.0,15.0,14.0,14.0,14.0,14.0,13.0,13.0,13.0,13.0,13.0,13.0,13.0,13.0,13.0,13.0,13.0
real,300,gulf,9,LSTM-rec,3,buffer,6,356,622,0.5837999220760901,620.0,619.0,618.0,618.0,617.0,616.0,616.0,615.0,615.0,614.0,614.0,613.0,613.0,612.0,612.0,612.0,611.0,611.0,611.0,610.0
real,300,gulf,9,LSTM-rec,3,buffer,7,364,95,0.6555552708329805,92.0,92.0,92.0,92.0,92.0,92.0,91.0,91.0,74.0,74.0,73.0,73.0,73.0,72.0,72.0,72.0,71.0,71.0,71.0,71.0
real,300,gulf,9,LSTM-rec,3,crossing,0,61,95,0.44448366988909965,95.0,94.0,94.0,93.0,93.0,93.0,93.0,93.0,93.0,93.0,93.0,93.0,93.0,93.0,93.0,93.0,93.0,93.0,93.0,93.0
real,300,gulf,9,LSTM-rec,3,crossing,1,107,189,0.4213715726986493,184.0,184.0,183.0,182.0,181.0,181.0,181.0,180.0,180.0,180.0,180.0,180.0,180.0,180.0,175.0,175.0,175.0,174.0,174.0,174.0
real,300,gulf,9,LSTM-rec,3,crossing,2,144,222,0.5421369380713873,221.0,220.0,219.0,219.0,218.0,217.0,216.0,216.0,215.0,215.0,214.0,213.0,213.0,213.0,212.0,212.0,211.0,211.0,211.0,210.0
real,300,gulf,9,LSTM-rec,3,crossing,3,246,93,0.49408742772499,92.0,91.0,90.0,89.0,88.0,87.0,86.0,86.0,85.0,85.0,84.0,84.0,83.0,83.0,83.0,83.0,82.0,82.0,82.0,82.0
real,300,gulf,9,LSTM-rec,3,crossing,4,294,42,0.9427816262612745,41.0,40.0,39.0,39.0,38.0,37.0,36.0,36.0,35.0,35.0,34.0,33.0,33.0,32.0,32.0,31.0,31.0,31.0,31.0,30.0
real,300,gulf,9,LSTM-rec,3,crossing,5,340,19,1.0938513715542353,18.0,17.0,17.0,16.0,15.0,15.0,15.0,14.0,14.0,14.0,14.0,14.0,14.0,14.0,13.0,13.0,13.0,13.0,13.0,13.0
real,300,gulf,9,LSTM-rec,3,crossing,6,356,622,0.5837999220760901,621.0,620.0,620.0,619.0,618.0,618.0,617.0,616.0,616.0,615.0,615.0,615.0,614.0,614.0,613.0,613.0,613.0,612.0,612.0,612.0
real,300,gulf,9,LSTM-rec,3,crossing,7,364,95,0.6555552708329805,94.0,93.0,93.0,93.0,92.0,92.0,92.0,92.0,92.0,92.0,92.0,92.0,92.0,92.0,92.0,92.0,92.0,92.0,92.0,92.0
real,300,gulf,9,LSTM-ms,3,buffer,0,61,95,0.44448366988909965,6.0,6.0,6.0,6.0,6.0,6.0,6.0,6.0,6.0,6.0,6.0,6.0,6.0,6.0,6.0,6.0,6.0,6.0,6.0,6.0
real,300,gulf,9,LSTM-ms,3,buffer,1,107,189,0.4213715726986493,182.0,182.0,182.0,181.0,181.0,181.0,181.0,181.0,181.0,181.0,181.0,181.0,181.0,181.0,181.0,181.0,181.0,181.0,181.0,181.0
real,300,gulf,9,LSTM-ms,3,buffer,2,144,222,0.5421369380713873,219.0,219.0,219.0,218.0,218.0,217.0,217.0,217.0,216.0,216.0,215.0,215.0,215.0,214.0,214.0,214.0,213.0,213.0,213.0,213.0
real,300,gulf,9,LSTM-ms,3,buffer,3,246,93,0.49408742772499,87.0,87.0,87.0,86.0,86.0,86.0,86.0,86.0,86.0,86.0,86.0,86.0,85.0,85.0,85.0,85.0,85.0,85.0,85.0,85.0
real,300,gulf,9,LSTM-ms,3,buffer,4,294,42,0.9427816262612745,39.0,39.0,39.0,38.0,38.0,37.0,37.0,37.0,36.0,36.0,36.0,35.0,35.0,35.0,34.0,34.0,34.0,33.0,33.0,33.0
real,300,gulf,9,LSTM-ms,3,buffer,5,340,19,1.0938513715542353,17.0,17.0,16.0,16.0,16.0,15.0,15.0,15.0,15.0,15.0,15.0,14.0,14.0,14.0,14.0,14.0,14.0,14.0,14.0,14.0
real,300,gulf,9,LSTM-ms,3,buffer,6,356,622,0.5837999220760901,620.0,620.0,619.0,619.0,618.0,618.0,617.0,617.0,617.0,616.0,616.0,615.0,615.0,615.0,614.0,614.0,614.0,613.0,613.0,613.0
real,300,gulf,9,LSTM-ms,3,buffer,7,364,95,0.6555552708329805,93.0,93.0,93.0,93.0,93.0,92.0,92.0,92.0,92.0,92.0,92.0,92.0,92.0,92.0,92.0,92.0,92.0,92.0,92.0,92.0
real,300,gulf,9,LSTM-ms,3,crossing,0,61,95,0.44448366988909965,95.0,95.0,95.0,95.0,95.0,95.0,95.0,95.0,95.0,95.0,95.0,95.0,95.0,95.0,95.0,95.0,95.0,95.0,95.0,95.0
real,300,gulf,9,LSTM-ms,3,crossing,1,107,189,0.4213715726986493,190.0,190.0,190.0,184.0,184.0,184.0,184.0,184.0,184.0,184.0,184.0,184.0,183.0,183.0,183.0,183.0,183.0,183.0,183.0,183.0
real,300,gulf,9,LSTM-ms,3,crossing,2,144,222,0.5421369380713873,222.0,221.0,221.0,220.0,220.0,220.0,219.0,219.0,218.0,218.0,218.0,217.0,217.0,216.0,216.0,216.0,216.0,215.0,215.0,215.0
real,300,gulf,9,LSTM-ms,3,crossing,3,246,93,0.49408742772499,93.0,93.0,93.0,93.0,93.0,93.0,93.0,93.0,93.0,93.0,93.0,93.0,93.0,93.0,93.0,93.0,93.0,93.0,93.0,93.0
real,300,gulf,9,LSTM-ms,3,crossing,4,294,42,0.9427816262612745,42.0,41.0,41.0,40.0,40.0,40.0,39.0,39.0,39.0,38.0,38.0,38.0,37.0,37.0,37.0,36.0,36.0,36.0,36.0,35.0
real,300,gulf,9,LSTM-ms,3,crossing,5,340,19,1.0938513715542353,19.0,18.0,17.0,17.0,17.0,16.0,16.0,16.0,16.0,15.0,15.0,15.0,15.0,15.0,15.0,15.0,15.0,14.0,14.0,14.0
real,300,gulf,9,LSTM-ms,3,crossing,6,356,622,0.5837999220760901,622.0,621.0,620.0,620.0,620.0,619.0,619.0,618.0,618.0,617.0,617.0,617.0,616.0,616.0,616.0,615.0,615.0,615.0,615.0,614.0
real,300,gulf,9,LSTM-ms,3,crossing,7,364,95,0.6555552708329805,95.0,94.0,94.0,94.0,94.0,94.0,93.0,93.0,93.0,93.0,93.0,93.0,93.0,93.0,93.0,93.0,93.0,93.0,93.0,93.0
real,300,gulf,9,LSTM-rec,4,buffer,0,61,95,0.44448366988909965,6.0,6.0,6.0,6.0,6.0,6.0,6.0,6.0,6.0,6.0,6.0,6.0,6.0,6.0,6.0,6.0,6.0,6.0,6.0,6.0
real,300,gulf,9,LSTM-rec,4,buffer,1,107,189,0.4213715726986493,182.0,182.0,182.0,182.0,182.0,182.0,182.0,182.0,182.0,182.0,182.0,182.0,182.0,182.0,182.0,182.0,182.0,182.0,182.0,182.0
real,300,gulf,9,LSTM-rec,4,buffer,2,144,222,0.5421369380713873,219.0,219.0,219.0,219.0,219.0,219.0,219.0,219.0,219.0,219.0,219.0,219.0,219.0,219.0,219.0,219.0,219.0,219.0,219.0,219.0
real,300,gulf,9,LSTM-rec,4,buffer,3,246,93,0.49408742772499,87.0,87.0,87.0,87.0,87.0,87.0,87.0,87.0,87.0,87.0,87.0,87.0,87.0,87.0,87.0,87.0,87.0,87.0,87.0,87.0
real,300,gulf,9,LSTM-rec,4,buffer,4,294,42,0.9427816262612745,39.0,39.0,39.0,39.0,39.0,39.0,39.0,39.0,39.0,39.0,39.0,39.0,39.0,39.0,39.0,39.0,39.0,39.0,39.0,39.0
real,300,gulf,9,LSTM-rec,4,buffer,5,340,19,1.0938513715542353,17.0,17.0,16.0,16.0,16.0,16.0,16.0,16.0,16.0,16.0,16.0,16.0,16.0,16.0,16.0,16.0,16.0,16.0,16.0,16.0
real,300,gulf,9,LSTM-rec,4,buffer,6,356,622,0.5837999220760901,620.0,620.0,619.0,619.0,619.0,619.0,619.0,619.0,619.0,619.0,619.0,619.0,619.0,619.0,619.0,619.0,619.0,619.0,619.0,619.0
real,300,gulf,9,LSTM-rec,4,buffer,7,364,95,0.6555552708329805,93.0,92.0,92.0,92.0,92.0,92.0,92.0,92.0,92.0,92.0,92.0,92.0,92.0,92.0,92.0,92.0,92.0,92.0,92.0,92.0
real,300,gulf,9,LSTM-rec,4,crossing,0,61,95,0.44448366988909965,95.0,95.0,95.0,95.0,95.0,95.0,95.0,95.0,95.0,95.0,95.0,95.0,95.0,95.0,95.0,95.0,95.0,95.0,95.0,95.0
real,300,gulf,9,LSTM-rec,4,crossing,1,107,189,0.4213715726986493,189.0,189.0,189.0,189.0,189.0,189.0,189.0,189.0,189.0,189.0,189.0,189.0,189.0,189.0,189.0,189.0,189.0,189.0,189.0,189.0
real,300,gulf,9,LSTM-rec,4,crossing,2,144,222,0.5421369380713873,221.0,221.0,221.0,221.0,221.0,221.0,221.0,221.0,221.0,221.0,221.0,221.0,221.0,221.0,221.0,221.0,221.0,221.0,221.0,221.0
real,300,gulf,9,LSTM-rec,4,crossing,3,246,93,0.49408742772499,93.0,93.0,93.0,93.0,93.0,93.0,93.0,93.0,93.0,93.0,93.0,93.0,93.0,93.0,93.0,93.0,93.0,93.0,93.0,93.0
real,300,gulf,9,LSTM-rec,4,crossing,4,294,42,0.9427816262612745,42.0,41.0,41.0,41.0,41.0,41.0,41.0,41.0,41.0,41.0,41.0,41.0,41.0,41.0,41.0,41.0,41.0,41.0,41.0,41.0
real,300,gulf,9,LSTM-rec,4,crossing,5,340,19,1.0938513715542353,18.0,18.0,18.0,17.0,17.0,17.0,17.0,17.0,17.0,17.0,17.0,17.0,17.0,17.0,17.0,17.0,17.0,17.0,17.0,17.0
real,300,gulf,9,LSTM-rec,4,crossing,6,356,622,0.5837999220760901,621.0,621.0,621.0,620.0,620.0,620.0,620.0,620.0,620.0,620.0,620.0,620.0,620.0,620.0,620.0,620.0,620.0,620.0,620.0,620.0
real,300,gulf,9,LSTM-rec,4,crossing,7,364,95,0.6555552708329805,94.0,94.0,94.0,94.0,94.0,94.0,94.0,94.0,94.0,94.0,94.0,94.0,94.0,94.0,94.0,94.0,94.0,94.0,94.0,94.0
real,300,gulf,9,LSTM-ms,4,buffer,0,61,95,0.44448366988909965,6.0,6.0,6.0,6.0,6.0,6.0,6.0,6.0,6.0,6.0,6.0,6.0,6.0,6.0,6.0,6.0,6.0,6.0,6.0,6.0
real,300,gulf,9,LSTM-ms,4,buffer,1,107,189,0.4213715726986493,181.0,181.0,180.0,180.0,180.0,180.0,179.0,176.0,175.0,175.0,174.0,174.0,173.0,173.0,173.0,172.0,172.0,172.0,171.0,171.0
real,300,gulf,9,LSTM-ms,4,buffer,2,144,222,0.5421369380713873,219.0,218.0,218.0,217.0,216.0,215.0,215.0,214.0,214.0,213.0,213.0,212.0,212.0,211.0,211.0,210.0,210.0,210.0,209.0,209.0
real,300,gulf,9,LSTM-ms,4,buffer,3,246,93,0.49408742772499,86.0,85.0,85.0,84.0,83.0,82.0,82.0,81.0,81.0,80.0,80.0,80.0,79.0,79.0,78.0,78.0,78.0,78.0,78.0,78.0
real,300,gulf,9,LSTM-ms,4,buffer,4,294,42,0.9427816262612745,39.0,38.0,38.0,37.0,36.0,35.0,35.0,34.0,34.0,33.0,33.0,32.0,32.0,31.0,31.0,31.0,30.0,30.0,30.0,29.0
real,300,gulf,9,LSTM-ms,4,buffer,5,340,19,1.0938513715542353,17.0,16.0,16.0,15.0,15.0,15.0,15.0,15.0,14.0,14.0,14.0,14.0,14.0,14.0,14.0,14.0,14.0,14.0,14.0,14.0
real,300,gulf,9,LSTM-ms,4,buffer,6,356,622,0.5837999220760901,620.0,619.0,619.0,618.0,617.0,616.0,616.0,615.0,615.0,614.0,614.0,613.0,613.0,612.0,612.0,611.0,611.0,611.0,610.0,610.0
real,300,gulf,9,LSTM-ms,4,buffer,7,364,95,0.6555552708329805,93.0,92.0,92.0,92.0,92.0,92.0,92.0,92.0,92.0,74.0,74.0,73.0,73.0,73.0,72.0,72.0,72.0,71.0,71.0,71.0
real,300,gulf,9,LSTM-ms,4,crossing,0,61,95,0.44448366988909965,95.0,94.0,94.0,94.0,94.0,94.0,93.0,93.0,93.0,93.0,93.0,93.0,93.0,93.0,93.0,93.0,93.0,93.0,93.0,93.0
real,300,gulf,9,LSTM-ms,4,crossing,1,107,189,0.4213715726986493,188.0,184.0,184.0,183.0,182.0,181.0,181.0,181.0,181.0,180.0,180.0,180.0,180.0,180.0,180.0,180.0,180.0,180.0,175.0,175.0
real,300,gulf,9,LSTM-ms,4,crossing,2,144,222,0.5421369380713873,221.0,220.0,220.0,219.0,218.0,218.0,217.0,216.0,216.0,215.0,215.0,214.0,214.0,213.0,213.0,212.0,212.0,212.0,211.0,211.0
real,300,gulf,9,LSTM-ms,4,crossing,3,246,93,0.49408742772499,92.0,91.0,90.0,89.0,88.0,87.0,86.0,86.0,85.0,85.0,84.0,84.0,83.0,83.0,83.0,82.0,82.0,82.0,81.0,81.0
real,300,gulf,9,LSTM-ms,4,crossing,4,294,42,0.9427816262612745,41.0,41.0,40.0,39.0,38.0,38.0,37.0,37.0,36.0,36.0,35.0,35.0,34.0,34.0,33.0,33.0,32.0,32.0,32.0,31.0
real,300,gulf,9,LSTM-ms,4,crossing,5,340,19,1.0938513715542353,18.0,18.0,17.0,16.0,16.0,16.0,15.0,15.0,15.0,15.0,15.0,15.0,15.0,15.0,14.0,14.0,14.0,14.0,14.0,14.0
real,300,gulf,9,LSTM-ms,4,crossing,6,356,622,0.5837999220760901,621.0,621.0,620.0,619.0,618.0,618.0,617.0,617.0,616.0,616.0,615.0,615.0,614.0,614.0,613.0,613.0,612.0,612.0,611.0,611.0
real,300,gulf,9,LSTM-ms,4,crossing,7,364,95,0.6555552708329805,94.0,94.0,94.0,93.0,93.0,93.0,93.0,93.0,93.0,93.0,92.0,92.0,92.0,92.0,92.0,92.0,92.0,92.0,92.0,92.0
real,300,gulf,10,Reactive,0,zone,0,206,30,0.3921923424396899,24.0,24.0,24.0,24.0,24.0,24.0,24.0,24.0,24.0,24.0,24.0,24.0,24.0,24.0,24.0,24.0,24.0,24.0,24.0,24.0
real,300,gulf,10,Reactive,0,zone,1,213,41,0.5473802931697426,30.0,30.0,30.0,30.0,30.0,30.0,30.0,30.0,30.0,30.0,30.0,30.0,30.0,30.0,30.0,30.0,30.0,30.0,30.0,30.0
real,300,gulf,10,Reactive,0,zone,2,252,11,0.6117606889127456,8.0,8.0,8.0,8.0,8.0,8.0,8.0,8.0,8.0,8.0,8.0,8.0,8.0,8.0,8.0,8.0,8.0,8.0,8.0,8.0
real,300,gulf,10,Reactive,0,zone,3,260,240,0.6888460239393783,236.0,236.0,236.0,236.0,236.0,236.0,236.0,236.0,236.0,236.0,236.0,236.0,236.0,236.0,236.0,236.0,236.0,236.0,236.0,236.0
real,300,gulf,10,Reactive,0,zone,4,293,45,0.8897942832931157,41.0,41.0,41.0,41.0,41.0,41.0,41.0,41.0,41.0,41.0,41.0,41.0,41.0,41.0,41.0,41.0,41.0,41.0,41.0,41.0
real,300,gulf,10,Reactive,0,zone,5,348,26,0.5068320744894578,22.0,22.0,22.0,22.0,22.0,22.0,22.0,22.0,22.0,22.0,22.0,22.0,22.0,22.0,22.0,22.0,22.0,22.0,22.0,22.0
real,300,gulf,10,Reactive,0,zone,6,386,84,0.5167562859713317,80.0,80.0,80.0,80.0,80.0,80.0,80.0,80.0,80.0,80.0,80.0,80.0,80.0,80.0,80.0,80.0,80.0,80.0,80.0,80.0
real,300,gulf,10,Reactive,0,zone,7,389,7,1.3747234783436761,4.0,4.0,4.0,4.0,4.0,4.0,4.0,4.0,4.0,4.0,4.0,4.0,4.0,4.0,4.0,4.0,4.0,4.0,4.0,4.0
real,300,gulf,10,Reactive,0,zone,8,414,12,0.15549653869616353,3.0,3.0,3.0,3.0,3.0,3.0,3.0,3.0,3.0,3.0,3.0,3.0,3.0,3.0,3.0,3.0,3.0,3.0,3.0,3.0
real,300,gulf,10,Reactive,0,zone,9,468,11,0.91333226790448,5.0,5.0,5.0,5.0,5.0,5.0,5.0,5.0,5.0,5.0,5.0,5.0,5.0,5.0,5.0,5.0,5.0,5.0,5.0,5.0
real,300,gulf,10,Analytic,0,buffer,0,206,30,0.3921923424396899,23.0,22.0,21.0,20.0,18.0,17.0,17.0,16.0,16.0,14.0,11.0,10.0,6.0,6.0,6.0,6.0,6.0,6.0,6.0,6.0
real,300,gulf,10,Analytic,0,buffer,1,213,41,0.5473802931697426,28.0,27.0,26.0,26.0,25.0,25.0,24.0,24.0,24.0,24.0,24.0,23.0,23.0,11.0,9.0,7.0,7.0,6.0,6.0,6.0
real,300,gulf,10,Analytic,0,buffer,2,252,11,0.6117606889127456,7.0,6.0,6.0,6.0,6.0,6.0,6.0,6.0,6.0,6.0,6.0,6.0,6.0,6.0,6.0,6.0,6.0,6.0,6.0,6.0
real,300,gulf,10,Analytic,0,buffer,3,260,240,0.6888460239393783,235.0,234.0,233.0,232.0,231.0,230.0,229.0,229.0,228.0,227.0,227.0,226.0,225.0,225.0,210.0,209.0,208.0,206.0,205.0,204.0
real,300,gulf,10,Analytic,0,buffer,4,293,45,0.8897942832931157,40.0,39.0,38.0,33.0,32.0,32.0,31.0,30.0,30.0,30.0,29.0,29.0,29.0,29.0,28.0,28.0,28.0,27.0,27.0,24.0
real,300,gulf,10,Analytic,0,buffer,5,348,26,0.5068320744894578,21.0,20.0,19.0,18.0,18.0,10.0,10.0,9.0,8.0,7.0,6.0,6.0,6.0,6.0,6.0,6.0,6.0,6.0,6.0,6.0
real,300,gulf,10,Analytic,0,buffer,6,386,84,0.5167562859713317,79.0,78.0,77.0,76.0,76.0,75.0,75.0,74.0,73.0,61.0,60.0,59.0,59.0,58.0,58.0,57.0,57.0,56.0,56.0,56.0
real,300,gulf,10,Analytic,0,buffer,7,389,7,1.3747234783436761,6.0,6.0,6.0,6.0,6.0,6.0,6.0,6.0,6.0,6.0,6.0,6.0,6.0,6.0,6.0,6.0,6.0,6.0,6.0,6.0
real,300,gulf,10,Analytic,0,buffer,8,414,12,0.15549653869616353,6.0,6.0,6.0,6.0,6.0,6.0,6.0,6.0,6.0,6.0,6.0,6.0,6.0,6.0,6.0,6.0,6.0,6.0,6.0,6.0
real,300,gulf,10,Analytic,0,buffer,9,468,11,0.91333226790448,6.0,6.0,6.0,6.0,6.0,6.0,6.0,6.0,6.0,6.0,6.0,6.0,6.0,6.0,6.0,6.0,6.0,6.0,6.0,6.0
real,300,gulf,10,Analytic,0,crossing,0,206,30,0.3921923424396899,29.0,28.0,28.0,24.0,24.0,23.0,23.0,21.0,18.0,18.0,17.0,16.0,16.0,15.0,11.0,6.0,6.0,6.0,6.0,6.0
real,300,gulf,10,Analytic,0,crossing,1,213,41,0.5473802931697426,40.0,38.0,36.0,35.0,34.0,28.0,27.0,26.0,26.0,25.0,25.0,25.0,25.0,24.0,24.0,24.0,24.0,24.0,10.0,8.0
real,300,gulf,10,Analytic,0,crossing,2,252,11,0.6117606889127456,10.0,9.0,8.0,7.0,6.0,6.0,6.0,6.0,6.0,6.0,6.0,6.0,6.0,6.0,6.0,6.0,6.0,6.0,6.0,6.0
real,300,gulf,10,Analytic,0,crossing,3,260,240,0.6888460239393783,239.0,238.0,237.0,236.0,235.0,234.0,233.0,232.0,231.0,230.0,229.0,229.0,228.0,227.0,227.0,226.0,226.0,209.0,208.0,207.0
real,300,gulf,10,Analytic,0,crossing,4,293,45,0.8897942832931157,43.0,42.0,41.0,40.0,39.0,33.0,32.0,31.0,31.0,30.0,30.0,30.0,30.0,29.0,29.0,29.0,28.0,28.0,28.0,28.0
real,300,gulf,10,Analytic,0,crossing,5,348,26,0.5068320744894578,25.0,24.0,23.0,22.0,21.0,20.0,19.0,19.0,19.0,18.0,10.0,9.0,8.0,7.0,6.0,6.0,6.0,6.0,6.0,6.0
real,300,gulf,10,Analytic,0,crossing,6,386,84,0.5167562859713317,83.0,82.0,81.0,80.0,78.0,78.0,77.0,76.0,76.0,75.0,75.0,61.0,60.0,59.0,59.0,58.0,58.0,57.0,57.0,56.0
real,300,gulf,10,Analytic,0,crossing,7,389,7,1.3747234783436761,6.0,6.0,6.0,6.0,6.0,6.0,6.0,6.0,6.0,6.0,6.0,6.0,6.0,6.0,6.0,6.0,6.0,6.0,6.0,6.0
real,300,gulf,10,Analytic,0,crossing,8,414,12,0.15549653869616353,12.0,11.0,11.0,11.0,9.0,8.0,6.0,6.0,6.0,6.0,6.0,6.0,6.0,6.0,6.0,6.0,6.0,6.0,6.0,6.0
real,300,gulf,10,Analytic,0,crossing,9,468,11,0.91333226790448,11.0,9.0,7.0,6.0,6.0,6.0,6.0,6.0,6.0,6.0,6.0,6.0,6.0,6.0,6.0,6.0,6.0,6.0,6.0,6.0
real,300,gulf,10,ConstVel,0,buffer,0,206,30,0.3921923424396899,23.0,22.0,21.0,21.0,18.0,17.0,16.0,15.0,15.0,14.0,10.0,9.0,8.0,8.0,8.0,7.0,7.0,6.0,6.0,6.0
real,300,gulf,10,ConstVel,0,buffer,1,213,41,0.5473802931697426,28.0,27.0,26.0,25.0,24.0,23.0,23.0,23.0,22.0,22.0,22.0,22.0,22.0,22.0,11.0,9.0,6.0,6.0,6.0,6.0
real,300,gulf,10,ConstVel,0,buffer,2,252,11,0.6117606889127456,7.0,6.0,6.0,6.0,6.0,6.0,6.0,6.0,6.0,6.0,6.0,6.0,6.0,6.0,6.0,6.0,6.0,6.0,6.0,6.0
real,300,gulf,10,ConstVel,0,buffer,3,260,240,0.6888460239393783,235.0,234.0,233.0,232.0,231.0,230.0,229.0,228.0,227.0,227.0,226.0,225.0,225.0,224.0,223.0,209.0,208.0,207.0,205.0,205.0
real,300,gulf,10,ConstVel,0,buffer,4,293,45,0.8897942832931157,40.0,39.0,38.0,37.0,32.0,31.0,30.0,29.0,28.0,28.0,28.0,28.0,28.0,28.0,27.0,27.0,27.0,26.0,26.0,23.0
real,300,gulf,10,ConstVel,0,buffer,5,348,26,0.5068320744894578,21.0,20.0,19.0,17.0,17.0,10.0,9.0,9.0,8.0,7.0,6.0,6.0,6.0,6.0,6.0,6.0,6.0,6.0,6.0,6.0
real,300,gulf,10,ConstVel,0,buffer,6,386,84,0.5167562859713317,79.0,78.0,77.0,76.0,75.0,75.0,74.0,73.0,72.0,72.0,59.0,59.0,58.0,58.0,57.0,56.0,55.0,55.0,54.0,54.0
real,300,gulf,10,ConstVel,0,buffer,7,389,7,1.3747234783436761,6.0,6.0,6.0,6.0,6.0,6.0,6.0,6.0,6.0,6.0,6.0,6.0,6.0,6.0,6.0,6.0,6.0,6.0,6.0,6.0
real,300,gulf,10,ConstVel,0,buffer,8,414,12,0.15549653869616353,6.0,6.0,6.0,6.0,6.0,6.0,6.0,6.0,6.0,6.0,6.0,6.0,6.0,6.0,6.0,6.0,6.0,6.0,6.0,6.0
real,300,gulf,10,ConstVel,0,buffer,9,468,11,0.91333226790448,6.0,6.0,6.0,6.0,6.0,6.0,6.0,6.0,6.0,6.0,6.0,6.0,6.0,6.0,6.0,6.0,6.0,6.0,6.0,6.0
real,300,gulf,10,ConstVel,0,crossing,0,206,30,0.3921923424396899,28.0,28.0,24.0,23.0,23.0,23.0,22.0,21.0,18.0,17.0,16.0,15.0,15.0,14.0,10.0,8.0,8.0,8.0,8.0,8.0
real,300,gulf,10,ConstVel,0,crossing,1,213,41,0.5473802931697426,41.0,40.0,39.0,34.0,34.0,28.0,27.0,26.0,24.0,23.0,23.0,23.0,23.0,23.0,22.0,22.0,22.0,22.0,22.0,10.0
real,300,gulf,10,ConstVel,0,crossing,2,252,11,0.6117606889127456,10.0,9.0,8.0,7.0,6.0,6.0,6.0,6.0,6.0,6.0,6.0,6.0,6.0,6.0,6.0,6.0,6.0,6.0,6.0,6.0
real,300,gulf,10,ConstVel,0,crossing,3,260,240,0.6888460239393783,239.0,238.0,237.0,236.0,235.0,234.0,233.0,232.0,231.0,230.0,229.0,228.0,227.0,227.0,226.0,226.0,225.0,210.0,209.0,207.0
real,300,gulf,10,ConstVel,0,crossing,4,293,45,0.8897942832931157,44.0,42.0,41.0,40.0,39.0,38.0,32.0,31.0,30.0,29.0,28.0,28.0,28.0,28.0,28.0,28.0,28.0,27.0,27.0,27.0
real,300,gulf,10,ConstVel,0,crossing,5,348,26,0.5068320744894578,25.0,24.0,23.0,22.0,21.0,20.0,19.0,17.0,17.0,10.0,9.0,9.0,8.0,7.0,6.0,6.0,6.0,6.0,6.0,6.0
real,300,gulf,10,ConstVel,0,crossing,6,386,84,0.5167562859713317,83.0,82.0,81.0,80.0,79.0,77.0,76.0,76.0,75.0,75.0,74.0,59.0,59.0,59.0,58.0,58.0,57.0,56.0,55.0,55.0
real,300,gulf,10,ConstVel,0,crossing,7,389,7,1.3747234783436761,6.0,6.0,6.0,6.0,6.0,6.0,6.0,6.0,6.0,6.0,6.0,6.0,6.0,6.0,6.0,6.0,6.0,6.0,6.0,6.0
real,300,gulf,10,ConstVel,0,crossing,8,414,12,0.15549653869616353,11.0,11.0,11.0,11.0,9.0,8.0,7.0,7.0,6.0,6.0,6.0,6.0,6.0,6.0,6.0,6.0,6.0,6.0,6.0,6.0
real,300,gulf,10,ConstVel,0,crossing,9,468,11,0.91333226790448,10.0,10.0,9.0,8.0,8.0,7.0,6.0,6.0,6.0,6.0,6.0,6.0,6.0,6.0,6.0,6.0,6.0,6.0,6.0,6.0
real,300,gulf,10,Kalman,0,buffer,0,206,30,0.3921923424396899,23.0,22.0,22.0,21.0,18.0,17.0,16.0,16.0,15.0,14.0,10.0,9.0,9.0,8.0,8.0,7.0,6.0,6.0,6.0,6.0
real,300,gulf,10,Kalman,0,buffer,1,213,41,0.5473802931697426,28.0,27.0,26.0,25.0,24.0,24.0,23.0,23.0,23.0,23.0,23.0,23.0,22.0,22.0,10.0,9.0,6.0,6.0,6.0,6.0
real,300,gulf,10,Kalman,0,buffer,2,252,11,0.6117606889127456,7.0,6.0,6.0,6.0,6.0,6.0,6.0,6.0,6.0,6.0,6.0,6.0,6.0,6.0,6.0,6.0,6.0,6.0,6.0,6.0
real,300,gulf,10,Kalman,0,buffer,3,260,240,0.6888460239393783,235.0,234.0,233.0,232.0,231.0,230.0,229.0,228.0,227.0,227.0,226.0,226.0,225.0,224.0,210.0,209.0,208.0,207.0,205.0,204.0
real,300,gulf,10,Kalman,0,buffer,4,293,45,0.8897942832931157,40.0,39.0,38.0,37.0,32.0,31.0,30.0,30.0,29.0,29.0,28.0,28.0,28.0,28.0,28.0,28.0,27.0,27.0,27.0,24.0
real,300,gulf,10,Kalman,0,buffer,5,348,26,0.5068320744894578,21.0,20.0,19.0,18.0,17.0,10.0,9.0,9.0,8.0,7.0,6.0,6.0,6.0,6.0,6.0,6.0,6.0,6.0,6.0,6.0
real,300,gulf,10,Kalman,0,buffer,6,386,84,0.5167562859713317,79.0,78.0,77.0,76.0,76.0,75.0,74.0,73.0,73.0,72.0,59.0,59.0,58.0,58.0,57.0,56.0,56.0,55.0,55.0,55.0
real,300,gulf,10,Kalman,0,buffer,7,389,7,1.3747234783436761,6.0,6.0,6.0,6.0,6.0,6.0,6.0,6.0,6.0,6.0,6.0,6.0,6.0,6.0,6.0,6.0,6.0,6.0,6.0,6.0
real,300,gulf,10,Kalman,0,buffer,8,414,12,0.15549653869616353,6.0,6.0,6.0,6.0,6.0,6.0,6.0,6.0,6.0,6.0,6.0,6.0,6.0,6.0,6.0,6.0,6.0,6.0,6.0,6.0
real,300,gulf,10,Kalman,0,buffer,9,468,11,0.91333226790448,6.0,6.0,6.0,6.0,6.0,6.0,6.0,6.0,6.0,6.0,6.0,6.0,6.0,6.0,6.0,6.0,6.0,6.0,6.0,6.0
real,300,gulf,10,Kalman,0,crossing,0,206,30,0.3921923424396899,28.0,28.0,24.0,24.0,23.0,23.0,22.0,22.0,18.0,17.0,16.0,16.0,15.0,15.0,10.0,9.0,8.0,8.0,8.0,8.0
real,300,gulf,10,Kalman,0,crossing,1,213,41,0.5473802931697426,41.0,40.0,38.0,34.0,34.0,28.0,27.0,25.0,24.0,24.0,24.0,23.0,23.0,23.0,23.0,23.0,23.0,23.0,11.0,10.0
real,300,gulf,10,Kalman,0,crossing,2,252,11,0.6117606889127456,10.0,9.0,8.0,7.0,6.0,6.0,6.0,6.0,6.0,6.0,6.0,6.0,6.0,6.0,6.0,6.0,6.0,6.0,6.0,6.0
real,300,gulf,10,Kalman,0,crossing,3,260,240,0.6888460239393783,239.0,238.0,237.0,236.0,235.0,234.0,233.0,232.0,231.0,230.0,229.0,228.0,227.0,227.0,227.0,226.0,225.0,210.0,208.0,207.0
real,300,gulf,10,Kalman,0,crossing,4,293,45,0.8897942832931157,44.0,42.0,41.0,40.0,39.0,33.0,32.0,31.0,30.0,29.0,29.0,29.0,28.0,28.0,28.0,28.0,28.0,28.0,27.0,27.0
real,300,gulf,10,Kalman,0,crossing,5,348,26,0.5068320744894578,25.0,24.0,23.0,22.0,21.0,20.0,19.0,18.0,17.0,10.0,10.0,9.0,8.0,7.0,6.0,6.0,6.0,6.0,6.0,6.0
real,300,gulf,10,Kalman,0,crossing,6,386,84,0.5167562859713317,83.0,82.0,81.0,80.0,78.0,77.0,76.0,76.0,75.0,75.0,74.0,74.0,59.0,59.0,58.0,58.0,57.0,56.0,56.0,55.0
real,300,gulf,10,Kalman,0,crossing,7,389,7,1.3747234783436761,6.0,6.0,6.0,6.0,6.0,6.0,6.0,6.0,6.0,6.0,6.0,6.0,6.0,6.0,6.0,6.0,6.0,6.0,6.0,6.0
real,300,gulf,10,Kalman,0,crossing,8,414,12,0.15549653869616353,11.0,11.0,11.0,11.0,9.0,8.0,7.0,6.0,6.0,6.0,6.0,6.0,6.0,6.0,6.0,6.0,6.0,6.0,6.0,6.0
real,300,gulf,10,Kalman,0,crossing,9,468,11,0.91333226790448,10.0,10.0,9.0,6.0,6.0,6.0,6.0,6.0,6.0,6.0,6.0,6.0,6.0,6.0,6.0,6.0,6.0,6.0,6.0,6.0
real,300,gulf,10,LSTM-rec,0,buffer,0,206,30,0.3921923424396899,23.0,23.0,22.0,22.0,21.0,21.0,21.0,18.0,18.0,18.0,17.0,17.0,17.0,17.0,17.0,17.0,17.0,17.0,17.0,17.0
real,300,gulf,10,LSTM-rec,0,buffer,1,213,41,0.5473802931697426,28.0,28.0,27.0,26.0,26.0,25.0,25.0,25.0,25.0,24.0,24.0,24.0,24.0,24.0,24.0,24.0,24.0,24.0,24.0,24.0
real,300,gulf,10,LSTM-rec,0,buffer,2,252,11,0.6117606889127456,7.0,6.0,6.0,6.0,6.0,6.0,6.0,6.0,6.0,6.0,6.0,6.0,6.0,6.0,6.0,6.0,6.0,6.0,6.0,6.0
real,300,gulf,10,LSTM-rec,0,buffer,3,260,240,0.6888460239393783,235.0,234.0,234.0,233.0,232.0,232.0,231.0,231.0,231.0,230.0,230.0,230.0,230.0,230.0,230.0,230.0,230.0,230.0,230.0,230.0
real,300,gulf,10,LSTM-rec,0,buffer,4,293,45,0.8897942832931157,40.0,39.0,39.0,38.0,37.0,33.0,32.0,32.0,32.0,31.0,31.0,31.0,31.0,31.0,30.0,30.0,30.0,30.0,30.0,30.0
real,300,gulf,10,LSTM-rec,0,buffer,5,348,26,0.5068320744894578,21.0,20.0,19.0,19.0,18.0,18.0,18.0,18.0,18.0,17.0,10.0,10.0,10.0,10.0,10.0,10.0,10.0,10.0,10.0,10.0
real,300,gulf,10,LSTM-rec,0,buffer,6,386,84,0.5167562859713317,79.0,78.0,77.0,77.0,76.0,76.0,76.0,76.0,75.0,75.0,75.0,75.0,75.0,75.0,75.0,75.0,75.0,75.0,75.0,75.0
real,300,gulf,10,LSTM-rec,0,buffer,7,389,7,1.3747234783436761,6.0,6.0,6.0,6.0,6.0,6.0,6.0,6.0,6.0,6.0,6.0,6.0,6.0,6.0,6.0,6.0,6.0,6.0,6.0,6.0
real,300,gulf,10,LSTM-rec,0,buffer,8,414,12,0.15549653869616353,6.0,6.0,6.0,6.0,6.0,6.0,6.0,6.0,6.0,6.0,6.0,6.0,6.0,6.0,6.0,6.0,6.0,6.0,6.0,6.0
real,300,gulf,10,LSTM-rec,0,buffer,9,468,11,0.91333226790448,6.0,6.0,6.0,6.0,6.0,6.0,6.0,6.0,6.0,6.0,6.0,6.0,6.0,6.0,6.0,6.0,6.0,6.0,6.0,6.0
real,300,gulf,10,LSTM-rec,0,crossing,0,206,30,0.3921923424396899,28.0,28.0,28.0,24.0,24.0,24.0,23.0,23.0,23.0,23.0,23.0,23.0,23.0,23.0,23.0,23.0,23.0,23.0,23.0,23.0
real,300,gulf,10,LSTM-rec,0,crossing,1,213,41,0.5473802931697426,41.0,41.0,40.0,40.0,40.0,40.0,40.0,40.0,40.0,40.0,28.0,28.0,28.0,28.0,28.0,28.0,28.0,28.0,28.0,28.0
real,300,gulf,10,LSTM-rec,0,crossing,2,252,11,0.6117606889127456,10.0,9.0,9.0,8.0,7.0,7.0,7.0,6.0,6.0,6.0,6.0,6.0,6.0,6.0,6.0,6.0,6.0,6.0,6.0,6.0
real,300,gulf,10,LSTM-rec,0,crossing,3,260,240,0.6888460239393783,239.0,238.0,238.0,237.0,236.0,236.0,235.0,235.0,235.0,234.0,234.0,234.0,234.0,234.0,234.0,234.0,234.0,234.0,234.0,234.0
real,300,gulf,10,LSTM-rec,0,crossing,4,293,45,0.8897942832931157,44.0,43.0,42.0,41.0,41.0,40.0,40.0,39.0,39.0,33.0,33.0,32.0,32.0,32.0,32.0,32.0,31.0,31.0,31.0,31.0
real,300,gulf,10,LSTM-rec,0,crossing,5,348,26,0.5068320744894578,25.0,25.0,24.0,23.0,23.0,22.0,22.0,21.0,21.0,21.0,20.0,20.0,20.0,20.0,20.0,20.0,20.0,20.0,20.0,20.0
real,300,gulf,10,LSTM-rec,0,crossing,6,386,84,0.5167562859713317,83.0,82.0,81.0,81.0,80.0,80.0,79.0,79.0,78.0,77.0,77.0,77.0,77.0,77.0,77.0,77.0,77.0,77.0,77.0,77.0
real,300,gulf,10,LSTM-rec,0,crossing,7,389,7,1.3747234783436761,6.0,6.0,6.0,6.0,6.0,6.0,6.0,6.0,6.0,6.0,6.0,6.0,6.0,6.0,6.0,6.0,6.0,6.0,6.0,6.0
real,300,gulf,10,LSTM-rec,0,crossing,8,414,12,0.15549653869616353,11.0,11.0,11.0,11.0,11.0,11.0,11.0,11.0,11.0,11.0,11.0,11.0,11.0,11.0,11.0,11.0,11.0,11.0,11.0,11.0
real,300,gulf,10,LSTM-rec,0,crossing,9,468,11,0.91333226790448,11.0,10.0,10.0,9.0,8.0,8.0,6.0,6.0,6.0,6.0,6.0,6.0,6.0,6.0,6.0,6.0,6.0,6.0,6.0,6.0
real,300,gulf,10,LSTM-ms,0,buffer,0,206,30,0.3921923424396899,23.0,22.0,21.0,19.0,18.0,17.0,16.0,16.0,15.0,15.0,14.0,13.0,10.0,9.0,9.0,8.0,6.0,6.0,6.0,6.0
real,300,gulf,10,LSTM-ms,0,buffer,1,213,41,0.5473802931697426,28.0,27.0,26.0,25.0,25.0,24.0,24.0,23.0,23.0,23.0,23.0,22.0,22.0,15.0,11.0,10.0,9.0,8.0,7.0,6.0
real,300,gulf,10,LSTM-ms,0,buffer,2,252,11,0.6117606889127456,7.0,6.0,6.0,6.0,6.0,6.0,6.0,6.0,6.0,6.0,6.0,6.0,6.0,6.0,6.0,6.0,6.0,6.0,6.0,6.0
real,300,gulf,10,LSTM-ms,0,buffer,3,260,240,0.6888460239393783,235.0,234.0,233.0,232.0,231.0,230.0,229.0,229.0,228.0,227.0,227.0,226.0,226.0,225.0,225.0,224.0,223.0,223.0,222.0,210.0
real,300,gulf,10,LSTM-ms,0,buffer,4,293,45,0.8897942832931157,40.0,39.0,38.0,37.0,33.0,32.0,32.0,31.0,31.0,30.0,30.0,30.0,29.0,29.0,29.0,29.0,29.0,28.0,28.0,28.0
real,300,gulf,10,LSTM-ms,0,buffer,5,348,26,0.5068320744894578,21.0,19.0,19.0,18.0,18.0,10.0,9.0,9.0,8.0,7.0,6.0,6.0,6.0,6.0,6.0,6.0,6.0,6.0,6.0,6.0
real,300,gulf,10,LSTM-ms,0,buffer,6,386,84,0.5167562859713317,79.0,78.0,77.0,76.0,76.0,75.0,74.0,74.0,73.0,72.0,72.0,71.0,63.0,61.0,60.0,60.0,59.0,59.0,59.0,58.0
real,300,gulf,10,LSTM-ms,0,buffer,7,389,7,1.3747234783436761,6.0,6.0,6.0,6.0,6.0,6.0,6.0,6.0,6.0,6.0,6.0,6.0,6.0,6.0,6.0,6.0,6.0,6.0,6.0,6.0
real,300,gulf,10,LSTM-ms,0,buffer,8,414,12,0.15549653869616353,6.0,6.0,6.0,6.0,6.0,6.0,6.0,6.0,6.0,6.0,6.0,6.0,6.0,6.0,6.0,6.0,6.0,6.0,6.0,6.0
real,300,gulf,10,LSTM-ms,0,buffer,9,468,11,0.91333226790448,6.0,6.0,6.0,6.0,6.0,6.0,6.0,6.0,6.0,6.0,6.0,6.0,6.0,6.0,6.0,6.0,6.0,6.0,6.0,6.0
real,300,gulf,10,LSTM-ms,0,crossing,0,206,30,0.3921923424396899,28.0,28.0,24.0,24.0,23.0,23.0,22.0,21.0,21.0,18.0,17.0,17.0,16.0,16.0,15.0,15.0,14.0,10.0,10.0,9.0
real,300,gulf,10,LSTM-ms,0,crossing,1,213,41,0.5473802931697426,39.0,36.0,35.0,34.0,28.0,27.0,26.0,26.0,25.0,25.0,25.0,24.0,24.0,24.0,24.0,23.0,23.0,23.0,23.0,23.0
real,300,gulf,10,LSTM-ms,0,crossing,2,252,11,0.6117606889127456,10.0,9.0,8.0,7.0,6.0,6.0,6.0,6.0,6.0,6.0,6.0,6.0,6.0,6.0,6.0,6.0,6.0,6.0,6.0,6.0
real,300,gulf,10,LSTM-ms,0,crossing,3,260,240,0.6888460239393783,239.0,238.0,237.0,236.0,235.0,234.0,233.0,232.0,231.0,231.0,230.0,229.0,229.0,228.0,228.0,227.0,227.0,226.0,226.0,225.0
real,300,gulf,10,LSTM-ms,0,crossing,4,293,45,0.8897942832931157,43.0,42.0,41.0,40.0,39.0,38.0,33.0,33.0,32.0,32.0,31.0,31.0,30.0,30.0,30.0,30.0,29.0,29.0,29.0,29.0
real,300,gulf,10,LSTM-ms,0,crossing,5,348,26,0.5068320744894578,25.0,24.0,23.0,22.0,21.0,20.0,19.0,19.0,18.0,18.0,10.0,10.0,9.0,8.0,8.0,7.0,6.0,6.0,6.0,6.0
real,300,gulf,10,LSTM-ms,0,crossing,6,386,84,0.5167562859713317,83.0,82.0,81.0,80.0,78.0,77.0,77.0,76.0,76.0,76.0,75.0,75.0,74.0,74.0,73.0,72.0,62.0,61.0,60.0,59.0
real,300,gulf,10,LSTM-ms,0,crossing,7,389,7,1.3747234783436761,6.0,6.0,6.0,6.0,6.0,6.0,6.0,6.0,6.0,6.0,6.0,6.0,6.0,6.0,6.0,6.0,6.0,6.0,6.0,6.0
real,300,gulf,10,LSTM-ms,0,crossing,8,414,12,0.15549653869616353,11.0,11.0,10.0,8.0,6.0,6.0,6.0,6.0,6.0,6.0,6.0,6.0,6.0,6.0,6.0,6.0,6.0,6.0,6.0,6.0
real,300,gulf,10,LSTM-ms,0,crossing,9,468,11,0.91333226790448,10.0,9.0,8.0,6.0,6.0,6.0,6.0,6.0,6.0,6.0,6.0,6.0,6.0,6.0,6.0,6.0,6.0,6.0,6.0,6.0
real,300,gulf,10,LSTM-rec,1,buffer,0,206,30,0.3921923424396899,23.0,23.0,22.0,21.0,21.0,21.0,21.0,21.0,18.0,18.0,18.0,18.0,18.0,18.0,18.0,18.0,18.0,18.0,18.0,18.0
real,300,gulf,10,LSTM-rec,1,buffer,1,213,41,0.5473802931697426,28.0,28.0,27.0,26.0,26.0,26.0,25.0,25.0,25.0,25.0,25.0,25.0,25.0,25.0,25.0,25.0,25.0,25.0,25.0,25.0
real,300,gulf,10,LSTM-rec,1,buffer,2,252,11,0.6117606889127456,7.0,6.0,6.0,6.0,6.0,6.0,6.0,6.0,6.0,6.0,6.0,6.0,6.0,6.0,6.0,6.0,6.0,6.0,6.0,6.0
real,300,gulf,10,LSTM-rec,1,buffer,3,260,240,0.6888460239393783,235.0,234.0,234.0,233.0,232.0,232.0,231.0,231.0,231.0,230.0,230.0,230.0,230.0,230.0,230.0,230.0,230.0,230.0,230.0,230.0
real,300,gulf,10,LSTM-rec,1,buffer,4,293,45,0.8897942832931157,40.0,39.0,39.0,38.0,37.0,37.0,33.0,32.0,32.0,32.0,32.0,32.0,32.0,31.0,31.0,31.0,31.0,31.0,31.0,31.0
real,300,gulf,10,LSTM-rec,1,buffer,5,348,26,0.5068320744894578,21.0,20.0,19.0,19.0,19.0,18.0,18.0,18.0,18.0,18.0,18.0,10.0,10.0,10.0,10.0,10.0,10.0,10.0,10.0,10.0
real,300,gulf,10,LSTM-rec,1,buffer,6,386,84,0.5167562859713317,79.0,78.0,77.0,77.0,76.0,76.0,76.0,76.0,76.0,75.0,75.0,75.0,75.0,75.0,75.0,75.0,75.0,75.0,75.0,75.0
real,300,gulf,10,LSTM-rec,1,buffer,7,389,7,1.3747234783436761,6.0,6.0,6.0,6.0,6.0,6.0,6.0,6.0,6.0,6.0,6.0,6.0,6.0,6.0,6.0,6.0,6.0,6.0,6.0,6.0
real,300,gulf,10,LSTM-rec,1,buffer,8,414,12,0.15549653869616353,6.0,6.0,6.0,6.0,6.0,6.0,6.0,6.0,6.0,6.0,6.0,6.0,6.0,6.0,6.0,6.0,6.0,6.0,6.0,6.0
real,300,gulf,10,LSTM-rec,1,buffer,9,468,11,0.91333226790448,6.0,6.0,6.0,6.0,6.0,6.0,6.0,6.0,6.0,6.0,6.0,6.0,6.0,6.0,6.0,6.0,6.0,6.0,6.0,6.0
real,300,gulf,10,LSTM-rec,1,crossing,0,206,30,0.3921923424396899,28.0,28.0,28.0,24.0,24.0,24.0,23.0,23.0,23.0,23.0,23.0,23.0,23.0,23.0,23.0,23.0,23.0,23.0,23.0,23.0
real,300,gulf,10,LSTM-rec,1,crossing,1,213,41,0.5473802931697426,41.0,41.0,41.0,41.0,41.0,41.0,41.0,41.0,41.0,41.0,41.0,41.0,41.0,41.0,41.0,41.0,41.0,41.0,41.0,41.0
real,300,gulf,10,LSTM-rec,1,crossing,2,252,11,0.6117606889127456,10.0,9.0,9.0,8.0,8.0,7.0,7.0,7.0,6.0,6.0,6.0,6.0,6.0,6.0,6.0,6.0,6.0,6.0,6.0,6.0
real,300,gulf,10,LSTM-rec,1,crossing,3,260,240,0.6888460239393783,239.0,238.0,238.0,237.0,236.0,236.0,235.0,235.0,235.0,234.0,234.0,234.0,234.0,234.0,234.0,234.0,234.0,234.0,234.0,234.0
real,300,gulf,10,LSTM-rec,1,crossing,4,293,45,0.8897942832931157,44.0,43.0,42.0,41.0,41.0,40.0,40.0,39.0,39.0,39.0,39.0,38.0,38.0,33.0,33.0,33.0,33.0,33.0,33.0,33.0
real,300,gulf,10,LSTM-rec,1,crossing,5,348,26,0.5068320744894578,25.0,25.0,24.0,23.0,23.0,22.0,22.0,22.0,21.0,21.0,21.0,21.0,21.0,21.0,21.0,21.0,21.0,21.0,21.0,21.0
real,300,gulf,10,LSTM-rec,1,crossing,6,386,84,0.5167562859713317,83.0,82.0,81.0,81.0,80.0,80.0,79.0,79.0,79.0,78.0,77.0,77.0,77.0,77.0,77.0,77.0,77.0,77.0,77.0,77.0
real,300,gulf,10,LSTM-rec,1,crossing,7,389,7,1.3747234783436761,6.0,6.0,6.0,6.0,6.0,6.0,6.0,6.0,6.0,6.0,6.0,6.0,6.0,6.0,6.0,6.0,6.0,6.0,6.0,6.0
real,300,gulf,10,LSTM-rec,1,crossing,8,414,12,0.15549653869616353,11.0,11.0,11.0,11.0,11.0,11.0,11.0,11.0,11.0,11.0,11.0,11.0,11.0,11.0,11.0,11.0,11.0,11.0,11.0,11.0
real,300,gulf,10,LSTM-rec,1,crossing,9,468,11,0.91333226790448,11.0,10.0,10.0,9.0,8.0,8.0,8.0,8.0,8.0,8.0,8.0,8.0,8.0,8.0,8.0,8.0,8.0,8.0,8.0,8.0
real,300,gulf,10,LSTM-ms,1,buffer,0,206,30,0.3921923424396899,23.0,23.0,23.0,22.0,22.0,21.0,21.0,21.0,18.0,18.0,17.0,17.0,16.0,16.0,15.0,15.0,14.0,14.0,10.0,10.0
real,300,gulf,10,LSTM-ms,1,buffer,1,213,41,0.5473802931697426,30.0,28.0,28.0,27.0,26.0,26.0,26.0,25.0,25.0,24.0,24.0,24.0,24.0,23.0,23.0,23.0,23.0,23.0,23.0,23.0
real,300,gulf,10,LSTM-ms,1,buffer,2,252,11,0.6117606889127456,7.0,7.0,6.0,6.0,6.0,6.0,6.0,6.0,6.0,6.0,6.0,6.0,6.0,6.0,6.0,6.0,6.0,6.0,6.0,6.0
real,300,gulf,10,LSTM-ms,1,buffer,3,260,240,0.6888460239393783,235.0,235.0,234.0,234.0,233.0,232.0,231.0,231.0,230.0,230.0,229.0,229.0,228.0,228.0,227.0,227.0,227.0,226.0,226.0,225.0
real,300,gulf,10,LSTM-ms,1,buffer,4,293,45,0.8897942832931157,40.0,40.0,39.0,39.0,38.0,37.0,33.0,32.0,32.0,32.0,31.0,31.0,30.0,30.0,30.0,30.0,29.0,29.0,29.0,29.0
real,300,gulf,10,LSTM-ms,1,buffer,5,348,26,0.5068320744894578,21.0,21.0,20.0,19.0,19.0,18.0,18.0,18.0,17.0,10.0,10.0,9.0,9.0,8.0,8.0,7.0,6.0,6.0,6.0,6.0
real,300,gulf,10,LSTM-ms,1,buffer,6,386,84,0.5167562859713317,79.0,79.0,78.0,77.0,77.0,76.0,76.0,76.0,75.0,75.0,75.0,74.0,74.0,73.0,73.0,72.0,62.0,60.0,60.0,59.0
real,300,gulf,10,LSTM-ms,1,buffer,7,389,7,1.3747234783436761,6.0,6.0,6.0,6.0,6.0,6.0,6.0,6.0,6.0,6.0,6.0,6.0,6.0,6.0,6.0,6.0,6.0,6.0,6.0,6.0
real,300,gulf,10,LSTM-ms,1,buffer,8,414,12,0.15549653869616353,6.0,6.0,6.0,6.0,6.0,6.0,6.0,6.0,6.0,6.0,6.0,6.0,6.0,6.0,6.0,6.0,6.0,6.0,6.0,6.0
real,300,gulf,10,LSTM-ms,1,buffer,9,468,11,0.91333226790448,6.0,6.0,6.0,6.0,6.0,6.0,6.0,6.0,6.0,6.0,6.0,6.0,6.0,6.0,6.0,6.0,6.0,6.0,6.0,6.0
real,300,gulf,10,LSTM-ms,1,crossing,0,206,30,0.3921923424396899,29.0,28.0,28.0,28.0,28.0,24.0,24.0,24.0,23.0,23.0,23.0,23.0,22.0,21.0,18.0,18.0,17.0,17.0,16.0,16.0
real,300,gulf,10,LSTM-ms,1,crossing,1,213,41,0.5473802931697426,42.0,42.0,42.0,42.0,42.0,42.0,41.0,41.0,41.0,28.0,28.0,27.0,26.0,26.0,26.0,25.0,25.0,24.0,24.0,24.0
real,300,gulf,10,LSTM-ms,1,crossing,2,252,11,0.6117606889127456,10.0,10.0,9.0,9.0,8.0,7.0,7.0,6.0,6.0,6.0,6.0,6.0,6.0,6.0,6.0,6.0,6.0,6.0,6.0,6.0
real,300,gulf,10,LSTM-ms,1,crossing,3,260,240,0.6888460239393783,239.0,239.0,238.0,238.0,237.0,236.0,236.0,235.0,234.0,234.0,233.0,233.0,232.0,231.0,230.0,230.0,229.0,229.0,228.0,228.0
real,300,gulf,10,LSTM-ms,1,crossing,4,293,45,0.8897942832931157,44.0,43.0,42.0,42.0,41.0,40.0,40.0,39.0,39.0,33.0,32.0,32.0,32.0,31.0,31.0,30.0,30.0,30.0,30.0,30.0
real,300,gulf,10,LSTM-ms,1,crossing,5,348,26,0.5068320744894578,26.0,25.0,25.0,24.0,23.0,23.0,22.0,21.0,21.0,20.0,20.0,19.0,19.0,18.0,18.0,10.0,10.0,9.0,9.0,9.0
real,300,gulf,10,LSTM-ms,1,crossing,6,386,84,0.5167562859713317,83.0,82.0,82.0,81.0,81.0,80.0,79.0,79.0,78.0,77.0,77.0,77.0,76.0,76.0,76.0,75.0,75.0,75.0,74.0,74.0
real,300,gulf,10,LSTM-ms,1,crossing,7,389,7,1.3747234783436761,6.0,6.0,6.0,6.0,6.0,6.0,6.0,6.0,6.0,6.0,6.0,6.0,6.0,6.0,6.0,6.0,6.0,6.0,6.0,6.0
real,300,gulf,10,LSTM-ms,1,crossing,8,414,12,0.15549653869616353,12.0,11.0,11.0,11.0,11.0,11.0,11.0,11.0,11.0,11.0,11.0,11.0,11.0,11.0,11.0,9.0,8.0,7.0,6.0,6.0
real,300,gulf,10,LSTM-ms,1,crossing,9,468,11,0.91333226790448,11.0,10.0,10.0,10.0,8.0,8.0,6.0,6.0,6.0,6.0,6.0,6.0,6.0,6.0,6.0,6.0,6.0,6.0,6.0,6.0
real,300,gulf,10,LSTM-rec,2,buffer,0,206,30,0.3921923424396899,23.0,23.0,22.0,21.0,20.0,18.0,17.0,16.0,16.0,15.0,15.0,14.0,14.0,10.0,10.0,9.0,9.0,8.0,8.0,8.0
real,300,gulf,10,LSTM-rec,2,buffer,1,213,41,0.5473802931697426,28.0,27.0,26.0,26.0,25.0,24.0,24.0,24.0,24.0,23.0,23.0,23.0,23.0,23.0,23.0,23.0,23.0,17.0,11.0,10.0
real,300,gulf,10,LSTM-rec,2,buffer,2,252,11,0.6117606889127456,7.0,6.0,6.0,6.0,6.0,6.0,6.0,6.0,6.0,6.0,6.0,6.0,6.0,6.0,6.0,6.0,6.0,6.0,6.0,6.0
real,300,gulf,10,LSTM-rec,2,buffer,3,260,240,0.6888460239393783,235.0,234.0,233.0,232.0,231.0,230.0,230.0,229.0,228.0,228.0,227.0,227.0,226.0,226.0,225.0,225.0,224.0,223.0,223.0,222.0
real,300,gulf,10,LSTM-rec,2,buffer,4,293,45,0.8897942832931157,40.0,39.0,38.0,37.0,33.0,33.0,32.0,31.0,31.0,30.0,30.0,30.0,29.0,29.0,29.0,29.0,29.0,28.0,28.0,28.0
real,300,gulf,10,LSTM-rec,2,buffer,5,348,26,0.5068320744894578,21.0,20.0,19.0,18.0,18.0,17.0,10.0,9.0,9.0,8.0,7.0,6.0,6.0,6.0,6.0,6.0,6.0,6.0,6.0,6.0
real,300,gulf,10,LSTM-rec,2,buffer,6,386,84,0.5167562859713317,79.0,78.0,77.0,76.0,76.0,75.0,75.0,74.0,74.0,73.0,72.0,72.0,72.0,62.0,61.0,61.0,61.0,60.0,60.0,60.0
real,300,gulf,10,LSTM-rec,2,buffer,7,389,7,1.3747234783436761,6.0,6.0,6.0,6.0,6.0,6.0,6.0,6.0,6.0,6.0,6.0,6.0,6.0,6.0,6.0,6.0,6.0,6.0,6.0,6.0
real,300,gulf,10,LSTM-rec,2,buffer,8,414,12,0.15549653869616353,6.0,6.0,6.0,6.0,6.0,6.0,6.0,6.0,6.0,6.0,6.0,6.0,6.0,6.0,6.0,6.0,6.0,6.0,6.0,6.0
real,300,gulf,10,LSTM-rec,2,buffer,9,468,11,0.91333226790448,6.0,6.0,6.0,6.0,6.0,6.0,6.0,6.0,6.0,6.0,6.0,6.0,6.0,6.0,6.0,6.0,6.0,6.0,6.0,6.0
real,300,gulf,10,LSTM-rec,2,crossing,0,206,30,0.3921923424396899,28.0,28.0,28.0,24.0,23.0,23.0,23.0,22.0,22.0,21.0,18.0,17.0,17.0,16.0,16.0,16.0,15.0,15.0,14.0,10.0
real,300,gulf,10,LSTM-rec,2,crossing,1,213,41,0.5473802931697426,41.0,40.0,38.0,35.0,34.0,28.0,27.0,27.0,26.0,25.0,25.0,24.0,24.0,24.0,24.0,24.0,24.0,23.0,23.0,23.0
real,300,gulf,10,LSTM-rec,2,crossing,2,252,11,0.6117606889127456,10.0,9.0,8.0,7.0,7.0,6.0,6.0,6.0,6.0,6.0,6.0,6.0,6.0,6.0,6.0,6.0,6.0,6.0,6.0,6.0
real,300,gulf,10,LSTM-rec,2,crossing,3,260,240,0.6888460239393783,239.0,238.0,237.0,236.0,235.0,234.0,233.0,233.0,232.0,231.0,230.0,229.0,229.0,228.0,228.0,227.0,227.0,227.0,226.0,226.0
real,300,gulf,10,LSTM-rec,2,crossing,4,293,45,0.8897942832931157,44.0,42.0,41.0,40.0,40.0,39.0,38.0,33.0,32.0,32.0,31.0,31.0,31.0,30.0,30.0,30.0,29.0,29.0,29.0,29.0
real,300,gulf,10,LSTM-rec,2,crossing,5,348,26,0.5068320744894578,25.0,24.0,23.0,22.0,21.0,20.0,20.0,19.0,18.0,18.0,18.0,10.0,9.0,9.0,9.0,8.0,7.0,7.0,6.0,6.0
real,300,gulf,10,LSTM-rec,2,crossing,6,386,84,0.5167562859713317,83.0,82.0,81.0,80.0,79.0,78.0,77.0,76.0,76.0,76.0,75.0,75.0,74.0,74.0,74.0,73.0,73.0,62.0,61.0,61.0
real,300,gulf,10,LSTM-rec,2,crossing,7,389,7,1.3747234783436761,6.0,6.0,6.0,6.0,6.0,6.0,6.0,6.0,6.0,6.0,6.0,6.0,6.0,6.0,6.0,6.0,6.0,6.0,6.0,6.0
real,300,gulf,10,LSTM-rec,2,crossing,8,414,12,0.15549653869616353,11.0,11.0,11.0,11.0,10.0,9.0,8.0,7.0,7.0,6.0,6.0,6.0,6.0,6.0,6.0,6.0,6.0,6.0,6.0,6.0
real,300,gulf,10,LSTM-rec,2,crossing,9,468,11,0.91333226790448,10.0,10.0,8.0,8.0,6.0,6.0,6.0,6.0,6.0,6.0,6.0,6.0,6.0,6.0,6.0,6.0,6.0,6.0,6.0,6.0
real,300,gulf,10,LSTM-ms,2,buffer,0,206,30,0.3921923424396899,23.0,23.0,23.0,22.0,22.0,21.0,21.0,21.0,18.0,18.0,17.0,17.0,17.0,16.0,16.0,16.0,16.0,16.0,16.0,15.0
real,300,gulf,10,LSTM-ms,2,buffer,1,213,41,0.5473802931697426,29.0,28.0,27.0,27.0,26.0,26.0,26.0,26.0,25.0,25.0,25.0,25.0,25.0,24.0,24.0,24.0,24.0,24.0,24.0,24.0
real,300,gulf,10,LSTM-ms,2,buffer,2,252,11,0.6117606889127456,7.0,7.0,6.0,6.0,6.0,6.0,6.0,6.0,6.0,6.0,6.0,6.0,6.0,6.0,6.0,6.0,6.0,6.0,6.0,6.0
real,300,gulf,10,LSTM-ms,2,buffer,3,260,240,0.6888460239393783,235.0,235.0,234.0,233.0,233.0,232.0,232.0,231.0,231.0,230.0,230.0,230.0,229.0,229.0,229.0,228.0,228.0,228.0,228.0,227.0
real,300,gulf,10,LSTM-ms,2,buffer,4,293,45,0.8897942832931157,40.0,40.0,39.0,38.0,38.0,37.0,33.0,32.0,32.0,32.0,31.0,31.0,31.0,30.0,30.0,30.0,30.0,30.0,29.0,29.0
real,300,gulf,10,LSTM-ms,2,buffer,5,348,26,0.5068320744894578,21.0,20.0,20.0,19.0,19.0,19.0,19.0,19.0,18.0,18.0,10.0,10.0,10.0,9.0,9.0,9.0,9.0,9.0,8.0,8.0
real,300,gulf,10,LSTM-ms,2,buffer,6,386,84,0.5167562859713317,79.0,79.0,78.0,77.0,77.0,77.0,76.0,76.0,76.0,76.0,75.0,75.0,75.0,74.0,74.0,74.0,74.0,74.0,73.0,73.0
real,300,gulf,10,LSTM-ms,2,buffer,7,389,7,1.3747234783436761,6.0,6.0,6.0,6.0,6.0,6.0,6.0,6.0,6.0,6.0,6.0,6.0,6.0,6.0,6.0,6.0,6.0,6.0,6.0,6.0
real,300,gulf,10,LSTM-ms,2,buffer,8,414,12,0.15549653869616353,6.0,6.0,6.0,6.0,6.0,6.0,6.0,6.0,6.0,6.0,6.0,6.0,6.0,6.0,6.0,6.0,6.0,6.0,6.0,6.0
real,300,gulf,10,LSTM-ms,2,buffer,9,468,11,0.91333226790448,6.0,6.0,6.0,6.0,6.0,6.0,6.0,6.0,6.0,6.0,6.0,6.0,6.0,6.0,6.0,6.0,6.0,6.0,6.0,6.0
real,300,gulf,10,LSTM-ms,2,crossing,0,206,30,0.3921923424396899,29.0,28.0,28.0,28.0,28.0,24.0,24.0,24.0,24.0,23.0,23.0,23.0,23.0,23.0,23.0,22.0,22.0,22.0,21.0,18.0
real,300,gulf,10,LSTM-ms,2,crossing,1,213,41,0.5473802931697426,42.0,41.0,41.0,41.0,41.0,41.0,41.0,41.0,35.0,35.0,28.0,28.0,27.0,27.0,27.0,26.0,26.0,26.0,26.0,26.0
real,300,gulf,10,LSTM-ms,2,crossing,2,252,11,0.6117606889127456,10.0,10.0,9.0,8.0,8.0,7.0,7.0,7.0,6.0,6.0,6.0,6.0,6.0,6.0,6.0,6.0,6.0,6.0,6.0,6.0
real,300,gulf,10,LSTM-ms,2,crossing,3,260,240,0.6888460239393783,239.0,239.0,238.0,237.0,237.0,236.0,236.0,235.0,235.0,234.0,234.0,233.0,233.0,232.0,232.0,232.0,231.0,231.0,231.0,230.0
real,300,gulf,10,LSTM-ms,2,crossing,4,293,45,0.8897942832931157,44.0,43.0,42.0,42.0,41.0,41.0,40.0,40.0,39.0,33.0,33.0,32.0,32.0,32.0,31.0,31.0,31.0,30.0,30.0,30.0
real,300,gulf,10,LSTM-ms,2,crossing,5,348,26,0.5068320744894578,26.0,25.0,24.0,24.0,23.0,23.0,22.0,22.0,21.0,21.0,20.0,20.0,20.0,20.0,20.0,19.0,19.0,19.0,19.0,19.0
real,300,gulf,10,LSTM-ms,2,crossing,6,386,84,0.5167562859713317,83.0,82.0,82.0,81.0,81.0,80.0,80.0,79.0,78.0,78.0,77.0,77.0,77.0,76.0,76.0,76.0,76.0,76.0,76.0,76.0
real,300,gulf,10,LSTM-ms,2,crossing,7,389,7,1.3747234783436761,6.0,6.0,6.0,6.0,6.0,6.0,6.0,6.0,6.0,6.0,6.0,6.0,6.0,6.0,6.0,6.0,6.0,6.0,6.0,6.0
real,300,gulf,10,LSTM-ms,2,crossing,8,414,12,0.15549653869616353,12.0,11.0,11.0,11.0,11.0,11.0,11.0,11.0,11.0,11.0,11.0,11.0,11.0,11.0,11.0,11.0,11.0,11.0,11.0,11.0
real,300,gulf,10,LSTM-ms,2,crossing,9,468,11,0.91333226790448,11.0,10.0,10.0,9.0,9.0,8.0,6.0,6.0,6.0,6.0,6.0,6.0,6.0,6.0,6.0,6.0,6.0,6.0,6.0,6.0
real,300,gulf,10,LSTM-rec,3,buffer,0,206,30,0.3921923424396899,23.0,22.0,21.0,18.0,17.0,16.0,15.0,14.0,13.0,9.0,8.0,8.0,6.0,6.0,6.0,6.0,6.0,6.0,6.0,6.0
real,300,gulf,10,LSTM-rec,3,buffer,1,213,41,0.5473802931697426,28.0,27.0,26.0,25.0,24.0,23.0,23.0,22.0,17.0,14.0,10.0,8.0,6.0,6.0,6.0,6.0,6.0,6.0,6.0,6.0
real,300,gulf,10,LSTM-rec,3,buffer,2,252,11,0.6117606889127456,7.0,6.0,6.0,6.0,6.0,6.0,6.0,6.0,6.0,6.0,6.0,6.0,6.0,6.0,6.0,6.0,6.0,6.0,6.0,6.0
real,300,gulf,10,LSTM-rec,3,buffer,3,260,240,0.6888460239393783,235.0,234.0,232.0,231.0,230.0,229.0,228.0,227.0,226.0,224.0,223.0,222.0,220.0,219.0,209.0,208.0,207.0,206.0,205.0,204.0
real,300,gulf,10,LSTM-rec,3,buffer,4,293,45,0.8897942832931157,40.0,39.0,38.0,36.0,33.0,32.0,31.0,30.0,30.0,29.0,29.0,29.0,28.0,28.0,28.0,28.0,27.0,27.0,27.0,26.0
real,300,gulf,10,LSTM-rec,3,buffer,5,348,26,0.5068320744894578,21.0,19.0,18.0,17.0,10.0,9.0,8.0,6.0,6.0,6.0,6.0,6.0,6.0,6.0,6.0,6.0,6.0,6.0,6.0,6.0
real,300,gulf,10,LSTM-rec,3,buffer,6,386,84,0.5167562859713317,79.0,78.0,77.0,76.0,75.0,74.0,73.0,72.0,71.0,65.0,62.0,60.0,60.0,59.0,59.0,59.0,58.0,57.0,16.0,15.0
real,300,gulf,10,LSTM-rec,3,buffer,7,389,7,1.3747234783436761,6.0,6.0,6.0,6.0,6.0,6.0,6.0,6.0,6.0,6.0,6.0,6.0,6.0,6.0,6.0,6.0,6.0,6.0,6.0,6.0
real,300,gulf,10,LSTM-rec,3,buffer,8,414,12,0.15549653869616353,6.0,6.0,6.0,6.0,6.0,6.0,6.0,6.0,6.0,6.0,6.0,6.0,6.0,6.0,6.0,6.0,6.0,6.0,6.0,6.0
real,300,gulf,10,LSTM-rec,3,buffer,9,468,11,0.91333226790448,6.0,6.0,6.0,6.0,6.0,6.0,6.0,6.0,6.0,6.0,6.0,6.0,6.0,6.0,6.0,6.0,6.0,6.0,6.0,6.0
real,300,gulf,10,LSTM-rec,3,crossing,0,206,30,0.3921923424396899,28.0,28.0,24.0,23.0,23.0,22.0,21.0,17.0,16.0,15.0,14.0,10.0,9.0,8.0,8.0,6.0,6.0,6.0,6.0,6.0
real,300,gulf,10,LSTM-rec,3,crossing,1,213,41,0.5473802931697426,40.0,38.0,34.0,33.0,28.0,26.0,25.0,24.0,23.0,23.0,23.0,22.0,15.0,10.0,8.0,6.0,6.0,6.0,6.0,6.0
real,300,gulf,10,LSTM-rec,3,crossing,2,252,11,0.6117606889127456,10.0,9.0,8.0,7.0,6.0,6.0,6.0,6.0,6.0,6.0,6.0,6.0,6.0,6.0,6.0,6.0,6.0,6.0,6.0,6.0
real,300,gulf,10,LSTM-rec,3,crossing,3,260,240,0.6888460239393783,239.0,238.0,237.0,235.0,234.0,233.0,231.0,230.0,229.0,228.0,227.0,226.0,224.0,223.0,222.0,220.0,210.0,209.0,208.0,207.0
real,300,gulf,10,LSTM-rec,3,crossing,4,293,45,0.8897942832931157,44.0,42.0,41.0,40.0,39.0,37.0,33.0,32.0,31.0,30.0,30.0,29.0,29.0,29.0,28.0,28.0,28.0,28.0,28.0,27.0
real,300,gulf,10,LSTM-rec,3,crossing,5,348,26,0.5068320744894578,25.0,24.0,23.0,21.0,20.0,19.0,18.0,10.0,9.0,8.0,6.0,6.0,6.0,6.0,6.0,6.0,6.0,6.0,6.0,6.0
real,300,gulf,10,LSTM-rec,3,crossing,6,386,84,0.5167562859713317,83.0,81.0,80.0,79.0,78.0,76.0,76.0,75.0,74.0,73.0,72.0,71.0,63.0,61.0,60.0,59.0,59.0,59.0,58.0,58.0
real,300,gulf,10,LSTM-rec,3,crossing,7,389,7,1.3747234783436761,6.0,6.0,6.0,6.0,6.0,6.0,6.0,6.0,6.0,6.0,6.0,6.0,6.0,6.0,6.0,6.0,6.0,6.0,6.0,6.0
real,300,gulf,10,LSTM-rec,3,crossing,8,414,12,0.15549653869616353,11.0,11.0,10.0,8.0,6.0,6.0,6.0,6.0,6.0,6.0,6.0,6.0,6.0,6.0,6.0,6.0,6.0,6.0,6.0,6.0
real,300,gulf,10,LSTM-rec,3,crossing,9,468,11,0.91333226790448,10.0,9.0,8.0,6.0,6.0,6.0,6.0,6.0,6.0,6.0,6.0,6.0,6.0,6.0,6.0,6.0,6.0,6.0,6.0,6.0
real,300,gulf,10,LSTM-ms,3,buffer,0,206,30,0.3921923424396899,23.0,21.0,20.0,18.0,17.0,16.0,15.0,14.0,14.0,12.0,10.0,9.0,8.0,8.0,6.0,6.0,6.0,6.0,6.0,6.0
real,300,gulf,10,LSTM-ms,3,buffer,1,213,41,0.5473802931697426,28.0,26.0,25.0,24.0,24.0,24.0,23.0,23.0,23.0,17.0,14.0,11.0,10.0,9.0,8.0,6.0,6.0,6.0,6.0,6.0
real,300,gulf,10,LSTM-ms,3,buffer,2,252,11,0.6117606889127456,7.0,6.0,6.0,6.0,6.0,6.0,6.0,6.0,6.0,6.0,6.0,6.0,6.0,6.0,6.0,6.0,6.0,6.0,6.0,6.0
real,300,gulf,10,LSTM-ms,3,buffer,3,260,240,0.6888460239393783,234.0,233.0,232.0,231.0,229.0,229.0,228.0,227.0,226.0,225.0,225.0,224.0,223.0,222.0,221.0,220.0,210.0,209.0,208.0,207.0
real,300,gulf,10,LSTM-ms,3,buffer,4,293,45,0.8897942832931157,40.0,38.0,37.0,36.0,33.0,32.0,32.0,31.0,31.0,30.0,30.0,29.0,29.0,29.0,29.0,28.0,28.0,28.0,28.0,28.0
real,300,gulf,10,LSTM-ms,3,buffer,5,348,26,0.5068320744894578,20.0,19.0,18.0,18.0,10.0,9.0,8.0,7.0,6.0,6.0,6.0,6.0,6.0,6.0,6.0,6.0,6.0,6.0,6.0,6.0
real,300,gulf,10,LSTM-ms,3,buffer,6,386,84,0.5167562859713317,79.0,77.0,76.0,75.0,74.0,74.0,73.0,72.0,71.0,68.0,65.0,63.0,62.0,61.0,60.0,59.0,59.0,58.0,58.0,58.0
real,300,gulf,10,LSTM-ms,3,buffer,7,389,7,1.3747234783436761,6.0,6.0,6.0,6.0,6.0,6.0,6.0,6.0,6.0,6.0,6.0,6.0,6.0,6.0,6.0,6.0,6.0,6.0,6.0,6.0
real,300,gulf,10,LSTM-ms,3,buffer,8,414,12,0.15549653869616353,6.0,6.0,6.0,6.0,6.0,6.0,6.0,6.0,6.0,6.0,6.0,6.0,6.0,6.0,6.0,6.0,6.0,6.0,6.0,6.0
real,300,gulf,10,LSTM-ms,3,buffer,9,468,11,0.91333226790448,6.0,6.0,6.0,6.0,6.0,6.0,6.0,6.0,6.0,6.0,6.0,6.0,6.0,6.0,6.0,6.0,6.0,6.0,6.0,6.0
real,300,gulf,10,LSTM-ms,3,crossing,0,206,30,0.3921923424396899,28.0,27.0,24.0,23.0,22.0,21.0,21.0,18.0,17.0,16.0,16.0,15.0,14.0,14.0,10.0,9.0,8.0,8.0,6.0,6.0
real,300,gulf,10,LSTM-ms,3,crossing,1,213,41,0.5473802931697426,38.0,35.0,34.0,28.0,27.0,26.0,25.0,25.0,24.0,24.0,24.0,24.0,23.0,23.0,23.0,17.0,11.0,10.0,8.0,7.0
real,300,gulf,10,LSTM-ms,3,crossing,2,252,11,0.6117606889127456,10.0,9.0,7.0,7.0,6.0,6.0,6.0,6.0,6.0,6.0,6.0,6.0,6.0,6.0,6.0,6.0,6.0,6.0,6.0,6.0
real,300,gulf,10,LSTM-ms,3,crossing,3,260,240,0.6888460239393783,239.0,237.0,236.0,234.0,233.0,232.0,231.0,230.0,229.0,229.0,228.0,227.0,227.0,226.0,225.0,224.0,223.0,222.0,221.0,210.0
real,300,gulf,10,LSTM-ms,3,crossing,4,293,45,0.8897942832931157,43.0,42.0,40.0,39.0,38.0,37.0,33.0,32.0,32.0,31.0,31.0,30.0,30.0,30.0,29.0,29.0,29.0,29.0,28.0,28.0
real,300,gulf,10,LSTM-ms,3,crossing,5,348,26,0.5068320744894578,25.0,23.0,22.0,20.0,19.0,19.0,18.0,18.0,10.0,9.0,8.0,7.0,6.0,6.0,6.0,6.0,6.0,6.0,6.0,6.0
real,300,gulf,10,LSTM-ms,3,crossing,6,386,84,0.5167562859713317,82.0,81.0,80.0,78.0,77.0,76.0,76.0,75.0,75.0,74.0,73.0,72.0,72.0,71.0,63.0,62.0,61.0,60.0,59.0,59.0
real,300,gulf,10,LSTM-ms,3,crossing,7,389,7,1.3747234783436761,6.0,6.0,6.0,6.0,6.0,6.0,6.0,6.0,6.0,6.0,6.0,6.0,6.0,6.0,6.0,6.0,6.0,6.0,6.0,6.0
real,300,gulf,10,LSTM-ms,3,crossing,8,414,12,0.15549653869616353,11.0,10.0,8.0,6.0,6.0,6.0,6.0,6.0,6.0,6.0,6.0,6.0,6.0,6.0,6.0,6.0,6.0,6.0,6.0,6.0
real,300,gulf,10,LSTM-ms,3,crossing,9,468,11,0.91333226790448,10.0,8.0,6.0,6.0,6.0,6.0,6.0,6.0,6.0,6.0,6.0,6.0,6.0,6.0,6.0,6.0,6.0,6.0,6.0,6.0
real,300,gulf,10,LSTM-rec,4,buffer,0,206,30,0.3921923424396899,23.0,21.0,18.0,16.0,15.0,13.0,9.0,7.0,6.0,6.0,6.0,6.0,6.0,6.0,6.0,6.0,6.0,6.0,6.0,6.0
real,300,gulf,10,LSTM-rec,4,buffer,1,213,41,0.5473802931697426,28.0,26.0,24.0,23.0,22.0,16.0,11.0,7.0,6.0,6.0,6.0,6.0,6.0,6.0,6.0,6.0,6.0,6.0,6.0,6.0
real,300,gulf,10,LSTM-rec,4,buffer,2,252,11,0.6117606889127456,7.0,6.0,6.0,6.0,6.0,6.0,6.0,6.0,6.0,6.0,6.0,6.0,6.0,6.0,6.0,6.0,6.0,6.0,6.0,6.0
real,300,gulf,10,LSTM-rec,4,buffer,3,260,240,0.6888460239393783,235.0,233.0,231.0,230.0,228.0,226.0,224.0,221.0,218.0,209.0,207.0,205.0,203.0,201.0,198.0,196.0,138.0,12.0,10.0,9.0
real,300,gulf,10,LSTM-rec,4,buffer,4,293,45,0.8897942832931157,40.0,38.0,37.0,33.0,32.0,30.0,29.0,28.0,28.0,28.0,27.0,24.0,22.0,20.0,18.0,17.0,17.0,17.0,16.0,6.0
real,300,gulf,10,LSTM-rec,4,buffer,5,348,26,0.5068320744894578,20.0,19.0,17.0,10.0,8.0,6.0,6.0,6.0,6.0,6.0,6.0,6.0,6.0,6.0,6.0,6.0,6.0,6.0,6.0,6.0
real,300,gulf,10,LSTM-rec,4,buffer,6,386,84,0.5167562859713317,79.0,77.0,76.0,74.0,73.0,71.0,65.0,62.0,59.0,58.0,57.0,15.0,14.0,12.0,11.0,11.0,11.0,6.0,6.0,6.0
real,300,gulf,10,LSTM-rec,4,buffer,7,389,7,1.3747234783436761,6.0,6.0,6.0,6.0,6.0,6.0,6.0,6.0,6.0,6.0,6.0,6.0,6.0,6.0,6.0,6.0,6.0,6.0,6.0,6.0
real,300,gulf,10,LSTM-rec,4,buffer,8,414,12,0.15549653869616353,6.0,6.0,6.0,6.0,6.0,6.0,6.0,6.0,6.0,6.0,6.0,6.0,6.0,6.0,6.0,6.0,6.0,6.0,6.0,6.0
real,300,gulf,10,LSTM-rec,4,buffer,9,468,11,0.91333226790448,6.0,6.0,6.0,6.0,6.0,6.0,6.0,6.0,6.0,6.0,6.0,6.0,6.0,6.0,6.0,6.0,6.0,6.0,6.0,6.0
real,300,gulf,10,LSTM-rec,4,crossing,0,206,30,0.3921923424396899,28.0,27.0,23.0,22.0,21.0,16.0,14.0,10.0,8.0,6.0,6.0,6.0,6.0,6.0,6.0,6.0,6.0,6.0,6.0,6.0
real,300,gulf,10,LSTM-rec,4,crossing,1,213,41,0.5473802931697426,39.0,34.0,32.0,27.0,24.0,23.0,22.0,15.0,9.0,6.0,6.0,6.0,6.0,6.0,6.0,6.0,6.0,6.0,6.0,6.0
real,300,gulf,10,LSTM-rec,4,crossing,2,252,11,0.6117606889127456,10.0,8.0,7.0,6.0,6.0,6.0,6.0,6.0,6.0,6.0,6.0,6.0,6.0,6.0,6.0,6.0,6.0,6.0,6.0,6.0
real,300,gulf,10,LSTM-rec,4,crossing,3,260,240,0.6888460239393783,239.0,237.0,235.0,233.0,231.0,229.0,227.0,225.0,222.0,220.0,210.0,207.0,205.0,203.0,201.0,199.0,197.0,138.0,138.0,10.0
real,300,gulf,10,LSTM-rec,4,crossing,4,293,45,0.8897942832931157,43.0,41.0,40.0,38.0,37.0,32.0,31.0,30.0,29.0,28.0,28.0,27.0,26.0,23.0,20.0,18.0,17.0,17.0,17.0,16.0
real,300,gulf,10,LSTM-rec,4,crossing,5,348,26,0.5068320744894578,25.0,23.0,21.0,19.0,17.0,9.0,7.0,6.0,6.0,6.0,6.0,6.0,6.0,6.0,6.0,6.0,6.0,6.0,6.0,6.0
real,300,gulf,10,LSTM-rec,4,crossing,6,386,84,0.5167562859713317,82.0,81.0,79.0,77.0,76.0,74.0,72.0,68.0,63.0,60.0,59.0,58.0,16.0,14.0,12.0,12.0,11.0,11.0,9.0,6.0
real,300,gulf,10,LSTM-rec,4,crossing,7,389,7,1.3747234783436761,6.0,6.0,6.0,6.0,6.0,6.0,6.0,6.0,6.0,6.0,6.0,6.0,6.0,6.0,6.0,6.0,6.0,6.0,6.0,6.0
real,300,gulf,10,LSTM-rec,4,crossing,8,414,12,0.15549653869616353,11.0,9.0,6.0,6.0,6.0,6.0,6.0,6.0,6.0,6.0,6.0,6.0,6.0,6.0,6.0,6.0,6.0,6.0,6.0,6.0
real,300,gulf,10,LSTM-rec,4,crossing,9,468,11,0.91333226790448,10.0,8.0,6.0,6.0,6.0,6.0,6.0,6.0,6.0,6.0,6.0,6.0,6.0,6.0,6.0,6.0,6.0,6.0,6.0,6.0
real,300,gulf,10,LSTM-ms,4,buffer,0,206,30,0.3921923424396899,23.0,23.0,22.0,21.0,21.0,18.0,18.0,17.0,16.0,16.0,16.0,15.0,15.0,14.0,14.0,10.0,10.0,9.0,8.0,8.0
real,300,gulf,10,LSTM-ms,4,buffer,1,213,41,0.5473802931697426,28.0,28.0,27.0,26.0,26.0,25.0,25.0,24.0,24.0,24.0,24.0,23.0,23.0,23.0,23.0,23.0,23.0,22.0,14.0,11.0
real,300,gulf,10,LSTM-ms,4,buffer,2,252,11,0.6117606889127456,7.0,6.0,6.0,6.0,6.0,6.0,6.0,6.0,6.0,6.0,6.0,6.0,6.0,6.0,6.0,6.0,6.0,6.0,6.0,6.0
real,300,gulf,10,LSTM-ms,4,buffer,3,260,240,0.6888460239393783,235.0,234.0,233.0,233.0,232.0,231.0,230.0,230.0,229.0,229.0,228.0,228.0,227.0,227.0,226.0,226.0,226.0,225.0,224.0,224.0
real,300,gulf,10,LSTM-ms,4,buffer,4,293,45,0.8897942832931157,40.0,39.0,39.0,38.0,37.0,33.0,32.0,32.0,31.0,31.0,31.0,30.0,30.0,30.0,30.0,29.0,29.0,29.0,29.0,29.0
real,300,gulf,10,LSTM-ms,4,buffer,5,348,26,0.5068320744894578,21.0,20.0,19.0,19.0,18.0,18.0,18.0,10.0,9.0,9.0,8.0,8.0,7.0,6.0,6.0,6.0,6.0,6.0,6.0,6.0
real,300,gulf,10,LSTM-ms,4,buffer,6,386,84,0.5167562859713317,79.0,78.0,77.0,77.0,76.0,76.0,75.0,75.0,74.0,74.0,73.0,73.0,72.0,72.0,72.0,63.0,63.0,62.0,61.0,60.0
real,300,gulf,10,LSTM-ms,4,buffer,7,389,7,1.3747234783436761,6.0,6.0,6.0,6.0,6.0,6.0,6.0,6.0,6.0,6.0,6.0,6.0,6.0,6.0,6.0,6.0,6.0,6.0,6.0,6.0
real,300,gulf,10,LSTM-ms,4,buffer,8,414,12,0.15549653869616353,6.0,6.0,6.0,6.0,6.0,6.0,6.0,6.0,6.0,6.0,6.0,6.0,6.0,6.0,6.0,6.0,6.0,6.0,6.0,6.0
real,300,gulf,10,LSTM-ms,4,buffer,9,468,11,0.91333226790448,6.0,6.0,6.0,6.0,6.0,6.0,6.0,6.0,6.0,6.0,6.0,6.0,6.0,6.0,6.0,6.0,6.0,6.0,6.0,6.0
real,300,gulf,10,LSTM-ms,4,crossing,0,206,30,0.3921923424396899,29.0,28.0,28.0,24.0,24.0,23.0,23.0,23.0,22.0,22.0,21.0,18.0,18.0,17.0,17.0,16.0,16.0,16.0,15.0,15.0
real,300,gulf,10,LSTM-ms,4,crossing,1,213,41,0.5473802931697426,41.0,39.0,38.0,35.0,34.0,34.0,28.0,27.0,27.0,26.0,26.0,26.0,25.0,25.0,25.0,24.0,24.0,24.0,24.0,24.0
real,300,gulf,10,LSTM-ms,4,crossing,2,252,11,0.6117606889127456,10.0,9.0,9.0,8.0,7.0,7.0,6.0,6.0,6.0,6.0,6.0,6.0,6.0,6.0,6.0,6.0,6.0,6.0,6.0,6.0
real,300,gulf,10,LSTM-ms,4,crossing,3,260,240,0.6888460239393783,239.0,238.0,237.0,237.0,236.0,235.0,234.0,233.0,233.0,232.0,231.0,231.0,230.0,230.0,229.0,229.0,228.0,228.0,227.0,227.0
real,300,gulf,10,LSTM-ms,4,crossing,4,293,45,0.8897942832931157,44.0,43.0,42.0,41.0,40.0,39.0,39.0,38.0,33.0,32.0,32.0,32.0,31.0,31.0,31.0,30.0,30.0,30.0,30.0,29.0
real,300,gulf,10,LSTM-ms,4,crossing,5,348,26,0.5068320744894578,25.0,25.0,24.0,23.0,22.0,21.0,20.0,20.0,20.0,19.0,19.0,19.0,18.0,10.0,10.0,9.0,9.0,8.0,8.0,7.0
real,300,gulf,10,LSTM-ms,4,crossing,6,386,84,0.5167562859713317,83.0,82.0,81.0,81.0,80.0,79.0,78.0,77.0,77.0,76.0,76.0,76.0,75.0,75.0,75.0,74.0,74.0,73.0,73.0,72.0
real,300,gulf,10,LSTM-ms,4,crossing,7,389,7,1.3747234783436761,6.0,6.0,6.0,6.0,6.0,6.0,6.0,6.0,6.0,6.0,6.0,6.0,6.0,6.0,6.0,6.0,6.0,6.0,6.0,6.0
real,300,gulf,10,LSTM-ms,4,crossing,8,414,12,0.15549653869616353,11.0,11.0,11.0,11.0,10.0,9.0,8.0,7.0,7.0,7.0,6.0,6.0,6.0,6.0,6.0,6.0,6.0,6.0,6.0,6.0
real,300,gulf,10,LSTM-ms,4,crossing,9,468,11,0.91333226790448,11.0,10.0,9.0,8.0,6.0,6.0,6.0,6.0,6.0,6.0,6.0,6.0,6.0,6.0,6.0,6.0,6.0,6.0,6.0,6.0
real,300,gulf,11,Reactive,0,zone,0,19,394,0.8917053415156226,391.0,391.0,391.0,391.0,391.0,391.0,391.0,391.0,391.0,391.0,391.0,391.0,391.0,391.0,391.0,391.0,391.0,391.0,391.0,391.0
real,300,gulf,11,Reactive,0,zone,1,49,377,0.3680385695503958,375.0,375.0,375.0,375.0,375.0,375.0,375.0,375.0,375.0,375.0,375.0,375.0,375.0,375.0,375.0,375.0,375.0,375.0,375.0,375.0
real,300,gulf,11,Reactive,0,zone,2,62,121,1.2786629539358552,119.0,119.0,119.0,119.0,119.0,119.0,119.0,119.0,119.0,119.0,119.0,119.0,119.0,119.0,119.0,119.0,119.0,119.0,119.0,119.0
real,300,gulf,11,Reactive,0,zone,3,117,179,1.1893630132920272,177.0,177.0,177.0,177.0,177.0,177.0,177.0,177.0,177.0,177.0,177.0,177.0,177.0,177.0,177.0,177.0,177.0,177.0,177.0,177.0
real,300,gulf,11,Reactive,0,zone,4,125,84,1.4326964715792176,81.0,81.0,81.0,81.0,81.0,81.0,81.0,81.0,81.0,81.0,81.0,81.0,81.0,81.0,81.0,81.0,81.0,81.0,81.0,81.0
real,300,gulf,11,Reactive,0,zone,5,127,57,0.6362174321529197,55.0,55.0,55.0,55.0,55.0,55.0,55.0,55.0,55.0,55.0,55.0,55.0,55.0,55.0,55.0,55.0,55.0,55.0,55.0,55.0
real,300,gulf,11,Reactive,0,zone,6,141,61,0.2666983815026639,60.0,60.0,60.0,60.0,60.0,60.0,60.0,60.0,60.0,60.0,60.0,60.0,60.0,60.0,60.0,60.0,60.0,60.0,60.0,60.0
real,300,gulf,11,Reactive,0,zone,7,159,104,1.3376489578769835,96.0,96.0,96.0,96.0,96.0,96.0,96.0,96.0,96.0,96.0,96.0,96.0,96.0,96.0,96.0,96.0,96.0,96.0,96.0,96.0
real,300,gulf,11,Reactive,0,zone,8,173,48,0.9222179702465199,46.0,46.0,46.0,46.0,46.0,46.0,46.0,46.0,46.0,46.0,46.0,46.0,46.0,46.0,46.0,46.0,46.0,46.0,46.0,46.0
real,300,gulf,11,Reactive,0,zone,9,182,132,0.5048361242184066,126.0,126.0,126.0,126.0,126.0,126.0,126.0,126.0,126.0,126.0,126.0,126.0,126.0,126.0,126.0,126.0,126.0,126.0,126.0,126.0
real,300,gulf,11,Reactive,0,zone,10,200,44,0.6428980190146993,42.0,42.0,42.0,42.0,42.0,42.0,42.0,42.0,42.0,42.0,42.0,42.0,42.0,42.0,42.0,42.0,42.0,42.0,42.0,42.0
real,300,gulf,11,Reactive,0,zone,11,244,19,1.0425653493573712,16.0,16.0,16.0,16.0,16.0,16.0,16.0,16.0,16.0,16.0,16.0,16.0,16.0,16.0,16.0,16.0,16.0,16.0,16.0,16.0
real,300,gulf,11,Reactive,0,zone,12,261,54,0.9609979328840041,52.0,52.0,52.0,52.0,52.0,52.0,52.0,52.0,52.0,52.0,52.0,52.0,52.0,52.0,52.0,52.0,52.0,52.0,52.0,52.0
real,300,gulf,11,Reactive,0,zone,13,263,10,1.3784752528043216,6.0,6.0,6.0,6.0,6.0,6.0,6.0,6.0,6.0,6.0,6.0,6.0,6.0,6.0,6.0,6.0,6.0,6.0,6.0,6.0
real,300,gulf,11,Reactive,0,zone,14,265,36,0.4674361193238785,0.0,0.0,0.0,0.0,0.0,0.0,0.0,0.0,0.0,0.0,0.0,0.0,0.0,0.0,0.0,0.0,0.0,0.0,0.0,0.0
real,300,gulf,11,Reactive,0,zone,15,274,12,0.47961229038257874,0.0,0.0,0.0,0.0,0.0,0.0,0.0,0.0,0.0,0.0,0.0,0.0,0.0,0.0,0.0,0.0,0.0,0.0,0.0,0.0
real,300,gulf,11,Reactive,0,zone,16,277,98,1.0133525018976584,94.0,94.0,94.0,94.0,94.0,94.0,94.0,94.0,94.0,94.0,94.0,94.0,94.0,94.0,94.0,94.0,94.0,94.0,94.0,94.0
real,300,gulf,11,Reactive,0,zone,17,279,8,0.879965094764683,6.0,6.0,6.0,6.0,6.0,6.0,6.0,6.0,6.0,6.0,6.0,6.0,6.0,6.0,6.0,6.0,6.0,6.0,6.0,6.0
real,300,gulf,11,Reactive,0,zone,18,357,196,1.1137592334625468,194.0,194.0,194.0,194.0,194.0,194.0,194.0,194.0,194.0,194.0,194.0,194.0,194.0,194.0,194.0,194.0,194.0,194.0,194.0,194.0
real,300,gulf,11,Reactive,0,zone,19,390,56,0.4951852240117614,51.0,51.0,51.0,51.0,51.0,51.0,51.0,51.0,51.0,51.0,51.0,51.0,51.0,51.0,51.0,51.0,51.0,51.0,51.0,51.0
real,300,gulf,11,Reactive,0,zone,20,394,159,1.0706275373090541,157.0,157.0,157.0,157.0,157.0,157.0,157.0,157.0,157.0,157.0,157.0,157.0,157.0,157.0,157.0,157.0,157.0,157.0,157.0,157.0
real,300,gulf,11,Reactive,0,zone,21,395,67,0.9245216066496497,65.0,65.0,65.0,65.0,65.0,65.0,65.0,65.0,65.0,65.0,65.0,65.0,65.0,65.0,65.0,65.0,65.0,65.0,65.0,65.0
real,300,gulf,11,Reactive,0,zone,22,407,181,0.8583357455416284,170.0,170.0,170.0,170.0,170.0,170.0,170.0,170.0,170.0,170.0,170.0,170.0,170.0,170.0,170.0,170.0,170.0,170.0,170.0,170.0
real,300,gulf,11,Reactive,0,zone,23,409,41,0.9185416608723219,39.0,39.0,39.0,39.0,39.0,39.0,39.0,39.0,39.0,39.0,39.0,39.0,39.0,39.0,39.0,39.0,39.0,39.0,39.0,39.0
real,300,gulf,11,Reactive,0,zone,24,413,315,0.4270002569880942,313.0,313.0,313.0,313.0,313.0,313.0,313.0,313.0,313.0,313.0,313.0,313.0,313.0,313.0,313.0,313.0,313.0,313.0,313.0,313.0
real,300,gulf,11,Reactive,0,zone,25,419,113,1.381933211240309,110.0,110.0,110.0,110.0,110.0,110.0,110.0,110.0,110.0,110.0,110.0,110.0,110.0,110.0,110.0,110.0,110.0,110.0,110.0,110.0
real,300,gulf,11,Reactive,0,zone,26,436,7,1.016159177296682,4.0,4.0,4.0,4.0,4.0,4.0,4.0,4.0,4.0,4.0,4.0,4.0,4.0,4.0,4.0,4.0,4.0,4.0,4.0,4.0
real,300,gulf,11,Reactive,0,zone,27,437,18,0.9626762189613476,16.0,16.0,16.0,16.0,16.0,16.0,16.0,16.0,16.0,16.0,16.0,16.0,16.0,16.0,16.0,16.0,16.0,16.0,16.0,16.0
real,300,gulf,11,Reactive,0,zone,28,449,107,0.7252759973203549,103.0,103.0,103.0,103.0,103.0,103.0,103.0,103.0,103.0,103.0,103.0,103.0,103.0,103.0,103.0,103.0,103.0,103.0,103.0,103.0
real,300,gulf,11,Reactive,0,zone,29,462,140,0.275217055136899,140.0,140.0,140.0,140.0,140.0,140.0,140.0,140.0,140.0,140.0,140.0,140.0,140.0,140.0,140.0,140.0,140.0,140.0,140.0,140.0
real,300,gulf,11,Reactive,0,zone,30,498,114,0.4597200508734812,106.0,106.0,106.0,106.0,106.0,106.0,106.0,106.0,106.0,106.0,106.0,106.0,106.0,106.0,106.0,106.0,106.0,106.0,106.0,106.0
real,300,gulf,11,Analytic,0,buffer,0,19,394,0.8917053415156226,390.0,388.0,386.0,379.0,378.0,377.0,377.0,376.0,376.0,376.0,376.0,375.0,375.0,375.0,367.0,366.0,366.0,359.0,359.0,358.0
real,300,gulf,11,Analytic,0,buffer,1,49,377,0.3680385695503958,374.0,373.0,372.0,371.0,370.0,369.0,368.0,367.0,366.0,366.0,365.0,363.0,362.0,361.0,359.0,355.0,354.0,353.0,352.0,351.0
real,300,gulf,11,Analytic,0,buffer,2,62,121,1.2786629539358552,119.0,118.0,117.0,116.0,115.0,115.0,114.0,114.0,113.0,112.0,110.0,109.0,108.0,107.0,106.0,104.0,103.0,102.0,101.0,100.0
real,300,gulf,11,Analytic,0,buffer,3,117,179,1.1893630132920272,176.0,175.0,174.0,173.0,172.0,171.0,170.0,169.0,168.0,167.0,165.0,163.0,162.0,161.0,161.0,160.0,159.0,158.0,157.0,156.0
real,300,gulf,11,Analytic,0,buffer,4,125,84,1.4326964715792176,80.0,79.0,78.0,77.0,76.0,75.0,74.0,74.0,73.0,72.0,72.0,71.0,70.0,70.0,69.0,68.0,68.0,67.0,67.0,66.0
real,300,gulf,11,Analytic,0,buffer,5,127,57,0.6362174321529197,54.0,53.0,53.0,52.0,51.0,51.0,51.0,50.0,50.0,50.0,50.0,50.0,50.0,49.0,49.0,49.0,49.0,49.0,49.0,49.0
real,300,gulf,11,Analytic,0,buffer,6,141,61,0.2666983815026639,59.0,58.0,58.0,57.0,57.0,57.0,57.0,57.0,56.0,56.0,56.0,56.0,56.0,56.0,56.0,56.0,56.0,56.0,56.0,56.0
real,300,gulf,11,Analytic,0,buffer,7,159,104,1.3376489578769835,95.0,94.0,93.0,92.0,91.0,90.0,88.0,86.0,84.0,83.0,82.0,81.0,80.0,79.0,78.0,78.0,77.0,76.0,76.0,75.0
real,300,gulf,11,Analytic,0,buffer,8,173,48,0.9222179702465199,45.0,44.0,43.0,42.0,41.0,40.0,39.0,38.0,36.0,35.0,33.0,32.0,31.0,30.0,29.0,28.0,28.0,27.0,27.0,26.0
real,300,gulf,11,Analytic,0,buffer,9,182,132,0.5048361242184066,125.0,122.0,121.0,120.0,119.0,118.0,117.0,116.0,115.0,114.0,114.0,113.0,113.0,113.0,113.0,112.0,112.0,112.0,112.0,111.0
real,300,gulf,11,Analytic,0,buffer,10,200,44,0.6428980190146993,41.0,40.0,40.0,40.0,39.0,39.0,39.0,39.0,38.0,38.0,38.0,38.0,37.0,33.0,32.0,32.0,32.0,31.0,26.0,25.0
real,300,gulf,11,Analytic,0,buffer,11,244,19,1.0425653493573712,15.0,15.0,15.0,15.0,15.0,15.0,15.0,14.0,14.0,14.0,14.0,14.0,14.0,14.0,14.0,14.0,14.0,14.0,14.0,14.0
real,300,gulf,11,Analytic,0,buffer,12,261,54,0.9609979328840041,51.0,50.0,49.0,48.0,48.0,47.0,39.0,38.0,38.0,37.0,36.0,36.0,35.0,34.0,32.0,31.0,30.0,29.0,28.0,28.0
real,300,gulf,11,Analytic,0,buffer,13,263,10,1.3784752528043216,6.0,6.0,6.0,6.0,6.0,6.0,6.0,6.0,6.0,6.0,6.0,6.0,6.0,6.0,6.0,6.0,6.0,6.0,6.0,6.0
real,300,gulf,11,Analytic,0,buffer,14,265,36,0.4674361193238785,27.0,25.0,24.0,23.0,22.0,21.0,20.0,20.0,20.0,20.0,19.0,19.0,19.0,19.0,19.0,19.0,19.0,19.0,19.0,19.0
real,300,gulf,11,Analytic,0,buffer,15,274,12,0.47961229038257874,6.0,6.0,6.0,6.0,6.0,6.0,6.0,6.0,6.0,6.0,6.0,6.0,6.0,6.0,6.0,6.0,6.0,6.0,6.0,6.0
real,300,gulf,11,Analytic,0,buffer,16,277,98,1.0133525018976584,93.0,92.0,91.0,90.0,89.0,88.0,88.0,87.0,86.0,85.0,84.0,83.0,82.0,81.0,80.0,79.0,77.0,76.0,75.0,74.0
real,300,gulf,11,Analytic,0,buffer,17,279,8,0.879965094764683,6.0,6.0,6.0,6.0,6.0,6.0,6.0,6.0,6.0,6.0,6.0,6.0,6.0,6.0,6.0,6.0,6.0,6.0,6.0,6.0
real,300,gulf,11,Analytic,0,buffer,18,357,196,1.1137592334625468,193.0,192.0,191.0,190.0,189.0,188.0,187.0,186.0,185.0,184.0,183.0,182.0,181.0,180.0,179.0,178.0,177.0,176.0,175.0,174.0
real,300,gulf,11,Analytic,0,buffer,19,390,56,0.4951852240117614,50.0,49.0,48.0,48.0,47.0,46.0,44.0,43.0,42.0,41.0,40.0,40.0,39.0,39.0,39.0,38.0,26.0,26.0,25.0,24.0
real,300,gulf,11,Analytic,0,buffer,20,394,159,1.0706275373090541,156.0,155.0,154.0,153.0,152.0,151.0,150.0,149.0,148.0,147.0,146.0,145.0,144.0,143.0,142.0,141.0,140.0,139.0,138.0,138.0
real,300,gulf,11,Analytic,0,buffer,21,395,67,0.9245216066496497,64.0,64.0,64.0,63.0,63.0,63.0,63.0,63.0,63.0,62.0,62.0,62.0,62.0,62.0,62.0,62.0,62.0,62.0,62.0,62.0
real,300,gulf,11,Analytic,0,buffer,22,407,181,0.8583357455416284,169.0,168.0,168.0,167.0,166.0,151.0,150.0,149.0,148.0,147.0,146.0,145.0,144.0,143.0,142.0,141.0,140.0,139.0,138.0,138.0
real,300,gulf,11,Analytic,0,buffer,23,409,41,0.9185416608723219,38.0,38.0,32.0,31.0,31.0,30.0,30.0,30.0,29.0,29.0,29.0,29.0,29.0,10.0,6.0,6.0,6.0,6.0,6.0,6.0
real,300,gulf,11,Analytic,0,buffer,24,413,315,0.4270002569880942,312.0,311.0,310.0,309.0,309.0,308.0,308.0,308.0,307.0,307.0,307.0,307.0,307.0,307.0,307.0,306.0,306.0,306.0,306.0,306.0
real,300,gulf,11,Analytic,0,buffer,25,419,113,1.381933211240309,109.0,108.0,107.0,106.0,105.0,104.0,103.0,102.0,101.0,100.0,99.0,98.0,97.0,96.0,95.0,95.0,94.0,93.0,92.0,92.0
real,300,gulf,11,Analytic,0,buffer,26,436,7,1.016159177296682,6.0,6.0,6.0,6.0,6.0,6.0,6.0,6.0,6.0,6.0,6.0,6.0,6.0,6.0,6.0,6.0,6.0,6.0,6.0,6.0
real,300,gulf,11,Analytic,0,buffer,27,437,18,0.9626762189613476,15.0,14.0,14.0,13.0,13.0,12.0,11.0,11.0,11.0,11.0,10.0,10.0,10.0,10.0,10.0,10.0,10.0,10.0,9.0,9.0
real,300,gulf,11,Analytic,0,buffer,28,449,107,0.7252759973203549,102.0,101.0,100.0,99.0,98.0,97.0,96.0,95.0,94.0,93.0,92.0,91.0,90.0,89.0,89.0,88.0,87.0,87.0,86.0,85.0
real,300,gulf,11,Analytic,0,buffer,29,462,140,0.275217055136899,140.0,140.0,140.0,140.0,140.0,140.0,140.0,140.0,140.0,140.0,140.0,140.0,140.0,140.0,140.0,140.0,140.0,140.0,140.0,140.0
real,300,gulf,11,Analytic,0,buffer,30,498,114,0.4597200508734812,105.0,104.0,103.0,102.0,102.0,101.0,100.0,99.0,98.0,97.0,96.0,13.0,13.0,12.0,11.0,10.0,9.0,9.0,8.0,7.0
real,300,gulf,11,Analytic,0,crossing,0,19,394,0.8917053415156226,394.0,393.0,393.0,392.0,392.0,378.0,378.0,377.0,377.0,376.0,376.0,376.0,376.0,376.0,375.0,375.0,367.0,367.0,366.0,359.0
real,300,gulf,11,Analytic,0,crossing,1,49,377,0.3680385695503958,376.0,375.0,374.0,373.0,372.0,371.0,370.0,369.0,368.0,367.0,366.0,366.0,365.0,363.0,362.0,361.0,357.0,355.0,354.0,353.0
real,300,gulf,11,Analytic,0,crossing,2,62,121,1.2786629539358552,120.0,119.0,119.0,118.0,117.0,116.0,116.0,115.0,114.0,114.0,113.0,112.0,111.0,110.0,109.0,108.0,106.0,105.0,104.0,102.0
real,300,gulf,11,Analytic,0,crossing,3,117,179,1.1893630132920272,178.0,177.0,176.0,175.0,174.0,173.0,172.0,171.0,170.0,169.0,168.0,167.0,166.0,164.0,163.0,162.0,161.0,160.0,159.0,159.0
real,300,gulf,11,Analytic,0,crossing,4,125,84,1.4326964715792176,83.0,82.0,81.0,80.0,78.0,77.0,76.0,75.0,75.0,74.0,73.0,73.0,72.0,71.0,71.0,70.0,69.0,69.0,68.0,68.0
real,300,gulf,11,Analytic,0,crossing,5,127,57,0.6362174321529197,56.0,55.0,54.0,53.0,53.0,52.0,51.0,51.0,51.0,50.0,50.0,50.0,50.0,50.0,50.0,50.0,49.0,49.0,49.0,49.0
real,300,gulf,11,Analytic,0,crossing,6,141,61,0.2666983815026639,61.0,60.0,59.0,59.0,58.0,58.0,58.0,58.0,57.0,57.0,57.0,57.0,57.0,57.0,57.0,56.0,56.0,56.0,56.0,56.0
real,300,gulf,11,Analytic,0,crossing,7,159,104,1.3376489578769835,103.0,102.0,101.0,100.0,98.0,97.0,96.0,95.0,94.0,93.0,92.0,90.0,86.0,84.0,82.0,81.0,80.0,80.0,79.0,78.0
real,300,gulf,11,Analytic,0,crossing,8,173,48,0.9222179702465199,47.0,46.0,45.0,44.0,43.0,42.0,41.0,40.0,39.0,38.0,37.0,35.0,34.0,32.0,31.0,30.0,29.0,28.0,28.0,27.0
real,300,gulf,11,Analytic,0,crossing,9,182,132,0.5048361242184066,131.0,130.0,129.0,128.0,128.0,127.0,127.0,126.0,121.0,120.0,119.0,118.0,117.0,117.0,116.0,115.0,114.0,114.0,114.0,113.0
real,300,gulf,11,Analytic,0,crossing,10,200,44,0.6428980190146993,43.0,42.0,41.0,41.0,40.0,40.0,40.0,39.0,39.0,39.0,39.0,39.0,38.0,38.0,38.0,38.0,38.0,33.0,33.0,32.0
real,300,gulf,11,Analytic,0,crossing,11,244,19,1.0425653493573712,18.0,17.0,17.0,16.0,16.0,16.0,16.0,16.0,15.0,15.0,15.0,15.0,15.0,15.0,15.0,15.0,15.0,15.0,15.0,15.0
real,300,gulf,11,Analytic,0,crossing,12,261,54,0.9609979328840041,53.0,52.0,51.0,51.0,50.0,49.0,49.0,48.0,39.0,38.0,38.0,37.0,36.0,36.0,35.0,34.0,33.0,31.0,30.0,29.0
real,300,gulf,11,Analytic,0,crossing,13,263,10,1.3784752528043216,9.0,8.0,8.0,7.0,6.0,6.0,6.0,6.0,6.0,6.0,6.0,6.0,6.0,6.0,6.0,6.0,6.0,6.0,6.0,6.0
real,300,gulf,11,Analytic,0,crossing,14,265,36,0.4674361193238785,35.0,34.0,33.0,32.0,30.0,29.0,25.0,23.0,22.0,21.0,20.0,20.0,20.0,20.0,20.0,20.0,19.0,19.0,19.0,19.0
real,300,gulf,11,Analytic,0,crossing,15,274,12,0.47961229038257874,11.0,11.0,11.0,10.0,10.0,10.0,10.0,10.0,10.0,10.0,10.0,10.0,10.0,10.0,10.0,8.0,8.0,8.0,8.0,8.0
real,300,gulf,11,Analytic,0,crossing,16,277,98,1.0133525018976584,97.0,95.0,94.0,93.0,92.0,91.0,91.0,90.0,89.0,88.0,87.0,86.0,85.0,85.0,84.0,83.0,82.0,81.0,80.0,78.0
real,300,gulf,11,Analytic,0,crossing,17,279,8,0.879965094764683,7.0,7.0,6.0,6.0,6.0,6.0,6.0,6.0,6.0,6.0,6.0,6.0,6.0,6.0,6.0,6.0,6.0,6.0,6.0,6.0
real,300,gulf,11,Analytic,0,crossing,18,357,196,1.1137592334625468,195.0,194.0,193.0,192.0,191.0,190.0,189.0,188.0,187.0,186.0,185.0,184.0,183.0,182.0,181.0,180.0,179.0,178.0,177.0,176.0
real,300,gulf,11,Analytic,0,crossing,19,390,56,0.4951852240117614,55.0,54.0,53.0,52.0,51.0,51.0,50.0,49.0,49.0,48.0,48.0,47.0,46.0,43.0,42.0,41.0,41.0,40.0,40.0,39.0
real,300,gulf,11,Analytic,0,crossing,20,394,159,1.0706275373090541,158.0,157.0,156.0,155.0,154.0,153.0,152.0,151.0,150.0,149.0,148.0,147.0,146.0,145.0,144.0,143.0,142.0,141.0,140.0,139.0
real,300,gulf,11,Analytic,0,crossing,21,395,67,0.9245216066496497,66.0,66.0,65.0,65.0,65.0,64.0,64.0,64.0,64.0,64.0,64.0,63.0,63.0,63.0,63.0,63.0,63.0,63.0,63.0,63.0
real,300,gulf,11,Analytic,0,crossing,22,407,181,0.8583357455416284,180.0,180.0,179.0,179.0,175.0,174.0,172.0,151.0,150.0,149.0,148.0,147.0,146.0,145.0,144.0,143.0,142.0,141.0,140.0,139.0
real,300,gulf,11,Analytic,0,crossing,23,409,41,0.9185416608723219,40.0,40.0,39.0,39.0,38.0,31.0,31.0,30.0,30.0,30.0,30.0,29.0,29.0,29.0,29.0,29.0,6.0,6.0,6.0,6.0
real,300,gulf,11,Analytic,0,crossing,24,413,315,0.4270002569880942,314.0,313.0,312.0,311.0,310.0,309.0,309.0,308.0,308.0,308.0,308.0,307.0,307.0,307.0,307.0,307.0,307.0,307.0,307.0,306.0
real,300,gulf,11,Analytic,0,crossing,25,419,113,1.381933211240309,112.0,111.0,110.0,109.0,108.0,106.0,105.0,104.0,103.0,102.0,101.0,100.0,99.0,98.0,97.0,96.0,95.0,95.0,94.0,93.0
real,300,gulf,11,Analytic,0,crossing,26,436,7,1.016159177296682,6.0,6.0,6.0,6.0,6.0,6.0,6.0,6.0,6.0,6.0,6.0,6.0,6.0,6.0,6.0,6.0,6.0,6.0,6.0,6.0
real,300,gulf,11,Analytic,0,crossing,27,437,18,0.9626762189613476,17.0,16.0,15.0,14.0,14.0,13.0,13.0,12.0,12.0,11.0,11.0,11.0,11.0,11.0,10.0,10.0,10.0,10.0,10.0,10.0
real,300,gulf,11,Analytic,0,crossing,28,449,107,0.7252759973203549,106.0,105.0,104.0,103.0,102.0,101.0,100.0,99.0,98.0,97.0,96.0,95.0,94.0,92.0,91.0,90.0,89.0,89.0,89.0,88.0
real,300,gulf,11,Analytic,0,crossing,29,462,140,0.275217055136899,140.0,140.0,140.0,140.0,140.0,140.0,140.0,140.0,140.0,140.0,140.0,140.0,140.0,140.0,140.0,140.0,140.0,140.0,140.0,140.0
real,300,gulf,11,Analytic,0,crossing,30,498,114,0.4597200508734812,113.0,112.0,111.0,110.0,109.0,107.0,105.0,104.0,103.0,102.0,102.0,101.0,101.0,99.0,98.0,97.0,56.0,55.0,13.0,13.0
real,300,gulf,11,ConstVel,0,buffer,0,19,394,0.8917053415156226,390.0,389.0,388.0,384.0,376.0,375.0,375.0,375.0,375.0,375.0,375.0,374.0,374.0,374.0,367.0,359.0,358.0,358.0,358.0,357.0
real,300,gulf,11,ConstVel,0,buffer,1,49,377,0.3680385695503958,374.0,373.0,372.0,371.0,370.0,369.0,368.0,367.0,366.0,365.0,365.0,364.0,363.0,362.0,360.0,359.0,354.0,353.0,352.0,351.0
real,300,gulf,11,ConstVel,0,buffer,2,62,121,1.2786629539358552,118.0,118.0,117.0,116.0,114.0,114.0,114.0,113.0,113.0,112.0,110.0,109.0,108.0,107.0,106.0,105.0,104.0,102.0,101.0,100.0
real,300,gulf,11,ConstVel,0,buffer,3,117,179,1.1893630132920272,176.0,175.0,174.0,173.0,172.0,170.0,170.0,169.0,168.0,167.0,166.0,166.0,163.0,161.0,160.0,159.0,159.0,158.0,157.0,156.0
real,300,gulf,11,ConstVel,0,buffer,4,125,84,1.4326964715792176,80.0,79.0,78.0,77.0,76.0,75.0,74.0,73.0,72.0,71.0,70.0,68.0,67.0,66.0,66.0,64.0,64.0,63.0,61.0,60.0
real,300,gulf,11,ConstVel,0,buffer,5,127,57,0.6362174321529197,54.0,53.0,52.0,51.0,50.0,50.0,49.0,49.0,49.0,49.0,49.0,47.0,47.0,47.0,47.0,47.0,47.0,47.0,47.0,47.0
real,300,gulf,11,ConstVel,0,buffer,6,141,61,0.2666983815026639,59.0,58.0,57.0,56.0,56.0,55.0,55.0,55.0,55.0,55.0,55.0,55.0,55.0,55.0,54.0,54.0,54.0,54.0,54.0,54.0
real,300,gulf,11,ConstVel,0,buffer,7,159,104,1.3376489578769835,95.0,94.0,93.0,92.0,91.0,90.0,89.0,88.0,85.0,84.0,82.0,80.0,80.0,79.0,78.0,77.0,76.0,76.0,75.0,74.0
real,300,gulf,11,ConstVel,0,buffer,8,173,48,0.9222179702465199,45.0,44.0,43.0,42.0,41.0,40.0,39.0,38.0,37.0,36.0,35.0,33.0,31.0,30.0,28.0,28.0,27.0,26.0,25.0,25.0
real,300,gulf,11,ConstVel,0,buffer,9,182,132,0.5048361242184066,125.0,122.0,121.0,120.0,119.0,117.0,116.0,116.0,116.0,115.0,113.0,112.0,111.0,111.0,110.0,110.0,110.0,110.0,110.0,110.0
real,300,gulf,11,ConstVel,0,buffer,10,200,44,0.6428980190146993,41.0,40.0,39.0,39.0,38.0,38.0,37.0,37.0,37.0,37.0,37.0,32.0,32.0,31.0,31.0,31.0,31.0,31.0,26.0,21.0
real,300,gulf,11,ConstVel,0,buffer,11,244,19,1.0425653493573712,15.0,14.0,14.0,14.0,14.0,14.0,14.0,14.0,14.0,14.0,14.0,14.0,13.0,13.0,13.0,13.0,13.0,13.0,13.0,13.0
real,300,gulf,11,ConstVel,0,buffer,12,261,54,0.9609979328840041,51.0,50.0,49.0,48.0,47.0,47.0,46.0,38.0,37.0,36.0,36.0,35.0,34.0,34.0,32.0,32.0,30.0,29.0,27.0,27.0
real,300,gulf,11,ConstVel,0,buffer,13,263,10,1.3784752528043216,6.0,6.0,6.0,6.0,6.0,6.0,6.0,6.0,6.0,6.0,6.0,6.0,6.0,6.0,6.0,6.0,6.0,6.0,6.0,6.0
real,300,gulf,11,ConstVel,0,buffer,14,265,36,0.4674361193238785,27.0,26.0,24.0,23.0,22.0,20.0,19.0,19.0,17.0,17.0,17.0,17.0,16.0,16.0,16.0,16.0,16.0,16.0,16.0,16.0
real,300,gulf,11,ConstVel,0,buffer,15,274,12,0.47961229038257874,6.0,6.0,6.0,6.0,6.0,6.0,6.0,6.0,6.0,6.0,6.0,6.0,6.0,6.0,6.0,6.0,6.0,6.0,6.0,6.0
real,300,gulf,11,ConstVel,0,buffer,16,277,98,1.0133525018976584,93.0,92.0,91.0,90.0,89.0,88.0,87.0,86.0,86.0,85.0,84.0,83.0,82.0,81.0,80.0,80.0,79.0,77.0,74.0,73.0
real,300,gulf,11,ConstVel,0,buffer,17,279,8,0.879965094764683,6.0,6.0,6.0,6.0,6.0,6.0,6.0,6.0,6.0,6.0,6.0,6.0,6.0,6.0,6.0,6.0,6.0,6.0,6.0,6.0
real,300,gulf,11,ConstVel,0,buffer,18,357,196,1.1137592334625468,193.0,192.0,191.0,190.0,189.0,188.0,187.0,186.0,185.0,184.0,183.0,182.0,181.0,180.0,179.0,178.0,177.0,176.0,175.0,173.0
real,300,gulf,11,ConstVel,0,buffer,19,390,56,0.4951852240117614,50.0,49.0,48.0,48.0,47.0,46.0,45.0,43.0,43.0,39.0,39.0,38.0,38.0,38.0,38.0,38.0,26.0,25.0,25.0,24.0
real,300,gulf,11,ConstVel,0,buffer,20,394,159,1.0706275373090541,156.0,155.0,154.0,153.0,152.0,151.0,150.0,149.0,148.0,147.0,146.0,145.0,143.0,143.0,142.0,141.0,140.0,139.0,138.0,137.0
real,300,gulf,11,ConstVel,0,buffer,21,395,67,0.9245216066496497,64.0,63.0,63.0,63.0,62.0,61.0,61.0,61.0,61.0,61.0,61.0,61.0,61.0,61.0,61.0,61.0,61.0,61.0,61.0,61.0
real,300,gulf,11,ConstVel,0,buffer,22,407,181,0.8583357455416284,169.0,168.0,167.0,167.0,166.0,166.0,150.0,149.0,148.0,147.0,146.0,145.0,144.0,143.0,141.0,141.0,140.0,139.0,138.0,137.0
real,300,gulf,11,ConstVel,0,buffer,23,409,41,0.9185416608723219,38.0,37.0,37.0,32.0,29.0,28.0,28.0,27.0,27.0,27.0,27.0,27.0,10.0,10.0,9.0,8.0,7.0,6.0,6.0,6.0
real,300,gulf,11,ConstVel,0,buffer,24,413,315,0.4270002569880942,312.0,311.0,310.0,309.0,308.0,307.0,306.0,305.0,305.0,305.0,305.0,305.0,305.0,305.0,305.0,305.0,250.0,250.0,250.0,250.0
real,300,gulf,11,ConstVel,0,buffer,25,419,113,1.381933211240309,109.0,108.0,107.0,106.0,105.0,104.0,103.0,102.0,101.0,100.0,99.0,98.0,97.0,96.0,95.0,94.0,93.0,93.0,92.0,91.0
real,300,gulf,11,ConstVel,0,buffer,26,436,7,1.016159177296682,6.0,6.0,6.0,6.0,6.0,6.0,6.0,6.0,6.0,6.0,6.0,6.0,6.0,6.0,6.0,6.0,6.0,6.0,6.0,6.0
real,300,gulf,11,ConstVel,0,buffer,27,437,18,0.9626762189613476,15.0,14.0,13.0,13.0,12.0,12.0,10.0,10.0,9.0,9.0,8.0,8.0,8.0,8.0,8.0,8.0,8.0,8.0,8.0,8.0
real,300,gulf,11,ConstVel,0,buffer,28,449,107,0.7252759973203549,102.0,101.0,100.0,99.0,98.0,97.0,96.0,95.0,95.0,93.0,92.0,91.0,90.0,89.0,87.0,87.0,86.0,86.0,86.0,82.0
real,300,gulf,11,ConstVel,0,buffer,29,462,140,0.275217055136899,139.0,138.0,137.0,136.0,135.0,134.0,133.0,131.0,130.0,129.0,128.0,127.0,126.0,124.0,124.0,124.0,124.0,124.0,124.0,124.0
real,300,gulf,11,ConstVel,0,buffer,30,498,114,0.4597200508734812,105.0,104.0,102.0,102.0,101.0,101.0,101.0,99.0,98.0,97.0,13.0,13.0,13.0,11.0,11.0,10.0,9.0,9.0,7.0,6.0
real,300,gulf,11,ConstVel,0,crossing,0,19,394,0.8917053415156226,393.0,392.0,392.0,392.0,391.0,391.0,376.0,375.0,375.0,375.0,375.0,375.0,375.0,374.0,374.0,374.0,367.0,358.0,358.0,358.0
real,300,gulf,11,ConstVel,0,crossing,1,49,377,0.3680385695503958,376.0,375.0,374.0,373.0,372.0,371.0,370.0,369.0,368.0,367.0,366.0,365.0,365.0,364.0,363.0,362.0,360.0,355.0,354.0,353.0
real,300,gulf,11,ConstVel,0,crossing,2,62,121,1.2786629539358552,120.0,119.0,118.0,118.0,117.0,116.0,114.0,114.0,114.0,114.0,113.0,113.0,112.0,110.0,109.0,108.0,107.0,105.0,104.0,103.0
real,300,gulf,11,ConstVel,0,crossing,3,117,179,1.1893630132920272,178.0,177.0,176.0,175.0,174.0,173.0,172.0,171.0,170.0,169.0,168.0,167.0,166.0,166.0,163.0,161.0,161.0,160.0,159.0,158.0
real,300,gulf,11,ConstVel,0,crossing,4,125,84,1.4326964715792176,83.0,82.0,81.0,80.0,79.0,78.0,76.0,75.0,74.0,73.0,72.0,72.0,71.0,69.0,67.0,66.0,66.0,65.0,64.0,63.0
real,300,gulf,11,ConstVel,0,crossing,5,127,57,0.6362174321529197,56.0,55.0,54.0,53.0,52.0,51.0,50.0,50.0,49.0,49.0,49.0,49.0,49.0,49.0,47.0,47.0,47.0,47.0,47.0,47.0
real,300,gulf,11,ConstVel,0,crossing,6,141,61,0.2666983815026639,60.0,60.0,59.0,58.0,57.0,57.0,56.0,56.0,56.0,55.0,55.0,55.0,55.0,55.0,55.0,55.0,55.0,55.0,55.0,55.0
real,300,gulf,11,ConstVel,0,crossing,7,159,104,1.3376489578769835,103.0,102.0,101.0,100.0,99.0,97.0,96.0,96.0,94.0,93.0,92.0,91.0,90.0,89.0,84.0,81.0,80.0,79.0,78.0,77.0
real,300,gulf,11,ConstVel,0,crossing,8,173,48,0.9222179702465199,47.0,46.0,45.0,44.0,43.0,43.0,42.0,40.0,39.0,38.0,37.0,36.0,35.0,33.0,31.0,30.0,28.0,28.0,27.0,26.0
real,300,gulf,11,ConstVel,0,crossing,9,182,132,0.5048361242184066,131.0,130.0,128.0,128.0,126.0,126.0,125.0,125.0,125.0,121.0,119.0,117.0,116.0,116.0,116.0,116.0,113.0,112.0,111.0,111.0
real,300,gulf,11,ConstVel,0,crossing,10,200,44,0.6428980190146993,43.0,42.0,41.0,40.0,39.0,39.0,38.0,38.0,38.0,38.0,37.0,37.0,37.0,37.0,32.0,32.0,32.0,31.0,31.0,31.0
real,300,gulf,11,ConstVel,0,crossing,11,244,19,1.0425653493573712,17.0,17.0,16.0,15.0,15.0,14.0,14.0,14.0,14.0,14.0,14.0,14.0,14.0,14.0,14.0,14.0,14.0,14.0,14.0,14.0
real,300,gulf,11,ConstVel,0,crossing,12,261,54,0.9609979328840041,53.0,52.0,51.0,51.0,50.0,49.0,48.0,47.0,47.0,38.0,37.0,36.0,36.0,36.0,34.0,34.0,32.0,32.0,30.0,29.0
real,300,gulf,11,ConstVel,0,crossing,13,263,10,1.3784752528043216,9.0,8.0,7.0,7.0,6.0,6.0,6.0,6.0,6.0,6.0,6.0,6.0,6.0,6.0,6.0,6.0,6.0,6.0,6.0,6.0
real,300,gulf,11,ConstVel,0,crossing,14,265,36,0.4674361193238785,35.0,34.0,33.0,32.0,31.0,29.0,28.0,24.0,23.0,22.0,20.0,19.0,18.0,17.0,17.0,17.0,17.0,17.0,16.0,16.0
real,300,gulf,11,ConstVel,0,crossing,15,274,12,0.47961229038257874,11.0,10.0,10.0,8.0,8.0,8.0,8.0,8.0,8.0,8.0,8.0,8.0,8.0,8.0,8.0,8.0,8.0,8.0,8.0,8.0
real,300,gulf,11,ConstVel,0,crossing,16,277,98,1.0133525018976584,97.0,96.0,95.0,93.0,92.0,91.0,90.0,90.0,89.0,88.0,87.0,86.0,85.0,85.0,83.0,83.0,82.0,81.0,80.0,79.0
real,300,gulf,11,ConstVel,0,crossing,17,279,8,0.879965094764683,7.0,6.0,6.0,6.0,6.0,6.0,6.0,6.0,6.0,6.0,6.0,6.0,6.0,6.0,6.0,6.0,6.0,6.0,6.0,6.0
real,300,gulf,11,ConstVel,0,crossing,18,357,196,1.1137592334625468,195.0,194.0,193.0,192.0,191.0,190.0,188.0,187.0,187.0,186.0,185.0,183.0,183.0,182.0,181.0,180.0,179.0,178.0,177.0,176.0
real,300,gulf,11,ConstVel,0,crossing,19,390,56,0.4951852240117614,55.0,54.0,53.0,52.0,51.0,50.0,49.0,48.0,48.0,48.0,48.0,47.0,46.0,45.0,40.0,39.0,39.0,38.0,38.0,38.0
real,300,gulf,11,ConstVel,0,crossing,20,394,159,1.0706275373090541,158.0,157.0,156.0,155.0,154.0,153.0,152.0,151.0,150.0,149.0,148.0,147.0,146.0,145.0,143.0,143.0,142.0,141.0,140.0,139.0
real,300,gulf,11,ConstVel,0,crossing,21,395,67,0.9245216066496497,66.0,65.0,65.0,64.0,64.0,63.0,63.0,63.0,63.0,63.0,61.0,61.0,61.0,61.0,61.0,61.0,61.0,61.0,61.0,61.0
real,300,gulf,11,ConstVel,0,crossing,22,407,181,0.8583357455416284,180.0,180.0,179.0,179.0,175.0,174.0,173.0,172.0,151.0,149.0,148.0,147.0,146.0,145.0,144.0,143.0,141.0,141.0,140.0,139.0
real,300,gulf,11,ConstVel,0,crossing,23,409,41,0.9185416608723219,40.0,39.0,38.0,38.0,38.0,37.0,29.0,28.0,28.0,27.0,27.0,27.0,27.0,27.0,27.0,27.0,10.0,9.0,8.0,8.0
real,300,gulf,11,ConstVel,0,crossing,24,413,315,0.4270002569880942,314.0,313.0,312.0,311.0,310.0,309.0,308.0,307.0,306.0,305.0,305.0,305.0,305.0,305.0,305.0,305.0,305.0,305.0,305.0,305.0
real,300,gulf,11,ConstVel,0,crossing,25,419,113,1.381933211240309,112.0,111.0,110.0,109.0,108.0,107.0,106.0,104.0,104.0,102.0,101.0,100.0,99.0,98.0,97.0,96.0,95.0,94.0,93.0,93.0
real,300,gulf,11,ConstVel,0,crossing,26,436,7,1.016159177296682,6.0,6.0,6.0,6.0,6.0,6.0,6.0,6.0,6.0,6.0,6.0,6.0,6.0,6.0,6.0,6.0,6.0,6.0,6.0,6.0
real,300,gulf,11,ConstVel,0,crossing,27,437,18,0.9626762189613476,17.0,16.0,15.0,14.0,13.0,13.0,13.0,12.0,10.0,10.0,10.0,9.0,9.0,8.0,8.0,8.0,8.0,8.0,8.0,8.0
real,300,gulf,11,ConstVel,0,crossing,28,449,107,0.7252759973203549,106.0,105.0,104.0,103.0,102.0,101.0,100.0,99.0,97.0,96.0,96.0,95.0,94.0,92.0,92.0,91.0,89.0,87.0,87.0,87.0
real,300,gulf,11,ConstVel,0,crossing,29,462,140,0.275217055136899,139.0,138.0,137.0,136.0,135.0,134.0,133.0,131.0,130.0,129.0,128.0,127.0,126.0,124.0,124.0,124.0,124.0,124.0,124.0,124.0
real,300,gulf,11,ConstVel,0,crossing,30,498,114,0.4597200508734812,113.0,112.0,111.0,110.0,109.0,108.0,107.0,102.0,102.0,101.0,101.0,101.0,101.0,101.0,98.0,55.0,13.0,13.0,13.0,13.0
real,300,gulf,11,Kalman,0,buffer,0,19,394,0.8917053415156226,390.0,389.0,386.0,384.0,377.0,376.0,376.0,375.0,375.0,375.0,375.0,375.0,375.0,374.0,367.0,359.0,359.0,358.0,358.0,358.0
real,300,gulf,11,Kalman,0,buffer,1,49,377,0.3680385695503958,374.0,373.0,372.0,371.0,370.0,369.0,368.0,367.0,366.0,366.0,365.0,364.0,363.0,361.0,360.0,359.0,354.0,353.0,352.0,351.0
real,300,gulf,11,Kalman,0,buffer,2,62,121,1.2786629539358552,118.0,118.0,117.0,116.0,115.0,114.0,114.0,113.0,113.0,112.0,110.0,109.0,108.0,107.0,106.0,105.0,104.0,102.0,101.0,100.0
real,300,gulf,11,Kalman,0,buffer,3,117,179,1.1893630132920272,176.0,175.0,174.0,173.0,172.0,170.0,170.0,169.0,168.0,167.0,166.0,164.0,162.0,161.0,160.0,160.0,159.0,158.0,157.0,156.0
real,300,gulf,11,Kalman,0,buffer,4,125,84,1.4326964715792176,80.0,79.0,78.0,77.0,76.0,75.0,74.0,73.0,72.0,71.0,69.0,68.0,67.0,66.0,66.0,65.0,64.0,63.0,61.0,61.0
real,300,gulf,11,Kalman,0,buffer,5,127,57,0.6362174321529197,54.0,53.0,52.0,51.0,51.0,50.0,50.0,49.0,49.0,49.0,49.0,49.0,49.0,49.0,49.0,47.0,47.0,47.0,47.0,47.0
real,300,gulf,11,Kalman,0,buffer,6,141,61,0.2666983815026639,59.0,58.0,57.0,57.0,56.0,56.0,56.0,55.0,55.0,55.0,55.0,55.0,55.0,55.0,55.0,55.0,55.0,55.0,55.0,55.0
real,300,gulf,11,Kalman,0,buffer,7,159,104,1.3376489578769835,95.0,94.0,93.0,92.0,91.0,90.0,89.0,87.0,85.0,84.0,82.0,80.0,80.0,79.0,78.0,77.0,76.0,76.0,75.0,75.0
real,300,gulf,11,Kalman,0,buffer,8,173,48,0.9222179702465199,45.0,44.0,43.0,42.0,41.0,40.0,39.0,38.0,37.0,36.0,35.0,32.0,31.0,30.0,29.0,28.0,27.0,27.0,26.0,25.0
real,300,gulf,11,Kalman,0,buffer,9,182,132,0.5048361242184066,125.0,122.0,121.0,120.0,119.0,117.0,117.0,116.0,116.0,114.0,113.0,112.0,112.0,111.0,111.0,111.0,111.0,111.0,110.0,110.0
real,300,gulf,11,Kalman,0,buffer,10,200,44,0.6428980190146993,41.0,40.0,40.0,39.0,38.0,38.0,38.0,38.0,37.0,37.0,37.0,32.0,32.0,32.0,31.0,31.0,31.0,31.0,26.0,26.0
real,300,gulf,11,Kalman,0,buffer,11,244,19,1.0425653493573712,15.0,15.0,14.0,14.0,14.0,14.0,14.0,14.0,14.0,14.0,14.0,14.0,14.0,14.0,14.0,14.0,14.0,14.0,13.0,13.0
real,300,gulf,11,Kalman,0,buffer,12,261,54,0.9609979328840041,51.0,50.0,49.0,48.0,47.0,47.0,46.0,38.0,37.0,37.0,36.0,35.0,35.0,34.0,34.0,32.0,30.0,29.0,27.0,27.0
real,300,gulf,11,Kalman,0,buffer,13,263,10,1.3784752528043216,6.0,6.0,6.0,6.0,6.0,6.0,6.0,6.0,6.0,6.0,6.0,6.0,6.0,6.0,6.0,6.0,6.0,6.0,6.0,6.0
real,300,gulf,11,Kalman,0,buffer,14,265,36,0.4674361193238785,27.0,26.0,24.0,23.0,22.0,20.0,19.0,19.0,18.0,18.0,18.0,17.0,17.0,17.0,17.0,17.0,17.0,17.0,17.0,17.0
real,300,gulf,11,Kalman,0,buffer,15,274,12,0.47961229038257874,6.0,6.0,6.0,6.0,6.0,6.0,6.0,6.0,6.0,6.0,6.0,6.0,6.0,6.0,6.0,6.0,6.0,6.0,6.0,6.0
real,300,gulf,11,Kalman,0,buffer,16,277,98,1.0133525018976584,93.0,92.0,91.0,90.0,89.0,88.0,87.0,87.0,86.0,85.0,84.0,83.0,82.0,81.0,80.0,80.0,78.0,75.0,74.0,74.0
real,300,gulf,11,Kalman,0,buffer,17,279,8,0.879965094764683,6.0,6.0,6.0,6.0,6.0,6.0,6.0,6.0,6.0,6.0,6.0,6.0,6.0,6.0,6.0,6.0,6.0,6.0,6.0,6.0
real,300,gulf,11,Kalman,0,buffer,18,357,196,1.1137592334625468,193.0,192.0,191.0,190.0,189.0,188.0,187.0,186.0,185.0,184.0,183.0,182.0,181.0,180.0,179.0,178.0,177.0,176.0,175.0,173.0
real,300,gulf,11,Kalman,0,buffer,19,390,56,0.4951852240117614,50.0,49.0,48.0,48.0,47.0,46.0,45.0,43.0,43.0,40.0,39.0,39.0,38.0,38.0,38.0,38.0,26.0,25.0,25.0,24.0
real,300,gulf,11,Kalman,0,buffer,20,394,159,1.0706275373090541,156.0,155.0,154.0,153.0,152.0,151.0,150.0,149.0,148.0,147.0,146.0,145.0,143.0,143.0,142.0,141.0,140.0,139.0,138.0,137.0
real,300,gulf,11,Kalman,0,buffer,21,395,67,0.9245216066496497,64.0,64.0,63.0,63.0,62.0,62.0,62.0,61.0,61.0,61.0,61.0,61.0,61.0,61.0,61.0,61.0,61.0,61.0,61.0,61.0
real,300,gulf,11,Kalman,0,buffer,22,407,181,0.8583357455416284,169.0,168.0,167.0,167.0,166.0,151.0,150.0,149.0,148.0,147.0,146.0,145.0,144.0,142.0,141.0,141.0,140.0,139.0,138.0,137.0
real,300,gulf,11,Kalman,0,buffer,23,409,41,0.9185416608723219,38.0,38.0,37.0,31.0,30.0,29.0,28.0,28.0,28.0,28.0,28.0,27.0,27.0,10.0,9.0,8.0,7.0,6.0,6.0,6.0
real,300,gulf,11,Kalman,0,buffer,24,413,315,0.4270002569880942,312.0,311.0,310.0,309.0,308.0,307.0,307.0,306.0,306.0,306.0,306.0,305.0,305.0,305.0,305.0,305.0,305.0,305.0,305.0,305.0
real,300,gulf,11,Kalman,0,buffer,25,419,113,1.381933211240309,109.0,108.0,107.0,106.0,105.0,104.0,103.0,102.0,101.0,100.0,99.0,98.0,97.0,96.0,95.0,94.0,93.0,93.0,92.0,91.0
real,300,gulf,11,Kalman,0,buffer,26,436,7,1.016159177296682,6.0,6.0,6.0,6.0,6.0,6.0,6.0,6.0,6.0,6.0,6.0,6.0,6.0,6.0,6.0,6.0,6.0,6.0,6.0,6.0
real,300,gulf,11,Kalman,0,buffer,27,437,18,0.9626762189613476,15.0,14.0,13.0,13.0,12.0,11.0,10.0,10.0,10.0,9.0,9.0,9.0,9.0,8.0,8.0,8.0,8.0,8.0,8.0,8.0
real,300,gulf,11,Kalman,0,buffer,28,449,107,0.7252759973203549,102.0,101.0,100.0,99.0,98.0,97.0,96.0,95.0,95.0,93.0,92.0,91.0,90.0,89.0,88.0,87.0,87.0,86.0,86.0,86.0
real,300,gulf,11,Kalman,0,buffer,29,462,140,0.275217055136899,139.0,138.0,137.0,136.0,135.0,134.0,132.0,131.0,130.0,129.0,128.0,127.0,126.0,126.0,126.0,125.0,125.0,125.0,125.0,125.0
real,300,gulf,11,Kalman,0,buffer,30,498,114,0.4597200508734812,105.0,104.0,102.0,102.0,101.0,101.0,100.0,99.0,98.0,97.0,13.0,13.0,12.0,12.0,11.0,10.0,9.0,9.0,7.0,7.0
real,300,gulf,11,Kalman,0,crossing,0,19,394,0.8917053415156226,394.0,393.0,392.0,392.0,392.0,391.0,376.0,376.0,376.0,375.0,375.0,375.0,375.0,375.0,375.0,375.0,367.0,359.0,358.0,358.0
real,300,gulf,11,Kalman,0,crossing,1,49,377,0.3680385695503958,376.0,375.0,374.0,373.0,372.0,371.0,370.0,369.0,368.0,367.0,366.0,365.0,365.0,364.0,363.0,361.0,360.0,355.0,354.0,353.0
real,300,gulf,11,Kalman,0,crossing,2,62,121,1.2786629539358552,120.0,119.0,118.0,118.0,117.0,116.0,115.0,114.0,114.0,114.0,113.0,113.0,112.0,110.0,109.0,108.0,107.0,105.0,104.0,103.0
real,300,gulf,11,Kalman,0,crossing,3,117,179,1.1893630132920272,178.0,177.0,176.0,175.0,174.0,173.0,172.0,171.0,170.0,169.0,168.0,167.0,166.0,166.0,163.0,161.0,161.0,160.0,159.0,158.0
real,300,gulf,11,Kalman,0,crossing,4,125,84,1.4326964715792176,83.0,82.0,81.0,80.0,79.0,78.0,76.0,75.0,74.0,73.0,72.0,72.0,70.0,69.0,67.0,67.0,66.0,65.0,64.0,63.0
real,300,gulf,11,Kalman,0,crossing,5,127,57,0.6362174321529197,56.0,55.0,54.0,53.0,52.0,51.0,50.0,50.0,50.0,50.0,49.0,49.0,49.0,49.0,49.0,49.0,49.0,49.0,48.0,47.0
real,300,gulf,11,Kalman,0,crossing,6,141,61,0.2666983815026639,60.0,60.0,59.0,59.0,58.0,57.0,57.0,56.0,56.0,56.0,56.0,56.0,55.0,55.0,55.0,55.0,55.0,55.0,55.0,55.0
real,300,gulf,11,Kalman,0,crossing,7,159,104,1.3376489578769835,103.0,102.0,101.0,100.0,98.0,97.0,96.0,95.0,94.0,93.0,92.0,91.0,90.0,85.0,83.0,81.0,80.0,79.0,78.0,78.0
real,300,gulf,11,Kalman,0,crossing,8,173,48,0.9222179702465199,47.0,46.0,45.0,44.0,43.0,43.0,41.0,40.0,39.0,38.0,37.0,36.0,35.0,33.0,31.0,30.0,29.0,28.0,27.0,27.0
real,300,gulf,11,Kalman,0,crossing,9,182,132,0.5048361242184066,131.0,130.0,128.0,128.0,127.0,126.0,126.0,125.0,122.0,121.0,119.0,117.0,117.0,116.0,116.0,116.0,113.0,113.0,112.0,112.0
real,300,gulf,11,Kalman,0,crossing,10,200,44,0.6428980190146993,43.0,42.0,41.0,40.0,40.0,39.0,39.0,38.0,38.0,38.0,38.0,38.0,38.0,37.0,37.0,32.0,32.0,32.0,32.0,31.0
real,300,gulf,11,Kalman,0,crossing,11,244,19,1.0425653493573712,17.0,17.0,16.0,16.0,15.0,15.0,15.0,15.0,14.0,14.0,14.0,14.0,14.0,14.0,14.0,14.0,14.0,14.0,14.0,14.0
real,300,gulf,11,Kalman,0,crossing,12,261,54,0.9609979328840041,53.0,52.0,51.0,51.0,50.0,49.0,48.0,47.0,47.0,38.0,37.0,37.0,36.0,36.0,35.0,34.0,34.0,32.0,30.0,29.0
real,300,gulf,11,Kalman,0,crossing,13,263,10,1.3784752528043216,9.0,8.0,7.0,7.0,6.0,6.0,6.0,6.0,6.0,6.0,6.0,6.0,6.0,6.0,6.0,6.0,6.0,6.0,6.0,6.0
real,300,gulf,11,Kalman,0,crossing,14,265,36,0.4674361193238785,35.0,34.0,33.0,32.0,31.0,29.0,28.0,24.0,23.0,21.0,20.0,19.0,19.0,18.0,18.0,18.0,18.0,17.0,17.0,17.0
real,300,gulf,11,Kalman,0,crossing,15,274,12,0.47961229038257874,11.0,10.0,10.0,10.0,10.0,8.0,8.0,8.0,8.0,8.0,8.0,8.0,8.0,8.0,8.0,8.0,8.0,8.0,8.0,8.0
real,300,gulf,11,Kalman,0,crossing,16,277,98,1.0133525018976584,97.0,96.0,95.0,93.0,92.0,91.0,90.0,90.0,89.0,88.0,87.0,86.0,85.0,85.0,84.0,83.0,82.0,81.0,80.0,79.0
real,300,gulf,11,Kalman,0,crossing,17,279,8,0.879965094764683,7.0,6.0,6.0,6.0,6.0,6.0,6.0,6.0,6.0,6.0,6.0,6.0,6.0,6.0,6.0,6.0,6.0,6.0,6.0,6.0
real,300,gulf,11,Kalman,0,crossing,18,357,196,1.1137592334625468,195.0,194.0,193.0,192.0,191.0,190.0,188.0,188.0,187.0,186.0,185.0,184.0,183.0,182.0,181.0,180.0,179.0,178.0,177.0,176.0
real,300,gulf,11,Kalman,0,crossing,19,390,56,0.4951852240117614,55.0,54.0,53.0,52.0,51.0,50.0,49.0,49.0,48.0,48.0,48.0,47.0,46.0,45.0,40.0,40.0,39.0,39.0,39.0,38.0
real,300,gulf,11,Kalman,0,crossing,20,394,159,1.0706275373090541,158.0,157.0,156.0,155.0,154.0,153.0,152.0,151.0,150.0,149.0,148.0,147.0,146.0,145.0,143.0,143.0,142.0,141.0,140.0,139.0
real,300,gulf,11,Kalman,0,crossing,21,395,67,0.9245216066496497,66.0,65.0,65.0,64.0,64.0,64.0,63.0,63.0,63.0,63.0,63.0,62.0,62.0,62.0,62.0,62.0,61.0,61.0,61.0,61.0
real,300,gulf,11,Kalman,0,crossing,22,407,181,0.8583357455416284,180.0,180.0,179.0,179.0,175.0,174.0,173.0,172.0,150.0,149.0,148.0,147.0,146.0,145.0,144.0,143.0,142.0,141.0,140.0,139.0
real,300,gulf,11,Kalman,0,crossing,23,409,41,0.9185416608723219,40.0,39.0,38.0,38.0,38.0,32.0,30.0,29.0,28.0,28.0,28.0,28.0,28.0,28.0,27.0,27.0,10.0,9.0,8.0,8.0
real,300,gulf,11,Kalman,0,crossing,24,413,315,0.4270002569880942,314.0,313.0,312.0,311.0,310.0,309.0,308.0,307.0,307.0,306.0,306.0,306.0,306.0,306.0,305.0,305.0,305.0,305.0,305.0,305.0
real,300,gulf,11,Kalman,0,crossing,25,419,113,1.381933211240309,112.0,111.0,110.0,109.0,108.0,107.0,105.0,104.0,103.0,102.0,101.0,100.0,99.0,98.0,97.0,96.0,95.0,94.0,94.0,93.0
real,300,gulf,11,Kalman,0,crossing,26,436,7,1.016159177296682,6.0,6.0,6.0,6.0,6.0,6.0,6.0,6.0,6.0,6.0,6.0,6.0,6.0,6.0,6.0,6.0,6.0,6.0,6.0,6.0
real,300,gulf,11,Kalman,0,crossing,27,437,18,0.9626762189613476,17.0,16.0,15.0,14.0,13.0,13.0,13.0,12.0,11.0,10.0,10.0,10.0,9.0,9.0,9.0,9.0,9.0,8.0,8.0,8.0
real,300,gulf,11,Kalman,0,crossing,28,449,107,0.7252759973203549,106.0,105.0,104.0,103.0,102.0,101.0,100.0,98.0,97.0,96.0,96.0,95.0,94.0,93.0,92.0,90.0,89.0,88.0,87.0,87.0
real,300,gulf,11,Kalman,0,crossing,29,462,140,0.275217055136899,139.0,138.0,137.0,136.0,135.0,134.0,132.0,131.0,130.0,129.0,128.0,127.0,126.0,126.0,126.0,125.0,125.0,125.0,125.0,125.0
real,300,gulf,11,Kalman,0,crossing,30,498,114,0.4597200508734812,113.0,112.0,111.0,110.0,109.0,108.0,107.0,103.0,102.0,102.0,101.0,101.0,101.0,101.0,98.0,55.0,55.0,13.0,13.0,13.0
real,300,gulf,11,LSTM-rec,0,buffer,0,19,394,0.8917053415156226,390.0,389.0,388.0,388.0,384.0,384.0,377.0,376.0,376.0,376.0,376.0,376.0,375.0,375.0,375.0,375.0,375.0,375.0,375.0,375.0
real,300,gulf,11,LSTM-rec,0,buffer,1,49,377,0.3680385695503958,374.0,374.0,373.0,372.0,372.0,371.0,371.0,370.0,370.0,369.0,369.0,369.0,368.0,368.0,368.0,368.0,367.0,367.0,367.0,367.0
real,300,gulf,11,LSTM-rec,0,buffer,2,62,121,1.2786629539358552,119.0,118.0,117.0,117.0,116.0,115.0,115.0,115.0,114.0,114.0,114.0,114.0,114.0,114.0,114.0,114.0,114.0,113.0,113.0,113.0
real,300,gulf,11,LSTM-rec,0,buffer,3,117,179,1.1893630132920272,176.0,175.0,174.0,174.0,173.0,172.0,172.0,171.0,171.0,170.0,170.0,170.0,170.0,169.0,169.0,169.0,169.0,169.0,169.0,168.0
real,300,gulf,11,LSTM-rec,0,buffer,4,125,84,1.4326964715792176,80.0,79.0,78.0,78.0,77.0,76.0,76.0,75.0,75.0,75.0,74.0,74.0,74.0,73.0,73.0,73.0,73.0,73.0,73.0,73.0
real,300,gulf,11,LSTM-rec,0,buffer,5,127,57,0.6362174321529197,54.0,54.0,53.0,52.0,52.0,51.0,51.0,50.0,50.0,50.0,50.0,50.0,50.0,50.0,50.0,50.0,49.0,49.0,49.0,49.0
real,300,gulf,11,LSTM-rec,0,buffer,6,141,61,0.2666983815026639,59.0,58.0,57.0,57.0,57.0,56.0,56.0,56.0,56.0,56.0,56.0,56.0,56.0,56.0,56.0,56.0,55.0,55.0,55.0,55.0
real,300,gulf,11,LSTM-rec,0,buffer,7,159,104,1.3376489578769835,96.0,95.0,94.0,93.0,93.0,92.0,92.0,91.0,91.0,91.0,90.0,90.0,90.0,90.0,90.0,90.0,89.0,89.0,89.0,89.0
real,300,gulf,11,LSTM-rec,0,buffer,8,173,48,0.9222179702465199,45.0,44.0,44.0,43.0,42.0,42.0,41.0,41.0,40.0,40.0,40.0,39.0,39.0,39.0,38.0,38.0,38.0,38.0,38.0,38.0
real,300,gulf,11,LSTM-rec,0,buffer,9,182,132,0.5048361242184066,125.0,125.0,122.0,121.0,121.0,120.0,120.0,119.0,119.0,118.0,118.0,118.0,117.0,117.0,117.0,117.0,117.0,117.0,117.0,117.0
real,300,gulf,11,LSTM-rec,0,buffer,10,200,44,0.6428980190146993,41.0,40.0,40.0,39.0,39.0,39.0,39.0,38.0,38.0,38.0,38.0,38.0,38.0,38.0,38.0,38.0,38.0,38.0,38.0,38.0
real,300,gulf,11,LSTM-rec,0,buffer,11,244,19,1.0425653493573712,15.0,15.0,14.0,14.0,14.0,14.0,14.0,14.0,14.0,14.0,14.0,14.0,14.0,14.0,14.0,14.0,14.0,14.0,14.0,14.0
real,300,gulf,11,LSTM-rec,0,buffer,12,261,54,0.9609979328840041,51.0,50.0,49.0,49.0,48.0,48.0,47.0,47.0,47.0,47.0,47.0,46.0,46.0,46.0,46.0,46.0,39.0,38.0,38.0,38.0
real,300,gulf,11,LSTM-rec,0,buffer,13,263,10,1.3784752528043216,6.0,6.0,6.0,6.0,6.0,6.0,6.0,6.0,6.0,6.0,6.0,6.0,6.0,6.0,6.0,6.0,6.0,6.0,6.0,6.0
real,300,gulf,11,LSTM-rec,0,buffer,14,265,36,0.4674361193238785,27.0,26.0,25.0,24.0,23.0,23.0,23.0,22.0,22.0,21.0,21.0,21.0,20.0,20.0,20.0,20.0,20.0,20.0,20.0,20.0
real,300,gulf,11,LSTM-rec,0,buffer,15,274,12,0.47961229038257874,6.0,6.0,6.0,6.0,6.0,6.0,6.0,6.0,6.0,6.0,6.0,6.0,6.0,6.0,6.0,6.0,6.0,6.0,6.0,6.0
real,300,gulf,11,LSTM-rec,0,buffer,16,277,98,1.0133525018976584,93.0,92.0,92.0,91.0,90.0,90.0,90.0,89.0,89.0,88.0,88.0,88.0,88.0,87.0,87.0,87.0,87.0,87.0,87.0,87.0
real,300,gulf,11,LSTM-rec,0,buffer,17,279,8,0.879965094764683,6.0,6.0,6.0,6.0,6.0,6.0,6.0,6.0,6.0,6.0,6.0,6.0,6.0,6.0,6.0,6.0,6.0,6.0,6.0,6.0
real,300,gulf,11,LSTM-rec,0,buffer,18,357,196,1.1137592334625468,193.0,192.0,191.0,191.0,190.0,190.0,189.0,189.0,188.0,188.0,188.0,187.0,187.0,187.0,187.0,187.0,186.0,186.0,186.0,186.0
real,300,gulf,11,LSTM-rec,0,buffer,19,390,56,0.4951852240117614,50.0,49.0,49.0,48.0,48.0,48.0,48.0,47.0,47.0,47.0,47.0,47.0,46.0,46.0,46.0,46.0,46.0,46.0,46.0,46.0
real,300,gulf,11,LSTM-rec,0,buffer,20,394,159,1.0706275373090541,156.0,155.0,154.0,153.0,153.0,152.0,152.0,151.0,151.0,150.0,150.0,150.0,150.0,149.0,149.0,149.0,149.0,149.0,149.0,148.0
real,300,gulf,11,LSTM-rec,0,buffer,21,395,67,0.9245216066496497,64.0,64.0,63.0,63.0,63.0,63.0,63.0,63.0,62.0,62.0,62.0,62.0,62.0,62.0,62.0,62.0,62.0,62.0,62.0,62.0
real,300,gulf,11,LSTM-rec,0,buffer,22,407,181,0.8583357455416284,169.0,168.0,168.0,167.0,167.0,167.0,167.0,166.0,166.0,151.0,151.0,151.0,150.0,149.0,149.0,149.0,149.0,149.0,149.0,149.0
real,300,gulf,11,LSTM-rec,0,buffer,23,409,41,0.9185416608723219,38.0,38.0,37.0,37.0,32.0,31.0,30.0,29.0,29.0,29.0,29.0,28.0,28.0,28.0,28.0,28.0,28.0,28.0,28.0,28.0
real,300,gulf,11,LSTM-rec,0,buffer,24,413,315,0.4270002569880942,312.0,311.0,311.0,310.0,309.0,309.0,309.0,308.0,308.0,308.0,307.0,307.0,307.0,307.0,307.0,307.0,306.0,306.0,306.0,306.0
real,300,gulf,11,LSTM-rec,0,buffer,25,419,113,1.381933211240309,109.0,109.0,108.0,107.0,107.0,106.0,105.0,105.0,104.0,104.0,104.0,103.0,103.0,102.0,102.0,102.0,102.0,102.0,101.0,101.0
real,300,gulf,11,LSTM-rec,0,buffer,26,436,7,1.016159177296682,6.0,6.0,6.0,6.0,6.0,6.0,6.0,6.0,6.0,6.0,6.0,6.0,6.0,6.0,6.0,6.0,6.0,6.0,6.0,6.0
real,300,gulf,11,LSTM-rec,0,buffer,27,437,18,0.9626762189613476,15.0,15.0,14.0,13.0,13.0,13.0,13.0,12.0,12.0,12.0,12.0,11.0,11.0,11.0,10.0,10.0,10.0,10.0,10.0,10.0
real,300,gulf,11,LSTM-rec,0,buffer,28,449,107,0.7252759973203549,102.0,102.0,101.0,100.0,100.0,99.0,99.0,98.0,97.0,97.0,97.0,97.0,96.0,96.0,96.0,96.0,96.0,96.0,96.0,96.0
real,300,gulf,11,LSTM-rec,0,buffer,29,462,140,0.275217055136899,139.0,139.0,138.0,137.0,137.0,136.0,136.0,136.0,135.0,135.0,134.0,134.0,134.0,134.0,134.0,134.0,134.0,134.0,134.0,134.0
real,300,gulf,11,LSTM-rec,0,buffer,30,498,114,0.4597200508734812,105.0,105.0,103.0,102.0,102.0,102.0,102.0,101.0,101.0,101.0,101.0,101.0,101.0,101.0,101.0,101.0,101.0,101.0,101.0,101.0
real,300,gulf,11,LSTM-rec,0,crossing,0,19,394,0.8917053415156226,394.0,393.0,392.0,392.0,392.0,392.0,392.0,392.0,392.0,392.0,391.0,377.0,377.0,376.0,376.0,376.0,376.0,376.0,376.0,376.0
real,300,gulf,11,LSTM-rec,0,crossing,1,49,377,0.3680385695503958,376.0,375.0,375.0,374.0,374.0,373.0,373.0,372.0,372.0,371.0,371.0,370.0,370.0,370.0,370.0,369.0,369.0,369.0,369.0,369.0
real,300,gulf,11,LSTM-rec,0,crossing,2,62,121,1.2786629539358552,120.0,120.0,119.0,118.0,118.0,117.0,117.0,117.0,116.0,116.0,115.0,115.0,115.0,115.0,114.0,114.0,114.0,114.0,114.0,114.0
real,300,gulf,11,LSTM-rec,0,crossing,3,117,179,1.1893630132920272,178.0,177.0,177.0,176.0,175.0,175.0,174.0,174.0,174.0,173.0,173.0,173.0,172.0,172.0,172.0,172.0,171.0,171.0,171.0,171.0
real,300,gulf,11,LSTM-rec,0,crossing,4,125,84,1.4326964715792176,83.0,82.0,81.0,81.0,80.0,80.0,79.0,78.0,78.0,78.0,77.0,77.0,76.0,76.0,76.0,75.0,75.0,75.0,75.0,75.0
real,300,gulf,11,LSTM-rec,0,crossing,5,127,57,0.6362174321529197,56.0,55.0,55.0,54.0,53.0,53.0,52.0,52.0,52.0,51.0,51.0,51.0,50.0,50.0,50.0,50.0,50.0,50.0,50.0,50.0
real,300,gulf,11,LSTM-rec,0,crossing,6,141,61,0.2666983815026639,61.0,60.0,60.0,59.0,59.0,59.0,58.0,58.0,57.0,57.0,57.0,57.0,57.0,57.0,57.0,57.0,57.0,57.0,57.0,57.0
real,300,gulf,11,LSTM-rec,0,crossing,7,159,104,1.3376489578769835,103.0,102.0,102.0,101.0,100.0,100.0,99.0,99.0,98.0,98.0,97.0,97.0,97.0,97.0,97.0,97.0,97.0,97.0,97.0,97.0
real,300,gulf,11,LSTM-rec,0,crossing,8,173,48,0.9222179702465199,47.0,47.0,46.0,45.0,45.0,44.0,44.0,43.0,43.0,43.0,42.0,42.0,42.0,41.0,41.0,41.0,41.0,40.0,40.0,40.0
real,300,gulf,11,LSTM-rec,0,crossing,9,182,132,0.5048361242184066,131.0,130.0,129.0,129.0,128.0,128.0,127.0,127.0,127.0,126.0,126.0,126.0,126.0,126.0,126.0,126.0,126.0,126.0,126.0,126.0
real,300,gulf,11,LSTM-rec,0,crossing,10,200,44,0.6428980190146993,43.0,42.0,41.0,41.0,40.0,40.0,40.0,40.0,39.0,39.0,39.0,39.0,39.0,39.0,39.0,39.0,38.0,38.0,38.0,38.0
real,300,gulf,11,LSTM-rec,0,crossing,11,244,19,1.0425653493573712,18.0,17.0,16.0,16.0,16.0,15.0,15.0,15.0,15.0,15.0,15.0,15.0,15.0,15.0,15.0,15.0,15.0,15.0,15.0,15.0
real,300,gulf,11,LSTM-rec,0,crossing,12,261,54,0.9609979328840041,53.0,52.0,52.0,51.0,51.0,50.0,50.0,50.0,49.0,49.0,49.0,48.0,48.0,48.0,48.0,48.0,48.0,48.0,47.0,47.0
real,300,gulf,11,LSTM-rec,0,crossing,13,263,10,1.3784752528043216,9.0,8.0,8.0,7.0,7.0,7.0,6.0,6.0,6.0,6.0,6.0,6.0,6.0,6.0,6.0,6.0,6.0,6.0,6.0,6.0
real,300,gulf,11,LSTM-rec,0,crossing,14,265,36,0.4674361193238785,35.0,35.0,34.0,33.0,33.0,32.0,32.0,32.0,31.0,31.0,31.0,30.0,30.0,30.0,30.0,30.0,30.0,30.0,30.0,30.0
real,300,gulf,11,LSTM-rec,0,crossing,15,274,12,0.47961229038257874,11.0,10.0,10.0,10.0,10.0,10.0,8.0,8.0,8.0,8.0,8.0,8.0,8.0,8.0,8.0,8.0,8.0,8.0,8.0,8.0
real,300,gulf,11,LSTM-rec,0,crossing,16,277,98,1.0133525018976584,97.0,96.0,95.0,94.0,94.0,93.0,93.0,92.0,92.0,91.0,91.0,91.0,90.0,90.0,90.0,90.0,90.0,90.0,90.0,89.0
real,300,gulf,11,LSTM-rec,0,crossing,17,279,8,0.879965094764683,7.0,7.0,6.0,6.0,6.0,6.0,6.0,6.0,6.0,6.0,6.0,6.0,6.0,6.0,6.0,6.0,6.0,6.0,6.0,6.0
real,300,gulf,11,LSTM-rec,0,crossing,18,357,196,1.1137592334625468,195.0,194.0,193.0,193.0,192.0,191.0,191.0,190.0,190.0,190.0,189.0,189.0,189.0,189.0,188.0,188.0,188.0,188.0,188.0,188.0
real,300,gulf,11,LSTM-rec,0,crossing,19,390,56,0.4951852240117614,55.0,54.0,54.0,53.0,52.0,52.0,52.0,51.0,51.0,51.0,50.0,50.0,50.0,50.0,50.0,50.0,50.0,50.0,50.0,50.0
real,300,gulf,11,LSTM-rec,0,crossing,20,394,159,1.0706275373090541,158.0,157.0,156.0,155.0,155.0,154.0,154.0,153.0,153.0,152.0,152.0,152.0,151.0,151.0,151.0,151.0,151.0,150.0,150.0,150.0
real,300,gulf,11,LSTM-rec,0,crossing,21,395,67,0.9245216066496497,66.0,65.0,65.0,65.0,64.0,64.0,64.0,64.0,64.0,64.0,64.0,64.0,64.0,64.0,64.0,63.0,63.0,63.0,63.0,63.0
real,300,gulf,11,LSTM-rec,0,crossing,22,407,181,0.8583357455416284,180.0,180.0,180.0,179.0,179.0,179.0,179.0,179.0,179.0,175.0,175.0,175.0,175.0,175.0,175.0,175.0,175.0,175.0,175.0,175.0
real,300,gulf,11,LSTM-rec,0,crossing,23,409,41,0.9185416608723219,40.0,39.0,39.0,38.0,38.0,38.0,38.0,38.0,38.0,32.0,32.0,30.0,30.0,30.0,29.0,29.0,29.0,29.0,29.0,29.0
real,300,gulf,11,LSTM-rec,0,crossing,24,413,315,0.4270002569880942,314.0,313.0,313.0,312.0,311.0,311.0,310.0,310.0,309.0,309.0,309.0,309.0,308.0,308.0,308.0,308.0,308.0,308.0,308.0,307.0
real,300,gulf,11,LSTM-rec,0,crossing,25,419,113,1.381933211240309,112.0,111.0,110.0,110.0,109.0,108.0,108.0,107.0,107.0,106.0,106.0,106.0,105.0,105.0,105.0,104.0,104.0,104.0,104.0,104.0
real,300,gulf,11,LSTM-rec,0,crossing,26,436,7,1.016159177296682,6.0,6.0,6.0,6.0,6.0,6.0,6.0,6.0,6.0,6.0,6.0,6.0,6.0,6.0,6.0,6.0,6.0,6.0,6.0,6.0
real,300,gulf,11,LSTM-rec,0,crossing,27,437,18,0.9626762189613476,17.0,16.0,16.0,15.0,14.0,14.0,13.0,13.0,13.0,13.0,13.0,13.0,13.0,13.0,13.0,13.0,12.0,12.0,12.0,12.0
real,300,gulf,11,LSTM-rec,0,crossing,28,449,107,0.7252759973203549,106.0,105.0,105.0,104.0,103.0,103.0,102.0,102.0,101.0,101.0,101.0,101.0,100.0,100.0,100.0,100.0,100.0,100.0,99.0,99.0
real,300,gulf,11,LSTM-rec,0,crossing,29,462,140,0.275217055136899,139.0,139.0,138.0,137.0,137.0,136.0,136.0,136.0,135.0,135.0,134.0,134.0,134.0,134.0,134.0,134.0,134.0,134.0,134.0,134.0
real,300,gulf,11,LSTM-rec,0,crossing,30,498,114,0.4597200508734812,113.0,112.0,112.0,111.0,111.0,110.0,110.0,109.0,109.0,109.0,109.0,108.0,108.0,108.0,108.0,108.0,108.0,108.0,108.0,108.0
real,300,gulf,11,LSTM-ms,0,buffer,0,19,394,0.8917053415156226,390.0,389.0,388.0,388.0,386.0,379.0,378.0,378.0,377.0,377.0,377.0,376.0,376.0,376.0,376.0,376.0,376.0,376.0,376.0,376.0
real,300,gulf,11,LSTM-ms,0,buffer,1,49,377,0.3680385695503958,374.0,374.0,373.0,373.0,372.0,371.0,371.0,370.0,370.0,369.0,369.0,369.0,368.0,368.0,367.0,367.0,367.0,366.0,366.0,366.0
real,300,gulf,11,LSTM-ms,0,buffer,2,62,121,1.2786629539358552,119.0,118.0,118.0,117.0,117.0,116.0,116.0,115.0,115.0,115.0,114.0,114.0,114.0,114.0,114.0,113.0,113.0,113.0,113.0,112.0
real,300,gulf,11,LSTM-ms,0,buffer,3,117,179,1.1893630132920272,176.0,175.0,175.0,174.0,173.0,173.0,172.0,172.0,171.0,171.0,170.0,170.0,170.0,169.0,169.0,169.0,168.0,168.0,168.0,167.0
real,300,gulf,11,LSTM-ms,0,buffer,4,125,84,1.4326964715792176,80.0,79.0,79.0,78.0,77.0,77.0,76.0,76.0,75.0,75.0,75.0,74.0,74.0,73.0,73.0,73.0,72.0,72.0,72.0,71.0
real,300,gulf,11,LSTM-ms,0,buffer,5,127,57,0.6362174321529197,54.0,54.0,53.0,53.0,52.0,52.0,52.0,51.0,51.0,51.0,51.0,50.0,50.0,50.0,50.0,50.0,50.0,50.0,50.0,50.0
real,300,gulf,11,LSTM-ms,0,buffer,6,141,61,0.2666983815026639,59.0,59.0,58.0,58.0,58.0,57.0,57.0,57.0,57.0,57.0,57.0,57.0,57.0,56.0,56.0,56.0,56.0,56.0,56.0,56.0
real,300,gulf,11,LSTM-ms,0,buffer,7,159,104,1.3376489578769835,96.0,95.0,95.0,94.0,94.0,93.0,93.0,92.0,92.0,91.0,91.0,90.0,90.0,90.0,89.0,88.0,88.0,87.0,86.0,85.0
real,300,gulf,11,LSTM-ms,0,buffer,8,173,48,0.9222179702465199,45.0,44.0,44.0,43.0,43.0,42.0,42.0,41.0,41.0,40.0,40.0,39.0,39.0,38.0,38.0,38.0,37.0,37.0,36.0,36.0
real,300,gulf,11,LSTM-ms,0,buffer,9,182,132,0.5048361242184066,125.0,125.0,122.0,122.0,121.0,121.0,120.0,120.0,119.0,119.0,118.0,118.0,118.0,117.0,117.0,117.0,117.0,116.0,116.0,116.0
real,300,gulf,11,LSTM-ms,0,buffer,10,200,44,0.6428980190146993,41.0,41.0,40.0,40.0,40.0,40.0,39.0,39.0,39.0,39.0,39.0,39.0,39.0,39.0,38.0,38.0,38.0,38.0,38.0,38.0
real,300,gulf,11,LSTM-ms,0,buffer,11,244,19,1.0425653493573712,15.0,15.0,15.0,15.0,15.0,15.0,15.0,15.0,15.0,15.0,15.0,14.0,14.0,14.0,14.0,14.0,14.0,14.0,14.0,14.0
real,300,gulf,11,LSTM-ms,0,buffer,12,261,54,0.9609979328840041,51.0,50.0,50.0,49.0,49.0,49.0,48.0,48.0,48.0,47.0,47.0,47.0,39.0,39.0,38.0,38.0,38.0,37.0,37.0,37.0
real,300,gulf,11,LSTM-ms,0,buffer,13,263,10,1.3784752528043216,6.0,6.0,6.0,6.0,6.0,6.0,6.0,6.0,6.0,6.0,6.0,6.0,6.0,6.0,6.0,6.0,6.0,6.0,6.0,6.0
real,300,gulf,11,LSTM-ms,0,buffer,14,265,36,0.4674361193238785,27.0,26.0,26.0,25.0,24.0,23.0,23.0,22.0,22.0,21.0,21.0,20.0,20.0,20.0,20.0,20.0,20.0,20.0,19.0,19.0
real,300,gulf,11,LSTM-ms,0,buffer,15,274,12,0.47961229038257874,6.0,6.0,6.0,6.0,6.0,6.0,6.0,6.0,6.0,6.0,6.0,6.0,6.0,6.0,6.0,6.0,6.0,6.0,6.0,6.0
real,300,gulf,11,LSTM-ms,0,buffer,16,277,98,1.0133525018976584,93.0,93.0,92.0,92.0,91.0,91.0,90.0,90.0,89.0,89.0,89.0,88.0,88.0,88.0,87.0,87.0,87.0,86.0,86.0,86.0
real,300,gulf,11,LSTM-ms,0,buffer,17,279,8,0.879965094764683,6.0,6.0,6.0,6.0,6.0,6.0,6.0,6.0,6.0,6.0,6.0,6.0,6.0,6.0,6.0,6.0,6.0,6.0,6.0,6.0
real,300,gulf,11,LSTM-ms,0,buffer,18,357,196,1.1137592334625468,193.0,192.0,192.0,191.0,190.0,190.0,189.0,189.0,188.0,188.0,187.0,187.0,187.0,186.0,186.0,185.0,185.0,185.0,184.0,184.0
real,300,gulf,11,LSTM-ms,0,buffer,19,390,56,0.4951852240117614,50.0,50.0,49.0,49.0,49.0,48.0,48.0,48.0,47.0,47.0,47.0,46.0,46.0,46.0,45.0,44.0,44.0,43.0,43.0,42.0
real,300,gulf,11,LSTM-ms,0,buffer,20,394,159,1.0706275373090541,156.0,155.0,155.0,154.0,153.0,153.0,152.0,152.0,151.0,151.0,151.0,150.0,150.0,150.0,149.0,149.0,148.0,148.0,148.0,147.0
real,300,gulf,11,LSTM-ms,0,buffer,21,395,67,0.9245216066496497,64.0,64.0,64.0,64.0,64.0,63.0,63.0,63.0,63.0,63.0,63.0,63.0,63.0,63.0,63.0,63.0,62.0,62.0,62.0,62.0
real,300,gulf,11,LSTM-ms,0,buffer,22,407,181,0.8583357455416284,170.0,169.0,169.0,168.0,168.0,168.0,167.0,167.0,167.0,151.0,151.0,150.0,150.0,149.0,149.0,149.0,148.0,148.0,148.0,147.0
real,300,gulf,11,LSTM-ms,0,buffer,23,409,41,0.9185416608723219,38.0,38.0,38.0,38.0,32.0,31.0,31.0,30.0,30.0,30.0,30.0,30.0,30.0,29.0,29.0,29.0,29.0,29.0,29.0,29.0
real,300,gulf,11,LSTM-ms,0,buffer,24,413,315,0.4270002569880942,312.0,312.0,311.0,310.0,310.0,309.0,309.0,309.0,308.0,308.0,308.0,308.0,308.0,308.0,307.0,307.0,307.0,307.0,307.0,307.0
real,300,gulf,11,LSTM-ms,0,buffer,25,419,113,1.381933211240309,110.0,109.0,108.0,108.0,107.0,106.0,106.0,105.0,105.0,104.0,104.0,103.0,103.0,102.0,102.0,102.0,101.0,101.0,101.0,100.0
real,300,gulf,11,LSTM-ms,0,buffer,26,436,7,1.016159177296682,6.0,6.0,6.0,6.0,6.0,6.0,6.0,6.0,6.0,6.0,6.0,6.0,6.0,6.0,6.0,6.0,6.0,6.0,6.0,6.0
real,300,gulf,11,LSTM-ms,0,buffer,27,437,18,0.9626762189613476,15.0,15.0,14.0,14.0,14.0,13.0,13.0,13.0,12.0,12.0,12.0,12.0,11.0,11.0,11.0,11.0,11.0,11.0,10.0,10.0
real,300,gulf,11,LSTM-ms,0,buffer,28,449,107,0.7252759973203549,103.0,102.0,101.0,101.0,100.0,99.0,99.0,98.0,98.0,97.0,97.0,97.0,96.0,96.0,96.0,95.0,95.0,95.0,94.0,94.0
real,300,gulf,11,LSTM-ms,0,buffer,29,462,140,0.275217055136899,140.0,139.0,138.0,138.0,137.0,137.0,136.0,136.0,135.0,134.0,134.0,133.0,133.0,132.0,132.0,131.0,131.0,131.0,130.0,130.0
real,300,gulf,11,LSTM-ms,0,buffer,30,498,114,0.4597200508734812,105.0,105.0,104.0,103.0,103.0,102.0,102.0,102.0,102.0,101.0,101.0,101.0,101.0,101.0,100.0,100.0,99.0,99.0,98.0,98.0
real,300,gulf,11,LSTM-ms,0,crossing,0,19,394,0.8917053415156226,394.0,393.0,393.0,393.0,393.0,393.0,392.0,392.0,392.0,392.0,378.0,378.0,377.0,377.0,377.0,377.0,377.0,376.0,376.0,376.0
real,300,gulf,11,LSTM-ms,0,crossing,1,49,377,0.3680385695503958,376.0,375.0,375.0,374.0,374.0,373.0,373.0,372.0,372.0,371.0,371.0,371.0,370.0,370.0,369.0,369.0,369.0,368.0,368.0,368.0
real,300,gulf,11,LSTM-ms,0,crossing,2,62,121,1.2786629539358552,121.0,120.0,119.0,119.0,118.0,118.0,117.0,117.0,117.0,116.0,116.0,116.0,115.0,115.0,115.0,115.0,115.0,114.0,114.0,114.0
real,300,gulf,11,LSTM-ms,0,crossing,3,117,179,1.1893630132920272,178.0,178.0,177.0,176.0,176.0,175.0,175.0,174.0,174.0,174.0,173.0,173.0,172.0,172.0,171.0,171.0,171.0,170.0,170.0,170.0
real,300,gulf,11,LSTM-ms,0,crossing,4,125,84,1.4326964715792176,83.0,82.0,82.0,81.0,81.0,80.0,79.0,79.0,78.0,78.0,77.0,77.0,76.0,76.0,76.0,75.0,75.0,75.0,74.0,74.0
real,300,gulf,11,LSTM-ms,0,crossing,5,127,57,0.6362174321529197,56.0,55.0,55.0,54.0,54.0,53.0,53.0,53.0,52.0,52.0,52.0,51.0,51.0,51.0,51.0,51.0,51.0,50.0,50.0,50.0
real,300,gulf,11,LSTM-ms,0,crossing,6,141,61,0.2666983815026639,61.0,60.0,60.0,60.0,59.0,59.0,59.0,59.0,58.0,58.0,58.0,58.0,58.0,57.0,57.0,57.0,57.0,57.0,57.0,57.0
real,300,gulf,11,LSTM-ms,0,crossing,7,159,104,1.3376489578769835,103.0,103.0,102.0,102.0,101.0,101.0,100.0,100.0,99.0,99.0,98.0,98.0,98.0,97.0,97.0,97.0,97.0,96.0,96.0,95.0
real,300,gulf,11,LSTM-ms,0,crossing,8,173,48,0.9222179702465199,47.0,47.0,46.0,46.0,45.0,45.0,44.0,44.0,43.0,43.0,42.0,42.0,41.0,41.0,41.0,40.0,40.0,39.0,39.0,38.0
real,300,gulf,11,LSTM-ms,0,crossing,9,182,132,0.5048361242184066,131.0,131.0,130.0,129.0,129.0,128.0,128.0,128.0,128.0,128.0,127.0,127.0,127.0,127.0,127.0,127.0,126.0,126.0,126.0,122.0
real,300,gulf,11,LSTM-ms,0,crossing,10,200,44,0.6428980190146993,43.0,42.0,42.0,41.0,41.0,41.0,40.0,40.0,40.0,40.0,40.0,40.0,40.0,40.0,39.0,39.0,39.0,39.0,39.0,39.0
real,300,gulf,11,LSTM-ms,0,crossing,11,244,19,1.0425653493573712,18.0,17.0,17.0,17.0,16.0,16.0,16.0,16.0,16.0,16.0,16.0,16.0,16.0,15.0,15.0,15.0,15.0,15.0,15.0,15.0
real,300,gulf,11,LSTM-ms,0,crossing,12,261,54,0.9609979328840041,53.0,53.0,52.0,52.0,51.0,51.0,51.0,50.0,50.0,49.0,49.0,49.0,49.0,49.0,48.0,48.0,48.0,48.0,39.0,38.0
real,300,gulf,11,LSTM-ms,0,crossing,13,263,10,1.3784752528043216,9.0,9.0,8.0,8.0,7.0,7.0,7.0,6.0,6.0,6.0,6.0,6.0,6.0,6.0,6.0,6.0,6.0,6.0,6.0,6.0
real,300,gulf,11,LSTM-ms,0,crossing,14,265,36,0.4674361193238785,36.0,35.0,35.0,34.0,34.0,33.0,33.0,32.0,31.0,31.0,30.0,30.0,29.0,28.0,26.0,24.0,24.0,23.0,23.0,22.0
real,300,gulf,11,LSTM-ms,0,crossing,15,274,12,0.47961229038257874,11.0,11.0,11.0,11.0,11.0,11.0,11.0,10.0,10.0,10.0,10.0,10.0,10.0,10.0,10.0,10.0,10.0,10.0,10.0,10.0
real,300,gulf,11,LSTM-ms,0,crossing,16,277,98,1.0133525018976584,97.0,96.0,95.0,95.0,94.0,94.0,93.0,93.0,92.0,92.0,91.0,91.0,91.0,91.0,90.0,90.0,90.0,89.0,89.0,89.0
real,300,gulf,11,LSTM-ms,0,crossing,17,279,8,0.879965094764683,8.0,7.0,7.0,6.0,6.0,6.0,6.0,6.0,6.0,6.0,6.0,6.0,6.0,6.0,6.0,6.0,6.0,6.0,6.0,6.0
real,300,gulf,11,LSTM-ms,0,crossing,18,357,196,1.1137592334625468,195.0,194.0,193.0,193.0,192.0,192.0,191.0,191.0,190.0,190.0,189.0,189.0,188.0,188.0,187.0,187.0,187.0,186.0,186.0,186.0
real,300,gulf,11,LSTM-ms,0,crossing,19,390,56,0.4951852240117614,55.0,55.0,54.0,53.0,53.0,52.0,52.0,52.0,51.0,51.0,51.0,50.0,50.0,50.0,50.0,50.0,49.0,49.0,49.0,49.0
real,300,gulf,11,LSTM-ms,0,crossing,20,394,159,1.0706275373090541,158.0,157.0,156.0,156.0,155.0,155.0,154.0,154.0,153.0,153.0,152.0,152.0,152.0,151.0,151.0,151.0,150.0,150.0,150.0,149.0
real,300,gulf,11,LSTM-ms,0,crossing,21,395,67,0.9245216066496497,66.0,66.0,65.0,65.0,65.0,65.0,65.0,65.0,64.0,64.0,64.0,64.0,64.0,64.0,64.0,64.0,64.0,64.0,64.0,63.0
real,300,gulf,11,LSTM-ms,0,crossing,22,407,181,0.8583357455416284,180.0,180.0,180.0,180.0,180.0,180.0,180.0,179.0,179.0,175.0,175.0,175.0,174.0,174.0,174.0,151.0,151.0,150.0,150.0,149.0
real,300,gulf,11,LSTM-ms,0,crossing,23,409,41,0.9185416608723219,40.0,40.0,39.0,39.0,39.0,39.0,39.0,38.0,32.0,31.0,31.0,31.0,31.0,30.0,30.0,30.0,30.0,30.0,30.0,30.0
real,300,gulf,11,LSTM-ms,0,crossing,24,413,315,0.4270002569880942,314.0,313.0,313.0,312.0,312.0,311.0,311.0,310.0,310.0,309.0,309.0,309.0,309.0,308.0,308.0,308.0,308.0,308.0,308.0,308.0
real,300,gulf,11,LSTM-ms,0,crossing,25,419,113,1.381933211240309,112.0,111.0,111.0,110.0,109.0,109.0,108.0,108.0,107.0,107.0,106.0,106.0,105.0,105.0,104.0,104.0,104.0,103.0,103.0,102.0
real,300,gulf,11,LSTM-ms,0,crossing,26,436,7,1.016159177296682,6.0,6.0,6.0,6.0,6.0,6.0,6.0,6.0,6.0,6.0,6.0,6.0,6.0,6.0,6.0,6.0,6.0,6.0,6.0,6.0
real,300,gulf,11,LSTM-ms,0,crossing,27,437,18,0.9626762189613476,17.0,16.0,16.0,15.0,15.0,15.0,14.0,14.0,14.0,13.0,13.0,13.0,13.0,13.0,12.0,12.0,12.0,12.0,11.0,11.0
real,300,gulf,11,LSTM-ms,0,crossing,28,449,107,0.7252759973203549,106.0,106.0,105.0,104.0,104.0,103.0,103.0,102.0,102.0,101.0,101.0,100.0,100.0,99.0,99.0,99.0,98.0,98.0,97.0,97.0
real,300,gulf,11,LSTM-ms,0,crossing,29,462,140,0.275217055136899,140.0,139.0,138.0,138.0,137.0,137.0,136.0,136.0,135.0,134.0,134.0,133.0,133.0,132.0,132.0,131.0,131.0,131.0,130.0,130.0
real,300,gulf,11,LSTM-ms,0,crossing,30,498,114,0.4597200508734812,113.0,113.0,112.0,112.0,111.0,111.0,110.0,110.0,109.0,109.0,109.0,108.0,108.0,107.0,105.0,105.0,104.0,103.0,103.0,102.0
real,300,gulf,11,LSTM-rec,1,buffer,0,19,394,0.8917053415156226,390.0,388.0,388.0,384.0,384.0,383.0,376.0,376.0,375.0,375.0,375.0,375.0,375.0,375.0,375.0,375.0,375.0,375.0,375.0,375.0
real,300,gulf,11,LSTM-rec,1,buffer,1,49,377,0.3680385695503958,374.0,374.0,373.0,372.0,371.0,371.0,370.0,370.0,369.0,369.0,368.0,368.0,367.0,367.0,367.0,366.0,366.0,366.0,366.0,365.0
real,300,gulf,11,LSTM-rec,1,buffer,2,62,121,1.2786629539358552,119.0,118.0,117.0,116.0,116.0,115.0,114.0,114.0,114.0,114.0,114.0,113.0,113.0,113.0,113.0,113.0,113.0,112.0,112.0,111.0
real,300,gulf,11,LSTM-rec,1,buffer,3,117,179,1.1893630132920272,176.0,175.0,174.0,173.0,173.0,172.0,171.0,171.0,170.0,170.0,169.0,169.0,168.0,168.0,168.0,167.0,167.0,166.0,166.0,166.0
real,300,gulf,11,LSTM-rec,1,buffer,4,125,84,1.4326964715792176,80.0,79.0,78.0,78.0,77.0,76.0,75.0,75.0,74.0,74.0,73.0,73.0,72.0,72.0,72.0,71.0,71.0,71.0,70.0,70.0
real,300,gulf,11,LSTM-rec,1,buffer,5,127,57,0.6362174321529197,54.0,54.0,53.0,52.0,52.0,51.0,50.0,50.0,50.0,50.0,49.0,49.0,49.0,49.0,49.0,49.0,49.0,49.0,49.0,49.0
real,300,gulf,11,LSTM-rec,1,buffer,6,141,61,0.2666983815026639,59.0,58.0,57.0,57.0,57.0,56.0,56.0,56.0,55.0,55.0,55.0,55.0,55.0,55.0,55.0,55.0,55.0,55.0,55.0,55.0
real,300,gulf,11,LSTM-rec,1,buffer,7,159,104,1.3376489578769835,95.0,95.0,94.0,93.0,92.0,91.0,91.0,90.0,89.0,89.0,88.0,86.0,85.0,85.0,84.0,83.0,82.0,82.0,81.0,80.0
real,300,gulf,11,LSTM-rec,1,buffer,8,173,48,0.9222179702465199,45.0,44.0,43.0,43.0,42.0,41.0,41.0,40.0,40.0,39.0,38.0,38.0,38.0,37.0,37.0,37.0,36.0,36.0,36.0,35.0
real,300,gulf,11,LSTM-rec,1,buffer,9,182,132,0.5048361242184066,125.0,125.0,121.0,121.0,120.0,119.0,118.0,117.0,117.0,117.0,116.0,116.0,116.0,116.0,116.0,116.0,116.0,115.0,115.0,113.0
real,300,gulf,11,LSTM-rec,1,buffer,10,200,44,0.6428980190146993,41.0,40.0,40.0,39.0,39.0,38.0,38.0,38.0,38.0,38.0,38.0,38.0,37.0,37.0,37.0,37.0,37.0,37.0,37.0,32.0
real,300,gulf,11,LSTM-rec,1,buffer,11,244,19,1.0425653493573712,15.0,14.0,14.0,14.0,14.0,14.0,14.0,14.0,14.0,14.0,14.0,14.0,14.0,14.0,14.0,14.0,14.0,14.0,14.0,14.0
real,300,gulf,11,LSTM-rec,1,buffer,12,261,54,0.9609979328840041,51.0,50.0,49.0,48.0,48.0,47.0,47.0,47.0,46.0,46.0,46.0,46.0,46.0,38.0,38.0,37.0,37.0,37.0,37.0,37.0
real,300,gulf,11,LSTM-rec,1,buffer,13,263,10,1.3784752528043216,6.0,6.0,6.0,6.0,6.0,6.0,6.0,6.0,6.0,6.0,6.0,6.0,6.0,6.0,6.0,6.0,6.0,6.0,6.0,6.0
real,300,gulf,11,LSTM-rec,1,buffer,14,265,36,0.4674361193238785,27.0,26.0,25.0,24.0,23.0,23.0,22.0,22.0,20.0,20.0,20.0,19.0,19.0,19.0,18.0,17.0,17.0,17.0,17.0,17.0
real,300,gulf,11,LSTM-rec,1,buffer,15,274,12,0.47961229038257874,6.0,6.0,6.0,6.0,6.0,6.0,6.0,6.0,6.0,6.0,6.0,6.0,6.0,6.0,6.0,6.0,6.0,6.0,6.0,6.0
real,300,gulf,11,LSTM-rec,1,buffer,16,277,98,1.0133525018976584,93.0,92.0,91.0,91.0,90.0,89.0,89.0,88.0,88.0,87.0,87.0,86.0,86.0,86.0,85.0,85.0,85.0,84.0,84.0,84.0
real,300,gulf,11,LSTM-rec,1,buffer,17,279,8,0.879965094764683,6.0,6.0,6.0,6.0,6.0,6.0,6.0,6.0,6.0,6.0,6.0,6.0,6.0,6.0,6.0,6.0,6.0,6.0,6.0,6.0
real,300,gulf,11,LSTM-rec,1,buffer,18,357,196,1.1137592334625468,193.0,192.0,191.0,190.0,190.0,189.0,189.0,188.0,188.0,187.0,187.0,187.0,186.0,186.0,186.0,186.0,185.0,185.0,185.0,185.0
real,300,gulf,11,LSTM-rec,1,buffer,19,390,56,0.4951852240117614,50.0,49.0,48.0,48.0,48.0,47.0,47.0,46.0,46.0,45.0,45.0,44.0,43.0,43.0,43.0,43.0,40.0,40.0,39.0,39.0
real,300,gulf,11,LSTM-rec,1,buffer,20,394,159,1.0706275373090541,156.0,155.0,154.0,153.0,153.0,152.0,151.0,151.0,150.0,150.0,150.0,149.0,149.0,149.0,148.0,148.0,147.0,147.0,147.0,147.0
real,300,gulf,11,LSTM-rec,1,buffer,21,395,67,0.9245216066496497,64.0,64.0,63.0,63.0,63.0,62.0,61.0,61.0,61.0,61.0,61.0,61.0,61.0,61.0,61.0,61.0,61.0,61.0,61.0,61.0
real,300,gulf,11,LSTM-rec,1,buffer,22,407,181,0.8583357455416284,169.0,168.0,167.0,167.0,167.0,166.0,166.0,166.0,151.0,151.0,149.0,149.0,149.0,149.0,148.0,148.0,148.0,148.0,147.0,147.0
real,300,gulf,11,LSTM-rec,1,buffer,23,409,41,0.9185416608723219,38.0,38.0,37.0,37.0,32.0,30.0,29.0,29.0,28.0,28.0,28.0,28.0,28.0,28.0,27.0,27.0,27.0,27.0,27.0,27.0
real,300,gulf,11,LSTM-rec,1,buffer,24,413,315,0.4270002569880942,312.0,311.0,311.0,310.0,309.0,309.0,308.0,308.0,307.0,307.0,307.0,306.0,306.0,306.0,306.0,305.0,305.0,305.0,305.0,305.0
real,300,gulf,11,LSTM-rec,1,buffer,25,419,113,1.381933211240309,109.0,109.0,108.0,107.0,106.0,106.0,105.0,104.0,104.0,104.0,102.0,102.0,102.0,101.0,101.0,101.0,101.0,100.0,100.0,100.0
real,300,gulf,11,LSTM-rec,1,buffer,26,436,7,1.016159177296682,6.0,6.0,6.0,6.0,6.0,6.0,6.0,6.0,6.0,6.0,6.0,6.0,6.0,6.0,6.0,6.0,6.0,6.0,6.0,6.0
real,300,gulf,11,LSTM-rec,1,buffer,27,437,18,0.9626762189613476,15.0,14.0,14.0,13.0,13.0,13.0,12.0,12.0,12.0,12.0,10.0,10.0,10.0,10.0,10.0,10.0,10.0,10.0,9.0,9.0
real,300,gulf,11,LSTM-rec,1,buffer,28,449,107,0.7252759973203549,102.0,101.0,101.0,100.0,99.0,99.0,98.0,97.0,97.0,96.0,96.0,96.0,95.0,95.0,95.0,95.0,94.0,94.0,93.0,93.0
real,300,gulf,11,LSTM-rec,1,buffer,29,462,140,0.275217055136899,139.0,139.0,138.0,137.0,136.0,136.0,135.0,134.0,134.0,133.0,133.0,132.0,131.0,131.0,131.0,130.0,130.0,130.0,129.0,129.0
real,300,gulf,11,LSTM-rec,1,buffer,30,498,114,0.4597200508734812,105.0,105.0,102.0,102.0,102.0,101.0,101.0,101.0,101.0,101.0,100.0,99.0,98.0,98.0,98.0,97.0,97.0,97.0,97.0,13.0
real,300,gulf,11,LSTM-rec,1,crossing,0,19,394,0.8917053415156226,394.0,393.0,392.0,392.0,392.0,392.0,392.0,391.0,391.0,376.0,376.0,376.0,375.0,375.0,375.0,375.0,375.0,375.0,375.0,375.0
real,300,gulf,11,LSTM-rec,1,crossing,1,49,377,0.3680385695503958,376.0,375.0,374.0,374.0,373.0,373.0,372.0,372.0,371.0,371.0,370.0,370.0,369.0,369.0,369.0,368.0,368.0,368.0,367.0,367.0
real,300,gulf,11,LSTM-rec,1,crossing,2,62,121,1.2786629539358552,120.0,120.0,119.0,118.0,118.0,117.0,117.0,116.0,115.0,115.0,114.0,114.0,114.0,114.0,114.0,114.0,114.0,114.0,113.0,113.0
real,300,gulf,11,LSTM-rec,1,crossing,3,117,179,1.1893630132920272,178.0,177.0,176.0,176.0,175.0,174.0,174.0,173.0,173.0,173.0,172.0,171.0,171.0,170.0,170.0,170.0,169.0,169.0,169.0,169.0
real,300,gulf,11,LSTM-rec,1,crossing,4,125,84,1.4326964715792176,83.0,82.0,81.0,81.0,80.0,79.0,78.0,78.0,77.0,76.0,76.0,75.0,75.0,75.0,74.0,74.0,73.0,73.0,73.0,73.0
real,300,gulf,11,LSTM-rec,1,crossing,5,127,57,0.6362174321529197,56.0,55.0,54.0,54.0,53.0,53.0,52.0,52.0,51.0,51.0,50.0,50.0,50.0,50.0,50.0,50.0,49.0,49.0,49.0,49.0
real,300,gulf,11,LSTM-rec,1,crossing,6,141,61,0.2666983815026639,60.0,60.0,59.0,59.0,59.0,58.0,58.0,57.0,57.0,57.0,57.0,57.0,56.0,56.0,56.0,56.0,56.0,56.0,56.0,56.0
real,300,gulf,11,LSTM-rec,1,crossing,7,159,104,1.3376489578769835,103.0,102.0,101.0,100.0,100.0,99.0,97.0,97.0,96.0,96.0,95.0,95.0,94.0,93.0,93.0,92.0,92.0,91.0,91.0,90.0
real,300,gulf,11,LSTM-rec,1,crossing,8,173,48,0.9222179702465199,47.0,47.0,46.0,45.0,44.0,44.0,43.0,43.0,42.0,42.0,41.0,41.0,40.0,40.0,40.0,39.0,39.0,38.0,38.0,38.0
real,300,gulf,11,LSTM-rec,1,crossing,9,182,132,0.5048361242184066,131.0,130.0,129.0,128.0,128.0,127.0,126.0,126.0,125.0,125.0,125.0,125.0,125.0,125.0,125.0,122.0,121.0,121.0,121.0,121.0
real,300,gulf,11,LSTM-rec,1,crossing,10,200,44,0.6428980190146993,43.0,42.0,41.0,40.0,40.0,40.0,39.0,39.0,39.0,39.0,38.0,38.0,38.0,38.0,38.0,38.0,38.0,38.0,38.0,38.0
real,300,gulf,11,LSTM-rec,1,crossing,11,244,19,1.0425653493573712,18.0,17.0,16.0,16.0,15.0,15.0,15.0,14.0,14.0,14.0,14.0,14.0,14.0,14.0,14.0,14.0,14.0,14.0,14.0,14.0
real,300,gulf,11,LSTM-rec,1,crossing,12,261,54,0.9609979328840041,53.0,52.0,52.0,51.0,51.0,50.0,49.0,49.0,48.0,48.0,47.0,47.0,47.0,47.0,47.0,46.0,46.0,46.0,46.0,46.0
real,300,gulf,11,LSTM-rec,1,crossing,13,263,10,1.3784752528043216,9.0,8.0,8.0,7.0,7.0,6.0,6.0,6.0,6.0,6.0,6.0,6.0,6.0,6.0,6.0,6.0,6.0,6.0,6.0,6.0
real,300,gulf,11,LSTM-rec,1,crossing,14,265,36,0.4674361193238785,35.0,34.0,34.0,33.0,32.0,31.0,31.0,29.0,29.0,28.0,28.0,27.0,27.0,24.0,23.0,23.0,23.0,23.0,23.0,22.0
real,300,gulf,11,LSTM-rec,1,crossing,15,274,12,0.47961229038257874,11.0,10.0,10.0,10.0,8.0,8.0,8.0,8.0,8.0,8.0,8.0,8.0,8.0,8.0,8.0,8.0,8.0,8.0,8.0,8.0
real,300,gulf,11,LSTM-rec,1,crossing,16,277,98,1.0133525018976584,97.0,96.0,95.0,94.0,93.0,93.0,92.0,91.0,91.0,90.0,90.0,89.0,89.0,89.0,88.0,88.0,88.0,87.0,87.0,87.0
real,300,gulf,11,LSTM-rec,1,crossing,17,279,8,0.879965094764683,7.0,6.0,6.0,6.0,6.0,6.0,6.0,6.0,6.0,6.0,6.0,6.0,6.0,6.0,6.0,6.0,6.0,6.0,6.0,6.0
real,300,gulf,11,LSTM-rec,1,crossing,18,357,196,1.1137592334625468,195.0,194.0,193.0,192.0,192.0,191.0,191.0,190.0,190.0,189.0,189.0,188.0,188.0,188.0,188.0,187.0,187.0,187.0,187.0,187.0
real,300,gulf,11,LSTM-rec,1,crossing,19,390,56,0.4951852240117614,55.0,54.0,53.0,53.0,52.0,51.0,51.0,50.0,50.0,49.0,49.0,49.0,48.0,48.0,48.0,48.0,48.0,48.0,48.0,48.0
real,300,gulf,11,LSTM-rec,1,crossing,20,394,159,1.0706275373090541,158.0,157.0,156.0,155.0,155.0,154.0,153.0,153.0,152.0,152.0,151.0,151.0,151.0,150.0,150.0,150.0,149.0,149.0,149.0,149.0
real,300,gulf,11,LSTM-rec,1,crossing,21,395,67,0.9245216066496497,66.0,65.0,65.0,64.0,64.0,64.0,64.0,64.0,64.0,63.0,63.0,63.0,63.0,63.0,63.0,63.0,63.0,63.0,63.0,63.0
real,300,gulf,11,LSTM-rec,1,crossing,22,407,181,0.8583357455416284,180.0,180.0,179.0,179.0,179.0,175.0,174.0,174.0,173.0,173.0,172.0,172.0,171.0,168.0,151.0,151.0,149.0,149.0,149.0,149.0
real,300,gulf,11,LSTM-rec,1,crossing,23,409,41,0.9185416608723219,40.0,39.0,39.0,38.0,38.0,38.0,38.0,38.0,32.0,31.0,29.0,29.0,29.0,28.0,28.0,28.0,28.0,28.0,28.0,28.0
real,300,gulf,11,LSTM-rec,1,crossing,24,413,315,0.4270002569880942,314.0,313.0,312.0,312.0,311.0,310.0,310.0,309.0,309.0,309.0,308.0,308.0,308.0,307.0,307.0,307.0,307.0,306.0,306.0,306.0
real,300,gulf,11,LSTM-rec,1,crossing,25,419,113,1.381933211240309,112.0,111.0,110.0,109.0,109.0,108.0,108.0,107.0,106.0,106.0,105.0,104.0,104.0,104.0,104.0,103.0,102.0,102.0,102.0,102.0
real,300,gulf,11,LSTM-rec,1,crossing,26,436,7,1.016159177296682,6.0,6.0,6.0,6.0,6.0,6.0,6.0,6.0,6.0,6.0,6.0,6.0,6.0,6.0,6.0,6.0,6.0,6.0,6.0,6.0
real,300,gulf,11,LSTM-rec,1,crossing,27,437,18,0.9626762189613476,17.0,16.0,15.0,15.0,14.0,14.0,13.0,13.0,13.0,13.0,13.0,13.0,12.0,12.0,12.0,12.0,12.0,12.0,10.0,10.0
real,300,gulf,11,LSTM-rec,1,crossing,28,449,107,0.7252759973203549,106.0,105.0,105.0,104.0,103.0,102.0,102.0,101.0,101.0,100.0,100.0,99.0,99.0,98.0,97.0,97.0,97.0,97.0,96.0,96.0
real,300,gulf,11,LSTM-rec,1,crossing,29,462,140,0.275217055136899,139.0,139.0,138.0,137.0,136.0,136.0,135.0,134.0,134.0,133.0,133.0,132.0,131.0,131.0,131.0,130.0,130.0,130.0,129.0,129.0
real,300,gulf,11,LSTM-rec,1,crossing,30,498,114,0.4597200508734812,113.0,112.0,111.0,111.0,110.0,109.0,109.0,108.0,108.0,107.0,102.0,102.0,102.0,102.0,102.0,102.0,102.0,102.0,101.0,101.0
real,300,gulf,11,LSTM-ms,1,buffer,0,19,394,0.8917053415156226,390.0,389.0,388.0,386.0,384.0,378.0,377.0,377.0,377.0,376.0,376.0,376.0,376.0,376.0,375.0,375.0,375.0,375.0,375.0,375.0
real,300,gulf,11,LSTM-ms,1,buffer,1,49,377,0.3680385695503958,374.0,374.0,373.0,372.0,372.0,371.0,371.0,370.0,370.0,369.0,369.0,368.0,368.0,368.0,367.0,367.0,366.0,366.0,366.0,365.0
real,300,gulf,11,LSTM-ms,1,buffer,2,62,121,1.2786629539358552,119.0,118.0,117.0,117.0,116.0,116.0,115.0,115.0,115.0,114.0,114.0,114.0,114.0,113.0,113.0,113.0,113.0,112.0,112.0,111.0
real,300,gulf,11,LSTM-ms,1,buffer,3,117,179,1.1893630132920272,176.0,175.0,174.0,174.0,173.0,173.0,172.0,171.0,171.0,170.0,170.0,170.0,169.0,169.0,169.0,168.0,168.0,168.0,167.0,167.0
real,300,gulf,11,LSTM-ms,1,buffer,4,125,84,1.4326964715792176,80.0,79.0,78.0,78.0,77.0,76.0,76.0,75.0,75.0,74.0,74.0,74.0,73.0,73.0,72.0,72.0,72.0,71.0,71.0,70.0
real,300,gulf,11,LSTM-ms,1,buffer,5,127,57,0.6362174321529197,54.0,54.0,53.0,52.0,52.0,51.0,51.0,51.0,50.0,50.0,50.0,50.0,50.0,50.0,50.0,50.0,49.0,49.0,49.0,49.0
real,300,gulf,11,LSTM-ms,1,buffer,6,141,61,0.2666983815026639,59.0,58.0,57.0,57.0,57.0,57.0,56.0,56.0,56.0,56.0,56.0,56.0,56.0,56.0,56.0,56.0,55.0,55.0,55.0,55.0
real,300,gulf,11,LSTM-ms,1,buffer,7,159,104,1.3376489578769835,95.0,94.0,93.0,93.0,92.0,91.0,91.0,90.0,90.0,89.0,88.0,88.0,87.0,86.0,85.0,85.0,84.0,84.0,83.0,83.0
real,300,gulf,11,LSTM-ms,1,buffer,8,173,48,0.9222179702465199,45.0,44.0,44.0,43.0,42.0,42.0,41.0,41.0,40.0,40.0,39.0,39.0,38.0,38.0,37.0,37.0,36.0,36.0,35.0,35.0
real,300,gulf,11,LSTM-ms,1,buffer,9,182,132,0.5048361242184066,125.0,122.0,121.0,121.0,120.0,119.0,118.0,118.0,117.0,117.0,116.0,116.0,116.0,116.0,115.0,114.0,114.0,113.0,113.0,113.0
real,300,gulf,11,LSTM-ms,1,buffer,10,200,44,0.6428980190146993,41.0,40.0,40.0,40.0,39.0,39.0,39.0,38.0,38.0,38.0,38.0,38.0,38.0,38.0,37.0,37.0,37.0,37.0,37.0,37.0
real,300,gulf,11,LSTM-ms,1,buffer,11,244,19,1.0425653493573712,15.0,15.0,15.0,15.0,14.0,14.0,14.0,14.0,14.0,14.0,14.0,14.0,14.0,14.0,14.0,14.0,14.0,14.0,14.0,14.0
real,300,gulf,11,LSTM-ms,1,buffer,12,261,54,0.9609979328840041,51.0,50.0,49.0,49.0,48.0,48.0,48.0,47.0,47.0,47.0,39.0,39.0,38.0,38.0,38.0,37.0,37.0,37.0,37.0,36.0
real,300,gulf,11,LSTM-ms,1,buffer,13,263,10,1.3784752528043216,6.0,6.0,6.0,6.0,6.0,6.0,6.0,6.0,6.0,6.0,6.0,6.0,6.0,6.0,6.0,6.0,6.0,6.0,6.0,6.0
real,300,gulf,11,LSTM-ms,1,buffer,14,265,36,0.4674361193238785,27.0,25.0,24.0,23.0,23.0,22.0,21.0,21.0,20.0,20.0,20.0,20.0,19.0,19.0,19.0,19.0,19.0,19.0,19.0,19.0
real,300,gulf,11,LSTM-ms,1,buffer,15,274,12,0.47961229038257874,6.0,6.0,6.0,6.0,6.0,6.0,6.0,6.0,6.0,6.0,6.0,6.0,6.0,6.0,6.0,6.0,6.0,6.0,6.0,6.0
real,300,gulf,11,LSTM-ms,1,buffer,16,277,98,1.0133525018976584,93.0,92.0,92.0,91.0,90.0,90.0,89.0,89.0,88.0,88.0,88.0,87.0,87.0,86.0,86.0,86.0,86.0,85.0,85.0,85.0
real,300,gulf,11,LSTM-ms,1,buffer,17,279,8,0.879965094764683,6.0,6.0,6.0,6.0,6.0,6.0,6.0,6.0,6.0,6.0,6.0,6.0,6.0,6.0,6.0,6.0,6.0,6.0,6.0,6.0
real,300,gulf,11,LSTM-ms,1,buffer,18,357,196,1.1137592334625468,193.0,192.0,191.0,191.0,190.0,190.0,189.0,188.0,188.0,187.0,187.0,186.0,186.0,186.0,185.0,185.0,184.0,184.0,183.0,183.0
real,300,gulf,11,LSTM-ms,1,buffer,19,390,56,0.4951852240117614,50.0,49.0,49.0,48.0,48.0,47.0,47.0,46.0,45.0,45.0,44.0,43.0,43.0,42.0,41.0,41.0,40.0,40.0,40.0,39.0
real,300,gulf,11,LSTM-ms,1,buffer,20,394,159,1.0706275373090541,156.0,155.0,154.0,154.0,153.0,153.0,152.0,152.0,151.0,151.0,150.0,150.0,150.0,149.0,149.0,149.0,148.0,148.0,147.0,147.0
real,300,gulf,11,LSTM-ms,1,buffer,21,395,67,0.9245216066496497,64.0,64.0,63.0,63.0,63.0,63.0,63.0,63.0,62.0,62.0,62.0,62.0,62.0,62.0,62.0,61.0,61.0,61.0,61.0,61.0
real,300,gulf,11,LSTM-ms,1,buffer,22,407,181,0.8583357455416284,169.0,168.0,168.0,167.0,167.0,166.0,166.0,165.0,164.0,151.0,150.0,150.0,149.0,149.0,149.0,148.0,148.0,148.0,147.0,147.0
real,300,gulf,11,LSTM-ms,1,buffer,23,409,41,0.9185416608723219,38.0,37.0,37.0,37.0,32.0,31.0,30.0,30.0,30.0,29.0,29.0,29.0,29.0,28.0,28.0,28.0,28.0,28.0,28.0,28.0
real,300,gulf,11,LSTM-ms,1,buffer,24,413,315,0.4270002569880942,312.0,311.0,311.0,310.0,310.0,309.0,309.0,308.0,308.0,308.0,307.0,307.0,307.0,307.0,307.0,306.0,306.0,306.0,306.0,306.0
real,300,gulf,11,LSTM-ms,1,buffer,25,419,113,1.381933211240309,109.0,109.0,108.0,107.0,107.0,106.0,106.0,105.0,104.0,104.0,103.0,103.0,102.0,102.0,102.0,101.0,101.0,101.0,100.0,100.0
real,300,gulf,11,LSTM-ms,1,buffer,26,436,7,1.016159177296682,6.0,6.0,6.0,6.0,6.0,6.0,6.0,6.0,6.0,6.0,6.0,6.0,6.0,6.0,6.0,6.0,6.0,6.0,6.0,6.0
real,300,gulf,11,LSTM-ms,1,buffer,27,437,18,0.9626762189613476,15.0,15.0,14.0,13.0,13.0,13.0,12.0,12.0,11.0,11.0,11.0,11.0,10.0,10.0,10.0,10.0,10.0,10.0,10.0,10.0
real,300,gulf,11,LSTM-ms,1,buffer,28,449,107,0.7252759973203549,102.0,101.0,101.0,100.0,99.0,99.0,98.0,98.0,97.0,97.0,96.0,96.0,95.0,95.0,95.0,94.0,94.0,93.0,93.0,92.0
real,300,gulf,11,LSTM-ms,1,buffer,29,462,140,0.275217055136899,139.0,138.0,138.0,137.0,136.0,136.0,135.0,134.0,133.0,133.0,132.0,131.0,131.0,130.0,130.0,129.0,129.0,128.0,128.0,128.0
real,300,gulf,11,LSTM-ms,1,buffer,30,498,114,0.4597200508734812,105.0,104.0,103.0,103.0,102.0,102.0,101.0,101.0,101.0,100.0,99.0,99.0,98.0,98.0,97.0,97.0,97.0,96.0,13.0,13.0
real,300,gulf,11,LSTM-ms,1,crossing,0,19,394,0.8917053415156226,394.0,393.0,392.0,392.0,392.0,392.0,392.0,391.0,391.0,378.0,377.0,377.0,377.0,376.0,376.0,376.0,376.0,376.0,376.0,375.0
real,300,gulf,11,LSTM-ms,1,crossing,1,49,377,0.3680385695503958,376.0,375.0,375.0,374.0,374.0,373.0,373.0,372.0,372.0,371.0,371.0,370.0,370.0,369.0,369.0,369.0,368.0,368.0,368.0,367.0
real,300,gulf,11,LSTM-ms,1,crossing,2,62,121,1.2786629539358552,120.0,120.0,119.0,119.0,118.0,118.0,117.0,117.0,116.0,116.0,115.0,115.0,115.0,115.0,114.0,114.0,114.0,114.0,114.0,114.0
real,300,gulf,11,LSTM-ms,1,crossing,3,117,179,1.1893630132920272,178.0,177.0,177.0,176.0,175.0,175.0,174.0,174.0,174.0,173.0,173.0,172.0,172.0,171.0,171.0,170.0,170.0,170.0,170.0,169.0
real,300,gulf,11,LSTM-ms,1,crossing,4,125,84,1.4326964715792176,83.0,82.0,81.0,81.0,80.0,79.0,79.0,78.0,78.0,77.0,77.0,76.0,76.0,75.0,75.0,75.0,74.0,74.0,74.0,73.0
real,300,gulf,11,LSTM-ms,1,crossing,5,127,57,0.6362174321529197,56.0,55.0,55.0,54.0,53.0,53.0,52.0,52.0,51.0,51.0,51.0,51.0,50.0,50.0,50.0,50.0,50.0,50.0,50.0,50.0
real,300,gulf,11,LSTM-ms,1,crossing,6,141,61,0.2666983815026639,61.0,60.0,60.0,59.0,59.0,58.0,58.0,57.0,57.0,57.0,57.0,57.0,57.0,57.0,56.0,56.0,56.0,56.0,56.0,56.0
real,300,gulf,11,LSTM-ms,1,crossing,7,159,104,1.3376489578769835,103.0,102.0,101.0,100.0,100.0,99.0,98.0,97.0,97.0,96.0,96.0,96.0,95.0,94.0,94.0,94.0,93.0,93.0,92.0,92.0
real,300,gulf,11,LSTM-ms,1,crossing,8,173,48,0.9222179702465199,47.0,47.0,46.0,45.0,45.0,44.0,44.0,43.0,43.0,42.0,42.0,41.0,41.0,40.0,40.0,40.0,39.0,39.0,38.0,38.0
real,300,gulf,11,LSTM-ms,1,crossing,9,182,132,0.5048361242184066,131.0,130.0,129.0,128.0,128.0,127.0,127.0,127.0,126.0,126.0,126.0,125.0,125.0,122.0,121.0,121.0,120.0,119.0,119.0,118.0
real,300,gulf,11,LSTM-ms,1,crossing,10,200,44,0.6428980190146993,43.0,42.0,41.0,41.0,41.0,40.0,40.0,40.0,40.0,39.0,39.0,39.0,39.0,38.0,38.0,38.0,38.0,38.0,38.0,38.0
real,300,gulf,11,LSTM-ms,1,crossing,11,244,19,1.0425653493573712,18.0,17.0,17.0,16.0,16.0,16.0,16.0,15.0,15.0,15.0,15.0,15.0,15.0,15.0,15.0,15.0,15.0,15.0,14.0,14.0
real,300,gulf,11,LSTM-ms,1,crossing,12,261,54,0.9609979328840041,53.0,52.0,52.0,51.0,51.0,51.0,50.0,50.0,49.0,49.0,49.0,48.0,48.0,48.0,39.0,39.0,39.0,38.0,38.0,38.0
real,300,gulf,11,LSTM-ms,1,crossing,13,263,10,1.3784752528043216,9.0,8.0,8.0,7.0,7.0,6.0,6.0,6.0,6.0,6.0,6.0,6.0,6.0,6.0,6.0,6.0,6.0,6.0,6.0,6.0
real,300,gulf,11,LSTM-ms,1,crossing,14,265,36,0.4674361193238785,35.0,34.0,33.0,32.0,32.0,31.0,30.0,29.0,28.0,27.0,24.0,23.0,23.0,22.0,21.0,21.0,21.0,20.0,20.0,20.0
real,300,gulf,11,LSTM-ms,1,crossing,15,274,12,0.47961229038257874,11.0,10.0,10.0,10.0,10.0,10.0,8.0,8.0,8.0,8.0,8.0,8.0,8.0,8.0,8.0,8.0,8.0,8.0,8.0,8.0
real,300,gulf,11,LSTM-ms,1,crossing,16,277,98,1.0133525018976584,97.0,96.0,95.0,94.0,94.0,93.0,93.0,92.0,92.0,91.0,91.0,90.0,90.0,90.0,89.0,89.0,89.0,88.0,88.0,88.0
real,300,gulf,11,LSTM-ms,1,crossing,17,279,8,0.879965094764683,7.0,7.0,6.0,6.0,6.0,6.0,6.0,6.0,6.0,6.0,6.0,6.0,6.0,6.0,6.0,6.0,6.0,6.0,6.0,6.0
real,300,gulf,11,LSTM-ms,1,crossing,18,357,196,1.1137592334625468,195.0,194.0,193.0,193.0,192.0,191.0,191.0,190.0,190.0,189.0,189.0,188.0,188.0,187.0,187.0,187.0,186.0,186.0,185.0,185.0
real,300,gulf,11,LSTM-ms,1,crossing,19,390,56,0.4951852240117614,55.0,54.0,53.0,53.0,52.0,51.0,51.0,51.0,50.0,50.0,49.0,49.0,49.0,49.0,48.0,48.0,48.0,48.0,47.0,47.0
real,300,gulf,11,LSTM-ms,1,crossing,20,394,159,1.0706275373090541,158.0,157.0,156.0,156.0,155.0,155.0,154.0,154.0,153.0,153.0,152.0,152.0,151.0,151.0,151.0,151.0,150.0,150.0,150.0,149.0
real,300,gulf,11,LSTM-ms,1,crossing,21,395,67,0.9245216066496497,66.0,65.0,65.0,65.0,64.0,64.0,64.0,64.0,64.0,64.0,64.0,63.0,63.0,63.0,63.0,63.0,63.0,63.0,63.0,63.0
real,300,gulf,11,LSTM-ms,1,crossing,22,407,181,0.8583357455416284,180.0,179.0,179.0,179.0,177.0,175.0,174.0,174.0,173.0,172.0,171.0,170.0,169.0,169.0,151.0,151.0,150.0,149.0,149.0,149.0
real,300,gulf,11,LSTM-ms,1,crossing,23,409,41,0.9185416608723219,40.0,39.0,39.0,38.0,38.0,38.0,38.0,38.0,32.0,31.0,31.0,30.0,30.0,30.0,29.0,29.0,29.0,29.0,29.0,29.0
real,300,gulf,11,LSTM-ms,1,crossing,24,413,315,0.4270002569880942,314.0,313.0,313.0,312.0,311.0,311.0,310.0,310.0,309.0,309.0,309.0,308.0,308.0,308.0,308.0,307.0,307.0,307.0,307.0,307.0
real,300,gulf,11,LSTM-ms,1,crossing,25,419,113,1.381933211240309,112.0,111.0,110.0,110.0,109.0,109.0,108.0,108.0,107.0,106.0,106.0,105.0,105.0,104.0,104.0,104.0,103.0,103.0,102.0,102.0
real,300,gulf,11,LSTM-ms,1,crossing,26,436,7,1.016159177296682,6.0,6.0,6.0,6.0,6.0,6.0,6.0,6.0,6.0,6.0,6.0,6.0,6.0,6.0,6.0,6.0,6.0,6.0,6.0,6.0
real,300,gulf,11,LSTM-ms,1,crossing,27,437,18,0.9626762189613476,17.0,16.0,16.0,15.0,14.0,14.0,13.0,13.0,13.0,13.0,12.0,12.0,12.0,11.0,11.0,11.0,11.0,11.0,10.0,10.0
real,300,gulf,11,LSTM-ms,1,crossing,28,449,107,0.7252759973203549,106.0,105.0,105.0,104.0,103.0,103.0,102.0,101.0,101.0,100.0,100.0,99.0,99.0,98.0,98.0,97.0,97.0,97.0,96.0,96.0
real,300,gulf,11,LSTM-ms,1,crossing,29,462,140,0.275217055136899,139.0,138.0,138.0,137.0,136.0,136.0,135.0,134.0,133.0,133.0,132.0,131.0,131.0,130.0,130.0,129.0,129.0,128.0,128.0,128.0
real,300,gulf,11,LSTM-ms,1,crossing,30,498,114,0.4597200508734812,113.0,112.0,111.0,110.0,110.0,109.0,108.0,108.0,106.0,105.0,104.0,103.0,103.0,103.0,103.0,102.0,102.0,102.0,102.0,101.0
real,300,gulf,11,LSTM-rec,2,buffer,0,19,394,0.8917053415156226,390.0,389.0,388.0,388.0,388.0,388.0,388.0,376.0,376.0,376.0,376.0,376.0,376.0,376.0,375.0,375.0,375.0,375.0,375.0,375.0
real,300,gulf,11,LSTM-rec,2,buffer,1,49,377,0.3680385695503958,374.0,374.0,373.0,372.0,372.0,371.0,371.0,370.0,370.0,370.0,370.0,369.0,369.0,369.0,369.0,369.0,369.0,369.0,369.0,369.0
real,300,gulf,11,LSTM-rec,2,buffer,2,62,121,1.2786629539358552,119.0,118.0,117.0,117.0,116.0,116.0,115.0,115.0,114.0,114.0,114.0,114.0,114.0,114.0,114.0,114.0,114.0,114.0,114.0,114.0
real,300,gulf,11,LSTM-rec,2,buffer,3,117,179,1.1893630132920272,176.0,175.0,174.0,174.0,173.0,173.0,173.0,172.0,172.0,172.0,172.0,171.0,171.0,171.0,171.0,171.0,171.0,171.0,171.0,171.0
real,300,gulf,11,LSTM-rec,2,buffer,4,125,84,1.4326964715792176,80.0,79.0,79.0,78.0,77.0,77.0,76.0,76.0,76.0,75.0,75.0,75.0,75.0,75.0,75.0,75.0,75.0,75.0,75.0,75.0
real,300,gulf,11,LSTM-rec,2,buffer,5,127,57,0.6362174321529197,54.0,54.0,53.0,52.0,52.0,51.0,51.0,50.0,50.0,50.0,50.0,50.0,50.0,50.0,50.0,50.0,50.0,50.0,50.0,50.0
real,300,gulf,11,LSTM-rec,2,buffer,6,141,61,0.2666983815026639,59.0,58.0,58.0,57.0,57.0,57.0,57.0,56.0,56.0,56.0,56.0,56.0,56.0,56.0,56.0,56.0,56.0,56.0,56.0,56.0
real,300,gulf,11,LSTM-rec,2,buffer,7,159,104,1.3376489578769835,96.0,95.0,95.0,94.0,94.0,94.0,94.0,94.0,94.0,94.0,94.0,94.0,94.0,94.0,94.0,94.0,94.0,94.0,94.0,94.0
real,300,gulf,11,LSTM-rec,2,buffer,8,173,48,0.9222179702465199,45.0,44.0,44.0,43.0,43.0,42.0,42.0,41.0,41.0,41.0,41.0,41.0,40.0,40.0,40.0,40.0,40.0,40.0,40.0,40.0
real,300,gulf,11,LSTM-rec,2,buffer,9,182,132,0.5048361242184066,125.0,125.0,125.0,122.0,122.0,122.0,122.0,122.0,122.0,122.0,122.0,122.0,122.0,122.0,122.0,122.0,122.0,122.0,122.0,122.0
real,300,gulf,11,LSTM-rec,2,buffer,10,200,44,0.6428980190146993,41.0,40.0,40.0,40.0,39.0,39.0,39.0,39.0,38.0,38.0,38.0,38.0,38.0,38.0,38.0,38.0,38.0,38.0,38.0,38.0
real,300,gulf,11,LSTM-rec,2,buffer,11,244,19,1.0425653493573712,15.0,15.0,14.0,14.0,14.0,14.0,14.0,14.0,14.0,14.0,14.0,14.0,14.0,14.0,14.0,14.0,14.0,14.0,14.0,14.0
real,300,gulf,11,LSTM-rec,2,buffer,12,261,54,0.9609979328840041,51.0,50.0,49.0,49.0,49.0,48.0,48.0,48.0,47.0,47.0,47.0,47.0,47.0,47.0,47.0,47.0,47.0,47.0,47.0,47.0
real,300,gulf,11,LSTM-rec,2,buffer,13,263,10,1.3784752528043216,6.0,6.0,6.0,6.0,6.0,6.0,6.0,6.0,6.0,6.0,6.0,6.0,6.0,6.0,6.0,6.0,6.0,6.0,6.0,6.0
real,300,gulf,11,LSTM-rec,2,buffer,14,265,36,0.4674361193238785,27.0,27.0,26.0,26.0,24.0,24.0,24.0,24.0,24.0,24.0,24.0,24.0,24.0,24.0,24.0,24.0,24.0,24.0,24.0,24.0
real,300,gulf,11,LSTM-rec,2,buffer,15,274,12,0.47961229038257874,6.0,6.0,6.0,6.0,6.0,6.0,6.0,6.0,6.0,6.0,6.0,6.0,6.0,6.0,6.0,6.0,6.0,6.0,6.0,6.0
real,300,gulf,11,LSTM-rec,2,buffer,16,277,98,1.0133525018976584,93.0,93.0,92.0,91.0,91.0,91.0,90.0,90.0,90.0,90.0,90.0,90.0,90.0,90.0,90.0,90.0,90.0,90.0,90.0,90.0
real,300,gulf,11,LSTM-rec,2,buffer,17,279,8,0.879965094764683,6.0,6.0,6.0,6.0,6.0,6.0,6.0,6.0,6.0,6.0,6.0,6.0,6.0,6.0,6.0,6.0,6.0,6.0,6.0,6.0
real,300,gulf,11,LSTM-rec,2,buffer,18,357,196,1.1137592334625468,193.0,192.0,191.0,191.0,190.0,190.0,189.0,189.0,188.0,188.0,188.0,188.0,188.0,188.0,188.0,188.0,188.0,188.0,188.0,188.0
real,300,gulf,11,LSTM-rec,2,buffer,19,390,56,0.4951852240117614,50.0,49.0,49.0,49.0,48.0,48.0,48.0,48.0,48.0,48.0,48.0,48.0,48.0,48.0,48.0,48.0,48.0,48.0,48.0,48.0
real,300,gulf,11,LSTM-rec,2,buffer,20,394,159,1.0706275373090541,156.0,155.0,154.0,154.0,153.0,153.0,152.0,152.0,151.0,151.0,151.0,151.0,151.0,151.0,151.0,151.0,151.0,151.0,151.0,151.0
real,300,gulf,11,LSTM-rec,2,buffer,21,395,67,0.9245216066496497,64.0,64.0,63.0,63.0,63.0,63.0,63.0,63.0,63.0,63.0,63.0,63.0,63.0,63.0,63.0,63.0,63.0,63.0,63.0,63.0
real,300,gulf,11,LSTM-rec,2,buffer,22,407,181,0.8583357455416284,170.0,169.0,168.0,168.0,168.0,168.0,168.0,168.0,168.0,168.0,168.0,168.0,168.0,168.0,168.0,168.0,168.0,168.0,168.0,168.0
real,300,gulf,11,LSTM-rec,2,buffer,23,409,41,0.9185416608723219,38.0,38.0,37.0,37.0,37.0,32.0,31.0,30.0,29.0,29.0,29.0,29.0,29.0,29.0,29.0,29.0,29.0,29.0,29.0,29.0
real,300,gulf,11,LSTM-rec,2,buffer,24,413,315,0.4270002569880942,312.0,311.0,311.0,310.0,310.0,309.0,309.0,308.0,308.0,308.0,308.0,308.0,307.0,307.0,307.0,307.0,307.0,307.0,307.0,307.0
real,300,gulf,11,LSTM-rec,2,buffer,25,419,113,1.381933211240309,110.0,109.0,108.0,108.0,107.0,106.0,106.0,106.0,105.0,105.0,105.0,104.0,104.0,104.0,104.0,104.0,104.0,104.0,104.0,104.0
real,300,gulf,11,LSTM-rec,2,buffer,26,436,7,1.016159177296682,6.0,6.0,6.0,6.0,6.0,6.0,6.0,6.0,6.0,6.0,6.0,6.0,6.0,6.0,6.0,6.0,6.0,6.0,6.0,6.0
real,300,gulf,11,LSTM-rec,2,buffer,27,437,18,0.9626762189613476,15.0,15.0,14.0,13.0,13.0,13.0,13.0,13.0,13.0,13.0,12.0,12.0,12.0,12.0,12.0,12.0,12.0,12.0,12.0,12.0
real,300,gulf,11,LSTM-rec,2,buffer,28,449,107,0.7252759973203549,103.0,102.0,101.0,101.0,100.0,100.0,99.0,99.0,99.0,99.0,99.0,99.0,99.0,99.0,99.0,99.0,99.0,99.0,99.0,99.0
real,300,gulf,11,LSTM-rec,2,buffer,29,462,140,0.275217055136899,140.0,139.0,138.0,138.0,138.0,138.0,138.0,138.0,138.0,138.0,138.0,138.0,138.0,138.0,138.0,138.0,138.0,138.0,138.0,138.0
real,300,gulf,11,LSTM-rec,2,buffer,30,498,114,0.4597200508734812,106.0,105.0,105.0,103.0,102.0,102.0,102.0,102.0,102.0,102.0,102.0,102.0,102.0,102.0,102.0,102.0,102.0,102.0,102.0,102.0
real,300,gulf,11,LSTM-rec,2,crossing,0,19,394,0.8917053415156226,394.0,393.0,393.0,392.0,392.0,392.0,392.0,392.0,392.0,392.0,392.0,392.0,392.0,392.0,392.0,392.0,392.0,392.0,392.0,392.0
real,300,gulf,11,LSTM-rec,2,crossing,1,49,377,0.3680385695503958,376.0,375.0,375.0,374.0,374.0,373.0,373.0,372.0,372.0,372.0,372.0,371.0,371.0,371.0,371.0,371.0,371.0,371.0,371.0,371.0
real,300,gulf,11,LSTM-rec,2,crossing,2,62,121,1.2786629539358552,120.0,120.0,119.0,118.0,118.0,118.0,117.0,117.0,117.0,117.0,116.0,116.0,116.0,116.0,116.0,116.0,116.0,116.0,116.0,116.0
real,300,gulf,11,LSTM-rec,2,crossing,3,117,179,1.1893630132920272,178.0,177.0,177.0,176.0,176.0,175.0,175.0,174.0,174.0,174.0,174.0,174.0,174.0,174.0,174.0,174.0,174.0,174.0,174.0,174.0
real,300,gulf,11,LSTM-rec,2,crossing,4,125,84,1.4326964715792176,83.0,82.0,82.0,81.0,81.0,80.0,80.0,80.0,79.0,79.0,79.0,79.0,79.0,79.0,79.0,79.0,79.0,79.0,79.0,79.0
real,300,gulf,11,LSTM-rec,2,crossing,5,127,57,0.6362174321529197,56.0,55.0,55.0,54.0,53.0,53.0,53.0,52.0,52.0,52.0,52.0,51.0,51.0,51.0,51.0,51.0,51.0,51.0,51.0,51.0
real,300,gulf,11,LSTM-rec,2,crossing,6,141,61,0.2666983815026639,61.0,60.0,60.0,59.0,59.0,59.0,59.0,58.0,58.0,58.0,58.0,58.0,58.0,58.0,58.0,58.0,58.0,58.0,58.0,58.0
real,300,gulf,11,LSTM-rec,2,crossing,7,159,104,1.3376489578769835,103.0,103.0,102.0,102.0,102.0,102.0,102.0,102.0,102.0,102.0,102.0,102.0,102.0,102.0,102.0,102.0,102.0,102.0,102.0,102.0
real,300,gulf,11,LSTM-rec,2,crossing,8,173,48,0.9222179702465199,47.0,47.0,46.0,45.0,45.0,44.0,44.0,44.0,43.0,43.0,43.0,43.0,43.0,43.0,43.0,43.0,43.0,43.0,43.0,43.0
real,300,gulf,11,LSTM-rec,2,crossing,9,182,132,0.5048361242184066,131.0,131.0,130.0,130.0,129.0,129.0,129.0,129.0,129.0,129.0,129.0,129.0,129.0,129.0,129.0,129.0,129.0,129.0,129.0,129.0
real,300,gulf,11,LSTM-rec,2,crossing,10,200,44,0.6428980190146993,43.0,42.0,41.0,41.0,40.0,40.0,40.0,40.0,40.0,40.0,39.0,39.0,39.0,39.0,39.0,39.0,39.0,39.0,39.0,39.0
real,300,gulf,11,LSTM-rec,2,crossing,11,244,19,1.0425653493573712,18.0,17.0,16.0,16.0,16.0,15.0,15.0,15.0,15.0,15.0,15.0,15.0,15.0,15.0,15.0,15.0,15.0,15.0,15.0,15.0
real,300,gulf,11,LSTM-rec,2,crossing,12,261,54,0.9609979328840041,53.0,52.0,52.0,51.0,51.0,51.0,51.0,50.0,50.0,50.0,50.0,50.0,50.0,50.0,50.0,50.0,50.0,50.0,50.0,50.0
real,300,gulf,11,LSTM-rec,2,crossing,13,263,10,1.3784752528043216,9.0,8.0,8.0,8.0,7.0,7.0,7.0,7.0,7.0,7.0,7.0,7.0,7.0,7.0,7.0,7.0,7.0,7.0,7.0,7.0
real,300,gulf,11,LSTM-rec,2,crossing,14,265,36,0.4674361193238785,35.0,35.0,35.0,34.0,34.0,34.0,34.0,34.0,34.0,34.0,34.0,34.0,34.0,34.0,34.0,34.0,34.0,34.0,34.0,34.0
real,300,gulf,11,LSTM-rec,2,crossing,15,274,12,0.47961229038257874,11.0,11.0,10.0,10.0,10.0,10.0,10.0,10.0,10.0,10.0,10.0,10.0,10.0,10.0,10.0,10.0,10.0,10.0,10.0,10.0
real,300,gulf,11,LSTM-rec,2,crossing,16,277,98,1.0133525018976584,97.0,96.0,95.0,95.0,94.0,94.0,93.0,93.0,93.0,93.0,93.0,93.0,93.0,93.0,93.0,93.0,93.0,93.0,93.0,93.0
real,300,gulf,11,LSTM-rec,2,crossing,17,279,8,0.879965094764683,7.0,7.0,6.0,6.0,6.0,6.0,6.0,6.0,6.0,6.0,6.0,6.0,6.0,6.0,6.0,6.0,6.0,6.0,6.0,6.0
real,300,gulf,11,LSTM-rec,2,crossing,18,357,196,1.1137592334625468,195.0,194.0,193.0,193.0,192.0,191.0,191.0,191.0,190.0,190.0,190.0,190.0,190.0,189.0,189.0,189.0,189.0,189.0,189.0,189.0
real,300,gulf,11,LSTM-rec,2,crossing,19,390,56,0.4951852240117614,55.0,54.0,54.0,53.0,53.0,53.0,53.0,53.0,53.0,53.0,53.0,53.0,53.0,53.0,53.0,53.0,53.0,53.0,53.0,53.0
real,300,gulf,11,LSTM-rec,2,crossing,20,394,159,1.0706275373090541,158.0,157.0,156.0,156.0,155.0,155.0,154.0,154.0,153.0,153.0,153.0,153.0,153.0,153.0,152.0,152.0,152.0,152.0,152.0,152.0
real,300,gulf,11,LSTM-rec,2,crossing,21,395,67,0.9245216066496497,66.0,65.0,65.0,65.0,65.0,64.0,64.0,64.0,64.0,64.0,64.0,64.0,64.0,64.0,64.0,64.0,64.0,64.0,64.0,64.0
real,300,gulf,11,LSTM-rec,2,crossing,22,407,181,0.8583357455416284,180.0,180.0,180.0,180.0,180.0,180.0,180.0,180.0,180.0,180.0,180.0,180.0,180.0,180.0,180.0,180.0,180.0,180.0,180.0,180.0
real,300,gulf,11,LSTM-rec,2,crossing,23,409,41,0.9185416608723219,40.0,39.0,39.0,38.0,38.0,38.0,38.0,38.0,38.0,38.0,38.0,38.0,38.0,38.0,38.0,38.0,38.0,38.0,38.0,38.0
real,300,gulf,11,LSTM-rec,2,crossing,24,413,315,0.4270002569880942,314.0,313.0,313.0,312.0,311.0,311.0,310.0,310.0,310.0,310.0,309.0,309.0,309.0,309.0,309.0,309.0,309.0,309.0,309.0,309.0
real,300,gulf,11,LSTM-rec,2,crossing,25,419,113,1.381933211240309,112.0,111.0,110.0,110.0,109.0,109.0,108.0,108.0,108.0,108.0,107.0,107.0,107.0,107.0,107.0,107.0,107.0,107.0,107.0,107.0
real,300,gulf,11,LSTM-rec,2,crossing,26,436,7,1.016159177296682,6.0,6.0,6.0,6.0,6.0,6.0,6.0,6.0,6.0,6.0,6.0,6.0,6.0,6.0,6.0,6.0,6.0,6.0,6.0,6.0
real,300,gulf,11,LSTM-rec,2,crossing,27,437,18,0.9626762189613476,17.0,16.0,16.0,15.0,14.0,14.0,14.0,13.0,13.0,13.0,13.0,13.0,13.0,13.0,13.0,13.0,13.0,13.0,13.0,13.0
real,300,gulf,11,LSTM-rec,2,crossing,28,449,107,0.7252759973203549,106.0,106.0,105.0,104.0,104.0,103.0,103.0,103.0,103.0,103.0,103.0,103.0,103.0,103.0,103.0,103.0,103.0,103.0,103.0,103.0
real,300,gulf,11,LSTM-rec,2,crossing,29,462,140,0.275217055136899,140.0,139.0,138.0,138.0,138.0,138.0,138.0,138.0,138.0,138.0,138.0,138.0,138.0,138.0,138.0,138.0,138.0,138.0,138.0,138.0
real,300,gulf,11,LSTM-rec,2,crossing,30,498,114,0.4597200508734812,113.0,113.0,112.0,112.0,112.0,112.0,112.0,112.0,112.0,112.0,112.0,112.0,112.0,112.0,112.0,112.0,112.0,112.0,112.0,112.0
real,300,gulf,11,LSTM-ms,2,buffer,0,19,394,0.8917053415156226,390.0,389.0,388.0,386.0,385.0,379.0,378.0,377.0,377.0,377.0,376.0,376.0,376.0,376.0,376.0,376.0,376.0,375.0,375.0,375.0
real,300,gulf,11,LSTM-ms,2,buffer,1,49,377,0.3680385695503958,374.0,374.0,373.0,373.0,372.0,371.0,371.0,370.0,370.0,369.0,369.0,368.0,368.0,367.0,367.0,367.0,366.0,366.0,366.0,365.0
real,300,gulf,11,LSTM-ms,2,buffer,2,62,121,1.2786629539358552,119.0,118.0,117.0,117.0,116.0,116.0,115.0,115.0,115.0,114.0,114.0,114.0,114.0,114.0,113.0,113.0,113.0,112.0,112.0,111.0
real,300,gulf,11,LSTM-ms,2,buffer,3,117,179,1.1893630132920272,176.0,175.0,174.0,174.0,173.0,173.0,172.0,172.0,171.0,170.0,170.0,170.0,169.0,169.0,168.0,168.0,168.0,167.0,167.0,167.0
real,300,gulf,11,LSTM-ms,2,buffer,4,125,84,1.4326964715792176,80.0,79.0,79.0,78.0,77.0,77.0,76.0,76.0,75.0,75.0,74.0,74.0,73.0,73.0,72.0,72.0,72.0,71.0,71.0,70.0
real,300,gulf,11,LSTM-ms,2,buffer,5,127,57,0.6362174321529197,55.0,54.0,53.0,53.0,52.0,52.0,51.0,51.0,51.0,51.0,50.0,50.0,50.0,50.0,50.0,50.0,50.0,50.0,50.0,49.0
real,300,gulf,11,LSTM-ms,2,buffer,6,141,61,0.2666983815026639,59.0,58.0,58.0,58.0,57.0,57.0,57.0,57.0,57.0,57.0,56.0,56.0,56.0,56.0,56.0,56.0,56.0,56.0,56.0,56.0
real,300,gulf,11,LSTM-ms,2,buffer,7,159,104,1.3376489578769835,96.0,95.0,94.0,93.0,93.0,92.0,92.0,91.0,91.0,90.0,89.0,88.0,87.0,86.0,85.0,85.0,84.0,84.0,83.0,83.0
real,300,gulf,11,LSTM-ms,2,buffer,8,173,48,0.9222179702465199,45.0,44.0,44.0,43.0,43.0,42.0,41.0,41.0,40.0,40.0,39.0,39.0,38.0,38.0,37.0,37.0,36.0,36.0,35.0,35.0
real,300,gulf,11,LSTM-ms,2,buffer,9,182,132,0.5048361242184066,125.0,125.0,122.0,121.0,120.0,120.0,119.0,119.0,118.0,118.0,117.0,117.0,116.0,116.0,116.0,115.0,115.0,114.0,114.0,114.0
real,300,gulf,11,LSTM-ms,2,buffer,10,200,44,0.6428980190146993,41.0,41.0,40.0,40.0,40.0,39.0,39.0,39.0,39.0,39.0,38.0,38.0,38.0,38.0,38.0,38.0,38.0,38.0,38.0,38.0
real,300,gulf,11,LSTM-ms,2,buffer,11,244,19,1.0425653493573712,15.0,15.0,15.0,15.0,15.0,15.0,15.0,14.0,14.0,14.0,14.0,14.0,14.0,14.0,14.0,14.0,14.0,14.0,14.0,14.0
real,300,gulf,11,LSTM-ms,2,buffer,12,261,54,0.9609979328840041,51.0,50.0,50.0,49.0,49.0,48.0,48.0,48.0,47.0,47.0,47.0,39.0,39.0,38.0,38.0,38.0,37.0,37.0,37.0,37.0
real,300,gulf,11,LSTM-ms,2,buffer,13,263,10,1.3784752528043216,6.0,6.0,6.0,6.0,6.0,6.0,6.0,6.0,6.0,6.0,6.0,6.0,6.0,6.0,6.0,6.0,6.0,6.0,6.0,6.0
real,300,gulf,11,LSTM-ms,2,buffer,14,265,36,0.4674361193238785,27.0,26.0,25.0,24.0,23.0,23.0,22.0,21.0,21.0,20.0,20.0,20.0,20.0,20.0,19.0,19.0,19.0,19.0,19.0,19.0
real,300,gulf,11,LSTM-ms,2,buffer,15,274,12,0.47961229038257874,6.0,6.0,6.0,6.0,6.0,6.0,6.0,6.0,6.0,6.0,6.0,6.0,6.0,6.0,6.0,6.0,6.0,6.0,6.0,6.0
real,300,gulf,11,LSTM-ms,2,buffer,16,277,98,1.0133525018976584,93.0,93.0,92.0,91.0,91.0,90.0,90.0,89.0,89.0,88.0,88.0,88.0,87.0,87.0,86.0,86.0,86.0,85.0,85.0,85.0
real,300,gulf,11,LSTM-ms,2,buffer,17,279,8,0.879965094764683,6.0,6.0,6.0,6.0,6.0,6.0,6.0,6.0,6.0,6.0,6.0,6.0,6.0,6.0,6.0,6.0,6.0,6.0,6.0,6.0
real,300,gulf,11,LSTM-ms,2,buffer,18,357,196,1.1137592334625468,193.0,192.0,191.0,191.0,190.0,190.0,189.0,189.0,188.0,188.0,187.0,187.0,186.0,186.0,185.0,185.0,184.0,184.0,184.0,183.0
real,300,gulf,11,LSTM-ms,2,buffer,19,390,56,0.4951852240117614,50.0,50.0,49.0,48.0,48.0,48.0,47.0,47.0,46.0,46.0,45.0,44.0,43.0,43.0,42.0,42.0,41.0,41.0,40.0,40.0
real,300,gulf,11,LSTM-ms,2,buffer,20,394,159,1.0706275373090541,156.0,155.0,154.0,154.0,153.0,153.0,152.0,152.0,151.0,151.0,150.0,150.0,150.0,149.0,149.0,148.0,148.0,147.0,147.0,147.0
real,300,gulf,11,LSTM-ms,2,buffer,21,395,67,0.9245216066496497,64.0,64.0,64.0,64.0,63.0,63.0,63.0,63.0,63.0,63.0,63.0,62.0,62.0,62.0,62.0,62.0,62.0,62.0,62.0,62.0
real,300,gulf,11,LSTM-ms,2,buffer,22,407,181,0.8583357455416284,170.0,169.0,168.0,168.0,167.0,167.0,167.0,166.0,166.0,151.0,151.0,150.0,149.0,149.0,149.0,148.0,148.0,148.0,147.0,147.0
real,300,gulf,11,LSTM-ms,2,buffer,23,409,41,0.9185416608723219,38.0,38.0,38.0,37.0,32.0,31.0,31.0,30.0,30.0,30.0,30.0,29.0,29.0,29.0,29.0,29.0,29.0,29.0,29.0,29.0
real,300,gulf,11,LSTM-ms,2,buffer,24,413,315,0.4270002569880942,312.0,312.0,311.0,310.0,310.0,309.0,309.0,309.0,308.0,308.0,308.0,308.0,307.0,307.0,307.0,307.0,307.0,307.0,307.0,307.0
real,300,gulf,11,LSTM-ms,2,buffer,25,419,113,1.381933211240309,110.0,109.0,108.0,108.0,107.0,106.0,106.0,105.0,104.0,104.0,103.0,103.0,102.0,102.0,102.0,101.0,101.0,101.0,100.0,100.0
real,300,gulf,11,LSTM-ms,2,buffer,26,436,7,1.016159177296682,6.0,6.0,6.0,6.0,6.0,6.0,6.0,6.0,6.0,6.0,6.0,6.0,6.0,6.0,6.0,6.0,6.0,6.0,6.0,6.0
real,300,gulf,11,LSTM-ms,2,buffer,27,437,18,0.9626762189613476,15.0,15.0,14.0,14.0,13.0,13.0,13.0,12.0,12.0,12.0,11.0,11.0,11.0,11.0,11.0,10.0,10.0,10.0,10.0,10.0
real,300,gulf,11,LSTM-ms,2,buffer,28,449,107,0.7252759973203549,103.0,102.0,101.0,100.0,100.0,99.0,98.0,98.0,97.0,97.0,96.0,96.0,96.0,95.0,95.0,94.0,94.0,93.0,93.0,93.0
real,300,gulf,11,LSTM-ms,2,buffer,29,462,140,0.275217055136899,140.0,139.0,138.0,137.0,137.0,136.0,136.0,135.0,134.0,133.0,133.0,132.0,131.0,131.0,130.0,130.0,129.0,129.0,129.0,128.0
real,300,gulf,11,LSTM-ms,2,buffer,30,498,114,0.4597200508734812,106.0,105.0,103.0,103.0,102.0,102.0,102.0,102.0,101.0,101.0,101.0,100.0,99.0,99.0,98.0,98.0,97.0,97.0,97.0,96.0
real,300,gulf,11,LSTM-ms,2,crossing,0,19,394,0.8917053415156226,394.0,393.0,393.0,392.0,392.0,392.0,392.0,392.0,392.0,379.0,378.0,377.0,377.0,377.0,377.0,376.0,376.0,376.0,376.0,376.0
real,300,gulf,11,LSTM-ms,2,crossing,1,49,377,0.3680385695503958,376.0,375.0,375.0,374.0,374.0,373.0,373.0,372.0,372.0,371.0,371.0,370.0,370.0,369.0,369.0,369.0,368.0,368.0,368.0,367.0
real,300,gulf,11,LSTM-ms,2,crossing,2,62,121,1.2786629539358552,121.0,120.0,119.0,119.0,118.0,118.0,117.0,117.0,116.0,116.0,116.0,115.0,115.0,115.0,114.0,114.0,114.0,114.0,114.0,114.0
real,300,gulf,11,LSTM-ms,2,crossing,3,117,179,1.1893630132920272,178.0,178.0,177.0,176.0,176.0,175.0,175.0,174.0,174.0,173.0,173.0,172.0,172.0,171.0,171.0,170.0,170.0,170.0,169.0,169.0
real,300,gulf,11,LSTM-ms,2,crossing,4,125,84,1.4326964715792176,83.0,82.0,82.0,81.0,80.0,80.0,79.0,78.0,78.0,77.0,77.0,76.0,76.0,75.0,75.0,75.0,74.0,74.0,74.0,73.0
real,300,gulf,11,LSTM-ms,2,crossing,5,127,57,0.6362174321529197,56.0,55.0,55.0,54.0,53.0,53.0,53.0,52.0,52.0,52.0,51.0,51.0,51.0,51.0,50.0,50.0,50.0,50.0,50.0,50.0
real,300,gulf,11,LSTM-ms,2,crossing,6,141,61,0.2666983815026639,61.0,60.0,60.0,59.0,59.0,59.0,58.0,58.0,58.0,58.0,57.0,57.0,57.0,57.0,57.0,57.0,57.0,57.0,57.0,57.0
real,300,gulf,11,LSTM-ms,2,crossing,7,159,104,1.3376489578769835,103.0,103.0,102.0,101.0,100.0,100.0,99.0,99.0,98.0,97.0,97.0,96.0,96.0,95.0,95.0,94.0,94.0,93.0,93.0,93.0
real,300,gulf,11,LSTM-ms,2,crossing,8,173,48,0.9222179702465199,47.0,47.0,46.0,45.0,45.0,44.0,44.0,43.0,43.0,42.0,42.0,41.0,41.0,40.0,40.0,39.0,39.0,39.0,38.0,38.0
real,300,gulf,11,LSTM-ms,2,crossing,9,182,132,0.5048361242184066,131.0,130.0,129.0,129.0,128.0,128.0,128.0,128.0,127.0,127.0,127.0,126.0,126.0,126.0,122.0,121.0,121.0,120.0,120.0,119.0
real,300,gulf,11,LSTM-ms,2,crossing,10,200,44,0.6428980190146993,43.0,42.0,42.0,41.0,41.0,41.0,40.0,40.0,40.0,40.0,40.0,39.0,39.0,39.0,39.0,39.0,39.0,39.0,39.0,38.0
real,300,gulf,11,LSTM-ms,2,crossing,11,244,19,1.0425653493573712,18.0,17.0,17.0,16.0,16.0,16.0,16.0,16.0,16.0,16.0,15.0,15.0,15.0,15.0,15.0,15.0,15.0,15.0,15.0,15.0
real,300,gulf,11,LSTM-ms,2,crossing,12,261,54,0.9609979328840041,53.0,53.0,52.0,51.0,51.0,51.0,50.0,50.0,49.0,49.0,49.0,48.0,48.0,48.0,48.0,47.0,39.0,38.0,38.0,38.0
real,300,gulf,11,LSTM-ms,2,crossing,13,263,10,1.3784752528043216,9.0,9.0,8.0,8.0,7.0,7.0,6.0,6.0,6.0,6.0,6.0,6.0,6.0,6.0,6.0,6.0,6.0,6.0,6.0,6.0
real,300,gulf,11,LSTM-ms,2,crossing,14,265,36,0.4674361193238785,36.0,35.0,34.0,33.0,33.0,32.0,31.0,31.0,30.0,29.0,28.0,26.0,24.0,23.0,23.0,22.0,22.0,21.0,21.0,20.0
real,300,gulf,11,LSTM-ms,2,crossing,15,274,12,0.47961229038257874,11.0,11.0,11.0,10.0,10.0,10.0,10.0,10.0,10.0,10.0,10.0,10.0,10.0,10.0,8.0,8.0,8.0,8.0,8.0,8.0
real,300,gulf,11,LSTM-ms,2,crossing,16,277,98,1.0133525018976584,97.0,96.0,95.0,95.0,94.0,93.0,93.0,92.0,92.0,91.0,91.0,91.0,90.0,90.0,89.0,89.0,89.0,88.0,88.0,88.0
real,300,gulf,11,LSTM-ms,2,crossing,17,279,8,0.879965094764683,8.0,7.0,7.0,6.0,6.0,6.0,6.0,6.0,6.0,6.0,6.0,6.0,6.0,6.0,6.0,6.0,6.0,6.0,6.0,6.0
real,300,gulf,11,LSTM-ms,2,crossing,18,357,196,1.1137592334625468,195.0,194.0,193.0,193.0,192.0,191.0,191.0,190.0,190.0,189.0,189.0,188.0,188.0,187.0,187.0,187.0,186.0,186.0,185.0,185.0
real,300,gulf,11,LSTM-ms,2,crossing,19,390,56,0.4951852240117614,55.0,54.0,54.0,53.0,52.0,52.0,52.0,51.0,51.0,50.0,50.0,50.0,49.0,49.0,49.0,49.0,48.0,48.0,48.0,48.0
real,300,gulf,11,LSTM-ms,2,crossing,20,394,159,1.0706275373090541,158.0,157.0,156.0,156.0,155.0,155.0,154.0,154.0,153.0,153.0,152.0,152.0,151.0,151.0,151.0,150.0,150.0,150.0,149.0,149.0
real,300,gulf,11,LSTM-ms,2,crossing,21,395,67,0.9245216066496497,66.0,66.0,65.0,65.0,65.0,65.0,64.0,64.0,64.0,64.0,64.0,64.0,64.0,64.0,64.0,63.0,63.0,63.0,63.0,63.0
real,300,gulf,11,LSTM-ms,2,crossing,22,407,181,0.8583357455416284,180.0,180.0,180.0,179.0,179.0,179.0,179.0,175.0,174.0,174.0,173.0,172.0,171.0,170.0,151.0,150.0,150.0,149.0,149.0,149.0
real,300,gulf,11,LSTM-ms,2,crossing,23,409,41,0.9185416608723219,40.0,40.0,39.0,39.0,39.0,38.0,38.0,38.0,32.0,31.0,31.0,31.0,30.0,30.0,30.0,30.0,30.0,29.0,29.0,29.0
real,300,gulf,11,LSTM-ms,2,crossing,24,413,315,0.4270002569880942,314.0,313.0,313.0,312.0,312.0,311.0,310.0,310.0,309.0,309.0,309.0,309.0,308.0,308.0,308.0,308.0,308.0,308.0,307.0,307.0
real,300,gulf,11,LSTM-ms,2,crossing,25,419,113,1.381933211240309,112.0,111.0,110.0,110.0,109.0,109.0,108.0,108.0,107.0,106.0,106.0,105.0,105.0,104.0,104.0,103.0,103.0,102.0,102.0,102.0
real,300,gulf,11,LSTM-ms,2,crossing,26,436,7,1.016159177296682,6.0,6.0,6.0,6.0,6.0,6.0,6.0,6.0,6.0,6.0,6.0,6.0,6.0,6.0,6.0,6.0,6.0,6.0,6.0,6.0
real,300,gulf,11,LSTM-ms,2,crossing,27,437,18,0.9626762189613476,17.0,16.0,16.0,15.0,15.0,14.0,14.0,14.0,13.0,13.0,13.0,13.0,12.0,12.0,12.0,11.0,11.0,11.0,11.0,11.0
real,300,gulf,11,LSTM-ms,2,crossing,28,449,107,0.7252759973203549,106.0,106.0,105.0,104.0,103.0,103.0,102.0,102.0,101.0,101.0,100.0,99.0,99.0,98.0,98.0,97.0,97.0,97.0,97.0,96.0
real,300,gulf,11,LSTM-ms,2,crossing,29,462,140,0.275217055136899,140.0,139.0,138.0,137.0,137.0,136.0,136.0,135.0,134.0,133.0,133.0,132.0,131.0,131.0,130.0,130.0,129.0,129.0,129.0,128.0
real,300,gulf,11,LSTM-ms,2,crossing,30,498,114,0.4597200508734812,113.0,113.0,112.0,111.0,110.0,110.0,109.0,109.0,108.0,108.0,106.0,105.0,104.0,103.0,103.0,102.0,102.0,102.0,102.0,102.0
real,300,gulf,11,LSTM-rec,3,buffer,0,19,394,0.8917053415156226,390.0,388.0,386.0,384.0,384.0,377.0,376.0,376.0,376.0,375.0,375.0,375.0,375.0,375.0,375.0,375.0,375.0,374.0,374.0,374.0
real,300,gulf,11,LSTM-rec,3,buffer,1,49,377,0.3680385695503958,374.0,374.0,373.0,372.0,371.0,371.0,370.0,369.0,369.0,368.0,367.0,367.0,366.0,366.0,366.0,365.0,365.0,364.0,364.0,363.0
real,300,gulf,11,LSTM-rec,3,buffer,2,62,121,1.2786629539358552,119.0,118.0,117.0,116.0,115.0,115.0,114.0,114.0,114.0,113.0,113.0,113.0,112.0,111.0,110.0,110.0,109.0,109.0,108.0,107.0
real,300,gulf,11,LSTM-rec,3,buffer,3,117,179,1.1893630132920272,176.0,175.0,174.0,173.0,173.0,172.0,171.0,170.0,169.0,169.0,168.0,168.0,167.0,166.0,166.0,166.0,165.0,163.0,163.0,162.0
real,300,gulf,11,LSTM-rec,3,buffer,4,125,84,1.4326964715792176,80.0,79.0,78.0,77.0,76.0,75.0,75.0,74.0,73.0,73.0,72.0,72.0,71.0,70.0,70.0,69.0,68.0,68.0,68.0,67.0
real,300,gulf,11,LSTM-rec,3,buffer,5,127,57,0.6362174321529197,54.0,54.0,53.0,52.0,51.0,51.0,50.0,50.0,50.0,50.0,49.0,49.0,49.0,49.0,49.0,49.0,49.0,49.0,49.0,47.0
real,300,gulf,11,LSTM-rec,3,buffer,6,141,61,0.2666983815026639,59.0,58.0,57.0,57.0,56.0,56.0,56.0,55.0,55.0,55.0,55.0,55.0,55.0,55.0,54.0,54.0,54.0,54.0,50.0,6.0
real,300,gulf,11,LSTM-rec,3,buffer,7,159,104,1.3376489578769835,95.0,94.0,93.0,92.0,91.0,90.0,89.0,87.0,85.0,84.0,83.0,82.0,81.0,80.0,79.0,78.0,77.0,77.0,76.0,75.0
real,300,gulf,11,LSTM-rec,3,buffer,8,173,48,0.9222179702465199,45.0,44.0,43.0,43.0,42.0,41.0,40.0,40.0,39.0,38.0,38.0,37.0,36.0,36.0,35.0,35.0,34.0,33.0,32.0,32.0
real,300,gulf,11,LSTM-rec,3,buffer,9,182,132,0.5048361242184066,125.0,122.0,121.0,120.0,118.0,117.0,117.0,116.0,115.0,113.0,112.0,112.0,111.0,111.0,110.0,110.0,110.0,107.0,105.0,104.0
real,300,gulf,11,LSTM-rec,3,buffer,10,200,44,0.6428980190146993,41.0,40.0,40.0,39.0,39.0,38.0,38.0,38.0,38.0,37.0,37.0,37.0,37.0,32.0,32.0,32.0,31.0,31.0,31.0,30.0
real,300,gulf,11,LSTM-rec,3,buffer,11,244,19,1.0425653493573712,15.0,15.0,14.0,14.0,14.0,14.0,14.0,14.0,13.0,13.0,6.0,6.0,6.0,6.0,6.0,6.0,6.0,6.0,6.0,6.0
real,300,gulf,11,LSTM-rec,3,buffer,12,261,54,0.9609979328840041,51.0,50.0,49.0,48.0,48.0,47.0,47.0,46.0,46.0,45.0,38.0,38.0,37.0,37.0,37.0,36.0,36.0,36.0,35.0,35.0
real,300,gulf,11,LSTM-rec,3,buffer,13,263,10,1.3784752528043216,6.0,6.0,6.0,6.0,6.0,6.0,6.0,6.0,6.0,6.0,6.0,6.0,6.0,6.0,6.0,6.0,6.0,6.0,6.0,6.0
real,300,gulf,11,LSTM-rec,3,buffer,14,265,36,0.4674361193238785,27.0,26.0,24.0,23.0,22.0,21.0,20.0,19.0,18.0,18.0,17.0,17.0,17.0,17.0,17.0,17.0,16.0,16.0,16.0,16.0
real,300,gulf,11,LSTM-rec,3,buffer,15,274,12,0.47961229038257874,6.0,6.0,6.0,6.0,6.0,6.0,6.0,6.0,6.0,6.0,6.0,6.0,6.0,6.0,6.0,6.0,6.0,6.0,6.0,6.0
real,300,gulf,11,LSTM-rec,3,buffer,16,277,98,1.0133525018976584,93.0,92.0,91.0,91.0,90.0,89.0,88.0,88.0,87.0,86.0,85.0,85.0,84.0,83.0,83.0,82.0,81.0,81.0,80.0,79.0
real,300,gulf,11,LSTM-rec,3,buffer,17,279,8,0.879965094764683,6.0,6.0,6.0,6.0,6.0,6.0,6.0,6.0,6.0,6.0,6.0,6.0,6.0,6.0,6.0,6.0,6.0,6.0,6.0,6.0
real,300,gulf,11,LSTM-rec,3,buffer,18,357,196,1.1137592334625468,193.0,192.0,191.0,190.0,190.0,189.0,188.0,188.0,187.0,187.0,186.0,186.0,185.0,185.0,184.0,184.0,183.0,183.0,183.0,182.0
real,300,gulf,11,LSTM-rec,3,buffer,19,390,56,0.4951852240117614,50.0,49.0,48.0,48.0,47.0,46.0,44.0,43.0,42.0,40.0,39.0,39.0,38.0,38.0,37.0,37.0,35.0,34.0,26.0,26.0
real,300,gulf,11,LSTM-rec,3,buffer,20,394,159,1.0706275373090541,156.0,155.0,154.0,153.0,152.0,152.0,151.0,151.0,150.0,149.0,149.0,148.0,148.0,147.0,147.0,146.0,146.0,145.0,145.0,144.0
real,300,gulf,11,LSTM-rec,3,buffer,21,395,67,0.9245216066496497,64.0,64.0,63.0,63.0,62.0,62.0,61.0,61.0,61.0,61.0,61.0,61.0,60.0,6.0,6.0,6.0,6.0,6.0,6.0,6.0
real,300,gulf,11,LSTM-rec,3,buffer,22,407,181,0.8583357455416284,169.0,168.0,167.0,167.0,166.0,164.0,163.0,151.0,150.0,149.0,149.0,148.0,148.0,147.0,147.0,146.0,146.0,145.0,145.0,144.0
real,300,gulf,11,LSTM-rec,3,buffer,23,409,41,0.9185416608723219,38.0,37.0,37.0,32.0,31.0,30.0,29.0,29.0,28.0,28.0,28.0,28.0,28.0,27.0,27.0,27.0,10.0,10.0,9.0,9.0
real,300,gulf,11,LSTM-rec,3,buffer,24,413,315,0.4270002569880942,312.0,311.0,311.0,310.0,309.0,308.0,308.0,307.0,307.0,306.0,306.0,306.0,306.0,306.0,305.0,305.0,305.0,305.0,305.0,305.0
real,300,gulf,11,LSTM-rec,3,buffer,25,419,113,1.381933211240309,109.0,109.0,108.0,107.0,106.0,105.0,104.0,104.0,103.0,102.0,102.0,101.0,101.0,100.0,100.0,99.0,99.0,98.0,98.0,97.0
real,300,gulf,11,LSTM-rec,3,buffer,26,436,7,1.016159177296682,6.0,6.0,6.0,6.0,6.0,6.0,6.0,6.0,6.0,6.0,6.0,6.0,6.0,6.0,6.0,6.0,6.0,6.0,6.0,6.0
real,300,gulf,11,LSTM-rec,3,buffer,27,437,18,0.9626762189613476,15.0,14.0,14.0,13.0,13.0,13.0,12.0,11.0,10.0,10.0,10.0,10.0,9.0,9.0,9.0,9.0,8.0,8.0,8.0,8.0
real,300,gulf,11,LSTM-rec,3,buffer,28,449,107,0.7252759973203549,102.0,101.0,101.0,100.0,99.0,98.0,97.0,96.0,96.0,95.0,94.0,93.0,93.0,92.0,91.0,90.0,90.0,89.0,88.0,88.0
real,300,gulf,11,LSTM-rec,3,buffer,29,462,140,0.275217055136899,139.0,138.0,137.0,136.0,135.0,134.0,133.0,132.0,131.0,130.0,129.0,128.0,127.0,126.0,126.0,125.0,125.0,125.0,124.0,124.0
real,300,gulf,11,LSTM-rec,3,buffer,30,498,114,0.4597200508734812,105.0,104.0,102.0,102.0,101.0,101.0,100.0,98.0,97.0,96.0,13.0,12.0,11.0,10.0,9.0,8.0,7.0,6.0,6.0,6.0
real,300,gulf,11,LSTM-rec,3,crossing,0,19,394,0.8917053415156226,394.0,393.0,392.0,392.0,392.0,391.0,391.0,389.0,377.0,376.0,376.0,376.0,375.0,375.0,375.0,375.0,375.0,375.0,375.0,375.0
real,300,gulf,11,LSTM-rec,3,crossing,1,49,377,0.3680385695503958,376.0,375.0,374.0,374.0,373.0,373.0,372.0,371.0,371.0,370.0,369.0,369.0,368.0,368.0,367.0,367.0,366.0,366.0,366.0,365.0
real,300,gulf,11,LSTM-rec,3,crossing,2,62,121,1.2786629539358552,120.0,120.0,119.0,118.0,118.0,117.0,116.0,115.0,115.0,114.0,114.0,114.0,114.0,114.0,113.0,113.0,113.0,112.0,111.0,110.0
real,300,gulf,11,LSTM-rec,3,crossing,3,117,179,1.1893630132920272,178.0,177.0,176.0,176.0,175.0,174.0,174.0,173.0,172.0,171.0,171.0,170.0,169.0,169.0,168.0,168.0,167.0,167.0,166.0,166.0
real,300,gulf,11,LSTM-rec,3,crossing,4,125,84,1.4326964715792176,83.0,82.0,81.0,80.0,80.0,79.0,78.0,77.0,76.0,75.0,75.0,74.0,73.0,73.0,72.0,72.0,71.0,71.0,70.0,69.0
real,300,gulf,11,LSTM-rec,3,crossing,5,127,57,0.6362174321529197,56.0,55.0,54.0,54.0,53.0,52.0,52.0,51.0,51.0,50.0,50.0,50.0,50.0,50.0,49.0,49.0,49.0,49.0,49.0,49.0
real,300,gulf,11,LSTM-rec,3,crossing,6,141,61,0.2666983815026639,61.0,60.0,59.0,59.0,58.0,58.0,57.0,57.0,56.0,56.0,56.0,56.0,55.0,55.0,55.0,55.0,55.0,55.0,55.0,55.0
real,300,gulf,11,LSTM-rec,3,crossing,7,159,104,1.3376489578769835,103.0,102.0,101.0,100.0,98.0,97.0,96.0,95.0,93.0,92.0,91.0,90.0,88.0,86.0,85.0,83.0,82.0,81.0,80.0,79.0
real,300,gulf,11,LSTM-rec,3,crossing,8,173,48,0.9222179702465199,47.0,46.0,46.0,45.0,44.0,43.0,43.0,42.0,41.0,41.0,40.0,39.0,39.0,38.0,38.0,37.0,36.0,36.0,35.0,35.0
real,300,gulf,11,LSTM-rec,3,crossing,9,182,132,0.5048361242184066,131.0,130.0,128.0,127.0,126.0,126.0,125.0,125.0,121.0,120.0,118.0,117.0,117.0,116.0,116.0,113.0,112.0,112.0,111.0,111.0
real,300,gulf,11,LSTM-rec,3,crossing,10,200,44,0.6428980190146993,43.0,42.0,41.0,40.0,40.0,40.0,39.0,39.0,39.0,38.0,38.0,38.0,38.0,38.0,37.0,37.0,37.0,37.0,32.0,32.0
real,300,gulf,11,LSTM-rec,3,crossing,11,244,19,1.0425653493573712,18.0,17.0,16.0,16.0,15.0,15.0,15.0,14.0,14.0,14.0,14.0,14.0,14.0,14.0,14.0,13.0,13.0,13.0,6.0,6.0
real,300,gulf,11,LSTM-rec,3,crossing,12,261,54,0.9609979328840041,53.0,52.0,52.0,51.0,50.0,50.0,49.0,48.0,48.0,47.0,47.0,46.0,46.0,39.0,38.0,38.0,37.0,37.0,37.0,36.0
real,300,gulf,11,LSTM-rec,3,crossing,13,263,10,1.3784752528043216,9.0,8.0,7.0,7.0,6.0,6.0,6.0,6.0,6.0,6.0,6.0,6.0,6.0,6.0,6.0,6.0,6.0,6.0,6.0,6.0
real,300,gulf,11,LSTM-rec,3,crossing,14,265,36,0.4674361193238785,35.0,34.0,33.0,32.0,30.0,29.0,28.0,26.0,23.0,23.0,22.0,20.0,19.0,19.0,18.0,18.0,17.0,17.0,17.0,17.0
real,300,gulf,11,LSTM-rec,3,crossing,15,274,12,0.47961229038257874,11.0,10.0,10.0,8.0,8.0,8.0,8.0,8.0,8.0,6.0,6.0,6.0,6.0,6.0,6.0,6.0,6.0,6.0,6.0,6.0
real,300,gulf,11,LSTM-rec,3,crossing,16,277,98,1.0133525018976584,97.0,96.0,95.0,94.0,93.0,92.0,91.0,91.0,90.0,89.0,88.0,88.0,87.0,87.0,86.0,85.0,85.0,84.0,83.0,83.0
real,300,gulf,11,LSTM-rec,3,crossing,17,279,8,0.879965094764683,7.0,7.0,6.0,6.0,6.0,6.0,6.0,6.0,6.0,6.0,6.0,6.0,6.0,6.0,6.0,6.0,6.0,6.0,6.0,6.0
real,300,gulf,11,LSTM-rec,3,crossing,18,357,196,1.1137592334625468,195.0,194.0,193.0,192.0,192.0,191.0,190.0,190.0,189.0,188.0,188.0,187.0,187.0,187.0,186.0,186.0,185.0,185.0,184.0,184.0
real,300,gulf,11,LSTM-rec,3,crossing,19,390,56,0.4951852240117614,55.0,54.0,53.0,52.0,51.0,50.0,49.0,49.0,48.0,48.0,47.0,46.0,45.0,43.0,42.0,40.0,39.0,39.0,38.0,38.0
real,300,gulf,11,LSTM-rec,3,crossing,20,394,159,1.0706275373090541,158.0,157.0,156.0,155.0,155.0,154.0,153.0,152.0,152.0,151.0,151.0,150.0,150.0,149.0,149.0,148.0,148.0,147.0,147.0,146.0
real,300,gulf,11,LSTM-rec,3,crossing,21,395,67,0.9245216066496497,66.0,65.0,65.0,64.0,64.0,64.0,63.0,63.0,63.0,63.0,62.0,62.0,61.0,61.0,61.0,61.0,61.0,61.0,61.0,60.0
real,300,gulf,11,LSTM-rec,3,crossing,22,407,181,0.8583357455416284,180.0,180.0,179.0,175.0,174.0,173.0,171.0,168.0,168.0,167.0,166.0,151.0,150.0,149.0,149.0,148.0,148.0,148.0,147.0,147.0
real,300,gulf,11,LSTM-rec,3,crossing,23,409,41,0.9185416608723219,40.0,39.0,39.0,38.0,38.0,38.0,37.0,32.0,30.0,29.0,29.0,28.0,28.0,28.0,28.0,28.0,28.0,27.0,27.0,27.0
real,300,gulf,11,LSTM-rec,3,crossing,24,413,315,0.4270002569880942,314.0,313.0,312.0,312.0,311.0,310.0,310.0,309.0,308.0,308.0,307.0,307.0,307.0,306.0,306.0,306.0,306.0,306.0,306.0,305.0
real,300,gulf,11,LSTM-rec,3,crossing,25,419,113,1.381933211240309,112.0,111.0,110.0,109.0,108.0,108.0,107.0,106.0,106.0,105.0,104.0,104.0,103.0,102.0,102.0,101.0,101.0,100.0,100.0,99.0
real,300,gulf,11,LSTM-rec,3,crossing,26,436,7,1.016159177296682,6.0,6.0,6.0,6.0,6.0,6.0,6.0,6.0,6.0,6.0,6.0,6.0,6.0,6.0,6.0,6.0,6.0,6.0,6.0,6.0
real,300,gulf,11,LSTM-rec,3,crossing,27,437,18,0.9626762189613476,17.0,16.0,15.0,15.0,14.0,14.0,13.0,13.0,13.0,12.0,12.0,11.0,10.0,10.0,10.0,10.0,10.0,9.0,9.0,9.0
real,300,gulf,11,LSTM-rec,3,crossing,28,449,107,0.7252759973203549,106.0,105.0,104.0,103.0,103.0,102.0,101.0,100.0,99.0,98.0,97.0,97.0,96.0,96.0,95.0,94.0,93.0,93.0,92.0,91.0
real,300,gulf,11,LSTM-rec,3,crossing,29,462,140,0.275217055136899,139.0,138.0,137.0,136.0,135.0,134.0,133.0,132.0,131.0,130.0,129.0,128.0,127.0,126.0,126.0,125.0,125.0,125.0,124.0,124.0
real,300,gulf,11,LSTM-rec,3,crossing,30,498,114,0.4597200508734812,113.0,112.0,111.0,110.0,109.0,107.0,106.0,103.0,102.0,102.0,101.0,101.0,100.0,98.0,97.0,96.0,13.0,13.0,11.0,10.0
real,300,gulf,11,LSTM-ms,3,buffer,0,19,394,0.8917053415156226,390.0,390.0,390.0,390.0,390.0,390.0,379.0,378.0,377.0,377.0,377.0,377.0,376.0,376.0,376.0,376.0,376.0,376.0,376.0,376.0
real,300,gulf,11,LSTM-ms,3,buffer,1,49,377,0.3680385695503958,375.0,374.0,373.0,373.0,372.0,372.0,372.0,371.0,371.0,370.0,370.0,369.0,369.0,369.0,368.0,368.0,368.0,367.0,367.0,367.0
real,300,gulf,11,LSTM-ms,3,buffer,2,62,121,1.2786629539358552,119.0,118.0,118.0,117.0,117.0,116.0,116.0,116.0,115.0,115.0,115.0,115.0,115.0,114.0,114.0,114.0,114.0,114.0,114.0,114.0
real,300,gulf,11,LSTM-ms,3,buffer,3,117,179,1.1893630132920272,176.0,175.0,175.0,174.0,174.0,174.0,173.0,173.0,172.0,172.0,171.0,171.0,171.0,170.0,170.0,170.0,169.0,169.0,169.0,169.0
real,300,gulf,11,LSTM-ms,3,buffer,4,125,84,1.4326964715792176,80.0,80.0,79.0,78.0,78.0,78.0,77.0,77.0,76.0,76.0,75.0,75.0,75.0,74.0,74.0,74.0,74.0,73.0,73.0,73.0
real,300,gulf,11,LSTM-ms,3,buffer,5,127,57,0.6362174321529197,55.0,54.0,53.0,53.0,52.0,52.0,52.0,51.0,51.0,51.0,51.0,51.0,50.0,50.0,50.0,50.0,50.0,50.0,50.0,50.0
real,300,gulf,11,LSTM-ms,3,buffer,6,141,61,0.2666983815026639,59.0,59.0,58.0,58.0,58.0,57.0,57.0,57.0,57.0,57.0,57.0,57.0,57.0,57.0,57.0,56.0,56.0,56.0,56.0,56.0
real,300,gulf,11,LSTM-ms,3,buffer,7,159,104,1.3376489578769835,96.0,95.0,95.0,95.0,95.0,94.0,94.0,94.0,94.0,94.0,93.0,93.0,93.0,92.0,92.0,92.0,92.0,91.0,91.0,91.0
real,300,gulf,11,LSTM-ms,3,buffer,8,173,48,0.9222179702465199,45.0,45.0,44.0,44.0,43.0,43.0,42.0,42.0,42.0,41.0,41.0,40.0,40.0,39.0,39.0,39.0,38.0,38.0,38.0,37.0
real,300,gulf,11,LSTM-ms,3,buffer,9,182,132,0.5048361242184066,125.0,125.0,125.0,125.0,125.0,122.0,122.0,122.0,121.0,121.0,121.0,120.0,120.0,119.0,119.0,119.0,118.0,118.0,118.0,118.0
real,300,gulf,11,LSTM-ms,3,buffer,10,200,44,0.6428980190146993,41.0,41.0,40.0,40.0,40.0,40.0,39.0,39.0,39.0,39.0,39.0,39.0,39.0,39.0,38.0,38.0,38.0,38.0,38.0,38.0
real,300,gulf,11,LSTM-ms,3,buffer,11,244,19,1.0425653493573712,16.0,15.0,15.0,15.0,15.0,15.0,15.0,15.0,15.0,15.0,15.0,15.0,15.0,15.0,15.0,15.0,15.0,15.0,15.0,15.0
real,300,gulf,11,LSTM-ms,3,buffer,12,261,54,0.9609979328840041,51.0,50.0,50.0,50.0,49.0,49.0,49.0,49.0,48.0,48.0,48.0,48.0,47.0,47.0,39.0,39.0,38.0,38.0,38.0,38.0
real,300,gulf,11,LSTM-ms,3,buffer,13,263,10,1.3784752528043216,6.0,6.0,6.0,6.0,6.0,6.0,6.0,6.0,6.0,6.0,6.0,6.0,6.0,6.0,6.0,6.0,6.0,6.0,6.0,6.0
real,300,gulf,11,LSTM-ms,3,buffer,14,265,36,0.4674361193238785,27.0,27.0,26.0,26.0,25.0,24.0,24.0,24.0,23.0,23.0,22.0,22.0,21.0,21.0,21.0,20.0,20.0,20.0,20.0,20.0
real,300,gulf,11,LSTM-ms,3,buffer,15,274,12,0.47961229038257874,6.0,6.0,6.0,6.0,6.0,6.0,6.0,6.0,6.0,6.0,6.0,6.0,6.0,6.0,6.0,6.0,6.0,6.0,6.0,6.0
real,300,gulf,11,LSTM-ms,3,buffer,16,277,98,1.0133525018976584,94.0,93.0,92.0,92.0,92.0,91.0,91.0,91.0,90.0,90.0,90.0,89.0,89.0,89.0,88.0,88.0,88.0,88.0,87.0,87.0
real,300,gulf,11,LSTM-ms,3,buffer,17,279,8,0.879965094764683,6.0,6.0,6.0,6.0,6.0,6.0,6.0,6.0,6.0,6.0,6.0,6.0,6.0,6.0,6.0,6.0,6.0,6.0,6.0,6.0
real,300,gulf,11,LSTM-ms,3,buffer,18,357,196,1.1137592334625468,193.0,192.0,192.0,191.0,191.0,190.0,190.0,189.0,189.0,189.0,188.0,188.0,187.0,187.0,186.0,186.0,186.0,185.0,185.0,185.0
real,300,gulf,11,LSTM-ms,3,buffer,19,390,56,0.4951852240117614,50.0,50.0,50.0,49.0,49.0,49.0,49.0,49.0,49.0,48.0,48.0,48.0,48.0,48.0,48.0,47.0,47.0,47.0,47.0,46.0
real,300,gulf,11,LSTM-ms,3,buffer,20,394,159,1.0706275373090541,156.0,155.0,155.0,154.0,154.0,153.0,153.0,153.0,152.0,152.0,151.0,151.0,151.0,150.0,150.0,150.0,150.0,149.0,149.0,149.0
real,300,gulf,11,LSTM-ms,3,buffer,21,395,67,0.9245216066496497,64.0,64.0,64.0,64.0,64.0,64.0,64.0,64.0,63.0,63.0,63.0,63.0,63.0,63.0,63.0,63.0,63.0,63.0,63.0,63.0
real,300,gulf,11,LSTM-ms,3,buffer,22,407,181,0.8583357455416284,170.0,169.0,169.0,169.0,169.0,169.0,169.0,169.0,168.0,168.0,168.0,168.0,151.0,151.0,150.0,150.0,149.0,149.0,149.0,149.0
real,300,gulf,11,LSTM-ms,3,buffer,23,409,41,0.9185416608723219,38.0,38.0,38.0,38.0,38.0,32.0,31.0,31.0,30.0,30.0,30.0,30.0,30.0,29.0,29.0,29.0,29.0,29.0,29.0,29.0
real,300,gulf,11,LSTM-ms,3,buffer,24,413,315,0.4270002569880942,312.0,312.0,311.0,311.0,310.0,310.0,309.0,309.0,309.0,308.0,308.0,308.0,308.0,308.0,307.0,307.0,307.0,307.0,307.0,307.0
real,300,gulf,11,LSTM-ms,3,buffer,25,419,113,1.381933211240309,110.0,109.0,108.0,108.0,107.0,107.0,107.0,106.0,106.0,105.0,105.0,104.0,104.0,104.0,103.0,103.0,102.0,102.0,102.0,101.0
real,300,gulf,11,LSTM-ms,3,buffer,26,436,7,1.016159177296682,6.0,6.0,6.0,6.0,6.0,6.0,6.0,6.0,6.0,6.0,6.0,6.0,6.0,6.0,6.0,6.0,6.0,6.0,6.0,6.0
real,300,gulf,11,LSTM-ms,3,buffer,27,437,18,0.9626762189613476,16.0,15.0,14.0,14.0,14.0,13.0,13.0,13.0,13.0,12.0,12.0,12.0,12.0,11.0,11.0,11.0,11.0,11.0,11.0,10.0
real,300,gulf,11,LSTM-ms,3,buffer,28,449,107,0.7252759973203549,103.0,102.0,102.0,101.0,101.0,100.0,100.0,100.0,99.0,99.0,98.0,98.0,98.0,97.0,97.0,97.0,96.0,96.0,96.0,96.0
real,300,gulf,11,LSTM-ms,3,buffer,29,462,140,0.275217055136899,140.0,139.0,139.0,139.0,138.0,138.0,138.0,138.0,137.0,137.0,137.0,136.0,136.0,135.0,134.0,134.0,133.0,133.0,133.0,132.0
real,300,gulf,11,LSTM-ms,3,buffer,30,498,114,0.4597200508734812,106.0,105.0,105.0,104.0,104.0,104.0,103.0,103.0,103.0,103.0,102.0,102.0,102.0,102.0,102.0,102.0,101.0,101.0,101.0,101.0
real,300,gulf,11,LSTM-ms,3,crossing,0,19,394,0.8917053415156226,394.0,393.0,393.0,393.0,393.0,393.0,393.0,392.0,392.0,392.0,392.0,378.0,378.0,377.0,377.0,377.0,377.0,377.0,376.0,376.0
real,300,gulf,11,LSTM-ms,3,crossing,1,49,377,0.3680385695503958,376.0,376.0,375.0,375.0,374.0,374.0,374.0,373.0,373.0,372.0,372.0,371.0,371.0,371.0,370.0,370.0,370.0,369.0,369.0,369.0
real,300,gulf,11,LSTM-ms,3,crossing,2,62,121,1.2786629539358552,121.0,120.0,119.0,119.0,119.0,118.0,118.0,118.0,117.0,117.0,117.0,116.0,116.0,116.0,115.0,115.0,115.0,115.0,115.0,115.0
real,300,gulf,11,LSTM-ms,3,crossing,3,117,179,1.1893630132920272,178.0,178.0,177.0,177.0,176.0,176.0,175.0,175.0,175.0,174.0,174.0,174.0,173.0,173.0,173.0,172.0,172.0,172.0,171.0,171.0
real,300,gulf,11,LSTM-ms,3,crossing,4,125,84,1.4326964715792176,83.0,83.0,82.0,82.0,81.0,81.0,80.0,80.0,79.0,79.0,78.0,78.0,78.0,77.0,77.0,76.0,76.0,76.0,76.0,75.0
real,300,gulf,11,LSTM-ms,3,crossing,5,127,57,0.6362174321529197,56.0,56.0,55.0,54.0,54.0,53.0,53.0,53.0,52.0,52.0,52.0,51.0,51.0,51.0,51.0,51.0,51.0,51.0,50.0,50.0
real,300,gulf,11,LSTM-ms,3,crossing,6,141,61,0.2666983815026639,61.0,60.0,60.0,60.0,59.0,59.0,59.0,59.0,58.0,58.0,58.0,58.0,58.0,57.0,57.0,57.0,57.0,57.0,57.0,57.0
real,300,gulf,11,LSTM-ms,3,crossing,7,159,104,1.3376489578769835,104.0,103.0,103.0,103.0,102.0,102.0,102.0,102.0,102.0,102.0,102.0,101.0,101.0,101.0,100.0,100.0,100.0,99.0,99.0,99.0
real,300,gulf,11,LSTM-ms,3,crossing,8,173,48,0.9222179702465199,48.0,47.0,46.0,46.0,45.0,45.0,45.0,44.0,44.0,44.0,43.0,43.0,43.0,42.0,42.0,41.0,41.0,41.0,40.0,40.0
real,300,gulf,11,LSTM-ms,3,crossing,9,182,132,0.5048361242184066,132.0,131.0,130.0,130.0,130.0,129.0,129.0,129.0,129.0,129.0,128.0,128.0,128.0,128.0,128.0,128.0,127.0,127.0,127.0,127.0
real,300,gulf,11,LSTM-ms,3,crossing,10,200,44,0.6428980190146993,43.0,42.0,42.0,41.0,41.0,41.0,41.0,40.0,40.0,40.0,40.0,40.0,40.0,40.0,39.0,39.0,39.0,39.0,39.0,39.0
real,300,gulf,11,LSTM-ms,3,crossing,11,244,19,1.0425653493573712,18.0,17.0,17.0,17.0,17.0,16.0,16.0,16.0,16.0,16.0,16.0,16.0,16.0,16.0,16.0,16.0,15.0,15.0,15.0,15.0
real,300,gulf,11,LSTM-ms,3,crossing,12,261,54,0.9609979328840041,53.0,53.0,52.0,52.0,52.0,51.0,51.0,51.0,51.0,50.0,50.0,50.0,49.0,49.0,49.0,49.0,49.0,49.0,48.0,39.0
real,300,gulf,11,LSTM-ms,3,crossing,13,263,10,1.3784752528043216,9.0,9.0,8.0,8.0,8.0,8.0,8.0,7.0,7.0,7.0,7.0,6.0,6.0,6.0,6.0,6.0,6.0,6.0,6.0,6.0
real,300,gulf,11,LSTM-ms,3,crossing,14,265,36,0.4674361193238785,36.0,35.0,35.0,35.0,35.0,35.0,35.0,35.0,35.0,34.0,34.0,34.0,33.0,33.0,32.0,32.0,32.0,31.0,31.0,30.0
real,300,gulf,11,LSTM-ms,3,crossing,15,274,12,0.47961229038257874,11.0,11.0,11.0,11.0,11.0,11.0,11.0,11.0,11.0,11.0,11.0,11.0,11.0,11.0,11.0,11.0,10.0,10.0,10.0,10.0
real,300,gulf,11,LSTM-ms,3,crossing,16,277,98,1.0133525018976584,97.0,96.0,96.0,95.0,95.0,94.0,94.0,94.0,93.0,93.0,93.0,92.0,92.0,92.0,91.0,91.0,91.0,91.0,90.0,90.0
real,300,gulf,11,LSTM-ms,3,crossing,17,279,8,0.879965094764683,8.0,7.0,7.0,6.0,6.0,6.0,6.0,6.0,6.0,6.0,6.0,6.0,6.0,6.0,6.0,6.0,6.0,6.0,6.0,6.0
real,300,gulf,11,LSTM-ms,3,crossing,18,357,196,1.1137592334625468,195.0,194.0,194.0,193.0,193.0,192.0,192.0,191.0,191.0,190.0,190.0,189.0,189.0,189.0,188.0,188.0,187.0,187.0,187.0,187.0
real,300,gulf,11,LSTM-ms,3,crossing,19,390,56,0.4951852240117614,55.0,55.0,54.0,54.0,54.0,53.0,53.0,53.0,53.0,52.0,52.0,52.0,51.0,51.0,51.0,51.0,50.0,50.0,50.0,50.0
real,300,gulf,11,LSTM-ms,3,crossing,20,394,159,1.0706275373090541,158.0,157.0,157.0,156.0,156.0,155.0,155.0,155.0,154.0,154.0,153.0,153.0,153.0,152.0,152.0,152.0,151.0,151.0,151.0,151.0
real,300,gulf,11,LSTM-ms,3,crossing,21,395,67,0.9245216066496497,66.0,66.0,65.0,65.0,65.0,65.0,65.0,65.0,65.0,65.0,64.0,64.0,64.0,64.0,64.0,64.0,64.0,64.0,64.0,64.0
real,300,gulf,11,LSTM-ms,3,crossing,22,407,181,0.8583357455416284,181.0,180.0,180.0,180.0,180.0,180.0,180.0,180.0,180.0,180.0,180.0,180.0,180.0,180.0,180.0,180.0,180.0,180.0,151.0,151.0
real,300,gulf,11,LSTM-ms,3,crossing,23,409,41,0.9185416608723219,40.0,40.0,39.0,39.0,39.0,39.0,39.0,38.0,38.0,38.0,38.0,32.0,31.0,31.0,30.0,30.0,30.0,30.0,30.0,30.0
real,300,gulf,11,LSTM-ms,3,crossing,24,413,315,0.4270002569880942,314.0,314.0,313.0,312.0,312.0,312.0,311.0,311.0,310.0,310.0,309.0,309.0,309.0,309.0,308.0,308.0,308.0,308.0,308.0,308.0
real,300,gulf,11,LSTM-ms,3,crossing,25,419,113,1.381933211240309,112.0,111.0,111.0,110.0,110.0,109.0,109.0,109.0,108.0,108.0,107.0,107.0,106.0,106.0,105.0,105.0,105.0,104.0,104.0,104.0
real,300,gulf,11,LSTM-ms,3,crossing,26,436,7,1.016159177296682,6.0,6.0,6.0,6.0,6.0,6.0,6.0,6.0,6.0,6.0,6.0,6.0,6.0,6.0,6.0,6.0,6.0,6.0,6.0,6.0
real,300,gulf,11,LSTM-ms,3,crossing,27,437,18,0.9626762189613476,17.0,17.0,16.0,16.0,15.0,15.0,14.0,14.0,14.0,14.0,13.0,13.0,13.0,13.0,13.0,12.0,12.0,12.0,12.0,11.0
real,300,gulf,11,LSTM-ms,3,crossing,28,449,107,0.7252759973203549,106.0,106.0,105.0,105.0,105.0,104.0,104.0,103.0,103.0,103.0,102.0,102.0,101.0,101.0,100.0,100.0,100.0,99.0,99.0,99.0
real,300,gulf,11,LSTM-ms,3,crossing,29,462,140,0.275217055136899,140.0,139.0,139.0,139.0,138.0,138.0,138.0,138.0,137.0,137.0,137.0,136.0,136.0,135.0,134.0,134.0,133.0,133.0,133.0,132.0
real,300,gulf,11,LSTM-ms,3,crossing,30,498,114,0.4597200508734812,113.0,113.0,113.0,113.0,112.0,112.0,112.0,112.0,112.0,112.0,111.0,111.0,111.0,110.0,110.0,110.0,109.0,109.0,109.0,109.0
real,300,gulf,11,LSTM-rec,4,buffer,0,19,394,0.8917053415156226,390.0,390.0,390.0,390.0,390.0,390.0,390.0,390.0,390.0,390.0,390.0,390.0,390.0,390.0,390.0,390.0,390.0,390.0,390.0,390.0
real,300,gulf,11,LSTM-rec,4,buffer,1,49,377,0.3680385695503958,374.0,374.0,373.0,373.0,373.0,373.0,372.0,372.0,372.0,372.0,372.0,372.0,372.0,372.0,372.0,372.0,372.0,372.0,372.0,372.0
real,300,gulf,11,LSTM-rec,4,buffer,2,62,121,1.2786629539358552,119.0,118.0,118.0,117.0,117.0,117.0,117.0,117.0,117.0,117.0,117.0,117.0,117.0,117.0,117.0,117.0,117.0,117.0,117.0,117.0
real,300,gulf,11,LSTM-rec,4,buffer,3,117,179,1.1893630132920272,176.0,175.0,175.0,175.0,174.0,174.0,174.0,174.0,174.0,174.0,174.0,174.0,174.0,174.0,174.0,174.0,174.0,174.0,174.0,174.0
real,300,gulf,11,LSTM-rec,4,buffer,4,125,84,1.4326964715792176,80.0,80.0,79.0,79.0,79.0,79.0,79.0,79.0,79.0,79.0,79.0,79.0,79.0,79.0,79.0,79.0,79.0,79.0,79.0,79.0
real,300,gulf,11,LSTM-rec,4,buffer,5,127,57,0.6362174321529197,55.0,54.0,53.0,53.0,52.0,52.0,52.0,52.0,52.0,52.0,52.0,52.0,52.0,52.0,52.0,52.0,52.0,52.0,52.0,52.0
real,300,gulf,11,LSTM-rec,4,buffer,6,141,61,0.2666983815026639,59.0,58.0,58.0,58.0,58.0,57.0,57.0,57.0,57.0,57.0,57.0,57.0,57.0,57.0,57.0,57.0,57.0,57.0,57.0,57.0
real,300,gulf,11,LSTM-rec,4,buffer,7,159,104,1.3376489578769835,96.0,96.0,96.0,96.0,96.0,96.0,96.0,96.0,96.0,96.0,96.0,96.0,96.0,96.0,96.0,96.0,96.0,96.0,96.0,96.0
real,300,gulf,11,LSTM-rec,4,buffer,8,173,48,0.9222179702465199,45.0,45.0,44.0,44.0,44.0,44.0,44.0,44.0,44.0,44.0,44.0,44.0,44.0,44.0,44.0,44.0,44.0,44.0,44.0,44.0
real,300,gulf,11,LSTM-rec,4,buffer,9,182,132,0.5048361242184066,125.0,125.0,125.0,125.0,125.0,125.0,125.0,125.0,125.0,125.0,125.0,125.0,125.0,125.0,125.0,125.0,125.0,125.0,125.0,125.0
real,300,gulf,11,LSTM-rec,4,buffer,10,200,44,0.6428980190146993,41.0,40.0,40.0,40.0,40.0,40.0,40.0,40.0,40.0,40.0,40.0,40.0,40.0,40.0,40.0,40.0,40.0,40.0,40.0,40.0
real,300,gulf,11,LSTM-rec,4,buffer,11,244,19,1.0425653493573712,15.0,15.0,15.0,15.0,15.0,15.0,15.0,15.0,15.0,15.0,15.0,15.0,15.0,15.0,15.0,15.0,15.0,15.0,15.0,15.0
real,300,gulf,11,LSTM-rec,4,buffer,12,261,54,0.9609979328840041,51.0,50.0,50.0,50.0,50.0,50.0,50.0,50.0,50.0,50.0,50.0,50.0,50.0,50.0,50.0,50.0,50.0,50.0,50.0,50.0
real,300,gulf,11,LSTM-rec,4,buffer,13,263,10,1.3784752528043216,6.0,6.0,6.0,6.0,6.0,6.0,6.0,6.0,6.0,6.0,6.0,6.0,6.0,6.0,6.0,6.0,6.0,6.0,6.0,6.0
real,300,gulf,11,LSTM-rec,4,buffer,14,265,36,0.4674361193238785,27.0,27.0,27.0,27.0,27.0,27.0,27.0,27.0,27.0,27.0,27.0,27.0,27.0,27.0,27.0,27.0,27.0,27.0,27.0,27.0
real,300,gulf,11,LSTM-rec,4,buffer,15,274,12,0.47961229038257874,6.0,6.0,6.0,6.0,6.0,6.0,6.0,6.0,6.0,6.0,6.0,6.0,6.0,6.0,6.0,6.0,6.0,6.0,6.0,6.0
real,300,gulf,11,LSTM-rec,4,buffer,16,277,98,1.0133525018976584,93.0,93.0,93.0,92.0,92.0,92.0,92.0,92.0,92.0,92.0,92.0,92.0,92.0,92.0,92.0,92.0,92.0,92.0,92.0,92.0
real,300,gulf,11,LSTM-rec,4,buffer,17,279,8,0.879965094764683,6.0,6.0,6.0,6.0,6.0,6.0,6.0,6.0,6.0,6.0,6.0,6.0,6.0,6.0,6.0,6.0,6.0,6.0,6.0,6.0
real,300,gulf,11,LSTM-rec,4,buffer,18,357,196,1.1137592334625468,193.0,192.0,192.0,191.0,191.0,191.0,190.0,190.0,190.0,190.0,190.0,190.0,190.0,190.0,190.0,190.0,190.0,190.0,190.0,190.0
real,300,gulf,11,LSTM-rec,4,buffer,19,390,56,0.4951852240117614,50.0,50.0,50.0,50.0,50.0,50.0,50.0,50.0,50.0,50.0,50.0,50.0,50.0,50.0,50.0,50.0,50.0,50.0,50.0,50.0
real,300,gulf,11,LSTM-rec,4,buffer,20,394,159,1.0706275373090541,156.0,155.0,155.0,154.0,154.0,154.0,154.0,154.0,154.0,154.0,154.0,154.0,154.0,154.0,154.0,154.0,154.0,154.0,154.0,154.0
real,300,gulf,11,LSTM-rec,4,buffer,21,395,67,0.9245216066496497,64.0,64.0,64.0,64.0,64.0,64.0,64.0,64.0,64.0,64.0,64.0,64.0,64.0,64.0,64.0,64.0,64.0,64.0,64.0,64.0
real,300,gulf,11,LSTM-rec,4,buffer,22,407,181,0.8583357455416284,170.0,170.0,170.0,170.0,170.0,170.0,170.0,170.0,170.0,170.0,170.0,170.0,170.0,170.0,170.0,170.0,170.0,170.0,170.0,170.0
real,300,gulf,11,LSTM-rec,4,buffer,23,409,41,0.9185416608723219,38.0,38.0,38.0,38.0,38.0,38.0,38.0,38.0,38.0,38.0,38.0,38.0,38.0,38.0,38.0,38.0,38.0,38.0,38.0,38.0
real,300,gulf,11,LSTM-rec,4,buffer,24,413,315,0.4270002569880942,312.0,312.0,311.0,311.0,310.0,310.0,310.0,310.0,310.0,310.0,310.0,310.0,310.0,310.0,310.0,310.0,310.0,310.0,310.0,310.0
real,300,gulf,11,LSTM-rec,4,buffer,25,419,113,1.381933211240309,110.0,109.0,109.0,108.0,108.0,108.0,108.0,108.0,108.0,108.0,108.0,108.0,108.0,108.0,108.0,108.0,108.0,108.0,108.0,108.0
real,300,gulf,11,LSTM-rec,4,buffer,26,436,7,1.016159177296682,6.0,6.0,6.0,6.0,6.0,6.0,6.0,6.0,6.0,6.0,6.0,6.0,6.0,6.0,6.0,6.0,6.0,6.0,6.0,6.0
real,300,gulf,11,LSTM-rec,4,buffer,27,437,18,0.9626762189613476,15.0,15.0,14.0,14.0,14.0,13.0,13.0,13.0,13.0,13.0,13.0,13.0,13.0,13.0,13.0,13.0,13.0,13.0,13.0,13.0
real,300,gulf,11,LSTM-rec,4,buffer,28,449,107,0.7252759973203549,103.0,102.0,102.0,102.0,102.0,102.0,102.0,102.0,102.0,102.0,102.0,102.0,102.0,102.0,102.0,102.0,102.0,102.0,102.0,102.0
real,300,gulf,11,LSTM-rec,4,buffer,29,462,140,0.275217055136899,140.0,139.0,139.0,139.0,139.0,139.0,139.0,139.0,139.0,139.0,139.0,139.0,139.0,139.0,139.0,139.0,139.0,139.0,139.0,139.0
real,300,gulf,11,LSTM-rec,4,buffer,30,498,114,0.4597200508734812,106.0,106.0,106.0,106.0,106.0,106.0,106.0,106.0,106.0,106.0,106.0,106.0,106.0,106.0,106.0,106.0,106.0,106.0,106.0,106.0
real,300,gulf,11,LSTM-rec,4,crossing,0,19,394,0.8917053415156226,394.0,393.0,393.0,393.0,393.0,393.0,393.0,393.0,393.0,393.0,393.0,393.0,393.0,393.0,393.0,393.0,393.0,393.0,393.0,393.0
real,300,gulf,11,LSTM-rec,4,crossing,1,49,377,0.3680385695503958,376.0,375.0,375.0,375.0,374.0,374.0,374.0,374.0,374.0,374.0,374.0,374.0,374.0,374.0,374.0,374.0,374.0,374.0,374.0,374.0
real,300,gulf,11,LSTM-rec,4,crossing,2,62,121,1.2786629539358552,121.0,120.0,119.0,119.0,119.0,119.0,118.0,118.0,118.0,118.0,118.0,118.0,118.0,118.0,118.0,118.0,118.0,118.0,118.0,118.0
real,300,gulf,11,LSTM-rec,4,crossing,3,117,179,1.1893630132920272,178.0,178.0,177.0,177.0,177.0,177.0,177.0,177.0,177.0,177.0,177.0,177.0,177.0,177.0,177.0,177.0,177.0,177.0,177.0,177.0
real,300,gulf,11,LSTM-rec,4,crossing,4,125,84,1.4326964715792176,83.0,83.0,82.0,82.0,82.0,82.0,82.0,82.0,82.0,82.0,82.0,82.0,82.0,82.0,82.0,82.0,82.0,82.0,82.0,82.0
real,300,gulf,11,LSTM-rec,4,crossing,5,127,57,0.6362174321529197,56.0,55.0,55.0,55.0,54.0,54.0,54.0,54.0,54.0,54.0,54.0,54.0,54.0,54.0,54.0,54.0,54.0,54.0,54.0,54.0
real,300,gulf,11,LSTM-rec,4,crossing,6,141,61,0.2666983815026639,61.0,60.0,60.0,60.0,59.0,59.0,59.0,59.0,59.0,59.0,59.0,59.0,59.0,59.0,59.0,59.0,59.0,59.0,59.0,59.0
real,300,gulf,11,LSTM-rec,4,crossing,7,159,104,1.3376489578769835,103.0,103.0,103.0,103.0,103.0,103.0,103.0,103.0,103.0,103.0,103.0,103.0,103.0,103.0,103.0,103.0,103.0,103.0,103.0,103.0
real,300,gulf,11,LSTM-rec,4,crossing,8,173,48,0.9222179702465199,48.0,47.0,46.0,46.0,46.0,46.0,46.0,46.0,46.0,46.0,46.0,46.0,46.0,46.0,46.0,46.0,46.0,46.0,46.0,46.0
real,300,gulf,11,LSTM-rec,4,crossing,9,182,132,0.5048361242184066,132.0,131.0,131.0,131.0,131.0,131.0,131.0,131.0,131.0,131.0,131.0,131.0,131.0,131.0,131.0,131.0,131.0,131.0,131.0,131.0
real,300,gulf,11,LSTM-rec,4,crossing,10,200,44,0.6428980190146993,43.0,42.0,42.0,41.0,41.0,41.0,41.0,41.0,41.0,41.0,41.0,41.0,41.0,41.0,41.0,41.0,41.0,41.0,41.0,41.0
real,300,gulf,11,LSTM-rec,4,crossing,11,244,19,1.0425653493573712,18.0,17.0,17.0,17.0,16.0,16.0,16.0,16.0,16.0,16.0,16.0,16.0,16.0,16.0,16.0,16.0,16.0,16.0,16.0,16.0
real,300,gulf,11,LSTM-rec,4,crossing,12,261,54,0.9609979328840041,53.0,53.0,52.0,52.0,52.0,52.0,52.0,52.0,52.0,52.0,52.0,52.0,52.0,52.0,52.0,52.0,52.0,52.0,52.0,52.0
real,300,gulf,11,LSTM-rec,4,crossing,13,263,10,1.3784752528043216,9.0,9.0,8.0,8.0,8.0,8.0,8.0,8.0,8.0,8.0,8.0,8.0,8.0,8.0,8.0,8.0,8.0,8.0,8.0,8.0
real,300,gulf,11,LSTM-rec,4,crossing,14,265,36,0.4674361193238785,36.0,36.0,36.0,36.0,36.0,36.0,36.0,36.0,36.0,36.0,36.0,36.0,36.0,36.0,36.0,36.0,36.0,36.0,36.0,36.0
real,300,gulf,11,LSTM-rec,4,crossing,15,274,12,0.47961229038257874,11.0,11.0,11.0,11.0,11.0,11.0,11.0,11.0,11.0,11.0,11.0,11.0,11.0,11.0,11.0,11.0,11.0,11.0,11.0,11.0
real,300,gulf,11,LSTM-rec,4,crossing,16,277,98,1.0133525018976584,97.0,96.0,96.0,96.0,96.0,96.0,96.0,96.0,96.0,96.0,96.0,96.0,96.0,96.0,96.0,96.0,96.0,96.0,96.0,96.0
real,300,gulf,11,LSTM-rec,4,crossing,17,279,8,0.879965094764683,7.0,7.0,7.0,6.0,6.0,6.0,6.0,6.0,6.0,6.0,6.0,6.0,6.0,6.0,6.0,6.0,6.0,6.0,6.0,6.0
real,300,gulf,11,LSTM-rec,4,crossing,18,357,196,1.1137592334625468,195.0,194.0,194.0,193.0,193.0,192.0,192.0,192.0,192.0,192.0,192.0,192.0,192.0,192.0,192.0,192.0,192.0,192.0,192.0,192.0
real,300,gulf,11,LSTM-rec,4,crossing,19,390,56,0.4951852240117614,55.0,55.0,55.0,55.0,55.0,55.0,55.0,55.0,55.0,55.0,55.0,55.0,55.0,55.0,55.0,55.0,55.0,55.0,55.0,55.0
real,300,gulf,11,LSTM-rec,4,crossing,20,394,159,1.0706275373090541,158.0,157.0,157.0,156.0,156.0,156.0,156.0,156.0,156.0,156.0,156.0,156.0,156.0,156.0,156.0,156.0,156.0,156.0,156.0,156.0
real,300,gulf,11,LSTM-rec,4,crossing,21,395,67,0.9245216066496497,66.0,66.0,65.0,65.0,65.0,65.0,65.0,65.0,65.0,65.0,65.0,65.0,65.0,65.0,65.0,65.0,65.0,65.0,65.0,65.0
real,300,gulf,11,LSTM-rec,4,crossing,22,407,181,0.8583357455416284,180.0,180.0,180.0,180.0,180.0,180.0,180.0,180.0,180.0,180.0,180.0,180.0,180.0,180.0,180.0,180.0,180.0,180.0,180.0,180.0
real,300,gulf,11,LSTM-rec,4,crossing,23,409,41,0.9185416608723219,40.0,40.0,39.0,39.0,39.0,39.0,39.0,39.0,39.0,39.0,39.0,39.0,39.0,39.0,39.0,39.0,39.0,39.0,39.0,39.0
real,300,gulf,11,LSTM-rec,4,crossing,24,413,315,0.4270002569880942,314.0,313.0,313.0,313.0,312.0,312.0,312.0,312.0,312.0,312.0,312.0,312.0,312.0,312.0,312.0,312.0,312.0,312.0,312.0,312.0
real,300,gulf,11,LSTM-rec,4,crossing,25,419,113,1.381933211240309,112.0,111.0,111.0,111.0,110.0,110.0,110.0,110.0,110.0,110.0,110.0,110.0,110.0,110.0,110.0,110.0,110.0,110.0,110.0,110.0
real,300,gulf,11,LSTM-rec,4,crossing,26,436,7,1.016159177296682,6.0,6.0,6.0,6.0,6.0,6.0,6.0,6.0,6.0,6.0,6.0,6.0,6.0,6.0,6.0,6.0,6.0,6.0,6.0,6.0
real,300,gulf,11,LSTM-rec,4,crossing,27,437,18,0.9626762189613476,17.0,17.0,16.0,16.0,15.0,15.0,15.0,15.0,15.0,15.0,15.0,15.0,15.0,15.0,15.0,15.0,15.0,15.0,15.0,15.0
real,300,gulf,11,LSTM-rec,4,crossing,28,449,107,0.7252759973203549,106.0,106.0,106.0,106.0,106.0,106.0,106.0,106.0,106.0,106.0,106.0,106.0,106.0,106.0,106.0,106.0,106.0,106.0,106.0,106.0
real,300,gulf,11,LSTM-rec,4,crossing,29,462,140,0.275217055136899,140.0,139.0,139.0,139.0,139.0,139.0,139.0,139.0,139.0,139.0,139.0,139.0,139.0,139.0,139.0,139.0,139.0,139.0,139.0,139.0
real,300,gulf,11,LSTM-rec,4,crossing,30,498,114,0.4597200508734812,113.0,113.0,113.0,113.0,113.0,113.0,113.0,113.0,113.0,113.0,113.0,113.0,113.0,113.0,113.0,113.0,113.0,113.0,113.0,113.0
real,300,gulf,11,LSTM-ms,4,buffer,0,19,394,0.8917053415156226,390.0,389.0,388.0,386.0,384.0,378.0,377.0,377.0,376.0,376.0,376.0,376.0,375.0,375.0,375.0,375.0,375.0,375.0,375.0,375.0
real,300,gulf,11,LSTM-ms,4,buffer,1,49,377,0.3680385695503958,374.0,374.0,373.0,372.0,371.0,371.0,370.0,370.0,369.0,369.0,368.0,368.0,367.0,367.0,366.0,366.0,366.0,365.0,365.0,365.0
real,300,gulf,11,LSTM-ms,4,buffer,2,62,121,1.2786629539358552,119.0,118.0,117.0,117.0,116.0,115.0,115.0,114.0,114.0,114.0,114.0,114.0,113.0,113.0,113.0,113.0,113.0,112.0,112.0,111.0
real,300,gulf,11,LSTM-ms,4,buffer,3,117,179,1.1893630132920272,176.0,175.0,174.0,174.0,173.0,172.0,172.0,171.0,170.0,170.0,170.0,169.0,169.0,168.0,168.0,168.0,167.0,167.0,166.0,166.0
real,300,gulf,11,LSTM-ms,4,buffer,4,125,84,1.4326964715792176,80.0,79.0,78.0,78.0,77.0,76.0,75.0,75.0,75.0,74.0,74.0,73.0,73.0,72.0,72.0,72.0,71.0,71.0,70.0,70.0
real,300,gulf,11,LSTM-ms,4,buffer,5,127,57,0.6362174321529197,54.0,54.0,53.0,52.0,52.0,51.0,51.0,51.0,50.0,50.0,50.0,50.0,50.0,50.0,49.0,49.0,49.0,49.0,49.0,49.0
real,300,gulf,11,LSTM-ms,4,buffer,6,141,61,0.2666983815026639,59.0,58.0,58.0,57.0,57.0,57.0,56.0,56.0,56.0,56.0,56.0,55.0,55.0,55.0,55.0,55.0,55.0,55.0,55.0,55.0
real,300,gulf,11,LSTM-ms,4,buffer,7,159,104,1.3376489578769835,96.0,95.0,94.0,93.0,92.0,92.0,91.0,91.0,90.0,89.0,89.0,88.0,87.0,87.0,86.0,85.0,85.0,84.0,84.0,83.0
real,300,gulf,11,LSTM-ms,4,buffer,8,173,48,0.9222179702465199,45.0,44.0,44.0,43.0,42.0,41.0,41.0,40.0,40.0,39.0,39.0,38.0,38.0,37.0,37.0,36.0,36.0,35.0,35.0,35.0
real,300,gulf,11,LSTM-ms,4,buffer,9,182,132,0.5048361242184066,125.0,125.0,122.0,121.0,120.0,119.0,119.0,118.0,117.0,117.0,117.0,116.0,116.0,116.0,116.0,116.0,116.0,115.0,114.0,114.0
real,300,gulf,11,LSTM-ms,4,buffer,10,200,44,0.6428980190146993,41.0,40.0,40.0,40.0,39.0,39.0,39.0,38.0,38.0,38.0,38.0,38.0,38.0,38.0,38.0,38.0,37.0,37.0,37.0,37.0
real,300,gulf,11,LSTM-ms,4,buffer,11,244,19,1.0425653493573712,15.0,15.0,14.0,14.0,14.0,14.0,14.0,14.0,14.0,14.0,14.0,14.0,14.0,14.0,14.0,14.0,14.0,14.0,14.0,14.0
real,300,gulf,11,LSTM-ms,4,buffer,12,261,54,0.9609979328840041,51.0,50.0,49.0,49.0,48.0,48.0,47.0,47.0,47.0,47.0,39.0,38.0,38.0,37.0,37.0,37.0,36.0,36.0,36.0,36.0
real,300,gulf,11,LSTM-ms,4,buffer,13,263,10,1.3784752528043216,6.0,6.0,6.0,6.0,6.0,6.0,6.0,6.0,6.0,6.0,6.0,6.0,6.0,6.0,6.0,6.0,6.0,6.0,6.0,6.0
real,300,gulf,11,LSTM-ms,4,buffer,14,265,36,0.4674361193238785,27.0,26.0,25.0,24.0,23.0,22.0,22.0,21.0,20.0,20.0,20.0,20.0,19.0,19.0,19.0,19.0,19.0,19.0,19.0,19.0
real,300,gulf,11,LSTM-ms,4,buffer,15,274,12,0.47961229038257874,6.0,6.0,6.0,6.0,6.0,6.0,6.0,6.0,6.0,6.0,6.0,6.0,6.0,6.0,6.0,6.0,6.0,6.0,6.0,6.0
real,300,gulf,11,LSTM-ms,4,buffer,16,277,98,1.0133525018976584,93.0,93.0,92.0,91.0,90.0,90.0,89.0,89.0,88.0,88.0,88.0,87.0,87.0,87.0,86.0,86.0,86.0,85.0,85.0,85.0
real,300,gulf,11,LSTM-ms,4,buffer,17,279,8,0.879965094764683,6.0,6.0,6.0,6.0,6.0,6.0,6.0,6.0,6.0,6.0,6.0,6.0,6.0,6.0,6.0,6.0,6.0,6.0,6.0,6.0
real,300,gulf,11,LSTM-ms,4,buffer,18,357,196,1.1137592334625468,193.0,192.0,191.0,190.0,190.0,189.0,188.0,188.0,187.0,187.0,186.0,186.0,185.0,185.0,184.0,184.0,183.0,183.0,183.0,182.0
real,300,gulf,11,LSTM-ms,4,buffer,19,390,56,0.4951852240117614,50.0,49.0,49.0,48.0,48.0,47.0,47.0,46.0,46.0,45.0,45.0,44.0,43.0,43.0,43.0,42.0,42.0,42.0,40.0,40.0
real,300,gulf,11,LSTM-ms,4,buffer,20,394,159,1.0706275373090541,156.0,155.0,154.0,153.0,153.0,152.0,152.0,151.0,151.0,150.0,150.0,149.0,149.0,149.0,148.0,148.0,147.0,147.0,147.0,146.0
real,300,gulf,11,LSTM-ms,4,buffer,21,395,67,0.9245216066496497,64.0,64.0,63.0,63.0,63.0,63.0,62.0,62.0,62.0,62.0,61.0,61.0,61.0,61.0,61.0,61.0,61.0,61.0,61.0,61.0
real,300,gulf,11,LSTM-ms,4,buffer,22,407,181,0.8583357455416284,170.0,169.0,168.0,167.0,167.0,166.0,166.0,166.0,151.0,150.0,149.0,149.0,149.0,148.0,148.0,148.0,147.0,147.0,146.0,146.0
real,300,gulf,11,LSTM-ms,4,buffer,23,409,41,0.9185416608723219,38.0,38.0,37.0,32.0,31.0,31.0,30.0,30.0,29.0,29.0,29.0,29.0,29.0,28.0,28.0,28.0,28.0,28.0,28.0,28.0
real,300,gulf,11,LSTM-ms,4,buffer,24,413,315,0.4270002569880942,312.0,311.0,311.0,310.0,309.0,309.0,308.0,308.0,308.0,308.0,307.0,307.0,307.0,307.0,307.0,306.0,306.0,306.0,306.0,306.0
real,300,gulf,11,LSTM-ms,4,buffer,25,419,113,1.381933211240309,110.0,109.0,108.0,107.0,106.0,106.0,105.0,104.0,104.0,103.0,103.0,102.0,102.0,101.0,101.0,101.0,100.0,100.0,99.0,99.0
real,300,gulf,11,LSTM-ms,4,buffer,26,436,7,1.016159177296682,6.0,6.0,6.0,6.0,6.0,6.0,6.0,6.0,6.0,6.0,6.0,6.0,6.0,6.0,6.0,6.0,6.0,6.0,6.0,6.0
real,300,gulf,11,LSTM-ms,4,buffer,27,437,18,0.9626762189613476,15.0,15.0,14.0,13.0,13.0,13.0,12.0,12.0,12.0,11.0,11.0,11.0,10.0,10.0,10.0,10.0,10.0,10.0,10.0,10.0
real,300,gulf,11,LSTM-ms,4,buffer,28,449,107,0.7252759973203549,103.0,102.0,101.0,100.0,99.0,99.0,98.0,97.0,97.0,96.0,96.0,96.0,95.0,95.0,95.0,94.0,94.0,93.0,93.0,92.0
real,300,gulf,11,LSTM-ms,4,buffer,29,462,140,0.275217055136899,139.0,139.0,138.0,137.0,136.0,135.0,135.0,134.0,134.0,133.0,132.0,131.0,131.0,131.0,130.0,130.0,129.0,129.0,128.0,128.0
real,300,gulf,11,LSTM-ms,4,buffer,30,498,114,0.4597200508734812,106.0,105.0,103.0,102.0,102.0,102.0,101.0,101.0,101.0,101.0,100.0,99.0,99.0,98.0,98.0,98.0,97.0,97.0,97.0,97.0
real,300,gulf,11,LSTM-ms,4,crossing,0,19,394,0.8917053415156226,394.0,393.0,393.0,392.0,392.0,392.0,392.0,392.0,391.0,377.0,377.0,377.0,376.0,376.0,376.0,376.0,376.0,376.0,376.0,375.0
real,300,gulf,11,LSTM-ms,4,crossing,1,49,377,0.3680385695503958,376.0,375.0,374.0,374.0,373.0,373.0,372.0,372.0,371.0,370.0,370.0,369.0,369.0,369.0,368.0,368.0,367.0,367.0,367.0,366.0
real,300,gulf,11,LSTM-ms,4,crossing,2,62,121,1.2786629539358552,120.0,120.0,119.0,118.0,118.0,117.0,117.0,116.0,116.0,115.0,115.0,115.0,114.0,114.0,114.0,114.0,114.0,114.0,114.0,113.0
real,300,gulf,11,LSTM-ms,4,crossing,3,117,179,1.1893630132920272,178.0,177.0,177.0,176.0,175.0,175.0,174.0,174.0,173.0,173.0,172.0,172.0,171.0,171.0,170.0,170.0,170.0,169.0,169.0,169.0
real,300,gulf,11,LSTM-ms,4,crossing,4,125,84,1.4326964715792176,83.0,82.0,81.0,81.0,80.0,79.0,78.0,78.0,77.0,77.0,76.0,76.0,75.0,75.0,75.0,74.0,74.0,73.0,73.0,73.0
real,300,gulf,11,LSTM-ms,4,crossing,5,127,57,0.6362174321529197,56.0,55.0,54.0,54.0,53.0,53.0,52.0,52.0,51.0,51.0,51.0,51.0,50.0,50.0,50.0,50.0,50.0,50.0,50.0,50.0
real,300,gulf,11,LSTM-ms,4,crossing,6,141,61,0.2666983815026639,61.0,60.0,60.0,59.0,59.0,58.0,58.0,58.0,57.0,57.0,57.0,57.0,57.0,57.0,56.0,56.0,56.0,56.0,56.0,56.0
real,300,gulf,11,LSTM-ms,4,crossing,7,159,104,1.3376489578769835,103.0,102.0,102.0,101.0,100.0,99.0,98.0,98.0,97.0,97.0,97.0,96.0,96.0,95.0,95.0,95.0,94.0,94.0,94.0,93.0
real,300,gulf,11,LSTM-ms,4,crossing,8,173,48,0.9222179702465199,47.0,47.0,46.0,45.0,44.0,44.0,43.0,43.0,42.0,42.0,41.0,41.0,40.0,40.0,39.0,39.0,38.0,38.0,38.0,37.0
real,300,gulf,11,LSTM-ms,4,crossing,9,182,132,0.5048361242184066,131.0,130.0,129.0,128.0,128.0,127.0,127.0,126.0,126.0,126.0,126.0,125.0,125.0,125.0,125.0,122.0,121.0,121.0,121.0,120.0
real,300,gulf,11,LSTM-ms,4,crossing,10,200,44,0.6428980190146993,43.0,42.0,41.0,41.0,40.0,40.0,40.0,40.0,40.0,39.0,39.0,39.0,39.0,39.0,39.0,39.0,38.0,38.0,38.0,38.0
real,300,gulf,11,LSTM-ms,4,crossing,11,244,19,1.0425653493573712,18.0,17.0,16.0,16.0,16.0,15.0,15.0,15.0,15.0,15.0,15.0,15.0,15.0,14.0,14.0,14.0,14.0,14.0,14.0,14.0
real,300,gulf,11,LSTM-ms,4,crossing,12,261,54,0.9609979328840041,53.0,52.0,52.0,51.0,51.0,50.0,50.0,49.0,49.0,49.0,48.0,48.0,48.0,48.0,47.0,38.0,38.0,38.0,37.0,37.0
real,300,gulf,11,LSTM-ms,4,crossing,13,263,10,1.3784752528043216,9.0,8.0,8.0,7.0,7.0,6.0,6.0,6.0,6.0,6.0,6.0,6.0,6.0,6.0,6.0,6.0,6.0,6.0,6.0,6.0
real,300,gulf,11,LSTM-ms,4,crossing,14,265,36,0.4674361193238785,35.0,35.0,34.0,33.0,32.0,31.0,30.0,30.0,29.0,28.0,28.0,27.0,24.0,23.0,23.0,23.0,22.0,22.0,20.0,20.0
real,300,gulf,11,LSTM-ms,4,crossing,15,274,12,0.47961229038257874,11.0,11.0,10.0,10.0,10.0,8.0,8.0,8.0,8.0,8.0,8.0,8.0,8.0,8.0,8.0,8.0,8.0,8.0,8.0,8.0
real,300,gulf,11,LSTM-ms,4,crossing,16,277,98,1.0133525018976584,97.0,96.0,95.0,94.0,94.0,93.0,92.0,92.0,91.0,91.0,91.0,90.0,90.0,90.0,89.0,89.0,89.0,88.0,88.0,88.0
real,300,gulf,11,LSTM-ms,4,crossing,17,279,8,0.879965094764683,7.0,7.0,6.0,6.0,6.0,6.0,6.0,6.0,6.0,6.0,6.0,6.0,6.0,6.0,6.0,6.0,6.0,6.0,6.0,6.0
real,300,gulf,11,LSTM-ms,4,crossing,18,357,196,1.1137592334625468,195.0,194.0,193.0,192.0,191.0,191.0,190.0,189.0,189.0,188.0,188.0,187.0,187.0,186.0,186.0,186.0,185.0,185.0,184.0,184.0
real,300,gulf,11,LSTM-ms,4,crossing,19,390,56,0.4951852240117614,55.0,54.0,53.0,53.0,52.0,51.0,51.0,50.0,50.0,50.0,49.0,49.0,49.0,49.0,48.0,48.0,48.0,48.0,48.0,48.0
real,300,gulf,11,LSTM-ms,4,crossing,20,394,159,1.0706275373090541,158.0,157.0,156.0,155.0,155.0,154.0,154.0,153.0,152.0,152.0,152.0,151.0,151.0,150.0,150.0,150.0,149.0,149.0,149.0,149.0
real,300,gulf,11,LSTM-ms,4,crossing,21,395,67,0.9245216066496497,66.0,65.0,65.0,65.0,64.0,64.0,64.0,64.0,64.0,64.0,63.0,63.0,63.0,63.0,63.0,63.0,63.0,63.0,63.0,63.0
real,300,gulf,11,LSTM-ms,4,crossing,22,407,181,0.8583357455416284,180.0,180.0,179.0,179.0,179.0,175.0,175.0,174.0,174.0,173.0,172.0,172.0,151.0,151.0,150.0,149.0,149.0,149.0,149.0,148.0
real,300,gulf,11,LSTM-ms,4,crossing,23,409,41,0.9185416608723219,40.0,39.0,39.0,38.0,38.0,38.0,38.0,32.0,31.0,31.0,31.0,30.0,30.0,30.0,29.0,29.0,29.0,29.0,29.0,29.0
real,300,gulf,11,LSTM-ms,4,crossing,24,413,315,0.4270002569880942,314.0,313.0,312.0,312.0,311.0,310.0,310.0,309.0,309.0,309.0,308.0,308.0,308.0,308.0,308.0,307.0,307.0,307.0,307.0,307.0
real,300,gulf,11,LSTM-ms,4,crossing,25,419,113,1.381933211240309,112.0,111.0,110.0,109.0,109.0,108.0,108.0,107.0,106.0,106.0,105.0,105.0,104.0,104.0,103.0,103.0,102.0,102.0,102.0,101.0
real,300,gulf,11,LSTM-ms,4,crossing,26,436,7,1.016159177296682,6.0,6.0,6.0,6.0,6.0,6.0,6.0,6.0,6.0,6.0,6.0,6.0,6.0,6.0,6.0,6.0,6.0,6.0,6.0,6.0
real,300,gulf,11,LSTM-ms,4,crossing,27,437,18,0.9626762189613476,17.0,16.0,15.0,15.0,14.0,14.0,13.0,13.0,13.0,13.0,13.0,12.0,12.0,12.0,12.0,11.0,11.0,11.0,11.0,10.0
real,300,gulf,11,LSTM-ms,4,crossing,28,449,107,0.7252759973203549,106.0,105.0,105.0,104.0,103.0,102.0,102.0,101.0,101.0,100.0,100.0,99.0,99.0,98.0,97.0,97.0,97.0,96.0,96.0,96.0
real,300,gulf,11,LSTM-ms,4,crossing,29,462,140,0.275217055136899,139.0,139.0,138.0,137.0,136.0,135.0,135.0,134.0,134.0,133.0,132.0,131.0,131.0,131.0,130.0,130.0,129.0,129.0,128.0,128.0
real,300,gulf,11,LSTM-ms,4,crossing,30,498,114,0.4597200508734812,113.0,112.0,111.0,111.0,110.0,109.0,109.0,108.0,108.0,107.0,106.0,106.0,102.0,102.0,102.0,102.0,102.0,102.0,102.0,102.0
