profile,speed,region,seed,policy,model_seed,predicate,trip,global_trip,d_min_km,standoff_km,s_bar_km,fa_tick_H1,fa_tick_H2,fa_tick_H3,fa_tick_H4,fa_tick_H5,fa_tick_H6,fa_tick_H7,fa_tick_H8,fa_tick_H9,fa_tick_H10,fa_tick_H11,fa_tick_H12,fa_tick_H13,fa_tick_H14,fa_tick_H15,fa_tick_H16,fa_tick_H17,fa_tick_H18,fa_tick_H19,fa_tick_H20
real,300,gulf,0,Reactive,0,zone,0,10,16.883975091878387,16.883975091878387,0.7265987369601731,,,,,,,,,,,,,,,,,,,,
real,300,gulf,0,Reactive,0,zone,1,13,7.4040037153793525,7.4040037153793525,0.6812862931276688,,,,,,,,,,,,,,,,,,,,
real,300,gulf,0,Reactive,0,zone,2,86,5.760304175975345,5.760304175975345,0.43070136084856847,,,,,,,,,,,,,,,,,,,,
real,300,gulf,0,Reactive,0,zone,3,104,27.875758564779026,27.875758564779026,0.5277625051233005,,,,,,,,,,,,,,,,,,,,
real,300,gulf,0,Reactive,0,zone,4,183,12.3579956026715,12.3579956026715,1.4017541523776427,,,,,,,,,,,,,,,,,,,,
real,300,gulf,0,Reactive,0,zone,5,218,18.124296062845538,18.124296062845538,0.08289215824428015,,,,,,,,,,,,,,,,,,,,
real,300,gulf,0,Reactive,0,zone,6,248,27.818297070681204,27.818297070681204,0.4478506649064095,,,,,,,,,,,,,,,,,,,,
real,300,gulf,0,Reactive,0,zone,7,278,3.430817796540821,3.430817796540821,0.5290115820195141,,,,,,,,,,,,,,,,,,,,
real,300,gulf,0,Reactive,0,zone,8,363,2.2486388852632007,2.2486388852632007,0.43816648671251096,,,,,,,,,,,,,,,,,,,,
real,300,gulf,0,Reactive,0,zone,9,372,12.513812930971167,12.513812930971167,3.0393881304747903,,,,,,,,,,,,,,,,,,,,
real,300,gulf,0,Analytic,0,buffer,0,10,16.883975091878387,16.883975091878387,0.7265987369601731,,,,,,,,,,,,,,,,,,,,28.0
real,300,gulf,0,Analytic,0,buffer,1,13,7.4040037153793525,7.4040037153793525,0.6812862931276688,,,,,,,,,,,,,,,,,183.0,182.0,182.0,181.0
real,300,gulf,0,Analytic,0,buffer,2,86,5.760304175975345,5.760304175975345,0.43070136084856847,,,,,,,,,,61.0,60.0,59.0,57.0,57.0,56.0,55.0,54.0,53.0,50.0,49.0
real,300,gulf,0,Analytic,0,buffer,3,104,27.875758564779026,27.875758564779026,0.5277625051233005,,,,,,,,,,,,,,,,,,,,
real,300,gulf,0,Analytic,0,buffer,4,183,12.3579956026715,12.3579956026715,1.4017541523776427,,,,,,,,,,,,,,,,,,,,
real,300,gulf,0,Analytic,0,buffer,5,218,18.124296062845538,18.124296062845538,0.08289215824428015,,,,,,,,,,,,,,,,,,,,
real,300,gulf,0,Analytic,0,buffer,6,248,27.818297070681204,27.818297070681204,0.4478506649064095,,,,,,,,,,,,,,,,,,,,
real,300,gulf,0,Analytic,0,buffer,7,278,3.430817796540821,3.430817796540821,0.5290115820195141,,,,12.0,11.0,10.0,9.0,8.0,7.0,7.0,6.0,6.0,6.0,6.0,6.0,6.0,6.0,6.0,6.0,6.0
real,300,gulf,0,Analytic,0,buffer,8,363,2.2486388852632007,2.2486388852632007,0.43816648671251096,66.0,65.0,64.0,47.0,46.0,45.0,44.0,43.0,42.0,41.0,40.0,39.0,37.0,36.0,35.0,34.0,33.0,32.0,32.0,32.0
real,300,gulf,0,Analytic,0,buffer,9,372,12.513812930971167,12.513812930971167,3.0393881304747903,,,,,,,,,,,,,,,,,,,,
real,300,gulf,0,Analytic,0,crossing,0,10,16.883975091878387,16.883975091878387,0.7265987369601731,,,,,,,,,,,,,,,,,,,,
real,300,gulf,0,Analytic,0,crossing,1,13,7.4040037153793525,7.4040037153793525,0.6812862931276688,,,,,,,,,,,,,,,,,,,,
real,300,gulf,0,Analytic,0,crossing,2,86,5.760304175975345,5.760304175975345,0.43070136084856847,,,,,,,,,,,,,,,61.0,60.0,59.0,57.0,57.0,56.0
real,300,gulf,0,Analytic,0,crossing,3,104,27.875758564779026,27.875758564779026,0.5277625051233005,,,,,,,,,,,,,,,,,,,,
real,300,gulf,0,Analytic,0,crossing,4,183,12.3579956026715,12.3579956026715,1.4017541523776427,,,,,,,,,,,,,,,,,,,,
real,300,gulf,0,Analytic,0,crossing,5,218,18.124296062845538,18.124296062845538,0.08289215824428015,,,,,,,,,,,,,,,,,,,,
real,300,gulf,0,Analytic,0,crossing,6,248,27.818297070681204,27.818297070681204,0.4478506649064095,,,,,,,,,,,,,,,,,,,,
real,300,gulf,0,Analytic,0,crossing,7,278,3.430817796540821,3.430817796540821,0.5290115820195141,,,,,,,,12.0,11.0,10.0,9.0,8.0,7.0,7.0,6.0,6.0,6.0,6.0,6.0,6.0
real,300,gulf,0,Analytic,0,crossing,8,363,2.2486388852632007,2.2486388852632007,0.43816648671251096,,,,,66.0,65.0,64.0,47.0,46.0,45.0,44.0,43.0,42.0,41.0,39.0,38.0,37.0,36.0,35.0,33.0
real,300,gulf,0,Analytic,0,crossing,9,372,12.513812930971167,12.513812930971167,3.0393881304747903,,,,,,,,,,,,,,,,,,,,
real,300,gulf,0,ConstVel,0,buffer,0,10,16.883975091878387,16.883975091878387,0.7265987369601731,,,,,,,,,,,,,,,,,,,,27.0
real,300,gulf,0,ConstVel,0,buffer,1,13,7.4040037153793525,7.4040037153793525,0.6812862931276688,,,,,,,,,,,,,,,,,183.0,182.0,182.0,180.0
real,300,gulf,0,ConstVel,0,buffer,2,86,5.760304175975345,5.760304175975345,0.43070136084856847,,,,,,,,,,61.0,60.0,59.0,58.0,56.0,56.0,53.0,53.0,53.0,53.0,50.0
real,300,gulf,0,ConstVel,0,buffer,3,104,27.875758564779026,27.875758564779026,0.5277625051233005,,,,,,,,,,,,,,,,,,,,
real,300,gulf,0,ConstVel,0,buffer,4,183,12.3579956026715,12.3579956026715,1.4017541523776427,,,,,,,,,,,,,,,,,,,,
real,300,gulf,0,ConstVel,0,buffer,5,218,18.124296062845538,18.124296062845538,0.08289215824428015,,,,,,,,,,,,,,,,,,,,
real,300,gulf,0,ConstVel,0,buffer,6,248,27.818297070681204,27.818297070681204,0.4478506649064095,,,,,,,,,,,,,,,,,,,,
real,300,gulf,0,ConstVel,0,buffer,7,278,3.430817796540821,3.430817796540821,0.5290115820195141,,,,12.0,11.0,10.0,9.0,8.0,7.0,6.0,6.0,6.0,6.0,6.0,6.0,6.0,6.0,6.0,6.0,6.0
real,300,gulf,0,ConstVel,0,buffer,8,363,2.2486388852632007,2.2486388852632007,0.43816648671251096,66.0,65.0,64.0,47.0,46.0,45.0,44.0,43.0,42.0,41.0,40.0,39.0,38.0,37.0,35.0,34.0,33.0,32.0,30.0,29.0
real,300,gulf,0,ConstVel,0,buffer,9,372,12.513812930971167,12.513812930971167,3.0393881304747903,,,,,,,,,,,,,,,,,,,,
real,300,gulf,0,ConstVel,0,crossing,0,10,16.883975091878387,16.883975091878387,0.7265987369601731,,,,,,,,,,,,,,,,,,,,
real,300,gulf,0,ConstVel,0,crossing,1,13,7.4040037153793525,7.4040037153793525,0.6812862931276688,,,,,,,,,,,,,,,,,,,,
real,300,gulf,0,ConstVel,0,crossing,2,86,5.760304175975345,5.760304175975345,0.43070136084856847,,,,,,,,,,,,,,,61.0,60.0,59.0,57.0,56.0,56.0
real,300,gulf,0,ConstVel,0,crossing,3,104,27.875758564779026,27.875758564779026,0.5277625051233005,,,,,,,,,,,,,,,,,,,,
real,300,gulf,0,ConstVel,0,crossing,4,183,12.3579956026715,12.3579956026715,1.4017541523776427,,,,,,,,,,,,,,,,,,,,
real,300,gulf,0,ConstVel,0,crossing,5,218,18.124296062845538,18.124296062845538,0.08289215824428015,,,,,,,,,,,,,,,,,,,,
real,300,gulf,0,ConstVel,0,crossing,6,248,27.818297070681204,27.818297070681204,0.4478506649064095,,,,,,,,,,,,,,,,,,,,
real,300,gulf,0,ConstVel,0,crossing,7,278,3.430817796540821,3.430817796540821,0.5290115820195141,,,,,,,,12.0,11.0,10.0,9.0,8.0,7.0,6.0,6.0,6.0,6.0,6.0,6.0,6.0
real,300,gulf,0,ConstVel,0,crossing,8,363,2.2486388852632007,2.2486388852632007,0.43816648671251096,,,,,66.0,65.0,64.0,63.0,46.0,45.0,44.0,43.0,42.0,41.0,39.0,39.0,38.0,36.0,35.0,34.0
real,300,gulf,0,ConstVel,0,crossing,9,372,12.513812930971167,12.513812930971167,3.0393881304747903,,,,,,,,,,,,,,,,,,,,
real,300,gulf,0,Kalman,0,buffer,0,10,16.883975091878387,16.883975091878387,0.7265987369601731,,,,,,,,,,,,,,,,,,,,28.0
real,300,gulf,0,Kalman,0,buffer,1,13,7.4040037153793525,7.4040037153793525,0.6812862931276688,,,,,,,,,,,,,,,,,183.0,183.0,182.0,180.0
real,300,gulf,0,Kalman,0,buffer,2,86,5.760304175975345,5.760304175975345,0.43070136084856847,,,,,,,,,,61.0,60.0,59.0,58.0,56.0,56.0,54.0,54.0,53.0,53.0,49.0
real,300,gulf,0,Kalman,0,buffer,3,104,27.875758564779026,27.875758564779026,0.5277625051233005,,,,,,,,,,,,,,,,,,,,
real,300,gulf,0,Kalman,0,buffer,4,183,12.3579956026715,12.3579956026715,1.4017541523776427,,,,,,,,,,,,,,,,,,,,
real,300,gulf,0,Kalman,0,buffer,5,218,18.124296062845538,18.124296062845538,0.08289215824428015,,,,,,,,,,,,,,,,,,,,
real,300,gulf,0,Kalman,0,buffer,6,248,27.818297070681204,27.818297070681204,0.4478506649064095,,,,,,,,,,,,,,,,,,,,
real,300,gulf,0,Kalman,0,buffer,7,278,3.430817796540821,3.430817796540821,0.5290115820195141,,,,12.0,11.0,10.0,9.0,8.0,7.0,6.0,6.0,6.0,6.0,6.0,6.0,6.0,6.0,6.0,6.0,6.0
real,300,gulf,0,Kalman,0,buffer,8,363,2.2486388852632007,2.2486388852632007,0.43816648671251096,66.0,65.0,64.0,47.0,46.0,45.0,44.0,43.0,42.0,41.0,40.0,39.0,38.0,37.0,35.0,34.0,33.0,31.0,31.0,30.0
real,300,gulf,0,Kalman,0,buffer,9,372,12.513812930971167,12.513812930971167,3.0393881304747903,,,,,,,,,,,,,,,,,,,,
real,300,gulf,0,Kalman,0,crossing,0,10,16.883975091878387,16.883975091878387,0.7265987369601731,,,,,,,,,,,,,,,,,,,,
real,300,gulf,0,Kalman,0,crossing,1,13,7.4040037153793525,7.4040037153793525,0.6812862931276688,,,,,,,,,,,,,,,,,,,,
real,300,gulf,0,Kalman,0,crossing,2,86,5.760304175975345,5.760304175975345,0.43070136084856847,,,,,,,,,,,,,,,61.0,60.0,59.0,57.0,56.0,56.0
real,300,gulf,0,Kalman,0,crossing,3,104,27.875758564779026,27.875758564779026,0.5277625051233005,,,,,,,,,,,,,,,,,,,,
real,300,gulf,0,Kalman,0,crossing,4,183,12.3579956026715,12.3579956026715,1.4017541523776427,,,,,,,,,,,,,,,,,,,,
real,300,gulf,0,Kalman,0,crossing,5,218,18.124296062845538,18.124296062845538,0.08289215824428015,,,,,,,,,,,,,,,,,,,,
real,300,gulf,0,Kalman,0,crossing,6,248,27.818297070681204,27.818297070681204,0.4478506649064095,,,,,,,,,,,,,,,,,,,,
real,300,gulf,0,Kalman,0,crossing,7,278,3.430817796540821,3.430817796540821,0.5290115820195141,,,,,,,,12.0,11.0,10.0,9.0,8.0,7.0,6.0,6.0,6.0,6.0,6.0,6.0,6.0
real,300,gulf,0,Kalman,0,crossing,8,363,2.2486388852632007,2.2486388852632007,0.43816648671251096,,,,,66.0,65.0,64.0,47.0,46.0,45.0,44.0,43.0,42.0,41.0,40.0,39.0,37.0,36.0,35.0,34.0
real,300,gulf,0,Kalman,0,crossing,9,372,12.513812930971167,12.513812930971167,3.0393881304747903,,,,,,,,,,,,,,,,,,,,
real,300,gulf,0,LSTM-rec,0,buffer,0,10,16.883975091878387,16.883975091878387,0.7265987369601731,,,,,,,,,,,,,,,,,,,,
real,300,gulf,0,LSTM-rec,0,buffer,1,13,7.4040037153793525,7.4040037153793525,0.6812862931276688,,,,,,,,,,,,,183.0,181.0,180.0,178.0,177.0,176.0,175.0,174.0
real,300,gulf,0,LSTM-rec,0,buffer,2,86,5.760304175975345,5.760304175975345,0.43070136084856847,,,,,,,,,61.0,59.0,58.0,56.0,55.0,54.0,53.0,53.0,49.0,48.0,47.0,45.0
real,300,gulf,0,LSTM-rec,0,buffer,3,104,27.875758564779026,27.875758564779026,0.5277625051233005,,,,,,,,,,,,,,,,,,,,
real,300,gulf,0,LSTM-rec,0,buffer,4,183,12.3579956026715,12.3579956026715,1.4017541523776427,,,,,,,,,,,,,,,,,,,,
real,300,gulf,0,LSTM-rec,0,buffer,5,218,18.124296062845538,18.124296062845538,0.08289215824428015,,,,,,,,,,,,,,,,,,,,
real,300,gulf,0,LSTM-rec,0,buffer,6,248,27.818297070681204,27.818297070681204,0.4478506649064095,,,,,,,,,,,,,,,,,,,,
real,300,gulf,0,LSTM-rec,0,buffer,7,278,3.430817796540821,3.430817796540821,0.5290115820195141,,,,12.0,11.0,10.0,9.0,8.0,7.0,6.0,6.0,6.0,6.0,6.0,6.0,6.0,6.0,6.0,6.0,6.0
real,300,gulf,0,LSTM-rec,0,buffer,8,363,2.2486388852632007,2.2486388852632007,0.43816648671251096,66.0,65.0,64.0,47.0,46.0,45.0,43.0,42.0,41.0,40.0,39.0,38.0,36.0,35.0,34.0,33.0,32.0,31.0,31.0,30.0
real,300,gulf,0,LSTM-rec,0,buffer,9,372,12.513812930971167,12.513812930971167,3.0393881304747903,,,,,,,,,,,,,,,,,,,,
real,300,gulf,0,LSTM-rec,0,crossing,0,10,16.883975091878387,16.883975091878387,0.7265987369601731,,,,,,,,,,,,,,,,,,,,
real,300,gulf,0,LSTM-rec,0,crossing,1,13,7.4040037153793525,7.4040037153793525,0.6812862931276688,,,,,,,,,,,,,,,,,183.0,181.0,180.0,178.0
real,300,gulf,0,LSTM-rec,0,crossing,2,86,5.760304175975345,5.760304175975345,0.43070136084856847,,,,,,,,,,,,,60.0,59.0,57.0,56.0,55.0,54.0,53.0,50.0
real,300,gulf,0,LSTM-rec,0,crossing,3,104,27.875758564779026,27.875758564779026,0.5277625051233005,,,,,,,,,,,,,,,,,,,,
real,300,gulf,0,LSTM-rec,0,crossing,4,183,12.3579956026715,12.3579956026715,1.4017541523776427,,,,,,,,,,,,,,,,,,,,
real,300,gulf,0,LSTM-rec,0,crossing,5,218,18.124296062845538,18.124296062845538,0.08289215824428015,,,,,,,,,,,,,,,,,,,,
real,300,gulf,0,LSTM-rec,0,crossing,6,248,27.818297070681204,27.818297070681204,0.4478506649064095,,,,,,,,,,,,,,,,,,,,
real,300,gulf,0,LSTM-rec,0,crossing,7,278,3.430817796540821,3.430817796540821,0.5290115820195141,,,,,,,13.0,12.0,11.0,10.0,8.0,7.0,6.0,6.0,6.0,6.0,6.0,6.0,6.0,6.0
real,300,gulf,0,LSTM-rec,0,crossing,8,363,2.2486388852632007,2.2486388852632007,0.43816648671251096,,,,,66.0,65.0,63.0,46.0,45.0,44.0,43.0,42.0,41.0,39.0,38.0,37.0,36.0,34.0,33.0,32.0
real,300,gulf,0,LSTM-rec,0,crossing,9,372,12.513812930971167,12.513812930971167,3.0393881304747903,,,,,,,,,,,,,,,,,,,,
real,300,gulf,0,LSTM-ms,0,buffer,0,10,16.883975091878387,16.883975091878387,0.7265987369601731,,,,,,,,,,,,,,,,,,,,
real,300,gulf,0,LSTM-ms,0,buffer,1,13,7.4040037153793525,7.4040037153793525,0.6812862931276688,,,,,,,,,,,,,,,,,,,,
real,300,gulf,0,LSTM-ms,0,buffer,2,86,5.760304175975345,5.760304175975345,0.43070136084856847,,,,,,,,,,,,,,,,,,,,
real,300,gulf,0,LSTM-ms,0,buffer,3,104,27.875758564779026,27.875758564779026,0.5277625051233005,,,,,,,,,,,,,,,,,,,,
real,300,gulf,0,LSTM-ms,0,buffer,4,183,12.3579956026715,12.3579956026715,1.4017541523776427,,,,,,,,,,,,,,,,,,,,
real,300,gulf,0,LSTM-ms,0,buffer,5,218,18.124296062845538,18.124296062845538,0.08289215824428015,,,,,,,,,,,,,,,,,,,,
real,300,gulf,0,LSTM-ms,0,buffer,6,248,27.818297070681204,27.818297070681204,0.4478506649064095,,,,,,,,,,,,,,,,,,,,
real,300,gulf,0,LSTM-ms,0,buffer,7,278,3.430817796540821,3.430817796540821,0.5290115820195141,,,,,,,,,,13.0,13.0,13.0,13.0,12.0,12.0,12.0,12.0,12.0,11.0,11.0
real,300,gulf,0,LSTM-ms,0,buffer,8,363,2.2486388852632007,2.2486388852632007,0.43816648671251096,,66.0,66.0,66.0,65.0,65.0,65.0,64.0,64.0,64.0,64.0,47.0,47.0,47.0,47.0,47.0,46.0,46.0,46.0,46.0
real,300,gulf,0,LSTM-ms,0,buffer,9,372,12.513812930971167,12.513812930971167,3.0393881304747903,,,,,,,,,,,,,,,,,,,,
real,300,gulf,0,LSTM-ms,0,crossing,0,10,16.883975091878387,16.883975091878387,0.7265987369601731,,,,,,,,,,,,,,,,,,,,
real,300,gulf,0,LSTM-ms,0,crossing,1,13,7.4040037153793525,7.4040037153793525,0.6812862931276688,,,,,,,,,,,,,,,,,,,,
real,300,gulf,0,LSTM-ms,0,crossing,2,86,5.760304175975345,5.760304175975345,0.43070136084856847,,,,,,,,,,,,,,,,,,,,
real,300,gulf,0,LSTM-ms,0,crossing,3,104,27.875758564779026,27.875758564779026,0.5277625051233005,,,,,,,,,,,,,,,,,,,,
real,300,gulf,0,LSTM-ms,0,crossing,4,183,12.3579956026715,12.3579956026715,1.4017541523776427,,,,,,,,,,,,,,,,,,,,
real,300,gulf,0,LSTM-ms,0,crossing,5,218,18.124296062845538,18.124296062845538,0.08289215824428015,,,,,,,,,,,,,,,,,,,,
real,300,gulf,0,LSTM-ms,0,crossing,6,248,27.818297070681204,27.818297070681204,0.4478506649064095,,,,,,,,,,,,,,,,,,,,
real,300,gulf,0,LSTM-ms,0,crossing,7,278,3.430817796540821,3.430817796540821,0.5290115820195141,,,,,,,,,,,,,,,,,,,,
real,300,gulf,0,LSTM-ms,0,crossing,8,363,2.2486388852632007,2.2486388852632007,0.43816648671251096,,,,,,,,,,,,,,,,,,66.0,66.0,66.0
real,300,gulf,0,LSTM-ms,0,crossing,9,372,12.513812930971167,12.513812930971167,3.0393881304747903,,,,,,,,,,,,,,,,,,,,
real,300,gulf,0,LSTM-rec,1,buffer,0,10,16.883975091878387,16.883975091878387,0.7265987369601731,,,,,,,,,,,,,,,,,,,,28.0
real,300,gulf,0,LSTM-rec,1,buffer,1,13,7.4040037153793525,7.4040037153793525,0.6812862931276688,,,,,,,,,,,183.0,181.0,179.0,177.0,176.0,174.0,173.0,168.0,165.0,162.0
real,300,gulf,0,LSTM-rec,1,buffer,2,86,5.760304175975345,5.760304175975345,0.43070136084856847,,,,,,,,60.0,59.0,57.0,55.0,54.0,53.0,50.0,48.0,46.0,44.0,42.0,40.0,39.0
real,300,gulf,0,LSTM-rec,1,buffer,3,104,27.875758564779026,27.875758564779026,0.5277625051233005,,,,,,,,,,,,,,,,,,,,
real,300,gulf,0,LSTM-rec,1,buffer,4,183,12.3579956026715,12.3579956026715,1.4017541523776427,,,,,,,,,,,,,,,,,,,,
real,300,gulf,0,LSTM-rec,1,buffer,5,218,18.124296062845538,18.124296062845538,0.08289215824428015,,,,,,,,,,,,,,,,,,,,
real,300,gulf,0,LSTM-rec,1,buffer,6,248,27.818297070681204,27.818297070681204,0.4478506649064095,,,,,,,,,,,,,,,,,,,,
real,300,gulf,0,LSTM-rec,1,buffer,7,278,3.430817796540821,3.430817796540821,0.5290115820195141,,,13.0,12.0,11.0,9.0,8.0,7.0,6.0,6.0,6.0,6.0,6.0,6.0,6.0,6.0,6.0,6.0,6.0,6.0
real,300,gulf,0,LSTM-rec,1,buffer,8,363,2.2486388852632007,2.2486388852632007,0.43816648671251096,66.0,65.0,64.0,46.0,45.0,44.0,42.0,41.0,40.0,38.0,37.0,35.0,34.0,32.0,31.0,30.0,7.0,6.0,6.0,6.0
real,300,gulf,0,LSTM-rec,1,buffer,9,372,12.513812930971167,12.513812930971167,3.0393881304747903,,,,,,,,,,,,,,,,,,,,
real,300,gulf,0,LSTM-rec,1,crossing,0,10,16.883975091878387,16.883975091878387,0.7265987369601731,,,,,,,,,,,,,,,,,,,,
real,300,gulf,0,LSTM-rec,1,crossing,1,13,7.4040037153793525,7.4040037153793525,0.6812862931276688,,,,,,,,,,,,,,183.0,181.0,179.0,177.0,175.0,174.0,173.0
real,300,gulf,0,LSTM-rec,1,crossing,2,86,5.760304175975345,5.760304175975345,0.43070136084856847,,,,,,,,,,,61.0,59.0,57.0,55.0,54.0,53.0,49.0,46.0,45.0,43.0
real,300,gulf,0,LSTM-rec,1,crossing,3,104,27.875758564779026,27.875758564779026,0.5277625051233005,,,,,,,,,,,,,,,,,,,,
real,300,gulf,0,LSTM-rec,1,crossing,4,183,12.3579956026715,12.3579956026715,1.4017541523776427,,,,,,,,,,,,,,,,,,,,
real,300,gulf,0,LSTM-rec,1,crossing,5,218,18.124296062845538,18.124296062845538,0.08289215824428015,,,,,,,,,,,,,,,,,,,,
real,300,gulf,0,LSTM-rec,1,crossing,6,248,27.818297070681204,27.818297070681204,0.4478506649064095,,,,,,,,,,,,,,,,,,,,
real,300,gulf,0,LSTM-rec,1,crossing,7,278,3.430817796540821,3.430817796540821,0.5290115820195141,,,,,,,12.0,11.0,9.0,8.0,6.0,6.0,6.0,6.0,6.0,6.0,6.0,6.0,6.0,6.0
real,300,gulf,0,LSTM-rec,1,crossing,8,363,2.2486388852632007,2.2486388852632007,0.43816648671251096,,,,66.0,65.0,64.0,46.0,45.0,44.0,42.0,41.0,39.0,38.0,36.0,35.0,33.0,31.0,31.0,30.0,7.0
real,300,gulf,0,LSTM-rec,1,crossing,9,372,12.513812930971167,12.513812930971167,3.0393881304747903,,,,,,,,,,,,,,,,,,,,
real,300,gulf,0,LSTM-ms,1,buffer,0,10,16.883975091878387,16.883975091878387,0.7265987369601731,,,,,,,,,,,,,,,,,,,,
real,300,gulf,0,LSTM-ms,1,buffer,1,13,7.4040037153793525,7.4040037153793525,0.6812862931276688,,,,,,,,,,,,,,,,,,,,183.0
real,300,gulf,0,LSTM-ms,1,buffer,2,86,5.760304175975345,5.760304175975345,0.43070136084856847,,,,,,,,,61.0,60.0,60.0,59.0,59.0,58.0,57.0,57.0,56.0,56.0,55.0,54.0
real,300,gulf,0,LSTM-ms,1,buffer,3,104,27.875758564779026,27.875758564779026,0.5277625051233005,,,,,,,,,,,,,,,,,,,,
real,300,gulf,0,LSTM-ms,1,buffer,4,183,12.3579956026715,12.3579956026715,1.4017541523776427,,,,,,,,,,,,,,,,,,,,
real,300,gulf,0,LSTM-ms,1,buffer,5,218,18.124296062845538,18.124296062845538,0.08289215824428015,,,,,,,,,,,,,,,,,,,,
real,300,gulf,0,LSTM-ms,1,buffer,6,248,27.818297070681204,27.818297070681204,0.4478506649064095,,,,,,,,,,,,,,,,,,,,
real,300,gulf,0,LSTM-ms,1,buffer,7,278,3.430817796540821,3.430817796540821,0.5290115820195141,,,13.0,12.0,11.0,10.0,9.0,8.0,7.0,7.0,6.0,6.0,6.0,6.0,6.0,6.0,6.0,6.0,6.0,6.0
real,300,gulf,0,LSTM-ms,1,buffer,8,363,2.2486388852632007,2.2486388852632007,0.43816648671251096,66.0,64.0,47.0,46.0,45.0,45.0,44.0,43.0,42.0,41.0,40.0,40.0,39.0,39.0,38.0,38.0,37.0,37.0,36.0,35.0
real,300,gulf,0,LSTM-ms,1,buffer,9,372,12.513812930971167,12.513812930971167,3.0393881304747903,,,,,,,,,,,,,,,,,,,,
real,300,gulf,0,LSTM-ms,1,crossing,0,10,16.883975091878387,16.883975091878387,0.7265987369601731,,,,,,,,,,,,,,,,,,,,
real,300,gulf,0,LSTM-ms,1,crossing,1,13,7.4040037153793525,7.4040037153793525,0.6812862931276688,,,,,,,,,,,,,,,,,,,,
real,300,gulf,0,LSTM-ms,1,crossing,2,86,5.760304175975345,5.760304175975345,0.43070136084856847,,,,,,,,,,,,,,,,,,61.0,60.0,60.0
real,300,gulf,0,LSTM-ms,1,crossing,3,104,27.875758564779026,27.875758564779026,0.5277625051233005,,,,,,,,,,,,,,,,,,,,
real,300,gulf,0,LSTM-ms,1,crossing,4,183,12.3579956026715,12.3579956026715,1.4017541523776427,,,,,,,,,,,,,,,,,,,,
real,300,gulf,0,LSTM-ms,1,crossing,5,218,18.124296062845538,18.124296062845538,0.08289215824428015,,,,,,,,,,,,,,,,,,,,
real,300,gulf,0,LSTM-ms,1,crossing,6,248,27.818297070681204,27.818297070681204,0.4478506649064095,,,,,,,,,,,,,,,,,,,,
real,300,gulf,0,LSTM-ms,1,crossing,7,278,3.430817796540821,3.430817796540821,0.5290115820195141,,,,,,,,12.0,11.0,10.0,10.0,9.0,9.0,8.0,8.0,7.0,7.0,7.0,6.0,6.0
real,300,gulf,0,LSTM-ms,1,crossing,8,363,2.2486388852632007,2.2486388852632007,0.43816648671251096,,,,66.0,65.0,65.0,64.0,47.0,46.0,45.0,44.0,44.0,43.0,43.0,42.0,42.0,41.0,41.0,40.0,39.0
real,300,gulf,0,LSTM-ms,1,crossing,9,372,12.513812930971167,12.513812930971167,3.0393881304747903,,,,,,,,,,,,,,,,,,,,
real,300,gulf,0,LSTM-rec,2,buffer,0,10,16.883975091878387,16.883975091878387,0.7265987369601731,,,,,,,,,,,,,,,,,,,,
real,300,gulf,0,LSTM-rec,2,buffer,1,13,7.4040037153793525,7.4040037153793525,0.6812862931276688,,,,,,,,,,,,,,,,,,,,
real,300,gulf,0,LSTM-rec,2,buffer,2,86,5.760304175975345,5.760304175975345,0.43070136084856847,,,,,,,,,,,,,,,,,,,,
real,300,gulf,0,LSTM-rec,2,buffer,3,104,27.875758564779026,27.875758564779026,0.5277625051233005,,,,,,,,,,,,,,,,,,,,
real,300,gulf,0,LSTM-rec,2,buffer,4,183,12.3579956026715,12.3579956026715,1.4017541523776427,,,,,,,,,,,,,,,,,,,,
real,300,gulf,0,LSTM-rec,2,buffer,5,218,18.124296062845538,18.124296062845538,0.08289215824428015,,,,,,,,,,,,,,,,,,,,
real,300,gulf,0,LSTM-rec,2,buffer,6,248,27.818297070681204,27.818297070681204,0.4478506649064095,,,,,,,,,,,,,,,,,,,,
real,300,gulf,0,LSTM-rec,2,buffer,7,278,3.430817796540821,3.430817796540821,0.5290115820195141,,,,,13.0,13.0,12.0,12.0,12.0,11.0,11.0,11.0,11.0,11.0,11.0,11.0,11.0,11.0,11.0,11.0
real,300,gulf,0,LSTM-rec,2,buffer,8,363,2.2486388852632007,2.2486388852632007,0.43816648671251096,66.0,65.0,65.0,64.0,64.0,47.0,47.0,46.0,46.0,46.0,46.0,46.0,46.0,46.0,46.0,46.0,46.0,46.0,46.0,46.0
real,300,gulf,0,LSTM-rec,2,buffer,9,372,12.513812930971167,12.513812930971167,3.0393881304747903,,,,,,,,,,,,,,,,,,,,
real,300,gulf,0,LSTM-rec,2,crossing,0,10,16.883975091878387,16.883975091878387,0.7265987369601731,,,,,,,,,,,,,,,,,,,,
real,300,gulf,0,LSTM-rec,2,crossing,1,13,7.4040037153793525,7.4040037153793525,0.6812862931276688,,,,,,,,,,,,,,,,,,,,
real,300,gulf,0,LSTM-rec,2,crossing,2,86,5.760304175975345,5.760304175975345,0.43070136084856847,,,,,,,,,,,,,,,,,,,,
real,300,gulf,0,LSTM-rec,2,crossing,3,104,27.875758564779026,27.875758564779026,0.5277625051233005,,,,,,,,,,,,,,,,,,,,
real,300,gulf,0,LSTM-rec,2,crossing,4,183,12.3579956026715,12.3579956026715,1.4017541523776427,,,,,,,,,,,,,,,,,,,,
real,300,gulf,0,LSTM-rec,2,crossing,5,218,18.124296062845538,18.124296062845538,0.08289215824428015,,,,,,,,,,,,,,,,,,,,
real,300,gulf,0,LSTM-rec,2,crossing,6,248,27.818297070681204,27.818297070681204,0.4478506649064095,,,,,,,,,,,,,,,,,,,,
real,300,gulf,0,LSTM-rec,2,crossing,7,278,3.430817796540821,3.430817796540821,0.5290115820195141,,,,,,,,,,,,,,,,,,,,
real,300,gulf,0,LSTM-rec,2,crossing,8,363,2.2486388852632007,2.2486388852632007,0.43816648671251096,,,,,,,,,66.0,66.0,66.0,66.0,66.0,66.0,66.0,66.0,66.0,66.0,66.0,66.0
real,300,gulf,0,LSTM-rec,2,crossing,9,372,12.513812930971167,12.513812930971167,3.0393881304747903,,,,,,,,,,,,,,,,,,,,
real,300,gulf,0,LSTM-ms,2,buffer,0,10,16.883975091878387,16.883975091878387,0.7265987369601731,,,,,,,,,,,,,,,,,,,,
real,300,gulf,0,LSTM-ms,2,buffer,1,13,7.4040037153793525,7.4040037153793525,0.6812862931276688,,,,,,,,,,,,,,,,,,,183.0,182.0
real,300,gulf,0,LSTM-ms,2,buffer,2,86,5.760304175975345,5.760304175975345,0.43070136084856847,,,,,,,,,,,,61.0,60.0,59.0,58.0,57.0,57.0,56.0,55.0,55.0
real,300,gulf,0,LSTM-ms,2,buffer,3,104,27.875758564779026,27.875758564779026,0.5277625051233005,,,,,,,,,,,,,,,,,,,,
real,300,gulf,0,LSTM-ms,2,buffer,4,183,12.3579956026715,12.3579956026715,1.4017541523776427,,,,,,,,,,,,,,,,,,,,
real,300,gulf,0,LSTM-ms,2,buffer,5,218,18.124296062845538,18.124296062845538,0.08289215824428015,,,,,,,,,,,,,,,,,,,,
real,300,gulf,0,LSTM-ms,2,buffer,6,248,27.818297070681204,27.818297070681204,0.4478506649064095,,,,,,,,,,,,,,,,,,,,
real,300,gulf,0,LSTM-ms,2,buffer,7,278,3.430817796540821,3.430817796540821,0.5290115820195141,,,,13.0,12.0,11.0,10.0,9.0,9.0,8.0,7.0,6.0,6.0,6.0,6.0,6.0,6.0,6.0,6.0,6.0
real,300,gulf,0,LSTM-ms,2,buffer,8,363,2.2486388852632007,2.2486388852632007,0.43816648671251096,66.0,65.0,64.0,47.0,46.0,46.0,45.0,44.0,43.0,42.0,42.0,41.0,40.0,40.0,39.0,38.0,37.0,36.0,36.0,35.0
real,300,gulf,0,LSTM-ms,2,buffer,9,372,12.513812930971167,12.513812930971167,3.0393881304747903,,,,,,,,,,,,,,,,,,,,
real,300,gulf,0,LSTM-ms,2,crossing,0,10,16.883975091878387,16.883975091878387,0.7265987369601731,,,,,,,,,,,,,,,,,,,,
real,300,gulf,0,LSTM-ms,2,crossing,1,13,7.4040037153793525,7.4040037153793525,0.6812862931276688,,,,,,,,,,,,,,,,,,,,
real,300,gulf,0,LSTM-ms,2,crossing,2,86,5.760304175975345,5.760304175975345,0.43070136084856847,,,,,,,,,,,,,,,,,,61.0,60.0,59.0
real,300,gulf,0,LSTM-ms,2,crossing,3,104,27.875758564779026,27.875758564779026,0.5277625051233005,,,,,,,,,,,,,,,,,,,,
real,300,gulf,0,LSTM-ms,2,crossing,4,183,12.3579956026715,12.3579956026715,1.4017541523776427,,,,,,,,,,,,,,,,,,,,
real,300,gulf,0,LSTM-ms,2,crossing,5,218,18.124296062845538,18.124296062845538,0.08289215824428015,,,,,,,,,,,,,,,,,,,,
real,300,gulf,0,LSTM-ms,2,crossing,6,248,27.818297070681204,27.818297070681204,0.4478506649064095,,,,,,,,,,,,,,,,,,,,
real,300,gulf,0,LSTM-ms,2,crossing,7,278,3.430817796540821,3.430817796540821,0.5290115820195141,,,,,,,,,13.0,12.0,11.0,11.0,10.0,9.0,8.0,7.0,7.0,6.0,6.0,6.0
real,300,gulf,0,LSTM-ms,2,crossing,8,363,2.2486388852632007,2.2486388852632007,0.43816648671251096,,,,,66.0,66.0,65.0,64.0,47.0,46.0,46.0,45.0,44.0,44.0,43.0,42.0,41.0,41.0,40.0,39.0
real,300,gulf,0,LSTM-ms,2,crossing,9,372,12.513812930971167,12.513812930971167,3.0393881304747903,,,,,,,,,,,,,,,,,,,,
real,300,gulf,0,LSTM-rec,3,buffer,0,10,16.883975091878387,16.883975091878387,0.7265987369601731,,,,,,,,,,,,,,,,,,,,
real,300,gulf,0,LSTM-rec,3,buffer,1,13,7.4040037153793525,7.4040037153793525,0.6812862931276688,,,,,,,,,,,,,,,,,,,,
real,300,gulf,0,LSTM-rec,3,buffer,2,86,5.760304175975345,5.760304175975345,0.43070136084856847,,,,,,,,,,,,,,,,,,,,
real,300,gulf,0,LSTM-rec,3,buffer,3,104,27.875758564779026,27.875758564779026,0.5277625051233005,,,,,,,,,,,,,,,,,,,,
real,300,gulf,0,LSTM-rec,3,buffer,4,183,12.3579956026715,12.3579956026715,1.4017541523776427,,,,,,,,,,,,,,,,,,,,
real,300,gulf,0,LSTM-rec,3,buffer,5,218,18.124296062845538,18.124296062845538,0.08289215824428015,,,,,,,,,,,,,,,,,,,,
real,300,gulf,0,LSTM-rec,3,buffer,6,248,27.818297070681204,27.818297070681204,0.4478506649064095,,,,,,,,,,,,,,,,,,,,
real,300,gulf,0,LSTM-rec,3,buffer,7,278,3.430817796540821,3.430817796540821,0.5290115820195141,,,,,,13.0,13.0,12.0,12.0,12.0,12.0,12.0,12.0,12.0,12.0,12.0,12.0,12.0,12.0,12.0
real,300,gulf,0,LSTM-rec,3,buffer,8,363,2.2486388852632007,2.2486388852632007,0.43816648671251096,66.0,65.0,65.0,64.0,64.0,64.0,47.0,47.0,47.0,47.0,47.0,47.0,47.0,47.0,47.0,47.0,47.0,47.0,47.0,47.0
real,300,gulf,0,LSTM-rec,3,buffer,9,372,12.513812930971167,12.513812930971167,3.0393881304747903,,,,,,,,,,,,,,,,,,,,
real,300,gulf,0,LSTM-rec,3,crossing,0,10,16.883975091878387,16.883975091878387,0.7265987369601731,,,,,,,,,,,,,,,,,,,,
real,300,gulf,0,LSTM-rec,3,crossing,1,13,7.4040037153793525,7.4040037153793525,0.6812862931276688,,,,,,,,,,,,,,,,,,,,
real,300,gulf,0,LSTM-rec,3,crossing,2,86,5.760304175975345,5.760304175975345,0.43070136084856847,,,,,,,,,,,,,,,,,,,,
real,300,gulf,0,LSTM-rec,3,crossing,3,104,27.875758564779026,27.875758564779026,0.5277625051233005,,,,,,,,,,,,,,,,,,,,
real,300,gulf,0,LSTM-rec,3,crossing,4,183,12.3579956026715,12.3579956026715,1.4017541523776427,,,,,,,,,,,,,,,,,,,,
real,300,gulf,0,LSTM-rec,3,crossing,5,218,18.124296062845538,18.124296062845538,0.08289215824428015,,,,,,,,,,,,,,,,,,,,
real,300,gulf,0,LSTM-rec,3,crossing,6,248,27.818297070681204,27.818297070681204,0.4478506649064095,,,,,,,,,,,,,,,,,,,,
real,300,gulf,0,LSTM-rec,3,crossing,7,278,3.430817796540821,3.430817796540821,0.5290115820195141,,,,,,,,,,,,,,,,,,,,
real,300,gulf,0,LSTM-rec,3,crossing,8,363,2.2486388852632007,2.2486388852632007,0.43816648671251096,,,,,,,,,,,,,,,,,,,,
real,300,gulf,0,LSTM-rec,3,crossing,9,372,12.513812930971167,12.513812930971167,3.0393881304747903,,,,,,,,,,,,,,,,,,,,
real,300,gulf,0,LSTM-ms,3,buffer,0,10,16.883975091878387,16.883975091878387,0.7265987369601731,,,,,,,,,,,,,,,,,,,,
real,300,gulf,0,LSTM-ms,3,buffer,1,13,7.4040037153793525,7.4040037153793525,0.6812862931276688,,,,,,,,,,,,,,,,,,,,
real,300,gulf,0,LSTM-ms,3,buffer,2,86,5.760304175975345,5.760304175975345,0.43070136084856847,,,,,,,,,,,,,,,,,,,,
real,300,gulf,0,LSTM-ms,3,buffer,3,104,27.875758564779026,27.875758564779026,0.5277625051233005,,,,,,,,,,,,,,,,,,,,
real,300,gulf,0,LSTM-ms,3,buffer,4,183,12.3579956026715,12.3579956026715,1.4017541523776427,,,,,,,,,,,,,,,,,,,,
real,300,gulf,0,LSTM-ms,3,buffer,5,218,18.124296062845538,18.124296062845538,0.08289215824428015,,,,,,,,,,,,,,,,,,,,
real,300,gulf,0,LSTM-ms,3,buffer,6,248,27.818297070681204,27.818297070681204,0.4478506649064095,,,,,,,,,,,,,,,,,,,,
real,300,gulf,0,LSTM-ms,3,buffer,7,278,3.430817796540821,3.430817796540821,0.5290115820195141,,,,,,,,,,,,,,,,,,,,
real,300,gulf,0,LSTM-ms,3,buffer,8,363,2.2486388852632007,2.2486388852632007,0.43816648671251096,,,,,66.0,66.0,66.0,66.0,66.0,65.0,65.0,65.0,65.0,65.0,64.0,64.0,64.0,64.0,64.0,64.0
real,300,gulf,0,LSTM-ms,3,buffer,9,372,12.513812930971167,12.513812930971167,3.0393881304747903,,,,,,,,,,,,,,,,,,,,
real,300,gulf,0,LSTM-ms,3,crossing,0,10,16.883975091878387,16.883975091878387,0.7265987369601731,,,,,,,,,,,,,,,,,,,,
real,300,gulf,0,LSTM-ms,3,crossing,1,13,7.4040037153793525,7.4040037153793525,0.6812862931276688,,,,,,,,,,,,,,,,,,,,
real,300,gulf,0,LSTM-ms,3,crossing,2,86,5.760304175975345,5.760304175975345,0.43070136084856847,,,,,,,,,,,,,,,,,,,,
real,300,gulf,0,LSTM-ms,3,crossing,3,104,27.875758564779026,27.875758564779026,0.5277625051233005,,,,,,,,,,,,,,,,,,,,
real,300,gulf,0,LSTM-ms,3,crossing,4,183,12.3579956026715,12.3579956026715,1.4017541523776427,,,,,,,,,,,,,,,,,,,,
real,300,gulf,0,LSTM-ms,3,crossing,5,218,18.124296062845538,18.124296062845538,0.08289215824428015,,,,,,,,,,,,,,,,,,,,
real,300,gulf,0,LSTM-ms,3,crossing,6,248,27.818297070681204,27.818297070681204,0.4478506649064095,,,,,,,,,,,,,,,,,,,,
real,300,gulf,0,LSTM-ms,3,crossing,7,278,3.430817796540821,3.430817796540821,0.5290115820195141,,,,,,,,,,,,,,,,,,,,
real,300,gulf,0,LSTM-ms,3,crossing,8,363,2.2486388852632007,2.2486388852632007,0.43816648671251096,,,,,,,,,,,,,,,,,,,,
real,300,gulf,0,LSTM-ms,3,crossing,9,372,12.513812930971167,12.513812930971167,3.0393881304747903,,,,,,,,,,,,,,,,,,,,
real,300,gulf,0,LSTM-rec,4,buffer,0,10,16.883975091878387,16.883975091878387,0.7265987369601731,,,,,,,,,,,,,,,,,,,,
real,300,gulf,0,LSTM-rec,4,buffer,1,13,7.4040037153793525,7.4040037153793525,0.6812862931276688,,,,,,,,,,,,,,,,,,,,
real,300,gulf,0,LSTM-rec,4,buffer,2,86,5.760304175975345,5.760304175975345,0.43070136084856847,,,,,,,,,,,,,,,,,,,,
real,300,gulf,0,LSTM-rec,4,buffer,3,104,27.875758564779026,27.875758564779026,0.5277625051233005,,,,,,,,,,,,,,,,,,,,
real,300,gulf,0,LSTM-rec,4,buffer,4,183,12.3579956026715,12.3579956026715,1.4017541523776427,,,,,,,,,,,,,,,,,,,,
real,300,gulf,0,LSTM-rec,4,buffer,5,218,18.124296062845538,18.124296062845538,0.08289215824428015,,,,,,,,,,,,,,,,,,,,
real,300,gulf,0,LSTM-rec,4,buffer,6,248,27.818297070681204,27.818297070681204,0.4478506649064095,,,,,,,,,,,,,,,,,,,,
real,300,gulf,0,LSTM-rec,4,buffer,7,278,3.430817796540821,3.430817796540821,0.5290115820195141,,,,,,,,,,,,,,,,,,,,
real,300,gulf,0,LSTM-rec,4,buffer,8,363,2.2486388852632007,2.2486388852632007,0.43816648671251096,,,,,,,,,,,,,,,,,,,,
real,300,gulf,0,LSTM-rec,4,buffer,9,372,12.513812930971167,12.513812930971167,3.0393881304747903,,,,,,,,,,,,,,,,,,,,
real,300,gulf,0,LSTM-rec,4,crossing,0,10,16.883975091878387,16.883975091878387,0.7265987369601731,,,,,,,,,,,,,,,,,,,,
real,300,gulf,0,LSTM-rec,4,crossing,1,13,7.4040037153793525,7.4040037153793525,0.6812862931276688,,,,,,,,,,,,,,,,,,,,
real,300,gulf,0,LSTM-rec,4,crossing,2,86,5.760304175975345,5.760304175975345,0.43070136084856847,,,,,,,,,,,,,,,,,,,,
real,300,gulf,0,LSTM-rec,4,crossing,3,104,27.875758564779026,27.875758564779026,0.5277625051233005,,,,,,,,,,,,,,,,,,,,
real,300,gulf,0,LSTM-rec,4,crossing,4,183,12.3579956026715,12.3579956026715,1.4017541523776427,,,,,,,,,,,,,,,,,,,,
real,300,gulf,0,LSTM-rec,4,crossing,5,218,18.124296062845538,18.124296062845538,0.08289215824428015,,,,,,,,,,,,,,,,,,,,
real,300,gulf,0,LSTM-rec,4,crossing,6,248,27.818297070681204,27.818297070681204,0.4478506649064095,,,,,,,,,,,,,,,,,,,,
real,300,gulf,0,LSTM-rec,4,crossing,7,278,3.430817796540821,3.430817796540821,0.5290115820195141,,,,,,,,,,,,,,,,,,,,
real,300,gulf,0,LSTM-rec,4,crossing,8,363,2.2486388852632007,2.2486388852632007,0.43816648671251096,,,,,,,,,,,,,,,,,,,,
real,300,gulf,0,LSTM-rec,4,crossing,9,372,12.513812930971167,12.513812930971167,3.0393881304747903,,,,,,,,,,,,,,,,,,,,
real,300,gulf,0,LSTM-ms,4,buffer,0,10,16.883975091878387,16.883975091878387,0.7265987369601731,,,,,,,,,,,,,,,,,,,,
real,300,gulf,0,LSTM-ms,4,buffer,1,13,7.4040037153793525,7.4040037153793525,0.6812862931276688,,,,,,,,,,,,,,,,,,,,
real,300,gulf,0,LSTM-ms,4,buffer,2,86,5.760304175975345,5.760304175975345,0.43070136084856847,,,,,,,,,,,,,,,,,,,,
real,300,gulf,0,LSTM-ms,4,buffer,3,104,27.875758564779026,27.875758564779026,0.5277625051233005,,,,,,,,,,,,,,,,,,,,
real,300,gulf,0,LSTM-ms,4,buffer,4,183,12.3579956026715,12.3579956026715,1.4017541523776427,,,,,,,,,,,,,,,,,,,,
real,300,gulf,0,LSTM-ms,4,buffer,5,218,18.124296062845538,18.124296062845538,0.08289215824428015,,,,,,,,,,,,,,,,,,,,
real,300,gulf,0,LSTM-ms,4,buffer,6,248,27.818297070681204,27.818297070681204,0.4478506649064095,,,,,,,,,,,,,,,,,,,,
real,300,gulf,0,LSTM-ms,4,buffer,7,278,3.430817796540821,3.430817796540821,0.5290115820195141,,,,,13.0,12.0,12.0,11.0,11.0,10.0,10.0,9.0,9.0,8.0,8.0,7.0,7.0,7.0,6.0,6.0
real,300,gulf,0,LSTM-ms,4,buffer,8,363,2.2486388852632007,2.2486388852632007,0.43816648671251096,66.0,66.0,65.0,64.0,47.0,47.0,46.0,46.0,45.0,45.0,44.0,44.0,43.0,43.0,43.0,42.0,42.0,42.0,41.0,41.0
real,300,gulf,0,LSTM-ms,4,buffer,9,372,12.513812930971167,12.513812930971167,3.0393881304747903,,,,,,,,,,,,,,,,,,,,
real,300,gulf,0,LSTM-ms,4,crossing,0,10,16.883975091878387,16.883975091878387,0.7265987369601731,,,,,,,,,,,,,,,,,,,,
real,300,gulf,0,LSTM-ms,4,crossing,1,13,7.4040037153793525,7.4040037153793525,0.6812862931276688,,,,,,,,,,,,,,,,,,,,
real,300,gulf,0,LSTM-ms,4,crossing,2,86,5.760304175975345,5.760304175975345,0.43070136084856847,,,,,,,,,,,,,,,,,,,,
real,300,gulf,0,LSTM-ms,4,crossing,3,104,27.875758564779026,27.875758564779026,0.5277625051233005,,,,,,,,,,,,,,,,,,,,
real,300,gulf,0,LSTM-ms,4,crossing,4,183,12.3579956026715,12.3579956026715,1.4017541523776427,,,,,,,,,,,,,,,,,,,,
real,300,gulf,0,LSTM-ms,4,crossing,5,218,18.124296062845538,18.124296062845538,0.08289215824428015,,,,,,,,,,,,,,,,,,,,
real,300,gulf,0,LSTM-ms,4,crossing,6,248,27.818297070681204,27.818297070681204,0.4478506649064095,,,,,,,,,,,,,,,,,,,,
real,300,gulf,0,LSTM-ms,4,crossing,7,278,3.430817796540821,3.430817796540821,0.5290115820195141,,,,,,,,,,,,,13.0,12.0,12.0,12.0,11.0,11.0,11.0,10.0
real,300,gulf,0,LSTM-ms,4,crossing,8,363,2.2486388852632007,2.2486388852632007,0.43816648671251096,,,,,,,66.0,66.0,66.0,65.0,64.0,64.0,63.0,47.0,47.0,46.0,46.0,46.0,45.0,45.0
real,300,gulf,0,LSTM-ms,4,crossing,9,372,12.513812930971167,12.513812930971167,3.0393881304747903,,,,,,,,,,,,,,,,,,,,
real,300,gulf,1,Reactive,0,zone,0,2,18.160357185802965,18.160357185802965,0.4157646882366246,,,,,,,,,,,,,,,,,,,,
real,300,gulf,1,Reactive,0,zone,1,33,2.986611120337194,2.986611120337194,0.056251242017248106,,,,,,,,,,,,,,,,,,,,
real,300,gulf,1,Reactive,0,zone,2,67,5.43893650912851,5.43893650912851,0.5191709353475291,,,,,,,,,,,,,,,,,,,,
real,300,gulf,1,Reactive,0,zone,3,138,2.833003496658495,2.833003496658495,0.014378855073286817,,,,,,,,,,,,,,,,,,,,
real,300,gulf,1,Reactive,0,zone,4,212,3.0070642646448764,3.0070642646448764,0.015002681258598643,,,,,,,,,,,,,,,,,,,,
real,300,gulf,1,Reactive,0,zone,5,256,5.249376116475457,5.249376116475457,0.12748490337181978,,,,,,,,,,,,,,,,,,,,
real,300,gulf,1,Reactive,0,zone,6,258,3.1153877917690904,3.1153877917690904,0.019721043392981162,,,,,,,,,,,,,,,,,,,,
real,300,gulf,1,Reactive,0,zone,7,266,3.1076535724180134,3.1076535724180134,0.44897403808787134,,,,,,,,,,,,,,,,,,,,
real,300,gulf,1,Reactive,0,zone,8,343,3.891232830662605,3.891232830662605,0.3897944343919547,,,,,,,,,,,,,,,,,,,,
real,300,gulf,1,Reactive,0,zone,9,347,4.364041267698031,4.364041267698031,0.41303795632826884,,,,,,,,,,,,,,,,,,,,
real,300,gulf,1,Reactive,0,zone,10,388,22.85265109305017,22.85265109305017,0.41440571829487477,,,,,,,,,,,,,,,,,,,,
real,300,gulf,1,Reactive,0,zone,11,425,8.346256747865883,8.346256747865883,0.00655001583930286,,,,,,,,,,,,,,,,,,,,
real,300,gulf,1,Reactive,0,zone,12,465,3.0033049334524042,3.0033049334524042,0.054031880073734655,,,,,,,,,,,,,,,,,,,,
real,300,gulf,1,Reactive,0,zone,13,481,3.7554712473041567,3.7554712473041567,0.07736042009887108,,,,,,,,,,,,,,,,,,,,
real,300,gulf,1,Analytic,0,buffer,0,2,18.160357185802965,18.160357185802965,0.4157646882366246,,,,,,,,,,,,,,,,,,,,
real,300,gulf,1,Analytic,0,buffer,1,33,2.986611120337194,2.986611120337194,0.056251242017248106,,,,222.0,221.0,220.0,220.0,219.0,219.0,219.0,219.0,219.0,218.0,218.0,218.0,218.0,218.0,218.0,218.0,218.0
real,300,gulf,1,Analytic,0,buffer,2,67,5.43893650912851,5.43893650912851,0.5191709353475291,,,,,,,,,,,,,,,20.0,19.0,17.0,16.0,15.0,13.0
real,300,gulf,1,Analytic,0,buffer,3,138,2.833003496658495,2.833003496658495,0.014378855073286817,,,643.0,26.0,26.0,25.0,25.0,25.0,25.0,24.0,24.0,24.0,24.0,24.0,24.0,24.0,24.0,24.0,24.0,24.0
real,300,gulf,1,Analytic,0,buffer,4,212,3.0070642646448764,3.0070642646448764,0.015002681258598643,,,,576.0,575.0,571.0,570.0,570.0,569.0,569.0,569.0,568.0,568.0,568.0,568.0,568.0,568.0,568.0,568.0,568.0
real,300,gulf,1,Analytic,0,buffer,5,256,5.249376116475457,5.249376116475457,0.12748490337181978,,,,,,,,,173.0,172.0,170.0,169.0,169.0,169.0,169.0,168.0,168.0,168.0,168.0,168.0
real,300,gulf,1,Analytic,0,buffer,6,258,3.1153877917690904,3.1153877917690904,0.019721043392981162,,,,,161.0,161.0,161.0,160.0,160.0,160.0,160.0,160.0,159.0,159.0,159.0,159.0,159.0,159.0,158.0,158.0
real,300,gulf,1,Analytic,0,buffer,7,266,3.1076535724180134,3.1076535724180134,0.44897403808787134,,,,,,,,,,,21.0,20.0,20.0,6.0,6.0,6.0,6.0,6.0,6.0,6.0
real,300,gulf,1,Analytic,0,buffer,8,343,3.891232830662605,3.891232830662605,0.3897944343919547,,,,,,,,,94.0,93.0,92.0,91.0,88.0,87.0,86.0,85.0,85.0,84.0,84.0,83.0
real,300,gulf,1,Analytic,0,buffer,9,347,4.364041267698031,4.364041267698031,0.41303795632826884,,,,,,,61.0,61.0,60.0,60.0,59.0,59.0,58.0,58.0,57.0,57.0,56.0,55.0,55.0,55.0
real,300,gulf,1,Analytic,0,buffer,10,388,22.85265109305017,22.85265109305017,0.41440571829487477,,,,,,,,,,,,,,,,,,,,
real,300,gulf,1,Analytic,0,buffer,11,425,8.346256747865883,8.346256747865883,0.00655001583930286,,,,,,,,,620.0,617.0,616.0,615.0,614.0,613.0,612.0,611.0,610.0,608.0,607.0,606.0
real,300,gulf,1,Analytic,0,buffer,12,465,3.0033049334524042,3.0033049334524042,0.054031880073734655,,,153.0,152.0,152.0,151.0,151.0,151.0,150.0,150.0,150.0,150.0,150.0,150.0,150.0,150.0,150.0,149.0,149.0,149.0
real,300,gulf,1,Analytic,0,buffer,13,481,3.7554712473041567,3.7554712473041567,0.07736042009887108,,,,,,,,,,103.0,103.0,101.0,99.0,98.0,97.0,97.0,96.0,96.0,96.0,95.0
real,300,gulf,1,Analytic,0,crossing,0,2,18.160357185802965,18.160357185802965,0.4157646882366246,,,,,,,,,,,,,,,,,,,,
real,300,gulf,1,Analytic,0,crossing,1,33,2.986611120337194,2.986611120337194,0.056251242017248106,,,,,,,221.0,221.0,220.0,220.0,219.0,219.0,219.0,219.0,219.0,219.0,219.0,218.0,218.0,218.0
real,300,gulf,1,Analytic,0,crossing,2,67,5.43893650912851,5.43893650912851,0.5191709353475291,,,,,,,,,,,,,,,,,,20.0,19.0,17.0
real,300,gulf,1,Analytic,0,crossing,3,138,2.833003496658495,2.833003496658495,0.014378855073286817,,,,,,27.0,26.0,26.0,25.0,25.0,25.0,25.0,25.0,25.0,24.0,24.0,24.0,24.0,24.0,24.0
real,300,gulf,1,Analytic,0,crossing,4,212,3.0070642646448764,3.0070642646448764,0.015002681258598643,,,,,,,,,577.0,571.0,570.0,570.0,569.0,569.0,569.0,569.0,569.0,568.0,568.0,568.0
real,300,gulf,1,Analytic,0,crossing,5,256,5.249376116475457,5.249376116475457,0.12748490337181978,,,,,,,,,,,,,,173.0,171.0,169.0,169.0,169.0,169.0,169.0
real,300,gulf,1,Analytic,0,crossing,6,258,3.1153877917690904,3.1153877917690904,0.019721043392981162,,,,,,,,,,,,,161.0,161.0,161.0,161.0,161.0,160.0,160.0,160.0
real,300,gulf,1,Analytic,0,crossing,7,266,3.1076535724180134,3.1076535724180134,0.44897403808787134,,,,,,,,,,,,,,,,,,,,
real,300,gulf,1,Analytic,0,crossing,8,343,3.891232830662605,3.891232830662605,0.3897944343919547,,,,,,,,,,,,,,,,,93.0,93.0,92.0,87.0
real,300,gulf,1,Analytic,0,crossing,9,347,4.364041267698031,4.364041267698031,0.41303795632826884,,,,,,,,,,,,,61.0,61.0,60.0,60.0,60.0,59.0,59.0,58.0
real,300,gulf,1,Analytic,0,crossing,10,388,22.85265109305017,22.85265109305017,0.41440571829487477,,,,,,,,,,,,,,,,,,,,
real,300,gulf,1,Analytic,0,crossing,11,425,8.346256747865883,8.346256747865883,0.00655001583930286,,,,,,,,,,,620.0,617.0,616.0,615.0,614.0,613.0,612.0,611.0,609.0,607.0
real,300,gulf,1,Analytic,0,crossing,12,465,3.0033049334524042,3.0033049334524042,0.054031880073734655,,,,,153.0,152.0,152.0,152.0,151.0,151.0,151.0,151.0,151.0,150.0,150.0,150.0,150.0,150.0,150.0,150.0
real,300,gulf,1,Analytic,0,crossing,13,481,3.7554712473041567,3.7554712473041567,0.07736042009887108,,,,,,,,,,,,,,,,,,,103.0,103.0
real,300,gulf,1,ConstVel,0,buffer,0,2,18.160357185802965,18.160357185802965,0.4157646882366246,,,,,,,,,,,,,,,,,,,,
real,300,gulf,1,ConstVel,0,buffer,1,33,2.986611120337194,2.986611120337194,0.056251242017248106,,,227.0,227.0,221.0,219.0,218.0,199.0,199.0,199.0,199.0,199.0,199.0,199.0,199.0,199.0,199.0,199.0,199.0,199.0
real,300,gulf,1,ConstVel,0,buffer,2,67,5.43893650912851,5.43893650912851,0.5191709353475291,,,,,,,,,,,,,74.0,74.0,20.0,19.0,18.0,16.0,14.0,13.0
real,300,gulf,1,ConstVel,0,buffer,3,138,2.833003496658495,2.833003496658495,0.014378855073286817,,643.0,642.0,25.0,24.0,23.0,23.0,23.0,23.0,23.0,23.0,23.0,23.0,23.0,23.0,23.0,23.0,23.0,23.0,23.0
real,300,gulf,1,ConstVel,0,buffer,4,212,3.0070642646448764,3.0070642646448764,0.015002681258598643,,,,574.0,574.0,574.0,567.0,567.0,567.0,567.0,567.0,567.0,567.0,567.0,567.0,566.0,566.0,566.0,566.0,566.0
real,300,gulf,1,ConstVel,0,buffer,5,256,5.249376116475457,5.249376116475457,0.12748490337181978,,,,,,,,,,172.0,171.0,170.0,168.0,166.0,166.0,165.0,165.0,165.0,165.0,165.0
real,300,gulf,1,ConstVel,0,buffer,6,258,3.1153877917690904,3.1153877917690904,0.019721043392981162,,,,,,158.0,158.0,158.0,158.0,157.0,157.0,157.0,157.0,157.0,157.0,157.0,157.0,157.0,157.0,157.0
real,300,gulf,1,ConstVel,0,buffer,7,266,3.1076535724180134,3.1076535724180134,0.44897403808787134,,,,,,,44.0,43.0,43.0,43.0,20.0,20.0,18.0,18.0,6.0,6.0,6.0,6.0,6.0,6.0
real,300,gulf,1,ConstVel,0,buffer,8,343,3.891232830662605,3.891232830662605,0.3897944343919547,,,,,,,,93.0,92.0,92.0,92.0,92.0,87.0,87.0,84.0,84.0,84.0,84.0,83.0,82.0
real,300,gulf,1,ConstVel,0,buffer,9,347,4.364041267698031,4.364041267698031,0.41303795632826884,,,,,,60.0,60.0,60.0,60.0,59.0,59.0,58.0,58.0,55.0,55.0,55.0,55.0,55.0,55.0,54.0
real,300,gulf,1,ConstVel,0,buffer,10,388,22.85265109305017,22.85265109305017,0.41440571829487477,,,,,,,,,,,,,,,,,,,,
real,300,gulf,1,ConstVel,0,buffer,11,425,8.346256747865883,8.346256747865883,0.00655001583930286,,,,,,,,,,,616.0,349.0,349.0,349.0,349.0,349.0,349.0,349.0,349.0,349.0
real,300,gulf,1,ConstVel,0,buffer,12,465,3.0033049334524042,3.0033049334524042,0.054031880073734655,,,,151.0,149.0,149.0,149.0,149.0,149.0,149.0,149.0,149.0,31.0,31.0,31.0,31.0,31.0,30.0,30.0,30.0
real,300,gulf,1,ConstVel,0,buffer,13,481,3.7554712473041567,3.7554712473041567,0.07736042009887108,,,,,,103.0,103.0,103.0,103.0,103.0,103.0,97.0,97.0,97.0,97.0,96.0,95.0,94.0,94.0,94.0
real,300,gulf,1,ConstVel,0,crossing,0,2,18.160357185802965,18.160357185802965,0.4157646882366246,,,,,,,,,,,,,,,,,,,,
real,300,gulf,1,ConstVel,0,crossing,1,33,2.986611120337194,2.986611120337194,0.056251242017248106,,,,,,,,219.0,218.0,218.0,199.0,199.0,199.0,199.0,199.0,199.0,199.0,199.0,199.0,199.0
real,300,gulf,1,ConstVel,0,crossing,2,67,5.43893650912851,5.43893650912851,0.5191709353475291,,,,,,,,,,,,,,,,,,20.0,19.0,18.0
real,300,gulf,1,ConstVel,0,crossing,3,138,2.833003496658495,2.833003496658495,0.014378855073286817,,,,,,643.0,24.0,23.0,23.0,23.0,23.0,23.0,23.0,23.0,23.0,23.0,23.0,23.0,23.0,23.0
real,300,gulf,1,ConstVel,0,crossing,4,212,3.0070642646448764,3.0070642646448764,0.015002681258598643,,,,,,,,574.0,567.0,567.0,567.0,567.0,567.0,567.0,567.0,567.0,567.0,567.0,567.0,567.0
real,300,gulf,1,ConstVel,0,crossing,5,256,5.249376116475457,5.249376116475457,0.12748490337181978,,,,,,,,,,,,,,172.0,172.0,171.0,168.0,166.0,166.0,165.0
real,300,gulf,1,ConstVel,0,crossing,6,258,3.1153877917690904,3.1153877917690904,0.019721043392981162,,,,,,,,,,,158.0,158.0,158.0,158.0,158.0,158.0,158.0,157.0,157.0,157.0
real,300,gulf,1,ConstVel,0,crossing,7,266,3.1076535724180134,3.1076535724180134,0.44897403808787134,,,,,,,,,,,,,,,,44.0,43.0,43.0,43.0,43.0
real,300,gulf,1,ConstVel,0,crossing,8,343,3.891232830662605,3.891232830662605,0.3897944343919547,,,,,,,,,,,,,,,92.0,92.0,92.0,92.0,87.0,87.0
real,300,gulf,1,ConstVel,0,crossing,9,347,4.364041267698031,4.364041267698031,0.41303795632826884,,,,,,,,,,60.0,60.0,60.0,60.0,60.0,60.0,59.0,59.0,59.0,58.0,55.0
real,300,gulf,1,ConstVel,0,crossing,10,388,22.85265109305017,22.85265109305017,0.41440571829487477,,,,,,,,,,,,,,,,,,,,
real,300,gulf,1,ConstVel,0,crossing,11,425,8.346256747865883,8.346256747865883,0.00655001583930286,,,,,,,,,,,,,616.0,615.0,349.0,349.0,349.0,349.0,349.0,349.0
real,300,gulf,1,ConstVel,0,crossing,12,465,3.0033049334524042,3.0033049334524042,0.054031880073734655,,,,,,,149.0,149.0,149.0,149.0,149.0,149.0,149.0,149.0,149.0,149.0,31.0,31.0,31.0,31.0
real,300,gulf,1,ConstVel,0,crossing,13,481,3.7554712473041567,3.7554712473041567,0.07736042009887108,,,,,,,,,,,,,103.0,103.0,103.0,103.0,103.0,103.0,103.0,97.0
real,300,gulf,1,Kalman,0,buffer,0,2,18.160357185802965,18.160357185802965,0.4157646882366246,,,,,,,,,,,,,,,,,,,,
real,300,gulf,1,Kalman,0,buffer,1,33,2.986611120337194,2.986611120337194,0.056251242017248106,,,,227.0,221.0,219.0,218.0,218.0,218.0,217.0,217.0,199.0,199.0,199.0,199.0,199.0,199.0,199.0,199.0,199.0
real,300,gulf,1,Kalman,0,buffer,2,67,5.43893650912851,5.43893650912851,0.5191709353475291,,,,,,,,,,,,,,,20.0,19.0,18.0,16.0,14.0,13.0
real,300,gulf,1,Kalman,0,buffer,3,138,2.833003496658495,2.833003496658495,0.014378855073286817,,643.0,643.0,25.0,24.0,24.0,24.0,23.0,23.0,23.0,23.0,23.0,23.0,23.0,23.0,23.0,23.0,23.0,23.0,23.0
real,300,gulf,1,Kalman,0,buffer,4,212,3.0070642646448764,3.0070642646448764,0.015002681258598643,,,,576.0,574.0,574.0,568.0,568.0,567.0,567.0,567.0,567.0,567.0,567.0,567.0,567.0,567.0,567.0,567.0,567.0
real,300,gulf,1,Kalman,0,buffer,5,256,5.249376116475457,5.249376116475457,0.12748490337181978,,,,,,,,,,172.0,171.0,170.0,168.0,167.0,167.0,167.0,166.0,166.0,166.0,166.0
real,300,gulf,1,Kalman,0,buffer,6,258,3.1153877917690904,3.1153877917690904,0.019721043392981162,,,,,,160.0,158.0,158.0,158.0,158.0,158.0,158.0,158.0,158.0,158.0,158.0,157.0,157.0,157.0,157.0
real,300,gulf,1,Kalman,0,buffer,7,266,3.1076535724180134,3.1076535724180134,0.44897403808787134,,,,,,,,44.0,44.0,44.0,21.0,20.0,19.0,18.0,6.0,6.0,6.0,6.0,6.0,6.0
real,300,gulf,1,Kalman,0,buffer,8,343,3.891232830662605,3.891232830662605,0.3897944343919547,,,,,,,,,93.0,92.0,92.0,92.0,92.0,87.0,85.0,84.0,84.0,84.0,83.0,83.0
real,300,gulf,1,Kalman,0,buffer,9,347,4.364041267698031,4.364041267698031,0.41303795632826884,,,,,,,60.0,60.0,60.0,60.0,59.0,59.0,58.0,57.0,56.0,55.0,55.0,55.0,55.0,55.0
real,300,gulf,1,Kalman,0,buffer,10,388,22.85265109305017,22.85265109305017,0.41440571829487477,,,,,,,,,,,,,,,,,,,,
real,300,gulf,1,Kalman,0,buffer,11,425,8.346256747865883,8.346256747865883,0.00655001583930286,,,,,,,,,,,616.0,615.0,614.0,350.0,350.0,350.0,350.0,350.0,350.0,349.0
real,300,gulf,1,Kalman,0,buffer,12,465,3.0033049334524042,3.0033049334524042,0.054031880073734655,,,154.0,151.0,150.0,150.0,149.0,149.0,149.0,149.0,149.0,149.0,149.0,149.0,149.0,31.0,31.0,31.0,31.0,31.0
real,300,gulf,1,Kalman,0,buffer,13,481,3.7554712473041567,3.7554712473041567,0.07736042009887108,,,,,,,,103.0,103.0,103.0,103.0,103.0,97.0,97.0,97.0,96.0,95.0,95.0,94.0,94.0
real,300,gulf,1,Kalman,0,crossing,0,2,18.160357185802965,18.160357185802965,0.4157646882366246,,,,,,,,,,,,,,,,,,,,
real,300,gulf,1,Kalman,0,crossing,1,33,2.986611120337194,2.986611120337194,0.056251242017248106,,,,,,,,219.0,219.0,218.0,218.0,218.0,218.0,217.0,199.0,199.0,199.0,199.0,199.0,199.0
real,300,gulf,1,Kalman,0,crossing,2,67,5.43893650912851,5.43893650912851,0.5191709353475291,,,,,,,,,,,,,,,,,,20.0,19.0,18.0
real,300,gulf,1,Kalman,0,crossing,3,138,2.833003496658495,2.833003496658495,0.014378855073286817,,,,,655.0,26.0,25.0,24.0,24.0,24.0,23.0,23.0,23.0,23.0,23.0,23.0,23.0,23.0,23.0,23.0
real,300,gulf,1,Kalman,0,crossing,4,212,3.0070642646448764,3.0070642646448764,0.015002681258598643,,,,,,,,,574.0,568.0,568.0,567.0,567.0,567.0,567.0,567.0,567.0,567.0,567.0,567.0
real,300,gulf,1,Kalman,0,crossing,5,256,5.249376116475457,5.249376116475457,0.12748490337181978,,,,,,,,,,,,,,172.0,172.0,171.0,168.0,167.0,167.0,167.0
real,300,gulf,1,Kalman,0,crossing,6,258,3.1153877917690904,3.1153877917690904,0.019721043392981162,,,,,,,,,,,,,,158.0,158.0,158.0,158.0,158.0,158.0,158.0
real,300,gulf,1,Kalman,0,crossing,7,266,3.1076535724180134,3.1076535724180134,0.44897403808787134,,,,,,,,,,,,,,,,,44.0,44.0,44.0,44.0
real,300,gulf,1,Kalman,0,crossing,8,343,3.891232830662605,3.891232830662605,0.3897944343919547,,,,,,,,,,,,,,,93.0,93.0,92.0,92.0,92.0,87.0
real,300,gulf,1,Kalman,0,crossing,9,347,4.364041267698031,4.364041267698031,0.41303795632826884,,,,,,,,,,,,60.0,60.0,60.0,60.0,60.0,59.0,59.0,58.0,58.0
real,300,gulf,1,Kalman,0,crossing,10,388,22.85265109305017,22.85265109305017,0.41440571829487477,,,,,,,,,,,,,,,,,,,,
real,300,gulf,1,Kalman,0,crossing,11,425,8.346256747865883,8.346256747865883,0.00655001583930286,,,,,,,,,,,,617.0,616.0,615.0,614.0,613.0,612.0,350.0,350.0,350.0
real,300,gulf,1,Kalman,0,crossing,12,465,3.0033049334524042,3.0033049334524042,0.054031880073734655,,,,,,152.0,151.0,150.0,150.0,149.0,149.0,149.0,149.0,149.0,149.0,149.0,149.0,149.0,149.0,149.0
real,300,gulf,1,Kalman,0,crossing,13,481,3.7554712473041567,3.7554712473041567,0.07736042009887108,,,,,,,,,,,,,,,103.0,103.0,103.0,103.0,103.0,103.0
real,300,gulf,1,LSTM-rec,0,buffer,0,2,18.160357185802965,18.160357185802965,0.4157646882366246,,,,,,,,,,,,,,,,,,,,
real,300,gulf,1,LSTM-rec,0,buffer,1,33,2.986611120337194,2.986611120337194,0.056251242017248106,,,,,,,222.0,221.0,221.0,220.0,220.0,220.0,219.0,219.0,219.0,219.0,219.0,219.0,219.0,219.0
real,300,gulf,1,LSTM-rec,0,buffer,2,67,5.43893650912851,5.43893650912851,0.5191709353475291,,,,,,,,,,,,,,,,,,,,
real,300,gulf,1,LSTM-rec,0,buffer,3,138,2.833003496658495,2.833003496658495,0.014378855073286817,,,643.0,643.0,26.0,25.0,25.0,25.0,25.0,25.0,24.0,24.0,24.0,24.0,24.0,24.0,24.0,24.0,24.0,24.0
real,300,gulf,1,LSTM-rec,0,buffer,4,212,3.0070642646448764,3.0070642646448764,0.015002681258598643,,,,,,,,,,,,,,,,,,,,
real,300,gulf,1,LSTM-rec,0,buffer,5,256,5.249376116475457,5.249376116475457,0.12748490337181978,,,,,,,,,,,,,,,,,,,,
real,300,gulf,1,LSTM-rec,0,buffer,6,258,3.1153877917690904,3.1153877917690904,0.019721043392981162,,,,,,,,,,,,,,,,,,,,
real,300,gulf,1,LSTM-rec,0,buffer,7,266,3.1076535724180134,3.1076535724180134,0.44897403808787134,,,,,,,,,,,,,,,,,,,,
real,300,gulf,1,LSTM-rec,0,buffer,8,343,3.891232830662605,3.891232830662605,0.3897944343919547,,,,,,,,,,,,,,,,,,,,
real,300,gulf,1,LSTM-rec,0,buffer,9,347,4.364041267698031,4.364041267698031,0.41303795632826884,,,,,,,,,,,,,,,,,,,,
real,300,gulf,1,LSTM-rec,0,buffer,10,388,22.85265109305017,22.85265109305017,0.41440571829487477,,,,,,,,,,,,,,,,,,,,
real,300,gulf,1,LSTM-rec,0,buffer,11,425,8.346256747865883,8.346256747865883,0.00655001583930286,,,,,,,,,,,,,,,,,,,,
real,300,gulf,1,LSTM-rec,0,buffer,12,465,3.0033049334524042,3.0033049334524042,0.054031880073734655,,,,154.0,152.0,151.0,151.0,151.0,151.0,151.0,151.0,150.0,150.0,150.0,150.0,150.0,150.0,150.0,150.0,150.0
real,300,gulf,1,LSTM-rec,0,buffer,13,481,3.7554712473041567,3.7554712473041567,0.07736042009887108,,,,,,,,,,,,,,,,,,,,
real,300,gulf,1,LSTM-rec,0,crossing,0,2,18.160357185802965,18.160357185802965,0.4157646882366246,,,,,,,,,,,,,,,,,,,,
real,300,gulf,1,LSTM-rec,0,crossing,1,33,2.986611120337194,2.986611120337194,0.056251242017248106,,,,,,,,,,,,,,,,,,,,
real,300,gulf,1,LSTM-rec,0,crossing,2,67,5.43893650912851,5.43893650912851,0.5191709353475291,,,,,,,,,,,,,,,,,,,,
real,300,gulf,1,LSTM-rec,0,crossing,3,138,2.833003496658495,2.833003496658495,0.014378855073286817,,,,,,,,,655.0,655.0,655.0,655.0,26.0,26.0,26.0,26.0,26.0,26.0,26.0,26.0
real,300,gulf,1,LSTM-rec,0,crossing,4,212,3.0070642646448764,3.0070642646448764,0.015002681258598643,,,,,,,,,,,,,,,,,,,,
real,300,gulf,1,LSTM-rec,0,crossing,5,256,5.249376116475457,5.249376116475457,0.12748490337181978,,,,,,,,,,,,,,,,,,,,
real,300,gulf,1,LSTM-rec,0,crossing,6,258,3.1153877917690904,3.1153877917690904,0.019721043392981162,,,,,,,,,,,,,,,,,,,,
real,300,gulf,1,LSTM-rec,0,crossing,7,266,3.1076535724180134,3.1076535724180134,0.44897403808787134,,,,,,,,,,,,,,,,,,,,
real,300,gulf,1,LSTM-rec,0,crossing,8,343,3.891232830662605,3.891232830662605,0.3897944343919547,,,,,,,,,,,,,,,,,,,,
real,300,gulf,1,LSTM-rec,0,crossing,9,347,4.364041267698031,4.364041267698031,0.41303795632826884,,,,,,,,,,,,,,,,,,,,
real,300,gulf,1,LSTM-rec,0,crossing,10,388,22.85265109305017,22.85265109305017,0.41440571829487477,,,,,,,,,,,,,,,,,,,,
real,300,gulf,1,LSTM-rec,0,crossing,11,425,8.346256747865883,8.346256747865883,0.00655001583930286,,,,,,,,,,,,,,,,,,,,
real,300,gulf,1,LSTM-rec,0,crossing,12,465,3.0033049334524042,3.0033049334524042,0.054031880073734655,,,,,,,,,,,,,152.0,152.0,152.0,152.0,152.0,152.0,152.0,152.0
real,300,gulf,1,LSTM-rec,0,crossing,13,481,3.7554712473041567,3.7554712473041567,0.07736042009887108,,,,,,,,,,,,,,,,,,,,
real,300,gulf,1,LSTM-ms,0,buffer,0,2,18.160357185802965,18.160357185802965,0.4157646882366246,,,,,,,,,,,,,,,,,,,,
real,300,gulf,1,LSTM-ms,0,buffer,1,33,2.986611120337194,2.986611120337194,0.056251242017248106,,,228.0,222.0,221.0,220.0,219.0,219.0,219.0,218.0,218.0,218.0,218.0,218.0,218.0,218.0,217.0,217.0,217.0,199.0
real,300,gulf,1,LSTM-ms,0,buffer,2,67,5.43893650912851,5.43893650912851,0.5191709353475291,,,,,,,,,,,,,75.0,52.0,51.0,50.0,20.0,20.0,19.0,18.0
real,300,gulf,1,LSTM-ms,0,buffer,3,138,2.833003496658495,2.833003496658495,0.014378855073286817,,643.0,643.0,26.0,25.0,25.0,25.0,24.0,24.0,24.0,24.0,24.0,23.0,23.0,23.0,23.0,23.0,23.0,23.0,23.0
real,300,gulf,1,LSTM-ms,0,buffer,4,212,3.0070642646448764,3.0070642646448764,0.015002681258598643,,,577.0,575.0,574.0,571.0,570.0,569.0,568.0,568.0,568.0,568.0,568.0,567.0,567.0,567.0,567.0,567.0,567.0,567.0
real,300,gulf,1,LSTM-ms,0,buffer,5,256,5.249376116475457,5.249376116475457,0.12748490337181978,,,,,,,,,,172.0,170.0,169.0,169.0,168.0,168.0,168.0,168.0,168.0,168.0,167.0
real,300,gulf,1,LSTM-ms,0,buffer,6,258,3.1153877917690904,3.1153877917690904,0.019721043392981162,,,,161.0,160.0,159.0,158.0,158.0,158.0,158.0,158.0,158.0,157.0,157.0,157.0,6.0,6.0,6.0,6.0,6.0
real,300,gulf,1,LSTM-ms,0,buffer,7,266,3.1076535724180134,3.1076535724180134,0.44897403808787134,,,,,30.0,21.0,20.0,19.0,18.0,17.0,15.0,6.0,6.0,6.0,6.0,6.0,6.0,6.0,6.0,6.0
real,300,gulf,1,LSTM-ms,0,buffer,8,343,3.891232830662605,3.891232830662605,0.3897944343919547,,,,,,,93.0,92.0,92.0,90.0,88.0,87.0,86.0,85.0,84.0,84.0,83.0,82.0,82.0,81.0
real,300,gulf,1,LSTM-ms,0,buffer,9,347,4.364041267698031,4.364041267698031,0.41303795632826884,,,,,,61.0,60.0,60.0,59.0,58.0,58.0,57.0,56.0,55.0,55.0,54.0,52.0,51.0,50.0,49.0
real,300,gulf,1,LSTM-ms,0,buffer,10,388,22.85265109305017,22.85265109305017,0.41440571829487477,,,,,,,,,,,,,,,,,,,,
real,300,gulf,1,LSTM-ms,0,buffer,11,425,8.346256747865883,8.346256747865883,0.00655001583930286,,,,,,,,,,,,619.0,617.0,617.0,616.0,615.0,615.0,614.0,614.0,613.0
real,300,gulf,1,LSTM-ms,0,buffer,12,465,3.0033049334524042,3.0033049334524042,0.054031880073734655,,,153.0,152.0,151.0,151.0,151.0,150.0,150.0,150.0,149.0,149.0,149.0,149.0,149.0,149.0,149.0,149.0,149.0,149.0
real,300,gulf,1,LSTM-ms,0,buffer,13,481,3.7554712473041567,3.7554712473041567,0.07736042009887108,,,,,,103.0,103.0,101.0,99.0,97.0,97.0,96.0,95.0,95.0,94.0,94.0,93.0,92.0,92.0,88.0
real,300,gulf,1,LSTM-ms,0,crossing,0,2,18.160357185802965,18.160357185802965,0.4157646882366246,,,,,,,,,,,,,,,,,,,,
real,300,gulf,1,LSTM-ms,0,crossing,1,33,2.986611120337194,2.986611120337194,0.056251242017248106,,,,,,,,221.0,220.0,220.0,219.0,219.0,219.0,219.0,218.0,218.0,218.0,218.0,218.0,218.0
real,300,gulf,1,LSTM-ms,0,crossing,2,67,5.43893650912851,5.43893650912851,0.5191709353475291,,,,,,,,,,,,,,,,,,,,
real,300,gulf,1,LSTM-ms,0,crossing,3,138,2.833003496658495,2.833003496658495,0.014378855073286817,,,,,,656.0,26.0,26.0,25.0,25.0,25.0,24.0,24.0,24.0,24.0,24.0,24.0,24.0,23.0,23.0
real,300,gulf,1,LSTM-ms,0,crossing,4,212,3.0070642646448764,3.0070642646448764,0.015002681258598643,,,,,,,,577.0,576.0,574.0,571.0,570.0,569.0,569.0,568.0,568.0,568.0,568.0,568.0,568.0
real,300,gulf,1,LSTM-ms,0,crossing,5,256,5.249376116475457,5.249376116475457,0.12748490337181978,,,,,,,,,,,,,,,172.0,171.0,169.0,169.0,169.0,168.0
real,300,gulf,1,LSTM-ms,0,crossing,6,258,3.1153877917690904,3.1153877917690904,0.019721043392981162,,,,,,,,,,161.0,161.0,160.0,160.0,160.0,159.0,159.0,158.0,158.0,158.0,158.0
real,300,gulf,1,LSTM-ms,0,crossing,7,266,3.1076535724180134,3.1076535724180134,0.44897403808787134,,,,,,,,,,,,,,21.0,20.0,19.0,18.0,18.0,6.0,6.0
real,300,gulf,1,LSTM-ms,0,crossing,8,343,3.891232830662605,3.891232830662605,0.3897944343919547,,,,,,,,,,,,,,93.0,92.0,92.0,88.0,87.0,87.0,86.0
real,300,gulf,1,LSTM-ms,0,crossing,9,347,4.364041267698031,4.364041267698031,0.41303795632826884,,,,,,,,,,,,,60.0,60.0,59.0,59.0,58.0,58.0,57.0,56.0
real,300,gulf,1,LSTM-ms,0,crossing,10,388,22.85265109305017,22.85265109305017,0.41440571829487477,,,,,,,,,,,,,,,,,,,,
real,300,gulf,1,LSTM-ms,0,crossing,11,425,8.346256747865883,8.346256747865883,0.00655001583930286,,,,,,,,,,,,,,,619.0,617.0,616.0,616.0,615.0,615.0
real,300,gulf,1,LSTM-ms,0,crossing,12,465,3.0033049334524042,3.0033049334524042,0.054031880073734655,,,,,,153.0,152.0,152.0,151.0,151.0,151.0,150.0,150.0,150.0,150.0,150.0,149.0,149.0,149.0,149.0
real,300,gulf,1,LSTM-ms,0,crossing,13,481,3.7554712473041567,3.7554712473041567,0.07736042009887108,,,,,,,,,,,,,103.0,103.0,103.0,101.0,98.0,97.0,97.0,96.0
real,300,gulf,1,LSTM-rec,1,buffer,0,2,18.160357185802965,18.160357185802965,0.4157646882366246,,,,,,,,,,,,,,,,,,,,
real,300,gulf,1,LSTM-rec,1,buffer,1,33,2.986611120337194,2.986611120337194,0.056251242017248106,,,,,,,,,,,,,,,,,,,,
real,300,gulf,1,LSTM-rec,1,buffer,2,67,5.43893650912851,5.43893650912851,0.5191709353475291,,,,,,,,,,,,,,,,,,,,
real,300,gulf,1,LSTM-rec,1,buffer,3,138,2.833003496658495,2.833003496658495,0.014378855073286817,,,,643.0,643.0,26.0,26.0,26.0,25.0,25.0,25.0,25.0,25.0,25.0,25.0,25.0,25.0,25.0,25.0,25.0
real,300,gulf,1,LSTM-rec,1,buffer,4,212,3.0070642646448764,3.0070642646448764,0.015002681258598643,,,,,,,,,,,,,,,,,,,,
real,300,gulf,1,LSTM-rec,1,buffer,5,256,5.249376116475457,5.249376116475457,0.12748490337181978,,,,,,,,,,,,,,,,,,,,
real,300,gulf,1,LSTM-rec,1,buffer,6,258,3.1153877917690904,3.1153877917690904,0.019721043392981162,,,,,,,,,,,,,,,,,,,,
real,300,gulf,1,LSTM-rec,1,buffer,7,266,3.1076535724180134,3.1076535724180134,0.44897403808787134,,,,,,,,,,,,,,,,,,,,
real,300,gulf,1,LSTM-rec,1,buffer,8,343,3.891232830662605,3.891232830662605,0.3897944343919547,,,,,,,,,,,,,,,,,,,,
real,300,gulf,1,LSTM-rec,1,buffer,9,347,4.364041267698031,4.364041267698031,0.41303795632826884,,,,,,,,,,,,,,,,,,,,
real,300,gulf,1,LSTM-rec,1,buffer,10,388,22.85265109305017,22.85265109305017,0.41440571829487477,,,,,,,,,,,,,,,,,,,,
real,300,gulf,1,LSTM-rec,1,buffer,11,425,8.346256747865883,8.346256747865883,0.00655001583930286,,,,,,,,,,,,,,,,,,,,
real,300,gulf,1,LSTM-rec,1,buffer,12,465,3.0033049334524042,3.0033049334524042,0.054031880073734655,,,,,,152.0,152.0,151.0,151.0,151.0,151.0,151.0,151.0,151.0,151.0,151.0,151.0,151.0,151.0,151.0
real,300,gulf,1,LSTM-rec,1,buffer,13,481,3.7554712473041567,3.7554712473041567,0.07736042009887108,,,,,,,,,,,,,,,,,,,,
real,300,gulf,1,LSTM-rec,1,crossing,0,2,18.160357185802965,18.160357185802965,0.4157646882366246,,,,,,,,,,,,,,,,,,,,
real,300,gulf,1,LSTM-rec,1,crossing,1,33,2.986611120337194,2.986611120337194,0.056251242017248106,,,,,,,,,,,,,,,,,,,,
real,300,gulf,1,LSTM-rec,1,crossing,2,67,5.43893650912851,5.43893650912851,0.5191709353475291,,,,,,,,,,,,,,,,,,,,
real,300,gulf,1,LSTM-rec,1,crossing,3,138,2.833003496658495,2.833003496658495,0.014378855073286817,,,,,,,,,,,,,,,,,,,,
real,300,gulf,1,LSTM-rec,1,crossing,4,212,3.0070642646448764,3.0070642646448764,0.015002681258598643,,,,,,,,,,,,,,,,,,,,
real,300,gulf,1,LSTM-rec,1,crossing,5,256,5.249376116475457,5.249376116475457,0.12748490337181978,,,,,,,,,,,,,,,,,,,,
real,300,gulf,1,LSTM-rec,1,crossing,6,258,3.1153877917690904,3.1153877917690904,0.019721043392981162,,,,,,,,,,,,,,,,,,,,
real,300,gulf,1,LSTM-rec,1,crossing,7,266,3.1076535724180134,3.1076535724180134,0.44897403808787134,,,,,,,,,,,,,,,,,,,,
real,300,gulf,1,LSTM-rec,1,crossing,8,343,3.891232830662605,3.891232830662605,0.3897944343919547,,,,,,,,,,,,,,,,,,,,
real,300,gulf,1,LSTM-rec,1,crossing,9,347,4.364041267698031,4.364041267698031,0.41303795632826884,,,,,,,,,,,,,,,,,,,,
real,300,gulf,1,LSTM-rec,1,crossing,10,388,22.85265109305017,22.85265109305017,0.41440571829487477,,,,,,,,,,,,,,,,,,,,
real,300,gulf,1,LSTM-rec,1,crossing,11,425,8.346256747865883,8.346256747865883,0.00655001583930286,,,,,,,,,,,,,,,,,,,,
real,300,gulf,1,LSTM-rec,1,crossing,12,465,3.0033049334524042,3.0033049334524042,0.054031880073734655,,,,,,,,,,,,,,,,,,,,
real,300,gulf,1,LSTM-rec,1,crossing,13,481,3.7554712473041567,3.7554712473041567,0.07736042009887108,,,,,,,,,,,,,,,,,,,,
real,300,gulf,1,LSTM-ms,1,buffer,0,2,18.160357185802965,18.160357185802965,0.4157646882366246,,,,,,,,,,,,,,,,,,,,
real,300,gulf,1,LSTM-ms,1,buffer,1,33,2.986611120337194,2.986611120337194,0.056251242017248106,,,,,,,227.0,222.0,221.0,221.0,220.0,220.0,219.0,219.0,219.0,219.0,219.0,218.0,218.0,218.0
real,300,gulf,1,LSTM-ms,1,buffer,2,67,5.43893650912851,5.43893650912851,0.5191709353475291,,,,,,,,,,,,,,,,,,,,
real,300,gulf,1,LSTM-ms,1,buffer,3,138,2.833003496658495,2.833003496658495,0.014378855073286817,,,,643.0,643.0,26.0,26.0,25.0,25.0,25.0,24.0,24.0,24.0,24.0,24.0,24.0,23.0,23.0,23.0,23.0
real,300,gulf,1,LSTM-ms,1,buffer,4,212,3.0070642646448764,3.0070642646448764,0.015002681258598643,,,,,,,,576.0,576.0,574.0,574.0,574.0,574.0,574.0,571.0,568.0,568.0,568.0,568.0,568.0
real,300,gulf,1,LSTM-ms,1,buffer,5,256,5.249376116475457,5.249376116475457,0.12748490337181978,,,,,,,,,,,,,,,,,,,,173.0
real,300,gulf,1,LSTM-ms,1,buffer,6,258,3.1153877917690904,3.1153877917690904,0.019721043392981162,,,,,,,,,,,,,,,,161.0,160.0,160.0,160.0,160.0
real,300,gulf,1,LSTM-ms,1,buffer,7,266,3.1076535724180134,3.1076535724180134,0.44897403808787134,,,,,,,,,,,,,,,,,,,,
real,300,gulf,1,LSTM-ms,1,buffer,8,343,3.891232830662605,3.891232830662605,0.3897944343919547,,,,,,,,,,,,,,,,,,,,
real,300,gulf,1,LSTM-ms,1,buffer,9,347,4.364041267698031,4.364041267698031,0.41303795632826884,,,,,,,,,,,,,,,60.0,60.0,60.0,60.0,60.0,60.0
real,300,gulf,1,LSTM-ms,1,buffer,10,388,22.85265109305017,22.85265109305017,0.41440571829487477,,,,,,,,,,,,,,,,,,,,
real,300,gulf,1,LSTM-ms,1,buffer,11,425,8.346256747865883,8.346256747865883,0.00655001583930286,,,,,,,,,,,,,,,,,,617.0,616.0,616.0
real,300,gulf,1,LSTM-ms,1,buffer,12,465,3.0033049334524042,3.0033049334524042,0.054031880073734655,,,,,153.0,152.0,152.0,151.0,151.0,151.0,151.0,150.0,150.0,150.0,150.0,149.0,149.0,149.0,149.0,149.0
real,300,gulf,1,LSTM-ms,1,buffer,13,481,3.7554712473041567,3.7554712473041567,0.07736042009887108,,,,,,,,,,,,,,,,,,,,
real,300,gulf,1,LSTM-ms,1,crossing,0,2,18.160357185802965,18.160357185802965,0.4157646882366246,,,,,,,,,,,,,,,,,,,,
real,300,gulf,1,LSTM-ms,1,crossing,1,33,2.986611120337194,2.986611120337194,0.056251242017248106,,,,,,,,,,,,,,221.0,221.0,220.0,220.0,220.0,219.0,219.0
real,300,gulf,1,LSTM-ms,1,crossing,2,67,5.43893650912851,5.43893650912851,0.5191709353475291,,,,,,,,,,,,,,,,,,,,
real,300,gulf,1,LSTM-ms,1,crossing,3,138,2.833003496658495,2.833003496658495,0.014378855073286817,,,,,,,,,655.0,655.0,26.0,26.0,25.0,25.0,25.0,24.0,24.0,24.0,24.0,24.0
real,300,gulf,1,LSTM-ms,1,crossing,4,212,3.0070642646448764,3.0070642646448764,0.015002681258598643,,,,,,,,,,,,,,,,,,574.0,574.0,574.0
real,300,gulf,1,LSTM-ms,1,crossing,5,256,5.249376116475457,5.249376116475457,0.12748490337181978,,,,,,,,,,,,,,,,,,,,
real,300,gulf,1,LSTM-ms,1,crossing,6,258,3.1153877917690904,3.1153877917690904,0.019721043392981162,,,,,,,,,,,,,,,,,,,,
real,300,gulf,1,LSTM-ms,1,crossing,7,266,3.1076535724180134,3.1076535724180134,0.44897403808787134,,,,,,,,,,,,,,,,,,,,
real,300,gulf,1,LSTM-ms,1,crossing,8,343,3.891232830662605,3.891232830662605,0.3897944343919547,,,,,,,,,,,,,,,,,,,,
real,300,gulf,1,LSTM-ms,1,crossing,9,347,4.364041267698031,4.364041267698031,0.41303795632826884,,,,,,,,,,,,,,,,,,,,
real,300,gulf,1,LSTM-ms,1,crossing,10,388,22.85265109305017,22.85265109305017,0.41440571829487477,,,,,,,,,,,,,,,,,,,,
real,300,gulf,1,LSTM-ms,1,crossing,11,425,8.346256747865883,8.346256747865883,0.00655001583930286,,,,,,,,,,,,,,,,,,,,
real,300,gulf,1,LSTM-ms,1,crossing,12,465,3.0033049334524042,3.0033049334524042,0.054031880073734655,,,,,,,,,,152.0,152.0,152.0,151.0,151.0,151.0,151.0,150.0,150.0,150.0,150.0
real,300,gulf,1,LSTM-ms,1,crossing,13,481,3.7554712473041567,3.7554712473041567,0.07736042009887108,,,,,,,,,,,,,,,,,,,,
real,300,gulf,1,LSTM-rec,2,buffer,0,2,18.160357185802965,18.160357185802965,0.4157646882366246,,,,,,,,,,,,,,,,,,,,
real,300,gulf,1,LSTM-rec,2,buffer,1,33,2.986611120337194,2.986611120337194,0.056251242017248106,,,,227.0,221.0,220.0,219.0,219.0,218.0,218.0,218.0,218.0,217.0,217.0,199.0,199.0,199.0,199.0,199.0,199.0
real,300,gulf,1,LSTM-rec,2,buffer,2,67,5.43893650912851,5.43893650912851,0.5191709353475291,,,,,,,,,,,,,,75.0,74.0,52.0,50.0,49.0,20.0,19.0
real,300,gulf,1,LSTM-rec,2,buffer,3,138,2.833003496658495,2.833003496658495,0.014378855073286817,,643.0,643.0,26.0,25.0,25.0,24.0,24.0,24.0,23.0,23.0,23.0,23.0,23.0,23.0,23.0,23.0,23.0,23.0,23.0
real,300,gulf,1,LSTM-rec,2,buffer,4,212,3.0070642646448764,3.0070642646448764,0.015002681258598643,,,,576.0,574.0,574.0,574.0,568.0,568.0,568.0,567.0,567.0,567.0,567.0,567.0,567.0,567.0,567.0,567.0,567.0
real,300,gulf,1,LSTM-rec,2,buffer,5,256,5.249376116475457,5.249376116475457,0.12748490337181978,,,,,,,,,,173.0,172.0,171.0,170.0,168.0,168.0,167.0,167.0,167.0,167.0,166.0
real,300,gulf,1,LSTM-rec,2,buffer,6,258,3.1153877917690904,3.1153877917690904,0.019721043392981162,,,,,161.0,160.0,160.0,158.0,158.0,158.0,158.0,158.0,158.0,157.0,157.0,157.0,157.0,6.0,6.0,6.0
real,300,gulf,1,LSTM-rec,2,buffer,7,266,3.1076535724180134,3.1076535724180134,0.44897403808787134,,,,,,,,21.0,20.0,19.0,18.0,17.0,16.0,6.0,6.0,6.0,6.0,6.0,6.0,6.0
real,300,gulf,1,LSTM-rec,2,buffer,8,343,3.891232830662605,3.891232830662605,0.3897944343919547,,,,,,,,93.0,93.0,92.0,92.0,90.0,87.0,87.0,85.0,84.0,84.0,83.0,82.0,82.0
real,300,gulf,1,LSTM-rec,2,buffer,9,347,4.364041267698031,4.364041267698031,0.41303795632826884,,,,,,,61.0,60.0,60.0,59.0,59.0,58.0,57.0,55.0,55.0,55.0,54.0,52.0,51.0,50.0
real,300,gulf,1,LSTM-rec,2,buffer,10,388,22.85265109305017,22.85265109305017,0.41440571829487477,,,,,,,,,,,,,,,,,,,,
real,300,gulf,1,LSTM-rec,2,buffer,11,425,8.346256747865883,8.346256747865883,0.00655001583930286,,,,,,,,,,,,620.0,617.0,616.0,615.0,350.0,350.0,350.0,350.0,350.0
real,300,gulf,1,LSTM-rec,2,buffer,12,465,3.0033049334524042,3.0033049334524042,0.054031880073734655,,,153.0,152.0,151.0,151.0,150.0,150.0,149.0,149.0,149.0,149.0,149.0,149.0,149.0,149.0,149.0,149.0,31.0,31.0
real,300,gulf,1,LSTM-rec,2,buffer,13,481,3.7554712473041567,3.7554712473041567,0.07736042009887108,,,,,,,103.0,103.0,103.0,102.0,99.0,97.0,96.0,95.0,95.0,94.0,93.0,92.0,92.0,92.0
real,300,gulf,1,LSTM-rec,2,crossing,0,2,18.160357185802965,18.160357185802965,0.4157646882366246,,,,,,,,,,,,,,,,,,,,
real,300,gulf,1,LSTM-rec,2,crossing,1,33,2.986611120337194,2.986611120337194,0.056251242017248106,,,,,,,,222.0,221.0,219.0,219.0,218.0,218.0,218.0,218.0,218.0,217.0,217.0,217.0,199.0
real,300,gulf,1,LSTM-rec,2,crossing,2,67,5.43893650912851,5.43893650912851,0.5191709353475291,,,,,,,,,,,,,,,,,,,,75.0
real,300,gulf,1,LSTM-rec,2,crossing,3,138,2.833003496658495,2.833003496658495,0.014378855073286817,,,,,,655.0,26.0,25.0,25.0,24.0,24.0,24.0,24.0,23.0,23.0,23.0,23.0,23.0,23.0,23.0
real,300,gulf,1,LSTM-rec,2,crossing,4,212,3.0070642646448764,3.0070642646448764,0.015002681258598643,,,,,,,,,,576.0,574.0,568.0,568.0,568.0,568.0,567.0,567.0,567.0,567.0,567.0
real,300,gulf,1,LSTM-rec,2,crossing,5,256,5.249376116475457,5.249376116475457,0.12748490337181978,,,,,,,,,,,,,,,,172.0,171.0,170.0,168.0,168.0
real,300,gulf,1,LSTM-rec,2,crossing,6,258,3.1153877917690904,3.1153877917690904,0.019721043392981162,,,,,,,,,,,,,161.0,160.0,158.0,158.0,158.0,158.0,158.0,158.0
real,300,gulf,1,LSTM-rec,2,crossing,7,266,3.1076535724180134,3.1076535724180134,0.44897403808787134,,,,,,,,,,,,,,,,21.0,20.0,18.0,18.0,6.0
real,300,gulf,1,LSTM-rec,2,crossing,8,343,3.891232830662605,3.891232830662605,0.3897944343919547,,,,,,,,,,,,,,,93.0,92.0,92.0,92.0,87.0,87.0
real,300,gulf,1,LSTM-rec,2,crossing,9,347,4.364041267698031,4.364041267698031,0.41303795632826884,,,,,,,,,,,,,60.0,60.0,60.0,59.0,59.0,58.0,58.0,57.0
real,300,gulf,1,LSTM-rec,2,crossing,10,388,22.85265109305017,22.85265109305017,0.41440571829487477,,,,,,,,,,,,,,,,,,,,
real,300,gulf,1,LSTM-rec,2,crossing,11,425,8.346256747865883,8.346256747865883,0.00655001583930286,,,,,,,,,,,,,,,617.0,616.0,616.0,615.0,615.0,614.0
real,300,gulf,1,LSTM-rec,2,crossing,12,465,3.0033049334524042,3.0033049334524042,0.054031880073734655,,,,,,,152.0,151.0,151.0,150.0,150.0,150.0,149.0,149.0,149.0,149.0,149.0,149.0,149.0,149.0
real,300,gulf,1,LSTM-rec,2,crossing,13,481,3.7554712473041567,3.7554712473041567,0.07736042009887108,,,,,,,,,,,,,,103.0,103.0,103.0,102.0,99.0,97.0,96.0
real,300,gulf,1,LSTM-ms,2,buffer,0,2,18.160357185802965,18.160357185802965,0.4157646882366246,,,,,,,,,,,,,,,,,,,,
real,300,gulf,1,LSTM-ms,2,buffer,1,33,2.986611120337194,2.986611120337194,0.056251242017248106,,,,,,,,222.0,221.0,221.0,220.0,220.0,220.0,219.0,219.0,219.0,219.0,219.0,219.0,219.0
real,300,gulf,1,LSTM-ms,2,buffer,2,67,5.43893650912851,5.43893650912851,0.5191709353475291,,,,,,,,,,,,,,,,,,,,
real,300,gulf,1,LSTM-ms,2,buffer,3,138,2.833003496658495,2.833003496658495,0.014378855073286817,,,,,,656.0,26.0,26.0,26.0,26.0,25.0,25.0,25.0,25.0,25.0,25.0,25.0,25.0,25.0,24.0
real,300,gulf,1,LSTM-ms,2,buffer,4,212,3.0070642646448764,3.0070642646448764,0.015002681258598643,,,,,,,,577.0,577.0,576.0,576.0,576.0,576.0,574.0,571.0,571.0,571.0,571.0,571.0,570.0
real,300,gulf,1,LSTM-ms,2,buffer,5,256,5.249376116475457,5.249376116475457,0.12748490337181978,,,,,,,,,,,,,,,,,,,,
real,300,gulf,1,LSTM-ms,2,buffer,6,258,3.1153877917690904,3.1153877917690904,0.019721043392981162,,,,,,,,,,,,,,,,,,,,
real,300,gulf,1,LSTM-ms,2,buffer,7,266,3.1076535724180134,3.1076535724180134,0.44897403808787134,,,,,,,,,,,,,,,,,,,,
real,300,gulf,1,LSTM-ms,2,buffer,8,343,3.891232830662605,3.891232830662605,0.3897944343919547,,,,,,,,,,,,,,,,,,,,
real,300,gulf,1,LSTM-ms,2,buffer,9,347,4.364041267698031,4.364041267698031,0.41303795632826884,,,,,,,,,,,,,,,,,,,,
real,300,gulf,1,LSTM-ms,2,buffer,10,388,22.85265109305017,22.85265109305017,0.41440571829487477,,,,,,,,,,,,,,,,,,,,
real,300,gulf,1,LSTM-ms,2,buffer,11,425,8.346256747865883,8.346256747865883,0.00655001583930286,,,,,,,,,,,,,,,,,,,,619.0
real,300,gulf,1,LSTM-ms,2,buffer,12,465,3.0033049334524042,3.0033049334524042,0.054031880073734655,,,,154.0,153.0,153.0,152.0,152.0,152.0,151.0,151.0,151.0,151.0,151.0,151.0,151.0,151.0,151.0,151.0,150.0
real,300,gulf,1,LSTM-ms,2,buffer,13,481,3.7554712473041567,3.7554712473041567,0.07736042009887108,,,,,,,,,,,,,,,,,,,,
real,300,gulf,1,LSTM-ms,2,crossing,0,2,18.160357185802965,18.160357185802965,0.4157646882366246,,,,,,,,,,,,,,,,,,,,
real,300,gulf,1,LSTM-ms,2,crossing,1,33,2.986611120337194,2.986611120337194,0.056251242017248106,,,,,,,,,,,,,,,,,221.0,221.0,220.0,220.0
real,300,gulf,1,LSTM-ms,2,crossing,2,67,5.43893650912851,5.43893650912851,0.5191709353475291,,,,,,,,,,,,,,,,,,,,
real,300,gulf,1,LSTM-ms,2,crossing,3,138,2.833003496658495,2.833003496658495,0.014378855073286817,,,,,,,,,,,,656.0,656.0,26.0,26.0,26.0,26.0,26.0,26.0,26.0
real,300,gulf,1,LSTM-ms,2,crossing,4,212,3.0070642646448764,3.0070642646448764,0.015002681258598643,,,,,,,,,,,,,,,,,,,,
real,300,gulf,1,LSTM-ms,2,crossing,5,256,5.249376116475457,5.249376116475457,0.12748490337181978,,,,,,,,,,,,,,,,,,,,
real,300,gulf,1,LSTM-ms,2,crossing,6,258,3.1153877917690904,3.1153877917690904,0.019721043392981162,,,,,,,,,,,,,,,,,,,,
real,300,gulf,1,LSTM-ms,2,crossing,7,266,3.1076535724180134,3.1076535724180134,0.44897403808787134,,,,,,,,,,,,,,,,,,,,
real,300,gulf,1,LSTM-ms,2,crossing,8,343,3.891232830662605,3.891232830662605,0.3897944343919547,,,,,,,,,,,,,,,,,,,,
real,300,gulf,1,LSTM-ms,2,crossing,9,347,4.364041267698031,4.364041267698031,0.41303795632826884,,,,,,,,,,,,,,,,,,,,
real,300,gulf,1,LSTM-ms,2,crossing,10,388,22.85265109305017,22.85265109305017,0.41440571829487477,,,,,,,,,,,,,,,,,,,,
real,300,gulf,1,LSTM-ms,2,crossing,11,425,8.346256747865883,8.346256747865883,0.00655001583930286,,,,,,,,,,,,,,,,,,,,
real,300,gulf,1,LSTM-ms,2,crossing,12,465,3.0033049334524042,3.0033049334524042,0.054031880073734655,,,,,,,,,,,,153.0,153.0,152.0,152.0,152.0,152.0,152.0,152.0,151.0
real,300,gulf,1,LSTM-ms,2,crossing,13,481,3.7554712473041567,3.7554712473041567,0.07736042009887108,,,,,,,,,,,,,,,,,,,,
real,300,gulf,1,LSTM-rec,3,buffer,0,2,18.160357185802965,18.160357185802965,0.4157646882366246,,,,,,,,,,,,,,,,,,,,
real,300,gulf,1,LSTM-rec,3,buffer,1,33,2.986611120337194,2.986611120337194,0.056251242017248106,,,227.0,227.0,221.0,219.0,219.0,218.0,218.0,217.0,199.0,199.0,199.0,199.0,199.0,199.0,199.0,199.0,199.0,198.0
real,300,gulf,1,LSTM-rec,3,buffer,2,67,5.43893650912851,5.43893650912851,0.5191709353475291,,,,,,,,,,,75.0,53.0,51.0,49.0,20.0,19.0,19.0,17.0,16.0,15.0
real,300,gulf,1,LSTM-rec,3,buffer,3,138,2.833003496658495,2.833003496658495,0.014378855073286817,,643.0,642.0,26.0,25.0,24.0,24.0,23.0,23.0,23.0,23.0,23.0,23.0,23.0,23.0,23.0,23.0,23.0,22.0,22.0
real,300,gulf,1,LSTM-rec,3,buffer,4,212,3.0070642646448764,3.0070642646448764,0.015002681258598643,,,,575.0,574.0,574.0,568.0,568.0,567.0,567.0,567.0,567.0,567.0,567.0,567.0,567.0,566.0,566.0,566.0,566.0
real,300,gulf,1,LSTM-rec,3,buffer,5,256,5.249376116475457,5.249376116475457,0.12748490337181978,,,,,,,,,172.0,171.0,169.0,168.0,167.0,167.0,166.0,166.0,69.0,6.0,6.0,6.0
real,300,gulf,1,LSTM-rec,3,buffer,6,258,3.1153877917690904,3.1153877917690904,0.019721043392981162,,,,161.0,160.0,158.0,158.0,158.0,157.0,157.0,157.0,35.0,6.0,6.0,6.0,6.0,6.0,6.0,6.0,6.0
real,300,gulf,1,LSTM-rec,3,buffer,7,266,3.1076535724180134,3.1076535724180134,0.44897403808787134,,,,,,,21.0,19.0,17.0,16.0,6.0,6.0,6.0,6.0,6.0,6.0,6.0,6.0,6.0,6.0
real,300,gulf,1,LSTM-rec,3,buffer,8,343,3.891232830662605,3.891232830662605,0.3897944343919547,,,,,,,93.0,92.0,92.0,88.0,87.0,84.0,84.0,83.0,82.0,80.0,77.0,75.0,74.0,72.0
real,300,gulf,1,LSTM-rec,3,buffer,9,347,4.364041267698031,4.364041267698031,0.41303795632826884,,,,,,60.0,60.0,60.0,59.0,58.0,57.0,55.0,55.0,52.0,50.0,48.0,46.0,43.0,40.0,38.0
real,300,gulf,1,LSTM-rec,3,buffer,10,388,22.85265109305017,22.85265109305017,0.41440571829487477,,,,,,,,,,,,,,,,,,,,
real,300,gulf,1,LSTM-rec,3,buffer,11,425,8.346256747865883,8.346256747865883,0.00655001583930286,,,,,,,,,,,620.0,617.0,350.0,350.0,349.0,349.0,349.0,349.0,349.0,349.0
real,300,gulf,1,LSTM-rec,3,buffer,12,465,3.0033049334524042,3.0033049334524042,0.054031880073734655,,,153.0,152.0,151.0,150.0,150.0,149.0,149.0,149.0,149.0,149.0,149.0,31.0,31.0,31.0,31.0,30.0,30.0,30.0
real,300,gulf,1,LSTM-rec,3,buffer,13,481,3.7554712473041567,3.7554712473041567,0.07736042009887108,,,,,,103.0,103.0,102.0,99.0,97.0,95.0,94.0,93.0,92.0,88.0,88.0,85.0,84.0,75.0,6.0
real,300,gulf,1,LSTM-rec,3,crossing,0,2,18.160357185802965,18.160357185802965,0.4157646882366246,,,,,,,,,,,,,,,,,,,,
real,300,gulf,1,LSTM-rec,3,crossing,1,33,2.986611120337194,2.986611120337194,0.056251242017248106,,,,,,,,221.0,219.0,219.0,218.0,218.0,218.0,199.0,199.0,199.0,199.0,199.0,199.0,199.0
real,300,gulf,1,LSTM-rec,3,crossing,2,67,5.43893650912851,5.43893650912851,0.5191709353475291,,,,,,,,,,,,,,,75.0,74.0,52.0,49.0,20.0,19.0
real,300,gulf,1,LSTM-rec,3,crossing,3,138,2.833003496658495,2.833003496658495,0.014378855073286817,,,,,,26.0,25.0,24.0,24.0,24.0,24.0,23.0,23.0,23.0,23.0,23.0,23.0,23.0,23.0,23.0
real,300,gulf,1,LSTM-rec,3,crossing,4,212,3.0070642646448764,3.0070642646448764,0.015002681258598643,,,,,,,,574.0,574.0,568.0,568.0,568.0,567.0,567.0,567.0,567.0,567.0,567.0,567.0,567.0
real,300,gulf,1,LSTM-rec,3,crossing,5,256,5.249376116475457,5.249376116475457,0.12748490337181978,,,,,,,,,,,,173.0,172.0,171.0,168.0,168.0,167.0,167.0,166.0,166.0
real,300,gulf,1,LSTM-rec,3,crossing,6,258,3.1153877917690904,3.1153877917690904,0.019721043392981162,,,,,,,,,161.0,158.0,158.0,158.0,158.0,157.0,157.0,157.0,157.0,6.0,6.0,6.0
real,300,gulf,1,LSTM-rec,3,crossing,7,266,3.1076535724180134,3.1076535724180134,0.44897403808787134,,,,,,,,,,,,44.0,20.0,18.0,17.0,6.0,6.0,6.0,6.0,6.0
real,300,gulf,1,LSTM-rec,3,crossing,8,343,3.891232830662605,3.891232830662605,0.3897944343919547,,,,,,,,,,,,93.0,92.0,90.0,87.0,85.0,84.0,83.0,82.0,80.0
real,300,gulf,1,LSTM-rec,3,crossing,9,347,4.364041267698031,4.364041267698031,0.41303795632826884,,,,,,,,,,60.0,60.0,60.0,59.0,58.0,57.0,55.0,55.0,54.0,50.0,48.0
real,300,gulf,1,LSTM-rec,3,crossing,10,388,22.85265109305017,22.85265109305017,0.41440571829487477,,,,,,,,,,,,,,,,,,,,
real,300,gulf,1,LSTM-rec,3,crossing,11,425,8.346256747865883,8.346256747865883,0.00655001583930286,,,,,,,,,,,,,,617.0,616.0,350.0,350.0,350.0,349.0,349.0
real,300,gulf,1,LSTM-rec,3,crossing,12,465,3.0033049334524042,3.0033049334524042,0.054031880073734655,,,,,,152.0,151.0,151.0,150.0,150.0,149.0,149.0,149.0,149.0,149.0,149.0,31.0,31.0,31.0,31.0
real,300,gulf,1,LSTM-rec,3,crossing,13,481,3.7554712473041567,3.7554712473041567,0.07736042009887108,,,,,,,,,,,103.0,103.0,102.0,97.0,96.0,95.0,94.0,92.0,92.0,88.0
real,300,gulf,1,LSTM-ms,3,buffer,0,2,18.160357185802965,18.160357185802965,0.4157646882366246,,,,,,,,,,,,,,,,,,,,
real,300,gulf,1,LSTM-ms,3,buffer,1,33,2.986611120337194,2.986611120337194,0.056251242017248106,,228.0,223.0,221.0,220.0,219.0,219.0,218.0,218.0,218.0,218.0,217.0,217.0,217.0,199.0,199.0,199.0,199.0,199.0,199.0
real,300,gulf,1,LSTM-ms,3,buffer,2,67,5.43893650912851,5.43893650912851,0.5191709353475291,,,,,,,,,,75.0,53.0,52.0,50.0,49.0,47.0,20.0,19.0,18.0,17.0,16.0
real,300,gulf,1,LSTM-ms,3,buffer,3,138,2.833003496658495,2.833003496658495,0.014378855073286817,,643.0,26.0,25.0,25.0,24.0,24.0,24.0,24.0,23.0,23.0,23.0,23.0,23.0,23.0,23.0,23.0,23.0,23.0,23.0
real,300,gulf,1,LSTM-ms,3,buffer,4,212,3.0070642646448764,3.0070642646448764,0.015002681258598643,,576.0,575.0,574.0,571.0,570.0,569.0,568.0,568.0,568.0,567.0,567.0,567.0,567.0,567.0,567.0,567.0,567.0,567.0,567.0
real,300,gulf,1,LSTM-ms,3,buffer,5,256,5.249376116475457,5.249376116475457,0.12748490337181978,,,,,,,,172.0,171.0,170.0,169.0,168.0,168.0,168.0,167.0,167.0,167.0,167.0,167.0,150.0
real,300,gulf,1,LSTM-ms,3,buffer,6,258,3.1153877917690904,3.1153877917690904,0.019721043392981162,,,160.0,159.0,158.0,158.0,158.0,158.0,157.0,157.0,6.0,6.0,6.0,6.0,6.0,6.0,6.0,6.0,6.0,6.0
real,300,gulf,1,LSTM-ms,3,buffer,7,266,3.1076535724180134,3.1076535724180134,0.44897403808787134,,,,27.0,20.0,18.0,17.0,16.0,11.0,6.0,6.0,6.0,6.0,6.0,6.0,6.0,6.0,6.0,6.0,6.0
real,300,gulf,1,LSTM-ms,3,buffer,8,343,3.891232830662605,3.891232830662605,0.3897944343919547,,,,,93.0,92.0,92.0,90.0,88.0,87.0,85.0,84.0,84.0,83.0,82.0,81.0,80.0,79.0,77.0,75.0
real,300,gulf,1,LSTM-ms,3,buffer,9,347,4.364041267698031,4.364041267698031,0.41303795632826884,,,,,61.0,60.0,59.0,58.0,58.0,57.0,55.0,55.0,54.0,52.0,51.0,50.0,48.0,46.0,45.0,43.0
real,300,gulf,1,LSTM-ms,3,buffer,10,388,22.85265109305017,22.85265109305017,0.41440571829487477,,,,,,,,,,,,,,,,,,,,
real,300,gulf,1,LSTM-ms,3,buffer,11,425,8.346256747865883,8.346256747865883,0.00655001583930286,,,,,,,,,623.0,619.0,617.0,616.0,616.0,615.0,350.0,350.0,350.0,350.0,350.0,350.0
real,300,gulf,1,LSTM-ms,3,buffer,12,465,3.0033049334524042,3.0033049334524042,0.054031880073734655,,153.0,152.0,151.0,151.0,150.0,150.0,150.0,149.0,149.0,149.0,149.0,149.0,149.0,149.0,149.0,149.0,31.0,31.0,31.0
real,300,gulf,1,LSTM-ms,3,buffer,13,481,3.7554712473041567,3.7554712473041567,0.07736042009887108,,,,,103.0,101.0,98.0,97.0,96.0,95.0,94.0,94.0,93.0,92.0,92.0,88.0,88.0,85.0,85.0,85.0
real,300,gulf,1,LSTM-ms,3,crossing,0,2,18.160357185802965,18.160357185802965,0.4157646882366246,,,,,,,,,,,,,,,,,,,,
real,300,gulf,1,LSTM-ms,3,crossing,1,33,2.986611120337194,2.986611120337194,0.056251242017248106,,,,,,222.0,221.0,221.0,219.0,219.0,218.0,218.0,218.0,218.0,218.0,218.0,217.0,217.0,217.0,199.0
real,300,gulf,1,LSTM-ms,3,crossing,2,67,5.43893650912851,5.43893650912851,0.5191709353475291,,,,,,,,,,,,,,,,,75.0,52.0,20.0,19.0
real,300,gulf,1,LSTM-ms,3,crossing,3,138,2.833003496658495,2.833003496658495,0.014378855073286817,,,,,643.0,26.0,25.0,25.0,25.0,24.0,24.0,24.0,24.0,24.0,23.0,23.0,23.0,23.0,23.0,23.0
real,300,gulf,1,LSTM-ms,3,crossing,4,212,3.0070642646448764,3.0070642646448764,0.015002681258598643,,,,,577.0,576.0,575.0,574.0,574.0,571.0,569.0,568.0,568.0,568.0,568.0,568.0,567.0,567.0,567.0,567.0
real,300,gulf,1,LSTM-ms,3,crossing,5,256,5.249376116475457,5.249376116475457,0.12748490337181978,,,,,,,,,,,,,172.0,171.0,170.0,169.0,168.0,168.0,168.0,167.0
real,300,gulf,1,LSTM-ms,3,crossing,6,258,3.1153877917690904,3.1153877917690904,0.019721043392981162,,,,,,,161.0,160.0,160.0,160.0,159.0,158.0,158.0,158.0,158.0,158.0,158.0,158.0,158.0,157.0
real,300,gulf,1,LSTM-ms,3,crossing,7,266,3.1076535724180134,3.1076535724180134,0.44897403808787134,,,,,,,,,,,21.0,20.0,19.0,18.0,17.0,6.0,6.0,6.0,6.0,6.0
real,300,gulf,1,LSTM-ms,3,crossing,8,343,3.891232830662605,3.891232830662605,0.3897944343919547,,,,,,,,,,,93.0,93.0,92.0,91.0,88.0,87.0,85.0,84.0,84.0,83.0
real,300,gulf,1,LSTM-ms,3,crossing,9,347,4.364041267698031,4.364041267698031,0.41303795632826884,,,,,,,,,,,60.0,60.0,59.0,58.0,58.0,57.0,55.0,55.0,54.0,52.0
real,300,gulf,1,LSTM-ms,3,crossing,10,388,22.85265109305017,22.85265109305017,0.41440571829487477,,,,,,,,,,,,,,,,,,,,
real,300,gulf,1,LSTM-ms,3,crossing,11,425,8.346256747865883,8.346256747865883,0.00655001583930286,,,,,,,,,,,,623.0,619.0,617.0,616.0,615.0,615.0,614.0,613.0,350.0
real,300,gulf,1,LSTM-ms,3,crossing,12,465,3.0033049334524042,3.0033049334524042,0.054031880073734655,,,,155.0,153.0,152.0,151.0,151.0,151.0,150.0,150.0,150.0,150.0,149.0,149.0,149.0,149.0,149.0,149.0,149.0
real,300,gulf,1,LSTM-ms,3,crossing,13,481,3.7554712473041567,3.7554712473041567,0.07736042009887108,,,,,,,,,,,103.0,103.0,101.0,98.0,97.0,96.0,95.0,94.0,94.0,93.0
real,300,gulf,1,LSTM-rec,4,buffer,0,2,18.160357185802965,18.160357185802965,0.4157646882366246,,,,,,,,,,,,,40.0,37.0,11.0,10.0,9.0,9.0,8.0,6.0
real,300,gulf,1,LSTM-rec,4,buffer,1,33,2.986611120337194,2.986611120337194,0.056251242017248106,,227.0,222.0,219.0,218.0,199.0,199.0,175.0,6.0,6.0,6.0,6.0,6.0,6.0,6.0,6.0,6.0,6.0,6.0,6.0
real,300,gulf,1,LSTM-rec,4,buffer,2,67,5.43893650912851,5.43893650912851,0.5191709353475291,,,,,74.0,49.0,44.0,19.0,16.0,13.0,9.0,6.0,6.0,6.0,6.0,6.0,6.0,6.0,6.0,6.0
real,300,gulf,1,LSTM-rec,4,buffer,3,138,2.833003496658495,2.833003496658495,0.014378855073286817,,642.0,25.0,24.0,23.0,23.0,22.0,6.0,6.0,6.0,6.0,6.0,6.0,6.0,6.0,6.0,6.0,6.0,6.0,6.0
real,300,gulf,1,LSTM-rec,4,buffer,4,212,3.0070642646448764,3.0070642646448764,0.015002681258598643,,576.0,574.0,571.0,567.0,567.0,566.0,6.0,6.0,6.0,6.0,6.0,6.0,6.0,6.0,6.0,6.0,6.0,6.0,6.0
real,300,gulf,1,LSTM-rec,4,buffer,5,256,5.249376116475457,5.249376116475457,0.12748490337181978,,,,,171.0,167.0,6.0,6.0,6.0,6.0,6.0,6.0,6.0,6.0,6.0,6.0,6.0,6.0,6.0,6.0
real,300,gulf,1,LSTM-rec,4,buffer,6,258,3.1153877917690904,3.1153877917690904,0.019721043392981162,,,158.0,157.0,6.0,6.0,6.0,6.0,6.0,6.0,6.0,6.0,6.0,6.0,6.0,6.0,6.0,6.0,6.0,6.0
real,300,gulf,1,LSTM-rec,4,buffer,7,266,3.1076535724180134,3.1076535724180134,0.44897403808787134,,,21.0,16.0,6.0,6.0,6.0,6.0,6.0,6.0,6.0,6.0,6.0,6.0,6.0,6.0,6.0,6.0,6.0,6.0
real,300,gulf,1,LSTM-rec,4,buffer,8,343,3.891232830662605,3.891232830662605,0.3897944343919547,,,,92.0,87.0,83.0,79.0,72.0,65.0,59.0,53.0,48.0,44.0,27.0,24.0,7.0,6.0,6.0,6.0,6.0
real,300,gulf,1,LSTM-rec,4,buffer,9,347,4.364041267698031,4.364041267698031,0.41303795632826884,,,,59.0,56.0,52.0,46.0,40.0,34.0,28.0,22.0,16.0,6.0,6.0,6.0,6.0,6.0,6.0,6.0,6.0
real,300,gulf,1,LSTM-rec,4,buffer,10,388,22.85265109305017,22.85265109305017,0.41440571829487477,,,,,,,,,,,,,,,,,,,,6.0
real,300,gulf,1,LSTM-rec,4,buffer,11,425,8.346256747865883,8.346256747865883,0.00655001583930286,,,,,,350.0,349.0,349.0,6.0,6.0,6.0,6.0,6.0,6.0,6.0,6.0,6.0,6.0,6.0,6.0
real,300,gulf,1,LSTM-rec,4,buffer,12,465,3.0033049334524042,3.0033049334524042,0.054031880073734655,,154.0,151.0,150.0,149.0,149.0,31.0,30.0,6.0,6.0,6.0,6.0,6.0,6.0,6.0,6.0,6.0,6.0,6.0,6.0
real,300,gulf,1,LSTM-rec,4,buffer,13,481,3.7554712473041567,3.7554712473041567,0.07736042009887108,,,103.0,98.0,94.0,88.0,6.0,6.0,6.0,6.0,6.0,6.0,6.0,6.0,6.0,6.0,6.0,6.0,6.0,6.0
real,300,gulf,1,LSTM-rec,4,crossing,0,2,18.160357185802965,18.160357185802965,0.4157646882366246,,,,,,,,,,,,,,40.0,37.0,11.0,10.0,9.0,9.0,8.0
real,300,gulf,1,LSTM-rec,4,crossing,1,33,2.986611120337194,2.986611120337194,0.056251242017248106,,,,227.0,220.0,218.0,199.0,199.0,199.0,6.0,6.0,6.0,6.0,6.0,6.0,6.0,6.0,6.0,6.0,6.0
real,300,gulf,1,LSTM-rec,4,crossing,2,67,5.43893650912851,5.43893650912851,0.5191709353475291,,,,,,,52.0,46.0,19.0,16.0,13.0,9.0,6.0,6.0,6.0,6.0,6.0,6.0,6.0,6.0
real,300,gulf,1,LSTM-rec,4,crossing,3,138,2.833003496658495,2.833003496658495,0.014378855073286817,,,,26.0,24.0,23.0,23.0,23.0,22.0,6.0,6.0,6.0,6.0,6.0,6.0,6.0,6.0,6.0,6.0,6.0
real,300,gulf,1,LSTM-rec,4,crossing,4,212,3.0070642646448764,3.0070642646448764,0.015002681258598643,,,,576.0,574.0,568.0,567.0,566.0,566.0,6.0,6.0,6.0,6.0,6.0,6.0,6.0,6.0,6.0,6.0,6.0
real,300,gulf,1,LSTM-rec,4,crossing,5,256,5.249376116475457,5.249376116475457,0.12748490337181978,,,,,,172.0,168.0,6.0,6.0,6.0,6.0,6.0,6.0,6.0,6.0,6.0,6.0,6.0,6.0,6.0
real,300,gulf,1,LSTM-rec,4,crossing,6,258,3.1153877917690904,3.1153877917690904,0.019721043392981162,,,,,158.0,157.0,6.0,6.0,6.0,6.0,6.0,6.0,6.0,6.0,6.0,6.0,6.0,6.0,6.0,6.0
real,300,gulf,1,LSTM-rec,4,crossing,7,266,3.1076535724180134,3.1076535724180134,0.44897403808787134,,,,,21.0,16.0,6.0,6.0,6.0,6.0,6.0,6.0,6.0,6.0,6.0,6.0,6.0,6.0,6.0,6.0
real,300,gulf,1,LSTM-rec,4,crossing,8,343,3.891232830662605,3.891232830662605,0.3897944343919547,,,,,,90.0,84.0,80.0,74.0,66.0,62.0,55.0,48.0,44.0,27.0,24.0,7.0,6.0,6.0,6.0
real,300,gulf,1,LSTM-rec,4,crossing,9,347,4.364041267698031,4.364041267698031,0.41303795632826884,,,,,60.0,59.0,55.0,48.0,41.0,35.0,29.0,23.0,16.0,6.0,6.0,6.0,6.0,6.0,6.0,6.0
real,300,gulf,1,LSTM-rec,4,crossing,10,388,22.85265109305017,22.85265109305017,0.41440571829487477,,,,,,,,,,,,,,,,,,,,
real,300,gulf,1,LSTM-rec,4,crossing,11,425,8.346256747865883,8.346256747865883,0.00655001583930286,,,,,,,623.0,350.0,349.0,6.0,6.0,6.0,6.0,6.0,6.0,6.0,6.0,6.0,6.0,6.0
real,300,gulf,1,LSTM-rec,4,crossing,12,465,3.0033049334524042,3.0033049334524042,0.054031880073734655,,,,152.0,150.0,149.0,149.0,31.0,30.0,6.0,6.0,6.0,6.0,6.0,6.0,6.0,6.0,6.0,6.0,6.0
real,300,gulf,1,LSTM-rec,4,crossing,13,481,3.7554712473041567,3.7554712473041567,0.07736042009887108,,,,,103.0,97.0,92.0,84.0,6.0,6.0,6.0,6.0,6.0,6.0,6.0,6.0,6.0,6.0,6.0,6.0
real,300,gulf,1,LSTM-ms,4,buffer,0,2,18.160357185802965,18.160357185802965,0.4157646882366246,,,,,,,,,,,,,,,,,,,,
real,300,gulf,1,LSTM-ms,4,buffer,1,33,2.986611120337194,2.986611120337194,0.056251242017248106,,,,,228.0,221.0,221.0,220.0,220.0,219.0,219.0,219.0,219.0,219.0,219.0,218.0,218.0,218.0,218.0,218.0
real,300,gulf,1,LSTM-ms,4,buffer,2,67,5.43893650912851,5.43893650912851,0.5191709353475291,,,,,,,,,,,,,,,,,,,,
real,300,gulf,1,LSTM-ms,4,buffer,3,138,2.833003496658495,2.833003496658495,0.014378855073286817,,,,643.0,26.0,26.0,25.0,25.0,25.0,25.0,24.0,24.0,24.0,24.0,24.0,24.0,24.0,24.0,24.0,23.0
real,300,gulf,1,LSTM-ms,4,buffer,4,212,3.0070642646448764,3.0070642646448764,0.015002681258598643,,,,,576.0,576.0,574.0,574.0,571.0,571.0,570.0,570.0,569.0,568.0,568.0,568.0,568.0,568.0,568.0,568.0
real,300,gulf,1,LSTM-ms,4,buffer,5,256,5.249376116475457,5.249376116475457,0.12748490337181978,,,,,,,,,,,,,,,172.0,171.0,170.0,170.0,169.0,169.0
real,300,gulf,1,LSTM-ms,4,buffer,6,258,3.1153877917690904,3.1153877917690904,0.019721043392981162,,,,,,,161.0,161.0,161.0,160.0,160.0,160.0,160.0,160.0,159.0,159.0,158.0,158.0,158.0,158.0
real,300,gulf,1,LSTM-ms,4,buffer,7,266,3.1076535724180134,3.1076535724180134,0.44897403808787134,,,,,,,,,,,,,,21.0,21.0,20.0,20.0,19.0,19.0,18.0
real,300,gulf,1,LSTM-ms,4,buffer,8,343,3.891232830662605,3.891232830662605,0.3897944343919547,,,,,,,,,,,,,93.0,93.0,93.0,92.0,92.0,91.0,88.0,87.0
real,300,gulf,1,LSTM-ms,4,buffer,9,347,4.364041267698031,4.364041267698031,0.41303795632826884,,,,,,,,,,,61.0,60.0,60.0,60.0,60.0,60.0,59.0,58.0,58.0,57.0
real,300,gulf,1,LSTM-ms,4,buffer,10,388,22.85265109305017,22.85265109305017,0.41440571829487477,,,,,,,,,,,,,,,,,,,,
real,300,gulf,1,LSTM-ms,4,buffer,11,425,8.346256747865883,8.346256747865883,0.00655001583930286,,,,,,,,,,,,,,,619.0,617.0,616.0,616.0,615.0,615.0
real,300,gulf,1,LSTM-ms,4,buffer,12,465,3.0033049334524042,3.0033049334524042,0.054031880073734655,,,155.0,153.0,152.0,152.0,151.0,151.0,151.0,151.0,150.0,150.0,150.0,150.0,150.0,150.0,150.0,149.0,149.0,149.0
real,300,gulf,1,LSTM-ms,4,buffer,13,481,3.7554712473041567,3.7554712473041567,0.07736042009887108,,,,,,,,,,,,103.0,103.0,103.0,103.0,103.0,101.0,99.0,98.0,97.0
real,300,gulf,1,LSTM-ms,4,crossing,0,2,18.160357185802965,18.160357185802965,0.4157646882366246,,,,,,,,,,,,,,,,,,,,
real,300,gulf,1,LSTM-ms,4,crossing,1,33,2.986611120337194,2.986611120337194,0.056251242017248106,,,,,,,,,,,221.0,220.0,220.0,220.0,220.0,219.0,219.0,219.0,219.0,219.0
real,300,gulf,1,LSTM-ms,4,crossing,2,67,5.43893650912851,5.43893650912851,0.5191709353475291,,,,,,,,,,,,,,,,,,,,
real,300,gulf,1,LSTM-ms,4,crossing,3,138,2.833003496658495,2.833003496658495,0.014378855073286817,,,,,,,,,26.0,26.0,26.0,25.0,25.0,25.0,25.0,25.0,25.0,24.0,24.0,24.0
real,300,gulf,1,LSTM-ms,4,crossing,4,212,3.0070642646448764,3.0070642646448764,0.015002681258598643,,,,,,,,,,,,,,576.0,574.0,571.0,571.0,570.0,570.0,569.0
real,300,gulf,1,LSTM-ms,4,crossing,5,256,5.249376116475457,5.249376116475457,0.12748490337181978,,,,,,,,,,,,,,,,,,,,
real,300,gulf,1,LSTM-ms,4,crossing,6,258,3.1153877917690904,3.1153877917690904,0.019721043392981162,,,,,,,,,,,,,,,,,,161.0,161.0,161.0
real,300,gulf,1,LSTM-ms,4,crossing,7,266,3.1076535724180134,3.1076535724180134,0.44897403808787134,,,,,,,,,,,,,,,,,,,,
real,300,gulf,1,LSTM-ms,4,crossing,8,343,3.891232830662605,3.891232830662605,0.3897944343919547,,,,,,,,,,,,,,,,,,,,
real,300,gulf,1,LSTM-ms,4,crossing,9,347,4.364041267698031,4.364041267698031,0.41303795632826884,,,,,,,,,,,,,,,,,,,,
real,300,gulf,1,LSTM-ms,4,crossing,10,388,22.85265109305017,22.85265109305017,0.41440571829487477,,,,,,,,,,,,,,,,,,,,
real,300,gulf,1,LSTM-ms,4,crossing,11,425,8.346256747865883,8.346256747865883,0.00655001583930286,,,,,,,,,,,,,,,,,,,617.0,617.0
real,300,gulf,1,LSTM-ms,4,crossing,12,465,3.0033049334524042,3.0033049334524042,0.054031880073734655,,,,,,,,153.0,152.0,152.0,152.0,151.0,151.0,151.0,151.0,151.0,151.0,150.0,150.0,150.0
real,300,gulf,1,LSTM-ms,4,crossing,13,481,3.7554712473041567,3.7554712473041567,0.07736042009887108,,,,,,,,,,,,,,,,,,,,
real,300,gulf,2,Reactive,0,zone,0,2,10.092549112098103,10.092549112098103,0.41462458992665296,,,,,,,,,,,,,,,,,,,,
real,300,gulf,2,Reactive,0,zone,1,5,8.69983547928779,8.69983547928779,0.2229874829535222,,,,,,,,,,,,,,,,,,,,
real,300,gulf,2,Reactive,0,zone,2,10,14.272292023668387,14.272292023668387,0.643478718577077,,,,,,,,,,,,,,,,,,,,
real,300,gulf,2,Reactive,0,zone,3,86,23.327530665889775,23.327530665889775,0.43070136084856847,,,,,,,,,,,,,,,,,,,,
real,300,gulf,2,Reactive,0,zone,4,97,12.953642640281496,12.953642640281496,0.23370005878504074,,,,,,,,,,,,,,,,,,,,
real,300,gulf,2,Reactive,0,zone,5,104,6.940913479949038,6.940913479949038,0.6192578690216265,,,,,,,,,,,,,,,,,,,,
real,300,gulf,2,Reactive,0,zone,6,114,25.57384036890475,25.57384036890475,0.6219038229353077,,,,,,,,,,,,,,,,,,,,
real,300,gulf,2,Reactive,0,zone,7,115,10.390951312846687,10.390951312846687,0.00494315008550448,,,,,,,,,,,,,,,,,,,,
real,300,gulf,2,Reactive,0,zone,8,133,2.660788965295984,2.660788965295984,0.4764364940137227,,,,,,,,,,,,,,,,,,,,
real,300,gulf,2,Reactive,0,zone,9,140,5.689298358183627,5.689298358183627,0.6610238924070896,,,,,,,,,,,,,,,,,,,,
real,300,gulf,2,Reactive,0,zone,10,176,24.316792774820417,24.316792774820417,0.41114130975707536,,,,,,,,,,,,,,,,,,,,
real,300,gulf,2,Reactive,0,zone,11,189,19.420576324463948,19.420576324463948,0.3861481942055819,,,,,,,,,,,,,,,,,,,,
real,300,gulf,2,Reactive,0,zone,12,202,23.081675287171844,23.081675287171844,0.4813765306277779,,,,,,,,,,,,,,,,,,,,
real,300,gulf,2,Reactive,0,zone,13,218,9.155956395842184,9.155956395842184,0.4723142810519824,,,,,,,,,,,,,,,,,,,,
real,300,gulf,2,Reactive,0,zone,14,219,23.16215678179073,23.16215678179073,0.38554944711906675,,,,,,,,,,,,,,,,,,,,
real,300,gulf,2,Reactive,0,zone,15,223,21.994812718043264,21.994812718043264,0.45471134594523244,,,,,,,,,,,,,,,,,,,,
real,300,gulf,2,Reactive,0,zone,16,224,8.343683833660407,8.343683833660407,0.3928638123655056,,,,,,,,,,,,,,,,,,,,
real,300,gulf,2,Reactive,0,zone,17,248,9.539230461054347,9.539230461054347,0.4272128286514749,,,,,,,,,,,,,,,,,,,,
real,300,gulf,2,Reactive,0,zone,18,278,13.980437040604748,13.980437040604748,0.5324615528008372,,,,,,,,,,,,,,,,,,,,
real,300,gulf,2,Reactive,0,zone,19,292,24.347554956313097,24.347554956313097,0.0038502633668011854,,,,,,,,,,,,,,,,,,,,
real,300,gulf,2,Reactive,0,zone,20,299,7.633601035879307,7.633601035879307,0.43388261487408103,,,,,,,,,,,,,,,,,,,,
real,300,gulf,2,Reactive,0,zone,21,307,7.400455468199323,7.400455468199323,0.43464894532707987,,,,,,,,,,,,,,,,,,,,
real,300,gulf,2,Reactive,0,zone,22,323,24.28365296437254,24.28365296437254,0.43413214483769874,,,,,,,,,,,,,,,,,,,,
real,300,gulf,2,Reactive,0,zone,23,330,8.307649317083783,8.307649317083783,0.485624986707553,,,,,,,,,,,,,,,,,,,,
real,300,gulf,2,Reactive,0,zone,24,363,12.54962012548897,12.54962012548897,0.40636924260393564,,,,,,,,,,,,,,,,,,,,
real,300,gulf,2,Reactive,0,zone,25,372,4.5807176779516,4.5807176779516,3.0393881304747903,,,,,,,,,,,,,,,,,,,,
real,300,gulf,2,Reactive,0,zone,26,384,15.765034882493682,15.765034882493682,0.44556733460352144,,,,,,,,,,,,,,,,,,,,
real,300,gulf,2,Reactive,0,zone,27,388,10.328110082454318,10.328110082454318,0.41440571829487477,,,,,,,,,,,,,,,,,,,,
real,300,gulf,2,Reactive,0,zone,28,396,6.653386013079275,6.653386013079275,0.5157963407146491,,,,,,,,,,,,,,,,,,,,
real,300,gulf,2,Reactive,0,zone,29,401,4.590570049057615,4.590570049057615,0.52367571975975,,,,,,,,,,,,,,,,,,,,
real,300,gulf,2,Reactive,0,zone,30,423,19.59772737490978,19.59772737490978,0.4981448107968005,,,,,,,,,,,,,,,,,,,,
real,300,gulf,2,Reactive,0,zone,31,433,18.91035238109743,18.91035238109743,0.7798868900493525,,,,,,,,,,,,,,,,,,,,
real,300,gulf,2,Reactive,0,zone,32,458,10.65743527578036,10.65743527578036,0.4306992962403327,,,,,,,,,,,,,,,,,,,,
real,300,gulf,2,Reactive,0,zone,33,462,14.043159171807925,14.043159171807925,0.08176870224993794,,,,,,,,,,,,,,,,,,,,
real,300,gulf,2,Reactive,0,zone,34,499,25.624446822627736,25.624446822627736,0.49366907931161724,,,,,,,,,,,,,,,,,,,,
real,300,gulf,2,Analytic,0,buffer,0,2,10.092549112098103,10.092549112098103,0.41462458992665296,,,,,,,,,,,,,,,,,,,,
real,300,gulf,2,Analytic,0,buffer,1,5,8.69983547928779,8.69983547928779,0.2229874829535222,,,,,,,,,,,,,,,,219.0,219.0,219.0,219.0,218.0
real,300,gulf,2,Analytic,0,buffer,2,10,14.272292023668387,14.272292023668387,0.643478718577077,,,,,,,,,,,,,,,,,,,,
real,300,gulf,2,Analytic,0,buffer,3,86,23.327530665889775,23.327530665889775,0.43070136084856847,,,,,,,,,,,,,,,,,,,,
real,300,gulf,2,Analytic,0,buffer,4,97,12.953642640281496,12.953642640281496,0.23370005878504074,,,,,,,,,,,,,,,,,,,,
real,300,gulf,2,Analytic,0,buffer,5,104,6.940913479949038,6.940913479949038,0.6192578690216265,,,,,,,,,,,,,,,,,,,,
real,300,gulf,2,Analytic,0,buffer,6,114,25.57384036890475,25.57384036890475,0.6219038229353077,,,,,,,,,,,,,,,,,,,,
real,300,gulf,2,Analytic,0,buffer,7,115,10.390951312846687,10.390951312846687,0.00494315008550448,,,,,,,,,,,,,,,,,,,,
real,300,gulf,2,Analytic,0,buffer,8,133,2.660788965295984,2.660788965295984,0.4764364940137227,,,95.0,94.0,93.0,92.0,92.0,91.0,90.0,90.0,89.0,89.0,89.0,88.0,88.0,86.0,85.0,83.0,81.0,11.0
real,300,gulf,2,Analytic,0,buffer,9,140,5.689298358183627,5.689298358183627,0.6610238924070896,,,,,,,,,,,,,,,,,,,,
real,300,gulf,2,Analytic,0,buffer,10,176,24.316792774820417,24.316792774820417,0.41114130975707536,,,,,,,,,,,,,,,,,,,,
real,300,gulf,2,Analytic,0,buffer,11,189,19.420576324463948,19.420576324463948,0.3861481942055819,,,,,,,,,,,,,,,,,,,,
real,300,gulf,2,Analytic,0,buffer,12,202,23.081675287171844,23.081675287171844,0.4813765306277779,,,,,,,,,,,,,,,,,,,,
real,300,gulf,2,Analytic,0,buffer,13,218,9.155956395842184,9.155956395842184,0.4723142810519824,,,,,,,,,,,,,,,,,,13.0,13.0,13.0
real,300,gulf,2,Analytic,0,buffer,14,219,23.16215678179073,23.16215678179073,0.38554944711906675,,,,,,,,,,,,,,,,,,,,
real,300,gulf,2,Analytic,0,buffer,15,223,21.994812718043264,21.994812718043264,0.45471134594523244,,,,,,,,,,,,,,,,,,,,
real,300,gulf,2,Analytic,0,buffer,16,224,8.343683833660407,8.343683833660407,0.3928638123655056,,,,,,,,,,,,,,,,,,16.0,16.0,15.0
real,300,gulf,2,Analytic,0,buffer,17,248,9.539230461054347,9.539230461054347,0.4272128286514749,,,,,,,,,,,,,,,,,183.0,182.0,181.0,180.0
real,300,gulf,2,Analytic,0,buffer,18,278,13.980437040604748,13.980437040604748,0.5324615528008372,,,,,,,,,,,,,,,,,,,,
real,300,gulf,2,Analytic,0,buffer,19,292,24.347554956313097,24.347554956313097,0.0038502633668011854,,,,,,,,,,,,,,,,,,,,
real,300,gulf,2,Analytic,0,buffer,20,299,7.633601035879307,7.633601035879307,0.43388261487408103,,,,,,,,,,,,,,,,,,,,
real,300,gulf,2,Analytic,0,buffer,21,307,7.400455468199323,7.400455468199323,0.43464894532707987,,,,,,,,,,,,,,,,,,,,
real,300,gulf,2,Analytic,0,buffer,22,323,24.28365296437254,24.28365296437254,0.43413214483769874,,,,,,,,,,,,,,,,,,,,
real,300,gulf,2,Analytic,0,buffer,23,330,8.307649317083783,8.307649317083783,0.485624986707553,,,,,,,,,,,,,,,,,,,,
real,300,gulf,2,Analytic,0,buffer,24,363,12.54962012548897,12.54962012548897,0.40636924260393564,,,,,,,,,,,,,,,,,,,,
real,300,gulf,2,Analytic,0,buffer,25,372,4.5807176779516,4.5807176779516,3.0393881304747903,,,,,,,,,,,,,,,,,,,,
real,300,gulf,2,Analytic,0,buffer,26,384,15.765034882493682,15.765034882493682,0.44556733460352144,,,,,,,,,,,,,,,,,,,,
real,300,gulf,2,Analytic,0,buffer,27,388,10.328110082454318,10.328110082454318,0.41440571829487477,,,,,,,,,,,,,,,,,,,,
real,300,gulf,2,Analytic,0,buffer,28,396,6.653386013079275,6.653386013079275,0.5157963407146491,,,,,,,,,,,,,,,,,,,,
real,300,gulf,2,Analytic,0,buffer,29,401,4.590570049057615,4.590570049057615,0.52367571975975,,,67.0,66.0,65.0,64.0,64.0,63.0,63.0,63.0,63.0,62.0,62.0,62.0,62.0,62.0,62.0,61.0,61.0,61.0
real,300,gulf,2,Analytic,0,buffer,30,423,19.59772737490978,19.59772737490978,0.4981448107968005,,,,,,,,,,,,,,,,,,,,
real,300,gulf,2,Analytic,0,buffer,31,433,18.91035238109743,18.91035238109743,0.7798868900493525,,,,,,,,,,,,,,,,,,,,
real,300,gulf,2,Analytic,0,buffer,32,458,10.65743527578036,10.65743527578036,0.4306992962403327,,,,,,,,,,,,,,,,,,,,
real,300,gulf,2,Analytic,0,buffer,33,462,14.043159171807925,14.043159171807925,0.08176870224993794,,,,,,,,,,,,,,,,,,,,
real,300,gulf,2,Analytic,0,buffer,34,499,25.624446822627736,25.624446822627736,0.49366907931161724,,,,,,,,,,,,,,,,,,,,
real,300,gulf,2,Analytic,0,crossing,0,2,10.092549112098103,10.092549112098103,0.41462458992665296,,,,,,,,,,,,,,,,,,,,
real,300,gulf,2,Analytic,0,crossing,1,5,8.69983547928779,8.69983547928779,0.2229874829535222,,,,,,,,,,,,,,,,,,,219.0,219.0
real,300,gulf,2,Analytic,0,crossing,2,10,14.272292023668387,14.272292023668387,0.643478718577077,,,,,,,,,,,,,,,,,,,,
real,300,gulf,2,Analytic,0,crossing,3,86,23.327530665889775,23.327530665889775,0.43070136084856847,,,,,,,,,,,,,,,,,,,,
real,300,gulf,2,Analytic,0,crossing,4,97,12.953642640281496,12.953642640281496,0.23370005878504074,,,,,,,,,,,,,,,,,,,,
real,300,gulf,2,Analytic,0,crossing,5,104,6.940913479949038,6.940913479949038,0.6192578690216265,,,,,,,,,,,,,,,,,,,,
real,300,gulf,2,Analytic,0,crossing,6,114,25.57384036890475,25.57384036890475,0.6219038229353077,,,,,,,,,,,,,,,,,,,,
real,300,gulf,2,Analytic,0,crossing,7,115,10.390951312846687,10.390951312846687,0.00494315008550448,,,,,,,,,,,,,,,,,,,,
real,300,gulf,2,Analytic,0,crossing,8,133,2.660788965295984,2.660788965295984,0.4764364940137227,,,,,,,,,,,,95.0,94.0,93.0,92.0,92.0,91.0,91.0,90.0,90.0
real,300,gulf,2,Analytic,0,crossing,9,140,5.689298358183627,5.689298358183627,0.6610238924070896,,,,,,,,,,,,,,,,,,,,
real,300,gulf,2,Analytic,0,crossing,10,176,24.316792774820417,24.316792774820417,0.41114130975707536,,,,,,,,,,,,,,,,,,,,
real,300,gulf,2,Analytic,0,crossing,11,189,19.420576324463948,19.420576324463948,0.3861481942055819,,,,,,,,,,,,,,,,,,,,
real,300,gulf,2,Analytic,0,crossing,12,202,23.081675287171844,23.081675287171844,0.4813765306277779,,,,,,,,,,,,,,,,,,,,
real,300,gulf,2,Analytic,0,crossing,13,218,9.155956395842184,9.155956395842184,0.4723142810519824,,,,,,,,,,,,,,,,,,,,
real,300,gulf,2,Analytic,0,crossing,14,219,23.16215678179073,23.16215678179073,0.38554944711906675,,,,,,,,,,,,,,,,,,,,
real,300,gulf,2,Analytic,0,crossing,15,223,21.994812718043264,21.994812718043264,0.45471134594523244,,,,,,,,,,,,,,,,,,,,
real,300,gulf,2,Analytic,0,crossing,16,224,8.343683833660407,8.343683833660407,0.3928638123655056,,,,,,,,,,,,,,,,,,,,
real,300,gulf,2,Analytic,0,crossing,17,248,9.539230461054347,9.539230461054347,0.4272128286514749,,,,,,,,,,,,,,,,,,184.0,183.0,182.0
real,300,gulf,2,Analytic,0,crossing,18,278,13.980437040604748,13.980437040604748,0.5324615528008372,,,,,,,,,,,,,,,,,,,,
real,300,gulf,2,Analytic,0,crossing,19,292,24.347554956313097,24.347554956313097,0.0038502633668011854,,,,,,,,,,,,,,,,,,,,
real,300,gulf,2,Analytic,0,crossing,20,299,7.633601035879307,7.633601035879307,0.43388261487408103,,,,,,,,,,,,,,,,,,,,
real,300,gulf,2,Analytic,0,crossing,21,307,7.400455468199323,7.400455468199323,0.43464894532707987,,,,,,,,,,,,,,,,,,,,
real,300,gulf,2,Analytic,0,crossing,22,323,24.28365296437254,24.28365296437254,0.43413214483769874,,,,,,,,,,,,,,,,,,,,
real,300,gulf,2,Analytic,0,crossing,23,330,8.307649317083783,8.307649317083783,0.485624986707553,,,,,,,,,,,,,,,,,,,,
real,300,gulf,2,Analytic,0,crossing,24,363,12.54962012548897,12.54962012548897,0.40636924260393564,,,,,,,,,,,,,,,,,,,,
real,300,gulf,2,Analytic,0,crossing,25,372,4.5807176779516,4.5807176779516,3.0393881304747903,,,,,,,,,,,,,,,,,,,,
real,300,gulf,2,Analytic,0,crossing,26,384,15.765034882493682,15.765034882493682,0.44556733460352144,,,,,,,,,,,,,,,,,,,,
real,300,gulf,2,Analytic,0,crossing,27,388,10.328110082454318,10.328110082454318,0.41440571829487477,,,,,,,,,,,,,,,,,,,,
real,300,gulf,2,Analytic,0,crossing,28,396,6.653386013079275,6.653386013079275,0.5157963407146491,,,,,,,,,,,,,,,,,,,,
real,300,gulf,2,Analytic,0,crossing,29,401,4.590570049057615,4.590570049057615,0.52367571975975,,,,,,67.0,66.0,65.0,64.0,64.0,63.0,63.0,63.0,63.0,62.0,62.0,62.0,62.0,62.0,62.0
real,300,gulf,2,Analytic,0,crossing,30,423,19.59772737490978,19.59772737490978,0.4981448107968005,,,,,,,,,,,,,,,,,,,,
real,300,gulf,2,Analytic,0,crossing,31,433,18.91035238109743,18.91035238109743,0.7798868900493525,,,,,,,,,,,,,,,,,,,,
real,300,gulf,2,Analytic,0,crossing,32,458,10.65743527578036,10.65743527578036,0.4306992962403327,,,,,,,,,,,,,,,,,,,,
real,300,gulf,2,Analytic,0,crossing,33,462,14.043159171807925,14.043159171807925,0.08176870224993794,,,,,,,,,,,,,,,,,,,,
real,300,gulf,2,Analytic,0,crossing,34,499,25.624446822627736,25.624446822627736,0.49366907931161724,,,,,,,,,,,,,,,,,,,,
real,300,gulf,2,ConstVel,0,buffer,0,2,10.092549112098103,10.092549112098103,0.41462458992665296,,,,,,,,,,,,,,,8.0,7.0,7.0,7.0,7.0,7.0
real,300,gulf,2,ConstVel,0,buffer,1,5,8.69983547928779,8.69983547928779,0.2229874829535222,,,,,,,,,,,,,218.0,217.0,217.0,216.0,216.0,216.0,216.0,216.0
real,300,gulf,2,ConstVel,0,buffer,2,10,14.272292023668387,14.272292023668387,0.643478718577077,,,,,,,,,,,,,,,,,,,,
real,300,gulf,2,ConstVel,0,buffer,3,86,23.327530665889775,23.327530665889775,0.43070136084856847,,,,,,,,,,,,,,,,,,,,
real,300,gulf,2,ConstVel,0,buffer,4,97,12.953642640281496,12.953642640281496,0.23370005878504074,,,,,,,,,,,,,,,,,,,,
real,300,gulf,2,ConstVel,0,buffer,5,104,6.940913479949038,6.940913479949038,0.6192578690216265,,,,,,,,,,,,,,,,,,,,
real,300,gulf,2,ConstVel,0,buffer,6,114,25.57384036890475,25.57384036890475,0.6219038229353077,,,,,,,,,,,,,,,,,,,,
real,300,gulf,2,ConstVel,0,buffer,7,115,10.390951312846687,10.390951312846687,0.00494315008550448,,,,,,,,,,,,,,,,,,,,
real,300,gulf,2,ConstVel,0,buffer,8,133,2.660788965295984,2.660788965295984,0.4764364940137227,,,95.0,95.0,94.0,92.0,91.0,90.0,89.0,89.0,88.0,88.0,88.0,88.0,88.0,86.0,86.0,9.0,9.0,9.0
real,300,gulf,2,ConstVel,0,buffer,9,140,5.689298358183627,5.689298358183627,0.6610238924070896,,,,,,,,,,,,,,,,,,,,
real,300,gulf,2,ConstVel,0,buffer,10,176,24.316792774820417,24.316792774820417,0.41114130975707536,,,,,,,,,,,,,,,,,,,,
real,300,gulf,2,ConstVel,0,buffer,11,189,19.420576324463948,19.420576324463948,0.3861481942055819,,,,,,,,,,,,,,,,,,,,
real,300,gulf,2,ConstVel,0,buffer,12,202,23.081675287171844,23.081675287171844,0.4813765306277779,,,,,,,,,,,,,,,,,,,,
real,300,gulf,2,ConstVel,0,buffer,13,218,9.155956395842184,9.155956395842184,0.4723142810519824,,,,,,,,,12.0,12.0,12.0,12.0,12.0,12.0,12.0,12.0,12.0,12.0,12.0,12.0
real,300,gulf,2,ConstVel,0,buffer,14,219,23.16215678179073,23.16215678179073,0.38554944711906675,,,,,,,,,,,,,,,,,,,,
real,300,gulf,2,ConstVel,0,buffer,15,223,21.994812718043264,21.994812718043264,0.45471134594523244,,,,,,,,,,,,,,,,,,,,
real,300,gulf,2,ConstVel,0,buffer,16,224,8.343683833660407,8.343683833660407,0.3928638123655056,,,,,,,,,,,13.0,13.0,13.0,13.0,13.0,13.0,13.0,13.0,13.0,13.0
real,300,gulf,2,ConstVel,0,buffer,17,248,9.539230461054347,9.539230461054347,0.4272128286514749,,,,,,,,,,,,,,,,,184.0,183.0,181.0,180.0
real,300,gulf,2,ConstVel,0,buffer,18,278,13.980437040604748,13.980437040604748,0.5324615528008372,,,,,,,,,,,,,,,,,,,,
real,300,gulf,2,ConstVel,0,buffer,19,292,24.347554956313097,24.347554956313097,0.0038502633668011854,,,,,,,,,,,,,,,,,,,,
real,300,gulf,2,ConstVel,0,buffer,20,299,7.633601035879307,7.633601035879307,0.43388261487408103,,,,,,,,,,,,112.0,112.0,112.0,112.0,112.0,112.0,111.0,111.0,111.0
real,300,gulf,2,ConstVel,0,buffer,21,307,7.400455468199323,7.400455468199323,0.43464894532707987,,,,,,,,,,,,,,,,,,,49.0,49.0
real,300,gulf,2,ConstVel,0,buffer,22,323,24.28365296437254,24.28365296437254,0.43413214483769874,,,,,,,,,,,,,,,,,,,,
real,300,gulf,2,ConstVel,0,buffer,23,330,8.307649317083783,8.307649317083783,0.485624986707553,,,,,,,,,,,,,,,,,,,,
real,300,gulf,2,ConstVel,0,buffer,24,363,12.54962012548897,12.54962012548897,0.40636924260393564,,,,,,,,,,,,,,,,,,,,
real,300,gulf,2,ConstVel,0,buffer,25,372,4.5807176779516,4.5807176779516,3.0393881304747903,,,,,,,,,,,,,,,,,,,,
real,300,gulf,2,ConstVel,0,buffer,26,384,15.765034882493682,15.765034882493682,0.44556733460352144,,,,,,,,,,,,,,,,,,,,
real,300,gulf,2,ConstVel,0,buffer,27,388,10.328110082454318,10.328110082454318,0.41440571829487477,,,,,,,,,,,,,,,,,,,,
real,300,gulf,2,ConstVel,0,buffer,28,396,6.653386013079275,6.653386013079275,0.5157963407146491,,,,,,,,,,,,,,,,,,,,
real,300,gulf,2,ConstVel,0,buffer,29,401,4.590570049057615,4.590570049057615,0.52367571975975,,,67.0,66.0,65.0,64.0,63.0,62.0,61.0,61.0,60.0,60.0,60.0,60.0,60.0,60.0,60.0,60.0,60.0,60.0
real,300,gulf,2,ConstVel,0,buffer,30,423,19.59772737490978,19.59772737490978,0.4981448107968005,,,,,,,,,,,,,,,,,,,,
real,300,gulf,2,ConstVel,0,buffer,31,433,18.91035238109743,18.91035238109743,0.7798868900493525,,,,,,,,,,,,,,,,,,,,
real,300,gulf,2,ConstVel,0,buffer,32,458,10.65743527578036,10.65743527578036,0.4306992962403327,,,,,,,,,,,,,,,,,,,,
real,300,gulf,2,ConstVel,0,buffer,33,462,14.043159171807925,14.043159171807925,0.08176870224993794,,,,,,,,,,,,,,,,,,,,
real,300,gulf,2,ConstVel,0,buffer,34,499,25.624446822627736,25.624446822627736,0.49366907931161724,,,,,,,,,,,,,,,,,,,,
real,300,gulf,2,ConstVel,0,crossing,0,2,10.092549112098103,10.092549112098103,0.41462458992665296,,,,,,,,,,,,,,,,,,8.0,7.0,7.0
real,300,gulf,2,ConstVel,0,crossing,1,5,8.69983547928779,8.69983547928779,0.2229874829535222,,,,,,,,,,,,,,,218.0,217.0,217.0,216.0,216.0,216.0
real,300,gulf,2,ConstVel,0,crossing,2,10,14.272292023668387,14.272292023668387,0.643478718577077,,,,,,,,,,,,,,,,,,,,
real,300,gulf,2,ConstVel,0,crossing,3,86,23.327530665889775,23.327530665889775,0.43070136084856847,,,,,,,,,,,,,,,,,,,,
real,300,gulf,2,ConstVel,0,crossing,4,97,12.953642640281496,12.953642640281496,0.23370005878504074,,,,,,,,,,,,,,,,,,,,
real,300,gulf,2,ConstVel,0,crossing,5,104,6.940913479949038,6.940913479949038,0.6192578690216265,,,,,,,,,,,,,,,,,,,,
real,300,gulf,2,ConstVel,0,crossing,6,114,25.57384036890475,25.57384036890475,0.6219038229353077,,,,,,,,,,,,,,,,,,,,
real,300,gulf,2,ConstVel,0,crossing,7,115,10.390951312846687,10.390951312846687,0.00494315008550448,,,,,,,,,,,,,,,,,,,,
real,300,gulf,2,ConstVel,0,crossing,8,133,2.660788965295984,2.660788965295984,0.4764364940137227,,,,,,,,,,,,95.0,95.0,94.0,91.0,90.0,89.0,89.0,89.0,88.0
real,300,gulf,2,ConstVel,0,crossing,9,140,5.689298358183627,5.689298358183627,0.6610238924070896,,,,,,,,,,,,,,,,,,,,
real,300,gulf,2,ConstVel,0,crossing,10,176,24.316792774820417,24.316792774820417,0.41114130975707536,,,,,,,,,,,,,,,,,,,,
real,300,gulf,2,ConstVel,0,crossing,11,189,19.420576324463948,19.420576324463948,0.3861481942055819,,,,,,,,,,,,,,,,,,,,
real,300,gulf,2,ConstVel,0,crossing,12,202,23.081675287171844,23.081675287171844,0.4813765306277779,,,,,,,,,,,,,,,,,,,,
real,300,gulf,2,ConstVel,0,crossing,13,218,9.155956395842184,9.155956395842184,0.4723142810519824,,,,,,,,,,,12.0,12.0,12.0,12.0,12.0,12.0,12.0,12.0,12.0,12.0
real,300,gulf,2,ConstVel,0,crossing,14,219,23.16215678179073,23.16215678179073,0.38554944711906675,,,,,,,,,,,,,,,,,,,,
real,300,gulf,2,ConstVel,0,crossing,15,223,21.994812718043264,21.994812718043264,0.45471134594523244,,,,,,,,,,,,,,,,,,,,
real,300,gulf,2,ConstVel,0,crossing,16,224,8.343683833660407,8.343683833660407,0.3928638123655056,,,,,,,,,,,,,,13.0,13.0,13.0,13.0,13.0,13.0,13.0
real,300,gulf,2,ConstVel,0,crossing,17,248,9.539230461054347,9.539230461054347,0.4272128286514749,,,,,,,,,,,,,,,,,,,184.0,183.0
real,300,gulf,2,ConstVel,0,crossing,18,278,13.980437040604748,13.980437040604748,0.5324615528008372,,,,,,,,,,,,,,,,,,,,
real,300,gulf,2,ConstVel,0,crossing,19,292,24.347554956313097,24.347554956313097,0.0038502633668011854,,,,,,,,,,,,,,,,,,,,
real,300,gulf,2,ConstVel,0,crossing,20,299,7.633601035879307,7.633601035879307,0.43388261487408103,,,,,,,,,,,,,,,112.0,112.0,112.0,112.0,112.0,112.0
real,300,gulf,2,ConstVel,0,crossing,21,307,7.400455468199323,7.400455468199323,0.43464894532707987,,,,,,,,,,,,,,,,,,,,
real,300,gulf,2,ConstVel,0,crossing,22,323,24.28365296437254,24.28365296437254,0.43413214483769874,,,,,,,,,,,,,,,,,,,,
real,300,gulf,2,ConstVel,0,crossing,23,330,8.307649317083783,8.307649317083783,0.485624986707553,,,,,,,,,,,,,,,,,,,,
real,300,gulf,2,ConstVel,0,crossing,24,363,12.54962012548897,12.54962012548897,0.40636924260393564,,,,,,,,,,,,,,,,,,,,
real,300,gulf,2,ConstVel,0,crossing,25,372,4.5807176779516,4.5807176779516,3.0393881304747903,,,,,,,,,,,,,,,,,,,,
real,300,gulf,2,ConstVel,0,crossing,26,384,15.765034882493682,15.765034882493682,0.44556733460352144,,,,,,,,,,,,,,,,,,,,
real,300,gulf,2,ConstVel,0,crossing,27,388,10.328110082454318,10.328110082454318,0.41440571829487477,,,,,,,,,,,,,,,,,,,,
real,300,gulf,2,ConstVel,0,crossing,28,396,6.653386013079275,6.653386013079275,0.5157963407146491,,,,,,,,,,,,,,,,,,,,
real,300,gulf,2,ConstVel,0,crossing,29,401,4.590570049057615,4.590570049057615,0.52367571975975,,,,,,67.0,66.0,65.0,63.0,62.0,62.0,61.0,60.0,60.0,60.0,60.0,60.0,60.0,60.0,60.0
real,300,gulf,2,ConstVel,0,crossing,30,423,19.59772737490978,19.59772737490978,0.4981448107968005,,,,,,,,,,,,,,,,,,,,
real,300,gulf,2,ConstVel,0,crossing,31,433,18.91035238109743,18.91035238109743,0.7798868900493525,,,,,,,,,,,,,,,,,,,,
real,300,gulf,2,ConstVel,0,crossing,32,458,10.65743527578036,10.65743527578036,0.4306992962403327,,,,,,,,,,,,,,,,,,,,
real,300,gulf,2,ConstVel,0,crossing,33,462,14.043159171807925,14.043159171807925,0.08176870224993794,,,,,,,,,,,,,,,,,,,,
real,300,gulf,2,ConstVel,0,crossing,34,499,25.624446822627736,25.624446822627736,0.49366907931161724,,,,,,,,,,,,,,,,,,,,
real,300,gulf,2,Kalman,0,buffer,0,2,10.092549112098103,10.092549112098103,0.41462458992665296,,,,,,,,,,,,,,,,,8.0,8.0,8.0,8.0
real,300,gulf,2,Kalman,0,buffer,1,5,8.69983547928779,8.69983547928779,0.2229874829535222,,,,,,,,,,,,,218.0,218.0,218.0,217.0,217.0,217.0,217.0,217.0
real,300,gulf,2,Kalman,0,buffer,2,10,14.272292023668387,14.272292023668387,0.643478718577077,,,,,,,,,,,,,,,,,,,,
real,300,gulf,2,Kalman,0,buffer,3,86,23.327530665889775,23.327530665889775,0.43070136084856847,,,,,,,,,,,,,,,,,,,,
real,300,gulf,2,Kalman,0,buffer,4,97,12.953642640281496,12.953642640281496,0.23370005878504074,,,,,,,,,,,,,,,,,,,,
real,300,gulf,2,Kalman,0,buffer,5,104,6.940913479949038,6.940913479949038,0.6192578690216265,,,,,,,,,,,,,,,,,,,,
real,300,gulf,2,Kalman,0,buffer,6,114,25.57384036890475,25.57384036890475,0.6219038229353077,,,,,,,,,,,,,,,,,,,,
real,300,gulf,2,Kalman,0,buffer,7,115,10.390951312846687,10.390951312846687,0.00494315008550448,,,,,,,,,,,,,,,,,,,,
real,300,gulf,2,Kalman,0,buffer,8,133,2.660788965295984,2.660788965295984,0.4764364940137227,,,95.0,95.0,94.0,92.0,91.0,90.0,90.0,89.0,89.0,88.0,88.0,88.0,88.0,86.0,86.0,85.0,9.0,9.0
real,300,gulf,2,Kalman,0,buffer,9,140,5.689298358183627,5.689298358183627,0.6610238924070896,,,,,,,,,,,,,,,,,,,,
real,300,gulf,2,Kalman,0,buffer,10,176,24.316792774820417,24.316792774820417,0.41114130975707536,,,,,,,,,,,,,,,,,,,,
real,300,gulf,2,Kalman,0,buffer,11,189,19.420576324463948,19.420576324463948,0.3861481942055819,,,,,,,,,,,,,,,,,,,,
real,300,gulf,2,Kalman,0,buffer,12,202,23.081675287171844,23.081675287171844,0.4813765306277779,,,,,,,,,,,,,,,,,,,,
real,300,gulf,2,Kalman,0,buffer,13,218,9.155956395842184,9.155956395842184,0.4723142810519824,,,,,,,,,,,13.0,13.0,13.0,12.0,12.0,12.0,12.0,12.0,12.0,12.0
real,300,gulf,2,Kalman,0,buffer,14,219,23.16215678179073,23.16215678179073,0.38554944711906675,,,,,,,,,,,,,,,,,,,,
real,300,gulf,2,Kalman,0,buffer,15,223,21.994812718043264,21.994812718043264,0.45471134594523244,,,,,,,,,,,,,,,,,,,,
real,300,gulf,2,Kalman,0,buffer,16,224,8.343683833660407,8.343683833660407,0.3928638123655056,,,,,,,,,,,,,,,14.0,14.0,13.0,13.0,13.0,13.0
real,300,gulf,2,Kalman,0,buffer,17,248,9.539230461054347,9.539230461054347,0.4272128286514749,,,,,,,,,,,,,,,,,184.0,182.0,181.0,180.0
real,300,gulf,2,Kalman,0,buffer,18,278,13.980437040604748,13.980437040604748,0.5324615528008372,,,,,,,,,,,,,,,,,,,,
real,300,gulf,2,Kalman,0,buffer,19,292,24.347554956313097,24.347554956313097,0.0038502633668011854,,,,,,,,,,,,,,,,,,,,
real,300,gulf,2,Kalman,0,buffer,20,299,7.633601035879307,7.633601035879307,0.43388261487408103,,,,,,,,,,,,,,112.0,112.0,112.0,112.0,112.0,112.0,112.0
real,300,gulf,2,Kalman,0,buffer,21,307,7.400455468199323,7.400455468199323,0.43464894532707987,,,,,,,,,,,,,,,,,,,,
real,300,gulf,2,Kalman,0,buffer,22,323,24.28365296437254,24.28365296437254,0.43413214483769874,,,,,,,,,,,,,,,,,,,,
real,300,gulf,2,Kalman,0,buffer,23,330,8.307649317083783,8.307649317083783,0.485624986707553,,,,,,,,,,,,,,,,,,,,
real,300,gulf,2,Kalman,0,buffer,24,363,12.54962012548897,12.54962012548897,0.40636924260393564,,,,,,,,,,,,,,,,,,,,
real,300,gulf,2,Kalman,0,buffer,25,372,4.5807176779516,4.5807176779516,3.0393881304747903,,,,,,,,,,,,,,,,,,,,
real,300,gulf,2,Kalman,0,buffer,26,384,15.765034882493682,15.765034882493682,0.44556733460352144,,,,,,,,,,,,,,,,,,,,
real,300,gulf,2,Kalman,0,buffer,27,388,10.328110082454318,10.328110082454318,0.41440571829487477,,,,,,,,,,,,,,,,,,,,
real,300,gulf,2,Kalman,0,buffer,28,396,6.653386013079275,6.653386013079275,0.5157963407146491,,,,,,,,,,,,,,,,,,,,
real,300,gulf,2,Kalman,0,buffer,29,401,4.590570049057615,4.590570049057615,0.52367571975975,,,67.0,66.0,65.0,64.0,63.0,62.0,62.0,61.0,61.0,61.0,61.0,61.0,60.0,60.0,60.0,60.0,60.0,60.0
real,300,gulf,2,Kalman,0,buffer,30,423,19.59772737490978,19.59772737490978,0.4981448107968005,,,,,,,,,,,,,,,,,,,,
real,300,gulf,2,Kalman,0,buffer,31,433,18.91035238109743,18.91035238109743,0.7798868900493525,,,,,,,,,,,,,,,,,,,,
real,300,gulf,2,Kalman,0,buffer,32,458,10.65743527578036,10.65743527578036,0.4306992962403327,,,,,,,,,,,,,,,,,,,,
real,300,gulf,2,Kalman,0,buffer,33,462,14.043159171807925,14.043159171807925,0.08176870224993794,,,,,,,,,,,,,,,,,,,,
real,300,gulf,2,Kalman,0,buffer,34,499,25.624446822627736,25.624446822627736,0.49366907931161724,,,,,,,,,,,,,,,,,,,,
real,300,gulf,2,Kalman,0,crossing,0,2,10.092549112098103,10.092549112098103,0.41462458992665296,,,,,,,,,,,,,,,,,,,,8.0
real,300,gulf,2,Kalman,0,crossing,1,5,8.69983547928779,8.69983547928779,0.2229874829535222,,,,,,,,,,,,,,,,218.0,218.0,217.0,217.0,217.0
real,300,gulf,2,Kalman,0,crossing,2,10,14.272292023668387,14.272292023668387,0.643478718577077,,,,,,,,,,,,,,,,,,,,
real,300,gulf,2,Kalman,0,crossing,3,86,23.327530665889775,23.327530665889775,0.43070136084856847,,,,,,,,,,,,,,,,,,,,
real,300,gulf,2,Kalman,0,crossing,4,97,12.953642640281496,12.953642640281496,0.23370005878504074,,,,,,,,,,,,,,,,,,,,
real,300,gulf,2,Kalman,0,crossing,5,104,6.940913479949038,6.940913479949038,0.6192578690216265,,,,,,,,,,,,,,,,,,,,
real,300,gulf,2,Kalman,0,crossing,6,114,25.57384036890475,25.57384036890475,0.6219038229353077,,,,,,,,,,,,,,,,,,,,
real,300,gulf,2,Kalman,0,crossing,7,115,10.390951312846687,10.390951312846687,0.00494315008550448,,,,,,,,,,,,,,,,,,,,
real,300,gulf,2,Kalman,0,crossing,8,133,2.660788965295984,2.660788965295984,0.4764364940137227,,,,,,,,,,,,,95.0,94.0,91.0,90.0,90.0,89.0,89.0,89.0
real,300,gulf,2,Kalman,0,crossing,9,140,5.689298358183627,5.689298358183627,0.6610238924070896,,,,,,,,,,,,,,,,,,,,
real,300,gulf,2,Kalman,0,crossing,10,176,24.316792774820417,24.316792774820417,0.41114130975707536,,,,,,,,,,,,,,,,,,,,
real,300,gulf,2,Kalman,0,crossing,11,189,19.420576324463948,19.420576324463948,0.3861481942055819,,,,,,,,,,,,,,,,,,,,
real,300,gulf,2,Kalman,0,crossing,12,202,23.081675287171844,23.081675287171844,0.4813765306277779,,,,,,,,,,,,,,,,,,,,
real,300,gulf,2,Kalman,0,crossing,13,218,9.155956395842184,9.155956395842184,0.4723142810519824,,,,,,,,,,,,,13.0,13.0,13.0,13.0,12.0,12.0,12.0,12.0
real,300,gulf,2,Kalman,0,crossing,14,219,23.16215678179073,23.16215678179073,0.38554944711906675,,,,,,,,,,,,,,,,,,,,
real,300,gulf,2,Kalman,0,crossing,15,223,21.994812718043264,21.994812718043264,0.45471134594523244,,,,,,,,,,,,,,,,,,,,
real,300,gulf,2,Kalman,0,crossing,16,224,8.343683833660407,8.343683833660407,0.3928638123655056,,,,,,,,,,,,,,,,,,14.0,14.0,13.0
real,300,gulf,2,Kalman,0,crossing,17,248,9.539230461054347,9.539230461054347,0.4272128286514749,,,,,,,,,,,,,,,,,,,184.0,182.0
real,300,gulf,2,Kalman,0,crossing,18,278,13.980437040604748,13.980437040604748,0.5324615528008372,,,,,,,,,,,,,,,,,,,,
real,300,gulf,2,Kalman,0,crossing,19,292,24.347554956313097,24.347554956313097,0.0038502633668011854,,,,,,,,,,,,,,,,,,,,
real,300,gulf,2,Kalman,0,crossing,20,299,7.633601035879307,7.633601035879307,0.43388261487408103,,,,,,,,,,,,,,,,,,112.0,112.0,112.0
real,300,gulf,2,Kalman,0,crossing,21,307,7.400455468199323,7.400455468199323,0.43464894532707987,,,,,,,,,,,,,,,,,,,,
real,300,gulf,2,Kalman,0,crossing,22,323,24.28365296437254,24.28365296437254,0.43413214483769874,,,,,,,,,,,,,,,,,,,,
real,300,gulf,2,Kalman,0,crossing,23,330,8.307649317083783,8.307649317083783,0.485624986707553,,,,,,,,,,,,,,,,,,,,
real,300,gulf,2,Kalman,0,crossing,24,363,12.54962012548897,12.54962012548897,0.40636924260393564,,,,,,,,,,,,,,,,,,,,
real,300,gulf,2,Kalman,0,crossing,25,372,4.5807176779516,4.5807176779516,3.0393881304747903,,,,,,,,,,,,,,,,,,,,
real,300,gulf,2,Kalman,0,crossing,26,384,15.765034882493682,15.765034882493682,0.44556733460352144,,,,,,,,,,,,,,,,,,,,
real,300,gulf,2,Kalman,0,crossing,27,388,10.328110082454318,10.328110082454318,0.41440571829487477,,,,,,,,,,,,,,,,,,,,
real,300,gulf,2,Kalman,0,crossing,28,396,6.653386013079275,6.653386013079275,0.5157963407146491,,,,,,,,,,,,,,,,,,,,
real,300,gulf,2,Kalman,0,crossing,29,401,4.590570049057615,4.590570049057615,0.52367571975975,,,,,,67.0,66.0,65.0,63.0,63.0,62.0,62.0,61.0,61.0,61.0,61.0,61.0,60.0,60.0,60.0
real,300,gulf,2,Kalman,0,crossing,30,423,19.59772737490978,19.59772737490978,0.4981448107968005,,,,,,,,,,,,,,,,,,,,
real,300,gulf,2,Kalman,0,crossing,31,433,18.91035238109743,18.91035238109743,0.7798868900493525,,,,,,,,,,,,,,,,,,,,
real,300,gulf,2,Kalman,0,crossing,32,458,10.65743527578036,10.65743527578036,0.4306992962403327,,,,,,,,,,,,,,,,,,,,
real,300,gulf,2,Kalman,0,crossing,33,462,14.043159171807925,14.043159171807925,0.08176870224993794,,,,,,,,,,,,,,,,,,,,
real,300,gulf,2,Kalman,0,crossing,34,499,25.624446822627736,25.624446822627736,0.49366907931161724,,,,,,,,,,,,,,,,,,,,
real,300,gulf,2,LSTM-rec,0,buffer,0,2,10.092549112098103,10.092549112098103,0.41462458992665296,,,,,,,,,,,,,,,,,,,,
real,300,gulf,2,LSTM-rec,0,buffer,1,5,8.69983547928779,8.69983547928779,0.2229874829535222,,,,,,,,,,,,,,,,,,,,
real,300,gulf,2,LSTM-rec,0,buffer,2,10,14.272292023668387,14.272292023668387,0.643478718577077,,,,,,,,,,,,,,,,,,,,
real,300,gulf,2,LSTM-rec,0,buffer,3,86,23.327530665889775,23.327530665889775,0.43070136084856847,,,,,,,,,,,,,,,,,,,,
real,300,gulf,2,LSTM-rec,0,buffer,4,97,12.953642640281496,12.953642640281496,0.23370005878504074,,,,,,,,,,,,,,,,,,,,
real,300,gulf,2,LSTM-rec,0,buffer,5,104,6.940913479949038,6.940913479949038,0.6192578690216265,,,,,,,,,,,,,,,,,,,,
real,300,gulf,2,LSTM-rec,0,buffer,6,114,25.57384036890475,25.57384036890475,0.6219038229353077,,,,,,,,,,,,,,,,,,,,
real,300,gulf,2,LSTM-rec,0,buffer,7,115,10.390951312846687,10.390951312846687,0.00494315008550448,,,,,,,,,,,,,,,,,,,,
real,300,gulf,2,LSTM-rec,0,buffer,8,133,2.660788965295984,2.660788965295984,0.4764364940137227,,,95.0,95.0,94.0,92.0,91.0,90.0,89.0,89.0,88.0,88.0,88.0,86.0,85.0,9.0,9.0,8.0,7.0,7.0
real,300,gulf,2,LSTM-rec,0,buffer,9,140,5.689298358183627,5.689298358183627,0.6610238924070896,,,,,,,,,,,,,,,,,,,,
real,300,gulf,2,LSTM-rec,0,buffer,10,176,24.316792774820417,24.316792774820417,0.41114130975707536,,,,,,,,,,,,,,,,,,,,
real,300,gulf,2,LSTM-rec,0,buffer,11,189,19.420576324463948,19.420576324463948,0.3861481942055819,,,,,,,,,,,,,,,,,,,,
real,300,gulf,2,LSTM-rec,0,buffer,12,202,23.081675287171844,23.081675287171844,0.4813765306277779,,,,,,,,,,,,,,,,,,,,
real,300,gulf,2,LSTM-rec,0,buffer,13,218,9.155956395842184,9.155956395842184,0.4723142810519824,,,,,,,,,,,,,,,,13.0,13.0,12.0,12.0,12.0
real,300,gulf,2,LSTM-rec,0,buffer,14,219,23.16215678179073,23.16215678179073,0.38554944711906675,,,,,,,,,,,,,,,,,,,,
real,300,gulf,2,LSTM-rec,0,buffer,15,223,21.994812718043264,21.994812718043264,0.45471134594523244,,,,,,,,,,,,,,,,,,,,
real,300,gulf,2,LSTM-rec,0,buffer,16,224,8.343683833660407,8.343683833660407,0.3928638123655056,,,,,,,,,,,,,,,,,,,,
real,300,gulf,2,LSTM-rec,0,buffer,17,248,9.539230461054347,9.539230461054347,0.4272128286514749,,,,,,,,,,,,,,,,,,,,
real,300,gulf,2,LSTM-rec,0,buffer,18,278,13.980437040604748,13.980437040604748,0.5324615528008372,,,,,,,,,,,,,,,,,,,,
real,300,gulf,2,LSTM-rec,0,buffer,19,292,24.347554956313097,24.347554956313097,0.0038502633668011854,,,,,,,,,,,,,,,,,,,,
real,300,gulf,2,LSTM-rec,0,buffer,20,299,7.633601035879307,7.633601035879307,0.43388261487408103,,,,,,,,,,,,,,,,,,,112.0,112.0
real,300,gulf,2,LSTM-rec,0,buffer,21,307,7.400455468199323,7.400455468199323,0.43464894532707987,,,,,,,,,,,,,,,,,,,,
real,300,gulf,2,LSTM-rec,0,buffer,22,323,24.28365296437254,24.28365296437254,0.43413214483769874,,,,,,,,,,,,,,,,,,,,
real,300,gulf,2,LSTM-rec,0,buffer,23,330,8.307649317083783,8.307649317083783,0.485624986707553,,,,,,,,,,,,,,,,,,,,
real,300,gulf,2,LSTM-rec,0,buffer,24,363,12.54962012548897,12.54962012548897,0.40636924260393564,,,,,,,,,,,,,,,,,,,,
real,300,gulf,2,LSTM-rec,0,buffer,25,372,4.5807176779516,4.5807176779516,3.0393881304747903,,,,,,,,,,,,,,,,,,,,
real,300,gulf,2,LSTM-rec,0,buffer,26,384,15.765034882493682,15.765034882493682,0.44556733460352144,,,,,,,,,,,,,,,,,,,,
real,300,gulf,2,LSTM-rec,0,buffer,27,388,10.328110082454318,10.328110082454318,0.41440571829487477,,,,,,,,,,,,,,,,,,,,
real,300,gulf,2,LSTM-rec,0,buffer,28,396,6.653386013079275,6.653386013079275,0.5157963407146491,,,,,,,,,,,,,,,,,,,,
real,300,gulf,2,LSTM-rec,0,buffer,29,401,4.590570049057615,4.590570049057615,0.52367571975975,,,,67.0,66.0,66.0,65.0,65.0,64.0,64.0,63.0,63.0,63.0,62.0,62.0,62.0,62.0,61.0,61.0,61.0
real,300,gulf,2,LSTM-rec,0,buffer,30,423,19.59772737490978,19.59772737490978,0.4981448107968005,,,,,,,,,,,,,,,,,,,,
real,300,gulf,2,LSTM-rec,0,buffer,31,433,18.91035238109743,18.91035238109743,0.7798868900493525,,,,,,,,,,,,,,,,,,,,
real,300,gulf,2,LSTM-rec,0,buffer,32,458,10.65743527578036,10.65743527578036,0.4306992962403327,,,,,,,,,,,,,,,,,,,,
real,300,gulf,2,LSTM-rec,0,buffer,33,462,14.043159171807925,14.043159171807925,0.08176870224993794,,,,,,,,,,,,,,,,,,,,
real,300,gulf,2,LSTM-rec,0,buffer,34,499,25.624446822627736,25.624446822627736,0.49366907931161724,,,,,,,,,,,,,,,,,,,,
real,300,gulf,2,LSTM-rec,0,crossing,0,2,10.092549112098103,10.092549112098103,0.41462458992665296,,,,,,,,,,,,,,,,,,,,
real,300,gulf,2,LSTM-rec,0,crossing,1,5,8.69983547928779,8.69983547928779,0.2229874829535222,,,,,,,,,,,,,,,,,,,,
real,300,gulf,2,LSTM-rec,0,crossing,2,10,14.272292023668387,14.272292023668387,0.643478718577077,,,,,,,,,,,,,,,,,,,,
real,300,gulf,2,LSTM-rec,0,crossing,3,86,23.327530665889775,23.327530665889775,0.43070136084856847,,,,,,,,,,,,,,,,,,,,
real,300,gulf,2,LSTM-rec,0,crossing,4,97,12.953642640281496,12.953642640281496,0.23370005878504074,,,,,,,,,,,,,,,,,,,,
real,300,gulf,2,LSTM-rec,0,crossing,5,104,6.940913479949038,6.940913479949038,0.6192578690216265,,,,,,,,,,,,,,,,,,,,
real,300,gulf,2,LSTM-rec,0,crossing,6,114,25.57384036890475,25.57384036890475,0.6219038229353077,,,,,,,,,,,,,,,,,,,,
real,300,gulf,2,LSTM-rec,0,crossing,7,115,10.390951312846687,10.390951312846687,0.00494315008550448,,,,,,,,,,,,,,,,,,,,
real,300,gulf,2,LSTM-rec,0,crossing,8,133,2.660788965295984,2.660788965295984,0.4764364940137227,,,,,,,,,,,,95.0,95.0,94.0,92.0,91.0,90.0,89.0,89.0,88.0
real,300,gulf,2,LSTM-rec,0,crossing,9,140,5.689298358183627,5.689298358183627,0.6610238924070896,,,,,,,,,,,,,,,,,,,,
real,300,gulf,2,LSTM-rec,0,crossing,10,176,24.316792774820417,24.316792774820417,0.41114130975707536,,,,,,,,,,,,,,,,,,,,
real,300,gulf,2,LSTM-rec,0,crossing,11,189,19.420576324463948,19.420576324463948,0.3861481942055819,,,,,,,,,,,,,,,,,,,,
real,300,gulf,2,LSTM-rec,0,crossing,12,202,23.081675287171844,23.081675287171844,0.4813765306277779,,,,,,,,,,,,,,,,,,,,
real,300,gulf,2,LSTM-rec,0,crossing,13,218,9.155956395842184,9.155956395842184,0.4723142810519824,,,,,,,,,,,,,,,,,,,,
real,300,gulf,2,LSTM-rec,0,crossing,14,219,23.16215678179073,23.16215678179073,0.38554944711906675,,,,,,,,,,,,,,,,,,,,
real,300,gulf,2,LSTM-rec,0,crossing,15,223,21.994812718043264,21.994812718043264,0.45471134594523244,,,,,,,,,,,,,,,,,,,,
real,300,gulf,2,LSTM-rec,0,crossing,16,224,8.343683833660407,8.343683833660407,0.3928638123655056,,,,,,,,,,,,,,,,,,,,
real,300,gulf,2,LSTM-rec,0,crossing,17,248,9.539230461054347,9.539230461054347,0.4272128286514749,,,,,,,,,,,,,,,,,,,,
real,300,gulf,2,LSTM-rec,0,crossing,18,278,13.980437040604748,13.980437040604748,0.5324615528008372,,,,,,,,,,,,,,,,,,,,
real,300,gulf,2,LSTM-rec,0,crossing,19,292,24.347554956313097,24.347554956313097,0.0038502633668011854,,,,,,,,,,,,,,,,,,,,
real,300,gulf,2,LSTM-rec,0,crossing,20,299,7.633601035879307,7.633601035879307,0.43388261487408103,,,,,,,,,,,,,,,,,,,,
real,300,gulf,2,LSTM-rec,0,crossing,21,307,7.400455468199323,7.400455468199323,0.43464894532707987,,,,,,,,,,,,,,,,,,,,
real,300,gulf,2,LSTM-rec,0,crossing,22,323,24.28365296437254,24.28365296437254,0.43413214483769874,,,,,,,,,,,,,,,,,,,,
real,300,gulf,2,LSTM-rec,0,crossing,23,330,8.307649317083783,8.307649317083783,0.485624986707553,,,,,,,,,,,,,,,,,,,,
real,300,gulf,2,LSTM-rec,0,crossing,24,363,12.54962012548897,12.54962012548897,0.40636924260393564,,,,,,,,,,,,,,,,,,,,
real,300,gulf,2,LSTM-rec,0,crossing,25,372,4.5807176779516,4.5807176779516,3.0393881304747903,,,,,,,,,,,,,,,,,,,,
real,300,gulf,2,LSTM-rec,0,crossing,26,384,15.765034882493682,15.765034882493682,0.44556733460352144,,,,,,,,,,,,,,,,,,,,
real,300,gulf,2,LSTM-rec,0,crossing,27,388,10.328110082454318,10.328110082454318,0.41440571829487477,,,,,,,,,,,,,,,,,,,,
real,300,gulf,2,LSTM-rec,0,crossing,28,396,6.653386013079275,6.653386013079275,0.5157963407146491,,,,,,,,,,,,,,,,,,,,
real,300,gulf,2,LSTM-rec,0,crossing,29,401,4.590570049057615,4.590570049057615,0.52367571975975,,,,,,,,67.0,66.0,66.0,65.0,65.0,64.0,64.0,64.0,63.0,63.0,63.0,63.0,62.0
real,300,gulf,2,LSTM-rec,0,crossing,30,423,19.59772737490978,19.59772737490978,0.4981448107968005,,,,,,,,,,,,,,,,,,,,
real,300,gulf,2,LSTM-rec,0,crossing,31,433,18.91035238109743,18.91035238109743,0.7798868900493525,,,,,,,,,,,,,,,,,,,,
real,300,gulf,2,LSTM-rec,0,crossing,32,458,10.65743527578036,10.65743527578036,0.4306992962403327,,,,,,,,,,,,,,,,,,,,
real,300,gulf,2,LSTM-rec,0,crossing,33,462,14.043159171807925,14.043159171807925,0.08176870224993794,,,,,,,,,,,,,,,,,,,,
real,300,gulf,2,LSTM-rec,0,crossing,34,499,25.624446822627736,25.624446822627736,0.49366907931161724,,,,,,,,,,,,,,,,,,,,
real,300,gulf,2,LSTM-ms,0,buffer,0,2,10.092549112098103,10.092549112098103,0.41462458992665296,,,,,,,,,,,,,,,,,,,,
real,300,gulf,2,LSTM-ms,0,buffer,1,5,8.69983547928779,8.69983547928779,0.2229874829535222,,,,,,,,,,,,,,,,,,,,
real,300,gulf,2,LSTM-ms,0,buffer,2,10,14.272292023668387,14.272292023668387,0.643478718577077,,,,,,,,,,,,,,,,,,,,
real,300,gulf,2,LSTM-ms,0,buffer,3,86,23.327530665889775,23.327530665889775,0.43070136084856847,,,,,,,,,,,,,,,,,,,,
real,300,gulf,2,LSTM-ms,0,buffer,4,97,12.953642640281496,12.953642640281496,0.23370005878504074,,,,,,,,,,,,,,,,,,,,
real,300,gulf,2,LSTM-ms,0,buffer,5,104,6.940913479949038,6.940913479949038,0.6192578690216265,,,,,,,,,,,,,,,,,,,,
real,300,gulf,2,LSTM-ms,0,buffer,6,114,25.57384036890475,25.57384036890475,0.6219038229353077,,,,,,,,,,,,,,,,,,,,
real,300,gulf,2,LSTM-ms,0,buffer,7,115,10.390951312846687,10.390951312846687,0.00494315008550448,,,,,,,,,,,,,,,,,,,,
real,300,gulf,2,LSTM-ms,0,buffer,8,133,2.660788965295984,2.660788965295984,0.4764364940137227,,,,,,,,,,,,,,,,,,,,
real,300,gulf,2,LSTM-ms,0,buffer,9,140,5.689298358183627,5.689298358183627,0.6610238924070896,,,,,,,,,,,,,,,,,,,,
real,300,gulf,2,LSTM-ms,0,buffer,10,176,24.316792774820417,24.316792774820417,0.41114130975707536,,,,,,,,,,,,,,,,,,,,
real,300,gulf,2,LSTM-ms,0,buffer,11,189,19.420576324463948,19.420576324463948,0.3861481942055819,,,,,,,,,,,,,,,,,,,,
real,300,gulf,2,LSTM-ms,0,buffer,12,202,23.081675287171844,23.081675287171844,0.4813765306277779,,,,,,,,,,,,,,,,,,,,
real,300,gulf,2,LSTM-ms,0,buffer,13,218,9.155956395842184,9.155956395842184,0.4723142810519824,,,,,,,,,,,,,,,,,,,,
real,300,gulf,2,LSTM-ms,0,buffer,14,219,23.16215678179073,23.16215678179073,0.38554944711906675,,,,,,,,,,,,,,,,,,,,
real,300,gulf,2,LSTM-ms,0,buffer,15,223,21.994812718043264,21.994812718043264,0.45471134594523244,,,,,,,,,,,,,,,,,,,,
real,300,gulf,2,LSTM-ms,0,buffer,16,224,8.343683833660407,8.343683833660407,0.3928638123655056,,,,,,,,,,,,,,,,,,,,
real,300,gulf,2,LSTM-ms,0,buffer,17,248,9.539230461054347,9.539230461054347,0.4272128286514749,,,,,,,,,,,,,,,,,,,,
real,300,gulf,2,LSTM-ms,0,buffer,18,278,13.980437040604748,13.980437040604748,0.5324615528008372,,,,,,,,,,,,,,,,,,,,
real,300,gulf,2,LSTM-ms,0,buffer,19,292,24.347554956313097,24.347554956313097,0.0038502633668011854,,,,,,,,,,,,,,,,,,,,
real,300,gulf,2,LSTM-ms,0,buffer,20,299,7.633601035879307,7.633601035879307,0.43388261487408103,,,,,,,,,,,,,,,,,,,,
real,300,gulf,2,LSTM-ms,0,buffer,21,307,7.400455468199323,7.400455468199323,0.43464894532707987,,,,,,,,,,,,,,,,,,,,
real,300,gulf,2,LSTM-ms,0,buffer,22,323,24.28365296437254,24.28365296437254,0.43413214483769874,,,,,,,,,,,,,,,,,,,,
real,300,gulf,2,LSTM-ms,0,buffer,23,330,8.307649317083783,8.307649317083783,0.485624986707553,,,,,,,,,,,,,,,,,,,,
real,300,gulf,2,LSTM-ms,0,buffer,24,363,12.54962012548897,12.54962012548897,0.40636924260393564,,,,,,,,,,,,,,,,,,,,
real,300,gulf,2,LSTM-ms,0,buffer,25,372,4.5807176779516,4.5807176779516,3.0393881304747903,,,,,,,,,,,,,,,,,,,,
real,300,gulf,2,LSTM-ms,0,buffer,26,384,15.765034882493682,15.765034882493682,0.44556733460352144,,,,,,,,,,,,,,,,,,,,
real,300,gulf,2,LSTM-ms,0,buffer,27,388,10.328110082454318,10.328110082454318,0.41440571829487477,,,,,,,,,,,,,,,,,,,,
real,300,gulf,2,LSTM-ms,0,buffer,28,396,6.653386013079275,6.653386013079275,0.5157963407146491,,,,,,,,,,,,,,,,,,,,
real,300,gulf,2,LSTM-ms,0,buffer,29,401,4.590570049057615,4.590570049057615,0.52367571975975,,,,,,67.0,67.0,66.0,66.0,65.0,65.0,65.0,65.0,64.0,64.0,64.0,64.0,64.0,64.0,63.0
real,300,gulf,2,LSTM-ms,0,buffer,30,423,19.59772737490978,19.59772737490978,0.4981448107968005,,,,,,,,,,,,,,,,,,,,
real,300,gulf,2,LSTM-ms,0,buffer,31,433,18.91035238109743,18.91035238109743,0.7798868900493525,,,,,,,,,,,,,,,,,,,,
real,300,gulf,2,LSTM-ms,0,buffer,32,458,10.65743527578036,10.65743527578036,0.4306992962403327,,,,,,,,,,,,,,,,,,,,
real,300,gulf,2,LSTM-ms,0,buffer,33,462,14.043159171807925,14.043159171807925,0.08176870224993794,,,,,,,,,,,,,,,,,,,,
real,300,gulf,2,LSTM-ms,0,buffer,34,499,25.624446822627736,25.624446822627736,0.49366907931161724,,,,,,,,,,,,,,,,,,,,
real,300,gulf,2,LSTM-ms,0,crossing,0,2,10.092549112098103,10.092549112098103,0.41462458992665296,,,,,,,,,,,,,,,,,,,,
real,300,gulf,2,LSTM-ms,0,crossing,1,5,8.69983547928779,8.69983547928779,0.2229874829535222,,,,,,,,,,,,,,,,,,,,
real,300,gulf,2,LSTM-ms,0,crossing,2,10,14.272292023668387,14.272292023668387,0.643478718577077,,,,,,,,,,,,,,,,,,,,
real,300,gulf,2,LSTM-ms,0,crossing,3,86,23.327530665889775,23.327530665889775,0.43070136084856847,,,,,,,,,,,,,,,,,,,,
real,300,gulf,2,LSTM-ms,0,crossing,4,97,12.953642640281496,12.953642640281496,0.23370005878504074,,,,,,,,,,,,,,,,,,,,
real,300,gulf,2,LSTM-ms,0,crossing,5,104,6.940913479949038,6.940913479949038,0.6192578690216265,,,,,,,,,,,,,,,,,,,,
real,300,gulf,2,LSTM-ms,0,crossing,6,114,25.57384036890475,25.57384036890475,0.6219038229353077,,,,,,,,,,,,,,,,,,,,
real,300,gulf,2,LSTM-ms,0,crossing,7,115,10.390951312846687,10.390951312846687,0.00494315008550448,,,,,,,,,,,,,,,,,,,,
real,300,gulf,2,LSTM-ms,0,crossing,8,133,2.660788965295984,2.660788965295984,0.4764364940137227,,,,,,,,,,,,,,,,,,,,
real,300,gulf,2,LSTM-ms,0,crossing,9,140,5.689298358183627,5.689298358183627,0.6610238924070896,,,,,,,,,,,,,,,,,,,,
real,300,gulf,2,LSTM-ms,0,crossing,10,176,24.316792774820417,24.316792774820417,0.41114130975707536,,,,,,,,,,,,,,,,,,,,
real,300,gulf,2,LSTM-ms,0,crossing,11,189,19.420576324463948,19.420576324463948,0.3861481942055819,,,,,,,,,,,,,,,,,,,,
real,300,gulf,2,LSTM-ms,0,crossing,12,202,23.081675287171844,23.081675287171844,0.4813765306277779,,,,,,,,,,,,,,,,,,,,
real,300,gulf,2,LSTM-ms,0,crossing,13,218,9.155956395842184,9.155956395842184,0.4723142810519824,,,,,,,,,,,,,,,,,,,,
real,300,gulf,2,LSTM-ms,0,crossing,14,219,23.16215678179073,23.16215678179073,0.38554944711906675,,,,,,,,,,,,,,,,,,,,
real,300,gulf,2,LSTM-ms,0,crossing,15,223,21.994812718043264,21.994812718043264,0.45471134594523244,,,,,,,,,,,,,,,,,,,,
real,300,gulf,2,LSTM-ms,0,crossing,16,224,8.343683833660407,8.343683833660407,0.3928638123655056,,,,,,,,,,,,,,,,,,,,
real,300,gulf,2,LSTM-ms,0,crossing,17,248,9.539230461054347,9.539230461054347,0.4272128286514749,,,,,,,,,,,,,,,,,,,,
real,300,gulf,2,LSTM-ms,0,crossing,18,278,13.980437040604748,13.980437040604748,0.5324615528008372,,,,,,,,,,,,,,,,,,,,
real,300,gulf,2,LSTM-ms,0,crossing,19,292,24.347554956313097,24.347554956313097,0.0038502633668011854,,,,,,,,,,,,,,,,,,,,
real,300,gulf,2,LSTM-ms,0,crossing,20,299,7.633601035879307,7.633601035879307,0.43388261487408103,,,,,,,,,,,,,,,,,,,,
real,300,gulf,2,LSTM-ms,0,crossing,21,307,7.400455468199323,7.400455468199323,0.43464894532707987,,,,,,,,,,,,,,,,,,,,
real,300,gulf,2,LSTM-ms,0,crossing,22,323,24.28365296437254,24.28365296437254,0.43413214483769874,,,,,,,,,,,,,,,,,,,,
real,300,gulf,2,LSTM-ms,0,crossing,23,330,8.307649317083783,8.307649317083783,0.485624986707553,,,,,,,,,,,,,,,,,,,,
real,300,gulf,2,LSTM-ms,0,crossing,24,363,12.54962012548897,12.54962012548897,0.40636924260393564,,,,,,,,,,,,,,,,,,,,
real,300,gulf,2,LSTM-ms,0,crossing,25,372,4.5807176779516,4.5807176779516,3.0393881304747903,,,,,,,,,,,,,,,,,,,,
real,300,gulf,2,LSTM-ms,0,crossing,26,384,15.765034882493682,15.765034882493682,0.44556733460352144,,,,,,,,,,,,,,,,,,,,
real,300,gulf,2,LSTM-ms,0,crossing,27,388,10.328110082454318,10.328110082454318,0.41440571829487477,,,,,,,,,,,,,,,,,,,,
real,300,gulf,2,LSTM-ms,0,crossing,28,396,6.653386013079275,6.653386013079275,0.5157963407146491,,,,,,,,,,,,,,,,,,,,
real,300,gulf,2,LSTM-ms,0,crossing,29,401,4.590570049057615,4.590570049057615,0.52367571975975,,,,,,,,,,,,67.0,67.0,67.0,66.0,66.0,66.0,65.0,65.0,65.0
real,300,gulf,2,LSTM-ms,0,crossing,30,423,19.59772737490978,19.59772737490978,0.4981448107968005,,,,,,,,,,,,,,,,,,,,
real,300,gulf,2,LSTM-ms,0,crossing,31,433,18.91035238109743,18.91035238109743,0.7798868900493525,,,,,,,,,,,,,,,,,,,,
real,300,gulf,2,LSTM-ms,0,crossing,32,458,10.65743527578036,10.65743527578036,0.4306992962403327,,,,,,,,,,,,,,,,,,,,
real,300,gulf,2,LSTM-ms,0,crossing,33,462,14.043159171807925,14.043159171807925,0.08176870224993794,,,,,,,,,,,,,,,,,,,,
real,300,gulf,2,LSTM-ms,0,crossing,34,499,25.624446822627736,25.624446822627736,0.49366907931161724,,,,,,,,,,,,,,,,,,,,
real,300,gulf,2,LSTM-rec,1,buffer,0,2,10.092549112098103,10.092549112098103,0.41462458992665296,,,,,,,,,,,,,,,,,,,,8.0
real,300,gulf,2,LSTM-rec,1,buffer,1,5,8.69983547928779,8.69983547928779,0.2229874829535222,,,,,,,,,,,,,,,,,218.0,218.0,218.0,217.0
real,300,gulf,2,LSTM-rec,1,buffer,2,10,14.272292023668387,14.272292023668387,0.643478718577077,,,,,,,,,,,,,,,,,,,,
real,300,gulf,2,LSTM-rec,1,buffer,3,86,23.327530665889775,23.327530665889775,0.43070136084856847,,,,,,,,,,,,,,,,,,,,
real,300,gulf,2,LSTM-rec,1,buffer,4,97,12.953642640281496,12.953642640281496,0.23370005878504074,,,,,,,,,,,,,,,,,,,,
real,300,gulf,2,LSTM-rec,1,buffer,5,104,6.940913479949038,6.940913479949038,0.6192578690216265,,,,,,,,,,,,,,,,,,,,
real,300,gulf,2,LSTM-rec,1,buffer,6,114,25.57384036890475,25.57384036890475,0.6219038229353077,,,,,,,,,,,,,,,,,,,,
real,300,gulf,2,LSTM-rec,1,buffer,7,115,10.390951312846687,10.390951312846687,0.00494315008550448,,,,,,,,,,,,,,,,,,,,
real,300,gulf,2,LSTM-rec,1,buffer,8,133,2.660788965295984,2.660788965295984,0.4764364940137227,,,95.0,94.0,92.0,90.0,89.0,88.0,88.0,86.0,9.0,8.0,7.0,6.0,6.0,6.0,6.0,6.0,6.0,6.0
real,300,gulf,2,LSTM-rec,1,buffer,9,140,5.689298358183627,5.689298358183627,0.6610238924070896,,,,,,,,,,,,,,,,,,,,
real,300,gulf,2,LSTM-rec,1,buffer,10,176,24.316792774820417,24.316792774820417,0.41114130975707536,,,,,,,,,,,,,,,,,,,,
real,300,gulf,2,LSTM-rec,1,buffer,11,189,19.420576324463948,19.420576324463948,0.3861481942055819,,,,,,,,,,,,,,,,,,,,
real,300,gulf,2,LSTM-rec,1,buffer,12,202,23.081675287171844,23.081675287171844,0.4813765306277779,,,,,,,,,,,,,,,,,,,,
real,300,gulf,2,LSTM-rec,1,buffer,13,218,9.155956395842184,9.155956395842184,0.4723142810519824,,,,,,,,,,,,13.0,13.0,12.0,12.0,12.0,12.0,12.0,12.0,12.0
real,300,gulf,2,LSTM-rec,1,buffer,14,219,23.16215678179073,23.16215678179073,0.38554944711906675,,,,,,,,,,,,,,,,,,,,
real,300,gulf,2,LSTM-rec,1,buffer,15,223,21.994812718043264,21.994812718043264,0.45471134594523244,,,,,,,,,,,,,,,,,,,,
real,300,gulf,2,LSTM-rec,1,buffer,16,224,8.343683833660407,8.343683833660407,0.3928638123655056,,,,,,,,,,,,,,,,,13.0,13.0,13.0,13.0
real,300,gulf,2,LSTM-rec,1,buffer,17,248,9.539230461054347,9.539230461054347,0.4272128286514749,,,,,,,,,,,,,,,,,,,,
real,300,gulf,2,LSTM-rec,1,buffer,18,278,13.980437040604748,13.980437040604748,0.5324615528008372,,,,,,,,,,,,,,,,,,,,
real,300,gulf,2,LSTM-rec,1,buffer,19,292,24.347554956313097,24.347554956313097,0.0038502633668011854,,,,,,,,,,,,,,,,,,,,
real,300,gulf,2,LSTM-rec,1,buffer,20,299,7.633601035879307,7.633601035879307,0.43388261487408103,,,,,,,,,,,,,,112.0,112.0,112.0,112.0,73.0,72.0,71.0
real,300,gulf,2,LSTM-rec,1,buffer,21,307,7.400455468199323,7.400455468199323,0.43464894532707987,,,,,,,,,,,,,,,,,,49.0,49.0,49.0
real,300,gulf,2,LSTM-rec,1,buffer,22,323,24.28365296437254,24.28365296437254,0.43413214483769874,,,,,,,,,,,,,,,,,,,,
real,300,gulf,2,LSTM-rec,1,buffer,23,330,8.307649317083783,8.307649317083783,0.485624986707553,,,,,,,,,,,,,,,,,,,40.0,38.0
real,300,gulf,2,LSTM-rec,1,buffer,24,363,12.54962012548897,12.54962012548897,0.40636924260393564,,,,,,,,,,,,,,,,,,,,
real,300,gulf,2,LSTM-rec,1,buffer,25,372,4.5807176779516,4.5807176779516,3.0393881304747903,,,,,,,,,,,,,,,,,,,,
real,300,gulf,2,LSTM-rec,1,buffer,26,384,15.765034882493682,15.765034882493682,0.44556733460352144,,,,,,,,,,,,,,,,,,,,
real,300,gulf,2,LSTM-rec,1,buffer,27,388,10.328110082454318,10.328110082454318,0.41440571829487477,,,,,,,,,,,,,,,,,,,,
real,300,gulf,2,LSTM-rec,1,buffer,28,396,6.653386013079275,6.653386013079275,0.5157963407146491,,,,,,,,,,,,,,,,,,79.0,78.0,52.0
real,300,gulf,2,LSTM-rec,1,buffer,29,401,4.590570049057615,4.590570049057615,0.52367571975975,,,,67.0,66.0,65.0,64.0,64.0,63.0,62.0,62.0,61.0,61.0,61.0,60.0,60.0,60.0,60.0,60.0,60.0
real,300,gulf,2,LSTM-rec,1,buffer,30,423,19.59772737490978,19.59772737490978,0.4981448107968005,,,,,,,,,,,,,,,,,,,,
real,300,gulf,2,LSTM-rec,1,buffer,31,433,18.91035238109743,18.91035238109743,0.7798868900493525,,,,,,,,,,,,,,,,,,,,
real,300,gulf,2,LSTM-rec,1,buffer,32,458,10.65743527578036,10.65743527578036,0.4306992962403327,,,,,,,,,,,,,,,,,,,,
real,300,gulf,2,LSTM-rec,1,buffer,33,462,14.043159171807925,14.043159171807925,0.08176870224993794,,,,,,,,,,,,,,,,,,,,
real,300,gulf,2,LSTM-rec,1,buffer,34,499,25.624446822627736,25.624446822627736,0.49366907931161724,,,,,,,,,,,,,,,,,,,,
real,300,gulf,2,LSTM-rec,1,crossing,0,2,10.092549112098103,10.092549112098103,0.41462458992665296,,,,,,,,,,,,,,,,,,,,
real,300,gulf,2,LSTM-rec,1,crossing,1,5,8.69983547928779,8.69983547928779,0.2229874829535222,,,,,,,,,,,,,,,,,,,,218.0
real,300,gulf,2,LSTM-rec,1,crossing,2,10,14.272292023668387,14.272292023668387,0.643478718577077,,,,,,,,,,,,,,,,,,,,
real,300,gulf,2,LSTM-rec,1,crossing,3,86,23.327530665889775,23.327530665889775,0.43070136084856847,,,,,,,,,,,,,,,,,,,,
real,300,gulf,2,LSTM-rec,1,crossing,4,97,12.953642640281496,12.953642640281496,0.23370005878504074,,,,,,,,,,,,,,,,,,,,
real,300,gulf,2,LSTM-rec,1,crossing,5,104,6.940913479949038,6.940913479949038,0.6192578690216265,,,,,,,,,,,,,,,,,,,,
real,300,gulf,2,LSTM-rec,1,crossing,6,114,25.57384036890475,25.57384036890475,0.6219038229353077,,,,,,,,,,,,,,,,,,,,
real,300,gulf,2,LSTM-rec,1,crossing,7,115,10.390951312846687,10.390951312846687,0.00494315008550448,,,,,,,,,,,,,,,,,,,,
real,300,gulf,2,LSTM-rec,1,crossing,8,133,2.660788965295984,2.660788965295984,0.4764364940137227,,,,,,,,,95.0,94.0,91.0,90.0,89.0,88.0,87.0,85.0,9.0,7.0,6.0,6.0
real,300,gulf,2,LSTM-rec,1,crossing,9,140,5.689298358183627,5.689298358183627,0.6610238924070896,,,,,,,,,,,,,,,,,,,,
real,300,gulf,2,LSTM-rec,1,crossing,10,176,24.316792774820417,24.316792774820417,0.41114130975707536,,,,,,,,,,,,,,,,,,,,
real,300,gulf,2,LSTM-rec,1,crossing,11,189,19.420576324463948,19.420576324463948,0.3861481942055819,,,,,,,,,,,,,,,,,,,,
real,300,gulf,2,LSTM-rec,1,crossing,12,202,23.081675287171844,23.081675287171844,0.4813765306277779,,,,,,,,,,,,,,,,,,,,
real,300,gulf,2,LSTM-rec,1,crossing,13,218,9.155956395842184,9.155956395842184,0.4723142810519824,,,,,,,,,,,,,,,13.0,13.0,13.0,12.0,12.0,12.0
real,300,gulf,2,LSTM-rec,1,crossing,14,219,23.16215678179073,23.16215678179073,0.38554944711906675,,,,,,,,,,,,,,,,,,,,
real,300,gulf,2,LSTM-rec,1,crossing,15,223,21.994812718043264,21.994812718043264,0.45471134594523244,,,,,,,,,,,,,,,,,,,,
real,300,gulf,2,LSTM-rec,1,crossing,16,224,8.343683833660407,8.343683833660407,0.3928638123655056,,,,,,,,,,,,,,,,,,,,
real,300,gulf,2,LSTM-rec,1,crossing,17,248,9.539230461054347,9.539230461054347,0.4272128286514749,,,,,,,,,,,,,,,,,,,,
real,300,gulf,2,LSTM-rec,1,crossing,18,278,13.980437040604748,13.980437040604748,0.5324615528008372,,,,,,,,,,,,,,,,,,,,
real,300,gulf,2,LSTM-rec,1,crossing,19,292,24.347554956313097,24.347554956313097,0.0038502633668011854,,,,,,,,,,,,,,,,,,,,
real,300,gulf,2,LSTM-rec,1,crossing,20,299,7.633601035879307,7.633601035879307,0.43388261487408103,,,,,,,,,,,,,,,,,,112.0,112.0,112.0
real,300,gulf,2,LSTM-rec,1,crossing,21,307,7.400455468199323,7.400455468199323,0.43464894532707987,,,,,,,,,,,,,,,,,,,,
real,300,gulf,2,LSTM-rec,1,crossing,22,323,24.28365296437254,24.28365296437254,0.43413214483769874,,,,,,,,,,,,,,,,,,,,
real,300,gulf,2,LSTM-rec,1,crossing,23,330,8.307649317083783,8.307649317083783,0.485624986707553,,,,,,,,,,,,,,,,,,,,
real,300,gulf,2,LSTM-rec,1,crossing,24,363,12.54962012548897,12.54962012548897,0.40636924260393564,,,,,,,,,,,,,,,,,,,,
real,300,gulf,2,LSTM-rec,1,crossing,25,372,4.5807176779516,4.5807176779516,3.0393881304747903,,,,,,,,,,,,,,,,,,,,
real,300,gulf,2,LSTM-rec,1,crossing,26,384,15.765034882493682,15.765034882493682,0.44556733460352144,,,,,,,,,,,,,,,,,,,,
real,300,gulf,2,LSTM-rec,1,crossing,27,388,10.328110082454318,10.328110082454318,0.41440571829487477,,,,,,,,,,,,,,,,,,,,
real,300,gulf,2,LSTM-rec,1,crossing,28,396,6.653386013079275,6.653386013079275,0.5157963407146491,,,,,,,,,,,,,,,,,,,,
real,300,gulf,2,LSTM-rec,1,crossing,29,401,4.590570049057615,4.590570049057615,0.52367571975975,,,,,,,67.0,66.0,65.0,65.0,64.0,63.0,63.0,62.0,62.0,61.0,61.0,61.0,60.0,60.0
real,300,gulf,2,LSTM-rec,1,crossing,30,423,19.59772737490978,19.59772737490978,0.4981448107968005,,,,,,,,,,,,,,,,,,,,
real,300,gulf,2,LSTM-rec,1,crossing,31,433,18.91035238109743,18.91035238109743,0.7798868900493525,,,,,,,,,,,,,,,,,,,,
real,300,gulf,2,LSTM-rec,1,crossing,32,458,10.65743527578036,10.65743527578036,0.4306992962403327,,,,,,,,,,,,,,,,,,,,
real,300,gulf,2,LSTM-rec,1,crossing,33,462,14.043159171807925,14.043159171807925,0.08176870224993794,,,,,,,,,,,,,,,,,,,,
real,300,gulf,2,LSTM-rec,1,crossing,34,499,25.624446822627736,25.624446822627736,0.49366907931161724,,,,,,,,,,,,,,,,,,,,
real,300,gulf,2,LSTM-ms,1,buffer,0,2,10.092549112098103,10.092549112098103,0.41462458992665296,,,,,,,,,,,,,,,,,,,,
real,300,gulf,2,LSTM-ms,1,buffer,1,5,8.69983547928779,8.69983547928779,0.2229874829535222,,,,,,,,,,,,,,,,,,,,
real,300,gulf,2,LSTM-ms,1,buffer,2,10,14.272292023668387,14.272292023668387,0.643478718577077,,,,,,,,,,,,,,,,,,,,
real,300,gulf,2,LSTM-ms,1,buffer,3,86,23.327530665889775,23.327530665889775,0.43070136084856847,,,,,,,,,,,,,,,,,,,,
real,300,gulf,2,LSTM-ms,1,buffer,4,97,12.953642640281496,12.953642640281496,0.23370005878504074,,,,,,,,,,,,,,,,,,,,
real,300,gulf,2,LSTM-ms,1,buffer,5,104,6.940913479949038,6.940913479949038,0.6192578690216265,,,,,,,,,,,,,,,,,,,,
real,300,gulf,2,LSTM-ms,1,buffer,6,114,25.57384036890475,25.57384036890475,0.6219038229353077,,,,,,,,,,,,,,,,,,,,
real,300,gulf,2,LSTM-ms,1,buffer,7,115,10.390951312846687,10.390951312846687,0.00494315008550448,,,,,,,,,,,,,,,,,,,,
real,300,gulf,2,LSTM-ms,1,buffer,8,133,2.660788965295984,2.660788965295984,0.4764364940137227,,95.0,94.0,93.0,91.0,91.0,90.0,89.0,89.0,88.0,88.0,88.0,87.0,86.0,86.0,85.0,84.0,9.0,9.0,9.0
real,300,gulf,2,LSTM-ms,1,buffer,9,140,5.689298358183627,5.689298358183627,0.6610238924070896,,,,,,,,,,,,,,,,,,,,
real,300,gulf,2,LSTM-ms,1,buffer,10,176,24.316792774820417,24.316792774820417,0.41114130975707536,,,,,,,,,,,,,,,,,,,,
real,300,gulf,2,LSTM-ms,1,buffer,11,189,19.420576324463948,19.420576324463948,0.3861481942055819,,,,,,,,,,,,,,,,,,,,
real,300,gulf,2,LSTM-ms,1,buffer,12,202,23.081675287171844,23.081675287171844,0.4813765306277779,,,,,,,,,,,,,,,,,,,,
real,300,gulf,2,LSTM-ms,1,buffer,13,218,9.155956395842184,9.155956395842184,0.4723142810519824,,,,,,,,,,,,,,,,,,13.0,13.0,12.0
real,300,gulf,2,LSTM-ms,1,buffer,14,219,23.16215678179073,23.16215678179073,0.38554944711906675,,,,,,,,,,,,,,,,,,,,
real,300,gulf,2,LSTM-ms,1,buffer,15,223,21.994812718043264,21.994812718043264,0.45471134594523244,,,,,,,,,,,,,,,,,,,,
real,300,gulf,2,LSTM-ms,1,buffer,16,224,8.343683833660407,8.343683833660407,0.3928638123655056,,,,,,,,,,,,,,,,,,,,
real,300,gulf,2,LSTM-ms,1,buffer,17,248,9.539230461054347,9.539230461054347,0.4272128286514749,,,,,,,,,,,,,,,,,,,,
real,300,gulf,2,LSTM-ms,1,buffer,18,278,13.980437040604748,13.980437040604748,0.5324615528008372,,,,,,,,,,,,,,,,,,,,
real,300,gulf,2,LSTM-ms,1,buffer,19,292,24.347554956313097,24.347554956313097,0.0038502633668011854,,,,,,,,,,,,,,,,,,,,
real,300,gulf,2,LSTM-ms,1,buffer,20,299,7.633601035879307,7.633601035879307,0.43388261487408103,,,,,,,,,,,,,,,,,,,,112.0
real,300,gulf,2,LSTM-ms,1,buffer,21,307,7.400455468199323,7.400455468199323,0.43464894532707987,,,,,,,,,,,,,,,,,,,,
real,300,gulf,2,LSTM-ms,1,buffer,22,323,24.28365296437254,24.28365296437254,0.43413214483769874,,,,,,,,,,,,,,,,,,,,
real,300,gulf,2,LSTM-ms,1,buffer,23,330,8.307649317083783,8.307649317083783,0.485624986707553,,,,,,,,,,,,,,,,,,,,
real,300,gulf,2,LSTM-ms,1,buffer,24,363,12.54962012548897,12.54962012548897,0.40636924260393564,,,,,,,,,,,,,,,,,,,,
real,300,gulf,2,LSTM-ms,1,buffer,25,372,4.5807176779516,4.5807176779516,3.0393881304747903,,,,,,,,,,,,,,,,,,,,
real,300,gulf,2,LSTM-ms,1,buffer,26,384,15.765034882493682,15.765034882493682,0.44556733460352144,,,,,,,,,,,,,,,,,,,,
real,300,gulf,2,LSTM-ms,1,buffer,27,388,10.328110082454318,10.328110082454318,0.41440571829487477,,,,,,,,,,,,,,,,,,,,
real,300,gulf,2,LSTM-ms,1,buffer,28,396,6.653386013079275,6.653386013079275,0.5157963407146491,,,,,,,,,,,,,,,,,,,,
real,300,gulf,2,LSTM-ms,1,buffer,29,401,4.590570049057615,4.590570049057615,0.52367571975975,,,,67.0,66.0,66.0,65.0,64.0,64.0,63.0,63.0,63.0,62.0,62.0,62.0,62.0,62.0,62.0,61.0,61.0
real,300,gulf,2,LSTM-ms,1,buffer,30,423,19.59772737490978,19.59772737490978,0.4981448107968005,,,,,,,,,,,,,,,,,,,,
real,300,gulf,2,LSTM-ms,1,buffer,31,433,18.91035238109743,18.91035238109743,0.7798868900493525,,,,,,,,,,,,,,,,,,,,
real,300,gulf,2,LSTM-ms,1,buffer,32,458,10.65743527578036,10.65743527578036,0.4306992962403327,,,,,,,,,,,,,,,,,,,,
real,300,gulf,2,LSTM-ms,1,buffer,33,462,14.043159171807925,14.043159171807925,0.08176870224993794,,,,,,,,,,,,,,,,,,,,
real,300,gulf,2,LSTM-ms,1,buffer,34,499,25.624446822627736,25.624446822627736,0.49366907931161724,,,,,,,,,,,,,,,,,,,,
real,300,gulf,2,LSTM-ms,1,crossing,0,2,10.092549112098103,10.092549112098103,0.41462458992665296,,,,,,,,,,,,,,,,,,,,
real,300,gulf,2,LSTM-ms,1,crossing,1,5,8.69983547928779,8.69983547928779,0.2229874829535222,,,,,,,,,,,,,,,,,,,,
real,300,gulf,2,LSTM-ms,1,crossing,2,10,14.272292023668387,14.272292023668387,0.643478718577077,,,,,,,,,,,,,,,,,,,,
real,300,gulf,2,LSTM-ms,1,crossing,3,86,23.327530665889775,23.327530665889775,0.43070136084856847,,,,,,,,,,,,,,,,,,,,
real,300,gulf,2,LSTM-ms,1,crossing,4,97,12.953642640281496,12.953642640281496,0.23370005878504074,,,,,,,,,,,,,,,,,,,,
real,300,gulf,2,LSTM-ms,1,crossing,5,104,6.940913479949038,6.940913479949038,0.6192578690216265,,,,,,,,,,,,,,,,,,,,
real,300,gulf,2,LSTM-ms,1,crossing,6,114,25.57384036890475,25.57384036890475,0.6219038229353077,,,,,,,,,,,,,,,,,,,,
real,300,gulf,2,LSTM-ms,1,crossing,7,115,10.390951312846687,10.390951312846687,0.00494315008550448,,,,,,,,,,,,,,,,,,,,
real,300,gulf,2,LSTM-ms,1,crossing,8,133,2.660788965295984,2.660788965295984,0.4764364940137227,,,,,,,,,,,95.0,95.0,94.0,94.0,92.0,92.0,91.0,91.0,90.0,90.0
real,300,gulf,2,LSTM-ms,1,crossing,9,140,5.689298358183627,5.689298358183627,0.6610238924070896,,,,,,,,,,,,,,,,,,,,
real,300,gulf,2,LSTM-ms,1,crossing,10,176,24.316792774820417,24.316792774820417,0.41114130975707536,,,,,,,,,,,,,,,,,,,,
real,300,gulf,2,LSTM-ms,1,crossing,11,189,19.420576324463948,19.420576324463948,0.3861481942055819,,,,,,,,,,,,,,,,,,,,
real,300,gulf,2,LSTM-ms,1,crossing,12,202,23.081675287171844,23.081675287171844,0.4813765306277779,,,,,,,,,,,,,,,,,,,,
real,300,gulf,2,LSTM-ms,1,crossing,13,218,9.155956395842184,9.155956395842184,0.4723142810519824,,,,,,,,,,,,,,,,,,,,
real,300,gulf,2,LSTM-ms,1,crossing,14,219,23.16215678179073,23.16215678179073,0.38554944711906675,,,,,,,,,,,,,,,,,,,,
real,300,gulf,2,LSTM-ms,1,crossing,15,223,21.994812718043264,21.994812718043264,0.45471134594523244,,,,,,,,,,,,,,,,,,,,
real,300,gulf,2,LSTM-ms,1,crossing,16,224,8.343683833660407,8.343683833660407,0.3928638123655056,,,,,,,,,,,,,,,,,,,,
real,300,gulf,2,LSTM-ms,1,crossing,17,248,9.539230461054347,9.539230461054347,0.4272128286514749,,,,,,,,,,,,,,,,,,,,
real,300,gulf,2,LSTM-ms,1,crossing,18,278,13.980437040604748,13.980437040604748,0.5324615528008372,,,,,,,,,,,,,,,,,,,,
real,300,gulf,2,LSTM-ms,1,crossing,19,292,24.347554956313097,24.347554956313097,0.0038502633668011854,,,,,,,,,,,,,,,,,,,,
real,300,gulf,2,LSTM-ms,1,crossing,20,299,7.633601035879307,7.633601035879307,0.43388261487408103,,,,,,,,,,,,,,,,,,,,
real,300,gulf,2,LSTM-ms,1,crossing,21,307,7.400455468199323,7.400455468199323,0.43464894532707987,,,,,,,,,,,,,,,,,,,,
real,300,gulf,2,LSTM-ms,1,crossing,22,323,24.28365296437254,24.28365296437254,0.43413214483769874,,,,,,,,,,,,,,,,,,,,
real,300,gulf,2,LSTM-ms,1,crossing,23,330,8.307649317083783,8.307649317083783,0.485624986707553,,,,,,,,,,,,,,,,,,,,
real,300,gulf,2,LSTM-ms,1,crossing,24,363,12.54962012548897,12.54962012548897,0.40636924260393564,,,,,,,,,,,,,,,,,,,,
real,300,gulf,2,LSTM-ms,1,crossing,25,372,4.5807176779516,4.5807176779516,3.0393881304747903,,,,,,,,,,,,,,,,,,,,
real,300,gulf,2,LSTM-ms,1,crossing,26,384,15.765034882493682,15.765034882493682,0.44556733460352144,,,,,,,,,,,,,,,,,,,,
real,300,gulf,2,LSTM-ms,1,crossing,27,388,10.328110082454318,10.328110082454318,0.41440571829487477,,,,,,,,,,,,,,,,,,,,
real,300,gulf,2,LSTM-ms,1,crossing,28,396,6.653386013079275,6.653386013079275,0.5157963407146491,,,,,,,,,,,,,,,,,,,,
real,300,gulf,2,LSTM-ms,1,crossing,29,401,4.590570049057615,4.590570049057615,0.52367571975975,,,,,,,67.0,67.0,66.0,66.0,65.0,65.0,64.0,64.0,63.0,63.0,63.0,63.0,63.0,62.0
real,300,gulf,2,LSTM-ms,1,crossing,30,423,19.59772737490978,19.59772737490978,0.4981448107968005,,,,,,,,,,,,,,,,,,,,
real,300,gulf,2,LSTM-ms,1,crossing,31,433,18.91035238109743,18.91035238109743,0.7798868900493525,,,,,,,,,,,,,,,,,,,,
real,300,gulf,2,LSTM-ms,1,crossing,32,458,10.65743527578036,10.65743527578036,0.4306992962403327,,,,,,,,,,,,,,,,,,,,
real,300,gulf,2,LSTM-ms,1,crossing,33,462,14.043159171807925,14.043159171807925,0.08176870224993794,,,,,,,,,,,,,,,,,,,,
real,300,gulf,2,LSTM-ms,1,crossing,34,499,25.624446822627736,25.624446822627736,0.49366907931161724,,,,,,,,,,,,,,,,,,,,
real,300,gulf,2,LSTM-rec,2,buffer,0,2,10.092549112098103,10.092549112098103,0.41462458992665296,,,,,,,,,,,,,,,,,,,,
real,300,gulf,2,LSTM-rec,2,buffer,1,5,8.69983547928779,8.69983547928779,0.2229874829535222,,,,,,,,,,,,,,,,,,,,
real,300,gulf,2,LSTM-rec,2,buffer,2,10,14.272292023668387,14.272292023668387,0.643478718577077,,,,,,,,,,,,,,,,,,,,
real,300,gulf,2,LSTM-rec,2,buffer,3,86,23.327530665889775,23.327530665889775,0.43070136084856847,,,,,,,,,,,,,,,,,,,,
real,300,gulf,2,LSTM-rec,2,buffer,4,97,12.953642640281496,12.953642640281496,0.23370005878504074,,,,,,,,,,,,,,,,,,,,
real,300,gulf,2,LSTM-rec,2,buffer,5,104,6.940913479949038,6.940913479949038,0.6192578690216265,,,,,,,,,,,,,,,,,,,,
real,300,gulf,2,LSTM-rec,2,buffer,6,114,25.57384036890475,25.57384036890475,0.6219038229353077,,,,,,,,,,,,,,,,,,,,
real,300,gulf,2,LSTM-rec,2,buffer,7,115,10.390951312846687,10.390951312846687,0.00494315008550448,,,,,,,,,,,,,,,,,,,,
real,300,gulf,2,LSTM-rec,2,buffer,8,133,2.660788965295984,2.660788965295984,0.4764364940137227,,,,,,,,,,,,,,,,,,,,
real,300,gulf,2,LSTM-rec,2,buffer,9,140,5.689298358183627,5.689298358183627,0.6610238924070896,,,,,,,,,,,,,,,,,,,,
real,300,gulf,2,LSTM-rec,2,buffer,10,176,24.316792774820417,24.316792774820417,0.41114130975707536,,,,,,,,,,,,,,,,,,,,
real,300,gulf,2,LSTM-rec,2,buffer,11,189,19.420576324463948,19.420576324463948,0.3861481942055819,,,,,,,,,,,,,,,,,,,,
real,300,gulf,2,LSTM-rec,2,buffer,12,202,23.081675287171844,23.081675287171844,0.4813765306277779,,,,,,,,,,,,,,,,,,,,
real,300,gulf,2,LSTM-rec,2,buffer,13,218,9.155956395842184,9.155956395842184,0.4723142810519824,,,,,,,,,,,,,,,,,,,,
real,300,gulf,2,LSTM-rec,2,buffer,14,219,23.16215678179073,23.16215678179073,0.38554944711906675,,,,,,,,,,,,,,,,,,,,
real,300,gulf,2,LSTM-rec,2,buffer,15,223,21.994812718043264,21.994812718043264,0.45471134594523244,,,,,,,,,,,,,,,,,,,,
real,300,gulf,2,LSTM-rec,2,buffer,16,224,8.343683833660407,8.343683833660407,0.3928638123655056,,,,,,,,,,,,,,,,,,,,
real,300,gulf,2,LSTM-rec,2,buffer,17,248,9.539230461054347,9.539230461054347,0.4272128286514749,,,,,,,,,,,,,,,,,,,,
real,300,gulf,2,LSTM-rec,2,buffer,18,278,13.980437040604748,13.980437040604748,0.5324615528008372,,,,,,,,,,,,,,,,,,,,
real,300,gulf,2,LSTM-rec,2,buffer,19,292,24.347554956313097,24.347554956313097,0.0038502633668011854,,,,,,,,,,,,,,,,,,,,
real,300,gulf,2,LSTM-rec,2,buffer,20,299,7.633601035879307,7.633601035879307,0.43388261487408103,,,,,,,,,,,,,,,,,,,,
real,300,gulf,2,LSTM-rec,2,buffer,21,307,7.400455468199323,7.400455468199323,0.43464894532707987,,,,,,,,,,,,,,,,,,,,
real,300,gulf,2,LSTM-rec,2,buffer,22,323,24.28365296437254,24.28365296437254,0.43413214483769874,,,,,,,,,,,,,,,,,,,,
real,300,gulf,2,LSTM-rec,2,buffer,23,330,8.307649317083783,8.307649317083783,0.485624986707553,,,,,,,,,,,,,,,,,,,,
real,300,gulf,2,LSTM-rec,2,buffer,24,363,12.54962012548897,12.54962012548897,0.40636924260393564,,,,,,,,,,,,,,,,,,,,
real,300,gulf,2,LSTM-rec,2,buffer,25,372,4.5807176779516,4.5807176779516,3.0393881304747903,,,,,,,,,,,,,,,,,,,,
real,300,gulf,2,LSTM-rec,2,buffer,26,384,15.765034882493682,15.765034882493682,0.44556733460352144,,,,,,,,,,,,,,,,,,,,
real,300,gulf,2,LSTM-rec,2,buffer,27,388,10.328110082454318,10.328110082454318,0.41440571829487477,,,,,,,,,,,,,,,,,,,,
real,300,gulf,2,LSTM-rec,2,buffer,28,396,6.653386013079275,6.653386013079275,0.5157963407146491,,,,,,,,,,,,,,,,,,,,
real,300,gulf,2,LSTM-rec,2,buffer,29,401,4.590570049057615,4.590570049057615,0.52367571975975,,,,,67.0,67.0,66.0,66.0,66.0,66.0,66.0,66.0,66.0,66.0,66.0,66.0,66.0,66.0,66.0,66.0
real,300,gulf,2,LSTM-rec,2,buffer,30,423,19.59772737490978,19.59772737490978,0.4981448107968005,,,,,,,,,,,,,,,,,,,,
real,300,gulf,2,LSTM-rec,2,buffer,31,433,18.91035238109743,18.91035238109743,0.7798868900493525,,,,,,,,,,,,,,,,,,,,
real,300,gulf,2,LSTM-rec,2,buffer,32,458,10.65743527578036,10.65743527578036,0.4306992962403327,,,,,,,,,,,,,,,,,,,,
real,300,gulf,2,LSTM-rec,2,buffer,33,462,14.043159171807925,14.043159171807925,0.08176870224993794,,,,,,,,,,,,,,,,,,,,
real,300,gulf,2,LSTM-rec,2,buffer,34,499,25.624446822627736,25.624446822627736,0.49366907931161724,,,,,,,,,,,,,,,,,,,,
real,300,gulf,2,LSTM-rec,2,crossing,0,2,10.092549112098103,10.092549112098103,0.41462458992665296,,,,,,,,,,,,,,,,,,,,
real,300,gulf,2,LSTM-rec,2,crossing,1,5,8.69983547928779,8.69983547928779,0.2229874829535222,,,,,,,,,,,,,,,,,,,,
real,300,gulf,2,LSTM-rec,2,crossing,2,10,14.272292023668387,14.272292023668387,0.643478718577077,,,,,,,,,,,,,,,,,,,,
real,300,gulf,2,LSTM-rec,2,crossing,3,86,23.327530665889775,23.327530665889775,0.43070136084856847,,,,,,,,,,,,,,,,,,,,
real,300,gulf,2,LSTM-rec,2,crossing,4,97,12.953642640281496,12.953642640281496,0.23370005878504074,,,,,,,,,,,,,,,,,,,,
real,300,gulf,2,LSTM-rec,2,crossing,5,104,6.940913479949038,6.940913479949038,0.6192578690216265,,,,,,,,,,,,,,,,,,,,
real,300,gulf,2,LSTM-rec,2,crossing,6,114,25.57384036890475,25.57384036890475,0.6219038229353077,,,,,,,,,,,,,,,,,,,,
real,300,gulf,2,LSTM-rec,2,crossing,7,115,10.390951312846687,10.390951312846687,0.00494315008550448,,,,,,,,,,,,,,,,,,,,
real,300,gulf,2,LSTM-rec,2,crossing,8,133,2.660788965295984,2.660788965295984,0.4764364940137227,,,,,,,,,,,,,,,,,,,,
real,300,gulf,2,LSTM-rec,2,crossing,9,140,5.689298358183627,5.689298358183627,0.6610238924070896,,,,,,,,,,,,,,,,,,,,
real,300,gulf,2,LSTM-rec,2,crossing,10,176,24.316792774820417,24.316792774820417,0.41114130975707536,,,,,,,,,,,,,,,,,,,,
real,300,gulf,2,LSTM-rec,2,crossing,11,189,19.420576324463948,19.420576324463948,0.3861481942055819,,,,,,,,,,,,,,,,,,,,
real,300,gulf,2,LSTM-rec,2,crossing,12,202,23.081675287171844,23.081675287171844,0.4813765306277779,,,,,,,,,,,,,,,,,,,,
real,300,gulf,2,LSTM-rec,2,crossing,13,218,9.155956395842184,9.155956395842184,0.4723142810519824,,,,,,,,,,,,,,,,,,,,
real,300,gulf,2,LSTM-rec,2,crossing,14,219,23.16215678179073,23.16215678179073,0.38554944711906675,,,,,,,,,,,,,,,,,,,,
real,300,gulf,2,LSTM-rec,2,crossing,15,223,21.994812718043264,21.994812718043264,0.45471134594523244,,,,,,,,,,,,,,,,,,,,
real,300,gulf,2,LSTM-rec,2,crossing,16,224,8.343683833660407,8.343683833660407,0.3928638123655056,,,,,,,,,,,,,,,,,,,,
real,300,gulf,2,LSTM-rec,2,crossing,17,248,9.539230461054347,9.539230461054347,0.4272128286514749,,,,,,,,,,,,,,,,,,,,
real,300,gulf,2,LSTM-rec,2,crossing,18,278,13.980437040604748,13.980437040604748,0.5324615528008372,,,,,,,,,,,,,,,,,,,,
real,300,gulf,2,LSTM-rec,2,crossing,19,292,24.347554956313097,24.347554956313097,0.0038502633668011854,,,,,,,,,,,,,,,,,,,,
real,300,gulf,2,LSTM-rec,2,crossing,20,299,7.633601035879307,7.633601035879307,0.43388261487408103,,,,,,,,,,,,,,,,,,,,
real,300,gulf,2,LSTM-rec,2,crossing,21,307,7.400455468199323,7.400455468199323,0.43464894532707987,,,,,,,,,,,,,,,,,,,,
real,300,gulf,2,LSTM-rec,2,crossing,22,323,24.28365296437254,24.28365296437254,0.43413214483769874,,,,,,,,,,,,,,,,,,,,
real,300,gulf,2,LSTM-rec,2,crossing,23,330,8.307649317083783,8.307649317083783,0.485624986707553,,,,,,,,,,,,,,,,,,,,
real,300,gulf,2,LSTM-rec,2,crossing,24,363,12.54962012548897,12.54962012548897,0.40636924260393564,,,,,,,,,,,,,,,,,,,,
real,300,gulf,2,LSTM-rec,2,crossing,25,372,4.5807176779516,4.5807176779516,3.0393881304747903,,,,,,,,,,,,,,,,,,,,
real,300,gulf,2,LSTM-rec,2,crossing,26,384,15.765034882493682,15.765034882493682,0.44556733460352144,,,,,,,,,,,,,,,,,,,,
real,300,gulf,2,LSTM-rec,2,crossing,27,388,10.328110082454318,10.328110082454318,0.41440571829487477,,,,,,,,,,,,,,,,,,,,
real,300,gulf,2,LSTM-rec,2,crossing,28,396,6.653386013079275,6.653386013079275,0.5157963407146491,,,,,,,,,,,,,,,,,,,,
real,300,gulf,2,LSTM-rec,2,crossing,29,401,4.590570049057615,4.590570049057615,0.52367571975975,,,,,,,,,,,,,,,,,,,,
real,300,gulf,2,LSTM-rec,2,crossing,30,423,19.59772737490978,19.59772737490978,0.4981448107968005,,,,,,,,,,,,,,,,,,,,
real,300,gulf,2,LSTM-rec,2,crossing,31,433,18.91035238109743,18.91035238109743,0.7798868900493525,,,,,,,,,,,,,,,,,,,,
real,300,gulf,2,LSTM-rec,2,crossing,32,458,10.65743527578036,10.65743527578036,0.4306992962403327,,,,,,,,,,,,,,,,,,,,
real,300,gulf,2,LSTM-rec,2,crossing,33,462,14.043159171807925,14.043159171807925,0.08176870224993794,,,,,,,,,,,,,,,,,,,,
real,300,gulf,2,LSTM-rec,2,crossing,34,499,25.624446822627736,25.624446822627736,0.49366907931161724,,,,,,,,,,,,,,,,,,,,
real,300,gulf,2,LSTM-ms,2,buffer,0,2,10.092549112098103,10.092549112098103,0.41462458992665296,,,,,,,,,,,,,,,,,,,,
real,300,gulf,2,LSTM-ms,2,buffer,1,5,8.69983547928779,8.69983547928779,0.2229874829535222,,,,,,,,,,,,,,,,,,,,
real,300,gulf,2,LSTM-ms,2,buffer,2,10,14.272292023668387,14.272292023668387,0.643478718577077,,,,,,,,,,,,,,,,,,,,
real,300,gulf,2,LSTM-ms,2,buffer,3,86,23.327530665889775,23.327530665889775,0.43070136084856847,,,,,,,,,,,,,,,,,,,,
real,300,gulf,2,LSTM-ms,2,buffer,4,97,12.953642640281496,12.953642640281496,0.23370005878504074,,,,,,,,,,,,,,,,,,,,
real,300,gulf,2,LSTM-ms,2,buffer,5,104,6.940913479949038,6.940913479949038,0.6192578690216265,,,,,,,,,,,,,,,,,,,,
real,300,gulf,2,LSTM-ms,2,buffer,6,114,25.57384036890475,25.57384036890475,0.6219038229353077,,,,,,,,,,,,,,,,,,,,
real,300,gulf,2,LSTM-ms,2,buffer,7,115,10.390951312846687,10.390951312846687,0.00494315008550448,,,,,,,,,,,,,,,,,,,,
real,300,gulf,2,LSTM-ms,2,buffer,8,133,2.660788965295984,2.660788965295984,0.4764364940137227,,,,95.0,94.0,93.0,92.0,92.0,91.0,90.0,90.0,90.0,89.0,89.0,88.0,88.0,87.0,86.0,85.0,84.0
real,300,gulf,2,LSTM-ms,2,buffer,9,140,5.689298358183627,5.689298358183627,0.6610238924070896,,,,,,,,,,,,,,,,,,,,
real,300,gulf,2,LSTM-ms,2,buffer,10,176,24.316792774820417,24.316792774820417,0.41114130975707536,,,,,,,,,,,,,,,,,,,,
real,300,gulf,2,LSTM-ms,2,buffer,11,189,19.420576324463948,19.420576324463948,0.3861481942055819,,,,,,,,,,,,,,,,,,,,
real,300,gulf,2,LSTM-ms,2,buffer,12,202,23.081675287171844,23.081675287171844,0.4813765306277779,,,,,,,,,,,,,,,,,,,,
real,300,gulf,2,LSTM-ms,2,buffer,13,218,9.155956395842184,9.155956395842184,0.4723142810519824,,,,,,,,,,,,,,,,,,,,
real,300,gulf,2,LSTM-ms,2,buffer,14,219,23.16215678179073,23.16215678179073,0.38554944711906675,,,,,,,,,,,,,,,,,,,,
real,300,gulf,2,LSTM-ms,2,buffer,15,223,21.994812718043264,21.994812718043264,0.45471134594523244,,,,,,,,,,,,,,,,,,,,
real,300,gulf,2,LSTM-ms,2,buffer,16,224,8.343683833660407,8.343683833660407,0.3928638123655056,,,,,,,,,,,,,,,,,,,,
real,300,gulf,2,LSTM-ms,2,buffer,17,248,9.539230461054347,9.539230461054347,0.4272128286514749,,,,,,,,,,,,,,,,,,,,
real,300,gulf,2,LSTM-ms,2,buffer,18,278,13.980437040604748,13.980437040604748,0.5324615528008372,,,,,,,,,,,,,,,,,,,,
real,300,gulf,2,LSTM-ms,2,buffer,19,292,24.347554956313097,24.347554956313097,0.0038502633668011854,,,,,,,,,,,,,,,,,,,,
real,300,gulf,2,LSTM-ms,2,buffer,20,299,7.633601035879307,7.633601035879307,0.43388261487408103,,,,,,,,,,,,,,,,,,,,
real,300,gulf,2,LSTM-ms,2,buffer,21,307,7.400455468199323,7.400455468199323,0.43464894532707987,,,,,,,,,,,,,,,,,,,,
real,300,gulf,2,LSTM-ms,2,buffer,22,323,24.28365296437254,24.28365296437254,0.43413214483769874,,,,,,,,,,,,,,,,,,,,
real,300,gulf,2,LSTM-ms,2,buffer,23,330,8.307649317083783,8.307649317083783,0.485624986707553,,,,,,,,,,,,,,,,,,,,
real,300,gulf,2,LSTM-ms,2,buffer,24,363,12.54962012548897,12.54962012548897,0.40636924260393564,,,,,,,,,,,,,,,,,,,,
real,300,gulf,2,LSTM-ms,2,buffer,25,372,4.5807176779516,4.5807176779516,3.0393881304747903,,,,,,,,,,,,,,,,,,,,
real,300,gulf,2,LSTM-ms,2,buffer,26,384,15.765034882493682,15.765034882493682,0.44556733460352144,,,,,,,,,,,,,,,,,,,,
real,300,gulf,2,LSTM-ms,2,buffer,27,388,10.328110082454318,10.328110082454318,0.41440571829487477,,,,,,,,,,,,,,,,,,,,
real,300,gulf,2,LSTM-ms,2,buffer,28,396,6.653386013079275,6.653386013079275,0.5157963407146491,,,,,,,,,,,,,,,,,,,,
real,300,gulf,2,LSTM-ms,2,buffer,29,401,4.590570049057615,4.590570049057615,0.52367571975975,,,,67.0,67.0,66.0,65.0,65.0,64.0,64.0,64.0,63.0,63.0,63.0,63.0,63.0,63.0,62.0,62.0,62.0
real,300,gulf,2,LSTM-ms,2,buffer,30,423,19.59772737490978,19.59772737490978,0.4981448107968005,,,,,,,,,,,,,,,,,,,,
real,300,gulf,2,LSTM-ms,2,buffer,31,433,18.91035238109743,18.91035238109743,0.7798868900493525,,,,,,,,,,,,,,,,,,,,
real,300,gulf,2,LSTM-ms,2,buffer,32,458,10.65743527578036,10.65743527578036,0.4306992962403327,,,,,,,,,,,,,,,,,,,,
real,300,gulf,2,LSTM-ms,2,buffer,33,462,14.043159171807925,14.043159171807925,0.08176870224993794,,,,,,,,,,,,,,,,,,,,
real,300,gulf,2,LSTM-ms,2,buffer,34,499,25.624446822627736,25.624446822627736,0.49366907931161724,,,,,,,,,,,,,,,,,,,,
real,300,gulf,2,LSTM-ms,2,crossing,0,2,10.092549112098103,10.092549112098103,0.41462458992665296,,,,,,,,,,,,,,,,,,,,
real,300,gulf,2,LSTM-ms,2,crossing,1,5,8.69983547928779,8.69983547928779,0.2229874829535222,,,,,,,,,,,,,,,,,,,,
real,300,gulf,2,LSTM-ms,2,crossing,2,10,14.272292023668387,14.272292023668387,0.643478718577077,,,,,,,,,,,,,,,,,,,,
real,300,gulf,2,LSTM-ms,2,crossing,3,86,23.327530665889775,23.327530665889775,0.43070136084856847,,,,,,,,,,,,,,,,,,,,
real,300,gulf,2,LSTM-ms,2,crossing,4,97,12.953642640281496,12.953642640281496,0.23370005878504074,,,,,,,,,,,,,,,,,,,,
real,300,gulf,2,LSTM-ms,2,crossing,5,104,6.940913479949038,6.940913479949038,0.6192578690216265,,,,,,,,,,,,,,,,,,,,
real,300,gulf,2,LSTM-ms,2,crossing,6,114,25.57384036890475,25.57384036890475,0.6219038229353077,,,,,,,,,,,,,,,,,,,,
real,300,gulf,2,LSTM-ms,2,crossing,7,115,10.390951312846687,10.390951312846687,0.00494315008550448,,,,,,,,,,,,,,,,,,,,
real,300,gulf,2,LSTM-ms,2,crossing,8,133,2.660788965295984,2.660788965295984,0.4764364940137227,,,,,,,,,,,,,,,95.0,94.0,93.0,92.0,92.0,91.0
real,300,gulf,2,LSTM-ms,2,crossing,9,140,5.689298358183627,5.689298358183627,0.6610238924070896,,,,,,,,,,,,,,,,,,,,
real,300,gulf,2,LSTM-ms,2,crossing,10,176,24.316792774820417,24.316792774820417,0.41114130975707536,,,,,,,,,,,,,,,,,,,,
real,300,gulf,2,LSTM-ms,2,crossing,11,189,19.420576324463948,19.420576324463948,0.3861481942055819,,,,,,,,,,,,,,,,,,,,
real,300,gulf,2,LSTM-ms,2,crossing,12,202,23.081675287171844,23.081675287171844,0.4813765306277779,,,,,,,,,,,,,,,,,,,,
real,300,gulf,2,LSTM-ms,2,crossing,13,218,9.155956395842184,9.155956395842184,0.4723142810519824,,,,,,,,,,,,,,,,,,,,
real,300,gulf,2,LSTM-ms,2,crossing,14,219,23.16215678179073,23.16215678179073,0.38554944711906675,,,,,,,,,,,,,,,,,,,,
real,300,gulf,2,LSTM-ms,2,crossing,15,223,21.994812718043264,21.994812718043264,0.45471134594523244,,,,,,,,,,,,,,,,,,,,
real,300,gulf,2,LSTM-ms,2,crossing,16,224,8.343683833660407,8.343683833660407,0.3928638123655056,,,,,,,,,,,,,,,,,,,,
real,300,gulf,2,LSTM-ms,2,crossing,17,248,9.539230461054347,9.539230461054347,0.4272128286514749,,,,,,,,,,,,,,,,,,,,
real,300,gulf,2,LSTM-ms,2,crossing,18,278,13.980437040604748,13.980437040604748,0.5324615528008372,,,,,,,,,,,,,,,,,,,,
real,300,gulf,2,LSTM-ms,2,crossing,19,292,24.347554956313097,24.347554956313097,0.0038502633668011854,,,,,,,,,,,,,,,,,,,,
real,300,gulf,2,LSTM-ms,2,crossing,20,299,7.633601035879307,7.633601035879307,0.43388261487408103,,,,,,,,,,,,,,,,,,,,
real,300,gulf,2,LSTM-ms,2,crossing,21,307,7.400455468199323,7.400455468199323,0.43464894532707987,,,,,,,,,,,,,,,,,,,,
real,300,gulf,2,LSTM-ms,2,crossing,22,323,24.28365296437254,24.28365296437254,0.43413214483769874,,,,,,,,,,,,,,,,,,,,
real,300,gulf,2,LSTM-ms,2,crossing,23,330,8.307649317083783,8.307649317083783,0.485624986707553,,,,,,,,,,,,,,,,,,,,
real,300,gulf,2,LSTM-ms,2,crossing,24,363,12.54962012548897,12.54962012548897,0.40636924260393564,,,,,,,,,,,,,,,,,,,,
real,300,gulf,2,LSTM-ms,2,crossing,25,372,4.5807176779516,4.5807176779516,3.0393881304747903,,,,,,,,,,,,,,,,,,,,
real,300,gulf,2,LSTM-ms,2,crossing,26,384,15.765034882493682,15.765034882493682,0.44556733460352144,,,,,,,,,,,,,,,,,,,,
real,300,gulf,2,LSTM-ms,2,crossing,27,388,10.328110082454318,10.328110082454318,0.41440571829487477,,,,,,,,,,,,,,,,,,,,
real,300,gulf,2,LSTM-ms,2,crossing,28,396,6.653386013079275,6.653386013079275,0.5157963407146491,,,,,,,,,,,,,,,,,,,,
real,300,gulf,2,LSTM-ms,2,crossing,29,401,4.590570049057615,4.590570049057615,0.52367571975975,,,,,,,,67.0,67.0,66.0,66.0,65.0,65.0,64.0,64.0,64.0,64.0,63.0,63.0,63.0
real,300,gulf,2,LSTM-ms,2,crossing,30,423,19.59772737490978,19.59772737490978,0.4981448107968005,,,,,,,,,,,,,,,,,,,,
real,300,gulf,2,LSTM-ms,2,crossing,31,433,18.91035238109743,18.91035238109743,0.7798868900493525,,,,,,,,,,,,,,,,,,,,
real,300,gulf,2,LSTM-ms,2,crossing,32,458,10.65743527578036,10.65743527578036,0.4306992962403327,,,,,,,,,,,,,,,,,,,,
real,300,gulf,2,LSTM-ms,2,crossing,33,462,14.043159171807925,14.043159171807925,0.08176870224993794,,,,,,,,,,,,,,,,,,,,
real,300,gulf,2,LSTM-ms,2,crossing,34,499,25.624446822627736,25.624446822627736,0.49366907931161724,,,,,,,,,,,,,,,,,,,,
real,300,gulf,2,LSTM-rec,3,buffer,0,2,10.092549112098103,10.092549112098103,0.41462458992665296,,,,,,,,,,,,,,,,,,,,
real,300,gulf,2,LSTM-rec,3,buffer,1,5,8.69983547928779,8.69983547928779,0.2229874829535222,,,,,,,,,,,,,,,,,,,,
real,300,gulf,2,LSTM-rec,3,buffer,2,10,14.272292023668387,14.272292023668387,0.643478718577077,,,,,,,,,,,,,,,,,,,,
real,300,gulf,2,LSTM-rec,3,buffer,3,86,23.327530665889775,23.327530665889775,0.43070136084856847,,,,,,,,,,,,,,,,,,,,
real,300,gulf,2,LSTM-rec,3,buffer,4,97,12.953642640281496,12.953642640281496,0.23370005878504074,,,,,,,,,,,,,,,,,,,,
real,300,gulf,2,LSTM-rec,3,buffer,5,104,6.940913479949038,6.940913479949038,0.6192578690216265,,,,,,,,,,,,,,,,,,,,
real,300,gulf,2,LSTM-rec,3,buffer,6,114,25.57384036890475,25.57384036890475,0.6219038229353077,,,,,,,,,,,,,,,,,,,,
real,300,gulf,2,LSTM-rec,3,buffer,7,115,10.390951312846687,10.390951312846687,0.00494315008550448,,,,,,,,,,,,,,,,,,,,
real,300,gulf,2,LSTM-rec,3,buffer,8,133,2.660788965295984,2.660788965295984,0.4764364940137227,,,,95.0,94.0,92.0,91.0,90.0,90.0,89.0,89.0,88.0,88.0,88.0,87.0,86.0,86.0,85.0,9.0,9.0
real,300,gulf,2,LSTM-rec,3,buffer,9,140,5.689298358183627,5.689298358183627,0.6610238924070896,,,,,,,,,,,,,,,,,,,,
real,300,gulf,2,LSTM-rec,3,buffer,10,176,24.316792774820417,24.316792774820417,0.41114130975707536,,,,,,,,,,,,,,,,,,,,
real,300,gulf,2,LSTM-rec,3,buffer,11,189,19.420576324463948,19.420576324463948,0.3861481942055819,,,,,,,,,,,,,,,,,,,,
real,300,gulf,2,LSTM-rec,3,buffer,12,202,23.081675287171844,23.081675287171844,0.4813765306277779,,,,,,,,,,,,,,,,,,,,
real,300,gulf,2,LSTM-rec,3,buffer,13,218,9.155956395842184,9.155956395842184,0.4723142810519824,,,,,,,,,,,,,,,,,,13.0,13.0,13.0
real,300,gulf,2,LSTM-rec,3,buffer,14,219,23.16215678179073,23.16215678179073,0.38554944711906675,,,,,,,,,,,,,,,,,,,,
real,300,gulf,2,LSTM-rec,3,buffer,15,223,21.994812718043264,21.994812718043264,0.45471134594523244,,,,,,,,,,,,,,,,,,,,
real,300,gulf,2,LSTM-rec,3,buffer,16,224,8.343683833660407,8.343683833660407,0.3928638123655056,,,,,,,,,,,,,,,,,,,,
real,300,gulf,2,LSTM-rec,3,buffer,17,248,9.539230461054347,9.539230461054347,0.4272128286514749,,,,,,,,,,,,,,,,,,,,
real,300,gulf,2,LSTM-rec,3,buffer,18,278,13.980437040604748,13.980437040604748,0.5324615528008372,,,,,,,,,,,,,,,,,,,,
real,300,gulf,2,LSTM-rec,3,buffer,19,292,24.347554956313097,24.347554956313097,0.0038502633668011854,,,,,,,,,,,,,,,,,,,,
real,300,gulf,2,LSTM-rec,3,buffer,20,299,7.633601035879307,7.633601035879307,0.43388261487408103,,,,,,,,,,,,,,,,,,,,
real,300,gulf,2,LSTM-rec,3,buffer,21,307,7.400455468199323,7.400455468199323,0.43464894532707987,,,,,,,,,,,,,,,,,,,,
real,300,gulf,2,LSTM-rec,3,buffer,22,323,24.28365296437254,24.28365296437254,0.43413214483769874,,,,,,,,,,,,,,,,,,,,
real,300,gulf,2,LSTM-rec,3,buffer,23,330,8.307649317083783,8.307649317083783,0.485624986707553,,,,,,,,,,,,,,,,,,,,
real,300,gulf,2,LSTM-rec,3,buffer,24,363,12.54962012548897,12.54962012548897,0.40636924260393564,,,,,,,,,,,,,,,,,,,,
real,300,gulf,2,LSTM-rec,3,buffer,25,372,4.5807176779516,4.5807176779516,3.0393881304747903,,,,,,,,,,,,,,,,,,,,
real,300,gulf,2,LSTM-rec,3,buffer,26,384,15.765034882493682,15.765034882493682,0.44556733460352144,,,,,,,,,,,,,,,,,,,,
real,300,gulf,2,LSTM-rec,3,buffer,27,388,10.328110082454318,10.328110082454318,0.41440571829487477,,,,,,,,,,,,,,,,,,,,
real,300,gulf,2,LSTM-rec,3,buffer,28,396,6.653386013079275,6.653386013079275,0.5157963407146491,,,,,,,,,,,,,,,,,,,,
real,300,gulf,2,LSTM-rec,3,buffer,29,401,4.590570049057615,4.590570049057615,0.52367571975975,,,,67.0,67.0,66.0,65.0,65.0,65.0,64.0,64.0,63.0,63.0,63.0,62.0,62.0,62.0,62.0,62.0,61.0
real,300,gulf,2,LSTM-rec,3,buffer,30,423,19.59772737490978,19.59772737490978,0.4981448107968005,,,,,,,,,,,,,,,,,,,,
real,300,gulf,2,LSTM-rec,3,buffer,31,433,18.91035238109743,18.91035238109743,0.7798868900493525,,,,,,,,,,,,,,,,,,,,
real,300,gulf,2,LSTM-rec,3,buffer,32,458,10.65743527578036,10.65743527578036,0.4306992962403327,,,,,,,,,,,,,,,,,,,,
real,300,gulf,2,LSTM-rec,3,buffer,33,462,14.043159171807925,14.043159171807925,0.08176870224993794,,,,,,,,,,,,,,,,,,,,
real,300,gulf,2,LSTM-rec,3,buffer,34,499,25.624446822627736,25.624446822627736,0.49366907931161724,,,,,,,,,,,,,,,,,,,,
real,300,gulf,2,LSTM-rec,3,crossing,0,2,10.092549112098103,10.092549112098103,0.41462458992665296,,,,,,,,,,,,,,,,,,,,
real,300,gulf,2,LSTM-rec,3,crossing,1,5,8.69983547928779,8.69983547928779,0.2229874829535222,,,,,,,,,,,,,,,,,,,,
real,300,gulf,2,LSTM-rec,3,crossing,2,10,14.272292023668387,14.272292023668387,0.643478718577077,,,,,,,,,,,,,,,,,,,,
real,300,gulf,2,LSTM-rec,3,crossing,3,86,23.327530665889775,23.327530665889775,0.43070136084856847,,,,,,,,,,,,,,,,,,,,
real,300,gulf,2,LSTM-rec,3,crossing,4,97,12.953642640281496,12.953642640281496,0.23370005878504074,,,,,,,,,,,,,,,,,,,,
real,300,gulf,2,LSTM-rec,3,crossing,5,104,6.940913479949038,6.940913479949038,0.6192578690216265,,,,,,,,,,,,,,,,,,,,
real,300,gulf,2,LSTM-rec,3,crossing,6,114,25.57384036890475,25.57384036890475,0.6219038229353077,,,,,,,,,,,,,,,,,,,,
real,300,gulf,2,LSTM-rec,3,crossing,7,115,10.390951312846687,10.390951312846687,0.00494315008550448,,,,,,,,,,,,,,,,,,,,
real,300,gulf,2,LSTM-rec,3,crossing,8,133,2.660788965295984,2.660788965295984,0.4764364940137227,,,,,,,,,,,,,,95.0,94.0,93.0,92.0,91.0,90.0,90.0
real,300,gulf,2,LSTM-rec,3,crossing,9,140,5.689298358183627,5.689298358183627,0.6610238924070896,,,,,,,,,,,,,,,,,,,,
real,300,gulf,2,LSTM-rec,3,crossing,10,176,24.316792774820417,24.316792774820417,0.41114130975707536,,,,,,,,,,,,,,,,,,,,
real,300,gulf,2,LSTM-rec,3,crossing,11,189,19.420576324463948,19.420576324463948,0.3861481942055819,,,,,,,,,,,,,,,,,,,,
real,300,gulf,2,LSTM-rec,3,crossing,12,202,23.081675287171844,23.081675287171844,0.4813765306277779,,,,,,,,,,,,,,,,,,,,
real,300,gulf,2,LSTM-rec,3,crossing,13,218,9.155956395842184,9.155956395842184,0.4723142810519824,,,,,,,,,,,,,,,,,,,,
real,300,gulf,2,LSTM-rec,3,crossing,14,219,23.16215678179073,23.16215678179073,0.38554944711906675,,,,,,,,,,,,,,,,,,,,
real,300,gulf,2,LSTM-rec,3,crossing,15,223,21.994812718043264,21.994812718043264,0.45471134594523244,,,,,,,,,,,,,,,,,,,,
real,300,gulf,2,LSTM-rec,3,crossing,16,224,8.343683833660407,8.343683833660407,0.3928638123655056,,,,,,,,,,,,,,,,,,,,
real,300,gulf,2,LSTM-rec,3,crossing,17,248,9.539230461054347,9.539230461054347,0.4272128286514749,,,,,,,,,,,,,,,,,,,,
real,300,gulf,2,LSTM-rec,3,crossing,18,278,13.980437040604748,13.980437040604748,0.5324615528008372,,,,,,,,,,,,,,,,,,,,
real,300,gulf,2,LSTM-rec,3,crossing,19,292,24.347554956313097,24.347554956313097,0.0038502633668011854,,,,,,,,,,,,,,,,,,,,
real,300,gulf,2,LSTM-rec,3,crossing,20,299,7.633601035879307,7.633601035879307,0.43388261487408103,,,,,,,,,,,,,,,,,,,,
real,300,gulf,2,LSTM-rec,3,crossing,21,307,7.400455468199323,7.400455468199323,0.43464894532707987,,,,,,,,,,,,,,,,,,,,
real,300,gulf,2,LSTM-rec,3,crossing,22,323,24.28365296437254,24.28365296437254,0.43413214483769874,,,,,,,,,,,,,,,,,,,,
real,300,gulf,2,LSTM-rec,3,crossing,23,330,8.307649317083783,8.307649317083783,0.485624986707553,,,,,,,,,,,,,,,,,,,,
real,300,gulf,2,LSTM-rec,3,crossing,24,363,12.54962012548897,12.54962012548897,0.40636924260393564,,,,,,,,,,,,,,,,,,,,
real,300,gulf,2,LSTM-rec,3,crossing,25,372,4.5807176779516,4.5807176779516,3.0393881304747903,,,,,,,,,,,,,,,,,,,,
real,300,gulf,2,LSTM-rec,3,crossing,26,384,15.765034882493682,15.765034882493682,0.44556733460352144,,,,,,,,,,,,,,,,,,,,
real,300,gulf,2,LSTM-rec,3,crossing,27,388,10.328110082454318,10.328110082454318,0.41440571829487477,,,,,,,,,,,,,,,,,,,,
real,300,gulf,2,LSTM-rec,3,crossing,28,396,6.653386013079275,6.653386013079275,0.5157963407146491,,,,,,,,,,,,,,,,,,,,
real,300,gulf,2,LSTM-rec,3,crossing,29,401,4.590570049057615,4.590570049057615,0.52367571975975,,,,,,,,67.0,67.0,66.0,66.0,66.0,65.0,65.0,65.0,64.0,64.0,64.0,64.0,63.0
real,300,gulf,2,LSTM-rec,3,crossing,30,423,19.59772737490978,19.59772737490978,0.4981448107968005,,,,,,,,,,,,,,,,,,,,
real,300,gulf,2,LSTM-rec,3,crossing,31,433,18.91035238109743,18.91035238109743,0.7798868900493525,,,,,,,,,,,,,,,,,,,,
real,300,gulf,2,LSTM-rec,3,crossing,32,458,10.65743527578036,10.65743527578036,0.4306992962403327,,,,,,,,,,,,,,,,,,,,
real,300,gulf,2,LSTM-rec,3,crossing,33,462,14.043159171807925,14.043159171807925,0.08176870224993794,,,,,,,,,,,,,,,,,,,,
real,300,gulf,2,LSTM-rec,3,crossing,34,499,25.624446822627736,25.624446822627736,0.49366907931161724,,,,,,,,,,,,,,,,,,,,
real,300,gulf,2,LSTM-ms,3,buffer,0,2,10.092549112098103,10.092549112098103,0.41462458992665296,,,,,,,,,,,,,,,,,,,,
real,300,gulf,2,LSTM-ms,3,buffer,1,5,8.69983547928779,8.69983547928779,0.2229874829535222,,,,,,,,,,,,,,,,,,,,
real,300,gulf,2,LSTM-ms,3,buffer,2,10,14.272292023668387,14.272292023668387,0.643478718577077,,,,,,,,,,,,,,,,,,,,
real,300,gulf,2,LSTM-ms,3,buffer,3,86,23.327530665889775,23.327530665889775,0.43070136084856847,,,,,,,,,,,,,,,,,,,,
real,300,gulf,2,LSTM-ms,3,buffer,4,97,12.953642640281496,12.953642640281496,0.23370005878504074,,,,,,,,,,,,,,,,,,,,
real,300,gulf,2,LSTM-ms,3,buffer,5,104,6.940913479949038,6.940913479949038,0.6192578690216265,,,,,,,,,,,,,,,,,,,,
real,300,gulf,2,LSTM-ms,3,buffer,6,114,25.57384036890475,25.57384036890475,0.6219038229353077,,,,,,,,,,,,,,,,,,,,
real,300,gulf,2,LSTM-ms,3,buffer,7,115,10.390951312846687,10.390951312846687,0.00494315008550448,,,,,,,,,,,,,,,,,,,,
real,300,gulf,2,LSTM-ms,3,buffer,8,133,2.660788965295984,2.660788965295984,0.4764364940137227,,,,,,,,,,,,,,,,,,,,
real,300,gulf,2,LSTM-ms,3,buffer,9,140,5.689298358183627,5.689298358183627,0.6610238924070896,,,,,,,,,,,,,,,,,,,,
real,300,gulf,2,LSTM-ms,3,buffer,10,176,24.316792774820417,24.316792774820417,0.41114130975707536,,,,,,,,,,,,,,,,,,,,
real,300,gulf,2,LSTM-ms,3,buffer,11,189,19.420576324463948,19.420576324463948,0.3861481942055819,,,,,,,,,,,,,,,,,,,,
real,300,gulf,2,LSTM-ms,3,buffer,12,202,23.081675287171844,23.081675287171844,0.4813765306277779,,,,,,,,,,,,,,,,,,,,
real,300,gulf,2,LSTM-ms,3,buffer,13,218,9.155956395842184,9.155956395842184,0.4723142810519824,,,,,,,,,,,,,,,,,,,,
real,300,gulf,2,LSTM-ms,3,buffer,14,219,23.16215678179073,23.16215678179073,0.38554944711906675,,,,,,,,,,,,,,,,,,,,
real,300,gulf,2,LSTM-ms,3,buffer,15,223,21.994812718043264,21.994812718043264,0.45471134594523244,,,,,,,,,,,,,,,,,,,,
real,300,gulf,2,LSTM-ms,3,buffer,16,224,8.343683833660407,8.343683833660407,0.3928638123655056,,,,,,,,,,,,,,,,,,,,
real,300,gulf,2,LSTM-ms,3,buffer,17,248,9.539230461054347,9.539230461054347,0.4272128286514749,,,,,,,,,,,,,,,,,,,,
real,300,gulf,2,LSTM-ms,3,buffer,18,278,13.980437040604748,13.980437040604748,0.5324615528008372,,,,,,,,,,,,,,,,,,,,
real,300,gulf,2,LSTM-ms,3,buffer,19,292,24.347554956313097,24.347554956313097,0.0038502633668011854,,,,,,,,,,,,,,,,,,,,
real,300,gulf,2,LSTM-ms,3,buffer,20,299,7.633601035879307,7.633601035879307,0.43388261487408103,,,,,,,,,,,,,,,,,,,,
real,300,gulf,2,LSTM-ms,3,buffer,21,307,7.400455468199323,7.400455468199323,0.43464894532707987,,,,,,,,,,,,,,,,,,,,
real,300,gulf,2,LSTM-ms,3,buffer,22,323,24.28365296437254,24.28365296437254,0.43413214483769874,,,,,,,,,,,,,,,,,,,,
real,300,gulf,2,LSTM-ms,3,buffer,23,330,8.307649317083783,8.307649317083783,0.485624986707553,,,,,,,,,,,,,,,,,,,,
real,300,gulf,2,LSTM-ms,3,buffer,24,363,12.54962012548897,12.54962012548897,0.40636924260393564,,,,,,,,,,,,,,,,,,,,
real,300,gulf,2,LSTM-ms,3,buffer,25,372,4.5807176779516,4.5807176779516,3.0393881304747903,,,,,,,,,,,,,,,,,,,,
real,300,gulf,2,LSTM-ms,3,buffer,26,384,15.765034882493682,15.765034882493682,0.44556733460352144,,,,,,,,,,,,,,,,,,,,
real,300,gulf,2,LSTM-ms,3,buffer,27,388,10.328110082454318,10.328110082454318,0.41440571829487477,,,,,,,,,,,,,,,,,,,,
real,300,gulf,2,LSTM-ms,3,buffer,28,396,6.653386013079275,6.653386013079275,0.5157963407146491,,,,,,,,,,,,,,,,,,,,
real,300,gulf,2,LSTM-ms,3,buffer,29,401,4.590570049057615,4.590570049057615,0.52367571975975,,,,,,,,,67.0,67.0,67.0,66.0,66.0,66.0,65.0,65.0,65.0,65.0,65.0,65.0
real,300,gulf,2,LSTM-ms,3,buffer,30,423,19.59772737490978,19.59772737490978,0.4981448107968005,,,,,,,,,,,,,,,,,,,,
real,300,gulf,2,LSTM-ms,3,buffer,31,433,18.91035238109743,18.91035238109743,0.7798868900493525,,,,,,,,,,,,,,,,,,,,
real,300,gulf,2,LSTM-ms,3,buffer,32,458,10.65743527578036,10.65743527578036,0.4306992962403327,,,,,,,,,,,,,,,,,,,,
real,300,gulf,2,LSTM-ms,3,buffer,33,462,14.043159171807925,14.043159171807925,0.08176870224993794,,,,,,,,,,,,,,,,,,,,
real,300,gulf,2,LSTM-ms,3,buffer,34,499,25.624446822627736,25.624446822627736,0.49366907931161724,,,,,,,,,,,,,,,,,,,,
real,300,gulf,2,LSTM-ms,3,crossing,0,2,10.092549112098103,10.092549112098103,0.41462458992665296,,,,,,,,,,,,,,,,,,,,
real,300,gulf,2,LSTM-ms,3,crossing,1,5,8.69983547928779,8.69983547928779,0.2229874829535222,,,,,,,,,,,,,,,,,,,,
real,300,gulf,2,LSTM-ms,3,crossing,2,10,14.272292023668387,14.272292023668387,0.643478718577077,,,,,,,,,,,,,,,,,,,,
real,300,gulf,2,LSTM-ms,3,crossing,3,86,23.327530665889775,23.327530665889775,0.43070136084856847,,,,,,,,,,,,,,,,,,,,
real,300,gulf,2,LSTM-ms,3,crossing,4,97,12.953642640281496,12.953642640281496,0.23370005878504074,,,,,,,,,,,,,,,,,,,,
real,300,gulf,2,LSTM-ms,3,crossing,5,104,6.940913479949038,6.940913479949038,0.6192578690216265,,,,,,,,,,,,,,,,,,,,
real,300,gulf,2,LSTM-ms,3,crossing,6,114,25.57384036890475,25.57384036890475,0.6219038229353077,,,,,,,,,,,,,,,,,,,,
real,300,gulf,2,LSTM-ms,3,crossing,7,115,10.390951312846687,10.390951312846687,0.00494315008550448,,,,,,,,,,,,,,,,,,,,
real,300,gulf,2,LSTM-ms,3,crossing,8,133,2.660788965295984,2.660788965295984,0.4764364940137227,,,,,,,,,,,,,,,,,,,,
real,300,gulf,2,LSTM-ms,3,crossing,9,140,5.689298358183627,5.689298358183627,0.6610238924070896,,,,,,,,,,,,,,,,,,,,
real,300,gulf,2,LSTM-ms,3,crossing,10,176,24.316792774820417,24.316792774820417,0.41114130975707536,,,,,,,,,,,,,,,,,,,,
real,300,gulf,2,LSTM-ms,3,crossing,11,189,19.420576324463948,19.420576324463948,0.3861481942055819,,,,,,,,,,,,,,,,,,,,
real,300,gulf,2,LSTM-ms,3,crossing,12,202,23.081675287171844,23.081675287171844,0.4813765306277779,,,,,,,,,,,,,,,,,,,,
real,300,gulf,2,LSTM-ms,3,crossing,13,218,9.155956395842184,9.155956395842184,0.4723142810519824,,,,,,,,,,,,,,,,,,,,
real,300,gulf,2,LSTM-ms,3,crossing,14,219,23.16215678179073,23.16215678179073,0.38554944711906675,,,,,,,,,,,,,,,,,,,,
real,300,gulf,2,LSTM-ms,3,crossing,15,223,21.994812718043264,21.994812718043264,0.45471134594523244,,,,,,,,,,,,,,,,,,,,
real,300,gulf,2,LSTM-ms,3,crossing,16,224,8.343683833660407,8.343683833660407,0.3928638123655056,,,,,,,,,,,,,,,,,,,,
real,300,gulf,2,LSTM-ms,3,crossing,17,248,9.539230461054347,9.539230461054347,0.4272128286514749,,,,,,,,,,,,,,,,,,,,
real,300,gulf,2,LSTM-ms,3,crossing,18,278,13.980437040604748,13.980437040604748,0.5324615528008372,,,,,,,,,,,,,,,,,,,,
real,300,gulf,2,LSTM-ms,3,crossing,19,292,24.347554956313097,24.347554956313097,0.0038502633668011854,,,,,,,,,,,,,,,,,,,,
real,300,gulf,2,LSTM-ms,3,crossing,20,299,7.633601035879307,7.633601035879307,0.43388261487408103,,,,,,,,,,,,,,,,,,,,
real,300,gulf,2,LSTM-ms,3,crossing,21,307,7.400455468199323,7.400455468199323,0.43464894532707987,,,,,,,,,,,,,,,,,,,,
real,300,gulf,2,LSTM-ms,3,crossing,22,323,24.28365296437254,24.28365296437254,0.43413214483769874,,,,,,,,,,,,,,,,,,,,
real,300,gulf,2,LSTM-ms,3,crossing,23,330,8.307649317083783,8.307649317083783,0.485624986707553,,,,,,,,,,,,,,,,,,,,
real,300,gulf,2,LSTM-ms,3,crossing,24,363,12.54962012548897,12.54962012548897,0.40636924260393564,,,,,,,,,,,,,,,,,,,,
real,300,gulf,2,LSTM-ms,3,crossing,25,372,4.5807176779516,4.5807176779516,3.0393881304747903,,,,,,,,,,,,,,,,,,,,
real,300,gulf,2,LSTM-ms,3,crossing,26,384,15.765034882493682,15.765034882493682,0.44556733460352144,,,,,,,,,,,,,,,,,,,,
real,300,gulf,2,LSTM-ms,3,crossing,27,388,10.328110082454318,10.328110082454318,0.41440571829487477,,,,,,,,,,,,,,,,,,,,
real,300,gulf,2,LSTM-ms,3,crossing,28,396,6.653386013079275,6.653386013079275,0.5157963407146491,,,,,,,,,,,,,,,,,,,,
real,300,gulf,2,LSTM-ms,3,crossing,29,401,4.590570049057615,4.590570049057615,0.52367571975975,,,,,,,,,,,,,,,,,,67.0,67.0,67.0
real,300,gulf,2,LSTM-ms,3,crossing,30,423,19.59772737490978,19.59772737490978,0.4981448107968005,,,,,,,,,,,,,,,,,,,,
real,300,gulf,2,LSTM-ms,3,crossing,31,433,18.91035238109743,18.91035238109743,0.7798868900493525,,,,,,,,,,,,,,,,,,,,
real,300,gulf,2,LSTM-ms,3,crossing,32,458,10.65743527578036,10.65743527578036,0.4306992962403327,,,,,,,,,,,,,,,,,,,,
real,300,gulf,2,LSTM-ms,3,crossing,33,462,14.043159171807925,14.043159171807925,0.08176870224993794,,,,,,,,,,,,,,,,,,,,
real,300,gulf,2,LSTM-ms,3,crossing,34,499,25.624446822627736,25.624446822627736,0.49366907931161724,,,,,,,,,,,,,,,,,,,,
real,300,gulf,2,LSTM-rec,4,buffer,0,2,10.092549112098103,10.092549112098103,0.41462458992665296,,,,,,,,,,,,,,,,,,,,
real,300,gulf,2,LSTM-rec,4,buffer,1,5,8.69983547928779,8.69983547928779,0.2229874829535222,,,,,,,,,,,,,,,,,,,,
real,300,gulf,2,LSTM-rec,4,buffer,2,10,14.272292023668387,14.272292023668387,0.643478718577077,,,,,,,,,,,,,,,,,,,,
real,300,gulf,2,LSTM-rec,4,buffer,3,86,23.327530665889775,23.327530665889775,0.43070136084856847,,,,,,,,,,,,,,,,,,,,
real,300,gulf,2,LSTM-rec,4,buffer,4,97,12.953642640281496,12.953642640281496,0.23370005878504074,,,,,,,,,,,,,,,,,,,,
real,300,gulf,2,LSTM-rec,4,buffer,5,104,6.940913479949038,6.940913479949038,0.6192578690216265,,,,,,,,,,,,,,,,,,,,
real,300,gulf,2,LSTM-rec,4,buffer,6,114,25.57384036890475,25.57384036890475,0.6219038229353077,,,,,,,,,,,,,,,,,,,,
real,300,gulf,2,LSTM-rec,4,buffer,7,115,10.390951312846687,10.390951312846687,0.00494315008550448,,,,,,,,,,,,,,,,,,,,
real,300,gulf,2,LSTM-rec,4,buffer,8,133,2.660788965295984,2.660788965295984,0.4764364940137227,,,,,,,,,,,,,,,,,,,,
real,300,gulf,2,LSTM-rec,4,buffer,9,140,5.689298358183627,5.689298358183627,0.6610238924070896,,,,,,,,,,,,,,,,,,,,
real,300,gulf,2,LSTM-rec,4,buffer,10,176,24.316792774820417,24.316792774820417,0.41114130975707536,,,,,,,,,,,,,,,,,,,,
real,300,gulf,2,LSTM-rec,4,buffer,11,189,19.420576324463948,19.420576324463948,0.3861481942055819,,,,,,,,,,,,,,,,,,,,
real,300,gulf,2,LSTM-rec,4,buffer,12,202,23.081675287171844,23.081675287171844,0.4813765306277779,,,,,,,,,,,,,,,,,,,,
real,300,gulf,2,LSTM-rec,4,buffer,13,218,9.155956395842184,9.155956395842184,0.4723142810519824,,,,,,,,,,,,,,,,,,,,
real,300,gulf,2,LSTM-rec,4,buffer,14,219,23.16215678179073,23.16215678179073,0.38554944711906675,,,,,,,,,,,,,,,,,,,,
real,300,gulf,2,LSTM-rec,4,buffer,15,223,21.994812718043264,21.994812718043264,0.45471134594523244,,,,,,,,,,,,,,,,,,,,
real,300,gulf,2,LSTM-rec,4,buffer,16,224,8.343683833660407,8.343683833660407,0.3928638123655056,,,,,,,,,,,,,,,,,,,,
real,300,gulf,2,LSTM-rec,4,buffer,17,248,9.539230461054347,9.539230461054347,0.4272128286514749,,,,,,,,,,,,,,,,,,,,
real,300,gulf,2,LSTM-rec,4,buffer,18,278,13.980437040604748,13.980437040604748,0.5324615528008372,,,,,,,,,,,,,,,,,,,,
real,300,gulf,2,LSTM-rec,4,buffer,19,292,24.347554956313097,24.347554956313097,0.0038502633668011854,,,,,,,,,,,,,,,,,,,,
real,300,gulf,2,LSTM-rec,4,buffer,20,299,7.633601035879307,7.633601035879307,0.43388261487408103,,,,,,,,,,,,,,,,,,,,
real,300,gulf,2,LSTM-rec,4,buffer,21,307,7.400455468199323,7.400455468199323,0.43464894532707987,,,,,,,,,,,,,,,,,,,,
real,300,gulf,2,LSTM-rec,4,buffer,22,323,24.28365296437254,24.28365296437254,0.43413214483769874,,,,,,,,,,,,,,,,,,,,
real,300,gulf,2,LSTM-rec,4,buffer,23,330,8.307649317083783,8.307649317083783,0.485624986707553,,,,,,,,,,,,,,,,,,,,
real,300,gulf,2,LSTM-rec,4,buffer,24,363,12.54962012548897,12.54962012548897,0.40636924260393564,,,,,,,,,,,,,,,,,,,,
real,300,gulf,2,LSTM-rec,4,buffer,25,372,4.5807176779516,4.5807176779516,3.0393881304747903,,,,,,,,,,,,,,,,,,,,
real,300,gulf,2,LSTM-rec,4,buffer,26,384,15.765034882493682,15.765034882493682,0.44556733460352144,,,,,,,,,,,,,,,,,,,,
real,300,gulf,2,LSTM-rec,4,buffer,27,388,10.328110082454318,10.328110082454318,0.41440571829487477,,,,,,,,,,,,,,,,,,,,
real,300,gulf,2,LSTM-rec,4,buffer,28,396,6.653386013079275,6.653386013079275,0.5157963407146491,,,,,,,,,,,,,,,,,,,,
real,300,gulf,2,LSTM-rec,4,buffer,29,401,4.590570049057615,4.590570049057615,0.52367571975975,,,,,,,,,,,,,,,,,,,,
real,300,gulf,2,LSTM-rec,4,buffer,30,423,19.59772737490978,19.59772737490978,0.4981448107968005,,,,,,,,,,,,,,,,,,,,
real,300,gulf,2,LSTM-rec,4,buffer,31,433,18.91035238109743,18.91035238109743,0.7798868900493525,,,,,,,,,,,,,,,,,,,,
real,300,gulf,2,LSTM-rec,4,buffer,32,458,10.65743527578036,10.65743527578036,0.4306992962403327,,,,,,,,,,,,,,,,,,,,
real,300,gulf,2,LSTM-rec,4,buffer,33,462,14.043159171807925,14.043159171807925,0.08176870224993794,,,,,,,,,,,,,,,,,,,,
real,300,gulf,2,LSTM-rec,4,buffer,34,499,25.624446822627736,25.624446822627736,0.49366907931161724,,,,,,,,,,,,,,,,,,,,
real,300,gulf,2,LSTM-rec,4,crossing,0,2,10.092549112098103,10.092549112098103,0.41462458992665296,,,,,,,,,,,,,,,,,,,,
real,300,gulf,2,LSTM-rec,4,crossing,1,5,8.69983547928779,8.69983547928779,0.2229874829535222,,,,,,,,,,,,,,,,,,,,
real,300,gulf,2,LSTM-rec,4,crossing,2,10,14.272292023668387,14.272292023668387,0.643478718577077,,,,,,,,,,,,,,,,,,,,
real,300,gulf,2,LSTM-rec,4,crossing,3,86,23.327530665889775,23.327530665889775,0.43070136084856847,,,,,,,,,,,,,,,,,,,,
real,300,gulf,2,LSTM-rec,4,crossing,4,97,12.953642640281496,12.953642640281496,0.23370005878504074,,,,,,,,,,,,,,,,,,,,
real,300,gulf,2,LSTM-rec,4,crossing,5,104,6.940913479949038,6.940913479949038,0.6192578690216265,,,,,,,,,,,,,,,,,,,,
real,300,gulf,2,LSTM-rec,4,crossing,6,114,25.57384036890475,25.57384036890475,0.6219038229353077,,,,,,,,,,,,,,,,,,,,
real,300,gulf,2,LSTM-rec,4,crossing,7,115,10.390951312846687,10.390951312846687,0.00494315008550448,,,,,,,,,,,,,,,,,,,,
real,300,gulf,2,LSTM-rec,4,crossing,8,133,2.660788965295984,2.660788965295984,0.4764364940137227,,,,,,,,,,,,,,,,,,,,
real,300,gulf,2,LSTM-rec,4,crossing,9,140,5.689298358183627,5.689298358183627,0.6610238924070896,,,,,,,,,,,,,,,,,,,,
real,300,gulf,2,LSTM-rec,4,crossing,10,176,24.316792774820417,24.316792774820417,0.41114130975707536,,,,,,,,,,,,,,,,,,,,
real,300,gulf,2,LSTM-rec,4,crossing,11,189,19.420576324463948,19.420576324463948,0.3861481942055819,,,,,,,,,,,,,,,,,,,,
real,300,gulf,2,LSTM-rec,4,crossing,12,202,23.081675287171844,23.081675287171844,0.4813765306277779,,,,,,,,,,,,,,,,,,,,
real,300,gulf,2,LSTM-rec,4,crossing,13,218,9.155956395842184,9.155956395842184,0.4723142810519824,,,,,,,,,,,,,,,,,,,,
real,300,gulf,2,LSTM-rec,4,crossing,14,219,23.16215678179073,23.16215678179073,0.38554944711906675,,,,,,,,,,,,,,,,,,,,
real,300,gulf,2,LSTM-rec,4,crossing,15,223,21.994812718043264,21.994812718043264,0.45471134594523244,,,,,,,,,,,,,,,,,,,,
real,300,gulf,2,LSTM-rec,4,crossing,16,224,8.343683833660407,8.343683833660407,0.3928638123655056,,,,,,,,,,,,,,,,,,,,
real,300,gulf,2,LSTM-rec,4,crossing,17,248,9.539230461054347,9.539230461054347,0.4272128286514749,,,,,,,,,,,,,,,,,,,,
real,300,gulf,2,LSTM-rec,4,crossing,18,278,13.980437040604748,13.980437040604748,0.5324615528008372,,,,,,,,,,,,,,,,,,,,
real,300,gulf,2,LSTM-rec,4,crossing,19,292,24.347554956313097,24.347554956313097,0.0038502633668011854,,,,,,,,,,,,,,,,,,,,
real,300,gulf,2,LSTM-rec,4,crossing,20,299,7.633601035879307,7.633601035879307,0.43388261487408103,,,,,,,,,,,,,,,,,,,,
real,300,gulf,2,LSTM-rec,4,crossing,21,307,7.400455468199323,7.400455468199323,0.43464894532707987,,,,,,,,,,,,,,,,,,,,
real,300,gulf,2,LSTM-rec,4,crossing,22,323,24.28365296437254,24.28365296437254,0.43413214483769874,,,,,,,,,,,,,,,,,,,,
real,300,gulf,2,LSTM-rec,4,crossing,23,330,8.307649317083783,8.307649317083783,0.485624986707553,,,,,,,,,,,,,,,,,,,,
real,300,gulf,2,LSTM-rec,4,crossing,24,363,12.54962012548897,12.54962012548897,0.40636924260393564,,,,,,,,,,,,,,,,,,,,
real,300,gulf,2,LSTM-rec,4,crossing,25,372,4.5807176779516,4.5807176779516,3.0393881304747903,,,,,,,,,,,,,,,,,,,,
real,300,gulf,2,LSTM-rec,4,crossing,26,384,15.765034882493682,15.765034882493682,0.44556733460352144,,,,,,,,,,,,,,,,,,,,
real,300,gulf,2,LSTM-rec,4,crossing,27,388,10.328110082454318,10.328110082454318,0.41440571829487477,,,,,,,,,,,,,,,,,,,,
real,300,gulf,2,LSTM-rec,4,crossing,28,396,6.653386013079275,6.653386013079275,0.5157963407146491,,,,,,,,,,,,,,,,,,,,
real,300,gulf,2,LSTM-rec,4,crossing,29,401,4.590570049057615,4.590570049057615,0.52367571975975,,,,,,,,,,,,,,,,,,,,
real,300,gulf,2,LSTM-rec,4,crossing,30,423,19.59772737490978,19.59772737490978,0.4981448107968005,,,,,,,,,,,,,,,,,,,,
real,300,gulf,2,LSTM-rec,4,crossing,31,433,18.91035238109743,18.91035238109743,0.7798868900493525,,,,,,,,,,,,,,,,,,,,
real,300,gulf,2,LSTM-rec,4,crossing,32,458,10.65743527578036,10.65743527578036,0.4306992962403327,,,,,,,,,,,,,,,,,,,,
real,300,gulf,2,LSTM-rec,4,crossing,33,462,14.043159171807925,14.043159171807925,0.08176870224993794,,,,,,,,,,,,,,,,,,,,
real,300,gulf,2,LSTM-rec,4,crossing,34,499,25.624446822627736,25.624446822627736,0.49366907931161724,,,,,,,,,,,,,,,,,,,,
real,300,gulf,2,LSTM-ms,4,buffer,0,2,10.092549112098103,10.092549112098103,0.41462458992665296,,,,,,,,,,,,,,,,,,,,
real,300,gulf,2,LSTM-ms,4,buffer,1,5,8.69983547928779,8.69983547928779,0.2229874829535222,,,,,,,,,,,,,,,,,,,,
real,300,gulf,2,LSTM-ms,4,buffer,2,10,14.272292023668387,14.272292023668387,0.643478718577077,,,,,,,,,,,,,,,,,,,,
real,300,gulf,2,LSTM-ms,4,buffer,3,86,23.327530665889775,23.327530665889775,0.43070136084856847,,,,,,,,,,,,,,,,,,,,
real,300,gulf,2,LSTM-ms,4,buffer,4,97,12.953642640281496,12.953642640281496,0.23370005878504074,,,,,,,,,,,,,,,,,,,,
real,300,gulf,2,LSTM-ms,4,buffer,5,104,6.940913479949038,6.940913479949038,0.6192578690216265,,,,,,,,,,,,,,,,,,,,
real,300,gulf,2,LSTM-ms,4,buffer,6,114,25.57384036890475,25.57384036890475,0.6219038229353077,,,,,,,,,,,,,,,,,,,,
real,300,gulf,2,LSTM-ms,4,buffer,7,115,10.390951312846687,10.390951312846687,0.00494315008550448,,,,,,,,,,,,,,,,,,,,
real,300,gulf,2,LSTM-ms,4,buffer,8,133,2.660788965295984,2.660788965295984,0.4764364940137227,,,,95.0,94.0,94.0,93.0,93.0,92.0,92.0,92.0,91.0,91.0,90.0,90.0,90.0,90.0,90.0,90.0,90.0
real,300,gulf,2,LSTM-ms,4,buffer,9,140,5.689298358183627,5.689298358183627,0.6610238924070896,,,,,,,,,,,,,,,,,,,,
real,300,gulf,2,LSTM-ms,4,buffer,10,176,24.316792774820417,24.316792774820417,0.41114130975707536,,,,,,,,,,,,,,,,,,,,
real,300,gulf,2,LSTM-ms,4,buffer,11,189,19.420576324463948,19.420576324463948,0.3861481942055819,,,,,,,,,,,,,,,,,,,,
real,300,gulf,2,LSTM-ms,4,buffer,12,202,23.081675287171844,23.081675287171844,0.4813765306277779,,,,,,,,,,,,,,,,,,,,
real,300,gulf,2,LSTM-ms,4,buffer,13,218,9.155956395842184,9.155956395842184,0.4723142810519824,,,,,,,,,,,,,,,,,,,,
real,300,gulf,2,LSTM-ms,4,buffer,14,219,23.16215678179073,23.16215678179073,0.38554944711906675,,,,,,,,,,,,,,,,,,,,
real,300,gulf,2,LSTM-ms,4,buffer,15,223,21.994812718043264,21.994812718043264,0.45471134594523244,,,,,,,,,,,,,,,,,,,,
real,300,gulf,2,LSTM-ms,4,buffer,16,224,8.343683833660407,8.343683833660407,0.3928638123655056,,,,,,,,,,,,,,,,,,,,
real,300,gulf,2,LSTM-ms,4,buffer,17,248,9.539230461054347,9.539230461054347,0.4272128286514749,,,,,,,,,,,,,,,,,,,,
real,300,gulf,2,LSTM-ms,4,buffer,18,278,13.980437040604748,13.980437040604748,0.5324615528008372,,,,,,,,,,,,,,,,,,,,
real,300,gulf,2,LSTM-ms,4,buffer,19,292,24.347554956313097,24.347554956313097,0.0038502633668011854,,,,,,,,,,,,,,,,,,,,
real,300,gulf,2,LSTM-ms,4,buffer,20,299,7.633601035879307,7.633601035879307,0.43388261487408103,,,,,,,,,,,,,,,,,,,,
real,300,gulf,2,LSTM-ms,4,buffer,21,307,7.400455468199323,7.400455468199323,0.43464894532707987,,,,,,,,,,,,,,,,,,,,
real,300,gulf,2,LSTM-ms,4,buffer,22,323,24.28365296437254,24.28365296437254,0.43413214483769874,,,,,,,,,,,,,,,,,,,,
real,300,gulf,2,LSTM-ms,4,buffer,23,330,8.307649317083783,8.307649317083783,0.485624986707553,,,,,,,,,,,,,,,,,,,,
real,300,gulf,2,LSTM-ms,4,buffer,24,363,12.54962012548897,12.54962012548897,0.40636924260393564,,,,,,,,,,,,,,,,,,,,
real,300,gulf,2,LSTM-ms,4,buffer,25,372,4.5807176779516,4.5807176779516,3.0393881304747903,,,,,,,,,,,,,,,,,,,,
real,300,gulf,2,LSTM-ms,4,buffer,26,384,15.765034882493682,15.765034882493682,0.44556733460352144,,,,,,,,,,,,,,,,,,,,
real,300,gulf,2,LSTM-ms,4,buffer,27,388,10.328110082454318,10.328110082454318,0.41440571829487477,,,,,,,,,,,,,,,,,,,,
real,300,gulf,2,LSTM-ms,4,buffer,28,396,6.653386013079275,6.653386013079275,0.5157963407146491,,,,,,,,,,,,,,,,,,,,
real,300,gulf,2,LSTM-ms,4,buffer,29,401,4.590570049057615,4.590570049057615,0.52367571975975,,,,67.0,66.0,65.0,65.0,64.0,64.0,64.0,64.0,63.0,63.0,63.0,63.0,63.0,63.0,62.0,62.0,62.0
real,300,gulf,2,LSTM-ms,4,buffer,30,423,19.59772737490978,19.59772737490978,0.4981448107968005,,,,,,,,,,,,,,,,,,,,
real,300,gulf,2,LSTM-ms,4,buffer,31,433,18.91035238109743,18.91035238109743,0.7798868900493525,,,,,,,,,,,,,,,,,,,,
real,300,gulf,2,LSTM-ms,4,buffer,32,458,10.65743527578036,10.65743527578036,0.4306992962403327,,,,,,,,,,,,,,,,,,,,
real,300,gulf,2,LSTM-ms,4,buffer,33,462,14.043159171807925,14.043159171807925,0.08176870224993794,,,,,,,,,,,,,,,,,,,,
real,300,gulf,2,LSTM-ms,4,buffer,34,499,25.624446822627736,25.624446822627736,0.49366907931161724,,,,,,,,,,,,,,,,,,,,
real,300,gulf,2,LSTM-ms,4,crossing,0,2,10.092549112098103,10.092549112098103,0.41462458992665296,,,,,,,,,,,,,,,,,,,,
real,300,gulf,2,LSTM-ms,4,crossing,1,5,8.69983547928779,8.69983547928779,0.2229874829535222,,,,,,,,,,,,,,,,,,,,
real,300,gulf,2,LSTM-ms,4,crossing,2,10,14.272292023668387,14.272292023668387,0.643478718577077,,,,,,,,,,,,,,,,,,,,
real,300,gulf,2,LSTM-ms,4,crossing,3,86,23.327530665889775,23.327530665889775,0.43070136084856847,,,,,,,,,,,,,,,,,,,,
real,300,gulf,2,LSTM-ms,4,crossing,4,97,12.953642640281496,12.953642640281496,0.23370005878504074,,,,,,,,,,,,,,,,,,,,
real,300,gulf,2,LSTM-ms,4,crossing,5,104,6.940913479949038,6.940913479949038,0.6192578690216265,,,,,,,,,,,,,,,,,,,,
real,300,gulf,2,LSTM-ms,4,crossing,6,114,25.57384036890475,25.57384036890475,0.6219038229353077,,,,,,,,,,,,,,,,,,,,
real,300,gulf,2,LSTM-ms,4,crossing,7,115,10.390951312846687,10.390951312846687,0.00494315008550448,,,,,,,,,,,,,,,,,,,,
real,300,gulf,2,LSTM-ms,4,crossing,8,133,2.660788965295984,2.660788965295984,0.4764364940137227,,,,,,,,,,,,,,,,,,,,
real,300,gulf,2,LSTM-ms,4,crossing,9,140,5.689298358183627,5.689298358183627,0.6610238924070896,,,,,,,,,,,,,,,,,,,,
real,300,gulf,2,LSTM-ms,4,crossing,10,176,24.316792774820417,24.316792774820417,0.41114130975707536,,,,,,,,,,,,,,,,,,,,
real,300,gulf,2,LSTM-ms,4,crossing,11,189,19.420576324463948,19.420576324463948,0.3861481942055819,,,,,,,,,,,,,,,,,,,,
real,300,gulf,2,LSTM-ms,4,crossing,12,202,23.081675287171844,23.081675287171844,0.4813765306277779,,,,,,,,,,,,,,,,,,,,
real,300,gulf,2,LSTM-ms,4,crossing,13,218,9.155956395842184,9.155956395842184,0.4723142810519824,,,,,,,,,,,,,,,,,,,,
real,300,gulf,2,LSTM-ms,4,crossing,14,219,23.16215678179073,23.16215678179073,0.38554944711906675,,,,,,,,,,,,,,,,,,,,
real,300,gulf,2,LSTM-ms,4,crossing,15,223,21.994812718043264,21.994812718043264,0.45471134594523244,,,,,,,,,,,,,,,,,,,,
real,300,gulf,2,LSTM-ms,4,crossing,16,224,8.343683833660407,8.343683833660407,0.3928638123655056,,,,,,,,,,,,,,,,,,,,
real,300,gulf,2,LSTM-ms,4,crossing,17,248,9.539230461054347,9.539230461054347,0.4272128286514749,,,,,,,,,,,,,,,,,,,,
real,300,gulf,2,LSTM-ms,4,crossing,18,278,13.980437040604748,13.980437040604748,0.5324615528008372,,,,,,,,,,,,,,,,,,,,
real,300,gulf,2,LSTM-ms,4,crossing,19,292,24.347554956313097,24.347554956313097,0.0038502633668011854,,,,,,,,,,,,,,,,,,,,
real,300,gulf,2,LSTM-ms,4,crossing,20,299,7.633601035879307,7.633601035879307,0.43388261487408103,,,,,,,,,,,,,,,,,,,,
real,300,gulf,2,LSTM-ms,4,crossing,21,307,7.400455468199323,7.400455468199323,0.43464894532707987,,,,,,,,,,,,,,,,,,,,
real,300,gulf,2,LSTM-ms,4,crossing,22,323,24.28365296437254,24.28365296437254,0.43413214483769874,,,,,,,,,,,,,,,,,,,,
real,300,gulf,2,LSTM-ms,4,crossing,23,330,8.307649317083783,8.307649317083783,0.485624986707553,,,,,,,,,,,,,,,,,,,,
real,300,gulf,2,LSTM-ms,4,crossing,24,363,12.54962012548897,12.54962012548897,0.40636924260393564,,,,,,,,,,,,,,,,,,,,
real,300,gulf,2,LSTM-ms,4,crossing,25,372,4.5807176779516,4.5807176779516,3.0393881304747903,,,,,,,,,,,,,,,,,,,,
real,300,gulf,2,LSTM-ms,4,crossing,26,384,15.765034882493682,15.765034882493682,0.44556733460352144,,,,,,,,,,,,,,,,,,,,
real,300,gulf,2,LSTM-ms,4,crossing,27,388,10.328110082454318,10.328110082454318,0.41440571829487477,,,,,,,,,,,,,,,,,,,,
real,300,gulf,2,LSTM-ms,4,crossing,28,396,6.653386013079275,6.653386013079275,0.5157963407146491,,,,,,,,,,,,,,,,,,,,
real,300,gulf,2,LSTM-ms,4,crossing,29,401,4.590570049057615,4.590570049057615,0.52367571975975,,,,,,,67.0,67.0,66.0,66.0,65.0,65.0,64.0,64.0,64.0,64.0,64.0,63.0,63.0,63.0
real,300,gulf,2,LSTM-ms,4,crossing,30,423,19.59772737490978,19.59772737490978,0.4981448107968005,,,,,,,,,,,,,,,,,,,,
real,300,gulf,2,LSTM-ms,4,crossing,31,433,18.91035238109743,18.91035238109743,0.7798868900493525,,,,,,,,,,,,,,,,,,,,
real,300,gulf,2,LSTM-ms,4,crossing,32,458,10.65743527578036,10.65743527578036,0.4306992962403327,,,,,,,,,,,,,,,,,,,,
real,300,gulf,2,LSTM-ms,4,crossing,33,462,14.043159171807925,14.043159171807925,0.08176870224993794,,,,,,,,,,,,,,,,,,,,
real,300,gulf,2,LSTM-ms,4,crossing,34,499,25.624446822627736,25.624446822627736,0.49366907931161724,,,,,,,,,,,,,,,,,,,,
real,300,gulf,3,Reactive,0,zone,0,25,12.048464703545516,12.048464703545516,0.49887501184501226,,,,,,,,,,,,,,,,,,,,
real,300,gulf,3,Reactive,0,zone,1,27,14.1745431557295,14.1745431557295,1.1288940627181308,,,,,,,,,,,,,,,,,,,,
real,300,gulf,3,Reactive,0,zone,2,55,2.2163183046742443,2.2163183046742443,0.4784690338115596,,,,,,,,,,,,,,,,,,,,
real,300,gulf,3,Reactive,0,zone,3,60,20.29200965967731,20.29200965967731,0.5446090445578694,,,,,,,,,,,,,,,,,,,,
real,300,gulf,3,Reactive,0,zone,4,75,28.44492489075788,28.44492489075788,0.48639745278579594,,,,,,,,,,,,,,,,,,,,
real,300,gulf,3,Reactive,0,zone,5,134,15.567398084253128,15.567398084253128,0.28209587299920524,,,,,,,,,,,,,,,,,,,,
real,300,gulf,3,Reactive,0,zone,6,162,5.2936850827291355,5.2936850827291355,0.4512904589229698,,,,,,,,,,,,,,,,,,,,
real,300,gulf,3,Reactive,0,zone,7,174,8.950919952173017,8.950919952173017,0.0034881053434378867,,,,,,,,,,,,,,,,,,,,
real,300,gulf,3,Reactive,0,zone,8,318,19.79072128834793,19.79072128834793,0.47441520800807857,,,,,,,,,,,,,,,,,,,,
real,300,gulf,3,Reactive,0,zone,9,403,27.798127356724194,27.798127356724194,0.15206466458756576,,,,,,,,,,,,,,,,,,,,
real,300,gulf,3,Reactive,0,zone,10,457,13.89464840049068,13.89464840049068,0.7520555419067775,,,,,,,,,,,,,,,,,,,,
real,300,gulf,3,Reactive,0,zone,11,491,21.237383222795884,21.237383222795884,0.5957989448523652,,,,,,,,,,,,,,,,,,,,
real,300,gulf,3,Analytic,0,buffer,0,25,12.048464703545516,12.048464703545516,0.49887501184501226,,,,,,,,,,,,,,,,,,,,
real,300,gulf,3,Analytic,0,buffer,1,27,14.1745431557295,14.1745431557295,1.1288940627181308,,,,,,,,,,,,,,,,,,,,
real,300,gulf,3,Analytic,0,buffer,2,55,2.2163183046742443,2.2163183046742443,0.4784690338115596,,244.0,243.0,243.0,238.0,57.0,56.0,55.0,54.0,53.0,53.0,52.0,51.0,51.0,50.0,47.0,45.0,44.0,43.0,42.0
real,300,gulf,3,Analytic,0,buffer,3,60,20.29200965967731,20.29200965967731,0.5446090445578694,,,,,,,,,,,,,,,,,,,,
real,300,gulf,3,Analytic,0,buffer,4,75,28.44492489075788,28.44492489075788,0.48639745278579594,,,,,,,,,,,,,,,,,,,,
real,300,gulf,3,Analytic,0,buffer,5,134,15.567398084253128,15.567398084253128,0.28209587299920524,,,,,,,,,,,,,,,,,,,,
real,300,gulf,3,Analytic,0,buffer,6,162,5.2936850827291355,5.2936850827291355,0.4512904589229698,,,,,,,,,16.0,16.0,15.0,14.0,13.0,12.0,11.0,10.0,8.0,7.0,7.0,7.0
real,300,gulf,3,Analytic,0,buffer,7,174,8.950919952173017,8.950919952173017,0.0034881053434378867,,,,,,,,,,,,,,,,,,,,
real,300,gulf,3,Analytic,0,buffer,8,318,19.79072128834793,19.79072128834793,0.47441520800807857,,,,,,,,,,,,,,,,,,,,
real,300,gulf,3,Analytic,0,buffer,9,403,27.798127356724194,27.798127356724194,0.15206466458756576,,,,,,,,,,,,,,,,,,,,
real,300,gulf,3,Analytic,0,buffer,10,457,13.89464840049068,13.89464840049068,0.7520555419067775,,,,,,,,,,,,,147.0,146.0,146.0,146.0,145.0,145.0,145.0,145.0
real,300,gulf,3,Analytic,0,buffer,11,491,21.237383222795884,21.237383222795884,0.5957989448523652,,,,,,,,,,,,,,,,,,,,
real,300,gulf,3,Analytic,0,crossing,0,25,12.048464703545516,12.048464703545516,0.49887501184501226,,,,,,,,,,,,,,,,,,,,
real,300,gulf,3,Analytic,0,crossing,1,27,14.1745431557295,14.1745431557295,1.1288940627181308,,,,,,,,,,,,,,,,,,,,
real,300,gulf,3,Analytic,0,crossing,2,55,2.2163183046742443,2.2163183046742443,0.4784690338115596,,,,,,,,,,,58.0,55.0,54.0,54.0,53.0,53.0,52.0,51.0,51.0,50.0
real,300,gulf,3,Analytic,0,crossing,3,60,20.29200965967731,20.29200965967731,0.5446090445578694,,,,,,,,,,,,,,,,,,,,
real,300,gulf,3,Analytic,0,crossing,4,75,28.44492489075788,28.44492489075788,0.48639745278579594,,,,,,,,,,,,,,,,,,,,
real,300,gulf,3,Analytic,0,crossing,5,134,15.567398084253128,15.567398084253128,0.28209587299920524,,,,,,,,,,,,,,,,,,,,
real,300,gulf,3,Analytic,0,crossing,6,162,5.2936850827291355,5.2936850827291355,0.4512904589229698,,,,,,,,,,,,,,16.0,16.0,16.0,15.0,14.0,13.0,12.0
real,300,gulf,3,Analytic,0,crossing,7,174,8.950919952173017,8.950919952173017,0.0034881053434378867,,,,,,,,,,,,,,,,,,,,
real,300,gulf,3,Analytic,0,crossing,8,318,19.79072128834793,19.79072128834793,0.47441520800807857,,,,,,,,,,,,,,,,,,,,
real,300,gulf,3,Analytic,0,crossing,9,403,27.798127356724194,27.798127356724194,0.15206466458756576,,,,,,,,,,,,,,,,,,,,
real,300,gulf,3,Analytic,0,crossing,10,457,13.89464840049068,13.89464840049068,0.7520555419067775,,,,,,,,,,,,,,,147.0,146.0,146.0,146.0,145.0,145.0
real,300,gulf,3,Analytic,0,crossing,11,491,21.237383222795884,21.237383222795884,0.5957989448523652,,,,,,,,,,,,,,,,,,,,
real,300,gulf,3,ConstVel,0,buffer,0,25,12.048464703545516,12.048464703545516,0.49887501184501226,,,,,,,,,,,,,,,,,,,,
real,300,gulf,3,ConstVel,0,buffer,1,27,14.1745431557295,14.1745431557295,1.1288940627181308,,,,,,,,,,,,,,,,,,,,
real,300,gulf,3,ConstVel,0,buffer,2,55,2.2163183046742443,2.2163183046742443,0.4784690338115596,,243.0,242.0,242.0,238.0,58.0,57.0,55.0,53.0,53.0,51.0,51.0,50.0,50.0,50.0,49.0,47.0,44.0,43.0,42.0
real,300,gulf,3,ConstVel,0,buffer,3,60,20.29200965967731,20.29200965967731,0.5446090445578694,,,,,,,,,,,,,,,,,,,,
real,300,gulf,3,ConstVel,0,buffer,4,75,28.44492489075788,28.44492489075788,0.48639745278579594,,,,,,,,,,,,,,,,,,,,
real,300,gulf,3,ConstVel,0,buffer,5,134,15.567398084253128,15.567398084253128,0.28209587299920524,,,,,,,,,,,,,,,,,,,,
real,300,gulf,3,ConstVel,0,buffer,6,162,5.2936850827291355,5.2936850827291355,0.4512904589229698,,,,,,,16.0,16.0,16.0,16.0,15.0,14.0,13.0,12.0,11.0,10.0,9.0,8.0,7.0,7.0
real,300,gulf,3,ConstVel,0,buffer,7,174,8.950919952173017,8.950919952173017,0.0034881053434378867,,,,,,,,,,,,,,,,,,,,
real,300,gulf,3,ConstVel,0,buffer,8,318,19.79072128834793,19.79072128834793,0.47441520800807857,,,,,,,,,,,,,,,,,,,,
real,300,gulf,3,ConstVel,0,buffer,9,403,27.798127356724194,27.798127356724194,0.15206466458756576,,,,,,,,,,,,,,,,,,,,
real,300,gulf,3,ConstVel,0,buffer,10,457,13.89464840049068,13.89464840049068,0.7520555419067775,,,,,,,,,,,,,,145.0,144.0,143.0,143.0,143.0,143.0,143.0
real,300,gulf,3,ConstVel,0,buffer,11,491,21.237383222795884,21.237383222795884,0.5957989448523652,,,,,,,,,,,,,,,,,,,,
real,300,gulf,3,ConstVel,0,crossing,0,25,12.048464703545516,12.048464703545516,0.49887501184501226,,,,,,,,,,,,,,,,,,,,
real,300,gulf,3,ConstVel,0,crossing,1,27,14.1745431557295,14.1745431557295,1.1288940627181308,,,,,,,,,,,,,,,,,,,,
real,300,gulf,3,ConstVel,0,crossing,2,55,2.2163183046742443,2.2163183046742443,0.4784690338115596,,,,,,,243.0,243.0,243.0,242.0,242.0,58.0,54.0,53.0,52.0,51.0,51.0,50.0,50.0,50.0
real,300,gulf,3,ConstVel,0,crossing,3,60,20.29200965967731,20.29200965967731,0.5446090445578694,,,,,,,,,,,,,,,,,,,,
real,300,gulf,3,ConstVel,0,crossing,4,75,28.44492489075788,28.44492489075788,0.48639745278579594,,,,,,,,,,,,,,,,,,,,
real,300,gulf,3,ConstVel,0,crossing,5,134,15.567398084253128,15.567398084253128,0.28209587299920524,,,,,,,,,,,,,,,,,,,,
real,300,gulf,3,ConstVel,0,crossing,6,162,5.2936850827291355,5.2936850827291355,0.4512904589229698,,,,,,,,,,,16.0,16.0,16.0,16.0,16.0,16.0,15.0,14.0,13.0,12.0
real,300,gulf,3,ConstVel,0,crossing,7,174,8.950919952173017,8.950919952173017,0.0034881053434378867,,,,,,,,,,,,,,,,,,,,
real,300,gulf,3,ConstVel,0,crossing,8,318,19.79072128834793,19.79072128834793,0.47441520800807857,,,,,,,,,,,,,,,,,,,,
real,300,gulf,3,ConstVel,0,crossing,9,403,27.798127356724194,27.798127356724194,0.15206466458756576,,,,,,,,,,,,,,,,,,,,
real,300,gulf,3,ConstVel,0,crossing,10,457,13.89464840049068,13.89464840049068,0.7520555419067775,,,,,,,,,,,,,,,,145.0,144.0,143.0,143.0,143.0
real,300,gulf,3,ConstVel,0,crossing,11,491,21.237383222795884,21.237383222795884,0.5957989448523652,,,,,,,,,,,,,,,,,,,,
real,300,gulf,3,Kalman,0,buffer,0,25,12.048464703545516,12.048464703545516,0.49887501184501226,,,,,,,,,,,,,,,,,,,,
real,300,gulf,3,Kalman,0,buffer,1,27,14.1745431557295,14.1745431557295,1.1288940627181308,,,,,,,,,,,,,,,,,,,,
real,300,gulf,3,Kalman,0,buffer,2,55,2.2163183046742443,2.2163183046742443,0.4784690338115596,244.0,243.0,243.0,242.0,238.0,58.0,57.0,54.0,53.0,53.0,52.0,51.0,51.0,50.0,50.0,50.0,47.0,44.0,43.0,42.0
real,300,gulf,3,Kalman,0,buffer,3,60,20.29200965967731,20.29200965967731,0.5446090445578694,,,,,,,,,,,,,,,,,,,,
real,300,gulf,3,Kalman,0,buffer,4,75,28.44492489075788,28.44492489075788,0.48639745278579594,,,,,,,,,,,,,,,,,,,,
real,300,gulf,3,Kalman,0,buffer,5,134,15.567398084253128,15.567398084253128,0.28209587299920524,,,,,,,,,,,,,,,,,,,,
real,300,gulf,3,Kalman,0,buffer,6,162,5.2936850827291355,5.2936850827291355,0.4512904589229698,,,,,,,,16.0,16.0,16.0,15.0,14.0,13.0,12.0,11.0,10.0,9.0,8.0,7.0,6.0
real,300,gulf,3,Kalman,0,buffer,7,174,8.950919952173017,8.950919952173017,0.0034881053434378867,,,,,,,,,,,,,,,,,,,,
real,300,gulf,3,Kalman,0,buffer,8,318,19.79072128834793,19.79072128834793,0.47441520800807857,,,,,,,,,,,,,,,,,,,,
real,300,gulf,3,Kalman,0,buffer,9,403,27.798127356724194,27.798127356724194,0.15206466458756576,,,,,,,,,,,,,,,,,,,,
real,300,gulf,3,Kalman,0,buffer,10,457,13.89464840049068,13.89464840049068,0.7520555419067775,,,,,,,,,,,,,,145.0,145.0,144.0,144.0,144.0,143.0,143.0
real,300,gulf,3,Kalman,0,buffer,11,491,21.237383222795884,21.237383222795884,0.5957989448523652,,,,,,,,,,,,,,,,,,,,
real,300,gulf,3,Kalman,0,crossing,0,25,12.048464703545516,12.048464703545516,0.49887501184501226,,,,,,,,,,,,,,,,,,,,
real,300,gulf,3,Kalman,0,crossing,1,27,14.1745431557295,14.1745431557295,1.1288940627181308,,,,,,,,,,,,,,,,,,,,
real,300,gulf,3,Kalman,0,crossing,2,55,2.2163183046742443,2.2163183046742443,0.4784690338115596,,,,,,,,,243.0,243.0,243.0,58.0,54.0,53.0,52.0,52.0,51.0,51.0,50.0,50.0
real,300,gulf,3,Kalman,0,crossing,3,60,20.29200965967731,20.29200965967731,0.5446090445578694,,,,,,,,,,,,,,,,,,,,
real,300,gulf,3,Kalman,0,crossing,4,75,28.44492489075788,28.44492489075788,0.48639745278579594,,,,,,,,,,,,,,,,,,,,
real,300,gulf,3,Kalman,0,crossing,5,134,15.567398084253128,15.567398084253128,0.28209587299920524,,,,,,,,,,,,,,,,,,,,
real,300,gulf,3,Kalman,0,crossing,6,162,5.2936850827291355,5.2936850827291355,0.4512904589229698,,,,,,,,,,,,,16.0,16.0,16.0,16.0,15.0,14.0,13.0,12.0
real,300,gulf,3,Kalman,0,crossing,7,174,8.950919952173017,8.950919952173017,0.0034881053434378867,,,,,,,,,,,,,,,,,,,,
real,300,gulf,3,Kalman,0,crossing,8,318,19.79072128834793,19.79072128834793,0.47441520800807857,,,,,,,,,,,,,,,,,,,,
real,300,gulf,3,Kalman,0,crossing,9,403,27.798127356724194,27.798127356724194,0.15206466458756576,,,,,,,,,,,,,,,,,,,,
real,300,gulf,3,Kalman,0,crossing,10,457,13.89464840049068,13.89464840049068,0.7520555419067775,,,,,,,,,,,,,,,146.0,145.0,144.0,144.0,144.0,144.0
real,300,gulf,3,Kalman,0,crossing,11,491,21.237383222795884,21.237383222795884,0.5957989448523652,,,,,,,,,,,,,,,,,,,,
real,300,gulf,3,LSTM-rec,0,buffer,0,25,12.048464703545516,12.048464703545516,0.49887501184501226,,,,,,,,,,,,,,,,,,,,
real,300,gulf,3,LSTM-rec,0,buffer,1,27,14.1745431557295,14.1745431557295,1.1288940627181308,,,,,,,,,,,,,,,,,,,,
real,300,gulf,3,LSTM-rec,0,buffer,2,55,2.2163183046742443,2.2163183046742443,0.4784690338115596,,243.0,243.0,243.0,243.0,243.0,243.0,243.0,243.0,243.0,243.0,243.0,243.0,243.0,243.0,243.0,243.0,243.0,243.0,243.0
real,300,gulf,3,LSTM-rec,0,buffer,3,60,20.29200965967731,20.29200965967731,0.5446090445578694,,,,,,,,,,,,,,,,,,,,
real,300,gulf,3,LSTM-rec,0,buffer,4,75,28.44492489075788,28.44492489075788,0.48639745278579594,,,,,,,,,,,,,,,,,,,,
real,300,gulf,3,LSTM-rec,0,buffer,5,134,15.567398084253128,15.567398084253128,0.28209587299920524,,,,,,,,,,,,,,,,,,,,
real,300,gulf,3,LSTM-rec,0,buffer,6,162,5.2936850827291355,5.2936850827291355,0.4512904589229698,,,,,,,,,,,,,,,,,,,,
real,300,gulf,3,LSTM-rec,0,buffer,7,174,8.950919952173017,8.950919952173017,0.0034881053434378867,,,,,,,,,,,,,,,,,,,,
real,300,gulf,3,LSTM-rec,0,buffer,8,318,19.79072128834793,19.79072128834793,0.47441520800807857,,,,,,,,,,,,,,,,,,,,
real,300,gulf,3,LSTM-rec,0,buffer,9,403,27.798127356724194,27.798127356724194,0.15206466458756576,,,,,,,,,,,,,,,,,,,,
real,300,gulf,3,LSTM-rec,0,buffer,10,457,13.89464840049068,13.89464840049068,0.7520555419067775,,,,,,,,,,,,,,,,,,,,
real,300,gulf,3,LSTM-rec,0,buffer,11,491,21.237383222795884,21.237383222795884,0.5957989448523652,,,,,,,,,,,,,,,,,,,,
real,300,gulf,3,LSTM-rec,0,crossing,0,25,12.048464703545516,12.048464703545516,0.49887501184501226,,,,,,,,,,,,,,,,,,,,
real,300,gulf,3,LSTM-rec,0,crossing,1,27,14.1745431557295,14.1745431557295,1.1288940627181308,,,,,,,,,,,,,,,,,,,,
real,300,gulf,3,LSTM-rec,0,crossing,2,55,2.2163183046742443,2.2163183046742443,0.4784690338115596,,,,,,,,,,,,,,,,,,,,
real,300,gulf,3,LSTM-rec,0,crossing,3,60,20.29200965967731,20.29200965967731,0.5446090445578694,,,,,,,,,,,,,,,,,,,,
real,300,gulf,3,LSTM-rec,0,crossing,4,75,28.44492489075788,28.44492489075788,0.48639745278579594,,,,,,,,,,,,,,,,,,,,
real,300,gulf,3,LSTM-rec,0,crossing,5,134,15.567398084253128,15.567398084253128,0.28209587299920524,,,,,,,,,,,,,,,,,,,,
real,300,gulf,3,LSTM-rec,0,crossing,6,162,5.2936850827291355,5.2936850827291355,0.4512904589229698,,,,,,,,,,,,,,,,,,,,
real,300,gulf,3,LSTM-rec,0,crossing,7,174,8.950919952173017,8.950919952173017,0.0034881053434378867,,,,,,,,,,,,,,,,,,,,
real,300,gulf,3,LSTM-rec,0,crossing,8,318,19.79072128834793,19.79072128834793,0.47441520800807857,,,,,,,,,,,,,,,,,,,,
real,300,gulf,3,LSTM-rec,0,crossing,9,403,27.798127356724194,27.798127356724194,0.15206466458756576,,,,,,,,,,,,,,,,,,,,
real,300,gulf,3,LSTM-rec,0,crossing,10,457,13.89464840049068,13.89464840049068,0.7520555419067775,,,,,,,,,,,,,,,,,,,,
real,300,gulf,3,LSTM-rec,0,crossing,11,491,21.237383222795884,21.237383222795884,0.5957989448523652,,,,,,,,,,,,,,,,,,,,
real,300,gulf,3,LSTM-ms,0,buffer,0,25,12.048464703545516,12.048464703545516,0.49887501184501226,,,,,,,,,,,,,,,,,,,,
real,300,gulf,3,LSTM-ms,0,buffer,1,27,14.1745431557295,14.1745431557295,1.1288940627181308,,,,,,,,,,,,,,,,,,,,
real,300,gulf,3,LSTM-ms,0,buffer,2,55,2.2163183046742443,2.2163183046742443,0.4784690338115596,244.0,243.0,242.0,59.0,57.0,56.0,55.0,54.0,53.0,53.0,52.0,51.0,51.0,50.0,49.0,48.0,46.0,45.0,44.0,44.0
real,300,gulf,3,LSTM-ms,0,buffer,3,60,20.29200965967731,20.29200965967731,0.5446090445578694,,,,,,,,,,,,,,,,,,,,
real,300,gulf,3,LSTM-ms,0,buffer,4,75,28.44492489075788,28.44492489075788,0.48639745278579594,,,,,,,,,,,,,,,,,,,,
real,300,gulf,3,LSTM-ms,0,buffer,5,134,15.567398084253128,15.567398084253128,0.28209587299920524,,,,,,,,,,,,,,,,,,,,
real,300,gulf,3,LSTM-ms,0,buffer,6,162,5.2936850827291355,5.2936850827291355,0.4512904589229698,,,,,,,,16.0,16.0,15.0,14.0,13.0,12.0,11.0,11.0,10.0,8.0,7.0,7.0,7.0
real,300,gulf,3,LSTM-ms,0,buffer,7,174,8.950919952173017,8.950919952173017,0.0034881053434378867,,,,,,,,,,,,,,,,,,,,
real,300,gulf,3,LSTM-ms,0,buffer,8,318,19.79072128834793,19.79072128834793,0.47441520800807857,,,,,,,,,,,,,,,,,,,,
real,300,gulf,3,LSTM-ms,0,buffer,9,403,27.798127356724194,27.798127356724194,0.15206466458756576,,,,,,,,,,,,,,,,,,,,
real,300,gulf,3,LSTM-ms,0,buffer,10,457,13.89464840049068,13.89464840049068,0.7520555419067775,,,,,,,,,,,,,,,,,,,,
real,300,gulf,3,LSTM-ms,0,buffer,11,491,21.237383222795884,21.237383222795884,0.5957989448523652,,,,,,,,,,,,,,,,,,,,
real,300,gulf,3,LSTM-ms,0,crossing,0,25,12.048464703545516,12.048464703545516,0.49887501184501226,,,,,,,,,,,,,,,,,,,,
real,300,gulf,3,LSTM-ms,0,crossing,1,27,14.1745431557295,14.1745431557295,1.1288940627181308,,,,,,,,,,,,,,,,,,,,
real,300,gulf,3,LSTM-ms,0,crossing,2,55,2.2163183046742443,2.2163183046742443,0.4784690338115596,,,,,,,244.0,243.0,243.0,58.0,57.0,55.0,54.0,54.0,53.0,53.0,52.0,51.0,51.0,51.0
real,300,gulf,3,LSTM-ms,0,crossing,3,60,20.29200965967731,20.29200965967731,0.5446090445578694,,,,,,,,,,,,,,,,,,,,
real,300,gulf,3,LSTM-ms,0,crossing,4,75,28.44492489075788,28.44492489075788,0.48639745278579594,,,,,,,,,,,,,,,,,,,,
real,300,gulf,3,LSTM-ms,0,crossing,5,134,15.567398084253128,15.567398084253128,0.28209587299920524,,,,,,,,,,,,,,,,,,,,
real,300,gulf,3,LSTM-ms,0,crossing,6,162,5.2936850827291355,5.2936850827291355,0.4512904589229698,,,,,,,,,,,,,,,16.0,15.0,14.0,14.0,13.0,12.0
real,300,gulf,3,LSTM-ms,0,crossing,7,174,8.950919952173017,8.950919952173017,0.0034881053434378867,,,,,,,,,,,,,,,,,,,,
real,300,gulf,3,LSTM-ms,0,crossing,8,318,19.79072128834793,19.79072128834793,0.47441520800807857,,,,,,,,,,,,,,,,,,,,
real,300,gulf,3,LSTM-ms,0,crossing,9,403,27.798127356724194,27.798127356724194,0.15206466458756576,,,,,,,,,,,,,,,,,,,,
real,300,gulf,3,LSTM-ms,0,crossing,10,457,13.89464840049068,13.89464840049068,0.7520555419067775,,,,,,,,,,,,,,,,,,,,
real,300,gulf,3,LSTM-ms,0,crossing,11,491,21.237383222795884,21.237383222795884,0.5957989448523652,,,,,,,,,,,,,,,,,,,,
real,300,gulf,3,LSTM-rec,1,buffer,0,25,12.048464703545516,12.048464703545516,0.49887501184501226,,,,,,,,,,,,,,,,,,,,
real,300,gulf,3,LSTM-rec,1,buffer,1,27,14.1745431557295,14.1745431557295,1.1288940627181308,,,,,,,,,,,,,,,,,,,,
real,300,gulf,3,LSTM-rec,1,buffer,2,55,2.2163183046742443,2.2163183046742443,0.4784690338115596,,244.0,243.0,243.0,243.0,243.0,243.0,243.0,243.0,243.0,243.0,243.0,243.0,243.0,243.0,243.0,243.0,243.0,243.0,243.0
real,300,gulf,3,LSTM-rec,1,buffer,3,60,20.29200965967731,20.29200965967731,0.5446090445578694,,,,,,,,,,,,,,,,,,,,
real,300,gulf,3,LSTM-rec,1,buffer,4,75,28.44492489075788,28.44492489075788,0.48639745278579594,,,,,,,,,,,,,,,,,,,,
real,300,gulf,3,LSTM-rec,1,buffer,5,134,15.567398084253128,15.567398084253128,0.28209587299920524,,,,,,,,,,,,,,,,,,,,
real,300,gulf,3,LSTM-rec,1,buffer,6,162,5.2936850827291355,5.2936850827291355,0.4512904589229698,,,,,,,,,,,,,,,,,,,,
real,300,gulf,3,LSTM-rec,1,buffer,7,174,8.950919952173017,8.950919952173017,0.0034881053434378867,,,,,,,,,,,,,,,,,,,,
real,300,gulf,3,LSTM-rec,1,buffer,8,318,19.79072128834793,19.79072128834793,0.47441520800807857,,,,,,,,,,,,,,,,,,,,
real,300,gulf,3,LSTM-rec,1,buffer,9,403,27.798127356724194,27.798127356724194,0.15206466458756576,,,,,,,,,,,,,,,,,,,,
real,300,gulf,3,LSTM-rec,1,buffer,10,457,13.89464840049068,13.89464840049068,0.7520555419067775,,,,,,,,,,,,,,,,,,,,
real,300,gulf,3,LSTM-rec,1,buffer,11,491,21.237383222795884,21.237383222795884,0.5957989448523652,,,,,,,,,,,,,,,,,,,,
real,300,gulf,3,LSTM-rec,1,crossing,0,25,12.048464703545516,12.048464703545516,0.49887501184501226,,,,,,,,,,,,,,,,,,,,
real,300,gulf,3,LSTM-rec,1,crossing,1,27,14.1745431557295,14.1745431557295,1.1288940627181308,,,,,,,,,,,,,,,,,,,,
real,300,gulf,3,LSTM-rec,1,crossing,2,55,2.2163183046742443,2.2163183046742443,0.4784690338115596,,,,,,,,,,,,,,,,,,,,
real,300,gulf,3,LSTM-rec,1,crossing,3,60,20.29200965967731,20.29200965967731,0.5446090445578694,,,,,,,,,,,,,,,,,,,,
real,300,gulf,3,LSTM-rec,1,crossing,4,75,28.44492489075788,28.44492489075788,0.48639745278579594,,,,,,,,,,,,,,,,,,,,
real,300,gulf,3,LSTM-rec,1,crossing,5,134,15.567398084253128,15.567398084253128,0.28209587299920524,,,,,,,,,,,,,,,,,,,,
real,300,gulf,3,LSTM-rec,1,crossing,6,162,5.2936850827291355,5.2936850827291355,0.4512904589229698,,,,,,,,,,,,,,,,,,,,
real,300,gulf,3,LSTM-rec,1,crossing,7,174,8.950919952173017,8.950919952173017,0.0034881053434378867,,,,,,,,,,,,,,,,,,,,
real,300,gulf,3,LSTM-rec,1,crossing,8,318,19.79072128834793,19.79072128834793,0.47441520800807857,,,,,,,,,,,,,,,,,,,,
real,300,gulf,3,LSTM-rec,1,crossing,9,403,27.798127356724194,27.798127356724194,0.15206466458756576,,,,,,,,,,,,,,,,,,,,
real,300,gulf,3,LSTM-rec,1,crossing,10,457,13.89464840049068,13.89464840049068,0.7520555419067775,,,,,,,,,,,,,,,,,,,,
real,300,gulf,3,LSTM-rec,1,crossing,11,491,21.237383222795884,21.237383222795884,0.5957989448523652,,,,,,,,,,,,,,,,,,,,
real,300,gulf,3,LSTM-ms,1,buffer,0,25,12.048464703545516,12.048464703545516,0.49887501184501226,,,,,,,,,,,,,,,,,,,,
real,300,gulf,3,LSTM-ms,1,buffer,1,27,14.1745431557295,14.1745431557295,1.1288940627181308,,,,,,,,,,,,,,,,,,,,
real,300,gulf,3,LSTM-ms,1,buffer,2,55,2.2163183046742443,2.2163183046742443,0.4784690338115596,,,,,,,243.0,243.0,243.0,243.0,243.0,243.0,243.0,243.0,242.0,242.0,58.0,58.0,58.0,58.0
real,300,gulf,3,LSTM-ms,1,buffer,3,60,20.29200965967731,20.29200965967731,0.5446090445578694,,,,,,,,,,,,,,,,,,,,
real,300,gulf,3,LSTM-ms,1,buffer,4,75,28.44492489075788,28.44492489075788,0.48639745278579594,,,,,,,,,,,,,,,,,,,,
real,300,gulf,3,LSTM-ms,1,buffer,5,134,15.567398084253128,15.567398084253128,0.28209587299920524,,,,,,,,,,,,,,,,,,,,
real,300,gulf,3,LSTM-ms,1,buffer,6,162,5.2936850827291355,5.2936850827291355,0.4512904589229698,,,,,,,,,,,,,,,,,,,,
real,300,gulf,3,LSTM-ms,1,buffer,7,174,8.950919952173017,8.950919952173017,0.0034881053434378867,,,,,,,,,,,,,,,,,,,,
real,300,gulf,3,LSTM-ms,1,buffer,8,318,19.79072128834793,19.79072128834793,0.47441520800807857,,,,,,,,,,,,,,,,,,,,
real,300,gulf,3,LSTM-ms,1,buffer,9,403,27.798127356724194,27.798127356724194,0.15206466458756576,,,,,,,,,,,,,,,,,,,,
real,300,gulf,3,LSTM-ms,1,buffer,10,457,13.89464840049068,13.89464840049068,0.7520555419067775,,,,,,,,,,,,,,,,,,,,
real,300,gulf,3,LSTM-ms,1,buffer,11,491,21.237383222795884,21.237383222795884,0.5957989448523652,,,,,,,,,,,,,,,,,,,,
real,300,gulf,3,LSTM-ms,1,crossing,0,25,12.048464703545516,12.048464703545516,0.49887501184501226,,,,,,,,,,,,,,,,,,,,
real,300,gulf,3,LSTM-ms,1,crossing,1,27,14.1745431557295,14.1745431557295,1.1288940627181308,,,,,,,,,,,,,,,,,,,,
real,300,gulf,3,LSTM-ms,1,crossing,2,55,2.2163183046742443,2.2163183046742443,0.4784690338115596,,,,,,,,,,,,,,,,,,,,
real,300,gulf,3,LSTM-ms,1,crossing,3,60,20.29200965967731,20.29200965967731,0.5446090445578694,,,,,,,,,,,,,,,,,,,,
real,300,gulf,3,LSTM-ms,1,crossing,4,75,28.44492489075788,28.44492489075788,0.48639745278579594,,,,,,,,,,,,,,,,,,,,
real,300,gulf,3,LSTM-ms,1,crossing,5,134,15.567398084253128,15.567398084253128,0.28209587299920524,,,,,,,,,,,,,,,,,,,,
real,300,gulf,3,LSTM-ms,1,crossing,6,162,5.2936850827291355,5.2936850827291355,0.4512904589229698,,,,,,,,,,,,,,,,,,,,
real,300,gulf,3,LSTM-ms,1,crossing,7,174,8.950919952173017,8.950919952173017,0.0034881053434378867,,,,,,,,,,,,,,,,,,,,
real,300,gulf,3,LSTM-ms,1,crossing,8,318,19.79072128834793,19.79072128834793,0.47441520800807857,,,,,,,,,,,,,,,,,,,,
real,300,gulf,3,LSTM-ms,1,crossing,9,403,27.798127356724194,27.798127356724194,0.15206466458756576,,,,,,,,,,,,,,,,,,,,
real,300,gulf,3,LSTM-ms,1,crossing,10,457,13.89464840049068,13.89464840049068,0.7520555419067775,,,,,,,,,,,,,,,,,,,,
real,300,gulf,3,LSTM-ms,1,crossing,11,491,21.237383222795884,21.237383222795884,0.5957989448523652,,,,,,,,,,,,,,,,,,,,
real,300,gulf,3,LSTM-rec,2,buffer,0,25,12.048464703545516,12.048464703545516,0.49887501184501226,,,,,,,,,,,,,,,,,,,,634.0
real,300,gulf,3,LSTM-rec,2,buffer,1,27,14.1745431557295,14.1745431557295,1.1288940627181308,,,,,,,,,,,,,,,,,,,,
real,300,gulf,3,LSTM-rec,2,buffer,2,55,2.2163183046742443,2.2163183046742443,0.4784690338115596,244.0,243.0,242.0,238.0,58.0,57.0,55.0,53.0,52.0,51.0,50.0,50.0,49.0,46.0,44.0,43.0,41.0,40.0,39.0,38.0
real,300,gulf,3,LSTM-rec,2,buffer,3,60,20.29200965967731,20.29200965967731,0.5446090445578694,,,,,,,,,,,,,,,,,,,,
real,300,gulf,3,LSTM-rec,2,buffer,4,75,28.44492489075788,28.44492489075788,0.48639745278579594,,,,,,,,,,,,,,,,,,,,
real,300,gulf,3,LSTM-rec,2,buffer,5,134,15.567398084253128,15.567398084253128,0.28209587299920524,,,,,,,,,,,,,,,,,,,,
real,300,gulf,3,LSTM-rec,2,buffer,6,162,5.2936850827291355,5.2936850827291355,0.4512904589229698,,,,,,,16.0,16.0,15.0,14.0,12.0,11.0,10.0,8.0,7.0,6.0,6.0,6.0,6.0,6.0
real,300,gulf,3,LSTM-rec,2,buffer,7,174,8.950919952173017,8.950919952173017,0.0034881053434378867,,,,,,,,,,,,,,,,,,,,
real,300,gulf,3,LSTM-rec,2,buffer,8,318,19.79072128834793,19.79072128834793,0.47441520800807857,,,,,,,,,,,,,,,,,,,,
real,300,gulf,3,LSTM-rec,2,buffer,9,403,27.798127356724194,27.798127356724194,0.15206466458756576,,,,,,,,,,,,,,,,,,,,
real,300,gulf,3,LSTM-rec,2,buffer,10,457,13.89464840049068,13.89464840049068,0.7520555419067775,,,,,,,,,,,,,,,,,,146.0,146.0,145.0
real,300,gulf,3,LSTM-rec,2,buffer,11,491,21.237383222795884,21.237383222795884,0.5957989448523652,,,,,,,,,,,,,,,,,,,,
real,300,gulf,3,LSTM-rec,2,crossing,0,25,12.048464703545516,12.048464703545516,0.49887501184501226,,,,,,,,,,,,,,,,,,,,
real,300,gulf,3,LSTM-rec,2,crossing,1,27,14.1745431557295,14.1745431557295,1.1288940627181308,,,,,,,,,,,,,,,,,,,,
real,300,gulf,3,LSTM-rec,2,crossing,2,55,2.2163183046742443,2.2163183046742443,0.4784690338115596,,,,,,,243.0,243.0,238.0,57.0,54.0,53.0,52.0,51.0,50.0,50.0,47.0,45.0,43.0,42.0
real,300,gulf,3,LSTM-rec,2,crossing,3,60,20.29200965967731,20.29200965967731,0.5446090445578694,,,,,,,,,,,,,,,,,,,,
real,300,gulf,3,LSTM-rec,2,crossing,4,75,28.44492489075788,28.44492489075788,0.48639745278579594,,,,,,,,,,,,,,,,,,,,
real,300,gulf,3,LSTM-rec,2,crossing,5,134,15.567398084253128,15.567398084253128,0.28209587299920524,,,,,,,,,,,,,,,,,,,,
real,300,gulf,3,LSTM-rec,2,crossing,6,162,5.2936850827291355,5.2936850827291355,0.4512904589229698,,,,,,,,,,,16.0,16.0,15.0,14.0,12.0,11.0,9.0,7.0,6.0,6.0
real,300,gulf,3,LSTM-rec,2,crossing,7,174,8.950919952173017,8.950919952173017,0.0034881053434378867,,,,,,,,,,,,,,,,,,,,
real,300,gulf,3,LSTM-rec,2,crossing,8,318,19.79072128834793,19.79072128834793,0.47441520800807857,,,,,,,,,,,,,,,,,,,,
real,300,gulf,3,LSTM-rec,2,crossing,9,403,27.798127356724194,27.798127356724194,0.15206466458756576,,,,,,,,,,,,,,,,,,,,
real,300,gulf,3,LSTM-rec,2,crossing,10,457,13.89464840049068,13.89464840049068,0.7520555419067775,,,,,,,,,,,,,,,,,,,,
real,300,gulf,3,LSTM-rec,2,crossing,11,491,21.237383222795884,21.237383222795884,0.5957989448523652,,,,,,,,,,,,,,,,,,,,
real,300,gulf,3,LSTM-ms,2,buffer,0,25,12.048464703545516,12.048464703545516,0.49887501184501226,,,,,,,,,,,,,,,,,,,,
real,300,gulf,3,LSTM-ms,2,buffer,1,27,14.1745431557295,14.1745431557295,1.1288940627181308,,,,,,,,,,,,,,,,,,,,
real,300,gulf,3,LSTM-ms,2,buffer,2,55,2.2163183046742443,2.2163183046742443,0.4784690338115596,,244.0,244.0,244.0,244.0,243.0,243.0,243.0,243.0,243.0,243.0,243.0,58.0,58.0,58.0,57.0,57.0,57.0,56.0,55.0
real,300,gulf,3,LSTM-ms,2,buffer,3,60,20.29200965967731,20.29200965967731,0.5446090445578694,,,,,,,,,,,,,,,,,,,,
real,300,gulf,3,LSTM-ms,2,buffer,4,75,28.44492489075788,28.44492489075788,0.48639745278579594,,,,,,,,,,,,,,,,,,,,
real,300,gulf,3,LSTM-ms,2,buffer,5,134,15.567398084253128,15.567398084253128,0.28209587299920524,,,,,,,,,,,,,,,,,,,,
real,300,gulf,3,LSTM-ms,2,buffer,6,162,5.2936850827291355,5.2936850827291355,0.4512904589229698,,,,,,,,,,,,,,,,,,,,
real,300,gulf,3,LSTM-ms,2,buffer,7,174,8.950919952173017,8.950919952173017,0.0034881053434378867,,,,,,,,,,,,,,,,,,,,
real,300,gulf,3,LSTM-ms,2,buffer,8,318,19.79072128834793,19.79072128834793,0.47441520800807857,,,,,,,,,,,,,,,,,,,,
real,300,gulf,3,LSTM-ms,2,buffer,9,403,27.798127356724194,27.798127356724194,0.15206466458756576,,,,,,,,,,,,,,,,,,,,
real,300,gulf,3,LSTM-ms,2,buffer,10,457,13.89464840049068,13.89464840049068,0.7520555419067775,,,,,,,,,,,,,,,,,,,,
real,300,gulf,3,LSTM-ms,2,buffer,11,491,21.237383222795884,21.237383222795884,0.5957989448523652,,,,,,,,,,,,,,,,,,,,
real,300,gulf,3,LSTM-ms,2,crossing,0,25,12.048464703545516,12.048464703545516,0.49887501184501226,,,,,,,,,,,,,,,,,,,,
real,300,gulf,3,LSTM-ms,2,crossing,1,27,14.1745431557295,14.1745431557295,1.1288940627181308,,,,,,,,,,,,,,,,,,,,
real,300,gulf,3,LSTM-ms,2,crossing,2,55,2.2163183046742443,2.2163183046742443,0.4784690338115596,,,,,,,,,,,,,,,,,,,,
real,300,gulf,3,LSTM-ms,2,crossing,3,60,20.29200965967731,20.29200965967731,0.5446090445578694,,,,,,,,,,,,,,,,,,,,
real,300,gulf,3,LSTM-ms,2,crossing,4,75,28.44492489075788,28.44492489075788,0.48639745278579594,,,,,,,,,,,,,,,,,,,,
real,300,gulf,3,LSTM-ms,2,crossing,5,134,15.567398084253128,15.567398084253128,0.28209587299920524,,,,,,,,,,,,,,,,,,,,
real,300,gulf,3,LSTM-ms,2,crossing,6,162,5.2936850827291355,5.2936850827291355,0.4512904589229698,,,,,,,,,,,,,,,,,,,,
real,300,gulf,3,LSTM-ms,2,crossing,7,174,8.950919952173017,8.950919952173017,0.0034881053434378867,,,,,,,,,,,,,,,,,,,,
real,300,gulf,3,LSTM-ms,2,crossing,8,318,19.79072128834793,19.79072128834793,0.47441520800807857,,,,,,,,,,,,,,,,,,,,
real,300,gulf,3,LSTM-ms,2,crossing,9,403,27.798127356724194,27.798127356724194,0.15206466458756576,,,,,,,,,,,,,,,,,,,,
real,300,gulf,3,LSTM-ms,2,crossing,10,457,13.89464840049068,13.89464840049068,0.7520555419067775,,,,,,,,,,,,,,,,,,,,
real,300,gulf,3,LSTM-ms,2,crossing,11,491,21.237383222795884,21.237383222795884,0.5957989448523652,,,,,,,,,,,,,,,,,,,,
real,300,gulf,3,LSTM-rec,3,buffer,0,25,12.048464703545516,12.048464703545516,0.49887501184501226,,,,,,,,,,,,,,,,,,,,
real,300,gulf,3,LSTM-rec,3,buffer,1,27,14.1745431557295,14.1745431557295,1.1288940627181308,,,,,,,,,,,,,,,,,,,,
real,300,gulf,3,LSTM-rec,3,buffer,2,55,2.2163183046742443,2.2163183046742443,0.4784690338115596,244.0,243.0,243.0,242.0,238.0,58.0,57.0,56.0,54.0,53.0,53.0,52.0,51.0,51.0,50.0,50.0,50.0,49.0,47.0,45.0
real,300,gulf,3,LSTM-rec,3,buffer,3,60,20.29200965967731,20.29200965967731,0.5446090445578694,,,,,,,,,,,,,,,,,,,,
real,300,gulf,3,LSTM-rec,3,buffer,4,75,28.44492489075788,28.44492489075788,0.48639745278579594,,,,,,,,,,,,,,,,,,,,
real,300,gulf,3,LSTM-rec,3,buffer,5,134,15.567398084253128,15.567398084253128,0.28209587299920524,,,,,,,,,,,,,,,,,,,,
real,300,gulf,3,LSTM-rec,3,buffer,6,162,5.2936850827291355,5.2936850827291355,0.4512904589229698,,,,,,,,,16.0,16.0,16.0,15.0,14.0,13.0,12.0,11.0,11.0,10.0,9.0,8.0
real,300,gulf,3,LSTM-rec,3,buffer,7,174,8.950919952173017,8.950919952173017,0.0034881053434378867,,,,,,,,,,,,,,,,,,,,
real,300,gulf,3,LSTM-rec,3,buffer,8,318,19.79072128834793,19.79072128834793,0.47441520800807857,,,,,,,,,,,,,,,,,,,,
real,300,gulf,3,LSTM-rec,3,buffer,9,403,27.798127356724194,27.798127356724194,0.15206466458756576,,,,,,,,,,,,,,,,,,,,
real,300,gulf,3,LSTM-rec,3,buffer,10,457,13.89464840049068,13.89464840049068,0.7520555419067775,,,,,,,,,,,,,,,,,,,,
real,300,gulf,3,LSTM-rec,3,buffer,11,491,21.237383222795884,21.237383222795884,0.5957989448523652,,,,,,,,,,,,,,,,,,,,
real,300,gulf,3,LSTM-rec,3,crossing,0,25,12.048464703545516,12.048464703545516,0.49887501184501226,,,,,,,,,,,,,,,,,,,,
real,300,gulf,3,LSTM-rec,3,crossing,1,27,14.1745431557295,14.1745431557295,1.1288940627181308,,,,,,,,,,,,,,,,,,,,
real,300,gulf,3,LSTM-rec,3,crossing,2,55,2.2163183046742443,2.2163183046742443,0.4784690338115596,,,,,,,,,243.0,243.0,243.0,238.0,58.0,55.0,54.0,53.0,53.0,52.0,51.0,51.0
real,300,gulf,3,LSTM-rec,3,crossing,3,60,20.29200965967731,20.29200965967731,0.5446090445578694,,,,,,,,,,,,,,,,,,,,
real,300,gulf,3,LSTM-rec,3,crossing,4,75,28.44492489075788,28.44492489075788,0.48639745278579594,,,,,,,,,,,,,,,,,,,,
real,300,gulf,3,LSTM-rec,3,crossing,5,134,15.567398084253128,15.567398084253128,0.28209587299920524,,,,,,,,,,,,,,,,,,,,
real,300,gulf,3,LSTM-rec,3,crossing,6,162,5.2936850827291355,5.2936850827291355,0.4512904589229698,,,,,,,,,,,,,,16.0,16.0,16.0,16.0,15.0,14.0,13.0
real,300,gulf,3,LSTM-rec,3,crossing,7,174,8.950919952173017,8.950919952173017,0.0034881053434378867,,,,,,,,,,,,,,,,,,,,
real,300,gulf,3,LSTM-rec,3,crossing,8,318,19.79072128834793,19.79072128834793,0.47441520800807857,,,,,,,,,,,,,,,,,,,,
real,300,gulf,3,LSTM-rec,3,crossing,9,403,27.798127356724194,27.798127356724194,0.15206466458756576,,,,,,,,,,,,,,,,,,,,
real,300,gulf,3,LSTM-rec,3,crossing,10,457,13.89464840049068,13.89464840049068,0.7520555419067775,,,,,,,,,,,,,,,,,,,,
real,300,gulf,3,LSTM-rec,3,crossing,11,491,21.237383222795884,21.237383222795884,0.5957989448523652,,,,,,,,,,,,,,,,,,,,
real,300,gulf,3,LSTM-ms,3,buffer,0,25,12.048464703545516,12.048464703545516,0.49887501184501226,,,,,,,,,,,,,,,,,,,,
real,300,gulf,3,LSTM-ms,3,buffer,1,27,14.1745431557295,14.1745431557295,1.1288940627181308,,,,,,,,,,,,,,,,,,,,
real,300,gulf,3,LSTM-ms,3,buffer,2,55,2.2163183046742443,2.2163183046742443,0.4784690338115596,243.0,242.0,59.0,57.0,55.0,54.0,53.0,52.0,51.0,51.0,50.0,49.0,47.0,46.0,45.0,44.0,43.0,42.0,42.0,41.0
real,300,gulf,3,LSTM-ms,3,buffer,3,60,20.29200965967731,20.29200965967731,0.5446090445578694,,,,,,,,,,,,,,,,,,,,
real,300,gulf,3,LSTM-ms,3,buffer,4,75,28.44492489075788,28.44492489075788,0.48639745278579594,,,,,,,,,,,,,,,,,,,,
real,300,gulf,3,LSTM-ms,3,buffer,5,134,15.567398084253128,15.567398084253128,0.28209587299920524,,,,,,,,,,,,,,,,,,,,
real,300,gulf,3,LSTM-ms,3,buffer,6,162,5.2936850827291355,5.2936850827291355,0.4512904589229698,,,,,,16.0,15.0,14.0,13.0,12.0,11.0,10.0,9.0,8.0,7.0,7.0,6.0,6.0,6.0,6.0
real,300,gulf,3,LSTM-ms,3,buffer,7,174,8.950919952173017,8.950919952173017,0.0034881053434378867,,,,,,,,,,,,,,,,,,,,
real,300,gulf,3,LSTM-ms,3,buffer,8,318,19.79072128834793,19.79072128834793,0.47441520800807857,,,,,,,,,,,,,,,,,,,,
real,300,gulf,3,LSTM-ms,3,buffer,9,403,27.798127356724194,27.798127356724194,0.15206466458756576,,,,,,,,,,,,,,,,,,,,
real,300,gulf,3,LSTM-ms,3,buffer,10,457,13.89464840049068,13.89464840049068,0.7520555419067775,,,,,,,,,,,,,,,,146.0,146.0,145.0,145.0,145.0
real,300,gulf,3,LSTM-ms,3,buffer,11,491,21.237383222795884,21.237383222795884,0.5957989448523652,,,,,,,,,,,,,,,,,,,,
real,300,gulf,3,LSTM-ms,3,crossing,0,25,12.048464703545516,12.048464703545516,0.49887501184501226,,,,,,,,,,,,,,,,,,,,
real,300,gulf,3,LSTM-ms,3,crossing,1,27,14.1745431557295,14.1745431557295,1.1288940627181308,,,,,,,,,,,,,,,,,,,,
real,300,gulf,3,LSTM-ms,3,crossing,2,55,2.2163183046742443,2.2163183046742443,0.4784690338115596,,,,,243.0,243.0,238.0,58.0,56.0,54.0,54.0,53.0,52.0,52.0,51.0,51.0,50.0,49.0,47.0,45.0
real,300,gulf,3,LSTM-ms,3,crossing,3,60,20.29200965967731,20.29200965967731,0.5446090445578694,,,,,,,,,,,,,,,,,,,,
real,300,gulf,3,LSTM-ms,3,crossing,4,75,28.44492489075788,28.44492489075788,0.48639745278579594,,,,,,,,,,,,,,,,,,,,
real,300,gulf,3,LSTM-ms,3,crossing,5,134,15.567398084253128,15.567398084253128,0.28209587299920524,,,,,,,,,,,,,,,,,,,,
real,300,gulf,3,LSTM-ms,3,crossing,6,162,5.2936850827291355,5.2936850827291355,0.4512904589229698,,,,,,,,,,,,16.0,15.0,14.0,13.0,12.0,11.0,10.0,9.0,8.0
real,300,gulf,3,LSTM-ms,3,crossing,7,174,8.950919952173017,8.950919952173017,0.0034881053434378867,,,,,,,,,,,,,,,,,,,,
real,300,gulf,3,LSTM-ms,3,crossing,8,318,19.79072128834793,19.79072128834793,0.47441520800807857,,,,,,,,,,,,,,,,,,,,
real,300,gulf,3,LSTM-ms,3,crossing,9,403,27.798127356724194,27.798127356724194,0.15206466458756576,,,,,,,,,,,,,,,,,,,,
real,300,gulf,3,LSTM-ms,3,crossing,10,457,13.89464840049068,13.89464840049068,0.7520555419067775,,,,,,,,,,,,,,,,,,147.0,146.0,146.0
real,300,gulf,3,LSTM-ms,3,crossing,11,491,21.237383222795884,21.237383222795884,0.5957989448523652,,,,,,,,,,,,,,,,,,,,
real,300,gulf,3,LSTM-rec,4,buffer,0,25,12.048464703545516,12.048464703545516,0.49887501184501226,,,,,,,,,633.0,552.0,547.0,542.0,538.0,531.0,525.0,519.0,328.0,323.0,294.0,289.0
real,300,gulf,3,LSTM-rec,4,buffer,1,27,14.1745431557295,14.1745431557295,1.1288940627181308,,,,,,,,,,,,,,,,,6.0,6.0,6.0,6.0
real,300,gulf,3,LSTM-rec,4,buffer,2,55,2.2163183046742443,2.2163183046742443,0.4784690338115596,243.0,238.0,57.0,54.0,51.0,47.0,43.0,39.0,35.0,30.0,25.0,22.0,6.0,6.0,6.0,6.0,6.0,6.0,6.0,6.0
real,300,gulf,3,LSTM-rec,4,buffer,3,60,20.29200965967731,20.29200965967731,0.5446090445578694,,,,,,,,,,,,,,,,,6.0,6.0,6.0,6.0
real,300,gulf,3,LSTM-rec,4,buffer,4,75,28.44492489075788,28.44492489075788,0.48639745278579594,,,,,,,,,,,,,,,,,47.0,42.0,35.0,6.0
real,300,gulf,3,LSTM-rec,4,buffer,5,134,15.567398084253128,15.567398084253128,0.28209587299920524,,,,,,,,,,,139.0,92.0,87.0,82.0,76.0,71.0,65.0,65.0,6.0,6.0
real,300,gulf,3,LSTM-rec,4,buffer,6,162,5.2936850827291355,5.2936850827291355,0.4512904589229698,,,,16.0,13.0,9.0,6.0,6.0,6.0,6.0,6.0,6.0,6.0,6.0,6.0,6.0,6.0,6.0,6.0,6.0
real,300,gulf,3,LSTM-rec,4,buffer,7,174,8.950919952173017,8.950919952173017,0.0034881053434378867,,,,,,,,6.0,6.0,6.0,6.0,6.0,6.0,6.0,6.0,6.0,6.0,6.0,6.0,6.0
real,300,gulf,3,LSTM-rec,4,buffer,8,318,19.79072128834793,19.79072128834793,0.47441520800807857,,,,,,,,,,,,,60.0,59.0,52.0,45.0,40.0,33.0,25.0,22.0
real,300,gulf,3,LSTM-rec,4,buffer,9,403,27.798127356724194,27.798127356724194,0.15206466458756576,,,,,,,,,,,,,,,159.0,157.0,154.0,149.0,147.0,145.0
real,300,gulf,3,LSTM-rec,4,buffer,10,457,13.89464840049068,13.89464840049068,0.7520555419067775,,,,,,,,,,145.0,144.0,143.0,143.0,134.0,132.0,130.0,128.0,126.0,124.0,122.0
real,300,gulf,3,LSTM-rec,4,buffer,11,491,21.237383222795884,21.237383222795884,0.5957989448523652,,,,,,,,,,,,,,48.0,39.0,35.0,29.0,6.0,6.0,6.0
real,300,gulf,3,LSTM-rec,4,crossing,0,25,12.048464703545516,12.048464703545516,0.49887501184501226,,,,,,,,,,633.0,552.0,547.0,542.0,538.0,530.0,524.0,378.0,327.0,322.0,292.0
real,300,gulf,3,LSTM-rec,4,crossing,1,27,14.1745431557295,14.1745431557295,1.1288940627181308,,,,,,,,,,,,,,,,,,6.0,6.0,6.0
real,300,gulf,3,LSTM-rec,4,crossing,2,55,2.2163183046742443,2.2163183046742443,0.4784690338115596,,,,238.0,55.0,52.0,49.0,44.0,40.0,35.0,30.0,25.0,22.0,6.0,6.0,6.0,6.0,6.0,6.0,6.0
real,300,gulf,3,LSTM-rec,4,crossing,3,60,20.29200965967731,20.29200965967731,0.5446090445578694,,,,,,,,,,,,,,,,,,6.0,6.0,6.0
real,300,gulf,3,LSTM-rec,4,crossing,4,75,28.44492489075788,28.44492489075788,0.48639745278579594,,,,,,,,,,,,,,,,,,46.0,42.0,34.0
real,300,gulf,3,LSTM-rec,4,crossing,5,134,15.567398084253128,15.567398084253128,0.28209587299920524,,,,,,,,,,,,139.0,92.0,86.0,81.0,75.0,70.0,65.0,65.0,6.0
real,300,gulf,3,LSTM-rec,4,crossing,6,162,5.2936850827291355,5.2936850827291355,0.4512904589229698,,,,,,14.0,10.0,6.0,6.0,6.0,6.0,6.0,6.0,6.0,6.0,6.0,6.0,6.0,6.0,6.0
real,300,gulf,3,LSTM-rec,4,crossing,7,174,8.950919952173017,8.950919952173017,0.0034881053434378867,,,,,,,,,,6.0,6.0,6.0,6.0,6.0,6.0,6.0,6.0,6.0,6.0,6.0
real,300,gulf,3,LSTM-rec,4,crossing,8,318,19.79072128834793,19.79072128834793,0.47441520800807857,,,,,,,,,,,,,,60.0,59.0,51.0,45.0,39.0,32.0,23.0
real,300,gulf,3,LSTM-rec,4,crossing,9,403,27.798127356724194,27.798127356724194,0.15206466458756576,,,,,,,,,,,,,,,,158.0,157.0,154.0,148.0,147.0
real,300,gulf,3,LSTM-rec,4,crossing,10,457,13.89464840049068,13.89464840049068,0.7520555419067775,,,,,,,,,,,145.0,144.0,143.0,143.0,134.0,131.0,129.0,128.0,126.0,124.0
real,300,gulf,3,LSTM-rec,4,crossing,11,491,21.237383222795884,21.237383222795884,0.5957989448523652,,,,,,,,,,,,,,,48.0,39.0,35.0,28.0,6.0,6.0
real,300,gulf,3,LSTM-ms,4,buffer,0,25,12.048464703545516,12.048464703545516,0.49887501184501226,,,,,,,,,,,,,,,,,,,,
real,300,gulf,3,LSTM-ms,4,buffer,1,27,14.1745431557295,14.1745431557295,1.1288940627181308,,,,,,,,,,,,,,,,,,,,
real,300,gulf,3,LSTM-ms,4,buffer,2,55,2.2163183046742443,2.2163183046742443,0.4784690338115596,,244.0,243.0,243.0,243.0,242.0,238.0,58.0,57.0,57.0,55.0,55.0,54.0,54.0,53.0,53.0,52.0,52.0,51.0,51.0
real,300,gulf,3,LSTM-ms,4,buffer,3,60,20.29200965967731,20.29200965967731,0.5446090445578694,,,,,,,,,,,,,,,,,,,,
real,300,gulf,3,LSTM-ms,4,buffer,4,75,28.44492489075788,28.44492489075788,0.48639745278579594,,,,,,,,,,,,,,,,,,,,
real,300,gulf,3,LSTM-ms,4,buffer,5,134,15.567398084253128,15.567398084253128,0.28209587299920524,,,,,,,,,,,,,,,,,,,,
real,300,gulf,3,LSTM-ms,4,buffer,6,162,5.2936850827291355,5.2936850827291355,0.4512904589229698,,,,,,,,,,,16.0,16.0,16.0,16.0,16.0,16.0,15.0,15.0,14.0,13.0
real,300,gulf,3,LSTM-ms,4,buffer,7,174,8.950919952173017,8.950919952173017,0.0034881053434378867,,,,,,,,,,,,,,,,,,,,
real,300,gulf,3,LSTM-ms,4,buffer,8,318,19.79072128834793,19.79072128834793,0.47441520800807857,,,,,,,,,,,,,,,,,,,,
real,300,gulf,3,LSTM-ms,4,buffer,9,403,27.798127356724194,27.798127356724194,0.15206466458756576,,,,,,,,,,,,,,,,,,,,
real,300,gulf,3,LSTM-ms,4,buffer,10,457,13.89464840049068,13.89464840049068,0.7520555419067775,,,,,,,,,,,,,,,,,,,,
real,300,gulf,3,LSTM-ms,4,buffer,11,491,21.237383222795884,21.237383222795884,0.5957989448523652,,,,,,,,,,,,,,,,,,,,
real,300,gulf,3,LSTM-ms,4,crossing,0,25,12.048464703545516,12.048464703545516,0.49887501184501226,,,,,,,,,,,,,,,,,,,,
real,300,gulf,3,LSTM-ms,4,crossing,1,27,14.1745431557295,14.1745431557295,1.1288940627181308,,,,,,,,,,,,,,,,,,,,
real,300,gulf,3,LSTM-ms,4,crossing,2,55,2.2163183046742443,2.2163183046742443,0.4784690338115596,,,,,,,,,,,,,,,,243.0,58.0,57.0,55.0,55.0
real,300,gulf,3,LSTM-ms,4,crossing,3,60,20.29200965967731,20.29200965967731,0.5446090445578694,,,,,,,,,,,,,,,,,,,,
real,300,gulf,3,LSTM-ms,4,crossing,4,75,28.44492489075788,28.44492489075788,0.48639745278579594,,,,,,,,,,,,,,,,,,,,
real,300,gulf,3,LSTM-ms,4,crossing,5,134,15.567398084253128,15.567398084253128,0.28209587299920524,,,,,,,,,,,,,,,,,,,,
real,300,gulf,3,LSTM-ms,4,crossing,6,162,5.2936850827291355,5.2936850827291355,0.4512904589229698,,,,,,,,,,,,,,,,,,,16.0,16.0
real,300,gulf,3,LSTM-ms,4,crossing,7,174,8.950919952173017,8.950919952173017,0.0034881053434378867,,,,,,,,,,,,,,,,,,,,
real,300,gulf,3,LSTM-ms,4,crossing,8,318,19.79072128834793,19.79072128834793,0.47441520800807857,,,,,,,,,,,,,,,,,,,,
real,300,gulf,3,LSTM-ms,4,crossing,9,403,27.798127356724194,27.798127356724194,0.15206466458756576,,,,,,,,,,,,,,,,,,,,
real,300,gulf,3,LSTM-ms,4,crossing,10,457,13.89464840049068,13.89464840049068,0.7520555419067775,,,,,,,,,,,,,,,,,,,,
real,300,gulf,3,LSTM-ms,4,crossing,11,491,21.237383222795884,21.237383222795884,0.5957989448523652,,,,,,,,,,,,,,,,,,,,
real,300,gulf,4,Reactive,0,zone,0,27,11.360651619917741,11.360651619917741,1.1288940627181308,,,,,,,,,,,,,,,,,,,,
real,300,gulf,4,Reactive,0,zone,1,134,23.806169240584694,23.806169240584694,0.28209587299920524,,,,,,,,,,,,,,,,,,,,
real,300,gulf,4,Reactive,0,zone,2,162,11.303799388248777,11.303799388248777,0.4501181777676066,,,,,,,,,,,,,,,,,,,,
real,300,gulf,4,Reactive,0,zone,3,167,14.934011751379069,14.934011751379069,0.4859552131247921,,,,,,,,,,,,,,,,,,,,
real,300,gulf,4,Reactive,0,zone,4,174,22.35374403507989,22.35374403507989,0.003547012616237235,,,,,,,,,,,,,,,,,,,,
real,300,gulf,4,Reactive,0,zone,5,398,6.11528201710113,6.11528201710113,0.332607269790228,,,,,,,,,,,,,,,,,,,,
real,300,gulf,4,Reactive,0,zone,6,406,2.346569037281181,2.346569037281181,1.3775222122655453,,,,,,,,,,,,,,,,,,,,
real,300,gulf,4,Reactive,0,zone,7,441,29.769664205090493,29.769664205090493,0.4528452856780829,,,,,,,,,,,,,,,,,,,,
real,300,gulf,4,Reactive,0,zone,8,463,4.792836566791602,4.792836566791602,0.433487152311074,,,,,,,,,,,,,,,,,,,,
real,300,gulf,4,Reactive,0,zone,9,476,19.315652674320937,19.315652674320937,1.0705015478105118,,,,,,,,,,,,,,,,,,,,
real,300,gulf,4,Reactive,0,zone,10,488,23.267987719455004,23.267987719455004,1.2697059860833613,,,,,,,,,,,,,,,,,,,,
real,300,gulf,4,Reactive,0,zone,11,497,12.404130886029542,12.404130886029542,0.8697830060528178,,,,,,,,,,,,,,,,,,,,
real,300,gulf,4,Analytic,0,buffer,0,27,11.360651619917741,11.360651619917741,1.1288940627181308,,,,,,,,,,,,,,,,,,,,
real,300,gulf,4,Analytic,0,buffer,1,134,23.806169240584694,23.806169240584694,0.28209587299920524,,,,,,,,,,,,,,,,,,,,
real,300,gulf,4,Analytic,0,buffer,2,162,11.303799388248777,11.303799388248777,0.4501181777676066,,,,,,,,,,,,,,,,,,,,15.0
real,300,gulf,4,Analytic,0,buffer,3,167,14.934011751379069,14.934011751379069,0.4859552131247921,,,,,,,,,,,,,,,,,,,,
real,300,gulf,4,Analytic,0,buffer,4,174,22.35374403507989,22.35374403507989,0.003547012616237235,,,,,,,,,,,,,,,,,,,,
real,300,gulf,4,Analytic,0,buffer,5,398,6.11528201710113,6.11528201710113,0.332607269790228,,,,,,,,,,,,327.0,326.0,325.0,323.0,322.0,321.0,321.0,321.0,321.0
real,300,gulf,4,Analytic,0,buffer,6,406,2.346569037281181,2.346569037281181,1.3775222122655453,,,,,,,,,,,,,,,,,,,,
real,300,gulf,4,Analytic,0,buffer,7,441,29.769664205090493,29.769664205090493,0.4528452856780829,,,,,,,,,,,,,,,,,,,,
real,300,gulf,4,Analytic,0,buffer,8,463,4.792836566791602,4.792836566791602,0.433487152311074,,,,,,,105.0,104.0,103.0,102.0,88.0,87.0,87.0,87.0,87.0,86.0,86.0,86.0,86.0,85.0
real,300,gulf,4,Analytic,0,buffer,9,476,19.315652674320937,19.315652674320937,1.0705015478105118,,,,,,,,,,,,,,,95.0,94.0,92.0,91.0,90.0,89.0
real,300,gulf,4,Analytic,0,buffer,10,488,23.267987719455004,23.267987719455004,1.2697059860833613,,,,,,,,,,,,,,,,,,,,
real,300,gulf,4,Analytic,0,buffer,11,497,12.404130886029542,12.404130886029542,0.8697830060528178,,,,,,,,,95.0,94.0,93.0,93.0,92.0,91.0,90.0,89.0,88.0,87.0,86.0,85.0
real,300,gulf,4,Analytic,0,crossing,0,27,11.360651619917741,11.360651619917741,1.1288940627181308,,,,,,,,,,,,,,,,,,,,
real,300,gulf,4,Analytic,0,crossing,1,134,23.806169240584694,23.806169240584694,0.28209587299920524,,,,,,,,,,,,,,,,,,,,
real,300,gulf,4,Analytic,0,crossing,2,162,11.303799388248777,11.303799388248777,0.4501181777676066,,,,,,,,,,,,,,,,,,,,
real,300,gulf,4,Analytic,0,crossing,3,167,14.934011751379069,14.934011751379069,0.4859552131247921,,,,,,,,,,,,,,,,,,,,
real,300,gulf,4,Analytic,0,crossing,4,174,22.35374403507989,22.35374403507989,0.003547012616237235,,,,,,,,,,,,,,,,,,,,
real,300,gulf,4,Analytic,0,crossing,5,398,6.11528201710113,6.11528201710113,0.332607269790228,,,,,,,,,,,,,,,,,327.0,326.0,325.0,324.0
real,300,gulf,4,Analytic,0,crossing,6,406,2.346569037281181,2.346569037281181,1.3775222122655453,,,,,,,,,,,,,,,,,,,,
real,300,gulf,4,Analytic,0,crossing,7,441,29.769664205090493,29.769664205090493,0.4528452856780829,,,,,,,,,,,,,,,,,,,,
real,300,gulf,4,Analytic,0,crossing,8,463,4.792836566791602,4.792836566791602,0.433487152311074,,,,,,,,,,,,105.0,88.0,88.0,87.0,87.0,87.0,86.0,86.0,86.0
real,300,gulf,4,Analytic,0,crossing,9,476,19.315652674320937,19.315652674320937,1.0705015478105118,,,,,,,,,,,,,,,,95.0,94.0,93.0,92.0,91.0
real,300,gulf,4,Analytic,0,crossing,10,488,23.267987719455004,23.267987719455004,1.2697059860833613,,,,,,,,,,,,,,,,,,,,
real,300,gulf,4,Analytic,0,crossing,11,497,12.404130886029542,12.404130886029542,0.8697830060528178,,,,,,,,,,95.0,95.0,94.0,93.0,93.0,92.0,91.0,90.0,89.0,87.0,86.0
real,300,gulf,4,ConstVel,0,buffer,0,27,11.360651619917741,11.360651619917741,1.1288940627181308,,,,,,,,,,,,,,,,,,,,
real,300,gulf,4,ConstVel,0,buffer,1,134,23.806169240584694,23.806169240584694,0.28209587299920524,,,,,,,,,,,,,,,,,,,,
real,300,gulf,4,ConstVel,0,buffer,2,162,11.303799388248777,11.303799388248777,0.4501181777676066,,,,,,,,,,,,,,,,,,,,15.0
real,300,gulf,4,ConstVel,0,buffer,3,167,14.934011751379069,14.934011751379069,0.4859552131247921,,,,,,,,,,,,,,,,,,,,
real,300,gulf,4,ConstVel,0,buffer,4,174,22.35374403507989,22.35374403507989,0.003547012616237235,,,,,,,,,,,,,,,,,,,,
real,300,gulf,4,ConstVel,0,buffer,5,398,6.11528201710113,6.11528201710113,0.332607269790228,,,,,,,,,,,,326.0,325.0,325.0,323.0,323.0,322.0,320.0,319.0,317.0
real,300,gulf,4,ConstVel,0,buffer,6,406,2.346569037281181,2.346569037281181,1.3775222122655453,,,,,,,,,,,,,,,,,,,,
real,300,gulf,4,ConstVel,0,buffer,7,441,29.769664205090493,29.769664205090493,0.4528452856780829,,,,,,,,,,,,,,,,,,,,
real,300,gulf,4,ConstVel,0,buffer,8,463,4.792836566791602,4.792836566791602,0.433487152311074,,,,,,,105.0,104.0,103.0,103.0,87.0,86.0,85.0,85.0,84.0,84.0,84.0,84.0,84.0,84.0
real,300,gulf,4,ConstVel,0,buffer,9,476,19.315652674320937,19.315652674320937,1.0705015478105118,,,,,,,,,,,,,,,95.0,94.0,93.0,91.0,90.0,89.0
real,300,gulf,4,ConstVel,0,buffer,10,488,23.267987719455004,23.267987719455004,1.2697059860833613,,,,,,,,,,,,,,,,,,,,
real,300,gulf,4,ConstVel,0,buffer,11,497,12.404130886029542,12.404130886029542,0.8697830060528178,,,,,,,,,95.0,94.0,93.0,92.0,91.0,91.0,90.0,90.0,89.0,87.0,85.0,85.0
real,300,gulf,4,ConstVel,0,crossing,0,27,11.360651619917741,11.360651619917741,1.1288940627181308,,,,,,,,,,,,,,,,,,,,
real,300,gulf,4,ConstVel,0,crossing,1,134,23.806169240584694,23.806169240584694,0.28209587299920524,,,,,,,,,,,,,,,,,,,,
real,300,gulf,4,ConstVel,0,crossing,2,162,11.303799388248777,11.303799388248777,0.4501181777676066,,,,,,,,,,,,,,,,,,,,
real,300,gulf,4,ConstVel,0,crossing,3,167,14.934011751379069,14.934011751379069,0.4859552131247921,,,,,,,,,,,,,,,,,,,,
real,300,gulf,4,ConstVel,0,crossing,4,174,22.35374403507989,22.35374403507989,0.003547012616237235,,,,,,,,,,,,,,,,,,,,
real,300,gulf,4,ConstVel,0,crossing,5,398,6.11528201710113,6.11528201710113,0.332607269790228,,,,,,,,,,,,,,,,,327.0,326.0,325.0,324.0
real,300,gulf,4,ConstVel,0,crossing,6,406,2.346569037281181,2.346569037281181,1.3775222122655453,,,,,,,,,,,,,,,,,,,,
real,300,gulf,4,ConstVel,0,crossing,7,441,29.769664205090493,29.769664205090493,0.4528452856780829,,,,,,,,,,,,,,,,,,,,
real,300,gulf,4,ConstVel,0,crossing,8,463,4.792836566791602,4.792836566791602,0.433487152311074,,,,,,,,,,,,105.0,87.0,86.0,85.0,85.0,84.0,84.0,84.0,84.0
real,300,gulf,4,ConstVel,0,crossing,9,476,19.315652674320937,19.315652674320937,1.0705015478105118,,,,,,,,,,,,,,,,95.0,95.0,94.0,92.0,91.0
real,300,gulf,4,ConstVel,0,crossing,10,488,23.267987719455004,23.267987719455004,1.2697059860833613,,,,,,,,,,,,,,,,,,,,
real,300,gulf,4,ConstVel,0,crossing,11,497,12.404130886029542,12.404130886029542,0.8697830060528178,,,,,,,,,,95.0,94.0,93.0,92.0,92.0,91.0,91.0,90.0,90.0,89.0,86.0
real,300,gulf,4,Kalman,0,buffer,0,27,11.360651619917741,11.360651619917741,1.1288940627181308,,,,,,,,,,,,,,,,,,,,
real,300,gulf,4,Kalman,0,buffer,1,134,23.806169240584694,23.806169240584694,0.28209587299920524,,,,,,,,,,,,,,,,,,,,
real,300,gulf,4,Kalman,0,buffer,2,162,11.303799388248777,11.303799388248777,0.4501181777676066,,,,,,,,,,,,,,,,,,,,15.0
real,300,gulf,4,Kalman,0,buffer,3,167,14.934011751379069,14.934011751379069,0.4859552131247921,,,,,,,,,,,,,,,,,,,,
real,300,gulf,4,Kalman,0,buffer,4,174,22.35374403507989,22.35374403507989,0.003547012616237235,,,,,,,,,,,,,,,,,,,,
real,300,gulf,4,Kalman,0,buffer,5,398,6.11528201710113,6.11528201710113,0.332607269790228,,,,,,,,,,,,326.0,326.0,325.0,323.0,323.0,322.0,320.0,320.0,319.0
real,300,gulf,4,Kalman,0,buffer,6,406,2.346569037281181,2.346569037281181,1.3775222122655453,,,,,,,,,,,,,,,,,,,,
real,300,gulf,4,Kalman,0,buffer,7,441,29.769664205090493,29.769664205090493,0.4528452856780829,,,,,,,,,,,,,,,,,,,,
real,300,gulf,4,Kalman,0,buffer,8,463,4.792836566791602,4.792836566791602,0.433487152311074,,,,,,,105.0,104.0,103.0,102.0,87.0,86.0,86.0,85.0,85.0,85.0,85.0,84.0,84.0,84.0
real,300,gulf,4,Kalman,0,buffer,9,476,19.315652674320937,19.315652674320937,1.0705015478105118,,,,,,,,,,,,,,,95.0,94.0,93.0,91.0,90.0,89.0
real,300,gulf,4,Kalman,0,buffer,10,488,23.267987719455004,23.267987719455004,1.2697059860833613,,,,,,,,,,,,,,,,,,,,
real,300,gulf,4,Kalman,0,buffer,11,497,12.404130886029542,12.404130886029542,0.8697830060528178,,,,,,,,,95.0,94.0,93.0,92.0,92.0,91.0,90.0,90.0,89.0,87.0,86.0,85.0
real,300,gulf,4,Kalman,0,crossing,0,27,11.360651619917741,11.360651619917741,1.1288940627181308,,,,,,,,,,,,,,,,,,,,
real,300,gulf,4,Kalman,0,crossing,1,134,23.806169240584694,23.806169240584694,0.28209587299920524,,,,,,,,,,,,,,,,,,,,
real,300,gulf,4,Kalman,0,crossing,2,162,11.303799388248777,11.303799388248777,0.4501181777676066,,,,,,,,,,,,,,,,,,,,
real,300,gulf,4,Kalman,0,crossing,3,167,14.934011751379069,14.934011751379069,0.4859552131247921,,,,,,,,,,,,,,,,,,,,
real,300,gulf,4,Kalman,0,crossing,4,174,22.35374403507989,22.35374403507989,0.003547012616237235,,,,,,,,,,,,,,,,,,,,
real,300,gulf,4,Kalman,0,crossing,5,398,6.11528201710113,6.11528201710113,0.332607269790228,,,,,,,,,,,,,,,,,327.0,326.0,325.0,324.0
real,300,gulf,4,Kalman,0,crossing,6,406,2.346569037281181,2.346569037281181,1.3775222122655453,,,,,,,,,,,,,,,,,,,,
real,300,gulf,4,Kalman,0,crossing,7,441,29.769664205090493,29.769664205090493,0.4528452856780829,,,,,,,,,,,,,,,,,,,,
real,300,gulf,4,Kalman,0,crossing,8,463,4.792836566791602,4.792836566791602,0.433487152311074,,,,,,,,,,,,105.0,87.0,86.0,86.0,85.0,85.0,85.0,85.0,85.0
real,300,gulf,4,Kalman,0,crossing,9,476,19.315652674320937,19.315652674320937,1.0705015478105118,,,,,,,,,,,,,,,,95.0,95.0,94.0,92.0,91.0
real,300,gulf,4,Kalman,0,crossing,10,488,23.267987719455004,23.267987719455004,1.2697059860833613,,,,,,,,,,,,,,,,,,,,
real,300,gulf,4,Kalman,0,crossing,11,497,12.404130886029542,12.404130886029542,0.8697830060528178,,,,,,,,,,95.0,94.0,93.0,93.0,92.0,91.0,91.0,90.0,90.0,88.0,86.0
real,300,gulf,4,LSTM-rec,0,buffer,0,27,11.360651619917741,11.360651619917741,1.1288940627181308,,,,,,,,,,,,,,,,,,,,
real,300,gulf,4,LSTM-rec,0,buffer,1,134,23.806169240584694,23.806169240584694,0.28209587299920524,,,,,,,,,,,,,,,,,,,,
real,300,gulf,4,LSTM-rec,0,buffer,2,162,11.303799388248777,11.303799388248777,0.4501181777676066,,,,,,,,,,,,,,,,,,,,
real,300,gulf,4,LSTM-rec,0,buffer,3,167,14.934011751379069,14.934011751379069,0.4859552131247921,,,,,,,,,,,,,,,,,,,,
real,300,gulf,4,LSTM-rec,0,buffer,4,174,22.35374403507989,22.35374403507989,0.003547012616237235,,,,,,,,,,,,,,,,,,,,
real,300,gulf,4,LSTM-rec,0,buffer,5,398,6.11528201710113,6.11528201710113,0.332607269790228,,,,,,,,,,,,,,,,,,,,
real,300,gulf,4,LSTM-rec,0,buffer,6,406,2.346569037281181,2.346569037281181,1.3775222122655453,,,,,,,,,,,,,,,,,,,,
real,300,gulf,4,LSTM-rec,0,buffer,7,441,29.769664205090493,29.769664205090493,0.4528452856780829,,,,,,,,,,,,,,,,,,,,
real,300,gulf,4,LSTM-rec,0,buffer,8,463,4.792836566791602,4.792836566791602,0.433487152311074,,,,,,,,,,,,,,,,,,,,
real,300,gulf,4,LSTM-rec,0,buffer,9,476,19.315652674320937,19.315652674320937,1.0705015478105118,,,,,,,,,,,,,,,,,,,,
real,300,gulf,4,LSTM-rec,0,buffer,10,488,23.267987719455004,23.267987719455004,1.2697059860833613,,,,,,,,,,,,,,,,,,,,
real,300,gulf,4,LSTM-rec,0,buffer,11,497,12.404130886029542,12.404130886029542,0.8697830060528178,,,,,,,,,,,,,,,,,,,95.0,95.0
real,300,gulf,4,LSTM-rec,0,crossing,0,27,11.360651619917741,11.360651619917741,1.1288940627181308,,,,,,,,,,,,,,,,,,,,
real,300,gulf,4,LSTM-rec,0,crossing,1,134,23.806169240584694,23.806169240584694,0.28209587299920524,,,,,,,,,,,,,,,,,,,,
real,300,gulf,4,LSTM-rec,0,crossing,2,162,11.303799388248777,11.303799388248777,0.4501181777676066,,,,,,,,,,,,,,,,,,,,
real,300,gulf,4,LSTM-rec,0,crossing,3,167,14.934011751379069,14.934011751379069,0.4859552131247921,,,,,,,,,,,,,,,,,,,,
real,300,gulf,4,LSTM-rec,0,crossing,4,174,22.35374403507989,22.35374403507989,0.003547012616237235,,,,,,,,,,,,,,,,,,,,
real,300,gulf,4,LSTM-rec,0,crossing,5,398,6.11528201710113,6.11528201710113,0.332607269790228,,,,,,,,,,,,,,,,,,,,
real,300,gulf,4,LSTM-rec,0,crossing,6,406,2.346569037281181,2.346569037281181,1.3775222122655453,,,,,,,,,,,,,,,,,,,,
real,300,gulf,4,LSTM-rec,0,crossing,7,441,29.769664205090493,29.769664205090493,0.4528452856780829,,,,,,,,,,,,,,,,,,,,
real,300,gulf,4,LSTM-rec,0,crossing,8,463,4.792836566791602,4.792836566791602,0.433487152311074,,,,,,,,,,,,,,,,,,,,
real,300,gulf,4,LSTM-rec,0,crossing,9,476,19.315652674320937,19.315652674320937,1.0705015478105118,,,,,,,,,,,,,,,,,,,,
real,300,gulf,4,LSTM-rec,0,crossing,10,488,23.267987719455004,23.267987719455004,1.2697059860833613,,,,,,,,,,,,,,,,,,,,
real,300,gulf,4,LSTM-rec,0,crossing,11,497,12.404130886029542,12.404130886029542,0.8697830060528178,,,,,,,,,,,,,,,,,,,,
real,300,gulf,4,LSTM-ms,0,buffer,0,27,11.360651619917741,11.360651619917741,1.1288940627181308,,,,,,,,,,,,,,,,,,,,
real,300,gulf,4,LSTM-ms,0,buffer,1,134,23.806169240584694,23.806169240584694,0.28209587299920524,,,,,,,,,,,,,,,,,,,,
real,300,gulf,4,LSTM-ms,0,buffer,2,162,11.303799388248777,11.303799388248777,0.4501181777676066,,,,,,,,,,,,,,,,,,,,
real,300,gulf,4,LSTM-ms,0,buffer,3,167,14.934011751379069,14.934011751379069,0.4859552131247921,,,,,,,,,,,,,,,,,,,,
real,300,gulf,4,LSTM-ms,0,buffer,4,174,22.35374403507989,22.35374403507989,0.003547012616237235,,,,,,,,,,,,,,,,,,,,
real,300,gulf,4,LSTM-ms,0,buffer,5,398,6.11528201710113,6.11528201710113,0.332607269790228,,,,,,,,,,,327.0,326.0,325.0,324.0,323.0,322.0,321.0,321.0,321.0,320.0
real,300,gulf,4,LSTM-ms,0,buffer,6,406,2.346569037281181,2.346569037281181,1.3775222122655453,,,,,,,,,,,,,,,,,,,,
real,300,gulf,4,LSTM-ms,0,buffer,7,441,29.769664205090493,29.769664205090493,0.4528452856780829,,,,,,,,,,,,,,,,,,,,
real,300,gulf,4,LSTM-ms,0,buffer,8,463,4.792836566791602,4.792836566791602,0.433487152311074,,,,,,105.0,104.0,104.0,103.0,102.0,101.0,100.0,99.0,88.0,87.0,87.0,87.0,86.0,86.0,86.0
real,300,gulf,4,LSTM-ms,0,buffer,9,476,19.315652674320937,19.315652674320937,1.0705015478105118,,,,,,,,,,,,,,,,,,,,
real,300,gulf,4,LSTM-ms,0,buffer,10,488,23.267987719455004,23.267987719455004,1.2697059860833613,,,,,,,,,,,,,,,,,,,,
real,300,gulf,4,LSTM-ms,0,buffer,11,497,12.404130886029542,12.404130886029542,0.8697830060528178,,,,,,,,,,,95.0,95.0,94.0,94.0,93.0,93.0,92.0,92.0,92.0,91.0
real,300,gulf,4,LSTM-ms,0,crossing,0,27,11.360651619917741,11.360651619917741,1.1288940627181308,,,,,,,,,,,,,,,,,,,,
real,300,gulf,4,LSTM-ms,0,crossing,1,134,23.806169240584694,23.806169240584694,0.28209587299920524,,,,,,,,,,,,,,,,,,,,
real,300,gulf,4,LSTM-ms,0,crossing,2,162,11.303799388248777,11.303799388248777,0.4501181777676066,,,,,,,,,,,,,,,,,,,,
real,300,gulf,4,LSTM-ms,0,crossing,3,167,14.934011751379069,14.934011751379069,0.4859552131247921,,,,,,,,,,,,,,,,,,,,
real,300,gulf,4,LSTM-ms,0,crossing,4,174,22.35374403507989,22.35374403507989,0.003547012616237235,,,,,,,,,,,,,,,,,,,,
real,300,gulf,4,LSTM-ms,0,crossing,5,398,6.11528201710113,6.11528201710113,0.332607269790228,,,,,,,,,,,,,,,,,327.0,326.0,325.0,325.0
real,300,gulf,4,LSTM-ms,0,crossing,6,406,2.346569037281181,2.346569037281181,1.3775222122655453,,,,,,,,,,,,,,,,,,,,
real,300,gulf,4,LSTM-ms,0,crossing,7,441,29.769664205090493,29.769664205090493,0.4528452856780829,,,,,,,,,,,,,,,,,,,,
real,300,gulf,4,LSTM-ms,0,crossing,8,463,4.792836566791602,4.792836566791602,0.433487152311074,,,,,,,,,,,,105.0,104.0,103.0,102.0,102.0,88.0,87.0,87.0,87.0
real,300,gulf,4,LSTM-ms,0,crossing,9,476,19.315652674320937,19.315652674320937,1.0705015478105118,,,,,,,,,,,,,,,,,,,,
real,300,gulf,4,LSTM-ms,0,crossing,10,488,23.267987719455004,23.267987719455004,1.2697059860833613,,,,,,,,,,,,,,,,,,,,
real,300,gulf,4,LSTM-ms,0,crossing,11,497,12.404130886029542,12.404130886029542,0.8697830060528178,,,,,,,,,,,,,95.0,95.0,94.0,94.0,94.0,93.0,93.0,92.0
real,300,gulf,4,LSTM-rec,1,buffer,0,27,11.360651619917741,11.360651619917741,1.1288940627181308,,,,,,,,,,,,,,,,,,,,
real,300,gulf,4,LSTM-rec,1,buffer,1,134,23.806169240584694,23.806169240584694,0.28209587299920524,,,,,,,,,,,,,,,,,,,,
real,300,gulf,4,LSTM-rec,1,buffer,2,162,11.303799388248777,11.303799388248777,0.4501181777676066,,,,,,,,,,,,,,,,,,,,
real,300,gulf,4,LSTM-rec,1,buffer,3,167,14.934011751379069,14.934011751379069,0.4859552131247921,,,,,,,,,,,,,,,,,,,,
real,300,gulf,4,LSTM-rec,1,buffer,4,174,22.35374403507989,22.35374403507989,0.003547012616237235,,,,,,,,,,,,,,,,,,,,
real,300,gulf,4,LSTM-rec,1,buffer,5,398,6.11528201710113,6.11528201710113,0.332607269790228,,,,,,,,,,,,,,,,,,,,
real,300,gulf,4,LSTM-rec,1,buffer,6,406,2.346569037281181,2.346569037281181,1.3775222122655453,,,,,,,,,,,,,,,,,,,,
real,300,gulf,4,LSTM-rec,1,buffer,7,441,29.769664205090493,29.769664205090493,0.4528452856780829,,,,,,,,,,,,,,,,,,,,
real,300,gulf,4,LSTM-rec,1,buffer,8,463,4.792836566791602,4.792836566791602,0.433487152311074,,,,,,,,,,,,,,,,,,,,
real,300,gulf,4,LSTM-rec,1,buffer,9,476,19.315652674320937,19.315652674320937,1.0705015478105118,,,,,,,,,,,,,,,,,,,,
real,300,gulf,4,LSTM-rec,1,buffer,10,488,23.267987719455004,23.267987719455004,1.2697059860833613,,,,,,,,,,,,,,,,,,,,
real,300,gulf,4,LSTM-rec,1,buffer,11,497,12.404130886029542,12.404130886029542,0.8697830060528178,,,,,,,,,,,,,,,,,,,,
real,300,gulf,4,LSTM-rec,1,crossing,0,27,11.360651619917741,11.360651619917741,1.1288940627181308,,,,,,,,,,,,,,,,,,,,
real,300,gulf,4,LSTM-rec,1,crossing,1,134,23.806169240584694,23.806169240584694,0.28209587299920524,,,,,,,,,,,,,,,,,,,,
real,300,gulf,4,LSTM-rec,1,crossing,2,162,11.303799388248777,11.303799388248777,0.4501181777676066,,,,,,,,,,,,,,,,,,,,
real,300,gulf,4,LSTM-rec,1,crossing,3,167,14.934011751379069,14.934011751379069,0.4859552131247921,,,,,,,,,,,,,,,,,,,,
real,300,gulf,4,LSTM-rec,1,crossing,4,174,22.35374403507989,22.35374403507989,0.003547012616237235,,,,,,,,,,,,,,,,,,,,
real,300,gulf,4,LSTM-rec,1,crossing,5,398,6.11528201710113,6.11528201710113,0.332607269790228,,,,,,,,,,,,,,,,,,,,
real,300,gulf,4,LSTM-rec,1,crossing,6,406,2.346569037281181,2.346569037281181,1.3775222122655453,,,,,,,,,,,,,,,,,,,,
real,300,gulf,4,LSTM-rec,1,crossing,7,441,29.769664205090493,29.769664205090493,0.4528452856780829,,,,,,,,,,,,,,,,,,,,
real,300,gulf,4,LSTM-rec,1,crossing,8,463,4.792836566791602,4.792836566791602,0.433487152311074,,,,,,,,,,,,,,,,,,,,
real,300,gulf,4,LSTM-rec,1,crossing,9,476,19.315652674320937,19.315652674320937,1.0705015478105118,,,,,,,,,,,,,,,,,,,,
real,300,gulf,4,LSTM-rec,1,crossing,10,488,23.267987719455004,23.267987719455004,1.2697059860833613,,,,,,,,,,,,,,,,,,,,
real,300,gulf,4,LSTM-rec,1,crossing,11,497,12.404130886029542,12.404130886029542,0.8697830060528178,,,,,,,,,,,,,,,,,,,,
real,300,gulf,4,LSTM-ms,1,buffer,0,27,11.360651619917741,11.360651619917741,1.1288940627181308,,,,,,,,,,,,,,,,,,,,
real,300,gulf,4,LSTM-ms,1,buffer,1,134,23.806169240584694,23.806169240584694,0.28209587299920524,,,,,,,,,,,,,,,,,,,,
real,300,gulf,4,LSTM-ms,1,buffer,2,162,11.303799388248777,11.303799388248777,0.4501181777676066,,,,,,,,,,,,,,,,,,,,
real,300,gulf,4,LSTM-ms,1,buffer,3,167,14.934011751379069,14.934011751379069,0.4859552131247921,,,,,,,,,,,,,,,,,,,,
real,300,gulf,4,LSTM-ms,1,buffer,4,174,22.35374403507989,22.35374403507989,0.003547012616237235,,,,,,,,,,,,,,,,,,,,
real,300,gulf,4,LSTM-ms,1,buffer,5,398,6.11528201710113,6.11528201710113,0.332607269790228,,,,,,,,,,,,,,,,,,,,
real,300,gulf,4,LSTM-ms,1,buffer,6,406,2.346569037281181,2.346569037281181,1.3775222122655453,,,,,,,,,,,,,,,,,,,,
real,300,gulf,4,LSTM-ms,1,buffer,7,441,29.769664205090493,29.769664205090493,0.4528452856780829,,,,,,,,,,,,,,,,,,,,
real,300,gulf,4,LSTM-ms,1,buffer,8,463,4.792836566791602,4.792836566791602,0.433487152311074,,,,,,,,,,,,,,,,,105.0,105.0,104.0,104.0
real,300,gulf,4,LSTM-ms,1,buffer,9,476,19.315652674320937,19.315652674320937,1.0705015478105118,,,,,,,,,,,,,,,,,,,,
real,300,gulf,4,LSTM-ms,1,buffer,10,488,23.267987719455004,23.267987719455004,1.2697059860833613,,,,,,,,,,,,,,,,,,,,
real,300,gulf,4,LSTM-ms,1,buffer,11,497,12.404130886029542,12.404130886029542,0.8697830060528178,,,,,,,,,,,,,,,95.0,95.0,94.0,94.0,94.0,93.0
real,300,gulf,4,LSTM-ms,1,crossing,0,27,11.360651619917741,11.360651619917741,1.1288940627181308,,,,,,,,,,,,,,,,,,,,
real,300,gulf,4,LSTM-ms,1,crossing,1,134,23.806169240584694,23.806169240584694,0.28209587299920524,,,,,,,,,,,,,,,,,,,,
real,300,gulf,4,LSTM-ms,1,crossing,2,162,11.303799388248777,11.303799388248777,0.4501181777676066,,,,,,,,,,,,,,,,,,,,
real,300,gulf,4,LSTM-ms,1,crossing,3,167,14.934011751379069,14.934011751379069,0.4859552131247921,,,,,,,,,,,,,,,,,,,,
real,300,gulf,4,LSTM-ms,1,crossing,4,174,22.35374403507989,22.35374403507989,0.003547012616237235,,,,,,,,,,,,,,,,,,,,
real,300,gulf,4,LSTM-ms,1,crossing,5,398,6.11528201710113,6.11528201710113,0.332607269790228,,,,,,,,,,,,,,,,,,,,
real,300,gulf,4,LSTM-ms,1,crossing,6,406,2.346569037281181,2.346569037281181,1.3775222122655453,,,,,,,,,,,,,,,,,,,,
real,300,gulf,4,LSTM-ms,1,crossing,7,441,29.769664205090493,29.769664205090493,0.4528452856780829,,,,,,,,,,,,,,,,,,,,
real,300,gulf,4,LSTM-ms,1,crossing,8,463,4.792836566791602,4.792836566791602,0.433487152311074,,,,,,,,,,,,,,,,,,,,
real,300,gulf,4,LSTM-ms,1,crossing,9,476,19.315652674320937,19.315652674320937,1.0705015478105118,,,,,,,,,,,,,,,,,,,,
real,300,gulf,4,LSTM-ms,1,crossing,10,488,23.267987719455004,23.267987719455004,1.2697059860833613,,,,,,,,,,,,,,,,,,,,
real,300,gulf,4,LSTM-ms,1,crossing,11,497,12.404130886029542,12.404130886029542,0.8697830060528178,,,,,,,,,,,,,,,,,,95.0,95.0,95.0
real,300,gulf,4,LSTM-rec,2,buffer,0,27,11.360651619917741,11.360651619917741,1.1288940627181308,,,,,,,,,,,,,,,,,,,,
real,300,gulf,4,LSTM-rec,2,buffer,1,134,23.806169240584694,23.806169240584694,0.28209587299920524,,,,,,,,,,,,,,,,,,,,
real,300,gulf,4,LSTM-rec,2,buffer,2,162,11.303799388248777,11.303799388248777,0.4501181777676066,,,,,,,,,,,,,,,,,,,,
real,300,gulf,4,LSTM-rec,2,buffer,3,167,14.934011751379069,14.934011751379069,0.4859552131247921,,,,,,,,,,,,,,,,,,,,
real,300,gulf,4,LSTM-rec,2,buffer,4,174,22.35374403507989,22.35374403507989,0.003547012616237235,,,,,,,,,,,,,,,,,,,,
real,300,gulf,4,LSTM-rec,2,buffer,5,398,6.11528201710113,6.11528201710113,0.332607269790228,,,,,,,,,,,,,327.0,326.0,325.0,324.0,323.0,323.0,322.0,321.0
real,300,gulf,4,LSTM-rec,2,buffer,6,406,2.346569037281181,2.346569037281181,1.3775222122655453,,,,,,,,,,,,,,,,,,,,
real,300,gulf,4,LSTM-rec,2,buffer,7,441,29.769664205090493,29.769664205090493,0.4528452856780829,,,,,,,,,,,,,,,,,,,,
real,300,gulf,4,LSTM-rec,2,buffer,8,463,4.792836566791602,4.792836566791602,0.433487152311074,,,,,,,,105.0,104.0,103.0,102.0,102.0,101.0,100.0,87.0,87.0,86.0,86.0,86.0,86.0
real,300,gulf,4,LSTM-rec,2,buffer,9,476,19.315652674320937,19.315652674320937,1.0705015478105118,,,,,,,,,,,,,,,,,,,,
real,300,gulf,4,LSTM-rec,2,buffer,10,488,23.267987719455004,23.267987719455004,1.2697059860833613,,,,,,,,,,,,,,,,,,,,
real,300,gulf,4,LSTM-rec,2,buffer,11,497,12.404130886029542,12.404130886029542,0.8697830060528178,,,,,,,,,,,95.0,94.0,94.0,93.0,93.0,92.0,92.0,92.0,91.0,91.0
real,300,gulf,4,LSTM-rec,2,crossing,0,27,11.360651619917741,11.360651619917741,1.1288940627181308,,,,,,,,,,,,,,,,,,,,
real,300,gulf,4,LSTM-rec,2,crossing,1,134,23.806169240584694,23.806169240584694,0.28209587299920524,,,,,,,,,,,,,,,,,,,,
real,300,gulf,4,LSTM-rec,2,crossing,2,162,11.303799388248777,11.303799388248777,0.4501181777676066,,,,,,,,,,,,,,,,,,,,
real,300,gulf,4,LSTM-rec,2,crossing,3,167,14.934011751379069,14.934011751379069,0.4859552131247921,,,,,,,,,,,,,,,,,,,,
real,300,gulf,4,LSTM-rec,2,crossing,4,174,22.35374403507989,22.35374403507989,0.003547012616237235,,,,,,,,,,,,,,,,,,,,
real,300,gulf,4,LSTM-rec,2,crossing,5,398,6.11528201710113,6.11528201710113,0.332607269790228,,,,,,,,,,,,,,,,,,,327.0,326.0
real,300,gulf,4,LSTM-rec,2,crossing,6,406,2.346569037281181,2.346569037281181,1.3775222122655453,,,,,,,,,,,,,,,,,,,,
real,300,gulf,4,LSTM-rec,2,crossing,7,441,29.769664205090493,29.769664205090493,0.4528452856780829,,,,,,,,,,,,,,,,,,,,
real,300,gulf,4,LSTM-rec,2,crossing,8,463,4.792836566791602,4.792836566791602,0.433487152311074,,,,,,,,,,,,,,105.0,104.0,103.0,103.0,87.0,87.0,87.0
real,300,gulf,4,LSTM-rec,2,crossing,9,476,19.315652674320937,19.315652674320937,1.0705015478105118,,,,,,,,,,,,,,,,,,,,
real,300,gulf,4,LSTM-rec,2,crossing,10,488,23.267987719455004,23.267987719455004,1.2697059860833613,,,,,,,,,,,,,,,,,,,,
real,300,gulf,4,LSTM-rec,2,crossing,11,497,12.404130886029542,12.404130886029542,0.8697830060528178,,,,,,,,,,,,,95.0,95.0,94.0,94.0,93.0,93.0,92.0,92.0
real,300,gulf,4,LSTM-ms,2,buffer,0,27,11.360651619917741,11.360651619917741,1.1288940627181308,,,,,,,,,,,,,,,,,,,,
real,300,gulf,4,LSTM-ms,2,buffer,1,134,23.806169240584694,23.806169240584694,0.28209587299920524,,,,,,,,,,,,,,,,,,,,
real,300,gulf,4,LSTM-ms,2,buffer,2,162,11.303799388248777,11.303799388248777,0.4501181777676066,,,,,,,,,,,,,,,,,,,,
real,300,gulf,4,LSTM-ms,2,buffer,3,167,14.934011751379069,14.934011751379069,0.4859552131247921,,,,,,,,,,,,,,,,,,,,
real,300,gulf,4,LSTM-ms,2,buffer,4,174,22.35374403507989,22.35374403507989,0.003547012616237235,,,,,,,,,,,,,,,,,,,,
real,300,gulf,4,LSTM-ms,2,buffer,5,398,6.11528201710113,6.11528201710113,0.332607269790228,,,,,,,,,,,,,,,,,,,,
real,300,gulf,4,LSTM-ms,2,buffer,6,406,2.346569037281181,2.346569037281181,1.3775222122655453,,,,,,,,,,,,,,,,,,,,
real,300,gulf,4,LSTM-ms,2,buffer,7,441,29.769664205090493,29.769664205090493,0.4528452856780829,,,,,,,,,,,,,,,,,,,,
real,300,gulf,4,LSTM-ms,2,buffer,8,463,4.792836566791602,4.792836566791602,0.433487152311074,,,,,,,,,,,,,,,,,,,105.0,105.0
real,300,gulf,4,LSTM-ms,2,buffer,9,476,19.315652674320937,19.315652674320937,1.0705015478105118,,,,,,,,,,,,,,,,,,,,
real,300,gulf,4,LSTM-ms,2,buffer,10,488,23.267987719455004,23.267987719455004,1.2697059860833613,,,,,,,,,,,,,,,,,,,,
real,300,gulf,4,LSTM-ms,2,buffer,11,497,12.404130886029542,12.404130886029542,0.8697830060528178,,,,,,,,,,,,,,,,95.0,95.0,95.0,94.0,94.0
real,300,gulf,4,LSTM-ms,2,crossing,0,27,11.360651619917741,11.360651619917741,1.1288940627181308,,,,,,,,,,,,,,,,,,,,
real,300,gulf,4,LSTM-ms,2,crossing,1,134,23.806169240584694,23.806169240584694,0.28209587299920524,,,,,,,,,,,,,,,,,,,,
real,300,gulf,4,LSTM-ms,2,crossing,2,162,11.303799388248777,11.303799388248777,0.4501181777676066,,,,,,,,,,,,,,,,,,,,
real,300,gulf,4,LSTM-ms,2,crossing,3,167,14.934011751379069,14.934011751379069,0.4859552131247921,,,,,,,,,,,,,,,,,,,,
real,300,gulf,4,LSTM-ms,2,crossing,4,174,22.35374403507989,22.35374403507989,0.003547012616237235,,,,,,,,,,,,,,,,,,,,
real,300,gulf,4,LSTM-ms,2,crossing,5,398,6.11528201710113,6.11528201710113,0.332607269790228,,,,,,,,,,,,,,,,,,,,
real,300,gulf,4,LSTM-ms,2,crossing,6,406,2.346569037281181,2.346569037281181,1.3775222122655453,,,,,,,,,,,,,,,,,,,,
real,300,gulf,4,LSTM-ms,2,crossing,7,441,29.769664205090493,29.769664205090493,0.4528452856780829,,,,,,,,,,,,,,,,,,,,
real,300,gulf,4,LSTM-ms,2,crossing,8,463,4.792836566791602,4.792836566791602,0.433487152311074,,,,,,,,,,,,,,,,,,,,
real,300,gulf,4,LSTM-ms,2,crossing,9,476,19.315652674320937,19.315652674320937,1.0705015478105118,,,,,,,,,,,,,,,,,,,,
real,300,gulf,4,LSTM-ms,2,crossing,10,488,23.267987719455004,23.267987719455004,1.2697059860833613,,,,,,,,,,,,,,,,,,,,
real,300,gulf,4,LSTM-ms,2,crossing,11,497,12.404130886029542,12.404130886029542,0.8697830060528178,,,,,,,,,,,,,,,,,,,,95.0
real,300,gulf,4,LSTM-rec,3,buffer,0,27,11.360651619917741,11.360651619917741,1.1288940627181308,,,,,,,,,,,,,,,,,,,,
real,300,gulf,4,LSTM-rec,3,buffer,1,134,23.806169240584694,23.806169240584694,0.28209587299920524,,,,,,,,,,,,,,,,,,,,
real,300,gulf,4,LSTM-rec,3,buffer,2,162,11.303799388248777,11.303799388248777,0.4501181777676066,,,,,,,,,,,,,,,,,15.0,14.0,13.0,12.0
real,300,gulf,4,LSTM-rec,3,buffer,3,167,14.934011751379069,14.934011751379069,0.4859552131247921,,,,,,,,,,,,,,,,,,,,
real,300,gulf,4,LSTM-rec,3,buffer,4,174,22.35374403507989,22.35374403507989,0.003547012616237235,,,,,,,,,,,,,,,,,,,,
real,300,gulf,4,LSTM-rec,3,buffer,5,398,6.11528201710113,6.11528201710113,0.332607269790228,,,,,,,,,,326.0,325.0,323.0,322.0,321.0,320.0,319.0,318.0,312.0,310.0,308.0
real,300,gulf,4,LSTM-rec,3,buffer,6,406,2.346569037281181,2.346569037281181,1.3775222122655453,,,,,,,,,,,,,,,,,,6.0,6.0,6.0
real,300,gulf,4,LSTM-rec,3,buffer,7,441,29.769664205090493,29.769664205090493,0.4528452856780829,,,,,,,,,,,,,,,,,,,,
real,300,gulf,4,LSTM-rec,3,buffer,8,463,4.792836566791602,4.792836566791602,0.433487152311074,,,,,,105.0,104.0,103.0,102.0,100.0,99.0,87.0,87.0,86.0,86.0,85.0,85.0,85.0,85.0,84.0
real,300,gulf,4,LSTM-rec,3,buffer,9,476,19.315652674320937,19.315652674320937,1.0705015478105118,,,,,,,,,,,,,,,,,,95.0,94.0,94.0
real,300,gulf,4,LSTM-rec,3,buffer,10,488,23.267987719455004,23.267987719455004,1.2697059860833613,,,,,,,,,,,,,,,,,,,,
real,300,gulf,4,LSTM-rec,3,buffer,11,497,12.404130886029542,12.404130886029542,0.8697830060528178,,,,,,,,,,95.0,94.0,94.0,93.0,92.0,92.0,91.0,91.0,90.0,90.0,89.0
real,300,gulf,4,LSTM-rec,3,crossing,0,27,11.360651619917741,11.360651619917741,1.1288940627181308,,,,,,,,,,,,,,,,,,,,
real,300,gulf,4,LSTM-rec,3,crossing,1,134,23.806169240584694,23.806169240584694,0.28209587299920524,,,,,,,,,,,,,,,,,,,,
real,300,gulf,4,LSTM-rec,3,crossing,2,162,11.303799388248777,11.303799388248777,0.4501181777676066,,,,,,,,,,,,,,,,,,,,
real,300,gulf,4,LSTM-rec,3,crossing,3,167,14.934011751379069,14.934011751379069,0.4859552131247921,,,,,,,,,,,,,,,,,,,,
real,300,gulf,4,LSTM-rec,3,crossing,4,174,22.35374403507989,22.35374403507989,0.003547012616237235,,,,,,,,,,,,,,,,,,,,
real,300,gulf,4,LSTM-rec,3,crossing,5,398,6.11528201710113,6.11528201710113,0.332607269790228,,,,,,,,,,,,,327.0,326.0,325.0,323.0,321.0,320.0,319.0,319.0
real,300,gulf,4,LSTM-rec,3,crossing,6,406,2.346569037281181,2.346569037281181,1.3775222122655453,,,,,,,,,,,,,,,,,,,,
real,300,gulf,4,LSTM-rec,3,crossing,7,441,29.769664205090493,29.769664205090493,0.4528452856780829,,,,,,,,,,,,,,,,,,,,
real,300,gulf,4,LSTM-rec,3,crossing,8,463,4.792836566791602,4.792836566791602,0.433487152311074,,,,,,,,,,105.0,104.0,103.0,101.0,100.0,87.0,87.0,86.0,86.0,85.0,85.0
real,300,gulf,4,LSTM-rec,3,crossing,9,476,19.315652674320937,19.315652674320937,1.0705015478105118,,,,,,,,,,,,,,,,,,,,95.0
real,300,gulf,4,LSTM-rec,3,crossing,10,488,23.267987719455004,23.267987719455004,1.2697059860833613,,,,,,,,,,,,,,,,,,,,
real,300,gulf,4,LSTM-rec,3,crossing,11,497,12.404130886029542,12.404130886029542,0.8697830060528178,,,,,,,,,,,,95.0,94.0,94.0,93.0,92.0,92.0,91.0,91.0,90.0
real,300,gulf,4,LSTM-ms,3,buffer,0,27,11.360651619917741,11.360651619917741,1.1288940627181308,,,,,,,,,,,,,,,,,,,,
real,300,gulf,4,LSTM-ms,3,buffer,1,134,23.806169240584694,23.806169240584694,0.28209587299920524,,,,,,,,,,,,,,,,,,,,
real,300,gulf,4,LSTM-ms,3,buffer,2,162,11.303799388248777,11.303799388248777,0.4501181777676066,,,,,,,,,,,,,,,,,,,,15.0
real,300,gulf,4,LSTM-ms,3,buffer,3,167,14.934011751379069,14.934011751379069,0.4859552131247921,,,,,,,,,,,,,,,,,,,,
real,300,gulf,4,LSTM-ms,3,buffer,4,174,22.35374403507989,22.35374403507989,0.003547012616237235,,,,,,,,,,,,,,,,,,,,
real,300,gulf,4,LSTM-ms,3,buffer,5,398,6.11528201710113,6.11528201710113,0.332607269790228,,,,,,,,,327.0,326.0,325.0,324.0,323.0,322.0,321.0,321.0,320.0,320.0,320.0,319.0
real,300,gulf,4,LSTM-ms,3,buffer,6,406,2.346569037281181,2.346569037281181,1.3775222122655453,,,,,,,,,,6.0,6.0,6.0,6.0,6.0,6.0,6.0,6.0,6.0,6.0,6.0
real,300,gulf,4,LSTM-ms,3,buffer,7,441,29.769664205090493,29.769664205090493,0.4528452856780829,,,,,,,,,,,,,,,,,,,,
real,300,gulf,4,LSTM-ms,3,buffer,8,463,4.792836566791602,4.792836566791602,0.433487152311074,,,,,105.0,104.0,103.0,102.0,101.0,100.0,99.0,98.0,88.0,87.0,87.0,87.0,86.0,86.0,86.0,85.0
real,300,gulf,4,LSTM-ms,3,buffer,9,476,19.315652674320937,19.315652674320937,1.0705015478105118,,,,,,,,,,,,,,,,,,,95.0,95.0
real,300,gulf,4,LSTM-ms,3,buffer,10,488,23.267987719455004,23.267987719455004,1.2697059860833613,,,,,,,,,,,,,,,,,,,,
real,300,gulf,4,LSTM-ms,3,buffer,11,497,12.404130886029542,12.404130886029542,0.8697830060528178,,,,,,,,,,95.0,95.0,94.0,93.0,93.0,92.0,92.0,91.0,91.0,90.0,90.0
real,300,gulf,4,LSTM-ms,3,crossing,0,27,11.360651619917741,11.360651619917741,1.1288940627181308,,,,,,,,,,,,,,,,,,,,
real,300,gulf,4,LSTM-ms,3,crossing,1,134,23.806169240584694,23.806169240584694,0.28209587299920524,,,,,,,,,,,,,,,,,,,,
real,300,gulf,4,LSTM-ms,3,crossing,2,162,11.303799388248777,11.303799388248777,0.4501181777676066,,,,,,,,,,,,,,,,,,,,
real,300,gulf,4,LSTM-ms,3,crossing,3,167,14.934011751379069,14.934011751379069,0.4859552131247921,,,,,,,,,,,,,,,,,,,,
real,300,gulf,4,LSTM-ms,3,crossing,4,174,22.35374403507989,22.35374403507989,0.003547012616237235,,,,,,,,,,,,,,,,,,,,
real,300,gulf,4,LSTM-ms,3,crossing,5,398,6.11528201710113,6.11528201710113,0.332607269790228,,,,,,,,,,,,,,,327.0,326.0,325.0,324.0,323.0,322.0
real,300,gulf,4,LSTM-ms,3,crossing,6,406,2.346569037281181,2.346569037281181,1.3775222122655453,,,,,,,,,,,,,,,,,,,,
real,300,gulf,4,LSTM-ms,3,crossing,7,441,29.769664205090493,29.769664205090493,0.4528452856780829,,,,,,,,,,,,,,,,,,,,
real,300,gulf,4,LSTM-ms,3,crossing,8,463,4.792836566791602,4.792836566791602,0.433487152311074,,,,,,,,,,105.0,104.0,104.0,103.0,102.0,101.0,100.0,87.0,87.0,87.0,86.0
real,300,gulf,4,LSTM-ms,3,crossing,9,476,19.315652674320937,19.315652674320937,1.0705015478105118,,,,,,,,,,,,,,,,,,,,
real,300,gulf,4,LSTM-ms,3,crossing,10,488,23.267987719455004,23.267987719455004,1.2697059860833613,,,,,,,,,,,,,,,,,,,,
real,300,gulf,4,LSTM-ms,3,crossing,11,497,12.404130886029542,12.404130886029542,0.8697830060528178,,,,,,,,,,,,95.0,95.0,94.0,94.0,93.0,93.0,92.0,92.0,91.0
real,300,gulf,4,LSTM-rec,4,buffer,0,27,11.360651619917741,11.360651619917741,1.1288940627181308,,,,,,,,,,,,,,,,,,,,6.0
real,300,gulf,4,LSTM-rec,4,buffer,1,134,23.806169240584694,23.806169240584694,0.28209587299920524,,,,,,,,,,,,,,,,138.0,91.0,86.0,82.0,78.0
real,300,gulf,4,LSTM-rec,4,buffer,2,162,11.303799388248777,11.303799388248777,0.4501181777676066,,,,,,,,,13.0,10.0,6.0,6.0,6.0,6.0,6.0,6.0,6.0,6.0,6.0,6.0
real,300,gulf,4,LSTM-rec,4,buffer,3,167,14.934011751379069,14.934011751379069,0.4859552131247921,,,,,,,,,,,98.0,94.0,90.0,41.0,37.0,32.0,27.0,6.0,6.0,6.0
real,300,gulf,4,LSTM-rec,4,buffer,4,174,22.35374403507989,22.35374403507989,0.003547012616237235,,,,,,,,,,,,,,,,,6.0,6.0,6.0,6.0
real,300,gulf,4,LSTM-rec,4,buffer,5,398,6.11528201710113,6.11528201710113,0.332607269790228,,,,,327.0,323.0,320.0,317.0,308.0,304.0,298.0,293.0,288.0,173.0,171.0,169.0,167.0,165.0,162.0,161.0
real,300,gulf,4,LSTM-rec,4,buffer,6,406,2.346569037281181,2.346569037281181,1.3775222122655453,,,,,6.0,6.0,6.0,6.0,6.0,6.0,6.0,6.0,6.0,6.0,6.0,6.0,6.0,6.0,6.0,6.0
real,300,gulf,4,LSTM-rec,4,buffer,7,441,29.769664205090493,29.769664205090493,0.4528452856780829,,,,,,,,,,,,,,,,,,,387.0,382.0
real,300,gulf,4,LSTM-rec,4,buffer,8,463,4.792836566791602,4.792836566791602,0.433487152311074,,,,104.0,101.0,98.0,95.0,86.0,85.0,84.0,84.0,82.0,79.0,72.0,68.0,13.0,12.0,6.0,6.0,6.0
real,300,gulf,4,LSTM-rec,4,buffer,9,476,19.315652674320937,19.315652674320937,1.0705015478105118,,,,,,,,,,95.0,94.0,92.0,90.0,88.0,86.0,85.0,83.0,81.0,79.0,77.0
real,300,gulf,4,LSTM-rec,4,buffer,10,488,23.267987719455004,23.267987719455004,1.2697059860833613,,,,,,,,,,,,,,,,,,,,
real,300,gulf,4,LSTM-rec,4,buffer,11,497,12.404130886029542,12.404130886029542,0.8697830060528178,,,,,,,95.0,93.0,92.0,90.0,89.0,87.0,85.0,83.0,81.0,79.0,77.0,75.0,73.0,72.0
real,300,gulf,4,LSTM-rec,4,crossing,0,27,11.360651619917741,11.360651619917741,1.1288940627181308,,,,,,,,,,,,,,,,,,,,
real,300,gulf,4,LSTM-rec,4,crossing,1,134,23.806169240584694,23.806169240584694,0.28209587299920524,,,,,,,,,,,,,,,,,138.0,91.0,86.0,81.0
real,300,gulf,4,LSTM-rec,4,crossing,2,162,11.303799388248777,11.303799388248777,0.4501181777676066,,,,,,,,,,14.0,10.0,7.0,6.0,6.0,6.0,6.0,6.0,6.0,6.0,6.0
real,300,gulf,4,LSTM-rec,4,crossing,3,167,14.934011751379069,14.934011751379069,0.4859552131247921,,,,,,,,,,,,159.0,94.0,90.0,41.0,37.0,32.0,27.0,6.0,6.0
real,300,gulf,4,LSTM-rec,4,crossing,4,174,22.35374403507989,22.35374403507989,0.003547012616237235,,,,,,,,,,,,,,,,,,6.0,6.0,6.0
real,300,gulf,4,LSTM-rec,4,crossing,5,398,6.11528201710113,6.11528201710113,0.332607269790228,,,,,,,325.0,321.0,318.0,309.0,304.0,299.0,294.0,289.0,173.0,171.0,169.0,166.0,164.0,162.0
real,300,gulf,4,LSTM-rec,4,crossing,6,406,2.346569037281181,2.346569037281181,1.3775222122655453,,,,,,,6.0,6.0,6.0,6.0,6.0,6.0,6.0,6.0,6.0,6.0,6.0,6.0,6.0,6.0
real,300,gulf,4,LSTM-rec,4,crossing,7,441,29.769664205090493,29.769664205090493,0.4528452856780829,,,,,,,,,,,,,,,,,,,391.0,386.0
real,300,gulf,4,LSTM-rec,4,crossing,8,463,4.792836566791602,4.792836566791602,0.433487152311074,,,,,,103.0,99.0,96.0,86.0,85.0,84.0,84.0,82.0,79.0,72.0,68.0,13.0,12.0,6.0,6.0
real,300,gulf,4,LSTM-rec,4,crossing,9,476,19.315652674320937,19.315652674320937,1.0705015478105118,,,,,,,,,,,95.0,94.0,92.0,90.0,88.0,86.0,84.0,82.0,81.0,78.0
real,300,gulf,4,LSTM-rec,4,crossing,10,488,23.267987719455004,23.267987719455004,1.2697059860833613,,,,,,,,,,,,,,,,,,,,
real,300,gulf,4,LSTM-rec,4,crossing,11,497,12.404130886029542,12.404130886029542,0.8697830060528178,,,,,,,,95.0,93.0,92.0,90.0,89.0,86.0,85.0,83.0,81.0,79.0,77.0,75.0,73.0
real,300,gulf,4,LSTM-ms,4,buffer,0,27,11.360651619917741,11.360651619917741,1.1288940627181308,,,,,,,,,,,,,,,,,,,,
real,300,gulf,4,LSTM-ms,4,buffer,1,134,23.806169240584694,23.806169240584694,0.28209587299920524,,,,,,,,,,,,,,,,,,,,
real,300,gulf,4,LSTM-ms,4,buffer,2,162,11.303799388248777,11.303799388248777,0.4501181777676066,,,,,,,,,,,,,,,,,,,,
real,300,gulf,4,LSTM-ms,4,buffer,3,167,14.934011751379069,14.934011751379069,0.4859552131247921,,,,,,,,,,,,,,,,,,,,
real,300,gulf,4,LSTM-ms,4,buffer,4,174,22.35374403507989,22.35374403507989,0.003547012616237235,,,,,,,,,,,,,,,,,,,,
real,300,gulf,4,LSTM-ms,4,buffer,5,398,6.11528201710113,6.11528201710113,0.332607269790228,,,,,,,,,,,,,,,,,327.0,326.0,326.0,325.0
real,300,gulf,4,LSTM-ms,4,buffer,6,406,2.346569037281181,2.346569037281181,1.3775222122655453,,,,,,,,,,,,,,,,,,,,
real,300,gulf,4,LSTM-ms,4,buffer,7,441,29.769664205090493,29.769664205090493,0.4528452856780829,,,,,,,,,,,,,,,,,,,,
real,300,gulf,4,LSTM-ms,4,buffer,8,463,4.792836566791602,4.792836566791602,0.433487152311074,,,,,,,,,,105.0,105.0,104.0,103.0,103.0,102.0,101.0,101.0,88.0,87.0,87.0
real,300,gulf,4,LSTM-ms,4,buffer,9,476,19.315652674320937,19.315652674320937,1.0705015478105118,,,,,,,,,,,,,,,,,,,,
real,300,gulf,4,LSTM-ms,4,buffer,10,488,23.267987719455004,23.267987719455004,1.2697059860833613,,,,,,,,,,,,,,,,,,,,
real,300,gulf,4,LSTM-ms,4,buffer,11,497,12.404130886029542,12.404130886029542,0.8697830060528178,,,,,,,,,,,,,95.0,95.0,94.0,94.0,94.0,93.0,93.0,92.0
real,300,gulf,4,LSTM-ms,4,crossing,0,27,11.360651619917741,11.360651619917741,1.1288940627181308,,,,,,,,,,,,,,,,,,,,
real,300,gulf,4,LSTM-ms,4,crossing,1,134,23.806169240584694,23.806169240584694,0.28209587299920524,,,,,,,,,,,,,,,,,,,,
real,300,gulf,4,LSTM-ms,4,crossing,2,162,11.303799388248777,11.303799388248777,0.4501181777676066,,,,,,,,,,,,,,,,,,,,
real,300,gulf,4,LSTM-ms,4,crossing,3,167,14.934011751379069,14.934011751379069,0.4859552131247921,,,,,,,,,,,,,,,,,,,,
real,300,gulf,4,LSTM-ms,4,crossing,4,174,22.35374403507989,22.35374403507989,0.003547012616237235,,,,,,,,,,,,,,,,,,,,
real,300,gulf,4,LSTM-ms,4,crossing,5,398,6.11528201710113,6.11528201710113,0.332607269790228,,,,,,,,,,,,,,,,,,,,
real,300,gulf,4,LSTM-ms,4,crossing,6,406,2.346569037281181,2.346569037281181,1.3775222122655453,,,,,,,,,,,,,,,,,,,,
real,300,gulf,4,LSTM-ms,4,crossing,7,441,29.769664205090493,29.769664205090493,0.4528452856780829,,,,,,,,,,,,,,,,,,,,
real,300,gulf,4,LSTM-ms,4,crossing,8,463,4.792836566791602,4.792836566791602,0.433487152311074,,,,,,,,,,,,,,,,,,105.0,104.0,104.0
real,300,gulf,4,LSTM-ms,4,crossing,9,476,19.315652674320937,19.315652674320937,1.0705015478105118,,,,,,,,,,,,,,,,,,,,
real,300,gulf,4,LSTM-ms,4,crossing,10,488,23.267987719455004,23.267987719455004,1.2697059860833613,,,,,,,,,,,,,,,,,,,,
real,300,gulf,4,LSTM-ms,4,crossing,11,497,12.404130886029542,12.404130886029542,0.8697830060528178,,,,,,,,,,,,,,,,95.0,95.0,94.0,94.0,94.0
real,300,gulf,5,Reactive,0,zone,0,28,25.35435737955294,25.35435737955294,0.5058560014619379,,,,,,,,,,,,,,,,,,,,
real,300,gulf,5,Reactive,0,zone,1,44,11.332126685185765,11.332126685185765,0.016152624923514217,,,,,,,,,,,,,,,,,,,,
real,300,gulf,5,Reactive,0,zone,2,81,21.98979085267937,21.98979085267937,0.45179250906761426,,,,,,,,,,,,,,,,,,,,
real,300,gulf,5,Reactive,0,zone,3,246,19.529938075185612,19.529938075185612,0.38012669328412113,,,,,,,,,,,,,,,,,,,,
real,300,gulf,5,Reactive,0,zone,4,294,13.022238698802546,13.022238698802546,1.3860819582904345,,,,,,,,,,,,,,,,,,,,
real,300,gulf,5,Reactive,0,zone,5,313,16.256677842821567,16.256677842821567,0.09249248378887834,,,,,,,,,,,,,,,,,,,,
real,300,gulf,5,Reactive,0,zone,6,314,9.023558407683426,9.023558407683426,0.48473081973887217,,,,,,,,,,,,,,,,,,,,
real,300,gulf,5,Reactive,0,zone,7,340,5.058884516264538,5.058884516264538,0.07065939944086942,,,,,,,,,,,,,,,,,,,,
real,300,gulf,5,Reactive,0,zone,8,356,6.518072117918011,6.518072117918011,0.46574435083213933,,,,,,,,,,,,,,,,,,,,
real,300,gulf,5,Reactive,0,zone,9,364,23.50913895151647,23.50913895151647,1.2881256341144804,,,,,,,,,,,,,,,,,,,,
real,300,gulf,5,Reactive,0,zone,10,397,18.681038668370135,18.681038668370135,0.5498390730477987,,,,,,,,,,,,,,,,,,,,
real,300,gulf,5,Reactive,0,zone,11,480,13.150518802359974,13.150518802359974,1.1290470854303898,,,,,,,,,,,,,,,,,,,,
real,300,gulf,5,Analytic,0,buffer,0,28,25.35435737955294,25.35435737955294,0.5058560014619379,,,,,,,,,,,,,,,,,,,,
real,300,gulf,5,Analytic,0,buffer,1,44,11.332126685185765,11.332126685185765,0.016152624923514217,,,,,,,,,,,,,,,,,,,,
real,300,gulf,5,Analytic,0,buffer,2,81,21.98979085267937,21.98979085267937,0.45179250906761426,,,,,,,,,,,,,,,,,,,,
real,300,gulf,5,Analytic,0,buffer,3,246,19.529938075185612,19.529938075185612,0.38012669328412113,,,,,,,,,,,,,,,,,,,,
real,300,gulf,5,Analytic,0,buffer,4,294,13.022238698802546,13.022238698802546,1.3860819582904345,,,,,,,,,,,,,,,,,,,,
real,300,gulf,5,Analytic,0,buffer,5,313,16.256677842821567,16.256677842821567,0.09249248378887834,,,,,,,,,,,,,,,,,,,,
real,300,gulf,5,Analytic,0,buffer,6,314,9.023558407683426,9.023558407683426,0.48473081973887217,,,,,,,,,,,,,,,,243.0,242.0,196.0,195.0,194.0
real,300,gulf,5,Analytic,0,buffer,7,340,5.058884516264538,5.058884516264538,0.07065939944086942,,,,,,,,,,,,,,,,,,,,
real,300,gulf,5,Analytic,0,buffer,8,356,6.518072117918011,6.518072117918011,0.46574435083213933,,,,,,,,,,,474.0,473.0,97.0,96.0,95.0,93.0,92.0,74.0,74.0,73.0
real,300,gulf,5,Analytic,0,buffer,9,364,23.50913895151647,23.50913895151647,1.2881256341144804,,,,,,,,,,,,,,,,,,,,
real,300,gulf,5,Analytic,0,buffer,10,397,18.681038668370135,18.681038668370135,0.5498390730477987,,,,,,,,,,,,,,,,,,,,
real,300,gulf,5,Analytic,0,buffer,11,480,13.150518802359974,13.150518802359974,1.1290470854303898,,,,,,,,,,,,,,,,,,,,
real,300,gulf,5,Analytic,0,crossing,0,28,25.35435737955294,25.35435737955294,0.5058560014619379,,,,,,,,,,,,,,,,,,,,
real,300,gulf,5,Analytic,0,crossing,1,44,11.332126685185765,11.332126685185765,0.016152624923514217,,,,,,,,,,,,,,,,,,,,
real,300,gulf,5,Analytic,0,crossing,2,81,21.98979085267937,21.98979085267937,0.45179250906761426,,,,,,,,,,,,,,,,,,,,
real,300,gulf,5,Analytic,0,crossing,3,246,19.529938075185612,19.529938075185612,0.38012669328412113,,,,,,,,,,,,,,,,,,,,
real,300,gulf,5,Analytic,0,crossing,4,294,13.022238698802546,13.022238698802546,1.3860819582904345,,,,,,,,,,,,,,,,,,,,
real,300,gulf,5,Analytic,0,crossing,5,313,16.256677842821567,16.256677842821567,0.09249248378887834,,,,,,,,,,,,,,,,,,,,
real,300,gulf,5,Analytic,0,crossing,6,314,9.023558407683426,9.023558407683426,0.48473081973887217,,,,,,,,,,,,,,,,,,,,243.0
real,300,gulf,5,Analytic,0,crossing,7,340,5.058884516264538,5.058884516264538,0.07065939944086942,,,,,,,,,,,,,,,,,,,,
real,300,gulf,5,Analytic,0,crossing,8,356,6.518072117918011,6.518072117918011,0.46574435083213933,,,,,,,,,,,,,474.0,472.0,470.0,470.0,469.0,97.0,96.0,95.0
real,300,gulf,5,Analytic,0,crossing,9,364,23.50913895151647,23.50913895151647,1.2881256341144804,,,,,,,,,,,,,,,,,,,,
real,300,gulf,5,Analytic,0,crossing,10,397,18.681038668370135,18.681038668370135,0.5498390730477987,,,,,,,,,,,,,,,,,,,,
real,300,gulf,5,Analytic,0,crossing,11,480,13.150518802359974,13.150518802359974,1.1290470854303898,,,,,,,,,,,,,,,,,,,,
real,300,gulf,5,ConstVel,0,buffer,0,28,25.35435737955294,25.35435737955294,0.5058560014619379,,,,,,,,,,,,,,,,,,,,
real,300,gulf,5,ConstVel,0,buffer,1,44,11.332126685185765,11.332126685185765,0.016152624923514217,,,,,,,,,,,,,,,,,,,135.0,135.0
real,300,gulf,5,ConstVel,0,buffer,2,81,21.98979085267937,21.98979085267937,0.45179250906761426,,,,,,,,,,,,,,,,,,,,
real,300,gulf,5,ConstVel,0,buffer,3,246,19.529938075185612,19.529938075185612,0.38012669328412113,,,,,,,,,,,,,,,,,,,,
real,300,gulf,5,ConstVel,0,buffer,4,294,13.022238698802546,13.022238698802546,1.3860819582904345,,,,,,,,,,,,,,,,,,,,
real,300,gulf,5,ConstVel,0,buffer,5,313,16.256677842821567,16.256677842821567,0.09249248378887834,,,,,,,,,,,,,,,,,,,,97.0
real,300,gulf,5,ConstVel,0,buffer,6,314,9.023558407683426,9.023558407683426,0.48473081973887217,,,,,,,,,,,,,,,,243.0,242.0,195.0,195.0,194.0
real,300,gulf,5,ConstVel,0,buffer,7,340,5.058884516264538,5.058884516264538,0.07065939944086942,,,,,,,,,,,,,,,,,,,,8.0
real,300,gulf,5,ConstVel,0,buffer,8,356,6.518072117918011,6.518072117918011,0.46574435083213933,,,,,,,,,,,474.0,473.0,97.0,96.0,95.0,94.0,74.0,73.0,73.0,72.0
real,300,gulf,5,ConstVel,0,buffer,9,364,23.50913895151647,23.50913895151647,1.2881256341144804,,,,,,,,,,,,,,,,,,,,
real,300,gulf,5,ConstVel,0,buffer,10,397,18.681038668370135,18.681038668370135,0.5498390730477987,,,,,,,,,,,,,,,,,,,,
real,300,gulf,5,ConstVel,0,buffer,11,480,13.150518802359974,13.150518802359974,1.1290470854303898,,,,,,,,,,,,,,,,,,,,
real,300,gulf,5,ConstVel,0,crossing,0,28,25.35435737955294,25.35435737955294,0.5058560014619379,,,,,,,,,,,,,,,,,,,,
real,300,gulf,5,ConstVel,0,crossing,1,44,11.332126685185765,11.332126685185765,0.016152624923514217,,,,,,,,,,,,,,,,,,,,
real,300,gulf,5,ConstVel,0,crossing,2,81,21.98979085267937,21.98979085267937,0.45179250906761426,,,,,,,,,,,,,,,,,,,,
real,300,gulf,5,ConstVel,0,crossing,3,246,19.529938075185612,19.529938075185612,0.38012669328412113,,,,,,,,,,,,,,,,,,,,
real,300,gulf,5,ConstVel,0,crossing,4,294,13.022238698802546,13.022238698802546,1.3860819582904345,,,,,,,,,,,,,,,,,,,,
real,300,gulf,5,ConstVel,0,crossing,5,313,16.256677842821567,16.256677842821567,0.09249248378887834,,,,,,,,,,,,,,,,,,,,
real,300,gulf,5,ConstVel,0,crossing,6,314,9.023558407683426,9.023558407683426,0.48473081973887217,,,,,,,,,,,,,,,,,,,,243.0
real,300,gulf,5,ConstVel,0,crossing,7,340,5.058884516264538,5.058884516264538,0.07065939944086942,,,,,,,,,,,,,,,,,,,,
real,300,gulf,5,ConstVel,0,crossing,8,356,6.518072117918011,6.518072117918011,0.46574435083213933,,,,,,,,,,,,,474.0,473.0,470.0,470.0,470.0,96.0,95.0,95.0
real,300,gulf,5,ConstVel,0,crossing,9,364,23.50913895151647,23.50913895151647,1.2881256341144804,,,,,,,,,,,,,,,,,,,,
real,300,gulf,5,ConstVel,0,crossing,10,397,18.681038668370135,18.681038668370135,0.5498390730477987,,,,,,,,,,,,,,,,,,,,
real,300,gulf,5,ConstVel,0,crossing,11,480,13.150518802359974,13.150518802359974,1.1290470854303898,,,,,,,,,,,,,,,,,,,,
real,300,gulf,5,Kalman,0,buffer,0,28,25.35435737955294,25.35435737955294,0.5058560014619379,,,,,,,,,,,,,,,,,,,,
real,300,gulf,5,Kalman,0,buffer,1,44,11.332126685185765,11.332126685185765,0.016152624923514217,,,,,,,,,,,,,,,,,,,,
real,300,gulf,5,Kalman,0,buffer,2,81,21.98979085267937,21.98979085267937,0.45179250906761426,,,,,,,,,,,,,,,,,,,,
real,300,gulf,5,Kalman,0,buffer,3,246,19.529938075185612,19.529938075185612,0.38012669328412113,,,,,,,,,,,,,,,,,,,,
real,300,gulf,5,Kalman,0,buffer,4,294,13.022238698802546,13.022238698802546,1.3860819582904345,,,,,,,,,,,,,,,,,,,,
real,300,gulf,5,Kalman,0,buffer,5,313,16.256677842821567,16.256677842821567,0.09249248378887834,,,,,,,,,,,,,,,,,,,,97.0
real,300,gulf,5,Kalman,0,buffer,6,314,9.023558407683426,9.023558407683426,0.48473081973887217,,,,,,,,,,,,,,,,243.0,242.0,195.0,195.0,194.0
real,300,gulf,5,Kalman,0,buffer,7,340,5.058884516264538,5.058884516264538,0.07065939944086942,,,,,,,,,,,,,,,,,,,,
real,300,gulf,5,Kalman,0,buffer,8,356,6.518072117918011,6.518072117918011,0.46574435083213933,,,,,,,,,,,474.0,473.0,97.0,96.0,95.0,94.0,74.0,73.0,73.0,72.0
real,300,gulf,5,Kalman,0,buffer,9,364,23.50913895151647,23.50913895151647,1.2881256341144804,,,,,,,,,,,,,,,,,,,,
real,300,gulf,5,Kalman,0,buffer,10,397,18.681038668370135,18.681038668370135,0.5498390730477987,,,,,,,,,,,,,,,,,,,,
real,300,gulf,5,Kalman,0,buffer,11,480,13.150518802359974,13.150518802359974,1.1290470854303898,,,,,,,,,,,,,,,,,,,,
real,300,gulf,5,Kalman,0,crossing,0,28,25.35435737955294,25.35435737955294,0.5058560014619379,,,,,,,,,,,,,,,,,,,,
real,300,gulf,5,Kalman,0,crossing,1,44,11.332126685185765,11.332126685185765,0.016152624923514217,,,,,,,,,,,,,,,,,,,,
real,300,gulf,5,Kalman,0,crossing,2,81,21.98979085267937,21.98979085267937,0.45179250906761426,,,,,,,,,,,,,,,,,,,,
real,300,gulf,5,Kalman,0,crossing,3,246,19.529938075185612,19.529938075185612,0.38012669328412113,,,,,,,,,,,,,,,,,,,,
real,300,gulf,5,Kalman,0,crossing,4,294,13.022238698802546,13.022238698802546,1.3860819582904345,,,,,,,,,,,,,,,,,,,,
real,300,gulf,5,Kalman,0,crossing,5,313,16.256677842821567,16.256677842821567,0.09249248378887834,,,,,,,,,,,,,,,,,,,,
real,300,gulf,5,Kalman,0,crossing,6,314,9.023558407683426,9.023558407683426,0.48473081973887217,,,,,,,,,,,,,,,,,,,,243.0
real,300,gulf,5,Kalman,0,crossing,7,340,5.058884516264538,5.058884516264538,0.07065939944086942,,,,,,,,,,,,,,,,,,,,
real,300,gulf,5,Kalman,0,crossing,8,356,6.518072117918011,6.518072117918011,0.46574435083213933,,,,,,,,,,,,,474.0,473.0,470.0,470.0,469.0,96.0,96.0,95.0
real,300,gulf,5,Kalman,0,crossing,9,364,23.50913895151647,23.50913895151647,1.2881256341144804,,,,,,,,,,,,,,,,,,,,
real,300,gulf,5,Kalman,0,crossing,10,397,18.681038668370135,18.681038668370135,0.5498390730477987,,,,,,,,,,,,,,,,,,,,
real,300,gulf,5,Kalman,0,crossing,11,480,13.150518802359974,13.150518802359974,1.1290470854303898,,,,,,,,,,,,,,,,,,,,
real,300,gulf,5,LSTM-rec,0,buffer,0,28,25.35435737955294,25.35435737955294,0.5058560014619379,,,,,,,,,,,,,,,,,,,,
real,300,gulf,5,LSTM-rec,0,buffer,1,44,11.332126685185765,11.332126685185765,0.016152624923514217,,,,,,,,,,,,,,,,,,,,
real,300,gulf,5,LSTM-rec,0,buffer,2,81,21.98979085267937,21.98979085267937,0.45179250906761426,,,,,,,,,,,,,,,,,,,,
real,300,gulf,5,LSTM-rec,0,buffer,3,246,19.529938075185612,19.529938075185612,0.38012669328412113,,,,,,,,,,,,,,,,,,,,
real,300,gulf,5,LSTM-rec,0,buffer,4,294,13.022238698802546,13.022238698802546,1.3860819582904345,,,,,,,,,,,,,,,,,,,,
real,300,gulf,5,LSTM-rec,0,buffer,5,313,16.256677842821567,16.256677842821567,0.09249248378887834,,,,,,,,,,,,,,,,,,,,
real,300,gulf,5,LSTM-rec,0,buffer,6,314,9.023558407683426,9.023558407683426,0.48473081973887217,,,,,,,,,,,,,,,,,,,,
real,300,gulf,5,LSTM-rec,0,buffer,7,340,5.058884516264538,5.058884516264538,0.07065939944086942,,,,,,,,,,,,,,,,,,,,
real,300,gulf,5,LSTM-rec,0,buffer,8,356,6.518072117918011,6.518072117918011,0.46574435083213933,,,,,,,,,,,,,,,,,,,,
real,300,gulf,5,LSTM-rec,0,buffer,9,364,23.50913895151647,23.50913895151647,1.2881256341144804,,,,,,,,,,,,,,,,,,,,
real,300,gulf,5,LSTM-rec,0,buffer,10,397,18.681038668370135,18.681038668370135,0.5498390730477987,,,,,,,,,,,,,,,,,,,,
real,300,gulf,5,LSTM-rec,0,buffer,11,480,13.150518802359974,13.150518802359974,1.1290470854303898,,,,,,,,,,,,,,,,,,,,
real,300,gulf,5,LSTM-rec,0,crossing,0,28,25.35435737955294,25.35435737955294,0.5058560014619379,,,,,,,,,,,,,,,,,,,,
real,300,gulf,5,LSTM-rec,0,crossing,1,44,11.332126685185765,11.332126685185765,0.016152624923514217,,,,,,,,,,,,,,,,,,,,
real,300,gulf,5,LSTM-rec,0,crossing,2,81,21.98979085267937,21.98979085267937,0.45179250906761426,,,,,,,,,,,,,,,,,,,,
real,300,gulf,5,LSTM-rec,0,crossing,3,246,19.529938075185612,19.529938075185612,0.38012669328412113,,,,,,,,,,,,,,,,,,,,
real,300,gulf,5,LSTM-rec,0,crossing,4,294,13.022238698802546,13.022238698802546,1.3860819582904345,,,,,,,,,,,,,,,,,,,,
real,300,gulf,5,LSTM-rec,0,crossing,5,313,16.256677842821567,16.256677842821567,0.09249248378887834,,,,,,,,,,,,,,,,,,,,
real,300,gulf,5,LSTM-rec,0,crossing,6,314,9.023558407683426,9.023558407683426,0.48473081973887217,,,,,,,,,,,,,,,,,,,,
real,300,gulf,5,LSTM-rec,0,crossing,7,340,5.058884516264538,5.058884516264538,0.07065939944086942,,,,,,,,,,,,,,,,,,,,
real,300,gulf,5,LSTM-rec,0,crossing,8,356,6.518072117918011,6.518072117918011,0.46574435083213933,,,,,,,,,,,,,,,,,,,,
real,300,gulf,5,LSTM-rec,0,crossing,9,364,23.50913895151647,23.50913895151647,1.2881256341144804,,,,,,,,,,,,,,,,,,,,
real,300,gulf,5,LSTM-rec,0,crossing,10,397,18.681038668370135,18.681038668370135,0.5498390730477987,,,,,,,,,,,,,,,,,,,,
real,300,gulf,5,LSTM-rec,0,crossing,11,480,13.150518802359974,13.150518802359974,1.1290470854303898,,,,,,,,,,,,,,,,,,,,
real,300,gulf,5,LSTM-ms,0,buffer,0,28,25.35435737955294,25.35435737955294,0.5058560014619379,,,,,,,,,,,,,,,,,,,,
real,300,gulf,5,LSTM-ms,0,buffer,1,44,11.332126685185765,11.332126685185765,0.016152624923514217,,,,,,,,,,,,,,,,,,,,
real,300,gulf,5,LSTM-ms,0,buffer,2,81,21.98979085267937,21.98979085267937,0.45179250906761426,,,,,,,,,,,,,,,,,,,,
real,300,gulf,5,LSTM-ms,0,buffer,3,246,19.529938075185612,19.529938075185612,0.38012669328412113,,,,,,,,,,,,,,,,,,,,
real,300,gulf,5,LSTM-ms,0,buffer,4,294,13.022238698802546,13.022238698802546,1.3860819582904345,,,,,,,,,,,,,,,,,,,,
real,300,gulf,5,LSTM-ms,0,buffer,5,313,16.256677842821567,16.256677842821567,0.09249248378887834,,,,,,,,,,,,,,,,,,,,
real,300,gulf,5,LSTM-ms,0,buffer,6,314,9.023558407683426,9.023558407683426,0.48473081973887217,,,,,,,,,,,,,,,,,243.0,242.0,241.0,196.0
real,300,gulf,5,LSTM-ms,0,buffer,7,340,5.058884516264538,5.058884516264538,0.07065939944086942,,,,,,,,,,,,,,,,8.0,8.0,8.0,7.0,7.0
real,300,gulf,5,LSTM-ms,0,buffer,8,356,6.518072117918011,6.518072117918011,0.46574435083213933,,,,,,,,,,,,98.0,97.0,96.0,95.0,94.0,93.0,92.0,91.0,74.0
real,300,gulf,5,LSTM-ms,0,buffer,9,364,23.50913895151647,23.50913895151647,1.2881256341144804,,,,,,,,,,,,,,,,,,,,
real,300,gulf,5,LSTM-ms,0,buffer,10,397,18.681038668370135,18.681038668370135,0.5498390730477987,,,,,,,,,,,,,,,,,,,,
real,300,gulf,5,LSTM-ms,0,buffer,11,480,13.150518802359974,13.150518802359974,1.1290470854303898,,,,,,,,,,,,,,,,,,,,
real,300,gulf,5,LSTM-ms,0,crossing,0,28,25.35435737955294,25.35435737955294,0.5058560014619379,,,,,,,,,,,,,,,,,,,,
real,300,gulf,5,LSTM-ms,0,crossing,1,44,11.332126685185765,11.332126685185765,0.016152624923514217,,,,,,,,,,,,,,,,,,,,
real,300,gulf,5,LSTM-ms,0,crossing,2,81,21.98979085267937,21.98979085267937,0.45179250906761426,,,,,,,,,,,,,,,,,,,,
real,300,gulf,5,LSTM-ms,0,crossing,3,246,19.529938075185612,19.529938075185612,0.38012669328412113,,,,,,,,,,,,,,,,,,,,
real,300,gulf,5,LSTM-ms,0,crossing,4,294,13.022238698802546,13.022238698802546,1.3860819582904345,,,,,,,,,,,,,,,,,,,,
real,300,gulf,5,LSTM-ms,0,crossing,5,313,16.256677842821567,16.256677842821567,0.09249248378887834,,,,,,,,,,,,,,,,,,,,
real,300,gulf,5,LSTM-ms,0,crossing,6,314,9.023558407683426,9.023558407683426,0.48473081973887217,,,,,,,,,,,,,,,,,,,,
real,300,gulf,5,LSTM-ms,0,crossing,7,340,5.058884516264538,5.058884516264538,0.07065939944086942,,,,,,,,,,,,,,,,,,,,
real,300,gulf,5,LSTM-ms,0,crossing,8,356,6.518072117918011,6.518072117918011,0.46574435083213933,,,,,,,,,,,,,,,,,,97.0,96.0,96.0
real,300,gulf,5,LSTM-ms,0,crossing,9,364,23.50913895151647,23.50913895151647,1.2881256341144804,,,,,,,,,,,,,,,,,,,,
real,300,gulf,5,LSTM-ms,0,crossing,10,397,18.681038668370135,18.681038668370135,0.5498390730477987,,,,,,,,,,,,,,,,,,,,
real,300,gulf,5,LSTM-ms,0,crossing,11,480,13.150518802359974,13.150518802359974,1.1290470854303898,,,,,,,,,,,,,,,,,,,,
real,300,gulf,5,LSTM-rec,1,buffer,0,28,25.35435737955294,25.35435737955294,0.5058560014619379,,,,,,,,,,,,,,,,,,,,
real,300,gulf,5,LSTM-rec,1,buffer,1,44,11.332126685185765,11.332126685185765,0.016152624923514217,,,,,,,,,,,,,,,,,,,,
real,300,gulf,5,LSTM-rec,1,buffer,2,81,21.98979085267937,21.98979085267937,0.45179250906761426,,,,,,,,,,,,,,,,,,,,
real,300,gulf,5,LSTM-rec,1,buffer,3,246,19.529938075185612,19.529938075185612,0.38012669328412113,,,,,,,,,,,,,,,,,,,,
real,300,gulf,5,LSTM-rec,1,buffer,4,294,13.022238698802546,13.022238698802546,1.3860819582904345,,,,,,,,,,,,,,,,,,,,
real,300,gulf,5,LSTM-rec,1,buffer,5,313,16.256677842821567,16.256677842821567,0.09249248378887834,,,,,,,,,,,,,,,,,,,,
real,300,gulf,5,LSTM-rec,1,buffer,6,314,9.023558407683426,9.023558407683426,0.48473081973887217,,,,,,,,,,,,,,,,,,,,
real,300,gulf,5,LSTM-rec,1,buffer,7,340,5.058884516264538,5.058884516264538,0.07065939944086942,,,,,,,,,,,,,,,,,,,,
real,300,gulf,5,LSTM-rec,1,buffer,8,356,6.518072117918011,6.518072117918011,0.46574435083213933,,,,,,,,,,,,,,,,,,,,
real,300,gulf,5,LSTM-rec,1,buffer,9,364,23.50913895151647,23.50913895151647,1.2881256341144804,,,,,,,,,,,,,,,,,,,,
real,300,gulf,5,LSTM-rec,1,buffer,10,397,18.681038668370135,18.681038668370135,0.5498390730477987,,,,,,,,,,,,,,,,,,,,
real,300,gulf,5,LSTM-rec,1,buffer,11,480,13.150518802359974,13.150518802359974,1.1290470854303898,,,,,,,,,,,,,,,,,,,,
real,300,gulf,5,LSTM-rec,1,crossing,0,28,25.35435737955294,25.35435737955294,0.5058560014619379,,,,,,,,,,,,,,,,,,,,
real,300,gulf,5,LSTM-rec,1,crossing,1,44,11.332126685185765,11.332126685185765,0.016152624923514217,,,,,,,,,,,,,,,,,,,,
real,300,gulf,5,LSTM-rec,1,crossing,2,81,21.98979085267937,21.98979085267937,0.45179250906761426,,,,,,,,,,,,,,,,,,,,
real,300,gulf,5,LSTM-rec,1,crossing,3,246,19.529938075185612,19.529938075185612,0.38012669328412113,,,,,,,,,,,,,,,,,,,,
real,300,gulf,5,LSTM-rec,1,crossing,4,294,13.022238698802546,13.022238698802546,1.3860819582904345,,,,,,,,,,,,,,,,,,,,
real,300,gulf,5,LSTM-rec,1,crossing,5,313,16.256677842821567,16.256677842821567,0.09249248378887834,,,,,,,,,,,,,,,,,,,,
real,300,gulf,5,LSTM-rec,1,crossing,6,314,9.023558407683426,9.023558407683426,0.48473081973887217,,,,,,,,,,,,,,,,,,,,
real,300,gulf,5,LSTM-rec,1,crossing,7,340,5.058884516264538,5.058884516264538,0.07065939944086942,,,,,,,,,,,,,,,,,,,,
real,300,gulf,5,LSTM-rec,1,crossing,8,356,6.518072117918011,6.518072117918011,0.46574435083213933,,,,,,,,,,,,,,,,,,,,
real,300,gulf,5,LSTM-rec,1,crossing,9,364,23.50913895151647,23.50913895151647,1.2881256341144804,,,,,,,,,,,,,,,,,,,,
real,300,gulf,5,LSTM-rec,1,crossing,10,397,18.681038668370135,18.681038668370135,0.5498390730477987,,,,,,,,,,,,,,,,,,,,
real,300,gulf,5,LSTM-rec,1,crossing,11,480,13.150518802359974,13.150518802359974,1.1290470854303898,,,,,,,,,,,,,,,,,,,,
real,300,gulf,5,LSTM-ms,1,buffer,0,28,25.35435737955294,25.35435737955294,0.5058560014619379,,,,,,,,,,,,,,,,,,,,
real,300,gulf,5,LSTM-ms,1,buffer,1,44,11.332126685185765,11.332126685185765,0.016152624923514217,,,,,,,,,,,,,,,,,,,,
real,300,gulf,5,LSTM-ms,1,buffer,2,81,21.98979085267937,21.98979085267937,0.45179250906761426,,,,,,,,,,,,,,,,,,,,
real,300,gulf,5,LSTM-ms,1,buffer,3,246,19.529938075185612,19.529938075185612,0.38012669328412113,,,,,,,,,,,,,,,,,,,,
real,300,gulf,5,LSTM-ms,1,buffer,4,294,13.022238698802546,13.022238698802546,1.3860819582904345,,,,,,,,,,,,,,,,,,,,
real,300,gulf,5,LSTM-ms,1,buffer,5,313,16.256677842821567,16.256677842821567,0.09249248378887834,,,,,,,,,,,,,,,,,,,,
real,300,gulf,5,LSTM-ms,1,buffer,6,314,9.023558407683426,9.023558407683426,0.48473081973887217,,,,,,,,,,,,,,,,,,,,
real,300,gulf,5,LSTM-ms,1,buffer,7,340,5.058884516264538,5.058884516264538,0.07065939944086942,,,,,,,,,,,,,,,,,,,,
real,300,gulf,5,LSTM-ms,1,buffer,8,356,6.518072117918011,6.518072117918011,0.46574435083213933,,,,,,,,,,,,,,,,474.0,474.0,473.0,473.0,472.0
real,300,gulf,5,LSTM-ms,1,buffer,9,364,23.50913895151647,23.50913895151647,1.2881256341144804,,,,,,,,,,,,,,,,,,,,
real,300,gulf,5,LSTM-ms,1,buffer,10,397,18.681038668370135,18.681038668370135,0.5498390730477987,,,,,,,,,,,,,,,,,,,,
real,300,gulf,5,LSTM-ms,1,buffer,11,480,13.150518802359974,13.150518802359974,1.1290470854303898,,,,,,,,,,,,,,,,,,,,
real,300,gulf,5,LSTM-ms,1,crossing,0,28,25.35435737955294,25.35435737955294,0.5058560014619379,,,,,,,,,,,,,,,,,,,,
real,300,gulf,5,LSTM-ms,1,crossing,1,44,11.332126685185765,11.332126685185765,0.016152624923514217,,,,,,,,,,,,,,,,,,,,
real,300,gulf,5,LSTM-ms,1,crossing,2,81,21.98979085267937,21.98979085267937,0.45179250906761426,,,,,,,,,,,,,,,,,,,,
real,300,gulf,5,LSTM-ms,1,crossing,3,246,19.529938075185612,19.529938075185612,0.38012669328412113,,,,,,,,,,,,,,,,,,,,
real,300,gulf,5,LSTM-ms,1,crossing,4,294,13.022238698802546,13.022238698802546,1.3860819582904345,,,,,,,,,,,,,,,,,,,,
real,300,gulf,5,LSTM-ms,1,crossing,5,313,16.256677842821567,16.256677842821567,0.09249248378887834,,,,,,,,,,,,,,,,,,,,
real,300,gulf,5,LSTM-ms,1,crossing,6,314,9.023558407683426,9.023558407683426,0.48473081973887217,,,,,,,,,,,,,,,,,,,,
real,300,gulf,5,LSTM-ms,1,crossing,7,340,5.058884516264538,5.058884516264538,0.07065939944086942,,,,,,,,,,,,,,,,,,,,
real,300,gulf,5,LSTM-ms,1,crossing,8,356,6.518072117918011,6.518072117918011,0.46574435083213933,,,,,,,,,,,,,,,,,,,,474.0
real,300,gulf,5,LSTM-ms,1,crossing,9,364,23.50913895151647,23.50913895151647,1.2881256341144804,,,,,,,,,,,,,,,,,,,,
real,300,gulf,5,LSTM-ms,1,crossing,10,397,18.681038668370135,18.681038668370135,0.5498390730477987,,,,,,,,,,,,,,,,,,,,
real,300,gulf,5,LSTM-ms,1,crossing,11,480,13.150518802359974,13.150518802359974,1.1290470854303898,,,,,,,,,,,,,,,,,,,,
real,300,gulf,5,LSTM-rec,2,buffer,0,28,25.35435737955294,25.35435737955294,0.5058560014619379,,,,,,,,,,,,,,,,,,,,
real,300,gulf,5,LSTM-rec,2,buffer,1,44,11.332126685185765,11.332126685185765,0.016152624923514217,,,,,,,,,,,,,,,,,,,,
real,300,gulf,5,LSTM-rec,2,buffer,2,81,21.98979085267937,21.98979085267937,0.45179250906761426,,,,,,,,,,,,,,,,,,,,
real,300,gulf,5,LSTM-rec,2,buffer,3,246,19.529938075185612,19.529938075185612,0.38012669328412113,,,,,,,,,,,,,,,,,,,,
real,300,gulf,5,LSTM-rec,2,buffer,4,294,13.022238698802546,13.022238698802546,1.3860819582904345,,,,,,,,,,,,,,,,,,,,
real,300,gulf,5,LSTM-rec,2,buffer,5,313,16.256677842821567,16.256677842821567,0.09249248378887834,,,,,,,,,,,,,,,,,,,,
real,300,gulf,5,LSTM-rec,2,buffer,6,314,9.023558407683426,9.023558407683426,0.48473081973887217,,,,,,,,,,,,,,,243.0,242.0,241.0,195.0,194.0,193.0
real,300,gulf,5,LSTM-rec,2,buffer,7,340,5.058884516264538,5.058884516264538,0.07065939944086942,,,,,,,,,,,,,,8.0,8.0,7.0,7.0,6.0,6.0,6.0
real,300,gulf,5,LSTM-rec,2,buffer,8,356,6.518072117918011,6.518072117918011,0.46574435083213933,,,,,,,,,,,,97.0,96.0,95.0,94.0,93.0,74.0,73.0,72.0,72.0
real,300,gulf,5,LSTM-rec,2,buffer,9,364,23.50913895151647,23.50913895151647,1.2881256341144804,,,,,,,,,,,,,,,,,,,,
real,300,gulf,5,LSTM-rec,2,buffer,10,397,18.681038668370135,18.681038668370135,0.5498390730477987,,,,,,,,,,,,,,,,,,,,
real,300,gulf,5,LSTM-rec,2,buffer,11,480,13.150518802359974,13.150518802359974,1.1290470854303898,,,,,,,,,,,,,,,,,,,,
real,300,gulf,5,LSTM-rec,2,crossing,0,28,25.35435737955294,25.35435737955294,0.5058560014619379,,,,,,,,,,,,,,,,,,,,
real,300,gulf,5,LSTM-rec,2,crossing,1,44,11.332126685185765,11.332126685185765,0.016152624923514217,,,,,,,,,,,,,,,,,,,,
real,300,gulf,5,LSTM-rec,2,crossing,2,81,21.98979085267937,21.98979085267937,0.45179250906761426,,,,,,,,,,,,,,,,,,,,
real,300,gulf,5,LSTM-rec,2,crossing,3,246,19.529938075185612,19.529938075185612,0.38012669328412113,,,,,,,,,,,,,,,,,,,,
real,300,gulf,5,LSTM-rec,2,crossing,4,294,13.022238698802546,13.022238698802546,1.3860819582904345,,,,,,,,,,,,,,,,,,,,
real,300,gulf,5,LSTM-rec,2,crossing,5,313,16.256677842821567,16.256677842821567,0.09249248378887834,,,,,,,,,,,,,,,,,,,,
real,300,gulf,5,LSTM-rec,2,crossing,6,314,9.023558407683426,9.023558407683426,0.48473081973887217,,,,,,,,,,,,,,,,,,,243.0,242.0
real,300,gulf,5,LSTM-rec,2,crossing,7,340,5.058884516264538,5.058884516264538,0.07065939944086942,,,,,,,,,,,,,,,,,,,,8.0
real,300,gulf,5,LSTM-rec,2,crossing,8,356,6.518072117918011,6.518072117918011,0.46574435083213933,,,,,,,,,,,,,,,,97.0,96.0,95.0,94.0,93.0
real,300,gulf,5,LSTM-rec,2,crossing,9,364,23.50913895151647,23.50913895151647,1.2881256341144804,,,,,,,,,,,,,,,,,,,,
real,300,gulf,5,LSTM-rec,2,crossing,10,397,18.681038668370135,18.681038668370135,0.5498390730477987,,,,,,,,,,,,,,,,,,,,
real,300,gulf,5,LSTM-rec,2,crossing,11,480,13.150518802359974,13.150518802359974,1.1290470854303898,,,,,,,,,,,,,,,,,,,,
real,300,gulf,5,LSTM-ms,2,buffer,0,28,25.35435737955294,25.35435737955294,0.5058560014619379,,,,,,,,,,,,,,,,,,,,
real,300,gulf,5,LSTM-ms,2,buffer,1,44,11.332126685185765,11.332126685185765,0.016152624923514217,,,,,,,,,,,,,,,,,,,,
real,300,gulf,5,LSTM-ms,2,buffer,2,81,21.98979085267937,21.98979085267937,0.45179250906761426,,,,,,,,,,,,,,,,,,,,
real,300,gulf,5,LSTM-ms,2,buffer,3,246,19.529938075185612,19.529938075185612,0.38012669328412113,,,,,,,,,,,,,,,,,,,,
real,300,gulf,5,LSTM-ms,2,buffer,4,294,13.022238698802546,13.022238698802546,1.3860819582904345,,,,,,,,,,,,,,,,,,,,
real,300,gulf,5,LSTM-ms,2,buffer,5,313,16.256677842821567,16.256677842821567,0.09249248378887834,,,,,,,,,,,,,,,,,,,,
real,300,gulf,5,LSTM-ms,2,buffer,6,314,9.023558407683426,9.023558407683426,0.48473081973887217,,,,,,,,,,,,,,,,,,,,
real,300,gulf,5,LSTM-ms,2,buffer,7,340,5.058884516264538,5.058884516264538,0.07065939944086942,,,,,,,,,,,,,,,,,,,,
real,300,gulf,5,LSTM-ms,2,buffer,8,356,6.518072117918011,6.518072117918011,0.46574435083213933,,,,,,,,,,,,,,,,,,,,
real,300,gulf,5,LSTM-ms,2,buffer,9,364,23.50913895151647,23.50913895151647,1.2881256341144804,,,,,,,,,,,,,,,,,,,,
real,300,gulf,5,LSTM-ms,2,buffer,10,397,18.681038668370135,18.681038668370135,0.5498390730477987,,,,,,,,,,,,,,,,,,,,
real,300,gulf,5,LSTM-ms,2,buffer,11,480,13.150518802359974,13.150518802359974,1.1290470854303898,,,,,,,,,,,,,,,,,,,,
real,300,gulf,5,LSTM-ms,2,crossing,0,28,25.35435737955294,25.35435737955294,0.5058560014619379,,,,,,,,,,,,,,,,,,,,
real,300,gulf,5,LSTM-ms,2,crossing,1,44,11.332126685185765,11.332126685185765,0.016152624923514217,,,,,,,,,,,,,,,,,,,,
real,300,gulf,5,LSTM-ms,2,crossing,2,81,21.98979085267937,21.98979085267937,0.45179250906761426,,,,,,,,,,,,,,,,,,,,
real,300,gulf,5,LSTM-ms,2,crossing,3,246,19.529938075185612,19.529938075185612,0.38012669328412113,,,,,,,,,,,,,,,,,,,,
real,300,gulf,5,LSTM-ms,2,crossing,4,294,13.022238698802546,13.022238698802546,1.3860819582904345,,,,,,,,,,,,,,,,,,,,
real,300,gulf,5,LSTM-ms,2,crossing,5,313,16.256677842821567,16.256677842821567,0.09249248378887834,,,,,,,,,,,,,,,,,,,,
real,300,gulf,5,LSTM-ms,2,crossing,6,314,9.023558407683426,9.023558407683426,0.48473081973887217,,,,,,,,,,,,,,,,,,,,
real,300,gulf,5,LSTM-ms,2,crossing,7,340,5.058884516264538,5.058884516264538,0.07065939944086942,,,,,,,,,,,,,,,,,,,,
real,300,gulf,5,LSTM-ms,2,crossing,8,356,6.518072117918011,6.518072117918011,0.46574435083213933,,,,,,,,,,,,,,,,,,,,
real,300,gulf,5,LSTM-ms,2,crossing,9,364,23.50913895151647,23.50913895151647,1.2881256341144804,,,,,,,,,,,,,,,,,,,,
real,300,gulf,5,LSTM-ms,2,crossing,10,397,18.681038668370135,18.681038668370135,0.5498390730477987,,,,,,,,,,,,,,,,,,,,
real,300,gulf,5,LSTM-ms,2,crossing,11,480,13.150518802359974,13.150518802359974,1.1290470854303898,,,,,,,,,,,,,,,,,,,,
real,300,gulf,5,LSTM-rec,3,buffer,0,28,25.35435737955294,25.35435737955294,0.5058560014619379,,,,,,,,,,,,,,,,,,,,
real,300,gulf,5,LSTM-rec,3,buffer,1,44,11.332126685185765,11.332126685185765,0.016152624923514217,,,,,,,,,,,,,,,,,,,,
real,300,gulf,5,LSTM-rec,3,buffer,2,81,21.98979085267937,21.98979085267937,0.45179250906761426,,,,,,,,,,,,,,,,,,,,
real,300,gulf,5,LSTM-rec,3,buffer,3,246,19.529938075185612,19.529938075185612,0.38012669328412113,,,,,,,,,,,,,,,,,,,,
real,300,gulf,5,LSTM-rec,3,buffer,4,294,13.022238698802546,13.022238698802546,1.3860819582904345,,,,,,,,,,,,,,,,,,,,
real,300,gulf,5,LSTM-rec,3,buffer,5,313,16.256677842821567,16.256677842821567,0.09249248378887834,,,,,,,,,,,,,,,,,,,,
real,300,gulf,5,LSTM-rec,3,buffer,6,314,9.023558407683426,9.023558407683426,0.48473081973887217,,,,,,,,,,,,,,,243.0,242.0,241.0,195.0,194.0,193.0
real,300,gulf,5,LSTM-rec,3,buffer,7,340,5.058884516264538,5.058884516264538,0.07065939944086942,,,,,,,,,,,,,,8.0,8.0,7.0,7.0,6.0,6.0,6.0
real,300,gulf,5,LSTM-rec,3,buffer,8,356,6.518072117918011,6.518072117918011,0.46574435083213933,,,,,,,,,,,,97.0,96.0,95.0,94.0,93.0,74.0,73.0,72.0,72.0
real,300,gulf,5,LSTM-rec,3,buffer,9,364,23.50913895151647,23.50913895151647,1.2881256341144804,,,,,,,,,,,,,,,,,,,,
real,300,gulf,5,LSTM-rec,3,buffer,10,397,18.681038668370135,18.681038668370135,0.5498390730477987,,,,,,,,,,,,,,,,,,,,
real,300,gulf,5,LSTM-rec,3,buffer,11,480,13.150518802359974,13.150518802359974,1.1290470854303898,,,,,,,,,,,,,,,,,,,,
real,300,gulf,5,LSTM-rec,3,crossing,0,28,25.35435737955294,25.35435737955294,0.5058560014619379,,,,,,,,,,,,,,,,,,,,
real,300,gulf,5,LSTM-rec,3,crossing,1,44,11.332126685185765,11.332126685185765,0.016152624923514217,,,,,,,,,,,,,,,,,,,,
real,300,gulf,5,LSTM-rec,3,crossing,2,81,21.98979085267937,21.98979085267937,0.45179250906761426,,,,,,,,,,,,,,,,,,,,
real,300,gulf,5,LSTM-rec,3,crossing,3,246,19.529938075185612,19.529938075185612,0.38012669328412113,,,,,,,,,,,,,,,,,,,,
real,300,gulf,5,LSTM-rec,3,crossing,4,294,13.022238698802546,13.022238698802546,1.3860819582904345,,,,,,,,,,,,,,,,,,,,
real,300,gulf,5,LSTM-rec,3,crossing,5,313,16.256677842821567,16.256677842821567,0.09249248378887834,,,,,,,,,,,,,,,,,,,,
real,300,gulf,5,LSTM-rec,3,crossing,6,314,9.023558407683426,9.023558407683426,0.48473081973887217,,,,,,,,,,,,,,,,,,,243.0,242.0
real,300,gulf,5,LSTM-rec,3,crossing,7,340,5.058884516264538,5.058884516264538,0.07065939944086942,,,,,,,,,,,,,,,,,,,8.0,8.0
real,300,gulf,5,LSTM-rec,3,crossing,8,356,6.518072117918011,6.518072117918011,0.46574435083213933,,,,,,,,,,,,,,,,97.0,96.0,95.0,94.0,93.0
real,300,gulf,5,LSTM-rec,3,crossing,9,364,23.50913895151647,23.50913895151647,1.2881256341144804,,,,,,,,,,,,,,,,,,,,
real,300,gulf,5,LSTM-rec,3,crossing,10,397,18.681038668370135,18.681038668370135,0.5498390730477987,,,,,,,,,,,,,,,,,,,,
real,300,gulf,5,LSTM-rec,3,crossing,11,480,13.150518802359974,13.150518802359974,1.1290470854303898,,,,,,,,,,,,,,,,,,,,
real,300,gulf,5,LSTM-ms,3,buffer,0,28,25.35435737955294,25.35435737955294,0.5058560014619379,,,,,,,,,,,,,,,,,,,,
real,300,gulf,5,LSTM-ms,3,buffer,1,44,11.332126685185765,11.332126685185765,0.016152624923514217,,,,,,,,,,,,,,,,,,,,
real,300,gulf,5,LSTM-ms,3,buffer,2,81,21.98979085267937,21.98979085267937,0.45179250906761426,,,,,,,,,,,,,,,,,,,,
real,300,gulf,5,LSTM-ms,3,buffer,3,246,19.529938075185612,19.529938075185612,0.38012669328412113,,,,,,,,,,,,,,,,,,,,
real,300,gulf,5,LSTM-ms,3,buffer,4,294,13.022238698802546,13.022238698802546,1.3860819582904345,,,,,,,,,,,,,,,,,,,,
real,300,gulf,5,LSTM-ms,3,buffer,5,313,16.256677842821567,16.256677842821567,0.09249248378887834,,,,,,,,,,,,,,,,,,,,
real,300,gulf,5,LSTM-ms,3,buffer,6,314,9.023558407683426,9.023558407683426,0.48473081973887217,,,,,,,,,,,,,,243.0,243.0,242.0,196.0,195.0,194.0,55.0
real,300,gulf,5,LSTM-ms,3,buffer,7,340,5.058884516264538,5.058884516264538,0.07065939944086942,,,,,,,,,,,8.0,8.0,8.0,7.0,6.0,6.0,6.0,6.0,6.0,6.0
real,300,gulf,5,LSTM-ms,3,buffer,8,356,6.518072117918011,6.518072117918011,0.46574435083213933,,,,,,,,,,97.0,96.0,96.0,95.0,94.0,93.0,74.0,74.0,73.0,73.0,72.0
real,300,gulf,5,LSTM-ms,3,buffer,9,364,23.50913895151647,23.50913895151647,1.2881256341144804,,,,,,,,,,,,,,,,,,,,
real,300,gulf,5,LSTM-ms,3,buffer,10,397,18.681038668370135,18.681038668370135,0.5498390730477987,,,,,,,,,,,,,,,,,,,,
real,300,gulf,5,LSTM-ms,3,buffer,11,480,13.150518802359974,13.150518802359974,1.1290470854303898,,,,,,,,,,,,,,,,,,,,
real,300,gulf,5,LSTM-ms,3,crossing,0,28,25.35435737955294,25.35435737955294,0.5058560014619379,,,,,,,,,,,,,,,,,,,,
real,300,gulf,5,LSTM-ms,3,crossing,1,44,11.332126685185765,11.332126685185765,0.016152624923514217,,,,,,,,,,,,,,,,,,,,
real,300,gulf,5,LSTM-ms,3,crossing,2,81,21.98979085267937,21.98979085267937,0.45179250906761426,,,,,,,,,,,,,,,,,,,,
real,300,gulf,5,LSTM-ms,3,crossing,3,246,19.529938075185612,19.529938075185612,0.38012669328412113,,,,,,,,,,,,,,,,,,,,
real,300,gulf,5,LSTM-ms,3,crossing,4,294,13.022238698802546,13.022238698802546,1.3860819582904345,,,,,,,,,,,,,,,,,,,,
real,300,gulf,5,LSTM-ms,3,crossing,5,313,16.256677842821567,16.256677842821567,0.09249248378887834,,,,,,,,,,,,,,,,,,,,
real,300,gulf,5,LSTM-ms,3,crossing,6,314,9.023558407683426,9.023558407683426,0.48473081973887217,,,,,,,,,,,,,,,,,,,243.0,242.0
real,300,gulf,5,LSTM-ms,3,crossing,7,340,5.058884516264538,5.058884516264538,0.07065939944086942,,,,,,,,,,,,,,,,,,,,8.0
real,300,gulf,5,LSTM-ms,3,crossing,8,356,6.518072117918011,6.518072117918011,0.46574435083213933,,,,,,,,,,,,474.0,474.0,473.0,97.0,96.0,96.0,95.0,94.0,92.0
real,300,gulf,5,LSTM-ms,3,crossing,9,364,23.50913895151647,23.50913895151647,1.2881256341144804,,,,,,,,,,,,,,,,,,,,
real,300,gulf,5,LSTM-ms,3,crossing,10,397,18.681038668370135,18.681038668370135,0.5498390730477987,,,,,,,,,,,,,,,,,,,,
real,300,gulf,5,LSTM-ms,3,crossing,11,480,13.150518802359974,13.150518802359974,1.1290470854303898,,,,,,,,,,,,,,,,,,,,
real,300,gulf,5,LSTM-rec,4,buffer,0,28,25.35435737955294,25.35435737955294,0.5058560014619379,,,,,,,,,,,,,,,475.0,470.0,464.0,459.0,454.0,449.0
real,300,gulf,5,LSTM-rec,4,buffer,1,44,11.332126685185765,11.332126685185765,0.016152624923514217,,,,,,,,136.0,134.0,6.0,6.0,6.0,6.0,6.0,6.0,6.0,6.0,6.0,6.0,6.0
real,300,gulf,5,LSTM-rec,4,buffer,2,81,21.98979085267937,21.98979085267937,0.45179250906761426,,,,,,,,,,,,,,90.0,80.0,55.0,36.0,29.0,27.0,17.0
real,300,gulf,5,LSTM-rec,4,buffer,3,246,19.529938075185612,19.529938075185612,0.38012669328412113,,,,,,,,,,,,,,16.0,14.0,6.0,6.0,6.0,6.0,6.0
real,300,gulf,5,LSTM-rec,4,buffer,4,294,13.022238698802546,13.022238698802546,1.3860819582904345,,,,,,,,,,,,,,,,,,,,6.0
real,300,gulf,5,LSTM-rec,4,buffer,5,313,16.256677842821567,16.256677842821567,0.09249248378887834,,,,,,,,,,96.0,95.0,93.0,82.0,6.0,6.0,6.0,6.0,6.0,6.0,6.0
real,300,gulf,5,LSTM-rec,4,buffer,6,314,9.023558407683426,9.023558407683426,0.48473081973887217,,,,,,,196.0,29.0,10.0,6.0,6.0,6.0,6.0,6.0,6.0,6.0,6.0,6.0,6.0,6.0
real,300,gulf,5,LSTM-rec,4,buffer,7,340,5.058884516264538,5.058884516264538,0.07065939944086942,,,,,6.0,6.0,6.0,6.0,6.0,6.0,6.0,6.0,6.0,6.0,6.0,6.0,6.0,6.0,6.0,6.0
real,300,gulf,5,LSTM-rec,4,buffer,8,356,6.518072117918011,6.518072117918011,0.46574435083213933,,,,,,95.0,74.0,71.0,66.0,62.0,21.0,6.0,6.0,6.0,6.0,6.0,6.0,6.0,6.0,6.0
real,300,gulf,5,LSTM-rec,4,buffer,9,364,23.50913895151647,23.50913895151647,1.2881256341144804,,,,,,,,,,,,,,,,,,,,25.0
real,300,gulf,5,LSTM-rec,4,buffer,10,397,18.681038668370135,18.681038668370135,0.5498390730477987,,,,,,,,,,,,,,,,,6.0,6.0,6.0,6.0
real,300,gulf,5,LSTM-rec,4,buffer,11,480,13.150518802359974,13.150518802359974,1.1290470854303898,,,,,,,,,,,,,,,,6.0,6.0,6.0,6.0,6.0
real,300,gulf,5,LSTM-rec,4,crossing,0,28,25.35435737955294,25.35435737955294,0.5058560014619379,,,,,,,,,,,,,,,,474.0,469.0,463.0,458.0,453.0
real,300,gulf,5,LSTM-rec,4,crossing,1,44,11.332126685185765,11.332126685185765,0.016152624923514217,,,,,,,,,,135.0,6.0,6.0,6.0,6.0,6.0,6.0,6.0,6.0,6.0,6.0
real,300,gulf,5,LSTM-rec,4,crossing,2,81,21.98979085267937,21.98979085267937,0.45179250906761426,,,,,,,,,,,,,,,90.0,79.0,54.0,35.0,28.0,21.0
real,300,gulf,5,LSTM-rec,4,crossing,3,246,19.529938075185612,19.529938075185612,0.38012669328412113,,,,,,,,,,,,,,,15.0,14.0,6.0,6.0,6.0,6.0
real,300,gulf,5,LSTM-rec,4,crossing,4,294,13.022238698802546,13.022238698802546,1.3860819582904345,,,,,,,,,,,,,,,,,,,,6.0
real,300,gulf,5,LSTM-rec,4,crossing,5,313,16.256677842821567,16.256677842821567,0.09249248378887834,,,,,,,,,,,96.0,95.0,93.0,82.0,6.0,6.0,6.0,6.0,6.0,6.0
real,300,gulf,5,LSTM-rec,4,crossing,6,314,9.023558407683426,9.023558407683426,0.48473081973887217,,,,,,,,242.0,33.0,10.0,6.0,6.0,6.0,6.0,6.0,6.0,6.0,6.0,6.0,6.0
real,300,gulf,5,LSTM-rec,4,crossing,7,340,5.058884516264538,5.058884516264538,0.07065939944086942,,,,,,8.0,6.0,6.0,6.0,6.0,6.0,6.0,6.0,6.0,6.0,6.0,6.0,6.0,6.0,6.0
real,300,gulf,5,LSTM-rec,4,crossing,8,356,6.518072117918011,6.518072117918011,0.46574435083213933,,,,,,,96.0,74.0,71.0,67.0,63.0,21.0,6.0,6.0,6.0,6.0,6.0,6.0,6.0,6.0
real,300,gulf,5,LSTM-rec,4,crossing,9,364,23.50913895151647,23.50913895151647,1.2881256341144804,,,,,,,,,,,,,,,,,,,,
real,300,gulf,5,LSTM-rec,4,crossing,10,397,18.681038668370135,18.681038668370135,0.5498390730477987,,,,,,,,,,,,,,,,,,6.0,6.0,6.0
real,300,gulf,5,LSTM-rec,4,crossing,11,480,13.150518802359974,13.150518802359974,1.1290470854303898,,,,,,,,,,,,,,,,,6.0,6.0,6.0,6.0
real,300,gulf,5,LSTM-ms,4,buffer,0,28,25.35435737955294,25.35435737955294,0.5058560014619379,,,,,,,,,,,,,,,,,,,,
real,300,gulf,5,LSTM-ms,4,buffer,1,44,11.332126685185765,11.332126685185765,0.016152624923514217,,,,,,,,,,,,,,,,,,,,
real,300,gulf,5,LSTM-ms,4,buffer,2,81,21.98979085267937,21.98979085267937,0.45179250906761426,,,,,,,,,,,,,,,,,,,,
real,300,gulf,5,LSTM-ms,4,buffer,3,246,19.529938075185612,19.529938075185612,0.38012669328412113,,,,,,,,,,,,,,,,,,,,
real,300,gulf,5,LSTM-ms,4,buffer,4,294,13.022238698802546,13.022238698802546,1.3860819582904345,,,,,,,,,,,,,,,,,,,,
real,300,gulf,5,LSTM-ms,4,buffer,5,313,16.256677842821567,16.256677842821567,0.09249248378887834,,,,,,,,,,,,,,,,,,,,
real,300,gulf,5,LSTM-ms,4,buffer,6,314,9.023558407683426,9.023558407683426,0.48473081973887217,,,,,,,,,,,,,,,,,,,,
real,300,gulf,5,LSTM-ms,4,buffer,7,340,5.058884516264538,5.058884516264538,0.07065939944086942,,,,,,,,,,,,,,,,,,,,
real,300,gulf,5,LSTM-ms,4,buffer,8,356,6.518072117918011,6.518072117918011,0.46574435083213933,,,,,,,,,,,,,,,,,,474.0,474.0,97.0
real,300,gulf,5,LSTM-ms,4,buffer,9,364,23.50913895151647,23.50913895151647,1.2881256341144804,,,,,,,,,,,,,,,,,,,,
real,300,gulf,5,LSTM-ms,4,buffer,10,397,18.681038668370135,18.681038668370135,0.5498390730477987,,,,,,,,,,,,,,,,,,,,
real,300,gulf,5,LSTM-ms,4,buffer,11,480,13.150518802359974,13.150518802359974,1.1290470854303898,,,,,,,,,,,,,,,,,,,,
real,300,gulf,5,LSTM-ms,4,crossing,0,28,25.35435737955294,25.35435737955294,0.5058560014619379,,,,,,,,,,,,,,,,,,,,
real,300,gulf,5,LSTM-ms,4,crossing,1,44,11.332126685185765,11.332126685185765,0.016152624923514217,,,,,,,,,,,,,,,,,,,,
real,300,gulf,5,LSTM-ms,4,crossing,2,81,21.98979085267937,21.98979085267937,0.45179250906761426,,,,,,,,,,,,,,,,,,,,
real,300,gulf,5,LSTM-ms,4,crossing,3,246,19.529938075185612,19.529938075185612,0.38012669328412113,,,,,,,,,,,,,,,,,,,,
real,300,gulf,5,LSTM-ms,4,crossing,4,294,13.022238698802546,13.022238698802546,1.3860819582904345,,,,,,,,,,,,,,,,,,,,
real,300,gulf,5,LSTM-ms,4,crossing,5,313,16.256677842821567,16.256677842821567,0.09249248378887834,,,,,,,,,,,,,,,,,,,,
real,300,gulf,5,LSTM-ms,4,crossing,6,314,9.023558407683426,9.023558407683426,0.48473081973887217,,,,,,,,,,,,,,,,,,,,
real,300,gulf,5,LSTM-ms,4,crossing,7,340,5.058884516264538,5.058884516264538,0.07065939944086942,,,,,,,,,,,,,,,,,,,,
real,300,gulf,5,LSTM-ms,4,crossing,8,356,6.518072117918011,6.518072117918011,0.46574435083213933,,,,,,,,,,,,,,,,,,,,
real,300,gulf,5,LSTM-ms,4,crossing,9,364,23.50913895151647,23.50913895151647,1.2881256341144804,,,,,,,,,,,,,,,,,,,,
real,300,gulf,5,LSTM-ms,4,crossing,10,397,18.681038668370135,18.681038668370135,0.5498390730477987,,,,,,,,,,,,,,,,,,,,
real,300,gulf,5,LSTM-ms,4,crossing,11,480,13.150518802359974,13.150518802359974,1.1290470854303898,,,,,,,,,,,,,,,,,,,,
real,300,gulf,6,Reactive,0,zone,0,2,27.59790451256101,27.59790451256101,0.41362926858791255,,,,,,,,,,,,,,,,,,,,
real,300,gulf,6,Reactive,0,zone,1,150,2.625662940734188,2.625662940734188,0.42230115141350255,,,,,,,,,,,,,,,,,,,,
real,300,gulf,6,Reactive,0,zone,2,283,3.1345189335787067,3.1345189335787067,0.44973972138572604,,,,,,,,,,,,,,,,,,,,
real,300,gulf,6,Reactive,0,zone,3,287,26.554191537669084,26.554191537669084,1.1456876322166407,,,,,,,,,,,,,,,,,,,,
real,300,gulf,6,Reactive,0,zone,4,347,3.1711973963909412,3.1711973963909412,0.41145878231299415,,,,,,,,,,,,,,,,,,,,
real,300,gulf,6,Analytic,0,buffer,0,2,27.59790451256101,27.59790451256101,0.41362926858791255,,,,,,,,,,,,,,,,,,,,
real,300,gulf,6,Analytic,0,buffer,1,150,2.625662940734188,2.625662940734188,0.42230115141350255,,62.0,61.0,60.0,59.0,58.0,57.0,56.0,55.0,54.0,53.0,52.0,51.0,50.0,49.0,48.0,48.0,47.0,46.0,45.0
real,300,gulf,6,Analytic,0,buffer,2,283,3.1345189335787067,3.1345189335787067,0.44973972138572604,,,29.0,28.0,27.0,26.0,25.0,24.0,23.0,22.0,21.0,20.0,19.0,18.0,17.0,16.0,15.0,14.0,13.0,12.0
real,300,gulf,6,Analytic,0,buffer,3,287,26.554191537669084,26.554191537669084,1.1456876322166407,,,,,,,,,,,,,,,,,,,,
real,300,gulf,6,Analytic,0,buffer,4,347,3.1711973963909412,3.1711973963909412,0.41145878231299415,,,,59.0,58.0,57.0,56.0,55.0,55.0,54.0,52.0,51.0,50.0,49.0,48.0,47.0,46.0,45.0,44.0,43.0
real,300,gulf,6,Analytic,0,crossing,0,2,27.59790451256101,27.59790451256101,0.41362926858791255,,,,,,,,,,,,,,,,,,,,
real,300,gulf,6,Analytic,0,crossing,1,150,2.625662940734188,2.625662940734188,0.42230115141350255,,,,,,,62.0,61.0,60.0,59.0,58.0,57.0,56.0,56.0,55.0,54.0,53.0,52.0,51.0,50.0
real,300,gulf,6,Analytic,0,crossing,2,283,3.1345189335787067,3.1345189335787067,0.44973972138572604,,,,,,,29.0,29.0,28.0,27.0,26.0,25.0,24.0,23.0,22.0,21.0,20.0,19.0,18.0,17.0
real,300,gulf,6,Analytic,0,crossing,3,287,26.554191537669084,26.554191537669084,1.1456876322166407,,,,,,,,,,,,,,,,,,,,
real,300,gulf,6,Analytic,0,crossing,4,347,3.1711973963909412,3.1711973963909412,0.41145878231299415,,,,,,,,59.0,58.0,58.0,57.0,56.0,55.0,55.0,54.0,52.0,51.0,50.0,49.0,48.0
real,300,gulf,6,ConstVel,0,buffer,0,2,27.59790451256101,27.59790451256101,0.41362926858791255,,,,,,,,,,,,,,,,,,,,
real,300,gulf,6,ConstVel,0,buffer,1,150,2.625662940734188,2.625662940734188,0.42230115141350255,,62.0,62.0,60.0,59.0,58.0,57.0,56.0,55.0,54.0,53.0,53.0,52.0,50.0,49.0,48.0,48.0,46.0,46.0,44.0
real,300,gulf,6,ConstVel,0,buffer,2,283,3.1345189335787067,3.1345189335787067,0.44973972138572604,,,29.0,28.0,27.0,26.0,25.0,24.0,23.0,23.0,22.0,20.0,19.0,18.0,17.0,16.0,15.0,15.0,13.0,12.0
real,300,gulf,6,ConstVel,0,buffer,3,287,26.554191537669084,26.554191537669084,1.1456876322166407,,,,,,,,,,,,,,,,,,,,
real,300,gulf,6,ConstVel,0,buffer,4,347,3.1711973963909412,3.1711973963909412,0.41145878231299415,,,,59.0,58.0,55.0,55.0,55.0,54.0,54.0,52.0,51.0,50.0,49.0,48.0,47.0,46.0,45.0,44.0,44.0
real,300,gulf,6,ConstVel,0,crossing,0,2,27.59790451256101,27.59790451256101,0.41362926858791255,,,,,,,,,,,,,,,,,,,,
real,300,gulf,6,ConstVel,0,crossing,1,150,2.625662940734188,2.625662940734188,0.42230115141350255,,,,,,,62.0,62.0,60.0,59.0,57.0,57.0,56.0,55.0,54.0,54.0,53.0,52.0,50.0,49.0
real,300,gulf,6,ConstVel,0,crossing,2,283,3.1345189335787067,3.1345189335787067,0.44973972138572604,,,,,,,29.0,29.0,28.0,27.0,26.0,25.0,24.0,23.0,22.0,21.0,20.0,19.0,18.0,17.0
real,300,gulf,6,ConstVel,0,crossing,3,287,26.554191537669084,26.554191537669084,1.1456876322166407,,,,,,,,,,,,,,,,,,,,
real,300,gulf,6,ConstVel,0,crossing,4,347,3.1711973963909412,3.1711973963909412,0.41145878231299415,,,,,,,,,59.0,55.0,55.0,55.0,55.0,54.0,54.0,52.0,51.0,50.0,49.0,48.0
real,300,gulf,6,Kalman,0,buffer,0,2,27.59790451256101,27.59790451256101,0.41362926858791255,,,,,,,,,,,,,,,,,,,,
real,300,gulf,6,Kalman,0,buffer,1,150,2.625662940734188,2.625662940734188,0.42230115141350255,,62.0,61.0,60.0,59.0,58.0,57.0,56.0,55.0,54.0,54.0,53.0,51.0,50.0,49.0,49.0,48.0,46.0,46.0,45.0
real,300,gulf,6,Kalman,0,buffer,2,283,3.1345189335787067,3.1345189335787067,0.44973972138572604,,,29.0,28.0,27.0,26.0,25.0,24.0,23.0,23.0,22.0,20.0,19.0,18.0,17.0,16.0,15.0,14.0,13.0,12.0
real,300,gulf,6,Kalman,0,buffer,3,287,26.554191537669084,26.554191537669084,1.1456876322166407,,,,,,,,,,,,,,,,,,,,
real,300,gulf,6,Kalman,0,buffer,4,347,3.1711973963909412,3.1711973963909412,0.41145878231299415,,,,59.0,58.0,56.0,55.0,55.0,55.0,54.0,52.0,51.0,50.0,49.0,48.0,47.0,46.0,45.0,44.0,43.0
real,300,gulf,6,Kalman,0,crossing,0,2,27.59790451256101,27.59790451256101,0.41362926858791255,,,,,,,,,,,,,,,,,,,,
real,300,gulf,6,Kalman,0,crossing,1,150,2.625662940734188,2.625662940734188,0.42230115141350255,,,,,,,62.0,62.0,60.0,59.0,57.0,57.0,56.0,55.0,54.0,54.0,53.0,52.0,50.0,49.0
real,300,gulf,6,Kalman,0,crossing,2,283,3.1345189335787067,3.1345189335787067,0.44973972138572604,,,,,,,29.0,29.0,28.0,27.0,26.0,25.0,24.0,23.0,22.0,21.0,20.0,19.0,18.0,17.0
real,300,gulf,6,Kalman,0,crossing,3,287,26.554191537669084,26.554191537669084,1.1456876322166407,,,,,,,,,,,,,,,,,,,,
real,300,gulf,6,Kalman,0,crossing,4,347,3.1711973963909412,3.1711973963909412,0.41145878231299415,,,,,,,,,59.0,57.0,55.0,55.0,55.0,55.0,55.0,52.0,51.0,50.0,49.0,48.0
real,300,gulf,6,LSTM-rec,0,buffer,0,2,27.59790451256101,27.59790451256101,0.41362926858791255,,,,,,,,,,,,,,,,,,,,
real,300,gulf,6,LSTM-rec,0,buffer,1,150,2.625662940734188,2.625662940734188,0.42230115141350255,,62.0,62.0,62.0,61.0,60.0,60.0,60.0,60.0,60.0,60.0,60.0,60.0,60.0,60.0,60.0,60.0,60.0,60.0,60.0
real,300,gulf,6,LSTM-rec,0,buffer,2,283,3.1345189335787067,3.1345189335787067,0.44973972138572604,,,,29.0,29.0,29.0,28.0,28.0,28.0,28.0,28.0,28.0,28.0,28.0,28.0,28.0,28.0,28.0,28.0,28.0
real,300,gulf,6,LSTM-rec,0,buffer,3,287,26.554191537669084,26.554191537669084,1.1456876322166407,,,,,,,,,,,,,,,,,,,,
real,300,gulf,6,LSTM-rec,0,buffer,4,347,3.1711973963909412,3.1711973963909412,0.41145878231299415,,,,,,59.0,59.0,59.0,59.0,59.0,59.0,59.0,59.0,59.0,59.0,59.0,59.0,59.0,59.0,59.0
real,300,gulf,6,LSTM-rec,0,crossing,0,2,27.59790451256101,27.59790451256101,0.41362926858791255,,,,,,,,,,,,,,,,,,,,
real,300,gulf,6,LSTM-rec,0,crossing,1,150,2.625662940734188,2.625662940734188,0.42230115141350255,,,,,,,,,,,,,,,,,,,,
real,300,gulf,6,LSTM-rec,0,crossing,2,283,3.1345189335787067,3.1345189335787067,0.44973972138572604,,,,,,,,,,,,,,,,,,,,
real,300,gulf,6,LSTM-rec,0,crossing,3,287,26.554191537669084,26.554191537669084,1.1456876322166407,,,,,,,,,,,,,,,,,,,,
real,300,gulf,6,LSTM-rec,0,crossing,4,347,3.1711973963909412,3.1711973963909412,0.41145878231299415,,,,,,,,,,,,,,,,,,,,
real,300,gulf,6,LSTM-ms,0,buffer,0,2,27.59790451256101,27.59790451256101,0.41362926858791255,,,,,,,,,,,,,,,,,,,,
real,300,gulf,6,LSTM-ms,0,buffer,1,150,2.625662940734188,2.625662940734188,0.42230115141350255,,62.0,62.0,61.0,60.0,59.0,58.0,58.0,57.0,57.0,56.0,56.0,55.0,55.0,54.0,54.0,53.0,52.0,52.0,51.0
real,300,gulf,6,LSTM-ms,0,buffer,2,283,3.1345189335787067,3.1345189335787067,0.44973972138572604,,,29.0,29.0,28.0,28.0,27.0,26.0,26.0,25.0,25.0,24.0,24.0,23.0,22.0,22.0,21.0,21.0,20.0,19.0
real,300,gulf,6,LSTM-ms,0,buffer,3,287,26.554191537669084,26.554191537669084,1.1456876322166407,,,,,,,,,,,,,,,,,,,,
real,300,gulf,6,LSTM-ms,0,buffer,4,347,3.1711973963909412,3.1711973963909412,0.41145878231299415,,,,60.0,59.0,58.0,57.0,57.0,56.0,55.0,55.0,55.0,55.0,54.0,54.0,52.0,52.0,51.0,51.0,50.0
real,300,gulf,6,LSTM-ms,0,crossing,0,2,27.59790451256101,27.59790451256101,0.41362926858791255,,,,,,,,,,,,,,,,,,,,
real,300,gulf,6,LSTM-ms,0,crossing,1,150,2.625662940734188,2.625662940734188,0.42230115141350255,,,,,,,,,62.0,62.0,61.0,60.0,60.0,59.0,58.0,58.0,57.0,57.0,57.0,56.0
real,300,gulf,6,LSTM-ms,0,crossing,2,283,3.1345189335787067,3.1345189335787067,0.44973972138572604,,,,,,,,,,29.0,29.0,28.0,28.0,27.0,27.0,26.0,26.0,25.0,25.0,24.0
real,300,gulf,6,LSTM-ms,0,crossing,3,287,26.554191537669084,26.554191537669084,1.1456876322166407,,,,,,,,,,,,,,,,,,,,
real,300,gulf,6,LSTM-ms,0,crossing,4,347,3.1711973963909412,3.1711973963909412,0.41145878231299415,,,,,,,,,,,,59.0,58.0,58.0,57.0,57.0,56.0,56.0,55.0,55.0
real,300,gulf,6,LSTM-rec,1,buffer,0,2,27.59790451256101,27.59790451256101,0.41362926858791255,,,,,,,,,,,,,,,,,,,,
real,300,gulf,6,LSTM-rec,1,buffer,1,150,2.625662940734188,2.625662940734188,0.42230115141350255,,62.0,62.0,62.0,62.0,60.0,60.0,60.0,60.0,60.0,60.0,60.0,60.0,60.0,60.0,60.0,60.0,60.0,60.0,60.0
real,300,gulf,6,LSTM-rec,1,buffer,2,283,3.1345189335787067,3.1345189335787067,0.44973972138572604,,,,29.0,29.0,29.0,28.0,28.0,28.0,28.0,28.0,28.0,28.0,28.0,28.0,28.0,28.0,28.0,28.0,28.0
real,300,gulf,6,LSTM-rec,1,buffer,3,287,26.554191537669084,26.554191537669084,1.1456876322166407,,,,,,,,,,,,,,,,,,,,
real,300,gulf,6,LSTM-rec,1,buffer,4,347,3.1711973963909412,3.1711973963909412,0.41145878231299415,,,,,,59.0,59.0,59.0,59.0,59.0,59.0,59.0,59.0,59.0,59.0,59.0,59.0,59.0,59.0,59.0
real,300,gulf,6,LSTM-rec,1,crossing,0,2,27.59790451256101,27.59790451256101,0.41362926858791255,,,,,,,,,,,,,,,,,,,,
real,300,gulf,6,LSTM-rec,1,crossing,1,150,2.625662940734188,2.625662940734188,0.42230115141350255,,,,,,,,,,,,,,,,,,,,
real,300,gulf,6,LSTM-rec,1,crossing,2,283,3.1345189335787067,3.1345189335787067,0.44973972138572604,,,,,,,,,,,,,,,,,,,,
real,300,gulf,6,LSTM-rec,1,crossing,3,287,26.554191537669084,26.554191537669084,1.1456876322166407,,,,,,,,,,,,,,,,,,,,
real,300,gulf,6,LSTM-rec,1,crossing,4,347,3.1711973963909412,3.1711973963909412,0.41145878231299415,,,,,,,,,,,,,,,,,,,,
real,300,gulf,6,LSTM-ms,1,buffer,0,2,27.59790451256101,27.59790451256101,0.41362926858791255,,,,,,,,,,,,,,,,,,,,
real,300,gulf,6,LSTM-ms,1,buffer,1,150,2.625662940734188,2.625662940734188,0.42230115141350255,,,62.0,62.0,61.0,60.0,60.0,59.0,59.0,58.0,58.0,57.0,57.0,56.0,56.0,56.0,55.0,55.0,54.0,54.0
real,300,gulf,6,LSTM-ms,1,buffer,2,283,3.1345189335787067,3.1345189335787067,0.44973972138572604,,,,29.0,29.0,29.0,28.0,28.0,27.0,27.0,26.0,26.0,25.0,25.0,24.0,24.0,23.0,23.0,22.0,22.0
real,300,gulf,6,LSTM-ms,1,buffer,3,287,26.554191537669084,26.554191537669084,1.1456876322166407,,,,,,,,,,,,,,,,,,,,
real,300,gulf,6,LSTM-ms,1,buffer,4,347,3.1711973963909412,3.1711973963909412,0.41145878231299415,,,,,,59.0,59.0,58.0,58.0,57.0,57.0,56.0,55.0,55.0,55.0,55.0,55.0,54.0,54.0,54.0
real,300,gulf,6,LSTM-ms,1,crossing,0,2,27.59790451256101,27.59790451256101,0.41362926858791255,,,,,,,,,,,,,,,,,,,,
real,300,gulf,6,LSTM-ms,1,crossing,1,150,2.625662940734188,2.625662940734188,0.42230115141350255,,,,,,,,,,,,62.0,62.0,62.0,61.0,60.0,59.0,59.0,58.0,58.0
real,300,gulf,6,LSTM-ms,1,crossing,2,283,3.1345189335787067,3.1345189335787067,0.44973972138572604,,,,,,,,,,,,,29.0,29.0,29.0,28.0,28.0,27.0,27.0,26.0
real,300,gulf,6,LSTM-ms,1,crossing,3,287,26.554191537669084,26.554191537669084,1.1456876322166407,,,,,,,,,,,,,,,,,,,,
real,300,gulf,6,LSTM-ms,1,crossing,4,347,3.1711973963909412,3.1711973963909412,0.41145878231299415,,,,,,,,,,,,,,,59.0,59.0,58.0,58.0,57.0,57.0
real,300,gulf,6,LSTM-rec,2,buffer,0,2,27.59790451256101,27.59790451256101,0.41362926858791255,,,,,,,,,,,,,,,,,,,,
real,300,gulf,6,LSTM-rec,2,buffer,1,150,2.625662940734188,2.625662940734188,0.42230115141350255,,62.0,62.0,62.0,61.0,60.0,60.0,60.0,59.0,59.0,59.0,59.0,59.0,59.0,59.0,59.0,59.0,59.0,59.0,59.0
real,300,gulf,6,LSTM-rec,2,buffer,2,283,3.1345189335787067,3.1345189335787067,0.44973972138572604,,,,29.0,29.0,28.0,28.0,28.0,28.0,27.0,27.0,27.0,27.0,27.0,27.0,27.0,27.0,27.0,27.0,27.0
real,300,gulf,6,LSTM-rec,2,buffer,3,287,26.554191537669084,26.554191537669084,1.1456876322166407,,,,,,,,,,,,,,,,,,,,
real,300,gulf,6,LSTM-rec,2,buffer,4,347,3.1711973963909412,3.1711973963909412,0.41145878231299415,,,,,,59.0,59.0,59.0,58.0,58.0,58.0,58.0,58.0,58.0,58.0,58.0,58.0,58.0,58.0,58.0
real,300,gulf,6,LSTM-rec,2,crossing,0,2,27.59790451256101,27.59790451256101,0.41362926858791255,,,,,,,,,,,,,,,,,,,,
real,300,gulf,6,LSTM-rec,2,crossing,1,150,2.625662940734188,2.625662940734188,0.42230115141350255,,,,,,,,,,,,,,,,,,,,
real,300,gulf,6,LSTM-rec,2,crossing,2,283,3.1345189335787067,3.1345189335787067,0.44973972138572604,,,,,,,,,,,,,,,,,,,,
real,300,gulf,6,LSTM-rec,2,crossing,3,287,26.554191537669084,26.554191537669084,1.1456876322166407,,,,,,,,,,,,,,,,,,,,
real,300,gulf,6,LSTM-rec,2,crossing,4,347,3.1711973963909412,3.1711973963909412,0.41145878231299415,,,,,,,,,,,,,,,,,,,,
real,300,gulf,6,LSTM-ms,2,buffer,0,2,27.59790451256101,27.59790451256101,0.41362926858791255,,,,,,,,,,,,,,,,,,,,
real,300,gulf,6,LSTM-ms,2,buffer,1,150,2.625662940734188,2.625662940734188,0.42230115141350255,,,62.0,62.0,61.0,60.0,60.0,59.0,59.0,58.0,58.0,57.0,57.0,57.0,56.0,56.0,56.0,55.0,55.0,55.0
real,300,gulf,6,LSTM-ms,2,buffer,2,283,3.1345189335787067,3.1345189335787067,0.44973972138572604,,,,29.0,29.0,29.0,28.0,28.0,27.0,27.0,26.0,26.0,25.0,25.0,25.0,24.0,24.0,24.0,23.0,23.0
real,300,gulf,6,LSTM-ms,2,buffer,3,287,26.554191537669084,26.554191537669084,1.1456876322166407,,,,,,,,,,,,,,,,,,,,
real,300,gulf,6,LSTM-ms,2,buffer,4,347,3.1711973963909412,3.1711973963909412,0.41145878231299415,,,,,,59.0,59.0,58.0,58.0,57.0,57.0,56.0,56.0,55.0,55.0,55.0,55.0,55.0,55.0,55.0
real,300,gulf,6,LSTM-ms,2,crossing,0,2,27.59790451256101,27.59790451256101,0.41362926858791255,,,,,,,,,,,,,,,,,,,,
real,300,gulf,6,LSTM-ms,2,crossing,1,150,2.625662940734188,2.625662940734188,0.42230115141350255,,,,,,,,,,,,,62.0,62.0,62.0,61.0,60.0,60.0,59.0,59.0
real,300,gulf,6,LSTM-ms,2,crossing,2,283,3.1345189335787067,3.1345189335787067,0.44973972138572604,,,,,,,,,,,,,29.0,29.0,29.0,28.0,28.0,28.0,28.0,27.0
real,300,gulf,6,LSTM-ms,2,crossing,3,287,26.554191537669084,26.554191537669084,1.1456876322166407,,,,,,,,,,,,,,,,,,,,
real,300,gulf,6,LSTM-ms,2,crossing,4,347,3.1711973963909412,3.1711973963909412,0.41145878231299415,,,,,,,,,,,,,,,,59.0,59.0,58.0,58.0,58.0
real,300,gulf,6,LSTM-rec,3,buffer,0,2,27.59790451256101,27.59790451256101,0.41362926858791255,,,,,,,,,,,,,,,,,,,,
real,300,gulf,6,LSTM-rec,3,buffer,1,150,2.625662940734188,2.625662940734188,0.42230115141350255,,62.0,61.0,60.0,59.0,57.0,56.0,56.0,55.0,53.0,52.0,51.0,50.0,49.0,48.0,46.0,45.0,44.0,43.0,41.0
real,300,gulf,6,LSTM-rec,3,buffer,2,283,3.1345189335787067,3.1345189335787067,0.44973972138572604,,,29.0,28.0,27.0,26.0,25.0,24.0,23.0,22.0,21.0,20.0,19.0,18.0,17.0,16.0,14.0,13.0,12.0,11.0
real,300,gulf,6,LSTM-rec,3,buffer,3,287,26.554191537669084,26.554191537669084,1.1456876322166407,,,,,,,,,,,,,,,,,,,,
real,300,gulf,6,LSTM-rec,3,buffer,4,347,3.1711973963909412,3.1711973963909412,0.41145878231299415,,,,59.0,58.0,56.0,55.0,55.0,54.0,52.0,51.0,50.0,49.0,48.0,47.0,46.0,44.0,43.0,42.0,41.0
real,300,gulf,6,LSTM-rec,3,crossing,0,2,27.59790451256101,27.59790451256101,0.41362926858791255,,,,,,,,,,,,,,,,,,,,
real,300,gulf,6,LSTM-rec,3,crossing,1,150,2.625662940734188,2.625662940734188,0.42230115141350255,,,,,,,62.0,60.0,59.0,58.0,57.0,56.0,55.0,54.0,53.0,51.0,50.0,49.0,48.0,47.0
real,300,gulf,6,LSTM-rec,3,crossing,2,283,3.1345189335787067,3.1345189335787067,0.44973972138572604,,,,,,,29.0,28.0,27.0,26.0,25.0,24.0,23.0,22.0,21.0,20.0,19.0,18.0,17.0,16.0
real,300,gulf,6,LSTM-rec,3,crossing,3,287,26.554191537669084,26.554191537669084,1.1456876322166407,,,,,,,,,,,,,,,,,,,,
real,300,gulf,6,LSTM-rec,3,crossing,4,347,3.1711973963909412,3.1711973963909412,0.41145878231299415,,,,,,,,59.0,58.0,57.0,55.0,55.0,55.0,54.0,52.0,50.0,49.0,48.0,47.0,46.0
real,300,gulf,6,LSTM-ms,3,buffer,0,2,27.59790451256101,27.59790451256101,0.41362926858791255,,,,,,,,,,,,,,,,,,,,
real,300,gulf,6,LSTM-ms,3,buffer,1,150,2.625662940734188,2.625662940734188,0.42230115141350255,,62.0,62.0,61.0,60.0,59.0,59.0,58.0,58.0,57.0,57.0,56.0,56.0,55.0,55.0,54.0,54.0,53.0,53.0,52.0
real,300,gulf,6,LSTM-ms,3,buffer,2,283,3.1345189335787067,3.1345189335787067,0.44973972138572604,,,29.0,29.0,28.0,28.0,27.0,27.0,26.0,26.0,25.0,25.0,24.0,24.0,23.0,22.0,22.0,21.0,21.0,20.0
real,300,gulf,6,LSTM-ms,3,buffer,3,287,26.554191537669084,26.554191537669084,1.1456876322166407,,,,,,,,,,,,,,,,,,,,
real,300,gulf,6,LSTM-ms,3,buffer,4,347,3.1711973963909412,3.1711973963909412,0.41145878231299415,,,,,59.0,58.0,58.0,57.0,57.0,56.0,55.0,55.0,55.0,55.0,55.0,54.0,52.0,52.0,51.0,51.0
real,300,gulf,6,LSTM-ms,3,crossing,0,2,27.59790451256101,27.59790451256101,0.41362926858791255,,,,,,,,,,,,,,,,,,,,
real,300,gulf,6,LSTM-ms,3,crossing,1,150,2.625662940734188,2.625662940734188,0.42230115141350255,,,,,,,,,,,62.0,62.0,60.0,60.0,59.0,58.0,58.0,57.0,57.0,56.0
real,300,gulf,6,LSTM-ms,3,crossing,2,283,3.1345189335787067,3.1345189335787067,0.44973972138572604,,,,,,,,,,,29.0,29.0,28.0,28.0,27.0,27.0,26.0,26.0,25.0,25.0
real,300,gulf,6,LSTM-ms,3,crossing,3,287,26.554191537669084,26.554191537669084,1.1456876322166407,,,,,,,,,,,,,,,,,,,,
real,300,gulf,6,LSTM-ms,3,crossing,4,347,3.1711973963909412,3.1711973963909412,0.41145878231299415,,,,,,,,,,,,,59.0,58.0,58.0,57.0,57.0,56.0,55.0,55.0
real,300,gulf,6,LSTM-rec,4,buffer,0,2,27.59790451256101,27.59790451256101,0.41362926858791255,,,,,,,,,,,,,,,,,,,,
real,300,gulf,6,LSTM-rec,4,buffer,1,150,2.625662940734188,2.625662940734188,0.42230115141350255,,62.0,62.0,60.0,59.0,58.0,57.0,57.0,56.0,55.0,54.0,53.0,53.0,51.0,50.0,49.0,49.0,48.0,46.0,45.0
real,300,gulf,6,LSTM-rec,4,buffer,2,283,3.1345189335787067,3.1345189335787067,0.44973972138572604,,,29.0,28.0,28.0,27.0,26.0,25.0,24.0,24.0,23.0,22.0,21.0,20.0,19.0,18.0,17.0,16.0,15.0,14.0
real,300,gulf,6,LSTM-rec,4,buffer,3,287,26.554191537669084,26.554191537669084,1.1456876322166407,,,,,,,,,,,,,,,,,,,,
real,300,gulf,6,LSTM-rec,4,buffer,4,347,3.1711973963909412,3.1711973963909412,0.41145878231299415,,,,59.0,58.0,57.0,55.0,55.0,55.0,55.0,54.0,52.0,51.0,50.0,50.0,48.0,47.0,46.0,45.0,44.0
real,300,gulf,6,LSTM-rec,4,crossing,0,2,27.59790451256101,27.59790451256101,0.41362926858791255,,,,,,,,,,,,,,,,,,,,
real,300,gulf,6,LSTM-rec,4,crossing,1,150,2.625662940734188,2.625662940734188,0.42230115141350255,,,,,,,62.0,62.0,62.0,60.0,59.0,58.0,57.0,56.0,55.0,54.0,54.0,53.0,51.0,50.0
real,300,gulf,6,LSTM-rec,4,crossing,2,283,3.1345189335787067,3.1345189335787067,0.44973972138572604,,,,,,,,29.0,29.0,28.0,27.0,26.0,25.0,25.0,24.0,23.0,22.0,21.0,20.0,19.0
real,300,gulf,6,LSTM-rec,4,crossing,3,287,26.554191537669084,26.554191537669084,1.1456876322166407,,,,,,,,,,,,,,,,,,,,
real,300,gulf,6,LSTM-rec,4,crossing,4,347,3.1711973963909412,3.1711973963909412,0.41145878231299415,,,,,,,,,,59.0,58.0,55.0,55.0,55.0,55.0,54.0,52.0,51.0,50.0,49.0
real,300,gulf,6,LSTM-ms,4,buffer,0,2,27.59790451256101,27.59790451256101,0.41362926858791255,,,,,,,,,,,,,,,,,,,,
real,300,gulf,6,LSTM-ms,4,buffer,1,150,2.625662940734188,2.625662940734188,0.42230115141350255,,62.0,62.0,61.0,60.0,59.0,59.0,58.0,57.0,57.0,57.0,56.0,56.0,55.0,55.0,55.0,54.0,54.0,53.0,53.0
real,300,gulf,6,LSTM-ms,4,buffer,2,283,3.1345189335787067,3.1345189335787067,0.44973972138572604,,,29.0,29.0,28.0,28.0,27.0,26.0,26.0,26.0,25.0,24.0,24.0,23.0,23.0,23.0,22.0,22.0,21.0,21.0
real,300,gulf,6,LSTM-ms,4,buffer,3,287,26.554191537669084,26.554191537669084,1.1456876322166407,,,,,,,,,,,,,,,,,,,,
real,300,gulf,6,LSTM-ms,4,buffer,4,347,3.1711973963909412,3.1711973963909412,0.41145878231299415,,,,,59.0,58.0,58.0,57.0,56.0,55.0,55.0,55.0,55.0,55.0,55.0,54.0,54.0,52.0,52.0,52.0
real,300,gulf,6,LSTM-ms,4,crossing,0,2,27.59790451256101,27.59790451256101,0.41362926858791255,,,,,,,,,,,,,,,,,,,,
real,300,gulf,6,LSTM-ms,4,crossing,1,150,2.625662940734188,2.625662940734188,0.42230115141350255,,,,,,,,,,62.0,62.0,62.0,61.0,60.0,59.0,59.0,58.0,58.0,57.0,57.0
real,300,gulf,6,LSTM-ms,4,crossing,2,283,3.1345189335787067,3.1345189335787067,0.44973972138572604,,,,,,,,,,29.0,29.0,29.0,28.0,28.0,27.0,27.0,27.0,26.0,26.0,25.0
real,300,gulf,6,LSTM-ms,4,crossing,3,287,26.554191537669084,26.554191537669084,1.1456876322166407,,,,,,,,,,,,,,,,,,,,
real,300,gulf,6,LSTM-ms,4,crossing,4,347,3.1711973963909412,3.1711973963909412,0.41145878231299415,,,,,,,,,,,,,59.0,59.0,58.0,58.0,57.0,57.0,55.0,55.0
real,300,gulf,7,Reactive,0,zone,0,26,23.01244005274292,23.01244005274292,1.5049227737915882,,,,,,,,,,,,,,,,,,,,
real,300,gulf,7,Reactive,0,zone,1,59,9.468929174193104,9.468929174193104,0.0064192089196312375,,,,,,,,,,,,,,,,,,,,
real,300,gulf,7,Reactive,0,zone,2,74,7.767335351381803,7.767335351381803,0.47295342181876326,,,,,,,,,,,,,,,,,,,,
real,300,gulf,7,Reactive,0,zone,3,83,14.205391116726213,14.205391116726213,0.5103016742766546,,,,,,,,,,,,,,,,,,,,
real,300,gulf,7,Reactive,0,zone,4,95,27.876990451518196,27.876990451518196,1.2962706829406248,,,,,,,,,,,,,,,,,,,,
real,300,gulf,7,Reactive,0,zone,5,106,11.06167649413691,11.06167649413691,0.6639209170487572,,,,,,,,,,,,,,,,,,,,
real,300,gulf,7,Reactive,0,zone,6,125,22.698745242376976,22.698745242376976,1.4326964715792176,,,,,,,,,,,,,,,,,,,,
real,300,gulf,7,Reactive,0,zone,7,148,20.004221992402755,20.004221992402755,0.002756125960338125,,,,,,,,,,,,,,,,,,,,
real,300,gulf,7,Reactive,0,zone,8,152,3.9746563210512136,3.9746563210512136,0.5335792418455438,,,,,,,,,,,,,,,,,,,,
real,300,gulf,7,Reactive,0,zone,9,157,13.689724184505534,13.689724184505534,1.324993746367817,,,,,,,,,,,,,,,,,,,,
real,300,gulf,7,Reactive,0,zone,10,180,18.983945442769457,18.983945442769457,0.18554627879549446,,,,,,,,,,,,,,,,,,,,
real,300,gulf,7,Reactive,0,zone,11,185,26.781383315423664,26.781383315423664,0.40859456309881254,,,,,,,,,,,,,,,,,,,,
real,300,gulf,7,Reactive,0,zone,12,191,8.72219293139194,8.72219293139194,0.4731607802133376,,,,,,,,,,,,,,,,,,,,
real,300,gulf,7,Reactive,0,zone,13,199,10.504893285000854,10.504893285000854,0.06766359604701731,,,,,,,,,,,,,,,,,,,,
real,300,gulf,7,Reactive,0,zone,14,210,2.970402344594241,2.970402344594241,0.2733289667922217,,,,,,,,,,,,,,,,,,,,
real,300,gulf,7,Reactive,0,zone,15,220,23.036273100546836,23.036273100546836,0.4525262289286945,,,,,,,,,,,,,,,,,,,,
real,300,gulf,7,Reactive,0,zone,16,241,3.118934780510986,3.118934780510986,0.6348573469222281,,,,,,,,,,,,,,,,,,,,
real,300,gulf,7,Reactive,0,zone,17,250,2.911571852389821,2.911571852389821,0.3089913061592021,,,,,,,,,,,,,,,,,,,,
real,300,gulf,7,Reactive,0,zone,18,255,9.749788784389908,9.749788784389908,0.6967428715108379,,,,,,,,,,,,,,,,,,,,
real,300,gulf,7,Reactive,0,zone,19,294,16.612903654630472,16.612903654630472,1.0123737445296503,,,,,,,,,,,,,,,,,,,,
real,300,gulf,7,Reactive,0,zone,20,297,20.05739903440552,20.05739903440552,1.273342258893976,,,,,,,,,,,,,,,,,,,,
real,300,gulf,7,Reactive,0,zone,21,331,5.37245412548684,5.37245412548684,0.45865389517317395,,,,,,,,,,,,,,,,,,,,
real,300,gulf,7,Reactive,0,zone,22,371,7.782493858369983,7.782493858369983,0.439650506411861,,,,,,,,,,,,,,,,,,,,
real,300,gulf,7,Reactive,0,zone,23,374,10.068468747929073,10.068468747929073,0.5114909442908222,,,,,,,,,,,,,,,,,,,,
real,300,gulf,7,Reactive,0,zone,24,387,2.5758200125280135,2.5758200125280135,1.1242028110944717,,,,,,,,,,,,,,,,,,,,
real,300,gulf,7,Reactive,0,zone,25,408,19.165825261812277,19.165825261812277,0.7991797922619482,,,,,,,,,,,,,,,,,,,,
real,300,gulf,7,Reactive,0,zone,26,415,7.131638616564619,7.131638616564619,1.0817969552981563,,,,,,,,,,,,,,,,,,,,
real,300,gulf,7,Reactive,0,zone,27,486,17.860792911209355,17.860792911209355,0.35540091647137134,,,,,,,,,,,,,,,,,,,,
real,300,gulf,7,Reactive,0,zone,28,488,19.718165938802198,19.718165938802198,1.2697059860833613,,,,,,,,,,,,,,,,,,,,
real,300,gulf,7,Analytic,0,buffer,0,26,23.01244005274292,23.01244005274292,1.5049227737915882,,,,,,,,,,,,,,,,,,,,
real,300,gulf,7,Analytic,0,buffer,1,59,9.468929174193104,9.468929174193104,0.0064192089196312375,,,,,,,,,,,,,,,,,,,,
real,300,gulf,7,Analytic,0,buffer,2,74,7.767335351381803,7.767335351381803,0.47295342181876326,,,,,,,,,,,,,,,,,,,,
real,300,gulf,7,Analytic,0,buffer,3,83,14.205391116726213,14.205391116726213,0.5103016742766546,,,,,,,,,,,,,,,,,,,,
real,300,gulf,7,Analytic,0,buffer,4,95,27.876990451518196,27.876990451518196,1.2962706829406248,,,,,,,,,,,,,,,,,,,,
real,300,gulf,7,Analytic,0,buffer,5,106,11.06167649413691,11.06167649413691,0.6639209170487572,,,,,,,,,,,,,,,,,,,32.0,31.0
real,300,gulf,7,Analytic,0,buffer,6,125,22.698745242376976,22.698745242376976,1.4326964715792176,,,,,,,,,,,,,,,,,,,91.0,90.0
real,300,gulf,7,Analytic,0,buffer,7,148,20.004221992402755,20.004221992402755,0.002756125960338125,,,,,,,,,,,,,,,,,,,,
real,300,gulf,7,Analytic,0,buffer,8,152,3.9746563210512136,3.9746563210512136,0.5335792418455438,,,,,,,,,,,,,,,,,,,,
real,300,gulf,7,Analytic,0,buffer,9,157,13.689724184505534,13.689724184505534,1.324993746367817,,,,,,,,,,,,,,,,,,,,
real,300,gulf,7,Analytic,0,buffer,10,180,18.983945442769457,18.983945442769457,0.18554627879549446,,,,,,,,,,,,,,,,,,,,
real,300,gulf,7,Analytic,0,buffer,11,185,26.781383315423664,26.781383315423664,0.40859456309881254,,,,,,,,,,,,,,,,,,,,
real,300,gulf,7,Analytic,0,buffer,12,191,8.72219293139194,8.72219293139194,0.4731607802133376,,,,,,,,,,,,,,,,,,171.0,170.0,169.0
real,300,gulf,7,Analytic,0,buffer,13,199,10.504893285000854,10.504893285000854,0.06766359604701731,,,,,,,,,639.0,638.0,638.0,637.0,637.0,637.0,622.0,621.0,620.0,619.0,619.0,618.0
real,300,gulf,7,Analytic,0,buffer,14,210,2.970402344594241,2.970402344594241,0.2733289667922217,,,,,,63.0,63.0,63.0,36.0,36.0,36.0,35.0,35.0,35.0,35.0,35.0,34.0,34.0,34.0,34.0
real,300,gulf,7,Analytic,0,buffer,15,220,23.036273100546836,23.036273100546836,0.4525262289286945,,,,,,,,,,,,,,,,,,,,
real,300,gulf,7,Analytic,0,buffer,16,241,3.118934780510986,3.118934780510986,0.6348573469222281,,,105.0,105.0,104.0,103.0,101.0,53.0,52.0,52.0,51.0,50.0,49.0,48.0,48.0,48.0,48.0,47.0,47.0,47.0
real,300,gulf,7,Analytic,0,buffer,17,250,2.911571852389821,2.911571852389821,0.3089913061592021,,,,300.0,299.0,297.0,296.0,295.0,295.0,295.0,294.0,294.0,294.0,284.0,283.0,283.0,282.0,282.0,281.0,281.0
real,300,gulf,7,Analytic,0,buffer,18,255,9.749788784389908,9.749788784389908,0.6967428715108379,,,,,,,,,148.0,147.0,146.0,146.0,145.0,145.0,145.0,145.0,145.0,145.0,145.0,144.0
real,300,gulf,7,Analytic,0,buffer,19,294,16.612903654630472,16.612903654630472,1.0123737445296503,,,,,,,,,,,,,,,,,,,,
real,300,gulf,7,Analytic,0,buffer,20,297,20.05739903440552,20.05739903440552,1.273342258893976,,,,,,,,,,,,,,,,,,,,
real,300,gulf,7,Analytic,0,buffer,21,331,5.37245412548684,5.37245412548684,0.45865389517317395,,,,114.0,113.0,112.0,112.0,111.0,111.0,111.0,35.0,34.0,34.0,34.0,34.0,34.0,34.0,34.0,34.0,34.0
real,300,gulf,7,Analytic,0,buffer,22,371,7.782493858369983,7.782493858369983,0.439650506411861,,,,,,,,,,,,,,,,,,,33.0,33.0
real,300,gulf,7,Analytic,0,buffer,23,374,10.068468747929073,10.068468747929073,0.5114909442908222,,,,,,,,,,,,,,,,,,,,
real,300,gulf,7,Analytic,0,buffer,24,387,2.5758200125280135,2.5758200125280135,1.1242028110944717,,,,,,,,,,,,,,,,,,,,
real,300,gulf,7,Analytic,0,buffer,25,408,19.165825261812277,19.165825261812277,0.7991797922619482,,,,,,,,,,,,,,,,,,,60.0,60.0
real,300,gulf,7,Analytic,0,buffer,26,415,7.131638616564619,7.131638616564619,1.0817969552981563,,,,,,,,,,,,,,,,,,,,
real,300,gulf,7,Analytic,0,buffer,27,486,17.860792911209355,17.860792911209355,0.35540091647137134,,,,,,,,,,,,,,,,,,,,
real,300,gulf,7,Analytic,0,buffer,28,488,19.718165938802198,19.718165938802198,1.2697059860833613,,,,,,,,,,,,,,,,,,,,
real,300,gulf,7,Analytic,0,crossing,0,26,23.01244005274292,23.01244005274292,1.5049227737915882,,,,,,,,,,,,,,,,,,,,
real,300,gulf,7,Analytic,0,crossing,1,59,9.468929174193104,9.468929174193104,0.0064192089196312375,,,,,,,,,,,,,,,,,,,,
real,300,gulf,7,Analytic,0,crossing,2,74,7.767335351381803,7.767335351381803,0.47295342181876326,,,,,,,,,,,,,,,,,,,,
real,300,gulf,7,Analytic,0,crossing,3,83,14.205391116726213,14.205391116726213,0.5103016742766546,,,,,,,,,,,,,,,,,,,,
real,300,gulf,7,Analytic,0,crossing,4,95,27.876990451518196,27.876990451518196,1.2962706829406248,,,,,,,,,,,,,,,,,,,,
real,300,gulf,7,Analytic,0,crossing,5,106,11.06167649413691,11.06167649413691,0.6639209170487572,,,,,,,,,,,,,,,,,,,,
real,300,gulf,7,Analytic,0,crossing,6,125,22.698745242376976,22.698745242376976,1.4326964715792176,,,,,,,,,,,,,,,,,,,,91.0
real,300,gulf,7,Analytic,0,crossing,7,148,20.004221992402755,20.004221992402755,0.002756125960338125,,,,,,,,,,,,,,,,,,,,
real,300,gulf,7,Analytic,0,crossing,8,152,3.9746563210512136,3.9746563210512136,0.5335792418455438,,,,,,,,,,,,,,,,,,,,
real,300,gulf,7,Analytic,0,crossing,9,157,13.689724184505534,13.689724184505534,1.324993746367817,,,,,,,,,,,,,,,,,,,,
real,300,gulf,7,Analytic,0,crossing,10,180,18.983945442769457,18.983945442769457,0.18554627879549446,,,,,,,,,,,,,,,,,,,,
real,300,gulf,7,Analytic,0,crossing,11,185,26.781383315423664,26.781383315423664,0.40859456309881254,,,,,,,,,,,,,,,,,,,,
real,300,gulf,7,Analytic,0,crossing,12,191,8.72219293139194,8.72219293139194,0.4731607802133376,,,,,,,,,,,,,,,,,,,,
real,300,gulf,7,Analytic,0,crossing,13,199,10.504893285000854,10.504893285000854,0.06766359604701731,,,,,,,,,,,639.0,638.0,638.0,637.0,637.0,622.0,621.0,620.0,620.0,619.0
real,300,gulf,7,Analytic,0,crossing,14,210,2.970402344594241,2.970402344594241,0.2733289667922217,,,,,,,,,,,,,,37.0,36.0,36.0,36.0,35.0,35.0,35.0
real,300,gulf,7,Analytic,0,crossing,15,220,23.036273100546836,23.036273100546836,0.4525262289286945,,,,,,,,,,,,,,,,,,,,
real,300,gulf,7,Analytic,0,crossing,16,241,3.118934780510986,3.118934780510986,0.6348573469222281,,,,,,,,105.0,104.0,53.0,52.0,51.0,51.0,50.0,49.0,48.0,48.0,48.0,48.0,48.0
real,300,gulf,7,Analytic,0,crossing,17,250,2.911571852389821,2.911571852389821,0.3089913061592021,,,,,,,,,,,299.0,297.0,296.0,296.0,295.0,295.0,295.0,284.0,283.0,283.0
real,300,gulf,7,Analytic,0,crossing,18,255,9.749788784389908,9.749788784389908,0.6967428715108379,,,,,,,,,,,148.0,147.0,146.0,146.0,145.0,145.0,145.0,145.0,145.0,145.0
real,300,gulf,7,Analytic,0,crossing,19,294,16.612903654630472,16.612903654630472,1.0123737445296503,,,,,,,,,,,,,,,,,,,,
real,300,gulf,7,Analytic,0,crossing,20,297,20.05739903440552,20.05739903440552,1.273342258893976,,,,,,,,,,,,,,,,,,,,
real,300,gulf,7,Analytic,0,crossing,21,331,5.37245412548684,5.37245412548684,0.45865389517317395,,,,,114.0,113.0,113.0,112.0,112.0,111.0,111.0,111.0,110.0,110.0,34.0,34.0,34.0,34.0,34.0,34.0
real,300,gulf,7,Analytic,0,crossing,22,371,7.782493858369983,7.782493858369983,0.439650506411861,,,,,,,,,,,,,,,,,,,,
real,300,gulf,7,Analytic,0,crossing,23,374,10.068468747929073,10.068468747929073,0.5114909442908222,,,,,,,,,,,,,,,,,,,,
real,300,gulf,7,Analytic,0,crossing,24,387,2.5758200125280135,2.5758200125280135,1.1242028110944717,,,,,,,,,,,,,,,,,,,,
real,300,gulf,7,Analytic,0,crossing,25,408,19.165825261812277,19.165825261812277,0.7991797922619482,,,,,,,,,,,,,,,,,,,,
real,300,gulf,7,Analytic,0,crossing,26,415,7.131638616564619,7.131638616564619,1.0817969552981563,,,,,,,,,,,,,,,,,,,,
real,300,gulf,7,Analytic,0,crossing,27,486,17.860792911209355,17.860792911209355,0.35540091647137134,,,,,,,,,,,,,,,,,,,,
real,300,gulf,7,Analytic,0,crossing,28,488,19.718165938802198,19.718165938802198,1.2697059860833613,,,,,,,,,,,,,,,,,,,,
real,300,gulf,7,ConstVel,0,buffer,0,26,23.01244005274292,23.01244005274292,1.5049227737915882,,,,,,,,,,,,,,,,,,,,
real,300,gulf,7,ConstVel,0,buffer,1,59,9.468929174193104,9.468929174193104,0.0064192089196312375,,,,,,,,,,,,,,,,,,,,
real,300,gulf,7,ConstVel,0,buffer,2,74,7.767335351381803,7.767335351381803,0.47295342181876326,,,,,,,,,,,,,,,,,,,,
real,300,gulf,7,ConstVel,0,buffer,3,83,14.205391116726213,14.205391116726213,0.5103016742766546,,,,,,,,,,,,,,,,,,,,
real,300,gulf,7,ConstVel,0,buffer,4,95,27.876990451518196,27.876990451518196,1.2962706829406248,,,,,,,,,,,,,,,,,,,,
real,300,gulf,7,ConstVel,0,buffer,5,106,11.06167649413691,11.06167649413691,0.6639209170487572,,,,,,,,,,,,,,,,,,,,31.0
real,300,gulf,7,ConstVel,0,buffer,6,125,22.698745242376976,22.698745242376976,1.4326964715792176,,,,,,,,,,,,,,,,,,,91.0,90.0
real,300,gulf,7,ConstVel,0,buffer,7,148,20.004221992402755,20.004221992402755,0.002756125960338125,,,,,,,,,,,,,,,,,,,,
real,300,gulf,7,ConstVel,0,buffer,8,152,3.9746563210512136,3.9746563210512136,0.5335792418455438,,,,,,,,,,,,,,,,,,,,
real,300,gulf,7,ConstVel,0,buffer,9,157,13.689724184505534,13.689724184505534,1.324993746367817,,,,,,,,,,,,,,,,,,,,
real,300,gulf,7,ConstVel,0,buffer,10,180,18.983945442769457,18.983945442769457,0.18554627879549446,,,,,,,,,,,,,,,,,,,,
real,300,gulf,7,ConstVel,0,buffer,11,185,26.781383315423664,26.781383315423664,0.40859456309881254,,,,,,,,,,,,,,,,,,,,
real,300,gulf,7,ConstVel,0,buffer,12,191,8.72219293139194,8.72219293139194,0.4731607802133376,,,,,,,,,,,,,,,,,,170.0,170.0,169.0
real,300,gulf,7,ConstVel,0,buffer,13,199,10.504893285000854,10.504893285000854,0.06766359604701731,,,,,,,,,638.0,637.0,636.0,635.0,635.0,635.0,621.0,620.0,619.0,619.0,618.0,617.0
real,300,gulf,7,ConstVel,0,buffer,14,210,2.970402344594241,2.970402344594241,0.2733289667922217,,,,63.0,63.0,63.0,63.0,34.0,34.0,34.0,33.0,33.0,33.0,33.0,33.0,33.0,33.0,33.0,33.0,32.0
real,300,gulf,7,ConstVel,0,buffer,15,220,23.036273100546836,23.036273100546836,0.4525262289286945,,,,,,,,,,,,,,,,,,,,
real,300,gulf,7,ConstVel,0,buffer,16,241,3.118934780510986,3.118934780510986,0.6348573469222281,,,105.0,104.0,104.0,103.0,102.0,52.0,52.0,51.0,50.0,49.0,49.0,49.0,48.0,45.0,44.0,44.0,44.0,44.0
real,300,gulf,7,ConstVel,0,buffer,17,250,2.911571852389821,2.911571852389821,0.3089913061592021,,,,299.0,299.0,295.0,294.0,294.0,294.0,294.0,294.0,293.0,280.0,280.0,280.0,280.0,280.0,280.0,280.0,280.0
real,300,gulf,7,ConstVel,0,buffer,18,255,9.749788784389908,9.749788784389908,0.6967428715108379,,,,,,,,,148.0,147.0,146.0,144.0,143.0,142.0,142.0,142.0,142.0,142.0,142.0,142.0
real,300,gulf,7,ConstVel,0,buffer,19,294,16.612903654630472,16.612903654630472,1.0123737445296503,,,,,,,,,,,,,,,,,,,,
real,300,gulf,7,ConstVel,0,buffer,20,297,20.05739903440552,20.05739903440552,1.273342258893976,,,,,,,,,,,,,,,,,,,,
real,300,gulf,7,ConstVel,0,buffer,21,331,5.37245412548684,5.37245412548684,0.45865389517317395,,,,114.0,113.0,111.0,110.0,110.0,110.0,44.0,43.0,33.0,33.0,31.0,31.0,31.0,31.0,31.0,30.0,30.0
real,300,gulf,7,ConstVel,0,buffer,22,371,7.782493858369983,7.782493858369983,0.439650506411861,,,,,,,,,,,,,,,,33.0,33.0,33.0,33.0,33.0
real,300,gulf,7,ConstVel,0,buffer,23,374,10.068468747929073,10.068468747929073,0.5114909442908222,,,,,,,,,,,,,,,,,,,,22.0
real,300,gulf,7,ConstVel,0,buffer,24,387,2.5758200125280135,2.5758200125280135,1.1242028110944717,,,,,,,,,,,,,,,,,,,,
real,300,gulf,7,ConstVel,0,buffer,25,408,19.165825261812277,19.165825261812277,0.7991797922619482,,,,,,,,,,,,,,,,,,,,59.0
real,300,gulf,7,ConstVel,0,buffer,26,415,7.131638616564619,7.131638616564619,1.0817969552981563,,,,,,,,,,,,,,,,,,,,
real,300,gulf,7,ConstVel,0,buffer,27,486,17.860792911209355,17.860792911209355,0.35540091647137134,,,,,,,,,,,,,,,,,,,,
real,300,gulf,7,ConstVel,0,buffer,28,488,19.718165938802198,19.718165938802198,1.2697059860833613,,,,,,,,,,,,,,,,,,,,
real,300,gulf,7,ConstVel,0,crossing,0,26,23.01244005274292,23.01244005274292,1.5049227737915882,,,,,,,,,,,,,,,,,,,,
real,300,gulf,7,ConstVel,0,crossing,1,59,9.468929174193104,9.468929174193104,0.0064192089196312375,,,,,,,,,,,,,,,,,,,,
real,300,gulf,7,ConstVel,0,crossing,2,74,7.767335351381803,7.767335351381803,0.47295342181876326,,,,,,,,,,,,,,,,,,,,
real,300,gulf,7,ConstVel,0,crossing,3,83,14.205391116726213,14.205391116726213,0.5103016742766546,,,,,,,,,,,,,,,,,,,,
real,300,gulf,7,ConstVel,0,crossing,4,95,27.876990451518196,27.876990451518196,1.2962706829406248,,,,,,,,,,,,,,,,,,,,
real,300,gulf,7,ConstVel,0,crossing,5,106,11.06167649413691,11.06167649413691,0.6639209170487572,,,,,,,,,,,,,,,,,,,,
real,300,gulf,7,ConstVel,0,crossing,6,125,22.698745242376976,22.698745242376976,1.4326964715792176,,,,,,,,,,,,,,,,,,,,91.0
real,300,gulf,7,ConstVel,0,crossing,7,148,20.004221992402755,20.004221992402755,0.002756125960338125,,,,,,,,,,,,,,,,,,,,
real,300,gulf,7,ConstVel,0,crossing,8,152,3.9746563210512136,3.9746563210512136,0.5335792418455438,,,,,,,,,,,,,,,,,,,,
real,300,gulf,7,ConstVel,0,crossing,9,157,13.689724184505534,13.689724184505534,1.324993746367817,,,,,,,,,,,,,,,,,,,,
real,300,gulf,7,ConstVel,0,crossing,10,180,18.983945442769457,18.983945442769457,0.18554627879549446,,,,,,,,,,,,,,,,,,,,
real,300,gulf,7,ConstVel,0,crossing,11,185,26.781383315423664,26.781383315423664,0.40859456309881254,,,,,,,,,,,,,,,,,,,,
real,300,gulf,7,ConstVel,0,crossing,12,191,8.72219293139194,8.72219293139194,0.4731607802133376,,,,,,,,,,,,,,,,,,,,
real,300,gulf,7,ConstVel,0,crossing,13,199,10.504893285000854,10.504893285000854,0.06766359604701731,,,,,,,,,,638.0,637.0,636.0,636.0,635.0,635.0,635.0,621.0,620.0,619.0,618.0
real,300,gulf,7,ConstVel,0,crossing,14,210,2.970402344594241,2.970402344594241,0.2733289667922217,,,,,,,,,,63.0,34.0,34.0,34.0,34.0,33.0,33.0,33.0,33.0,33.0,33.0
real,300,gulf,7,ConstVel,0,crossing,15,220,23.036273100546836,23.036273100546836,0.4525262289286945,,,,,,,,,,,,,,,,,,,,
real,300,gulf,7,ConstVel,0,crossing,16,241,3.118934780510986,3.118934780510986,0.6348573469222281,,,,,,,,105.0,104.0,52.0,51.0,51.0,50.0,49.0,49.0,49.0,45.0,45.0,44.0,44.0
real,300,gulf,7,ConstVel,0,crossing,17,250,2.911571852389821,2.911571852389821,0.3089913061592021,,,,,,,,,,299.0,295.0,294.0,294.0,294.0,294.0,294.0,280.0,280.0,280.0,280.0
real,300,gulf,7,ConstVel,0,crossing,18,255,9.749788784389908,9.749788784389908,0.6967428715108379,,,,,,,,,,,148.0,147.0,146.0,144.0,143.0,143.0,142.0,142.0,142.0,142.0
real,300,gulf,7,ConstVel,0,crossing,19,294,16.612903654630472,16.612903654630472,1.0123737445296503,,,,,,,,,,,,,,,,,,,,
real,300,gulf,7,ConstVel,0,crossing,20,297,20.05739903440552,20.05739903440552,1.273342258893976,,,,,,,,,,,,,,,,,,,,
real,300,gulf,7,ConstVel,0,crossing,21,331,5.37245412548684,5.37245412548684,0.45865389517317395,,,,,114.0,113.0,112.0,111.0,110.0,110.0,110.0,110.0,44.0,43.0,33.0,33.0,31.0,31.0,31.0,31.0
real,300,gulf,7,ConstVel,0,crossing,22,371,7.782493858369983,7.782493858369983,0.439650506411861,,,,,,,,,,,,,,,,,,,,
real,300,gulf,7,ConstVel,0,crossing,23,374,10.068468747929073,10.068468747929073,0.5114909442908222,,,,,,,,,,,,,,,,,,,,
real,300,gulf,7,ConstVel,0,crossing,24,387,2.5758200125280135,2.5758200125280135,1.1242028110944717,,,,,,,,,,,,,,,,,,,,
real,300,gulf,7,ConstVel,0,crossing,25,408,19.165825261812277,19.165825261812277,0.7991797922619482,,,,,,,,,,,,,,,,,,,,
real,300,gulf,7,ConstVel,0,crossing,26,415,7.131638616564619,7.131638616564619,1.0817969552981563,,,,,,,,,,,,,,,,,,,,
real,300,gulf,7,ConstVel,0,crossing,27,486,17.860792911209355,17.860792911209355,0.35540091647137134,,,,,,,,,,,,,,,,,,,,
real,300,gulf,7,ConstVel,0,crossing,28,488,19.718165938802198,19.718165938802198,1.2697059860833613,,,,,,,,,,,,,,,,,,,,
real,300,gulf,7,Kalman,0,buffer,0,26,23.01244005274292,23.01244005274292,1.5049227737915882,,,,,,,,,,,,,,,,,,,,
real,300,gulf,7,Kalman,0,buffer,1,59,9.468929174193104,9.468929174193104,0.0064192089196312375,,,,,,,,,,,,,,,,,,,,
real,300,gulf,7,Kalman,0,buffer,2,74,7.767335351381803,7.767335351381803,0.47295342181876326,,,,,,,,,,,,,,,,,,,,
real,300,gulf,7,Kalman,0,buffer,3,83,14.205391116726213,14.205391116726213,0.5103016742766546,,,,,,,,,,,,,,,,,,,,
real,300,gulf,7,Kalman,0,buffer,4,95,27.876990451518196,27.876990451518196,1.2962706829406248,,,,,,,,,,,,,,,,,,,,
real,300,gulf,7,Kalman,0,buffer,5,106,11.06167649413691,11.06167649413691,0.6639209170487572,,,,,,,,,,,,,,,,,,,,31.0
real,300,gulf,7,Kalman,0,buffer,6,125,22.698745242376976,22.698745242376976,1.4326964715792176,,,,,,,,,,,,,,,,,,,91.0,90.0
real,300,gulf,7,Kalman,0,buffer,7,148,20.004221992402755,20.004221992402755,0.002756125960338125,,,,,,,,,,,,,,,,,,,,
real,300,gulf,7,Kalman,0,buffer,8,152,3.9746563210512136,3.9746563210512136,0.5335792418455438,,,,,,,,,,,,,,,,,,,,
real,300,gulf,7,Kalman,0,buffer,9,157,13.689724184505534,13.689724184505534,1.324993746367817,,,,,,,,,,,,,,,,,,,,
real,300,gulf,7,Kalman,0,buffer,10,180,18.983945442769457,18.983945442769457,0.18554627879549446,,,,,,,,,,,,,,,,,,,,
real,300,gulf,7,Kalman,0,buffer,11,185,26.781383315423664,26.781383315423664,0.40859456309881254,,,,,,,,,,,,,,,,,,,,
real,300,gulf,7,Kalman,0,buffer,12,191,8.72219293139194,8.72219293139194,0.4731607802133376,,,,,,,,,,,,,,,,,,171.0,170.0,169.0
real,300,gulf,7,Kalman,0,buffer,13,199,10.504893285000854,10.504893285000854,0.06766359604701731,,,,,,,,,638.0,637.0,637.0,636.0,636.0,636.0,621.0,621.0,620.0,619.0,618.0,618.0
real,300,gulf,7,Kalman,0,buffer,14,210,2.970402344594241,2.970402344594241,0.2733289667922217,,,,63.0,63.0,63.0,63.0,62.0,34.0,34.0,34.0,34.0,34.0,33.0,33.0,33.0,33.0,33.0,33.0,33.0
real,300,gulf,7,Kalman,0,buffer,15,220,23.036273100546836,23.036273100546836,0.4525262289286945,,,,,,,,,,,,,,,,,,,,
real,300,gulf,7,Kalman,0,buffer,16,241,3.118934780510986,3.118934780510986,0.6348573469222281,,,105.0,104.0,104.0,103.0,102.0,101.0,52.0,51.0,50.0,50.0,49.0,49.0,48.0,46.0,46.0,45.0,45.0,45.0
real,300,gulf,7,Kalman,0,buffer,17,250,2.911571852389821,2.911571852389821,0.3089913061592021,,,,300.0,299.0,299.0,295.0,295.0,294.0,294.0,294.0,294.0,293.0,293.0,283.0,280.0,280.0,280.0,280.0,280.0
real,300,gulf,7,Kalman,0,buffer,18,255,9.749788784389908,9.749788784389908,0.6967428715108379,,,,,,,,,148.0,147.0,145.0,145.0,144.0,144.0,143.0,143.0,143.0,143.0,143.0,143.0
real,300,gulf,7,Kalman,0,buffer,19,294,16.612903654630472,16.612903654630472,1.0123737445296503,,,,,,,,,,,,,,,,,,,,
real,300,gulf,7,Kalman,0,buffer,20,297,20.05739903440552,20.05739903440552,1.273342258893976,,,,,,,,,,,,,,,,,,,,
real,300,gulf,7,Kalman,0,buffer,21,331,5.37245412548684,5.37245412548684,0.45865389517317395,,,,114.0,113.0,112.0,111.0,110.0,110.0,44.0,34.0,33.0,33.0,33.0,32.0,32.0,32.0,32.0,32.0,31.0
real,300,gulf,7,Kalman,0,buffer,22,371,7.782493858369983,7.782493858369983,0.439650506411861,,,,,,,,,,,,,,,,,33.0,33.0,33.0,33.0
real,300,gulf,7,Kalman,0,buffer,23,374,10.068468747929073,10.068468747929073,0.5114909442908222,,,,,,,,,,,,,,,,,,,,22.0
real,300,gulf,7,Kalman,0,buffer,24,387,2.5758200125280135,2.5758200125280135,1.1242028110944717,,,,,,,,,,,,,,,,,,,,
real,300,gulf,7,Kalman,0,buffer,25,408,19.165825261812277,19.165825261812277,0.7991797922619482,,,,,,,,,,,,,,,,,,,,59.0
real,300,gulf,7,Kalman,0,buffer,26,415,7.131638616564619,7.131638616564619,1.0817969552981563,,,,,,,,,,,,,,,,,,,,
real,300,gulf,7,Kalman,0,buffer,27,486,17.860792911209355,17.860792911209355,0.35540091647137134,,,,,,,,,,,,,,,,,,,,
real,300,gulf,7,Kalman,0,buffer,28,488,19.718165938802198,19.718165938802198,1.2697059860833613,,,,,,,,,,,,,,,,,,,,
real,300,gulf,7,Kalman,0,crossing,0,26,23.01244005274292,23.01244005274292,1.5049227737915882,,,,,,,,,,,,,,,,,,,,
real,300,gulf,7,Kalman,0,crossing,1,59,9.468929174193104,9.468929174193104,0.0064192089196312375,,,,,,,,,,,,,,,,,,,,
real,300,gulf,7,Kalman,0,crossing,2,74,7.767335351381803,7.767335351381803,0.47295342181876326,,,,,,,,,,,,,,,,,,,,
real,300,gulf,7,Kalman,0,crossing,3,83,14.205391116726213,14.205391116726213,0.5103016742766546,,,,,,,,,,,,,,,,,,,,
real,300,gulf,7,Kalman,0,crossing,4,95,27.876990451518196,27.876990451518196,1.2962706829406248,,,,,,,,,,,,,,,,,,,,
real,300,gulf,7,Kalman,0,crossing,5,106,11.06167649413691,11.06167649413691,0.6639209170487572,,,,,,,,,,,,,,,,,,,,
real,300,gulf,7,Kalman,0,crossing,6,125,22.698745242376976,22.698745242376976,1.4326964715792176,,,,,,,,,,,,,,,,,,,,91.0
real,300,gulf,7,Kalman,0,crossing,7,148,20.004221992402755,20.004221992402755,0.002756125960338125,,,,,,,,,,,,,,,,,,,,
real,300,gulf,7,Kalman,0,crossing,8,152,3.9746563210512136,3.9746563210512136,0.5335792418455438,,,,,,,,,,,,,,,,,,,,
real,300,gulf,7,Kalman,0,crossing,9,157,13.689724184505534,13.689724184505534,1.324993746367817,,,,,,,,,,,,,,,,,,,,
real,300,gulf,7,Kalman,0,crossing,10,180,18.983945442769457,18.983945442769457,0.18554627879549446,,,,,,,,,,,,,,,,,,,,
real,300,gulf,7,Kalman,0,crossing,11,185,26.781383315423664,26.781383315423664,0.40859456309881254,,,,,,,,,,,,,,,,,,,,
real,300,gulf,7,Kalman,0,crossing,12,191,8.72219293139194,8.72219293139194,0.4731607802133376,,,,,,,,,,,,,,,,,,,,
real,300,gulf,7,Kalman,0,crossing,13,199,10.504893285000854,10.504893285000854,0.06766359604701731,,,,,,,,,,638.0,638.0,637.0,636.0,636.0,636.0,636.0,621.0,620.0,619.0,619.0
real,300,gulf,7,Kalman,0,crossing,14,210,2.970402344594241,2.970402344594241,0.2733289667922217,,,,,,,,,,,,63.0,34.0,34.0,34.0,34.0,34.0,34.0,34.0,33.0
real,300,gulf,7,Kalman,0,crossing,15,220,23.036273100546836,23.036273100546836,0.4525262289286945,,,,,,,,,,,,,,,,,,,,
real,300,gulf,7,Kalman,0,crossing,16,241,3.118934780510986,3.118934780510986,0.6348573469222281,,,,,,,,105.0,104.0,52.0,52.0,51.0,50.0,50.0,49.0,49.0,48.0,46.0,46.0,45.0
real,300,gulf,7,Kalman,0,crossing,17,250,2.911571852389821,2.911571852389821,0.3089913061592021,,,,,,,,,,300.0,299.0,295.0,295.0,294.0,294.0,294.0,294.0,294.0,294.0,280.0
real,300,gulf,7,Kalman,0,crossing,18,255,9.749788784389908,9.749788784389908,0.6967428715108379,,,,,,,,,,,148.0,147.0,146.0,145.0,144.0,144.0,143.0,143.0,143.0,143.0
real,300,gulf,7,Kalman,0,crossing,19,294,16.612903654630472,16.612903654630472,1.0123737445296503,,,,,,,,,,,,,,,,,,,,
real,300,gulf,7,Kalman,0,crossing,20,297,20.05739903440552,20.05739903440552,1.273342258893976,,,,,,,,,,,,,,,,,,,,
real,300,gulf,7,Kalman,0,crossing,21,331,5.37245412548684,5.37245412548684,0.45865389517317395,,,,,114.0,113.0,112.0,111.0,111.0,110.0,110.0,110.0,44.0,44.0,33.0,33.0,33.0,32.0,32.0,32.0
real,300,gulf,7,Kalman,0,crossing,22,371,7.782493858369983,7.782493858369983,0.439650506411861,,,,,,,,,,,,,,,,,,,,
real,300,gulf,7,Kalman,0,crossing,23,374,10.068468747929073,10.068468747929073,0.5114909442908222,,,,,,,,,,,,,,,,,,,,
real,300,gulf,7,Kalman,0,crossing,24,387,2.5758200125280135,2.5758200125280135,1.1242028110944717,,,,,,,,,,,,,,,,,,,,
real,300,gulf,7,Kalman,0,crossing,25,408,19.165825261812277,19.165825261812277,0.7991797922619482,,,,,,,,,,,,,,,,,,,,
real,300,gulf,7,Kalman,0,crossing,26,415,7.131638616564619,7.131638616564619,1.0817969552981563,,,,,,,,,,,,,,,,,,,,
real,300,gulf,7,Kalman,0,crossing,27,486,17.860792911209355,17.860792911209355,0.35540091647137134,,,,,,,,,,,,,,,,,,,,
real,300,gulf,7,Kalman,0,crossing,28,488,19.718165938802198,19.718165938802198,1.2697059860833613,,,,,,,,,,,,,,,,,,,,
real,300,gulf,7,LSTM-rec,0,buffer,0,26,23.01244005274292,23.01244005274292,1.5049227737915882,,,,,,,,,,,,,,,,,,,,
real,300,gulf,7,LSTM-rec,0,buffer,1,59,9.468929174193104,9.468929174193104,0.0064192089196312375,,,,,,,,,,,,,,,,,,,,
real,300,gulf,7,LSTM-rec,0,buffer,2,74,7.767335351381803,7.767335351381803,0.47295342181876326,,,,,,,,,,,,,,,,,,,,
real,300,gulf,7,LSTM-rec,0,buffer,3,83,14.205391116726213,14.205391116726213,0.5103016742766546,,,,,,,,,,,,,,,,,,,,
real,300,gulf,7,LSTM-rec,0,buffer,4,95,27.876990451518196,27.876990451518196,1.2962706829406248,,,,,,,,,,,,,,,,,,,,
real,300,gulf,7,LSTM-rec,0,buffer,5,106,11.06167649413691,11.06167649413691,0.6639209170487572,,,,,,,,,,,,,,,,,,,,
real,300,gulf,7,LSTM-rec,0,buffer,6,125,22.698745242376976,22.698745242376976,1.4326964715792176,,,,,,,,,,,,,,,,,,,,
real,300,gulf,7,LSTM-rec,0,buffer,7,148,20.004221992402755,20.004221992402755,0.002756125960338125,,,,,,,,,,,,,,,,,,,,
real,300,gulf,7,LSTM-rec,0,buffer,8,152,3.9746563210512136,3.9746563210512136,0.5335792418455438,,,,,,,,,,,,,,,,,,,,
real,300,gulf,7,LSTM-rec,0,buffer,9,157,13.689724184505534,13.689724184505534,1.324993746367817,,,,,,,,,,,,,,,,,,,,
real,300,gulf,7,LSTM-rec,0,buffer,10,180,18.983945442769457,18.983945442769457,0.18554627879549446,,,,,,,,,,,,,,,,,,,,
real,300,gulf,7,LSTM-rec,0,buffer,11,185,26.781383315423664,26.781383315423664,0.40859456309881254,,,,,,,,,,,,,,,,,,,,
real,300,gulf,7,LSTM-rec,0,buffer,12,191,8.72219293139194,8.72219293139194,0.4731607802133376,,,,,,,,,,,,,,,,,,,,
real,300,gulf,7,LSTM-rec,0,buffer,13,199,10.504893285000854,10.504893285000854,0.06766359604701731,,,,,,,,,,,,,638.0,638.0,638.0,637.0,637.0,637.0,637.0,636.0
real,300,gulf,7,LSTM-rec,0,buffer,14,210,2.970402344594241,2.970402344594241,0.2733289667922217,,,,63.0,63.0,63.0,63.0,62.0,47.0,46.0,44.0,41.0,34.0,34.0,34.0,34.0,34.0,34.0,34.0,34.0
real,300,gulf,7,LSTM-rec,0,buffer,15,220,23.036273100546836,23.036273100546836,0.4525262289286945,,,,,,,,,,,,,,,,,,,,
real,300,gulf,7,LSTM-rec,0,buffer,16,241,3.118934780510986,3.118934780510986,0.6348573469222281,,,,105.0,104.0,104.0,103.0,102.0,101.0,101.0,100.0,99.0,52.0,52.0,52.0,52.0,51.0,51.0,51.0,51.0
real,300,gulf,7,LSTM-rec,0,buffer,17,250,2.911571852389821,2.911571852389821,0.3089913061592021,,,,,300.0,299.0,299.0,295.0,295.0,294.0,294.0,294.0,294.0,294.0,293.0,293.0,293.0,292.0,291.0,291.0
real,300,gulf,7,LSTM-rec,0,buffer,18,255,9.749788784389908,9.749788784389908,0.6967428715108379,,,,,,,,,,,,,,,148.0,148.0,148.0,147.0,147.0,147.0
real,300,gulf,7,LSTM-rec,0,buffer,19,294,16.612903654630472,16.612903654630472,1.0123737445296503,,,,,,,,,,,,,,,,,,,,
real,300,gulf,7,LSTM-rec,0,buffer,20,297,20.05739903440552,20.05739903440552,1.273342258893976,,,,,,,,,,,,,,,,,,,,
real,300,gulf,7,LSTM-rec,0,buffer,21,331,5.37245412548684,5.37245412548684,0.45865389517317395,,,,114.0,114.0,113.0,112.0,112.0,111.0,111.0,110.0,110.0,110.0,110.0,44.0,34.0,34.0,34.0,33.0,33.0
real,300,gulf,7,LSTM-rec,0,buffer,22,371,7.782493858369983,7.782493858369983,0.439650506411861,,,,,,,,,,,,,,,,,,,,
real,300,gulf,7,LSTM-rec,0,buffer,23,374,10.068468747929073,10.068468747929073,0.5114909442908222,,,,,,,,,,,,,,,,,,,,
real,300,gulf,7,LSTM-rec,0,buffer,24,387,2.5758200125280135,2.5758200125280135,1.1242028110944717,,,,,,,,,,,,,,,,,,,,
real,300,gulf,7,LSTM-rec,0,buffer,25,408,19.165825261812277,19.165825261812277,0.7991797922619482,,,,,,,,,,,,,,,,,,,,
real,300,gulf,7,LSTM-rec,0,buffer,26,415,7.131638616564619,7.131638616564619,1.0817969552981563,,,,,,,,,,,,,,,,,,,,
real,300,gulf,7,LSTM-rec,0,buffer,27,486,17.860792911209355,17.860792911209355,0.35540091647137134,,,,,,,,,,,,,,,,,,,,
real,300,gulf,7,LSTM-rec,0,buffer,28,488,19.718165938802198,19.718165938802198,1.2697059860833613,,,,,,,,,,,,,,,,,,,,
real,300,gulf,7,LSTM-rec,0,crossing,0,26,23.01244005274292,23.01244005274292,1.5049227737915882,,,,,,,,,,,,,,,,,,,,
real,300,gulf,7,LSTM-rec,0,crossing,1,59,9.468929174193104,9.468929174193104,0.0064192089196312375,,,,,,,,,,,,,,,,,,,,
real,300,gulf,7,LSTM-rec,0,crossing,2,74,7.767335351381803,7.767335351381803,0.47295342181876326,,,,,,,,,,,,,,,,,,,,
real,300,gulf,7,LSTM-rec,0,crossing,3,83,14.205391116726213,14.205391116726213,0.5103016742766546,,,,,,,,,,,,,,,,,,,,
real,300,gulf,7,LSTM-rec,0,crossing,4,95,27.876990451518196,27.876990451518196,1.2962706829406248,,,,,,,,,,,,,,,,,,,,
real,300,gulf,7,LSTM-rec,0,crossing,5,106,11.06167649413691,11.06167649413691,0.6639209170487572,,,,,,,,,,,,,,,,,,,,
real,300,gulf,7,LSTM-rec,0,crossing,6,125,22.698745242376976,22.698745242376976,1.4326964715792176,,,,,,,,,,,,,,,,,,,,
real,300,gulf,7,LSTM-rec,0,crossing,7,148,20.004221992402755,20.004221992402755,0.002756125960338125,,,,,,,,,,,,,,,,,,,,
real,300,gulf,7,LSTM-rec,0,crossing,8,152,3.9746563210512136,3.9746563210512136,0.5335792418455438,,,,,,,,,,,,,,,,,,,,
real,300,gulf,7,LSTM-rec,0,crossing,9,157,13.689724184505534,13.689724184505534,1.324993746367817,,,,,,,,,,,,,,,,,,,,
real,300,gulf,7,LSTM-rec,0,crossing,10,180,18.983945442769457,18.983945442769457,0.18554627879549446,,,,,,,,,,,,,,,,,,,,
real,300,gulf,7,LSTM-rec,0,crossing,11,185,26.781383315423664,26.781383315423664,0.40859456309881254,,,,,,,,,,,,,,,,,,,,
real,300,gulf,7,LSTM-rec,0,crossing,12,191,8.72219293139194,8.72219293139194,0.4731607802133376,,,,,,,,,,,,,,,,,,,,
real,300,gulf,7,LSTM-rec,0,crossing,13,199,10.504893285000854,10.504893285000854,0.06766359604701731,,,,,,,,,,,,,,,,,638.0,638.0,638.0,637.0
real,300,gulf,7,LSTM-rec,0,crossing,14,210,2.970402344594241,2.970402344594241,0.2733289667922217,,,,,,,,,,,,,63.0,63.0,63.0,63.0,63.0,63.0,62.0,47.0
real,300,gulf,7,LSTM-rec,0,crossing,15,220,23.036273100546836,23.036273100546836,0.4525262289286945,,,,,,,,,,,,,,,,,,,,
real,300,gulf,7,LSTM-rec,0,crossing,16,241,3.118934780510986,3.118934780510986,0.6348573469222281,,,,,,,,,,105.0,105.0,104.0,104.0,103.0,103.0,102.0,102.0,52.0,52.0,52.0
real,300,gulf,7,LSTM-rec,0,crossing,17,250,2.911571852389821,2.911571852389821,0.3089913061592021,,,,,,,,,,,,,,,,295.0,295.0,294.0,294.0,294.0
real,300,gulf,7,LSTM-rec,0,crossing,18,255,9.749788784389908,9.749788784389908,0.6967428715108379,,,,,,,,,,,,,,,,,,,,
real,300,gulf,7,LSTM-rec,0,crossing,19,294,16.612903654630472,16.612903654630472,1.0123737445296503,,,,,,,,,,,,,,,,,,,,
real,300,gulf,7,LSTM-rec,0,crossing,20,297,20.05739903440552,20.05739903440552,1.273342258893976,,,,,,,,,,,,,,,,,,,,
real,300,gulf,7,LSTM-rec,0,crossing,21,331,5.37245412548684,5.37245412548684,0.45865389517317395,,,,,,114.0,114.0,113.0,113.0,112.0,112.0,111.0,111.0,111.0,110.0,110.0,110.0,110.0,110.0,44.0
real,300,gulf,7,LSTM-rec,0,crossing,22,371,7.782493858369983,7.782493858369983,0.439650506411861,,,,,,,,,,,,,,,,,,,,
real,300,gulf,7,LSTM-rec,0,crossing,23,374,10.068468747929073,10.068468747929073,0.5114909442908222,,,,,,,,,,,,,,,,,,,,
real,300,gulf,7,LSTM-rec,0,crossing,24,387,2.5758200125280135,2.5758200125280135,1.1242028110944717,,,,,,,,,,,,,,,,,,,,
real,300,gulf,7,LSTM-rec,0,crossing,25,408,19.165825261812277,19.165825261812277,0.7991797922619482,,,,,,,,,,,,,,,,,,,,
real,300,gulf,7,LSTM-rec,0,crossing,26,415,7.131638616564619,7.131638616564619,1.0817969552981563,,,,,,,,,,,,,,,,,,,,
real,300,gulf,7,LSTM-rec,0,crossing,27,486,17.860792911209355,17.860792911209355,0.35540091647137134,,,,,,,,,,,,,,,,,,,,
real,300,gulf,7,LSTM-rec,0,crossing,28,488,19.718165938802198,19.718165938802198,1.2697059860833613,,,,,,,,,,,,,,,,,,,,
real,300,gulf,7,LSTM-ms,0,buffer,0,26,23.01244005274292,23.01244005274292,1.5049227737915882,,,,,,,,,,,,,,,,,,,,
real,300,gulf,7,LSTM-ms,0,buffer,1,59,9.468929174193104,9.468929174193104,0.0064192089196312375,,,,,,,,,,,,,,,,,,,,
real,300,gulf,7,LSTM-ms,0,buffer,2,74,7.767335351381803,7.767335351381803,0.47295342181876326,,,,,,,,,,,,,,,,,,,,
real,300,gulf,7,LSTM-ms,0,buffer,3,83,14.205391116726213,14.205391116726213,0.5103016742766546,,,,,,,,,,,,,,,,,,,,
real,300,gulf,7,LSTM-ms,0,buffer,4,95,27.876990451518196,27.876990451518196,1.2962706829406248,,,,,,,,,,,,,,,,,,,,
real,300,gulf,7,LSTM-ms,0,buffer,5,106,11.06167649413691,11.06167649413691,0.6639209170487572,,,,,,,,,,,,,,,,,,,,
real,300,gulf,7,LSTM-ms,0,buffer,6,125,22.698745242376976,22.698745242376976,1.4326964715792176,,,,,,,,,,,,,,,,,,,,
real,300,gulf,7,LSTM-ms,0,buffer,7,148,20.004221992402755,20.004221992402755,0.002756125960338125,,,,,,,,,,,,,,,,,,,,
real,300,gulf,7,LSTM-ms,0,buffer,8,152,3.9746563210512136,3.9746563210512136,0.5335792418455438,,,,,,,,,,,,,,,,,,,,
real,300,gulf,7,LSTM-ms,0,buffer,9,157,13.689724184505534,13.689724184505534,1.324993746367817,,,,,,,,,,,,,,,,,,,,
real,300,gulf,7,LSTM-ms,0,buffer,10,180,18.983945442769457,18.983945442769457,0.18554627879549446,,,,,,,,,,,,,,,,,,,,
real,300,gulf,7,LSTM-ms,0,buffer,11,185,26.781383315423664,26.781383315423664,0.40859456309881254,,,,,,,,,,,,,,,,,,,,
real,300,gulf,7,LSTM-ms,0,buffer,12,191,8.72219293139194,8.72219293139194,0.4731607802133376,,,,,,,,,,,,,,,,,,,,
real,300,gulf,7,LSTM-ms,0,buffer,13,199,10.504893285000854,10.504893285000854,0.06766359604701731,,,,,,,,,,,,,,,,,,,,
real,300,gulf,7,LSTM-ms,0,buffer,14,210,2.970402344594241,2.970402344594241,0.2733289667922217,,,,,,,,,,,,,,,,,,,,
real,300,gulf,7,LSTM-ms,0,buffer,15,220,23.036273100546836,23.036273100546836,0.4525262289286945,,,,,,,,,,,,,,,,,,,,
real,300,gulf,7,LSTM-ms,0,buffer,16,241,3.118934780510986,3.118934780510986,0.6348573469222281,,,,,,,,105.0,105.0,105.0,105.0,104.0,104.0,104.0,104.0,103.0,103.0,53.0,53.0,52.0
real,300,gulf,7,LSTM-ms,0,buffer,17,250,2.911571852389821,2.911571852389821,0.3089913061592021,,,,,,,,,,,,,,,,,,300.0,300.0,299.0
real,300,gulf,7,LSTM-ms,0,buffer,18,255,9.749788784389908,9.749788784389908,0.6967428715108379,,,,,,,,,,,,,,,,,,,,148.0
real,300,gulf,7,LSTM-ms,0,buffer,19,294,16.612903654630472,16.612903654630472,1.0123737445296503,,,,,,,,,,,,,,,,,,,,
real,300,gulf,7,LSTM-ms,0,buffer,20,297,20.05739903440552,20.05739903440552,1.273342258893976,,,,,,,,,,,,,,,,,,,,
real,300,gulf,7,LSTM-ms,0,buffer,21,331,5.37245412548684,5.37245412548684,0.45865389517317395,,,,,114.0,114.0,114.0,113.0,113.0,113.0,112.0,112.0,112.0,112.0,112.0,112.0,111.0,111.0,111.0,111.0
real,300,gulf,7,LSTM-ms,0,buffer,22,371,7.782493858369983,7.782493858369983,0.439650506411861,,,,,,,,,,,,,,,,,,,,
real,300,gulf,7,LSTM-ms,0,buffer,23,374,10.068468747929073,10.068468747929073,0.5114909442908222,,,,,,,,,,,,,,,,,,,,
real,300,gulf,7,LSTM-ms,0,buffer,24,387,2.5758200125280135,2.5758200125280135,1.1242028110944717,,,,,,,,,,,,,,,,,,,,
real,300,gulf,7,LSTM-ms,0,buffer,25,408,19.165825261812277,19.165825261812277,0.7991797922619482,,,,,,,,,,,,,,,,,,,,
real,300,gulf,7,LSTM-ms,0,buffer,26,415,7.131638616564619,7.131638616564619,1.0817969552981563,,,,,,,,,,,,,,,,,,,,
real,300,gulf,7,LSTM-ms,0,buffer,27,486,17.860792911209355,17.860792911209355,0.35540091647137134,,,,,,,,,,,,,,,,,,,,
real,300,gulf,7,LSTM-ms,0,buffer,28,488,19.718165938802198,19.718165938802198,1.2697059860833613,,,,,,,,,,,,,,,,,,,,
real,300,gulf,7,LSTM-ms,0,crossing,0,26,23.01244005274292,23.01244005274292,1.5049227737915882,,,,,,,,,,,,,,,,,,,,
real,300,gulf,7,LSTM-ms,0,crossing,1,59,9.468929174193104,9.468929174193104,0.0064192089196312375,,,,,,,,,,,,,,,,,,,,
real,300,gulf,7,LSTM-ms,0,crossing,2,74,7.767335351381803,7.767335351381803,0.47295342181876326,,,,,,,,,,,,,,,,,,,,
real,300,gulf,7,LSTM-ms,0,crossing,3,83,14.205391116726213,14.205391116726213,0.5103016742766546,,,,,,,,,,,,,,,,,,,,
real,300,gulf,7,LSTM-ms,0,crossing,4,95,27.876990451518196,27.876990451518196,1.2962706829406248,,,,,,,,,,,,,,,,,,,,
real,300,gulf,7,LSTM-ms,0,crossing,5,106,11.06167649413691,11.06167649413691,0.6639209170487572,,,,,,,,,,,,,,,,,,,,
real,300,gulf,7,LSTM-ms,0,crossing,6,125,22.698745242376976,22.698745242376976,1.4326964715792176,,,,,,,,,,,,,,,,,,,,
real,300,gulf,7,LSTM-ms,0,crossing,7,148,20.004221992402755,20.004221992402755,0.002756125960338125,,,,,,,,,,,,,,,,,,,,
real,300,gulf,7,LSTM-ms,0,crossing,8,152,3.9746563210512136,3.9746563210512136,0.5335792418455438,,,,,,,,,,,,,,,,,,,,
real,300,gulf,7,LSTM-ms,0,crossing,9,157,13.689724184505534,13.689724184505534,1.324993746367817,,,,,,,,,,,,,,,,,,,,
real,300,gulf,7,LSTM-ms,0,crossing,10,180,18.983945442769457,18.983945442769457,0.18554627879549446,,,,,,,,,,,,,,,,,,,,
real,300,gulf,7,LSTM-ms,0,crossing,11,185,26.781383315423664,26.781383315423664,0.40859456309881254,,,,,,,,,,,,,,,,,,,,
real,300,gulf,7,LSTM-ms,0,crossing,12,191,8.72219293139194,8.72219293139194,0.4731607802133376,,,,,,,,,,,,,,,,,,,,
real,300,gulf,7,LSTM-ms,0,crossing,13,199,10.504893285000854,10.504893285000854,0.06766359604701731,,,,,,,,,,,,,,,,,,,,
real,300,gulf,7,LSTM-ms,0,crossing,14,210,2.970402344594241,2.970402344594241,0.2733289667922217,,,,,,,,,,,,,,,,,,,,
real,300,gulf,7,LSTM-ms,0,crossing,15,220,23.036273100546836,23.036273100546836,0.4525262289286945,,,,,,,,,,,,,,,,,,,,
real,300,gulf,7,LSTM-ms,0,crossing,16,241,3.118934780510986,3.118934780510986,0.6348573469222281,,,,,,,,,,,,,,,,,,,,
real,300,gulf,7,LSTM-ms,0,crossing,17,250,2.911571852389821,2.911571852389821,0.3089913061592021,,,,,,,,,,,,,,,,,,,,
real,300,gulf,7,LSTM-ms,0,crossing,18,255,9.749788784389908,9.749788784389908,0.6967428715108379,,,,,,,,,,,,,,,,,,,,
real,300,gulf,7,LSTM-ms,0,crossing,19,294,16.612903654630472,16.612903654630472,1.0123737445296503,,,,,,,,,,,,,,,,,,,,
real,300,gulf,7,LSTM-ms,0,crossing,20,297,20.05739903440552,20.05739903440552,1.273342258893976,,,,,,,,,,,,,,,,,,,,
real,300,gulf,7,LSTM-ms,0,crossing,21,331,5.37245412548684,5.37245412548684,0.45865389517317395,,,,,,,,,114.0,114.0,113.0,113.0,113.0,113.0,113.0,112.0,112.0,112.0,112.0,112.0
real,300,gulf,7,LSTM-ms,0,crossing,22,371,7.782493858369983,7.782493858369983,0.439650506411861,,,,,,,,,,,,,,,,,,,,
real,300,gulf,7,LSTM-ms,0,crossing,23,374,10.068468747929073,10.068468747929073,0.5114909442908222,,,,,,,,,,,,,,,,,,,,
real,300,gulf,7,LSTM-ms,0,crossing,24,387,2.5758200125280135,2.5758200125280135,1.1242028110944717,,,,,,,,,,,,,,,,,,,,
real,300,gulf,7,LSTM-ms,0,crossing,25,408,19.165825261812277,19.165825261812277,0.7991797922619482,,,,,,,,,,,,,,,,,,,,
real,300,gulf,7,LSTM-ms,0,crossing,26,415,7.131638616564619,7.131638616564619,1.0817969552981563,,,,,,,,,,,,,,,,,,,,
real,300,gulf,7,LSTM-ms,0,crossing,27,486,17.860792911209355,17.860792911209355,0.35540091647137134,,,,,,,,,,,,,,,,,,,,
real,300,gulf,7,LSTM-ms,0,crossing,28,488,19.718165938802198,19.718165938802198,1.2697059860833613,,,,,,,,,,,,,,,,,,,,
real,300,gulf,7,LSTM-rec,1,buffer,0,26,23.01244005274292,23.01244005274292,1.5049227737915882,,,,,,,,,,,,,,,,,,,,
real,300,gulf,7,LSTM-rec,1,buffer,1,59,9.468929174193104,9.468929174193104,0.0064192089196312375,,,,,,,,,,,,,,,,,,,,
real,300,gulf,7,LSTM-rec,1,buffer,2,74,7.767335351381803,7.767335351381803,0.47295342181876326,,,,,,,,,,,,,,,,,,,,
real,300,gulf,7,LSTM-rec,1,buffer,3,83,14.205391116726213,14.205391116726213,0.5103016742766546,,,,,,,,,,,,,,,,,,,,
real,300,gulf,7,LSTM-rec,1,buffer,4,95,27.876990451518196,27.876990451518196,1.2962706829406248,,,,,,,,,,,,,,,,,,,,
real,300,gulf,7,LSTM-rec,1,buffer,5,106,11.06167649413691,11.06167649413691,0.6639209170487572,,,,,,,,,,,,,,,,,,,,
real,300,gulf,7,LSTM-rec,1,buffer,6,125,22.698745242376976,22.698745242376976,1.4326964715792176,,,,,,,,,,,,,,,,,,,,
real,300,gulf,7,LSTM-rec,1,buffer,7,148,20.004221992402755,20.004221992402755,0.002756125960338125,,,,,,,,,,,,,,,,,,,,
real,300,gulf,7,LSTM-rec,1,buffer,8,152,3.9746563210512136,3.9746563210512136,0.5335792418455438,,,,,,,,,,,,,,,,,,,,
real,300,gulf,7,LSTM-rec,1,buffer,9,157,13.689724184505534,13.689724184505534,1.324993746367817,,,,,,,,,,,,,,,,,,,,
real,300,gulf,7,LSTM-rec,1,buffer,10,180,18.983945442769457,18.983945442769457,0.18554627879549446,,,,,,,,,,,,,,,,,,,,
real,300,gulf,7,LSTM-rec,1,buffer,11,185,26.781383315423664,26.781383315423664,0.40859456309881254,,,,,,,,,,,,,,,,,,,,
real,300,gulf,7,LSTM-rec,1,buffer,12,191,8.72219293139194,8.72219293139194,0.4731607802133376,,,,,,,,,,,,,,,,,,170.0,169.0,168.0
real,300,gulf,7,LSTM-rec,1,buffer,13,199,10.504893285000854,10.504893285000854,0.06766359604701731,,,,,,,,,,,638.0,638.0,637.0,637.0,636.0,636.0,636.0,636.0,635.0,635.0
real,300,gulf,7,LSTM-rec,1,buffer,14,210,2.970402344594241,2.970402344594241,0.2733289667922217,,,63.0,63.0,63.0,48.0,46.0,44.0,41.0,34.0,34.0,34.0,33.0,33.0,33.0,33.0,33.0,33.0,32.0,32.0
real,300,gulf,7,LSTM-rec,1,buffer,15,220,23.036273100546836,23.036273100546836,0.4525262289286945,,,,,,,,,,,,,,,,,,,,
real,300,gulf,7,LSTM-rec,1,buffer,16,241,3.118934780510986,3.118934780510986,0.6348573469222281,,,105.0,104.0,104.0,103.0,102.0,101.0,100.0,99.0,98.0,52.0,52.0,51.0,51.0,51.0,50.0,50.0,49.0,49.0
real,300,gulf,7,LSTM-rec,1,buffer,17,250,2.911571852389821,2.911571852389821,0.3089913061592021,,,,300.0,299.0,295.0,295.0,294.0,294.0,294.0,293.0,293.0,291.0,290.0,283.0,280.0,280.0,280.0,280.0,280.0
real,300,gulf,7,LSTM-rec,1,buffer,18,255,9.749788784389908,9.749788784389908,0.6967428715108379,,,,,,,,,,,,148.0,147.0,147.0,146.0,146.0,145.0,145.0,144.0,144.0
real,300,gulf,7,LSTM-rec,1,buffer,19,294,16.612903654630472,16.612903654630472,1.0123737445296503,,,,,,,,,,,,,,,,,,,,
real,300,gulf,7,LSTM-rec,1,buffer,20,297,20.05739903440552,20.05739903440552,1.273342258893976,,,,,,,,,,,,,,,,,,,,
real,300,gulf,7,LSTM-rec,1,buffer,21,331,5.37245412548684,5.37245412548684,0.45865389517317395,,,,114.0,113.0,113.0,112.0,111.0,110.0,110.0,110.0,44.0,34.0,33.0,33.0,33.0,33.0,32.0,32.0,32.0
real,300,gulf,7,LSTM-rec,1,buffer,22,371,7.782493858369983,7.782493858369983,0.439650506411861,,,,,,,,,,,,,,,,33.0,33.0,33.0,32.0,30.0
real,300,gulf,7,LSTM-rec,1,buffer,23,374,10.068468747929073,10.068468747929073,0.5114909442908222,,,,,,,,,,,,,,,,,,,,22.0
real,300,gulf,7,LSTM-rec,1,buffer,24,387,2.5758200125280135,2.5758200125280135,1.1242028110944717,,,,,,,,,,,,,,,,,,,,
real,300,gulf,7,LSTM-rec,1,buffer,25,408,19.165825261812277,19.165825261812277,0.7991797922619482,,,,,,,,,,,,,,,,,,,,
real,300,gulf,7,LSTM-rec,1,buffer,26,415,7.131638616564619,7.131638616564619,1.0817969552981563,,,,,,,,,,,,,,,,,,,,
real,300,gulf,7,LSTM-rec,1,buffer,27,486,17.860792911209355,17.860792911209355,0.35540091647137134,,,,,,,,,,,,,,,,,,,,
real,300,gulf,7,LSTM-rec,1,buffer,28,488,19.718165938802198,19.718165938802198,1.2697059860833613,,,,,,,,,,,,,,,,,,,,
real,300,gulf,7,LSTM-rec,1,crossing,0,26,23.01244005274292,23.01244005274292,1.5049227737915882,,,,,,,,,,,,,,,,,,,,
real,300,gulf,7,LSTM-rec,1,crossing,1,59,9.468929174193104,9.468929174193104,0.0064192089196312375,,,,,,,,,,,,,,,,,,,,
real,300,gulf,7,LSTM-rec,1,crossing,2,74,7.767335351381803,7.767335351381803,0.47295342181876326,,,,,,,,,,,,,,,,,,,,
real,300,gulf,7,LSTM-rec,1,crossing,3,83,14.205391116726213,14.205391116726213,0.5103016742766546,,,,,,,,,,,,,,,,,,,,
real,300,gulf,7,LSTM-rec,1,crossing,4,95,27.876990451518196,27.876990451518196,1.2962706829406248,,,,,,,,,,,,,,,,,,,,
real,300,gulf,7,LSTM-rec,1,crossing,5,106,11.06167649413691,11.06167649413691,0.6639209170487572,,,,,,,,,,,,,,,,,,,,
real,300,gulf,7,LSTM-rec,1,crossing,6,125,22.698745242376976,22.698745242376976,1.4326964715792176,,,,,,,,,,,,,,,,,,,,
real,300,gulf,7,LSTM-rec,1,crossing,7,148,20.004221992402755,20.004221992402755,0.002756125960338125,,,,,,,,,,,,,,,,,,,,
real,300,gulf,7,LSTM-rec,1,crossing,8,152,3.9746563210512136,3.9746563210512136,0.5335792418455438,,,,,,,,,,,,,,,,,,,,
real,300,gulf,7,LSTM-rec,1,crossing,9,157,13.689724184505534,13.689724184505534,1.324993746367817,,,,,,,,,,,,,,,,,,,,
real,300,gulf,7,LSTM-rec,1,crossing,10,180,18.983945442769457,18.983945442769457,0.18554627879549446,,,,,,,,,,,,,,,,,,,,
real,300,gulf,7,LSTM-rec,1,crossing,11,185,26.781383315423664,26.781383315423664,0.40859456309881254,,,,,,,,,,,,,,,,,,,,
real,300,gulf,7,LSTM-rec,1,crossing,12,191,8.72219293139194,8.72219293139194,0.4731607802133376,,,,,,,,,,,,,,,,,,,,
real,300,gulf,7,LSTM-rec,1,crossing,13,199,10.504893285000854,10.504893285000854,0.06766359604701731,,,,,,,,,,,,,638.0,638.0,638.0,637.0,637.0,636.0,636.0,636.0
real,300,gulf,7,LSTM-rec,1,crossing,14,210,2.970402344594241,2.970402344594241,0.2733289667922217,,,,,,,,,63.0,63.0,63.0,63.0,47.0,45.0,34.0,34.0,34.0,34.0,33.0,33.0
real,300,gulf,7,LSTM-rec,1,crossing,15,220,23.036273100546836,23.036273100546836,0.4525262289286945,,,,,,,,,,,,,,,,,,,,
real,300,gulf,7,LSTM-rec,1,crossing,16,241,3.118934780510986,3.118934780510986,0.6348573469222281,,,,,,,,105.0,104.0,104.0,103.0,102.0,101.0,52.0,52.0,52.0,51.0,51.0,51.0,50.0
real,300,gulf,7,LSTM-rec,1,crossing,17,250,2.911571852389821,2.911571852389821,0.3089913061592021,,,,,,,,,,,295.0,295.0,294.0,294.0,294.0,293.0,293.0,292.0,290.0,283.0
real,300,gulf,7,LSTM-rec,1,crossing,18,255,9.749788784389908,9.749788784389908,0.6967428715108379,,,,,,,,,,,,,,,,148.0,147.0,147.0,146.0,146.0
real,300,gulf,7,LSTM-rec,1,crossing,19,294,16.612903654630472,16.612903654630472,1.0123737445296503,,,,,,,,,,,,,,,,,,,,
real,300,gulf,7,LSTM-rec,1,crossing,20,297,20.05739903440552,20.05739903440552,1.273342258893976,,,,,,,,,,,,,,,,,,,,
real,300,gulf,7,LSTM-rec,1,crossing,21,331,5.37245412548684,5.37245412548684,0.45865389517317395,,,,,,114.0,113.0,113.0,112.0,111.0,111.0,110.0,110.0,110.0,44.0,34.0,34.0,33.0,33.0,33.0
real,300,gulf,7,LSTM-rec,1,crossing,22,371,7.782493858369983,7.782493858369983,0.439650506411861,,,,,,,,,,,,,,,,,,,,
real,300,gulf,7,LSTM-rec,1,crossing,23,374,10.068468747929073,10.068468747929073,0.5114909442908222,,,,,,,,,,,,,,,,,,,,
real,300,gulf,7,LSTM-rec,1,crossing,24,387,2.5758200125280135,2.5758200125280135,1.1242028110944717,,,,,,,,,,,,,,,,,,,,
real,300,gulf,7,LSTM-rec,1,crossing,25,408,19.165825261812277,19.165825261812277,0.7991797922619482,,,,,,,,,,,,,,,,,,,,
real,300,gulf,7,LSTM-rec,1,crossing,26,415,7.131638616564619,7.131638616564619,1.0817969552981563,,,,,,,,,,,,,,,,,,,,
real,300,gulf,7,LSTM-rec,1,crossing,27,486,17.860792911209355,17.860792911209355,0.35540091647137134,,,,,,,,,,,,,,,,,,,,
real,300,gulf,7,LSTM-rec,1,crossing,28,488,19.718165938802198,19.718165938802198,1.2697059860833613,,,,,,,,,,,,,,,,,,,,
real,300,gulf,7,LSTM-ms,1,buffer,0,26,23.01244005274292,23.01244005274292,1.5049227737915882,,,,,,,,,,,,,,,,,,,,
real,300,gulf,7,LSTM-ms,1,buffer,1,59,9.468929174193104,9.468929174193104,0.0064192089196312375,,,,,,,,,,,,,,,,,,,,
real,300,gulf,7,LSTM-ms,1,buffer,2,74,7.767335351381803,7.767335351381803,0.47295342181876326,,,,,,,,,,,,,,,,,,,,
real,300,gulf,7,LSTM-ms,1,buffer,3,83,14.205391116726213,14.205391116726213,0.5103016742766546,,,,,,,,,,,,,,,,,,,,
real,300,gulf,7,LSTM-ms,1,buffer,4,95,27.876990451518196,27.876990451518196,1.2962706829406248,,,,,,,,,,,,,,,,,,,,
real,300,gulf,7,LSTM-ms,1,buffer,5,106,11.06167649413691,11.06167649413691,0.6639209170487572,,,,,,,,,,,,,,,,,,,,
real,300,gulf,7,LSTM-ms,1,buffer,6,125,22.698745242376976,22.698745242376976,1.4326964715792176,,,,,,,,,,,,,,,,,,,,
real,300,gulf,7,LSTM-ms,1,buffer,7,148,20.004221992402755,20.004221992402755,0.002756125960338125,,,,,,,,,,,,,,,,,,,,
real,300,gulf,7,LSTM-ms,1,buffer,8,152,3.9746563210512136,3.9746563210512136,0.5335792418455438,,,,,,,,,,,,,,,,,,,,
real,300,gulf,7,LSTM-ms,1,buffer,9,157,13.689724184505534,13.689724184505534,1.324993746367817,,,,,,,,,,,,,,,,,,,,
real,300,gulf,7,LSTM-ms,1,buffer,10,180,18.983945442769457,18.983945442769457,0.18554627879549446,,,,,,,,,,,,,,,,,,,,
real,300,gulf,7,LSTM-ms,1,buffer,11,185,26.781383315423664,26.781383315423664,0.40859456309881254,,,,,,,,,,,,,,,,,,,,
real,300,gulf,7,LSTM-ms,1,buffer,12,191,8.72219293139194,8.72219293139194,0.4731607802133376,,,,,,,,,,,,,,,,,,,,
real,300,gulf,7,LSTM-ms,1,buffer,13,199,10.504893285000854,10.504893285000854,0.06766359604701731,,,,,,,,,,,,,,,638.0,638.0,637.0,637.0,637.0,637.0
real,300,gulf,7,LSTM-ms,1,buffer,14,210,2.970402344594241,2.970402344594241,0.2733289667922217,,,63.0,63.0,63.0,48.0,47.0,45.0,44.0,34.0,34.0,34.0,34.0,34.0,34.0,34.0,34.0,34.0,34.0,34.0
real,300,gulf,7,LSTM-ms,1,buffer,15,220,23.036273100546836,23.036273100546836,0.4525262289286945,,,,,,,,,,,,,,,,,,,,
real,300,gulf,7,LSTM-ms,1,buffer,16,241,3.118934780510986,3.118934780510986,0.6348573469222281,,,105.0,104.0,103.0,103.0,102.0,101.0,101.0,100.0,99.0,99.0,98.0,52.0,52.0,52.0,51.0,51.0,51.0,50.0
real,300,gulf,7,LSTM-ms,1,buffer,17,250,2.911571852389821,2.911571852389821,0.3089913061592021,,,300.0,299.0,299.0,299.0,298.0,298.0,295.0,294.0,294.0,294.0,294.0,294.0,293.0,293.0,293.0,293.0,292.0,291.0
real,300,gulf,7,LSTM-ms,1,buffer,18,255,9.749788784389908,9.749788784389908,0.6967428715108379,,,,,,,,,,,,,,148.0,148.0,147.0,147.0,146.0,146.0,146.0
real,300,gulf,7,LSTM-ms,1,buffer,19,294,16.612903654630472,16.612903654630472,1.0123737445296503,,,,,,,,,,,,,,,,,,,,
real,300,gulf,7,LSTM-ms,1,buffer,20,297,20.05739903440552,20.05739903440552,1.273342258893976,,,,,,,,,,,,,,,,,,,,
real,300,gulf,7,LSTM-ms,1,buffer,21,331,5.37245412548684,5.37245412548684,0.45865389517317395,,,,114.0,114.0,113.0,113.0,112.0,112.0,111.0,111.0,111.0,110.0,110.0,110.0,44.0,34.0,34.0,34.0,34.0
real,300,gulf,7,LSTM-ms,1,buffer,22,371,7.782493858369983,7.782493858369983,0.439650506411861,,,,,,,,,,,,,,,,,,,,
real,300,gulf,7,LSTM-ms,1,buffer,23,374,10.068468747929073,10.068468747929073,0.5114909442908222,,,,,,,,,,,,,,,,,,,,
real,300,gulf,7,LSTM-ms,1,buffer,24,387,2.5758200125280135,2.5758200125280135,1.1242028110944717,,,,,,,,,,,,,,,,,,,,
real,300,gulf,7,LSTM-ms,1,buffer,25,408,19.165825261812277,19.165825261812277,0.7991797922619482,,,,,,,,,,,,,,,,,,,,
real,300,gulf,7,LSTM-ms,1,buffer,26,415,7.131638616564619,7.131638616564619,1.0817969552981563,,,,,,,,,,,,,,,,,,,,
real,300,gulf,7,LSTM-ms,1,buffer,27,486,17.860792911209355,17.860792911209355,0.35540091647137134,,,,,,,,,,,,,,,,,,,,
real,300,gulf,7,LSTM-ms,1,buffer,28,488,19.718165938802198,19.718165938802198,1.2697059860833613,,,,,,,,,,,,,,,,,,,,
real,300,gulf,7,LSTM-ms,1,crossing,0,26,23.01244005274292,23.01244005274292,1.5049227737915882,,,,,,,,,,,,,,,,,,,,
real,300,gulf,7,LSTM-ms,1,crossing,1,59,9.468929174193104,9.468929174193104,0.0064192089196312375,,,,,,,,,,,,,,,,,,,,
real,300,gulf,7,LSTM-ms,1,crossing,2,74,7.767335351381803,7.767335351381803,0.47295342181876326,,,,,,,,,,,,,,,,,,,,
real,300,gulf,7,LSTM-ms,1,crossing,3,83,14.205391116726213,14.205391116726213,0.5103016742766546,,,,,,,,,,,,,,,,,,,,
real,300,gulf,7,LSTM-ms,1,crossing,4,95,27.876990451518196,27.876990451518196,1.2962706829406248,,,,,,,,,,,,,,,,,,,,
real,300,gulf,7,LSTM-ms,1,crossing,5,106,11.06167649413691,11.06167649413691,0.6639209170487572,,,,,,,,,,,,,,,,,,,,
real,300,gulf,7,LSTM-ms,1,crossing,6,125,22.698745242376976,22.698745242376976,1.4326964715792176,,,,,,,,,,,,,,,,,,,,
real,300,gulf,7,LSTM-ms,1,crossing,7,148,20.004221992402755,20.004221992402755,0.002756125960338125,,,,,,,,,,,,,,,,,,,,
real,300,gulf,7,LSTM-ms,1,crossing,8,152,3.9746563210512136,3.9746563210512136,0.5335792418455438,,,,,,,,,,,,,,,,,,,,
real,300,gulf,7,LSTM-ms,1,crossing,9,157,13.689724184505534,13.689724184505534,1.324993746367817,,,,,,,,,,,,,,,,,,,,
real,300,gulf,7,LSTM-ms,1,crossing,10,180,18.983945442769457,18.983945442769457,0.18554627879549446,,,,,,,,,,,,,,,,,,,,
real,300,gulf,7,LSTM-ms,1,crossing,11,185,26.781383315423664,26.781383315423664,0.40859456309881254,,,,,,,,,,,,,,,,,,,,
real,300,gulf,7,LSTM-ms,1,crossing,12,191,8.72219293139194,8.72219293139194,0.4731607802133376,,,,,,,,,,,,,,,,,,,,
real,300,gulf,7,LSTM-ms,1,crossing,13,199,10.504893285000854,10.504893285000854,0.06766359604701731,,,,,,,,,,,,,,,,,,,638.0,638.0
real,300,gulf,7,LSTM-ms,1,crossing,14,210,2.970402344594241,2.970402344594241,0.2733289667922217,,,,,,,,,,,,,63.0,63.0,63.0,63.0,63.0,34.0,34.0,34.0
real,300,gulf,7,LSTM-ms,1,crossing,15,220,23.036273100546836,23.036273100546836,0.4525262289286945,,,,,,,,,,,,,,,,,,,,
real,300,gulf,7,LSTM-ms,1,crossing,16,241,3.118934780510986,3.118934780510986,0.6348573469222281,,,,,,,,,,105.0,104.0,104.0,103.0,103.0,102.0,102.0,101.0,52.0,52.0,52.0
real,300,gulf,7,LSTM-ms,1,crossing,17,250,2.911571852389821,2.911571852389821,0.3089913061592021,,,,,,,,,,,,300.0,299.0,299.0,299.0,299.0,299.0,299.0,295.0,295.0
real,300,gulf,7,LSTM-ms,1,crossing,18,255,9.749788784389908,9.749788784389908,0.6967428715108379,,,,,,,,,,,,,,,,,,,148.0,148.0
real,300,gulf,7,LSTM-ms,1,crossing,19,294,16.612903654630472,16.612903654630472,1.0123737445296503,,,,,,,,,,,,,,,,,,,,
real,300,gulf,7,LSTM-ms,1,crossing,20,297,20.05739903440552,20.05739903440552,1.273342258893976,,,,,,,,,,,,,,,,,,,,
real,300,gulf,7,LSTM-ms,1,crossing,21,331,5.37245412548684,5.37245412548684,0.45865389517317395,,,,,,114.0,114.0,113.0,113.0,113.0,112.0,112.0,112.0,111.0,111.0,111.0,111.0,110.0,110.0,110.0
real,300,gulf,7,LSTM-ms,1,crossing,22,371,7.782493858369983,7.782493858369983,0.439650506411861,,,,,,,,,,,,,,,,,,,,
real,300,gulf,7,LSTM-ms,1,crossing,23,374,10.068468747929073,10.068468747929073,0.5114909442908222,,,,,,,,,,,,,,,,,,,,
real,300,gulf,7,LSTM-ms,1,crossing,24,387,2.5758200125280135,2.5758200125280135,1.1242028110944717,,,,,,,,,,,,,,,,,,,,
real,300,gulf,7,LSTM-ms,1,crossing,25,408,19.165825261812277,19.165825261812277,0.7991797922619482,,,,,,,,,,,,,,,,,,,,
real,300,gulf,7,LSTM-ms,1,crossing,26,415,7.131638616564619,7.131638616564619,1.0817969552981563,,,,,,,,,,,,,,,,,,,,
real,300,gulf,7,LSTM-ms,1,crossing,27,486,17.860792911209355,17.860792911209355,0.35540091647137134,,,,,,,,,,,,,,,,,,,,
real,300,gulf,7,LSTM-ms,1,crossing,28,488,19.718165938802198,19.718165938802198,1.2697059860833613,,,,,,,,,,,,,,,,,,,,
real,300,gulf,7,LSTM-rec,2,buffer,0,26,23.01244005274292,23.01244005274292,1.5049227737915882,,,,,,,,,,,,,,,,,,,,
real,300,gulf,7,LSTM-rec,2,buffer,1,59,9.468929174193104,9.468929174193104,0.0064192089196312375,,,,,,,,,,,,,,,,,,,,
real,300,gulf,7,LSTM-rec,2,buffer,2,74,7.767335351381803,7.767335351381803,0.47295342181876326,,,,,,,,,,,,,,,,,,,,
real,300,gulf,7,LSTM-rec,2,buffer,3,83,14.205391116726213,14.205391116726213,0.5103016742766546,,,,,,,,,,,,,,,,,,,,
real,300,gulf,7,LSTM-rec,2,buffer,4,95,27.876990451518196,27.876990451518196,1.2962706829406248,,,,,,,,,,,,,,,,,,,,
real,300,gulf,7,LSTM-rec,2,buffer,5,106,11.06167649413691,11.06167649413691,0.6639209170487572,,,,,,,,,,,,,,,,,,,,
real,300,gulf,7,LSTM-rec,2,buffer,6,125,22.698745242376976,22.698745242376976,1.4326964715792176,,,,,,,,,,,,,,,,,,,,
real,300,gulf,7,LSTM-rec,2,buffer,7,148,20.004221992402755,20.004221992402755,0.002756125960338125,,,,,,,,,,,,,,,,,,,,
real,300,gulf,7,LSTM-rec,2,buffer,8,152,3.9746563210512136,3.9746563210512136,0.5335792418455438,,,,,,,,,,,,,,,,,,,,
real,300,gulf,7,LSTM-rec,2,buffer,9,157,13.689724184505534,13.689724184505534,1.324993746367817,,,,,,,,,,,,,,,,,,,,
real,300,gulf,7,LSTM-rec,2,buffer,10,180,18.983945442769457,18.983945442769457,0.18554627879549446,,,,,,,,,,,,,,,,,,,,
real,300,gulf,7,LSTM-rec,2,buffer,11,185,26.781383315423664,26.781383315423664,0.40859456309881254,,,,,,,,,,,,,,,,,,,,
real,300,gulf,7,LSTM-rec,2,buffer,12,191,8.72219293139194,8.72219293139194,0.4731607802133376,,,,,,,,,,,,,,,,,,,,
real,300,gulf,7,LSTM-rec,2,buffer,13,199,10.504893285000854,10.504893285000854,0.06766359604701731,,,,,,,,,,,,,,,,,,,,
real,300,gulf,7,LSTM-rec,2,buffer,14,210,2.970402344594241,2.970402344594241,0.2733289667922217,,,,,,,,,,,,,,,,,,,,
real,300,gulf,7,LSTM-rec,2,buffer,15,220,23.036273100546836,23.036273100546836,0.4525262289286945,,,,,,,,,,,,,,,,,,,,
real,300,gulf,7,LSTM-rec,2,buffer,16,241,3.118934780510986,3.118934780510986,0.6348573469222281,,,,,105.0,105.0,105.0,105.0,105.0,105.0,105.0,105.0,105.0,105.0,105.0,105.0,105.0,105.0,105.0,105.0
real,300,gulf,7,LSTM-rec,2,buffer,17,250,2.911571852389821,2.911571852389821,0.3089913061592021,,,,,,,,,,,,,,,,,,,,
real,300,gulf,7,LSTM-rec,2,buffer,18,255,9.749788784389908,9.749788784389908,0.6967428715108379,,,,,,,,,,,,,,,,,,,,
real,300,gulf,7,LSTM-rec,2,buffer,19,294,16.612903654630472,16.612903654630472,1.0123737445296503,,,,,,,,,,,,,,,,,,,,
real,300,gulf,7,LSTM-rec,2,buffer,20,297,20.05739903440552,20.05739903440552,1.273342258893976,,,,,,,,,,,,,,,,,,,,
real,300,gulf,7,LSTM-rec,2,buffer,21,331,5.37245412548684,5.37245412548684,0.45865389517317395,,,,,114.0,114.0,113.0,113.0,112.0,112.0,112.0,112.0,112.0,111.0,111.0,111.0,111.0,111.0,111.0,111.0
real,300,gulf,7,LSTM-rec,2,buffer,22,371,7.782493858369983,7.782493858369983,0.439650506411861,,,,,,,,,,,,,,,,,,,,
real,300,gulf,7,LSTM-rec,2,buffer,23,374,10.068468747929073,10.068468747929073,0.5114909442908222,,,,,,,,,,,,,,,,,,,,
real,300,gulf,7,LSTM-rec,2,buffer,24,387,2.5758200125280135,2.5758200125280135,1.1242028110944717,,,,,,,,,,,,,,,,,,,,
real,300,gulf,7,LSTM-rec,2,buffer,25,408,19.165825261812277,19.165825261812277,0.7991797922619482,,,,,,,,,,,,,,,,,,,,
real,300,gulf,7,LSTM-rec,2,buffer,26,415,7.131638616564619,7.131638616564619,1.0817969552981563,,,,,,,,,,,,,,,,,,,,
real,300,gulf,7,LSTM-rec,2,buffer,27,486,17.860792911209355,17.860792911209355,0.35540091647137134,,,,,,,,,,,,,,,,,,,,
real,300,gulf,7,LSTM-rec,2,buffer,28,488,19.718165938802198,19.718165938802198,1.2697059860833613,,,,,,,,,,,,,,,,,,,,
real,300,gulf,7,LSTM-rec,2,crossing,0,26,23.01244005274292,23.01244005274292,1.5049227737915882,,,,,,,,,,,,,,,,,,,,
real,300,gulf,7,LSTM-rec,2,crossing,1,59,9.468929174193104,9.468929174193104,0.0064192089196312375,,,,,,,,,,,,,,,,,,,,
real,300,gulf,7,LSTM-rec,2,crossing,2,74,7.767335351381803,7.767335351381803,0.47295342181876326,,,,,,,,,,,,,,,,,,,,
real,300,gulf,7,LSTM-rec,2,crossing,3,83,14.205391116726213,14.205391116726213,0.5103016742766546,,,,,,,,,,,,,,,,,,,,
real,300,gulf,7,LSTM-rec,2,crossing,4,95,27.876990451518196,27.876990451518196,1.2962706829406248,,,,,,,,,,,,,,,,,,,,
real,300,gulf,7,LSTM-rec,2,crossing,5,106,11.06167649413691,11.06167649413691,0.6639209170487572,,,,,,,,,,,,,,,,,,,,
real,300,gulf,7,LSTM-rec,2,crossing,6,125,22.698745242376976,22.698745242376976,1.4326964715792176,,,,,,,,,,,,,,,,,,,,
real,300,gulf,7,LSTM-rec,2,crossing,7,148,20.004221992402755,20.004221992402755,0.002756125960338125,,,,,,,,,,,,,,,,,,,,
real,300,gulf,7,LSTM-rec,2,crossing,8,152,3.9746563210512136,3.9746563210512136,0.5335792418455438,,,,,,,,,,,,,,,,,,,,
real,300,gulf,7,LSTM-rec,2,crossing,9,157,13.689724184505534,13.689724184505534,1.324993746367817,,,,,,,,,,,,,,,,,,,,
real,300,gulf,7,LSTM-rec,2,crossing,10,180,18.983945442769457,18.983945442769457,0.18554627879549446,,,,,,,,,,,,,,,,,,,,
real,300,gulf,7,LSTM-rec,2,crossing,11,185,26.781383315423664,26.781383315423664,0.40859456309881254,,,,,,,,,,,,,,,,,,,,
real,300,gulf,7,LSTM-rec,2,crossing,12,191,8.72219293139194,8.72219293139194,0.4731607802133376,,,,,,,,,,,,,,,,,,,,
real,300,gulf,7,LSTM-rec,2,crossing,13,199,10.504893285000854,10.504893285000854,0.06766359604701731,,,,,,,,,,,,,,,,,,,,
real,300,gulf,7,LSTM-rec,2,crossing,14,210,2.970402344594241,2.970402344594241,0.2733289667922217,,,,,,,,,,,,,,,,,,,,
real,300,gulf,7,LSTM-rec,2,crossing,15,220,23.036273100546836,23.036273100546836,0.4525262289286945,,,,,,,,,,,,,,,,,,,,
real,300,gulf,7,LSTM-rec,2,crossing,16,241,3.118934780510986,3.118934780510986,0.6348573469222281,,,,,,,,,,,,,,,,,,,,
real,300,gulf,7,LSTM-rec,2,crossing,17,250,2.911571852389821,2.911571852389821,0.3089913061592021,,,,,,,,,,,,,,,,,,,,
real,300,gulf,7,LSTM-rec,2,crossing,18,255,9.749788784389908,9.749788784389908,0.6967428715108379,,,,,,,,,,,,,,,,,,,,
real,300,gulf,7,LSTM-rec,2,crossing,19,294,16.612903654630472,16.612903654630472,1.0123737445296503,,,,,,,,,,,,,,,,,,,,
real,300,gulf,7,LSTM-rec,2,crossing,20,297,20.05739903440552,20.05739903440552,1.273342258893976,,,,,,,,,,,,,,,,,,,,
real,300,gulf,7,LSTM-rec,2,crossing,21,331,5.37245412548684,5.37245412548684,0.45865389517317395,,,,,,,,114.0,114.0,114.0,114.0,113.0,113.0,113.0,113.0,113.0,113.0,113.0,113.0,113.0
real,300,gulf,7,LSTM-rec,2,crossing,22,371,7.782493858369983,7.782493858369983,0.439650506411861,,,,,,,,,,,,,,,,,,,,
real,300,gulf,7,LSTM-rec,2,crossing,23,374,10.068468747929073,10.068468747929073,0.5114909442908222,,,,,,,,,,,,,,,,,,,,
real,300,gulf,7,LSTM-rec,2,crossing,24,387,2.5758200125280135,2.5758200125280135,1.1242028110944717,,,,,,,,,,,,,,,,,,,,
real,300,gulf,7,LSTM-rec,2,crossing,25,408,19.165825261812277,19.165825261812277,0.7991797922619482,,,,,,,,,,,,,,,,,,,,
real,300,gulf,7,LSTM-rec,2,crossing,26,415,7.131638616564619,7.131638616564619,1.0817969552981563,,,,,,,,,,,,,,,,,,,,
real,300,gulf,7,LSTM-rec,2,crossing,27,486,17.860792911209355,17.860792911209355,0.35540091647137134,,,,,,,,,,,,,,,,,,,,
real,300,gulf,7,LSTM-rec,2,crossing,28,488,19.718165938802198,19.718165938802198,1.2697059860833613,,,,,,,,,,,,,,,,,,,,
real,300,gulf,7,LSTM-ms,2,buffer,0,26,23.01244005274292,23.01244005274292,1.5049227737915882,,,,,,,,,,,,,,,,,,,,
real,300,gulf,7,LSTM-ms,2,buffer,1,59,9.468929174193104,9.468929174193104,0.0064192089196312375,,,,,,,,,,,,,,,,,,,,
real,300,gulf,7,LSTM-ms,2,buffer,2,74,7.767335351381803,7.767335351381803,0.47295342181876326,,,,,,,,,,,,,,,,,,,,
real,300,gulf,7,LSTM-ms,2,buffer,3,83,14.205391116726213,14.205391116726213,0.5103016742766546,,,,,,,,,,,,,,,,,,,,
real,300,gulf,7,LSTM-ms,2,buffer,4,95,27.876990451518196,27.876990451518196,1.2962706829406248,,,,,,,,,,,,,,,,,,,,
real,300,gulf,7,LSTM-ms,2,buffer,5,106,11.06167649413691,11.06167649413691,0.6639209170487572,,,,,,,,,,,,,,,,,,,,
real,300,gulf,7,LSTM-ms,2,buffer,6,125,22.698745242376976,22.698745242376976,1.4326964715792176,,,,,,,,,,,,,,,,,,,,
real,300,gulf,7,LSTM-ms,2,buffer,7,148,20.004221992402755,20.004221992402755,0.002756125960338125,,,,,,,,,,,,,,,,,,,,
real,300,gulf,7,LSTM-ms,2,buffer,8,152,3.9746563210512136,3.9746563210512136,0.5335792418455438,,,,,,,,,,,,,,,,,,,,
real,300,gulf,7,LSTM-ms,2,buffer,9,157,13.689724184505534,13.689724184505534,1.324993746367817,,,,,,,,,,,,,,,,,,,,
real,300,gulf,7,LSTM-ms,2,buffer,10,180,18.983945442769457,18.983945442769457,0.18554627879549446,,,,,,,,,,,,,,,,,,,,
real,300,gulf,7,LSTM-ms,2,buffer,11,185,26.781383315423664,26.781383315423664,0.40859456309881254,,,,,,,,,,,,,,,,,,,,
real,300,gulf,7,LSTM-ms,2,buffer,12,191,8.72219293139194,8.72219293139194,0.4731607802133376,,,,,,,,,,,,,,,,,,,,
real,300,gulf,7,LSTM-ms,2,buffer,13,199,10.504893285000854,10.504893285000854,0.06766359604701731,,,,,,,,,,,,,,,,638.0,638.0,638.0,638.0,637.0
real,300,gulf,7,LSTM-ms,2,buffer,14,210,2.970402344594241,2.970402344594241,0.2733289667922217,,,,,,63.0,63.0,63.0,63.0,48.0,47.0,45.0,36.0,36.0,35.0,35.0,35.0,35.0,34.0,34.0
real,300,gulf,7,LSTM-ms,2,buffer,15,220,23.036273100546836,23.036273100546836,0.4525262289286945,,,,,,,,,,,,,,,,,,,,
real,300,gulf,7,LSTM-ms,2,buffer,16,241,3.118934780510986,3.118934780510986,0.6348573469222281,,,,105.0,104.0,104.0,103.0,103.0,102.0,101.0,101.0,100.0,99.0,53.0,52.0,52.0,52.0,51.0,51.0,51.0
real,300,gulf,7,LSTM-ms,2,buffer,17,250,2.911571852389821,2.911571852389821,0.3089913061592021,,,,,300.0,299.0,299.0,298.0,297.0,296.0,295.0,295.0,295.0,294.0,294.0,294.0,294.0,294.0,293.0,293.0
real,300,gulf,7,LSTM-ms,2,buffer,18,255,9.749788784389908,9.749788784389908,0.6967428715108379,,,,,,,,,,,,,,148.0,148.0,147.0,147.0,147.0,146.0,146.0
real,300,gulf,7,LSTM-ms,2,buffer,19,294,16.612903654630472,16.612903654630472,1.0123737445296503,,,,,,,,,,,,,,,,,,,,
real,300,gulf,7,LSTM-ms,2,buffer,20,297,20.05739903440552,20.05739903440552,1.273342258893976,,,,,,,,,,,,,,,,,,,,
real,300,gulf,7,LSTM-ms,2,buffer,21,331,5.37245412548684,5.37245412548684,0.45865389517317395,,,,,114.0,113.0,113.0,113.0,112.0,112.0,112.0,111.0,111.0,111.0,111.0,111.0,110.0,34.0,34.0,34.0
real,300,gulf,7,LSTM-ms,2,buffer,22,371,7.782493858369983,7.782493858369983,0.439650506411861,,,,,,,,,,,,,,,,,,,,
real,300,gulf,7,LSTM-ms,2,buffer,23,374,10.068468747929073,10.068468747929073,0.5114909442908222,,,,,,,,,,,,,,,,,,,,
real,300,gulf,7,LSTM-ms,2,buffer,24,387,2.5758200125280135,2.5758200125280135,1.1242028110944717,,,,,,,,,,,,,,,,,,,,
real,300,gulf,7,LSTM-ms,2,buffer,25,408,19.165825261812277,19.165825261812277,0.7991797922619482,,,,,,,,,,,,,,,,,,,,
real,300,gulf,7,LSTM-ms,2,buffer,26,415,7.131638616564619,7.131638616564619,1.0817969552981563,,,,,,,,,,,,,,,,,,,,
real,300,gulf,7,LSTM-ms,2,buffer,27,486,17.860792911209355,17.860792911209355,0.35540091647137134,,,,,,,,,,,,,,,,,,,,
real,300,gulf,7,LSTM-ms,2,buffer,28,488,19.718165938802198,19.718165938802198,1.2697059860833613,,,,,,,,,,,,,,,,,,,,
real,300,gulf,7,LSTM-ms,2,crossing,0,26,23.01244005274292,23.01244005274292,1.5049227737915882,,,,,,,,,,,,,,,,,,,,
real,300,gulf,7,LSTM-ms,2,crossing,1,59,9.468929174193104,9.468929174193104,0.0064192089196312375,,,,,,,,,,,,,,,,,,,,
real,300,gulf,7,LSTM-ms,2,crossing,2,74,7.767335351381803,7.767335351381803,0.47295342181876326,,,,,,,,,,,,,,,,,,,,
real,300,gulf,7,LSTM-ms,2,crossing,3,83,14.205391116726213,14.205391116726213,0.5103016742766546,,,,,,,,,,,,,,,,,,,,
real,300,gulf,7,LSTM-ms,2,crossing,4,95,27.876990451518196,27.876990451518196,1.2962706829406248,,,,,,,,,,,,,,,,,,,,
real,300,gulf,7,LSTM-ms,2,crossing,5,106,11.06167649413691,11.06167649413691,0.6639209170487572,,,,,,,,,,,,,,,,,,,,
real,300,gulf,7,LSTM-ms,2,crossing,6,125,22.698745242376976,22.698745242376976,1.4326964715792176,,,,,,,,,,,,,,,,,,,,
real,300,gulf,7,LSTM-ms,2,crossing,7,148,20.004221992402755,20.004221992402755,0.002756125960338125,,,,,,,,,,,,,,,,,,,,
real,300,gulf,7,LSTM-ms,2,crossing,8,152,3.9746563210512136,3.9746563210512136,0.5335792418455438,,,,,,,,,,,,,,,,,,,,
real,300,gulf,7,LSTM-ms,2,crossing,9,157,13.689724184505534,13.689724184505534,1.324993746367817,,,,,,,,,,,,,,,,,,,,
real,300,gulf,7,LSTM-ms,2,crossing,10,180,18.983945442769457,18.983945442769457,0.18554627879549446,,,,,,,,,,,,,,,,,,,,
real,300,gulf,7,LSTM-ms,2,crossing,11,185,26.781383315423664,26.781383315423664,0.40859456309881254,,,,,,,,,,,,,,,,,,,,
real,300,gulf,7,LSTM-ms,2,crossing,12,191,8.72219293139194,8.72219293139194,0.4731607802133376,,,,,,,,,,,,,,,,,,,,
real,300,gulf,7,LSTM-ms,2,crossing,13,199,10.504893285000854,10.504893285000854,0.06766359604701731,,,,,,,,,,,,,,,,,,,,638.0
real,300,gulf,7,LSTM-ms,2,crossing,14,210,2.970402344594241,2.970402344594241,0.2733289667922217,,,,,,,,,,,,,,,,,,,,63.0
real,300,gulf,7,LSTM-ms,2,crossing,15,220,23.036273100546836,23.036273100546836,0.4525262289286945,,,,,,,,,,,,,,,,,,,,
real,300,gulf,7,LSTM-ms,2,crossing,16,241,3.118934780510986,3.118934780510986,0.6348573469222281,,,,,,,,,,,,105.0,104.0,104.0,103.0,103.0,102.0,53.0,52.0,52.0
real,300,gulf,7,LSTM-ms,2,crossing,17,250,2.911571852389821,2.911571852389821,0.3089913061592021,,,,,,,,,,,,,,,300.0,299.0,299.0,299.0,298.0,296.0
real,300,gulf,7,LSTM-ms,2,crossing,18,255,9.749788784389908,9.749788784389908,0.6967428715108379,,,,,,,,,,,,,,,,,,,,148.0
real,300,gulf,7,LSTM-ms,2,crossing,19,294,16.612903654630472,16.612903654630472,1.0123737445296503,,,,,,,,,,,,,,,,,,,,
real,300,gulf,7,LSTM-ms,2,crossing,20,297,20.05739903440552,20.05739903440552,1.273342258893976,,,,,,,,,,,,,,,,,,,,
real,300,gulf,7,LSTM-ms,2,crossing,21,331,5.37245412548684,5.37245412548684,0.45865389517317395,,,,,,,114.0,114.0,113.0,113.0,113.0,112.0,112.0,112.0,112.0,111.0,111.0,111.0,111.0,111.0
real,300,gulf,7,LSTM-ms,2,crossing,22,371,7.782493858369983,7.782493858369983,0.439650506411861,,,,,,,,,,,,,,,,,,,,
real,300,gulf,7,LSTM-ms,2,crossing,23,374,10.068468747929073,10.068468747929073,0.5114909442908222,,,,,,,,,,,,,,,,,,,,
real,300,gulf,7,LSTM-ms,2,crossing,24,387,2.5758200125280135,2.5758200125280135,1.1242028110944717,,,,,,,,,,,,,,,,,,,,
real,300,gulf,7,LSTM-ms,2,crossing,25,408,19.165825261812277,19.165825261812277,0.7991797922619482,,,,,,,,,,,,,,,,,,,,
real,300,gulf,7,LSTM-ms,2,crossing,26,415,7.131638616564619,7.131638616564619,1.0817969552981563,,,,,,,,,,,,,,,,,,,,
real,300,gulf,7,LSTM-ms,2,crossing,27,486,17.860792911209355,17.860792911209355,0.35540091647137134,,,,,,,,,,,,,,,,,,,,
real,300,gulf,7,LSTM-ms,2,crossing,28,488,19.718165938802198,19.718165938802198,1.2697059860833613,,,,,,,,,,,,,,,,,,,,
real,300,gulf,7,LSTM-rec,3,buffer,0,26,23.01244005274292,23.01244005274292,1.5049227737915882,,,,,,,,,,,,,,,,,,,,
real,300,gulf,7,LSTM-rec,3,buffer,1,59,9.468929174193104,9.468929174193104,0.0064192089196312375,,,,,,,,,,,,,,,,,,,,
real,300,gulf,7,LSTM-rec,3,buffer,2,74,7.767335351381803,7.767335351381803,0.47295342181876326,,,,,,,,,,,,,,,,,,,,
real,300,gulf,7,LSTM-rec,3,buffer,3,83,14.205391116726213,14.205391116726213,0.5103016742766546,,,,,,,,,,,,,,,,,,,,
real,300,gulf,7,LSTM-rec,3,buffer,4,95,27.876990451518196,27.876990451518196,1.2962706829406248,,,,,,,,,,,,,,,,,,,,
real,300,gulf,7,LSTM-rec,3,buffer,5,106,11.06167649413691,11.06167649413691,0.6639209170487572,,,,,,,,,,,,,,,,,,,,
real,300,gulf,7,LSTM-rec,3,buffer,6,125,22.698745242376976,22.698745242376976,1.4326964715792176,,,,,,,,,,,,,,,,,,,,
real,300,gulf,7,LSTM-rec,3,buffer,7,148,20.004221992402755,20.004221992402755,0.002756125960338125,,,,,,,,,,,,,,,,,,,,
real,300,gulf,7,LSTM-rec,3,buffer,8,152,3.9746563210512136,3.9746563210512136,0.5335792418455438,,,,,,,,,,,,,,,,,,,,
real,300,gulf,7,LSTM-rec,3,buffer,9,157,13.689724184505534,13.689724184505534,1.324993746367817,,,,,,,,,,,,,,,,,,,,
real,300,gulf,7,LSTM-rec,3,buffer,10,180,18.983945442769457,18.983945442769457,0.18554627879549446,,,,,,,,,,,,,,,,,,,,
real,300,gulf,7,LSTM-rec,3,buffer,11,185,26.781383315423664,26.781383315423664,0.40859456309881254,,,,,,,,,,,,,,,,,,,,
real,300,gulf,7,LSTM-rec,3,buffer,12,191,8.72219293139194,8.72219293139194,0.4731607802133376,,,,,,,,,,,,,,,,,,,,
real,300,gulf,7,LSTM-rec,3,buffer,13,199,10.504893285000854,10.504893285000854,0.06766359604701731,,,,,,,,,,,,,,638.0,638.0,637.0,637.0,637.0,637.0,637.0
real,300,gulf,7,LSTM-rec,3,buffer,14,210,2.970402344594241,2.970402344594241,0.2733289667922217,,,,63.0,63.0,63.0,62.0,47.0,46.0,44.0,41.0,34.0,34.0,34.0,34.0,34.0,34.0,34.0,34.0,33.0
real,300,gulf,7,LSTM-rec,3,buffer,15,220,23.036273100546836,23.036273100546836,0.4525262289286945,,,,,,,,,,,,,,,,,,,,
real,300,gulf,7,LSTM-rec,3,buffer,16,241,3.118934780510986,3.118934780510986,0.6348573469222281,,,,105.0,104.0,103.0,103.0,102.0,101.0,101.0,100.0,99.0,98.0,98.0,52.0,52.0,52.0,52.0,52.0,51.0
real,300,gulf,7,LSTM-rec,3,buffer,17,250,2.911571852389821,2.911571852389821,0.3089913061592021,,,,,300.0,299.0,295.0,295.0,295.0,294.0,294.0,294.0,294.0,293.0,293.0,293.0,292.0,291.0,291.0,290.0
real,300,gulf,7,LSTM-rec,3,buffer,18,255,9.749788784389908,9.749788784389908,0.6967428715108379,,,,,,,,,,,,,,,,148.0,148.0,148.0,148.0,147.0
real,300,gulf,7,LSTM-rec,3,buffer,19,294,16.612903654630472,16.612903654630472,1.0123737445296503,,,,,,,,,,,,,,,,,,,,
real,300,gulf,7,LSTM-rec,3,buffer,20,297,20.05739903440552,20.05739903440552,1.273342258893976,,,,,,,,,,,,,,,,,,,,
real,300,gulf,7,LSTM-rec,3,buffer,21,331,5.37245412548684,5.37245412548684,0.45865389517317395,,,,114.0,114.0,113.0,112.0,112.0,111.0,111.0,111.0,110.0,110.0,44.0,44.0,34.0,34.0,34.0,33.0,33.0
real,300,gulf,7,LSTM-rec,3,buffer,22,371,7.782493858369983,7.782493858369983,0.439650506411861,,,,,,,,,,,,,,,,,,,,
real,300,gulf,7,LSTM-rec,3,buffer,23,374,10.068468747929073,10.068468747929073,0.5114909442908222,,,,,,,,,,,,,,,,,,,,
real,300,gulf,7,LSTM-rec,3,buffer,24,387,2.5758200125280135,2.5758200125280135,1.1242028110944717,,,,,,,,,,,,,,,,,,,,
real,300,gulf,7,LSTM-rec,3,buffer,25,408,19.165825261812277,19.165825261812277,0.7991797922619482,,,,,,,,,,,,,,,,,,,,
real,300,gulf,7,LSTM-rec,3,buffer,26,415,7.131638616564619,7.131638616564619,1.0817969552981563,,,,,,,,,,,,,,,,,,,,
real,300,gulf,7,LSTM-rec,3,buffer,27,486,17.860792911209355,17.860792911209355,0.35540091647137134,,,,,,,,,,,,,,,,,,,,
real,300,gulf,7,LSTM-rec,3,buffer,28,488,19.718165938802198,19.718165938802198,1.2697059860833613,,,,,,,,,,,,,,,,,,,,
real,300,gulf,7,LSTM-rec,3,crossing,0,26,23.01244005274292,23.01244005274292,1.5049227737915882,,,,,,,,,,,,,,,,,,,,
real,300,gulf,7,LSTM-rec,3,crossing,1,59,9.468929174193104,9.468929174193104,0.0064192089196312375,,,,,,,,,,,,,,,,,,,,
real,300,gulf,7,LSTM-rec,3,crossing,2,74,7.767335351381803,7.767335351381803,0.47295342181876326,,,,,,,,,,,,,,,,,,,,
real,300,gulf,7,LSTM-rec,3,crossing,3,83,14.205391116726213,14.205391116726213,0.5103016742766546,,,,,,,,,,,,,,,,,,,,
real,300,gulf,7,LSTM-rec,3,crossing,4,95,27.876990451518196,27.876990451518196,1.2962706829406248,,,,,,,,,,,,,,,,,,,,
real,300,gulf,7,LSTM-rec,3,crossing,5,106,11.06167649413691,11.06167649413691,0.6639209170487572,,,,,,,,,,,,,,,,,,,,
real,300,gulf,7,LSTM-rec,3,crossing,6,125,22.698745242376976,22.698745242376976,1.4326964715792176,,,,,,,,,,,,,,,,,,,,
real,300,gulf,7,LSTM-rec,3,crossing,7,148,20.004221992402755,20.004221992402755,0.002756125960338125,,,,,,,,,,,,,,,,,,,,
real,300,gulf,7,LSTM-rec,3,crossing,8,152,3.9746563210512136,3.9746563210512136,0.5335792418455438,,,,,,,,,,,,,,,,,,,,
real,300,gulf,7,LSTM-rec,3,crossing,9,157,13.689724184505534,13.689724184505534,1.324993746367817,,,,,,,,,,,,,,,,,,,,
real,300,gulf,7,LSTM-rec,3,crossing,10,180,18.983945442769457,18.983945442769457,0.18554627879549446,,,,,,,,,,,,,,,,,,,,
real,300,gulf,7,LSTM-rec,3,crossing,11,185,26.781383315423664,26.781383315423664,0.40859456309881254,,,,,,,,,,,,,,,,,,,,
real,300,gulf,7,LSTM-rec,3,crossing,12,191,8.72219293139194,8.72219293139194,0.4731607802133376,,,,,,,,,,,,,,,,,,,,
real,300,gulf,7,LSTM-rec,3,crossing,13,199,10.504893285000854,10.504893285000854,0.06766359604701731,,,,,,,,,,,,,,,,,,,638.0,638.0
real,300,gulf,7,LSTM-rec,3,crossing,14,210,2.970402344594241,2.970402344594241,0.2733289667922217,,,,,,,,,,,,63.0,63.0,63.0,63.0,63.0,63.0,62.0,47.0,34.0
real,300,gulf,7,LSTM-rec,3,crossing,15,220,23.036273100546836,23.036273100546836,0.4525262289286945,,,,,,,,,,,,,,,,,,,,
real,300,gulf,7,LSTM-rec,3,crossing,16,241,3.118934780510986,3.118934780510986,0.6348573469222281,,,,,,,,,,105.0,105.0,104.0,104.0,103.0,102.0,102.0,101.0,101.0,100.0,100.0
real,300,gulf,7,LSTM-rec,3,crossing,17,250,2.911571852389821,2.911571852389821,0.3089913061592021,,,,,,,,,,,,,,,295.0,295.0,295.0,294.0,294.0,294.0
real,300,gulf,7,LSTM-rec,3,crossing,18,255,9.749788784389908,9.749788784389908,0.6967428715108379,,,,,,,,,,,,,,,,,,,,
real,300,gulf,7,LSTM-rec,3,crossing,19,294,16.612903654630472,16.612903654630472,1.0123737445296503,,,,,,,,,,,,,,,,,,,,
real,300,gulf,7,LSTM-rec,3,crossing,20,297,20.05739903440552,20.05739903440552,1.273342258893976,,,,,,,,,,,,,,,,,,,,
real,300,gulf,7,LSTM-rec,3,crossing,21,331,5.37245412548684,5.37245412548684,0.45865389517317395,,,,,,,114.0,113.0,113.0,112.0,112.0,111.0,111.0,111.0,111.0,110.0,110.0,110.0,110.0,110.0
real,300,gulf,7,LSTM-rec,3,crossing,22,371,7.782493858369983,7.782493858369983,0.439650506411861,,,,,,,,,,,,,,,,,,,,
real,300,gulf,7,LSTM-rec,3,crossing,23,374,10.068468747929073,10.068468747929073,0.5114909442908222,,,,,,,,,,,,,,,,,,,,
real,300,gulf,7,LSTM-rec,3,crossing,24,387,2.5758200125280135,2.5758200125280135,1.1242028110944717,,,,,,,,,,,,,,,,,,,,
real,300,gulf,7,LSTM-rec,3,crossing,25,408,19.165825261812277,19.165825261812277,0.7991797922619482,,,,,,,,,,,,,,,,,,,,
real,300,gulf,7,LSTM-rec,3,crossing,26,415,7.131638616564619,7.131638616564619,1.0817969552981563,,,,,,,,,,,,,,,,,,,,
real,300,gulf,7,LSTM-rec,3,crossing,27,486,17.860792911209355,17.860792911209355,0.35540091647137134,,,,,,,,,,,,,,,,,,,,
real,300,gulf,7,LSTM-rec,3,crossing,28,488,19.718165938802198,19.718165938802198,1.2697059860833613,,,,,,,,,,,,,,,,,,,,
real,300,gulf,7,LSTM-ms,3,buffer,0,26,23.01244005274292,23.01244005274292,1.5049227737915882,,,,,,,,,,,,,,,,,,,,
real,300,gulf,7,LSTM-ms,3,buffer,1,59,9.468929174193104,9.468929174193104,0.0064192089196312375,,,,,,,,,,,,,,,,,,,,
real,300,gulf,7,LSTM-ms,3,buffer,2,74,7.767335351381803,7.767335351381803,0.47295342181876326,,,,,,,,,,,,,,,,,,,,
real,300,gulf,7,LSTM-ms,3,buffer,3,83,14.205391116726213,14.205391116726213,0.5103016742766546,,,,,,,,,,,,,,,,,,,,
real,300,gulf,7,LSTM-ms,3,buffer,4,95,27.876990451518196,27.876990451518196,1.2962706829406248,,,,,,,,,,,,,,,,,,,,
real,300,gulf,7,LSTM-ms,3,buffer,5,106,11.06167649413691,11.06167649413691,0.6639209170487572,,,,,,,,,,,,,,,,,,,,
real,300,gulf,7,LSTM-ms,3,buffer,6,125,22.698745242376976,22.698745242376976,1.4326964715792176,,,,,,,,,,,,,,,,,,,,
real,300,gulf,7,LSTM-ms,3,buffer,7,148,20.004221992402755,20.004221992402755,0.002756125960338125,,,,,,,,,,,,,,,,,,,,
real,300,gulf,7,LSTM-ms,3,buffer,8,152,3.9746563210512136,3.9746563210512136,0.5335792418455438,,,,,,,,,,,,,,,,,,,,
real,300,gulf,7,LSTM-ms,3,buffer,9,157,13.689724184505534,13.689724184505534,1.324993746367817,,,,,,,,,,,,,,,,,,,,
real,300,gulf,7,LSTM-ms,3,buffer,10,180,18.983945442769457,18.983945442769457,0.18554627879549446,,,,,,,,,,,,,,,,,,,,
real,300,gulf,7,LSTM-ms,3,buffer,11,185,26.781383315423664,26.781383315423664,0.40859456309881254,,,,,,,,,,,,,,,,,,,,
real,300,gulf,7,LSTM-ms,3,buffer,12,191,8.72219293139194,8.72219293139194,0.4731607802133376,,,,,,,,,,,,,,,,,,,,
real,300,gulf,7,LSTM-ms,3,buffer,13,199,10.504893285000854,10.504893285000854,0.06766359604701731,,,,,,,,,,,,,,,,,,,,
real,300,gulf,7,LSTM-ms,3,buffer,14,210,2.970402344594241,2.970402344594241,0.2733289667922217,,,,,,,,,,,,,,,,,,,,
real,300,gulf,7,LSTM-ms,3,buffer,15,220,23.036273100546836,23.036273100546836,0.4525262289286945,,,,,,,,,,,,,,,,,,,,
real,300,gulf,7,LSTM-ms,3,buffer,16,241,3.118934780510986,3.118934780510986,0.6348573469222281,,,,,,,,,,,,,,,,,,,,
real,300,gulf,7,LSTM-ms,3,buffer,17,250,2.911571852389821,2.911571852389821,0.3089913061592021,,,,,,,,,,,,,,,,,,,,
real,300,gulf,7,LSTM-ms,3,buffer,18,255,9.749788784389908,9.749788784389908,0.6967428715108379,,,,,,,,,,,,,,,,,,,,
real,300,gulf,7,LSTM-ms,3,buffer,19,294,16.612903654630472,16.612903654630472,1.0123737445296503,,,,,,,,,,,,,,,,,,,,
real,300,gulf,7,LSTM-ms,3,buffer,20,297,20.05739903440552,20.05739903440552,1.273342258893976,,,,,,,,,,,,,,,,,,,,
real,300,gulf,7,LSTM-ms,3,buffer,21,331,5.37245412548684,5.37245412548684,0.45865389517317395,,,,,,,114.0,114.0,113.0,113.0,113.0,113.0,112.0,112.0,112.0,112.0,112.0,112.0,112.0,111.0
real,300,gulf,7,LSTM-ms,3,buffer,22,371,7.782493858369983,7.782493858369983,0.439650506411861,,,,,,,,,,,,,,,,,,,,
real,300,gulf,7,LSTM-ms,3,buffer,23,374,10.068468747929073,10.068468747929073,0.5114909442908222,,,,,,,,,,,,,,,,,,,,
real,300,gulf,7,LSTM-ms,3,buffer,24,387,2.5758200125280135,2.5758200125280135,1.1242028110944717,,,,,,,,,,,,,,,,,,,,
real,300,gulf,7,LSTM-ms,3,buffer,25,408,19.165825261812277,19.165825261812277,0.7991797922619482,,,,,,,,,,,,,,,,,,,,
real,300,gulf,7,LSTM-ms,3,buffer,26,415,7.131638616564619,7.131638616564619,1.0817969552981563,,,,,,,,,,,,,,,,,,,,
real,300,gulf,7,LSTM-ms,3,buffer,27,486,17.860792911209355,17.860792911209355,0.35540091647137134,,,,,,,,,,,,,,,,,,,,
real,300,gulf,7,LSTM-ms,3,buffer,28,488,19.718165938802198,19.718165938802198,1.2697059860833613,,,,,,,,,,,,,,,,,,,,
real,300,gulf,7,LSTM-ms,3,crossing,0,26,23.01244005274292,23.01244005274292,1.5049227737915882,,,,,,,,,,,,,,,,,,,,
real,300,gulf,7,LSTM-ms,3,crossing,1,59,9.468929174193104,9.468929174193104,0.0064192089196312375,,,,,,,,,,,,,,,,,,,,
real,300,gulf,7,LSTM-ms,3,crossing,2,74,7.767335351381803,7.767335351381803,0.47295342181876326,,,,,,,,,,,,,,,,,,,,
real,300,gulf,7,LSTM-ms,3,crossing,3,83,14.205391116726213,14.205391116726213,0.5103016742766546,,,,,,,,,,,,,,,,,,,,
real,300,gulf,7,LSTM-ms,3,crossing,4,95,27.876990451518196,27.876990451518196,1.2962706829406248,,,,,,,,,,,,,,,,,,,,
real,300,gulf,7,LSTM-ms,3,crossing,5,106,11.06167649413691,11.06167649413691,0.6639209170487572,,,,,,,,,,,,,,,,,,,,
real,300,gulf,7,LSTM-ms,3,crossing,6,125,22.698745242376976,22.698745242376976,1.4326964715792176,,,,,,,,,,,,,,,,,,,,
real,300,gulf,7,LSTM-ms,3,crossing,7,148,20.004221992402755,20.004221992402755,0.002756125960338125,,,,,,,,,,,,,,,,,,,,
real,300,gulf,7,LSTM-ms,3,crossing,8,152,3.9746563210512136,3.9746563210512136,0.5335792418455438,,,,,,,,,,,,,,,,,,,,
real,300,gulf,7,LSTM-ms,3,crossing,9,157,13.689724184505534,13.689724184505534,1.324993746367817,,,,,,,,,,,,,,,,,,,,
real,300,gulf,7,LSTM-ms,3,crossing,10,180,18.983945442769457,18.983945442769457,0.18554627879549446,,,,,,,,,,,,,,,,,,,,
real,300,gulf,7,LSTM-ms,3,crossing,11,185,26.781383315423664,26.781383315423664,0.40859456309881254,,,,,,,,,,,,,,,,,,,,
real,300,gulf,7,LSTM-ms,3,crossing,12,191,8.72219293139194,8.72219293139194,0.4731607802133376,,,,,,,,,,,,,,,,,,,,
real,300,gulf,7,LSTM-ms,3,crossing,13,199,10.504893285000854,10.504893285000854,0.06766359604701731,,,,,,,,,,,,,,,,,,,,
real,300,gulf,7,LSTM-ms,3,crossing,14,210,2.970402344594241,2.970402344594241,0.2733289667922217,,,,,,,,,,,,,,,,,,,,
real,300,gulf,7,LSTM-ms,3,crossing,15,220,23.036273100546836,23.036273100546836,0.4525262289286945,,,,,,,,,,,,,,,,,,,,
real,300,gulf,7,LSTM-ms,3,crossing,16,241,3.118934780510986,3.118934780510986,0.6348573469222281,,,,,,,,,,,,,,,,,,,,
real,300,gulf,7,LSTM-ms,3,crossing,17,250,2.911571852389821,2.911571852389821,0.3089913061592021,,,,,,,,,,,,,,,,,,,,
real,300,gulf,7,LSTM-ms,3,crossing,18,255,9.749788784389908,9.749788784389908,0.6967428715108379,,,,,,,,,,,,,,,,,,,,
real,300,gulf,7,LSTM-ms,3,crossing,19,294,16.612903654630472,16.612903654630472,1.0123737445296503,,,,,,,,,,,,,,,,,,,,
real,300,gulf,7,LSTM-ms,3,crossing,20,297,20.05739903440552,20.05739903440552,1.273342258893976,,,,,,,,,,,,,,,,,,,,
real,300,gulf,7,LSTM-ms,3,crossing,21,331,5.37245412548684,5.37245412548684,0.45865389517317395,,,,,,,,,,,114.0,114.0,114.0,113.0,113.0,113.0,113.0,113.0,112.0,112.0
real,300,gulf,7,LSTM-ms,3,crossing,22,371,7.782493858369983,7.782493858369983,0.439650506411861,,,,,,,,,,,,,,,,,,,,
real,300,gulf,7,LSTM-ms,3,crossing,23,374,10.068468747929073,10.068468747929073,0.5114909442908222,,,,,,,,,,,,,,,,,,,,
real,300,gulf,7,LSTM-ms,3,crossing,24,387,2.5758200125280135,2.5758200125280135,1.1242028110944717,,,,,,,,,,,,,,,,,,,,
real,300,gulf,7,LSTM-ms,3,crossing,25,408,19.165825261812277,19.165825261812277,0.7991797922619482,,,,,,,,,,,,,,,,,,,,
real,300,gulf,7,LSTM-ms,3,crossing,26,415,7.131638616564619,7.131638616564619,1.0817969552981563,,,,,,,,,,,,,,,,,,,,
real,300,gulf,7,LSTM-ms,3,crossing,27,486,17.860792911209355,17.860792911209355,0.35540091647137134,,,,,,,,,,,,,,,,,,,,
real,300,gulf,7,LSTM-ms,3,crossing,28,488,19.718165938802198,19.718165938802198,1.2697059860833613,,,,,,,,,,,,,,,,,,,,
real,300,gulf,7,LSTM-rec,4,buffer,0,26,23.01244005274292,23.01244005274292,1.5049227737915882,,,,,,,,,,,,,,,,,,,,
real,300,gulf,7,LSTM-rec,4,buffer,1,59,9.468929174193104,9.468929174193104,0.0064192089196312375,,,,,,,,,,,,,,,,,,,,
real,300,gulf,7,LSTM-rec,4,buffer,2,74,7.767335351381803,7.767335351381803,0.47295342181876326,,,,,,,,,,,,,,,,,,,,
real,300,gulf,7,LSTM-rec,4,buffer,3,83,14.205391116726213,14.205391116726213,0.5103016742766546,,,,,,,,,,,,,,,,,,,,
real,300,gulf,7,LSTM-rec,4,buffer,4,95,27.876990451518196,27.876990451518196,1.2962706829406248,,,,,,,,,,,,,,,,,,,,
real,300,gulf,7,LSTM-rec,4,buffer,5,106,11.06167649413691,11.06167649413691,0.6639209170487572,,,,,,,,,,,,,,,,,,,,
real,300,gulf,7,LSTM-rec,4,buffer,6,125,22.698745242376976,22.698745242376976,1.4326964715792176,,,,,,,,,,,,,,,,,,,,
real,300,gulf,7,LSTM-rec,4,buffer,7,148,20.004221992402755,20.004221992402755,0.002756125960338125,,,,,,,,,,,,,,,,,,,,
real,300,gulf,7,LSTM-rec,4,buffer,8,152,3.9746563210512136,3.9746563210512136,0.5335792418455438,,,,,,,,,,,,,,,,,,,,
real,300,gulf,7,LSTM-rec,4,buffer,9,157,13.689724184505534,13.689724184505534,1.324993746367817,,,,,,,,,,,,,,,,,,,,
real,300,gulf,7,LSTM-rec,4,buffer,10,180,18.983945442769457,18.983945442769457,0.18554627879549446,,,,,,,,,,,,,,,,,,,,
real,300,gulf,7,LSTM-rec,4,buffer,11,185,26.781383315423664,26.781383315423664,0.40859456309881254,,,,,,,,,,,,,,,,,,,,
real,300,gulf,7,LSTM-rec,4,buffer,12,191,8.72219293139194,8.72219293139194,0.4731607802133376,,,,,,,,,,,,,,,,,,,,
real,300,gulf,7,LSTM-rec,4,buffer,13,199,10.504893285000854,10.504893285000854,0.06766359604701731,,,,,,,,,,,,,,,,,,,,
real,300,gulf,7,LSTM-rec,4,buffer,14,210,2.970402344594241,2.970402344594241,0.2733289667922217,,,,,,,,,,,,,,,,,,,,
real,300,gulf,7,LSTM-rec,4,buffer,15,220,23.036273100546836,23.036273100546836,0.4525262289286945,,,,,,,,,,,,,,,,,,,,
real,300,gulf,7,LSTM-rec,4,buffer,16,241,3.118934780510986,3.118934780510986,0.6348573469222281,,,,,,,,,,,,,,,,,,,,
real,300,gulf,7,LSTM-rec,4,buffer,17,250,2.911571852389821,2.911571852389821,0.3089913061592021,,,,,,,,,,,,,,,,,,,,
real,300,gulf,7,LSTM-rec,4,buffer,18,255,9.749788784389908,9.749788784389908,0.6967428715108379,,,,,,,,,,,,,,,,,,,,
real,300,gulf,7,LSTM-rec,4,buffer,19,294,16.612903654630472,16.612903654630472,1.0123737445296503,,,,,,,,,,,,,,,,,,,,
real,300,gulf,7,LSTM-rec,4,buffer,20,297,20.05739903440552,20.05739903440552,1.273342258893976,,,,,,,,,,,,,,,,,,,,
real,300,gulf,7,LSTM-rec,4,buffer,21,331,5.37245412548684,5.37245412548684,0.45865389517317395,,,,,,,,,,,,,,,,,,,,
real,300,gulf,7,LSTM-rec,4,buffer,22,371,7.782493858369983,7.782493858369983,0.439650506411861,,,,,,,,,,,,,,,,,,,,
real,300,gulf,7,LSTM-rec,4,buffer,23,374,10.068468747929073,10.068468747929073,0.5114909442908222,,,,,,,,,,,,,,,,,,,,
real,300,gulf,7,LSTM-rec,4,buffer,24,387,2.5758200125280135,2.5758200125280135,1.1242028110944717,,,,,,,,,,,,,,,,,,,,
real,300,gulf,7,LSTM-rec,4,buffer,25,408,19.165825261812277,19.165825261812277,0.7991797922619482,,,,,,,,,,,,,,,,,,,,
real,300,gulf,7,LSTM-rec,4,buffer,26,415,7.131638616564619,7.131638616564619,1.0817969552981563,,,,,,,,,,,,,,,,,,,,
real,300,gulf,7,LSTM-rec,4,buffer,27,486,17.860792911209355,17.860792911209355,0.35540091647137134,,,,,,,,,,,,,,,,,,,,
real,300,gulf,7,LSTM-rec,4,buffer,28,488,19.718165938802198,19.718165938802198,1.2697059860833613,,,,,,,,,,,,,,,,,,,,
real,300,gulf,7,LSTM-rec,4,crossing,0,26,23.01244005274292,23.01244005274292,1.5049227737915882,,,,,,,,,,,,,,,,,,,,
real,300,gulf,7,LSTM-rec,4,crossing,1,59,9.468929174193104,9.468929174193104,0.0064192089196312375,,,,,,,,,,,,,,,,,,,,
real,300,gulf,7,LSTM-rec,4,crossing,2,74,7.767335351381803,7.767335351381803,0.47295342181876326,,,,,,,,,,,,,,,,,,,,
real,300,gulf,7,LSTM-rec,4,crossing,3,83,14.205391116726213,14.205391116726213,0.5103016742766546,,,,,,,,,,,,,,,,,,,,
real,300,gulf,7,LSTM-rec,4,crossing,4,95,27.876990451518196,27.876990451518196,1.2962706829406248,,,,,,,,,,,,,,,,,,,,
real,300,gulf,7,LSTM-rec,4,crossing,5,106,11.06167649413691,11.06167649413691,0.6639209170487572,,,,,,,,,,,,,,,,,,,,
real,300,gulf,7,LSTM-rec,4,crossing,6,125,22.698745242376976,22.698745242376976,1.4326964715792176,,,,,,,,,,,,,,,,,,,,
real,300,gulf,7,LSTM-rec,4,crossing,7,148,20.004221992402755,20.004221992402755,0.002756125960338125,,,,,,,,,,,,,,,,,,,,
real,300,gulf,7,LSTM-rec,4,crossing,8,152,3.9746563210512136,3.9746563210512136,0.5335792418455438,,,,,,,,,,,,,,,,,,,,
real,300,gulf,7,LSTM-rec,4,crossing,9,157,13.689724184505534,13.689724184505534,1.324993746367817,,,,,,,,,,,,,,,,,,,,
real,300,gulf,7,LSTM-rec,4,crossing,10,180,18.983945442769457,18.983945442769457,0.18554627879549446,,,,,,,,,,,,,,,,,,,,
real,300,gulf,7,LSTM-rec,4,crossing,11,185,26.781383315423664,26.781383315423664,0.40859456309881254,,,,,,,,,,,,,,,,,,,,
real,300,gulf,7,LSTM-rec,4,crossing,12,191,8.72219293139194,8.72219293139194,0.4731607802133376,,,,,,,,,,,,,,,,,,,,
real,300,gulf,7,LSTM-rec,4,crossing,13,199,10.504893285000854,10.504893285000854,0.06766359604701731,,,,,,,,,,,,,,,,,,,,
real,300,gulf,7,LSTM-rec,4,crossing,14,210,2.970402344594241,2.970402344594241,0.2733289667922217,,,,,,,,,,,,,,,,,,,,
real,300,gulf,7,LSTM-rec,4,crossing,15,220,23.036273100546836,23.036273100546836,0.4525262289286945,,,,,,,,,,,,,,,,,,,,
real,300,gulf,7,LSTM-rec,4,crossing,16,241,3.118934780510986,3.118934780510986,0.6348573469222281,,,,,,,,,,,,,,,,,,,,
real,300,gulf,7,LSTM-rec,4,crossing,17,250,2.911571852389821,2.911571852389821,0.3089913061592021,,,,,,,,,,,,,,,,,,,,
real,300,gulf,7,LSTM-rec,4,crossing,18,255,9.749788784389908,9.749788784389908,0.6967428715108379,,,,,,,,,,,,,,,,,,,,
real,300,gulf,7,LSTM-rec,4,crossing,19,294,16.612903654630472,16.612903654630472,1.0123737445296503,,,,,,,,,,,,,,,,,,,,
real,300,gulf,7,LSTM-rec,4,crossing,20,297,20.05739903440552,20.05739903440552,1.273342258893976,,,,,,,,,,,,,,,,,,,,
real,300,gulf,7,LSTM-rec,4,crossing,21,331,5.37245412548684,5.37245412548684,0.45865389517317395,,,,,,,,,,,,,,,,,,,,
real,300,gulf,7,LSTM-rec,4,crossing,22,371,7.782493858369983,7.782493858369983,0.439650506411861,,,,,,,,,,,,,,,,,,,,
real,300,gulf,7,LSTM-rec,4,crossing,23,374,10.068468747929073,10.068468747929073,0.5114909442908222,,,,,,,,,,,,,,,,,,,,
real,300,gulf,7,LSTM-rec,4,crossing,24,387,2.5758200125280135,2.5758200125280135,1.1242028110944717,,,,,,,,,,,,,,,,,,,,
real,300,gulf,7,LSTM-rec,4,crossing,25,408,19.165825261812277,19.165825261812277,0.7991797922619482,,,,,,,,,,,,,,,,,,,,
real,300,gulf,7,LSTM-rec,4,crossing,26,415,7.131638616564619,7.131638616564619,1.0817969552981563,,,,,,,,,,,,,,,,,,,,
real,300,gulf,7,LSTM-rec,4,crossing,27,486,17.860792911209355,17.860792911209355,0.35540091647137134,,,,,,,,,,,,,,,,,,,,
real,300,gulf,7,LSTM-rec,4,crossing,28,488,19.718165938802198,19.718165938802198,1.2697059860833613,,,,,,,,,,,,,,,,,,,,
real,300,gulf,7,LSTM-ms,4,buffer,0,26,23.01244005274292,23.01244005274292,1.5049227737915882,,,,,,,,,,,,,,,,,,,,
real,300,gulf,7,LSTM-ms,4,buffer,1,59,9.468929174193104,9.468929174193104,0.0064192089196312375,,,,,,,,,,,,,,,,,,,,
real,300,gulf,7,LSTM-ms,4,buffer,2,74,7.767335351381803,7.767335351381803,0.47295342181876326,,,,,,,,,,,,,,,,,,,,
real,300,gulf,7,LSTM-ms,4,buffer,3,83,14.205391116726213,14.205391116726213,0.5103016742766546,,,,,,,,,,,,,,,,,,,,
real,300,gulf,7,LSTM-ms,4,buffer,4,95,27.876990451518196,27.876990451518196,1.2962706829406248,,,,,,,,,,,,,,,,,,,,
real,300,gulf,7,LSTM-ms,4,buffer,5,106,11.06167649413691,11.06167649413691,0.6639209170487572,,,,,,,,,,,,,,,,,,,,
real,300,gulf,7,LSTM-ms,4,buffer,6,125,22.698745242376976,22.698745242376976,1.4326964715792176,,,,,,,,,,,,,,,,,,,,
real,300,gulf,7,LSTM-ms,4,buffer,7,148,20.004221992402755,20.004221992402755,0.002756125960338125,,,,,,,,,,,,,,,,,,,,
real,300,gulf,7,LSTM-ms,4,buffer,8,152,3.9746563210512136,3.9746563210512136,0.5335792418455438,,,,,,,,,,,,,,,,,,,,
real,300,gulf,7,LSTM-ms,4,buffer,9,157,13.689724184505534,13.689724184505534,1.324993746367817,,,,,,,,,,,,,,,,,,,,
real,300,gulf,7,LSTM-ms,4,buffer,10,180,18.983945442769457,18.983945442769457,0.18554627879549446,,,,,,,,,,,,,,,,,,,,
real,300,gulf,7,LSTM-ms,4,buffer,11,185,26.781383315423664,26.781383315423664,0.40859456309881254,,,,,,,,,,,,,,,,,,,,
real,300,gulf,7,LSTM-ms,4,buffer,12,191,8.72219293139194,8.72219293139194,0.4731607802133376,,,,,,,,,,,,,,,,,,,,
real,300,gulf,7,LSTM-ms,4,buffer,13,199,10.504893285000854,10.504893285000854,0.06766359604701731,,,,,,,,,,,,,,639.0,638.0,638.0,638.0,638.0,638.0,638.0
real,300,gulf,7,LSTM-ms,4,buffer,14,210,2.970402344594241,2.970402344594241,0.2733289667922217,,,,,63.0,63.0,63.0,63.0,63.0,63.0,63.0,63.0,63.0,63.0,63.0,62.0,38.0,38.0,38.0,37.0
real,300,gulf,7,LSTM-ms,4,buffer,15,220,23.036273100546836,23.036273100546836,0.4525262289286945,,,,,,,,,,,,,,,,,,,,
real,300,gulf,7,LSTM-ms,4,buffer,16,241,3.118934780510986,3.118934780510986,0.6348573469222281,,,,105.0,105.0,104.0,104.0,103.0,103.0,102.0,102.0,101.0,101.0,52.0,52.0,52.0,51.0,51.0,51.0,51.0
real,300,gulf,7,LSTM-ms,4,buffer,17,250,2.911571852389821,2.911571852389821,0.3089913061592021,,,,,300.0,299.0,299.0,298.0,295.0,295.0,295.0,295.0,295.0,294.0,294.0,294.0,294.0,294.0,294.0,294.0
real,300,gulf,7,LSTM-ms,4,buffer,18,255,9.749788784389908,9.749788784389908,0.6967428715108379,,,,,,,,,,,,,148.0,148.0,147.0,147.0,146.0,146.0,146.0,146.0
real,300,gulf,7,LSTM-ms,4,buffer,19,294,16.612903654630472,16.612903654630472,1.0123737445296503,,,,,,,,,,,,,,,,,,,,
real,300,gulf,7,LSTM-ms,4,buffer,20,297,20.05739903440552,20.05739903440552,1.273342258893976,,,,,,,,,,,,,,,,,,,,
real,300,gulf,7,LSTM-ms,4,buffer,21,331,5.37245412548684,5.37245412548684,0.45865389517317395,,,,114.0,114.0,113.0,113.0,112.0,112.0,112.0,111.0,111.0,111.0,110.0,110.0,110.0,110.0,110.0,110.0,110.0
real,300,gulf,7,LSTM-ms,4,buffer,22,371,7.782493858369983,7.782493858369983,0.439650506411861,,,,,,,,,,,,,,,,,,,,
real,300,gulf,7,LSTM-ms,4,buffer,23,374,10.068468747929073,10.068468747929073,0.5114909442908222,,,,,,,,,,,,,,,,,,,,
real,300,gulf,7,LSTM-ms,4,buffer,24,387,2.5758200125280135,2.5758200125280135,1.1242028110944717,,,,,,,,,,,,,,,,,,,,
real,300,gulf,7,LSTM-ms,4,buffer,25,408,19.165825261812277,19.165825261812277,0.7991797922619482,,,,,,,,,,,,,,,,,,,,
real,300,gulf,7,LSTM-ms,4,buffer,26,415,7.131638616564619,7.131638616564619,1.0817969552981563,,,,,,,,,,,,,,,,,,,,
real,300,gulf,7,LSTM-ms,4,buffer,27,486,17.860792911209355,17.860792911209355,0.35540091647137134,,,,,,,,,,,,,,,,,,,,
real,300,gulf,7,LSTM-ms,4,buffer,28,488,19.718165938802198,19.718165938802198,1.2697059860833613,,,,,,,,,,,,,,,,,,,,
real,300,gulf,7,LSTM-ms,4,crossing,0,26,23.01244005274292,23.01244005274292,1.5049227737915882,,,,,,,,,,,,,,,,,,,,
real,300,gulf,7,LSTM-ms,4,crossing,1,59,9.468929174193104,9.468929174193104,0.0064192089196312375,,,,,,,,,,,,,,,,,,,,
real,300,gulf,7,LSTM-ms,4,crossing,2,74,7.767335351381803,7.767335351381803,0.47295342181876326,,,,,,,,,,,,,,,,,,,,
real,300,gulf,7,LSTM-ms,4,crossing,3,83,14.205391116726213,14.205391116726213,0.5103016742766546,,,,,,,,,,,,,,,,,,,,
real,300,gulf,7,LSTM-ms,4,crossing,4,95,27.876990451518196,27.876990451518196,1.2962706829406248,,,,,,,,,,,,,,,,,,,,
real,300,gulf,7,LSTM-ms,4,crossing,5,106,11.06167649413691,11.06167649413691,0.6639209170487572,,,,,,,,,,,,,,,,,,,,
real,300,gulf,7,LSTM-ms,4,crossing,6,125,22.698745242376976,22.698745242376976,1.4326964715792176,,,,,,,,,,,,,,,,,,,,
real,300,gulf,7,LSTM-ms,4,crossing,7,148,20.004221992402755,20.004221992402755,0.002756125960338125,,,,,,,,,,,,,,,,,,,,
real,300,gulf,7,LSTM-ms,4,crossing,8,152,3.9746563210512136,3.9746563210512136,0.5335792418455438,,,,,,,,,,,,,,,,,,,,
real,300,gulf,7,LSTM-ms,4,crossing,9,157,13.689724184505534,13.689724184505534,1.324993746367817,,,,,,,,,,,,,,,,,,,,
real,300,gulf,7,LSTM-ms,4,crossing,10,180,18.983945442769457,18.983945442769457,0.18554627879549446,,,,,,,,,,,,,,,,,,,,
real,300,gulf,7,LSTM-ms,4,crossing,11,185,26.781383315423664,26.781383315423664,0.40859456309881254,,,,,,,,,,,,,,,,,,,,
real,300,gulf,7,LSTM-ms,4,crossing,12,191,8.72219293139194,8.72219293139194,0.4731607802133376,,,,,,,,,,,,,,,,,,,,
real,300,gulf,7,LSTM-ms,4,crossing,13,199,10.504893285000854,10.504893285000854,0.06766359604701731,,,,,,,,,,,,,,,,,,,639.0,638.0
real,300,gulf,7,LSTM-ms,4,crossing,14,210,2.970402344594241,2.970402344594241,0.2733289667922217,,,,,,,,,,,,,,,,,,,,
real,300,gulf,7,LSTM-ms,4,crossing,15,220,23.036273100546836,23.036273100546836,0.4525262289286945,,,,,,,,,,,,,,,,,,,,
real,300,gulf,7,LSTM-ms,4,crossing,16,241,3.118934780510986,3.118934780510986,0.6348573469222281,,,,,,,,,,,,105.0,105.0,105.0,105.0,105.0,104.0,52.0,52.0,52.0
real,300,gulf,7,LSTM-ms,4,crossing,17,250,2.911571852389821,2.911571852389821,0.3089913061592021,,,,,,,,,,,,,,,,,,,,
real,300,gulf,7,LSTM-ms,4,crossing,18,255,9.749788784389908,9.749788784389908,0.6967428715108379,,,,,,,,,,,,,,,,,,148.0,148.0,147.0
real,300,gulf,7,LSTM-ms,4,crossing,19,294,16.612903654630472,16.612903654630472,1.0123737445296503,,,,,,,,,,,,,,,,,,,,
real,300,gulf,7,LSTM-ms,4,crossing,20,297,20.05739903440552,20.05739903440552,1.273342258893976,,,,,,,,,,,,,,,,,,,,
real,300,gulf,7,LSTM-ms,4,crossing,21,331,5.37245412548684,5.37245412548684,0.45865389517317395,,,,,,,114.0,114.0,113.0,113.0,112.0,112.0,112.0,112.0,111.0,111.0,111.0,111.0,110.0,110.0
real,300,gulf,7,LSTM-ms,4,crossing,22,371,7.782493858369983,7.782493858369983,0.439650506411861,,,,,,,,,,,,,,,,,,,,
real,300,gulf,7,LSTM-ms,4,crossing,23,374,10.068468747929073,10.068468747929073,0.5114909442908222,,,,,,,,,,,,,,,,,,,,
real,300,gulf,7,LSTM-ms,4,crossing,24,387,2.5758200125280135,2.5758200125280135,1.1242028110944717,,,,,,,,,,,,,,,,,,,,
real,300,gulf,7,LSTM-ms,4,crossing,25,408,19.165825261812277,19.165825261812277,0.7991797922619482,,,,,,,,,,,,,,,,,,,,
real,300,gulf,7,LSTM-ms,4,crossing,26,415,7.131638616564619,7.131638616564619,1.0817969552981563,,,,,,,,,,,,,,,,,,,,
real,300,gulf,7,LSTM-ms,4,crossing,27,486,17.860792911209355,17.860792911209355,0.35540091647137134,,,,,,,,,,,,,,,,,,,,
real,300,gulf,7,LSTM-ms,4,crossing,28,488,19.718165938802198,19.718165938802198,1.2697059860833613,,,,,,,,,,,,,,,,,,,,
real,300,gulf,8,Reactive,0,zone,0,1,20.8017040855639,20.8017040855639,0.39228662105015727,,,,,,,,,,,,,,,,,,,,
real,300,gulf,8,Reactive,0,zone,1,35,15.340507888694118,15.340507888694118,0.4116062050846804,,,,,,,,,,,,,,,,,,,,
real,300,gulf,8,Reactive,0,zone,2,37,8.828321443587955,8.828321443587955,1.3620741079405463,,,,,,,,,,,,,,,,,,,,
real,300,gulf,8,Reactive,0,zone,3,46,13.276812366684103,13.276812366684103,0.4523546036373182,,,,,,,,,,,,,,,,,,,,
real,300,gulf,8,Reactive,0,zone,4,62,8.396556931936296,8.396556931936296,1.2786629539358552,,,,,,,,,,,,,,,,,,,,
real,300,gulf,8,Reactive,0,zone,5,65,26.377825584413078,26.377825584413078,1.4004977090108017,,,,,,,,,,,,,,,,,,,,
real,300,gulf,8,Reactive,0,zone,6,77,9.808795356741728,9.808795356741728,1.2478008372632317,,,,,,,,,,,,,,,,,,,,
real,300,gulf,8,Reactive,0,zone,7,79,26.618563972639443,26.618563972639443,1.4229685319163434,,,,,,,,,,,,,,,,,,,,
real,300,gulf,8,Reactive,0,zone,8,87,22.432396256986827,22.432396256986827,0.3775960688687145,,,,,,,,,,,,,,,,,,,,
real,300,gulf,8,Reactive,0,zone,9,89,25.085520499282993,25.085520499282993,0.25760680811830866,,,,,,,,,,,,,,,,,,,,
real,300,gulf,8,Reactive,0,zone,10,91,26.75490705751315,26.75490705751315,0.2666595090605285,,,,,,,,,,,,,,,,,,,,
real,300,gulf,8,Reactive,0,zone,11,93,27.817192920627452,27.817192920627452,0.4333582210288748,,,,,,,,,,,,,,,,,,,,
real,300,gulf,8,Reactive,0,zone,12,94,3.765097001712832,3.765097001712832,0.536150355634149,,,,,,,,,,,,,,,,,,,,
real,300,gulf,8,Reactive,0,zone,13,103,20.01960140448338,20.01960140448338,0.4743476329125509,,,,,,,,,,,,,,,,,,,,
real,300,gulf,8,Reactive,0,zone,14,143,14.523869913386173,14.523869913386173,0.5899670350379019,,,,,,,,,,,,,,,,,,,,
real,300,gulf,8,Reactive,0,zone,15,159,6.08911276306061,6.08911276306061,1.3376489578769835,,,,,,,,,,,,,,,,,,,,
real,300,gulf,8,Reactive,0,zone,16,160,19.671454924714123,19.671454924714123,1.2403873384992785,,,,,,,,,,,,,,,,,,,,
real,300,gulf,8,Reactive,0,zone,17,190,20.20306449439684,20.20306449439684,0.31327715659609306,,,,,,,,,,,,,,,,,,,,
real,300,gulf,8,Reactive,0,zone,18,198,26.604186509626903,26.604186509626903,0.3215685963729888,,,,,,,,,,,,,,,,,,,,
real,300,gulf,8,Reactive,0,zone,19,210,21.146779939817037,21.146779939817037,0.1501802784062931,,,,,,,,,,,,,,,,,,,,
real,300,gulf,8,Reactive,0,zone,20,226,15.964038646759398,15.964038646759398,0.5962570839508283,,,,,,,,,,,,,,,,,,,,
real,300,gulf,8,Reactive,0,zone,21,228,15.521368966601516,15.521368966601516,0.9996471361649935,,,,,,,,,,,,,,,,,,,,
real,300,gulf,8,Reactive,0,zone,22,233,27.67445716949665,27.67445716949665,0.7223894258553424,,,,,,,,,,,,,,,,,,,,
real,300,gulf,8,Reactive,0,zone,23,260,7.452539658277246,7.452539658277246,0.5354962888986673,,,,,,,,,,,,,,,,,,,,
real,300,gulf,8,Reactive,0,zone,24,265,2.798735455735266,2.798735455735266,0.4674361193238785,,,,,,,,,,,,,,,,,,,,
real,300,gulf,8,Reactive,0,zone,25,268,25.056974188782423,25.056974188782423,0.28663155623980624,,,,,,,,,,,,,,,,,,,,
real,300,gulf,8,Reactive,0,zone,26,269,24.89190129112329,24.89190129112329,1.2544906589735085,,,,,,,,,,,,,,,,,,,,
real,300,gulf,8,Reactive,0,zone,27,273,20.107085695080453,20.107085695080453,0.39427433184390875,,,,,,,,,,,,,,,,,,,,
real,300,gulf,8,Reactive,0,zone,28,281,27.722108153990412,27.722108153990412,0.6979446212535928,,,,,,,,,,,,,,,,,,,,
real,300,gulf,8,Reactive,0,zone,29,300,25.04882187368538,25.04882187368538,0.20987135516554603,,,,,,,,,,,,,,,,,,,,
real,300,gulf,8,Reactive,0,zone,30,305,29.55653307602145,29.55653307602145,0.10317853968624675,,,,,,,,,,,,,,,,,,,,
real,300,gulf,8,Reactive,0,zone,31,319,23.509158380390005,23.509158380390005,0.35959979055669145,,,,,,,,,,,,,,,,,,,,
real,300,gulf,8,Reactive,0,zone,32,320,25.29331096556109,25.29331096556109,0.20992973618047084,,,,,,,,,,,,,,,,,,,,
real,300,gulf,8,Reactive,0,zone,33,328,20.98469702923681,20.98469702923681,0.34375029109972977,,,,,,,,,,,,,,,,,,,,
real,300,gulf,8,Reactive,0,zone,34,332,14.65416551681818,14.65416551681818,0.5664140673068753,,,,,,,,,,,,,,,,,,,,
real,300,gulf,8,Reactive,0,zone,35,350,26.89163526063397,26.89163526063397,0.1566109194866676,,,,,,,,,,,,,,,,,,,,
real,300,gulf,8,Reactive,0,zone,36,352,21.204422616583035,21.204422616583035,0.4350413060422109,,,,,,,,,,,,,,,,,,,,
real,300,gulf,8,Reactive,0,zone,37,353,26.89944041328231,26.89944041328231,0.45497586484384295,,,,,,,,,,,,,,,,,,,,
real,300,gulf,8,Reactive,0,zone,38,354,22.590579683274726,22.590579683274726,0.4847490602736013,,,,,,,,,,,,,,,,,,,,
real,300,gulf,8,Reactive,0,zone,39,356,19.097389171362785,19.097389171362785,0.5837999220760901,,,,,,,,,,,,,,,,,,,,
real,300,gulf,8,Reactive,0,zone,40,357,21.931944022182652,21.931944022182652,1.1189638707934542,,,,,,,,,,,,,,,,,,,,
real,300,gulf,8,Reactive,0,zone,41,360,27.7392228671328,27.7392228671328,0.14723191063565128,,,,,,,,,,,,,,,,,,,,
real,300,gulf,8,Reactive,0,zone,42,375,15.082563046161207,15.082563046161207,0.4512939447540166,,,,,,,,,,,,,,,,,,,,
real,300,gulf,8,Reactive,0,zone,43,376,16.621525346774582,16.621525346774582,0.4875439629126882,,,,,,,,,,,,,,,,,,,,
real,300,gulf,8,Reactive,0,zone,44,379,12.737786738461292,12.737786738461292,0.3861635163553013,,,,,,,,,,,,,,,,,,,,
real,300,gulf,8,Reactive,0,zone,45,390,5.723878703507593,5.723878703507593,0.4951852240117614,,,,,,,,,,,,,,,,,,,,
real,300,gulf,8,Reactive,0,zone,46,392,27.72981534278558,27.72981534278558,0.14136708767312797,,,,,,,,,,,,,,,,,,,,
real,300,gulf,8,Reactive,0,zone,47,431,22.746637262696645,22.746637262696645,0.24635687169099865,,,,,,,,,,,,,,,,,,,,
real,300,gulf,8,Reactive,0,zone,48,434,29.89984751502554,29.89984751502554,0.28820417646795476,,,,,,,,,,,,,,,,,,,,
real,300,gulf,8,Reactive,0,zone,49,439,23.64290570039901,23.64290570039901,0.4650125098629971,,,,,,,,,,,,,,,,,,,,
real,300,gulf,8,Reactive,0,zone,50,450,16.477129299602048,16.477129299602048,0.4971485674228934,,,,,,,,,,,,,,,,,,,,
real,300,gulf,8,Reactive,0,zone,51,451,15.186844998115507,15.186844998115507,0.4686000053403285,,,,,,,,,,,,,,,,,,,,
real,300,gulf,8,Reactive,0,zone,52,454,23.184931580435894,23.184931580435894,0.32359283391388705,,,,,,,,,,,,,,,,,,,,
real,300,gulf,8,Reactive,0,zone,53,459,29.729909409531356,29.729909409531356,0.14855372978477413,,,,,,,,,,,,,,,,,,,,
real,300,gulf,8,Reactive,0,zone,54,466,17.385293109684977,17.385293109684977,0.47227205941549016,,,,,,,,,,,,,,,,,,,,
real,300,gulf,8,Reactive,0,zone,55,482,26.32302532618891,26.32302532618891,0.042633591817114645,,,,,,,,,,,,,,,,,,,,
real,300,gulf,8,Reactive,0,zone,56,488,29.23112180747541,29.23112180747541,1.2697059860833613,,,,,,,,,,,,,,,,,,,,
real,300,gulf,8,Reactive,0,zone,57,498,4.6604462614447515,4.6604462614447515,0.4600099457679467,,,,,,,,,,,,,,,,,,,,
real,300,gulf,8,Analytic,0,buffer,0,1,20.8017040855639,20.8017040855639,0.39228662105015727,,,,,,,,,,,,,,,,,,,,
real,300,gulf,8,Analytic,0,buffer,1,35,15.340507888694118,15.340507888694118,0.4116062050846804,,,,,,,,,,,,,,,,,,,,
real,300,gulf,8,Analytic,0,buffer,2,37,8.828321443587955,8.828321443587955,1.3620741079405463,,,,,,,,,,,,,,,,,,,,
real,300,gulf,8,Analytic,0,buffer,3,46,13.276812366684103,13.276812366684103,0.4523546036373182,,,,,,,,,,,,,,,,,,,,
real,300,gulf,8,Analytic,0,buffer,4,62,8.396556931936296,8.396556931936296,1.2786629539358552,,,,,,121.0,120.0,120.0,119.0,118.0,117.0,117.0,116.0,116.0,115.0,114.0,114.0,113.0,113.0,111.0
real,300,gulf,8,Analytic,0,buffer,5,65,26.377825584413078,26.377825584413078,1.4004977090108017,,,,,,,,,,,,,,,,,,,,
real,300,gulf,8,Analytic,0,buffer,6,77,9.808795356741728,9.808795356741728,1.2478008372632317,,,,,,,,,,,,,,,,,,,,
real,300,gulf,8,Analytic,0,buffer,7,79,26.618563972639443,26.618563972639443,1.4229685319163434,,,,,,,,,,,,,,,,,,,,
real,300,gulf,8,Analytic,0,buffer,8,87,22.432396256986827,22.432396256986827,0.3775960688687145,,,,,,,,,,,,,,,,,,,,
real,300,gulf,8,Analytic,0,buffer,9,89,25.085520499282993,25.085520499282993,0.25760680811830866,,,,,,,,,,,,,,38.0,38.0,38.0,38.0,38.0,37.0,37.0
real,300,gulf,8,Analytic,0,buffer,10,91,26.75490705751315,26.75490705751315,0.2666595090605285,,,,,,,,,,,,,445.0,445.0,445.0,445.0,445.0,445.0,444.0,185.0
real,300,gulf,8,Analytic,0,buffer,11,93,27.817192920627452,27.817192920627452,0.4333582210288748,,,,,,,,,,,,,,,,,,,,
real,300,gulf,8,Analytic,0,buffer,12,94,3.765097001712832,3.765097001712832,0.536150355634149,,,,,,,,,,22.0,20.0,18.0,14.0,14.0,14.0,14.0,14.0,13.0,13.0,13.0
real,300,gulf,8,Analytic,0,buffer,13,103,20.01960140448338,20.01960140448338,0.4743476329125509,,,,,,,,,,,,,,,,,,,,
real,300,gulf,8,Analytic,0,buffer,14,143,14.523869913386173,14.523869913386173,0.5899670350379019,,,,,,,,,,,,,,,,,,,,
real,300,gulf,8,Analytic,0,buffer,15,159,6.08911276306061,6.08911276306061,1.3376489578769835,,,,,,,,,,,,,111.0,110.0,108.0,107.0,106.0,105.0,104.0,103.0
real,300,gulf,8,Analytic,0,buffer,16,160,19.671454924714123,19.671454924714123,1.2403873384992785,,,,,,,,,,,,,,,,,,,,
real,300,gulf,8,Analytic,0,buffer,17,190,20.20306449439684,20.20306449439684,0.31327715659609306,,,,,,,,,,,,,,,,,,,,
real,300,gulf,8,Analytic,0,buffer,18,198,26.604186509626903,26.604186509626903,0.3215685963729888,,,,,,,,,,,,,,,,,,,,
real,300,gulf,8,Analytic,0,buffer,19,210,21.146779939817037,21.146779939817037,0.1501802784062931,,,,,,,,,,,,,,,,,,,,
real,300,gulf,8,Analytic,0,buffer,20,226,15.964038646759398,15.964038646759398,0.5962570839508283,,,,,,,,,,,,,,,,,,,,
real,300,gulf,8,Analytic,0,buffer,21,228,15.521368966601516,15.521368966601516,0.9996471361649935,,,,,,,,,,,,,,,,,,,,
real,300,gulf,8,Analytic,0,buffer,22,233,27.67445716949665,27.67445716949665,0.7223894258553424,,,,,,,,,,,,,,,,,,,,
real,300,gulf,8,Analytic,0,buffer,23,260,7.452539658277246,7.452539658277246,0.5354962888986673,,,,,,,,,,,21.0,12.0,12.0,12.0,12.0,11.0,11.0,11.0,11.0,11.0
real,300,gulf,8,Analytic,0,buffer,24,265,2.798735455735266,2.798735455735266,0.4674361193238785,,,191.0,190.0,189.0,188.0,187.0,187.0,52.0,52.0,51.0,50.0,50.0,49.0,48.0,48.0,47.0,46.0,45.0,44.0
real,300,gulf,8,Analytic,0,buffer,25,268,25.056974188782423,25.056974188782423,0.28663155623980624,,,,,,,,,,,,,,,,,,,,
real,300,gulf,8,Analytic,0,buffer,26,269,24.89190129112329,24.89190129112329,1.2544906589735085,,,,,,,,,,,,,,,,,,,,
real,300,gulf,8,Analytic,0,buffer,27,273,20.107085695080453,20.107085695080453,0.39427433184390875,,,,,,,,,,,,,,,,,,,,
real,300,gulf,8,Analytic,0,buffer,28,281,27.722108153990412,27.722108153990412,0.6979446212535928,,,,,,,,,,,,,,,,,,,,
real,300,gulf,8,Analytic,0,buffer,29,300,25.04882187368538,25.04882187368538,0.20987135516554603,,,,,,,,,,,,,,,,,,,,
real,300,gulf,8,Analytic,0,buffer,30,305,29.55653307602145,29.55653307602145,0.10317853968624675,,,,,,,,,,,,,,,451.0,451.0,451.0,451.0,451.0,451.0
real,300,gulf,8,Analytic,0,buffer,31,319,23.509158380390005,23.509158380390005,0.35959979055669145,,,,,,,,,,,,,,,,,,,,
real,300,gulf,8,Analytic,0,buffer,32,320,25.29331096556109,25.29331096556109,0.20992973618047084,,,,,,,,,,,,,,,,,,,,
real,300,gulf,8,Analytic,0,buffer,33,328,20.98469702923681,20.98469702923681,0.34375029109972977,,,,,,,,,,,,,,,,,,,,
real,300,gulf,8,Analytic,0,buffer,34,332,14.65416551681818,14.65416551681818,0.5664140673068753,,,,,,,,,,,,,,,,,,,,
real,300,gulf,8,Analytic,0,buffer,35,350,26.89163526063397,26.89163526063397,0.1566109194866676,,,,,,,,,,,,,,,,,,,,
real,300,gulf,8,Analytic,0,buffer,36,352,21.204422616583035,21.204422616583035,0.4350413060422109,,,,,,,,,,,,,,,,,,,,
real,300,gulf,8,Analytic,0,buffer,37,353,26.89944041328231,26.89944041328231,0.45497586484384295,,,,,,,,,,,,,,,,,,,,
real,300,gulf,8,Analytic,0,buffer,38,354,22.590579683274726,22.590579683274726,0.4847490602736013,,,,,,,,,,,,,,,,,,,,
real,300,gulf,8,Analytic,0,buffer,39,356,19.097389171362785,19.097389171362785,0.5837999220760901,,,,,,,,,,,,,,,,,,,,719.0
real,300,gulf,8,Analytic,0,buffer,40,357,21.931944022182652,21.931944022182652,1.1189638707934542,,,,,,,,,,,,,,,,,,,,201.0
real,300,gulf,8,Analytic,0,buffer,41,360,27.7392228671328,27.7392228671328,0.14723191063565128,,,,,,,,,,,,,,,,,,,,
real,300,gulf,8,Analytic,0,buffer,42,375,15.082563046161207,15.082563046161207,0.4512939447540166,,,,,,,,,,,,,,,,,,,,
real,300,gulf,8,Analytic,0,buffer,43,376,16.621525346774582,16.621525346774582,0.4875439629126882,,,,,,,,,,,,,,,,,,,,
real,300,gulf,8,Analytic,0,buffer,44,379,12.737786738461292,12.737786738461292,0.3861635163553013,,,,,,,,,,,,,,,,,,,,
real,300,gulf,8,Analytic,0,buffer,45,390,5.723878703507593,5.723878703507593,0.4951852240117614,,,,,,,,,,70.0,69.0,69.0,68.0,67.0,67.0,66.0,65.0,65.0,64.0,57.0
real,300,gulf,8,Analytic,0,buffer,46,392,27.72981534278558,27.72981534278558,0.14136708767312797,,,,,,,,,,,,,,,,,,,,
real,300,gulf,8,Analytic,0,buffer,47,431,22.746637262696645,22.746637262696645,0.24635687169099865,,,,,,,,,,,,,,,,,,,,
real,300,gulf,8,Analytic,0,buffer,48,434,29.89984751502554,29.89984751502554,0.28820417646795476,,,,,,,,,,,,,,,,,,,,
real,300,gulf,8,Analytic,0,buffer,49,439,23.64290570039901,23.64290570039901,0.4650125098629971,,,,,,,,,,,,,,,,,,,,
real,300,gulf,8,Analytic,0,buffer,50,450,16.477129299602048,16.477129299602048,0.4971485674228934,,,,,,,,,,,,,,,,,,,,
real,300,gulf,8,Analytic,0,buffer,51,451,15.186844998115507,15.186844998115507,0.4686000053403285,,,,,,,,,,,,,,,,,,,,
real,300,gulf,8,Analytic,0,buffer,52,454,23.184931580435894,23.184931580435894,0.32359283391388705,,,,,,,,,,,,,,,,,,,,
real,300,gulf,8,Analytic,0,buffer,53,459,29.729909409531356,29.729909409531356,0.14855372978477413,,,,,,,,,,,,,,,,,,,,
real,300,gulf,8,Analytic,0,buffer,54,466,17.385293109684977,17.385293109684977,0.47227205941549016,,,,,,,,,,,,,,,,,,,,
real,300,gulf,8,Analytic,0,buffer,55,482,26.32302532618891,26.32302532618891,0.042633591817114645,,,,,,,,,,,,,,,,,,,,
real,300,gulf,8,Analytic,0,buffer,56,488,29.23112180747541,29.23112180747541,1.2697059860833613,,,,,,,,,,,,,,,,,,,,
real,300,gulf,8,Analytic,0,buffer,57,498,4.6604462614447515,4.6604462614447515,0.4600099457679467,,,,,,,,,125.0,124.0,123.0,122.0,120.0,118.0,117.0,117.0,116.0,116.0,115.0,115.0
real,300,gulf,8,Analytic,0,crossing,0,1,20.8017040855639,20.8017040855639,0.39228662105015727,,,,,,,,,,,,,,,,,,,,
real,300,gulf,8,Analytic,0,crossing,1,35,15.340507888694118,15.340507888694118,0.4116062050846804,,,,,,,,,,,,,,,,,,,,
real,300,gulf,8,Analytic,0,crossing,2,37,8.828321443587955,8.828321443587955,1.3620741079405463,,,,,,,,,,,,,,,,,,,,
real,300,gulf,8,Analytic,0,crossing,3,46,13.276812366684103,13.276812366684103,0.4523546036373182,,,,,,,,,,,,,,,,,,,,
real,300,gulf,8,Analytic,0,crossing,4,62,8.396556931936296,8.396556931936296,1.2786629539358552,,,,,,,,121.0,120.0,119.0,119.0,118.0,117.0,117.0,116.0,116.0,115.0,115.0,114.0,114.0
real,300,gulf,8,Analytic,0,crossing,5,65,26.377825584413078,26.377825584413078,1.4004977090108017,,,,,,,,,,,,,,,,,,,,
real,300,gulf,8,Analytic,0,crossing,6,77,9.808795356741728,9.808795356741728,1.2478008372632317,,,,,,,,,,,,,,,,,,,,
real,300,gulf,8,Analytic,0,crossing,7,79,26.618563972639443,26.618563972639443,1.4229685319163434,,,,,,,,,,,,,,,,,,,,
real,300,gulf,8,Analytic,0,crossing,8,87,22.432396256986827,22.432396256986827,0.3775960688687145,,,,,,,,,,,,,,,,,,,,
real,300,gulf,8,Analytic,0,crossing,9,89,25.085520499282993,25.085520499282993,0.25760680811830866,,,,,,,,,,,,,,,38.0,38.0,38.0,38.0,38.0,37.0
real,300,gulf,8,Analytic,0,crossing,10,91,26.75490705751315,26.75490705751315,0.2666595090605285,,,,,,,,,,,,,,445.0,445.0,445.0,445.0,445.0,445.0,444.0
real,300,gulf,8,Analytic,0,crossing,11,93,27.817192920627452,27.817192920627452,0.4333582210288748,,,,,,,,,,,,,,,,,,,,
real,300,gulf,8,Analytic,0,crossing,12,94,3.765097001712832,3.765097001712832,0.536150355634149,,,,,,,,,,,,,,,,,,,22.0,14.0
real,300,gulf,8,Analytic,0,crossing,13,103,20.01960140448338,20.01960140448338,0.4743476329125509,,,,,,,,,,,,,,,,,,,,
real,300,gulf,8,Analytic,0,crossing,14,143,14.523869913386173,14.523869913386173,0.5899670350379019,,,,,,,,,,,,,,,,,,,,
real,300,gulf,8,Analytic,0,crossing,15,159,6.08911276306061,6.08911276306061,1.3376489578769835,,,,,,,,,,,,,,,,,,112.0,111.0,109.0
real,300,gulf,8,Analytic,0,crossing,16,160,19.671454924714123,19.671454924714123,1.2403873384992785,,,,,,,,,,,,,,,,,,,,
real,300,gulf,8,Analytic,0,crossing,17,190,20.20306449439684,20.20306449439684,0.31327715659609306,,,,,,,,,,,,,,,,,,,,
real,300,gulf,8,Analytic,0,crossing,18,198,26.604186509626903,26.604186509626903,0.3215685963729888,,,,,,,,,,,,,,,,,,,,
real,300,gulf,8,Analytic,0,crossing,19,210,21.146779939817037,21.146779939817037,0.1501802784062931,,,,,,,,,,,,,,,,,,,,
real,300,gulf,8,Analytic,0,crossing,20,226,15.964038646759398,15.964038646759398,0.5962570839508283,,,,,,,,,,,,,,,,,,,,
real,300,gulf,8,Analytic,0,crossing,21,228,15.521368966601516,15.521368966601516,0.9996471361649935,,,,,,,,,,,,,,,,,,,,
real,300,gulf,8,Analytic,0,crossing,22,233,27.67445716949665,27.67445716949665,0.7223894258553424,,,,,,,,,,,,,,,,,,,,
real,300,gulf,8,Analytic,0,crossing,23,260,7.452539658277246,7.452539658277246,0.5354962888986673,,,,,,,,,,,,,,,12.0,12.0,12.0,12.0,11.0,11.0
real,300,gulf,8,Analytic,0,crossing,24,265,2.798735455735266,2.798735455735266,0.4674361193238785,,,,,,,,191.0,190.0,189.0,188.0,188.0,187.0,187.0,52.0,52.0,51.0,51.0,50.0,49.0
real,300,gulf,8,Analytic,0,crossing,25,268,25.056974188782423,25.056974188782423,0.28663155623980624,,,,,,,,,,,,,,,,,,,,
real,300,gulf,8,Analytic,0,crossing,26,269,24.89190129112329,24.89190129112329,1.2544906589735085,,,,,,,,,,,,,,,,,,,,
real,300,gulf,8,Analytic,0,crossing,27,273,20.107085695080453,20.107085695080453,0.39427433184390875,,,,,,,,,,,,,,,,,,,,
real,300,gulf,8,Analytic,0,crossing,28,281,27.722108153990412,27.722108153990412,0.6979446212535928,,,,,,,,,,,,,,,,,,,,
real,300,gulf,8,Analytic,0,crossing,29,300,25.04882187368538,25.04882187368538,0.20987135516554603,,,,,,,,,,,,,,,,,,,,
real,300,gulf,8,Analytic,0,crossing,30,305,29.55653307602145,29.55653307602145,0.10317853968624675,,,,,,,,,,,,,,,451.0,451.0,451.0,451.0,451.0,451.0
real,300,gulf,8,Analytic,0,crossing,31,319,23.509158380390005,23.509158380390005,0.35959979055669145,,,,,,,,,,,,,,,,,,,,
real,300,gulf,8,Analytic,0,crossing,32,320,25.29331096556109,25.29331096556109,0.20992973618047084,,,,,,,,,,,,,,,,,,,,
real,300,gulf,8,Analytic,0,crossing,33,328,20.98469702923681,20.98469702923681,0.34375029109972977,,,,,,,,,,,,,,,,,,,,
real,300,gulf,8,Analytic,0,crossing,34,332,14.65416551681818,14.65416551681818,0.5664140673068753,,,,,,,,,,,,,,,,,,,,
real,300,gulf,8,Analytic,0,crossing,35,350,26.89163526063397,26.89163526063397,0.1566109194866676,,,,,,,,,,,,,,,,,,,,
real,300,gulf,8,Analytic,0,crossing,36,352,21.204422616583035,21.204422616583035,0.4350413060422109,,,,,,,,,,,,,,,,,,,,
real,300,gulf,8,Analytic,0,crossing,37,353,26.89944041328231,26.89944041328231,0.45497586484384295,,,,,,,,,,,,,,,,,,,,
real,300,gulf,8,Analytic,0,crossing,38,354,22.590579683274726,22.590579683274726,0.4847490602736013,,,,,,,,,,,,,,,,,,,,
real,300,gulf,8,Analytic,0,crossing,39,356,19.097389171362785,19.097389171362785,0.5837999220760901,,,,,,,,,,,,,,,,,,,,
real,300,gulf,8,Analytic,0,crossing,40,357,21.931944022182652,21.931944022182652,1.1189638707934542,,,,,,,,,,,,,,,,,,,,
real,300,gulf,8,Analytic,0,crossing,41,360,27.7392228671328,27.7392228671328,0.14723191063565128,,,,,,,,,,,,,,,,,,,,
real,300,gulf,8,Analytic,0,crossing,42,375,15.082563046161207,15.082563046161207,0.4512939447540166,,,,,,,,,,,,,,,,,,,,
real,300,gulf,8,Analytic,0,crossing,43,376,16.621525346774582,16.621525346774582,0.4875439629126882,,,,,,,,,,,,,,,,,,,,
real,300,gulf,8,Analytic,0,crossing,44,379,12.737786738461292,12.737786738461292,0.3861635163553013,,,,,,,,,,,,,,,,,,,,
real,300,gulf,8,Analytic,0,crossing,45,390,5.723878703507593,5.723878703507593,0.4951852240117614,,,,,,,,,,,,,,,,70.0,69.0,68.0,68.0,67.0
real,300,gulf,8,Analytic,0,crossing,46,392,27.72981534278558,27.72981534278558,0.14136708767312797,,,,,,,,,,,,,,,,,,,,
real,300,gulf,8,Analytic,0,crossing,47,431,22.746637262696645,22.746637262696645,0.24635687169099865,,,,,,,,,,,,,,,,,,,,
real,300,gulf,8,Analytic,0,crossing,48,434,29.89984751502554,29.89984751502554,0.28820417646795476,,,,,,,,,,,,,,,,,,,,
real,300,gulf,8,Analytic,0,crossing,49,439,23.64290570039901,23.64290570039901,0.4650125098629971,,,,,,,,,,,,,,,,,,,,
real,300,gulf,8,Analytic,0,crossing,50,450,16.477129299602048,16.477129299602048,0.4971485674228934,,,,,,,,,,,,,,,,,,,,
real,300,gulf,8,Analytic,0,crossing,51,451,15.186844998115507,15.186844998115507,0.4686000053403285,,,,,,,,,,,,,,,,,,,,
real,300,gulf,8,Analytic,0,crossing,52,454,23.184931580435894,23.184931580435894,0.32359283391388705,,,,,,,,,,,,,,,,,,,,
real,300,gulf,8,Analytic,0,crossing,53,459,29.729909409531356,29.729909409531356,0.14855372978477413,,,,,,,,,,,,,,,,,,,,
real,300,gulf,8,Analytic,0,crossing,54,466,17.385293109684977,17.385293109684977,0.47227205941549016,,,,,,,,,,,,,,,,,,,,
real,300,gulf,8,Analytic,0,crossing,55,482,26.32302532618891,26.32302532618891,0.042633591817114645,,,,,,,,,,,,,,,,,,,,
real,300,gulf,8,Analytic,0,crossing,56,488,29.23112180747541,29.23112180747541,1.2697059860833613,,,,,,,,,,,,,,,,,,,,
real,300,gulf,8,Analytic,0,crossing,57,498,4.6604462614447515,4.6604462614447515,0.4600099457679467,,,,,,,,,,,,,,125.0,125.0,124.0,123.0,120.0,118.0,117.0
real,300,gulf,8,ConstVel,0,buffer,0,1,20.8017040855639,20.8017040855639,0.39228662105015727,,,,,,,,,,,,,,,,,,,,
real,300,gulf,8,ConstVel,0,buffer,1,35,15.340507888694118,15.340507888694118,0.4116062050846804,,,,,,,,,,,,,,,,,,,,
real,300,gulf,8,ConstVel,0,buffer,2,37,8.828321443587955,8.828321443587955,1.3620741079405463,,,,,,,,,,,,,,,,,,,,
real,300,gulf,8,ConstVel,0,buffer,3,46,13.276812366684103,13.276812366684103,0.4523546036373182,,,,,,,,,,,,,,,,,,,,
real,300,gulf,8,ConstVel,0,buffer,4,62,8.396556931936296,8.396556931936296,1.2786629539358552,,,,,,121.0,120.0,119.0,118.0,118.0,117.0,116.0,115.0,114.0,114.0,114.0,113.0,113.0,113.0,113.0
real,300,gulf,8,ConstVel,0,buffer,5,65,26.377825584413078,26.377825584413078,1.4004977090108017,,,,,,,,,,,,,,9.0,9.0,9.0,9.0,9.0,9.0,9.0
real,300,gulf,8,ConstVel,0,buffer,6,77,9.808795356741728,9.808795356741728,1.2478008372632317,,,,,,,,,,,,,,,,,,,,
real,300,gulf,8,ConstVel,0,buffer,7,79,26.618563972639443,26.618563972639443,1.4229685319163434,,,,,,,,,,,,,,,,,,,,
real,300,gulf,8,ConstVel,0,buffer,8,87,22.432396256986827,22.432396256986827,0.3775960688687145,,,,,,,,,,,,,,,,,,,,
real,300,gulf,8,ConstVel,0,buffer,9,89,25.085520499282993,25.085520499282993,0.25760680811830866,,,,,,,,,,,,38.0,37.0,37.0,36.0,36.0,36.0,36.0,36.0,34.0
real,300,gulf,8,ConstVel,0,buffer,10,91,26.75490705751315,26.75490705751315,0.2666595090605285,,,,,,,,,,181.0,181.0,181.0,181.0,181.0,181.0,181.0,181.0,181.0,181.0,181.0
real,300,gulf,8,ConstVel,0,buffer,11,93,27.817192920627452,27.817192920627452,0.4333582210288748,,,,,,,,,,,,,,,,,,,,
real,300,gulf,8,ConstVel,0,buffer,12,94,3.765097001712832,3.765097001712832,0.536150355634149,,,,,,,,,,22.0,21.0,20.0,10.0,10.0,10.0,10.0,10.0,10.0,10.0,10.0
real,300,gulf,8,ConstVel,0,buffer,13,103,20.01960140448338,20.01960140448338,0.4743476329125509,,,,,,,,,,,,,,,,,,,,
real,300,gulf,8,ConstVel,0,buffer,14,143,14.523869913386173,14.523869913386173,0.5899670350379019,,,,,,,,,,,,,,,,,,,,
real,300,gulf,8,ConstVel,0,buffer,15,159,6.08911276306061,6.08911276306061,1.3376489578769835,,,,,,,,,,,,112.0,112.0,111.0,109.0,107.0,106.0,105.0,104.0,103.0
real,300,gulf,8,ConstVel,0,buffer,16,160,19.671454924714123,19.671454924714123,1.2403873384992785,,,,,,,,,,,,,,,,,,,,
real,300,gulf,8,ConstVel,0,buffer,17,190,20.20306449439684,20.20306449439684,0.31327715659609306,,,,,,,,,,,,,,,,,,,,
real,300,gulf,8,ConstVel,0,buffer,18,198,26.604186509626903,26.604186509626903,0.3215685963729888,,,,,,,,,,,,,,,,,,,,
real,300,gulf,8,ConstVel,0,buffer,19,210,21.146779939817037,21.146779939817037,0.1501802784062931,,,,,,,,,,,,,,,,,,,,
real,300,gulf,8,ConstVel,0,buffer,20,226,15.964038646759398,15.964038646759398,0.5962570839508283,,,,,,,,,,,,,,,,,,,,
real,300,gulf,8,ConstVel,0,buffer,21,228,15.521368966601516,15.521368966601516,0.9996471361649935,,,,,,,,,,,,,,,,,,,,
real,300,gulf,8,ConstVel,0,buffer,22,233,27.67445716949665,27.67445716949665,0.7223894258553424,,,,,,,,,,,,,,,,,,,,
real,300,gulf,8,ConstVel,0,buffer,23,260,7.452539658277246,7.452539658277246,0.5354962888986673,,,,,,,,,,21.0,12.0,12.0,11.0,11.0,11.0,10.0,9.0,8.0,8.0,8.0
real,300,gulf,8,ConstVel,0,buffer,24,265,2.798735455735266,2.798735455735266,0.4674361193238785,,,,190.0,188.0,187.0,187.0,52.0,52.0,52.0,51.0,50.0,48.0,48.0,48.0,48.0,47.0,47.0,46.0,44.0
real,300,gulf,8,ConstVel,0,buffer,25,268,25.056974188782423,25.056974188782423,0.28663155623980624,,,,,,,,,,,,,196.0,196.0,196.0,196.0,196.0,196.0,126.0,126.0
real,300,gulf,8,ConstVel,0,buffer,26,269,24.89190129112329,24.89190129112329,1.2544906589735085,,,,,,,,,,,,,,,,,,,,
real,300,gulf,8,ConstVel,0,buffer,27,273,20.107085695080453,20.107085695080453,0.39427433184390875,,,,,,,,,,,,,,,,,,,,
real,300,gulf,8,ConstVel,0,buffer,28,281,27.722108153990412,27.722108153990412,0.6979446212535928,,,,,,,,,,,,,,,,,,,,
real,300,gulf,8,ConstVel,0,buffer,29,300,25.04882187368538,25.04882187368538,0.20987135516554603,,,,,,,,,,,,,,,,124.0,14.0,14.0,14.0,14.0
real,300,gulf,8,ConstVel,0,buffer,30,305,29.55653307602145,29.55653307602145,0.10317853968624675,,,,,,,,,,,,451.0,450.0,152.0,152.0,152.0,152.0,152.0,152.0,152.0
real,300,gulf,8,ConstVel,0,buffer,31,319,23.509158380390005,23.509158380390005,0.35959979055669145,,,,,,,,,,,,,,,,,,,,
real,300,gulf,8,ConstVel,0,buffer,32,320,25.29331096556109,25.29331096556109,0.20992973618047084,,,,,,,,,,,,,,,,,,,,
real,300,gulf,8,ConstVel,0,buffer,33,328,20.98469702923681,20.98469702923681,0.34375029109972977,,,,,,,,,,,,,,,,,,,,
real,300,gulf,8,ConstVel,0,buffer,34,332,14.65416551681818,14.65416551681818,0.5664140673068753,,,,,,,,,,,,,,,,,,,,
real,300,gulf,8,ConstVel,0,buffer,35,350,26.89163526063397,26.89163526063397,0.1566109194866676,,,,,,,,,,,,285.0,285.0,285.0,285.0,285.0,285.0,285.0,285.0,285.0
real,300,gulf,8,ConstVel,0,buffer,36,352,21.204422616583035,21.204422616583035,0.4350413060422109,,,,,,,,,,,,,,,,,,,,
real,300,gulf,8,ConstVel,0,buffer,37,353,26.89944041328231,26.89944041328231,0.45497586484384295,,,,,,,,,,,43.0,43.0,43.0,43.0,43.0,43.0,43.0,43.0,43.0,43.0
real,300,gulf,8,ConstVel,0,buffer,38,354,22.590579683274726,22.590579683274726,0.4847490602736013,,,,,,,,,,,,,,,,,,,,
real,300,gulf,8,ConstVel,0,buffer,39,356,19.097389171362785,19.097389171362785,0.5837999220760901,,,,,,,,,,,,,,,,,,,719.0,719.0
real,300,gulf,8,ConstVel,0,buffer,40,357,21.931944022182652,21.931944022182652,1.1189638707934542,,,,,,,,,,,,,,,,,,,,201.0
real,300,gulf,8,ConstVel,0,buffer,41,360,27.7392228671328,27.7392228671328,0.14723191063565128,,,,,,,,,,,,,,,,,,,,
real,300,gulf,8,ConstVel,0,buffer,42,375,15.082563046161207,15.082563046161207,0.4512939447540166,,,,,,,,,,,,,,,,,,,,
real,300,gulf,8,ConstVel,0,buffer,43,376,16.621525346774582,16.621525346774582,0.4875439629126882,,,,,,,,,,,,,,,,,,,,
real,300,gulf,8,ConstVel,0,buffer,44,379,12.737786738461292,12.737786738461292,0.3861635163553013,,,,,,,,,,,,,,,,,,,,
real,300,gulf,8,ConstVel,0,buffer,45,390,5.723878703507593,5.723878703507593,0.4951852240117614,,,,,,,,,,70.0,69.0,68.0,68.0,66.0,66.0,65.0,64.0,64.0,64.0,57.0
real,300,gulf,8,ConstVel,0,buffer,46,392,27.72981534278558,27.72981534278558,0.14136708767312797,,,,,,,,,,,,,,,,,,,,269.0
real,300,gulf,8,ConstVel,0,buffer,47,431,22.746637262696645,22.746637262696645,0.24635687169099865,,,,,,,,,,,,,151.0,151.0,151.0,151.0,151.0,151.0,151.0,151.0
real,300,gulf,8,ConstVel,0,buffer,48,434,29.89984751502554,29.89984751502554,0.28820417646795476,,,,,,,,,,,,,,,,,,,,
real,300,gulf,8,ConstVel,0,buffer,49,439,23.64290570039901,23.64290570039901,0.4650125098629971,,,,,,,,,,,,,,,,,,,,
real,300,gulf,8,ConstVel,0,buffer,50,450,16.477129299602048,16.477129299602048,0.4971485674228934,,,,,,,,,,,,,,,,,,,,
real,300,gulf,8,ConstVel,0,buffer,51,451,15.186844998115507,15.186844998115507,0.4686000053403285,,,,,,,,,,,,,,,,,,,,
real,300,gulf,8,ConstVel,0,buffer,52,454,23.184931580435894,23.184931580435894,0.32359283391388705,,,,,,,,,,165.0,165.0,165.0,165.0,165.0,165.0,165.0,165.0,139.0,39.0,31.0
real,300,gulf,8,ConstVel,0,buffer,53,459,29.729909409531356,29.729909409531356,0.14855372978477413,,,,,,,,,,,100.0,100.0,100.0,100.0,100.0,100.0,100.0,100.0,100.0,100.0
real,300,gulf,8,ConstVel,0,buffer,54,466,17.385293109684977,17.385293109684977,0.47227205941549016,,,,,,,,,,,,,,,,,,,,
real,300,gulf,8,ConstVel,0,buffer,55,482,26.32302532618891,26.32302532618891,0.042633591817114645,,,,,,,,,,,,,,,553.0,553.0,553.0,553.0,552.0,552.0
real,300,gulf,8,ConstVel,0,buffer,56,488,29.23112180747541,29.23112180747541,1.2697059860833613,,,,,,,,,,,,,,,,,,,,
real,300,gulf,8,ConstVel,0,buffer,57,498,4.6604462614447515,4.6604462614447515,0.4600099457679467,,,,,,,,125.0,125.0,124.0,123.0,122.0,121.0,120.0,117.0,116.0,115.0,114.0,113.0,113.0
real,300,gulf,8,ConstVel,0,crossing,0,1,20.8017040855639,20.8017040855639,0.39228662105015727,,,,,,,,,,,,,,,,,,,,
real,300,gulf,8,ConstVel,0,crossing,1,35,15.340507888694118,15.340507888694118,0.4116062050846804,,,,,,,,,,,,,,,,,,,,
real,300,gulf,8,ConstVel,0,crossing,2,37,8.828321443587955,8.828321443587955,1.3620741079405463,,,,,,,,,,,,,,,,,,,,
real,300,gulf,8,ConstVel,0,crossing,3,46,13.276812366684103,13.276812366684103,0.4523546036373182,,,,,,,,,,,,,,,,,,,,
real,300,gulf,8,ConstVel,0,crossing,4,62,8.396556931936296,8.396556931936296,1.2786629539358552,,,,,,,,121.0,120.0,119.0,118.0,118.0,117.0,116.0,114.0,114.0,114.0,114.0,114.0,113.0
real,300,gulf,8,ConstVel,0,crossing,5,65,26.377825584413078,26.377825584413078,1.4004977090108017,,,,,,,,,,,,,,,9.0,9.0,9.0,9.0,9.0,9.0
real,300,gulf,8,ConstVel,0,crossing,6,77,9.808795356741728,9.808795356741728,1.2478008372632317,,,,,,,,,,,,,,,,,,,,
real,300,gulf,8,ConstVel,0,crossing,7,79,26.618563972639443,26.618563972639443,1.4229685319163434,,,,,,,,,,,,,,,,,,,,
real,300,gulf,8,ConstVel,0,crossing,8,87,22.432396256986827,22.432396256986827,0.3775960688687145,,,,,,,,,,,,,,,,,,,,
real,300,gulf,8,ConstVel,0,crossing,9,89,25.085520499282993,25.085520499282993,0.25760680811830866,,,,,,,,,,,,,38.0,37.0,36.0,36.0,36.0,36.0,36.0,36.0
real,300,gulf,8,ConstVel,0,crossing,10,91,26.75490705751315,26.75490705751315,0.2666595090605285,,,,,,,,,,181.0,181.0,181.0,181.0,181.0,181.0,181.0,181.0,181.0,181.0,181.0
real,300,gulf,8,ConstVel,0,crossing,11,93,27.817192920627452,27.817192920627452,0.4333582210288748,,,,,,,,,,,,,,,,,,,,
real,300,gulf,8,ConstVel,0,crossing,12,94,3.765097001712832,3.765097001712832,0.536150355634149,,,,,,,,,,,,,,,,,,10.0,10.0,10.0
real,300,gulf,8,ConstVel,0,crossing,13,103,20.01960140448338,20.01960140448338,0.4743476329125509,,,,,,,,,,,,,,,,,,,,
real,300,gulf,8,ConstVel,0,crossing,14,143,14.523869913386173,14.523869913386173,0.5899670350379019,,,,,,,,,,,,,,,,,,,,
real,300,gulf,8,ConstVel,0,crossing,15,159,6.08911276306061,6.08911276306061,1.3376489578769835,,,,,,,,,,,,,,,,,,112.0,112.0,111.0
real,300,gulf,8,ConstVel,0,crossing,16,160,19.671454924714123,19.671454924714123,1.2403873384992785,,,,,,,,,,,,,,,,,,,,
real,300,gulf,8,ConstVel,0,crossing,17,190,20.20306449439684,20.20306449439684,0.31327715659609306,,,,,,,,,,,,,,,,,,,,
real,300,gulf,8,ConstVel,0,crossing,18,198,26.604186509626903,26.604186509626903,0.3215685963729888,,,,,,,,,,,,,,,,,,,,
real,300,gulf,8,ConstVel,0,crossing,19,210,21.146779939817037,21.146779939817037,0.1501802784062931,,,,,,,,,,,,,,,,,,,,
real,300,gulf,8,ConstVel,0,crossing,20,226,15.964038646759398,15.964038646759398,0.5962570839508283,,,,,,,,,,,,,,,,,,,,
real,300,gulf,8,ConstVel,0,crossing,21,228,15.521368966601516,15.521368966601516,0.9996471361649935,,,,,,,,,,,,,,,,,,,,
real,300,gulf,8,ConstVel,0,crossing,22,233,27.67445716949665,27.67445716949665,0.7223894258553424,,,,,,,,,,,,,,,,,,,,
real,300,gulf,8,ConstVel,0,crossing,23,260,7.452539658277246,7.452539658277246,0.5354962888986673,,,,,,,,,,,,,12.0,12.0,11.0,11.0,11.0,11.0,10.0,9.0
real,300,gulf,8,ConstVel,0,crossing,24,265,2.798735455735266,2.798735455735266,0.4674361193238785,,,,,,,,,190.0,189.0,187.0,187.0,52.0,52.0,52.0,52.0,51.0,50.0,48.0,48.0
real,300,gulf,8,ConstVel,0,crossing,25,268,25.056974188782423,25.056974188782423,0.28663155623980624,,,,,,,,,,,,,,196.0,196.0,196.0,196.0,196.0,196.0,126.0
real,300,gulf,8,ConstVel,0,crossing,26,269,24.89190129112329,24.89190129112329,1.2544906589735085,,,,,,,,,,,,,,,,,,,,
real,300,gulf,8,ConstVel,0,crossing,27,273,20.107085695080453,20.107085695080453,0.39427433184390875,,,,,,,,,,,,,,,,,,,,
real,300,gulf,8,ConstVel,0,crossing,28,281,27.722108153990412,27.722108153990412,0.6979446212535928,,,,,,,,,,,,,,,,,,,,
real,300,gulf,8,ConstVel,0,crossing,29,300,25.04882187368538,25.04882187368538,0.20987135516554603,,,,,,,,,,,,,,,,,124.0,14.0,14.0,14.0
real,300,gulf,8,ConstVel,0,crossing,30,305,29.55653307602145,29.55653307602145,0.10317853968624675,,,,,,,,,,,,451.0,451.0,238.0,152.0,152.0,152.0,152.0,152.0,152.0
real,300,gulf,8,ConstVel,0,crossing,31,319,23.509158380390005,23.509158380390005,0.35959979055669145,,,,,,,,,,,,,,,,,,,,
real,300,gulf,8,ConstVel,0,crossing,32,320,25.29331096556109,25.29331096556109,0.20992973618047084,,,,,,,,,,,,,,,,,,,,
real,300,gulf,8,ConstVel,0,crossing,33,328,20.98469702923681,20.98469702923681,0.34375029109972977,,,,,,,,,,,,,,,,,,,,
real,300,gulf,8,ConstVel,0,crossing,34,332,14.65416551681818,14.65416551681818,0.5664140673068753,,,,,,,,,,,,,,,,,,,,
real,300,gulf,8,ConstVel,0,crossing,35,350,26.89163526063397,26.89163526063397,0.1566109194866676,,,,,,,,,,,,,285.0,285.0,285.0,285.0,285.0,285.0,285.0,285.0
real,300,gulf,8,ConstVel,0,crossing,36,352,21.204422616583035,21.204422616583035,0.4350413060422109,,,,,,,,,,,,,,,,,,,,
real,300,gulf,8,ConstVel,0,crossing,37,353,26.89944041328231,26.89944041328231,0.45497586484384295,,,,,,,,,,,,43.0,43.0,43.0,43.0,43.0,43.0,43.0,43.0,43.0
real,300,gulf,8,ConstVel,0,crossing,38,354,22.590579683274726,22.590579683274726,0.4847490602736013,,,,,,,,,,,,,,,,,,,,
real,300,gulf,8,ConstVel,0,crossing,39,356,19.097389171362785,19.097389171362785,0.5837999220760901,,,,,,,,,,,,,,,,,,,,
real,300,gulf,8,ConstVel,0,crossing,40,357,21.931944022182652,21.931944022182652,1.1189638707934542,,,,,,,,,,,,,,,,,,,,
real,300,gulf,8,ConstVel,0,crossing,41,360,27.7392228671328,27.7392228671328,0.14723191063565128,,,,,,,,,,,,,,,,,,,,
real,300,gulf,8,ConstVel,0,crossing,42,375,15.082563046161207,15.082563046161207,0.4512939447540166,,,,,,,,,,,,,,,,,,,,
real,300,gulf,8,ConstVel,0,crossing,43,376,16.621525346774582,16.621525346774582,0.4875439629126882,,,,,,,,,,,,,,,,,,,,
real,300,gulf,8,ConstVel,0,crossing,44,379,12.737786738461292,12.737786738461292,0.3861635163553013,,,,,,,,,,,,,,,,,,,,
real,300,gulf,8,ConstVel,0,crossing,45,390,5.723878703507593,5.723878703507593,0.4951852240117614,,,,,,,,,,,,,,,70.0,69.0,69.0,68.0,67.0,66.0
real,300,gulf,8,ConstVel,0,crossing,46,392,27.72981534278558,27.72981534278558,0.14136708767312797,,,,,,,,,,,,,,,,,,,,
real,300,gulf,8,ConstVel,0,crossing,47,431,22.746637262696645,22.746637262696645,0.24635687169099865,,,,,,,,,,,,,,151.0,151.0,151.0,151.0,151.0,151.0,151.0
real,300,gulf,8,ConstVel,0,crossing,48,434,29.89984751502554,29.89984751502554,0.28820417646795476,,,,,,,,,,,,,,,,,,,,
real,300,gulf,8,ConstVel,0,crossing,49,439,23.64290570039901,23.64290570039901,0.4650125098629971,,,,,,,,,,,,,,,,,,,,
real,300,gulf,8,ConstVel,0,crossing,50,450,16.477129299602048,16.477129299602048,0.4971485674228934,,,,,,,,,,,,,,,,,,,,
real,300,gulf,8,ConstVel,0,crossing,51,451,15.186844998115507,15.186844998115507,0.4686000053403285,,,,,,,,,,,,,,,,,,,,
real,300,gulf,8,ConstVel,0,crossing,52,454,23.184931580435894,23.184931580435894,0.32359283391388705,,,,,,,,,,,165.0,165.0,165.0,165.0,165.0,165.0,165.0,165.0,139.0,39.0
real,300,gulf,8,ConstVel,0,crossing,53,459,29.729909409531356,29.729909409531356,0.14855372978477413,,,,,,,,,,,,100.0,100.0,100.0,100.0,100.0,100.0,100.0,100.0,100.0
real,300,gulf,8,ConstVel,0,crossing,54,466,17.385293109684977,17.385293109684977,0.47227205941549016,,,,,,,,,,,,,,,,,,,,
real,300,gulf,8,ConstVel,0,crossing,55,482,26.32302532618891,26.32302532618891,0.042633591817114645,,,,,,,,,,,,,,,,553.0,553.0,553.0,553.0,552.0
real,300,gulf,8,ConstVel,0,crossing,56,488,29.23112180747541,29.23112180747541,1.2697059860833613,,,,,,,,,,,,,,,,,,,,
real,300,gulf,8,ConstVel,0,crossing,57,498,4.6604462614447515,4.6604462614447515,0.4600099457679467,,,,,,,,,,,,,125.0,125.0,125.0,124.0,123.0,121.0,117.0,117.0
real,300,gulf,8,Kalman,0,buffer,0,1,20.8017040855639,20.8017040855639,0.39228662105015727,,,,,,,,,,,,,,,,,,,,
real,300,gulf,8,Kalman,0,buffer,1,35,15.340507888694118,15.340507888694118,0.4116062050846804,,,,,,,,,,,,,,,,,,,,
real,300,gulf,8,Kalman,0,buffer,2,37,8.828321443587955,8.828321443587955,1.3620741079405463,,,,,,,,,,,,,,,,,,,,
real,300,gulf,8,Kalman,0,buffer,3,46,13.276812366684103,13.276812366684103,0.4523546036373182,,,,,,,,,,,,,,,,,,,,
real,300,gulf,8,Kalman,0,buffer,4,62,8.396556931936296,8.396556931936296,1.2786629539358552,,,,,,121.0,120.0,119.0,118.0,118.0,117.0,116.0,115.0,115.0,114.0,114.0,114.0,113.0,113.0,112.0
real,300,gulf,8,Kalman,0,buffer,5,65,26.377825584413078,26.377825584413078,1.4004977090108017,,,,,,,,,,,,,,,,,,,9.0,9.0
real,300,gulf,8,Kalman,0,buffer,6,77,9.808795356741728,9.808795356741728,1.2478008372632317,,,,,,,,,,,,,,,,,,,,
real,300,gulf,8,Kalman,0,buffer,7,79,26.618563972639443,26.618563972639443,1.4229685319163434,,,,,,,,,,,,,,,,,,,,
real,300,gulf,8,Kalman,0,buffer,8,87,22.432396256986827,22.432396256986827,0.3775960688687145,,,,,,,,,,,,,,,,,,,,
real,300,gulf,8,Kalman,0,buffer,9,89,25.085520499282993,25.085520499282993,0.25760680811830866,,,,,,,,,,,,38.0,38.0,37.0,37.0,37.0,36.0,36.0,36.0,36.0
real,300,gulf,8,Kalman,0,buffer,10,91,26.75490705751315,26.75490705751315,0.2666595090605285,,,,,,,,,,,445.0,444.0,444.0,444.0,181.0,181.0,181.0,181.0,181.0,181.0
real,300,gulf,8,Kalman,0,buffer,11,93,27.817192920627452,27.817192920627452,0.4333582210288748,,,,,,,,,,,,,,,,,,,,
real,300,gulf,8,Kalman,0,buffer,12,94,3.765097001712832,3.765097001712832,0.536150355634149,,,,,,,,,,22.0,21.0,20.0,16.0,15.0,14.0,12.0,11.0,11.0,11.0,11.0
real,300,gulf,8,Kalman,0,buffer,13,103,20.01960140448338,20.01960140448338,0.4743476329125509,,,,,,,,,,,,,,,,,,,,
real,300,gulf,8,Kalman,0,buffer,14,143,14.523869913386173,14.523869913386173,0.5899670350379019,,,,,,,,,,,,,,,,,,,,
real,300,gulf,8,Kalman,0,buffer,15,159,6.08911276306061,6.08911276306061,1.3376489578769835,,,,,,,,,,,,,112.0,111.0,109.0,107.0,106.0,105.0,104.0,103.0
real,300,gulf,8,Kalman,0,buffer,16,160,19.671454924714123,19.671454924714123,1.2403873384992785,,,,,,,,,,,,,,,,,,,,
real,300,gulf,8,Kalman,0,buffer,17,190,20.20306449439684,20.20306449439684,0.31327715659609306,,,,,,,,,,,,,,,,,,,,
real,300,gulf,8,Kalman,0,buffer,18,198,26.604186509626903,26.604186509626903,0.3215685963729888,,,,,,,,,,,,,,,,,,,,
real,300,gulf,8,Kalman,0,buffer,19,210,21.146779939817037,21.146779939817037,0.1501802784062931,,,,,,,,,,,,,,,,,,,,
real,300,gulf,8,Kalman,0,buffer,20,226,15.964038646759398,15.964038646759398,0.5962570839508283,,,,,,,,,,,,,,,,,,,,
real,300,gulf,8,Kalman,0,buffer,21,228,15.521368966601516,15.521368966601516,0.9996471361649935,,,,,,,,,,,,,,,,,,,,
real,300,gulf,8,Kalman,0,buffer,22,233,27.67445716949665,27.67445716949665,0.7223894258553424,,,,,,,,,,,,,,,,,,,,
real,300,gulf,8,Kalman,0,buffer,23,260,7.452539658277246,7.452539658277246,0.5354962888986673,,,,,,,,,,,12.0,12.0,11.0,11.0,11.0,10.0,10.0,9.0,9.0,9.0
real,300,gulf,8,Kalman,0,buffer,24,265,2.798735455735266,2.798735455735266,0.4674361193238785,,,191.0,190.0,188.0,187.0,187.0,52.0,52.0,52.0,51.0,50.0,49.0,48.0,48.0,48.0,47.0,47.0,45.0,44.0
real,300,gulf,8,Kalman,0,buffer,25,268,25.056974188782423,25.056974188782423,0.28663155623980624,,,,,,,,,,,,,,,,,196.0,196.0,196.0,196.0
real,300,gulf,8,Kalman,0,buffer,26,269,24.89190129112329,24.89190129112329,1.2544906589735085,,,,,,,,,,,,,,,,,,,,
real,300,gulf,8,Kalman,0,buffer,27,273,20.107085695080453,20.107085695080453,0.39427433184390875,,,,,,,,,,,,,,,,,,,,
real,300,gulf,8,Kalman,0,buffer,28,281,27.722108153990412,27.722108153990412,0.6979446212535928,,,,,,,,,,,,,,,,,,,,
real,300,gulf,8,Kalman,0,buffer,29,300,25.04882187368538,25.04882187368538,0.20987135516554603,,,,,,,,,,,,,,,,,,,,
real,300,gulf,8,Kalman,0,buffer,30,305,29.55653307602145,29.55653307602145,0.10317853968624675,,,,,,,,,,,,451.0,451.0,450.0,450.0,450.0,449.0,449.0,449.0,152.0
real,300,gulf,8,Kalman,0,buffer,31,319,23.509158380390005,23.509158380390005,0.35959979055669145,,,,,,,,,,,,,,,,,,,,
real,300,gulf,8,Kalman,0,buffer,32,320,25.29331096556109,25.29331096556109,0.20992973618047084,,,,,,,,,,,,,,,,,,,,
real,300,gulf,8,Kalman,0,buffer,33,328,20.98469702923681,20.98469702923681,0.34375029109972977,,,,,,,,,,,,,,,,,,,,
real,300,gulf,8,Kalman,0,buffer,34,332,14.65416551681818,14.65416551681818,0.5664140673068753,,,,,,,,,,,,,,,,,,,,
real,300,gulf,8,Kalman,0,buffer,35,350,26.89163526063397,26.89163526063397,0.1566109194866676,,,,,,,,,,,,,,,285.0,285.0,285.0,285.0,285.0,285.0
real,300,gulf,8,Kalman,0,buffer,36,352,21.204422616583035,21.204422616583035,0.4350413060422109,,,,,,,,,,,,,,,,,,,,
real,300,gulf,8,Kalman,0,buffer,37,353,26.89944041328231,26.89944041328231,0.45497586484384295,,,,,,,,,,,,,,,43.0,43.0,43.0,43.0,43.0,43.0
real,300,gulf,8,Kalman,0,buffer,38,354,22.590579683274726,22.590579683274726,0.4847490602736013,,,,,,,,,,,,,,,,,,,,
real,300,gulf,8,Kalman,0,buffer,39,356,19.097389171362785,19.097389171362785,0.5837999220760901,,,,,,,,,,,,,,,,,,,719.0,719.0
real,300,gulf,8,Kalman,0,buffer,40,357,21.931944022182652,21.931944022182652,1.1189638707934542,,,,,,,,,,,,,,,,,,,,201.0
real,300,gulf,8,Kalman,0,buffer,41,360,27.7392228671328,27.7392228671328,0.14723191063565128,,,,,,,,,,,,,,,,,,,,
real,300,gulf,8,Kalman,0,buffer,42,375,15.082563046161207,15.082563046161207,0.4512939447540166,,,,,,,,,,,,,,,,,,,,
real,300,gulf,8,Kalman,0,buffer,43,376,16.621525346774582,16.621525346774582,0.4875439629126882,,,,,,,,,,,,,,,,,,,,
real,300,gulf,8,Kalman,0,buffer,44,379,12.737786738461292,12.737786738461292,0.3861635163553013,,,,,,,,,,,,,,,,,,,,
real,300,gulf,8,Kalman,0,buffer,45,390,5.723878703507593,5.723878703507593,0.4951852240117614,,,,,,,,,,70.0,69.0,68.0,68.0,67.0,66.0,65.0,65.0,64.0,64.0,57.0
real,300,gulf,8,Kalman,0,buffer,46,392,27.72981534278558,27.72981534278558,0.14136708767312797,,,,,,,,,,,,,,,,,,,,
real,300,gulf,8,Kalman,0,buffer,47,431,22.746637262696645,22.746637262696645,0.24635687169099865,,,,,,,,,,,,,,,,,,,,151.0
real,300,gulf,8,Kalman,0,buffer,48,434,29.89984751502554,29.89984751502554,0.28820417646795476,,,,,,,,,,,,,,,,,,,,
real,300,gulf,8,Kalman,0,buffer,49,439,23.64290570039901,23.64290570039901,0.4650125098629971,,,,,,,,,,,,,,,,,,,,
real,300,gulf,8,Kalman,0,buffer,50,450,16.477129299602048,16.477129299602048,0.4971485674228934,,,,,,,,,,,,,,,,,,,,
real,300,gulf,8,Kalman,0,buffer,51,451,15.186844998115507,15.186844998115507,0.4686000053403285,,,,,,,,,,,,,,,,,,,,
real,300,gulf,8,Kalman,0,buffer,52,454,23.184931580435894,23.184931580435894,0.32359283391388705,,,,,,,,,,,,,,165.0,165.0,165.0,165.0,165.0,165.0,165.0
real,300,gulf,8,Kalman,0,buffer,53,459,29.729909409531356,29.729909409531356,0.14855372978477413,,,,,,,,,,,,,,,100.0,100.0,100.0,100.0,100.0,100.0
real,300,gulf,8,Kalman,0,buffer,54,466,17.385293109684977,17.385293109684977,0.47227205941549016,,,,,,,,,,,,,,,,,,,,
real,300,gulf,8,Kalman,0,buffer,55,482,26.32302532618891,26.32302532618891,0.042633591817114645,,,,,,,,,,,,,,,,,,553.0,553.0,553.0
real,300,gulf,8,Kalman,0,buffer,56,488,29.23112180747541,29.23112180747541,1.2697059860833613,,,,,,,,,,,,,,,,,,,,
real,300,gulf,8,Kalman,0,buffer,57,498,4.6604462614447515,4.6604462614447515,0.4600099457679467,,,,,,,,125.0,125.0,124.0,123.0,122.0,121.0,120.0,117.0,116.0,115.0,114.0,114.0,114.0
real,300,gulf,8,Kalman,0,crossing,0,1,20.8017040855639,20.8017040855639,0.39228662105015727,,,,,,,,,,,,,,,,,,,,
real,300,gulf,8,Kalman,0,crossing,1,35,15.340507888694118,15.340507888694118,0.4116062050846804,,,,,,,,,,,,,,,,,,,,
real,300,gulf,8,Kalman,0,crossing,2,37,8.828321443587955,8.828321443587955,1.3620741079405463,,,,,,,,,,,,,,,,,,,,
real,300,gulf,8,Kalman,0,crossing,3,46,13.276812366684103,13.276812366684103,0.4523546036373182,,,,,,,,,,,,,,,,,,,,
real,300,gulf,8,Kalman,0,crossing,4,62,8.396556931936296,8.396556931936296,1.2786629539358552,,,,,,,,121.0,120.0,119.0,118.0,118.0,117.0,116.0,115.0,115.0,114.0,114.0,114.0,113.0
real,300,gulf,8,Kalman,0,crossing,5,65,26.377825584413078,26.377825584413078,1.4004977090108017,,,,,,,,,,,,,,,,,,,,
real,300,gulf,8,Kalman,0,crossing,6,77,9.808795356741728,9.808795356741728,1.2478008372632317,,,,,,,,,,,,,,,,,,,,
real,300,gulf,8,Kalman,0,crossing,7,79,26.618563972639443,26.618563972639443,1.4229685319163434,,,,,,,,,,,,,,,,,,,,
real,300,gulf,8,Kalman,0,crossing,8,87,22.432396256986827,22.432396256986827,0.3775960688687145,,,,,,,,,,,,,,,,,,,,
real,300,gulf,8,Kalman,0,crossing,9,89,25.085520499282993,25.085520499282993,0.25760680811830866,,,,,,,,,,,,,38.0,38.0,37.0,37.0,37.0,36.0,36.0,36.0
real,300,gulf,8,Kalman,0,crossing,10,91,26.75490705751315,26.75490705751315,0.2666595090605285,,,,,,,,,,,445.0,444.0,444.0,444.0,444.0,181.0,181.0,181.0,181.0,181.0
real,300,gulf,8,Kalman,0,crossing,11,93,27.817192920627452,27.817192920627452,0.4333582210288748,,,,,,,,,,,,,,,,,,,,
real,300,gulf,8,Kalman,0,crossing,12,94,3.765097001712832,3.765097001712832,0.536150355634149,,,,,,,,,,,,,,,,,,,,21.0
real,300,gulf,8,Kalman,0,crossing,13,103,20.01960140448338,20.01960140448338,0.4743476329125509,,,,,,,,,,,,,,,,,,,,
real,300,gulf,8,Kalman,0,crossing,14,143,14.523869913386173,14.523869913386173,0.5899670350379019,,,,,,,,,,,,,,,,,,,,
real,300,gulf,8,Kalman,0,crossing,15,159,6.08911276306061,6.08911276306061,1.3376489578769835,,,,,,,,,,,,,,,,,,112.0,112.0,111.0
real,300,gulf,8,Kalman,0,crossing,16,160,19.671454924714123,19.671454924714123,1.2403873384992785,,,,,,,,,,,,,,,,,,,,
real,300,gulf,8,Kalman,0,crossing,17,190,20.20306449439684,20.20306449439684,0.31327715659609306,,,,,,,,,,,,,,,,,,,,
real,300,gulf,8,Kalman,0,crossing,18,198,26.604186509626903,26.604186509626903,0.3215685963729888,,,,,,,,,,,,,,,,,,,,
real,300,gulf,8,Kalman,0,crossing,19,210,21.146779939817037,21.146779939817037,0.1501802784062931,,,,,,,,,,,,,,,,,,,,
real,300,gulf,8,Kalman,0,crossing,20,226,15.964038646759398,15.964038646759398,0.5962570839508283,,,,,,,,,,,,,,,,,,,,
real,300,gulf,8,Kalman,0,crossing,21,228,15.521368966601516,15.521368966601516,0.9996471361649935,,,,,,,,,,,,,,,,,,,,
real,300,gulf,8,Kalman,0,crossing,22,233,27.67445716949665,27.67445716949665,0.7223894258553424,,,,,,,,,,,,,,,,,,,,
real,300,gulf,8,Kalman,0,crossing,23,260,7.452539658277246,7.452539658277246,0.5354962888986673,,,,,,,,,,,,,,12.0,12.0,11.0,11.0,11.0,10.0,10.0
real,300,gulf,8,Kalman,0,crossing,24,265,2.798735455735266,2.798735455735266,0.4674361193238785,,,,,,,,,190.0,188.0,187.0,187.0,187.0,52.0,52.0,52.0,51.0,50.0,49.0,48.0
real,300,gulf,8,Kalman,0,crossing,25,268,25.056974188782423,25.056974188782423,0.28663155623980624,,,,,,,,,,,,,,,,,,196.0,196.0,196.0
real,300,gulf,8,Kalman,0,crossing,26,269,24.89190129112329,24.89190129112329,1.2544906589735085,,,,,,,,,,,,,,,,,,,,
real,300,gulf,8,Kalman,0,crossing,27,273,20.107085695080453,20.107085695080453,0.39427433184390875,,,,,,,,,,,,,,,,,,,,
real,300,gulf,8,Kalman,0,crossing,28,281,27.722108153990412,27.722108153990412,0.6979446212535928,,,,,,,,,,,,,,,,,,,,
real,300,gulf,8,Kalman,0,crossing,29,300,25.04882187368538,25.04882187368538,0.20987135516554603,,,,,,,,,,,,,,,,,,,,
real,300,gulf,8,Kalman,0,crossing,30,305,29.55653307602145,29.55653307602145,0.10317853968624675,,,,,,,,,,,,,451.0,451.0,450.0,450.0,450.0,449.0,449.0,449.0
real,300,gulf,8,Kalman,0,crossing,31,319,23.509158380390005,23.509158380390005,0.35959979055669145,,,,,,,,,,,,,,,,,,,,
real,300,gulf,8,Kalman,0,crossing,32,320,25.29331096556109,25.29331096556109,0.20992973618047084,,,,,,,,,,,,,,,,,,,,
real,300,gulf,8,Kalman,0,crossing,33,328,20.98469702923681,20.98469702923681,0.34375029109972977,,,,,,,,,,,,,,,,,,,,
real,300,gulf,8,Kalman,0,crossing,34,332,14.65416551681818,14.65416551681818,0.5664140673068753,,,,,,,,,,,,,,,,,,,,
real,300,gulf,8,Kalman,0,crossing,35,350,26.89163526063397,26.89163526063397,0.1566109194866676,,,,,,,,,,,,,,,,285.0,285.0,285.0,285.0,285.0
real,300,gulf,8,Kalman,0,crossing,36,352,21.204422616583035,21.204422616583035,0.4350413060422109,,,,,,,,,,,,,,,,,,,,
real,300,gulf,8,Kalman,0,crossing,37,353,26.89944041328231,26.89944041328231,0.45497586484384295,,,,,,,,,,,,,,,,43.0,43.0,43.0,43.0,43.0
real,300,gulf,8,Kalman,0,crossing,38,354,22.590579683274726,22.590579683274726,0.4847490602736013,,,,,,,,,,,,,,,,,,,,
real,300,gulf,8,Kalman,0,crossing,39,356,19.097389171362785,19.097389171362785,0.5837999220760901,,,,,,,,,,,,,,,,,,,,
real,300,gulf,8,Kalman,0,crossing,40,357,21.931944022182652,21.931944022182652,1.1189638707934542,,,,,,,,,,,,,,,,,,,,
real,300,gulf,8,Kalman,0,crossing,41,360,27.7392228671328,27.7392228671328,0.14723191063565128,,,,,,,,,,,,,,,,,,,,
real,300,gulf,8,Kalman,0,crossing,42,375,15.082563046161207,15.082563046161207,0.4512939447540166,,,,,,,,,,,,,,,,,,,,
real,300,gulf,8,Kalman,0,crossing,43,376,16.621525346774582,16.621525346774582,0.4875439629126882,,,,,,,,,,,,,,,,,,,,
real,300,gulf,8,Kalman,0,crossing,44,379,12.737786738461292,12.737786738461292,0.3861635163553013,,,,,,,,,,,,,,,,,,,,
real,300,gulf,8,Kalman,0,crossing,45,390,5.723878703507593,5.723878703507593,0.4951852240117614,,,,,,,,,,,,,,,70.0,70.0,69.0,68.0,67.0,66.0
real,300,gulf,8,Kalman,0,crossing,46,392,27.72981534278558,27.72981534278558,0.14136708767312797,,,,,,,,,,,,,,,,,,,,
real,300,gulf,8,Kalman,0,crossing,47,431,22.746637262696645,22.746637262696645,0.24635687169099865,,,,,,,,,,,,,,,,,,,,
real,300,gulf,8,Kalman,0,crossing,48,434,29.89984751502554,29.89984751502554,0.28820417646795476,,,,,,,,,,,,,,,,,,,,
real,300,gulf,8,Kalman,0,crossing,49,439,23.64290570039901,23.64290570039901,0.4650125098629971,,,,,,,,,,,,,,,,,,,,
real,300,gulf,8,Kalman,0,crossing,50,450,16.477129299602048,16.477129299602048,0.4971485674228934,,,,,,,,,,,,,,,,,,,,
real,300,gulf,8,Kalman,0,crossing,51,451,15.186844998115507,15.186844998115507,0.4686000053403285,,,,,,,,,,,,,,,,,,,,
real,300,gulf,8,Kalman,0,crossing,52,454,23.184931580435894,23.184931580435894,0.32359283391388705,,,,,,,,,,,,,,,165.0,165.0,165.0,165.0,165.0,165.0
real,300,gulf,8,Kalman,0,crossing,53,459,29.729909409531356,29.729909409531356,0.14855372978477413,,,,,,,,,,,,,,,,100.0,100.0,100.0,100.0,100.0
real,300,gulf,8,Kalman,0,crossing,54,466,17.385293109684977,17.385293109684977,0.47227205941549016,,,,,,,,,,,,,,,,,,,,
real,300,gulf,8,Kalman,0,crossing,55,482,26.32302532618891,26.32302532618891,0.042633591817114645,,,,,,,,,,,,,,,,,,,553.0,553.0
real,300,gulf,8,Kalman,0,crossing,56,488,29.23112180747541,29.23112180747541,1.2697059860833613,,,,,,,,,,,,,,,,,,,,
real,300,gulf,8,Kalman,0,crossing,57,498,4.6604462614447515,4.6604462614447515,0.4600099457679467,,,,,,,,,,,,,,125.0,125.0,124.0,123.0,121.0,120.0,117.0
real,300,gulf,8,LSTM-rec,0,buffer,0,1,20.8017040855639,20.8017040855639,0.39228662105015727,,,,,,,,,,,,,,,,,,,,
real,300,gulf,8,LSTM-rec,0,buffer,1,35,15.340507888694118,15.340507888694118,0.4116062050846804,,,,,,,,,,,,,,,,,,,,
real,300,gulf,8,LSTM-rec,0,buffer,2,37,8.828321443587955,8.828321443587955,1.3620741079405463,,,,,,,,,,,,,,,,,,,,
real,300,gulf,8,LSTM-rec,0,buffer,3,46,13.276812366684103,13.276812366684103,0.4523546036373182,,,,,,,,,,,,,,,,,,,,
real,300,gulf,8,LSTM-rec,0,buffer,4,62,8.396556931936296,8.396556931936296,1.2786629539358552,,,,,,,,,121.0,121.0,120.0,120.0,120.0,119.0,119.0,119.0,119.0,119.0,118.0,118.0
real,300,gulf,8,LSTM-rec,0,buffer,5,65,26.377825584413078,26.377825584413078,1.4004977090108017,,,,,,,,,,,,,,,,,,,,
real,300,gulf,8,LSTM-rec,0,buffer,6,77,9.808795356741728,9.808795356741728,1.2478008372632317,,,,,,,,,,,,,,,,,,,,
real,300,gulf,8,LSTM-rec,0,buffer,7,79,26.618563972639443,26.618563972639443,1.4229685319163434,,,,,,,,,,,,,,,,,,,,
real,300,gulf,8,LSTM-rec,0,buffer,8,87,22.432396256986827,22.432396256986827,0.3775960688687145,,,,,,,,,,,,,,,,,,,,
real,300,gulf,8,LSTM-rec,0,buffer,9,89,25.085520499282993,25.085520499282993,0.25760680811830866,,,,,,,,,,,,,,,,,,,,
real,300,gulf,8,LSTM-rec,0,buffer,10,91,26.75490705751315,26.75490705751315,0.2666595090605285,,,,,,,,,,,,,,,,,,,,
real,300,gulf,8,LSTM-rec,0,buffer,11,93,27.817192920627452,27.817192920627452,0.4333582210288748,,,,,,,,,,,,,,,,,,,,
real,300,gulf,8,LSTM-rec,0,buffer,12,94,3.765097001712832,3.765097001712832,0.536150355634149,,,,,,,,,,,,,,,,,,,,
real,300,gulf,8,LSTM-rec,0,buffer,13,103,20.01960140448338,20.01960140448338,0.4743476329125509,,,,,,,,,,,,,,,,,,,,
real,300,gulf,8,LSTM-rec,0,buffer,14,143,14.523869913386173,14.523869913386173,0.5899670350379019,,,,,,,,,,,,,,,,,,,,
real,300,gulf,8,LSTM-rec,0,buffer,15,159,6.08911276306061,6.08911276306061,1.3376489578769835,,,,,,,,,,,,,,,,,,,,
real,300,gulf,8,LSTM-rec,0,buffer,16,160,19.671454924714123,19.671454924714123,1.2403873384992785,,,,,,,,,,,,,,,,,,,,
real,300,gulf,8,LSTM-rec,0,buffer,17,190,20.20306449439684,20.20306449439684,0.31327715659609306,,,,,,,,,,,,,,,,,,,,
real,300,gulf,8,LSTM-rec,0,buffer,18,198,26.604186509626903,26.604186509626903,0.3215685963729888,,,,,,,,,,,,,,,,,,,,
real,300,gulf,8,LSTM-rec,0,buffer,19,210,21.146779939817037,21.146779939817037,0.1501802784062931,,,,,,,,,,,,,,,,,,,,
real,300,gulf,8,LSTM-rec,0,buffer,20,226,15.964038646759398,15.964038646759398,0.5962570839508283,,,,,,,,,,,,,,,,,,,,
real,300,gulf,8,LSTM-rec,0,buffer,21,228,15.521368966601516,15.521368966601516,0.9996471361649935,,,,,,,,,,,,,,,,,,,,
real,300,gulf,8,LSTM-rec,0,buffer,22,233,27.67445716949665,27.67445716949665,0.7223894258553424,,,,,,,,,,,,,,,,,,,,
real,300,gulf,8,LSTM-rec,0,buffer,23,260,7.452539658277246,7.452539658277246,0.5354962888986673,,,,,,,,,,,,,,,,,,,,
real,300,gulf,8,LSTM-rec,0,buffer,24,265,2.798735455735266,2.798735455735266,0.4674361193238785,,,,191.0,190.0,189.0,189.0,188.0,187.0,187.0,187.0,187.0,187.0,187.0,187.0,187.0,52.0,52.0,52.0,52.0
real,300,gulf,8,LSTM-rec,0,buffer,25,268,25.056974188782423,25.056974188782423,0.28663155623980624,,,,,,,,,,,,,,,,,,,,
real,300,gulf,8,LSTM-rec,0,buffer,26,269,24.89190129112329,24.89190129112329,1.2544906589735085,,,,,,,,,,,,,,,,,,,,
real,300,gulf,8,LSTM-rec,0,buffer,27,273,20.107085695080453,20.107085695080453,0.39427433184390875,,,,,,,,,,,,,,,,,,,,
real,300,gulf,8,LSTM-rec,0,buffer,28,281,27.722108153990412,27.722108153990412,0.6979446212535928,,,,,,,,,,,,,,,,,,,,
real,300,gulf,8,LSTM-rec,0,buffer,29,300,25.04882187368538,25.04882187368538,0.20987135516554603,,,,,,,,,,,,,,,,,,,,
real,300,gulf,8,LSTM-rec,0,buffer,30,305,29.55653307602145,29.55653307602145,0.10317853968624675,,,,,,,,,,,,,,,,,,,,
real,300,gulf,8,LSTM-rec,0,buffer,31,319,23.509158380390005,23.509158380390005,0.35959979055669145,,,,,,,,,,,,,,,,,,,,
real,300,gulf,8,LSTM-rec,0,buffer,32,320,25.29331096556109,25.29331096556109,0.20992973618047084,,,,,,,,,,,,,,,,,,,,
real,300,gulf,8,LSTM-rec,0,buffer,33,328,20.98469702923681,20.98469702923681,0.34375029109972977,,,,,,,,,,,,,,,,,,,,
real,300,gulf,8,LSTM-rec,0,buffer,34,332,14.65416551681818,14.65416551681818,0.5664140673068753,,,,,,,,,,,,,,,,,,,,
real,300,gulf,8,LSTM-rec,0,buffer,35,350,26.89163526063397,26.89163526063397,0.1566109194866676,,,,,,,,,,,,,,,,,,,,
real,300,gulf,8,LSTM-rec,0,buffer,36,352,21.204422616583035,21.204422616583035,0.4350413060422109,,,,,,,,,,,,,,,,,,,,
real,300,gulf,8,LSTM-rec,0,buffer,37,353,26.89944041328231,26.89944041328231,0.45497586484384295,,,,,,,,,,,,,,,,,,,,
real,300,gulf,8,LSTM-rec,0,buffer,38,354,22.590579683274726,22.590579683274726,0.4847490602736013,,,,,,,,,,,,,,,,,,,,
real,300,gulf,8,LSTM-rec,0,buffer,39,356,19.097389171362785,19.097389171362785,0.5837999220760901,,,,,,,,,,,,,,,,,,,,
real,300,gulf,8,LSTM-rec,0,buffer,40,357,21.931944022182652,21.931944022182652,1.1189638707934542,,,,,,,,,,,,,,,,,,,,
real,300,gulf,8,LSTM-rec,0,buffer,41,360,27.7392228671328,27.7392228671328,0.14723191063565128,,,,,,,,,,,,,,,,,,,,
real,300,gulf,8,LSTM-rec,0,buffer,42,375,15.082563046161207,15.082563046161207,0.4512939447540166,,,,,,,,,,,,,,,,,,,,
real,300,gulf,8,LSTM-rec,0,buffer,43,376,16.621525346774582,16.621525346774582,0.4875439629126882,,,,,,,,,,,,,,,,,,,,
real,300,gulf,8,LSTM-rec,0,buffer,44,379,12.737786738461292,12.737786738461292,0.3861635163553013,,,,,,,,,,,,,,,,,,,,
real,300,gulf,8,LSTM-rec,0,buffer,45,390,5.723878703507593,5.723878703507593,0.4951852240117614,,,,,,,,,,,,,,,,,,,,
real,300,gulf,8,LSTM-rec,0,buffer,46,392,27.72981534278558,27.72981534278558,0.14136708767312797,,,,,,,,,,,,,,,,,,,,
real,300,gulf,8,LSTM-rec,0,buffer,47,431,22.746637262696645,22.746637262696645,0.24635687169099865,,,,,,,,,,,,,,,,,,,,
real,300,gulf,8,LSTM-rec,0,buffer,48,434,29.89984751502554,29.89984751502554,0.28820417646795476,,,,,,,,,,,,,,,,,,,,
real,300,gulf,8,LSTM-rec,0,buffer,49,439,23.64290570039901,23.64290570039901,0.4650125098629971,,,,,,,,,,,,,,,,,,,,
real,300,gulf,8,LSTM-rec,0,buffer,50,450,16.477129299602048,16.477129299602048,0.4971485674228934,,,,,,,,,,,,,,,,,,,,
real,300,gulf,8,LSTM-rec,0,buffer,51,451,15.186844998115507,15.186844998115507,0.4686000053403285,,,,,,,,,,,,,,,,,,,,
real,300,gulf,8,LSTM-rec,0,buffer,52,454,23.184931580435894,23.184931580435894,0.32359283391388705,,,,,,,,,,,,,,,,,,,,
real,300,gulf,8,LSTM-rec,0,buffer,53,459,29.729909409531356,29.729909409531356,0.14855372978477413,,,,,,,,,,,,,,,,,,,,
real,300,gulf,8,LSTM-rec,0,buffer,54,466,17.385293109684977,17.385293109684977,0.47227205941549016,,,,,,,,,,,,,,,,,,,,
real,300,gulf,8,LSTM-rec,0,buffer,55,482,26.32302532618891,26.32302532618891,0.042633591817114645,,,,,,,,,,,,,,,,,,,,
real,300,gulf,8,LSTM-rec,0,buffer,56,488,29.23112180747541,29.23112180747541,1.2697059860833613,,,,,,,,,,,,,,,,,,,,
real,300,gulf,8,LSTM-rec,0,buffer,57,498,4.6604462614447515,4.6604462614447515,0.4600099457679467,,,,,,,,,,,,,,,,,125.0,125.0,125.0,125.0
real,300,gulf,8,LSTM-rec,0,crossing,0,1,20.8017040855639,20.8017040855639,0.39228662105015727,,,,,,,,,,,,,,,,,,,,
real,300,gulf,8,LSTM-rec,0,crossing,1,35,15.340507888694118,15.340507888694118,0.4116062050846804,,,,,,,,,,,,,,,,,,,,
real,300,gulf,8,LSTM-rec,0,crossing,2,37,8.828321443587955,8.828321443587955,1.3620741079405463,,,,,,,,,,,,,,,,,,,,
real,300,gulf,8,LSTM-rec,0,crossing,3,46,13.276812366684103,13.276812366684103,0.4523546036373182,,,,,,,,,,,,,,,,,,,,
real,300,gulf,8,LSTM-rec,0,crossing,4,62,8.396556931936296,8.396556931936296,1.2786629539358552,,,,,,,,,,,,,,121.0,121.0,121.0,120.0,120.0,120.0,120.0
real,300,gulf,8,LSTM-rec,0,crossing,5,65,26.377825584413078,26.377825584413078,1.4004977090108017,,,,,,,,,,,,,,,,,,,,
real,300,gulf,8,LSTM-rec,0,crossing,6,77,9.808795356741728,9.808795356741728,1.2478008372632317,,,,,,,,,,,,,,,,,,,,
real,300,gulf,8,LSTM-rec,0,crossing,7,79,26.618563972639443,26.618563972639443,1.4229685319163434,,,,,,,,,,,,,,,,,,,,
real,300,gulf,8,LSTM-rec,0,crossing,8,87,22.432396256986827,22.432396256986827,0.3775960688687145,,,,,,,,,,,,,,,,,,,,
real,300,gulf,8,LSTM-rec,0,crossing,9,89,25.085520499282993,25.085520499282993,0.25760680811830866,,,,,,,,,,,,,,,,,,,,
real,300,gulf,8,LSTM-rec,0,crossing,10,91,26.75490705751315,26.75490705751315,0.2666595090605285,,,,,,,,,,,,,,,,,,,,
real,300,gulf,8,LSTM-rec,0,crossing,11,93,27.817192920627452,27.817192920627452,0.4333582210288748,,,,,,,,,,,,,,,,,,,,
real,300,gulf,8,LSTM-rec,0,crossing,12,94,3.765097001712832,3.765097001712832,0.536150355634149,,,,,,,,,,,,,,,,,,,,
real,300,gulf,8,LSTM-rec,0,crossing,13,103,20.01960140448338,20.01960140448338,0.4743476329125509,,,,,,,,,,,,,,,,,,,,
real,300,gulf,8,LSTM-rec,0,crossing,14,143,14.523869913386173,14.523869913386173,0.5899670350379019,,,,,,,,,,,,,,,,,,,,
real,300,gulf,8,LSTM-rec,0,crossing,15,159,6.08911276306061,6.08911276306061,1.3376489578769835,,,,,,,,,,,,,,,,,,,,
real,300,gulf,8,LSTM-rec,0,crossing,16,160,19.671454924714123,19.671454924714123,1.2403873384992785,,,,,,,,,,,,,,,,,,,,
real,300,gulf,8,LSTM-rec,0,crossing,17,190,20.20306449439684,20.20306449439684,0.31327715659609306,,,,,,,,,,,,,,,,,,,,
real,300,gulf,8,LSTM-rec,0,crossing,18,198,26.604186509626903,26.604186509626903,0.3215685963729888,,,,,,,,,,,,,,,,,,,,
real,300,gulf,8,LSTM-rec,0,crossing,19,210,21.146779939817037,21.146779939817037,0.1501802784062931,,,,,,,,,,,,,,,,,,,,
real,300,gulf,8,LSTM-rec,0,crossing,20,226,15.964038646759398,15.964038646759398,0.5962570839508283,,,,,,,,,,,,,,,,,,,,
real,300,gulf,8,LSTM-rec,0,crossing,21,228,15.521368966601516,15.521368966601516,0.9996471361649935,,,,,,,,,,,,,,,,,,,,
real,300,gulf,8,LSTM-rec,0,crossing,22,233,27.67445716949665,27.67445716949665,0.7223894258553424,,,,,,,,,,,,,,,,,,,,
real,300,gulf,8,LSTM-rec,0,crossing,23,260,7.452539658277246,7.452539658277246,0.5354962888986673,,,,,,,,,,,,,,,,,,,,
real,300,gulf,8,LSTM-rec,0,crossing,24,265,2.798735455735266,2.798735455735266,0.4674361193238785,,,,,,,,,,,,,,,,,,,,
real,300,gulf,8,LSTM-rec,0,crossing,25,268,25.056974188782423,25.056974188782423,0.28663155623980624,,,,,,,,,,,,,,,,,,,,
real,300,gulf,8,LSTM-rec,0,crossing,26,269,24.89190129112329,24.89190129112329,1.2544906589735085,,,,,,,,,,,,,,,,,,,,
real,300,gulf,8,LSTM-rec,0,crossing,27,273,20.107085695080453,20.107085695080453,0.39427433184390875,,,,,,,,,,,,,,,,,,,,
real,300,gulf,8,LSTM-rec,0,crossing,28,281,27.722108153990412,27.722108153990412,0.6979446212535928,,,,,,,,,,,,,,,,,,,,
real,300,gulf,8,LSTM-rec,0,crossing,29,300,25.04882187368538,25.04882187368538,0.20987135516554603,,,,,,,,,,,,,,,,,,,,
real,300,gulf,8,LSTM-rec,0,crossing,30,305,29.55653307602145,29.55653307602145,0.10317853968624675,,,,,,,,,,,,,,,,,,,,
real,300,gulf,8,LSTM-rec,0,crossing,31,319,23.509158380390005,23.509158380390005,0.35959979055669145,,,,,,,,,,,,,,,,,,,,
real,300,gulf,8,LSTM-rec,0,crossing,32,320,25.29331096556109,25.29331096556109,0.20992973618047084,,,,,,,,,,,,,,,,,,,,
real,300,gulf,8,LSTM-rec,0,crossing,33,328,20.98469702923681,20.98469702923681,0.34375029109972977,,,,,,,,,,,,,,,,,,,,
real,300,gulf,8,LSTM-rec,0,crossing,34,332,14.65416551681818,14.65416551681818,0.5664140673068753,,,,,,,,,,,,,,,,,,,,
real,300,gulf,8,LSTM-rec,0,crossing,35,350,26.89163526063397,26.89163526063397,0.1566109194866676,,,,,,,,,,,,,,,,,,,,
real,300,gulf,8,LSTM-rec,0,crossing,36,352,21.204422616583035,21.204422616583035,0.4350413060422109,,,,,,,,,,,,,,,,,,,,
real,300,gulf,8,LSTM-rec,0,crossing,37,353,26.89944041328231,26.89944041328231,0.45497586484384295,,,,,,,,,,,,,,,,,,,,
real,300,gulf,8,LSTM-rec,0,crossing,38,354,22.590579683274726,22.590579683274726,0.4847490602736013,,,,,,,,,,,,,,,,,,,,
real,300,gulf,8,LSTM-rec,0,crossing,39,356,19.097389171362785,19.097389171362785,0.5837999220760901,,,,,,,,,,,,,,,,,,,,
real,300,gulf,8,LSTM-rec,0,crossing,40,357,21.931944022182652,21.931944022182652,1.1189638707934542,,,,,,,,,,,,,,,,,,,,
real,300,gulf,8,LSTM-rec,0,crossing,41,360,27.7392228671328,27.7392228671328,0.14723191063565128,,,,,,,,,,,,,,,,,,,,
real,300,gulf,8,LSTM-rec,0,crossing,42,375,15.082563046161207,15.082563046161207,0.4512939447540166,,,,,,,,,,,,,,,,,,,,
real,300,gulf,8,LSTM-rec,0,crossing,43,376,16.621525346774582,16.621525346774582,0.4875439629126882,,,,,,,,,,,,,,,,,,,,
real,300,gulf,8,LSTM-rec,0,crossing,44,379,12.737786738461292,12.737786738461292,0.3861635163553013,,,,,,,,,,,,,,,,,,,,
real,300,gulf,8,LSTM-rec,0,crossing,45,390,5.723878703507593,5.723878703507593,0.4951852240117614,,,,,,,,,,,,,,,,,,,,
real,300,gulf,8,LSTM-rec,0,crossing,46,392,27.72981534278558,27.72981534278558,0.14136708767312797,,,,,,,,,,,,,,,,,,,,
real,300,gulf,8,LSTM-rec,0,crossing,47,431,22.746637262696645,22.746637262696645,0.24635687169099865,,,,,,,,,,,,,,,,,,,,
real,300,gulf,8,LSTM-rec,0,crossing,48,434,29.89984751502554,29.89984751502554,0.28820417646795476,,,,,,,,,,,,,,,,,,,,
real,300,gulf,8,LSTM-rec,0,crossing,49,439,23.64290570039901,23.64290570039901,0.4650125098629971,,,,,,,,,,,,,,,,,,,,
real,300,gulf,8,LSTM-rec,0,crossing,50,450,16.477129299602048,16.477129299602048,0.4971485674228934,,,,,,,,,,,,,,,,,,,,
real,300,gulf,8,LSTM-rec,0,crossing,51,451,15.186844998115507,15.186844998115507,0.4686000053403285,,,,,,,,,,,,,,,,,,,,
real,300,gulf,8,LSTM-rec,0,crossing,52,454,23.184931580435894,23.184931580435894,0.32359283391388705,,,,,,,,,,,,,,,,,,,,
real,300,gulf,8,LSTM-rec,0,crossing,53,459,29.729909409531356,29.729909409531356,0.14855372978477413,,,,,,,,,,,,,,,,,,,,
real,300,gulf,8,LSTM-rec,0,crossing,54,466,17.385293109684977,17.385293109684977,0.47227205941549016,,,,,,,,,,,,,,,,,,,,
real,300,gulf,8,LSTM-rec,0,crossing,55,482,26.32302532618891,26.32302532618891,0.042633591817114645,,,,,,,,,,,,,,,,,,,,
real,300,gulf,8,LSTM-rec,0,crossing,56,488,29.23112180747541,29.23112180747541,1.2697059860833613,,,,,,,,,,,,,,,,,,,,
real,300,gulf,8,LSTM-rec,0,crossing,57,498,4.6604462614447515,4.6604462614447515,0.4600099457679467,,,,,,,,,,,,,,,,,,,,
real,300,gulf,8,LSTM-ms,0,buffer,0,1,20.8017040855639,20.8017040855639,0.39228662105015727,,,,,,,,,,,,,,,,,,,,
real,300,gulf,8,LSTM-ms,0,buffer,1,35,15.340507888694118,15.340507888694118,0.4116062050846804,,,,,,,,,,,,,,,,,,,,
real,300,gulf,8,LSTM-ms,0,buffer,2,37,8.828321443587955,8.828321443587955,1.3620741079405463,,,,,,,,,,,,,,,,,,,,
real,300,gulf,8,LSTM-ms,0,buffer,3,46,13.276812366684103,13.276812366684103,0.4523546036373182,,,,,,,,,,,,,,,,,,,,
real,300,gulf,8,LSTM-ms,0,buffer,4,62,8.396556931936296,8.396556931936296,1.2786629539358552,,,,,,,,,,121.0,121.0,121.0,120.0,120.0,120.0,119.0,119.0,119.0,118.0,118.0
real,300,gulf,8,LSTM-ms,0,buffer,5,65,26.377825584413078,26.377825584413078,1.4004977090108017,,,,,,,,,,,,,,,,,,,,
real,300,gulf,8,LSTM-ms,0,buffer,6,77,9.808795356741728,9.808795356741728,1.2478008372632317,,,,,,,,,,,,,,,,,,,,
real,300,gulf,8,LSTM-ms,0,buffer,7,79,26.618563972639443,26.618563972639443,1.4229685319163434,,,,,,,,,,,,,,,,,,,,
real,300,gulf,8,LSTM-ms,0,buffer,8,87,22.432396256986827,22.432396256986827,0.3775960688687145,,,,,,,,,,,,,,,,,,,,
real,300,gulf,8,LSTM-ms,0,buffer,9,89,25.085520499282993,25.085520499282993,0.25760680811830866,,,,,,,,,,,,,,,,,,,,
real,300,gulf,8,LSTM-ms,0,buffer,10,91,26.75490705751315,26.75490705751315,0.2666595090605285,,,,,,,,,,,,,,,,,,,,
real,300,gulf,8,LSTM-ms,0,buffer,11,93,27.817192920627452,27.817192920627452,0.4333582210288748,,,,,,,,,,,,,,,,,,,,
real,300,gulf,8,LSTM-ms,0,buffer,12,94,3.765097001712832,3.765097001712832,0.536150355634149,,,,,,,,,,,,,,,,,,,,
real,300,gulf,8,LSTM-ms,0,buffer,13,103,20.01960140448338,20.01960140448338,0.4743476329125509,,,,,,,,,,,,,,,,,,,,
real,300,gulf,8,LSTM-ms,0,buffer,14,143,14.523869913386173,14.523869913386173,0.5899670350379019,,,,,,,,,,,,,,,,,,,,
real,300,gulf,8,LSTM-ms,0,buffer,15,159,6.08911276306061,6.08911276306061,1.3376489578769835,,,,,,,,,,,,,,,,,,,,
real,300,gulf,8,LSTM-ms,0,buffer,16,160,19.671454924714123,19.671454924714123,1.2403873384992785,,,,,,,,,,,,,,,,,,,,
real,300,gulf,8,LSTM-ms,0,buffer,17,190,20.20306449439684,20.20306449439684,0.31327715659609306,,,,,,,,,,,,,,,,,,,,
real,300,gulf,8,LSTM-ms,0,buffer,18,198,26.604186509626903,26.604186509626903,0.3215685963729888,,,,,,,,,,,,,,,,,,,,
real,300,gulf,8,LSTM-ms,0,buffer,19,210,21.146779939817037,21.146779939817037,0.1501802784062931,,,,,,,,,,,,,,,,,,,,
real,300,gulf,8,LSTM-ms,0,buffer,20,226,15.964038646759398,15.964038646759398,0.5962570839508283,,,,,,,,,,,,,,,,,,,,
real,300,gulf,8,LSTM-ms,0,buffer,21,228,15.521368966601516,15.521368966601516,0.9996471361649935,,,,,,,,,,,,,,,,,,,,
real,300,gulf,8,LSTM-ms,0,buffer,22,233,27.67445716949665,27.67445716949665,0.7223894258553424,,,,,,,,,,,,,,,,,,,,
real,300,gulf,8,LSTM-ms,0,buffer,23,260,7.452539658277246,7.452539658277246,0.5354962888986673,,,,,,,,,,,,,,,,,,,,
real,300,gulf,8,LSTM-ms,0,buffer,24,265,2.798735455735266,2.798735455735266,0.4674361193238785,,,,,191.0,190.0,190.0,190.0,189.0,189.0,189.0,188.0,188.0,188.0,188.0,187.0,187.0,187.0,187.0,187.0
real,300,gulf,8,LSTM-ms,0,buffer,25,268,25.056974188782423,25.056974188782423,0.28663155623980624,,,,,,,,,,,,,,,,,,,,
real,300,gulf,8,LSTM-ms,0,buffer,26,269,24.89190129112329,24.89190129112329,1.2544906589735085,,,,,,,,,,,,,,,,,,,,
real,300,gulf,8,LSTM-ms,0,buffer,27,273,20.107085695080453,20.107085695080453,0.39427433184390875,,,,,,,,,,,,,,,,,,,,
real,300,gulf,8,LSTM-ms,0,buffer,28,281,27.722108153990412,27.722108153990412,0.6979446212535928,,,,,,,,,,,,,,,,,,,,
real,300,gulf,8,LSTM-ms,0,buffer,29,300,25.04882187368538,25.04882187368538,0.20987135516554603,,,,,,,,,,,,,,,,,,,,
real,300,gulf,8,LSTM-ms,0,buffer,30,305,29.55653307602145,29.55653307602145,0.10317853968624675,,,,,,,,,,,,,,,,,,,,
real,300,gulf,8,LSTM-ms,0,buffer,31,319,23.509158380390005,23.509158380390005,0.35959979055669145,,,,,,,,,,,,,,,,,,,,
real,300,gulf,8,LSTM-ms,0,buffer,32,320,25.29331096556109,25.29331096556109,0.20992973618047084,,,,,,,,,,,,,,,,,,,,
real,300,gulf,8,LSTM-ms,0,buffer,33,328,20.98469702923681,20.98469702923681,0.34375029109972977,,,,,,,,,,,,,,,,,,,,
real,300,gulf,8,LSTM-ms,0,buffer,34,332,14.65416551681818,14.65416551681818,0.5664140673068753,,,,,,,,,,,,,,,,,,,,
real,300,gulf,8,LSTM-ms,0,buffer,35,350,26.89163526063397,26.89163526063397,0.1566109194866676,,,,,,,,,,,,,,,,,,,,
real,300,gulf,8,LSTM-ms,0,buffer,36,352,21.204422616583035,21.204422616583035,0.4350413060422109,,,,,,,,,,,,,,,,,,,,
real,300,gulf,8,LSTM-ms,0,buffer,37,353,26.89944041328231,26.89944041328231,0.45497586484384295,,,,,,,,,,,,,,,,,,,,
real,300,gulf,8,LSTM-ms,0,buffer,38,354,22.590579683274726,22.590579683274726,0.4847490602736013,,,,,,,,,,,,,,,,,,,,
real,300,gulf,8,LSTM-ms,0,buffer,39,356,19.097389171362785,19.097389171362785,0.5837999220760901,,,,,,,,,,,,,,,,,,,,
real,300,gulf,8,LSTM-ms,0,buffer,40,357,21.931944022182652,21.931944022182652,1.1189638707934542,,,,,,,,,,,,,,,,,,,,
real,300,gulf,8,LSTM-ms,0,buffer,41,360,27.7392228671328,27.7392228671328,0.14723191063565128,,,,,,,,,,,,,,,,,,,,
real,300,gulf,8,LSTM-ms,0,buffer,42,375,15.082563046161207,15.082563046161207,0.4512939447540166,,,,,,,,,,,,,,,,,,,,
real,300,gulf,8,LSTM-ms,0,buffer,43,376,16.621525346774582,16.621525346774582,0.4875439629126882,,,,,,,,,,,,,,,,,,,,
real,300,gulf,8,LSTM-ms,0,buffer,44,379,12.737786738461292,12.737786738461292,0.3861635163553013,,,,,,,,,,,,,,,,,,,,
real,300,gulf,8,LSTM-ms,0,buffer,45,390,5.723878703507593,5.723878703507593,0.4951852240117614,,,,,,,,,,,,,,,,,,,,
real,300,gulf,8,LSTM-ms,0,buffer,46,392,27.72981534278558,27.72981534278558,0.14136708767312797,,,,,,,,,,,,,,,,,,,,
real,300,gulf,8,LSTM-ms,0,buffer,47,431,22.746637262696645,22.746637262696645,0.24635687169099865,,,,,,,,,,,,,,,,,,,,
real,300,gulf,8,LSTM-ms,0,buffer,48,434,29.89984751502554,29.89984751502554,0.28820417646795476,,,,,,,,,,,,,,,,,,,,
real,300,gulf,8,LSTM-ms,0,buffer,49,439,23.64290570039901,23.64290570039901,0.4650125098629971,,,,,,,,,,,,,,,,,,,,
real,300,gulf,8,LSTM-ms,0,buffer,50,450,16.477129299602048,16.477129299602048,0.4971485674228934,,,,,,,,,,,,,,,,,,,,
real,300,gulf,8,LSTM-ms,0,buffer,51,451,15.186844998115507,15.186844998115507,0.4686000053403285,,,,,,,,,,,,,,,,,,,,
real,300,gulf,8,LSTM-ms,0,buffer,52,454,23.184931580435894,23.184931580435894,0.32359283391388705,,,,,,,,,,,,,,,,,,,,
real,300,gulf,8,LSTM-ms,0,buffer,53,459,29.729909409531356,29.729909409531356,0.14855372978477413,,,,,,,,,,,,,,,,,,,,
real,300,gulf,8,LSTM-ms,0,buffer,54,466,17.385293109684977,17.385293109684977,0.47227205941549016,,,,,,,,,,,,,,,,,,,,
real,300,gulf,8,LSTM-ms,0,buffer,55,482,26.32302532618891,26.32302532618891,0.042633591817114645,,,,,,,,,,,,,,,,,,,,
real,300,gulf,8,LSTM-ms,0,buffer,56,488,29.23112180747541,29.23112180747541,1.2697059860833613,,,,,,,,,,,,,,,,,,,,
real,300,gulf,8,LSTM-ms,0,buffer,57,498,4.6604462614447515,4.6604462614447515,0.4600099457679467,,,,,,,,,,,,,,,,,,,,125.0
real,300,gulf,8,LSTM-ms,0,crossing,0,1,20.8017040855639,20.8017040855639,0.39228662105015727,,,,,,,,,,,,,,,,,,,,
real,300,gulf,8,LSTM-ms,0,crossing,1,35,15.340507888694118,15.340507888694118,0.4116062050846804,,,,,,,,,,,,,,,,,,,,
real,300,gulf,8,LSTM-ms,0,crossing,2,37,8.828321443587955,8.828321443587955,1.3620741079405463,,,,,,,,,,,,,,,,,,,,
real,300,gulf,8,LSTM-ms,0,crossing,3,46,13.276812366684103,13.276812366684103,0.4523546036373182,,,,,,,,,,,,,,,,,,,,
real,300,gulf,8,LSTM-ms,0,crossing,4,62,8.396556931936296,8.396556931936296,1.2786629539358552,,,,,,,,,,,,,,,121.0,121.0,121.0,120.0,120.0,120.0
real,300,gulf,8,LSTM-ms,0,crossing,5,65,26.377825584413078,26.377825584413078,1.4004977090108017,,,,,,,,,,,,,,,,,,,,
real,300,gulf,8,LSTM-ms,0,crossing,6,77,9.808795356741728,9.808795356741728,1.2478008372632317,,,,,,,,,,,,,,,,,,,,
real,300,gulf,8,LSTM-ms,0,crossing,7,79,26.618563972639443,26.618563972639443,1.4229685319163434,,,,,,,,,,,,,,,,,,,,
real,300,gulf,8,LSTM-ms,0,crossing,8,87,22.432396256986827,22.432396256986827,0.3775960688687145,,,,,,,,,,,,,,,,,,,,
real,300,gulf,8,LSTM-ms,0,crossing,9,89,25.085520499282993,25.085520499282993,0.25760680811830866,,,,,,,,,,,,,,,,,,,,
real,300,gulf,8,LSTM-ms,0,crossing,10,91,26.75490705751315,26.75490705751315,0.2666595090605285,,,,,,,,,,,,,,,,,,,,
real,300,gulf,8,LSTM-ms,0,crossing,11,93,27.817192920627452,27.817192920627452,0.4333582210288748,,,,,,,,,,,,,,,,,,,,
real,300,gulf,8,LSTM-ms,0,crossing,12,94,3.765097001712832,3.765097001712832,0.536150355634149,,,,,,,,,,,,,,,,,,,,
real,300,gulf,8,LSTM-ms,0,crossing,13,103,20.01960140448338,20.01960140448338,0.4743476329125509,,,,,,,,,,,,,,,,,,,,
real,300,gulf,8,LSTM-ms,0,crossing,14,143,14.523869913386173,14.523869913386173,0.5899670350379019,,,,,,,,,,,,,,,,,,,,
real,300,gulf,8,LSTM-ms,0,crossing,15,159,6.08911276306061,6.08911276306061,1.3376489578769835,,,,,,,,,,,,,,,,,,,,
real,300,gulf,8,LSTM-ms,0,crossing,16,160,19.671454924714123,19.671454924714123,1.2403873384992785,,,,,,,,,,,,,,,,,,,,
real,300,gulf,8,LSTM-ms,0,crossing,17,190,20.20306449439684,20.20306449439684,0.31327715659609306,,,,,,,,,,,,,,,,,,,,
real,300,gulf,8,LSTM-ms,0,crossing,18,198,26.604186509626903,26.604186509626903,0.3215685963729888,,,,,,,,,,,,,,,,,,,,
real,300,gulf,8,LSTM-ms,0,crossing,19,210,21.146779939817037,21.146779939817037,0.1501802784062931,,,,,,,,,,,,,,,,,,,,
real,300,gulf,8,LSTM-ms,0,crossing,20,226,15.964038646759398,15.964038646759398,0.5962570839508283,,,,,,,,,,,,,,,,,,,,
real,300,gulf,8,LSTM-ms,0,crossing,21,228,15.521368966601516,15.521368966601516,0.9996471361649935,,,,,,,,,,,,,,,,,,,,
real,300,gulf,8,LSTM-ms,0,crossing,22,233,27.67445716949665,27.67445716949665,0.7223894258553424,,,,,,,,,,,,,,,,,,,,
real,300,gulf,8,LSTM-ms,0,crossing,23,260,7.452539658277246,7.452539658277246,0.5354962888986673,,,,,,,,,,,,,,,,,,,,
real,300,gulf,8,LSTM-ms,0,crossing,24,265,2.798735455735266,2.798735455735266,0.4674361193238785,,,,,,,,,,,,,,,,,,,,
real,300,gulf,8,LSTM-ms,0,crossing,25,268,25.056974188782423,25.056974188782423,0.28663155623980624,,,,,,,,,,,,,,,,,,,,
real,300,gulf,8,LSTM-ms,0,crossing,26,269,24.89190129112329,24.89190129112329,1.2544906589735085,,,,,,,,,,,,,,,,,,,,
real,300,gulf,8,LSTM-ms,0,crossing,27,273,20.107085695080453,20.107085695080453,0.39427433184390875,,,,,,,,,,,,,,,,,,,,
real,300,gulf,8,LSTM-ms,0,crossing,28,281,27.722108153990412,27.722108153990412,0.6979446212535928,,,,,,,,,,,,,,,,,,,,
real,300,gulf,8,LSTM-ms,0,crossing,29,300,25.04882187368538,25.04882187368538,0.20987135516554603,,,,,,,,,,,,,,,,,,,,
real,300,gulf,8,LSTM-ms,0,crossing,30,305,29.55653307602145,29.55653307602145,0.10317853968624675,,,,,,,,,,,,,,,,,,,,
real,300,gulf,8,LSTM-ms,0,crossing,31,319,23.509158380390005,23.509158380390005,0.35959979055669145,,,,,,,,,,,,,,,,,,,,
real,300,gulf,8,LSTM-ms,0,crossing,32,320,25.29331096556109,25.29331096556109,0.20992973618047084,,,,,,,,,,,,,,,,,,,,
real,300,gulf,8,LSTM-ms,0,crossing,33,328,20.98469702923681,20.98469702923681,0.34375029109972977,,,,,,,,,,,,,,,,,,,,
real,300,gulf,8,LSTM-ms,0,crossing,34,332,14.65416551681818,14.65416551681818,0.5664140673068753,,,,,,,,,,,,,,,,,,,,
real,300,gulf,8,LSTM-ms,0,crossing,35,350,26.89163526063397,26.89163526063397,0.1566109194866676,,,,,,,,,,,,,,,,,,,,
real,300,gulf,8,LSTM-ms,0,crossing,36,352,21.204422616583035,21.204422616583035,0.4350413060422109,,,,,,,,,,,,,,,,,,,,
real,300,gulf,8,LSTM-ms,0,crossing,37,353,26.89944041328231,26.89944041328231,0.45497586484384295,,,,,,,,,,,,,,,,,,,,
real,300,gulf,8,LSTM-ms,0,crossing,38,354,22.590579683274726,22.590579683274726,0.4847490602736013,,,,,,,,,,,,,,,,,,,,
real,300,gulf,8,LSTM-ms,0,crossing,39,356,19.097389171362785,19.097389171362785,0.5837999220760901,,,,,,,,,,,,,,,,,,,,
real,300,gulf,8,LSTM-ms,0,crossing,40,357,21.931944022182652,21.931944022182652,1.1189638707934542,,,,,,,,,,,,,,,,,,,,
real,300,gulf,8,LSTM-ms,0,crossing,41,360,27.7392228671328,27.7392228671328,0.14723191063565128,,,,,,,,,,,,,,,,,,,,
real,300,gulf,8,LSTM-ms,0,crossing,42,375,15.082563046161207,15.082563046161207,0.4512939447540166,,,,,,,,,,,,,,,,,,,,
real,300,gulf,8,LSTM-ms,0,crossing,43,376,16.621525346774582,16.621525346774582,0.4875439629126882,,,,,,,,,,,,,,,,,,,,
real,300,gulf,8,LSTM-ms,0,crossing,44,379,12.737786738461292,12.737786738461292,0.3861635163553013,,,,,,,,,,,,,,,,,,,,
real,300,gulf,8,LSTM-ms,0,crossing,45,390,5.723878703507593,5.723878703507593,0.4951852240117614,,,,,,,,,,,,,,,,,,,,
real,300,gulf,8,LSTM-ms,0,crossing,46,392,27.72981534278558,27.72981534278558,0.14136708767312797,,,,,,,,,,,,,,,,,,,,
real,300,gulf,8,LSTM-ms,0,crossing,47,431,22.746637262696645,22.746637262696645,0.24635687169099865,,,,,,,,,,,,,,,,,,,,
real,300,gulf,8,LSTM-ms,0,crossing,48,434,29.89984751502554,29.89984751502554,0.28820417646795476,,,,,,,,,,,,,,,,,,,,
real,300,gulf,8,LSTM-ms,0,crossing,49,439,23.64290570039901,23.64290570039901,0.4650125098629971,,,,,,,,,,,,,,,,,,,,
real,300,gulf,8,LSTM-ms,0,crossing,50,450,16.477129299602048,16.477129299602048,0.4971485674228934,,,,,,,,,,,,,,,,,,,,
real,300,gulf,8,LSTM-ms,0,crossing,51,451,15.186844998115507,15.186844998115507,0.4686000053403285,,,,,,,,,,,,,,,,,,,,
real,300,gulf,8,LSTM-ms,0,crossing,52,454,23.184931580435894,23.184931580435894,0.32359283391388705,,,,,,,,,,,,,,,,,,,,
real,300,gulf,8,LSTM-ms,0,crossing,53,459,29.729909409531356,29.729909409531356,0.14855372978477413,,,,,,,,,,,,,,,,,,,,
real,300,gulf,8,LSTM-ms,0,crossing,54,466,17.385293109684977,17.385293109684977,0.47227205941549016,,,,,,,,,,,,,,,,,,,,
real,300,gulf,8,LSTM-ms,0,crossing,55,482,26.32302532618891,26.32302532618891,0.042633591817114645,,,,,,,,,,,,,,,,,,,,
real,300,gulf,8,LSTM-ms,0,crossing,56,488,29.23112180747541,29.23112180747541,1.2697059860833613,,,,,,,,,,,,,,,,,,,,
real,300,gulf,8,LSTM-ms,0,crossing,57,498,4.6604462614447515,4.6604462614447515,0.4600099457679467,,,,,,,,,,,,,,,,,,,,
real,300,gulf,8,LSTM-rec,1,buffer,0,1,20.8017040855639,20.8017040855639,0.39228662105015727,,,,,,,,,,,,,,,,,,,,
real,300,gulf,8,LSTM-rec,1,buffer,1,35,15.340507888694118,15.340507888694118,0.4116062050846804,,,,,,,,,,,,,,,,,,,,
real,300,gulf,8,LSTM-rec,1,buffer,2,37,8.828321443587955,8.828321443587955,1.3620741079405463,,,,,,,,,,,,,,,,,,,,
real,300,gulf,8,LSTM-rec,1,buffer,3,46,13.276812366684103,13.276812366684103,0.4523546036373182,,,,,,,,,,,,,,,,,,,,
real,300,gulf,8,LSTM-rec,1,buffer,4,62,8.396556931936296,8.396556931936296,1.2786629539358552,,,,,,,,121.0,121.0,120.0,120.0,119.0,119.0,118.0,118.0,118.0,118.0,117.0,117.0,117.0
real,300,gulf,8,LSTM-rec,1,buffer,5,65,26.377825584413078,26.377825584413078,1.4004977090108017,,,,,,,,,,,,,,,,,,,,
real,300,gulf,8,LSTM-rec,1,buffer,6,77,9.808795356741728,9.808795356741728,1.2478008372632317,,,,,,,,,,,,,,,,,,,,
real,300,gulf,8,LSTM-rec,1,buffer,7,79,26.618563972639443,26.618563972639443,1.4229685319163434,,,,,,,,,,,,,,,,,,,,
real,300,gulf,8,LSTM-rec,1,buffer,8,87,22.432396256986827,22.432396256986827,0.3775960688687145,,,,,,,,,,,,,,,,,,,,
real,300,gulf,8,LSTM-rec,1,buffer,9,89,25.085520499282993,25.085520499282993,0.25760680811830866,,,,,,,,,,,,,,,,,,,,
real,300,gulf,8,LSTM-rec,1,buffer,10,91,26.75490705751315,26.75490705751315,0.2666595090605285,,,,,,,,,,,,,,,,,,,,
real,300,gulf,8,LSTM-rec,1,buffer,11,93,27.817192920627452,27.817192920627452,0.4333582210288748,,,,,,,,,,,,,,,,,,,,
real,300,gulf,8,LSTM-rec,1,buffer,12,94,3.765097001712832,3.765097001712832,0.536150355634149,,,,,,,,,,,,22.0,21.0,20.0,19.0,19.0,16.0,16.0,15.0,15.0
real,300,gulf,8,LSTM-rec,1,buffer,13,103,20.01960140448338,20.01960140448338,0.4743476329125509,,,,,,,,,,,,,,,,,,,,
real,300,gulf,8,LSTM-rec,1,buffer,14,143,14.523869913386173,14.523869913386173,0.5899670350379019,,,,,,,,,,,,,,,,,,,,
real,300,gulf,8,LSTM-rec,1,buffer,15,159,6.08911276306061,6.08911276306061,1.3376489578769835,,,,,,,,,,,,,,,112.0,112.0,111.0,111.0,110.0,109.0
real,300,gulf,8,LSTM-rec,1,buffer,16,160,19.671454924714123,19.671454924714123,1.2403873384992785,,,,,,,,,,,,,,,,,,,,
real,300,gulf,8,LSTM-rec,1,buffer,17,190,20.20306449439684,20.20306449439684,0.31327715659609306,,,,,,,,,,,,,,,,,,,,
real,300,gulf,8,LSTM-rec,1,buffer,18,198,26.604186509626903,26.604186509626903,0.3215685963729888,,,,,,,,,,,,,,,,,,,,
real,300,gulf,8,LSTM-rec,1,buffer,19,210,21.146779939817037,21.146779939817037,0.1501802784062931,,,,,,,,,,,,,,,,,,,,
real,300,gulf,8,LSTM-rec,1,buffer,20,226,15.964038646759398,15.964038646759398,0.5962570839508283,,,,,,,,,,,,,,,,,,,,
real,300,gulf,8,LSTM-rec,1,buffer,21,228,15.521368966601516,15.521368966601516,0.9996471361649935,,,,,,,,,,,,,,,,,,,,
real,300,gulf,8,LSTM-rec,1,buffer,22,233,27.67445716949665,27.67445716949665,0.7223894258553424,,,,,,,,,,,,,,,,,,,,
real,300,gulf,8,LSTM-rec,1,buffer,23,260,7.452539658277246,7.452539658277246,0.5354962888986673,,,,,,,,,,,,,,,,,21.0,21.0,21.0,21.0
real,300,gulf,8,LSTM-rec,1,buffer,24,265,2.798735455735266,2.798735455735266,0.4674361193238785,,,,190.0,189.0,188.0,187.0,187.0,187.0,52.0,52.0,52.0,52.0,51.0,51.0,50.0,50.0,49.0,48.0,48.0
real,300,gulf,8,LSTM-rec,1,buffer,25,268,25.056974188782423,25.056974188782423,0.28663155623980624,,,,,,,,,,,,,,,,,,,,
real,300,gulf,8,LSTM-rec,1,buffer,26,269,24.89190129112329,24.89190129112329,1.2544906589735085,,,,,,,,,,,,,,,,,,,,
real,300,gulf,8,LSTM-rec,1,buffer,27,273,20.107085695080453,20.107085695080453,0.39427433184390875,,,,,,,,,,,,,,,,,,,,
real,300,gulf,8,LSTM-rec,1,buffer,28,281,27.722108153990412,27.722108153990412,0.6979446212535928,,,,,,,,,,,,,,,,,,,,
real,300,gulf,8,LSTM-rec,1,buffer,29,300,25.04882187368538,25.04882187368538,0.20987135516554603,,,,,,,,,,,,,,,,,,,,
real,300,gulf,8,LSTM-rec,1,buffer,30,305,29.55653307602145,29.55653307602145,0.10317853968624675,,,,,,,,,,,,,,,,,,,,
real,300,gulf,8,LSTM-rec,1,buffer,31,319,23.509158380390005,23.509158380390005,0.35959979055669145,,,,,,,,,,,,,,,,,,,,
real,300,gulf,8,LSTM-rec,1,buffer,32,320,25.29331096556109,25.29331096556109,0.20992973618047084,,,,,,,,,,,,,,,,,,,,
real,300,gulf,8,LSTM-rec,1,buffer,33,328,20.98469702923681,20.98469702923681,0.34375029109972977,,,,,,,,,,,,,,,,,,,,
real,300,gulf,8,LSTM-rec,1,buffer,34,332,14.65416551681818,14.65416551681818,0.5664140673068753,,,,,,,,,,,,,,,,,,,,
real,300,gulf,8,LSTM-rec,1,buffer,35,350,26.89163526063397,26.89163526063397,0.1566109194866676,,,,,,,,,,,,,,,,,,,,
real,300,gulf,8,LSTM-rec,1,buffer,36,352,21.204422616583035,21.204422616583035,0.4350413060422109,,,,,,,,,,,,,,,,,,,,
real,300,gulf,8,LSTM-rec,1,buffer,37,353,26.89944041328231,26.89944041328231,0.45497586484384295,,,,,,,,,,,,,,,,,,,,
real,300,gulf,8,LSTM-rec,1,buffer,38,354,22.590579683274726,22.590579683274726,0.4847490602736013,,,,,,,,,,,,,,,,,,,,
real,300,gulf,8,LSTM-rec,1,buffer,39,356,19.097389171362785,19.097389171362785,0.5837999220760901,,,,,,,,,,,,,,,,,,,,
real,300,gulf,8,LSTM-rec,1,buffer,40,357,21.931944022182652,21.931944022182652,1.1189638707934542,,,,,,,,,,,,,,,,,,,,
real,300,gulf,8,LSTM-rec,1,buffer,41,360,27.7392228671328,27.7392228671328,0.14723191063565128,,,,,,,,,,,,,,,,,,,,
real,300,gulf,8,LSTM-rec,1,buffer,42,375,15.082563046161207,15.082563046161207,0.4512939447540166,,,,,,,,,,,,,,,,,,,,
real,300,gulf,8,LSTM-rec,1,buffer,43,376,16.621525346774582,16.621525346774582,0.4875439629126882,,,,,,,,,,,,,,,,,,,,
real,300,gulf,8,LSTM-rec,1,buffer,44,379,12.737786738461292,12.737786738461292,0.3861635163553013,,,,,,,,,,,,,,,,,,,,
real,300,gulf,8,LSTM-rec,1,buffer,45,390,5.723878703507593,5.723878703507593,0.4951852240117614,,,,,,,,,,,,,,70.0,70.0,69.0,69.0,68.0,68.0,67.0
real,300,gulf,8,LSTM-rec,1,buffer,46,392,27.72981534278558,27.72981534278558,0.14136708767312797,,,,,,,,,,,,,,,,,,,,
real,300,gulf,8,LSTM-rec,1,buffer,47,431,22.746637262696645,22.746637262696645,0.24635687169099865,,,,,,,,,,,,,,,,,,,,
real,300,gulf,8,LSTM-rec,1,buffer,48,434,29.89984751502554,29.89984751502554,0.28820417646795476,,,,,,,,,,,,,,,,,,,,
real,300,gulf,8,LSTM-rec,1,buffer,49,439,23.64290570039901,23.64290570039901,0.4650125098629971,,,,,,,,,,,,,,,,,,,,
real,300,gulf,8,LSTM-rec,1,buffer,50,450,16.477129299602048,16.477129299602048,0.4971485674228934,,,,,,,,,,,,,,,,,,,,
real,300,gulf,8,LSTM-rec,1,buffer,51,451,15.186844998115507,15.186844998115507,0.4686000053403285,,,,,,,,,,,,,,,,,,,,
real,300,gulf,8,LSTM-rec,1,buffer,52,454,23.184931580435894,23.184931580435894,0.32359283391388705,,,,,,,,,,,,,,,,,,,,
real,300,gulf,8,LSTM-rec,1,buffer,53,459,29.729909409531356,29.729909409531356,0.14855372978477413,,,,,,,,,,,,,,,,,,,,
real,300,gulf,8,LSTM-rec,1,buffer,54,466,17.385293109684977,17.385293109684977,0.47227205941549016,,,,,,,,,,,,,,,,,,,,
real,300,gulf,8,LSTM-rec,1,buffer,55,482,26.32302532618891,26.32302532618891,0.042633591817114645,,,,,,,,,,,,,,,,,,,,
real,300,gulf,8,LSTM-rec,1,buffer,56,488,29.23112180747541,29.23112180747541,1.2697059860833613,,,,,,,,,,,,,,,,,,,,
real,300,gulf,8,LSTM-rec,1,buffer,57,498,4.6604462614447515,4.6604462614447515,0.4600099457679467,,,,,,,,,,125.0,125.0,125.0,125.0,124.0,123.0,123.0,123.0,122.0,121.0,121.0
real,300,gulf,8,LSTM-rec,1,crossing,0,1,20.8017040855639,20.8017040855639,0.39228662105015727,,,,,,,,,,,,,,,,,,,,
real,300,gulf,8,LSTM-rec,1,crossing,1,35,15.340507888694118,15.340507888694118,0.4116062050846804,,,,,,,,,,,,,,,,,,,,
real,300,gulf,8,LSTM-rec,1,crossing,2,37,8.828321443587955,8.828321443587955,1.3620741079405463,,,,,,,,,,,,,,,,,,,,
real,300,gulf,8,LSTM-rec,1,crossing,3,46,13.276812366684103,13.276812366684103,0.4523546036373182,,,,,,,,,,,,,,,,,,,,
real,300,gulf,8,LSTM-rec,1,crossing,4,62,8.396556931936296,8.396556931936296,1.2786629539358552,,,,,,,,,,,,121.0,121.0,120.0,120.0,119.0,119.0,119.0,118.0,118.0
real,300,gulf,8,LSTM-rec,1,crossing,5,65,26.377825584413078,26.377825584413078,1.4004977090108017,,,,,,,,,,,,,,,,,,,,
real,300,gulf,8,LSTM-rec,1,crossing,6,77,9.808795356741728,9.808795356741728,1.2478008372632317,,,,,,,,,,,,,,,,,,,,
real,300,gulf,8,LSTM-rec,1,crossing,7,79,26.618563972639443,26.618563972639443,1.4229685319163434,,,,,,,,,,,,,,,,,,,,
real,300,gulf,8,LSTM-rec,1,crossing,8,87,22.432396256986827,22.432396256986827,0.3775960688687145,,,,,,,,,,,,,,,,,,,,
real,300,gulf,8,LSTM-rec,1,crossing,9,89,25.085520499282993,25.085520499282993,0.25760680811830866,,,,,,,,,,,,,,,,,,,,
real,300,gulf,8,LSTM-rec,1,crossing,10,91,26.75490705751315,26.75490705751315,0.2666595090605285,,,,,,,,,,,,,,,,,,,,
real,300,gulf,8,LSTM-rec,1,crossing,11,93,27.817192920627452,27.817192920627452,0.4333582210288748,,,,,,,,,,,,,,,,,,,,
real,300,gulf,8,LSTM-rec,1,crossing,12,94,3.765097001712832,3.765097001712832,0.536150355634149,,,,,,,,,,,,,,,,,,,,
real,300,gulf,8,LSTM-rec,1,crossing,13,103,20.01960140448338,20.01960140448338,0.4743476329125509,,,,,,,,,,,,,,,,,,,,
real,300,gulf,8,LSTM-rec,1,crossing,14,143,14.523869913386173,14.523869913386173,0.5899670350379019,,,,,,,,,,,,,,,,,,,,
real,300,gulf,8,LSTM-rec,1,crossing,15,159,6.08911276306061,6.08911276306061,1.3376489578769835,,,,,,,,,,,,,,,,,,,,
real,300,gulf,8,LSTM-rec,1,crossing,16,160,19.671454924714123,19.671454924714123,1.2403873384992785,,,,,,,,,,,,,,,,,,,,
real,300,gulf,8,LSTM-rec,1,crossing,17,190,20.20306449439684,20.20306449439684,0.31327715659609306,,,,,,,,,,,,,,,,,,,,
real,300,gulf,8,LSTM-rec,1,crossing,18,198,26.604186509626903,26.604186509626903,0.3215685963729888,,,,,,,,,,,,,,,,,,,,
real,300,gulf,8,LSTM-rec,1,crossing,19,210,21.146779939817037,21.146779939817037,0.1501802784062931,,,,,,,,,,,,,,,,,,,,
real,300,gulf,8,LSTM-rec,1,crossing,20,226,15.964038646759398,15.964038646759398,0.5962570839508283,,,,,,,,,,,,,,,,,,,,
real,300,gulf,8,LSTM-rec,1,crossing,21,228,15.521368966601516,15.521368966601516,0.9996471361649935,,,,,,,,,,,,,,,,,,,,
real,300,gulf,8,LSTM-rec,1,crossing,22,233,27.67445716949665,27.67445716949665,0.7223894258553424,,,,,,,,,,,,,,,,,,,,
real,300,gulf,8,LSTM-rec,1,crossing,23,260,7.452539658277246,7.452539658277246,0.5354962888986673,,,,,,,,,,,,,,,,,,,,
real,300,gulf,8,LSTM-rec,1,crossing,24,265,2.798735455735266,2.798735455735266,0.4674361193238785,,,,,,,,,,,,190.0,190.0,189.0,187.0,187.0,187.0,187.0,187.0,52.0
real,300,gulf,8,LSTM-rec,1,crossing,25,268,25.056974188782423,25.056974188782423,0.28663155623980624,,,,,,,,,,,,,,,,,,,,
real,300,gulf,8,LSTM-rec,1,crossing,26,269,24.89190129112329,24.89190129112329,1.2544906589735085,,,,,,,,,,,,,,,,,,,,
real,300,gulf,8,LSTM-rec,1,crossing,27,273,20.107085695080453,20.107085695080453,0.39427433184390875,,,,,,,,,,,,,,,,,,,,
real,300,gulf,8,LSTM-rec,1,crossing,28,281,27.722108153990412,27.722108153990412,0.6979446212535928,,,,,,,,,,,,,,,,,,,,
real,300,gulf,8,LSTM-rec,1,crossing,29,300,25.04882187368538,25.04882187368538,0.20987135516554603,,,,,,,,,,,,,,,,,,,,
real,300,gulf,8,LSTM-rec,1,crossing,30,305,29.55653307602145,29.55653307602145,0.10317853968624675,,,,,,,,,,,,,,,,,,,,
real,300,gulf,8,LSTM-rec,1,crossing,31,319,23.509158380390005,23.509158380390005,0.35959979055669145,,,,,,,,,,,,,,,,,,,,
real,300,gulf,8,LSTM-rec,1,crossing,32,320,25.29331096556109,25.29331096556109,0.20992973618047084,,,,,,,,,,,,,,,,,,,,
real,300,gulf,8,LSTM-rec,1,crossing,33,328,20.98469702923681,20.98469702923681,0.34375029109972977,,,,,,,,,,,,,,,,,,,,
real,300,gulf,8,LSTM-rec,1,crossing,34,332,14.65416551681818,14.65416551681818,0.5664140673068753,,,,,,,,,,,,,,,,,,,,
real,300,gulf,8,LSTM-rec,1,crossing,35,350,26.89163526063397,26.89163526063397,0.1566109194866676,,,,,,,,,,,,,,,,,,,,
real,300,gulf,8,LSTM-rec,1,crossing,36,352,21.204422616583035,21.204422616583035,0.4350413060422109,,,,,,,,,,,,,,,,,,,,
real,300,gulf,8,LSTM-rec,1,crossing,37,353,26.89944041328231,26.89944041328231,0.45497586484384295,,,,,,,,,,,,,,,,,,,,
real,300,gulf,8,LSTM-rec,1,crossing,38,354,22.590579683274726,22.590579683274726,0.4847490602736013,,,,,,,,,,,,,,,,,,,,
real,300,gulf,8,LSTM-rec,1,crossing,39,356,19.097389171362785,19.097389171362785,0.5837999220760901,,,,,,,,,,,,,,,,,,,,
real,300,gulf,8,LSTM-rec,1,crossing,40,357,21.931944022182652,21.931944022182652,1.1189638707934542,,,,,,,,,,,,,,,,,,,,
real,300,gulf,8,LSTM-rec,1,crossing,41,360,27.7392228671328,27.7392228671328,0.14723191063565128,,,,,,,,,,,,,,,,,,,,
real,300,gulf,8,LSTM-rec,1,crossing,42,375,15.082563046161207,15.082563046161207,0.4512939447540166,,,,,,,,,,,,,,,,,,,,
real,300,gulf,8,LSTM-rec,1,crossing,43,376,16.621525346774582,16.621525346774582,0.4875439629126882,,,,,,,,,,,,,,,,,,,,
real,300,gulf,8,LSTM-rec,1,crossing,44,379,12.737786738461292,12.737786738461292,0.3861635163553013,,,,,,,,,,,,,,,,,,,,
real,300,gulf,8,LSTM-rec,1,crossing,45,390,5.723878703507593,5.723878703507593,0.4951852240117614,,,,,,,,,,,,,,,,,,,,
real,300,gulf,8,LSTM-rec,1,crossing,46,392,27.72981534278558,27.72981534278558,0.14136708767312797,,,,,,,,,,,,,,,,,,,,
real,300,gulf,8,LSTM-rec,1,crossing,47,431,22.746637262696645,22.746637262696645,0.24635687169099865,,,,,,,,,,,,,,,,,,,,
real,300,gulf,8,LSTM-rec,1,crossing,48,434,29.89984751502554,29.89984751502554,0.28820417646795476,,,,,,,,,,,,,,,,,,,,
real,300,gulf,8,LSTM-rec,1,crossing,49,439,23.64290570039901,23.64290570039901,0.4650125098629971,,,,,,,,,,,,,,,,,,,,
real,300,gulf,8,LSTM-rec,1,crossing,50,450,16.477129299602048,16.477129299602048,0.4971485674228934,,,,,,,,,,,,,,,,,,,,
real,300,gulf,8,LSTM-rec,1,crossing,51,451,15.186844998115507,15.186844998115507,0.4686000053403285,,,,,,,,,,,,,,,,,,,,
real,300,gulf,8,LSTM-rec,1,crossing,52,454,23.184931580435894,23.184931580435894,0.32359283391388705,,,,,,,,,,,,,,,,,,,,
real,300,gulf,8,LSTM-rec,1,crossing,53,459,29.729909409531356,29.729909409531356,0.14855372978477413,,,,,,,,,,,,,,,,,,,,
real,300,gulf,8,LSTM-rec,1,crossing,54,466,17.385293109684977,17.385293109684977,0.47227205941549016,,,,,,,,,,,,,,,,,,,,
real,300,gulf,8,LSTM-rec,1,crossing,55,482,26.32302532618891,26.32302532618891,0.042633591817114645,,,,,,,,,,,,,,,,,,,,
real,300,gulf,8,LSTM-rec,1,crossing,56,488,29.23112180747541,29.23112180747541,1.2697059860833613,,,,,,,,,,,,,,,,,,,,
real,300,gulf,8,LSTM-rec,1,crossing,57,498,4.6604462614447515,4.6604462614447515,0.4600099457679467,,,,,,,,,,,,,,,,,,,,125.0
real,300,gulf,8,LSTM-ms,1,buffer,0,1,20.8017040855639,20.8017040855639,0.39228662105015727,,,,,,,,,,,,,,,,,,,,
real,300,gulf,8,LSTM-ms,1,buffer,1,35,15.340507888694118,15.340507888694118,0.4116062050846804,,,,,,,,,,,,,,,,,,,,
real,300,gulf,8,LSTM-ms,1,buffer,2,37,8.828321443587955,8.828321443587955,1.3620741079405463,,,,,,,,,,,,,,,,,,,,
real,300,gulf,8,LSTM-ms,1,buffer,3,46,13.276812366684103,13.276812366684103,0.4523546036373182,,,,,,,,,,,,,,,,,,,,
real,300,gulf,8,LSTM-ms,1,buffer,4,62,8.396556931936296,8.396556931936296,1.2786629539358552,,,,,,,,,121.0,121.0,120.0,120.0,120.0,119.0,119.0,119.0,118.0,118.0,118.0,118.0
real,300,gulf,8,LSTM-ms,1,buffer,5,65,26.377825584413078,26.377825584413078,1.4004977090108017,,,,,,,,,,,,,,,,,,,,
real,300,gulf,8,LSTM-ms,1,buffer,6,77,9.808795356741728,9.808795356741728,1.2478008372632317,,,,,,,,,,,,,,,,,,,,
real,300,gulf,8,LSTM-ms,1,buffer,7,79,26.618563972639443,26.618563972639443,1.4229685319163434,,,,,,,,,,,,,,,,,,,,
real,300,gulf,8,LSTM-ms,1,buffer,8,87,22.432396256986827,22.432396256986827,0.3775960688687145,,,,,,,,,,,,,,,,,,,,
real,300,gulf,8,LSTM-ms,1,buffer,9,89,25.085520499282993,25.085520499282993,0.25760680811830866,,,,,,,,,,,,,,,,,,,,
real,300,gulf,8,LSTM-ms,1,buffer,10,91,26.75490705751315,26.75490705751315,0.2666595090605285,,,,,,,,,,,,,,,,,,,,
real,300,gulf,8,LSTM-ms,1,buffer,11,93,27.817192920627452,27.817192920627452,0.4333582210288748,,,,,,,,,,,,,,,,,,,,
real,300,gulf,8,LSTM-ms,1,buffer,12,94,3.765097001712832,3.765097001712832,0.536150355634149,,,,,,,,,,,,22.0,22.0,21.0,21.0,20.0,20.0,19.0,18.0,16.0
real,300,gulf,8,LSTM-ms,1,buffer,13,103,20.01960140448338,20.01960140448338,0.4743476329125509,,,,,,,,,,,,,,,,,,,,
real,300,gulf,8,LSTM-ms,1,buffer,14,143,14.523869913386173,14.523869913386173,0.5899670350379019,,,,,,,,,,,,,,,,,,,,
real,300,gulf,8,LSTM-ms,1,buffer,15,159,6.08911276306061,6.08911276306061,1.3376489578769835,,,,,,,,,,,,,,,,,,,,112.0
real,300,gulf,8,LSTM-ms,1,buffer,16,160,19.671454924714123,19.671454924714123,1.2403873384992785,,,,,,,,,,,,,,,,,,,,
real,300,gulf,8,LSTM-ms,1,buffer,17,190,20.20306449439684,20.20306449439684,0.31327715659609306,,,,,,,,,,,,,,,,,,,,
real,300,gulf,8,LSTM-ms,1,buffer,18,198,26.604186509626903,26.604186509626903,0.3215685963729888,,,,,,,,,,,,,,,,,,,,
real,300,gulf,8,LSTM-ms,1,buffer,19,210,21.146779939817037,21.146779939817037,0.1501802784062931,,,,,,,,,,,,,,,,,,,,
real,300,gulf,8,LSTM-ms,1,buffer,20,226,15.964038646759398,15.964038646759398,0.5962570839508283,,,,,,,,,,,,,,,,,,,,
real,300,gulf,8,LSTM-ms,1,buffer,21,228,15.521368966601516,15.521368966601516,0.9996471361649935,,,,,,,,,,,,,,,,,,,,
real,300,gulf,8,LSTM-ms,1,buffer,22,233,27.67445716949665,27.67445716949665,0.7223894258553424,,,,,,,,,,,,,,,,,,,,
real,300,gulf,8,LSTM-ms,1,buffer,23,260,7.452539658277246,7.452539658277246,0.5354962888986673,,,,,,,,,,,,,,,,,,21.0,12.0,12.0
real,300,gulf,8,LSTM-ms,1,buffer,24,265,2.798735455735266,2.798735455735266,0.4674361193238785,,,191.0,190.0,189.0,189.0,188.0,188.0,187.0,187.0,187.0,156.0,52.0,52.0,52.0,51.0,51.0,51.0,50.0,50.0
real,300,gulf,8,LSTM-ms,1,buffer,25,268,25.056974188782423,25.056974188782423,0.28663155623980624,,,,,,,,,,,,,,,,,,,,
real,300,gulf,8,LSTM-ms,1,buffer,26,269,24.89190129112329,24.89190129112329,1.2544906589735085,,,,,,,,,,,,,,,,,,,,
real,300,gulf,8,LSTM-ms,1,buffer,27,273,20.107085695080453,20.107085695080453,0.39427433184390875,,,,,,,,,,,,,,,,,,,,
real,300,gulf,8,LSTM-ms,1,buffer,28,281,27.722108153990412,27.722108153990412,0.6979446212535928,,,,,,,,,,,,,,,,,,,,
real,300,gulf,8,LSTM-ms,1,buffer,29,300,25.04882187368538,25.04882187368538,0.20987135516554603,,,,,,,,,,,,,,,,,,,,
real,300,gulf,8,LSTM-ms,1,buffer,30,305,29.55653307602145,29.55653307602145,0.10317853968624675,,,,,,,,,,,,,,,,,,,,
real,300,gulf,8,LSTM-ms,1,buffer,31,319,23.509158380390005,23.509158380390005,0.35959979055669145,,,,,,,,,,,,,,,,,,,,
real,300,gulf,8,LSTM-ms,1,buffer,32,320,25.29331096556109,25.29331096556109,0.20992973618047084,,,,,,,,,,,,,,,,,,,,
real,300,gulf,8,LSTM-ms,1,buffer,33,328,20.98469702923681,20.98469702923681,0.34375029109972977,,,,,,,,,,,,,,,,,,,,
real,300,gulf,8,LSTM-ms,1,buffer,34,332,14.65416551681818,14.65416551681818,0.5664140673068753,,,,,,,,,,,,,,,,,,,,
real,300,gulf,8,LSTM-ms,1,buffer,35,350,26.89163526063397,26.89163526063397,0.1566109194866676,,,,,,,,,,,,,,,,,,,,
real,300,gulf,8,LSTM-ms,1,buffer,36,352,21.204422616583035,21.204422616583035,0.4350413060422109,,,,,,,,,,,,,,,,,,,,
real,300,gulf,8,LSTM-ms,1,buffer,37,353,26.89944041328231,26.89944041328231,0.45497586484384295,,,,,,,,,,,,,,,,,,,,
real,300,gulf,8,LSTM-ms,1,buffer,38,354,22.590579683274726,22.590579683274726,0.4847490602736013,,,,,,,,,,,,,,,,,,,,
real,300,gulf,8,LSTM-ms,1,buffer,39,356,19.097389171362785,19.097389171362785,0.5837999220760901,,,,,,,,,,,,,,,,,,,,
real,300,gulf,8,LSTM-ms,1,buffer,40,357,21.931944022182652,21.931944022182652,1.1189638707934542,,,,,,,,,,,,,,,,,,,,
real,300,gulf,8,LSTM-ms,1,buffer,41,360,27.7392228671328,27.7392228671328,0.14723191063565128,,,,,,,,,,,,,,,,,,,,
real,300,gulf,8,LSTM-ms,1,buffer,42,375,15.082563046161207,15.082563046161207,0.4512939447540166,,,,,,,,,,,,,,,,,,,,
real,300,gulf,8,LSTM-ms,1,buffer,43,376,16.621525346774582,16.621525346774582,0.4875439629126882,,,,,,,,,,,,,,,,,,,,
real,300,gulf,8,LSTM-ms,1,buffer,44,379,12.737786738461292,12.737786738461292,0.3861635163553013,,,,,,,,,,,,,,,,,,,,
real,300,gulf,8,LSTM-ms,1,buffer,45,390,5.723878703507593,5.723878703507593,0.4951852240117614,,,,,,,,,,,,,,,,70.0,70.0,69.0,69.0,68.0
real,300,gulf,8,LSTM-ms,1,buffer,46,392,27.72981534278558,27.72981534278558,0.14136708767312797,,,,,,,,,,,,,,,,,,,,
real,300,gulf,8,LSTM-ms,1,buffer,47,431,22.746637262696645,22.746637262696645,0.24635687169099865,,,,,,,,,,,,,,,,,,,,
real,300,gulf,8,LSTM-ms,1,buffer,48,434,29.89984751502554,29.89984751502554,0.28820417646795476,,,,,,,,,,,,,,,,,,,,
real,300,gulf,8,LSTM-ms,1,buffer,49,439,23.64290570039901,23.64290570039901,0.4650125098629971,,,,,,,,,,,,,,,,,,,,
real,300,gulf,8,LSTM-ms,1,buffer,50,450,16.477129299602048,16.477129299602048,0.4971485674228934,,,,,,,,,,,,,,,,,,,,
real,300,gulf,8,LSTM-ms,1,buffer,51,451,15.186844998115507,15.186844998115507,0.4686000053403285,,,,,,,,,,,,,,,,,,,,
real,300,gulf,8,LSTM-ms,1,buffer,52,454,23.184931580435894,23.184931580435894,0.32359283391388705,,,,,,,,,,,,,,,,,,,,
real,300,gulf,8,LSTM-ms,1,buffer,53,459,29.729909409531356,29.729909409531356,0.14855372978477413,,,,,,,,,,,,,,,,,,,,
real,300,gulf,8,LSTM-ms,1,buffer,54,466,17.385293109684977,17.385293109684977,0.47227205941549016,,,,,,,,,,,,,,,,,,,,
real,300,gulf,8,LSTM-ms,1,buffer,55,482,26.32302532618891,26.32302532618891,0.042633591817114645,,,,,,,,,,,,,,,,,,,,
real,300,gulf,8,LSTM-ms,1,buffer,56,488,29.23112180747541,29.23112180747541,1.2697059860833613,,,,,,,,,,,,,,,,,,,,
real,300,gulf,8,LSTM-ms,1,buffer,57,498,4.6604462614447515,4.6604462614447515,0.4600099457679467,,,,,,,,,,,,125.0,125.0,125.0,124.0,124.0,123.0,123.0,122.0,121.0
real,300,gulf,8,LSTM-ms,1,crossing,0,1,20.8017040855639,20.8017040855639,0.39228662105015727,,,,,,,,,,,,,,,,,,,,
real,300,gulf,8,LSTM-ms,1,crossing,1,35,15.340507888694118,15.340507888694118,0.4116062050846804,,,,,,,,,,,,,,,,,,,,
real,300,gulf,8,LSTM-ms,1,crossing,2,37,8.828321443587955,8.828321443587955,1.3620741079405463,,,,,,,,,,,,,,,,,,,,
real,300,gulf,8,LSTM-ms,1,crossing,3,46,13.276812366684103,13.276812366684103,0.4523546036373182,,,,,,,,,,,,,,,,,,,,
real,300,gulf,8,LSTM-ms,1,crossing,4,62,8.396556931936296,8.396556931936296,1.2786629539358552,,,,,,,,,,,,,121.0,121.0,121.0,120.0,120.0,120.0,119.0,119.0
real,300,gulf,8,LSTM-ms,1,crossing,5,65,26.377825584413078,26.377825584413078,1.4004977090108017,,,,,,,,,,,,,,,,,,,,
real,300,gulf,8,LSTM-ms,1,crossing,6,77,9.808795356741728,9.808795356741728,1.2478008372632317,,,,,,,,,,,,,,,,,,,,
real,300,gulf,8,LSTM-ms,1,crossing,7,79,26.618563972639443,26.618563972639443,1.4229685319163434,,,,,,,,,,,,,,,,,,,,
real,300,gulf,8,LSTM-ms,1,crossing,8,87,22.432396256986827,22.432396256986827,0.3775960688687145,,,,,,,,,,,,,,,,,,,,
real,300,gulf,8,LSTM-ms,1,crossing,9,89,25.085520499282993,25.085520499282993,0.25760680811830866,,,,,,,,,,,,,,,,,,,,
real,300,gulf,8,LSTM-ms,1,crossing,10,91,26.75490705751315,26.75490705751315,0.2666595090605285,,,,,,,,,,,,,,,,,,,,
real,300,gulf,8,LSTM-ms,1,crossing,11,93,27.817192920627452,27.817192920627452,0.4333582210288748,,,,,,,,,,,,,,,,,,,,
real,300,gulf,8,LSTM-ms,1,crossing,12,94,3.765097001712832,3.765097001712832,0.536150355634149,,,,,,,,,,,,,,,,,,,,
real,300,gulf,8,LSTM-ms,1,crossing,13,103,20.01960140448338,20.01960140448338,0.4743476329125509,,,,,,,,,,,,,,,,,,,,
real,300,gulf,8,LSTM-ms,1,crossing,14,143,14.523869913386173,14.523869913386173,0.5899670350379019,,,,,,,,,,,,,,,,,,,,
real,300,gulf,8,LSTM-ms,1,crossing,15,159,6.08911276306061,6.08911276306061,1.3376489578769835,,,,,,,,,,,,,,,,,,,,
real,300,gulf,8,LSTM-ms,1,crossing,16,160,19.671454924714123,19.671454924714123,1.2403873384992785,,,,,,,,,,,,,,,,,,,,
real,300,gulf,8,LSTM-ms,1,crossing,17,190,20.20306449439684,20.20306449439684,0.31327715659609306,,,,,,,,,,,,,,,,,,,,
real,300,gulf,8,LSTM-ms,1,crossing,18,198,26.604186509626903,26.604186509626903,0.3215685963729888,,,,,,,,,,,,,,,,,,,,
real,300,gulf,8,LSTM-ms,1,crossing,19,210,21.146779939817037,21.146779939817037,0.1501802784062931,,,,,,,,,,,,,,,,,,,,
real,300,gulf,8,LSTM-ms,1,crossing,20,226,15.964038646759398,15.964038646759398,0.5962570839508283,,,,,,,,,,,,,,,,,,,,
real,300,gulf,8,LSTM-ms,1,crossing,21,228,15.521368966601516,15.521368966601516,0.9996471361649935,,,,,,,,,,,,,,,,,,,,
real,300,gulf,8,LSTM-ms,1,crossing,22,233,27.67445716949665,27.67445716949665,0.7223894258553424,,,,,,,,,,,,,,,,,,,,
real,300,gulf,8,LSTM-ms,1,crossing,23,260,7.452539658277246,7.452539658277246,0.5354962888986673,,,,,,,,,,,,,,,,,,,,
real,300,gulf,8,LSTM-ms,1,crossing,24,265,2.798735455735266,2.798735455735266,0.4674361193238785,,,,,,,,,,,,190.0,190.0,190.0,189.0,189.0,188.0,188.0,188.0,187.0
real,300,gulf,8,LSTM-ms,1,crossing,25,268,25.056974188782423,25.056974188782423,0.28663155623980624,,,,,,,,,,,,,,,,,,,,
real,300,gulf,8,LSTM-ms,1,crossing,26,269,24.89190129112329,24.89190129112329,1.2544906589735085,,,,,,,,,,,,,,,,,,,,
real,300,gulf,8,LSTM-ms,1,crossing,27,273,20.107085695080453,20.107085695080453,0.39427433184390875,,,,,,,,,,,,,,,,,,,,
real,300,gulf,8,LSTM-ms,1,crossing,28,281,27.722108153990412,27.722108153990412,0.6979446212535928,,,,,,,,,,,,,,,,,,,,
real,300,gulf,8,LSTM-ms,1,crossing,29,300,25.04882187368538,25.04882187368538,0.20987135516554603,,,,,,,,,,,,,,,,,,,,
real,300,gulf,8,LSTM-ms,1,crossing,30,305,29.55653307602145,29.55653307602145,0.10317853968624675,,,,,,,,,,,,,,,,,,,,
real,300,gulf,8,LSTM-ms,1,crossing,31,319,23.509158380390005,23.509158380390005,0.35959979055669145,,,,,,,,,,,,,,,,,,,,
real,300,gulf,8,LSTM-ms,1,crossing,32,320,25.29331096556109,25.29331096556109,0.20992973618047084,,,,,,,,,,,,,,,,,,,,
real,300,gulf,8,LSTM-ms,1,crossing,33,328,20.98469702923681,20.98469702923681,0.34375029109972977,,,,,,,,,,,,,,,,,,,,
real,300,gulf,8,LSTM-ms,1,crossing,34,332,14.65416551681818,14.65416551681818,0.5664140673068753,,,,,,,,,,,,,,,,,,,,
real,300,gulf,8,LSTM-ms,1,crossing,35,350,26.89163526063397,26.89163526063397,0.1566109194866676,,,,,,,,,,,,,,,,,,,,
real,300,gulf,8,LSTM-ms,1,crossing,36,352,21.204422616583035,21.204422616583035,0.4350413060422109,,,,,,,,,,,,,,,,,,,,
real,300,gulf,8,LSTM-ms,1,crossing,37,353,26.89944041328231,26.89944041328231,0.45497586484384295,,,,,,,,,,,,,,,,,,,,
real,300,gulf,8,LSTM-ms,1,crossing,38,354,22.590579683274726,22.590579683274726,0.4847490602736013,,,,,,,,,,,,,,,,,,,,
real,300,gulf,8,LSTM-ms,1,crossing,39,356,19.097389171362785,19.097389171362785,0.5837999220760901,,,,,,,,,,,,,,,,,,,,
real,300,gulf,8,LSTM-ms,1,crossing,40,357,21.931944022182652,21.931944022182652,1.1189638707934542,,,,,,,,,,,,,,,,,,,,
real,300,gulf,8,LSTM-ms,1,crossing,41,360,27.7392228671328,27.7392228671328,0.14723191063565128,,,,,,,,,,,,,,,,,,,,
real,300,gulf,8,LSTM-ms,1,crossing,42,375,15.082563046161207,15.082563046161207,0.4512939447540166,,,,,,,,,,,,,,,,,,,,
real,300,gulf,8,LSTM-ms,1,crossing,43,376,16.621525346774582,16.621525346774582,0.4875439629126882,,,,,,,,,,,,,,,,,,,,
real,300,gulf,8,LSTM-ms,1,crossing,44,379,12.737786738461292,12.737786738461292,0.3861635163553013,,,,,,,,,,,,,,,,,,,,
real,300,gulf,8,LSTM-ms,1,crossing,45,390,5.723878703507593,5.723878703507593,0.4951852240117614,,,,,,,,,,,,,,,,,,,,
real,300,gulf,8,LSTM-ms,1,crossing,46,392,27.72981534278558,27.72981534278558,0.14136708767312797,,,,,,,,,,,,,,,,,,,,
real,300,gulf,8,LSTM-ms,1,crossing,47,431,22.746637262696645,22.746637262696645,0.24635687169099865,,,,,,,,,,,,,,,,,,,,
real,300,gulf,8,LSTM-ms,1,crossing,48,434,29.89984751502554,29.89984751502554,0.28820417646795476,,,,,,,,,,,,,,,,,,,,
real,300,gulf,8,LSTM-ms,1,crossing,49,439,23.64290570039901,23.64290570039901,0.4650125098629971,,,,,,,,,,,,,,,,,,,,
real,300,gulf,8,LSTM-ms,1,crossing,50,450,16.477129299602048,16.477129299602048,0.4971485674228934,,,,,,,,,,,,,,,,,,,,
real,300,gulf,8,LSTM-ms,1,crossing,51,451,15.186844998115507,15.186844998115507,0.4686000053403285,,,,,,,,,,,,,,,,,,,,
real,300,gulf,8,LSTM-ms,1,crossing,52,454,23.184931580435894,23.184931580435894,0.32359283391388705,,,,,,,,,,,,,,,,,,,,
real,300,gulf,8,LSTM-ms,1,crossing,53,459,29.729909409531356,29.729909409531356,0.14855372978477413,,,,,,,,,,,,,,,,,,,,
real,300,gulf,8,LSTM-ms,1,crossing,54,466,17.385293109684977,17.385293109684977,0.47227205941549016,,,,,,,,,,,,,,,,,,,,
real,300,gulf,8,LSTM-ms,1,crossing,55,482,26.32302532618891,26.32302532618891,0.042633591817114645,,,,,,,,,,,,,,,,,,,,
real,300,gulf,8,LSTM-ms,1,crossing,56,488,29.23112180747541,29.23112180747541,1.2697059860833613,,,,,,,,,,,,,,,,,,,,
real,300,gulf,8,LSTM-ms,1,crossing,57,498,4.6604462614447515,4.6604462614447515,0.4600099457679467,,,,,,,,,,,,,,,,,,,,
real,300,gulf,8,LSTM-rec,2,buffer,0,1,20.8017040855639,20.8017040855639,0.39228662105015727,,,,,,,,,,,,,,,,,,,,
real,300,gulf,8,LSTM-rec,2,buffer,1,35,15.340507888694118,15.340507888694118,0.4116062050846804,,,,,,,,,,,,,,,,,,,,
real,300,gulf,8,LSTM-rec,2,buffer,2,37,8.828321443587955,8.828321443587955,1.3620741079405463,,,,,,,,,,,,,,,,,,,,
real,300,gulf,8,LSTM-rec,2,buffer,3,46,13.276812366684103,13.276812366684103,0.4523546036373182,,,,,,,,,,,,,,,,,,,,
real,300,gulf,8,LSTM-rec,2,buffer,4,62,8.396556931936296,8.396556931936296,1.2786629539358552,,,,,,,,,,,121.0,121.0,121.0,121.0,121.0,121.0,121.0,121.0,121.0,121.0
real,300,gulf,8,LSTM-rec,2,buffer,5,65,26.377825584413078,26.377825584413078,1.4004977090108017,,,,,,,,,,,,,,,,,,,,
real,300,gulf,8,LSTM-rec,2,buffer,6,77,9.808795356741728,9.808795356741728,1.2478008372632317,,,,,,,,,,,,,,,,,,,,
real,300,gulf,8,LSTM-rec,2,buffer,7,79,26.618563972639443,26.618563972639443,1.4229685319163434,,,,,,,,,,,,,,,,,,,,
real,300,gulf,8,LSTM-rec,2,buffer,8,87,22.432396256986827,22.432396256986827,0.3775960688687145,,,,,,,,,,,,,,,,,,,,
real,300,gulf,8,LSTM-rec,2,buffer,9,89,25.085520499282993,25.085520499282993,0.25760680811830866,,,,,,,,,,,,,,,,,,,,
real,300,gulf,8,LSTM-rec,2,buffer,10,91,26.75490705751315,26.75490705751315,0.2666595090605285,,,,,,,,,,,,,,,,,,,,
real,300,gulf,8,LSTM-rec,2,buffer,11,93,27.817192920627452,27.817192920627452,0.4333582210288748,,,,,,,,,,,,,,,,,,,,
real,300,gulf,8,LSTM-rec,2,buffer,12,94,3.765097001712832,3.765097001712832,0.536150355634149,,,,,,,,,,,,,,,,,,,,
real,300,gulf,8,LSTM-rec,2,buffer,13,103,20.01960140448338,20.01960140448338,0.4743476329125509,,,,,,,,,,,,,,,,,,,,
real,300,gulf,8,LSTM-rec,2,buffer,14,143,14.523869913386173,14.523869913386173,0.5899670350379019,,,,,,,,,,,,,,,,,,,,
real,300,gulf,8,LSTM-rec,2,buffer,15,159,6.08911276306061,6.08911276306061,1.3376489578769835,,,,,,,,,,,,,,,,,,,,
real,300,gulf,8,LSTM-rec,2,buffer,16,160,19.671454924714123,19.671454924714123,1.2403873384992785,,,,,,,,,,,,,,,,,,,,
real,300,gulf,8,LSTM-rec,2,buffer,17,190,20.20306449439684,20.20306449439684,0.31327715659609306,,,,,,,,,,,,,,,,,,,,
real,300,gulf,8,LSTM-rec,2,buffer,18,198,26.604186509626903,26.604186509626903,0.3215685963729888,,,,,,,,,,,,,,,,,,,,
real,300,gulf,8,LSTM-rec,2,buffer,19,210,21.146779939817037,21.146779939817037,0.1501802784062931,,,,,,,,,,,,,,,,,,,,
real,300,gulf,8,LSTM-rec,2,buffer,20,226,15.964038646759398,15.964038646759398,0.5962570839508283,,,,,,,,,,,,,,,,,,,,
real,300,gulf,8,LSTM-rec,2,buffer,21,228,15.521368966601516,15.521368966601516,0.9996471361649935,,,,,,,,,,,,,,,,,,,,
real,300,gulf,8,LSTM-rec,2,buffer,22,233,27.67445716949665,27.67445716949665,0.7223894258553424,,,,,,,,,,,,,,,,,,,,
real,300,gulf,8,LSTM-rec,2,buffer,23,260,7.452539658277246,7.452539658277246,0.5354962888986673,,,,,,,,,,,,,,,,,,,,
real,300,gulf,8,LSTM-rec,2,buffer,24,265,2.798735455735266,2.798735455735266,0.4674361193238785,,,,,,,,,,,,,,,,,,,,
real,300,gulf,8,LSTM-rec,2,buffer,25,268,25.056974188782423,25.056974188782423,0.28663155623980624,,,,,,,,,,,,,,,,,,,,
real,300,gulf,8,LSTM-rec,2,buffer,26,269,24.89190129112329,24.89190129112329,1.2544906589735085,,,,,,,,,,,,,,,,,,,,
real,300,gulf,8,LSTM-rec,2,buffer,27,273,20.107085695080453,20.107085695080453,0.39427433184390875,,,,,,,,,,,,,,,,,,,,
real,300,gulf,8,LSTM-rec,2,buffer,28,281,27.722108153990412,27.722108153990412,0.6979446212535928,,,,,,,,,,,,,,,,,,,,
real,300,gulf,8,LSTM-rec,2,buffer,29,300,25.04882187368538,25.04882187368538,0.20987135516554603,,,,,,,,,,,,,,,,,,,,
real,300,gulf,8,LSTM-rec,2,buffer,30,305,29.55653307602145,29.55653307602145,0.10317853968624675,,,,,,,,,,,,,,,,,,,,
real,300,gulf,8,LSTM-rec,2,buffer,31,319,23.509158380390005,23.509158380390005,0.35959979055669145,,,,,,,,,,,,,,,,,,,,
real,300,gulf,8,LSTM-rec,2,buffer,32,320,25.29331096556109,25.29331096556109,0.20992973618047084,,,,,,,,,,,,,,,,,,,,
real,300,gulf,8,LSTM-rec,2,buffer,33,328,20.98469702923681,20.98469702923681,0.34375029109972977,,,,,,,,,,,,,,,,,,,,
real,300,gulf,8,LSTM-rec,2,buffer,34,332,14.65416551681818,14.65416551681818,0.5664140673068753,,,,,,,,,,,,,,,,,,,,
real,300,gulf,8,LSTM-rec,2,buffer,35,350,26.89163526063397,26.89163526063397,0.1566109194866676,,,,,,,,,,,,,,,,,,,,
real,300,gulf,8,LSTM-rec,2,buffer,36,352,21.204422616583035,21.204422616583035,0.4350413060422109,,,,,,,,,,,,,,,,,,,,
real,300,gulf,8,LSTM-rec,2,buffer,37,353,26.89944041328231,26.89944041328231,0.45497586484384295,,,,,,,,,,,,,,,,,,,,
real,300,gulf,8,LSTM-rec,2,buffer,38,354,22.590579683274726,22.590579683274726,0.4847490602736013,,,,,,,,,,,,,,,,,,,,
real,300,gulf,8,LSTM-rec,2,buffer,39,356,19.097389171362785,19.097389171362785,0.5837999220760901,,,,,,,,,,,,,,,,,,,,
real,300,gulf,8,LSTM-rec,2,buffer,40,357,21.931944022182652,21.931944022182652,1.1189638707934542,,,,,,,,,,,,,,,,,,,,
real,300,gulf,8,LSTM-rec,2,buffer,41,360,27.7392228671328,27.7392228671328,0.14723191063565128,,,,,,,,,,,,,,,,,,,,
real,300,gulf,8,LSTM-rec,2,buffer,42,375,15.082563046161207,15.082563046161207,0.4512939447540166,,,,,,,,,,,,,,,,,,,,
real,300,gulf,8,LSTM-rec,2,buffer,43,376,16.621525346774582,16.621525346774582,0.4875439629126882,,,,,,,,,,,,,,,,,,,,
real,300,gulf,8,LSTM-rec,2,buffer,44,379,12.737786738461292,12.737786738461292,0.3861635163553013,,,,,,,,,,,,,,,,,,,,
real,300,gulf,8,LSTM-rec,2,buffer,45,390,5.723878703507593,5.723878703507593,0.4951852240117614,,,,,,,,,,,,,,,,,,,,
real,300,gulf,8,LSTM-rec,2,buffer,46,392,27.72981534278558,27.72981534278558,0.14136708767312797,,,,,,,,,,,,,,,,,,,,
real,300,gulf,8,LSTM-rec,2,buffer,47,431,22.746637262696645,22.746637262696645,0.24635687169099865,,,,,,,,,,,,,,,,,,,,
real,300,gulf,8,LSTM-rec,2,buffer,48,434,29.89984751502554,29.89984751502554,0.28820417646795476,,,,,,,,,,,,,,,,,,,,
real,300,gulf,8,LSTM-rec,2,buffer,49,439,23.64290570039901,23.64290570039901,0.4650125098629971,,,,,,,,,,,,,,,,,,,,
real,300,gulf,8,LSTM-rec,2,buffer,50,450,16.477129299602048,16.477129299602048,0.4971485674228934,,,,,,,,,,,,,,,,,,,,
real,300,gulf,8,LSTM-rec,2,buffer,51,451,15.186844998115507,15.186844998115507,0.4686000053403285,,,,,,,,,,,,,,,,,,,,
real,300,gulf,8,LSTM-rec,2,buffer,52,454,23.184931580435894,23.184931580435894,0.32359283391388705,,,,,,,,,,,,,,,,,,,,
real,300,gulf,8,LSTM-rec,2,buffer,53,459,29.729909409531356,29.729909409531356,0.14855372978477413,,,,,,,,,,,,,,,,,,,,
real,300,gulf,8,LSTM-rec,2,buffer,54,466,17.385293109684977,17.385293109684977,0.47227205941549016,,,,,,,,,,,,,,,,,,,,
real,300,gulf,8,LSTM-rec,2,buffer,55,482,26.32302532618891,26.32302532618891,0.042633591817114645,,,,,,,,,,,,,,,,,,,,
real,300,gulf,8,LSTM-rec,2,buffer,56,488,29.23112180747541,29.23112180747541,1.2697059860833613,,,,,,,,,,,,,,,,,,,,
real,300,gulf,8,LSTM-rec,2,buffer,57,498,4.6604462614447515,4.6604462614447515,0.4600099457679467,,,,,,,,,,,,,,,,,,,,
real,300,gulf,8,LSTM-rec,2,crossing,0,1,20.8017040855639,20.8017040855639,0.39228662105015727,,,,,,,,,,,,,,,,,,,,
real,300,gulf,8,LSTM-rec,2,crossing,1,35,15.340507888694118,15.340507888694118,0.4116062050846804,,,,,,,,,,,,,,,,,,,,
real,300,gulf,8,LSTM-rec,2,crossing,2,37,8.828321443587955,8.828321443587955,1.3620741079405463,,,,,,,,,,,,,,,,,,,,
real,300,gulf,8,LSTM-rec,2,crossing,3,46,13.276812366684103,13.276812366684103,0.4523546036373182,,,,,,,,,,,,,,,,,,,,
real,300,gulf,8,LSTM-rec,2,crossing,4,62,8.396556931936296,8.396556931936296,1.2786629539358552,,,,,,,,,,,,,,,,,,,,
real,300,gulf,8,LSTM-rec,2,crossing,5,65,26.377825584413078,26.377825584413078,1.4004977090108017,,,,,,,,,,,,,,,,,,,,
real,300,gulf,8,LSTM-rec,2,crossing,6,77,9.808795356741728,9.808795356741728,1.2478008372632317,,,,,,,,,,,,,,,,,,,,
real,300,gulf,8,LSTM-rec,2,crossing,7,79,26.618563972639443,26.618563972639443,1.4229685319163434,,,,,,,,,,,,,,,,,,,,
real,300,gulf,8,LSTM-rec,2,crossing,8,87,22.432396256986827,22.432396256986827,0.3775960688687145,,,,,,,,,,,,,,,,,,,,
real,300,gulf,8,LSTM-rec,2,crossing,9,89,25.085520499282993,25.085520499282993,0.25760680811830866,,,,,,,,,,,,,,,,,,,,
real,300,gulf,8,LSTM-rec,2,crossing,10,91,26.75490705751315,26.75490705751315,0.2666595090605285,,,,,,,,,,,,,,,,,,,,
real,300,gulf,8,LSTM-rec,2,crossing,11,93,27.817192920627452,27.817192920627452,0.4333582210288748,,,,,,,,,,,,,,,,,,,,
real,300,gulf,8,LSTM-rec,2,crossing,12,94,3.765097001712832,3.765097001712832,0.536150355634149,,,,,,,,,,,,,,,,,,,,
real,300,gulf,8,LSTM-rec,2,crossing,13,103,20.01960140448338,20.01960140448338,0.4743476329125509,,,,,,,,,,,,,,,,,,,,
real,300,gulf,8,LSTM-rec,2,crossing,14,143,14.523869913386173,14.523869913386173,0.5899670350379019,,,,,,,,,,,,,,,,,,,,
real,300,gulf,8,LSTM-rec,2,crossing,15,159,6.08911276306061,6.08911276306061,1.3376489578769835,,,,,,,,,,,,,,,,,,,,
real,300,gulf,8,LSTM-rec,2,crossing,16,160,19.671454924714123,19.671454924714123,1.2403873384992785,,,,,,,,,,,,,,,,,,,,
real,300,gulf,8,LSTM-rec,2,crossing,17,190,20.20306449439684,20.20306449439684,0.31327715659609306,,,,,,,,,,,,,,,,,,,,
real,300,gulf,8,LSTM-rec,2,crossing,18,198,26.604186509626903,26.604186509626903,0.3215685963729888,,,,,,,,,,,,,,,,,,,,
real,300,gulf,8,LSTM-rec,2,crossing,19,210,21.146779939817037,21.146779939817037,0.1501802784062931,,,,,,,,,,,,,,,,,,,,
real,300,gulf,8,LSTM-rec,2,crossing,20,226,15.964038646759398,15.964038646759398,0.5962570839508283,,,,,,,,,,,,,,,,,,,,
real,300,gulf,8,LSTM-rec,2,crossing,21,228,15.521368966601516,15.521368966601516,0.9996471361649935,,,,,,,,,,,,,,,,,,,,
real,300,gulf,8,LSTM-rec,2,crossing,22,233,27.67445716949665,27.67445716949665,0.7223894258553424,,,,,,,,,,,,,,,,,,,,
real,300,gulf,8,LSTM-rec,2,crossing,23,260,7.452539658277246,7.452539658277246,0.5354962888986673,,,,,,,,,,,,,,,,,,,,
real,300,gulf,8,LSTM-rec,2,crossing,24,265,2.798735455735266,2.798735455735266,0.4674361193238785,,,,,,,,,,,,,,,,,,,,
real,300,gulf,8,LSTM-rec,2,crossing,25,268,25.056974188782423,25.056974188782423,0.28663155623980624,,,,,,,,,,,,,,,,,,,,
real,300,gulf,8,LSTM-rec,2,crossing,26,269,24.89190129112329,24.89190129112329,1.2544906589735085,,,,,,,,,,,,,,,,,,,,
real,300,gulf,8,LSTM-rec,2,crossing,27,273,20.107085695080453,20.107085695080453,0.39427433184390875,,,,,,,,,,,,,,,,,,,,
real,300,gulf,8,LSTM-rec,2,crossing,28,281,27.722108153990412,27.722108153990412,0.6979446212535928,,,,,,,,,,,,,,,,,,,,
real,300,gulf,8,LSTM-rec,2,crossing,29,300,25.04882187368538,25.04882187368538,0.20987135516554603,,,,,,,,,,,,,,,,,,,,
real,300,gulf,8,LSTM-rec,2,crossing,30,305,29.55653307602145,29.55653307602145,0.10317853968624675,,,,,,,,,,,,,,,,,,,,
real,300,gulf,8,LSTM-rec,2,crossing,31,319,23.509158380390005,23.509158380390005,0.35959979055669145,,,,,,,,,,,,,,,,,,,,
real,300,gulf,8,LSTM-rec,2,crossing,32,320,25.29331096556109,25.29331096556109,0.20992973618047084,,,,,,,,,,,,,,,,,,,,
real,300,gulf,8,LSTM-rec,2,crossing,33,328,20.98469702923681,20.98469702923681,0.34375029109972977,,,,,,,,,,,,,,,,,,,,
real,300,gulf,8,LSTM-rec,2,crossing,34,332,14.65416551681818,14.65416551681818,0.5664140673068753,,,,,,,,,,,,,,,,,,,,
real,300,gulf,8,LSTM-rec,2,crossing,35,350,26.89163526063397,26.89163526063397,0.1566109194866676,,,,,,,,,,,,,,,,,,,,
real,300,gulf,8,LSTM-rec,2,crossing,36,352,21.204422616583035,21.204422616583035,0.4350413060422109,,,,,,,,,,,,,,,,,,,,
real,300,gulf,8,LSTM-rec,2,crossing,37,353,26.89944041328231,26.89944041328231,0.45497586484384295,,,,,,,,,,,,,,,,,,,,
real,300,gulf,8,LSTM-rec,2,crossing,38,354,22.590579683274726,22.590579683274726,0.4847490602736013,,,,,,,,,,,,,,,,,,,,
real,300,gulf,8,LSTM-rec,2,crossing,39,356,19.097389171362785,19.097389171362785,0.5837999220760901,,,,,,,,,,,,,,,,,,,,
real,300,gulf,8,LSTM-rec,2,crossing,40,357,21.931944022182652,21.931944022182652,1.1189638707934542,,,,,,,,,,,,,,,,,,,,
real,300,gulf,8,LSTM-rec,2,crossing,41,360,27.7392228671328,27.7392228671328,0.14723191063565128,,,,,,,,,,,,,,,,,,,,
real,300,gulf,8,LSTM-rec,2,crossing,42,375,15.082563046161207,15.082563046161207,0.4512939447540166,,,,,,,,,,,,,,,,,,,,
real,300,gulf,8,LSTM-rec,2,crossing,43,376,16.621525346774582,16.621525346774582,0.4875439629126882,,,,,,,,,,,,,,,,,,,,
real,300,gulf,8,LSTM-rec,2,crossing,44,379,12.737786738461292,12.737786738461292,0.3861635163553013,,,,,,,,,,,,,,,,,,,,
real,300,gulf,8,LSTM-rec,2,crossing,45,390,5.723878703507593,5.723878703507593,0.4951852240117614,,,,,,,,,,,,,,,,,,,,
real,300,gulf,8,LSTM-rec,2,crossing,46,392,27.72981534278558,27.72981534278558,0.14136708767312797,,,,,,,,,,,,,,,,,,,,
real,300,gulf,8,LSTM-rec,2,crossing,47,431,22.746637262696645,22.746637262696645,0.24635687169099865,,,,,,,,,,,,,,,,,,,,
real,300,gulf,8,LSTM-rec,2,crossing,48,434,29.89984751502554,29.89984751502554,0.28820417646795476,,,,,,,,,,,,,,,,,,,,
real,300,gulf,8,LSTM-rec,2,crossing,49,439,23.64290570039901,23.64290570039901,0.4650125098629971,,,,,,,,,,,,,,,,,,,,
real,300,gulf,8,LSTM-rec,2,crossing,50,450,16.477129299602048,16.477129299602048,0.4971485674228934,,,,,,,,,,,,,,,,,,,,
real,300,gulf,8,LSTM-rec,2,crossing,51,451,15.186844998115507,15.186844998115507,0.4686000053403285,,,,,,,,,,,,,,,,,,,,
real,300,gulf,8,LSTM-rec,2,crossing,52,454,23.184931580435894,23.184931580435894,0.32359283391388705,,,,,,,,,,,,,,,,,,,,
real,300,gulf,8,LSTM-rec,2,crossing,53,459,29.729909409531356,29.729909409531356,0.14855372978477413,,,,,,,,,,,,,,,,,,,,
real,300,gulf,8,LSTM-rec,2,crossing,54,466,17.385293109684977,17.385293109684977,0.47227205941549016,,,,,,,,,,,,,,,,,,,,
real,300,gulf,8,LSTM-rec,2,crossing,55,482,26.32302532618891,26.32302532618891,0.042633591817114645,,,,,,,,,,,,,,,,,,,,
real,300,gulf,8,LSTM-rec,2,crossing,56,488,29.23112180747541,29.23112180747541,1.2697059860833613,,,,,,,,,,,,,,,,,,,,
real,300,gulf,8,LSTM-rec,2,crossing,57,498,4.6604462614447515,4.6604462614447515,0.4600099457679467,,,,,,,,,,,,,,,,,,,,
real,300,gulf,8,LSTM-ms,2,buffer,0,1,20.8017040855639,20.8017040855639,0.39228662105015727,,,,,,,,,,,,,,,,,,,,
real,300,gulf,8,LSTM-ms,2,buffer,1,35,15.340507888694118,15.340507888694118,0.4116062050846804,,,,,,,,,,,,,,,,,,,,
real,300,gulf,8,LSTM-ms,2,buffer,2,37,8.828321443587955,8.828321443587955,1.3620741079405463,,,,,,,,,,,,,,,,,,,,
real,300,gulf,8,LSTM-ms,2,buffer,3,46,13.276812366684103,13.276812366684103,0.4523546036373182,,,,,,,,,,,,,,,,,,,,
real,300,gulf,8,LSTM-ms,2,buffer,4,62,8.396556931936296,8.396556931936296,1.2786629539358552,,,,,,,,,,121.0,121.0,120.0,120.0,119.0,119.0,119.0,118.0,118.0,118.0,118.0
real,300,gulf,8,LSTM-ms,2,buffer,5,65,26.377825584413078,26.377825584413078,1.4004977090108017,,,,,,,,,,,,,,,,,,,,
real,300,gulf,8,LSTM-ms,2,buffer,6,77,9.808795356741728,9.808795356741728,1.2478008372632317,,,,,,,,,,,,,,,,,,,,
real,300,gulf,8,LSTM-ms,2,buffer,7,79,26.618563972639443,26.618563972639443,1.4229685319163434,,,,,,,,,,,,,,,,,,,,
real,300,gulf,8,LSTM-ms,2,buffer,8,87,22.432396256986827,22.432396256986827,0.3775960688687145,,,,,,,,,,,,,,,,,,,,
real,300,gulf,8,LSTM-ms,2,buffer,9,89,25.085520499282993,25.085520499282993,0.25760680811830866,,,,,,,,,,,,,,,,,,,,
real,300,gulf,8,LSTM-ms,2,buffer,10,91,26.75490705751315,26.75490705751315,0.2666595090605285,,,,,,,,,,,,,,,,,,,,
real,300,gulf,8,LSTM-ms,2,buffer,11,93,27.817192920627452,27.817192920627452,0.4333582210288748,,,,,,,,,,,,,,,,,,,,
real,300,gulf,8,LSTM-ms,2,buffer,12,94,3.765097001712832,3.765097001712832,0.536150355634149,,,,,,,,,,,,,,,,22.0,21.0,21.0,20.0,19.0
real,300,gulf,8,LSTM-ms,2,buffer,13,103,20.01960140448338,20.01960140448338,0.4743476329125509,,,,,,,,,,,,,,,,,,,,
real,300,gulf,8,LSTM-ms,2,buffer,14,143,14.523869913386173,14.523869913386173,0.5899670350379019,,,,,,,,,,,,,,,,,,,,
real,300,gulf,8,LSTM-ms,2,buffer,15,159,6.08911276306061,6.08911276306061,1.3376489578769835,,,,,,,,,,,,,,,,,,,,
real,300,gulf,8,LSTM-ms,2,buffer,16,160,19.671454924714123,19.671454924714123,1.2403873384992785,,,,,,,,,,,,,,,,,,,,
real,300,gulf,8,LSTM-ms,2,buffer,17,190,20.20306449439684,20.20306449439684,0.31327715659609306,,,,,,,,,,,,,,,,,,,,
real,300,gulf,8,LSTM-ms,2,buffer,18,198,26.604186509626903,26.604186509626903,0.3215685963729888,,,,,,,,,,,,,,,,,,,,
real,300,gulf,8,LSTM-ms,2,buffer,19,210,21.146779939817037,21.146779939817037,0.1501802784062931,,,,,,,,,,,,,,,,,,,,
real,300,gulf,8,LSTM-ms,2,buffer,20,226,15.964038646759398,15.964038646759398,0.5962570839508283,,,,,,,,,,,,,,,,,,,,
real,300,gulf,8,LSTM-ms,2,buffer,21,228,15.521368966601516,15.521368966601516,0.9996471361649935,,,,,,,,,,,,,,,,,,,,
real,300,gulf,8,LSTM-ms,2,buffer,22,233,27.67445716949665,27.67445716949665,0.7223894258553424,,,,,,,,,,,,,,,,,,,,
real,300,gulf,8,LSTM-ms,2,buffer,23,260,7.452539658277246,7.452539658277246,0.5354962888986673,,,,,,,,,,,,,,,,,,,21.0,21.0
real,300,gulf,8,LSTM-ms,2,buffer,24,265,2.798735455735266,2.798735455735266,0.4674361193238785,,,,191.0,190.0,189.0,189.0,188.0,188.0,188.0,187.0,187.0,187.0,52.0,52.0,52.0,52.0,51.0,51.0,51.0
real,300,gulf,8,LSTM-ms,2,buffer,25,268,25.056974188782423,25.056974188782423,0.28663155623980624,,,,,,,,,,,,,,,,,,,,
real,300,gulf,8,LSTM-ms,2,buffer,26,269,24.89190129112329,24.89190129112329,1.2544906589735085,,,,,,,,,,,,,,,,,,,,
real,300,gulf,8,LSTM-ms,2,buffer,27,273,20.107085695080453,20.107085695080453,0.39427433184390875,,,,,,,,,,,,,,,,,,,,
real,300,gulf,8,LSTM-ms,2,buffer,28,281,27.722108153990412,27.722108153990412,0.6979446212535928,,,,,,,,,,,,,,,,,,,,
real,300,gulf,8,LSTM-ms,2,buffer,29,300,25.04882187368538,25.04882187368538,0.20987135516554603,,,,,,,,,,,,,,,,,,,,
real,300,gulf,8,LSTM-ms,2,buffer,30,305,29.55653307602145,29.55653307602145,0.10317853968624675,,,,,,,,,,,,,,,,,,,,
real,300,gulf,8,LSTM-ms,2,buffer,31,319,23.509158380390005,23.509158380390005,0.35959979055669145,,,,,,,,,,,,,,,,,,,,
real,300,gulf,8,LSTM-ms,2,buffer,32,320,25.29331096556109,25.29331096556109,0.20992973618047084,,,,,,,,,,,,,,,,,,,,
real,300,gulf,8,LSTM-ms,2,buffer,33,328,20.98469702923681,20.98469702923681,0.34375029109972977,,,,,,,,,,,,,,,,,,,,
real,300,gulf,8,LSTM-ms,2,buffer,34,332,14.65416551681818,14.65416551681818,0.5664140673068753,,,,,,,,,,,,,,,,,,,,
real,300,gulf,8,LSTM-ms,2,buffer,35,350,26.89163526063397,26.89163526063397,0.1566109194866676,,,,,,,,,,,,,,,,,,,,
real,300,gulf,8,LSTM-ms,2,buffer,36,352,21.204422616583035,21.204422616583035,0.4350413060422109,,,,,,,,,,,,,,,,,,,,
real,300,gulf,8,LSTM-ms,2,buffer,37,353,26.89944041328231,26.89944041328231,0.45497586484384295,,,,,,,,,,,,,,,,,,,,
real,300,gulf,8,LSTM-ms,2,buffer,38,354,22.590579683274726,22.590579683274726,0.4847490602736013,,,,,,,,,,,,,,,,,,,,
real,300,gulf,8,LSTM-ms,2,buffer,39,356,19.097389171362785,19.097389171362785,0.5837999220760901,,,,,,,,,,,,,,,,,,,,
real,300,gulf,8,LSTM-ms,2,buffer,40,357,21.931944022182652,21.931944022182652,1.1189638707934542,,,,,,,,,,,,,,,,,,,,
real,300,gulf,8,LSTM-ms,2,buffer,41,360,27.7392228671328,27.7392228671328,0.14723191063565128,,,,,,,,,,,,,,,,,,,,
real,300,gulf,8,LSTM-ms,2,buffer,42,375,15.082563046161207,15.082563046161207,0.4512939447540166,,,,,,,,,,,,,,,,,,,,
real,300,gulf,8,LSTM-ms,2,buffer,43,376,16.621525346774582,16.621525346774582,0.4875439629126882,,,,,,,,,,,,,,,,,,,,
real,300,gulf,8,LSTM-ms,2,buffer,44,379,12.737786738461292,12.737786738461292,0.3861635163553013,,,,,,,,,,,,,,,,,,,,
real,300,gulf,8,LSTM-ms,2,buffer,45,390,5.723878703507593,5.723878703507593,0.4951852240117614,,,,,,,,,,,,,,,,,70.0,70.0,70.0,69.0
real,300,gulf,8,LSTM-ms,2,buffer,46,392,27.72981534278558,27.72981534278558,0.14136708767312797,,,,,,,,,,,,,,,,,,,,
real,300,gulf,8,LSTM-ms,2,buffer,47,431,22.746637262696645,22.746637262696645,0.24635687169099865,,,,,,,,,,,,,,,,,,,,
real,300,gulf,8,LSTM-ms,2,buffer,48,434,29.89984751502554,29.89984751502554,0.28820417646795476,,,,,,,,,,,,,,,,,,,,
real,300,gulf,8,LSTM-ms,2,buffer,49,439,23.64290570039901,23.64290570039901,0.4650125098629971,,,,,,,,,,,,,,,,,,,,
real,300,gulf,8,LSTM-ms,2,buffer,50,450,16.477129299602048,16.477129299602048,0.4971485674228934,,,,,,,,,,,,,,,,,,,,
real,300,gulf,8,LSTM-ms,2,buffer,51,451,15.186844998115507,15.186844998115507,0.4686000053403285,,,,,,,,,,,,,,,,,,,,
real,300,gulf,8,LSTM-ms,2,buffer,52,454,23.184931580435894,23.184931580435894,0.32359283391388705,,,,,,,,,,,,,,,,,,,,
real,300,gulf,8,LSTM-ms,2,buffer,53,459,29.729909409531356,29.729909409531356,0.14855372978477413,,,,,,,,,,,,,,,,,,,,
real,300,gulf,8,LSTM-ms,2,buffer,54,466,17.385293109684977,17.385293109684977,0.47227205941549016,,,,,,,,,,,,,,,,,,,,
real,300,gulf,8,LSTM-ms,2,buffer,55,482,26.32302532618891,26.32302532618891,0.042633591817114645,,,,,,,,,,,,,,,,,,,,
real,300,gulf,8,LSTM-ms,2,buffer,56,488,29.23112180747541,29.23112180747541,1.2697059860833613,,,,,,,,,,,,,,,,,,,,
real,300,gulf,8,LSTM-ms,2,buffer,57,498,4.6604462614447515,4.6604462614447515,0.4600099457679467,,,,,,,,,,,,,,125.0,125.0,125.0,124.0,124.0,123.0,123.0
real,300,gulf,8,LSTM-ms,2,crossing,0,1,20.8017040855639,20.8017040855639,0.39228662105015727,,,,,,,,,,,,,,,,,,,,
real,300,gulf,8,LSTM-ms,2,crossing,1,35,15.340507888694118,15.340507888694118,0.4116062050846804,,,,,,,,,,,,,,,,,,,,
real,300,gulf,8,LSTM-ms,2,crossing,2,37,8.828321443587955,8.828321443587955,1.3620741079405463,,,,,,,,,,,,,,,,,,,,
real,300,gulf,8,LSTM-ms,2,crossing,3,46,13.276812366684103,13.276812366684103,0.4523546036373182,,,,,,,,,,,,,,,,,,,,
real,300,gulf,8,LSTM-ms,2,crossing,4,62,8.396556931936296,8.396556931936296,1.2786629539358552,,,,,,,,,,,,,121.0,121.0,121.0,120.0,120.0,120.0,119.0,119.0
real,300,gulf,8,LSTM-ms,2,crossing,5,65,26.377825584413078,26.377825584413078,1.4004977090108017,,,,,,,,,,,,,,,,,,,,
real,300,gulf,8,LSTM-ms,2,crossing,6,77,9.808795356741728,9.808795356741728,1.2478008372632317,,,,,,,,,,,,,,,,,,,,
real,300,gulf,8,LSTM-ms,2,crossing,7,79,26.618563972639443,26.618563972639443,1.4229685319163434,,,,,,,,,,,,,,,,,,,,
real,300,gulf,8,LSTM-ms,2,crossing,8,87,22.432396256986827,22.432396256986827,0.3775960688687145,,,,,,,,,,,,,,,,,,,,
real,300,gulf,8,LSTM-ms,2,crossing,9,89,25.085520499282993,25.085520499282993,0.25760680811830866,,,,,,,,,,,,,,,,,,,,
real,300,gulf,8,LSTM-ms,2,crossing,10,91,26.75490705751315,26.75490705751315,0.2666595090605285,,,,,,,,,,,,,,,,,,,,
real,300,gulf,8,LSTM-ms,2,crossing,11,93,27.817192920627452,27.817192920627452,0.4333582210288748,,,,,,,,,,,,,,,,,,,,
real,300,gulf,8,LSTM-ms,2,crossing,12,94,3.765097001712832,3.765097001712832,0.536150355634149,,,,,,,,,,,,,,,,,,,,
real,300,gulf,8,LSTM-ms,2,crossing,13,103,20.01960140448338,20.01960140448338,0.4743476329125509,,,,,,,,,,,,,,,,,,,,
real,300,gulf,8,LSTM-ms,2,crossing,14,143,14.523869913386173,14.523869913386173,0.5899670350379019,,,,,,,,,,,,,,,,,,,,
real,300,gulf,8,LSTM-ms,2,crossing,15,159,6.08911276306061,6.08911276306061,1.3376489578769835,,,,,,,,,,,,,,,,,,,,
real,300,gulf,8,LSTM-ms,2,crossing,16,160,19.671454924714123,19.671454924714123,1.2403873384992785,,,,,,,,,,,,,,,,,,,,
real,300,gulf,8,LSTM-ms,2,crossing,17,190,20.20306449439684,20.20306449439684,0.31327715659609306,,,,,,,,,,,,,,,,,,,,
real,300,gulf,8,LSTM-ms,2,crossing,18,198,26.604186509626903,26.604186509626903,0.3215685963729888,,,,,,,,,,,,,,,,,,,,
real,300,gulf,8,LSTM-ms,2,crossing,19,210,21.146779939817037,21.146779939817037,0.1501802784062931,,,,,,,,,,,,,,,,,,,,
real,300,gulf,8,LSTM-ms,2,crossing,20,226,15.964038646759398,15.964038646759398,0.5962570839508283,,,,,,,,,,,,,,,,,,,,
real,300,gulf,8,LSTM-ms,2,crossing,21,228,15.521368966601516,15.521368966601516,0.9996471361649935,,,,,,,,,,,,,,,,,,,,
real,300,gulf,8,LSTM-ms,2,crossing,22,233,27.67445716949665,27.67445716949665,0.7223894258553424,,,,,,,,,,,,,,,,,,,,
real,300,gulf,8,LSTM-ms,2,crossing,23,260,7.452539658277246,7.452539658277246,0.5354962888986673,,,,,,,,,,,,,,,,,,,,
real,300,gulf,8,LSTM-ms,2,crossing,24,265,2.798735455735266,2.798735455735266,0.4674361193238785,,,,,,,,,,,,,,190.0,190.0,189.0,189.0,189.0,188.0,188.0
real,300,gulf,8,LSTM-ms,2,crossing,25,268,25.056974188782423,25.056974188782423,0.28663155623980624,,,,,,,,,,,,,,,,,,,,
real,300,gulf,8,LSTM-ms,2,crossing,26,269,24.89190129112329,24.89190129112329,1.2544906589735085,,,,,,,,,,,,,,,,,,,,
real,300,gulf,8,LSTM-ms,2,crossing,27,273,20.107085695080453,20.107085695080453,0.39427433184390875,,,,,,,,,,,,,,,,,,,,
real,300,gulf,8,LSTM-ms,2,crossing,28,281,27.722108153990412,27.722108153990412,0.6979446212535928,,,,,,,,,,,,,,,,,,,,
real,300,gulf,8,LSTM-ms,2,crossing,29,300,25.04882187368538,25.04882187368538,0.20987135516554603,,,,,,,,,,,,,,,,,,,,
real,300,gulf,8,LSTM-ms,2,crossing,30,305,29.55653307602145,29.55653307602145,0.10317853968624675,,,,,,,,,,,,,,,,,,,,
real,300,gulf,8,LSTM-ms,2,crossing,31,319,23.509158380390005,23.509158380390005,0.35959979055669145,,,,,,,,,,,,,,,,,,,,
real,300,gulf,8,LSTM-ms,2,crossing,32,320,25.29331096556109,25.29331096556109,0.20992973618047084,,,,,,,,,,,,,,,,,,,,
real,300,gulf,8,LSTM-ms,2,crossing,33,328,20.98469702923681,20.98469702923681,0.34375029109972977,,,,,,,,,,,,,,,,,,,,
real,300,gulf,8,LSTM-ms,2,crossing,34,332,14.65416551681818,14.65416551681818,0.5664140673068753,,,,,,,,,,,,,,,,,,,,
real,300,gulf,8,LSTM-ms,2,crossing,35,350,26.89163526063397,26.89163526063397,0.1566109194866676,,,,,,,,,,,,,,,,,,,,
real,300,gulf,8,LSTM-ms,2,crossing,36,352,21.204422616583035,21.204422616583035,0.4350413060422109,,,,,,,,,,,,,,,,,,,,
real,300,gulf,8,LSTM-ms,2,crossing,37,353,26.89944041328231,26.89944041328231,0.45497586484384295,,,,,,,,,,,,,,,,,,,,
real,300,gulf,8,LSTM-ms,2,crossing,38,354,22.590579683274726,22.590579683274726,0.4847490602736013,,,,,,,,,,,,,,,,,,,,
real,300,gulf,8,LSTM-ms,2,crossing,39,356,19.097389171362785,19.097389171362785,0.5837999220760901,,,,,,,,,,,,,,,,,,,,
real,300,gulf,8,LSTM-ms,2,crossing,40,357,21.931944022182652,21.931944022182652,1.1189638707934542,,,,,,,,,,,,,,,,,,,,
real,300,gulf,8,LSTM-ms,2,crossing,41,360,27.7392228671328,27.7392228671328,0.14723191063565128,,,,,,,,,,,,,,,,,,,,
real,300,gulf,8,LSTM-ms,2,crossing,42,375,15.082563046161207,15.082563046161207,0.4512939447540166,,,,,,,,,,,,,,,,,,,,
real,300,gulf,8,LSTM-ms,2,crossing,43,376,16.621525346774582,16.621525346774582,0.4875439629126882,,,,,,,,,,,,,,,,,,,,
real,300,gulf,8,LSTM-ms,2,crossing,44,379,12.737786738461292,12.737786738461292,0.3861635163553013,,,,,,,,,,,,,,,,,,,,
real,300,gulf,8,LSTM-ms,2,crossing,45,390,5.723878703507593,5.723878703507593,0.4951852240117614,,,,,,,,,,,,,,,,,,,,
real,300,gulf,8,LSTM-ms,2,crossing,46,392,27.72981534278558,27.72981534278558,0.14136708767312797,,,,,,,,,,,,,,,,,,,,
real,300,gulf,8,LSTM-ms,2,crossing,47,431,22.746637262696645,22.746637262696645,0.24635687169099865,,,,,,,,,,,,,,,,,,,,
real,300,gulf,8,LSTM-ms,2,crossing,48,434,29.89984751502554,29.89984751502554,0.28820417646795476,,,,,,,,,,,,,,,,,,,,
real,300,gulf,8,LSTM-ms,2,crossing,49,439,23.64290570039901,23.64290570039901,0.4650125098629971,,,,,,,,,,,,,,,,,,,,
real,300,gulf,8,LSTM-ms,2,crossing,50,450,16.477129299602048,16.477129299602048,0.4971485674228934,,,,,,,,,,,,,,,,,,,,
real,300,gulf,8,LSTM-ms,2,crossing,51,451,15.186844998115507,15.186844998115507,0.4686000053403285,,,,,,,,,,,,,,,,,,,,
real,300,gulf,8,LSTM-ms,2,crossing,52,454,23.184931580435894,23.184931580435894,0.32359283391388705,,,,,,,,,,,,,,,,,,,,
real,300,gulf,8,LSTM-ms,2,crossing,53,459,29.729909409531356,29.729909409531356,0.14855372978477413,,,,,,,,,,,,,,,,,,,,
real,300,gulf,8,LSTM-ms,2,crossing,54,466,17.385293109684977,17.385293109684977,0.47227205941549016,,,,,,,,,,,,,,,,,,,,
real,300,gulf,8,LSTM-ms,2,crossing,55,482,26.32302532618891,26.32302532618891,0.042633591817114645,,,,,,,,,,,,,,,,,,,,
real,300,gulf,8,LSTM-ms,2,crossing,56,488,29.23112180747541,29.23112180747541,1.2697059860833613,,,,,,,,,,,,,,,,,,,,
real,300,gulf,8,LSTM-ms,2,crossing,57,498,4.6604462614447515,4.6604462614447515,0.4600099457679467,,,,,,,,,,,,,,,,,,,,
real,300,gulf,8,LSTM-rec,3,buffer,0,1,20.8017040855639,20.8017040855639,0.39228662105015727,,,,,,,,,,,,,,,,,,,,
real,300,gulf,8,LSTM-rec,3,buffer,1,35,15.340507888694118,15.340507888694118,0.4116062050846804,,,,,,,,,,,,,,,,,,,,
real,300,gulf,8,LSTM-rec,3,buffer,2,37,8.828321443587955,8.828321443587955,1.3620741079405463,,,,,,,,,,,,,,,,,,,,
real,300,gulf,8,LSTM-rec,3,buffer,3,46,13.276812366684103,13.276812366684103,0.4523546036373182,,,,,,,,,,,,,,,,,,,,
real,300,gulf,8,LSTM-rec,3,buffer,4,62,8.396556931936296,8.396556931936296,1.2786629539358552,,,,,,,,121.0,121.0,120.0,120.0,119.0,119.0,118.0,118.0,118.0,117.0,117.0,116.0,116.0
real,300,gulf,8,LSTM-rec,3,buffer,5,65,26.377825584413078,26.377825584413078,1.4004977090108017,,,,,,,,,,,,,,,,,,,,
real,300,gulf,8,LSTM-rec,3,buffer,6,77,9.808795356741728,9.808795356741728,1.2478008372632317,,,,,,,,,,,,,,,,,,,,
real,300,gulf,8,LSTM-rec,3,buffer,7,79,26.618563972639443,26.618563972639443,1.4229685319163434,,,,,,,,,,,,,,,,,,,,
real,300,gulf,8,LSTM-rec,3,buffer,8,87,22.432396256986827,22.432396256986827,0.3775960688687145,,,,,,,,,,,,,,,,,,,,
real,300,gulf,8,LSTM-rec,3,buffer,9,89,25.085520499282993,25.085520499282993,0.25760680811830866,,,,,,,,,,,,,,,,,,,,
real,300,gulf,8,LSTM-rec,3,buffer,10,91,26.75490705751315,26.75490705751315,0.2666595090605285,,,,,,,,,,,,,,,,,,,,
real,300,gulf,8,LSTM-rec,3,buffer,11,93,27.817192920627452,27.817192920627452,0.4333582210288748,,,,,,,,,,,,,,,,,,,,
real,300,gulf,8,LSTM-rec,3,buffer,12,94,3.765097001712832,3.765097001712832,0.536150355634149,,,,,,,,,21.0,20.0,19.0,16.0,15.0,14.0,13.0,12.0,11.0,11.0,10.0,10.0
real,300,gulf,8,LSTM-rec,3,buffer,13,103,20.01960140448338,20.01960140448338,0.4743476329125509,,,,,,,,,,,,,,,,,,,,
real,300,gulf,8,LSTM-rec,3,buffer,14,143,14.523869913386173,14.523869913386173,0.5899670350379019,,,,,,,,,,,,,,,,,,,,
real,300,gulf,8,LSTM-rec,3,buffer,15,159,6.08911276306061,6.08911276306061,1.3376489578769835,,,,,,,,,,,,112.0,111.0,110.0,109.0,108.0,106.0,106.0,105.0,104.0
real,300,gulf,8,LSTM-rec,3,buffer,16,160,19.671454924714123,19.671454924714123,1.2403873384992785,,,,,,,,,,,,,,,,,,,,
real,300,gulf,8,LSTM-rec,3,buffer,17,190,20.20306449439684,20.20306449439684,0.31327715659609306,,,,,,,,,,,,,,,,,,,,
real,300,gulf,8,LSTM-rec,3,buffer,18,198,26.604186509626903,26.604186509626903,0.3215685963729888,,,,,,,,,,,,,,,,,,,,
real,300,gulf,8,LSTM-rec,3,buffer,19,210,21.146779939817037,21.146779939817037,0.1501802784062931,,,,,,,,,,,,,,,,,,,,
real,300,gulf,8,LSTM-rec,3,buffer,20,226,15.964038646759398,15.964038646759398,0.5962570839508283,,,,,,,,,,,,,,,,,,,,
real,300,gulf,8,LSTM-rec,3,buffer,21,228,15.521368966601516,15.521368966601516,0.9996471361649935,,,,,,,,,,,,,,,,,,,,
real,300,gulf,8,LSTM-rec,3,buffer,22,233,27.67445716949665,27.67445716949665,0.7223894258553424,,,,,,,,,,,,,,,,,,,,
real,300,gulf,8,LSTM-rec,3,buffer,23,260,7.452539658277246,7.452539658277246,0.5354962888986673,,,,,,,,,,,,,21.0,21.0,20.0,20.0,19.0,12.0,12.0,12.0
real,300,gulf,8,LSTM-rec,3,buffer,24,265,2.798735455735266,2.798735455735266,0.4674361193238785,,,191.0,190.0,189.0,188.0,187.0,156.0,52.0,52.0,51.0,50.0,49.0,48.0,48.0,47.0,46.0,45.0,44.0,43.0
real,300,gulf,8,LSTM-rec,3,buffer,25,268,25.056974188782423,25.056974188782423,0.28663155623980624,,,,,,,,,,,,,,,,,,,,
real,300,gulf,8,LSTM-rec,3,buffer,26,269,24.89190129112329,24.89190129112329,1.2544906589735085,,,,,,,,,,,,,,,,,,,,
real,300,gulf,8,LSTM-rec,3,buffer,27,273,20.107085695080453,20.107085695080453,0.39427433184390875,,,,,,,,,,,,,,,,,,,,
real,300,gulf,8,LSTM-rec,3,buffer,28,281,27.722108153990412,27.722108153990412,0.6979446212535928,,,,,,,,,,,,,,,,,,,,
real,300,gulf,8,LSTM-rec,3,buffer,29,300,25.04882187368538,25.04882187368538,0.20987135516554603,,,,,,,,,,,,,,,,,,,,
real,300,gulf,8,LSTM-rec,3,buffer,30,305,29.55653307602145,29.55653307602145,0.10317853968624675,,,,,,,,,,,,,,,,,,,,
real,300,gulf,8,LSTM-rec,3,buffer,31,319,23.509158380390005,23.509158380390005,0.35959979055669145,,,,,,,,,,,,,,,,,,,,
real,300,gulf,8,LSTM-rec,3,buffer,32,320,25.29331096556109,25.29331096556109,0.20992973618047084,,,,,,,,,,,,,,,,,,,,
real,300,gulf,8,LSTM-rec,3,buffer,33,328,20.98469702923681,20.98469702923681,0.34375029109972977,,,,,,,,,,,,,,,,,,,,
real,300,gulf,8,LSTM-rec,3,buffer,34,332,14.65416551681818,14.65416551681818,0.5664140673068753,,,,,,,,,,,,,,,,,,,,
real,300,gulf,8,LSTM-rec,3,buffer,35,350,26.89163526063397,26.89163526063397,0.1566109194866676,,,,,,,,,,,,,,,,,,,,
real,300,gulf,8,LSTM-rec,3,buffer,36,352,21.204422616583035,21.204422616583035,0.4350413060422109,,,,,,,,,,,,,,,,,,,,
real,300,gulf,8,LSTM-rec,3,buffer,37,353,26.89944041328231,26.89944041328231,0.45497586484384295,,,,,,,,,,,,,,,,,,,,
real,300,gulf,8,LSTM-rec,3,buffer,38,354,22.590579683274726,22.590579683274726,0.4847490602736013,,,,,,,,,,,,,,,,,,,,
real,300,gulf,8,LSTM-rec,3,buffer,39,356,19.097389171362785,19.097389171362785,0.5837999220760901,,,,,,,,,,,,,,,,,,,,
real,300,gulf,8,LSTM-rec,3,buffer,40,357,21.931944022182652,21.931944022182652,1.1189638707934542,,,,,,,,,,,,,,,,,,,,
real,300,gulf,8,LSTM-rec,3,buffer,41,360,27.7392228671328,27.7392228671328,0.14723191063565128,,,,,,,,,,,,,,,,,,,,
real,300,gulf,8,LSTM-rec,3,buffer,42,375,15.082563046161207,15.082563046161207,0.4512939447540166,,,,,,,,,,,,,,,,,,,,
real,300,gulf,8,LSTM-rec,3,buffer,43,376,16.621525346774582,16.621525346774582,0.4875439629126882,,,,,,,,,,,,,,,,,,,,
real,300,gulf,8,LSTM-rec,3,buffer,44,379,12.737786738461292,12.737786738461292,0.3861635163553013,,,,,,,,,,,,,,,,,,,,
real,300,gulf,8,LSTM-rec,3,buffer,45,390,5.723878703507593,5.723878703507593,0.4951852240117614,,,,,,,,,,,70.0,69.0,68.0,68.0,67.0,66.0,65.0,65.0,64.0,64.0
real,300,gulf,8,LSTM-rec,3,buffer,46,392,27.72981534278558,27.72981534278558,0.14136708767312797,,,,,,,,,,,,,,,,,,,,
real,300,gulf,8,LSTM-rec,3,buffer,47,431,22.746637262696645,22.746637262696645,0.24635687169099865,,,,,,,,,,,,,,,,,,,,
real,300,gulf,8,LSTM-rec,3,buffer,48,434,29.89984751502554,29.89984751502554,0.28820417646795476,,,,,,,,,,,,,,,,,,,,
real,300,gulf,8,LSTM-rec,3,buffer,49,439,23.64290570039901,23.64290570039901,0.4650125098629971,,,,,,,,,,,,,,,,,,,,
real,300,gulf,8,LSTM-rec,3,buffer,50,450,16.477129299602048,16.477129299602048,0.4971485674228934,,,,,,,,,,,,,,,,,,,,
real,300,gulf,8,LSTM-rec,3,buffer,51,451,15.186844998115507,15.186844998115507,0.4686000053403285,,,,,,,,,,,,,,,,,,,,
real,300,gulf,8,LSTM-rec,3,buffer,52,454,23.184931580435894,23.184931580435894,0.32359283391388705,,,,,,,,,,,,,,,,,,,,
real,300,gulf,8,LSTM-rec,3,buffer,53,459,29.729909409531356,29.729909409531356,0.14855372978477413,,,,,,,,,,,,,,,,,,,,
real,300,gulf,8,LSTM-rec,3,buffer,54,466,17.385293109684977,17.385293109684977,0.47227205941549016,,,,,,,,,,,,,,,,,,,,
real,300,gulf,8,LSTM-rec,3,buffer,55,482,26.32302532618891,26.32302532618891,0.042633591817114645,,,,,,,,,,,,,,,,,,,,
real,300,gulf,8,LSTM-rec,3,buffer,56,488,29.23112180747541,29.23112180747541,1.2697059860833613,,,,,,,,,,,,,,,,,,,,
real,300,gulf,8,LSTM-rec,3,buffer,57,498,4.6604462614447515,4.6604462614447515,0.4600099457679467,,,,,,,,,125.0,125.0,124.0,123.0,122.0,121.0,120.0,119.0,117.0,116.0,116.0,115.0
real,300,gulf,8,LSTM-rec,3,crossing,0,1,20.8017040855639,20.8017040855639,0.39228662105015727,,,,,,,,,,,,,,,,,,,,
real,300,gulf,8,LSTM-rec,3,crossing,1,35,15.340507888694118,15.340507888694118,0.4116062050846804,,,,,,,,,,,,,,,,,,,,
real,300,gulf,8,LSTM-rec,3,crossing,2,37,8.828321443587955,8.828321443587955,1.3620741079405463,,,,,,,,,,,,,,,,,,,,
real,300,gulf,8,LSTM-rec,3,crossing,3,46,13.276812366684103,13.276812366684103,0.4523546036373182,,,,,,,,,,,,,,,,,,,,
real,300,gulf,8,LSTM-rec,3,crossing,4,62,8.396556931936296,8.396556931936296,1.2786629539358552,,,,,,,,,,,121.0,121.0,120.0,120.0,119.0,119.0,119.0,118.0,118.0,118.0
real,300,gulf,8,LSTM-rec,3,crossing,5,65,26.377825584413078,26.377825584413078,1.4004977090108017,,,,,,,,,,,,,,,,,,,,
real,300,gulf,8,LSTM-rec,3,crossing,6,77,9.808795356741728,9.808795356741728,1.2478008372632317,,,,,,,,,,,,,,,,,,,,
real,300,gulf,8,LSTM-rec,3,crossing,7,79,26.618563972639443,26.618563972639443,1.4229685319163434,,,,,,,,,,,,,,,,,,,,
real,300,gulf,8,LSTM-rec,3,crossing,8,87,22.432396256986827,22.432396256986827,0.3775960688687145,,,,,,,,,,,,,,,,,,,,
real,300,gulf,8,LSTM-rec,3,crossing,9,89,25.085520499282993,25.085520499282993,0.25760680811830866,,,,,,,,,,,,,,,,,,,,
real,300,gulf,8,LSTM-rec,3,crossing,10,91,26.75490705751315,26.75490705751315,0.2666595090605285,,,,,,,,,,,,,,,,,,,,
real,300,gulf,8,LSTM-rec,3,crossing,11,93,27.817192920627452,27.817192920627452,0.4333582210288748,,,,,,,,,,,,,,,,,,,,
real,300,gulf,8,LSTM-rec,3,crossing,12,94,3.765097001712832,3.765097001712832,0.536150355634149,,,,,,,,,,,,,,,,21.0,20.0,18.0,16.0,15.0
real,300,gulf,8,LSTM-rec,3,crossing,13,103,20.01960140448338,20.01960140448338,0.4743476329125509,,,,,,,,,,,,,,,,,,,,
real,300,gulf,8,LSTM-rec,3,crossing,14,143,14.523869913386173,14.523869913386173,0.5899670350379019,,,,,,,,,,,,,,,,,,,,
real,300,gulf,8,LSTM-rec,3,crossing,15,159,6.08911276306061,6.08911276306061,1.3376489578769835,,,,,,,,,,,,,,,,,,112.0,111.0,110.0
real,300,gulf,8,LSTM-rec,3,crossing,16,160,19.671454924714123,19.671454924714123,1.2403873384992785,,,,,,,,,,,,,,,,,,,,
real,300,gulf,8,LSTM-rec,3,crossing,17,190,20.20306449439684,20.20306449439684,0.31327715659609306,,,,,,,,,,,,,,,,,,,,
real,300,gulf,8,LSTM-rec,3,crossing,18,198,26.604186509626903,26.604186509626903,0.3215685963729888,,,,,,,,,,,,,,,,,,,,
real,300,gulf,8,LSTM-rec,3,crossing,19,210,21.146779939817037,21.146779939817037,0.1501802784062931,,,,,,,,,,,,,,,,,,,,
real,300,gulf,8,LSTM-rec,3,crossing,20,226,15.964038646759398,15.964038646759398,0.5962570839508283,,,,,,,,,,,,,,,,,,,,
real,300,gulf,8,LSTM-rec,3,crossing,21,228,15.521368966601516,15.521368966601516,0.9996471361649935,,,,,,,,,,,,,,,,,,,,
real,300,gulf,8,LSTM-rec,3,crossing,22,233,27.67445716949665,27.67445716949665,0.7223894258553424,,,,,,,,,,,,,,,,,,,,
real,300,gulf,8,LSTM-rec,3,crossing,23,260,7.452539658277246,7.452539658277246,0.5354962888986673,,,,,,,,,,,,,,,,,,,21.0,21.0
real,300,gulf,8,LSTM-rec,3,crossing,24,265,2.798735455735266,2.798735455735266,0.4674361193238785,,,,,,,,,,190.0,188.0,187.0,187.0,187.0,52.0,52.0,51.0,50.0,49.0,48.0
real,300,gulf,8,LSTM-rec,3,crossing,25,268,25.056974188782423,25.056974188782423,0.28663155623980624,,,,,,,,,,,,,,,,,,,,
real,300,gulf,8,LSTM-rec,3,crossing,26,269,24.89190129112329,24.89190129112329,1.2544906589735085,,,,,,,,,,,,,,,,,,,,
real,300,gulf,8,LSTM-rec,3,crossing,27,273,20.107085695080453,20.107085695080453,0.39427433184390875,,,,,,,,,,,,,,,,,,,,
real,300,gulf,8,LSTM-rec,3,crossing,28,281,27.722108153990412,27.722108153990412,0.6979446212535928,,,,,,,,,,,,,,,,,,,,
real,300,gulf,8,LSTM-rec,3,crossing,29,300,25.04882187368538,25.04882187368538,0.20987135516554603,,,,,,,,,,,,,,,,,,,,
real,300,gulf,8,LSTM-rec,3,crossing,30,305,29.55653307602145,29.55653307602145,0.10317853968624675,,,,,,,,,,,,,,,,,,,,
real,300,gulf,8,LSTM-rec,3,crossing,31,319,23.509158380390005,23.509158380390005,0.35959979055669145,,,,,,,,,,,,,,,,,,,,
real,300,gulf,8,LSTM-rec,3,crossing,32,320,25.29331096556109,25.29331096556109,0.20992973618047084,,,,,,,,,,,,,,,,,,,,
real,300,gulf,8,LSTM-rec,3,crossing,33,328,20.98469702923681,20.98469702923681,0.34375029109972977,,,,,,,,,,,,,,,,,,,,
real,300,gulf,8,LSTM-rec,3,crossing,34,332,14.65416551681818,14.65416551681818,0.5664140673068753,,,,,,,,,,,,,,,,,,,,
real,300,gulf,8,LSTM-rec,3,crossing,35,350,26.89163526063397,26.89163526063397,0.1566109194866676,,,,,,,,,,,,,,,,,,,,
real,300,gulf,8,LSTM-rec,3,crossing,36,352,21.204422616583035,21.204422616583035,0.4350413060422109,,,,,,,,,,,,,,,,,,,,
real,300,gulf,8,LSTM-rec,3,crossing,37,353,26.89944041328231,26.89944041328231,0.45497586484384295,,,,,,,,,,,,,,,,,,,,
real,300,gulf,8,LSTM-rec,3,crossing,38,354,22.590579683274726,22.590579683274726,0.4847490602736013,,,,,,,,,,,,,,,,,,,,
real,300,gulf,8,LSTM-rec,3,crossing,39,356,19.097389171362785,19.097389171362785,0.5837999220760901,,,,,,,,,,,,,,,,,,,,
real,300,gulf,8,LSTM-rec,3,crossing,40,357,21.931944022182652,21.931944022182652,1.1189638707934542,,,,,,,,,,,,,,,,,,,,
real,300,gulf,8,LSTM-rec,3,crossing,41,360,27.7392228671328,27.7392228671328,0.14723191063565128,,,,,,,,,,,,,,,,,,,,
real,300,gulf,8,LSTM-rec,3,crossing,42,375,15.082563046161207,15.082563046161207,0.4512939447540166,,,,,,,,,,,,,,,,,,,,
real,300,gulf,8,LSTM-rec,3,crossing,43,376,16.621525346774582,16.621525346774582,0.4875439629126882,,,,,,,,,,,,,,,,,,,,
real,300,gulf,8,LSTM-rec,3,crossing,44,379,12.737786738461292,12.737786738461292,0.3861635163553013,,,,,,,,,,,,,,,,,,,,
real,300,gulf,8,LSTM-rec,3,crossing,45,390,5.723878703507593,5.723878703507593,0.4951852240117614,,,,,,,,,,,,,,,,,70.0,69.0,69.0,68.0
real,300,gulf,8,LSTM-rec,3,crossing,46,392,27.72981534278558,27.72981534278558,0.14136708767312797,,,,,,,,,,,,,,,,,,,,
real,300,gulf,8,LSTM-rec,3,crossing,47,431,22.746637262696645,22.746637262696645,0.24635687169099865,,,,,,,,,,,,,,,,,,,,
real,300,gulf,8,LSTM-rec,3,crossing,48,434,29.89984751502554,29.89984751502554,0.28820417646795476,,,,,,,,,,,,,,,,,,,,
real,300,gulf,8,LSTM-rec,3,crossing,49,439,23.64290570039901,23.64290570039901,0.4650125098629971,,,,,,,,,,,,,,,,,,,,
real,300,gulf,8,LSTM-rec,3,crossing,50,450,16.477129299602048,16.477129299602048,0.4971485674228934,,,,,,,,,,,,,,,,,,,,
real,300,gulf,8,LSTM-rec,3,crossing,51,451,15.186844998115507,15.186844998115507,0.4686000053403285,,,,,,,,,,,,,,,,,,,,
real,300,gulf,8,LSTM-rec,3,crossing,52,454,23.184931580435894,23.184931580435894,0.32359283391388705,,,,,,,,,,,,,,,,,,,,
real,300,gulf,8,LSTM-rec,3,crossing,53,459,29.729909409531356,29.729909409531356,0.14855372978477413,,,,,,,,,,,,,,,,,,,,
real,300,gulf,8,LSTM-rec,3,crossing,54,466,17.385293109684977,17.385293109684977,0.47227205941549016,,,,,,,,,,,,,,,,,,,,
real,300,gulf,8,LSTM-rec,3,crossing,55,482,26.32302532618891,26.32302532618891,0.042633591817114645,,,,,,,,,,,,,,,,,,,,
real,300,gulf,8,LSTM-rec,3,crossing,56,488,29.23112180747541,29.23112180747541,1.2697059860833613,,,,,,,,,,,,,,,,,,,,
real,300,gulf,8,LSTM-rec,3,crossing,57,498,4.6604462614447515,4.6604462614447515,0.4600099457679467,,,,,,,,,,,,,,,125.0,125.0,124.0,123.0,122.0,121.0
real,300,gulf,8,LSTM-ms,3,buffer,0,1,20.8017040855639,20.8017040855639,0.39228662105015727,,,,,,,,,,,,,,,,,,,,
real,300,gulf,8,LSTM-ms,3,buffer,1,35,15.340507888694118,15.340507888694118,0.4116062050846804,,,,,,,,,,,,,,,,,,,,
real,300,gulf,8,LSTM-ms,3,buffer,2,37,8.828321443587955,8.828321443587955,1.3620741079405463,,,,,,,,,,,,,,,,,,,,
real,300,gulf,8,LSTM-ms,3,buffer,3,46,13.276812366684103,13.276812366684103,0.4523546036373182,,,,,,,,,,,,,,,,,,,,
real,300,gulf,8,LSTM-ms,3,buffer,4,62,8.396556931936296,8.396556931936296,1.2786629539358552,,,,,,,,,,,,,121.0,121.0,121.0,120.0,120.0,120.0,119.0,119.0
real,300,gulf,8,LSTM-ms,3,buffer,5,65,26.377825584413078,26.377825584413078,1.4004977090108017,,,,,,,,,,,,,,,,,,,,
real,300,gulf,8,LSTM-ms,3,buffer,6,77,9.808795356741728,9.808795356741728,1.2478008372632317,,,,,,,,,,,,,,,,,,,,
real,300,gulf,8,LSTM-ms,3,buffer,7,79,26.618563972639443,26.618563972639443,1.4229685319163434,,,,,,,,,,,,,,,,,,,,
real,300,gulf,8,LSTM-ms,3,buffer,8,87,22.432396256986827,22.432396256986827,0.3775960688687145,,,,,,,,,,,,,,,,,,,,
real,300,gulf,8,LSTM-ms,3,buffer,9,89,25.085520499282993,25.085520499282993,0.25760680811830866,,,,,,,,,,,,,,,,,,,,
real,300,gulf,8,LSTM-ms,3,buffer,10,91,26.75490705751315,26.75490705751315,0.2666595090605285,,,,,,,,,,,,,,,,,,,,
real,300,gulf,8,LSTM-ms,3,buffer,11,93,27.817192920627452,27.817192920627452,0.4333582210288748,,,,,,,,,,,,,,,,,,,,
real,300,gulf,8,LSTM-ms,3,buffer,12,94,3.765097001712832,3.765097001712832,0.536150355634149,,,,,,,,,,,,,,,,,,,,
real,300,gulf,8,LSTM-ms,3,buffer,13,103,20.01960140448338,20.01960140448338,0.4743476329125509,,,,,,,,,,,,,,,,,,,,
real,300,gulf,8,LSTM-ms,3,buffer,14,143,14.523869913386173,14.523869913386173,0.5899670350379019,,,,,,,,,,,,,,,,,,,,
real,300,gulf,8,LSTM-ms,3,buffer,15,159,6.08911276306061,6.08911276306061,1.3376489578769835,,,,,,,,,,,,,,,,,,,,
real,300,gulf,8,LSTM-ms,3,buffer,16,160,19.671454924714123,19.671454924714123,1.2403873384992785,,,,,,,,,,,,,,,,,,,,
real,300,gulf,8,LSTM-ms,3,buffer,17,190,20.20306449439684,20.20306449439684,0.31327715659609306,,,,,,,,,,,,,,,,,,,,
real,300,gulf,8,LSTM-ms,3,buffer,18,198,26.604186509626903,26.604186509626903,0.3215685963729888,,,,,,,,,,,,,,,,,,,,
real,300,gulf,8,LSTM-ms,3,buffer,19,210,21.146779939817037,21.146779939817037,0.1501802784062931,,,,,,,,,,,,,,,,,,,,
real,300,gulf,8,LSTM-ms,3,buffer,20,226,15.964038646759398,15.964038646759398,0.5962570839508283,,,,,,,,,,,,,,,,,,,,
real,300,gulf,8,LSTM-ms,3,buffer,21,228,15.521368966601516,15.521368966601516,0.9996471361649935,,,,,,,,,,,,,,,,,,,,
real,300,gulf,8,LSTM-ms,3,buffer,22,233,27.67445716949665,27.67445716949665,0.7223894258553424,,,,,,,,,,,,,,,,,,,,
real,300,gulf,8,LSTM-ms,3,buffer,23,260,7.452539658277246,7.452539658277246,0.5354962888986673,,,,,,,,,,,,,,,,,,,,
real,300,gulf,8,LSTM-ms,3,buffer,24,265,2.798735455735266,2.798735455735266,0.4674361193238785,,,,,,,,,,191.0,190.0,190.0,190.0,190.0,189.0,189.0,189.0,189.0,188.0,188.0
real,300,gulf,8,LSTM-ms,3,buffer,25,268,25.056974188782423,25.056974188782423,0.28663155623980624,,,,,,,,,,,,,,,,,,,,
real,300,gulf,8,LSTM-ms,3,buffer,26,269,24.89190129112329,24.89190129112329,1.2544906589735085,,,,,,,,,,,,,,,,,,,,
real,300,gulf,8,LSTM-ms,3,buffer,27,273,20.107085695080453,20.107085695080453,0.39427433184390875,,,,,,,,,,,,,,,,,,,,
real,300,gulf,8,LSTM-ms,3,buffer,28,281,27.722108153990412,27.722108153990412,0.6979446212535928,,,,,,,,,,,,,,,,,,,,
real,300,gulf,8,LSTM-ms,3,buffer,29,300,25.04882187368538,25.04882187368538,0.20987135516554603,,,,,,,,,,,,,,,,,,,,
real,300,gulf,8,LSTM-ms,3,buffer,30,305,29.55653307602145,29.55653307602145,0.10317853968624675,,,,,,,,,,,,,,,,,,,,
real,300,gulf,8,LSTM-ms,3,buffer,31,319,23.509158380390005,23.509158380390005,0.35959979055669145,,,,,,,,,,,,,,,,,,,,
real,300,gulf,8,LSTM-ms,3,buffer,32,320,25.29331096556109,25.29331096556109,0.20992973618047084,,,,,,,,,,,,,,,,,,,,
real,300,gulf,8,LSTM-ms,3,buffer,33,328,20.98469702923681,20.98469702923681,0.34375029109972977,,,,,,,,,,,,,,,,,,,,
real,300,gulf,8,LSTM-ms,3,buffer,34,332,14.65416551681818,14.65416551681818,0.5664140673068753,,,,,,,,,,,,,,,,,,,,
real,300,gulf,8,LSTM-ms,3,buffer,35,350,26.89163526063397,26.89163526063397,0.1566109194866676,,,,,,,,,,,,,,,,,,,,
real,300,gulf,8,LSTM-ms,3,buffer,36,352,21.204422616583035,21.204422616583035,0.4350413060422109,,,,,,,,,,,,,,,,,,,,
real,300,gulf,8,LSTM-ms,3,buffer,37,353,26.89944041328231,26.89944041328231,0.45497586484384295,,,,,,,,,,,,,,,,,,,,
real,300,gulf,8,LSTM-ms,3,buffer,38,354,22.590579683274726,22.590579683274726,0.4847490602736013,,,,,,,,,,,,,,,,,,,,
real,300,gulf,8,LSTM-ms,3,buffer,39,356,19.097389171362785,19.097389171362785,0.5837999220760901,,,,,,,,,,,,,,,,,,,,
real,300,gulf,8,LSTM-ms,3,buffer,40,357,21.931944022182652,21.931944022182652,1.1189638707934542,,,,,,,,,,,,,,,,,,,,
real,300,gulf,8,LSTM-ms,3,buffer,41,360,27.7392228671328,27.7392228671328,0.14723191063565128,,,,,,,,,,,,,,,,,,,,
real,300,gulf,8,LSTM-ms,3,buffer,42,375,15.082563046161207,15.082563046161207,0.4512939447540166,,,,,,,,,,,,,,,,,,,,
real,300,gulf,8,LSTM-ms,3,buffer,43,376,16.621525346774582,16.621525346774582,0.4875439629126882,,,,,,,,,,,,,,,,,,,,
real,300,gulf,8,LSTM-ms,3,buffer,44,379,12.737786738461292,12.737786738461292,0.3861635163553013,,,,,,,,,,,,,,,,,,,,
real,300,gulf,8,LSTM-ms,3,buffer,45,390,5.723878703507593,5.723878703507593,0.4951852240117614,,,,,,,,,,,,,,,,,,,,
real,300,gulf,8,LSTM-ms,3,buffer,46,392,27.72981534278558,27.72981534278558,0.14136708767312797,,,,,,,,,,,,,,,,,,,,
real,300,gulf,8,LSTM-ms,3,buffer,47,431,22.746637262696645,22.746637262696645,0.24635687169099865,,,,,,,,,,,,,,,,,,,,
real,300,gulf,8,LSTM-ms,3,buffer,48,434,29.89984751502554,29.89984751502554,0.28820417646795476,,,,,,,,,,,,,,,,,,,,
real,300,gulf,8,LSTM-ms,3,buffer,49,439,23.64290570039901,23.64290570039901,0.4650125098629971,,,,,,,,,,,,,,,,,,,,
real,300,gulf,8,LSTM-ms,3,buffer,50,450,16.477129299602048,16.477129299602048,0.4971485674228934,,,,,,,,,,,,,,,,,,,,
real,300,gulf,8,LSTM-ms,3,buffer,51,451,15.186844998115507,15.186844998115507,0.4686000053403285,,,,,,,,,,,,,,,,,,,,
real,300,gulf,8,LSTM-ms,3,buffer,52,454,23.184931580435894,23.184931580435894,0.32359283391388705,,,,,,,,,,,,,,,,,,,,
real,300,gulf,8,LSTM-ms,3,buffer,53,459,29.729909409531356,29.729909409531356,0.14855372978477413,,,,,,,,,,,,,,,,,,,,
real,300,gulf,8,LSTM-ms,3,buffer,54,466,17.385293109684977,17.385293109684977,0.47227205941549016,,,,,,,,,,,,,,,,,,,,
real,300,gulf,8,LSTM-ms,3,buffer,55,482,26.32302532618891,26.32302532618891,0.042633591817114645,,,,,,,,,,,,,,,,,,,,
real,300,gulf,8,LSTM-ms,3,buffer,56,488,29.23112180747541,29.23112180747541,1.2697059860833613,,,,,,,,,,,,,,,,,,,,
real,300,gulf,8,LSTM-ms,3,buffer,57,498,4.6604462614447515,4.6604462614447515,0.4600099457679467,,,,,,,,,,,,,,,,,,,,
real,300,gulf,8,LSTM-ms,3,crossing,0,1,20.8017040855639,20.8017040855639,0.39228662105015727,,,,,,,,,,,,,,,,,,,,
real,300,gulf,8,LSTM-ms,3,crossing,1,35,15.340507888694118,15.340507888694118,0.4116062050846804,,,,,,,,,,,,,,,,,,,,
real,300,gulf,8,LSTM-ms,3,crossing,2,37,8.828321443587955,8.828321443587955,1.3620741079405463,,,,,,,,,,,,,,,,,,,,
real,300,gulf,8,LSTM-ms,3,crossing,3,46,13.276812366684103,13.276812366684103,0.4523546036373182,,,,,,,,,,,,,,,,,,,,
real,300,gulf,8,LSTM-ms,3,crossing,4,62,8.396556931936296,8.396556931936296,1.2786629539358552,,,,,,,,,,,,,,,,,,121.0,121.0,121.0
real,300,gulf,8,LSTM-ms,3,crossing,5,65,26.377825584413078,26.377825584413078,1.4004977090108017,,,,,,,,,,,,,,,,,,,,
real,300,gulf,8,LSTM-ms,3,crossing,6,77,9.808795356741728,9.808795356741728,1.2478008372632317,,,,,,,,,,,,,,,,,,,,
real,300,gulf,8,LSTM-ms,3,crossing,7,79,26.618563972639443,26.618563972639443,1.4229685319163434,,,,,,,,,,,,,,,,,,,,
real,300,gulf,8,LSTM-ms,3,crossing,8,87,22.432396256986827,22.432396256986827,0.3775960688687145,,,,,,,,,,,,,,,,,,,,
real,300,gulf,8,LSTM-ms,3,crossing,9,89,25.085520499282993,25.085520499282993,0.25760680811830866,,,,,,,,,,,,,,,,,,,,
real,300,gulf,8,LSTM-ms,3,crossing,10,91,26.75490705751315,26.75490705751315,0.2666595090605285,,,,,,,,,,,,,,,,,,,,
real,300,gulf,8,LSTM-ms,3,crossing,11,93,27.817192920627452,27.817192920627452,0.4333582210288748,,,,,,,,,,,,,,,,,,,,
real,300,gulf,8,LSTM-ms,3,crossing,12,94,3.765097001712832,3.765097001712832,0.536150355634149,,,,,,,,,,,,,,,,,,,,
real,300,gulf,8,LSTM-ms,3,crossing,13,103,20.01960140448338,20.01960140448338,0.4743476329125509,,,,,,,,,,,,,,,,,,,,
real,300,gulf,8,LSTM-ms,3,crossing,14,143,14.523869913386173,14.523869913386173,0.5899670350379019,,,,,,,,,,,,,,,,,,,,
real,300,gulf,8,LSTM-ms,3,crossing,15,159,6.08911276306061,6.08911276306061,1.3376489578769835,,,,,,,,,,,,,,,,,,,,
real,300,gulf,8,LSTM-ms,3,crossing,16,160,19.671454924714123,19.671454924714123,1.2403873384992785,,,,,,,,,,,,,,,,,,,,
real,300,gulf,8,LSTM-ms,3,crossing,17,190,20.20306449439684,20.20306449439684,0.31327715659609306,,,,,,,,,,,,,,,,,,,,
real,300,gulf,8,LSTM-ms,3,crossing,18,198,26.604186509626903,26.604186509626903,0.3215685963729888,,,,,,,,,,,,,,,,,,,,
real,300,gulf,8,LSTM-ms,3,crossing,19,210,21.146779939817037,21.146779939817037,0.1501802784062931,,,,,,,,,,,,,,,,,,,,
real,300,gulf,8,LSTM-ms,3,crossing,20,226,15.964038646759398,15.964038646759398,0.5962570839508283,,,,,,,,,,,,,,,,,,,,
real,300,gulf,8,LSTM-ms,3,crossing,21,228,15.521368966601516,15.521368966601516,0.9996471361649935,,,,,,,,,,,,,,,,,,,,
real,300,gulf,8,LSTM-ms,3,crossing,22,233,27.67445716949665,27.67445716949665,0.7223894258553424,,,,,,,,,,,,,,,,,,,,
real,300,gulf,8,LSTM-ms,3,crossing,23,260,7.452539658277246,7.452539658277246,0.5354962888986673,,,,,,,,,,,,,,,,,,,,
real,300,gulf,8,LSTM-ms,3,crossing,24,265,2.798735455735266,2.798735455735266,0.4674361193238785,,,,,,,,,,,,,,,,,,,,
real,300,gulf,8,LSTM-ms,3,crossing,25,268,25.056974188782423,25.056974188782423,0.28663155623980624,,,,,,,,,,,,,,,,,,,,
real,300,gulf,8,LSTM-ms,3,crossing,26,269,24.89190129112329,24.89190129112329,1.2544906589735085,,,,,,,,,,,,,,,,,,,,
real,300,gulf,8,LSTM-ms,3,crossing,27,273,20.107085695080453,20.107085695080453,0.39427433184390875,,,,,,,,,,,,,,,,,,,,
real,300,gulf,8,LSTM-ms,3,crossing,28,281,27.722108153990412,27.722108153990412,0.6979446212535928,,,,,,,,,,,,,,,,,,,,
real,300,gulf,8,LSTM-ms,3,crossing,29,300,25.04882187368538,25.04882187368538,0.20987135516554603,,,,,,,,,,,,,,,,,,,,
real,300,gulf,8,LSTM-ms,3,crossing,30,305,29.55653307602145,29.55653307602145,0.10317853968624675,,,,,,,,,,,,,,,,,,,,
real,300,gulf,8,LSTM-ms,3,crossing,31,319,23.509158380390005,23.509158380390005,0.35959979055669145,,,,,,,,,,,,,,,,,,,,
real,300,gulf,8,LSTM-ms,3,crossing,32,320,25.29331096556109,25.29331096556109,0.20992973618047084,,,,,,,,,,,,,,,,,,,,
real,300,gulf,8,LSTM-ms,3,crossing,33,328,20.98469702923681,20.98469702923681,0.34375029109972977,,,,,,,,,,,,,,,,,,,,
real,300,gulf,8,LSTM-ms,3,crossing,34,332,14.65416551681818,14.65416551681818,0.5664140673068753,,,,,,,,,,,,,,,,,,,,
real,300,gulf,8,LSTM-ms,3,crossing,35,350,26.89163526063397,26.89163526063397,0.1566109194866676,,,,,,,,,,,,,,,,,,,,
real,300,gulf,8,LSTM-ms,3,crossing,36,352,21.204422616583035,21.204422616583035,0.4350413060422109,,,,,,,,,,,,,,,,,,,,
real,300,gulf,8,LSTM-ms,3,crossing,37,353,26.89944041328231,26.89944041328231,0.45497586484384295,,,,,,,,,,,,,,,,,,,,
real,300,gulf,8,LSTM-ms,3,crossing,38,354,22.590579683274726,22.590579683274726,0.4847490602736013,,,,,,,,,,,,,,,,,,,,
real,300,gulf,8,LSTM-ms,3,crossing,39,356,19.097389171362785,19.097389171362785,0.5837999220760901,,,,,,,,,,,,,,,,,,,,
real,300,gulf,8,LSTM-ms,3,crossing,40,357,21.931944022182652,21.931944022182652,1.1189638707934542,,,,,,,,,,,,,,,,,,,,
real,300,gulf,8,LSTM-ms,3,crossing,41,360,27.7392228671328,27.7392228671328,0.14723191063565128,,,,,,,,,,,,,,,,,,,,
real,300,gulf,8,LSTM-ms,3,crossing,42,375,15.082563046161207,15.082563046161207,0.4512939447540166,,,,,,,,,,,,,,,,,,,,
real,300,gulf,8,LSTM-ms,3,crossing,43,376,16.621525346774582,16.621525346774582,0.4875439629126882,,,,,,,,,,,,,,,,,,,,
real,300,gulf,8,LSTM-ms,3,crossing,44,379,12.737786738461292,12.737786738461292,0.3861635163553013,,,,,,,,,,,,,,,,,,,,
real,300,gulf,8,LSTM-ms,3,crossing,45,390,5.723878703507593,5.723878703507593,0.4951852240117614,,,,,,,,,,,,,,,,,,,,
real,300,gulf,8,LSTM-ms,3,crossing,46,392,27.72981534278558,27.72981534278558,0.14136708767312797,,,,,,,,,,,,,,,,,,,,
real,300,gulf,8,LSTM-ms,3,crossing,47,431,22.746637262696645,22.746637262696645,0.24635687169099865,,,,,,,,,,,,,,,,,,,,
real,300,gulf,8,LSTM-ms,3,crossing,48,434,29.89984751502554,29.89984751502554,0.28820417646795476,,,,,,,,,,,,,,,,,,,,
real,300,gulf,8,LSTM-ms,3,crossing,49,439,23.64290570039901,23.64290570039901,0.4650125098629971,,,,,,,,,,,,,,,,,,,,
real,300,gulf,8,LSTM-ms,3,crossing,50,450,16.477129299602048,16.477129299602048,0.4971485674228934,,,,,,,,,,,,,,,,,,,,
real,300,gulf,8,LSTM-ms,3,crossing,51,451,15.186844998115507,15.186844998115507,0.4686000053403285,,,,,,,,,,,,,,,,,,,,
real,300,gulf,8,LSTM-ms,3,crossing,52,454,23.184931580435894,23.184931580435894,0.32359283391388705,,,,,,,,,,,,,,,,,,,,
real,300,gulf,8,LSTM-ms,3,crossing,53,459,29.729909409531356,29.729909409531356,0.14855372978477413,,,,,,,,,,,,,,,,,,,,
real,300,gulf,8,LSTM-ms,3,crossing,54,466,17.385293109684977,17.385293109684977,0.47227205941549016,,,,,,,,,,,,,,,,,,,,
real,300,gulf,8,LSTM-ms,3,crossing,55,482,26.32302532618891,26.32302532618891,0.042633591817114645,,,,,,,,,,,,,,,,,,,,
real,300,gulf,8,LSTM-ms,3,crossing,56,488,29.23112180747541,29.23112180747541,1.2697059860833613,,,,,,,,,,,,,,,,,,,,
real,300,gulf,8,LSTM-ms,3,crossing,57,498,4.6604462614447515,4.6604462614447515,0.4600099457679467,,,,,,,,,,,,,,,,,,,,
real,300,gulf,8,LSTM-rec,4,buffer,0,1,20.8017040855639,20.8017040855639,0.39228662105015727,,,,,,,,,,,,,,,,,,,,
real,300,gulf,8,LSTM-rec,4,buffer,1,35,15.340507888694118,15.340507888694118,0.4116062050846804,,,,,,,,,,,,,,,,,,,,
real,300,gulf,8,LSTM-rec,4,buffer,2,37,8.828321443587955,8.828321443587955,1.3620741079405463,,,,,,,,,,,,,,,,,,,,
real,300,gulf,8,LSTM-rec,4,buffer,3,46,13.276812366684103,13.276812366684103,0.4523546036373182,,,,,,,,,,,,,,,,,,,,
real,300,gulf,8,LSTM-rec,4,buffer,4,62,8.396556931936296,8.396556931936296,1.2786629539358552,,,,,,,,,,,,,,,,,,,,
real,300,gulf,8,LSTM-rec,4,buffer,5,65,26.377825584413078,26.377825584413078,1.4004977090108017,,,,,,,,,,,,,,,,,,,,
real,300,gulf,8,LSTM-rec,4,buffer,6,77,9.808795356741728,9.808795356741728,1.2478008372632317,,,,,,,,,,,,,,,,,,,,
real,300,gulf,8,LSTM-rec,4,buffer,7,79,26.618563972639443,26.618563972639443,1.4229685319163434,,,,,,,,,,,,,,,,,,,,
real,300,gulf,8,LSTM-rec,4,buffer,8,87,22.432396256986827,22.432396256986827,0.3775960688687145,,,,,,,,,,,,,,,,,,,,
real,300,gulf,8,LSTM-rec,4,buffer,9,89,25.085520499282993,25.085520499282993,0.25760680811830866,,,,,,,,,,,,,,,,,,,,
real,300,gulf,8,LSTM-rec,4,buffer,10,91,26.75490705751315,26.75490705751315,0.2666595090605285,,,,,,,,,,,,,,,,,,,,
real,300,gulf,8,LSTM-rec,4,buffer,11,93,27.817192920627452,27.817192920627452,0.4333582210288748,,,,,,,,,,,,,,,,,,,,
real,300,gulf,8,LSTM-rec,4,buffer,12,94,3.765097001712832,3.765097001712832,0.536150355634149,,,,,,,,,,,,,,,,,,,,
real,300,gulf,8,LSTM-rec,4,buffer,13,103,20.01960140448338,20.01960140448338,0.4743476329125509,,,,,,,,,,,,,,,,,,,,
real,300,gulf,8,LSTM-rec,4,buffer,14,143,14.523869913386173,14.523869913386173,0.5899670350379019,,,,,,,,,,,,,,,,,,,,
real,300,gulf,8,LSTM-rec,4,buffer,15,159,6.08911276306061,6.08911276306061,1.3376489578769835,,,,,,,,,,,,,,,,,,,,
real,300,gulf,8,LSTM-rec,4,buffer,16,160,19.671454924714123,19.671454924714123,1.2403873384992785,,,,,,,,,,,,,,,,,,,,
real,300,gulf,8,LSTM-rec,4,buffer,17,190,20.20306449439684,20.20306449439684,0.31327715659609306,,,,,,,,,,,,,,,,,,,,
real,300,gulf,8,LSTM-rec,4,buffer,18,198,26.604186509626903,26.604186509626903,0.3215685963729888,,,,,,,,,,,,,,,,,,,,
real,300,gulf,8,LSTM-rec,4,buffer,19,210,21.146779939817037,21.146779939817037,0.1501802784062931,,,,,,,,,,,,,,,,,,,,
real,300,gulf,8,LSTM-rec,4,buffer,20,226,15.964038646759398,15.964038646759398,0.5962570839508283,,,,,,,,,,,,,,,,,,,,
real,300,gulf,8,LSTM-rec,4,buffer,21,228,15.521368966601516,15.521368966601516,0.9996471361649935,,,,,,,,,,,,,,,,,,,,
real,300,gulf,8,LSTM-rec,4,buffer,22,233,27.67445716949665,27.67445716949665,0.7223894258553424,,,,,,,,,,,,,,,,,,,,
real,300,gulf,8,LSTM-rec,4,buffer,23,260,7.452539658277246,7.452539658277246,0.5354962888986673,,,,,,,,,,,,,,,,,,,,
real,300,gulf,8,LSTM-rec,4,buffer,24,265,2.798735455735266,2.798735455735266,0.4674361193238785,,,,,,,,,,,,,,,,,,,,
real,300,gulf,8,LSTM-rec,4,buffer,25,268,25.056974188782423,25.056974188782423,0.28663155623980624,,,,,,,,,,,,,,,,,,,,
real,300,gulf,8,LSTM-rec,4,buffer,26,269,24.89190129112329,24.89190129112329,1.2544906589735085,,,,,,,,,,,,,,,,,,,,
real,300,gulf,8,LSTM-rec,4,buffer,27,273,20.107085695080453,20.107085695080453,0.39427433184390875,,,,,,,,,,,,,,,,,,,,
real,300,gulf,8,LSTM-rec,4,buffer,28,281,27.722108153990412,27.722108153990412,0.6979446212535928,,,,,,,,,,,,,,,,,,,,
real,300,gulf,8,LSTM-rec,4,buffer,29,300,25.04882187368538,25.04882187368538,0.20987135516554603,,,,,,,,,,,,,,,,,,,,
real,300,gulf,8,LSTM-rec,4,buffer,30,305,29.55653307602145,29.55653307602145,0.10317853968624675,,,,,,,,,,,,,,,,,,,,
real,300,gulf,8,LSTM-rec,4,buffer,31,319,23.509158380390005,23.509158380390005,0.35959979055669145,,,,,,,,,,,,,,,,,,,,
real,300,gulf,8,LSTM-rec,4,buffer,32,320,25.29331096556109,25.29331096556109,0.20992973618047084,,,,,,,,,,,,,,,,,,,,
real,300,gulf,8,LSTM-rec,4,buffer,33,328,20.98469702923681,20.98469702923681,0.34375029109972977,,,,,,,,,,,,,,,,,,,,
real,300,gulf,8,LSTM-rec,4,buffer,34,332,14.65416551681818,14.65416551681818,0.5664140673068753,,,,,,,,,,,,,,,,,,,,
real,300,gulf,8,LSTM-rec,4,buffer,35,350,26.89163526063397,26.89163526063397,0.1566109194866676,,,,,,,,,,,,,,,,,,,,
real,300,gulf,8,LSTM-rec,4,buffer,36,352,21.204422616583035,21.204422616583035,0.4350413060422109,,,,,,,,,,,,,,,,,,,,
real,300,gulf,8,LSTM-rec,4,buffer,37,353,26.89944041328231,26.89944041328231,0.45497586484384295,,,,,,,,,,,,,,,,,,,,
real,300,gulf,8,LSTM-rec,4,buffer,38,354,22.590579683274726,22.590579683274726,0.4847490602736013,,,,,,,,,,,,,,,,,,,,
real,300,gulf,8,LSTM-rec,4,buffer,39,356,19.097389171362785,19.097389171362785,0.5837999220760901,,,,,,,,,,,,,,,,,,,,
real,300,gulf,8,LSTM-rec,4,buffer,40,357,21.931944022182652,21.931944022182652,1.1189638707934542,,,,,,,,,,,,,,,,,,,,
real,300,gulf,8,LSTM-rec,4,buffer,41,360,27.7392228671328,27.7392228671328,0.14723191063565128,,,,,,,,,,,,,,,,,,,,
real,300,gulf,8,LSTM-rec,4,buffer,42,375,15.082563046161207,15.082563046161207,0.4512939447540166,,,,,,,,,,,,,,,,,,,,
real,300,gulf,8,LSTM-rec,4,buffer,43,376,16.621525346774582,16.621525346774582,0.4875439629126882,,,,,,,,,,,,,,,,,,,,
real,300,gulf,8,LSTM-rec,4,buffer,44,379,12.737786738461292,12.737786738461292,0.3861635163553013,,,,,,,,,,,,,,,,,,,,
real,300,gulf,8,LSTM-rec,4,buffer,45,390,5.723878703507593,5.723878703507593,0.4951852240117614,,,,,,,,,,,,,,,,,,,,
real,300,gulf,8,LSTM-rec,4,buffer,46,392,27.72981534278558,27.72981534278558,0.14136708767312797,,,,,,,,,,,,,,,,,,,,
real,300,gulf,8,LSTM-rec,4,buffer,47,431,22.746637262696645,22.746637262696645,0.24635687169099865,,,,,,,,,,,,,,,,,,,,
real,300,gulf,8,LSTM-rec,4,buffer,48,434,29.89984751502554,29.89984751502554,0.28820417646795476,,,,,,,,,,,,,,,,,,,,
real,300,gulf,8,LSTM-rec,4,buffer,49,439,23.64290570039901,23.64290570039901,0.4650125098629971,,,,,,,,,,,,,,,,,,,,
real,300,gulf,8,LSTM-rec,4,buffer,50,450,16.477129299602048,16.477129299602048,0.4971485674228934,,,,,,,,,,,,,,,,,,,,
real,300,gulf,8,LSTM-rec,4,buffer,51,451,15.186844998115507,15.186844998115507,0.4686000053403285,,,,,,,,,,,,,,,,,,,,
real,300,gulf,8,LSTM-rec,4,buffer,52,454,23.184931580435894,23.184931580435894,0.32359283391388705,,,,,,,,,,,,,,,,,,,,
real,300,gulf,8,LSTM-rec,4,buffer,53,459,29.729909409531356,29.729909409531356,0.14855372978477413,,,,,,,,,,,,,,,,,,,,
real,300,gulf,8,LSTM-rec,4,buffer,54,466,17.385293109684977,17.385293109684977,0.47227205941549016,,,,,,,,,,,,,,,,,,,,
real,300,gulf,8,LSTM-rec,4,buffer,55,482,26.32302532618891,26.32302532618891,0.042633591817114645,,,,,,,,,,,,,,,,,,,,
real,300,gulf,8,LSTM-rec,4,buffer,56,488,29.23112180747541,29.23112180747541,1.2697059860833613,,,,,,,,,,,,,,,,,,,,
real,300,gulf,8,LSTM-rec,4,buffer,57,498,4.6604462614447515,4.6604462614447515,0.4600099457679467,,,,,,,,,,,,,,,,,,,,
real,300,gulf,8,LSTM-rec,4,crossing,0,1,20.8017040855639,20.8017040855639,0.39228662105015727,,,,,,,,,,,,,,,,,,,,
real,300,gulf,8,LSTM-rec,4,crossing,1,35,15.340507888694118,15.340507888694118,0.4116062050846804,,,,,,,,,,,,,,,,,,,,
real,300,gulf,8,LSTM-rec,4,crossing,2,37,8.828321443587955,8.828321443587955,1.3620741079405463,,,,,,,,,,,,,,,,,,,,
real,300,gulf,8,LSTM-rec,4,crossing,3,46,13.276812366684103,13.276812366684103,0.4523546036373182,,,,,,,,,,,,,,,,,,,,
real,300,gulf,8,LSTM-rec,4,crossing,4,62,8.396556931936296,8.396556931936296,1.2786629539358552,,,,,,,,,,,,,,,,,,,,
real,300,gulf,8,LSTM-rec,4,crossing,5,65,26.377825584413078,26.377825584413078,1.4004977090108017,,,,,,,,,,,,,,,,,,,,
real,300,gulf,8,LSTM-rec,4,crossing,6,77,9.808795356741728,9.808795356741728,1.2478008372632317,,,,,,,,,,,,,,,,,,,,
real,300,gulf,8,LSTM-rec,4,crossing,7,79,26.618563972639443,26.618563972639443,1.4229685319163434,,,,,,,,,,,,,,,,,,,,
real,300,gulf,8,LSTM-rec,4,crossing,8,87,22.432396256986827,22.432396256986827,0.3775960688687145,,,,,,,,,,,,,,,,,,,,
real,300,gulf,8,LSTM-rec,4,crossing,9,89,25.085520499282993,25.085520499282993,0.25760680811830866,,,,,,,,,,,,,,,,,,,,
real,300,gulf,8,LSTM-rec,4,crossing,10,91,26.75490705751315,26.75490705751315,0.2666595090605285,,,,,,,,,,,,,,,,,,,,
real,300,gulf,8,LSTM-rec,4,crossing,11,93,27.817192920627452,27.817192920627452,0.4333582210288748,,,,,,,,,,,,,,,,,,,,
real,300,gulf,8,LSTM-rec,4,crossing,12,94,3.765097001712832,3.765097001712832,0.536150355634149,,,,,,,,,,,,,,,,,,,,
real,300,gulf,8,LSTM-rec,4,crossing,13,103,20.01960140448338,20.01960140448338,0.4743476329125509,,,,,,,,,,,,,,,,,,,,
real,300,gulf,8,LSTM-rec,4,crossing,14,143,14.523869913386173,14.523869913386173,0.5899670350379019,,,,,,,,,,,,,,,,,,,,
real,300,gulf,8,LSTM-rec,4,crossing,15,159,6.08911276306061,6.08911276306061,1.3376489578769835,,,,,,,,,,,,,,,,,,,,
real,300,gulf,8,LSTM-rec,4,crossing,16,160,19.671454924714123,19.671454924714123,1.2403873384992785,,,,,,,,,,,,,,,,,,,,
real,300,gulf,8,LSTM-rec,4,crossing,17,190,20.20306449439684,20.20306449439684,0.31327715659609306,,,,,,,,,,,,,,,,,,,,
real,300,gulf,8,LSTM-rec,4,crossing,18,198,26.604186509626903,26.604186509626903,0.3215685963729888,,,,,,,,,,,,,,,,,,,,
real,300,gulf,8,LSTM-rec,4,crossing,19,210,21.146779939817037,21.146779939817037,0.1501802784062931,,,,,,,,,,,,,,,,,,,,
real,300,gulf,8,LSTM-rec,4,crossing,20,226,15.964038646759398,15.964038646759398,0.5962570839508283,,,,,,,,,,,,,,,,,,,,
real,300,gulf,8,LSTM-rec,4,crossing,21,228,15.521368966601516,15.521368966601516,0.9996471361649935,,,,,,,,,,,,,,,,,,,,
real,300,gulf,8,LSTM-rec,4,crossing,22,233,27.67445716949665,27.67445716949665,0.7223894258553424,,,,,,,,,,,,,,,,,,,,
real,300,gulf,8,LSTM-rec,4,crossing,23,260,7.452539658277246,7.452539658277246,0.5354962888986673,,,,,,,,,,,,,,,,,,,,
real,300,gulf,8,LSTM-rec,4,crossing,24,265,2.798735455735266,2.798735455735266,0.4674361193238785,,,,,,,,,,,,,,,,,,,,
real,300,gulf,8,LSTM-rec,4,crossing,25,268,25.056974188782423,25.056974188782423,0.28663155623980624,,,,,,,,,,,,,,,,,,,,
real,300,gulf,8,LSTM-rec,4,crossing,26,269,24.89190129112329,24.89190129112329,1.2544906589735085,,,,,,,,,,,,,,,,,,,,
real,300,gulf,8,LSTM-rec,4,crossing,27,273,20.107085695080453,20.107085695080453,0.39427433184390875,,,,,,,,,,,,,,,,,,,,
real,300,gulf,8,LSTM-rec,4,crossing,28,281,27.722108153990412,27.722108153990412,0.6979446212535928,,,,,,,,,,,,,,,,,,,,
real,300,gulf,8,LSTM-rec,4,crossing,29,300,25.04882187368538,25.04882187368538,0.20987135516554603,,,,,,,,,,,,,,,,,,,,
real,300,gulf,8,LSTM-rec,4,crossing,30,305,29.55653307602145,29.55653307602145,0.10317853968624675,,,,,,,,,,,,,,,,,,,,
real,300,gulf,8,LSTM-rec,4,crossing,31,319,23.509158380390005,23.509158380390005,0.35959979055669145,,,,,,,,,,,,,,,,,,,,
real,300,gulf,8,LSTM-rec,4,crossing,32,320,25.29331096556109,25.29331096556109,0.20992973618047084,,,,,,,,,,,,,,,,,,,,
real,300,gulf,8,LSTM-rec,4,crossing,33,328,20.98469702923681,20.98469702923681,0.34375029109972977,,,,,,,,,,,,,,,,,,,,
real,300,gulf,8,LSTM-rec,4,crossing,34,332,14.65416551681818,14.65416551681818,0.5664140673068753,,,,,,,,,,,,,,,,,,,,
real,300,gulf,8,LSTM-rec,4,crossing,35,350,26.89163526063397,26.89163526063397,0.1566109194866676,,,,,,,,,,,,,,,,,,,,
real,300,gulf,8,LSTM-rec,4,crossing,36,352,21.204422616583035,21.204422616583035,0.4350413060422109,,,,,,,,,,,,,,,,,,,,
real,300,gulf,8,LSTM-rec,4,crossing,37,353,26.89944041328231,26.89944041328231,0.45497586484384295,,,,,,,,,,,,,,,,,,,,
real,300,gulf,8,LSTM-rec,4,crossing,38,354,22.590579683274726,22.590579683274726,0.4847490602736013,,,,,,,,,,,,,,,,,,,,
real,300,gulf,8,LSTM-rec,4,crossing,39,356,19.097389171362785,19.097389171362785,0.5837999220760901,,,,,,,,,,,,,,,,,,,,
real,300,gulf,8,LSTM-rec,4,crossing,40,357,21.931944022182652,21.931944022182652,1.1189638707934542,,,,,,,,,,,,,,,,,,,,
real,300,gulf,8,LSTM-rec,4,crossing,41,360,27.7392228671328,27.7392228671328,0.14723191063565128,,,,,,,,,,,,,,,,,,,,
real,300,gulf,8,LSTM-rec,4,crossing,42,375,15.082563046161207,15.082563046161207,0.4512939447540166,,,,,,,,,,,,,,,,,,,,
real,300,gulf,8,LSTM-rec,4,crossing,43,376,16.621525346774582,16.621525346774582,0.4875439629126882,,,,,,,,,,,,,,,,,,,,
real,300,gulf,8,LSTM-rec,4,crossing,44,379,12.737786738461292,12.737786738461292,0.3861635163553013,,,,,,,,,,,,,,,,,,,,
real,300,gulf,8,LSTM-rec,4,crossing,45,390,5.723878703507593,5.723878703507593,0.4951852240117614,,,,,,,,,,,,,,,,,,,,
real,300,gulf,8,LSTM-rec,4,crossing,46,392,27.72981534278558,27.72981534278558,0.14136708767312797,,,,,,,,,,,,,,,,,,,,
real,300,gulf,8,LSTM-rec,4,crossing,47,431,22.746637262696645,22.746637262696645,0.24635687169099865,,,,,,,,,,,,,,,,,,,,
real,300,gulf,8,LSTM-rec,4,crossing,48,434,29.89984751502554,29.89984751502554,0.28820417646795476,,,,,,,,,,,,,,,,,,,,
real,300,gulf,8,LSTM-rec,4,crossing,49,439,23.64290570039901,23.64290570039901,0.4650125098629971,,,,,,,,,,,,,,,,,,,,
real,300,gulf,8,LSTM-rec,4,crossing,50,450,16.477129299602048,16.477129299602048,0.4971485674228934,,,,,,,,,,,,,,,,,,,,
real,300,gulf,8,LSTM-rec,4,crossing,51,451,15.186844998115507,15.186844998115507,0.4686000053403285,,,,,,,,,,,,,,,,,,,,
real,300,gulf,8,LSTM-rec,4,crossing,52,454,23.184931580435894,23.184931580435894,0.32359283391388705,,,,,,,,,,,,,,,,,,,,
real,300,gulf,8,LSTM-rec,4,crossing,53,459,29.729909409531356,29.729909409531356,0.14855372978477413,,,,,,,,,,,,,,,,,,,,
real,300,gulf,8,LSTM-rec,4,crossing,54,466,17.385293109684977,17.385293109684977,0.47227205941549016,,,,,,,,,,,,,,,,,,,,
real,300,gulf,8,LSTM-rec,4,crossing,55,482,26.32302532618891,26.32302532618891,0.042633591817114645,,,,,,,,,,,,,,,,,,,,
real,300,gulf,8,LSTM-rec,4,crossing,56,488,29.23112180747541,29.23112180747541,1.2697059860833613,,,,,,,,,,,,,,,,,,,,
real,300,gulf,8,LSTM-rec,4,crossing,57,498,4.6604462614447515,4.6604462614447515,0.4600099457679467,,,,,,,,,,,,,,,,,,,,
real,300,gulf,8,LSTM-ms,4,buffer,0,1,20.8017040855639,20.8017040855639,0.39228662105015727,,,,,,,,,,,,,,,,,,,,
real,300,gulf,8,LSTM-ms,4,buffer,1,35,15.340507888694118,15.340507888694118,0.4116062050846804,,,,,,,,,,,,,,,,,,,,
real,300,gulf,8,LSTM-ms,4,buffer,2,37,8.828321443587955,8.828321443587955,1.3620741079405463,,,,,,,,,,,,,,,,,,,,
real,300,gulf,8,LSTM-ms,4,buffer,3,46,13.276812366684103,13.276812366684103,0.4523546036373182,,,,,,,,,,,,,,,,,,,,
real,300,gulf,8,LSTM-ms,4,buffer,4,62,8.396556931936296,8.396556931936296,1.2786629539358552,,,,,,,,121.0,121.0,120.0,120.0,119.0,119.0,119.0,118.0,118.0,118.0,118.0,117.0,117.0
real,300,gulf,8,LSTM-ms,4,buffer,5,65,26.377825584413078,26.377825584413078,1.4004977090108017,,,,,,,,,,,,,,,,,,,,
real,300,gulf,8,LSTM-ms,4,buffer,6,77,9.808795356741728,9.808795356741728,1.2478008372632317,,,,,,,,,,,,,,,,,,,,
real,300,gulf,8,LSTM-ms,4,buffer,7,79,26.618563972639443,26.618563972639443,1.4229685319163434,,,,,,,,,,,,,,,,,,,,
real,300,gulf,8,LSTM-ms,4,buffer,8,87,22.432396256986827,22.432396256986827,0.3775960688687145,,,,,,,,,,,,,,,,,,,,
real,300,gulf,8,LSTM-ms,4,buffer,9,89,25.085520499282993,25.085520499282993,0.25760680811830866,,,,,,,,,,,,,,,,,,,,
real,300,gulf,8,LSTM-ms,4,buffer,10,91,26.75490705751315,26.75490705751315,0.2666595090605285,,,,,,,,,,,,,,,,,,,,
real,300,gulf,8,LSTM-ms,4,buffer,11,93,27.817192920627452,27.817192920627452,0.4333582210288748,,,,,,,,,,,,,,,,,,,,
real,300,gulf,8,LSTM-ms,4,buffer,12,94,3.765097001712832,3.765097001712832,0.536150355634149,,,,,,,,,,,,,,,,,,,22.0,22.0
real,300,gulf,8,LSTM-ms,4,buffer,13,103,20.01960140448338,20.01960140448338,0.4743476329125509,,,,,,,,,,,,,,,,,,,,
real,300,gulf,8,LSTM-ms,4,buffer,14,143,14.523869913386173,14.523869913386173,0.5899670350379019,,,,,,,,,,,,,,,,,,,,
real,300,gulf,8,LSTM-ms,4,buffer,15,159,6.08911276306061,6.08911276306061,1.3376489578769835,,,,,,,,,,,,,,,,,,,,
real,300,gulf,8,LSTM-ms,4,buffer,16,160,19.671454924714123,19.671454924714123,1.2403873384992785,,,,,,,,,,,,,,,,,,,,
real,300,gulf,8,LSTM-ms,4,buffer,17,190,20.20306449439684,20.20306449439684,0.31327715659609306,,,,,,,,,,,,,,,,,,,,
real,300,gulf,8,LSTM-ms,4,buffer,18,198,26.604186509626903,26.604186509626903,0.3215685963729888,,,,,,,,,,,,,,,,,,,,
real,300,gulf,8,LSTM-ms,4,buffer,19,210,21.146779939817037,21.146779939817037,0.1501802784062931,,,,,,,,,,,,,,,,,,,,
real,300,gulf,8,LSTM-ms,4,buffer,20,226,15.964038646759398,15.964038646759398,0.5962570839508283,,,,,,,,,,,,,,,,,,,,
real,300,gulf,8,LSTM-ms,4,buffer,21,228,15.521368966601516,15.521368966601516,0.9996471361649935,,,,,,,,,,,,,,,,,,,,
real,300,gulf,8,LSTM-ms,4,buffer,22,233,27.67445716949665,27.67445716949665,0.7223894258553424,,,,,,,,,,,,,,,,,,,,
real,300,gulf,8,LSTM-ms,4,buffer,23,260,7.452539658277246,7.452539658277246,0.5354962888986673,,,,,,,,,,,,,,,,,,,,12.0
real,300,gulf,8,LSTM-ms,4,buffer,24,265,2.798735455735266,2.798735455735266,0.4674361193238785,,,,190.0,190.0,189.0,188.0,188.0,187.0,187.0,187.0,187.0,52.0,52.0,52.0,52.0,52.0,52.0,52.0,52.0
real,300,gulf,8,LSTM-ms,4,buffer,25,268,25.056974188782423,25.056974188782423,0.28663155623980624,,,,,,,,,,,,,,,,,,,,
real,300,gulf,8,LSTM-ms,4,buffer,26,269,24.89190129112329,24.89190129112329,1.2544906589735085,,,,,,,,,,,,,,,,,,,,
real,300,gulf,8,LSTM-ms,4,buffer,27,273,20.107085695080453,20.107085695080453,0.39427433184390875,,,,,,,,,,,,,,,,,,,,
real,300,gulf,8,LSTM-ms,4,buffer,28,281,27.722108153990412,27.722108153990412,0.6979446212535928,,,,,,,,,,,,,,,,,,,,
real,300,gulf,8,LSTM-ms,4,buffer,29,300,25.04882187368538,25.04882187368538,0.20987135516554603,,,,,,,,,,,,,,,,,,,,
real,300,gulf,8,LSTM-ms,4,buffer,30,305,29.55653307602145,29.55653307602145,0.10317853968624675,,,,,,,,,,,,,,,,,,,,
real,300,gulf,8,LSTM-ms,4,buffer,31,319,23.509158380390005,23.509158380390005,0.35959979055669145,,,,,,,,,,,,,,,,,,,,
real,300,gulf,8,LSTM-ms,4,buffer,32,320,25.29331096556109,25.29331096556109,0.20992973618047084,,,,,,,,,,,,,,,,,,,,
real,300,gulf,8,LSTM-ms,4,buffer,33,328,20.98469702923681,20.98469702923681,0.34375029109972977,,,,,,,,,,,,,,,,,,,,
real,300,gulf,8,LSTM-ms,4,buffer,34,332,14.65416551681818,14.65416551681818,0.5664140673068753,,,,,,,,,,,,,,,,,,,,
real,300,gulf,8,LSTM-ms,4,buffer,35,350,26.89163526063397,26.89163526063397,0.1566109194866676,,,,,,,,,,,,,,,,,,,,
real,300,gulf,8,LSTM-ms,4,buffer,36,352,21.204422616583035,21.204422616583035,0.4350413060422109,,,,,,,,,,,,,,,,,,,,
real,300,gulf,8,LSTM-ms,4,buffer,37,353,26.89944041328231,26.89944041328231,0.45497586484384295,,,,,,,,,,,,,,,,,,,,
real,300,gulf,8,LSTM-ms,4,buffer,38,354,22.590579683274726,22.590579683274726,0.4847490602736013,,,,,,,,,,,,,,,,,,,,
real,300,gulf,8,LSTM-ms,4,buffer,39,356,19.097389171362785,19.097389171362785,0.5837999220760901,,,,,,,,,,,,,,,,,,,,
real,300,gulf,8,LSTM-ms,4,buffer,40,357,21.931944022182652,21.931944022182652,1.1189638707934542,,,,,,,,,,,,,,,,,,,,
real,300,gulf,8,LSTM-ms,4,buffer,41,360,27.7392228671328,27.7392228671328,0.14723191063565128,,,,,,,,,,,,,,,,,,,,
real,300,gulf,8,LSTM-ms,4,buffer,42,375,15.082563046161207,15.082563046161207,0.4512939447540166,,,,,,,,,,,,,,,,,,,,
real,300,gulf,8,LSTM-ms,4,buffer,43,376,16.621525346774582,16.621525346774582,0.4875439629126882,,,,,,,,,,,,,,,,,,,,
real,300,gulf,8,LSTM-ms,4,buffer,44,379,12.737786738461292,12.737786738461292,0.3861635163553013,,,,,,,,,,,,,,,,,,,,
real,300,gulf,8,LSTM-ms,4,buffer,45,390,5.723878703507593,5.723878703507593,0.4951852240117614,,,,,,,,,,,,,,,,,,,70.0,70.0
real,300,gulf,8,LSTM-ms,4,buffer,46,392,27.72981534278558,27.72981534278558,0.14136708767312797,,,,,,,,,,,,,,,,,,,,
real,300,gulf,8,LSTM-ms,4,buffer,47,431,22.746637262696645,22.746637262696645,0.24635687169099865,,,,,,,,,,,,,,,,,,,,
real,300,gulf,8,LSTM-ms,4,buffer,48,434,29.89984751502554,29.89984751502554,0.28820417646795476,,,,,,,,,,,,,,,,,,,,
real,300,gulf,8,LSTM-ms,4,buffer,49,439,23.64290570039901,23.64290570039901,0.4650125098629971,,,,,,,,,,,,,,,,,,,,
real,300,gulf,8,LSTM-ms,4,buffer,50,450,16.477129299602048,16.477129299602048,0.4971485674228934,,,,,,,,,,,,,,,,,,,,
real,300,gulf,8,LSTM-ms,4,buffer,51,451,15.186844998115507,15.186844998115507,0.4686000053403285,,,,,,,,,,,,,,,,,,,,
real,300,gulf,8,LSTM-ms,4,buffer,52,454,23.184931580435894,23.184931580435894,0.32359283391388705,,,,,,,,,,,,,,,,,,,,
real,300,gulf,8,LSTM-ms,4,buffer,53,459,29.729909409531356,29.729909409531356,0.14855372978477413,,,,,,,,,,,,,,,,,,,,
real,300,gulf,8,LSTM-ms,4,buffer,54,466,17.385293109684977,17.385293109684977,0.47227205941549016,,,,,,,,,,,,,,,,,,,,
real,300,gulf,8,LSTM-ms,4,buffer,55,482,26.32302532618891,26.32302532618891,0.042633591817114645,,,,,,,,,,,,,,,,,,,,
real,300,gulf,8,LSTM-ms,4,buffer,56,488,29.23112180747541,29.23112180747541,1.2697059860833613,,,,,,,,,,,,,,,,,,,,
real,300,gulf,8,LSTM-ms,4,buffer,57,498,4.6604462614447515,4.6604462614447515,0.4600099457679467,,,,,,,,,,,,,125.0,125.0,125.0,125.0,125.0,125.0,124.0,124.0
real,300,gulf,8,LSTM-ms,4,crossing,0,1,20.8017040855639,20.8017040855639,0.39228662105015727,,,,,,,,,,,,,,,,,,,,
real,300,gulf,8,LSTM-ms,4,crossing,1,35,15.340507888694118,15.340507888694118,0.4116062050846804,,,,,,,,,,,,,,,,,,,,
real,300,gulf,8,LSTM-ms,4,crossing,2,37,8.828321443587955,8.828321443587955,1.3620741079405463,,,,,,,,,,,,,,,,,,,,
real,300,gulf,8,LSTM-ms,4,crossing,3,46,13.276812366684103,13.276812366684103,0.4523546036373182,,,,,,,,,,,,,,,,,,,,
real,300,gulf,8,LSTM-ms,4,crossing,4,62,8.396556931936296,8.396556931936296,1.2786629539358552,,,,,,,,,,,,121.0,121.0,120.0,120.0,120.0,119.0,119.0,119.0,118.0
real,300,gulf,8,LSTM-ms,4,crossing,5,65,26.377825584413078,26.377825584413078,1.4004977090108017,,,,,,,,,,,,,,,,,,,,
real,300,gulf,8,LSTM-ms,4,crossing,6,77,9.808795356741728,9.808795356741728,1.2478008372632317,,,,,,,,,,,,,,,,,,,,
real,300,gulf,8,LSTM-ms,4,crossing,7,79,26.618563972639443,26.618563972639443,1.4229685319163434,,,,,,,,,,,,,,,,,,,,
real,300,gulf,8,LSTM-ms,4,crossing,8,87,22.432396256986827,22.432396256986827,0.3775960688687145,,,,,,,,,,,,,,,,,,,,
real,300,gulf,8,LSTM-ms,4,crossing,9,89,25.085520499282993,25.085520499282993,0.25760680811830866,,,,,,,,,,,,,,,,,,,,
real,300,gulf,8,LSTM-ms,4,crossing,10,91,26.75490705751315,26.75490705751315,0.2666595090605285,,,,,,,,,,,,,,,,,,,,
real,300,gulf,8,LSTM-ms,4,crossing,11,93,27.817192920627452,27.817192920627452,0.4333582210288748,,,,,,,,,,,,,,,,,,,,
real,300,gulf,8,LSTM-ms,4,crossing,12,94,3.765097001712832,3.765097001712832,0.536150355634149,,,,,,,,,,,,,,,,,,,,
real,300,gulf,8,LSTM-ms,4,crossing,13,103,20.01960140448338,20.01960140448338,0.4743476329125509,,,,,,,,,,,,,,,,,,,,
real,300,gulf,8,LSTM-ms,4,crossing,14,143,14.523869913386173,14.523869913386173,0.5899670350379019,,,,,,,,,,,,,,,,,,,,
real,300,gulf,8,LSTM-ms,4,crossing,15,159,6.08911276306061,6.08911276306061,1.3376489578769835,,,,,,,,,,,,,,,,,,,,
real,300,gulf,8,LSTM-ms,4,crossing,16,160,19.671454924714123,19.671454924714123,1.2403873384992785,,,,,,,,,,,,,,,,,,,,
real,300,gulf,8,LSTM-ms,4,crossing,17,190,20.20306449439684,20.20306449439684,0.31327715659609306,,,,,,,,,,,,,,,,,,,,
real,300,gulf,8,LSTM-ms,4,crossing,18,198,26.604186509626903,26.604186509626903,0.3215685963729888,,,,,,,,,,,,,,,,,,,,
real,300,gulf,8,LSTM-ms,4,crossing,19,210,21.146779939817037,21.146779939817037,0.1501802784062931,,,,,,,,,,,,,,,,,,,,
real,300,gulf,8,LSTM-ms,4,crossing,20,226,15.964038646759398,15.964038646759398,0.5962570839508283,,,,,,,,,,,,,,,,,,,,
real,300,gulf,8,LSTM-ms,4,crossing,21,228,15.521368966601516,15.521368966601516,0.9996471361649935,,,,,,,,,,,,,,,,,,,,
real,300,gulf,8,LSTM-ms,4,crossing,22,233,27.67445716949665,27.67445716949665,0.7223894258553424,,,,,,,,,,,,,,,,,,,,
real,300,gulf,8,LSTM-ms,4,crossing,23,260,7.452539658277246,7.452539658277246,0.5354962888986673,,,,,,,,,,,,,,,,,,,,
real,300,gulf,8,LSTM-ms,4,crossing,24,265,2.798735455735266,2.798735455735266,0.4674361193238785,,,,,,,,,,,,,,,,190.0,190.0,190.0,189.0,188.0
real,300,gulf,8,LSTM-ms,4,crossing,25,268,25.056974188782423,25.056974188782423,0.28663155623980624,,,,,,,,,,,,,,,,,,,,
real,300,gulf,8,LSTM-ms,4,crossing,26,269,24.89190129112329,24.89190129112329,1.2544906589735085,,,,,,,,,,,,,,,,,,,,
real,300,gulf,8,LSTM-ms,4,crossing,27,273,20.107085695080453,20.107085695080453,0.39427433184390875,,,,,,,,,,,,,,,,,,,,
real,300,gulf,8,LSTM-ms,4,crossing,28,281,27.722108153990412,27.722108153990412,0.6979446212535928,,,,,,,,,,,,,,,,,,,,
real,300,gulf,8,LSTM-ms,4,crossing,29,300,25.04882187368538,25.04882187368538,0.20987135516554603,,,,,,,,,,,,,,,,,,,,
real,300,gulf,8,LSTM-ms,4,crossing,30,305,29.55653307602145,29.55653307602145,0.10317853968624675,,,,,,,,,,,,,,,,,,,,
real,300,gulf,8,LSTM-ms,4,crossing,31,319,23.509158380390005,23.509158380390005,0.35959979055669145,,,,,,,,,,,,,,,,,,,,
real,300,gulf,8,LSTM-ms,4,crossing,32,320,25.29331096556109,25.29331096556109,0.20992973618047084,,,,,,,,,,,,,,,,,,,,
real,300,gulf,8,LSTM-ms,4,crossing,33,328,20.98469702923681,20.98469702923681,0.34375029109972977,,,,,,,,,,,,,,,,,,,,
real,300,gulf,8,LSTM-ms,4,crossing,34,332,14.65416551681818,14.65416551681818,0.5664140673068753,,,,,,,,,,,,,,,,,,,,
real,300,gulf,8,LSTM-ms,4,crossing,35,350,26.89163526063397,26.89163526063397,0.1566109194866676,,,,,,,,,,,,,,,,,,,,
real,300,gulf,8,LSTM-ms,4,crossing,36,352,21.204422616583035,21.204422616583035,0.4350413060422109,,,,,,,,,,,,,,,,,,,,
real,300,gulf,8,LSTM-ms,4,crossing,37,353,26.89944041328231,26.89944041328231,0.45497586484384295,,,,,,,,,,,,,,,,,,,,
real,300,gulf,8,LSTM-ms,4,crossing,38,354,22.590579683274726,22.590579683274726,0.4847490602736013,,,,,,,,,,,,,,,,,,,,
real,300,gulf,8,LSTM-ms,4,crossing,39,356,19.097389171362785,19.097389171362785,0.5837999220760901,,,,,,,,,,,,,,,,,,,,
real,300,gulf,8,LSTM-ms,4,crossing,40,357,21.931944022182652,21.931944022182652,1.1189638707934542,,,,,,,,,,,,,,,,,,,,
real,300,gulf,8,LSTM-ms,4,crossing,41,360,27.7392228671328,27.7392228671328,0.14723191063565128,,,,,,,,,,,,,,,,,,,,
real,300,gulf,8,LSTM-ms,4,crossing,42,375,15.082563046161207,15.082563046161207,0.4512939447540166,,,,,,,,,,,,,,,,,,,,
real,300,gulf,8,LSTM-ms,4,crossing,43,376,16.621525346774582,16.621525346774582,0.4875439629126882,,,,,,,,,,,,,,,,,,,,
real,300,gulf,8,LSTM-ms,4,crossing,44,379,12.737786738461292,12.737786738461292,0.3861635163553013,,,,,,,,,,,,,,,,,,,,
real,300,gulf,8,LSTM-ms,4,crossing,45,390,5.723878703507593,5.723878703507593,0.4951852240117614,,,,,,,,,,,,,,,,,,,,
real,300,gulf,8,LSTM-ms,4,crossing,46,392,27.72981534278558,27.72981534278558,0.14136708767312797,,,,,,,,,,,,,,,,,,,,
real,300,gulf,8,LSTM-ms,4,crossing,47,431,22.746637262696645,22.746637262696645,0.24635687169099865,,,,,,,,,,,,,,,,,,,,
real,300,gulf,8,LSTM-ms,4,crossing,48,434,29.89984751502554,29.89984751502554,0.28820417646795476,,,,,,,,,,,,,,,,,,,,
real,300,gulf,8,LSTM-ms,4,crossing,49,439,23.64290570039901,23.64290570039901,0.4650125098629971,,,,,,,,,,,,,,,,,,,,
real,300,gulf,8,LSTM-ms,4,crossing,50,450,16.477129299602048,16.477129299602048,0.4971485674228934,,,,,,,,,,,,,,,,,,,,
real,300,gulf,8,LSTM-ms,4,crossing,51,451,15.186844998115507,15.186844998115507,0.4686000053403285,,,,,,,,,,,,,,,,,,,,
real,300,gulf,8,LSTM-ms,4,crossing,52,454,23.184931580435894,23.184931580435894,0.32359283391388705,,,,,,,,,,,,,,,,,,,,
real,300,gulf,8,LSTM-ms,4,crossing,53,459,29.729909409531356,29.729909409531356,0.14855372978477413,,,,,,,,,,,,,,,,,,,,
real,300,gulf,8,LSTM-ms,4,crossing,54,466,17.385293109684977,17.385293109684977,0.47227205941549016,,,,,,,,,,,,,,,,,,,,
real,300,gulf,8,LSTM-ms,4,crossing,55,482,26.32302532618891,26.32302532618891,0.042633591817114645,,,,,,,,,,,,,,,,,,,,
real,300,gulf,8,LSTM-ms,4,crossing,56,488,29.23112180747541,29.23112180747541,1.2697059860833613,,,,,,,,,,,,,,,,,,,,
real,300,gulf,8,LSTM-ms,4,crossing,57,498,4.6604462614447515,4.6604462614447515,0.4600099457679467,,,,,,,,,,,,,,,,,,,,
real,300,gulf,9,Reactive,0,zone,0,81,11.025554295866764,11.025554295866764,0.46224688723718216,,,,,,,,,,,,,,,,,,,,
real,300,gulf,9,Reactive,0,zone,1,88,15.732185886689695,15.732185886689695,1.4387817680740682,,,,,,,,,,,,,,,,,,,,
real,300,gulf,9,Reactive,0,zone,2,117,6.437792630707098,6.437792630707098,1.1893630132920272,,,,,,,,,,,,,,,,,,,,
real,300,gulf,9,Reactive,0,zone,3,124,22.39891288803482,22.39891288803482,0.13653254452088778,,,,,,,,,,,,,,,,,,,,
real,300,gulf,9,Reactive,0,zone,4,172,9.330475833847748,9.330475833847748,0.6397558068367897,,,,,,,,,,,,,,,,,,,,
real,300,gulf,9,Reactive,0,zone,5,304,21.9888673528594,21.9888673528594,1.4589589751794734,,,,,,,,,,,,,,,,,,,,
real,300,gulf,9,Reactive,0,zone,6,314,19.792743204561088,19.792743204561088,0.507429205850133,,,,,,,,,,,,,,,,,,,,
real,300,gulf,9,Reactive,0,zone,7,333,5.228313295759251,5.228313295759251,0.8814674125970484,,,,,,,,,,,,,,,,,,,,
real,300,gulf,9,Reactive,0,zone,8,397,4.55585404897008,4.55585404897008,0.4400275002355899,,,,,,,,,,,,,,,,,,,,
real,300,gulf,9,Reactive,0,zone,9,472,27.508613474827964,27.508613474827964,1.3973567967667302,,,,,,,,,,,,,,,,,,,,
real,300,gulf,9,Reactive,0,zone,10,480,21.355185962651216,21.355185962651216,0.9677736678116959,,,,,,,,,,,,,,,,,,,,
real,300,gulf,9,Analytic,0,buffer,0,81,11.025554295866764,11.025554295866764,0.46224688723718216,,,,,,,,,,,,,,,,,,,,
real,300,gulf,9,Analytic,0,buffer,1,88,15.732185886689695,15.732185886689695,1.4387817680740682,,,,,,,,,,,,,,,,,,,,
real,300,gulf,9,Analytic,0,buffer,2,117,6.437792630707098,6.437792630707098,1.1893630132920272,,,183.0,182.0,181.0,180.0,179.0,178.0,178.0,177.0,176.0,175.0,174.0,173.0,172.0,171.0,170.0,169.0,168.0,166.0
real,300,gulf,9,Analytic,0,buffer,3,124,22.39891288803482,22.39891288803482,0.13653254452088778,,,,,,,,,,,,,,,,,,,,
real,300,gulf,9,Analytic,0,buffer,4,172,9.330475833847748,9.330475833847748,0.6397558068367897,,,,,,306.0,305.0,304.0,303.0,302.0,301.0,300.0,299.0,298.0,297.0,296.0,295.0,294.0,293.0,292.0
real,300,gulf,9,Analytic,0,buffer,5,304,21.9888673528594,21.9888673528594,1.4589589751794734,,,,,,,,,,,,,,,,,,,,
real,300,gulf,9,Analytic,0,buffer,6,314,19.792743204561088,19.792743204561088,0.507429205850133,,,,,,,,,,,,,,,,,,,,
real,300,gulf,9,Analytic,0,buffer,7,333,5.228313295759251,5.228313295759251,0.8814674125970484,,,,,,,,,,,,,,,,,,,,
real,300,gulf,9,Analytic,0,buffer,8,397,4.55585404897008,4.55585404897008,0.4400275002355899,,,117.0,116.0,115.0,115.0,114.0,113.0,112.0,111.0,110.0,109.0,108.0,107.0,106.0,105.0,104.0,103.0,102.0,101.0
real,300,gulf,9,Analytic,0,buffer,9,472,27.508613474827964,27.508613474827964,1.3973567967667302,,,,,,,,,,,,,,,,,,,,
real,300,gulf,9,Analytic,0,buffer,10,480,21.355185962651216,21.355185962651216,0.9677736678116959,,,,,,,,,,,,,,,,,,,,
real,300,gulf,9,Analytic,0,crossing,0,81,11.025554295866764,11.025554295866764,0.46224688723718216,,,,,,,,,,,,,,,,,,,,
real,300,gulf,9,Analytic,0,crossing,1,88,15.732185886689695,15.732185886689695,1.4387817680740682,,,,,,,,,,,,,,,,,,,,
real,300,gulf,9,Analytic,0,crossing,2,117,6.437792630707098,6.437792630707098,1.1893630132920272,,,,,183.0,182.0,181.0,180.0,179.0,178.0,177.0,176.0,175.0,174.0,173.0,172.0,171.0,171.0,170.0,169.0
real,300,gulf,9,Analytic,0,crossing,3,124,22.39891288803482,22.39891288803482,0.13653254452088778,,,,,,,,,,,,,,,,,,,,
real,300,gulf,9,Analytic,0,crossing,4,172,9.330475833847748,9.330475833847748,0.6397558068367897,,,,,,,306.0,305.0,304.0,303.0,302.0,301.0,300.0,299.0,299.0,298.0,297.0,296.0,294.0,293.0
real,300,gulf,9,Analytic,0,crossing,5,304,21.9888673528594,21.9888673528594,1.4589589751794734,,,,,,,,,,,,,,,,,,,,
real,300,gulf,9,Analytic,0,crossing,6,314,19.792743204561088,19.792743204561088,0.507429205850133,,,,,,,,,,,,,,,,,,,,
real,300,gulf,9,Analytic,0,crossing,7,333,5.228313295759251,5.228313295759251,0.8814674125970484,,,,,,,,,,,,,,,,,,,,
real,300,gulf,9,Analytic,0,crossing,8,397,4.55585404897008,4.55585404897008,0.4400275002355899,,,,,117.0,116.0,115.0,114.0,114.0,113.0,112.0,111.0,111.0,110.0,109.0,107.0,106.0,105.0,104.0,104.0
real,300,gulf,9,Analytic,0,crossing,9,472,27.508613474827964,27.508613474827964,1.3973567967667302,,,,,,,,,,,,,,,,,,,,
real,300,gulf,9,Analytic,0,crossing,10,480,21.355185962651216,21.355185962651216,0.9677736678116959,,,,,,,,,,,,,,,,,,,,
real,300,gulf,9,ConstVel,0,buffer,0,81,11.025554295866764,11.025554295866764,0.46224688723718216,,,,,,,,,,,,,,,,,,,,
real,300,gulf,9,ConstVel,0,buffer,1,88,15.732185886689695,15.732185886689695,1.4387817680740682,,,,,,,,,,,,,,,,,,,,
real,300,gulf,9,ConstVel,0,buffer,2,117,6.437792630707098,6.437792630707098,1.1893630132920272,,,183.0,182.0,181.0,180.0,179.0,178.0,177.0,177.0,176.0,175.0,174.0,173.0,172.0,171.0,170.0,169.0,168.0,167.0
real,300,gulf,9,ConstVel,0,buffer,3,124,22.39891288803482,22.39891288803482,0.13653254452088778,,,,,,,,,,,,,,,,,,,,
real,300,gulf,9,ConstVel,0,buffer,4,172,9.330475833847748,9.330475833847748,0.6397558068367897,,,,,,306.0,305.0,304.0,303.0,302.0,301.0,300.0,299.0,298.0,297.0,296.0,232.0,232.0,232.0,232.0
real,300,gulf,9,ConstVel,0,buffer,5,304,21.9888673528594,21.9888673528594,1.4589589751794734,,,,,,,,,,,,,,,,,,,,
real,300,gulf,9,ConstVel,0,buffer,6,314,19.792743204561088,19.792743204561088,0.507429205850133,,,,,,,,,,,,,,,,,,,,
real,300,gulf,9,ConstVel,0,buffer,7,333,5.228313295759251,5.228313295759251,0.8814674125970484,,,,,,,,,,,,,,,,,,,,
real,300,gulf,9,ConstVel,0,buffer,8,397,4.55585404897008,4.55585404897008,0.4400275002355899,,,117.0,116.0,115.0,114.0,114.0,113.0,111.0,111.0,110.0,109.0,109.0,107.0,106.0,105.0,104.0,103.0,102.0,102.0
real,300,gulf,9,ConstVel,0,buffer,9,472,27.508613474827964,27.508613474827964,1.3973567967667302,,,,,,,,,,,,,,,,,,,,
real,300,gulf,9,ConstVel,0,buffer,10,480,21.355185962651216,21.355185962651216,0.9677736678116959,,,,,,,,,,,,,,,,,,,,
real,300,gulf,9,ConstVel,0,crossing,0,81,11.025554295866764,11.025554295866764,0.46224688723718216,,,,,,,,,,,,,,,,,,,,
real,300,gulf,9,ConstVel,0,crossing,1,88,15.732185886689695,15.732185886689695,1.4387817680740682,,,,,,,,,,,,,,,,,,,,
real,300,gulf,9,ConstVel,0,crossing,2,117,6.437792630707098,6.437792630707098,1.1893630132920272,,,,183.0,182.0,182.0,181.0,180.0,179.0,178.0,177.0,176.0,175.0,174.0,173.0,172.0,171.0,170.0,169.0,168.0
real,300,gulf,9,ConstVel,0,crossing,3,124,22.39891288803482,22.39891288803482,0.13653254452088778,,,,,,,,,,,,,,,,,,,,
real,300,gulf,9,ConstVel,0,crossing,4,172,9.330475833847748,9.330475833847748,0.6397558068367897,,,,,,,,305.0,304.0,303.0,302.0,301.0,300.0,299.0,298.0,297.0,297.0,232.0,232.0,232.0
real,300,gulf,9,ConstVel,0,crossing,5,304,21.9888673528594,21.9888673528594,1.4589589751794734,,,,,,,,,,,,,,,,,,,,
real,300,gulf,9,ConstVel,0,crossing,6,314,19.792743204561088,19.792743204561088,0.507429205850133,,,,,,,,,,,,,,,,,,,,
real,300,gulf,9,ConstVel,0,crossing,7,333,5.228313295759251,5.228313295759251,0.8814674125970484,,,,,,,,,,,,,,,,,,,,
real,300,gulf,9,ConstVel,0,crossing,8,397,4.55585404897008,4.55585404897008,0.4400275002355899,,,,,117.0,116.0,115.0,114.0,114.0,113.0,111.0,111.0,111.0,109.0,109.0,108.0,106.0,106.0,104.0,103.0
real,300,gulf,9,ConstVel,0,crossing,9,472,27.508613474827964,27.508613474827964,1.3973567967667302,,,,,,,,,,,,,,,,,,,,
real,300,gulf,9,ConstVel,0,crossing,10,480,21.355185962651216,21.355185962651216,0.9677736678116959,,,,,,,,,,,,,,,,,,,,
real,300,gulf,9,Kalman,0,buffer,0,81,11.025554295866764,11.025554295866764,0.46224688723718216,,,,,,,,,,,,,,,,,,,,
real,300,gulf,9,Kalman,0,buffer,1,88,15.732185886689695,15.732185886689695,1.4387817680740682,,,,,,,,,,,,,,,,,,,,
real,300,gulf,9,Kalman,0,buffer,2,117,6.437792630707098,6.437792630707098,1.1893630132920272,,,183.0,182.0,181.0,180.0,179.0,178.0,177.0,177.0,176.0,175.0,174.0,173.0,172.0,171.0,170.0,169.0,168.0,167.0
real,300,gulf,9,Kalman,0,buffer,3,124,22.39891288803482,22.39891288803482,0.13653254452088778,,,,,,,,,,,,,,,,,,,,
real,300,gulf,9,Kalman,0,buffer,4,172,9.330475833847748,9.330475833847748,0.6397558068367897,,,,,,306.0,305.0,304.0,303.0,302.0,301.0,300.0,299.0,298.0,297.0,296.0,295.0,294.0,293.0,292.0
real,300,gulf,9,Kalman,0,buffer,5,304,21.9888673528594,21.9888673528594,1.4589589751794734,,,,,,,,,,,,,,,,,,,,
real,300,gulf,9,Kalman,0,buffer,6,314,19.792743204561088,19.792743204561088,0.507429205850133,,,,,,,,,,,,,,,,,,,,
real,300,gulf,9,Kalman,0,buffer,7,333,5.228313295759251,5.228313295759251,0.8814674125970484,,,,,,,,,,,,,,,,,,,,
real,300,gulf,9,Kalman,0,buffer,8,397,4.55585404897008,4.55585404897008,0.4400275002355899,,,117.0,116.0,115.0,114.0,114.0,113.0,111.0,111.0,110.0,109.0,109.0,107.0,106.0,105.0,104.0,103.0,102.0,102.0
real,300,gulf,9,Kalman,0,buffer,9,472,27.508613474827964,27.508613474827964,1.3973567967667302,,,,,,,,,,,,,,,,,,,,
real,300,gulf,9,Kalman,0,buffer,10,480,21.355185962651216,21.355185962651216,0.9677736678116959,,,,,,,,,,,,,,,,,,,,
real,300,gulf,9,Kalman,0,crossing,0,81,11.025554295866764,11.025554295866764,0.46224688723718216,,,,,,,,,,,,,,,,,,,,
real,300,gulf,9,Kalman,0,crossing,1,88,15.732185886689695,15.732185886689695,1.4387817680740682,,,,,,,,,,,,,,,,,,,,
real,300,gulf,9,Kalman,0,crossing,2,117,6.437792630707098,6.437792630707098,1.1893630132920272,,,,183.0,183.0,182.0,181.0,180.0,179.0,178.0,177.0,176.0,175.0,174.0,173.0,172.0,171.0,170.0,169.0,169.0
real,300,gulf,9,Kalman,0,crossing,3,124,22.39891288803482,22.39891288803482,0.13653254452088778,,,,,,,,,,,,,,,,,,,,
real,300,gulf,9,Kalman,0,crossing,4,172,9.330475833847748,9.330475833847748,0.6397558068367897,,,,,,,,305.0,304.0,303.0,302.0,301.0,300.0,299.0,298.0,298.0,297.0,296.0,294.0,293.0
real,300,gulf,9,Kalman,0,crossing,5,304,21.9888673528594,21.9888673528594,1.4589589751794734,,,,,,,,,,,,,,,,,,,,
real,300,gulf,9,Kalman,0,crossing,6,314,19.792743204561088,19.792743204561088,0.507429205850133,,,,,,,,,,,,,,,,,,,,
real,300,gulf,9,Kalman,0,crossing,7,333,5.228313295759251,5.228313295759251,0.8814674125970484,,,,,,,,,,,,,,,,,,,,
real,300,gulf,9,Kalman,0,crossing,8,397,4.55585404897008,4.55585404897008,0.4400275002355899,,,,,117.0,116.0,115.0,114.0,114.0,112.0,111.0,111.0,111.0,110.0,109.0,108.0,106.0,105.0,104.0,103.0
real,300,gulf,9,Kalman,0,crossing,9,472,27.508613474827964,27.508613474827964,1.3973567967667302,,,,,,,,,,,,,,,,,,,,
real,300,gulf,9,Kalman,0,crossing,10,480,21.355185962651216,21.355185962651216,0.9677736678116959,,,,,,,,,,,,,,,,,,,,
real,300,gulf,9,LSTM-rec,0,buffer,0,81,11.025554295866764,11.025554295866764,0.46224688723718216,,,,,,,,,,,,,,,,,,,,
real,300,gulf,9,LSTM-rec,0,buffer,1,88,15.732185886689695,15.732185886689695,1.4387817680740682,,,,,,,,,,,,,,,,,,,,
real,300,gulf,9,LSTM-rec,0,buffer,2,117,6.437792630707098,6.437792630707098,1.1893630132920272,,,183.0,183.0,182.0,181.0,180.0,180.0,179.0,178.0,178.0,177.0,176.0,176.0,175.0,175.0,174.0,174.0,173.0,173.0
real,300,gulf,9,LSTM-rec,0,buffer,3,124,22.39891288803482,22.39891288803482,0.13653254452088778,,,,,,,,,,,,,,,,,,,,
real,300,gulf,9,LSTM-rec,0,buffer,4,172,9.330475833847748,9.330475833847748,0.6397558068367897,,,,,,,306.0,305.0,304.0,304.0,303.0,302.0,302.0,301.0,300.0,300.0,299.0,299.0,298.0,298.0
real,300,gulf,9,LSTM-rec,0,buffer,5,304,21.9888673528594,21.9888673528594,1.4589589751794734,,,,,,,,,,,,,,,,,,,,
real,300,gulf,9,LSTM-rec,0,buffer,6,314,19.792743204561088,19.792743204561088,0.507429205850133,,,,,,,,,,,,,,,,,,,,
real,300,gulf,9,LSTM-rec,0,buffer,7,333,5.228313295759251,5.228313295759251,0.8814674125970484,,,,,,,,,,,,,,,,,,,,
real,300,gulf,9,LSTM-rec,0,buffer,8,397,4.55585404897008,4.55585404897008,0.4400275002355899,,,,116.0,116.0,115.0,114.0,114.0,112.0,111.0,111.0,111.0,110.0,109.0,108.0,108.0,107.0,106.0,105.0,104.0
real,300,gulf,9,LSTM-rec,0,buffer,9,472,27.508613474827964,27.508613474827964,1.3973567967667302,,,,,,,,,,,,,,,,,,,,
real,300,gulf,9,LSTM-rec,0,buffer,10,480,21.355185962651216,21.355185962651216,0.9677736678116959,,,,,,,,,,,,,,,,,,,,
real,300,gulf,9,LSTM-rec,0,crossing,0,81,11.025554295866764,11.025554295866764,0.46224688723718216,,,,,,,,,,,,,,,,,,,,
real,300,gulf,9,LSTM-rec,0,crossing,1,88,15.732185886689695,15.732185886689695,1.4387817680740682,,,,,,,,,,,,,,,,,,,,
real,300,gulf,9,LSTM-rec,0,crossing,2,117,6.437792630707098,6.437792630707098,1.1893630132920272,,,,,183.0,182.0,182.0,181.0,180.0,180.0,179.0,178.0,178.0,177.0,177.0,176.0,175.0,175.0,174.0,174.0
real,300,gulf,9,LSTM-rec,0,crossing,3,124,22.39891288803482,22.39891288803482,0.13653254452088778,,,,,,,,,,,,,,,,,,,,
real,300,gulf,9,LSTM-rec,0,crossing,4,172,9.330475833847748,9.330475833847748,0.6397558068367897,,,,,,,,,306.0,305.0,304.0,304.0,303.0,302.0,302.0,301.0,301.0,300.0,300.0,299.0
real,300,gulf,9,LSTM-rec,0,crossing,5,304,21.9888673528594,21.9888673528594,1.4589589751794734,,,,,,,,,,,,,,,,,,,,
real,300,gulf,9,LSTM-rec,0,crossing,6,314,19.792743204561088,19.792743204561088,0.507429205850133,,,,,,,,,,,,,,,,,,,,
real,300,gulf,9,LSTM-rec,0,crossing,7,333,5.228313295759251,5.228313295759251,0.8814674125970484,,,,,,,,,,,,,,,,,,,,
real,300,gulf,9,LSTM-rec,0,crossing,8,397,4.55585404897008,4.55585404897008,0.4400275002355899,,,,,,117.0,116.0,115.0,115.0,114.0,113.0,112.0,111.0,111.0,110.0,110.0,109.0,108.0,107.0,107.0
real,300,gulf,9,LSTM-rec,0,crossing,9,472,27.508613474827964,27.508613474827964,1.3973567967667302,,,,,,,,,,,,,,,,,,,,
real,300,gulf,9,LSTM-rec,0,crossing,10,480,21.355185962651216,21.355185962651216,0.9677736678116959,,,,,,,,,,,,,,,,,,,,
real,300,gulf,9,LSTM-ms,0,buffer,0,81,11.025554295866764,11.025554295866764,0.46224688723718216,,,,,,,,,,,,,,,,,,,,
real,300,gulf,9,LSTM-ms,0,buffer,1,88,15.732185886689695,15.732185886689695,1.4387817680740682,,,,,,,,,,,,,,,,,,,,
real,300,gulf,9,LSTM-ms,0,buffer,2,117,6.437792630707098,6.437792630707098,1.1893630132920272,,,,,183.0,183.0,182.0,182.0,181.0,181.0,180.0,180.0,180.0,179.0,179.0,179.0,178.0,178.0,178.0,177.0
real,300,gulf,9,LSTM-ms,0,buffer,3,124,22.39891288803482,22.39891288803482,0.13653254452088778,,,,,,,,,,,,,,,,,,,,
real,300,gulf,9,LSTM-ms,0,buffer,4,172,9.330475833847748,9.330475833847748,0.6397558068367897,,,,,,,,,,306.0,306.0,306.0,305.0,305.0,305.0,304.0,304.0,304.0,303.0,303.0
real,300,gulf,9,LSTM-ms,0,buffer,5,304,21.9888673528594,21.9888673528594,1.4589589751794734,,,,,,,,,,,,,,,,,,,,
real,300,gulf,9,LSTM-ms,0,buffer,6,314,19.792743204561088,19.792743204561088,0.507429205850133,,,,,,,,,,,,,,,,,,,,
real,300,gulf,9,LSTM-ms,0,buffer,7,333,5.228313295759251,5.228313295759251,0.8814674125970484,,,,,,,,,,,,,,,,,,,,
real,300,gulf,9,LSTM-ms,0,buffer,8,397,4.55585404897008,4.55585404897008,0.4400275002355899,,,,,117.0,117.0,116.0,116.0,116.0,115.0,115.0,115.0,114.0,114.0,114.0,113.0,113.0,113.0,113.0,113.0
real,300,gulf,9,LSTM-ms,0,buffer,9,472,27.508613474827964,27.508613474827964,1.3973567967667302,,,,,,,,,,,,,,,,,,,,
real,300,gulf,9,LSTM-ms,0,buffer,10,480,21.355185962651216,21.355185962651216,0.9677736678116959,,,,,,,,,,,,,,,,,,,,
real,300,gulf,9,LSTM-ms,0,crossing,0,81,11.025554295866764,11.025554295866764,0.46224688723718216,,,,,,,,,,,,,,,,,,,,
real,300,gulf,9,LSTM-ms,0,crossing,1,88,15.732185886689695,15.732185886689695,1.4387817680740682,,,,,,,,,,,,,,,,,,,,
real,300,gulf,9,LSTM-ms,0,crossing,2,117,6.437792630707098,6.437792630707098,1.1893630132920272,,,,,,,183.0,183.0,182.0,182.0,182.0,181.0,181.0,181.0,180.0,180.0,180.0,179.0,179.0,179.0
real,300,gulf,9,LSTM-ms,0,crossing,3,124,22.39891288803482,22.39891288803482,0.13653254452088778,,,,,,,,,,,,,,,,,,,,
real,300,gulf,9,LSTM-ms,0,crossing,4,172,9.330475833847748,9.330475833847748,0.6397558068367897,,,,,,,,,,,,,,306.0,306.0,306.0,305.0,305.0,305.0,304.0
real,300,gulf,9,LSTM-ms,0,crossing,5,304,21.9888673528594,21.9888673528594,1.4589589751794734,,,,,,,,,,,,,,,,,,,,
real,300,gulf,9,LSTM-ms,0,crossing,6,314,19.792743204561088,19.792743204561088,0.507429205850133,,,,,,,,,,,,,,,,,,,,
real,300,gulf,9,LSTM-ms,0,crossing,7,333,5.228313295759251,5.228313295759251,0.8814674125970484,,,,,,,,,,,,,,,,,,,,
real,300,gulf,9,LSTM-ms,0,crossing,8,397,4.55585404897008,4.55585404897008,0.4400275002355899,,,,,,,,,,117.0,117.0,116.0,116.0,116.0,115.0,115.0,115.0,115.0,114.0,114.0
real,300,gulf,9,LSTM-ms,0,crossing,9,472,27.508613474827964,27.508613474827964,1.3973567967667302,,,,,,,,,,,,,,,,,,,,
real,300,gulf,9,LSTM-ms,0,crossing,10,480,21.355185962651216,21.355185962651216,0.9677736678116959,,,,,,,,,,,,,,,,,,,,
real,300,gulf,9,LSTM-rec,1,buffer,0,81,11.025554295866764,11.025554295866764,0.46224688723718216,,,,,,,,,,,,,,,,,,,13.0,12.0
real,300,gulf,9,LSTM-rec,1,buffer,1,88,15.732185886689695,15.732185886689695,1.4387817680740682,,,,,,,,,,,,,,,,,,,,
real,300,gulf,9,LSTM-rec,1,buffer,2,117,6.437792630707098,6.437792630707098,1.1893630132920272,,,183.0,183.0,182.0,181.0,180.0,179.0,179.0,178.0,177.0,176.0,176.0,175.0,174.0,173.0,173.0,172.0,171.0,171.0
real,300,gulf,9,LSTM-rec,1,buffer,3,124,22.39891288803482,22.39891288803482,0.13653254452088778,,,,,,,,,,,,,,,,,,,,
real,300,gulf,9,LSTM-rec,1,buffer,4,172,9.330475833847748,9.330475833847748,0.6397558068367897,,,,,,,305.0,304.0,304.0,303.0,302.0,301.0,301.0,300.0,299.0,298.0,298.0,297.0,296.0,296.0
real,300,gulf,9,LSTM-rec,1,buffer,5,304,21.9888673528594,21.9888673528594,1.4589589751794734,,,,,,,,,,,,,,,,,,,,
real,300,gulf,9,LSTM-rec,1,buffer,6,314,19.792743204561088,19.792743204561088,0.507429205850133,,,,,,,,,,,,,,,,,,,,
real,300,gulf,9,LSTM-rec,1,buffer,7,333,5.228313295759251,5.228313295759251,0.8814674125970484,,,,,,,,,,,,,,,,,,,,
real,300,gulf,9,LSTM-rec,1,buffer,8,397,4.55585404897008,4.55585404897008,0.4400275002355899,,,117.0,116.0,115.0,115.0,114.0,113.0,111.0,111.0,110.0,109.0,109.0,107.0,106.0,105.0,104.0,103.0,102.0,102.0
real,300,gulf,9,LSTM-rec,1,buffer,9,472,27.508613474827964,27.508613474827964,1.3973567967667302,,,,,,,,,,,,,,,,,,,,
real,300,gulf,9,LSTM-rec,1,buffer,10,480,21.355185962651216,21.355185962651216,0.9677736678116959,,,,,,,,,,,,,,,,,,,,
real,300,gulf,9,LSTM-rec,1,crossing,0,81,11.025554295866764,11.025554295866764,0.46224688723718216,,,,,,,,,,,,,,,,,,,,
real,300,gulf,9,LSTM-rec,1,crossing,1,88,15.732185886689695,15.732185886689695,1.4387817680740682,,,,,,,,,,,,,,,,,,,,
real,300,gulf,9,LSTM-rec,1,crossing,2,117,6.437792630707098,6.437792630707098,1.1893630132920272,,,,,183.0,182.0,181.0,181.0,180.0,179.0,178.0,178.0,177.0,176.0,175.0,175.0,174.0,173.0,173.0,172.0
real,300,gulf,9,LSTM-rec,1,crossing,3,124,22.39891288803482,22.39891288803482,0.13653254452088778,,,,,,,,,,,,,,,,,,,,
real,300,gulf,9,LSTM-rec,1,crossing,4,172,9.330475833847748,9.330475833847748,0.6397558068367897,,,,,,,,306.0,305.0,304.0,303.0,303.0,302.0,301.0,300.0,300.0,299.0,298.0,298.0,297.0
real,300,gulf,9,LSTM-rec,1,crossing,5,304,21.9888673528594,21.9888673528594,1.4589589751794734,,,,,,,,,,,,,,,,,,,,
real,300,gulf,9,LSTM-rec,1,crossing,6,314,19.792743204561088,19.792743204561088,0.507429205850133,,,,,,,,,,,,,,,,,,,,
real,300,gulf,9,LSTM-rec,1,crossing,7,333,5.228313295759251,5.228313295759251,0.8814674125970484,,,,,,,,,,,,,,,,,,,,
real,300,gulf,9,LSTM-rec,1,crossing,8,397,4.55585404897008,4.55585404897008,0.4400275002355899,,,,,117.0,116.0,115.0,115.0,114.0,113.0,111.0,111.0,111.0,110.0,109.0,108.0,107.0,106.0,104.0,103.0
real,300,gulf,9,LSTM-rec,1,crossing,9,472,27.508613474827964,27.508613474827964,1.3973567967667302,,,,,,,,,,,,,,,,,,,,
real,300,gulf,9,LSTM-rec,1,crossing,10,480,21.355185962651216,21.355185962651216,0.9677736678116959,,,,,,,,,,,,,,,,,,,,
real,300,gulf,9,LSTM-ms,1,buffer,0,81,11.025554295866764,11.025554295866764,0.46224688723718216,,,,,,,,,,,,,,,,,,,,
real,300,gulf,9,LSTM-ms,1,buffer,1,88,15.732185886689695,15.732185886689695,1.4387817680740682,,,,,,,,,,,,,,,,,,,,
real,300,gulf,9,LSTM-ms,1,buffer,2,117,6.437792630707098,6.437792630707098,1.1893630132920272,,,,183.0,182.0,182.0,181.0,180.0,180.0,179.0,179.0,178.0,178.0,177.0,177.0,177.0,176.0,176.0,175.0,175.0
real,300,gulf,9,LSTM-ms,1,buffer,3,124,22.39891288803482,22.39891288803482,0.13653254452088778,,,,,,,,,,,,,,,,,,,,
real,300,gulf,9,LSTM-ms,1,buffer,4,172,9.330475833847748,9.330475833847748,0.6397558068367897,,,,,,,306.0,306.0,305.0,304.0,304.0,303.0,303.0,302.0,302.0,302.0,301.0,301.0,300.0,300.0
real,300,gulf,9,LSTM-ms,1,buffer,5,304,21.9888673528594,21.9888673528594,1.4589589751794734,,,,,,,,,,,,,,,,,,,,
real,300,gulf,9,LSTM-ms,1,buffer,6,314,19.792743204561088,19.792743204561088,0.507429205850133,,,,,,,,,,,,,,,,,,,,
real,300,gulf,9,LSTM-ms,1,buffer,7,333,5.228313295759251,5.228313295759251,0.8814674125970484,,,,,,,,,,,,,,,,,,,,
real,300,gulf,9,LSTM-ms,1,buffer,8,397,4.55585404897008,4.55585404897008,0.4400275002355899,,,117.0,116.0,116.0,115.0,114.0,114.0,113.0,113.0,112.0,111.0,111.0,111.0,111.0,110.0,110.0,109.0,109.0,108.0
real,300,gulf,9,LSTM-ms,1,buffer,9,472,27.508613474827964,27.508613474827964,1.3973567967667302,,,,,,,,,,,,,,,,,,,,
real,300,gulf,9,LSTM-ms,1,buffer,10,480,21.355185962651216,21.355185962651216,0.9677736678116959,,,,,,,,,,,,,,,,,,,,
real,300,gulf,9,LSTM-ms,1,crossing,0,81,11.025554295866764,11.025554295866764,0.46224688723718216,,,,,,,,,,,,,,,,,,,,
real,300,gulf,9,LSTM-ms,1,crossing,1,88,15.732185886689695,15.732185886689695,1.4387817680740682,,,,,,,,,,,,,,,,,,,,
real,300,gulf,9,LSTM-ms,1,crossing,2,117,6.437792630707098,6.437792630707098,1.1893630132920272,,,,,183.0,183.0,182.0,182.0,181.0,180.0,180.0,179.0,179.0,179.0,178.0,178.0,177.0,177.0,177.0,176.0
real,300,gulf,9,LSTM-ms,1,crossing,3,124,22.39891288803482,22.39891288803482,0.13653254452088778,,,,,,,,,,,,,,,,,,,,
real,300,gulf,9,LSTM-ms,1,crossing,4,172,9.330475833847748,9.330475833847748,0.6397558068367897,,,,,,,,,,306.0,305.0,305.0,304.0,304.0,303.0,303.0,303.0,302.0,302.0,301.0
real,300,gulf,9,LSTM-ms,1,crossing,5,304,21.9888673528594,21.9888673528594,1.4589589751794734,,,,,,,,,,,,,,,,,,,,
real,300,gulf,9,LSTM-ms,1,crossing,6,314,19.792743204561088,19.792743204561088,0.507429205850133,,,,,,,,,,,,,,,,,,,,
real,300,gulf,9,LSTM-ms,1,crossing,7,333,5.228313295759251,5.228313295759251,0.8814674125970484,,,,,,,,,,,,,,,,,,,,
real,300,gulf,9,LSTM-ms,1,crossing,8,397,4.55585404897008,4.55585404897008,0.4400275002355899,,,,,,117.0,116.0,115.0,115.0,114.0,114.0,113.0,113.0,113.0,112.0,111.0,111.0,111.0,111.0,110.0
real,300,gulf,9,LSTM-ms,1,crossing,9,472,27.508613474827964,27.508613474827964,1.3973567967667302,,,,,,,,,,,,,,,,,,,,
real,300,gulf,9,LSTM-ms,1,crossing,10,480,21.355185962651216,21.355185962651216,0.9677736678116959,,,,,,,,,,,,,,,,,,,,
real,300,gulf,9,LSTM-rec,2,buffer,0,81,11.025554295866764,11.025554295866764,0.46224688723718216,,,,,,,,,,,,,,,,,,,,
real,300,gulf,9,LSTM-rec,2,buffer,1,88,15.732185886689695,15.732185886689695,1.4387817680740682,,,,,,,,,,,,,,,,,,,,
real,300,gulf,9,LSTM-rec,2,buffer,2,117,6.437792630707098,6.437792630707098,1.1893630132920272,,,,183.0,183.0,182.0,182.0,181.0,181.0,181.0,180.0,180.0,180.0,180.0,179.0,179.0,179.0,179.0,179.0,179.0
real,300,gulf,9,LSTM-rec,2,buffer,3,124,22.39891288803482,22.39891288803482,0.13653254452088778,,,,,,,,,,,,,,,,,,,,
real,300,gulf,9,LSTM-rec,2,buffer,4,172,9.330475833847748,9.330475833847748,0.6397558068367897,,,,,,,,,,,,306.0,305.0,305.0,305.0,305.0,305.0,305.0,305.0,305.0
real,300,gulf,9,LSTM-rec,2,buffer,5,304,21.9888673528594,21.9888673528594,1.4589589751794734,,,,,,,,,,,,,,,,,,,,
real,300,gulf,9,LSTM-rec,2,buffer,6,314,19.792743204561088,19.792743204561088,0.507429205850133,,,,,,,,,,,,,,,,,,,,
real,300,gulf,9,LSTM-rec,2,buffer,7,333,5.228313295759251,5.228313295759251,0.8814674125970484,,,,,,,,,,,,,,,,,,,,
real,300,gulf,9,LSTM-rec,2,buffer,8,397,4.55585404897008,4.55585404897008,0.4400275002355899,,,,117.0,117.0,116.0,116.0,115.0,115.0,115.0,115.0,115.0,115.0,115.0,114.0,114.0,114.0,114.0,114.0,114.0
real,300,gulf,9,LSTM-rec,2,buffer,9,472,27.508613474827964,27.508613474827964,1.3973567967667302,,,,,,,,,,,,,,,,,,,,
real,300,gulf,9,LSTM-rec,2,buffer,10,480,21.355185962651216,21.355185962651216,0.9677736678116959,,,,,,,,,,,,,,,,,,,,
real,300,gulf,9,LSTM-rec,2,crossing,0,81,11.025554295866764,11.025554295866764,0.46224688723718216,,,,,,,,,,,,,,,,,,,,
real,300,gulf,9,LSTM-rec,2,crossing,1,88,15.732185886689695,15.732185886689695,1.4387817680740682,,,,,,,,,,,,,,,,,,,,
real,300,gulf,9,LSTM-rec,2,crossing,2,117,6.437792630707098,6.437792630707098,1.1893630132920272,,,,,,183.0,183.0,182.0,182.0,182.0,181.0,181.0,181.0,181.0,181.0,181.0,180.0,180.0,180.0,180.0
real,300,gulf,9,LSTM-rec,2,crossing,3,124,22.39891288803482,22.39891288803482,0.13653254452088778,,,,,,,,,,,,,,,,,,,,
real,300,gulf,9,LSTM-rec,2,crossing,4,172,9.330475833847748,9.330475833847748,0.6397558068367897,,,,,,,,,,,,,,,,,,,,
real,300,gulf,9,LSTM-rec,2,crossing,5,304,21.9888673528594,21.9888673528594,1.4589589751794734,,,,,,,,,,,,,,,,,,,,
real,300,gulf,9,LSTM-rec,2,crossing,6,314,19.792743204561088,19.792743204561088,0.507429205850133,,,,,,,,,,,,,,,,,,,,
real,300,gulf,9,LSTM-rec,2,crossing,7,333,5.228313295759251,5.228313295759251,0.8814674125970484,,,,,,,,,,,,,,,,,,,,
real,300,gulf,9,LSTM-rec,2,crossing,8,397,4.55585404897008,4.55585404897008,0.4400275002355899,,,,,,,,117.0,117.0,117.0,116.0,116.0,116.0,116.0,116.0,116.0,116.0,116.0,116.0,116.0
real,300,gulf,9,LSTM-rec,2,crossing,9,472,27.508613474827964,27.508613474827964,1.3973567967667302,,,,,,,,,,,,,,,,,,,,
real,300,gulf,9,LSTM-rec,2,crossing,10,480,21.355185962651216,21.355185962651216,0.9677736678116959,,,,,,,,,,,,,,,,,,,,
real,300,gulf,9,LSTM-ms,2,buffer,0,81,11.025554295866764,11.025554295866764,0.46224688723718216,,,,,,,,,,,,,,,,,,,,
real,300,gulf,9,LSTM-ms,2,buffer,1,88,15.732185886689695,15.732185886689695,1.4387817680740682,,,,,,,,,,,,,,,,,,,,
real,300,gulf,9,LSTM-ms,2,buffer,2,117,6.437792630707098,6.437792630707098,1.1893630132920272,,,,183.0,182.0,182.0,181.0,181.0,180.0,180.0,179.0,179.0,178.0,178.0,177.0,177.0,176.0,176.0,176.0,175.0
real,300,gulf,9,LSTM-ms,2,buffer,3,124,22.39891288803482,22.39891288803482,0.13653254452088778,,,,,,,,,,,,,,,,,,,,
real,300,gulf,9,LSTM-ms,2,buffer,4,172,9.330475833847748,9.330475833847748,0.6397558068367897,,,,,,,,306.0,305.0,305.0,304.0,304.0,303.0,303.0,302.0,302.0,301.0,301.0,301.0,300.0
real,300,gulf,9,LSTM-ms,2,buffer,5,304,21.9888673528594,21.9888673528594,1.4589589751794734,,,,,,,,,,,,,,,,,,,,
real,300,gulf,9,LSTM-ms,2,buffer,6,314,19.792743204561088,19.792743204561088,0.507429205850133,,,,,,,,,,,,,,,,,,,,
real,300,gulf,9,LSTM-ms,2,buffer,7,333,5.228313295759251,5.228313295759251,0.8814674125970484,,,,,,,,,,,,,,,,,,,,
real,300,gulf,9,LSTM-ms,2,buffer,8,397,4.55585404897008,4.55585404897008,0.4400275002355899,,,,117.0,116.0,116.0,115.0,114.0,114.0,113.0,113.0,113.0,112.0,111.0,111.0,111.0,110.0,109.0,109.0,108.0
real,300,gulf,9,LSTM-ms,2,buffer,9,472,27.508613474827964,27.508613474827964,1.3973567967667302,,,,,,,,,,,,,,,,,,,,
real,300,gulf,9,LSTM-ms,2,buffer,10,480,21.355185962651216,21.355185962651216,0.9677736678116959,,,,,,,,,,,,,,,,,,,,
real,300,gulf,9,LSTM-ms,2,crossing,0,81,11.025554295866764,11.025554295866764,0.46224688723718216,,,,,,,,,,,,,,,,,,,,
real,300,gulf,9,LSTM-ms,2,crossing,1,88,15.732185886689695,15.732185886689695,1.4387817680740682,,,,,,,,,,,,,,,,,,,,
real,300,gulf,9,LSTM-ms,2,crossing,2,117,6.437792630707098,6.437792630707098,1.1893630132920272,,,,,,183.0,183.0,182.0,181.0,181.0,180.0,180.0,179.0,179.0,179.0,178.0,178.0,177.0,177.0,176.0
real,300,gulf,9,LSTM-ms,2,crossing,3,124,22.39891288803482,22.39891288803482,0.13653254452088778,,,,,,,,,,,,,,,,,,,,
real,300,gulf,9,LSTM-ms,2,crossing,4,172,9.330475833847748,9.330475833847748,0.6397558068367897,,,,,,,,,,306.0,306.0,305.0,305.0,304.0,304.0,303.0,303.0,302.0,302.0,301.0
real,300,gulf,9,LSTM-ms,2,crossing,5,304,21.9888673528594,21.9888673528594,1.4589589751794734,,,,,,,,,,,,,,,,,,,,
real,300,gulf,9,LSTM-ms,2,crossing,6,314,19.792743204561088,19.792743204561088,0.507429205850133,,,,,,,,,,,,,,,,,,,,
real,300,gulf,9,LSTM-ms,2,crossing,7,333,5.228313295759251,5.228313295759251,0.8814674125970484,,,,,,,,,,,,,,,,,,,,
real,300,gulf,9,LSTM-ms,2,crossing,8,397,4.55585404897008,4.55585404897008,0.4400275002355899,,,,,,,117.0,116.0,116.0,115.0,115.0,114.0,114.0,113.0,113.0,112.0,112.0,111.0,111.0,110.0
real,300,gulf,9,LSTM-ms,2,crossing,9,472,27.508613474827964,27.508613474827964,1.3973567967667302,,,,,,,,,,,,,,,,,,,,
real,300,gulf,9,LSTM-ms,2,crossing,10,480,21.355185962651216,21.355185962651216,0.9677736678116959,,,,,,,,,,,,,,,,,,,,
real,300,gulf,9,LSTM-rec,3,buffer,0,81,11.025554295866764,11.025554295866764,0.46224688723718216,,,,,,,,,,,,,,,,,,,,
real,300,gulf,9,LSTM-rec,3,buffer,1,88,15.732185886689695,15.732185886689695,1.4387817680740682,,,,,,,,,,,,,,,,,,,,
real,300,gulf,9,LSTM-rec,3,buffer,2,117,6.437792630707098,6.437792630707098,1.1893630132920272,,,,183.0,182.0,182.0,181.0,181.0,180.0,180.0,179.0,179.0,178.0,178.0,178.0,177.0,177.0,177.0,177.0,176.0
real,300,gulf,9,LSTM-rec,3,buffer,3,124,22.39891288803482,22.39891288803482,0.13653254452088778,,,,,,,,,,,,,,,,,,,,
real,300,gulf,9,LSTM-rec,3,buffer,4,172,9.330475833847748,9.330475833847748,0.6397558068367897,,,,,,,,306.0,305.0,305.0,305.0,304.0,304.0,303.0,303.0,303.0,302.0,302.0,302.0,302.0
real,300,gulf,9,LSTM-rec,3,buffer,5,304,21.9888673528594,21.9888673528594,1.4589589751794734,,,,,,,,,,,,,,,,,,,,
real,300,gulf,9,LSTM-rec,3,buffer,6,314,19.792743204561088,19.792743204561088,0.507429205850133,,,,,,,,,,,,,,,,,,,,
real,300,gulf,9,LSTM-rec,3,buffer,7,333,5.228313295759251,5.228313295759251,0.8814674125970484,,,,,,,,,,,,,,,,,,,,
real,300,gulf,9,LSTM-rec,3,buffer,8,397,4.55585404897008,4.55585404897008,0.4400275002355899,,,,117.0,116.0,115.0,115.0,114.0,114.0,113.0,113.0,112.0,111.0,111.0,111.0,111.0,111.0,111.0,110.0,110.0
real,300,gulf,9,LSTM-rec,3,buffer,9,472,27.508613474827964,27.508613474827964,1.3973567967667302,,,,,,,,,,,,,,,,,,,,
real,300,gulf,9,LSTM-rec,3,buffer,10,480,21.355185962651216,21.355185962651216,0.9677736678116959,,,,,,,,,,,,,,,,,,,,
real,300,gulf,9,LSTM-rec,3,crossing,0,81,11.025554295866764,11.025554295866764,0.46224688723718216,,,,,,,,,,,,,,,,,,,,
real,300,gulf,9,LSTM-rec,3,crossing,1,88,15.732185886689695,15.732185886689695,1.4387817680740682,,,,,,,,,,,,,,,,,,,,
real,300,gulf,9,LSTM-rec,3,crossing,2,117,6.437792630707098,6.437792630707098,1.1893630132920272,,,,,183.0,183.0,182.0,182.0,181.0,181.0,180.0,180.0,180.0,179.0,179.0,179.0,178.0,178.0,178.0,178.0
real,300,gulf,9,LSTM-rec,3,crossing,3,124,22.39891288803482,22.39891288803482,0.13653254452088778,,,,,,,,,,,,,,,,,,,,
real,300,gulf,9,LSTM-rec,3,crossing,4,172,9.330475833847748,9.330475833847748,0.6397558068367897,,,,,,,,,,,306.0,306.0,305.0,305.0,305.0,304.0,304.0,304.0,303.0,303.0
real,300,gulf,9,LSTM-rec,3,crossing,5,304,21.9888673528594,21.9888673528594,1.4589589751794734,,,,,,,,,,,,,,,,,,,,
real,300,gulf,9,LSTM-rec,3,crossing,6,314,19.792743204561088,19.792743204561088,0.507429205850133,,,,,,,,,,,,,,,,,,,,
real,300,gulf,9,LSTM-rec,3,crossing,7,333,5.228313295759251,5.228313295759251,0.8814674125970484,,,,,,,,,,,,,,,,,,,,
real,300,gulf,9,LSTM-rec,3,crossing,8,397,4.55585404897008,4.55585404897008,0.4400275002355899,,,,,,117.0,117.0,116.0,115.0,115.0,115.0,114.0,114.0,113.0,113.0,113.0,112.0,111.0,111.0,111.0
real,300,gulf,9,LSTM-rec,3,crossing,9,472,27.508613474827964,27.508613474827964,1.3973567967667302,,,,,,,,,,,,,,,,,,,,
real,300,gulf,9,LSTM-rec,3,crossing,10,480,21.355185962651216,21.355185962651216,0.9677736678116959,,,,,,,,,,,,,,,,,,,,
real,300,gulf,9,LSTM-ms,3,buffer,0,81,11.025554295866764,11.025554295866764,0.46224688723718216,,,,,,,,,,,,,,,,,,,,
real,300,gulf,9,LSTM-ms,3,buffer,1,88,15.732185886689695,15.732185886689695,1.4387817680740682,,,,,,,,,,,,,,,,,,,,
real,300,gulf,9,LSTM-ms,3,buffer,2,117,6.437792630707098,6.437792630707098,1.1893630132920272,,,,,,183.0,183.0,182.0,182.0,182.0,181.0,181.0,181.0,180.0,180.0,180.0,179.0,179.0,179.0,179.0
real,300,gulf,9,LSTM-ms,3,buffer,3,124,22.39891288803482,22.39891288803482,0.13653254452088778,,,,,,,,,,,,,,,,,,,,
real,300,gulf,9,LSTM-ms,3,buffer,4,172,9.330475833847748,9.330475833847748,0.6397558068367897,,,,,,,,,,,,,306.0,306.0,306.0,305.0,305.0,305.0,305.0,304.0
real,300,gulf,9,LSTM-ms,3,buffer,5,304,21.9888673528594,21.9888673528594,1.4589589751794734,,,,,,,,,,,,,,,,,,,,
real,300,gulf,9,LSTM-ms,3,buffer,6,314,19.792743204561088,19.792743204561088,0.507429205850133,,,,,,,,,,,,,,,,,,,,
real,300,gulf,9,LSTM-ms,3,buffer,7,333,5.228313295759251,5.228313295759251,0.8814674125970484,,,,,,,,,,,,,,,,,,,,
real,300,gulf,9,LSTM-ms,3,buffer,8,397,4.55585404897008,4.55585404897008,0.4400275002355899,,,,,,,117.0,117.0,116.0,116.0,116.0,115.0,115.0,115.0,115.0,114.0,114.0,114.0,113.0,113.0
real,300,gulf,9,LSTM-ms,3,buffer,9,472,27.508613474827964,27.508613474827964,1.3973567967667302,,,,,,,,,,,,,,,,,,,,
real,300,gulf,9,LSTM-ms,3,buffer,10,480,21.355185962651216,21.355185962651216,0.9677736678116959,,,,,,,,,,,,,,,,,,,,
real,300,gulf,9,LSTM-ms,3,crossing,0,81,11.025554295866764,11.025554295866764,0.46224688723718216,,,,,,,,,,,,,,,,,,,,
real,300,gulf,9,LSTM-ms,3,crossing,1,88,15.732185886689695,15.732185886689695,1.4387817680740682,,,,,,,,,,,,,,,,,,,,
real,300,gulf,9,LSTM-ms,3,crossing,2,117,6.437792630707098,6.437792630707098,1.1893630132920272,,,,,,,,,183.0,183.0,182.0,182.0,182.0,181.0,181.0,181.0,181.0,180.0,180.0,180.0
real,300,gulf,9,LSTM-ms,3,crossing,3,124,22.39891288803482,22.39891288803482,0.13653254452088778,,,,,,,,,,,,,,,,,,,,
real,300,gulf,9,LSTM-ms,3,crossing,4,172,9.330475833847748,9.330475833847748,0.6397558068367897,,,,,,,,,,,,,,,,,,306.0,306.0,306.0
real,300,gulf,9,LSTM-ms,3,crossing,5,304,21.9888673528594,21.9888673528594,1.4589589751794734,,,,,,,,,,,,,,,,,,,,
real,300,gulf,9,LSTM-ms,3,crossing,6,314,19.792743204561088,19.792743204561088,0.507429205850133,,,,,,,,,,,,,,,,,,,,
real,300,gulf,9,LSTM-ms,3,crossing,7,333,5.228313295759251,5.228313295759251,0.8814674125970484,,,,,,,,,,,,,,,,,,,,
real,300,gulf,9,LSTM-ms,3,crossing,8,397,4.55585404897008,4.55585404897008,0.4400275002355899,,,,,,,,,,,,117.0,117.0,117.0,116.0,116.0,116.0,116.0,115.0,115.0
real,300,gulf,9,LSTM-ms,3,crossing,9,472,27.508613474827964,27.508613474827964,1.3973567967667302,,,,,,,,,,,,,,,,,,,,
real,300,gulf,9,LSTM-ms,3,crossing,10,480,21.355185962651216,21.355185962651216,0.9677736678116959,,,,,,,,,,,,,,,,,,,,
real,300,gulf,9,LSTM-rec,4,buffer,0,81,11.025554295866764,11.025554295866764,0.46224688723718216,,,,,,,,,,,,,,,,,,,,
real,300,gulf,9,LSTM-rec,4,buffer,1,88,15.732185886689695,15.732185886689695,1.4387817680740682,,,,,,,,,,,,,,,,,,,,
real,300,gulf,9,LSTM-rec,4,buffer,2,117,6.437792630707098,6.437792630707098,1.1893630132920272,,,,,,,,,,,,,,,,,,,,
real,300,gulf,9,LSTM-rec,4,buffer,3,124,22.39891288803482,22.39891288803482,0.13653254452088778,,,,,,,,,,,,,,,,,,,,
real,300,gulf,9,LSTM-rec,4,buffer,4,172,9.330475833847748,9.330475833847748,0.6397558068367897,,,,,,,,,,,,,,,,,,,,
real,300,gulf,9,LSTM-rec,4,buffer,5,304,21.9888673528594,21.9888673528594,1.4589589751794734,,,,,,,,,,,,,,,,,,,,
real,300,gulf,9,LSTM-rec,4,buffer,6,314,19.792743204561088,19.792743204561088,0.507429205850133,,,,,,,,,,,,,,,,,,,,
real,300,gulf,9,LSTM-rec,4,buffer,7,333,5.228313295759251,5.228313295759251,0.8814674125970484,,,,,,,,,,,,,,,,,,,,
real,300,gulf,9,LSTM-rec,4,buffer,8,397,4.55585404897008,4.55585404897008,0.4400275002355899,,,,,,,,,,,,,,,,,,,,
real,300,gulf,9,LSTM-rec,4,buffer,9,472,27.508613474827964,27.508613474827964,1.3973567967667302,,,,,,,,,,,,,,,,,,,,
real,300,gulf,9,LSTM-rec,4,buffer,10,480,21.355185962651216,21.355185962651216,0.9677736678116959,,,,,,,,,,,,,,,,,,,,
real,300,gulf,9,LSTM-rec,4,crossing,0,81,11.025554295866764,11.025554295866764,0.46224688723718216,,,,,,,,,,,,,,,,,,,,
real,300,gulf,9,LSTM-rec,4,crossing,1,88,15.732185886689695,15.732185886689695,1.4387817680740682,,,,,,,,,,,,,,,,,,,,
real,300,gulf,9,LSTM-rec,4,crossing,2,117,6.437792630707098,6.437792630707098,1.1893630132920272,,,,,,,,,,,,,,,,,,,,
real,300,gulf,9,LSTM-rec,4,crossing,3,124,22.39891288803482,22.39891288803482,0.13653254452088778,,,,,,,,,,,,,,,,,,,,
real,300,gulf,9,LSTM-rec,4,crossing,4,172,9.330475833847748,9.330475833847748,0.6397558068367897,,,,,,,,,,,,,,,,,,,,
real,300,gulf,9,LSTM-rec,4,crossing,5,304,21.9888673528594,21.9888673528594,1.4589589751794734,,,,,,,,,,,,,,,,,,,,
real,300,gulf,9,LSTM-rec,4,crossing,6,314,19.792743204561088,19.792743204561088,0.507429205850133,,,,,,,,,,,,,,,,,,,,
real,300,gulf,9,LSTM-rec,4,crossing,7,333,5.228313295759251,5.228313295759251,0.8814674125970484,,,,,,,,,,,,,,,,,,,,
real,300,gulf,9,LSTM-rec,4,crossing,8,397,4.55585404897008,4.55585404897008,0.4400275002355899,,,,,,,,,,,,,,,,,,,,
real,300,gulf,9,LSTM-rec,4,crossing,9,472,27.508613474827964,27.508613474827964,1.3973567967667302,,,,,,,,,,,,,,,,,,,,
real,300,gulf,9,LSTM-rec,4,crossing,10,480,21.355185962651216,21.355185962651216,0.9677736678116959,,,,,,,,,,,,,,,,,,,,
real,300,gulf,9,LSTM-ms,4,buffer,0,81,11.025554295866764,11.025554295866764,0.46224688723718216,,,,,,,,,,,,,,,,,,,,
real,300,gulf,9,LSTM-ms,4,buffer,1,88,15.732185886689695,15.732185886689695,1.4387817680740682,,,,,,,,,,,,,,,,,,,,
real,300,gulf,9,LSTM-ms,4,buffer,2,117,6.437792630707098,6.437792630707098,1.1893630132920272,,,,183.0,182.0,182.0,181.0,181.0,180.0,180.0,179.0,179.0,178.0,178.0,178.0,177.0,177.0,177.0,176.0,176.0
real,300,gulf,9,LSTM-ms,4,buffer,3,124,22.39891288803482,22.39891288803482,0.13653254452088778,,,,,,,,,,,,,,,,,,,,
real,300,gulf,9,LSTM-ms,4,buffer,4,172,9.330475833847748,9.330475833847748,0.6397558068367897,,,,,,,,,306.0,305.0,305.0,304.0,304.0,303.0,303.0,302.0,302.0,302.0,301.0,301.0
real,300,gulf,9,LSTM-ms,4,buffer,5,304,21.9888673528594,21.9888673528594,1.4589589751794734,,,,,,,,,,,,,,,,,,,,
real,300,gulf,9,LSTM-ms,4,buffer,6,314,19.792743204561088,19.792743204561088,0.507429205850133,,,,,,,,,,,,,,,,,,,,
real,300,gulf,9,LSTM-ms,4,buffer,7,333,5.228313295759251,5.228313295759251,0.8814674125970484,,,,,,,,,,,,,,,,,,,,
real,300,gulf,9,LSTM-ms,4,buffer,8,397,4.55585404897008,4.55585404897008,0.4400275002355899,,,,117.0,116.0,116.0,115.0,115.0,115.0,114.0,114.0,113.0,112.0,112.0,111.0,111.0,111.0,111.0,111.0,111.0
real,300,gulf,9,LSTM-ms,4,buffer,9,472,27.508613474827964,27.508613474827964,1.3973567967667302,,,,,,,,,,,,,,,,,,,,
real,300,gulf,9,LSTM-ms,4,buffer,10,480,21.355185962651216,21.355185962651216,0.9677736678116959,,,,,,,,,,,,,,,,,,,,
real,300,gulf,9,LSTM-ms,4,crossing,0,81,11.025554295866764,11.025554295866764,0.46224688723718216,,,,,,,,,,,,,,,,,,,,
real,300,gulf,9,LSTM-ms,4,crossing,1,88,15.732185886689695,15.732185886689695,1.4387817680740682,,,,,,,,,,,,,,,,,,,,
real,300,gulf,9,LSTM-ms,4,crossing,2,117,6.437792630707098,6.437792630707098,1.1893630132920272,,,,,,183.0,183.0,182.0,182.0,181.0,181.0,180.0,180.0,179.0,179.0,178.0,178.0,178.0,177.0,177.0
real,300,gulf,9,LSTM-ms,4,crossing,3,124,22.39891288803482,22.39891288803482,0.13653254452088778,,,,,,,,,,,,,,,,,,,,
real,300,gulf,9,LSTM-ms,4,crossing,4,172,9.330475833847748,9.330475833847748,0.6397558068367897,,,,,,,,,,,,305.0,305.0,305.0,304.0,304.0,303.0,303.0,303.0,302.0
real,300,gulf,9,LSTM-ms,4,crossing,5,304,21.9888673528594,21.9888673528594,1.4589589751794734,,,,,,,,,,,,,,,,,,,,
real,300,gulf,9,LSTM-ms,4,crossing,6,314,19.792743204561088,19.792743204561088,0.507429205850133,,,,,,,,,,,,,,,,,,,,
real,300,gulf,9,LSTM-ms,4,crossing,7,333,5.228313295759251,5.228313295759251,0.8814674125970484,,,,,,,,,,,,,,,,,,,,
real,300,gulf,9,LSTM-ms,4,crossing,8,397,4.55585404897008,4.55585404897008,0.4400275002355899,,,,,,,117.0,117.0,116.0,116.0,115.0,115.0,115.0,114.0,114.0,114.0,113.0,112.0,112.0,112.0
real,300,gulf,9,LSTM-ms,4,crossing,9,472,27.508613474827964,27.508613474827964,1.3973567967667302,,,,,,,,,,,,,,,,,,,,
real,300,gulf,9,LSTM-ms,4,crossing,10,480,21.355185962651216,21.355185962651216,0.9677736678116959,,,,,,,,,,,,,,,,,,,,
real,300,gulf,10,Reactive,0,zone,0,4,12.266405194985484,12.266405194985484,0.00668329658990332,,,,,,,,,,,,,,,,,,,,
real,300,gulf,10,Reactive,0,zone,1,12,23.620671223317544,23.620671223317544,0.5711845905822222,,,,,,,,,,,,,,,,,,,,
real,300,gulf,10,Reactive,0,zone,2,18,24.14083932910176,24.14083932910176,0.5963265788580204,,,,,,,,,,,,,,,,,,,,
real,300,gulf,10,Reactive,0,zone,3,35,28.07114815903035,28.07114815903035,0.4153838323855567,,,,,,,,,,,,,,,,,,,,
real,300,gulf,10,Reactive,0,zone,4,46,29.56278078621456,29.56278078621456,0.5396460329998077,,,,,,,,,,,,,,,,,,,,
real,300,gulf,10,Reactive,0,zone,5,49,3.4913576667059876,3.4913576667059876,0.2626422247068359,,,,,,,,,,,,,,,,,,,,
real,300,gulf,10,Reactive,0,zone,6,51,13.245831505970136,13.245831505970136,0.13311167163047938,,,,,,,,,,,,,,,,,,,,
real,300,gulf,10,Reactive,0,zone,7,63,5.487825834302531,5.487825834302531,1.0165814987684652,,,,,,,,,,,,,,,,,,,,
real,300,gulf,10,Reactive,0,zone,8,76,7.832221201262748,7.832221201262748,0.0070216368237207265,,,,,,,,,,,,,,,,,,,,
real,300,gulf,10,Reactive,0,zone,9,77,28.03889048273775,28.03889048273775,0.5854139737265653,,,,,,,,,,,,,,,,,,,,
real,300,gulf,10,Reactive,0,zone,10,80,7.182896018988736,7.182896018988736,0.8249669017114222,,,,,,,,,,,,,,,,,,,,
real,300,gulf,10,Reactive,0,zone,11,87,22.942762492933117,22.942762492933117,0.46894428720257714,,,,,,,,,,,,,,,,,,,,
real,300,gulf,10,Reactive,0,zone,12,102,8.112466599604254,8.112466599604254,0.08832579533205343,,,,,,,,,,,,,,,,,,,,
real,300,gulf,10,Reactive,0,zone,13,143,23.206288296938013,23.206288296938013,0.6051537328566118,,,,,,,,,,,,,,,,,,,,
real,300,gulf,10,Reactive,0,zone,14,154,8.732687542452455,8.732687542452455,0.4900366971057181,,,,,,,,,,,,,,,,,,,,
real,300,gulf,10,Reactive,0,zone,15,166,19.800247785572264,19.800247785572264,0.8006193660604571,,,,,,,,,,,,,,,,,,,,
real,300,gulf,10,Reactive,0,zone,16,177,8.202583042830287,8.202583042830287,0.4582238368557336,,,,,,,,,,,,,,,,,,,,
real,300,gulf,10,Reactive,0,zone,17,182,18.345949323217326,18.345949323217326,0.9824340052253595,,,,,,,,,,,,,,,,,,,,
real,300,gulf,10,Reactive,0,zone,18,187,6.858865026417262,6.858865026417262,0.23509558655537038,,,,,,,,,,,,,,,,,,,,
real,300,gulf,10,Reactive,0,zone,19,190,27.68462488556801,27.68462488556801,0.44323342991851244,,,,,,,,,,,,,,,,,,,,
real,300,gulf,10,Reactive,0,zone,20,200,14.822720917051123,14.822720917051123,1.391846700328501,,,,,,,,,,,,,,,,,,,,
real,300,gulf,10,Reactive,0,zone,21,225,27.349652770462658,27.349652770462658,0.8413343683454232,,,,,,,,,,,,,,,,,,,,
real,300,gulf,10,Reactive,0,zone,22,226,25.97652559618631,25.97652559618631,0.5233509944726167,,,,,,,,,,,,,,,,,,,,
real,300,gulf,10,Reactive,0,zone,23,227,4.093878175231518,4.093878175231518,0.4063964591130925,,,,,,,,,,,,,,,,,,,,
real,300,gulf,10,Reactive,0,zone,24,269,15.727913009927386,15.727913009927386,1.1976578581820396,,,,,,,,,,,,,,,,,,,,
real,300,gulf,10,Reactive,0,zone,25,273,27.024243042339478,27.024243042339478,0.4088320670224329,,,,,,,,,,,,,,,,,,,,
real,300,gulf,10,Reactive,0,zone,26,275,10.442098537087272,10.442098537087272,0.04636800217593541,,,,,,,,,,,,,,,,,,,,
real,300,gulf,10,Reactive,0,zone,27,319,27.045078810196703,27.045078810196703,0.38241632181183033,,,,,,,,,,,,,,,,,,,,
real,300,gulf,10,Reactive,0,zone,28,322,16.546866415619103,16.546866415619103,0.4312535013276059,,,,,,,,,,,,,,,,,,,,
real,300,gulf,10,Reactive,0,zone,29,325,6.662348582854868,6.662348582854868,0.4623207432350452,,,,,,,,,,,,,,,,,,,,
real,300,gulf,10,Reactive,0,zone,30,328,27.966134032134544,27.966134032134544,0.45537916096263265,,,,,,,,,,,,,,,,,,,,
real,300,gulf,10,Reactive,0,zone,31,332,26.912755572869496,26.912755572869496,0.7435324618707779,,,,,,,,,,,,,,,,,,,,
real,300,gulf,10,Reactive,0,zone,32,334,4.87834580836109,4.87834580836109,0.2876440607746294,,,,,,,,,,,,,,,,,,,,
real,300,gulf,10,Reactive,0,zone,33,352,26.93485260225116,26.93485260225116,0.42254170026746307,,,,,,,,,,,,,,,,,,,,
real,300,gulf,10,Reactive,0,zone,34,354,23.690985575876333,23.690985575876333,0.4505713785758975,,,,,,,,,,,,,,,,,,,,
real,300,gulf,10,Reactive,0,zone,35,361,7.131039359718748,7.131039359718748,0.1598096942782011,,,,,,,,,,,,,,,,,,,,
real,300,gulf,10,Reactive,0,zone,36,369,5.205644434121039,5.205644434121039,1.5200638685909862,,,,,,,,,,,,,,,,,,,,
real,300,gulf,10,Reactive,0,zone,37,375,26.654545054177134,26.654545054177134,0.4172192899922948,,,,,,,,,,,,,,,,,,,,
real,300,gulf,10,Reactive,0,zone,38,379,25.74261301410117,25.74261301410117,0.5692558779943199,,,,,,,,,,,,,,,,,,,,
real,300,gulf,10,Reactive,0,zone,39,409,9.262534912054202,9.262534912054202,1.4580468627793064,,,,,,,,,,,,,,,,,,,,
real,300,gulf,10,Reactive,0,zone,40,447,3.3093245706108414,3.3093245706108414,0.44304907238086255,,,,,,,,,,,,,,,,,,,,
real,300,gulf,10,Reactive,0,zone,41,451,28.882191057177966,28.882191057177966,0.4742483168407612,,,,,,,,,,,,,,,,,,,,
real,300,gulf,10,Reactive,0,zone,42,494,10.822892288227528,10.822892288227528,0.4748616144173954,,,,,,,,,,,,,,,,,,,,
real,300,gulf,10,Analytic,0,buffer,0,4,12.266405194985484,12.266405194985484,0.00668329658990332,,,,,,,,,,,,,,,,,,,,
real,300,gulf,10,Analytic,0,buffer,1,12,23.620671223317544,23.620671223317544,0.5711845905822222,,,,,,,,,,,,,,,,,,,,
real,300,gulf,10,Analytic,0,buffer,2,18,24.14083932910176,24.14083932910176,0.5963265788580204,,,,,,,,,,,,,,,,,,,,
real,300,gulf,10,Analytic,0,buffer,3,35,28.07114815903035,28.07114815903035,0.4153838323855567,,,,,,,,,,,,,,,,,,,,
real,300,gulf,10,Analytic,0,buffer,4,46,29.56278078621456,29.56278078621456,0.5396460329998077,,,,,,,,,,,,,,,,,,,,
real,300,gulf,10,Analytic,0,buffer,5,49,3.4913576667059876,3.4913576667059876,0.2626422247068359,,,,,,387.0,386.0,385.0,384.0,383.0,382.0,382.0,381.0,355.0,353.0,352.0,342.0,339.0,338.0,337.0
real,300,gulf,10,Analytic,0,buffer,6,51,13.245831505970136,13.245831505970136,0.13311167163047938,,,,,,,,,,,,,,,,,,,,
real,300,gulf,10,Analytic,0,buffer,7,63,5.487825834302531,5.487825834302531,1.0165814987684652,,,,,,56.0,54.0,53.0,52.0,52.0,51.0,51.0,50.0,49.0,49.0,48.0,47.0,46.0,45.0,44.0
real,300,gulf,10,Analytic,0,buffer,8,76,7.832221201262748,7.832221201262748,0.0070216368237207265,,,,,,,,,,,,,,,,,,,,
real,300,gulf,10,Analytic,0,buffer,9,77,28.03889048273775,28.03889048273775,0.5854139737265653,,,,,,,,,,,,,,,,,,,,
real,300,gulf,10,Analytic,0,buffer,10,80,7.182896018988736,7.182896018988736,0.8249669017114222,,,,,,,,,,,,,70.0,69.0,66.0,64.0,63.0,54.0,53.0,53.0
real,300,gulf,10,Analytic,0,buffer,11,87,22.942762492933117,22.942762492933117,0.46894428720257714,,,,,,,,,,,,,,,,,,,,
real,300,gulf,10,Analytic,0,buffer,12,102,8.112466599604254,8.112466599604254,0.08832579533205343,,,,,,,,,,,,,,,,,,,,
real,300,gulf,10,Analytic,0,buffer,13,143,23.206288296938013,23.206288296938013,0.6051537328566118,,,,,,,,,,,,,,,,,,,,
real,300,gulf,10,Analytic,0,buffer,14,154,8.732687542452455,8.732687542452455,0.4900366971057181,,,,,,,,,,,,,,,,,,,,
real,300,gulf,10,Analytic,0,buffer,15,166,19.800247785572264,19.800247785572264,0.8006193660604571,,,,,,,,,,,,,,,,,,,,
real,300,gulf,10,Analytic,0,buffer,16,177,8.202583042830287,8.202583042830287,0.4582238368557336,,,,,,,,,,,,,,,,,,,,
real,300,gulf,10,Analytic,0,buffer,17,182,18.345949323217326,18.345949323217326,0.9824340052253595,,,,,,,,,,,,,,,,,,,,
real,300,gulf,10,Analytic,0,buffer,18,187,6.858865026417262,6.858865026417262,0.23509558655537038,,,,,,,,,52.0,52.0,51.0,51.0,51.0,50.0,50.0,50.0,50.0,50.0,50.0,50.0
real,300,gulf,10,Analytic,0,buffer,19,190,27.68462488556801,27.68462488556801,0.44323342991851244,,,,,,,,,,,,,,,,,,,,
real,300,gulf,10,Analytic,0,buffer,20,200,14.822720917051123,14.822720917051123,1.391846700328501,,,,,,,,,,,,,,,,,,,,
real,300,gulf,10,Analytic,0,buffer,21,225,27.349652770462658,27.349652770462658,0.8413343683454232,,,,,,,,,,,,,,,,,,,,
real,300,gulf,10,Analytic,0,buffer,22,226,25.97652559618631,25.97652559618631,0.5233509944726167,,,,,,,,,,,,,,,,,,,,
real,300,gulf,10,Analytic,0,buffer,23,227,4.093878175231518,4.093878175231518,0.4063964591130925,,,,,,,,,,,142.0,142.0,142.0,59.0,36.0,35.0,35.0,34.0,33.0,33.0
real,300,gulf,10,Analytic,0,buffer,24,269,15.727913009927386,15.727913009927386,1.1976578581820396,,,,,,,,,,,,,,,,32.0,31.0,24.0,22.0,22.0
real,300,gulf,10,Analytic,0,buffer,25,273,27.024243042339478,27.024243042339478,0.4088320670224329,,,,,,,,,,,,,,,,,,,,
real,300,gulf,10,Analytic,0,buffer,26,275,10.442098537087272,10.442098537087272,0.04636800217593541,,,,,,,,,,,,,,,,,,,,
real,300,gulf,10,Analytic,0,buffer,27,319,27.045078810196703,27.045078810196703,0.38241632181183033,,,,,,,,,,,,,,,,,,,,
real,300,gulf,10,Analytic,0,buffer,28,322,16.546866415619103,16.546866415619103,0.4312535013276059,,,,,,,,,,,,,,,,,,,,
real,300,gulf,10,Analytic,0,buffer,29,325,6.662348582854868,6.662348582854868,0.4623207432350452,,,,,,,,,,,,,,,,,,,,
real,300,gulf,10,Analytic,0,buffer,30,328,27.966134032134544,27.966134032134544,0.45537916096263265,,,,,,,,,,,,,,,,,,,,
real,300,gulf,10,Analytic,0,buffer,31,332,26.912755572869496,26.912755572869496,0.7435324618707779,,,,,,,,,,,,,,,,,,,,
real,300,gulf,10,Analytic,0,buffer,32,334,4.87834580836109,4.87834580836109,0.2876440607746294,,,,,,276.0,275.0,275.0,274.0,273.0,273.0,272.0,271.0,270.0,269.0,267.0,265.0,264.0,263.0,263.0
real,300,gulf,10,Analytic,0,buffer,33,352,26.93485260225116,26.93485260225116,0.42254170026746307,,,,,,,,,,,,,,,,,,,,
real,300,gulf,10,Analytic,0,buffer,34,354,23.690985575876333,23.690985575876333,0.4505713785758975,,,,,,,,,,,,,,,,,,,,
real,300,gulf,10,Analytic,0,buffer,35,361,7.131039359718748,7.131039359718748,0.1598096942782011,,,,,,,,,,,,,,,,,,,,
real,300,gulf,10,Analytic,0,buffer,36,369,5.205644434121039,5.205644434121039,1.5200638685909862,,,,,187.0,184.0,184.0,183.0,183.0,182.0,182.0,181.0,181.0,180.0,178.0,177.0,175.0,173.0,170.0,169.0
real,300,gulf,10,Analytic,0,buffer,37,375,26.654545054177134,26.654545054177134,0.4172192899922948,,,,,,,,,,,,,,,,,,,,
real,300,gulf,10,Analytic,0,buffer,38,379,25.74261301410117,25.74261301410117,0.5692558779943199,,,,,,,,,,,,,,,,,,,,
real,300,gulf,10,Analytic,0,buffer,39,409,9.262534912054202,9.262534912054202,1.4580468627793064,,,,,,,,,,,,,,,,,,,,
real,300,gulf,10,Analytic,0,buffer,40,447,3.3093245706108414,3.3093245706108414,0.44304907238086255,,,704.0,409.0,408.0,408.0,407.0,113.0,112.0,112.0,111.0,111.0,110.0,110.0,109.0,108.0,106.0,94.0,94.0,93.0
real,300,gulf,10,Analytic,0,buffer,41,451,28.882191057177966,28.882191057177966,0.4742483168407612,,,,,,,,,,,,,,,,,,,,
real,300,gulf,10,Analytic,0,buffer,42,494,10.822892288227528,10.822892288227528,0.4748616144173954,,,,,,,,,,,,,,,,,,,,
real,300,gulf,10,Analytic,0,crossing,0,4,12.266405194985484,12.266405194985484,0.00668329658990332,,,,,,,,,,,,,,,,,,,,
real,300,gulf,10,Analytic,0,crossing,1,12,23.620671223317544,23.620671223317544,0.5711845905822222,,,,,,,,,,,,,,,,,,,,
real,300,gulf,10,Analytic,0,crossing,2,18,24.14083932910176,24.14083932910176,0.5963265788580204,,,,,,,,,,,,,,,,,,,,
real,300,gulf,10,Analytic,0,crossing,3,35,28.07114815903035,28.07114815903035,0.4153838323855567,,,,,,,,,,,,,,,,,,,,
real,300,gulf,10,Analytic,0,crossing,4,46,29.56278078621456,29.56278078621456,0.5396460329998077,,,,,,,,,,,,,,,,,,,,
real,300,gulf,10,Analytic,0,crossing,5,49,3.4913576667059876,3.4913576667059876,0.2626422247068359,,,,,,,,,,387.0,386.0,385.0,384.0,383.0,382.0,382.0,382.0,381.0,354.0,341.0
real,300,gulf,10,Analytic,0,crossing,6,51,13.245831505970136,13.245831505970136,0.13311167163047938,,,,,,,,,,,,,,,,,,,,
real,300,gulf,10,Analytic,0,crossing,7,63,5.487825834302531,5.487825834302531,1.0165814987684652,,,,,,,,56.0,53.0,52.0,52.0,52.0,51.0,51.0,50.0,49.0,48.0,48.0,47.0,46.0
real,300,gulf,10,Analytic,0,crossing,8,76,7.832221201262748,7.832221201262748,0.0070216368237207265,,,,,,,,,,,,,,,,,,,,
real,300,gulf,10,Analytic,0,crossing,9,77,28.03889048273775,28.03889048273775,0.5854139737265653,,,,,,,,,,,,,,,,,,,,
real,300,gulf,10,Analytic,0,crossing,10,80,7.182896018988736,7.182896018988736,0.8249669017114222,,,,,,,,,,,,,,,,,,70.0,66.0,65.0
real,300,gulf,10,Analytic,0,crossing,11,87,22.942762492933117,22.942762492933117,0.46894428720257714,,,,,,,,,,,,,,,,,,,,
real,300,gulf,10,Analytic,0,crossing,12,102,8.112466599604254,8.112466599604254,0.08832579533205343,,,,,,,,,,,,,,,,,,,,
real,300,gulf,10,Analytic,0,crossing,13,143,23.206288296938013,23.206288296938013,0.6051537328566118,,,,,,,,,,,,,,,,,,,,
real,300,gulf,10,Analytic,0,crossing,14,154,8.732687542452455,8.732687542452455,0.4900366971057181,,,,,,,,,,,,,,,,,,,,
real,300,gulf,10,Analytic,0,crossing,15,166,19.800247785572264,19.800247785572264,0.8006193660604571,,,,,,,,,,,,,,,,,,,,
real,300,gulf,10,Analytic,0,crossing,16,177,8.202583042830287,8.202583042830287,0.4582238368557336,,,,,,,,,,,,,,,,,,,,
real,300,gulf,10,Analytic,0,crossing,17,182,18.345949323217326,18.345949323217326,0.9824340052253595,,,,,,,,,,,,,,,,,,,,
real,300,gulf,10,Analytic,0,crossing,18,187,6.858865026417262,6.858865026417262,0.23509558655537038,,,,,,,,,,,,52.0,52.0,51.0,51.0,51.0,50.0,50.0,50.0,50.0
real,300,gulf,10,Analytic,0,crossing,19,190,27.68462488556801,27.68462488556801,0.44323342991851244,,,,,,,,,,,,,,,,,,,,
real,300,gulf,10,Analytic,0,crossing,20,200,14.822720917051123,14.822720917051123,1.391846700328501,,,,,,,,,,,,,,,,,,,,
real,300,gulf,10,Analytic,0,crossing,21,225,27.349652770462658,27.349652770462658,0.8413343683454232,,,,,,,,,,,,,,,,,,,,
real,300,gulf,10,Analytic,0,crossing,22,226,25.97652559618631,25.97652559618631,0.5233509944726167,,,,,,,,,,,,,,,,,,,,
real,300,gulf,10,Analytic,0,crossing,23,227,4.093878175231518,4.093878175231518,0.4063964591130925,,,,,,,,,,,,,,,,,,,,36.0
real,300,gulf,10,Analytic,0,crossing,24,269,15.727913009927386,15.727913009927386,1.1976578581820396,,,,,,,,,,,,,,,,,,33.0,31.0,23.0
real,300,gulf,10,Analytic,0,crossing,25,273,27.024243042339478,27.024243042339478,0.4088320670224329,,,,,,,,,,,,,,,,,,,,
real,300,gulf,10,Analytic,0,crossing,26,275,10.442098537087272,10.442098537087272,0.04636800217593541,,,,,,,,,,,,,,,,,,,,
real,300,gulf,10,Analytic,0,crossing,27,319,27.045078810196703,27.045078810196703,0.38241632181183033,,,,,,,,,,,,,,,,,,,,
real,300,gulf,10,Analytic,0,crossing,28,322,16.546866415619103,16.546866415619103,0.4312535013276059,,,,,,,,,,,,,,,,,,,,
real,300,gulf,10,Analytic,0,crossing,29,325,6.662348582854868,6.662348582854868,0.4623207432350452,,,,,,,,,,,,,,,,,,,,
real,300,gulf,10,Analytic,0,crossing,30,328,27.966134032134544,27.966134032134544,0.45537916096263265,,,,,,,,,,,,,,,,,,,,
real,300,gulf,10,Analytic,0,crossing,31,332,26.912755572869496,26.912755572869496,0.7435324618707779,,,,,,,,,,,,,,,,,,,,
real,300,gulf,10,Analytic,0,crossing,32,334,4.87834580836109,4.87834580836109,0.2876440607746294,,,,,,,,275.0,275.0,274.0,274.0,273.0,273.0,272.0,271.0,270.0,268.0,265.0,264.0,264.0
real,300,gulf,10,Analytic,0,crossing,33,352,26.93485260225116,26.93485260225116,0.42254170026746307,,,,,,,,,,,,,,,,,,,,
real,300,gulf,10,Analytic,0,crossing,34,354,23.690985575876333,23.690985575876333,0.4505713785758975,,,,,,,,,,,,,,,,,,,,
real,300,gulf,10,Analytic,0,crossing,35,361,7.131039359718748,7.131039359718748,0.1598096942782011,,,,,,,,,,,,,,,,,,,,
real,300,gulf,10,Analytic,0,crossing,36,369,5.205644434121039,5.205644434121039,1.5200638685909862,,,,,,,185.0,184.0,184.0,183.0,183.0,182.0,182.0,181.0,181.0,180.0,178.0,177.0,175.0,173.0
real,300,gulf,10,Analytic,0,crossing,37,375,26.654545054177134,26.654545054177134,0.4172192899922948,,,,,,,,,,,,,,,,,,,,
real,300,gulf,10,Analytic,0,crossing,38,379,25.74261301410117,25.74261301410117,0.5692558779943199,,,,,,,,,,,,,,,,,,,,
real,300,gulf,10,Analytic,0,crossing,39,409,9.262534912054202,9.262534912054202,1.4580468627793064,,,,,,,,,,,,,,,,,,,,
real,300,gulf,10,Analytic,0,crossing,40,447,3.3093245706108414,3.3093245706108414,0.44304907238086255,,,,,704.0,702.0,409.0,408.0,114.0,113.0,112.0,111.0,111.0,111.0,110.0,109.0,108.0,107.0,94.0,94.0
real,300,gulf,10,Analytic,0,crossing,41,451,28.882191057177966,28.882191057177966,0.4742483168407612,,,,,,,,,,,,,,,,,,,,
real,300,gulf,10,Analytic,0,crossing,42,494,10.822892288227528,10.822892288227528,0.4748616144173954,,,,,,,,,,,,,,,,,,,,
real,300,gulf,10,ConstVel,0,buffer,0,4,12.266405194985484,12.266405194985484,0.00668329658990332,,,,,,,,,,,,,,,,,,,,
real,300,gulf,10,ConstVel,0,buffer,1,12,23.620671223317544,23.620671223317544,0.5711845905822222,,,,,,,,,,,,,,,,,,,,
real,300,gulf,10,ConstVel,0,buffer,2,18,24.14083932910176,24.14083932910176,0.5963265788580204,,,,,,,,,,,,,,,,,,,,
real,300,gulf,10,ConstVel,0,buffer,3,35,28.07114815903035,28.07114815903035,0.4153838323855567,,,,,,,,,,,,,,,,,,,,
real,300,gulf,10,ConstVel,0,buffer,4,46,29.56278078621456,29.56278078621456,0.5396460329998077,,,,,,,,,,,,,,,,,,,,
real,300,gulf,10,ConstVel,0,buffer,5,49,3.4913576667059876,3.4913576667059876,0.2626422247068359,,,,395.0,395.0,387.0,386.0,385.0,384.0,383.0,382.0,380.0,380.0,380.0,379.0,342.0,342.0,341.0,336.0,335.0
real,300,gulf,10,ConstVel,0,buffer,6,51,13.245831505970136,13.245831505970136,0.13311167163047938,,,,,,,,,,,,,,,,,,,,
real,300,gulf,10,ConstVel,0,buffer,7,63,5.487825834302531,5.487825834302531,1.0165814987684652,,,,,60.0,57.0,52.0,52.0,51.0,51.0,51.0,50.0,50.0,49.0,48.0,48.0,45.0,45.0,45.0,45.0
real,300,gulf,10,ConstVel,0,buffer,8,76,7.832221201262748,7.832221201262748,0.0070216368237207265,,,,,,,,,,,,,,,,,,,,
real,300,gulf,10,ConstVel,0,buffer,9,77,28.03889048273775,28.03889048273775,0.5854139737265653,,,,,,,,,,,,,,,,,,,,
real,300,gulf,10,ConstVel,0,buffer,10,80,7.182896018988736,7.182896018988736,0.8249669017114222,,,,,,,,,,,,70.0,69.0,69.0,69.0,65.0,64.0,62.0,52.0,52.0
real,300,gulf,10,ConstVel,0,buffer,11,87,22.942762492933117,22.942762492933117,0.46894428720257714,,,,,,,,,,,,,,,,,,,,
real,300,gulf,10,ConstVel,0,buffer,12,102,8.112466599604254,8.112466599604254,0.08832579533205343,,,,,,,,,,,,,,,,,,,,
real,300,gulf,10,ConstVel,0,buffer,13,143,23.206288296938013,23.206288296938013,0.6051537328566118,,,,,,,,,,,,,,,,,,,,
real,300,gulf,10,ConstVel,0,buffer,14,154,8.732687542452455,8.732687542452455,0.4900366971057181,,,,,,,,,,,,,,,,,,,,37.0
real,300,gulf,10,ConstVel,0,buffer,15,166,19.800247785572264,19.800247785572264,0.8006193660604571,,,,,,,,,,,,,,,,,,,,
real,300,gulf,10,ConstVel,0,buffer,16,177,8.202583042830287,8.202583042830287,0.4582238368557336,,,,,,,,,,,,,,,,,,,,6.0
real,300,gulf,10,ConstVel,0,buffer,17,182,18.345949323217326,18.345949323217326,0.9824340052253595,,,,,,,,,,,,,,,,,,,,
real,300,gulf,10,ConstVel,0,buffer,18,187,6.858865026417262,6.858865026417262,0.23509558655537038,,,,,,,50.0,50.0,49.0,49.0,49.0,49.0,49.0,49.0,48.0,48.0,48.0,48.0,48.0,48.0
real,300,gulf,10,ConstVel,0,buffer,19,190,27.68462488556801,27.68462488556801,0.44323342991851244,,,,,,,,,,,,,,,,,,,,
real,300,gulf,10,ConstVel,0,buffer,20,200,14.822720917051123,14.822720917051123,1.391846700328501,,,,,,,,,,,,,,,,,,,,
real,300,gulf,10,ConstVel,0,buffer,21,225,27.349652770462658,27.349652770462658,0.8413343683454232,,,,,,,,,,,,,,,,,,,,
real,300,gulf,10,ConstVel,0,buffer,22,226,25.97652559618631,25.97652559618631,0.5233509944726167,,,,,,,,,,,,,,,,,,,,
real,300,gulf,10,ConstVel,0,buffer,23,227,4.093878175231518,4.093878175231518,0.4063964591130925,,,,,,,,,141.0,140.0,140.0,140.0,140.0,59.0,58.0,35.0,34.0,33.0,32.0,32.0
real,300,gulf,10,ConstVel,0,buffer,24,269,15.727913009927386,15.727913009927386,1.1976578581820396,,,,,,,,,,,,,,,,,33.0,30.0,22.0,21.0
real,300,gulf,10,ConstVel,0,buffer,25,273,27.024243042339478,27.024243042339478,0.4088320670224329,,,,,,,,,,,,,,,,,,,,
real,300,gulf,10,ConstVel,0,buffer,26,275,10.442098537087272,10.442098537087272,0.04636800217593541,,,,,,,,,,,,,,,,,,,,
real,300,gulf,10,ConstVel,0,buffer,27,319,27.045078810196703,27.045078810196703,0.38241632181183033,,,,,,,,,,,,,,,,,,,,
real,300,gulf,10,ConstVel,0,buffer,28,322,16.546866415619103,16.546866415619103,0.4312535013276059,,,,,,,,,,,,,,,,,,,,
real,300,gulf,10,ConstVel,0,buffer,29,325,6.662348582854868,6.662348582854868,0.4623207432350452,,,,,,,,,,,,,,18.0,18.0,18.0,18.0,18.0,18.0,18.0
real,300,gulf,10,ConstVel,0,buffer,30,328,27.966134032134544,27.966134032134544,0.45537916096263265,,,,,,,,,,,,,,,,,,,,
real,300,gulf,10,ConstVel,0,buffer,31,332,26.912755572869496,26.912755572869496,0.7435324618707779,,,,,,,,,,,,,,,,,,,,
real,300,gulf,10,ConstVel,0,buffer,32,334,4.87834580836109,4.87834580836109,0.2876440607746294,,,,,,275.0,275.0,274.0,273.0,273.0,272.0,272.0,271.0,271.0,268.0,268.0,268.0,263.0,263.0,262.0
real,300,gulf,10,ConstVel,0,buffer,33,352,26.93485260225116,26.93485260225116,0.42254170026746307,,,,,,,,,,,,,,,,,,,,
real,300,gulf,10,ConstVel,0,buffer,34,354,23.690985575876333,23.690985575876333,0.4505713785758975,,,,,,,,,,,,,,,,,,,,
real,300,gulf,10,ConstVel,0,buffer,35,361,7.131039359718748,7.131039359718748,0.1598096942782011,,,,,,,,,,,,,,,,,,,,
real,300,gulf,10,ConstVel,0,buffer,36,369,5.205644434121039,5.205644434121039,1.5200638685909862,,,,,,184.0,183.0,182.0,182.0,181.0,181.0,181.0,181.0,180.0,178.0,177.0,176.0,173.0,173.0,169.0
real,300,gulf,10,ConstVel,0,buffer,37,375,26.654545054177134,26.654545054177134,0.4172192899922948,,,,,,,,,,,,,,,,,,,,
real,300,gulf,10,ConstVel,0,buffer,38,379,25.74261301410117,25.74261301410117,0.5692558779943199,,,,,,,,,,,,,,,,,,,,
real,300,gulf,10,ConstVel,0,buffer,39,409,9.262534912054202,9.262534912054202,1.4580468627793064,,,,,,,,,,,,,,,,,,,,
real,300,gulf,10,ConstVel,0,buffer,40,447,3.3093245706108414,3.3093245706108414,0.44304907238086255,,719.0,407.0,407.0,406.0,406.0,126.0,126.0,111.0,111.0,110.0,110.0,110.0,109.0,109.0,108.0,105.0,93.0,93.0,90.0
real,300,gulf,10,ConstVel,0,buffer,41,451,28.882191057177966,28.882191057177966,0.4742483168407612,,,,,,,,,,,,,,,,,,,,
real,300,gulf,10,ConstVel,0,buffer,42,494,10.822892288227528,10.822892288227528,0.4748616144173954,,,,,,,,,,,,,,,,,,,,
real,300,gulf,10,ConstVel,0,crossing,0,4,12.266405194985484,12.266405194985484,0.00668329658990332,,,,,,,,,,,,,,,,,,,,
real,300,gulf,10,ConstVel,0,crossing,1,12,23.620671223317544,23.620671223317544,0.5711845905822222,,,,,,,,,,,,,,,,,,,,
real,300,gulf,10,ConstVel,0,crossing,2,18,24.14083932910176,24.14083932910176,0.5963265788580204,,,,,,,,,,,,,,,,,,,,
real,300,gulf,10,ConstVel,0,crossing,3,35,28.07114815903035,28.07114815903035,0.4153838323855567,,,,,,,,,,,,,,,,,,,,
real,300,gulf,10,ConstVel,0,crossing,4,46,29.56278078621456,29.56278078621456,0.5396460329998077,,,,,,,,,,,,,,,,,,,,
real,300,gulf,10,ConstVel,0,crossing,5,49,3.4913576667059876,3.4913576667059876,0.2626422247068359,,,,,,,,395.0,395.0,387.0,386.0,385.0,384.0,383.0,381.0,380.0,380.0,342.0,342.0,341.0
real,300,gulf,10,ConstVel,0,crossing,6,51,13.245831505970136,13.245831505970136,0.13311167163047938,,,,,,,,,,,,,,,,,,,,
real,300,gulf,10,ConstVel,0,crossing,7,63,5.487825834302531,5.487825834302531,1.0165814987684652,,,,,,,60.0,52.0,52.0,52.0,51.0,51.0,51.0,50.0,50.0,49.0,48.0,48.0,45.0,45.0
real,300,gulf,10,ConstVel,0,crossing,8,76,7.832221201262748,7.832221201262748,0.0070216368237207265,,,,,,,,,,,,,,,,,,,,
real,300,gulf,10,ConstVel,0,crossing,9,77,28.03889048273775,28.03889048273775,0.5854139737265653,,,,,,,,,,,,,,,,,,,,
real,300,gulf,10,ConstVel,0,crossing,10,80,7.182896018988736,7.182896018988736,0.8249669017114222,,,,,,,,,,,,,,,,70.0,69.0,69.0,69.0,65.0
real,300,gulf,10,ConstVel,0,crossing,11,87,22.942762492933117,22.942762492933117,0.46894428720257714,,,,,,,,,,,,,,,,,,,,
real,300,gulf,10,ConstVel,0,crossing,12,102,8.112466599604254,8.112466599604254,0.08832579533205343,,,,,,,,,,,,,,,,,,,,
real,300,gulf,10,ConstVel,0,crossing,13,143,23.206288296938013,23.206288296938013,0.6051537328566118,,,,,,,,,,,,,,,,,,,,
real,300,gulf,10,ConstVel,0,crossing,14,154,8.732687542452455,8.732687542452455,0.4900366971057181,,,,,,,,,,,,,,,,,,,,
real,300,gulf,10,ConstVel,0,crossing,15,166,19.800247785572264,19.800247785572264,0.8006193660604571,,,,,,,,,,,,,,,,,,,,
real,300,gulf,10,ConstVel,0,crossing,16,177,8.202583042830287,8.202583042830287,0.4582238368557336,,,,,,,,,,,,,,,,,,,,
real,300,gulf,10,ConstVel,0,crossing,17,182,18.345949323217326,18.345949323217326,0.9824340052253595,,,,,,,,,,,,,,,,,,,,
real,300,gulf,10,ConstVel,0,crossing,18,187,6.858865026417262,6.858865026417262,0.23509558655537038,,,,,,,,,,50.0,49.0,49.0,49.0,49.0,49.0,49.0,49.0,48.0,48.0,48.0
real,300,gulf,10,ConstVel,0,crossing,19,190,27.68462488556801,27.68462488556801,0.44323342991851244,,,,,,,,,,,,,,,,,,,,
real,300,gulf,10,ConstVel,0,crossing,20,200,14.822720917051123,14.822720917051123,1.391846700328501,,,,,,,,,,,,,,,,,,,,
real,300,gulf,10,ConstVel,0,crossing,21,225,27.349652770462658,27.349652770462658,0.8413343683454232,,,,,,,,,,,,,,,,,,,,
real,300,gulf,10,ConstVel,0,crossing,22,226,25.97652559618631,25.97652559618631,0.5233509944726167,,,,,,,,,,,,,,,,,,,,
real,300,gulf,10,ConstVel,0,crossing,23,227,4.093878175231518,4.093878175231518,0.4063964591130925,,,,,,,,,,,,,,,,,140.0,140.0,140.0,36.0
real,300,gulf,10,ConstVel,0,crossing,24,269,15.727913009927386,15.727913009927386,1.1976578581820396,,,,,,,,,,,,,,,,,,,33.0,30.0
real,300,gulf,10,ConstVel,0,crossing,25,273,27.024243042339478,27.024243042339478,0.4088320670224329,,,,,,,,,,,,,,,,,,,,
real,300,gulf,10,ConstVel,0,crossing,26,275,10.442098537087272,10.442098537087272,0.04636800217593541,,,,,,,,,,,,,,,,,,,,
real,300,gulf,10,ConstVel,0,crossing,27,319,27.045078810196703,27.045078810196703,0.38241632181183033,,,,,,,,,,,,,,,,,,,,
real,300,gulf,10,ConstVel,0,crossing,28,322,16.546866415619103,16.546866415619103,0.4312535013276059,,,,,,,,,,,,,,,,,,,,
real,300,gulf,10,ConstVel,0,crossing,29,325,6.662348582854868,6.662348582854868,0.4623207432350452,,,,,,,,,,,,,,,,,,,18.0,18.0
real,300,gulf,10,ConstVel,0,crossing,30,328,27.966134032134544,27.966134032134544,0.45537916096263265,,,,,,,,,,,,,,,,,,,,
real,300,gulf,10,ConstVel,0,crossing,31,332,26.912755572869496,26.912755572869496,0.7435324618707779,,,,,,,,,,,,,,,,,,,,
real,300,gulf,10,ConstVel,0,crossing,32,334,4.87834580836109,4.87834580836109,0.2876440607746294,,,,,,,275.0,275.0,274.0,273.0,273.0,273.0,272.0,272.0,271.0,270.0,268.0,268.0,265.0,263.0
real,300,gulf,10,ConstVel,0,crossing,33,352,26.93485260225116,26.93485260225116,0.42254170026746307,,,,,,,,,,,,,,,,,,,,
real,300,gulf,10,ConstVel,0,crossing,34,354,23.690985575876333,23.690985575876333,0.4505713785758975,,,,,,,,,,,,,,,,,,,,
real,300,gulf,10,ConstVel,0,crossing,35,361,7.131039359718748,7.131039359718748,0.1598096942782011,,,,,,,,,,,,,,,,,,,,
real,300,gulf,10,ConstVel,0,crossing,36,369,5.205644434121039,5.205644434121039,1.5200638685909862,,,,,,,184.0,183.0,183.0,182.0,181.0,181.0,181.0,181.0,181.0,180.0,178.0,177.0,176.0,173.0
real,300,gulf,10,ConstVel,0,crossing,37,375,26.654545054177134,26.654545054177134,0.4172192899922948,,,,,,,,,,,,,,,,,,,,
real,300,gulf,10,ConstVel,0,crossing,38,379,25.74261301410117,25.74261301410117,0.5692558779943199,,,,,,,,,,,,,,,,,,,,
real,300,gulf,10,ConstVel,0,crossing,39,409,9.262534912054202,9.262534912054202,1.4580468627793064,,,,,,,,,,,,,,,,,,,,
real,300,gulf,10,ConstVel,0,crossing,40,447,3.3093245706108414,3.3093245706108414,0.44304907238086255,,,,719.0,407.0,407.0,407.0,406.0,126.0,111.0,111.0,110.0,110.0,110.0,109.0,109.0,109.0,108.0,93.0,93.0
real,300,gulf,10,ConstVel,0,crossing,41,451,28.882191057177966,28.882191057177966,0.4742483168407612,,,,,,,,,,,,,,,,,,,,
real,300,gulf,10,ConstVel,0,crossing,42,494,10.822892288227528,10.822892288227528,0.4748616144173954,,,,,,,,,,,,,,,,,,,,
real,300,gulf,10,Kalman,0,buffer,0,4,12.266405194985484,12.266405194985484,0.00668329658990332,,,,,,,,,,,,,,,,,,,,
real,300,gulf,10,Kalman,0,buffer,1,12,23.620671223317544,23.620671223317544,0.5711845905822222,,,,,,,,,,,,,,,,,,,,
real,300,gulf,10,Kalman,0,buffer,2,18,24.14083932910176,24.14083932910176,0.5963265788580204,,,,,,,,,,,,,,,,,,,,
real,300,gulf,10,Kalman,0,buffer,3,35,28.07114815903035,28.07114815903035,0.4153838323855567,,,,,,,,,,,,,,,,,,,,
real,300,gulf,10,Kalman,0,buffer,4,46,29.56278078621456,29.56278078621456,0.5396460329998077,,,,,,,,,,,,,,,,,,,,
real,300,gulf,10,Kalman,0,buffer,5,49,3.4913576667059876,3.4913576667059876,0.2626422247068359,,,,,395.0,387.0,386.0,385.0,384.0,383.0,382.0,381.0,380.0,380.0,354.0,342.0,342.0,337.0,336.0,336.0
real,300,gulf,10,Kalman,0,buffer,6,51,13.245831505970136,13.245831505970136,0.13311167163047938,,,,,,,,,,,,,,,,,,,,
real,300,gulf,10,Kalman,0,buffer,7,63,5.487825834302531,5.487825834302531,1.0165814987684652,,,,,,57.0,53.0,52.0,52.0,51.0,51.0,50.0,50.0,49.0,48.0,48.0,47.0,45.0,45.0,45.0
real,300,gulf,10,Kalman,0,buffer,8,76,7.832221201262748,7.832221201262748,0.0070216368237207265,,,,,,,,,,,,,,,,,,,,
real,300,gulf,10,Kalman,0,buffer,9,77,28.03889048273775,28.03889048273775,0.5854139737265653,,,,,,,,,,,,,,,,,,,,
real,300,gulf,10,Kalman,0,buffer,10,80,7.182896018988736,7.182896018988736,0.8249669017114222,,,,,,,,,,,,70.0,70.0,69.0,69.0,65.0,64.0,62.0,52.0,52.0
real,300,gulf,10,Kalman,0,buffer,11,87,22.942762492933117,22.942762492933117,0.46894428720257714,,,,,,,,,,,,,,,,,,,,
real,300,gulf,10,Kalman,0,buffer,12,102,8.112466599604254,8.112466599604254,0.08832579533205343,,,,,,,,,,,,,,,,,,,,
real,300,gulf,10,Kalman,0,buffer,13,143,23.206288296938013,23.206288296938013,0.6051537328566118,,,,,,,,,,,,,,,,,,,,
real,300,gulf,10,Kalman,0,buffer,14,154,8.732687542452455,8.732687542452455,0.4900366971057181,,,,,,,,,,,,,,,,,,,,
real,300,gulf,10,Kalman,0,buffer,15,166,19.800247785572264,19.800247785572264,0.8006193660604571,,,,,,,,,,,,,,,,,,,,
real,300,gulf,10,Kalman,0,buffer,16,177,8.202583042830287,8.202583042830287,0.4582238368557336,,,,,,,,,,,,,,,,,,,6.0,6.0
real,300,gulf,10,Kalman,0,buffer,17,182,18.345949323217326,18.345949323217326,0.9824340052253595,,,,,,,,,,,,,,,,,,,,
real,300,gulf,10,Kalman,0,buffer,18,187,6.858865026417262,6.858865026417262,0.23509558655537038,,,,,,,,50.0,50.0,50.0,49.0,49.0,49.0,49.0,49.0,49.0,49.0,49.0,49.0,49.0
real,300,gulf,10,Kalman,0,buffer,19,190,27.68462488556801,27.68462488556801,0.44323342991851244,,,,,,,,,,,,,,,,,,,,
real,300,gulf,10,Kalman,0,buffer,20,200,14.822720917051123,14.822720917051123,1.391846700328501,,,,,,,,,,,,,,,,,,,,
real,300,gulf,10,Kalman,0,buffer,21,225,27.349652770462658,27.349652770462658,0.8413343683454232,,,,,,,,,,,,,,,,,,,,
real,300,gulf,10,Kalman,0,buffer,22,226,25.97652559618631,25.97652559618631,0.5233509944726167,,,,,,,,,,,,,,,,,,,,
real,300,gulf,10,Kalman,0,buffer,23,227,4.093878175231518,4.093878175231518,0.4063964591130925,,,,,,,,,142.0,141.0,141.0,140.0,140.0,59.0,36.0,35.0,34.0,33.0,33.0,32.0
real,300,gulf,10,Kalman,0,buffer,24,269,15.727913009927386,15.727913009927386,1.1976578581820396,,,,,,,,,,,,,,,,,31.0,30.0,22.0,21.0
real,300,gulf,10,Kalman,0,buffer,25,273,27.024243042339478,27.024243042339478,0.4088320670224329,,,,,,,,,,,,,,,,,,,,
real,300,gulf,10,Kalman,0,buffer,26,275,10.442098537087272,10.442098537087272,0.04636800217593541,,,,,,,,,,,,,,,,,,,,
real,300,gulf,10,Kalman,0,buffer,27,319,27.045078810196703,27.045078810196703,0.38241632181183033,,,,,,,,,,,,,,,,,,,,
real,300,gulf,10,Kalman,0,buffer,28,322,16.546866415619103,16.546866415619103,0.4312535013276059,,,,,,,,,,,,,,,,,,,,
real,300,gulf,10,Kalman,0,buffer,29,325,6.662348582854868,6.662348582854868,0.4623207432350452,,,,,,,,,,,,,,,,,18.0,18.0,18.0,18.0
real,300,gulf,10,Kalman,0,buffer,30,328,27.966134032134544,27.966134032134544,0.45537916096263265,,,,,,,,,,,,,,,,,,,,
real,300,gulf,10,Kalman,0,buffer,31,332,26.912755572869496,26.912755572869496,0.7435324618707779,,,,,,,,,,,,,,,,,,,,
real,300,gulf,10,Kalman,0,buffer,32,334,4.87834580836109,4.87834580836109,0.2876440607746294,,,,,,275.0,275.0,274.0,273.0,273.0,273.0,272.0,271.0,270.0,269.0,268.0,265.0,263.0,263.0,262.0
real,300,gulf,10,Kalman,0,buffer,33,352,26.93485260225116,26.93485260225116,0.42254170026746307,,,,,,,,,,,,,,,,,,,,
real,300,gulf,10,Kalman,0,buffer,34,354,23.690985575876333,23.690985575876333,0.4505713785758975,,,,,,,,,,,,,,,,,,,,
real,300,gulf,10,Kalman,0,buffer,35,361,7.131039359718748,7.131039359718748,0.1598096942782011,,,,,,,,,,,,,,,,,,,,
real,300,gulf,10,Kalman,0,buffer,36,369,5.205644434121039,5.205644434121039,1.5200638685909862,,,,,,184.0,183.0,183.0,182.0,182.0,181.0,181.0,181.0,181.0,178.0,177.0,175.0,174.0,173.0,169.0
real,300,gulf,10,Kalman,0,buffer,37,375,26.654545054177134,26.654545054177134,0.4172192899922948,,,,,,,,,,,,,,,,,,,,
real,300,gulf,10,Kalman,0,buffer,38,379,25.74261301410117,25.74261301410117,0.5692558779943199,,,,,,,,,,,,,,,,,,,,
real,300,gulf,10,Kalman,0,buffer,39,409,9.262534912054202,9.262534912054202,1.4580468627793064,,,,,,,,,,,,,,,,,,,,
real,300,gulf,10,Kalman,0,buffer,40,447,3.3093245706108414,3.3093245706108414,0.44304907238086255,,,407.0,407.0,407.0,407.0,406.0,392.0,112.0,111.0,111.0,110.0,110.0,109.0,109.0,108.0,107.0,93.0,93.0,92.0
real,300,gulf,10,Kalman,0,buffer,41,451,28.882191057177966,28.882191057177966,0.4742483168407612,,,,,,,,,,,,,,,,,,,,
real,300,gulf,10,Kalman,0,buffer,42,494,10.822892288227528,10.822892288227528,0.4748616144173954,,,,,,,,,,,,,,,,,,,,
real,300,gulf,10,Kalman,0,crossing,0,4,12.266405194985484,12.266405194985484,0.00668329658990332,,,,,,,,,,,,,,,,,,,,
real,300,gulf,10,Kalman,0,crossing,1,12,23.620671223317544,23.620671223317544,0.5711845905822222,,,,,,,,,,,,,,,,,,,,
real,300,gulf,10,Kalman,0,crossing,2,18,24.14083932910176,24.14083932910176,0.5963265788580204,,,,,,,,,,,,,,,,,,,,
real,300,gulf,10,Kalman,0,crossing,3,35,28.07114815903035,28.07114815903035,0.4153838323855567,,,,,,,,,,,,,,,,,,,,
real,300,gulf,10,Kalman,0,crossing,4,46,29.56278078621456,29.56278078621456,0.5396460329998077,,,,,,,,,,,,,,,,,,,,
real,300,gulf,10,Kalman,0,crossing,5,49,3.4913576667059876,3.4913576667059876,0.2626422247068359,,,,,,,,,,387.0,386.0,385.0,384.0,383.0,382.0,381.0,380.0,342.0,342.0,341.0
real,300,gulf,10,Kalman,0,crossing,6,51,13.245831505970136,13.245831505970136,0.13311167163047938,,,,,,,,,,,,,,,,,,,,
real,300,gulf,10,Kalman,0,crossing,7,63,5.487825834302531,5.487825834302531,1.0165814987684652,,,,,,,,57.0,52.0,52.0,52.0,51.0,51.0,50.0,50.0,49.0,48.0,48.0,46.0,45.0
real,300,gulf,10,Kalman,0,crossing,8,76,7.832221201262748,7.832221201262748,0.0070216368237207265,,,,,,,,,,,,,,,,,,,,
real,300,gulf,10,Kalman,0,crossing,9,77,28.03889048273775,28.03889048273775,0.5854139737265653,,,,,,,,,,,,,,,,,,,,
real,300,gulf,10,Kalman,0,crossing,10,80,7.182896018988736,7.182896018988736,0.8249669017114222,,,,,,,,,,,,,,,,,70.0,70.0,69.0,65.0
real,300,gulf,10,Kalman,0,crossing,11,87,22.942762492933117,22.942762492933117,0.46894428720257714,,,,,,,,,,,,,,,,,,,,
real,300,gulf,10,Kalman,0,crossing,12,102,8.112466599604254,8.112466599604254,0.08832579533205343,,,,,,,,,,,,,,,,,,,,
real,300,gulf,10,Kalman,0,crossing,13,143,23.206288296938013,23.206288296938013,0.6051537328566118,,,,,,,,,,,,,,,,,,,,
real,300,gulf,10,Kalman,0,crossing,14,154,8.732687542452455,8.732687542452455,0.4900366971057181,,,,,,,,,,,,,,,,,,,,
real,300,gulf,10,Kalman,0,crossing,15,166,19.800247785572264,19.800247785572264,0.8006193660604571,,,,,,,,,,,,,,,,,,,,
real,300,gulf,10,Kalman,0,crossing,16,177,8.202583042830287,8.202583042830287,0.4582238368557336,,,,,,,,,,,,,,,,,,,,
real,300,gulf,10,Kalman,0,crossing,17,182,18.345949323217326,18.345949323217326,0.9824340052253595,,,,,,,,,,,,,,,,,,,,
real,300,gulf,10,Kalman,0,crossing,18,187,6.858865026417262,6.858865026417262,0.23509558655537038,,,,,,,,,,50.0,50.0,50.0,49.0,49.0,49.0,49.0,49.0,49.0,49.0,49.0
real,300,gulf,10,Kalman,0,crossing,19,190,27.68462488556801,27.68462488556801,0.44323342991851244,,,,,,,,,,,,,,,,,,,,
real,300,gulf,10,Kalman,0,crossing,20,200,14.822720917051123,14.822720917051123,1.391846700328501,,,,,,,,,,,,,,,,,,,,
real,300,gulf,10,Kalman,0,crossing,21,225,27.349652770462658,27.349652770462658,0.8413343683454232,,,,,,,,,,,,,,,,,,,,
real,300,gulf,10,Kalman,0,crossing,22,226,25.97652559618631,25.97652559618631,0.5233509944726167,,,,,,,,,,,,,,,,,,,,
real,300,gulf,10,Kalman,0,crossing,23,227,4.093878175231518,4.093878175231518,0.4063964591130925,,,,,,,,,,,,,,,,,,141.0,141.0,36.0
real,300,gulf,10,Kalman,0,crossing,24,269,15.727913009927386,15.727913009927386,1.1976578581820396,,,,,,,,,,,,,,,,,,,33.0,30.0
real,300,gulf,10,Kalman,0,crossing,25,273,27.024243042339478,27.024243042339478,0.4088320670224329,,,,,,,,,,,,,,,,,,,,
real,300,gulf,10,Kalman,0,crossing,26,275,10.442098537087272,10.442098537087272,0.04636800217593541,,,,,,,,,,,,,,,,,,,,
real,300,gulf,10,Kalman,0,crossing,27,319,27.045078810196703,27.045078810196703,0.38241632181183033,,,,,,,,,,,,,,,,,,,,
real,300,gulf,10,Kalman,0,crossing,28,322,16.546866415619103,16.546866415619103,0.4312535013276059,,,,,,,,,,,,,,,,,,,,
real,300,gulf,10,Kalman,0,crossing,29,325,6.662348582854868,6.662348582854868,0.4623207432350452,,,,,,,,,,,,,,,,,,,,
real,300,gulf,10,Kalman,0,crossing,30,328,27.966134032134544,27.966134032134544,0.45537916096263265,,,,,,,,,,,,,,,,,,,,
real,300,gulf,10,Kalman,0,crossing,31,332,26.912755572869496,26.912755572869496,0.7435324618707779,,,,,,,,,,,,,,,,,,,,
real,300,gulf,10,Kalman,0,crossing,32,334,4.87834580836109,4.87834580836109,0.2876440607746294,,,,,,,275.0,275.0,274.0,274.0,273.0,273.0,272.0,272.0,271.0,270.0,268.0,268.0,264.0,263.0
real,300,gulf,10,Kalman,0,crossing,33,352,26.93485260225116,26.93485260225116,0.42254170026746307,,,,,,,,,,,,,,,,,,,,
real,300,gulf,10,Kalman,0,crossing,34,354,23.690985575876333,23.690985575876333,0.4505713785758975,,,,,,,,,,,,,,,,,,,,
real,300,gulf,10,Kalman,0,crossing,35,361,7.131039359718748,7.131039359718748,0.1598096942782011,,,,,,,,,,,,,,,,,,,,
real,300,gulf,10,Kalman,0,crossing,36,369,5.205644434121039,5.205644434121039,1.5200638685909862,,,,,,,184.0,183.0,183.0,182.0,182.0,181.0,181.0,181.0,181.0,181.0,178.0,177.0,175.0,174.0
real,300,gulf,10,Kalman,0,crossing,37,375,26.654545054177134,26.654545054177134,0.4172192899922948,,,,,,,,,,,,,,,,,,,,
real,300,gulf,10,Kalman,0,crossing,38,379,25.74261301410117,25.74261301410117,0.5692558779943199,,,,,,,,,,,,,,,,,,,,
real,300,gulf,10,Kalman,0,crossing,39,409,9.262534912054202,9.262534912054202,1.4580468627793064,,,,,,,,,,,,,,,,,,,,
real,300,gulf,10,Kalman,0,crossing,40,447,3.3093245706108414,3.3093245706108414,0.44304907238086255,,,,,,407.0,407.0,407.0,407.0,112.0,111.0,111.0,110.0,110.0,110.0,109.0,109.0,108.0,93.0,93.0
real,300,gulf,10,Kalman,0,crossing,41,451,28.882191057177966,28.882191057177966,0.4742483168407612,,,,,,,,,,,,,,,,,,,,
real,300,gulf,10,Kalman,0,crossing,42,494,10.822892288227528,10.822892288227528,0.4748616144173954,,,,,,,,,,,,,,,,,,,,
real,300,gulf,10,LSTM-rec,0,buffer,0,4,12.266405194985484,12.266405194985484,0.00668329658990332,,,,,,,,,,,,,,,,,,,,
real,300,gulf,10,LSTM-rec,0,buffer,1,12,23.620671223317544,23.620671223317544,0.5711845905822222,,,,,,,,,,,,,,,,,,,,
real,300,gulf,10,LSTM-rec,0,buffer,2,18,24.14083932910176,24.14083932910176,0.5963265788580204,,,,,,,,,,,,,,,,,,,,
real,300,gulf,10,LSTM-rec,0,buffer,3,35,28.07114815903035,28.07114815903035,0.4153838323855567,,,,,,,,,,,,,,,,,,,,
real,300,gulf,10,LSTM-rec,0,buffer,4,46,29.56278078621456,29.56278078621456,0.5396460329998077,,,,,,,,,,,,,,,,,,,,
real,300,gulf,10,LSTM-rec,0,buffer,5,49,3.4913576667059876,3.4913576667059876,0.2626422247068359,,,,,,,,,,,,,,,,,,,,
real,300,gulf,10,LSTM-rec,0,buffer,6,51,13.245831505970136,13.245831505970136,0.13311167163047938,,,,,,,,,,,,,,,,,,,,
real,300,gulf,10,LSTM-rec,0,buffer,7,63,5.487825834302531,5.487825834302531,1.0165814987684652,,,,,,,,60.0,57.0,57.0,57.0,56.0,53.0,53.0,53.0,53.0,52.0,52.0,52.0,52.0
real,300,gulf,10,LSTM-rec,0,buffer,8,76,7.832221201262748,7.832221201262748,0.0070216368237207265,,,,,,,,,,,,,,,,,,,,
real,300,gulf,10,LSTM-rec,0,buffer,9,77,28.03889048273775,28.03889048273775,0.5854139737265653,,,,,,,,,,,,,,,,,,,,
real,300,gulf,10,LSTM-rec,0,buffer,10,80,7.182896018988736,7.182896018988736,0.8249669017114222,,,,,,,,,,,,,,,,,,,,
real,300,gulf,10,LSTM-rec,0,buffer,11,87,22.942762492933117,22.942762492933117,0.46894428720257714,,,,,,,,,,,,,,,,,,,,
real,300,gulf,10,LSTM-rec,0,buffer,12,102,8.112466599604254,8.112466599604254,0.08832579533205343,,,,,,,,,,,,,,,,,,,,
real,300,gulf,10,LSTM-rec,0,buffer,13,143,23.206288296938013,23.206288296938013,0.6051537328566118,,,,,,,,,,,,,,,,,,,,
real,300,gulf,10,LSTM-rec,0,buffer,14,154,8.732687542452455,8.732687542452455,0.4900366971057181,,,,,,,,,,,,,,,,,,,,
real,300,gulf,10,LSTM-rec,0,buffer,15,166,19.800247785572264,19.800247785572264,0.8006193660604571,,,,,,,,,,,,,,,,,,,,
real,300,gulf,10,LSTM-rec,0,buffer,16,177,8.202583042830287,8.202583042830287,0.4582238368557336,,,,,,,,,,,,,,,,,,,,
real,300,gulf,10,LSTM-rec,0,buffer,17,182,18.345949323217326,18.345949323217326,0.9824340052253595,,,,,,,,,,,,,,,,,,,,
real,300,gulf,10,LSTM-rec,0,buffer,18,187,6.858865026417262,6.858865026417262,0.23509558655537038,,,,,,,,,,,,,,,,,,,,
real,300,gulf,10,LSTM-rec,0,buffer,19,190,27.68462488556801,27.68462488556801,0.44323342991851244,,,,,,,,,,,,,,,,,,,,
real,300,gulf,10,LSTM-rec,0,buffer,20,200,14.822720917051123,14.822720917051123,1.391846700328501,,,,,,,,,,,,,,,,,,,,
real,300,gulf,10,LSTM-rec,0,buffer,21,225,27.349652770462658,27.349652770462658,0.8413343683454232,,,,,,,,,,,,,,,,,,,,
real,300,gulf,10,LSTM-rec,0,buffer,22,226,25.97652559618631,25.97652559618631,0.5233509944726167,,,,,,,,,,,,,,,,,,,,
real,300,gulf,10,LSTM-rec,0,buffer,23,227,4.093878175231518,4.093878175231518,0.4063964591130925,,,,,,,,,,,,,,,,,,,,
real,300,gulf,10,LSTM-rec,0,buffer,24,269,15.727913009927386,15.727913009927386,1.1976578581820396,,,,,,,,,,,,,,,,,,,,
real,300,gulf,10,LSTM-rec,0,buffer,25,273,27.024243042339478,27.024243042339478,0.4088320670224329,,,,,,,,,,,,,,,,,,,,
real,300,gulf,10,LSTM-rec,0,buffer,26,275,10.442098537087272,10.442098537087272,0.04636800217593541,,,,,,,,,,,,,,,,,,,,
real,300,gulf,10,LSTM-rec,0,buffer,27,319,27.045078810196703,27.045078810196703,0.38241632181183033,,,,,,,,,,,,,,,,,,,,
real,300,gulf,10,LSTM-rec,0,buffer,28,322,16.546866415619103,16.546866415619103,0.4312535013276059,,,,,,,,,,,,,,,,,,,,
real,300,gulf,10,LSTM-rec,0,buffer,29,325,6.662348582854868,6.662348582854868,0.4623207432350452,,,,,,,,,,,,,,,,,,,,
real,300,gulf,10,LSTM-rec,0,buffer,30,328,27.966134032134544,27.966134032134544,0.45537916096263265,,,,,,,,,,,,,,,,,,,,
real,300,gulf,10,LSTM-rec,0,buffer,31,332,26.912755572869496,26.912755572869496,0.7435324618707779,,,,,,,,,,,,,,,,,,,,
real,300,gulf,10,LSTM-rec,0,buffer,32,334,4.87834580836109,4.87834580836109,0.2876440607746294,,,,,,,,,,275.0,275.0,275.0,275.0,275.0,275.0,275.0,275.0,275.0,275.0,275.0
real,300,gulf,10,LSTM-rec,0,buffer,33,352,26.93485260225116,26.93485260225116,0.42254170026746307,,,,,,,,,,,,,,,,,,,,
real,300,gulf,10,LSTM-rec,0,buffer,34,354,23.690985575876333,23.690985575876333,0.4505713785758975,,,,,,,,,,,,,,,,,,,,
real,300,gulf,10,LSTM-rec,0,buffer,35,361,7.131039359718748,7.131039359718748,0.1598096942782011,,,,,,,,,,,,,,,,,,,,
real,300,gulf,10,LSTM-rec,0,buffer,36,369,5.205644434121039,5.205644434121039,1.5200638685909862,,,,,,,,184.0,184.0,184.0,183.0,183.0,183.0,183.0,183.0,183.0,183.0,183.0,183.0,183.0
real,300,gulf,10,LSTM-rec,0,buffer,37,375,26.654545054177134,26.654545054177134,0.4172192899922948,,,,,,,,,,,,,,,,,,,,
real,300,gulf,10,LSTM-rec,0,buffer,38,379,25.74261301410117,25.74261301410117,0.5692558779943199,,,,,,,,,,,,,,,,,,,,
real,300,gulf,10,LSTM-rec,0,buffer,39,409,9.262534912054202,9.262534912054202,1.4580468627793064,,,,,,,,,,,,,,,,,,,,
real,300,gulf,10,LSTM-rec,0,buffer,40,447,3.3093245706108414,3.3093245706108414,0.44304907238086255,,,,705.0,407.0,407.0,407.0,407.0,407.0,407.0,407.0,407.0,407.0,407.0,113.0,113.0,113.0,112.0,112.0,112.0
real,300,gulf,10,LSTM-rec,0,buffer,41,451,28.882191057177966,28.882191057177966,0.4742483168407612,,,,,,,,,,,,,,,,,,,,
real,300,gulf,10,LSTM-rec,0,buffer,42,494,10.822892288227528,10.822892288227528,0.4748616144173954,,,,,,,,,,,,,,,,,,,,
real,300,gulf,10,LSTM-rec,0,crossing,0,4,12.266405194985484,12.266405194985484,0.00668329658990332,,,,,,,,,,,,,,,,,,,,
real,300,gulf,10,LSTM-rec,0,crossing,1,12,23.620671223317544,23.620671223317544,0.5711845905822222,,,,,,,,,,,,,,,,,,,,
real,300,gulf,10,LSTM-rec,0,crossing,2,18,24.14083932910176,24.14083932910176,0.5963265788580204,,,,,,,,,,,,,,,,,,,,
real,300,gulf,10,LSTM-rec,0,crossing,3,35,28.07114815903035,28.07114815903035,0.4153838323855567,,,,,,,,,,,,,,,,,,,,
real,300,gulf,10,LSTM-rec,0,crossing,4,46,29.56278078621456,29.56278078621456,0.5396460329998077,,,,,,,,,,,,,,,,,,,,
real,300,gulf,10,LSTM-rec,0,crossing,5,49,3.4913576667059876,3.4913576667059876,0.2626422247068359,,,,,,,,,,,,,,,,,,,,
real,300,gulf,10,LSTM-rec,0,crossing,6,51,13.245831505970136,13.245831505970136,0.13311167163047938,,,,,,,,,,,,,,,,,,,,
real,300,gulf,10,LSTM-rec,0,crossing,7,63,5.487825834302531,5.487825834302531,1.0165814987684652,,,,,,,,,,,,,,,57.0,57.0,57.0,57.0,57.0,57.0
real,300,gulf,10,LSTM-rec,0,crossing,8,76,7.832221201262748,7.832221201262748,0.0070216368237207265,,,,,,,,,,,,,,,,,,,,
real,300,gulf,10,LSTM-rec,0,crossing,9,77,28.03889048273775,28.03889048273775,0.5854139737265653,,,,,,,,,,,,,,,,,,,,
real,300,gulf,10,LSTM-rec,0,crossing,10,80,7.182896018988736,7.182896018988736,0.8249669017114222,,,,,,,,,,,,,,,,,,,,
real,300,gulf,10,LSTM-rec,0,crossing,11,87,22.942762492933117,22.942762492933117,0.46894428720257714,,,,,,,,,,,,,,,,,,,,
real,300,gulf,10,LSTM-rec,0,crossing,12,102,8.112466599604254,8.112466599604254,0.08832579533205343,,,,,,,,,,,,,,,,,,,,
real,300,gulf,10,LSTM-rec,0,crossing,13,143,23.206288296938013,23.206288296938013,0.6051537328566118,,,,,,,,,,,,,,,,,,,,
real,300,gulf,10,LSTM-rec,0,crossing,14,154,8.732687542452455,8.732687542452455,0.4900366971057181,,,,,,,,,,,,,,,,,,,,
real,300,gulf,10,LSTM-rec,0,crossing,15,166,19.800247785572264,19.800247785572264,0.8006193660604571,,,,,,,,,,,,,,,,,,,,
real,300,gulf,10,LSTM-rec,0,crossing,16,177,8.202583042830287,8.202583042830287,0.4582238368557336,,,,,,,,,,,,,,,,,,,,
real,300,gulf,10,LSTM-rec,0,crossing,17,182,18.345949323217326,18.345949323217326,0.9824340052253595,,,,,,,,,,,,,,,,,,,,
real,300,gulf,10,LSTM-rec,0,crossing,18,187,6.858865026417262,6.858865026417262,0.23509558655537038,,,,,,,,,,,,,,,,,,,,
real,300,gulf,10,LSTM-rec,0,crossing,19,190,27.68462488556801,27.68462488556801,0.44323342991851244,,,,,,,,,,,,,,,,,,,,
real,300,gulf,10,LSTM-rec,0,crossing,20,200,14.822720917051123,14.822720917051123,1.391846700328501,,,,,,,,,,,,,,,,,,,,
real,300,gulf,10,LSTM-rec,0,crossing,21,225,27.349652770462658,27.349652770462658,0.8413343683454232,,,,,,,,,,,,,,,,,,,,
real,300,gulf,10,LSTM-rec,0,crossing,22,226,25.97652559618631,25.97652559618631,0.5233509944726167,,,,,,,,,,,,,,,,,,,,
real,300,gulf,10,LSTM-rec,0,crossing,23,227,4.093878175231518,4.093878175231518,0.4063964591130925,,,,,,,,,,,,,,,,,,,,
real,300,gulf,10,LSTM-rec,0,crossing,24,269,15.727913009927386,15.727913009927386,1.1976578581820396,,,,,,,,,,,,,,,,,,,,
real,300,gulf,10,LSTM-rec,0,crossing,25,273,27.024243042339478,27.024243042339478,0.4088320670224329,,,,,,,,,,,,,,,,,,,,
real,300,gulf,10,LSTM-rec,0,crossing,26,275,10.442098537087272,10.442098537087272,0.04636800217593541,,,,,,,,,,,,,,,,,,,,
real,300,gulf,10,LSTM-rec,0,crossing,27,319,27.045078810196703,27.045078810196703,0.38241632181183033,,,,,,,,,,,,,,,,,,,,
real,300,gulf,10,LSTM-rec,0,crossing,28,322,16.546866415619103,16.546866415619103,0.4312535013276059,,,,,,,,,,,,,,,,,,,,
real,300,gulf,10,LSTM-rec,0,crossing,29,325,6.662348582854868,6.662348582854868,0.4623207432350452,,,,,,,,,,,,,,,,,,,,
real,300,gulf,10,LSTM-rec,0,crossing,30,328,27.966134032134544,27.966134032134544,0.45537916096263265,,,,,,,,,,,,,,,,,,,,
real,300,gulf,10,LSTM-rec,0,crossing,31,332,26.912755572869496,26.912755572869496,0.7435324618707779,,,,,,,,,,,,,,,,,,,,
real,300,gulf,10,LSTM-rec,0,crossing,32,334,4.87834580836109,4.87834580836109,0.2876440607746294,,,,,,,,,,,,,,,,275.0,275.0,275.0,275.0,275.0
real,300,gulf,10,LSTM-rec,0,crossing,33,352,26.93485260225116,26.93485260225116,0.42254170026746307,,,,,,,,,,,,,,,,,,,,
real,300,gulf,10,LSTM-rec,0,crossing,34,354,23.690985575876333,23.690985575876333,0.4505713785758975,,,,,,,,,,,,,,,,,,,,
real,300,gulf,10,LSTM-rec,0,crossing,35,361,7.131039359718748,7.131039359718748,0.1598096942782011,,,,,,,,,,,,,,,,,,,,
real,300,gulf,10,LSTM-rec,0,crossing,36,369,5.205644434121039,5.205644434121039,1.5200638685909862,,,,,,,,,,,,184.0,184.0,184.0,184.0,184.0,184.0,183.0,183.0,183.0
real,300,gulf,10,LSTM-rec,0,crossing,37,375,26.654545054177134,26.654545054177134,0.4172192899922948,,,,,,,,,,,,,,,,,,,,
real,300,gulf,10,LSTM-rec,0,crossing,38,379,25.74261301410117,25.74261301410117,0.5692558779943199,,,,,,,,,,,,,,,,,,,,
real,300,gulf,10,LSTM-rec,0,crossing,39,409,9.262534912054202,9.262534912054202,1.4580468627793064,,,,,,,,,,,,,,,,,,,,
real,300,gulf,10,LSTM-rec,0,crossing,40,447,3.3093245706108414,3.3093245706108414,0.44304907238086255,,,,,,,,704.0,702.0,702.0,407.0,407.0,407.0,407.0,407.0,407.0,407.0,407.0,407.0,407.0
real,300,gulf,10,LSTM-rec,0,crossing,41,451,28.882191057177966,28.882191057177966,0.4742483168407612,,,,,,,,,,,,,,,,,,,,
real,300,gulf,10,LSTM-rec,0,crossing,42,494,10.822892288227528,10.822892288227528,0.4748616144173954,,,,,,,,,,,,,,,,,,,,
real,300,gulf,10,LSTM-ms,0,buffer,0,4,12.266405194985484,12.266405194985484,0.00668329658990332,,,,,,,,,,,,,,,,,,,,
real,300,gulf,10,LSTM-ms,0,buffer,1,12,23.620671223317544,23.620671223317544,0.5711845905822222,,,,,,,,,,,,,,,,,,,,
real,300,gulf,10,LSTM-ms,0,buffer,2,18,24.14083932910176,24.14083932910176,0.5963265788580204,,,,,,,,,,,,,,,,,,,,
real,300,gulf,10,LSTM-ms,0,buffer,3,35,28.07114815903035,28.07114815903035,0.4153838323855567,,,,,,,,,,,,,,,,,,,,
real,300,gulf,10,LSTM-ms,0,buffer,4,46,29.56278078621456,29.56278078621456,0.5396460329998077,,,,,,,,,,,,,,,,,,,,
real,300,gulf,10,LSTM-ms,0,buffer,5,49,3.4913576667059876,3.4913576667059876,0.2626422247068359,,,,,396.0,387.0,386.0,386.0,385.0,384.0,384.0,383.0,382.0,382.0,381.0,381.0,381.0,381.0,354.0,353.0
real,300,gulf,10,LSTM-ms,0,buffer,6,51,13.245831505970136,13.245831505970136,0.13311167163047938,,,,,,,,,,,,,,,,,,,,
real,300,gulf,10,LSTM-ms,0,buffer,7,63,5.487825834302531,5.487825834302531,1.0165814987684652,,,,,,60.0,57.0,56.0,55.0,53.0,52.0,52.0,52.0,52.0,51.0,51.0,51.0,50.0,50.0,50.0
real,300,gulf,10,LSTM-ms,0,buffer,8,76,7.832221201262748,7.832221201262748,0.0070216368237207265,,,,,,,,,,,,,,,,,,,,
real,300,gulf,10,LSTM-ms,0,buffer,9,77,28.03889048273775,28.03889048273775,0.5854139737265653,,,,,,,,,,,,,,,,,,,,
real,300,gulf,10,LSTM-ms,0,buffer,10,80,7.182896018988736,7.182896018988736,0.8249669017114222,,,,,,,,,,,,,,70.0,69.0,69.0,67.0,65.0,64.0,64.0
real,300,gulf,10,LSTM-ms,0,buffer,11,87,22.942762492933117,22.942762492933117,0.46894428720257714,,,,,,,,,,,,,,,,,,,,
real,300,gulf,10,LSTM-ms,0,buffer,12,102,8.112466599604254,8.112466599604254,0.08832579533205343,,,,,,,,,,,,,,,,,,,,
real,300,gulf,10,LSTM-ms,0,buffer,13,143,23.206288296938013,23.206288296938013,0.6051537328566118,,,,,,,,,,,,,,,,,,,,
real,300,gulf,10,LSTM-ms,0,buffer,14,154,8.732687542452455,8.732687542452455,0.4900366971057181,,,,,,,,,,,,,,,,,,,,
real,300,gulf,10,LSTM-ms,0,buffer,15,166,19.800247785572264,19.800247785572264,0.8006193660604571,,,,,,,,,,,,,,,,,,,,
real,300,gulf,10,LSTM-ms,0,buffer,16,177,8.202583042830287,8.202583042830287,0.4582238368557336,,,,,,,,,,,,,,,,,,,,6.0
real,300,gulf,10,LSTM-ms,0,buffer,17,182,18.345949323217326,18.345949323217326,0.9824340052253595,,,,,,,,,,,,,,,,,,,,
real,300,gulf,10,LSTM-ms,0,buffer,18,187,6.858865026417262,6.858865026417262,0.23509558655537038,,,,,,,,,,,53.0,52.0,50.0,50.0,50.0,50.0,50.0,50.0,50.0,49.0
real,300,gulf,10,LSTM-ms,0,buffer,19,190,27.68462488556801,27.68462488556801,0.44323342991851244,,,,,,,,,,,,,,,,,,,,
real,300,gulf,10,LSTM-ms,0,buffer,20,200,14.822720917051123,14.822720917051123,1.391846700328501,,,,,,,,,,,,,,,,,,,,
real,300,gulf,10,LSTM-ms,0,buffer,21,225,27.349652770462658,27.349652770462658,0.8413343683454232,,,,,,,,,,,,,,,,,,,,
real,300,gulf,10,LSTM-ms,0,buffer,22,226,25.97652559618631,25.97652559618631,0.5233509944726167,,,,,,,,,,,,,,,,,,,,
real,300,gulf,10,LSTM-ms,0,buffer,23,227,4.093878175231518,4.093878175231518,0.4063964591130925,,,,,,,,142.0,141.0,141.0,140.0,140.0,140.0,140.0,133.0,59.0,36.0,35.0,35.0,34.0
real,300,gulf,10,LSTM-ms,0,buffer,24,269,15.727913009927386,15.727913009927386,1.1976578581820396,,,,,,,,,,,,,,,,,,,,
real,300,gulf,10,LSTM-ms,0,buffer,25,273,27.024243042339478,27.024243042339478,0.4088320670224329,,,,,,,,,,,,,,,,,,,,
real,300,gulf,10,LSTM-ms,0,buffer,26,275,10.442098537087272,10.442098537087272,0.04636800217593541,,,,,,,,,,,,,,,,,,,,
real,300,gulf,10,LSTM-ms,0,buffer,27,319,27.045078810196703,27.045078810196703,0.38241632181183033,,,,,,,,,,,,,,,,,,,,
real,300,gulf,10,LSTM-ms,0,buffer,28,322,16.546866415619103,16.546866415619103,0.4312535013276059,,,,,,,,,,,,,,,,,,,,
real,300,gulf,10,LSTM-ms,0,buffer,29,325,6.662348582854868,6.662348582854868,0.4623207432350452,,,,,,,,,,,,,,,,,,,18.0,18.0
real,300,gulf,10,LSTM-ms,0,buffer,30,328,27.966134032134544,27.966134032134544,0.45537916096263265,,,,,,,,,,,,,,,,,,,,
real,300,gulf,10,LSTM-ms,0,buffer,31,332,26.912755572869496,26.912755572869496,0.7435324618707779,,,,,,,,,,,,,,,,,,,,
real,300,gulf,10,LSTM-ms,0,buffer,32,334,4.87834580836109,4.87834580836109,0.2876440607746294,,,,,,,,275.0,275.0,275.0,274.0,274.0,274.0,273.0,273.0,273.0,272.0,272.0,272.0,271.0
real,300,gulf,10,LSTM-ms,0,buffer,33,352,26.93485260225116,26.93485260225116,0.42254170026746307,,,,,,,,,,,,,,,,,,,,
real,300,gulf,10,LSTM-ms,0,buffer,34,354,23.690985575876333,23.690985575876333,0.4505713785758975,,,,,,,,,,,,,,,,,,,,
real,300,gulf,10,LSTM-ms,0,buffer,35,361,7.131039359718748,7.131039359718748,0.1598096942782011,,,,,,,,,,,,,,,,,,,,
real,300,gulf,10,LSTM-ms,0,buffer,36,369,5.205644434121039,5.205644434121039,1.5200638685909862,,,,,,188.0,184.0,184.0,183.0,183.0,183.0,183.0,182.0,182.0,182.0,181.0,181.0,181.0,181.0,181.0
real,300,gulf,10,LSTM-ms,0,buffer,37,375,26.654545054177134,26.654545054177134,0.4172192899922948,,,,,,,,,,,,,,,,,,,,
real,300,gulf,10,LSTM-ms,0,buffer,38,379,25.74261301410117,25.74261301410117,0.5692558779943199,,,,,,,,,,,,,,,,,,,,
real,300,gulf,10,LSTM-ms,0,buffer,39,409,9.262534912054202,9.262534912054202,1.4580468627793064,,,,,,,,,,,,,,,,,,,,
real,300,gulf,10,LSTM-ms,0,buffer,40,447,3.3093245706108414,3.3093245706108414,0.44304907238086255,,,705.0,408.0,407.0,407.0,407.0,407.0,407.0,394.0,113.0,113.0,112.0,111.0,111.0,111.0,111.0,110.0,110.0,110.0
real,300,gulf,10,LSTM-ms,0,buffer,41,451,28.882191057177966,28.882191057177966,0.4742483168407612,,,,,,,,,,,,,,,,,,,,
real,300,gulf,10,LSTM-ms,0,buffer,42,494,10.822892288227528,10.822892288227528,0.4748616144173954,,,,,,,,,,,,,,,,,,,,
real,300,gulf,10,LSTM-ms,0,crossing,0,4,12.266405194985484,12.266405194985484,0.00668329658990332,,,,,,,,,,,,,,,,,,,,
real,300,gulf,10,LSTM-ms,0,crossing,1,12,23.620671223317544,23.620671223317544,0.5711845905822222,,,,,,,,,,,,,,,,,,,,
real,300,gulf,10,LSTM-ms,0,crossing,2,18,24.14083932910176,24.14083932910176,0.5963265788580204,,,,,,,,,,,,,,,,,,,,
real,300,gulf,10,LSTM-ms,0,crossing,3,35,28.07114815903035,28.07114815903035,0.4153838323855567,,,,,,,,,,,,,,,,,,,,
real,300,gulf,10,LSTM-ms,0,crossing,4,46,29.56278078621456,29.56278078621456,0.5396460329998077,,,,,,,,,,,,,,,,,,,,
real,300,gulf,10,LSTM-ms,0,crossing,5,49,3.4913576667059876,3.4913576667059876,0.2626422247068359,,,,,,,,,,,,387.0,386.0,385.0,385.0,384.0,383.0,383.0,382.0,382.0
real,300,gulf,10,LSTM-ms,0,crossing,6,51,13.245831505970136,13.245831505970136,0.13311167163047938,,,,,,,,,,,,,,,,,,,,
real,300,gulf,10,LSTM-ms,0,crossing,7,63,5.487825834302531,5.487825834302531,1.0165814987684652,,,,,,,,,,57.0,56.0,55.0,53.0,52.0,52.0,52.0,52.0,51.0,51.0,51.0
real,300,gulf,10,LSTM-ms,0,crossing,8,76,7.832221201262748,7.832221201262748,0.0070216368237207265,,,,,,,,,,,,,,,,,,,,
real,300,gulf,10,LSTM-ms,0,crossing,9,77,28.03889048273775,28.03889048273775,0.5854139737265653,,,,,,,,,,,,,,,,,,,,
real,300,gulf,10,LSTM-ms,0,crossing,10,80,7.182896018988736,7.182896018988736,0.8249669017114222,,,,,,,,,,,,,,,,,,,,70.0
real,300,gulf,10,LSTM-ms,0,crossing,11,87,22.942762492933117,22.942762492933117,0.46894428720257714,,,,,,,,,,,,,,,,,,,,
real,300,gulf,10,LSTM-ms,0,crossing,12,102,8.112466599604254,8.112466599604254,0.08832579533205343,,,,,,,,,,,,,,,,,,,,
real,300,gulf,10,LSTM-ms,0,crossing,13,143,23.206288296938013,23.206288296938013,0.6051537328566118,,,,,,,,,,,,,,,,,,,,
real,300,gulf,10,LSTM-ms,0,crossing,14,154,8.732687542452455,8.732687542452455,0.4900366971057181,,,,,,,,,,,,,,,,,,,,
real,300,gulf,10,LSTM-ms,0,crossing,15,166,19.800247785572264,19.800247785572264,0.8006193660604571,,,,,,,,,,,,,,,,,,,,
real,300,gulf,10,LSTM-ms,0,crossing,16,177,8.202583042830287,8.202583042830287,0.4582238368557336,,,,,,,,,,,,,,,,,,,,
real,300,gulf,10,LSTM-ms,0,crossing,17,182,18.345949323217326,18.345949323217326,0.9824340052253595,,,,,,,,,,,,,,,,,,,,
real,300,gulf,10,LSTM-ms,0,crossing,18,187,6.858865026417262,6.858865026417262,0.23509558655537038,,,,,,,,,,,,,,,,53.0,50.0,50.0,50.0,50.0
real,300,gulf,10,LSTM-ms,0,crossing,19,190,27.68462488556801,27.68462488556801,0.44323342991851244,,,,,,,,,,,,,,,,,,,,
real,300,gulf,10,LSTM-ms,0,crossing,20,200,14.822720917051123,14.822720917051123,1.391846700328501,,,,,,,,,,,,,,,,,,,,
real,300,gulf,10,LSTM-ms,0,crossing,21,225,27.349652770462658,27.349652770462658,0.8413343683454232,,,,,,,,,,,,,,,,,,,,
real,300,gulf,10,LSTM-ms,0,crossing,22,226,25.97652559618631,25.97652559618631,0.5233509944726167,,,,,,,,,,,,,,,,,,,,
real,300,gulf,10,LSTM-ms,0,crossing,23,227,4.093878175231518,4.093878175231518,0.4063964591130925,,,,,,,,,,,,,,,,142.0,142.0,141.0,141.0,141.0
real,300,gulf,10,LSTM-ms,0,crossing,24,269,15.727913009927386,15.727913009927386,1.1976578581820396,,,,,,,,,,,,,,,,,,,,
real,300,gulf,10,LSTM-ms,0,crossing,25,273,27.024243042339478,27.024243042339478,0.4088320670224329,,,,,,,,,,,,,,,,,,,,
real,300,gulf,10,LSTM-ms,0,crossing,26,275,10.442098537087272,10.442098537087272,0.04636800217593541,,,,,,,,,,,,,,,,,,,,
real,300,gulf,10,LSTM-ms,0,crossing,27,319,27.045078810196703,27.045078810196703,0.38241632181183033,,,,,,,,,,,,,,,,,,,,
real,300,gulf,10,LSTM-ms,0,crossing,28,322,16.546866415619103,16.546866415619103,0.4312535013276059,,,,,,,,,,,,,,,,,,,,
real,300,gulf,10,LSTM-ms,0,crossing,29,325,6.662348582854868,6.662348582854868,0.4623207432350452,,,,,,,,,,,,,,,,,,,,
real,300,gulf,10,LSTM-ms,0,crossing,30,328,27.966134032134544,27.966134032134544,0.45537916096263265,,,,,,,,,,,,,,,,,,,,
real,300,gulf,10,LSTM-ms,0,crossing,31,332,26.912755572869496,26.912755572869496,0.7435324618707779,,,,,,,,,,,,,,,,,,,,
real,300,gulf,10,LSTM-ms,0,crossing,32,334,4.87834580836109,4.87834580836109,0.2876440607746294,,,,,,,,,,275.0,275.0,275.0,275.0,274.0,274.0,274.0,273.0,273.0,273.0,272.0
real,300,gulf,10,LSTM-ms,0,crossing,33,352,26.93485260225116,26.93485260225116,0.42254170026746307,,,,,,,,,,,,,,,,,,,,
real,300,gulf,10,LSTM-ms,0,crossing,34,354,23.690985575876333,23.690985575876333,0.4505713785758975,,,,,,,,,,,,,,,,,,,,
real,300,gulf,10,LSTM-ms,0,crossing,35,361,7.131039359718748,7.131039359718748,0.1598096942782011,,,,,,,,,,,,,,,,,,,,
real,300,gulf,10,LSTM-ms,0,crossing,36,369,5.205644434121039,5.205644434121039,1.5200638685909862,,,,,,,,,188.0,184.0,184.0,183.0,183.0,183.0,183.0,182.0,182.0,182.0,182.0,181.0
real,300,gulf,10,LSTM-ms,0,crossing,37,375,26.654545054177134,26.654545054177134,0.4172192899922948,,,,,,,,,,,,,,,,,,,,
real,300,gulf,10,LSTM-ms,0,crossing,38,379,25.74261301410117,25.74261301410117,0.5692558779943199,,,,,,,,,,,,,,,,,,,,
real,300,gulf,10,LSTM-ms,0,crossing,39,409,9.262534912054202,9.262534912054202,1.4580468627793064,,,,,,,,,,,,,,,,,,,,
real,300,gulf,10,LSTM-ms,0,crossing,40,447,3.3093245706108414,3.3093245706108414,0.44304907238086255,,,,,,704.0,703.0,408.0,407.0,407.0,407.0,407.0,114.0,113.0,112.0,112.0,111.0,111.0,111.0,110.0
real,300,gulf,10,LSTM-ms,0,crossing,41,451,28.882191057177966,28.882191057177966,0.4742483168407612,,,,,,,,,,,,,,,,,,,,
real,300,gulf,10,LSTM-ms,0,crossing,42,494,10.822892288227528,10.822892288227528,0.4748616144173954,,,,,,,,,,,,,,,,,,,,
real,300,gulf,10,LSTM-rec,1,buffer,0,4,12.266405194985484,12.266405194985484,0.00668329658990332,,,,,,,,,,,,,,,,,,,,
real,300,gulf,10,LSTM-rec,1,buffer,1,12,23.620671223317544,23.620671223317544,0.5711845905822222,,,,,,,,,,,,,,,,,,,,
real,300,gulf,10,LSTM-rec,1,buffer,2,18,24.14083932910176,24.14083932910176,0.5963265788580204,,,,,,,,,,,,,,,,,,,,
real,300,gulf,10,LSTM-rec,1,buffer,3,35,28.07114815903035,28.07114815903035,0.4153838323855567,,,,,,,,,,,,,,,,,,,,
real,300,gulf,10,LSTM-rec,1,buffer,4,46,29.56278078621456,29.56278078621456,0.5396460329998077,,,,,,,,,,,,,,,,,,,,
real,300,gulf,10,LSTM-rec,1,buffer,5,49,3.4913576667059876,3.4913576667059876,0.2626422247068359,,,,,,,,,,,,,,,,,,,,
real,300,gulf,10,LSTM-rec,1,buffer,6,51,13.245831505970136,13.245831505970136,0.13311167163047938,,,,,,,,,,,,,,,,,,,,
real,300,gulf,10,LSTM-rec,1,buffer,7,63,5.487825834302531,5.487825834302531,1.0165814987684652,,,,,,,60.0,60.0,57.0,57.0,57.0,57.0,56.0,56.0,56.0,56.0,56.0,56.0,56.0,56.0
real,300,gulf,10,LSTM-rec,1,buffer,8,76,7.832221201262748,7.832221201262748,0.0070216368237207265,,,,,,,,,,,,,,,,,,,,
real,300,gulf,10,LSTM-rec,1,buffer,9,77,28.03889048273775,28.03889048273775,0.5854139737265653,,,,,,,,,,,,,,,,,,,,
real,300,gulf,10,LSTM-rec,1,buffer,10,80,7.182896018988736,7.182896018988736,0.8249669017114222,,,,,,,,,,,,,,,,,,,,
real,300,gulf,10,LSTM-rec,1,buffer,11,87,22.942762492933117,22.942762492933117,0.46894428720257714,,,,,,,,,,,,,,,,,,,,
real,300,gulf,10,LSTM-rec,1,buffer,12,102,8.112466599604254,8.112466599604254,0.08832579533205343,,,,,,,,,,,,,,,,,,,,
real,300,gulf,10,LSTM-rec,1,buffer,13,143,23.206288296938013,23.206288296938013,0.6051537328566118,,,,,,,,,,,,,,,,,,,,
real,300,gulf,10,LSTM-rec,1,buffer,14,154,8.732687542452455,8.732687542452455,0.4900366971057181,,,,,,,,,,,,,,,,,,,,
real,300,gulf,10,LSTM-rec,1,buffer,15,166,19.800247785572264,19.800247785572264,0.8006193660604571,,,,,,,,,,,,,,,,,,,,
real,300,gulf,10,LSTM-rec,1,buffer,16,177,8.202583042830287,8.202583042830287,0.4582238368557336,,,,,,,,,,,,,,,,,,,,
real,300,gulf,10,LSTM-rec,1,buffer,17,182,18.345949323217326,18.345949323217326,0.9824340052253595,,,,,,,,,,,,,,,,,,,,
real,300,gulf,10,LSTM-rec,1,buffer,18,187,6.858865026417262,6.858865026417262,0.23509558655537038,,,,,,,,,,,,,,,,,,,,
real,300,gulf,10,LSTM-rec,1,buffer,19,190,27.68462488556801,27.68462488556801,0.44323342991851244,,,,,,,,,,,,,,,,,,,,
real,300,gulf,10,LSTM-rec,1,buffer,20,200,14.822720917051123,14.822720917051123,1.391846700328501,,,,,,,,,,,,,,,,,,,,
real,300,gulf,10,LSTM-rec,1,buffer,21,225,27.349652770462658,27.349652770462658,0.8413343683454232,,,,,,,,,,,,,,,,,,,,
real,300,gulf,10,LSTM-rec,1,buffer,22,226,25.97652559618631,25.97652559618631,0.5233509944726167,,,,,,,,,,,,,,,,,,,,
real,300,gulf,10,LSTM-rec,1,buffer,23,227,4.093878175231518,4.093878175231518,0.4063964591130925,,,,,,,,,,,,,,,,,,,,
real,300,gulf,10,LSTM-rec,1,buffer,24,269,15.727913009927386,15.727913009927386,1.1976578581820396,,,,,,,,,,,,,,,,,,,,
real,300,gulf,10,LSTM-rec,1,buffer,25,273,27.024243042339478,27.024243042339478,0.4088320670224329,,,,,,,,,,,,,,,,,,,,
real,300,gulf,10,LSTM-rec,1,buffer,26,275,10.442098537087272,10.442098537087272,0.04636800217593541,,,,,,,,,,,,,,,,,,,,
real,300,gulf,10,LSTM-rec,1,buffer,27,319,27.045078810196703,27.045078810196703,0.38241632181183033,,,,,,,,,,,,,,,,,,,,
real,300,gulf,10,LSTM-rec,1,buffer,28,322,16.546866415619103,16.546866415619103,0.4312535013276059,,,,,,,,,,,,,,,,,,,,
real,300,gulf,10,LSTM-rec,1,buffer,29,325,6.662348582854868,6.662348582854868,0.4623207432350452,,,,,,,,,,,,,,,,,,,,
real,300,gulf,10,LSTM-rec,1,buffer,30,328,27.966134032134544,27.966134032134544,0.45537916096263265,,,,,,,,,,,,,,,,,,,,
real,300,gulf,10,LSTM-rec,1,buffer,31,332,26.912755572869496,26.912755572869496,0.7435324618707779,,,,,,,,,,,,,,,,,,,,
real,300,gulf,10,LSTM-rec,1,buffer,32,334,4.87834580836109,4.87834580836109,0.2876440607746294,,,,,,,,,,,275.0,275.0,275.0,275.0,275.0,275.0,275.0,275.0,275.0,275.0
real,300,gulf,10,LSTM-rec,1,buffer,33,352,26.93485260225116,26.93485260225116,0.42254170026746307,,,,,,,,,,,,,,,,,,,,
real,300,gulf,10,LSTM-rec,1,buffer,34,354,23.690985575876333,23.690985575876333,0.4505713785758975,,,,,,,,,,,,,,,,,,,,
real,300,gulf,10,LSTM-rec,1,buffer,35,361,7.131039359718748,7.131039359718748,0.1598096942782011,,,,,,,,,,,,,,,,,,,,
real,300,gulf,10,LSTM-rec,1,buffer,36,369,5.205644434121039,5.205644434121039,1.5200638685909862,,,,,,,,,188.0,184.0,184.0,184.0,184.0,183.0,183.0,183.0,183.0,183.0,183.0,183.0
real,300,gulf,10,LSTM-rec,1,buffer,37,375,26.654545054177134,26.654545054177134,0.4172192899922948,,,,,,,,,,,,,,,,,,,,
real,300,gulf,10,LSTM-rec,1,buffer,38,379,25.74261301410117,25.74261301410117,0.5692558779943199,,,,,,,,,,,,,,,,,,,,
real,300,gulf,10,LSTM-rec,1,buffer,39,409,9.262534912054202,9.262534912054202,1.4580468627793064,,,,,,,,,,,,,,,,,,,,
real,300,gulf,10,LSTM-rec,1,buffer,40,447,3.3093245706108414,3.3093245706108414,0.44304907238086255,,,,705.0,407.0,407.0,407.0,407.0,407.0,407.0,407.0,407.0,407.0,407.0,407.0,407.0,407.0,407.0,407.0,407.0
real,300,gulf,10,LSTM-rec,1,buffer,41,451,28.882191057177966,28.882191057177966,0.4742483168407612,,,,,,,,,,,,,,,,,,,,
real,300,gulf,10,LSTM-rec,1,buffer,42,494,10.822892288227528,10.822892288227528,0.4748616144173954,,,,,,,,,,,,,,,,,,,,
real,300,gulf,10,LSTM-rec,1,crossing,0,4,12.266405194985484,12.266405194985484,0.00668329658990332,,,,,,,,,,,,,,,,,,,,
real,300,gulf,10,LSTM-rec,1,crossing,1,12,23.620671223317544,23.620671223317544,0.5711845905822222,,,,,,,,,,,,,,,,,,,,
real,300,gulf,10,LSTM-rec,1,crossing,2,18,24.14083932910176,24.14083932910176,0.5963265788580204,,,,,,,,,,,,,,,,,,,,
real,300,gulf,10,LSTM-rec,1,crossing,3,35,28.07114815903035,28.07114815903035,0.4153838323855567,,,,,,,,,,,,,,,,,,,,
real,300,gulf,10,LSTM-rec,1,crossing,4,46,29.56278078621456,29.56278078621456,0.5396460329998077,,,,,,,,,,,,,,,,,,,,
real,300,gulf,10,LSTM-rec,1,crossing,5,49,3.4913576667059876,3.4913576667059876,0.2626422247068359,,,,,,,,,,,,,,,,,,,,
real,300,gulf,10,LSTM-rec,1,crossing,6,51,13.245831505970136,13.245831505970136,0.13311167163047938,,,,,,,,,,,,,,,,,,,,
real,300,gulf,10,LSTM-rec,1,crossing,7,63,5.487825834302531,5.487825834302531,1.0165814987684652,,,,,,,,,,,,,60.0,60.0,60.0,60.0,60.0,60.0,60.0,60.0
real,300,gulf,10,LSTM-rec,1,crossing,8,76,7.832221201262748,7.832221201262748,0.0070216368237207265,,,,,,,,,,,,,,,,,,,,
real,300,gulf,10,LSTM-rec,1,crossing,9,77,28.03889048273775,28.03889048273775,0.5854139737265653,,,,,,,,,,,,,,,,,,,,
real,300,gulf,10,LSTM-rec,1,crossing,10,80,7.182896018988736,7.182896018988736,0.8249669017114222,,,,,,,,,,,,,,,,,,,,
real,300,gulf,10,LSTM-rec,1,crossing,11,87,22.942762492933117,22.942762492933117,0.46894428720257714,,,,,,,,,,,,,,,,,,,,
real,300,gulf,10,LSTM-rec,1,crossing,12,102,8.112466599604254,8.112466599604254,0.08832579533205343,,,,,,,,,,,,,,,,,,,,
real,300,gulf,10,LSTM-rec,1,crossing,13,143,23.206288296938013,23.206288296938013,0.6051537328566118,,,,,,,,,,,,,,,,,,,,
real,300,gulf,10,LSTM-rec,1,crossing,14,154,8.732687542452455,8.732687542452455,0.4900366971057181,,,,,,,,,,,,,,,,,,,,
real,300,gulf,10,LSTM-rec,1,crossing,15,166,19.800247785572264,19.800247785572264,0.8006193660604571,,,,,,,,,,,,,,,,,,,,
real,300,gulf,10,LSTM-rec,1,crossing,16,177,8.202583042830287,8.202583042830287,0.4582238368557336,,,,,,,,,,,,,,,,,,,,
real,300,gulf,10,LSTM-rec,1,crossing,17,182,18.345949323217326,18.345949323217326,0.9824340052253595,,,,,,,,,,,,,,,,,,,,
real,300,gulf,10,LSTM-rec,1,crossing,18,187,6.858865026417262,6.858865026417262,0.23509558655537038,,,,,,,,,,,,,,,,,,,,
real,300,gulf,10,LSTM-rec,1,crossing,19,190,27.68462488556801,27.68462488556801,0.44323342991851244,,,,,,,,,,,,,,,,,,,,
real,300,gulf,10,LSTM-rec,1,crossing,20,200,14.822720917051123,14.822720917051123,1.391846700328501,,,,,,,,,,,,,,,,,,,,
real,300,gulf,10,LSTM-rec,1,crossing,21,225,27.349652770462658,27.349652770462658,0.8413343683454232,,,,,,,,,,,,,,,,,,,,
real,300,gulf,10,LSTM-rec,1,crossing,22,226,25.97652559618631,25.97652559618631,0.5233509944726167,,,,,,,,,,,,,,,,,,,,
real,300,gulf,10,LSTM-rec,1,crossing,23,227,4.093878175231518,4.093878175231518,0.4063964591130925,,,,,,,,,,,,,,,,,,,,
real,300,gulf,10,LSTM-rec,1,crossing,24,269,15.727913009927386,15.727913009927386,1.1976578581820396,,,,,,,,,,,,,,,,,,,,
real,300,gulf,10,LSTM-rec,1,crossing,25,273,27.024243042339478,27.024243042339478,0.4088320670224329,,,,,,,,,,,,,,,,,,,,
real,300,gulf,10,LSTM-rec,1,crossing,26,275,10.442098537087272,10.442098537087272,0.04636800217593541,,,,,,,,,,,,,,,,,,,,
real,300,gulf,10,LSTM-rec,1,crossing,27,319,27.045078810196703,27.045078810196703,0.38241632181183033,,,,,,,,,,,,,,,,,,,,
real,300,gulf,10,LSTM-rec,1,crossing,28,322,16.546866415619103,16.546866415619103,0.4312535013276059,,,,,,,,,,,,,,,,,,,,
real,300,gulf,10,LSTM-rec,1,crossing,29,325,6.662348582854868,6.662348582854868,0.4623207432350452,,,,,,,,,,,,,,,,,,,,
real,300,gulf,10,LSTM-rec,1,crossing,30,328,27.966134032134544,27.966134032134544,0.45537916096263265,,,,,,,,,,,,,,,,,,,,
real,300,gulf,10,LSTM-rec,1,crossing,31,332,26.912755572869496,26.912755572869496,0.7435324618707779,,,,,,,,,,,,,,,,,,,,
real,300,gulf,10,LSTM-rec,1,crossing,32,334,4.87834580836109,4.87834580836109,0.2876440607746294,,,,,,,,,,,,,,,,,,,,
real,300,gulf,10,LSTM-rec,1,crossing,33,352,26.93485260225116,26.93485260225116,0.42254170026746307,,,,,,,,,,,,,,,,,,,,
real,300,gulf,10,LSTM-rec,1,crossing,34,354,23.690985575876333,23.690985575876333,0.4505713785758975,,,,,,,,,,,,,,,,,,,,
real,300,gulf,10,LSTM-rec,1,crossing,35,361,7.131039359718748,7.131039359718748,0.1598096942782011,,,,,,,,,,,,,,,,,,,,
real,300,gulf,10,LSTM-rec,1,crossing,36,369,5.205644434121039,5.205644434121039,1.5200638685909862,,,,,,,,,,,,,,,,,,,,
real,300,gulf,10,LSTM-rec,1,crossing,37,375,26.654545054177134,26.654545054177134,0.4172192899922948,,,,,,,,,,,,,,,,,,,,
real,300,gulf,10,LSTM-rec,1,crossing,38,379,25.74261301410117,25.74261301410117,0.5692558779943199,,,,,,,,,,,,,,,,,,,,
real,300,gulf,10,LSTM-rec,1,crossing,39,409,9.262534912054202,9.262534912054202,1.4580468627793064,,,,,,,,,,,,,,,,,,,,
real,300,gulf,10,LSTM-rec,1,crossing,40,447,3.3093245706108414,3.3093245706108414,0.44304907238086255,,,,,,,,704.0,704.0,702.0,702.0,702.0,702.0,701.0,701.0,701.0,701.0,701.0,701.0,701.0
real,300,gulf,10,LSTM-rec,1,crossing,41,451,28.882191057177966,28.882191057177966,0.4742483168407612,,,,,,,,,,,,,,,,,,,,
real,300,gulf,10,LSTM-rec,1,crossing,42,494,10.822892288227528,10.822892288227528,0.4748616144173954,,,,,,,,,,,,,,,,,,,,
real,300,gulf,10,LSTM-ms,1,buffer,0,4,12.266405194985484,12.266405194985484,0.00668329658990332,,,,,,,,,,,,,,,,,,,,
real,300,gulf,10,LSTM-ms,1,buffer,1,12,23.620671223317544,23.620671223317544,0.5711845905822222,,,,,,,,,,,,,,,,,,,,
real,300,gulf,10,LSTM-ms,1,buffer,2,18,24.14083932910176,24.14083932910176,0.5963265788580204,,,,,,,,,,,,,,,,,,,,
real,300,gulf,10,LSTM-ms,1,buffer,3,35,28.07114815903035,28.07114815903035,0.4153838323855567,,,,,,,,,,,,,,,,,,,,
real,300,gulf,10,LSTM-ms,1,buffer,4,46,29.56278078621456,29.56278078621456,0.5396460329998077,,,,,,,,,,,,,,,,,,,,
real,300,gulf,10,LSTM-ms,1,buffer,5,49,3.4913576667059876,3.4913576667059876,0.2626422247068359,,,,,,,,,,,,,,387.0,386.0,386.0,385.0,385.0,385.0,384.0
real,300,gulf,10,LSTM-ms,1,buffer,6,51,13.245831505970136,13.245831505970136,0.13311167163047938,,,,,,,,,,,,,,,,,,,,
real,300,gulf,10,LSTM-ms,1,buffer,7,63,5.487825834302531,5.487825834302531,1.0165814987684652,,,,,,,,60.0,57.0,57.0,56.0,53.0,52.0,52.0,52.0,52.0,52.0,52.0,51.0,51.0
real,300,gulf,10,LSTM-ms,1,buffer,8,76,7.832221201262748,7.832221201262748,0.0070216368237207265,,,,,,,,,,,,,,,,,,,,
real,300,gulf,10,LSTM-ms,1,buffer,9,77,28.03889048273775,28.03889048273775,0.5854139737265653,,,,,,,,,,,,,,,,,,,,
real,300,gulf,10,LSTM-ms,1,buffer,10,80,7.182896018988736,7.182896018988736,0.8249669017114222,,,,,,,,,,,,,,,,,,,,
real,300,gulf,10,LSTM-ms,1,buffer,11,87,22.942762492933117,22.942762492933117,0.46894428720257714,,,,,,,,,,,,,,,,,,,,
real,300,gulf,10,LSTM-ms,1,buffer,12,102,8.112466599604254,8.112466599604254,0.08832579533205343,,,,,,,,,,,,,,,,,,,,
real,300,gulf,10,LSTM-ms,1,buffer,13,143,23.206288296938013,23.206288296938013,0.6051537328566118,,,,,,,,,,,,,,,,,,,,
real,300,gulf,10,LSTM-ms,1,buffer,14,154,8.732687542452455,8.732687542452455,0.4900366971057181,,,,,,,,,,,,,,,,,,,,
real,300,gulf,10,LSTM-ms,1,buffer,15,166,19.800247785572264,19.800247785572264,0.8006193660604571,,,,,,,,,,,,,,,,,,,,
real,300,gulf,10,LSTM-ms,1,buffer,16,177,8.202583042830287,8.202583042830287,0.4582238368557336,,,,,,,,,,,,,,,,,,,,
real,300,gulf,10,LSTM-ms,1,buffer,17,182,18.345949323217326,18.345949323217326,0.9824340052253595,,,,,,,,,,,,,,,,,,,,
real,300,gulf,10,LSTM-ms,1,buffer,18,187,6.858865026417262,6.858865026417262,0.23509558655537038,,,,,,,,,,,,,,,,,53.0,53.0,50.0,50.0
real,300,gulf,10,LSTM-ms,1,buffer,19,190,27.68462488556801,27.68462488556801,0.44323342991851244,,,,,,,,,,,,,,,,,,,,
real,300,gulf,10,LSTM-ms,1,buffer,20,200,14.822720917051123,14.822720917051123,1.391846700328501,,,,,,,,,,,,,,,,,,,,
real,300,gulf,10,LSTM-ms,1,buffer,21,225,27.349652770462658,27.349652770462658,0.8413343683454232,,,,,,,,,,,,,,,,,,,,
real,300,gulf,10,LSTM-ms,1,buffer,22,226,25.97652559618631,25.97652559618631,0.5233509944726167,,,,,,,,,,,,,,,,,,,,
real,300,gulf,10,LSTM-ms,1,buffer,23,227,4.093878175231518,4.093878175231518,0.4063964591130925,,,,,,,,,,,,,,,,,,,,
real,300,gulf,10,LSTM-ms,1,buffer,24,269,15.727913009927386,15.727913009927386,1.1976578581820396,,,,,,,,,,,,,,,,,,,,
real,300,gulf,10,LSTM-ms,1,buffer,25,273,27.024243042339478,27.024243042339478,0.4088320670224329,,,,,,,,,,,,,,,,,,,,
real,300,gulf,10,LSTM-ms,1,buffer,26,275,10.442098537087272,10.442098537087272,0.04636800217593541,,,,,,,,,,,,,,,,,,,,
real,300,gulf,10,LSTM-ms,1,buffer,27,319,27.045078810196703,27.045078810196703,0.38241632181183033,,,,,,,,,,,,,,,,,,,,
real,300,gulf,10,LSTM-ms,1,buffer,28,322,16.546866415619103,16.546866415619103,0.4312535013276059,,,,,,,,,,,,,,,,,,,,
real,300,gulf,10,LSTM-ms,1,buffer,29,325,6.662348582854868,6.662348582854868,0.4623207432350452,,,,,,,,,,,,,,,,,,,,
real,300,gulf,10,LSTM-ms,1,buffer,30,328,27.966134032134544,27.966134032134544,0.45537916096263265,,,,,,,,,,,,,,,,,,,,
real,300,gulf,10,LSTM-ms,1,buffer,31,332,26.912755572869496,26.912755572869496,0.7435324618707779,,,,,,,,,,,,,,,,,,,,
real,300,gulf,10,LSTM-ms,1,buffer,32,334,4.87834580836109,4.87834580836109,0.2876440607746294,,,,,,,,,,398.0,275.0,275.0,275.0,275.0,274.0,274.0,273.0,273.0,273.0,273.0
real,300,gulf,10,LSTM-ms,1,buffer,33,352,26.93485260225116,26.93485260225116,0.42254170026746307,,,,,,,,,,,,,,,,,,,,
real,300,gulf,10,LSTM-ms,1,buffer,34,354,23.690985575876333,23.690985575876333,0.4505713785758975,,,,,,,,,,,,,,,,,,,,
real,300,gulf,10,LSTM-ms,1,buffer,35,361,7.131039359718748,7.131039359718748,0.1598096942782011,,,,,,,,,,,,,,,,,,,,
real,300,gulf,10,LSTM-ms,1,buffer,36,369,5.205644434121039,5.205644434121039,1.5200638685909862,,,,,,,,188.0,184.0,184.0,184.0,183.0,183.0,183.0,182.0,182.0,182.0,181.0,181.0,181.0
real,300,gulf,10,LSTM-ms,1,buffer,37,375,26.654545054177134,26.654545054177134,0.4172192899922948,,,,,,,,,,,,,,,,,,,,
real,300,gulf,10,LSTM-ms,1,buffer,38,379,25.74261301410117,25.74261301410117,0.5692558779943199,,,,,,,,,,,,,,,,,,,,
real,300,gulf,10,LSTM-ms,1,buffer,39,409,9.262534912054202,9.262534912054202,1.4580468627793064,,,,,,,,,,,,,,,,,,,,
real,300,gulf,10,LSTM-ms,1,buffer,40,447,3.3093245706108414,3.3093245706108414,0.44304907238086255,,,,719.0,704.0,407.0,407.0,407.0,407.0,407.0,407.0,407.0,113.0,113.0,112.0,112.0,112.0,111.0,111.0,111.0
real,300,gulf,10,LSTM-ms,1,buffer,41,451,28.882191057177966,28.882191057177966,0.4742483168407612,,,,,,,,,,,,,,,,,,,,
real,300,gulf,10,LSTM-ms,1,buffer,42,494,10.822892288227528,10.822892288227528,0.4748616144173954,,,,,,,,,,,,,,,,,,,,
real,300,gulf,10,LSTM-ms,1,crossing,0,4,12.266405194985484,12.266405194985484,0.00668329658990332,,,,,,,,,,,,,,,,,,,,
real,300,gulf,10,LSTM-ms,1,crossing,1,12,23.620671223317544,23.620671223317544,0.5711845905822222,,,,,,,,,,,,,,,,,,,,
real,300,gulf,10,LSTM-ms,1,crossing,2,18,24.14083932910176,24.14083932910176,0.5963265788580204,,,,,,,,,,,,,,,,,,,,
real,300,gulf,10,LSTM-ms,1,crossing,3,35,28.07114815903035,28.07114815903035,0.4153838323855567,,,,,,,,,,,,,,,,,,,,
real,300,gulf,10,LSTM-ms,1,crossing,4,46,29.56278078621456,29.56278078621456,0.5396460329998077,,,,,,,,,,,,,,,,,,,,
real,300,gulf,10,LSTM-ms,1,crossing,5,49,3.4913576667059876,3.4913576667059876,0.2626422247068359,,,,,,,,,,,,,,,,,,,,
real,300,gulf,10,LSTM-ms,1,crossing,6,51,13.245831505970136,13.245831505970136,0.13311167163047938,,,,,,,,,,,,,,,,,,,,
real,300,gulf,10,LSTM-ms,1,crossing,7,63,5.487825834302531,5.487825834302531,1.0165814987684652,,,,,,,,,,,,,57.0,53.0,52.0,52.0,52.0,52.0,52.0,52.0
real,300,gulf,10,LSTM-ms,1,crossing,8,76,7.832221201262748,7.832221201262748,0.0070216368237207265,,,,,,,,,,,,,,,,,,,,
real,300,gulf,10,LSTM-ms,1,crossing,9,77,28.03889048273775,28.03889048273775,0.5854139737265653,,,,,,,,,,,,,,,,,,,,
real,300,gulf,10,LSTM-ms,1,crossing,10,80,7.182896018988736,7.182896018988736,0.8249669017114222,,,,,,,,,,,,,,,,,,,,
real,300,gulf,10,LSTM-ms,1,crossing,11,87,22.942762492933117,22.942762492933117,0.46894428720257714,,,,,,,,,,,,,,,,,,,,
real,300,gulf,10,LSTM-ms,1,crossing,12,102,8.112466599604254,8.112466599604254,0.08832579533205343,,,,,,,,,,,,,,,,,,,,
real,300,gulf,10,LSTM-ms,1,crossing,13,143,23.206288296938013,23.206288296938013,0.6051537328566118,,,,,,,,,,,,,,,,,,,,
real,300,gulf,10,LSTM-ms,1,crossing,14,154,8.732687542452455,8.732687542452455,0.4900366971057181,,,,,,,,,,,,,,,,,,,,
real,300,gulf,10,LSTM-ms,1,crossing,15,166,19.800247785572264,19.800247785572264,0.8006193660604571,,,,,,,,,,,,,,,,,,,,
real,300,gulf,10,LSTM-ms,1,crossing,16,177,8.202583042830287,8.202583042830287,0.4582238368557336,,,,,,,,,,,,,,,,,,,,
real,300,gulf,10,LSTM-ms,1,crossing,17,182,18.345949323217326,18.345949323217326,0.9824340052253595,,,,,,,,,,,,,,,,,,,,
real,300,gulf,10,LSTM-ms,1,crossing,18,187,6.858865026417262,6.858865026417262,0.23509558655537038,,,,,,,,,,,,,,,,,,,,
real,300,gulf,10,LSTM-ms,1,crossing,19,190,27.68462488556801,27.68462488556801,0.44323342991851244,,,,,,,,,,,,,,,,,,,,
real,300,gulf,10,LSTM-ms,1,crossing,20,200,14.822720917051123,14.822720917051123,1.391846700328501,,,,,,,,,,,,,,,,,,,,
real,300,gulf,10,LSTM-ms,1,crossing,21,225,27.349652770462658,27.349652770462658,0.8413343683454232,,,,,,,,,,,,,,,,,,,,
real,300,gulf,10,LSTM-ms,1,crossing,22,226,25.97652559618631,25.97652559618631,0.5233509944726167,,,,,,,,,,,,,,,,,,,,
real,300,gulf,10,LSTM-ms,1,crossing,23,227,4.093878175231518,4.093878175231518,0.4063964591130925,,,,,,,,,,,,,,,,,,,,
real,300,gulf,10,LSTM-ms,1,crossing,24,269,15.727913009927386,15.727913009927386,1.1976578581820396,,,,,,,,,,,,,,,,,,,,
real,300,gulf,10,LSTM-ms,1,crossing,25,273,27.024243042339478,27.024243042339478,0.4088320670224329,,,,,,,,,,,,,,,,,,,,
real,300,gulf,10,LSTM-ms,1,crossing,26,275,10.442098537087272,10.442098537087272,0.04636800217593541,,,,,,,,,,,,,,,,,,,,
real,300,gulf,10,LSTM-ms,1,crossing,27,319,27.045078810196703,27.045078810196703,0.38241632181183033,,,,,,,,,,,,,,,,,,,,
real,300,gulf,10,LSTM-ms,1,crossing,28,322,16.546866415619103,16.546866415619103,0.4312535013276059,,,,,,,,,,,,,,,,,,,,
real,300,gulf,10,LSTM-ms,1,crossing,29,325,6.662348582854868,6.662348582854868,0.4623207432350452,,,,,,,,,,,,,,,,,,,,
real,300,gulf,10,LSTM-ms,1,crossing,30,328,27.966134032134544,27.966134032134544,0.45537916096263265,,,,,,,,,,,,,,,,,,,,
real,300,gulf,10,LSTM-ms,1,crossing,31,332,26.912755572869496,26.912755572869496,0.7435324618707779,,,,,,,,,,,,,,,,,,,,
real,300,gulf,10,LSTM-ms,1,crossing,32,334,4.87834580836109,4.87834580836109,0.2876440607746294,,,,,,,,,,,,,,275.0,275.0,275.0,274.0,274.0,274.0,274.0
real,300,gulf,10,LSTM-ms,1,crossing,33,352,26.93485260225116,26.93485260225116,0.42254170026746307,,,,,,,,,,,,,,,,,,,,
real,300,gulf,10,LSTM-ms,1,crossing,34,354,23.690985575876333,23.690985575876333,0.4505713785758975,,,,,,,,,,,,,,,,,,,,
real,300,gulf,10,LSTM-ms,1,crossing,35,361,7.131039359718748,7.131039359718748,0.1598096942782011,,,,,,,,,,,,,,,,,,,,
real,300,gulf,10,LSTM-ms,1,crossing,36,369,5.205644434121039,5.205644434121039,1.5200638685909862,,,,,,,,,,,,184.0,184.0,184.0,183.0,183.0,183.0,183.0,182.0,182.0
real,300,gulf,10,LSTM-ms,1,crossing,37,375,26.654545054177134,26.654545054177134,0.4172192899922948,,,,,,,,,,,,,,,,,,,,
real,300,gulf,10,LSTM-ms,1,crossing,38,379,25.74261301410117,25.74261301410117,0.5692558779943199,,,,,,,,,,,,,,,,,,,,
real,300,gulf,10,LSTM-ms,1,crossing,39,409,9.262534912054202,9.262534912054202,1.4580468627793064,,,,,,,,,,,,,,,,,,,,
real,300,gulf,10,LSTM-ms,1,crossing,40,447,3.3093245706108414,3.3093245706108414,0.44304907238086255,,,,,,,,704.0,702.0,702.0,407.0,407.0,407.0,407.0,407.0,113.0,112.0,112.0,112.0,112.0
real,300,gulf,10,LSTM-ms,1,crossing,41,451,28.882191057177966,28.882191057177966,0.4742483168407612,,,,,,,,,,,,,,,,,,,,
real,300,gulf,10,LSTM-ms,1,crossing,42,494,10.822892288227528,10.822892288227528,0.4748616144173954,,,,,,,,,,,,,,,,,,,,
real,300,gulf,10,LSTM-rec,2,buffer,0,4,12.266405194985484,12.266405194985484,0.00668329658990332,,,,,,,,,,,,,,,,,,,,
real,300,gulf,10,LSTM-rec,2,buffer,1,12,23.620671223317544,23.620671223317544,0.5711845905822222,,,,,,,,,,,,,,,,,,,,
real,300,gulf,10,LSTM-rec,2,buffer,2,18,24.14083932910176,24.14083932910176,0.5963265788580204,,,,,,,,,,,,,,,,,,,,
real,300,gulf,10,LSTM-rec,2,buffer,3,35,28.07114815903035,28.07114815903035,0.4153838323855567,,,,,,,,,,,,,,,,,,,,
real,300,gulf,10,LSTM-rec,2,buffer,4,46,29.56278078621456,29.56278078621456,0.5396460329998077,,,,,,,,,,,,,,,,,,,,
real,300,gulf,10,LSTM-rec,2,buffer,5,49,3.4913576667059876,3.4913576667059876,0.2626422247068359,,,,,395.0,395.0,395.0,387.0,386.0,386.0,385.0,385.0,384.0,384.0,384.0,383.0,383.0,382.0,382.0,382.0
real,300,gulf,10,LSTM-rec,2,buffer,6,51,13.245831505970136,13.245831505970136,0.13311167163047938,,,,,,,,,,,,,,,,,,,,
real,300,gulf,10,LSTM-rec,2,buffer,7,63,5.487825834302531,5.487825834302531,1.0165814987684652,,,,,,60.0,57.0,57.0,56.0,53.0,53.0,52.0,52.0,52.0,52.0,51.0,51.0,51.0,51.0,51.0
real,300,gulf,10,LSTM-rec,2,buffer,8,76,7.832221201262748,7.832221201262748,0.0070216368237207265,,,,,,,,,,,,,,,,,,,,
real,300,gulf,10,LSTM-rec,2,buffer,9,77,28.03889048273775,28.03889048273775,0.5854139737265653,,,,,,,,,,,,,,,,,,,,
real,300,gulf,10,LSTM-rec,2,buffer,10,80,7.182896018988736,7.182896018988736,0.8249669017114222,,,,,,,,,,,,,,,,,70.0,70.0,70.0,69.0
real,300,gulf,10,LSTM-rec,2,buffer,11,87,22.942762492933117,22.942762492933117,0.46894428720257714,,,,,,,,,,,,,,,,,,,,
real,300,gulf,10,LSTM-rec,2,buffer,12,102,8.112466599604254,8.112466599604254,0.08832579533205343,,,,,,,,,,,,,,,,,,,,
real,300,gulf,10,LSTM-rec,2,buffer,13,143,23.206288296938013,23.206288296938013,0.6051537328566118,,,,,,,,,,,,,,,,,,,,
real,300,gulf,10,LSTM-rec,2,buffer,14,154,8.732687542452455,8.732687542452455,0.4900366971057181,,,,,,,,,,,,,,,,,,,,
real,300,gulf,10,LSTM-rec,2,buffer,15,166,19.800247785572264,19.800247785572264,0.8006193660604571,,,,,,,,,,,,,,,,,,,,
real,300,gulf,10,LSTM-rec,2,buffer,16,177,8.202583042830287,8.202583042830287,0.4582238368557336,,,,,,,,,,,,,,,,,,,,
real,300,gulf,10,LSTM-rec,2,buffer,17,182,18.345949323217326,18.345949323217326,0.9824340052253595,,,,,,,,,,,,,,,,,,,,
real,300,gulf,10,LSTM-rec,2,buffer,18,187,6.858865026417262,6.858865026417262,0.23509558655537038,,,,,,,,,,,,50.0,50.0,50.0,50.0,49.0,49.0,49.0,49.0,49.0
real,300,gulf,10,LSTM-rec,2,buffer,19,190,27.68462488556801,27.68462488556801,0.44323342991851244,,,,,,,,,,,,,,,,,,,,
real,300,gulf,10,LSTM-rec,2,buffer,20,200,14.822720917051123,14.822720917051123,1.391846700328501,,,,,,,,,,,,,,,,,,,,
real,300,gulf,10,LSTM-rec,2,buffer,21,225,27.349652770462658,27.349652770462658,0.8413343683454232,,,,,,,,,,,,,,,,,,,,
real,300,gulf,10,LSTM-rec,2,buffer,22,226,25.97652559618631,25.97652559618631,0.5233509944726167,,,,,,,,,,,,,,,,,,,,
real,300,gulf,10,LSTM-rec,2,buffer,23,227,4.093878175231518,4.093878175231518,0.4063964591130925,,,,,,,,,,,,142.0,141.0,141.0,140.0,140.0,140.0,140.0,140.0,140.0
real,300,gulf,10,LSTM-rec,2,buffer,24,269,15.727913009927386,15.727913009927386,1.1976578581820396,,,,,,,,,,,,,,,,,,,,
real,300,gulf,10,LSTM-rec,2,buffer,25,273,27.024243042339478,27.024243042339478,0.4088320670224329,,,,,,,,,,,,,,,,,,,,
real,300,gulf,10,LSTM-rec,2,buffer,26,275,10.442098537087272,10.442098537087272,0.04636800217593541,,,,,,,,,,,,,,,,,,,,
real,300,gulf,10,LSTM-rec,2,buffer,27,319,27.045078810196703,27.045078810196703,0.38241632181183033,,,,,,,,,,,,,,,,,,,,
real,300,gulf,10,LSTM-rec,2,buffer,28,322,16.546866415619103,16.546866415619103,0.4312535013276059,,,,,,,,,,,,,,,,,,,,
real,300,gulf,10,LSTM-rec,2,buffer,29,325,6.662348582854868,6.662348582854868,0.4623207432350452,,,,,,,,,,,,,,,,,,,,
real,300,gulf,10,LSTM-rec,2,buffer,30,328,27.966134032134544,27.966134032134544,0.45537916096263265,,,,,,,,,,,,,,,,,,,,
real,300,gulf,10,LSTM-rec,2,buffer,31,332,26.912755572869496,26.912755572869496,0.7435324618707779,,,,,,,,,,,,,,,,,,,,
real,300,gulf,10,LSTM-rec,2,buffer,32,334,4.87834580836109,4.87834580836109,0.2876440607746294,,,,,,473.0,473.0,275.0,275.0,275.0,274.0,274.0,274.0,274.0,273.0,273.0,273.0,273.0,273.0,273.0
real,300,gulf,10,LSTM-rec,2,buffer,33,352,26.93485260225116,26.93485260225116,0.42254170026746307,,,,,,,,,,,,,,,,,,,,
real,300,gulf,10,LSTM-rec,2,buffer,34,354,23.690985575876333,23.690985575876333,0.4505713785758975,,,,,,,,,,,,,,,,,,,,
real,300,gulf,10,LSTM-rec,2,buffer,35,361,7.131039359718748,7.131039359718748,0.1598096942782011,,,,,,,,,,,,,,,,,,,,
real,300,gulf,10,LSTM-rec,2,buffer,36,369,5.205644434121039,5.205644434121039,1.5200638685909862,,,,,,188.0,184.0,184.0,183.0,183.0,183.0,182.0,182.0,182.0,182.0,182.0,182.0,181.0,181.0,181.0
real,300,gulf,10,LSTM-rec,2,buffer,37,375,26.654545054177134,26.654545054177134,0.4172192899922948,,,,,,,,,,,,,,,,,,,,
real,300,gulf,10,LSTM-rec,2,buffer,38,379,25.74261301410117,25.74261301410117,0.5692558779943199,,,,,,,,,,,,,,,,,,,,
real,300,gulf,10,LSTM-rec,2,buffer,39,409,9.262534912054202,9.262534912054202,1.4580468627793064,,,,,,,,,,,,,,,,,,,,
real,300,gulf,10,LSTM-rec,2,buffer,40,447,3.3093245706108414,3.3093245706108414,0.44304907238086255,,,,408.0,407.0,407.0,407.0,407.0,407.0,393.0,113.0,113.0,112.0,111.0,111.0,111.0,110.0,110.0,110.0,110.0
real,300,gulf,10,LSTM-rec,2,buffer,41,451,28.882191057177966,28.882191057177966,0.4742483168407612,,,,,,,,,,,,,,,,,,,,
real,300,gulf,10,LSTM-rec,2,buffer,42,494,10.822892288227528,10.822892288227528,0.4748616144173954,,,,,,,,,,,,,,,,,,,,
real,300,gulf,10,LSTM-rec,2,crossing,0,4,12.266405194985484,12.266405194985484,0.00668329658990332,,,,,,,,,,,,,,,,,,,,
real,300,gulf,10,LSTM-rec,2,crossing,1,12,23.620671223317544,23.620671223317544,0.5711845905822222,,,,,,,,,,,,,,,,,,,,
real,300,gulf,10,LSTM-rec,2,crossing,2,18,24.14083932910176,24.14083932910176,0.5963265788580204,,,,,,,,,,,,,,,,,,,,
real,300,gulf,10,LSTM-rec,2,crossing,3,35,28.07114815903035,28.07114815903035,0.4153838323855567,,,,,,,,,,,,,,,,,,,,
real,300,gulf,10,LSTM-rec,2,crossing,4,46,29.56278078621456,29.56278078621456,0.5396460329998077,,,,,,,,,,,,,,,,,,,,
real,300,gulf,10,LSTM-rec,2,crossing,5,49,3.4913576667059876,3.4913576667059876,0.2626422247068359,,,,,,,,,,,,,395.0,395.0,395.0,387.0,387.0,386.0,386.0,386.0
real,300,gulf,10,LSTM-rec,2,crossing,6,51,13.245831505970136,13.245831505970136,0.13311167163047938,,,,,,,,,,,,,,,,,,,,
real,300,gulf,10,LSTM-rec,2,crossing,7,63,5.487825834302531,5.487825834302531,1.0165814987684652,,,,,,,,,60.0,57.0,57.0,56.0,53.0,53.0,52.0,52.0,52.0,52.0,52.0,52.0
real,300,gulf,10,LSTM-rec,2,crossing,8,76,7.832221201262748,7.832221201262748,0.0070216368237207265,,,,,,,,,,,,,,,,,,,,
real,300,gulf,10,LSTM-rec,2,crossing,9,77,28.03889048273775,28.03889048273775,0.5854139737265653,,,,,,,,,,,,,,,,,,,,
real,300,gulf,10,LSTM-rec,2,crossing,10,80,7.182896018988736,7.182896018988736,0.8249669017114222,,,,,,,,,,,,,,,,,,,,
real,300,gulf,10,LSTM-rec,2,crossing,11,87,22.942762492933117,22.942762492933117,0.46894428720257714,,,,,,,,,,,,,,,,,,,,
real,300,gulf,10,LSTM-rec,2,crossing,12,102,8.112466599604254,8.112466599604254,0.08832579533205343,,,,,,,,,,,,,,,,,,,,
real,300,gulf,10,LSTM-rec,2,crossing,13,143,23.206288296938013,23.206288296938013,0.6051537328566118,,,,,,,,,,,,,,,,,,,,
real,300,gulf,10,LSTM-rec,2,crossing,14,154,8.732687542452455,8.732687542452455,0.4900366971057181,,,,,,,,,,,,,,,,,,,,
real,300,gulf,10,LSTM-rec,2,crossing,15,166,19.800247785572264,19.800247785572264,0.8006193660604571,,,,,,,,,,,,,,,,,,,,
real,300,gulf,10,LSTM-rec,2,crossing,16,177,8.202583042830287,8.202583042830287,0.4582238368557336,,,,,,,,,,,,,,,,,,,,
real,300,gulf,10,LSTM-rec,2,crossing,17,182,18.345949323217326,18.345949323217326,0.9824340052253595,,,,,,,,,,,,,,,,,,,,
real,300,gulf,10,LSTM-rec,2,crossing,18,187,6.858865026417262,6.858865026417262,0.23509558655537038,,,,,,,,,,,,,,,,,50.0,50.0,50.0,50.0
real,300,gulf,10,LSTM-rec,2,crossing,19,190,27.68462488556801,27.68462488556801,0.44323342991851244,,,,,,,,,,,,,,,,,,,,
real,300,gulf,10,LSTM-rec,2,crossing,20,200,14.822720917051123,14.822720917051123,1.391846700328501,,,,,,,,,,,,,,,,,,,,
real,300,gulf,10,LSTM-rec,2,crossing,21,225,27.349652770462658,27.349652770462658,0.8413343683454232,,,,,,,,,,,,,,,,,,,,
real,300,gulf,10,LSTM-rec,2,crossing,22,226,25.97652559618631,25.97652559618631,0.5233509944726167,,,,,,,,,,,,,,,,,,,,
real,300,gulf,10,LSTM-rec,2,crossing,23,227,4.093878175231518,4.093878175231518,0.4063964591130925,,,,,,,,,,,,,,,,,,,,
real,300,gulf,10,LSTM-rec,2,crossing,24,269,15.727913009927386,15.727913009927386,1.1976578581820396,,,,,,,,,,,,,,,,,,,,
real,300,gulf,10,LSTM-rec,2,crossing,25,273,27.024243042339478,27.024243042339478,0.4088320670224329,,,,,,,,,,,,,,,,,,,,
real,300,gulf,10,LSTM-rec,2,crossing,26,275,10.442098537087272,10.442098537087272,0.04636800217593541,,,,,,,,,,,,,,,,,,,,
real,300,gulf,10,LSTM-rec,2,crossing,27,319,27.045078810196703,27.045078810196703,0.38241632181183033,,,,,,,,,,,,,,,,,,,,
real,300,gulf,10,LSTM-rec,2,crossing,28,322,16.546866415619103,16.546866415619103,0.4312535013276059,,,,,,,,,,,,,,,,,,,,
real,300,gulf,10,LSTM-rec,2,crossing,29,325,6.662348582854868,6.662348582854868,0.4623207432350452,,,,,,,,,,,,,,,,,,,,
real,300,gulf,10,LSTM-rec,2,crossing,30,328,27.966134032134544,27.966134032134544,0.45537916096263265,,,,,,,,,,,,,,,,,,,,
real,300,gulf,10,LSTM-rec,2,crossing,31,332,26.912755572869496,26.912755572869496,0.7435324618707779,,,,,,,,,,,,,,,,,,,,
real,300,gulf,10,LSTM-rec,2,crossing,32,334,4.87834580836109,4.87834580836109,0.2876440607746294,,,,,,,,,,275.0,275.0,275.0,275.0,274.0,274.0,274.0,274.0,274.0,273.0,273.0
real,300,gulf,10,LSTM-rec,2,crossing,33,352,26.93485260225116,26.93485260225116,0.42254170026746307,,,,,,,,,,,,,,,,,,,,
real,300,gulf,10,LSTM-rec,2,crossing,34,354,23.690985575876333,23.690985575876333,0.4505713785758975,,,,,,,,,,,,,,,,,,,,
real,300,gulf,10,LSTM-rec,2,crossing,35,361,7.131039359718748,7.131039359718748,0.1598096942782011,,,,,,,,,,,,,,,,,,,,
real,300,gulf,10,LSTM-rec,2,crossing,36,369,5.205644434121039,5.205644434121039,1.5200638685909862,,,,,,,,,,184.0,184.0,183.0,183.0,183.0,183.0,182.0,182.0,182.0,182.0,182.0
real,300,gulf,10,LSTM-rec,2,crossing,37,375,26.654545054177134,26.654545054177134,0.4172192899922948,,,,,,,,,,,,,,,,,,,,
real,300,gulf,10,LSTM-rec,2,crossing,38,379,25.74261301410117,25.74261301410117,0.5692558779943199,,,,,,,,,,,,,,,,,,,,
real,300,gulf,10,LSTM-rec,2,crossing,39,409,9.262534912054202,9.262534912054202,1.4580468627793064,,,,,,,,,,,,,,,,,,,,
real,300,gulf,10,LSTM-rec,2,crossing,40,447,3.3093245706108414,3.3093245706108414,0.44304907238086255,,,,,,704.0,702.0,407.0,407.0,407.0,407.0,407.0,113.0,113.0,112.0,111.0,111.0,111.0,111.0,111.0
real,300,gulf,10,LSTM-rec,2,crossing,41,451,28.882191057177966,28.882191057177966,0.4742483168407612,,,,,,,,,,,,,,,,,,,,
real,300,gulf,10,LSTM-rec,2,crossing,42,494,10.822892288227528,10.822892288227528,0.4748616144173954,,,,,,,,,,,,,,,,,,,,
real,300,gulf,10,LSTM-ms,2,buffer,0,4,12.266405194985484,12.266405194985484,0.00668329658990332,,,,,,,,,,,,,,,,,,,,
real,300,gulf,10,LSTM-ms,2,buffer,1,12,23.620671223317544,23.620671223317544,0.5711845905822222,,,,,,,,,,,,,,,,,,,,
real,300,gulf,10,LSTM-ms,2,buffer,2,18,24.14083932910176,24.14083932910176,0.5963265788580204,,,,,,,,,,,,,,,,,,,,
real,300,gulf,10,LSTM-ms,2,buffer,3,35,28.07114815903035,28.07114815903035,0.4153838323855567,,,,,,,,,,,,,,,,,,,,
real,300,gulf,10,LSTM-ms,2,buffer,4,46,29.56278078621456,29.56278078621456,0.5396460329998077,,,,,,,,,,,,,,,,,,,,
real,300,gulf,10,LSTM-ms,2,buffer,5,49,3.4913576667059876,3.4913576667059876,0.2626422247068359,,,,,,,,,,,387.0,386.0,386.0,386.0,385.0,385.0,385.0,384.0,384.0,384.0
real,300,gulf,10,LSTM-ms,2,buffer,6,51,13.245831505970136,13.245831505970136,0.13311167163047938,,,,,,,,,,,,,,,,,,,,
real,300,gulf,10,LSTM-ms,2,buffer,7,63,5.487825834302531,5.487825834302531,1.0165814987684652,,,,,,,,,60.0,57.0,57.0,56.0,56.0,53.0,52.0,52.0,52.0,52.0,52.0,51.0
real,300,gulf,10,LSTM-ms,2,buffer,8,76,7.832221201262748,7.832221201262748,0.0070216368237207265,,,,,,,,,,,,,,,,,,,,
real,300,gulf,10,LSTM-ms,2,buffer,9,77,28.03889048273775,28.03889048273775,0.5854139737265653,,,,,,,,,,,,,,,,,,,,
real,300,gulf,10,LSTM-ms,2,buffer,10,80,7.182896018988736,7.182896018988736,0.8249669017114222,,,,,,,,,,,,,,,,,,,,
real,300,gulf,10,LSTM-ms,2,buffer,11,87,22.942762492933117,22.942762492933117,0.46894428720257714,,,,,,,,,,,,,,,,,,,,
real,300,gulf,10,LSTM-ms,2,buffer,12,102,8.112466599604254,8.112466599604254,0.08832579533205343,,,,,,,,,,,,,,,,,,,,
real,300,gulf,10,LSTM-ms,2,buffer,13,143,23.206288296938013,23.206288296938013,0.6051537328566118,,,,,,,,,,,,,,,,,,,,
real,300,gulf,10,LSTM-ms,2,buffer,14,154,8.732687542452455,8.732687542452455,0.4900366971057181,,,,,,,,,,,,,,,,,,,,
real,300,gulf,10,LSTM-ms,2,buffer,15,166,19.800247785572264,19.800247785572264,0.8006193660604571,,,,,,,,,,,,,,,,,,,,
real,300,gulf,10,LSTM-ms,2,buffer,16,177,8.202583042830287,8.202583042830287,0.4582238368557336,,,,,,,,,,,,,,,,,,,,
real,300,gulf,10,LSTM-ms,2,buffer,17,182,18.345949323217326,18.345949323217326,0.9824340052253595,,,,,,,,,,,,,,,,,,,,
real,300,gulf,10,LSTM-ms,2,buffer,18,187,6.858865026417262,6.858865026417262,0.23509558655537038,,,,,,,,,,,,,,,,,,,,
real,300,gulf,10,LSTM-ms,2,buffer,19,190,27.68462488556801,27.68462488556801,0.44323342991851244,,,,,,,,,,,,,,,,,,,,
real,300,gulf,10,LSTM-ms,2,buffer,20,200,14.822720917051123,14.822720917051123,1.391846700328501,,,,,,,,,,,,,,,,,,,,
real,300,gulf,10,LSTM-ms,2,buffer,21,225,27.349652770462658,27.349652770462658,0.8413343683454232,,,,,,,,,,,,,,,,,,,,
real,300,gulf,10,LSTM-ms,2,buffer,22,226,25.97652559618631,25.97652559618631,0.5233509944726167,,,,,,,,,,,,,,,,,,,,
real,300,gulf,10,LSTM-ms,2,buffer,23,227,4.093878175231518,4.093878175231518,0.4063964591130925,,,,,,,,,,,,,,,,,,,,
real,300,gulf,10,LSTM-ms,2,buffer,24,269,15.727913009927386,15.727913009927386,1.1976578581820396,,,,,,,,,,,,,,,,,,,,
real,300,gulf,10,LSTM-ms,2,buffer,25,273,27.024243042339478,27.024243042339478,0.4088320670224329,,,,,,,,,,,,,,,,,,,,
real,300,gulf,10,LSTM-ms,2,buffer,26,275,10.442098537087272,10.442098537087272,0.04636800217593541,,,,,,,,,,,,,,,,,,,,
real,300,gulf,10,LSTM-ms,2,buffer,27,319,27.045078810196703,27.045078810196703,0.38241632181183033,,,,,,,,,,,,,,,,,,,,
real,300,gulf,10,LSTM-ms,2,buffer,28,322,16.546866415619103,16.546866415619103,0.4312535013276059,,,,,,,,,,,,,,,,,,,,
real,300,gulf,10,LSTM-ms,2,buffer,29,325,6.662348582854868,6.662348582854868,0.4623207432350452,,,,,,,,,,,,,,,,,,,,
real,300,gulf,10,LSTM-ms,2,buffer,30,328,27.966134032134544,27.966134032134544,0.45537916096263265,,,,,,,,,,,,,,,,,,,,
real,300,gulf,10,LSTM-ms,2,buffer,31,332,26.912755572869496,26.912755572869496,0.7435324618707779,,,,,,,,,,,,,,,,,,,,
real,300,gulf,10,LSTM-ms,2,buffer,32,334,4.87834580836109,4.87834580836109,0.2876440607746294,,,,,,,,,,275.0,275.0,275.0,275.0,274.0,274.0,274.0,274.0,273.0,273.0,273.0
real,300,gulf,10,LSTM-ms,2,buffer,33,352,26.93485260225116,26.93485260225116,0.42254170026746307,,,,,,,,,,,,,,,,,,,,
real,300,gulf,10,LSTM-ms,2,buffer,34,354,23.690985575876333,23.690985575876333,0.4505713785758975,,,,,,,,,,,,,,,,,,,,
real,300,gulf,10,LSTM-ms,2,buffer,35,361,7.131039359718748,7.131039359718748,0.1598096942782011,,,,,,,,,,,,,,,,,,,,
real,300,gulf,10,LSTM-ms,2,buffer,36,369,5.205644434121039,5.205644434121039,1.5200638685909862,,,,,,,,,188.0,184.0,184.0,184.0,183.0,183.0,183.0,183.0,183.0,182.0,182.0,182.0
real,300,gulf,10,LSTM-ms,2,buffer,37,375,26.654545054177134,26.654545054177134,0.4172192899922948,,,,,,,,,,,,,,,,,,,,
real,300,gulf,10,LSTM-ms,2,buffer,38,379,25.74261301410117,25.74261301410117,0.5692558779943199,,,,,,,,,,,,,,,,,,,,
real,300,gulf,10,LSTM-ms,2,buffer,39,409,9.262534912054202,9.262534912054202,1.4580468627793064,,,,,,,,,,,,,,,,,,,,
real,300,gulf,10,LSTM-ms,2,buffer,40,447,3.3093245706108414,3.3093245706108414,0.44304907238086255,,,,705.0,704.0,409.0,408.0,408.0,408.0,407.0,407.0,407.0,407.0,407.0,113.0,113.0,112.0,111.0,111.0,111.0
real,300,gulf,10,LSTM-ms,2,buffer,41,451,28.882191057177966,28.882191057177966,0.4742483168407612,,,,,,,,,,,,,,,,,,,,
real,300,gulf,10,LSTM-ms,2,buffer,42,494,10.822892288227528,10.822892288227528,0.4748616144173954,,,,,,,,,,,,,,,,,,,,
real,300,gulf,10,LSTM-ms,2,crossing,0,4,12.266405194985484,12.266405194985484,0.00668329658990332,,,,,,,,,,,,,,,,,,,,
real,300,gulf,10,LSTM-ms,2,crossing,1,12,23.620671223317544,23.620671223317544,0.5711845905822222,,,,,,,,,,,,,,,,,,,,
real,300,gulf,10,LSTM-ms,2,crossing,2,18,24.14083932910176,24.14083932910176,0.5963265788580204,,,,,,,,,,,,,,,,,,,,
real,300,gulf,10,LSTM-ms,2,crossing,3,35,28.07114815903035,28.07114815903035,0.4153838323855567,,,,,,,,,,,,,,,,,,,,
real,300,gulf,10,LSTM-ms,2,crossing,4,46,29.56278078621456,29.56278078621456,0.5396460329998077,,,,,,,,,,,,,,,,,,,,
real,300,gulf,10,LSTM-ms,2,crossing,5,49,3.4913576667059876,3.4913576667059876,0.2626422247068359,,,,,,,,,,,,,,,,,,,,
real,300,gulf,10,LSTM-ms,2,crossing,6,51,13.245831505970136,13.245831505970136,0.13311167163047938,,,,,,,,,,,,,,,,,,,,
real,300,gulf,10,LSTM-ms,2,crossing,7,63,5.487825834302531,5.487825834302531,1.0165814987684652,,,,,,,,,,,,,,57.0,57.0,57.0,56.0,56.0,52.0,52.0
real,300,gulf,10,LSTM-ms,2,crossing,8,76,7.832221201262748,7.832221201262748,0.0070216368237207265,,,,,,,,,,,,,,,,,,,,
real,300,gulf,10,LSTM-ms,2,crossing,9,77,28.03889048273775,28.03889048273775,0.5854139737265653,,,,,,,,,,,,,,,,,,,,
real,300,gulf,10,LSTM-ms,2,crossing,10,80,7.182896018988736,7.182896018988736,0.8249669017114222,,,,,,,,,,,,,,,,,,,,
real,300,gulf,10,LSTM-ms,2,crossing,11,87,22.942762492933117,22.942762492933117,0.46894428720257714,,,,,,,,,,,,,,,,,,,,
real,300,gulf,10,LSTM-ms,2,crossing,12,102,8.112466599604254,8.112466599604254,0.08832579533205343,,,,,,,,,,,,,,,,,,,,
real,300,gulf,10,LSTM-ms,2,crossing,13,143,23.206288296938013,23.206288296938013,0.6051537328566118,,,,,,,,,,,,,,,,,,,,
real,300,gulf,10,LSTM-ms,2,crossing,14,154,8.732687542452455,8.732687542452455,0.4900366971057181,,,,,,,,,,,,,,,,,,,,
real,300,gulf,10,LSTM-ms,2,crossing,15,166,19.800247785572264,19.800247785572264,0.8006193660604571,,,,,,,,,,,,,,,,,,,,
real,300,gulf,10,LSTM-ms,2,crossing,16,177,8.202583042830287,8.202583042830287,0.4582238368557336,,,,,,,,,,,,,,,,,,,,
real,300,gulf,10,LSTM-ms,2,crossing,17,182,18.345949323217326,18.345949323217326,0.9824340052253595,,,,,,,,,,,,,,,,,,,,
real,300,gulf,10,LSTM-ms,2,crossing,18,187,6.858865026417262,6.858865026417262,0.23509558655537038,,,,,,,,,,,,,,,,,,,,
real,300,gulf,10,LSTM-ms,2,crossing,19,190,27.68462488556801,27.68462488556801,0.44323342991851244,,,,,,,,,,,,,,,,,,,,
real,300,gulf,10,LSTM-ms,2,crossing,20,200,14.822720917051123,14.822720917051123,1.391846700328501,,,,,,,,,,,,,,,,,,,,
real,300,gulf,10,LSTM-ms,2,crossing,21,225,27.349652770462658,27.349652770462658,0.8413343683454232,,,,,,,,,,,,,,,,,,,,
real,300,gulf,10,LSTM-ms,2,crossing,22,226,25.97652559618631,25.97652559618631,0.5233509944726167,,,,,,,,,,,,,,,,,,,,
real,300,gulf,10,LSTM-ms,2,crossing,23,227,4.093878175231518,4.093878175231518,0.4063964591130925,,,,,,,,,,,,,,,,,,,,
real,300,gulf,10,LSTM-ms,2,crossing,24,269,15.727913009927386,15.727913009927386,1.1976578581820396,,,,,,,,,,,,,,,,,,,,
real,300,gulf,10,LSTM-ms,2,crossing,25,273,27.024243042339478,27.024243042339478,0.4088320670224329,,,,,,,,,,,,,,,,,,,,
real,300,gulf,10,LSTM-ms,2,crossing,26,275,10.442098537087272,10.442098537087272,0.04636800217593541,,,,,,,,,,,,,,,,,,,,
real,300,gulf,10,LSTM-ms,2,crossing,27,319,27.045078810196703,27.045078810196703,0.38241632181183033,,,,,,,,,,,,,,,,,,,,
real,300,gulf,10,LSTM-ms,2,crossing,28,322,16.546866415619103,16.546866415619103,0.4312535013276059,,,,,,,,,,,,,,,,,,,,
real,300,gulf,10,LSTM-ms,2,crossing,29,325,6.662348582854868,6.662348582854868,0.4623207432350452,,,,,,,,,,,,,,,,,,,,
real,300,gulf,10,LSTM-ms,2,crossing,30,328,27.966134032134544,27.966134032134544,0.45537916096263265,,,,,,,,,,,,,,,,,,,,
real,300,gulf,10,LSTM-ms,2,crossing,31,332,26.912755572869496,26.912755572869496,0.7435324618707779,,,,,,,,,,,,,,,,,,,,
real,300,gulf,10,LSTM-ms,2,crossing,32,334,4.87834580836109,4.87834580836109,0.2876440607746294,,,,,,,,,,,,,275.0,275.0,275.0,275.0,274.0,274.0,274.0,274.0
real,300,gulf,10,LSTM-ms,2,crossing,33,352,26.93485260225116,26.93485260225116,0.42254170026746307,,,,,,,,,,,,,,,,,,,,
real,300,gulf,10,LSTM-ms,2,crossing,34,354,23.690985575876333,23.690985575876333,0.4505713785758975,,,,,,,,,,,,,,,,,,,,
real,300,gulf,10,LSTM-ms,2,crossing,35,361,7.131039359718748,7.131039359718748,0.1598096942782011,,,,,,,,,,,,,,,,,,,,
real,300,gulf,10,LSTM-ms,2,crossing,36,369,5.205644434121039,5.205644434121039,1.5200638685909862,,,,,,,,,,,,,184.0,184.0,184.0,184.0,183.0,183.0,183.0,183.0
real,300,gulf,10,LSTM-ms,2,crossing,37,375,26.654545054177134,26.654545054177134,0.4172192899922948,,,,,,,,,,,,,,,,,,,,
real,300,gulf,10,LSTM-ms,2,crossing,38,379,25.74261301410117,25.74261301410117,0.5692558779943199,,,,,,,,,,,,,,,,,,,,
real,300,gulf,10,LSTM-ms,2,crossing,39,409,9.262534912054202,9.262534912054202,1.4580468627793064,,,,,,,,,,,,,,,,,,,,
real,300,gulf,10,LSTM-ms,2,crossing,40,447,3.3093245706108414,3.3093245706108414,0.44304907238086255,,,,,,,,705.0,704.0,703.0,702.0,701.0,701.0,700.0,408.0,408.0,408.0,408.0,113.0,112.0
real,300,gulf,10,LSTM-ms,2,crossing,41,451,28.882191057177966,28.882191057177966,0.4742483168407612,,,,,,,,,,,,,,,,,,,,
real,300,gulf,10,LSTM-ms,2,crossing,42,494,10.822892288227528,10.822892288227528,0.4748616144173954,,,,,,,,,,,,,,,,,,,,
real,300,gulf,10,LSTM-rec,3,buffer,0,4,12.266405194985484,12.266405194985484,0.00668329658990332,,,,,,,,,,,,,,,,,,,,
real,300,gulf,10,LSTM-rec,3,buffer,1,12,23.620671223317544,23.620671223317544,0.5711845905822222,,,,,,,,,,,,,,,,,,,,
real,300,gulf,10,LSTM-rec,3,buffer,2,18,24.14083932910176,24.14083932910176,0.5963265788580204,,,,,,,,,,,,,,,,,,,,
real,300,gulf,10,LSTM-rec,3,buffer,3,35,28.07114815903035,28.07114815903035,0.4153838323855567,,,,,,,,,,,,,,,,,,,,
real,300,gulf,10,LSTM-rec,3,buffer,4,46,29.56278078621456,29.56278078621456,0.5396460329998077,,,,,,,,,,,,,,,,,,,,
real,300,gulf,10,LSTM-rec,3,buffer,5,49,3.4913576667059876,3.4913576667059876,0.2626422247068359,,,,,395.0,387.0,386.0,385.0,384.0,384.0,383.0,382.0,381.0,380.0,380.0,353.0,352.0,342.0,342.0,341.0
real,300,gulf,10,LSTM-rec,3,buffer,6,51,13.245831505970136,13.245831505970136,0.13311167163047938,,,,,,,,,,,,,,,,,,,,
real,300,gulf,10,LSTM-rec,3,buffer,7,63,5.487825834302531,5.487825834302531,1.0165814987684652,,,,,60.0,57.0,57.0,53.0,52.0,52.0,52.0,51.0,51.0,51.0,51.0,50.0,50.0,49.0,49.0,48.0
real,300,gulf,10,LSTM-rec,3,buffer,8,76,7.832221201262748,7.832221201262748,0.0070216368237207265,,,,,,,,,,,,,,,,,,,13.0,6.0
real,300,gulf,10,LSTM-rec,3,buffer,9,77,28.03889048273775,28.03889048273775,0.5854139737265653,,,,,,,,,,,,,,,,,,,,
real,300,gulf,10,LSTM-rec,3,buffer,10,80,7.182896018988736,7.182896018988736,0.8249669017114222,,,,,,,,,,70.0,69.0,67.0,65.0,63.0,61.0,60.0,59.0,58.0,54.0,53.0
real,300,gulf,10,LSTM-rec,3,buffer,11,87,22.942762492933117,22.942762492933117,0.46894428720257714,,,,,,,,,,,,,,,,,,,,
real,300,gulf,10,LSTM-rec,3,buffer,12,102,8.112466599604254,8.112466599604254,0.08832579533205343,,,,,,,,,,,,,,,,,6.0,6.0,6.0,6.0
real,300,gulf,10,LSTM-rec,3,buffer,13,143,23.206288296938013,23.206288296938013,0.6051537328566118,,,,,,,,,,,,,,,,,,,,
real,300,gulf,10,LSTM-rec,3,buffer,14,154,8.732687542452455,8.732687542452455,0.4900366971057181,,,,,,,,,,,,,,,,78.0,37.0,36.0,32.0,31.0
real,300,gulf,10,LSTM-rec,3,buffer,15,166,19.800247785572264,19.800247785572264,0.8006193660604571,,,,,,,,,,,,,,,,,,,,
real,300,gulf,10,LSTM-rec,3,buffer,16,177,8.202583042830287,8.202583042830287,0.4582238368557336,,,,,,,,,,,,,,6.0,6.0,6.0,6.0,6.0,6.0,6.0
real,300,gulf,10,LSTM-rec,3,buffer,17,182,18.345949323217326,18.345949323217326,0.9824340052253595,,,,,,,,,,,,,,,,,,,,
real,300,gulf,10,LSTM-rec,3,buffer,18,187,6.858865026417262,6.858865026417262,0.23509558655537038,,,,,,,,,50.0,50.0,50.0,49.0,49.0,49.0,49.0,49.0,49.0,48.0,48.0,48.0
real,300,gulf,10,LSTM-rec,3,buffer,19,190,27.68462488556801,27.68462488556801,0.44323342991851244,,,,,,,,,,,,,,,,,,,,
real,300,gulf,10,LSTM-rec,3,buffer,20,200,14.822720917051123,14.822720917051123,1.391846700328501,,,,,,,,,,,,,,,,,,,,
real,300,gulf,10,LSTM-rec,3,buffer,21,225,27.349652770462658,27.349652770462658,0.8413343683454232,,,,,,,,,,,,,,,,,,,,
real,300,gulf,10,LSTM-rec,3,buffer,22,226,25.97652559618631,25.97652559618631,0.5233509944726167,,,,,,,,,,,,,,,,,,,,
real,300,gulf,10,LSTM-rec,3,buffer,23,227,4.093878175231518,4.093878175231518,0.4063964591130925,,,,,,142.0,141.0,140.0,139.0,133.0,129.0,59.0,35.0,34.0,32.0,32.0,31.0,11.0,10.0,10.0
real,300,gulf,10,LSTM-rec,3,buffer,24,269,15.727913009927386,15.727913009927386,1.1976578581820396,,,,,,,,,,,,,,,,,,,,33.0
real,300,gulf,10,LSTM-rec,3,buffer,25,273,27.024243042339478,27.024243042339478,0.4088320670224329,,,,,,,,,,,,,,,,,,,,
real,300,gulf,10,LSTM-rec,3,buffer,26,275,10.442098537087272,10.442098537087272,0.04636800217593541,,,,,,,,,,,,,,,,,,,,
real,300,gulf,10,LSTM-rec,3,buffer,27,319,27.045078810196703,27.045078810196703,0.38241632181183033,,,,,,,,,,,,,,,,,,,,
real,300,gulf,10,LSTM-rec,3,buffer,28,322,16.546866415619103,16.546866415619103,0.4312535013276059,,,,,,,,,,,,,,,,,,,,
real,300,gulf,10,LSTM-rec,3,buffer,29,325,6.662348582854868,6.662348582854868,0.4623207432350452,,,,,,,,,,,,18.0,18.0,18.0,15.0,14.0,8.0,6.0,6.0,6.0
real,300,gulf,10,LSTM-rec,3,buffer,30,328,27.966134032134544,27.966134032134544,0.45537916096263265,,,,,,,,,,,,,,,,,,,,
real,300,gulf,10,LSTM-rec,3,buffer,31,332,26.912755572869496,26.912755572869496,0.7435324618707779,,,,,,,,,,,,,,,,,,,,
real,300,gulf,10,LSTM-rec,3,buffer,32,334,4.87834580836109,4.87834580836109,0.2876440607746294,,,,,,,275.0,275.0,275.0,274.0,274.0,273.0,273.0,273.0,272.0,272.0,271.0,271.0,270.0,269.0
real,300,gulf,10,LSTM-rec,3,buffer,33,352,26.93485260225116,26.93485260225116,0.42254170026746307,,,,,,,,,,,,,,,,,,,,
real,300,gulf,10,LSTM-rec,3,buffer,34,354,23.690985575876333,23.690985575876333,0.4505713785758975,,,,,,,,,,,,,,,,,,,,
real,300,gulf,10,LSTM-rec,3,buffer,35,361,7.131039359718748,7.131039359718748,0.1598096942782011,,,,,,,,,,,,,,,,,,,,
real,300,gulf,10,LSTM-rec,3,buffer,36,369,5.205644434121039,5.205644434121039,1.5200638685909862,,,,,188.0,184.0,184.0,183.0,183.0,182.0,182.0,181.0,181.0,181.0,181.0,181.0,180.0,178.0,178.0,177.0
real,300,gulf,10,LSTM-rec,3,buffer,37,375,26.654545054177134,26.654545054177134,0.4172192899922948,,,,,,,,,,,,,,,,,,,,
real,300,gulf,10,LSTM-rec,3,buffer,38,379,25.74261301410117,25.74261301410117,0.5692558779943199,,,,,,,,,,,,,,,,,,,,
real,300,gulf,10,LSTM-rec,3,buffer,39,409,9.262534912054202,9.262534912054202,1.4580468627793064,,,,,,,,,,,,,,,,,,,,
real,300,gulf,10,LSTM-rec,3,buffer,40,447,3.3093245706108414,3.3093245706108414,0.44304907238086255,,,705.0,407.0,407.0,407.0,406.0,392.0,392.0,113.0,112.0,111.0,111.0,110.0,110.0,110.0,109.0,109.0,109.0,108.0
real,300,gulf,10,LSTM-rec,3,buffer,41,451,28.882191057177966,28.882191057177966,0.4742483168407612,,,,,,,,,,,,,,,,,,,,
real,300,gulf,10,LSTM-rec,3,buffer,42,494,10.822892288227528,10.822892288227528,0.4748616144173954,,,,,,,,,,,,,,,,,,38.0,37.0,35.0
real,300,gulf,10,LSTM-rec,3,crossing,0,4,12.266405194985484,12.266405194985484,0.00668329658990332,,,,,,,,,,,,,,,,,,,,
real,300,gulf,10,LSTM-rec,3,crossing,1,12,23.620671223317544,23.620671223317544,0.5711845905822222,,,,,,,,,,,,,,,,,,,,
real,300,gulf,10,LSTM-rec,3,crossing,2,18,24.14083932910176,24.14083932910176,0.5963265788580204,,,,,,,,,,,,,,,,,,,,
real,300,gulf,10,LSTM-rec,3,crossing,3,35,28.07114815903035,28.07114815903035,0.4153838323855567,,,,,,,,,,,,,,,,,,,,
real,300,gulf,10,LSTM-rec,3,crossing,4,46,29.56278078621456,29.56278078621456,0.5396460329998077,,,,,,,,,,,,,,,,,,,,
real,300,gulf,10,LSTM-rec,3,crossing,5,49,3.4913576667059876,3.4913576667059876,0.2626422247068359,,,,,,,,,395.0,395.0,386.0,385.0,385.0,384.0,383.0,382.0,381.0,380.0,380.0,353.0
real,300,gulf,10,LSTM-rec,3,crossing,6,51,13.245831505970136,13.245831505970136,0.13311167163047938,,,,,,,,,,,,,,,,,,,,
real,300,gulf,10,LSTM-rec,3,crossing,7,63,5.487825834302531,5.487825834302531,1.0165814987684652,,,,,,,,57.0,57.0,53.0,52.0,52.0,52.0,52.0,51.0,51.0,51.0,50.0,50.0,50.0
real,300,gulf,10,LSTM-rec,3,crossing,8,76,7.832221201262748,7.832221201262748,0.0070216368237207265,,,,,,,,,,,,,,,,,,,,
real,300,gulf,10,LSTM-rec,3,crossing,9,77,28.03889048273775,28.03889048273775,0.5854139737265653,,,,,,,,,,,,,,,,,,,,
real,300,gulf,10,LSTM-rec,3,crossing,10,80,7.182896018988736,7.182896018988736,0.8249669017114222,,,,,,,,,,,,,70.0,69.0,67.0,65.0,63.0,62.0,60.0,59.0
real,300,gulf,10,LSTM-rec,3,crossing,11,87,22.942762492933117,22.942762492933117,0.46894428720257714,,,,,,,,,,,,,,,,,,,,
real,300,gulf,10,LSTM-rec,3,crossing,12,102,8.112466599604254,8.112466599604254,0.08832579533205343,,,,,,,,,,,,,,,,,,,,
real,300,gulf,10,LSTM-rec,3,crossing,13,143,23.206288296938013,23.206288296938013,0.6051537328566118,,,,,,,,,,,,,,,,,,,,
real,300,gulf,10,LSTM-rec,3,crossing,14,154,8.732687542452455,8.732687542452455,0.4900366971057181,,,,,,,,,,,,,,,,,,,79.0,37.0
real,300,gulf,10,LSTM-rec,3,crossing,15,166,19.800247785572264,19.800247785572264,0.8006193660604571,,,,,,,,,,,,,,,,,,,,
real,300,gulf,10,LSTM-rec,3,crossing,16,177,8.202583042830287,8.202583042830287,0.4582238368557336,,,,,,,,,,,,,,,,,,6.0,6.0,6.0
real,300,gulf,10,LSTM-rec,3,crossing,17,182,18.345949323217326,18.345949323217326,0.9824340052253595,,,,,,,,,,,,,,,,,,,,
real,300,gulf,10,LSTM-rec,3,crossing,18,187,6.858865026417262,6.858865026417262,0.23509558655537038,,,,,,,,,,,,50.0,50.0,50.0,49.0,49.0,49.0,49.0,49.0,49.0
real,300,gulf,10,LSTM-rec,3,crossing,19,190,27.68462488556801,27.68462488556801,0.44323342991851244,,,,,,,,,,,,,,,,,,,,
real,300,gulf,10,LSTM-rec,3,crossing,20,200,14.822720917051123,14.822720917051123,1.391846700328501,,,,,,,,,,,,,,,,,,,,
real,300,gulf,10,LSTM-rec,3,crossing,21,225,27.349652770462658,27.349652770462658,0.8413343683454232,,,,,,,,,,,,,,,,,,,,
real,300,gulf,10,LSTM-rec,3,crossing,22,226,25.97652559618631,25.97652559618631,0.5233509944726167,,,,,,,,,,,,,,,,,,,,
real,300,gulf,10,LSTM-rec,3,crossing,23,227,4.093878175231518,4.093878175231518,0.4063964591130925,,,,,,,,,,,141.0,140.0,140.0,139.0,59.0,36.0,34.0,33.0,32.0,31.0
real,300,gulf,10,LSTM-rec,3,crossing,24,269,15.727913009927386,15.727913009927386,1.1976578581820396,,,,,,,,,,,,,,,,,,,,
real,300,gulf,10,LSTM-rec,3,crossing,25,273,27.024243042339478,27.024243042339478,0.4088320670224329,,,,,,,,,,,,,,,,,,,,
real,300,gulf,10,LSTM-rec,3,crossing,26,275,10.442098537087272,10.442098537087272,0.04636800217593541,,,,,,,,,,,,,,,,,,,,
real,300,gulf,10,LSTM-rec,3,crossing,27,319,27.045078810196703,27.045078810196703,0.38241632181183033,,,,,,,,,,,,,,,,,,,,
real,300,gulf,10,LSTM-rec,3,crossing,28,322,16.546866415619103,16.546866415619103,0.4312535013276059,,,,,,,,,,,,,,,,,,,,
real,300,gulf,10,LSTM-rec,3,crossing,29,325,6.662348582854868,6.662348582854868,0.4623207432350452,,,,,,,,,,,,,,,97.0,18.0,18.0,17.0,15.0,14.0
real,300,gulf,10,LSTM-rec,3,crossing,30,328,27.966134032134544,27.966134032134544,0.45537916096263265,,,,,,,,,,,,,,,,,,,,
real,300,gulf,10,LSTM-rec,3,crossing,31,332,26.912755572869496,26.912755572869496,0.7435324618707779,,,,,,,,,,,,,,,,,,,,
real,300,gulf,10,LSTM-rec,3,crossing,32,334,4.87834580836109,4.87834580836109,0.2876440607746294,,,,,,,,,275.0,275.0,275.0,274.0,274.0,273.0,273.0,273.0,272.0,272.0,272.0,271.0
real,300,gulf,10,LSTM-rec,3,crossing,33,352,26.93485260225116,26.93485260225116,0.42254170026746307,,,,,,,,,,,,,,,,,,,,
real,300,gulf,10,LSTM-rec,3,crossing,34,354,23.690985575876333,23.690985575876333,0.4505713785758975,,,,,,,,,,,,,,,,,,,,
real,300,gulf,10,LSTM-rec,3,crossing,35,361,7.131039359718748,7.131039359718748,0.1598096942782011,,,,,,,,,,,,,,,,,,,,
real,300,gulf,10,LSTM-rec,3,crossing,36,369,5.205644434121039,5.205644434121039,1.5200638685909862,,,,,,,,184.0,184.0,183.0,183.0,182.0,182.0,182.0,181.0,181.0,181.0,181.0,181.0,180.0
real,300,gulf,10,LSTM-rec,3,crossing,37,375,26.654545054177134,26.654545054177134,0.4172192899922948,,,,,,,,,,,,,,,,,,,,
real,300,gulf,10,LSTM-rec,3,crossing,38,379,25.74261301410117,25.74261301410117,0.5692558779943199,,,,,,,,,,,,,,,,,,,,
real,300,gulf,10,LSTM-rec,3,crossing,39,409,9.262534912054202,9.262534912054202,1.4580468627793064,,,,,,,,,,,,,,,,,,,,
real,300,gulf,10,LSTM-rec,3,crossing,40,447,3.3093245706108414,3.3093245706108414,0.44304907238086255,,,,,705.0,407.0,407.0,407.0,407.0,393.0,392.0,113.0,112.0,111.0,111.0,110.0,110.0,110.0,109.0,109.0
real,300,gulf,10,LSTM-rec,3,crossing,41,451,28.882191057177966,28.882191057177966,0.4742483168407612,,,,,,,,,,,,,,,,,,,,
real,300,gulf,10,LSTM-rec,3,crossing,42,494,10.822892288227528,10.822892288227528,0.4748616144173954,,,,,,,,,,,,,,,,,,,,
real,300,gulf,10,LSTM-ms,3,buffer,0,4,12.266405194985484,12.266405194985484,0.00668329658990332,,,,,,,,,,,,,,,,,,,,
real,300,gulf,10,LSTM-ms,3,buffer,1,12,23.620671223317544,23.620671223317544,0.5711845905822222,,,,,,,,,,,,,,,,,,,,
real,300,gulf,10,LSTM-ms,3,buffer,2,18,24.14083932910176,24.14083932910176,0.5963265788580204,,,,,,,,,,,,,,,,,,,,
real,300,gulf,10,LSTM-ms,3,buffer,3,35,28.07114815903035,28.07114815903035,0.4153838323855567,,,,,,,,,,,,,,,,,,,,
real,300,gulf,10,LSTM-ms,3,buffer,4,46,29.56278078621456,29.56278078621456,0.5396460329998077,,,,,,,,,,,,,,,,,,,,
real,300,gulf,10,LSTM-ms,3,buffer,5,49,3.4913576667059876,3.4913576667059876,0.2626422247068359,,,,,387.0,386.0,386.0,385.0,384.0,383.0,383.0,382.0,381.0,381.0,381.0,354.0,352.0,352.0,351.0,350.0
real,300,gulf,10,LSTM-ms,3,buffer,6,51,13.245831505970136,13.245831505970136,0.13311167163047938,,,,,,,,,,,,,,,,,,,,
real,300,gulf,10,LSTM-ms,3,buffer,7,63,5.487825834302531,5.487825834302531,1.0165814987684652,,,,,60.0,57.0,56.0,56.0,55.0,53.0,52.0,52.0,52.0,51.0,51.0,51.0,50.0,50.0,49.0,49.0
real,300,gulf,10,LSTM-ms,3,buffer,8,76,7.832221201262748,7.832221201262748,0.0070216368237207265,,,,,,,,,,,,,,,,,,,,
real,300,gulf,10,LSTM-ms,3,buffer,9,77,28.03889048273775,28.03889048273775,0.5854139737265653,,,,,,,,,,,,,,,,,,,,
real,300,gulf,10,LSTM-ms,3,buffer,10,80,7.182896018988736,7.182896018988736,0.8249669017114222,,,,,,,,,,,,70.0,70.0,69.0,67.0,65.0,64.0,63.0,62.0,61.0
real,300,gulf,10,LSTM-ms,3,buffer,11,87,22.942762492933117,22.942762492933117,0.46894428720257714,,,,,,,,,,,,,,,,,,,,
real,300,gulf,10,LSTM-ms,3,buffer,12,102,8.112466599604254,8.112466599604254,0.08832579533205343,,,,,,,,,,,,,,,,,,,,
real,300,gulf,10,LSTM-ms,3,buffer,13,143,23.206288296938013,23.206288296938013,0.6051537328566118,,,,,,,,,,,,,,,,,,,,
real,300,gulf,10,LSTM-ms,3,buffer,14,154,8.732687542452455,8.732687542452455,0.4900366971057181,,,,,,,,,,,,,,,,,,,,
real,300,gulf,10,LSTM-ms,3,buffer,15,166,19.800247785572264,19.800247785572264,0.8006193660604571,,,,,,,,,,,,,,,,,,,,
real,300,gulf,10,LSTM-ms,3,buffer,16,177,8.202583042830287,8.202583042830287,0.4582238368557336,,,,,,,,,,,,,,,,,,6.0,6.0,6.0
real,300,gulf,10,LSTM-ms,3,buffer,17,182,18.345949323217326,18.345949323217326,0.9824340052253595,,,,,,,,,,,,,,,,,,,,
real,300,gulf,10,LSTM-ms,3,buffer,18,187,6.858865026417262,6.858865026417262,0.23509558655537038,,,,,,,,,,,53.0,50.0,50.0,50.0,50.0,50.0,49.0,49.0,49.0,49.0
real,300,gulf,10,LSTM-ms,3,buffer,19,190,27.68462488556801,27.68462488556801,0.44323342991851244,,,,,,,,,,,,,,,,,,,,
real,300,gulf,10,LSTM-ms,3,buffer,20,200,14.822720917051123,14.822720917051123,1.391846700328501,,,,,,,,,,,,,,,,,,,,
real,300,gulf,10,LSTM-ms,3,buffer,21,225,27.349652770462658,27.349652770462658,0.8413343683454232,,,,,,,,,,,,,,,,,,,,
real,300,gulf,10,LSTM-ms,3,buffer,22,226,25.97652559618631,25.97652559618631,0.5233509944726167,,,,,,,,,,,,,,,,,,,,
real,300,gulf,10,LSTM-ms,3,buffer,23,227,4.093878175231518,4.093878175231518,0.4063964591130925,,,,,,,142.0,141.0,140.0,140.0,140.0,140.0,133.0,130.0,58.0,36.0,35.0,34.0,33.0,33.0
real,300,gulf,10,LSTM-ms,3,buffer,24,269,15.727913009927386,15.727913009927386,1.1976578581820396,,,,,,,,,,,,,,,,,,,,
real,300,gulf,10,LSTM-ms,3,buffer,25,273,27.024243042339478,27.024243042339478,0.4088320670224329,,,,,,,,,,,,,,,,,,,,
real,300,gulf,10,LSTM-ms,3,buffer,26,275,10.442098537087272,10.442098537087272,0.04636800217593541,,,,,,,,,,,,,,,,,,,,
real,300,gulf,10,LSTM-ms,3,buffer,27,319,27.045078810196703,27.045078810196703,0.38241632181183033,,,,,,,,,,,,,,,,,,,,
real,300,gulf,10,LSTM-ms,3,buffer,28,322,16.546866415619103,16.546866415619103,0.4312535013276059,,,,,,,,,,,,,,,,,,,,
real,300,gulf,10,LSTM-ms,3,buffer,29,325,6.662348582854868,6.662348582854868,0.4623207432350452,,,,,,,,,,,,,,,97.0,18.0,18.0,18.0,18.0,18.0
real,300,gulf,10,LSTM-ms,3,buffer,30,328,27.966134032134544,27.966134032134544,0.45537916096263265,,,,,,,,,,,,,,,,,,,,
real,300,gulf,10,LSTM-ms,3,buffer,31,332,26.912755572869496,26.912755572869496,0.7435324618707779,,,,,,,,,,,,,,,,,,,,
real,300,gulf,10,LSTM-ms,3,buffer,32,334,4.87834580836109,4.87834580836109,0.2876440607746294,,,,,,454.0,396.0,275.0,275.0,274.0,274.0,274.0,273.0,273.0,273.0,272.0,272.0,271.0,271.0,270.0
real,300,gulf,10,LSTM-ms,3,buffer,33,352,26.93485260225116,26.93485260225116,0.42254170026746307,,,,,,,,,,,,,,,,,,,,
real,300,gulf,10,LSTM-ms,3,buffer,34,354,23.690985575876333,23.690985575876333,0.4505713785758975,,,,,,,,,,,,,,,,,,,,
real,300,gulf,10,LSTM-ms,3,buffer,35,361,7.131039359718748,7.131039359718748,0.1598096942782011,,,,,,,,,,,,,,,,,,,,
real,300,gulf,10,LSTM-ms,3,buffer,36,369,5.205644434121039,5.205644434121039,1.5200638685909862,,,,,188.0,187.0,184.0,184.0,183.0,183.0,183.0,182.0,182.0,182.0,181.0,181.0,181.0,181.0,181.0,178.0
real,300,gulf,10,LSTM-ms,3,buffer,37,375,26.654545054177134,26.654545054177134,0.4172192899922948,,,,,,,,,,,,,,,,,,,,
real,300,gulf,10,LSTM-ms,3,buffer,38,379,25.74261301410117,25.74261301410117,0.5692558779943199,,,,,,,,,,,,,,,,,,,,
real,300,gulf,10,LSTM-ms,3,buffer,39,409,9.262534912054202,9.262534912054202,1.4580468627793064,,,,,,,,,,,,,,,,,,,,
real,300,gulf,10,LSTM-ms,3,buffer,40,447,3.3093245706108414,3.3093245706108414,0.44304907238086255,,,408.0,407.0,407.0,407.0,407.0,393.0,393.0,393.0,113.0,113.0,111.0,111.0,111.0,110.0,110.0,110.0,110.0,109.0
real,300,gulf,10,LSTM-ms,3,buffer,41,451,28.882191057177966,28.882191057177966,0.4742483168407612,,,,,,,,,,,,,,,,,,,,
real,300,gulf,10,LSTM-ms,3,buffer,42,494,10.822892288227528,10.822892288227528,0.4748616144173954,,,,,,,,,,,,,,,,,,,,
real,300,gulf,10,LSTM-ms,3,crossing,0,4,12.266405194985484,12.266405194985484,0.00668329658990332,,,,,,,,,,,,,,,,,,,,
real,300,gulf,10,LSTM-ms,3,crossing,1,12,23.620671223317544,23.620671223317544,0.5711845905822222,,,,,,,,,,,,,,,,,,,,
real,300,gulf,10,LSTM-ms,3,crossing,2,18,24.14083932910176,24.14083932910176,0.5963265788580204,,,,,,,,,,,,,,,,,,,,
real,300,gulf,10,LSTM-ms,3,crossing,3,35,28.07114815903035,28.07114815903035,0.4153838323855567,,,,,,,,,,,,,,,,,,,,
real,300,gulf,10,LSTM-ms,3,crossing,4,46,29.56278078621456,29.56278078621456,0.5396460329998077,,,,,,,,,,,,,,,,,,,,
real,300,gulf,10,LSTM-ms,3,crossing,5,49,3.4913576667059876,3.4913576667059876,0.2626422247068359,,,,,,,,,,387.0,386.0,385.0,385.0,384.0,383.0,382.0,382.0,381.0,381.0,381.0
real,300,gulf,10,LSTM-ms,3,crossing,6,51,13.245831505970136,13.245831505970136,0.13311167163047938,,,,,,,,,,,,,,,,,,,,
real,300,gulf,10,LSTM-ms,3,crossing,7,63,5.487825834302531,5.487825834302531,1.0165814987684652,,,,,,,,60.0,57.0,56.0,55.0,53.0,52.0,52.0,52.0,52.0,51.0,51.0,51.0,50.0
real,300,gulf,10,LSTM-ms,3,crossing,8,76,7.832221201262748,7.832221201262748,0.0070216368237207265,,,,,,,,,,,,,,,,,,,,
real,300,gulf,10,LSTM-ms,3,crossing,9,77,28.03889048273775,28.03889048273775,0.5854139737265653,,,,,,,,,,,,,,,,,,,,
real,300,gulf,10,LSTM-ms,3,crossing,10,80,7.182896018988736,7.182896018988736,0.8249669017114222,,,,,,,,,,,,,,,,,70.0,70.0,69.0,67.0
real,300,gulf,10,LSTM-ms,3,crossing,11,87,22.942762492933117,22.942762492933117,0.46894428720257714,,,,,,,,,,,,,,,,,,,,
real,300,gulf,10,LSTM-ms,3,crossing,12,102,8.112466599604254,8.112466599604254,0.08832579533205343,,,,,,,,,,,,,,,,,,,,
real,300,gulf,10,LSTM-ms,3,crossing,13,143,23.206288296938013,23.206288296938013,0.6051537328566118,,,,,,,,,,,,,,,,,,,,
real,300,gulf,10,LSTM-ms,3,crossing,14,154,8.732687542452455,8.732687542452455,0.4900366971057181,,,,,,,,,,,,,,,,,,,,
real,300,gulf,10,LSTM-ms,3,crossing,15,166,19.800247785572264,19.800247785572264,0.8006193660604571,,,,,,,,,,,,,,,,,,,,
real,300,gulf,10,LSTM-ms,3,crossing,16,177,8.202583042830287,8.202583042830287,0.4582238368557336,,,,,,,,,,,,,,,,,,,,
real,300,gulf,10,LSTM-ms,3,crossing,17,182,18.345949323217326,18.345949323217326,0.9824340052253595,,,,,,,,,,,,,,,,,,,,
real,300,gulf,10,LSTM-ms,3,crossing,18,187,6.858865026417262,6.858865026417262,0.23509558655537038,,,,,,,,,,,,,,,,50.0,50.0,50.0,50.0,50.0
real,300,gulf,10,LSTM-ms,3,crossing,19,190,27.68462488556801,27.68462488556801,0.44323342991851244,,,,,,,,,,,,,,,,,,,,
real,300,gulf,10,LSTM-ms,3,crossing,20,200,14.822720917051123,14.822720917051123,1.391846700328501,,,,,,,,,,,,,,,,,,,,
real,300,gulf,10,LSTM-ms,3,crossing,21,225,27.349652770462658,27.349652770462658,0.8413343683454232,,,,,,,,,,,,,,,,,,,,
real,300,gulf,10,LSTM-ms,3,crossing,22,226,25.97652559618631,25.97652559618631,0.5233509944726167,,,,,,,,,,,,,,,,,,,,
real,300,gulf,10,LSTM-ms,3,crossing,23,227,4.093878175231518,4.093878175231518,0.4063964591130925,,,,,,,,,,,,,,,142.0,141.0,140.0,140.0,140.0,140.0
real,300,gulf,10,LSTM-ms,3,crossing,24,269,15.727913009927386,15.727913009927386,1.1976578581820396,,,,,,,,,,,,,,,,,,,,
real,300,gulf,10,LSTM-ms,3,crossing,25,273,27.024243042339478,27.024243042339478,0.4088320670224329,,,,,,,,,,,,,,,,,,,,
real,300,gulf,10,LSTM-ms,3,crossing,26,275,10.442098537087272,10.442098537087272,0.04636800217593541,,,,,,,,,,,,,,,,,,,,
real,300,gulf,10,LSTM-ms,3,crossing,27,319,27.045078810196703,27.045078810196703,0.38241632181183033,,,,,,,,,,,,,,,,,,,,
real,300,gulf,10,LSTM-ms,3,crossing,28,322,16.546866415619103,16.546866415619103,0.4312535013276059,,,,,,,,,,,,,,,,,,,,
real,300,gulf,10,LSTM-ms,3,crossing,29,325,6.662348582854868,6.662348582854868,0.4623207432350452,,,,,,,,,,,,,,,,,,,,
real,300,gulf,10,LSTM-ms,3,crossing,30,328,27.966134032134544,27.966134032134544,0.45537916096263265,,,,,,,,,,,,,,,,,,,,
real,300,gulf,10,LSTM-ms,3,crossing,31,332,26.912755572869496,26.912755572869496,0.7435324618707779,,,,,,,,,,,,,,,,,,,,
real,300,gulf,10,LSTM-ms,3,crossing,32,334,4.87834580836109,4.87834580836109,0.2876440607746294,,,,,,,,,,275.0,275.0,275.0,274.0,274.0,274.0,273.0,273.0,273.0,272.0,272.0
real,300,gulf,10,LSTM-ms,3,crossing,33,352,26.93485260225116,26.93485260225116,0.42254170026746307,,,,,,,,,,,,,,,,,,,,
real,300,gulf,10,LSTM-ms,3,crossing,34,354,23.690985575876333,23.690985575876333,0.4505713785758975,,,,,,,,,,,,,,,,,,,,
real,300,gulf,10,LSTM-ms,3,crossing,35,361,7.131039359718748,7.131039359718748,0.1598096942782011,,,,,,,,,,,,,,,,,,,,
real,300,gulf,10,LSTM-ms,3,crossing,36,369,5.205644434121039,5.205644434121039,1.5200638685909862,,,,,,,,188.0,187.0,184.0,183.0,183.0,183.0,182.0,182.0,182.0,182.0,181.0,181.0,181.0
real,300,gulf,10,LSTM-ms,3,crossing,37,375,26.654545054177134,26.654545054177134,0.4172192899922948,,,,,,,,,,,,,,,,,,,,
real,300,gulf,10,LSTM-ms,3,crossing,38,379,25.74261301410117,25.74261301410117,0.5692558779943199,,,,,,,,,,,,,,,,,,,,
real,300,gulf,10,LSTM-ms,3,crossing,39,409,9.262534912054202,9.262534912054202,1.4580468627793064,,,,,,,,,,,,,,,,,,,,
real,300,gulf,10,LSTM-ms,3,crossing,40,447,3.3093245706108414,3.3093245706108414,0.44304907238086255,,,,,705.0,704.0,408.0,407.0,407.0,407.0,394.0,393.0,114.0,113.0,112.0,111.0,111.0,110.0,110.0,110.0
real,300,gulf,10,LSTM-ms,3,crossing,41,451,28.882191057177966,28.882191057177966,0.4742483168407612,,,,,,,,,,,,,,,,,,,,
real,300,gulf,10,LSTM-ms,3,crossing,42,494,10.822892288227528,10.822892288227528,0.4748616144173954,,,,,,,,,,,,,,,,,,,,
real,300,gulf,10,LSTM-rec,4,buffer,0,4,12.266405194985484,12.266405194985484,0.00668329658990332,,,,,,,,,,,,,6.0,6.0,6.0,6.0,6.0,6.0,6.0,6.0
real,300,gulf,10,LSTM-rec,4,buffer,1,12,23.620671223317544,23.620671223317544,0.5711845905822222,,,,,,,,,,,,,,,,,,,,26.0
real,300,gulf,10,LSTM-rec,4,buffer,2,18,24.14083932910176,24.14083932910176,0.5963265788580204,,,,,,,,,,,,,,,,,,,14.0,13.0
real,300,gulf,10,LSTM-rec,4,buffer,3,35,28.07114815903035,28.07114815903035,0.4153838323855567,,,,,,,,,,,,,,,,,,,,
real,300,gulf,10,LSTM-rec,4,buffer,4,46,29.56278078621456,29.56278078621456,0.5396460329998077,,,,,,,,,,,,,,,,,,,,
real,300,gulf,10,LSTM-rec,4,buffer,5,49,3.4913576667059876,3.4913576667059876,0.2626422247068359,,,395.0,387.0,385.0,383.0,381.0,355.0,352.0,350.0,342.0,340.0,337.0,335.0,334.0,328.0,326.0,325.0,324.0,322.0
real,300,gulf,10,LSTM-rec,4,buffer,6,51,13.245831505970136,13.245831505970136,0.13311167163047938,,,,,,,,,,,,,10.0,6.0,6.0,6.0,6.0,6.0,6.0,6.0
real,300,gulf,10,LSTM-rec,4,buffer,7,63,5.487825834302531,5.487825834302531,1.0165814987684652,,,,60.0,57.0,56.0,52.0,52.0,51.0,50.0,49.0,48.0,46.0,45.0,44.0,40.0,39.0,37.0,35.0,34.0
real,300,gulf,10,LSTM-rec,4,buffer,8,76,7.832221201262748,7.832221201262748,0.0070216368237207265,,,,,,,,,,6.0,6.0,6.0,6.0,6.0,6.0,6.0,6.0,6.0,6.0,6.0
real,300,gulf,10,LSTM-rec,4,buffer,9,77,28.03889048273775,28.03889048273775,0.5854139737265653,,,,,,,,,,,,,,,,,,,,
real,300,gulf,10,LSTM-rec,4,buffer,10,80,7.182896018988736,7.182896018988736,0.8249669017114222,,,,,,,69.0,65.0,62.0,59.0,57.0,52.0,50.0,49.0,47.0,34.0,32.0,31.0,30.0,29.0
real,300,gulf,10,LSTM-rec,4,buffer,11,87,22.942762492933117,22.942762492933117,0.46894428720257714,,,,,,,,,,,,,,,,,125.0,124.0,123.0,122.0
real,300,gulf,10,LSTM-rec,4,buffer,12,102,8.112466599604254,8.112466599604254,0.08832579533205343,,,,,,,,,6.0,6.0,6.0,6.0,6.0,6.0,6.0,6.0,6.0,6.0,6.0,6.0
real,300,gulf,10,LSTM-rec,4,buffer,13,143,23.206288296938013,23.206288296938013,0.6051537328566118,,,,,,,,,,,,,,,,103.0,100.0,98.0,97.0,95.0
real,300,gulf,10,LSTM-rec,4,buffer,14,154,8.732687542452455,8.732687542452455,0.4900366971057181,,,,,,,,,37.0,36.0,31.0,30.0,29.0,6.0,6.0,6.0,6.0,6.0,6.0,6.0
real,300,gulf,10,LSTM-rec,4,buffer,15,166,19.800247785572264,19.800247785572264,0.8006193660604571,,,,,,,,,,,,,,,,,148.0,141.0,140.0,139.0
real,300,gulf,10,LSTM-rec,4,buffer,16,177,8.202583042830287,8.202583042830287,0.4582238368557336,,,,,,,,6.0,6.0,6.0,6.0,6.0,6.0,6.0,6.0,6.0,6.0,6.0,6.0,6.0
real,300,gulf,10,LSTM-rec,4,buffer,17,182,18.345949323217326,18.345949323217326,0.9824340052253595,,,,,,,,,,,,,,,,,,,,
real,300,gulf,10,LSTM-rec,4,buffer,18,187,6.858865026417262,6.858865026417262,0.23509558655537038,,,,,,50.0,49.0,49.0,49.0,48.0,48.0,48.0,6.0,6.0,6.0,6.0,6.0,6.0,6.0,6.0
real,300,gulf,10,LSTM-rec,4,buffer,19,190,27.68462488556801,27.68462488556801,0.44323342991851244,,,,,,,,,,,,,,,,,,,,
real,300,gulf,10,LSTM-rec,4,buffer,20,200,14.822720917051123,14.822720917051123,1.391846700328501,,,,,,,,,,,,,,,,,,,,
real,300,gulf,10,LSTM-rec,4,buffer,21,225,27.349652770462658,27.349652770462658,0.8413343683454232,,,,,,,,,,,,,,,,,,90.0,87.0,85.0
real,300,gulf,10,LSTM-rec,4,buffer,22,226,25.97652559618631,25.97652559618631,0.5233509944726167,,,,,,,,,,,,,,,,,,,,50.0
real,300,gulf,10,LSTM-rec,4,buffer,23,227,4.093878175231518,4.093878175231518,0.4063964591130925,,,,141.0,140.0,130.0,58.0,34.0,32.0,10.0,6.0,6.0,6.0,6.0,6.0,6.0,6.0,6.0,6.0,6.0
real,300,gulf,10,LSTM-rec,4,buffer,24,269,15.727913009927386,15.727913009927386,1.1976578581820396,,,,,,,,,,,,31.0,30.0,28.0,24.0,22.0,20.0,19.0,18.0,17.0
real,300,gulf,10,LSTM-rec,4,buffer,25,273,27.024243042339478,27.024243042339478,0.4088320670224329,,,,,,,,,,,,,,,,,,,,
real,300,gulf,10,LSTM-rec,4,buffer,26,275,10.442098537087272,10.442098537087272,0.04636800217593541,,,,,,,,,,,,,,6.0,6.0,6.0,6.0,6.0,6.0,6.0
real,300,gulf,10,LSTM-rec,4,buffer,27,319,27.045078810196703,27.045078810196703,0.38241632181183033,,,,,,,,,,,,,,,,,,,,
real,300,gulf,10,LSTM-rec,4,buffer,28,322,16.546866415619103,16.546866415619103,0.4312535013276059,,,,,,,,,,,,,,,63.0,51.0,22.0,19.0,18.0,17.0
real,300,gulf,10,LSTM-rec,4,buffer,29,325,6.662348582854868,6.662348582854868,0.4623207432350452,,,,,,,18.0,17.0,10.0,6.0,6.0,6.0,6.0,6.0,6.0,6.0,6.0,6.0,6.0,6.0
real,300,gulf,10,LSTM-rec,4,buffer,30,328,27.966134032134544,27.966134032134544,0.45537916096263265,,,,,,,,,,,,,,,,,,,,
real,300,gulf,10,LSTM-rec,4,buffer,31,332,26.912755572869496,26.912755572869496,0.7435324618707779,,,,,,,,,,,,,,,,,,,,
real,300,gulf,10,LSTM-rec,4,buffer,32,334,4.87834580836109,4.87834580836109,0.2876440607746294,,,,473.0,396.0,275.0,274.0,274.0,273.0,272.0,271.0,269.0,268.0,267.0,264.0,263.0,262.0,261.0,260.0,258.0
real,300,gulf,10,LSTM-rec,4,buffer,33,352,26.93485260225116,26.93485260225116,0.42254170026746307,,,,,,,,,,,,,,,,,,,,
real,300,gulf,10,LSTM-rec,4,buffer,34,354,23.690985575876333,23.690985575876333,0.4505713785758975,,,,,,,,,,,,,,,,87.0,85.0,84.0,83.0,82.0
real,300,gulf,10,LSTM-rec,4,buffer,35,361,7.131039359718748,7.131039359718748,0.1598096942782011,,,,,,,,,,,,,,,,,,,6.0,6.0
real,300,gulf,10,LSTM-rec,4,buffer,36,369,5.205644434121039,5.205644434121039,1.5200638685909862,,,,,184.0,183.0,182.0,182.0,181.0,181.0,178.0,177.0,175.0,173.0,171.0,168.0,167.0,6.0,6.0,6.0
real,300,gulf,10,LSTM-rec,4,buffer,37,375,26.654545054177134,26.654545054177134,0.4172192899922948,,,,,,,,,,,,,,,,,,,,
real,300,gulf,10,LSTM-rec,4,buffer,38,379,25.74261301410117,25.74261301410117,0.5692558779943199,,,,,,,,,,,,,,,,68.0,67.0,65.0,63.0,61.0
real,300,gulf,10,LSTM-rec,4,buffer,39,409,9.262534912054202,9.262534912054202,1.4580468627793064,,,,,,,,,,,,,,,,,,13.0,6.0,6.0
real,300,gulf,10,LSTM-rec,4,buffer,40,447,3.3093245706108414,3.3093245706108414,0.44304907238086255,,719.0,407.0,407.0,406.0,392.0,126.0,112.0,111.0,110.0,110.0,109.0,108.0,107.0,104.0,103.0,102.0,93.0,93.0,92.0
real,300,gulf,10,LSTM-rec,4,buffer,41,451,28.882191057177966,28.882191057177966,0.4742483168407612,,,,,,,,,,,,,,,,,,,,
real,300,gulf,10,LSTM-rec,4,buffer,42,494,10.822892288227528,10.822892288227528,0.4748616144173954,,,,,,,,,,39.0,35.0,34.0,32.0,11.0,8.0,8.0,6.0,6.0,6.0,6.0
real,300,gulf,10,LSTM-rec,4,crossing,0,4,12.266405194985484,12.266405194985484,0.00668329658990332,,,,,,,,,,,,,,,6.0,6.0,6.0,6.0,6.0,6.0
real,300,gulf,10,LSTM-rec,4,crossing,1,12,23.620671223317544,23.620671223317544,0.5711845905822222,,,,,,,,,,,,,,,,,,,,
real,300,gulf,10,LSTM-rec,4,crossing,2,18,24.14083932910176,24.14083932910176,0.5963265788580204,,,,,,,,,,,,,,,,,,,,14.0
real,300,gulf,10,LSTM-rec,4,crossing,3,35,28.07114815903035,28.07114815903035,0.4153838323855567,,,,,,,,,,,,,,,,,,,,
real,300,gulf,10,LSTM-rec,4,crossing,4,46,29.56278078621456,29.56278078621456,0.5396460329998077,,,,,,,,,,,,,,,,,,,,
real,300,gulf,10,LSTM-rec,4,crossing,5,49,3.4913576667059876,3.4913576667059876,0.2626422247068359,,,,,395.0,387.0,385.0,383.0,381.0,353.0,351.0,342.0,341.0,337.0,335.0,334.0,328.0,327.0,325.0,324.0
real,300,gulf,10,LSTM-rec,4,crossing,6,51,13.245831505970136,13.245831505970136,0.13311167163047938,,,,,,,,,,,,,,,9.0,6.0,6.0,6.0,6.0,6.0
real,300,gulf,10,LSTM-rec,4,crossing,7,63,5.487825834302531,5.487825834302531,1.0165814987684652,,,,,,57.0,56.0,52.0,52.0,51.0,50.0,49.0,48.0,47.0,45.0,44.0,40.0,39.0,37.0,36.0
real,300,gulf,10,LSTM-rec,4,crossing,8,76,7.832221201262748,7.832221201262748,0.0070216368237207265,,,,,,,,,,,6.0,6.0,6.0,6.0,6.0,6.0,6.0,6.0,6.0,6.0
real,300,gulf,10,LSTM-rec,4,crossing,9,77,28.03889048273775,28.03889048273775,0.5854139737265653,,,,,,,,,,,,,,,,,,,,
real,300,gulf,10,LSTM-rec,4,crossing,10,80,7.182896018988736,7.182896018988736,0.8249669017114222,,,,,,,,70.0,67.0,64.0,60.0,58.0,53.0,51.0,49.0,48.0,35.0,33.0,31.0,30.0
real,300,gulf,10,LSTM-rec,4,crossing,11,87,22.942762492933117,22.942762492933117,0.46894428720257714,,,,,,,,,,,,,,,,,,125.0,124.0,123.0
real,300,gulf,10,LSTM-rec,4,crossing,12,102,8.112466599604254,8.112466599604254,0.08832579533205343,,,,,,,,,,6.0,6.0,6.0,6.0,6.0,6.0,6.0,6.0,6.0,6.0,6.0
real,300,gulf,10,LSTM-rec,4,crossing,13,143,23.206288296938013,23.206288296938013,0.6051537328566118,,,,,,,,,,,,,,,,,104.0,100.0,99.0,97.0
real,300,gulf,10,LSTM-rec,4,crossing,14,154,8.732687542452455,8.732687542452455,0.4900366971057181,,,,,,,,,,,37.0,32.0,30.0,29.0,6.0,6.0,6.0,6.0,6.0,6.0
real,300,gulf,10,LSTM-rec,4,crossing,15,166,19.800247785572264,19.800247785572264,0.8006193660604571,,,,,,,,,,,,,,,,,,148.0,142.0,140.0
real,300,gulf,10,LSTM-rec,4,crossing,16,177,8.202583042830287,8.202583042830287,0.4582238368557336,,,,,,,,,,6.0,6.0,6.0,6.0,6.0,6.0,6.0,6.0,6.0,6.0,6.0
real,300,gulf,10,LSTM-rec,4,crossing,17,182,18.345949323217326,18.345949323217326,0.9824340052253595,,,,,,,,,,,,,,,,,,,,
real,300,gulf,10,LSTM-rec,4,crossing,18,187,6.858865026417262,6.858865026417262,0.23509558655537038,,,,,,,,50.0,49.0,49.0,48.0,48.0,48.0,6.0,6.0,6.0,6.0,6.0,6.0,6.0
real,300,gulf,10,LSTM-rec,4,crossing,19,190,27.68462488556801,27.68462488556801,0.44323342991851244,,,,,,,,,,,,,,,,,,,,
real,300,gulf,10,LSTM-rec,4,crossing,20,200,14.822720917051123,14.822720917051123,1.391846700328501,,,,,,,,,,,,,,,,,,,,
real,300,gulf,10,LSTM-rec,4,crossing,21,225,27.349652770462658,27.349652770462658,0.8413343683454232,,,,,,,,,,,,,,,,,,,90.0,88.0
real,300,gulf,10,LSTM-rec,4,crossing,22,226,25.97652559618631,25.97652559618631,0.5233509944726167,,,,,,,,,,,,,,,,,,,,
real,300,gulf,10,LSTM-rec,4,crossing,23,227,4.093878175231518,4.093878175231518,0.4063964591130925,,,,,,,140.0,130.0,36.0,33.0,10.0,10.0,6.0,6.0,6.0,6.0,6.0,6.0,6.0,6.0
real,300,gulf,10,LSTM-rec,4,crossing,24,269,15.727913009927386,15.727913009927386,1.1976578581820396,,,,,,,,,,,,,32.0,30.0,28.0,25.0,22.0,21.0,19.0,18.0
real,300,gulf,10,LSTM-rec,4,crossing,25,273,27.024243042339478,27.024243042339478,0.4088320670224329,,,,,,,,,,,,,,,,,,,,
real,300,gulf,10,LSTM-rec,4,crossing,26,275,10.442098537087272,10.442098537087272,0.04636800217593541,,,,,,,,,,,,,,,,6.0,6.0,6.0,6.0,6.0
real,300,gulf,10,LSTM-rec,4,crossing,27,319,27.045078810196703,27.045078810196703,0.38241632181183033,,,,,,,,,,,,,,,,,,,,
real,300,gulf,10,LSTM-rec,4,crossing,28,322,16.546866415619103,16.546866415619103,0.4312535013276059,,,,,,,,,,,,,,,,64.0,51.0,32.0,20.0,18.0
real,300,gulf,10,LSTM-rec,4,crossing,29,325,6.662348582854868,6.662348582854868,0.4623207432350452,,,,,,,,,18.0,15.0,6.0,6.0,6.0,6.0,6.0,6.0,6.0,6.0,6.0,6.0
real,300,gulf,10,LSTM-rec,4,crossing,30,328,27.966134032134544,27.966134032134544,0.45537916096263265,,,,,,,,,,,,,,,,,,,,
real,300,gulf,10,LSTM-rec,4,crossing,31,332,26.912755572869496,26.912755572869496,0.7435324618707779,,,,,,,,,,,,,,,,,,,,
real,300,gulf,10,LSTM-rec,4,crossing,32,334,4.87834580836109,4.87834580836109,0.2876440607746294,,,,,,473.0,275.0,274.0,274.0,273.0,272.0,271.0,270.0,268.0,267.0,264.0,263.0,262.0,261.0,260.0
real,300,gulf,10,LSTM-rec,4,crossing,33,352,26.93485260225116,26.93485260225116,0.42254170026746307,,,,,,,,,,,,,,,,,,,,
real,300,gulf,10,LSTM-rec,4,crossing,34,354,23.690985575876333,23.690985575876333,0.4505713785758975,,,,,,,,,,,,,,,,,87.0,85.0,84.0,83.0
real,300,gulf,10,LSTM-rec,4,crossing,35,361,7.131039359718748,7.131039359718748,0.1598096942782011,,,,,,,,,,,,,,,,,,,,6.0
real,300,gulf,10,LSTM-rec,4,crossing,36,369,5.205644434121039,5.205644434121039,1.5200638685909862,,,,,,188.0,183.0,183.0,182.0,181.0,181.0,180.0,177.0,175.0,173.0,171.0,169.0,167.0,6.0,6.0
real,300,gulf,10,LSTM-rec,4,crossing,37,375,26.654545054177134,26.654545054177134,0.4172192899922948,,,,,,,,,,,,,,,,,,,,
real,300,gulf,10,LSTM-rec,4,crossing,38,379,25.74261301410117,25.74261301410117,0.5692558779943199,,,,,,,,,,,,,,,,,68.0,67.0,65.0,63.0
real,300,gulf,10,LSTM-rec,4,crossing,39,409,9.262534912054202,9.262534912054202,1.4580468627793064,,,,,,,,,,,,,,,,,,,13.0,12.0
real,300,gulf,10,LSTM-rec,4,crossing,40,447,3.3093245706108414,3.3093245706108414,0.44304907238086255,,,,,407.0,407.0,393.0,274.0,113.0,111.0,110.0,110.0,109.0,108.0,107.0,104.0,103.0,102.0,93.0,93.0
real,300,gulf,10,LSTM-rec,4,crossing,41,451,28.882191057177966,28.882191057177966,0.4742483168407612,,,,,,,,,,,,,,,,,,,,
real,300,gulf,10,LSTM-rec,4,crossing,42,494,10.822892288227528,10.822892288227528,0.4748616144173954,,,,,,,,,,,,37.0,34.0,33.0,28.0,9.0,8.0,6.0,6.0,6.0
real,300,gulf,10,LSTM-ms,4,buffer,0,4,12.266405194985484,12.266405194985484,0.00668329658990332,,,,,,,,,,,,,,,,,,,,
real,300,gulf,10,LSTM-ms,4,buffer,1,12,23.620671223317544,23.620671223317544,0.5711845905822222,,,,,,,,,,,,,,,,,,,,
real,300,gulf,10,LSTM-ms,4,buffer,2,18,24.14083932910176,24.14083932910176,0.5963265788580204,,,,,,,,,,,,,,,,,,,,
real,300,gulf,10,LSTM-ms,4,buffer,3,35,28.07114815903035,28.07114815903035,0.4153838323855567,,,,,,,,,,,,,,,,,,,,
real,300,gulf,10,LSTM-ms,4,buffer,4,46,29.56278078621456,29.56278078621456,0.5396460329998077,,,,,,,,,,,,,,,,,,,,
real,300,gulf,10,LSTM-ms,4,buffer,5,49,3.4913576667059876,3.4913576667059876,0.2626422247068359,,,,,,,395.0,387.0,386.0,386.0,385.0,385.0,384.0,384.0,383.0,383.0,382.0,382.0,382.0,381.0
real,300,gulf,10,LSTM-ms,4,buffer,6,51,13.245831505970136,13.245831505970136,0.13311167163047938,,,,,,,,,,,,,,,,,,,,
real,300,gulf,10,LSTM-ms,4,buffer,7,63,5.487825834302531,5.487825834302531,1.0165814987684652,,,,,,,60.0,57.0,57.0,56.0,56.0,55.0,52.0,52.0,52.0,52.0,51.0,51.0,51.0,51.0
real,300,gulf,10,LSTM-ms,4,buffer,8,76,7.832221201262748,7.832221201262748,0.0070216368237207265,,,,,,,,,,,,,,,,,,,,
real,300,gulf,10,LSTM-ms,4,buffer,9,77,28.03889048273775,28.03889048273775,0.5854139737265653,,,,,,,,,,,,,,,,,,,,
real,300,gulf,10,LSTM-ms,4,buffer,10,80,7.182896018988736,7.182896018988736,0.8249669017114222,,,,,,,,,,,,,,,,,,70.0,70.0,69.0
real,300,gulf,10,LSTM-ms,4,buffer,11,87,22.942762492933117,22.942762492933117,0.46894428720257714,,,,,,,,,,,,,,,,,,,,
real,300,gulf,10,LSTM-ms,4,buffer,12,102,8.112466599604254,8.112466599604254,0.08832579533205343,,,,,,,,,,,,,,,,,,,,
real,300,gulf,10,LSTM-ms,4,buffer,13,143,23.206288296938013,23.206288296938013,0.6051537328566118,,,,,,,,,,,,,,,,,,,,
real,300,gulf,10,LSTM-ms,4,buffer,14,154,8.732687542452455,8.732687542452455,0.4900366971057181,,,,,,,,,,,,,,,,,,,,
real,300,gulf,10,LSTM-ms,4,buffer,15,166,19.800247785572264,19.800247785572264,0.8006193660604571,,,,,,,,,,,,,,,,,,,,
real,300,gulf,10,LSTM-ms,4,buffer,16,177,8.202583042830287,8.202583042830287,0.4582238368557336,,,,,,,,,,,,,,,,,,,,
real,300,gulf,10,LSTM-ms,4,buffer,17,182,18.345949323217326,18.345949323217326,0.9824340052253595,,,,,,,,,,,,,,,,,,,,
real,300,gulf,10,LSTM-ms,4,buffer,18,187,6.858865026417262,6.858865026417262,0.23509558655537038,,,,,,,,,,,,,,,52.0,50.0,50.0,50.0,50.0,50.0
real,300,gulf,10,LSTM-ms,4,buffer,19,190,27.68462488556801,27.68462488556801,0.44323342991851244,,,,,,,,,,,,,,,,,,,,
real,300,gulf,10,LSTM-ms,4,buffer,20,200,14.822720917051123,14.822720917051123,1.391846700328501,,,,,,,,,,,,,,,,,,,,
real,300,gulf,10,LSTM-ms,4,buffer,21,225,27.349652770462658,27.349652770462658,0.8413343683454232,,,,,,,,,,,,,,,,,,,,
real,300,gulf,10,LSTM-ms,4,buffer,22,226,25.97652559618631,25.97652559618631,0.5233509944726167,,,,,,,,,,,,,,,,,,,,
real,300,gulf,10,LSTM-ms,4,buffer,23,227,4.093878175231518,4.093878175231518,0.4063964591130925,,,,,,,,,,,,142.0,142.0,142.0,141.0,141.0,141.0,140.0,140.0,140.0
real,300,gulf,10,LSTM-ms,4,buffer,24,269,15.727913009927386,15.727913009927386,1.1976578581820396,,,,,,,,,,,,,,,,,,,,
real,300,gulf,10,LSTM-ms,4,buffer,25,273,27.024243042339478,27.024243042339478,0.4088320670224329,,,,,,,,,,,,,,,,,,,,
real,300,gulf,10,LSTM-ms,4,buffer,26,275,10.442098537087272,10.442098537087272,0.04636800217593541,,,,,,,,,,,,,,,,,,,,
real,300,gulf,10,LSTM-ms,4,buffer,27,319,27.045078810196703,27.045078810196703,0.38241632181183033,,,,,,,,,,,,,,,,,,,,
real,300,gulf,10,LSTM-ms,4,buffer,28,322,16.546866415619103,16.546866415619103,0.4312535013276059,,,,,,,,,,,,,,,,,,,,
real,300,gulf,10,LSTM-ms,4,buffer,29,325,6.662348582854868,6.662348582854868,0.4623207432350452,,,,,,,,,,,,,,,,,,,,
real,300,gulf,10,LSTM-ms,4,buffer,30,328,27.966134032134544,27.966134032134544,0.45537916096263265,,,,,,,,,,,,,,,,,,,,
real,300,gulf,10,LSTM-ms,4,buffer,31,332,26.912755572869496,26.912755572869496,0.7435324618707779,,,,,,,,,,,,,,,,,,,,
real,300,gulf,10,LSTM-ms,4,buffer,32,334,4.87834580836109,4.87834580836109,0.2876440607746294,,,,,,,,396.0,275.0,275.0,275.0,274.0,274.0,274.0,274.0,273.0,273.0,273.0,272.0,272.0
real,300,gulf,10,LSTM-ms,4,buffer,33,352,26.93485260225116,26.93485260225116,0.42254170026746307,,,,,,,,,,,,,,,,,,,,
real,300,gulf,10,LSTM-ms,4,buffer,34,354,23.690985575876333,23.690985575876333,0.4505713785758975,,,,,,,,,,,,,,,,,,,,
real,300,gulf,10,LSTM-ms,4,buffer,35,361,7.131039359718748,7.131039359718748,0.1598096942782011,,,,,,,,,,,,,,,,,,,,
real,300,gulf,10,LSTM-ms,4,buffer,36,369,5.205644434121039,5.205644434121039,1.5200638685909862,,,,,,,,188.0,184.0,184.0,183.0,183.0,183.0,183.0,182.0,182.0,182.0,182.0,182.0,181.0
real,300,gulf,10,LSTM-ms,4,buffer,37,375,26.654545054177134,26.654545054177134,0.4172192899922948,,,,,,,,,,,,,,,,,,,,
real,300,gulf,10,LSTM-ms,4,buffer,38,379,25.74261301410117,25.74261301410117,0.5692558779943199,,,,,,,,,,,,,,,,,,,,
real,300,gulf,10,LSTM-ms,4,buffer,39,409,9.262534912054202,9.262534912054202,1.4580468627793064,,,,,,,,,,,,,,,,,,,,
real,300,gulf,10,LSTM-ms,4,buffer,40,447,3.3093245706108414,3.3093245706108414,0.44304907238086255,,,,705.0,408.0,408.0,407.0,407.0,407.0,407.0,394.0,394.0,113.0,113.0,112.0,111.0,111.0,111.0,110.0,110.0
real,300,gulf,10,LSTM-ms,4,buffer,41,451,28.882191057177966,28.882191057177966,0.4742483168407612,,,,,,,,,,,,,,,,,,,,
real,300,gulf,10,LSTM-ms,4,buffer,42,494,10.822892288227528,10.822892288227528,0.4748616144173954,,,,,,,,,,,,,,,,,,,,
real,300,gulf,10,LSTM-ms,4,crossing,0,4,12.266405194985484,12.266405194985484,0.00668329658990332,,,,,,,,,,,,,,,,,,,,
real,300,gulf,10,LSTM-ms,4,crossing,1,12,23.620671223317544,23.620671223317544,0.5711845905822222,,,,,,,,,,,,,,,,,,,,
real,300,gulf,10,LSTM-ms,4,crossing,2,18,24.14083932910176,24.14083932910176,0.5963265788580204,,,,,,,,,,,,,,,,,,,,
real,300,gulf,10,LSTM-ms,4,crossing,3,35,28.07114815903035,28.07114815903035,0.4153838323855567,,,,,,,,,,,,,,,,,,,,
real,300,gulf,10,LSTM-ms,4,crossing,4,46,29.56278078621456,29.56278078621456,0.5396460329998077,,,,,,,,,,,,,,,,,,,,
real,300,gulf,10,LSTM-ms,4,crossing,5,49,3.4913576667059876,3.4913576667059876,0.2626422247068359,,,,,,,,,,,,,,,387.0,386.0,386.0,385.0,385.0,384.0
real,300,gulf,10,LSTM-ms,4,crossing,6,51,13.245831505970136,13.245831505970136,0.13311167163047938,,,,,,,,,,,,,,,,,,,,
real,300,gulf,10,LSTM-ms,4,crossing,7,63,5.487825834302531,5.487825834302531,1.0165814987684652,,,,,,,,,,,60.0,57.0,57.0,56.0,56.0,52.0,52.0,52.0,52.0,51.0
real,300,gulf,10,LSTM-ms,4,crossing,8,76,7.832221201262748,7.832221201262748,0.0070216368237207265,,,,,,,,,,,,,,,,,,,,
real,300,gulf,10,LSTM-ms,4,crossing,9,77,28.03889048273775,28.03889048273775,0.5854139737265653,,,,,,,,,,,,,,,,,,,,
real,300,gulf,10,LSTM-ms,4,crossing,10,80,7.182896018988736,7.182896018988736,0.8249669017114222,,,,,,,,,,,,,,,,,,,,
real,300,gulf,10,LSTM-ms,4,crossing,11,87,22.942762492933117,22.942762492933117,0.46894428720257714,,,,,,,,,,,,,,,,,,,,
real,300,gulf,10,LSTM-ms,4,crossing,12,102,8.112466599604254,8.112466599604254,0.08832579533205343,,,,,,,,,,,,,,,,,,,,
real,300,gulf,10,LSTM-ms,4,crossing,13,143,23.206288296938013,23.206288296938013,0.6051537328566118,,,,,,,,,,,,,,,,,,,,
real,300,gulf,10,LSTM-ms,4,crossing,14,154,8.732687542452455,8.732687542452455,0.4900366971057181,,,,,,,,,,,,,,,,,,,,
real,300,gulf,10,LSTM-ms,4,crossing,15,166,19.800247785572264,19.800247785572264,0.8006193660604571,,,,,,,,,,,,,,,,,,,,
real,300,gulf,10,LSTM-ms,4,crossing,16,177,8.202583042830287,8.202583042830287,0.4582238368557336,,,,,,,,,,,,,,,,,,,,
real,300,gulf,10,LSTM-ms,4,crossing,17,182,18.345949323217326,18.345949323217326,0.9824340052253595,,,,,,,,,,,,,,,,,,,,
real,300,gulf,10,LSTM-ms,4,crossing,18,187,6.858865026417262,6.858865026417262,0.23509558655537038,,,,,,,,,,,,,,,,,,,,
real,300,gulf,10,LSTM-ms,4,crossing,19,190,27.68462488556801,27.68462488556801,0.44323342991851244,,,,,,,,,,,,,,,,,,,,
real,300,gulf,10,LSTM-ms,4,crossing,20,200,14.822720917051123,14.822720917051123,1.391846700328501,,,,,,,,,,,,,,,,,,,,
real,300,gulf,10,LSTM-ms,4,crossing,21,225,27.349652770462658,27.349652770462658,0.8413343683454232,,,,,,,,,,,,,,,,,,,,
real,300,gulf,10,LSTM-ms,4,crossing,22,226,25.97652559618631,25.97652559618631,0.5233509944726167,,,,,,,,,,,,,,,,,,,,
real,300,gulf,10,LSTM-ms,4,crossing,23,227,4.093878175231518,4.093878175231518,0.4063964591130925,,,,,,,,,,,,,,,,,,,,
real,300,gulf,10,LSTM-ms,4,crossing,24,269,15.727913009927386,15.727913009927386,1.1976578581820396,,,,,,,,,,,,,,,,,,,,
real,300,gulf,10,LSTM-ms,4,crossing,25,273,27.024243042339478,27.024243042339478,0.4088320670224329,,,,,,,,,,,,,,,,,,,,
real,300,gulf,10,LSTM-ms,4,crossing,26,275,10.442098537087272,10.442098537087272,0.04636800217593541,,,,,,,,,,,,,,,,,,,,
real,300,gulf,10,LSTM-ms,4,crossing,27,319,27.045078810196703,27.045078810196703,0.38241632181183033,,,,,,,,,,,,,,,,,,,,
real,300,gulf,10,LSTM-ms,4,crossing,28,322,16.546866415619103,16.546866415619103,0.4312535013276059,,,,,,,,,,,,,,,,,,,,
real,300,gulf,10,LSTM-ms,4,crossing,29,325,6.662348582854868,6.662348582854868,0.4623207432350452,,,,,,,,,,,,,,,,,,,,
real,300,gulf,10,LSTM-ms,4,crossing,30,328,27.966134032134544,27.966134032134544,0.45537916096263265,,,,,,,,,,,,,,,,,,,,
real,300,gulf,10,LSTM-ms,4,crossing,31,332,26.912755572869496,26.912755572869496,0.7435324618707779,,,,,,,,,,,,,,,,,,,,
real,300,gulf,10,LSTM-ms,4,crossing,32,334,4.87834580836109,4.87834580836109,0.2876440607746294,,,,,,,,,,,276.0,275.0,275.0,275.0,274.0,274.0,274.0,274.0,273.0,273.0
real,300,gulf,10,LSTM-ms,4,crossing,33,352,26.93485260225116,26.93485260225116,0.42254170026746307,,,,,,,,,,,,,,,,,,,,
real,300,gulf,10,LSTM-ms,4,crossing,34,354,23.690985575876333,23.690985575876333,0.4505713785758975,,,,,,,,,,,,,,,,,,,,
real,300,gulf,10,LSTM-ms,4,crossing,35,361,7.131039359718748,7.131039359718748,0.1598096942782011,,,,,,,,,,,,,,,,,,,,
real,300,gulf,10,LSTM-ms,4,crossing,36,369,5.205644434121039,5.205644434121039,1.5200638685909862,,,,,,,,,,,188.0,184.0,184.0,183.0,183.0,183.0,183.0,183.0,182.0,182.0
real,300,gulf,10,LSTM-ms,4,crossing,37,375,26.654545054177134,26.654545054177134,0.4172192899922948,,,,,,,,,,,,,,,,,,,,
real,300,gulf,10,LSTM-ms,4,crossing,38,379,25.74261301410117,25.74261301410117,0.5692558779943199,,,,,,,,,,,,,,,,,,,,
real,300,gulf,10,LSTM-ms,4,crossing,39,409,9.262534912054202,9.262534912054202,1.4580468627793064,,,,,,,,,,,,,,,,,,,,
real,300,gulf,10,LSTM-ms,4,crossing,40,447,3.3093245706108414,3.3093245706108414,0.44304907238086255,,,,,,,704.0,704.0,702.0,408.0,408.0,408.0,407.0,407.0,407.0,113.0,112.0,111.0,111.0,111.0
real,300,gulf,10,LSTM-ms,4,crossing,41,451,28.882191057177966,28.882191057177966,0.4742483168407612,,,,,,,,,,,,,,,,,,,,
real,300,gulf,10,LSTM-ms,4,crossing,42,494,10.822892288227528,10.822892288227528,0.4748616144173954,,,,,,,,,,,,,,,,,,,,
real,300,gulf,11,Reactive,0,zone,0,1,17.026694577852126,17.026694577852126,0.39228662105015727,,,,,,,,,,,,,,,,,,,,
real,300,gulf,11,Reactive,0,zone,1,26,6.5032073469815,6.5032073469815,1.5049227737915882,,,,,,,,,,,,,,,,,,,,
real,300,gulf,11,Reactive,0,zone,2,27,25.360597113523117,25.360597113523117,1.1218212795502955,,,,,,,,,,,,,,,,,,,,
real,300,gulf,11,Reactive,0,zone,3,29,28.284405074372057,28.284405074372057,0.5270786166441769,,,,,,,,,,,,,,,,,,,,
real,300,gulf,11,Reactive,0,zone,4,35,11.963240630449201,11.963240630449201,0.4116062050846804,,,,,,,,,,,,,,,,,,,,
real,300,gulf,11,Reactive,0,zone,5,46,10.07568466221555,10.07568466221555,0.45298017822903,,,,,,,,,,,,,,,,,,,,
real,300,gulf,11,Reactive,0,zone,6,77,6.904004400468228,6.904004400468228,1.2478008372632317,,,,,,,,,,,,,,,,,,,,
real,300,gulf,11,Reactive,0,zone,7,79,14.10050703321744,14.10050703321744,1.4229685319163434,,,,,,,,,,,,,,,,,,,,
real,300,gulf,11,Reactive,0,zone,8,87,17.939586188654822,17.939586188654822,0.3775960688687145,,,,,,,,,,,,,,,,,,,,
real,300,gulf,11,Reactive,0,zone,9,103,6.068396373793605,6.068396373793605,0.4743476329125509,,,,,,,,,,,,,,,,,,,,
real,300,gulf,11,Reactive,0,zone,10,123,26.363037257201213,26.363037257201213,0.4586227636687133,,,,,,,,,,,,,,,,,,,,
real,300,gulf,11,Reactive,0,zone,11,143,11.167703423955338,11.167703423955338,0.5899670350379019,,,,,,,,,,,,,,,,,,,,
real,300,gulf,11,Reactive,0,zone,12,186,21.19466437104218,21.19466437104218,0.45588832907631704,,,,,,,,,,,,,,,,,,,,
real,300,gulf,11,Reactive,0,zone,13,190,15.900065735953422,15.900065735953422,0.31327715659609306,,,,,,,,,,,,,,,,,,,,
real,300,gulf,11,Reactive,0,zone,14,198,22.136887893547613,22.136887893547613,0.3215685963729888,,,,,,,,,,,,,,,,,,,,
real,300,gulf,11,Reactive,0,zone,15,215,15.428842634009262,15.428842634009262,0.577073326506986,,,,,,,,,,,,,,,,,,,,
real,300,gulf,11,Reactive,0,zone,16,221,18.116471039648776,18.116471039648776,1.2173476598799422,,,,,,,,,,,,,,,,,,,,
real,300,gulf,11,Reactive,0,zone,17,226,12.20636638527805,12.20636638527805,0.5962570839508283,,,,,,,,,,,,,,,,,,,,
real,300,gulf,11,Reactive,0,zone,18,228,4.091363749185027,4.091363749185027,0.9996471361649935,,,,,,,,,,,,,,,,,,,,
real,300,gulf,11,Reactive,0,zone,19,260,3.450485963571329,3.450485963571329,0.5354962888986673,,,,,,,,,,,,,,,,,,,,
real,300,gulf,11,Reactive,0,zone,20,269,19.064482433965054,19.064482433965054,1.2544906589735085,,,,,,,,,,,,,,,,,,,,
real,300,gulf,11,Reactive,0,zone,21,273,16.1574106160158,16.1574106160158,0.39427433184390875,,,,,,,,,,,,,,,,,,,,
real,300,gulf,11,Reactive,0,zone,22,286,2.3167809190116766,2.3167809190116766,0.03947253679156464,,,,,,,,,,,,,,,,,,,,
real,300,gulf,11,Reactive,0,zone,23,289,2.101426710087372,2.101426710087372,0.023864829313050052,,,,,,,,,,,,,,,,,,,,
real,300,gulf,11,Reactive,0,zone,24,306,21.76084426486419,21.76084426486419,0.4740304747459214,,,,,,,,,,,,,,,,,,,,
real,300,gulf,11,Reactive,0,zone,25,308,13.60549519923911,13.60549519923911,1.632063369399551,,,,,,,,,,,,,,,,,,,,
real,300,gulf,11,Reactive,0,zone,26,319,18.875543671432194,18.875543671432194,0.35959979055669145,,,,,,,,,,,,,,,,,,,,
real,300,gulf,11,Reactive,0,zone,27,320,20.95496648559589,20.95496648559589,0.20992973618047084,,,,,,,,,,,,,,,,,,,,
real,300,gulf,11,Reactive,0,zone,28,328,16.65845630457464,16.65845630457464,0.34375029109972977,,,,,,,,,,,,,,,,,,,,
real,300,gulf,11,Reactive,0,zone,29,332,11.728509051312477,11.728509051312477,0.5670119199111232,,,,,,,,,,,,,,,,,,,,
real,300,gulf,11,Reactive,0,zone,30,337,2.02442266119215,2.02442266119215,0.04904533131976469,,,,,,,,,,,,,,,,,,,,
real,300,gulf,11,Reactive,0,zone,31,352,16.997016473296572,16.997016473296572,0.4350413060422109,,,,,,,,,,,,,,,,,,,,
real,300,gulf,11,Reactive,0,zone,32,354,18.02160823322652,18.02160823322652,0.4847490602736013,,,,,,,,,,,,,,,,,,,,
real,300,gulf,11,Reactive,0,zone,33,355,18.749431139132703,18.749431139132703,0.46330561188209196,,,,,,,,,,,,,,,,,,,,
real,300,gulf,11,Reactive,0,zone,34,356,2.988660632086339,2.988660632086339,0.5837999220760901,,,,,,,,,,,,,,,,,,,,
real,300,gulf,11,Reactive,0,zone,35,375,11.409502497972799,11.409502497972799,0.4512939447540166,,,,,,,,,,,,,,,,,,,,
real,300,gulf,11,Reactive,0,zone,36,376,2.539037864528179,2.539037864528179,0.4875439629126882,,,,,,,,,,,,,,,,,,,,
real,300,gulf,11,Reactive,0,zone,37,379,9.622312463864674,9.622312463864674,0.3861635163553013,,,,,,,,,,,,,,,,,,,,
real,300,gulf,11,Reactive,0,zone,38,417,2.0209492714870985,2.0209492714870985,0.05966101028578801,,,,,,,,,,,,,,,,,,,,
real,300,gulf,11,Reactive,0,zone,39,420,4.1393425705517775,4.1393425705517775,0.0021582694726054114,,,,,,,,,,,,,,,,,,,,
real,300,gulf,11,Reactive,0,zone,40,430,2.0979708638168684,2.0979708638168684,0.59458730249926,,,,,,,,,,,,,,,,,,,,
real,300,gulf,11,Reactive,0,zone,41,432,23.579689611690565,23.579689611690565,1.2963119343128684,,,,,,,,,,,,,,,,,,,,
real,300,gulf,11,Reactive,0,zone,42,434,25.58638482157518,25.58638482157518,0.28820417646795476,,,,,,,,,,,,,,,,,,,,
real,300,gulf,11,Reactive,0,zone,43,439,7.518462391496892,7.518462391496892,0.4650125098629971,,,,,,,,,,,,,,,,,,,,
real,300,gulf,11,Reactive,0,zone,44,450,3.2751443971152843,3.2751443971152843,0.4971485674228934,,,,,,,,,,,,,,,,,,,,
real,300,gulf,11,Reactive,0,zone,45,451,11.586198852641033,11.586198852641033,0.4686000053403285,,,,,,,,,,,,,,,,,,,,
real,300,gulf,11,Reactive,0,zone,46,466,5.345275510900062,5.345275510900062,0.4741978638858355,,,,,,,,,,,,,,,,,,,,
real,300,gulf,11,Reactive,0,zone,47,484,17.671405028238482,17.671405028238482,0.881061708872187,,,,,,,,,,,,,,,,,,,,
real,300,gulf,11,Analytic,0,buffer,0,1,17.026694577852126,17.026694577852126,0.39228662105015727,,,,,,,,,,,,,,,,,,,,
real,300,gulf,11,Analytic,0,buffer,1,26,6.5032073469815,6.5032073469815,1.5049227737915882,,,,,,,,,,,,,,,,,,,,
real,300,gulf,11,Analytic,0,buffer,2,27,25.360597113523117,25.360597113523117,1.1218212795502955,,,,,,,,,,,,,,,,,,,,
real,300,gulf,11,Analytic,0,buffer,3,29,28.284405074372057,28.284405074372057,0.5270786166441769,,,,,,,,,,,,,,,,,,,,
real,300,gulf,11,Analytic,0,buffer,4,35,11.963240630449201,11.963240630449201,0.4116062050846804,,,,,,,,,,,,,,,,,,,,
real,300,gulf,11,Analytic,0,buffer,5,46,10.07568466221555,10.07568466221555,0.45298017822903,,,,,,,,,,,,,,,,,,,,
real,300,gulf,11,Analytic,0,buffer,6,77,6.904004400468228,6.904004400468228,1.2478008372632317,,,,,,,,,,,,,,,,,,,,
real,300,gulf,11,Analytic,0,buffer,7,79,14.10050703321744,14.10050703321744,1.4229685319163434,,,,,,,,,,,,,,,,,,,,
real,300,gulf,11,Analytic,0,buffer,8,87,17.939586188654822,17.939586188654822,0.3775960688687145,,,,,,,,,,,,,,,,,,,,
real,300,gulf,11,Analytic,0,buffer,9,103,6.068396373793605,6.068396373793605,0.4743476329125509,,,,,,,,,,,165.0,164.0,163.0,162.0,161.0,160.0,160.0,159.0,159.0,159.0
real,300,gulf,11,Analytic,0,buffer,10,123,26.363037257201213,26.363037257201213,0.4586227636687133,,,,,,,,,,,,,,,,,,,,
real,300,gulf,11,Analytic,0,buffer,11,143,11.167703423955338,11.167703423955338,0.5899670350379019,,,,,,,,,,,,,,,,,,,,11.0
real,300,gulf,11,Analytic,0,buffer,12,186,21.19466437104218,21.19466437104218,0.45588832907631704,,,,,,,,,,,,,,,,,,,,
real,300,gulf,11,Analytic,0,buffer,13,190,15.900065735953422,15.900065735953422,0.31327715659609306,,,,,,,,,,,,,,,,,,,,
real,300,gulf,11,Analytic,0,buffer,14,198,22.136887893547613,22.136887893547613,0.3215685963729888,,,,,,,,,,,,,,,,,,,,
real,300,gulf,11,Analytic,0,buffer,15,215,15.428842634009262,15.428842634009262,0.577073326506986,,,,,,,,,,,,,,,,,,,,
real,300,gulf,11,Analytic,0,buffer,16,221,18.116471039648776,18.116471039648776,1.2173476598799422,,,,,,,,,,,,,,,,,,,,
real,300,gulf,11,Analytic,0,buffer,17,226,12.20636638527805,12.20636638527805,0.5962570839508283,,,,,,,,,,,,,,,,,,,,
real,300,gulf,11,Analytic,0,buffer,18,228,4.091363749185027,4.091363749185027,0.9996471361649935,,,,,,,,,,,,,,,,,,,,
real,300,gulf,11,Analytic,0,buffer,19,260,3.450485963571329,3.450485963571329,0.5354962888986673,,,21.0,21.0,20.0,12.0,12.0,12.0,11.0,11.0,11.0,10.0,10.0,10.0,10.0,10.0,10.0,9.0,9.0,9.0
real,300,gulf,11,Analytic,0,buffer,20,269,19.064482433965054,19.064482433965054,1.2544906589735085,,,,,,,,,,,,,,,,,,51.0,50.0,49.0
real,300,gulf,11,Analytic,0,buffer,21,273,16.1574106160158,16.1574106160158,0.39427433184390875,,,,,,,,,,,,,,,,,,,,
real,300,gulf,11,Analytic,0,buffer,22,286,2.3167809190116766,2.3167809190116766,0.03947253679156464,417.0,417.0,137.0,137.0,137.0,137.0,136.0,112.0,112.0,112.0,112.0,112.0,112.0,112.0,112.0,112.0,112.0,112.0,112.0,112.0
real,300,gulf,11,Analytic,0,buffer,23,289,2.101426710087372,2.101426710087372,0.023864829313050052,82.0,82.0,82.0,82.0,82.0,82.0,82.0,82.0,82.0,82.0,82.0,82.0,82.0,82.0,82.0,82.0,82.0,82.0,82.0,82.0
real,300,gulf,11,Analytic,0,buffer,24,306,21.76084426486419,21.76084426486419,0.4740304747459214,,,,,,,,,,,,,,,,,,,,
real,300,gulf,11,Analytic,0,buffer,25,308,13.60549519923911,13.60549519923911,1.632063369399551,,,,,,,,,,,,,,,,,,68.0,67.0,65.0
real,300,gulf,11,Analytic,0,buffer,26,319,18.875543671432194,18.875543671432194,0.35959979055669145,,,,,,,,,,,,,,,,,,,,
real,300,gulf,11,Analytic,0,buffer,27,320,20.95496648559589,20.95496648559589,0.20992973618047084,,,,,,,,,,,,,,,,,,,,
real,300,gulf,11,Analytic,0,buffer,28,328,16.65845630457464,16.65845630457464,0.34375029109972977,,,,,,,,,,,,,,,,,,,,
real,300,gulf,11,Analytic,0,buffer,29,332,11.728509051312477,11.728509051312477,0.5670119199111232,,,,,,,,,,,,,,,,,,,,
real,300,gulf,11,Analytic,0,buffer,30,337,2.02442266119215,2.02442266119215,0.04904533131976469,282.0,270.0,270.0,270.0,38.0,38.0,38.0,38.0,38.0,38.0,38.0,38.0,38.0,38.0,38.0,38.0,38.0,38.0,38.0,38.0
real,300,gulf,11,Analytic,0,buffer,31,352,16.997016473296572,16.997016473296572,0.4350413060422109,,,,,,,,,,,,,,,,,,,,
real,300,gulf,11,Analytic,0,buffer,32,354,18.02160823322652,18.02160823322652,0.4847490602736013,,,,,,,,,,,,,,,,,,,,
real,300,gulf,11,Analytic,0,buffer,33,355,18.749431139132703,18.749431139132703,0.46330561188209196,,,,,,,,,,,,,,,,,,,,
real,300,gulf,11,Analytic,0,buffer,34,356,2.988660632086339,2.988660632086339,0.5837999220760901,,719.0,718.0,717.0,716.0,715.0,713.0,712.0,711.0,710.0,709.0,708.0,707.0,706.0,705.0,704.0,703.0,702.0,700.0,699.0
real,300,gulf,11,Analytic,0,buffer,35,375,11.409502497972799,11.409502497972799,0.4512939447540166,,,,,,,,,,,,,,,,,,,,
real,300,gulf,11,Analytic,0,buffer,36,376,2.539037864528179,2.539037864528179,0.4875439629126882,,36.0,35.0,34.0,33.0,32.0,32.0,21.0,21.0,20.0,20.0,20.0,20.0,19.0,19.0,19.0,18.0,18.0,17.0,17.0
real,300,gulf,11,Analytic,0,buffer,37,379,9.622312463864674,9.622312463864674,0.3861635163553013,,,,,,,,,,,,,,,,,,,,
real,300,gulf,11,Analytic,0,buffer,38,417,2.0209492714870985,2.0209492714870985,0.05966101028578801,413.0,326.0,326.0,326.0,326.0,326.0,326.0,326.0,326.0,326.0,326.0,326.0,326.0,326.0,326.0,326.0,326.0,326.0,326.0,326.0
real,300,gulf,11,Analytic,0,buffer,39,420,4.1393425705517775,4.1393425705517775,0.0021582694726054114,,,,,,,,,,,,,,,,,,,,
real,300,gulf,11,Analytic,0,buffer,40,430,2.0979708638168684,2.0979708638168684,0.59458730249926,,6.0,6.0,6.0,6.0,6.0,6.0,6.0,6.0,6.0,6.0,6.0,6.0,6.0,6.0,6.0,6.0,6.0,6.0,6.0
real,300,gulf,11,Analytic,0,buffer,41,432,23.579689611690565,23.579689611690565,1.2963119343128684,,,,,,,,,,,,,,,,,,,,
real,300,gulf,11,Analytic,0,buffer,42,434,25.58638482157518,25.58638482157518,0.28820417646795476,,,,,,,,,,,,,,,,,,,,
real,300,gulf,11,Analytic,0,buffer,43,439,7.518462391496892,7.518462391496892,0.4650125098629971,,,,,,,,,,,,,,,,,,,,6.0
real,300,gulf,11,Analytic,0,buffer,44,450,3.2751443971152843,3.2751443971152843,0.4971485674228934,,,,,,,,,,,,,,,,,,,,
real,300,gulf,11,Analytic,0,buffer,45,451,11.586198852641033,11.586198852641033,0.4686000053403285,,,,,,,,,,,,,,,,,,,,
real,300,gulf,11,Analytic,0,buffer,46,466,5.345275510900062,5.345275510900062,0.4741978638858355,,,,,,,,,,,,,,162.0,161.0,160.0,159.0,158.0,158.0,157.0
real,300,gulf,11,Analytic,0,buffer,47,484,17.671405028238482,17.671405028238482,0.881061708872187,,,,,,,,,,,,,,,,,,,,
real,300,gulf,11,Analytic,0,crossing,0,1,17.026694577852126,17.026694577852126,0.39228662105015727,,,,,,,,,,,,,,,,,,,,
real,300,gulf,11,Analytic,0,crossing,1,26,6.5032073469815,6.5032073469815,1.5049227737915882,,,,,,,,,,,,,,,,,,,,
real,300,gulf,11,Analytic,0,crossing,2,27,25.360597113523117,25.360597113523117,1.1218212795502955,,,,,,,,,,,,,,,,,,,,
real,300,gulf,11,Analytic,0,crossing,3,29,28.284405074372057,28.284405074372057,0.5270786166441769,,,,,,,,,,,,,,,,,,,,
real,300,gulf,11,Analytic,0,crossing,4,35,11.963240630449201,11.963240630449201,0.4116062050846804,,,,,,,,,,,,,,,,,,,,
real,300,gulf,11,Analytic,0,crossing,5,46,10.07568466221555,10.07568466221555,0.45298017822903,,,,,,,,,,,,,,,,,,,,
real,300,gulf,11,Analytic,0,crossing,6,77,6.904004400468228,6.904004400468228,1.2478008372632317,,,,,,,,,,,,,,,,,,,,
real,300,gulf,11,Analytic,0,crossing,7,79,14.10050703321744,14.10050703321744,1.4229685319163434,,,,,,,,,,,,,,,,,,,,
real,300,gulf,11,Analytic,0,crossing,8,87,17.939586188654822,17.939586188654822,0.3775960688687145,,,,,,,,,,,,,,,,,,,,
real,300,gulf,11,Analytic,0,crossing,9,103,6.068396373793605,6.068396373793605,0.4743476329125509,,,,,,,,,,,,,,,,165.0,163.0,162.0,161.0,160.0
real,300,gulf,11,Analytic,0,crossing,10,123,26.363037257201213,26.363037257201213,0.4586227636687133,,,,,,,,,,,,,,,,,,,,
real,300,gulf,11,Analytic,0,crossing,11,143,11.167703423955338,11.167703423955338,0.5899670350379019,,,,,,,,,,,,,,,,,,,,
real,300,gulf,11,Analytic,0,crossing,12,186,21.19466437104218,21.19466437104218,0.45588832907631704,,,,,,,,,,,,,,,,,,,,
real,300,gulf,11,Analytic,0,crossing,13,190,15.900065735953422,15.900065735953422,0.31327715659609306,,,,,,,,,,,,,,,,,,,,
real,300,gulf,11,Analytic,0,crossing,14,198,22.136887893547613,22.136887893547613,0.3215685963729888,,,,,,,,,,,,,,,,,,,,
real,300,gulf,11,Analytic,0,crossing,15,215,15.428842634009262,15.428842634009262,0.577073326506986,,,,,,,,,,,,,,,,,,,,
real,300,gulf,11,Analytic,0,crossing,16,221,18.116471039648776,18.116471039648776,1.2173476598799422,,,,,,,,,,,,,,,,,,,,
real,300,gulf,11,Analytic,0,crossing,17,226,12.20636638527805,12.20636638527805,0.5962570839508283,,,,,,,,,,,,,,,,,,,,
real,300,gulf,11,Analytic,0,crossing,18,228,4.091363749185027,4.091363749185027,0.9996471361649935,,,,,,,,,,,,,,,,,,,,
real,300,gulf,11,Analytic,0,crossing,19,260,3.450485963571329,3.450485963571329,0.5354962888986673,,,,,,,21.0,21.0,12.0,12.0,11.0,11.0,11.0,11.0,11.0,10.0,10.0,10.0,10.0,10.0
real,300,gulf,11,Analytic,0,crossing,20,269,19.064482433965054,19.064482433965054,1.2544906589735085,,,,,,,,,,,,,,,,,,,,51.0
real,300,gulf,11,Analytic,0,crossing,21,273,16.1574106160158,16.1574106160158,0.39427433184390875,,,,,,,,,,,,,,,,,,,,
real,300,gulf,11,Analytic,0,crossing,22,286,2.3167809190116766,2.3167809190116766,0.03947253679156464,,,,,417.0,417.0,417.0,417.0,417.0,417.0,137.0,137.0,137.0,137.0,137.0,137.0,137.0,137.0,137.0,137.0
real,300,gulf,11,Analytic,0,crossing,23,289,2.101426710087372,2.101426710087372,0.023864829313050052,,,,,,246.0,89.0,89.0,89.0,89.0,89.0,89.0,89.0,89.0,89.0,89.0,89.0,82.0,82.0,82.0
real,300,gulf,11,Analytic,0,crossing,24,306,21.76084426486419,21.76084426486419,0.4740304747459214,,,,,,,,,,,,,,,,,,,,
real,300,gulf,11,Analytic,0,crossing,25,308,13.60549519923911,13.60549519923911,1.632063369399551,,,,,,,,,,,,,,,,,,,,
real,300,gulf,11,Analytic,0,crossing,26,319,18.875543671432194,18.875543671432194,0.35959979055669145,,,,,,,,,,,,,,,,,,,,
real,300,gulf,11,Analytic,0,crossing,27,320,20.95496648559589,20.95496648559589,0.20992973618047084,,,,,,,,,,,,,,,,,,,,
real,300,gulf,11,Analytic,0,crossing,28,328,16.65845630457464,16.65845630457464,0.34375029109972977,,,,,,,,,,,,,,,,,,,,
real,300,gulf,11,Analytic,0,crossing,29,332,11.728509051312477,11.728509051312477,0.5670119199111232,,,,,,,,,,,,,,,,,,,,
real,300,gulf,11,Analytic,0,crossing,30,337,2.02442266119215,2.02442266119215,0.04904533131976469,,,,,,270.0,270.0,270.0,270.0,270.0,270.0,270.0,270.0,270.0,270.0,270.0,38.0,38.0,38.0,38.0
real,300,gulf,11,Analytic,0,crossing,31,352,16.997016473296572,16.997016473296572,0.4350413060422109,,,,,,,,,,,,,,,,,,,,
real,300,gulf,11,Analytic,0,crossing,32,354,18.02160823322652,18.02160823322652,0.4847490602736013,,,,,,,,,,,,,,,,,,,,
real,300,gulf,11,Analytic,0,crossing,33,355,18.749431139132703,18.749431139132703,0.46330561188209196,,,,,,,,,,,,,,,,,,,,
real,300,gulf,11,Analytic,0,crossing,34,356,2.988660632086339,2.988660632086339,0.5837999220760901,,,,,719.0,718.0,717.0,715.0,714.0,713.0,712.0,711.0,709.0,708.0,707.0,706.0,706.0,705.0,704.0,702.0
real,300,gulf,11,Analytic,0,crossing,35,375,11.409502497972799,11.409502497972799,0.4512939447540166,,,,,,,,,,,,,,,,,,,,
real,300,gulf,11,Analytic,0,crossing,36,376,2.539037864528179,2.539037864528179,0.4875439629126882,,,,,,,36.0,35.0,33.0,33.0,33.0,32.0,32.0,21.0,21.0,21.0,20.0,20.0,20.0,20.0
real,300,gulf,11,Analytic,0,crossing,37,379,9.622312463864674,9.622312463864674,0.3861635163553013,,,,,,,,,,,,,,,,,,,,
real,300,gulf,11,Analytic,0,crossing,38,417,2.0209492714870985,2.0209492714870985,0.05966101028578801,,,,,,476.0,326.0,326.0,326.0,326.0,326.0,326.0,326.0,326.0,326.0,326.0,326.0,326.0,326.0,326.0
real,300,gulf,11,Analytic,0,crossing,39,420,4.1393425705517775,4.1393425705517775,0.0021582694726054114,,,,,,,,,,,,,,,,,,,,
real,300,gulf,11,Analytic,0,crossing,40,430,2.0979708638168684,2.0979708638168684,0.59458730249926,,,,,,23.0,23.0,6.0,6.0,6.0,6.0,6.0,6.0,6.0,6.0,6.0,6.0,6.0,6.0,6.0
real,300,gulf,11,Analytic,0,crossing,41,432,23.579689611690565,23.579689611690565,1.2963119343128684,,,,,,,,,,,,,,,,,,,,
real,300,gulf,11,Analytic,0,crossing,42,434,25.58638482157518,25.58638482157518,0.28820417646795476,,,,,,,,,,,,,,,,,,,,
real,300,gulf,11,Analytic,0,crossing,43,439,7.518462391496892,7.518462391496892,0.4650125098629971,,,,,,,,,,,,,,,,,,,,
real,300,gulf,11,Analytic,0,crossing,44,450,3.2751443971152843,3.2751443971152843,0.4971485674228934,,,,,,,,,,,,,,,,,,,,
real,300,gulf,11,Analytic,0,crossing,45,451,11.586198852641033,11.586198852641033,0.4686000053403285,,,,,,,,,,,,,,,,,,,,
real,300,gulf,11,Analytic,0,crossing,46,466,5.345275510900062,5.345275510900062,0.4741978638858355,,,,,,,,,,,,,,,,,,,,
real,300,gulf,11,Analytic,0,crossing,47,484,17.671405028238482,17.671405028238482,0.881061708872187,,,,,,,,,,,,,,,,,,,,
real,300,gulf,11,ConstVel,0,buffer,0,1,17.026694577852126,17.026694577852126,0.39228662105015727,,,,,,,,,,,,,,,,,,,,
real,300,gulf,11,ConstVel,0,buffer,1,26,6.5032073469815,6.5032073469815,1.5049227737915882,,,,,,,,,,,,,,,,,,,,
real,300,gulf,11,ConstVel,0,buffer,2,27,25.360597113523117,25.360597113523117,1.1218212795502955,,,,,,,,,,,,,,,,,,,,
real,300,gulf,11,ConstVel,0,buffer,3,29,28.284405074372057,28.284405074372057,0.5270786166441769,,,,,,,,,,,,,,,,,,,,
real,300,gulf,11,ConstVel,0,buffer,4,35,11.963240630449201,11.963240630449201,0.4116062050846804,,,,,,,,,,,,,,,,,,,,
real,300,gulf,11,ConstVel,0,buffer,5,46,10.07568466221555,10.07568466221555,0.45298017822903,,,,,,,,,,,,,,,,,,,,67.0
real,300,gulf,11,ConstVel,0,buffer,6,77,6.904004400468228,6.904004400468228,1.2478008372632317,,,,,,,,,,,,,,,,,,,,
real,300,gulf,11,ConstVel,0,buffer,7,79,14.10050703321744,14.10050703321744,1.4229685319163434,,,,,,,,,,,,,,,,,,,,
real,300,gulf,11,ConstVel,0,buffer,8,87,17.939586188654822,17.939586188654822,0.3775960688687145,,,,,,,,,,,,,,,,,,,,
real,300,gulf,11,ConstVel,0,buffer,9,103,6.068396373793605,6.068396373793605,0.4743476329125509,,,,,,,,,,,165.0,164.0,163.0,162.0,161.0,159.0,158.0,157.0,157.0,156.0
real,300,gulf,11,ConstVel,0,buffer,10,123,26.363037257201213,26.363037257201213,0.4586227636687133,,,,,,,,,,,,,,,,,,,,
real,300,gulf,11,ConstVel,0,buffer,11,143,11.167703423955338,11.167703423955338,0.5899670350379019,,,,,,,,,,,,,,,,,,,,11.0
real,300,gulf,11,ConstVel,0,buffer,12,186,21.19466437104218,21.19466437104218,0.45588832907631704,,,,,,,,,,,,,,,,,,,,
real,300,gulf,11,ConstVel,0,buffer,13,190,15.900065735953422,15.900065735953422,0.31327715659609306,,,,,,,,,,,,,,,,,,,,
real,300,gulf,11,ConstVel,0,buffer,14,198,22.136887893547613,22.136887893547613,0.3215685963729888,,,,,,,,,,,,,,,,,,,,
real,300,gulf,11,ConstVel,0,buffer,15,215,15.428842634009262,15.428842634009262,0.577073326506986,,,,,,,,,,,,,,,,,,,,
real,300,gulf,11,ConstVel,0,buffer,16,221,18.116471039648776,18.116471039648776,1.2173476598799422,,,,,,,,,,,,,,,,,,,,
real,300,gulf,11,ConstVel,0,buffer,17,226,12.20636638527805,12.20636638527805,0.5962570839508283,,,,,,,,,,,,,,,,,,,,
real,300,gulf,11,ConstVel,0,buffer,18,228,4.091363749185027,4.091363749185027,0.9996471361649935,,,,,,,,,,,,,,,,,,,,
real,300,gulf,11,ConstVel,0,buffer,19,260,3.450485963571329,3.450485963571329,0.5354962888986673,,,21.0,20.0,19.0,12.0,11.0,11.0,10.0,9.0,8.0,8.0,8.0,8.0,8.0,8.0,8.0,8.0,8.0,8.0
real,300,gulf,11,ConstVel,0,buffer,20,269,19.064482433965054,19.064482433965054,1.2544906589735085,,,,,,,,,,,,,,,,,,51.0,50.0,49.0
real,300,gulf,11,ConstVel,0,buffer,21,273,16.1574106160158,16.1574106160158,0.39427433184390875,,,,,,,,,,,,,,,,,,,,
real,300,gulf,11,ConstVel,0,buffer,22,286,2.3167809190116766,2.3167809190116766,0.03947253679156464,134.0,112.0,112.0,112.0,112.0,112.0,112.0,112.0,112.0,112.0,112.0,112.0,112.0,112.0,112.0,112.0,112.0,112.0,112.0,112.0
real,300,gulf,11,ConstVel,0,buffer,23,289,2.101426710087372,2.101426710087372,0.023864829313050052,82.0,82.0,82.0,82.0,82.0,82.0,82.0,82.0,82.0,82.0,82.0,82.0,82.0,82.0,82.0,82.0,82.0,82.0,82.0,82.0
real,300,gulf,11,ConstVel,0,buffer,24,306,21.76084426486419,21.76084426486419,0.4740304747459214,,,,,,,,,,,,,,,,,,,,
real,300,gulf,11,ConstVel,0,buffer,25,308,13.60549519923911,13.60549519923911,1.632063369399551,,,,,,,,,,,,,,,,,68.0,68.0,67.0,66.0
real,300,gulf,11,ConstVel,0,buffer,26,319,18.875543671432194,18.875543671432194,0.35959979055669145,,,,,,,,,,,,,,,,,,,,
real,300,gulf,11,ConstVel,0,buffer,27,320,20.95496648559589,20.95496648559589,0.20992973618047084,,,,,,,,,,,,,,,,,,,,
real,300,gulf,11,ConstVel,0,buffer,28,328,16.65845630457464,16.65845630457464,0.34375029109972977,,,,,,,,,,,,,,,,,,,,
real,300,gulf,11,ConstVel,0,buffer,29,332,11.728509051312477,11.728509051312477,0.5670119199111232,,,,,,,,,,,,,,,,,,,,
real,300,gulf,11,ConstVel,0,buffer,30,337,2.02442266119215,2.02442266119215,0.04904533131976469,34.0,34.0,34.0,34.0,34.0,34.0,34.0,34.0,34.0,34.0,34.0,34.0,34.0,34.0,34.0,34.0,34.0,34.0,34.0,34.0
real,300,gulf,11,ConstVel,0,buffer,31,352,16.997016473296572,16.997016473296572,0.4350413060422109,,,,,,,,,,,,,,,,,,,,
real,300,gulf,11,ConstVel,0,buffer,32,354,18.02160823322652,18.02160823322652,0.4847490602736013,,,,,,,,,,,,,,,,,,,,
real,300,gulf,11,ConstVel,0,buffer,33,355,18.749431139132703,18.749431139132703,0.46330561188209196,,,,,,,,,,,,,,,,,,,,
real,300,gulf,11,ConstVel,0,buffer,34,356,2.988660632086339,2.988660632086339,0.5837999220760901,,719.0,718.0,717.0,716.0,715.0,714.0,713.0,711.0,710.0,709.0,708.0,707.0,706.0,705.0,704.0,703.0,702.0,701.0,699.0
real,300,gulf,11,ConstVel,0,buffer,35,375,11.409502497972799,11.409502497972799,0.4512939447540166,,,,,,,,,,,,,,,,,,,,
real,300,gulf,11,ConstVel,0,buffer,36,376,2.539037864528179,2.539037864528179,0.4875439629126882,,36.0,35.0,34.0,33.0,32.0,20.0,20.0,20.0,19.0,19.0,19.0,19.0,19.0,19.0,18.0,18.0,18.0,16.0,16.0
real,300,gulf,11,ConstVel,0,buffer,37,379,9.622312463864674,9.622312463864674,0.3861635163553013,,,,,,,,,,,,,,,,,,,,
real,300,gulf,11,ConstVel,0,buffer,38,417,2.0209492714870985,2.0209492714870985,0.05966101028578801,323.0,323.0,323.0,323.0,323.0,323.0,323.0,323.0,323.0,323.0,323.0,323.0,323.0,322.0,322.0,322.0,322.0,322.0,322.0,322.0
real,300,gulf,11,ConstVel,0,buffer,39,420,4.1393425705517775,4.1393425705517775,0.0021582694726054114,,,,,,,,,,,,,,,,,,,,
real,300,gulf,11,ConstVel,0,buffer,40,430,2.0979708638168684,2.0979708638168684,0.59458730249926,20.0,19.0,19.0,19.0,19.0,19.0,19.0,19.0,19.0,19.0,19.0,19.0,19.0,19.0,19.0,19.0,19.0,19.0,19.0,19.0
real,300,gulf,11,ConstVel,0,buffer,41,432,23.579689611690565,23.579689611690565,1.2963119343128684,,,,,,,,,,,,,,,,,,,,
real,300,gulf,11,ConstVel,0,buffer,42,434,25.58638482157518,25.58638482157518,0.28820417646795476,,,,,,,,,,,,,,,,,,,,
real,300,gulf,11,ConstVel,0,buffer,43,439,7.518462391496892,7.518462391496892,0.4650125098629971,,,,,,,,,,,,,,,,,,,,
real,300,gulf,11,ConstVel,0,buffer,44,450,3.2751443971152843,3.2751443971152843,0.4971485674228934,,,,,,,,,,,,,,,,,,,,
real,300,gulf,11,ConstVel,0,buffer,45,451,11.586198852641033,11.586198852641033,0.4686000053403285,,,,,,,,,,,,,,,,,,,,
real,300,gulf,11,ConstVel,0,buffer,46,466,5.345275510900062,5.345275510900062,0.4741978638858355,,,,,,,,,,,,,,,161.0,160.0,159.0,158.0,157.0,156.0
real,300,gulf,11,ConstVel,0,buffer,47,484,17.671405028238482,17.671405028238482,0.881061708872187,,,,,,,,,,,,,,,,,,,,
real,300,gulf,11,ConstVel,0,crossing,0,1,17.026694577852126,17.026694577852126,0.39228662105015727,,,,,,,,,,,,,,,,,,,,
real,300,gulf,11,ConstVel,0,crossing,1,26,6.5032073469815,6.5032073469815,1.5049227737915882,,,,,,,,,,,,,,,,,,,,
real,300,gulf,11,ConstVel,0,crossing,2,27,25.360597113523117,25.360597113523117,1.1218212795502955,,,,,,,,,,,,,,,,,,,,
real,300,gulf,11,ConstVel,0,crossing,3,29,28.284405074372057,28.284405074372057,0.5270786166441769,,,,,,,,,,,,,,,,,,,,
real,300,gulf,11,ConstVel,0,crossing,4,35,11.963240630449201,11.963240630449201,0.4116062050846804,,,,,,,,,,,,,,,,,,,,
real,300,gulf,11,ConstVel,0,crossing,5,46,10.07568466221555,10.07568466221555,0.45298017822903,,,,,,,,,,,,,,,,,,,,
real,300,gulf,11,ConstVel,0,crossing,6,77,6.904004400468228,6.904004400468228,1.2478008372632317,,,,,,,,,,,,,,,,,,,,
real,300,gulf,11,ConstVel,0,crossing,7,79,14.10050703321744,14.10050703321744,1.4229685319163434,,,,,,,,,,,,,,,,,,,,
real,300,gulf,11,ConstVel,0,crossing,8,87,17.939586188654822,17.939586188654822,0.3775960688687145,,,,,,,,,,,,,,,,,,,,
real,300,gulf,11,ConstVel,0,crossing,9,103,6.068396373793605,6.068396373793605,0.4743476329125509,,,,,,,,,,,,,,,,165.0,164.0,163.0,162.0,160.0
real,300,gulf,11,ConstVel,0,crossing,10,123,26.363037257201213,26.363037257201213,0.4586227636687133,,,,,,,,,,,,,,,,,,,,
real,300,gulf,11,ConstVel,0,crossing,11,143,11.167703423955338,11.167703423955338,0.5899670350379019,,,,,,,,,,,,,,,,,,,,
real,300,gulf,11,ConstVel,0,crossing,12,186,21.19466437104218,21.19466437104218,0.45588832907631704,,,,,,,,,,,,,,,,,,,,
real,300,gulf,11,ConstVel,0,crossing,13,190,15.900065735953422,15.900065735953422,0.31327715659609306,,,,,,,,,,,,,,,,,,,,
real,300,gulf,11,ConstVel,0,crossing,14,198,22.136887893547613,22.136887893547613,0.3215685963729888,,,,,,,,,,,,,,,,,,,,
real,300,gulf,11,ConstVel,0,crossing,15,215,15.428842634009262,15.428842634009262,0.577073326506986,,,,,,,,,,,,,,,,,,,,
real,300,gulf,11,ConstVel,0,crossing,16,221,18.116471039648776,18.116471039648776,1.2173476598799422,,,,,,,,,,,,,,,,,,,,
real,300,gulf,11,ConstVel,0,crossing,17,226,12.20636638527805,12.20636638527805,0.5962570839508283,,,,,,,,,,,,,,,,,,,,
real,300,gulf,11,ConstVel,0,crossing,18,228,4.091363749185027,4.091363749185027,0.9996471361649935,,,,,,,,,,,,,,,,,,,,
real,300,gulf,11,ConstVel,0,crossing,19,260,3.450485963571329,3.450485963571329,0.5354962888986673,,,,,,,21.0,12.0,11.0,11.0,10.0,10.0,9.0,8.0,8.0,8.0,8.0,8.0,8.0,8.0
real,300,gulf,11,ConstVel,0,crossing,20,269,19.064482433965054,19.064482433965054,1.2544906589735085,,,,,,,,,,,,,,,,,,,,51.0
real,300,gulf,11,ConstVel,0,crossing,21,273,16.1574106160158,16.1574106160158,0.39427433184390875,,,,,,,,,,,,,,,,,,,,
real,300,gulf,11,ConstVel,0,crossing,22,286,2.3167809190116766,2.3167809190116766,0.03947253679156464,410.0,410.0,134.0,134.0,134.0,134.0,114.0,114.0,112.0,112.0,112.0,112.0,112.0,112.0,112.0,112.0,112.0,112.0,112.0,112.0
real,300,gulf,11,ConstVel,0,crossing,23,289,2.101426710087372,2.101426710087372,0.023864829313050052,,92.0,88.0,82.0,82.0,82.0,82.0,82.0,82.0,82.0,82.0,82.0,82.0,82.0,82.0,82.0,82.0,82.0,82.0,82.0
real,300,gulf,11,ConstVel,0,crossing,24,306,21.76084426486419,21.76084426486419,0.4740304747459214,,,,,,,,,,,,,,,,,,,,
real,300,gulf,11,ConstVel,0,crossing,25,308,13.60549519923911,13.60549519923911,1.632063369399551,,,,,,,,,,,,,,,,,,,,68.0
real,300,gulf,11,ConstVel,0,crossing,26,319,18.875543671432194,18.875543671432194,0.35959979055669145,,,,,,,,,,,,,,,,,,,,
real,300,gulf,11,ConstVel,0,crossing,27,320,20.95496648559589,20.95496648559589,0.20992973618047084,,,,,,,,,,,,,,,,,,,,
real,300,gulf,11,ConstVel,0,crossing,28,328,16.65845630457464,16.65845630457464,0.34375029109972977,,,,,,,,,,,,,,,,,,,,
real,300,gulf,11,ConstVel,0,crossing,29,332,11.728509051312477,11.728509051312477,0.5670119199111232,,,,,,,,,,,,,,,,,,,,
real,300,gulf,11,ConstVel,0,crossing,30,337,2.02442266119215,2.02442266119215,0.04904533131976469,,267.0,267.0,34.0,34.0,34.0,34.0,34.0,34.0,34.0,34.0,34.0,34.0,34.0,34.0,34.0,34.0,34.0,34.0,34.0
real,300,gulf,11,ConstVel,0,crossing,31,352,16.997016473296572,16.997016473296572,0.4350413060422109,,,,,,,,,,,,,,,,,,,,
real,300,gulf,11,ConstVel,0,crossing,32,354,18.02160823322652,18.02160823322652,0.4847490602736013,,,,,,,,,,,,,,,,,,,,
real,300,gulf,11,ConstVel,0,crossing,33,355,18.749431139132703,18.749431139132703,0.46330561188209196,,,,,,,,,,,,,,,,,,,,
real,300,gulf,11,ConstVel,0,crossing,34,356,2.988660632086339,2.988660632086339,0.5837999220760901,,,,719.0,719.0,718.0,717.0,716.0,714.0,713.0,712.0,711.0,710.0,709.0,707.0,706.0,705.0,705.0,704.0,703.0
real,300,gulf,11,ConstVel,0,crossing,35,375,11.409502497972799,11.409502497972799,0.4512939447540166,,,,,,,,,,,,,,,,,,,,
real,300,gulf,11,ConstVel,0,crossing,36,376,2.539037864528179,2.539037864528179,0.4875439629126882,,,,,,,,35.0,34.0,33.0,20.0,20.0,20.0,20.0,19.0,19.0,19.0,19.0,19.0,19.0
real,300,gulf,11,ConstVel,0,crossing,37,379,9.622312463864674,9.622312463864674,0.3861635163553013,,,,,,,,,,,,,,,,,,,,
real,300,gulf,11,ConstVel,0,crossing,38,417,2.0209492714870985,2.0209492714870985,0.05966101028578801,,323.0,323.0,323.0,323.0,323.0,323.0,323.0,323.0,323.0,323.0,323.0,323.0,323.0,323.0,323.0,323.0,323.0,323.0,323.0
real,300,gulf,11,ConstVel,0,crossing,39,420,4.1393425705517775,4.1393425705517775,0.0021582694726054114,,,,,,,,,,,,,,,,,,,,
real,300,gulf,11,ConstVel,0,crossing,40,430,2.0979708638168684,2.0979708638168684,0.59458730249926,,29.0,19.0,19.0,19.0,19.0,19.0,19.0,19.0,19.0,19.0,19.0,19.0,19.0,19.0,19.0,19.0,19.0,19.0,19.0
real,300,gulf,11,ConstVel,0,crossing,41,432,23.579689611690565,23.579689611690565,1.2963119343128684,,,,,,,,,,,,,,,,,,,,
real,300,gulf,11,ConstVel,0,crossing,42,434,25.58638482157518,25.58638482157518,0.28820417646795476,,,,,,,,,,,,,,,,,,,,
real,300,gulf,11,ConstVel,0,crossing,43,439,7.518462391496892,7.518462391496892,0.4650125098629971,,,,,,,,,,,,,,,,,,,,
real,300,gulf,11,ConstVel,0,crossing,44,450,3.2751443971152843,3.2751443971152843,0.4971485674228934,,,,,,,,,,,,,,,,,,,,
real,300,gulf,11,ConstVel,0,crossing,45,451,11.586198852641033,11.586198852641033,0.4686000053403285,,,,,,,,,,,,,,,,,,,,
real,300,gulf,11,ConstVel,0,crossing,46,466,5.345275510900062,5.345275510900062,0.4741978638858355,,,,,,,,,,,,,,,,,,,,
real,300,gulf,11,ConstVel,0,crossing,47,484,17.671405028238482,17.671405028238482,0.881061708872187,,,,,,,,,,,,,,,,,,,,
real,300,gulf,11,Kalman,0,buffer,0,1,17.026694577852126,17.026694577852126,0.39228662105015727,,,,,,,,,,,,,,,,,,,,
real,300,gulf,11,Kalman,0,buffer,1,26,6.5032073469815,6.5032073469815,1.5049227737915882,,,,,,,,,,,,,,,,,,,,
real,300,gulf,11,Kalman,0,buffer,2,27,25.360597113523117,25.360597113523117,1.1218212795502955,,,,,,,,,,,,,,,,,,,,
real,300,gulf,11,Kalman,0,buffer,3,29,28.284405074372057,28.284405074372057,0.5270786166441769,,,,,,,,,,,,,,,,,,,,
real,300,gulf,11,Kalman,0,buffer,4,35,11.963240630449201,11.963240630449201,0.4116062050846804,,,,,,,,,,,,,,,,,,,,
real,300,gulf,11,Kalman,0,buffer,5,46,10.07568466221555,10.07568466221555,0.45298017822903,,,,,,,,,,,,,,,,,,,,
real,300,gulf,11,Kalman,0,buffer,6,77,6.904004400468228,6.904004400468228,1.2478008372632317,,,,,,,,,,,,,,,,,,,,
real,300,gulf,11,Kalman,0,buffer,7,79,14.10050703321744,14.10050703321744,1.4229685319163434,,,,,,,,,,,,,,,,,,,,
real,300,gulf,11,Kalman,0,buffer,8,87,17.939586188654822,17.939586188654822,0.3775960688687145,,,,,,,,,,,,,,,,,,,,
real,300,gulf,11,Kalman,0,buffer,9,103,6.068396373793605,6.068396373793605,0.4743476329125509,,,,,,,,,,,165.0,164.0,163.0,162.0,161.0,159.0,159.0,158.0,158.0,157.0
real,300,gulf,11,Kalman,0,buffer,10,123,26.363037257201213,26.363037257201213,0.4586227636687133,,,,,,,,,,,,,,,,,,,,
real,300,gulf,11,Kalman,0,buffer,11,143,11.167703423955338,11.167703423955338,0.5899670350379019,,,,,,,,,,,,,,,,,,,,11.0
real,300,gulf,11,Kalman,0,buffer,12,186,21.19466437104218,21.19466437104218,0.45588832907631704,,,,,,,,,,,,,,,,,,,,
real,300,gulf,11,Kalman,0,buffer,13,190,15.900065735953422,15.900065735953422,0.31327715659609306,,,,,,,,,,,,,,,,,,,,
real,300,gulf,11,Kalman,0,buffer,14,198,22.136887893547613,22.136887893547613,0.3215685963729888,,,,,,,,,,,,,,,,,,,,
real,300,gulf,11,Kalman,0,buffer,15,215,15.428842634009262,15.428842634009262,0.577073326506986,,,,,,,,,,,,,,,,,,,,
real,300,gulf,11,Kalman,0,buffer,16,221,18.116471039648776,18.116471039648776,1.2173476598799422,,,,,,,,,,,,,,,,,,,,
real,300,gulf,11,Kalman,0,buffer,17,226,12.20636638527805,12.20636638527805,0.5962570839508283,,,,,,,,,,,,,,,,,,,,
real,300,gulf,11,Kalman,0,buffer,18,228,4.091363749185027,4.091363749185027,0.9996471361649935,,,,,,,,,,,,,,,,,,,,
real,300,gulf,11,Kalman,0,buffer,19,260,3.450485963571329,3.450485963571329,0.5354962888986673,,,21.0,20.0,20.0,12.0,11.0,11.0,10.0,10.0,9.0,9.0,9.0,8.0,8.0,8.0,8.0,8.0,8.0,8.0
real,300,gulf,11,Kalman,0,buffer,20,269,19.064482433965054,19.064482433965054,1.2544906589735085,,,,,,,,,,,,,,,,,,51.0,50.0,49.0
real,300,gulf,11,Kalman,0,buffer,21,273,16.1574106160158,16.1574106160158,0.39427433184390875,,,,,,,,,,,,,,,,,,,,
real,300,gulf,11,Kalman,0,buffer,22,286,2.3167809190116766,2.3167809190116766,0.03947253679156464,410.0,134.0,112.0,112.0,112.0,112.0,112.0,112.0,112.0,112.0,112.0,112.0,112.0,112.0,112.0,112.0,112.0,112.0,112.0,112.0
real,300,gulf,11,Kalman,0,buffer,23,289,2.101426710087372,2.101426710087372,0.023864829313050052,82.0,82.0,82.0,82.0,82.0,82.0,82.0,82.0,82.0,82.0,82.0,82.0,82.0,82.0,82.0,82.0,82.0,82.0,82.0,82.0
real,300,gulf,11,Kalman,0,buffer,24,306,21.76084426486419,21.76084426486419,0.4740304747459214,,,,,,,,,,,,,,,,,,,,
real,300,gulf,11,Kalman,0,buffer,25,308,13.60549519923911,13.60549519923911,1.632063369399551,,,,,,,,,,,,,,,,,68.0,68.0,67.0,66.0
real,300,gulf,11,Kalman,0,buffer,26,319,18.875543671432194,18.875543671432194,0.35959979055669145,,,,,,,,,,,,,,,,,,,,
real,300,gulf,11,Kalman,0,buffer,27,320,20.95496648559589,20.95496648559589,0.20992973618047084,,,,,,,,,,,,,,,,,,,,
real,300,gulf,11,Kalman,0,buffer,28,328,16.65845630457464,16.65845630457464,0.34375029109972977,,,,,,,,,,,,,,,,,,,,
real,300,gulf,11,Kalman,0,buffer,29,332,11.728509051312477,11.728509051312477,0.5670119199111232,,,,,,,,,,,,,,,,,,,,
real,300,gulf,11,Kalman,0,buffer,30,337,2.02442266119215,2.02442266119215,0.04904533131976469,267.0,267.0,34.0,34.0,34.0,34.0,34.0,34.0,34.0,34.0,34.0,34.0,34.0,34.0,34.0,34.0,34.0,34.0,34.0,34.0
real,300,gulf,11,Kalman,0,buffer,31,352,16.997016473296572,16.997016473296572,0.4350413060422109,,,,,,,,,,,,,,,,,,,,
real,300,gulf,11,Kalman,0,buffer,32,354,18.02160823322652,18.02160823322652,0.4847490602736013,,,,,,,,,,,,,,,,,,,,
real,300,gulf,11,Kalman,0,buffer,33,355,18.749431139132703,18.749431139132703,0.46330561188209196,,,,,,,,,,,,,,,,,,,,
real,300,gulf,11,Kalman,0,buffer,34,356,2.988660632086339,2.988660632086339,0.5837999220760901,,719.0,718.0,717.0,716.0,715.0,714.0,712.0,711.0,710.0,709.0,708.0,707.0,706.0,705.0,704.0,703.0,702.0,701.0,699.0
real,300,gulf,11,Kalman,0,buffer,35,375,11.409502497972799,11.409502497972799,0.4512939447540166,,,,,,,,,,,,,,,,,,,,
real,300,gulf,11,Kalman,0,buffer,36,376,2.539037864528179,2.539037864528179,0.4875439629126882,,36.0,35.0,34.0,33.0,32.0,21.0,20.0,20.0,20.0,19.0,19.0,19.0,19.0,19.0,18.0,18.0,18.0,17.0,16.0
real,300,gulf,11,Kalman,0,buffer,37,379,9.622312463864674,9.622312463864674,0.3861635163553013,,,,,,,,,,,,,,,,,,,,
real,300,gulf,11,Kalman,0,buffer,38,417,2.0209492714870985,2.0209492714870985,0.05966101028578801,323.0,323.0,323.0,323.0,323.0,323.0,323.0,323.0,323.0,323.0,323.0,323.0,323.0,323.0,323.0,323.0,323.0,323.0,323.0,323.0
real,300,gulf,11,Kalman,0,buffer,39,420,4.1393425705517775,4.1393425705517775,0.0021582694726054114,,,,,,,,,,,,,,,,,,,,
real,300,gulf,11,Kalman,0,buffer,40,430,2.0979708638168684,2.0979708638168684,0.59458730249926,20.0,20.0,20.0,20.0,19.0,19.0,19.0,19.0,19.0,19.0,19.0,19.0,19.0,19.0,19.0,19.0,19.0,19.0,19.0,19.0
real,300,gulf,11,Kalman,0,buffer,41,432,23.579689611690565,23.579689611690565,1.2963119343128684,,,,,,,,,,,,,,,,,,,,
real,300,gulf,11,Kalman,0,buffer,42,434,25.58638482157518,25.58638482157518,0.28820417646795476,,,,,,,,,,,,,,,,,,,,
real,300,gulf,11,Kalman,0,buffer,43,439,7.518462391496892,7.518462391496892,0.4650125098629971,,,,,,,,,,,,,,,,,,,,
real,300,gulf,11,Kalman,0,buffer,44,450,3.2751443971152843,3.2751443971152843,0.4971485674228934,,,,,,,,,,,,,,,,,,,,
real,300,gulf,11,Kalman,0,buffer,45,451,11.586198852641033,11.586198852641033,0.4686000053403285,,,,,,,,,,,,,,,,,,,,
real,300,gulf,11,Kalman,0,buffer,46,466,5.345275510900062,5.345275510900062,0.4741978638858355,,,,,,,,,,,,,,162.0,161.0,160.0,159.0,158.0,157.0,156.0
real,300,gulf,11,Kalman,0,buffer,47,484,17.671405028238482,17.671405028238482,0.881061708872187,,,,,,,,,,,,,,,,,,,,
real,300,gulf,11,Kalman,0,crossing,0,1,17.026694577852126,17.026694577852126,0.39228662105015727,,,,,,,,,,,,,,,,,,,,
real,300,gulf,11,Kalman,0,crossing,1,26,6.5032073469815,6.5032073469815,1.5049227737915882,,,,,,,,,,,,,,,,,,,,
real,300,gulf,11,Kalman,0,crossing,2,27,25.360597113523117,25.360597113523117,1.1218212795502955,,,,,,,,,,,,,,,,,,,,
real,300,gulf,11,Kalman,0,crossing,3,29,28.284405074372057,28.284405074372057,0.5270786166441769,,,,,,,,,,,,,,,,,,,,
real,300,gulf,11,Kalman,0,crossing,4,35,11.963240630449201,11.963240630449201,0.4116062050846804,,,,,,,,,,,,,,,,,,,,
real,300,gulf,11,Kalman,0,crossing,5,46,10.07568466221555,10.07568466221555,0.45298017822903,,,,,,,,,,,,,,,,,,,,
real,300,gulf,11,Kalman,0,crossing,6,77,6.904004400468228,6.904004400468228,1.2478008372632317,,,,,,,,,,,,,,,,,,,,
real,300,gulf,11,Kalman,0,crossing,7,79,14.10050703321744,14.10050703321744,1.4229685319163434,,,,,,,,,,,,,,,,,,,,
real,300,gulf,11,Kalman,0,crossing,8,87,17.939586188654822,17.939586188654822,0.3775960688687145,,,,,,,,,,,,,,,,,,,,
real,300,gulf,11,Kalman,0,crossing,9,103,6.068396373793605,6.068396373793605,0.4743476329125509,,,,,,,,,,,,,,,,165.0,164.0,163.0,162.0,160.0
real,300,gulf,11,Kalman,0,crossing,10,123,26.363037257201213,26.363037257201213,0.4586227636687133,,,,,,,,,,,,,,,,,,,,
real,300,gulf,11,Kalman,0,crossing,11,143,11.167703423955338,11.167703423955338,0.5899670350379019,,,,,,,,,,,,,,,,,,,,
real,300,gulf,11,Kalman,0,crossing,12,186,21.19466437104218,21.19466437104218,0.45588832907631704,,,,,,,,,,,,,,,,,,,,
real,300,gulf,11,Kalman,0,crossing,13,190,15.900065735953422,15.900065735953422,0.31327715659609306,,,,,,,,,,,,,,,,,,,,
real,300,gulf,11,Kalman,0,crossing,14,198,22.136887893547613,22.136887893547613,0.3215685963729888,,,,,,,,,,,,,,,,,,,,
real,300,gulf,11,Kalman,0,crossing,15,215,15.428842634009262,15.428842634009262,0.577073326506986,,,,,,,,,,,,,,,,,,,,
real,300,gulf,11,Kalman,0,crossing,16,221,18.116471039648776,18.116471039648776,1.2173476598799422,,,,,,,,,,,,,,,,,,,,
real,300,gulf,11,Kalman,0,crossing,17,226,12.20636638527805,12.20636638527805,0.5962570839508283,,,,,,,,,,,,,,,,,,,,
real,300,gulf,11,Kalman,0,crossing,18,228,4.091363749185027,4.091363749185027,0.9996471361649935,,,,,,,,,,,,,,,,,,,,
real,300,gulf,11,Kalman,0,crossing,19,260,3.450485963571329,3.450485963571329,0.5354962888986673,,,,,,,21.0,12.0,12.0,11.0,11.0,10.0,10.0,9.0,9.0,9.0,9.0,8.0,8.0,8.0
real,300,gulf,11,Kalman,0,crossing,20,269,19.064482433965054,19.064482433965054,1.2544906589735085,,,,,,,,,,,,,,,,,,,,51.0
real,300,gulf,11,Kalman,0,crossing,21,273,16.1574106160158,16.1574106160158,0.39427433184390875,,,,,,,,,,,,,,,,,,,,
real,300,gulf,11,Kalman,0,crossing,22,286,2.3167809190116766,2.3167809190116766,0.03947253679156464,,410.0,410.0,410.0,134.0,134.0,134.0,134.0,134.0,134.0,134.0,134.0,134.0,112.0,112.0,112.0,112.0,112.0,112.0,112.0
real,300,gulf,11,Kalman,0,crossing,23,289,2.101426710087372,2.101426710087372,0.023864829313050052,,,92.0,89.0,88.0,82.0,82.0,82.0,82.0,82.0,82.0,82.0,82.0,82.0,82.0,82.0,82.0,82.0,82.0,82.0
real,300,gulf,11,Kalman,0,crossing,24,306,21.76084426486419,21.76084426486419,0.4740304747459214,,,,,,,,,,,,,,,,,,,,
real,300,gulf,11,Kalman,0,crossing,25,308,13.60549519923911,13.60549519923911,1.632063369399551,,,,,,,,,,,,,,,,,,,,68.0
real,300,gulf,11,Kalman,0,crossing,26,319,18.875543671432194,18.875543671432194,0.35959979055669145,,,,,,,,,,,,,,,,,,,,
real,300,gulf,11,Kalman,0,crossing,27,320,20.95496648559589,20.95496648559589,0.20992973618047084,,,,,,,,,,,,,,,,,,,,
real,300,gulf,11,Kalman,0,crossing,28,328,16.65845630457464,16.65845630457464,0.34375029109972977,,,,,,,,,,,,,,,,,,,,
real,300,gulf,11,Kalman,0,crossing,29,332,11.728509051312477,11.728509051312477,0.5670119199111232,,,,,,,,,,,,,,,,,,,,
real,300,gulf,11,Kalman,0,crossing,30,337,2.02442266119215,2.02442266119215,0.04904533131976469,,,267.0,267.0,267.0,267.0,267.0,267.0,34.0,34.0,34.0,34.0,34.0,34.0,34.0,34.0,34.0,34.0,34.0,34.0
real,300,gulf,11,Kalman,0,crossing,31,352,16.997016473296572,16.997016473296572,0.4350413060422109,,,,,,,,,,,,,,,,,,,,
real,300,gulf,11,Kalman,0,crossing,32,354,18.02160823322652,18.02160823322652,0.4847490602736013,,,,,,,,,,,,,,,,,,,,
real,300,gulf,11,Kalman,0,crossing,33,355,18.749431139132703,18.749431139132703,0.46330561188209196,,,,,,,,,,,,,,,,,,,,
real,300,gulf,11,Kalman,0,crossing,34,356,2.988660632086339,2.988660632086339,0.5837999220760901,,,,719.0,719.0,718.0,717.0,716.0,714.0,713.0,712.0,711.0,710.0,708.0,707.0,706.0,705.0,705.0,704.0,703.0
real,300,gulf,11,Kalman,0,crossing,35,375,11.409502497972799,11.409502497972799,0.4512939447540166,,,,,,,,,,,,,,,,,,,,
real,300,gulf,11,Kalman,0,crossing,36,376,2.539037864528179,2.539037864528179,0.4875439629126882,,,,,,,36.0,35.0,34.0,33.0,32.0,20.0,20.0,20.0,20.0,20.0,19.0,19.0,19.0,19.0
real,300,gulf,11,Kalman,0,crossing,37,379,9.622312463864674,9.622312463864674,0.3861635163553013,,,,,,,,,,,,,,,,,,,,
real,300,gulf,11,Kalman,0,crossing,38,417,2.0209492714870985,2.0209492714870985,0.05966101028578801,,,323.0,323.0,323.0,323.0,323.0,323.0,323.0,323.0,323.0,323.0,323.0,323.0,323.0,323.0,323.0,323.0,323.0,323.0
real,300,gulf,11,Kalman,0,crossing,39,420,4.1393425705517775,4.1393425705517775,0.0021582694726054114,,,,,,,,,,,,,,,,,,,,
real,300,gulf,11,Kalman,0,crossing,40,430,2.0979708638168684,2.0979708638168684,0.59458730249926,,,29.0,20.0,20.0,20.0,20.0,20.0,20.0,19.0,19.0,19.0,19.0,19.0,19.0,19.0,19.0,19.0,19.0,19.0
real,300,gulf,11,Kalman,0,crossing,41,432,23.579689611690565,23.579689611690565,1.2963119343128684,,,,,,,,,,,,,,,,,,,,
real,300,gulf,11,Kalman,0,crossing,42,434,25.58638482157518,25.58638482157518,0.28820417646795476,,,,,,,,,,,,,,,,,,,,
real,300,gulf,11,Kalman,0,crossing,43,439,7.518462391496892,7.518462391496892,0.4650125098629971,,,,,,,,,,,,,,,,,,,,
real,300,gulf,11,Kalman,0,crossing,44,450,3.2751443971152843,3.2751443971152843,0.4971485674228934,,,,,,,,,,,,,,,,,,,,
real,300,gulf,11,Kalman,0,crossing,45,451,11.586198852641033,11.586198852641033,0.4686000053403285,,,,,,,,,,,,,,,,,,,,
real,300,gulf,11,Kalman,0,crossing,46,466,5.345275510900062,5.345275510900062,0.4741978638858355,,,,,,,,,,,,,,,,,,,,
real,300,gulf,11,Kalman,0,crossing,47,484,17.671405028238482,17.671405028238482,0.881061708872187,,,,,,,,,,,,,,,,,,,,
real,300,gulf,11,LSTM-rec,0,buffer,0,1,17.026694577852126,17.026694577852126,0.39228662105015727,,,,,,,,,,,,,,,,,,,,
real,300,gulf,11,LSTM-rec,0,buffer,1,26,6.5032073469815,6.5032073469815,1.5049227737915882,,,,,,,,,,,,,,,,,,,,
real,300,gulf,11,LSTM-rec,0,buffer,2,27,25.360597113523117,25.360597113523117,1.1218212795502955,,,,,,,,,,,,,,,,,,,,
real,300,gulf,11,LSTM-rec,0,buffer,3,29,28.284405074372057,28.284405074372057,0.5270786166441769,,,,,,,,,,,,,,,,,,,,
real,300,gulf,11,LSTM-rec,0,buffer,4,35,11.963240630449201,11.963240630449201,0.4116062050846804,,,,,,,,,,,,,,,,,,,,
real,300,gulf,11,LSTM-rec,0,buffer,5,46,10.07568466221555,10.07568466221555,0.45298017822903,,,,,,,,,,,,,,,,,,,,
real,300,gulf,11,LSTM-rec,0,buffer,6,77,6.904004400468228,6.904004400468228,1.2478008372632317,,,,,,,,,,,,,,,,,,,,
real,300,gulf,11,LSTM-rec,0,buffer,7,79,14.10050703321744,14.10050703321744,1.4229685319163434,,,,,,,,,,,,,,,,,,,,
real,300,gulf,11,LSTM-rec,0,buffer,8,87,17.939586188654822,17.939586188654822,0.3775960688687145,,,,,,,,,,,,,,,,,,,,
real,300,gulf,11,LSTM-rec,0,buffer,9,103,6.068396373793605,6.068396373793605,0.4743476329125509,,,,,,,,,,,,,,,,,,,,
real,300,gulf,11,LSTM-rec,0,buffer,10,123,26.363037257201213,26.363037257201213,0.4586227636687133,,,,,,,,,,,,,,,,,,,,
real,300,gulf,11,LSTM-rec,0,buffer,11,143,11.167703423955338,11.167703423955338,0.5899670350379019,,,,,,,,,,,,,,,,,,,,
real,300,gulf,11,LSTM-rec,0,buffer,12,186,21.19466437104218,21.19466437104218,0.45588832907631704,,,,,,,,,,,,,,,,,,,,
real,300,gulf,11,LSTM-rec,0,buffer,13,190,15.900065735953422,15.900065735953422,0.31327715659609306,,,,,,,,,,,,,,,,,,,,
real,300,gulf,11,LSTM-rec,0,buffer,14,198,22.136887893547613,22.136887893547613,0.3215685963729888,,,,,,,,,,,,,,,,,,,,
real,300,gulf,11,LSTM-rec,0,buffer,15,215,15.428842634009262,15.428842634009262,0.577073326506986,,,,,,,,,,,,,,,,,,,,
real,300,gulf,11,LSTM-rec,0,buffer,16,221,18.116471039648776,18.116471039648776,1.2173476598799422,,,,,,,,,,,,,,,,,,,,
real,300,gulf,11,LSTM-rec,0,buffer,17,226,12.20636638527805,12.20636638527805,0.5962570839508283,,,,,,,,,,,,,,,,,,,,
real,300,gulf,11,LSTM-rec,0,buffer,18,228,4.091363749185027,4.091363749185027,0.9996471361649935,,,,,,,,,,,,,,,,,,,,
real,300,gulf,11,LSTM-rec,0,buffer,19,260,3.450485963571329,3.450485963571329,0.5354962888986673,,,,21.0,21.0,20.0,20.0,20.0,12.0,12.0,12.0,12.0,12.0,12.0,11.0,11.0,11.0,11.0,11.0,11.0
real,300,gulf,11,LSTM-rec,0,buffer,20,269,19.064482433965054,19.064482433965054,1.2544906589735085,,,,,,,,,,,,,,,,,,,,
real,300,gulf,11,LSTM-rec,0,buffer,21,273,16.1574106160158,16.1574106160158,0.39427433184390875,,,,,,,,,,,,,,,,,,,,
real,300,gulf,11,LSTM-rec,0,buffer,22,286,2.3167809190116766,2.3167809190116766,0.03947253679156464,410.0,114.0,112.0,112.0,112.0,112.0,112.0,112.0,112.0,112.0,112.0,112.0,112.0,112.0,112.0,112.0,112.0,112.0,112.0,112.0
real,300,gulf,11,LSTM-rec,0,buffer,23,289,2.101426710087372,2.101426710087372,0.023864829313050052,82.0,82.0,82.0,82.0,82.0,82.0,82.0,82.0,82.0,82.0,82.0,82.0,82.0,82.0,82.0,82.0,82.0,82.0,82.0,82.0
real,300,gulf,11,LSTM-rec,0,buffer,24,306,21.76084426486419,21.76084426486419,0.4740304747459214,,,,,,,,,,,,,,,,,,,,
real,300,gulf,11,LSTM-rec,0,buffer,25,308,13.60549519923911,13.60549519923911,1.632063369399551,,,,,,,,,,,,,,,,,,,,
real,300,gulf,11,LSTM-rec,0,buffer,26,319,18.875543671432194,18.875543671432194,0.35959979055669145,,,,,,,,,,,,,,,,,,,,
real,300,gulf,11,LSTM-rec,0,buffer,27,320,20.95496648559589,20.95496648559589,0.20992973618047084,,,,,,,,,,,,,,,,,,,,
real,300,gulf,11,LSTM-rec,0,buffer,28,328,16.65845630457464,16.65845630457464,0.34375029109972977,,,,,,,,,,,,,,,,,,,,
real,300,gulf,11,LSTM-rec,0,buffer,29,332,11.728509051312477,11.728509051312477,0.5670119199111232,,,,,,,,,,,,,,,,,,,,
real,300,gulf,11,LSTM-rec,0,buffer,30,337,2.02442266119215,2.02442266119215,0.04904533131976469,267.0,34.0,34.0,34.0,34.0,34.0,34.0,34.0,34.0,34.0,34.0,34.0,34.0,34.0,34.0,34.0,34.0,34.0,34.0,34.0
real,300,gulf,11,LSTM-rec,0,buffer,31,352,16.997016473296572,16.997016473296572,0.4350413060422109,,,,,,,,,,,,,,,,,,,,
real,300,gulf,11,LSTM-rec,0,buffer,32,354,18.02160823322652,18.02160823322652,0.4847490602736013,,,,,,,,,,,,,,,,,,,,
real,300,gulf,11,LSTM-rec,0,buffer,33,355,18.749431139132703,18.749431139132703,0.46330561188209196,,,,,,,,,,,,,,,,,,,,
real,300,gulf,11,LSTM-rec,0,buffer,34,356,2.988660632086339,2.988660632086339,0.5837999220760901,,719.0,718.0,718.0,717.0,717.0,716.0,716.0,715.0,715.0,714.0,714.0,713.0,713.0,713.0,713.0,712.0,712.0,712.0,712.0
real,300,gulf,11,LSTM-rec,0,buffer,35,375,11.409502497972799,11.409502497972799,0.4512939447540166,,,,,,,,,,,,,,,,,,,,
real,300,gulf,11,LSTM-rec,0,buffer,36,376,2.539037864528179,2.539037864528179,0.4875439629126882,,36.0,35.0,35.0,34.0,34.0,33.0,33.0,33.0,32.0,32.0,32.0,32.0,32.0,32.0,32.0,32.0,32.0,32.0,32.0
real,300,gulf,11,LSTM-rec,0,buffer,37,379,9.622312463864674,9.622312463864674,0.3861635163553013,,,,,,,,,,,,,,,,,,,,
real,300,gulf,11,LSTM-rec,0,buffer,38,417,2.0209492714870985,2.0209492714870985,0.05966101028578801,323.0,323.0,323.0,323.0,323.0,323.0,323.0,323.0,323.0,323.0,323.0,323.0,323.0,323.0,323.0,323.0,323.0,323.0,323.0,323.0
real,300,gulf,11,LSTM-rec,0,buffer,39,420,4.1393425705517775,4.1393425705517775,0.0021582694726054114,,,,,,,,,,,,,,,,,,,,
real,300,gulf,11,LSTM-rec,0,buffer,40,430,2.0979708638168684,2.0979708638168684,0.59458730249926,20.0,20.0,20.0,19.0,19.0,19.0,19.0,19.0,19.0,19.0,19.0,19.0,19.0,19.0,19.0,19.0,19.0,19.0,19.0,19.0
real,300,gulf,11,LSTM-rec,0,buffer,41,432,23.579689611690565,23.579689611690565,1.2963119343128684,,,,,,,,,,,,,,,,,,,,
real,300,gulf,11,LSTM-rec,0,buffer,42,434,25.58638482157518,25.58638482157518,0.28820417646795476,,,,,,,,,,,,,,,,,,,,
real,300,gulf,11,LSTM-rec,0,buffer,43,439,7.518462391496892,7.518462391496892,0.4650125098629971,,,,,,,,,,,,,,,,,,,,
real,300,gulf,11,LSTM-rec,0,buffer,44,450,3.2751443971152843,3.2751443971152843,0.4971485674228934,,,,,,,,,,,,,,,,,,,,
real,300,gulf,11,LSTM-rec,0,buffer,45,451,11.586198852641033,11.586198852641033,0.4686000053403285,,,,,,,,,,,,,,,,,,,,
real,300,gulf,11,LSTM-rec,0,buffer,46,466,5.345275510900062,5.345275510900062,0.4741978638858355,,,,,,,,,,,,,,,,,,,,
real,300,gulf,11,LSTM-rec,0,buffer,47,484,17.671405028238482,17.671405028238482,0.881061708872187,,,,,,,,,,,,,,,,,,,,
real,300,gulf,11,LSTM-rec,0,crossing,0,1,17.026694577852126,17.026694577852126,0.39228662105015727,,,,,,,,,,,,,,,,,,,,
real,300,gulf,11,LSTM-rec,0,crossing,1,26,6.5032073469815,6.5032073469815,1.5049227737915882,,,,,,,,,,,,,,,,,,,,
real,300,gulf,11,LSTM-rec,0,crossing,2,27,25.360597113523117,25.360597113523117,1.1218212795502955,,,,,,,,,,,,,,,,,,,,
real,300,gulf,11,LSTM-rec,0,crossing,3,29,28.284405074372057,28.284405074372057,0.5270786166441769,,,,,,,,,,,,,,,,,,,,
real,300,gulf,11,LSTM-rec,0,crossing,4,35,11.963240630449201,11.963240630449201,0.4116062050846804,,,,,,,,,,,,,,,,,,,,
real,300,gulf,11,LSTM-rec,0,crossing,5,46,10.07568466221555,10.07568466221555,0.45298017822903,,,,,,,,,,,,,,,,,,,,
real,300,gulf,11,LSTM-rec,0,crossing,6,77,6.904004400468228,6.904004400468228,1.2478008372632317,,,,,,,,,,,,,,,,,,,,
real,300,gulf,11,LSTM-rec,0,crossing,7,79,14.10050703321744,14.10050703321744,1.4229685319163434,,,,,,,,,,,,,,,,,,,,
real,300,gulf,11,LSTM-rec,0,crossing,8,87,17.939586188654822,17.939586188654822,0.3775960688687145,,,,,,,,,,,,,,,,,,,,
real,300,gulf,11,LSTM-rec,0,crossing,9,103,6.068396373793605,6.068396373793605,0.4743476329125509,,,,,,,,,,,,,,,,,,,,
real,300,gulf,11,LSTM-rec,0,crossing,10,123,26.363037257201213,26.363037257201213,0.4586227636687133,,,,,,,,,,,,,,,,,,,,
real,300,gulf,11,LSTM-rec,0,crossing,11,143,11.167703423955338,11.167703423955338,0.5899670350379019,,,,,,,,,,,,,,,,,,,,
real,300,gulf,11,LSTM-rec,0,crossing,12,186,21.19466437104218,21.19466437104218,0.45588832907631704,,,,,,,,,,,,,,,,,,,,
real,300,gulf,11,LSTM-rec,0,crossing,13,190,15.900065735953422,15.900065735953422,0.31327715659609306,,,,,,,,,,,,,,,,,,,,
real,300,gulf,11,LSTM-rec,0,crossing,14,198,22.136887893547613,22.136887893547613,0.3215685963729888,,,,,,,,,,,,,,,,,,,,
real,300,gulf,11,LSTM-rec,0,crossing,15,215,15.428842634009262,15.428842634009262,0.577073326506986,,,,,,,,,,,,,,,,,,,,
real,300,gulf,11,LSTM-rec,0,crossing,16,221,18.116471039648776,18.116471039648776,1.2173476598799422,,,,,,,,,,,,,,,,,,,,
real,300,gulf,11,LSTM-rec,0,crossing,17,226,12.20636638527805,12.20636638527805,0.5962570839508283,,,,,,,,,,,,,,,,,,,,
real,300,gulf,11,LSTM-rec,0,crossing,18,228,4.091363749185027,4.091363749185027,0.9996471361649935,,,,,,,,,,,,,,,,,,,,
real,300,gulf,11,LSTM-rec,0,crossing,19,260,3.450485963571329,3.450485963571329,0.5354962888986673,,,,,,,,,,,,,,21.0,21.0,21.0,21.0,21.0,21.0,21.0
real,300,gulf,11,LSTM-rec,0,crossing,20,269,19.064482433965054,19.064482433965054,1.2544906589735085,,,,,,,,,,,,,,,,,,,,
real,300,gulf,11,LSTM-rec,0,crossing,21,273,16.1574106160158,16.1574106160158,0.39427433184390875,,,,,,,,,,,,,,,,,,,,
real,300,gulf,11,LSTM-rec,0,crossing,22,286,2.3167809190116766,2.3167809190116766,0.03947253679156464,,,410.0,410.0,410.0,134.0,134.0,134.0,134.0,134.0,134.0,134.0,134.0,134.0,134.0,134.0,134.0,134.0,134.0,134.0
real,300,gulf,11,LSTM-rec,0,crossing,23,289,2.101426710087372,2.101426710087372,0.023864829313050052,,,92.0,92.0,88.0,88.0,82.0,82.0,82.0,82.0,82.0,82.0,82.0,82.0,82.0,82.0,82.0,82.0,82.0,82.0
real,300,gulf,11,LSTM-rec,0,crossing,24,306,21.76084426486419,21.76084426486419,0.4740304747459214,,,,,,,,,,,,,,,,,,,,
real,300,gulf,11,LSTM-rec,0,crossing,25,308,13.60549519923911,13.60549519923911,1.632063369399551,,,,,,,,,,,,,,,,,,,,
real,300,gulf,11,LSTM-rec,0,crossing,26,319,18.875543671432194,18.875543671432194,0.35959979055669145,,,,,,,,,,,,,,,,,,,,
real,300,gulf,11,LSTM-rec,0,crossing,27,320,20.95496648559589,20.95496648559589,0.20992973618047084,,,,,,,,,,,,,,,,,,,,
real,300,gulf,11,LSTM-rec,0,crossing,28,328,16.65845630457464,16.65845630457464,0.34375029109972977,,,,,,,,,,,,,,,,,,,,
real,300,gulf,11,LSTM-rec,0,crossing,29,332,11.728509051312477,11.728509051312477,0.5670119199111232,,,,,,,,,,,,,,,,,,,,
real,300,gulf,11,LSTM-rec,0,crossing,30,337,2.02442266119215,2.02442266119215,0.04904533131976469,,,267.0,267.0,267.0,267.0,267.0,34.0,34.0,34.0,34.0,34.0,34.0,34.0,34.0,34.0,34.0,34.0,34.0,34.0
real,300,gulf,11,LSTM-rec,0,crossing,31,352,16.997016473296572,16.997016473296572,0.4350413060422109,,,,,,,,,,,,,,,,,,,,
real,300,gulf,11,LSTM-rec,0,crossing,32,354,18.02160823322652,18.02160823322652,0.4847490602736013,,,,,,,,,,,,,,,,,,,,
real,300,gulf,11,LSTM-rec,0,crossing,33,355,18.749431139132703,18.749431139132703,0.46330561188209196,,,,,,,,,,,,,,,,,,,,
real,300,gulf,11,LSTM-rec,0,crossing,34,356,2.988660632086339,2.988660632086339,0.5837999220760901,,,,,,719.0,719.0,718.0,718.0,718.0,718.0,717.0,717.0,717.0,716.0,716.0,716.0,715.0,715.0,715.0
real,300,gulf,11,LSTM-rec,0,crossing,35,375,11.409502497972799,11.409502497972799,0.4512939447540166,,,,,,,,,,,,,,,,,,,,
real,300,gulf,11,LSTM-rec,0,crossing,36,376,2.539037864528179,2.539037864528179,0.4875439629126882,,,,,,,,,,,,,,,,,,,,
real,300,gulf,11,LSTM-rec,0,crossing,37,379,9.622312463864674,9.622312463864674,0.3861635163553013,,,,,,,,,,,,,,,,,,,,
real,300,gulf,11,LSTM-rec,0,crossing,38,417,2.0209492714870985,2.0209492714870985,0.05966101028578801,,473.0,323.0,323.0,323.0,323.0,323.0,323.0,323.0,323.0,323.0,323.0,323.0,323.0,323.0,323.0,323.0,323.0,323.0,323.0
real,300,gulf,11,LSTM-rec,0,crossing,39,420,4.1393425705517775,4.1393425705517775,0.0021582694726054114,,,,,,,,,,,,,,,,,,,,
real,300,gulf,11,LSTM-rec,0,crossing,40,430,2.0979708638168684,2.0979708638168684,0.59458730249926,,,29.0,20.0,20.0,20.0,20.0,20.0,20.0,20.0,20.0,20.0,20.0,19.0,19.0,19.0,19.0,19.0,19.0,19.0
real,300,gulf,11,LSTM-rec,0,crossing,41,432,23.579689611690565,23.579689611690565,1.2963119343128684,,,,,,,,,,,,,,,,,,,,
real,300,gulf,11,LSTM-rec,0,crossing,42,434,25.58638482157518,25.58638482157518,0.28820417646795476,,,,,,,,,,,,,,,,,,,,
real,300,gulf,11,LSTM-rec,0,crossing,43,439,7.518462391496892,7.518462391496892,0.4650125098629971,,,,,,,,,,,,,,,,,,,,
real,300,gulf,11,LSTM-rec,0,crossing,44,450,3.2751443971152843,3.2751443971152843,0.4971485674228934,,,,,,,,,,,,,,,,,,,,
real,300,gulf,11,LSTM-rec,0,crossing,45,451,11.586198852641033,11.586198852641033,0.4686000053403285,,,,,,,,,,,,,,,,,,,,
real,300,gulf,11,LSTM-rec,0,crossing,46,466,5.345275510900062,5.345275510900062,0.4741978638858355,,,,,,,,,,,,,,,,,,,,
real,300,gulf,11,LSTM-rec,0,crossing,47,484,17.671405028238482,17.671405028238482,0.881061708872187,,,,,,,,,,,,,,,,,,,,
real,300,gulf,11,LSTM-ms,0,buffer,0,1,17.026694577852126,17.026694577852126,0.39228662105015727,,,,,,,,,,,,,,,,,,,,
real,300,gulf,11,LSTM-ms,0,buffer,1,26,6.5032073469815,6.5032073469815,1.5049227737915882,,,,,,,,,,,,,,,,,,,,
real,300,gulf,11,LSTM-ms,0,buffer,2,27,25.360597113523117,25.360597113523117,1.1218212795502955,,,,,,,,,,,,,,,,,,,,
real,300,gulf,11,LSTM-ms,0,buffer,3,29,28.284405074372057,28.284405074372057,0.5270786166441769,,,,,,,,,,,,,,,,,,,,
real,300,gulf,11,LSTM-ms,0,buffer,4,35,11.963240630449201,11.963240630449201,0.4116062050846804,,,,,,,,,,,,,,,,,,,,
real,300,gulf,11,LSTM-ms,0,buffer,5,46,10.07568466221555,10.07568466221555,0.45298017822903,,,,,,,,,,,,,,,,,,,,
real,300,gulf,11,LSTM-ms,0,buffer,6,77,6.904004400468228,6.904004400468228,1.2478008372632317,,,,,,,,,,,,,,,,,,,,
real,300,gulf,11,LSTM-ms,0,buffer,7,79,14.10050703321744,14.10050703321744,1.4229685319163434,,,,,,,,,,,,,,,,,,,,
real,300,gulf,11,LSTM-ms,0,buffer,8,87,17.939586188654822,17.939586188654822,0.3775960688687145,,,,,,,,,,,,,,,,,,,,
real,300,gulf,11,LSTM-ms,0,buffer,9,103,6.068396373793605,6.068396373793605,0.4743476329125509,,,,,,,,,,,,,,,,,,,,
real,300,gulf,11,LSTM-ms,0,buffer,10,123,26.363037257201213,26.363037257201213,0.4586227636687133,,,,,,,,,,,,,,,,,,,,
real,300,gulf,11,LSTM-ms,0,buffer,11,143,11.167703423955338,11.167703423955338,0.5899670350379019,,,,,,,,,,,,,,,,,,,,
real,300,gulf,11,LSTM-ms,0,buffer,12,186,21.19466437104218,21.19466437104218,0.45588832907631704,,,,,,,,,,,,,,,,,,,,
real,300,gulf,11,LSTM-ms,0,buffer,13,190,15.900065735953422,15.900065735953422,0.31327715659609306,,,,,,,,,,,,,,,,,,,,
real,300,gulf,11,LSTM-ms,0,buffer,14,198,22.136887893547613,22.136887893547613,0.3215685963729888,,,,,,,,,,,,,,,,,,,,
real,300,gulf,11,LSTM-ms,0,buffer,15,215,15.428842634009262,15.428842634009262,0.577073326506986,,,,,,,,,,,,,,,,,,,,
real,300,gulf,11,LSTM-ms,0,buffer,16,221,18.116471039648776,18.116471039648776,1.2173476598799422,,,,,,,,,,,,,,,,,,,,
real,300,gulf,11,LSTM-ms,0,buffer,17,226,12.20636638527805,12.20636638527805,0.5962570839508283,,,,,,,,,,,,,,,,,,,,
real,300,gulf,11,LSTM-ms,0,buffer,18,228,4.091363749185027,4.091363749185027,0.9996471361649935,,,,,,,,,,,,,,,,,,,,
real,300,gulf,11,LSTM-ms,0,buffer,19,260,3.450485963571329,3.450485963571329,0.5354962888986673,,,,,21.0,21.0,21.0,20.0,20.0,12.0,12.0,12.0,12.0,12.0,11.0,11.0,11.0,11.0,11.0,11.0
real,300,gulf,11,LSTM-ms,0,buffer,20,269,19.064482433965054,19.064482433965054,1.2544906589735085,,,,,,,,,,,,,,,,,,,,
real,300,gulf,11,LSTM-ms,0,buffer,21,273,16.1574106160158,16.1574106160158,0.39427433184390875,,,,,,,,,,,,,,,,,,,,
real,300,gulf,11,LSTM-ms,0,buffer,22,286,2.3167809190116766,2.3167809190116766,0.03947253679156464,417.0,410.0,410.0,410.0,410.0,410.0,410.0,137.0,137.0,137.0,137.0,137.0,137.0,137.0,112.0,112.0,112.0,112.0,112.0,112.0
real,300,gulf,11,LSTM-ms,0,buffer,23,289,2.101426710087372,2.101426710087372,0.023864829313050052,82.0,82.0,82.0,82.0,82.0,82.0,82.0,82.0,82.0,82.0,82.0,82.0,82.0,82.0,82.0,82.0,82.0,82.0,82.0,82.0
real,300,gulf,11,LSTM-ms,0,buffer,24,306,21.76084426486419,21.76084426486419,0.4740304747459214,,,,,,,,,,,,,,,,,,,,
real,300,gulf,11,LSTM-ms,0,buffer,25,308,13.60549519923911,13.60549519923911,1.632063369399551,,,,,,,,,,,,,,,,,,,,
real,300,gulf,11,LSTM-ms,0,buffer,26,319,18.875543671432194,18.875543671432194,0.35959979055669145,,,,,,,,,,,,,,,,,,,,
real,300,gulf,11,LSTM-ms,0,buffer,27,320,20.95496648559589,20.95496648559589,0.20992973618047084,,,,,,,,,,,,,,,,,,,,
real,300,gulf,11,LSTM-ms,0,buffer,28,328,16.65845630457464,16.65845630457464,0.34375029109972977,,,,,,,,,,,,,,,,,,,,
real,300,gulf,11,LSTM-ms,0,buffer,29,332,11.728509051312477,11.728509051312477,0.5670119199111232,,,,,,,,,,,,,,,,,,,,
real,300,gulf,11,LSTM-ms,0,buffer,30,337,2.02442266119215,2.02442266119215,0.04904533131976469,282.0,282.0,270.0,270.0,269.0,269.0,269.0,267.0,267.0,267.0,267.0,267.0,267.0,267.0,267.0,267.0,267.0,267.0,38.0,38.0
real,300,gulf,11,LSTM-ms,0,buffer,31,352,16.997016473296572,16.997016473296572,0.4350413060422109,,,,,,,,,,,,,,,,,,,,
real,300,gulf,11,LSTM-ms,0,buffer,32,354,18.02160823322652,18.02160823322652,0.4847490602736013,,,,,,,,,,,,,,,,,,,,
real,300,gulf,11,LSTM-ms,0,buffer,33,355,18.749431139132703,18.749431139132703,0.46330561188209196,,,,,,,,,,,,,,,,,,,,
real,300,gulf,11,LSTM-ms,0,buffer,34,356,2.988660632086339,2.988660632086339,0.5837999220760901,,719.0,719.0,718.0,718.0,717.0,717.0,716.0,715.0,715.0,714.0,714.0,714.0,713.0,713.0,712.0,712.0,712.0,711.0,711.0
real,300,gulf,11,LSTM-ms,0,buffer,35,375,11.409502497972799,11.409502497972799,0.4512939447540166,,,,,,,,,,,,,,,,,,,,
real,300,gulf,11,LSTM-ms,0,buffer,36,376,2.539037864528179,2.539037864528179,0.4875439629126882,,,36.0,35.0,35.0,34.0,34.0,33.0,33.0,33.0,32.0,32.0,32.0,32.0,21.0,21.0,21.0,21.0,21.0,20.0
real,300,gulf,11,LSTM-ms,0,buffer,37,379,9.622312463864674,9.622312463864674,0.3861635163553013,,,,,,,,,,,,,,,,,,,,
real,300,gulf,11,LSTM-ms,0,buffer,38,417,2.0209492714870985,2.0209492714870985,0.05966101028578801,413.0,331.0,331.0,326.0,326.0,326.0,326.0,325.0,325.0,323.0,323.0,323.0,323.0,323.0,323.0,323.0,323.0,323.0,323.0,323.0
real,300,gulf,11,LSTM-ms,0,buffer,39,420,4.1393425705517775,4.1393425705517775,0.0021582694726054114,,,,,,,,,,,,,,,,,,,,
real,300,gulf,11,LSTM-ms,0,buffer,40,430,2.0979708638168684,2.0979708638168684,0.59458730249926,41.0,41.0,23.0,23.0,23.0,6.0,6.0,6.0,6.0,6.0,6.0,6.0,6.0,6.0,6.0,6.0,6.0,6.0,6.0,6.0
real,300,gulf,11,LSTM-ms,0,buffer,41,432,23.579689611690565,23.579689611690565,1.2963119343128684,,,,,,,,,,,,,,,,,,,,
real,300,gulf,11,LSTM-ms,0,buffer,42,434,25.58638482157518,25.58638482157518,0.28820417646795476,,,,,,,,,,,,,,,,,,,,
real,300,gulf,11,LSTM-ms,0,buffer,43,439,7.518462391496892,7.518462391496892,0.4650125098629971,,,,,,,,,,,,,,,,,,,,
real,300,gulf,11,LSTM-ms,0,buffer,44,450,3.2751443971152843,3.2751443971152843,0.4971485674228934,,,,,,,,,,,,,,,,,,,,
real,300,gulf,11,LSTM-ms,0,buffer,45,451,11.586198852641033,11.586198852641033,0.4686000053403285,,,,,,,,,,,,,,,,,,,,
real,300,gulf,11,LSTM-ms,0,buffer,46,466,5.345275510900062,5.345275510900062,0.4741978638858355,,,,,,,,,,,,,,,,,,,,
real,300,gulf,11,LSTM-ms,0,buffer,47,484,17.671405028238482,17.671405028238482,0.881061708872187,,,,,,,,,,,,,,,,,,,,
real,300,gulf,11,LSTM-ms,0,crossing,0,1,17.026694577852126,17.026694577852126,0.39228662105015727,,,,,,,,,,,,,,,,,,,,
real,300,gulf,11,LSTM-ms,0,crossing,1,26,6.5032073469815,6.5032073469815,1.5049227737915882,,,,,,,,,,,,,,,,,,,,
real,300,gulf,11,LSTM-ms,0,crossing,2,27,25.360597113523117,25.360597113523117,1.1218212795502955,,,,,,,,,,,,,,,,,,,,
real,300,gulf,11,LSTM-ms,0,crossing,3,29,28.284405074372057,28.284405074372057,0.5270786166441769,,,,,,,,,,,,,,,,,,,,
real,300,gulf,11,LSTM-ms,0,crossing,4,35,11.963240630449201,11.963240630449201,0.4116062050846804,,,,,,,,,,,,,,,,,,,,
real,300,gulf,11,LSTM-ms,0,crossing,5,46,10.07568466221555,10.07568466221555,0.45298017822903,,,,,,,,,,,,,,,,,,,,
real,300,gulf,11,LSTM-ms,0,crossing,6,77,6.904004400468228,6.904004400468228,1.2478008372632317,,,,,,,,,,,,,,,,,,,,
real,300,gulf,11,LSTM-ms,0,crossing,7,79,14.10050703321744,14.10050703321744,1.4229685319163434,,,,,,,,,,,,,,,,,,,,
real,300,gulf,11,LSTM-ms,0,crossing,8,87,17.939586188654822,17.939586188654822,0.3775960688687145,,,,,,,,,,,,,,,,,,,,
real,300,gulf,11,LSTM-ms,0,crossing,9,103,6.068396373793605,6.068396373793605,0.4743476329125509,,,,,,,,,,,,,,,,,,,,
real,300,gulf,11,LSTM-ms,0,crossing,10,123,26.363037257201213,26.363037257201213,0.4586227636687133,,,,,,,,,,,,,,,,,,,,
real,300,gulf,11,LSTM-ms,0,crossing,11,143,11.167703423955338,11.167703423955338,0.5899670350379019,,,,,,,,,,,,,,,,,,,,
real,300,gulf,11,LSTM-ms,0,crossing,12,186,21.19466437104218,21.19466437104218,0.45588832907631704,,,,,,,,,,,,,,,,,,,,
real,300,gulf,11,LSTM-ms,0,crossing,13,190,15.900065735953422,15.900065735953422,0.31327715659609306,,,,,,,,,,,,,,,,,,,,
real,300,gulf,11,LSTM-ms,0,crossing,14,198,22.136887893547613,22.136887893547613,0.3215685963729888,,,,,,,,,,,,,,,,,,,,
real,300,gulf,11,LSTM-ms,0,crossing,15,215,15.428842634009262,15.428842634009262,0.577073326506986,,,,,,,,,,,,,,,,,,,,
real,300,gulf,11,LSTM-ms,0,crossing,16,221,18.116471039648776,18.116471039648776,1.2173476598799422,,,,,,,,,,,,,,,,,,,,
real,300,gulf,11,LSTM-ms,0,crossing,17,226,12.20636638527805,12.20636638527805,0.5962570839508283,,,,,,,,,,,,,,,,,,,,
real,300,gulf,11,LSTM-ms,0,crossing,18,228,4.091363749185027,4.091363749185027,0.9996471361649935,,,,,,,,,,,,,,,,,,,,
real,300,gulf,11,LSTM-ms,0,crossing,19,260,3.450485963571329,3.450485963571329,0.5354962888986673,,,,,,,,,,,,,,21.0,21.0,12.0,12.0,12.0,12.0,12.0
real,300,gulf,11,LSTM-ms,0,crossing,20,269,19.064482433965054,19.064482433965054,1.2544906589735085,,,,,,,,,,,,,,,,,,,,
real,300,gulf,11,LSTM-ms,0,crossing,21,273,16.1574106160158,16.1574106160158,0.39427433184390875,,,,,,,,,,,,,,,,,,,,
real,300,gulf,11,LSTM-ms,0,crossing,22,286,2.3167809190116766,2.3167809190116766,0.03947253679156464,,,,,,,,,417.0,417.0,417.0,417.0,417.0,417.0,417.0,417.0,410.0,410.0,410.0,410.0
real,300,gulf,11,LSTM-ms,0,crossing,23,289,2.101426710087372,2.101426710087372,0.023864829313050052,,,,,,,,,,,,,,89.0,89.0,89.0,89.0,89.0,89.0,89.0
real,300,gulf,11,LSTM-ms,0,crossing,24,306,21.76084426486419,21.76084426486419,0.4740304747459214,,,,,,,,,,,,,,,,,,,,
real,300,gulf,11,LSTM-ms,0,crossing,25,308,13.60549519923911,13.60549519923911,1.632063369399551,,,,,,,,,,,,,,,,,,,,
real,300,gulf,11,LSTM-ms,0,crossing,26,319,18.875543671432194,18.875543671432194,0.35959979055669145,,,,,,,,,,,,,,,,,,,,
real,300,gulf,11,LSTM-ms,0,crossing,27,320,20.95496648559589,20.95496648559589,0.20992973618047084,,,,,,,,,,,,,,,,,,,,
real,300,gulf,11,LSTM-ms,0,crossing,28,328,16.65845630457464,16.65845630457464,0.34375029109972977,,,,,,,,,,,,,,,,,,,,
real,300,gulf,11,LSTM-ms,0,crossing,29,332,11.728509051312477,11.728509051312477,0.5670119199111232,,,,,,,,,,,,,,,,,,,,
real,300,gulf,11,LSTM-ms,0,crossing,30,337,2.02442266119215,2.02442266119215,0.04904533131976469,,,,,,,,,,,,,,,270.0,270.0,270.0,270.0,270.0,270.0
real,300,gulf,11,LSTM-ms,0,crossing,31,352,16.997016473296572,16.997016473296572,0.4350413060422109,,,,,,,,,,,,,,,,,,,,
real,300,gulf,11,LSTM-ms,0,crossing,32,354,18.02160823322652,18.02160823322652,0.4847490602736013,,,,,,,,,,,,,,,,,,,,
real,300,gulf,11,LSTM-ms,0,crossing,33,355,18.749431139132703,18.749431139132703,0.46330561188209196,,,,,,,,,,,,,,,,,,,,
real,300,gulf,11,LSTM-ms,0,crossing,34,356,2.988660632086339,2.988660632086339,0.5837999220760901,,,,,,,719.0,719.0,718.0,718.0,718.0,717.0,717.0,716.0,716.0,715.0,715.0,715.0,714.0,714.0
real,300,gulf,11,LSTM-ms,0,crossing,35,375,11.409502497972799,11.409502497972799,0.4512939447540166,,,,,,,,,,,,,,,,,,,,
real,300,gulf,11,LSTM-ms,0,crossing,36,376,2.539037864528179,2.539037864528179,0.4875439629126882,,,,,,,,,,,,,36.0,36.0,35.0,35.0,34.0,34.0,33.0,33.0
real,300,gulf,11,LSTM-ms,0,crossing,37,379,9.622312463864674,9.622312463864674,0.3861635163553013,,,,,,,,,,,,,,,,,,,,
real,300,gulf,11,LSTM-ms,0,crossing,38,417,2.0209492714870985,2.0209492714870985,0.05966101028578801,,,,,,,,,,,,473.0,473.0,473.0,473.0,473.0,473.0,473.0,326.0,326.0
real,300,gulf,11,LSTM-ms,0,crossing,39,420,4.1393425705517775,4.1393425705517775,0.0021582694726054114,,,,,,,,,,,,,,,,,,,,
real,300,gulf,11,LSTM-ms,0,crossing,40,430,2.0979708638168684,2.0979708638168684,0.59458730249926,,,,,,,,,,,,,44.0,23.0,23.0,23.0,23.0,23.0,23.0,23.0
real,300,gulf,11,LSTM-ms,0,crossing,41,432,23.579689611690565,23.579689611690565,1.2963119343128684,,,,,,,,,,,,,,,,,,,,
real,300,gulf,11,LSTM-ms,0,crossing,42,434,25.58638482157518,25.58638482157518,0.28820417646795476,,,,,,,,,,,,,,,,,,,,
real,300,gulf,11,LSTM-ms,0,crossing,43,439,7.518462391496892,7.518462391496892,0.4650125098629971,,,,,,,,,,,,,,,,,,,,
real,300,gulf,11,LSTM-ms,0,crossing,44,450,3.2751443971152843,3.2751443971152843,0.4971485674228934,,,,,,,,,,,,,,,,,,,,
real,300,gulf,11,LSTM-ms,0,crossing,45,451,11.586198852641033,11.586198852641033,0.4686000053403285,,,,,,,,,,,,,,,,,,,,
real,300,gulf,11,LSTM-ms,0,crossing,46,466,5.345275510900062,5.345275510900062,0.4741978638858355,,,,,,,,,,,,,,,,,,,,
real,300,gulf,11,LSTM-ms,0,crossing,47,484,17.671405028238482,17.671405028238482,0.881061708872187,,,,,,,,,,,,,,,,,,,,
real,300,gulf,11,LSTM-rec,1,buffer,0,1,17.026694577852126,17.026694577852126,0.39228662105015727,,,,,,,,,,,,,,,,,,,,
real,300,gulf,11,LSTM-rec,1,buffer,1,26,6.5032073469815,6.5032073469815,1.5049227737915882,,,,,,,,,,,,,,,,,,,,
real,300,gulf,11,LSTM-rec,1,buffer,2,27,25.360597113523117,25.360597113523117,1.1218212795502955,,,,,,,,,,,,,,,,,,,,
real,300,gulf,11,LSTM-rec,1,buffer,3,29,28.284405074372057,28.284405074372057,0.5270786166441769,,,,,,,,,,,,,,,,,,,,
real,300,gulf,11,LSTM-rec,1,buffer,4,35,11.963240630449201,11.963240630449201,0.4116062050846804,,,,,,,,,,,,,,,,,,,,
real,300,gulf,11,LSTM-rec,1,buffer,5,46,10.07568466221555,10.07568466221555,0.45298017822903,,,,,,,,,,,,,,,,,,,,
real,300,gulf,11,LSTM-rec,1,buffer,6,77,6.904004400468228,6.904004400468228,1.2478008372632317,,,,,,,,,,,,,,,,,,,,
real,300,gulf,11,LSTM-rec,1,buffer,7,79,14.10050703321744,14.10050703321744,1.4229685319163434,,,,,,,,,,,,,,,,,,,,
real,300,gulf,11,LSTM-rec,1,buffer,8,87,17.939586188654822,17.939586188654822,0.3775960688687145,,,,,,,,,,,,,,,,,,,,
real,300,gulf,11,LSTM-rec,1,buffer,9,103,6.068396373793605,6.068396373793605,0.4743476329125509,,,,,,,,,,,,,,,,,,,,
real,300,gulf,11,LSTM-rec,1,buffer,10,123,26.363037257201213,26.363037257201213,0.4586227636687133,,,,,,,,,,,,,,,,,,,,
real,300,gulf,11,LSTM-rec,1,buffer,11,143,11.167703423955338,11.167703423955338,0.5899670350379019,,,,,,,,,,,,,,,,,,,,
real,300,gulf,11,LSTM-rec,1,buffer,12,186,21.19466437104218,21.19466437104218,0.45588832907631704,,,,,,,,,,,,,,,,,,,,
real,300,gulf,11,LSTM-rec,1,buffer,13,190,15.900065735953422,15.900065735953422,0.31327715659609306,,,,,,,,,,,,,,,,,,,,
real,300,gulf,11,LSTM-rec,1,buffer,14,198,22.136887893547613,22.136887893547613,0.3215685963729888,,,,,,,,,,,,,,,,,,,,
real,300,gulf,11,LSTM-rec,1,buffer,15,215,15.428842634009262,15.428842634009262,0.577073326506986,,,,,,,,,,,,,,,,,,,,
real,300,gulf,11,LSTM-rec,1,buffer,16,221,18.116471039648776,18.116471039648776,1.2173476598799422,,,,,,,,,,,,,,,,,,,,
real,300,gulf,11,LSTM-rec,1,buffer,17,226,12.20636638527805,12.20636638527805,0.5962570839508283,,,,,,,,,,,,,,,,,,,,
real,300,gulf,11,LSTM-rec,1,buffer,18,228,4.091363749185027,4.091363749185027,0.9996471361649935,,,,,,,,,,,,,,,,,,,,
real,300,gulf,11,LSTM-rec,1,buffer,19,260,3.450485963571329,3.450485963571329,0.5354962888986673,,,,21.0,20.0,20.0,19.0,12.0,12.0,12.0,12.0,11.0,11.0,11.0,11.0,11.0,11.0,10.0,10.0,10.0
real,300,gulf,11,LSTM-rec,1,buffer,20,269,19.064482433965054,19.064482433965054,1.2544906589735085,,,,,,,,,,,,,,,,,,,,
real,300,gulf,11,LSTM-rec,1,buffer,21,273,16.1574106160158,16.1574106160158,0.39427433184390875,,,,,,,,,,,,,,,,,,,,
real,300,gulf,11,LSTM-rec,1,buffer,22,286,2.3167809190116766,2.3167809190116766,0.03947253679156464,134.0,112.0,112.0,112.0,112.0,112.0,112.0,112.0,112.0,112.0,112.0,112.0,112.0,112.0,112.0,112.0,112.0,112.0,112.0,112.0
real,300,gulf,11,LSTM-rec,1,buffer,23,289,2.101426710087372,2.101426710087372,0.023864829313050052,82.0,82.0,82.0,82.0,82.0,82.0,82.0,82.0,82.0,82.0,82.0,82.0,82.0,82.0,82.0,82.0,82.0,82.0,82.0,82.0
real,300,gulf,11,LSTM-rec,1,buffer,24,306,21.76084426486419,21.76084426486419,0.4740304747459214,,,,,,,,,,,,,,,,,,,,
real,300,gulf,11,LSTM-rec,1,buffer,25,308,13.60549519923911,13.60549519923911,1.632063369399551,,,,,,,,,,,,,,,,,,,,
real,300,gulf,11,LSTM-rec,1,buffer,26,319,18.875543671432194,18.875543671432194,0.35959979055669145,,,,,,,,,,,,,,,,,,,,
real,300,gulf,11,LSTM-rec,1,buffer,27,320,20.95496648559589,20.95496648559589,0.20992973618047084,,,,,,,,,,,,,,,,,,,,
real,300,gulf,11,LSTM-rec,1,buffer,28,328,16.65845630457464,16.65845630457464,0.34375029109972977,,,,,,,,,,,,,,,,,,,,
real,300,gulf,11,LSTM-rec,1,buffer,29,332,11.728509051312477,11.728509051312477,0.5670119199111232,,,,,,,,,,,,,,,,,,,,
real,300,gulf,11,LSTM-rec,1,buffer,30,337,2.02442266119215,2.02442266119215,0.04904533131976469,267.0,34.0,34.0,34.0,34.0,34.0,34.0,34.0,34.0,34.0,34.0,34.0,34.0,34.0,34.0,34.0,34.0,34.0,34.0,34.0
real,300,gulf,11,LSTM-rec,1,buffer,31,352,16.997016473296572,16.997016473296572,0.4350413060422109,,,,,,,,,,,,,,,,,,,,
real,300,gulf,11,LSTM-rec,1,buffer,32,354,18.02160823322652,18.02160823322652,0.4847490602736013,,,,,,,,,,,,,,,,,,,,
real,300,gulf,11,LSTM-rec,1,buffer,33,355,18.749431139132703,18.749431139132703,0.46330561188209196,,,,,,,,,,,,,,,,,,,,
real,300,gulf,11,LSTM-rec,1,buffer,34,356,2.988660632086339,2.988660632086339,0.5837999220760901,,719.0,718.0,718.0,717.0,716.0,716.0,715.0,714.0,714.0,713.0,713.0,712.0,712.0,711.0,711.0,710.0,710.0,710.0,710.0
real,300,gulf,11,LSTM-rec,1,buffer,35,375,11.409502497972799,11.409502497972799,0.4512939447540166,,,,,,,,,,,,,,,,,,,,
real,300,gulf,11,LSTM-rec,1,buffer,36,376,2.539037864528179,2.539037864528179,0.4875439629126882,,36.0,35.0,34.0,34.0,33.0,33.0,32.0,20.0,20.0,20.0,20.0,20.0,20.0,20.0,19.0,19.0,19.0,19.0,19.0
real,300,gulf,11,LSTM-rec,1,buffer,37,379,9.622312463864674,9.622312463864674,0.3861635163553013,,,,,,,,,,,,,,,,,,,,
real,300,gulf,11,LSTM-rec,1,buffer,38,417,2.0209492714870985,2.0209492714870985,0.05966101028578801,323.0,323.0,323.0,323.0,323.0,323.0,323.0,323.0,323.0,323.0,323.0,323.0,323.0,323.0,323.0,323.0,323.0,323.0,323.0,323.0
real,300,gulf,11,LSTM-rec,1,buffer,39,420,4.1393425705517775,4.1393425705517775,0.0021582694726054114,,,,,,,,,,,,,,,,,,,,
real,300,gulf,11,LSTM-rec,1,buffer,40,430,2.0979708638168684,2.0979708638168684,0.59458730249926,20.0,20.0,20.0,19.0,19.0,19.0,19.0,19.0,19.0,19.0,19.0,19.0,19.0,19.0,19.0,19.0,19.0,19.0,19.0,19.0
real,300,gulf,11,LSTM-rec,1,buffer,41,432,23.579689611690565,23.579689611690565,1.2963119343128684,,,,,,,,,,,,,,,,,,,,
real,300,gulf,11,LSTM-rec,1,buffer,42,434,25.58638482157518,25.58638482157518,0.28820417646795476,,,,,,,,,,,,,,,,,,,,
real,300,gulf,11,LSTM-rec,1,buffer,43,439,7.518462391496892,7.518462391496892,0.4650125098629971,,,,,,,,,,,,,,,,,,,,
real,300,gulf,11,LSTM-rec,1,buffer,44,450,3.2751443971152843,3.2751443971152843,0.4971485674228934,,,,,,,,,,,,,,,,,,,,
real,300,gulf,11,LSTM-rec,1,buffer,45,451,11.586198852641033,11.586198852641033,0.4686000053403285,,,,,,,,,,,,,,,,,,,,
real,300,gulf,11,LSTM-rec,1,buffer,46,466,5.345275510900062,5.345275510900062,0.4741978638858355,,,,,,,,,,,,,,,,,,,,
real,300,gulf,11,LSTM-rec,1,buffer,47,484,17.671405028238482,17.671405028238482,0.881061708872187,,,,,,,,,,,,,,,,,,,,
real,300,gulf,11,LSTM-rec,1,crossing,0,1,17.026694577852126,17.026694577852126,0.39228662105015727,,,,,,,,,,,,,,,,,,,,
real,300,gulf,11,LSTM-rec,1,crossing,1,26,6.5032073469815,6.5032073469815,1.5049227737915882,,,,,,,,,,,,,,,,,,,,
real,300,gulf,11,LSTM-rec,1,crossing,2,27,25.360597113523117,25.360597113523117,1.1218212795502955,,,,,,,,,,,,,,,,,,,,
real,300,gulf,11,LSTM-rec,1,crossing,3,29,28.284405074372057,28.284405074372057,0.5270786166441769,,,,,,,,,,,,,,,,,,,,
real,300,gulf,11,LSTM-rec,1,crossing,4,35,11.963240630449201,11.963240630449201,0.4116062050846804,,,,,,,,,,,,,,,,,,,,
real,300,gulf,11,LSTM-rec,1,crossing,5,46,10.07568466221555,10.07568466221555,0.45298017822903,,,,,,,,,,,,,,,,,,,,
real,300,gulf,11,LSTM-rec,1,crossing,6,77,6.904004400468228,6.904004400468228,1.2478008372632317,,,,,,,,,,,,,,,,,,,,
real,300,gulf,11,LSTM-rec,1,crossing,7,79,14.10050703321744,14.10050703321744,1.4229685319163434,,,,,,,,,,,,,,,,,,,,
real,300,gulf,11,LSTM-rec,1,crossing,8,87,17.939586188654822,17.939586188654822,0.3775960688687145,,,,,,,,,,,,,,,,,,,,
real,300,gulf,11,LSTM-rec,1,crossing,9,103,6.068396373793605,6.068396373793605,0.4743476329125509,,,,,,,,,,,,,,,,,,,,
real,300,gulf,11,LSTM-rec,1,crossing,10,123,26.363037257201213,26.363037257201213,0.4586227636687133,,,,,,,,,,,,,,,,,,,,
real,300,gulf,11,LSTM-rec,1,crossing,11,143,11.167703423955338,11.167703423955338,0.5899670350379019,,,,,,,,,,,,,,,,,,,,
real,300,gulf,11,LSTM-rec,1,crossing,12,186,21.19466437104218,21.19466437104218,0.45588832907631704,,,,,,,,,,,,,,,,,,,,
real,300,gulf,11,LSTM-rec,1,crossing,13,190,15.900065735953422,15.900065735953422,0.31327715659609306,,,,,,,,,,,,,,,,,,,,
real,300,gulf,11,LSTM-rec,1,crossing,14,198,22.136887893547613,22.136887893547613,0.3215685963729888,,,,,,,,,,,,,,,,,,,,
real,300,gulf,11,LSTM-rec,1,crossing,15,215,15.428842634009262,15.428842634009262,0.577073326506986,,,,,,,,,,,,,,,,,,,,
real,300,gulf,11,LSTM-rec,1,crossing,16,221,18.116471039648776,18.116471039648776,1.2173476598799422,,,,,,,,,,,,,,,,,,,,
real,300,gulf,11,LSTM-rec,1,crossing,17,226,12.20636638527805,12.20636638527805,0.5962570839508283,,,,,,,,,,,,,,,,,,,,
real,300,gulf,11,LSTM-rec,1,crossing,18,228,4.091363749185027,4.091363749185027,0.9996471361649935,,,,,,,,,,,,,,,,,,,,
real,300,gulf,11,LSTM-rec,1,crossing,19,260,3.450485963571329,3.450485963571329,0.5354962888986673,,,,,,,,,,21.0,21.0,21.0,20.0,12.0,12.0,12.0,12.0,12.0,12.0,12.0
real,300,gulf,11,LSTM-rec,1,crossing,20,269,19.064482433965054,19.064482433965054,1.2544906589735085,,,,,,,,,,,,,,,,,,,,
real,300,gulf,11,LSTM-rec,1,crossing,21,273,16.1574106160158,16.1574106160158,0.39427433184390875,,,,,,,,,,,,,,,,,,,,
real,300,gulf,11,LSTM-rec,1,crossing,22,286,2.3167809190116766,2.3167809190116766,0.03947253679156464,,410.0,410.0,410.0,134.0,134.0,134.0,134.0,134.0,134.0,134.0,112.0,112.0,112.0,112.0,112.0,112.0,112.0,112.0,112.0
real,300,gulf,11,LSTM-rec,1,crossing,23,289,2.101426710087372,2.101426710087372,0.023864829313050052,,,92.0,82.0,82.0,82.0,82.0,82.0,82.0,82.0,82.0,82.0,82.0,82.0,82.0,82.0,82.0,82.0,82.0,82.0
real,300,gulf,11,LSTM-rec,1,crossing,24,306,21.76084426486419,21.76084426486419,0.4740304747459214,,,,,,,,,,,,,,,,,,,,
real,300,gulf,11,LSTM-rec,1,crossing,25,308,13.60549519923911,13.60549519923911,1.632063369399551,,,,,,,,,,,,,,,,,,,,
real,300,gulf,11,LSTM-rec,1,crossing,26,319,18.875543671432194,18.875543671432194,0.35959979055669145,,,,,,,,,,,,,,,,,,,,
real,300,gulf,11,LSTM-rec,1,crossing,27,320,20.95496648559589,20.95496648559589,0.20992973618047084,,,,,,,,,,,,,,,,,,,,
real,300,gulf,11,LSTM-rec,1,crossing,28,328,16.65845630457464,16.65845630457464,0.34375029109972977,,,,,,,,,,,,,,,,,,,,
real,300,gulf,11,LSTM-rec,1,crossing,29,332,11.728509051312477,11.728509051312477,0.5670119199111232,,,,,,,,,,,,,,,,,,,,
real,300,gulf,11,LSTM-rec,1,crossing,30,337,2.02442266119215,2.02442266119215,0.04904533131976469,,,267.0,267.0,267.0,267.0,34.0,34.0,34.0,34.0,34.0,34.0,34.0,34.0,34.0,34.0,34.0,34.0,34.0,34.0
real,300,gulf,11,LSTM-rec,1,crossing,31,352,16.997016473296572,16.997016473296572,0.4350413060422109,,,,,,,,,,,,,,,,,,,,
real,300,gulf,11,LSTM-rec,1,crossing,32,354,18.02160823322652,18.02160823322652,0.4847490602736013,,,,,,,,,,,,,,,,,,,,
real,300,gulf,11,LSTM-rec,1,crossing,33,355,18.749431139132703,18.749431139132703,0.46330561188209196,,,,,,,,,,,,,,,,,,,,
real,300,gulf,11,LSTM-rec,1,crossing,34,356,2.988660632086339,2.988660632086339,0.5837999220760901,,,,,719.0,719.0,718.0,718.0,717.0,717.0,716.0,716.0,715.0,715.0,714.0,714.0,713.0,713.0,713.0,712.0
real,300,gulf,11,LSTM-rec,1,crossing,35,375,11.409502497972799,11.409502497972799,0.4512939447540166,,,,,,,,,,,,,,,,,,,,
real,300,gulf,11,LSTM-rec,1,crossing,36,376,2.539037864528179,2.539037864528179,0.4875439629126882,,,,,,,,,,,,35.0,35.0,35.0,35.0,34.0,34.0,34.0,33.0,33.0
real,300,gulf,11,LSTM-rec,1,crossing,37,379,9.622312463864674,9.622312463864674,0.3861635163553013,,,,,,,,,,,,,,,,,,,,
real,300,gulf,11,LSTM-rec,1,crossing,38,417,2.0209492714870985,2.0209492714870985,0.05966101028578801,,473.0,323.0,323.0,323.0,323.0,323.0,323.0,323.0,323.0,323.0,323.0,323.0,323.0,323.0,323.0,323.0,323.0,323.0,323.0
real,300,gulf,11,LSTM-rec,1,crossing,39,420,4.1393425705517775,4.1393425705517775,0.0021582694726054114,,,,,,,,,,,,,,,,,,,,
real,300,gulf,11,LSTM-rec,1,crossing,40,430,2.0979708638168684,2.0979708638168684,0.59458730249926,,,44.0,20.0,20.0,20.0,20.0,19.0,19.0,19.0,19.0,19.0,19.0,19.0,19.0,19.0,19.0,19.0,19.0,19.0
real,300,gulf,11,LSTM-rec,1,crossing,41,432,23.579689611690565,23.579689611690565,1.2963119343128684,,,,,,,,,,,,,,,,,,,,
real,300,gulf,11,LSTM-rec,1,crossing,42,434,25.58638482157518,25.58638482157518,0.28820417646795476,,,,,,,,,,,,,,,,,,,,
real,300,gulf,11,LSTM-rec,1,crossing,43,439,7.518462391496892,7.518462391496892,0.4650125098629971,,,,,,,,,,,,,,,,,,,,
real,300,gulf,11,LSTM-rec,1,crossing,44,450,3.2751443971152843,3.2751443971152843,0.4971485674228934,,,,,,,,,,,,,,,,,,,,
real,300,gulf,11,LSTM-rec,1,crossing,45,451,11.586198852641033,11.586198852641033,0.4686000053403285,,,,,,,,,,,,,,,,,,,,
real,300,gulf,11,LSTM-rec,1,crossing,46,466,5.345275510900062,5.345275510900062,0.4741978638858355,,,,,,,,,,,,,,,,,,,,
real,300,gulf,11,LSTM-rec,1,crossing,47,484,17.671405028238482,17.671405028238482,0.881061708872187,,,,,,,,,,,,,,,,,,,,
real,300,gulf,11,LSTM-ms,1,buffer,0,1,17.026694577852126,17.026694577852126,0.39228662105015727,,,,,,,,,,,,,,,,,,,,
real,300,gulf,11,LSTM-ms,1,buffer,1,26,6.5032073469815,6.5032073469815,1.5049227737915882,,,,,,,,,,,,,,,,,,,,
real,300,gulf,11,LSTM-ms,1,buffer,2,27,25.360597113523117,25.360597113523117,1.1218212795502955,,,,,,,,,,,,,,,,,,,,
real,300,gulf,11,LSTM-ms,1,buffer,3,29,28.284405074372057,28.284405074372057,0.5270786166441769,,,,,,,,,,,,,,,,,,,,
real,300,gulf,11,LSTM-ms,1,buffer,4,35,11.963240630449201,11.963240630449201,0.4116062050846804,,,,,,,,,,,,,,,,,,,,
real,300,gulf,11,LSTM-ms,1,buffer,5,46,10.07568466221555,10.07568466221555,0.45298017822903,,,,,,,,,,,,,,,,,,,,
real,300,gulf,11,LSTM-ms,1,buffer,6,77,6.904004400468228,6.904004400468228,1.2478008372632317,,,,,,,,,,,,,,,,,,,,
real,300,gulf,11,LSTM-ms,1,buffer,7,79,14.10050703321744,14.10050703321744,1.4229685319163434,,,,,,,,,,,,,,,,,,,,
real,300,gulf,11,LSTM-ms,1,buffer,8,87,17.939586188654822,17.939586188654822,0.3775960688687145,,,,,,,,,,,,,,,,,,,,
real,300,gulf,11,LSTM-ms,1,buffer,9,103,6.068396373793605,6.068396373793605,0.4743476329125509,,,,,,,,,,,,,,,,,,165.0,165.0,164.0
real,300,gulf,11,LSTM-ms,1,buffer,10,123,26.363037257201213,26.363037257201213,0.4586227636687133,,,,,,,,,,,,,,,,,,,,
real,300,gulf,11,LSTM-ms,1,buffer,11,143,11.167703423955338,11.167703423955338,0.5899670350379019,,,,,,,,,,,,,,,,,,,,
real,300,gulf,11,LSTM-ms,1,buffer,12,186,21.19466437104218,21.19466437104218,0.45588832907631704,,,,,,,,,,,,,,,,,,,,
real,300,gulf,11,LSTM-ms,1,buffer,13,190,15.900065735953422,15.900065735953422,0.31327715659609306,,,,,,,,,,,,,,,,,,,,
real,300,gulf,11,LSTM-ms,1,buffer,14,198,22.136887893547613,22.136887893547613,0.3215685963729888,,,,,,,,,,,,,,,,,,,,
real,300,gulf,11,LSTM-ms,1,buffer,15,215,15.428842634009262,15.428842634009262,0.577073326506986,,,,,,,,,,,,,,,,,,,,
real,300,gulf,11,LSTM-ms,1,buffer,16,221,18.116471039648776,18.116471039648776,1.2173476598799422,,,,,,,,,,,,,,,,,,,,
real,300,gulf,11,LSTM-ms,1,buffer,17,226,12.20636638527805,12.20636638527805,0.5962570839508283,,,,,,,,,,,,,,,,,,,,
real,300,gulf,11,LSTM-ms,1,buffer,18,228,4.091363749185027,4.091363749185027,0.9996471361649935,,,,,,,,,,,,,,,,,,,,
real,300,gulf,11,LSTM-ms,1,buffer,19,260,3.450485963571329,3.450485963571329,0.5354962888986673,,,,21.0,21.0,20.0,20.0,12.0,12.0,12.0,12.0,11.0,11.0,11.0,11.0,11.0,10.0,10.0,10.0,10.0
real,300,gulf,11,LSTM-ms,1,buffer,20,269,19.064482433965054,19.064482433965054,1.2544906589735085,,,,,,,,,,,,,,,,,,,,
real,300,gulf,11,LSTM-ms,1,buffer,21,273,16.1574106160158,16.1574106160158,0.39427433184390875,,,,,,,,,,,,,,,,,,,,
real,300,gulf,11,LSTM-ms,1,buffer,22,286,2.3167809190116766,2.3167809190116766,0.03947253679156464,115.0,115.0,115.0,115.0,112.0,112.0,112.0,112.0,112.0,112.0,112.0,112.0,112.0,112.0,112.0,112.0,112.0,112.0,7.0,6.0
real,300,gulf,11,LSTM-ms,1,buffer,23,289,2.101426710087372,2.101426710087372,0.023864829313050052,82.0,82.0,82.0,82.0,82.0,82.0,82.0,82.0,82.0,82.0,82.0,82.0,82.0,82.0,82.0,82.0,82.0,82.0,9.0,6.0
real,300,gulf,11,LSTM-ms,1,buffer,24,306,21.76084426486419,21.76084426486419,0.4740304747459214,,,,,,,,,,,,,,,,,,,,
real,300,gulf,11,LSTM-ms,1,buffer,25,308,13.60549519923911,13.60549519923911,1.632063369399551,,,,,,,,,,,,,,,,,,,,
real,300,gulf,11,LSTM-ms,1,buffer,26,319,18.875543671432194,18.875543671432194,0.35959979055669145,,,,,,,,,,,,,,,,,,,,
real,300,gulf,11,LSTM-ms,1,buffer,27,320,20.95496648559589,20.95496648559589,0.20992973618047084,,,,,,,,,,,,,,,,,,,,
real,300,gulf,11,LSTM-ms,1,buffer,28,328,16.65845630457464,16.65845630457464,0.34375029109972977,,,,,,,,,,,,,,,,,,,,
real,300,gulf,11,LSTM-ms,1,buffer,29,332,11.728509051312477,11.728509051312477,0.5670119199111232,,,,,,,,,,,,,,,,,,,,
real,300,gulf,11,LSTM-ms,1,buffer,30,337,2.02442266119215,2.02442266119215,0.04904533131976469,267.0,267.0,34.0,34.0,34.0,34.0,34.0,34.0,34.0,34.0,34.0,34.0,34.0,34.0,34.0,34.0,34.0,34.0,7.0,6.0
real,300,gulf,11,LSTM-ms,1,buffer,31,352,16.997016473296572,16.997016473296572,0.4350413060422109,,,,,,,,,,,,,,,,,,,,
real,300,gulf,11,LSTM-ms,1,buffer,32,354,18.02160823322652,18.02160823322652,0.4847490602736013,,,,,,,,,,,,,,,,,,,,
real,300,gulf,11,LSTM-ms,1,buffer,33,355,18.749431139132703,18.749431139132703,0.46330561188209196,,,,,,,,,,,,,,,,,,,,
real,300,gulf,11,LSTM-ms,1,buffer,34,356,2.988660632086339,2.988660632086339,0.5837999220760901,,719.0,718.0,718.0,717.0,717.0,716.0,716.0,715.0,714.0,714.0,714.0,713.0,713.0,712.0,712.0,712.0,711.0,711.0,710.0
real,300,gulf,11,LSTM-ms,1,buffer,35,375,11.409502497972799,11.409502497972799,0.4512939447540166,,,,,,,,,,,,,,,,,,,,
real,300,gulf,11,LSTM-ms,1,buffer,36,376,2.539037864528179,2.539037864528179,0.4875439629126882,,36.0,35.0,34.0,34.0,33.0,33.0,33.0,32.0,32.0,32.0,21.0,20.0,20.0,20.0,20.0,20.0,20.0,20.0,19.0
real,300,gulf,11,LSTM-ms,1,buffer,37,379,9.622312463864674,9.622312463864674,0.3861635163553013,,,,,,,,,,,,,,,,,,,,
real,300,gulf,11,LSTM-ms,1,buffer,38,417,2.0209492714870985,2.0209492714870985,0.05966101028578801,323.0,323.0,323.0,323.0,323.0,323.0,323.0,323.0,323.0,323.0,323.0,323.0,323.0,323.0,323.0,323.0,323.0,323.0,7.0,6.0
real,300,gulf,11,LSTM-ms,1,buffer,39,420,4.1393425705517775,4.1393425705517775,0.0021582694726054114,,,,,,,,,,,,,,,,,,,,
real,300,gulf,11,LSTM-ms,1,buffer,40,430,2.0979708638168684,2.0979708638168684,0.59458730249926,29.0,20.0,20.0,20.0,20.0,6.0,6.0,6.0,6.0,6.0,6.0,6.0,6.0,6.0,6.0,6.0,6.0,6.0,6.0,6.0
real,300,gulf,11,LSTM-ms,1,buffer,41,432,23.579689611690565,23.579689611690565,1.2963119343128684,,,,,,,,,,,,,,,,,,,,
real,300,gulf,11,LSTM-ms,1,buffer,42,434,25.58638482157518,25.58638482157518,0.28820417646795476,,,,,,,,,,,,,,,,,,,,
real,300,gulf,11,LSTM-ms,1,buffer,43,439,7.518462391496892,7.518462391496892,0.4650125098629971,,,,,,,,,,,,,,,,,,,,
real,300,gulf,11,LSTM-ms,1,buffer,44,450,3.2751443971152843,3.2751443971152843,0.4971485674228934,,,,,,,,,,,,,,,,,,,,
real,300,gulf,11,LSTM-ms,1,buffer,45,451,11.586198852641033,11.586198852641033,0.4686000053403285,,,,,,,,,,,,,,,,,,,,
real,300,gulf,11,LSTM-ms,1,buffer,46,466,5.345275510900062,5.345275510900062,0.4741978638858355,,,,,,,,,,,,,,,,,,,,
real,300,gulf,11,LSTM-ms,1,buffer,47,484,17.671405028238482,17.671405028238482,0.881061708872187,,,,,,,,,,,,,,,,,,,,
real,300,gulf,11,LSTM-ms,1,crossing,0,1,17.026694577852126,17.026694577852126,0.39228662105015727,,,,,,,,,,,,,,,,,,,,
real,300,gulf,11,LSTM-ms,1,crossing,1,26,6.5032073469815,6.5032073469815,1.5049227737915882,,,,,,,,,,,,,,,,,,,,
real,300,gulf,11,LSTM-ms,1,crossing,2,27,25.360597113523117,25.360597113523117,1.1218212795502955,,,,,,,,,,,,,,,,,,,,
real,300,gulf,11,LSTM-ms,1,crossing,3,29,28.284405074372057,28.284405074372057,0.5270786166441769,,,,,,,,,,,,,,,,,,,,
real,300,gulf,11,LSTM-ms,1,crossing,4,35,11.963240630449201,11.963240630449201,0.4116062050846804,,,,,,,,,,,,,,,,,,,,
real,300,gulf,11,LSTM-ms,1,crossing,5,46,10.07568466221555,10.07568466221555,0.45298017822903,,,,,,,,,,,,,,,,,,,,
real,300,gulf,11,LSTM-ms,1,crossing,6,77,6.904004400468228,6.904004400468228,1.2478008372632317,,,,,,,,,,,,,,,,,,,,
real,300,gulf,11,LSTM-ms,1,crossing,7,79,14.10050703321744,14.10050703321744,1.4229685319163434,,,,,,,,,,,,,,,,,,,,
real,300,gulf,11,LSTM-ms,1,crossing,8,87,17.939586188654822,17.939586188654822,0.3775960688687145,,,,,,,,,,,,,,,,,,,,
real,300,gulf,11,LSTM-ms,1,crossing,9,103,6.068396373793605,6.068396373793605,0.4743476329125509,,,,,,,,,,,,,,,,,,,,
real,300,gulf,11,LSTM-ms,1,crossing,10,123,26.363037257201213,26.363037257201213,0.4586227636687133,,,,,,,,,,,,,,,,,,,,
real,300,gulf,11,LSTM-ms,1,crossing,11,143,11.167703423955338,11.167703423955338,0.5899670350379019,,,,,,,,,,,,,,,,,,,,
real,300,gulf,11,LSTM-ms,1,crossing,12,186,21.19466437104218,21.19466437104218,0.45588832907631704,,,,,,,,,,,,,,,,,,,,
real,300,gulf,11,LSTM-ms,1,crossing,13,190,15.900065735953422,15.900065735953422,0.31327715659609306,,,,,,,,,,,,,,,,,,,,
real,300,gulf,11,LSTM-ms,1,crossing,14,198,22.136887893547613,22.136887893547613,0.3215685963729888,,,,,,,,,,,,,,,,,,,,
real,300,gulf,11,LSTM-ms,1,crossing,15,215,15.428842634009262,15.428842634009262,0.577073326506986,,,,,,,,,,,,,,,,,,,,
real,300,gulf,11,LSTM-ms,1,crossing,16,221,18.116471039648776,18.116471039648776,1.2173476598799422,,,,,,,,,,,,,,,,,,,,
real,300,gulf,11,LSTM-ms,1,crossing,17,226,12.20636638527805,12.20636638527805,0.5962570839508283,,,,,,,,,,,,,,,,,,,,
real,300,gulf,11,LSTM-ms,1,crossing,18,228,4.091363749185027,4.091363749185027,0.9996471361649935,,,,,,,,,,,,,,,,,,,,
real,300,gulf,11,LSTM-ms,1,crossing,19,260,3.450485963571329,3.450485963571329,0.5354962888986673,,,,,,,,,,21.0,21.0,21.0,12.0,12.0,12.0,12.0,11.0,11.0,11.0,11.0
real,300,gulf,11,LSTM-ms,1,crossing,20,269,19.064482433965054,19.064482433965054,1.2544906589735085,,,,,,,,,,,,,,,,,,,,
real,300,gulf,11,LSTM-ms,1,crossing,21,273,16.1574106160158,16.1574106160158,0.39427433184390875,,,,,,,,,,,,,,,,,,,,
real,300,gulf,11,LSTM-ms,1,crossing,22,286,2.3167809190116766,2.3167809190116766,0.03947253679156464,,,529.0,410.0,410.0,410.0,115.0,115.0,115.0,115.0,115.0,115.0,115.0,115.0,115.0,115.0,115.0,115.0,115.0,115.0
real,300,gulf,11,LSTM-ms,1,crossing,23,289,2.101426710087372,2.101426710087372,0.023864829313050052,,,,89.0,88.0,88.0,88.0,88.0,88.0,88.0,88.0,88.0,88.0,88.0,88.0,88.0,88.0,88.0,82.0,82.0
real,300,gulf,11,LSTM-ms,1,crossing,24,306,21.76084426486419,21.76084426486419,0.4740304747459214,,,,,,,,,,,,,,,,,,,,
real,300,gulf,11,LSTM-ms,1,crossing,25,308,13.60549519923911,13.60549519923911,1.632063369399551,,,,,,,,,,,,,,,,,,,,
real,300,gulf,11,LSTM-ms,1,crossing,26,319,18.875543671432194,18.875543671432194,0.35959979055669145,,,,,,,,,,,,,,,,,,,,
real,300,gulf,11,LSTM-ms,1,crossing,27,320,20.95496648559589,20.95496648559589,0.20992973618047084,,,,,,,,,,,,,,,,,,,,
real,300,gulf,11,LSTM-ms,1,crossing,28,328,16.65845630457464,16.65845630457464,0.34375029109972977,,,,,,,,,,,,,,,,,,,,
real,300,gulf,11,LSTM-ms,1,crossing,29,332,11.728509051312477,11.728509051312477,0.5670119199111232,,,,,,,,,,,,,,,,,,,,
real,300,gulf,11,LSTM-ms,1,crossing,30,337,2.02442266119215,2.02442266119215,0.04904533131976469,,,286.0,267.0,267.0,267.0,267.0,267.0,267.0,267.0,267.0,267.0,267.0,267.0,267.0,34.0,34.0,34.0,34.0,34.0
real,300,gulf,11,LSTM-ms,1,crossing,31,352,16.997016473296572,16.997016473296572,0.4350413060422109,,,,,,,,,,,,,,,,,,,,
real,300,gulf,11,LSTM-ms,1,crossing,32,354,18.02160823322652,18.02160823322652,0.4847490602736013,,,,,,,,,,,,,,,,,,,,
real,300,gulf,11,LSTM-ms,1,crossing,33,355,18.749431139132703,18.749431139132703,0.46330561188209196,,,,,,,,,,,,,,,,,,,,
real,300,gulf,11,LSTM-ms,1,crossing,34,356,2.988660632086339,2.988660632086339,0.5837999220760901,,,,,,719.0,719.0,718.0,718.0,718.0,717.0,717.0,716.0,716.0,715.0,715.0,714.0,714.0,714.0,713.0
real,300,gulf,11,LSTM-ms,1,crossing,35,375,11.409502497972799,11.409502497972799,0.4512939447540166,,,,,,,,,,,,,,,,,,,,
real,300,gulf,11,LSTM-ms,1,crossing,36,376,2.539037864528179,2.539037864528179,0.4875439629126882,,,,,,,,,,36.0,35.0,35.0,34.0,34.0,33.0,33.0,33.0,33.0,32.0,32.0
real,300,gulf,11,LSTM-ms,1,crossing,37,379,9.622312463864674,9.622312463864674,0.3861635163553013,,,,,,,,,,,,,,,,,,,,
real,300,gulf,11,LSTM-ms,1,crossing,38,417,2.0209492714870985,2.0209492714870985,0.05966101028578801,,,413.0,323.0,323.0,323.0,323.0,323.0,323.0,323.0,323.0,323.0,323.0,323.0,323.0,323.0,323.0,323.0,323.0,323.0
real,300,gulf,11,LSTM-ms,1,crossing,39,420,4.1393425705517775,4.1393425705517775,0.0021582694726054114,,,,,,,,,,,,,,,,,,,,
real,300,gulf,11,LSTM-ms,1,crossing,40,430,2.0979708638168684,2.0979708638168684,0.59458730249926,,,41.0,41.0,29.0,20.0,20.0,20.0,20.0,20.0,20.0,20.0,20.0,20.0,20.0,20.0,20.0,20.0,20.0,20.0
real,300,gulf,11,LSTM-ms,1,crossing,41,432,23.579689611690565,23.579689611690565,1.2963119343128684,,,,,,,,,,,,,,,,,,,,
real,300,gulf,11,LSTM-ms,1,crossing,42,434,25.58638482157518,25.58638482157518,0.28820417646795476,,,,,,,,,,,,,,,,,,,,
real,300,gulf,11,LSTM-ms,1,crossing,43,439,7.518462391496892,7.518462391496892,0.4650125098629971,,,,,,,,,,,,,,,,,,,,
real,300,gulf,11,LSTM-ms,1,crossing,44,450,3.2751443971152843,3.2751443971152843,0.4971485674228934,,,,,,,,,,,,,,,,,,,,
real,300,gulf,11,LSTM-ms,1,crossing,45,451,11.586198852641033,11.586198852641033,0.4686000053403285,,,,,,,,,,,,,,,,,,,,
real,300,gulf,11,LSTM-ms,1,crossing,46,466,5.345275510900062,5.345275510900062,0.4741978638858355,,,,,,,,,,,,,,,,,,,,
real,300,gulf,11,LSTM-ms,1,crossing,47,484,17.671405028238482,17.671405028238482,0.881061708872187,,,,,,,,,,,,,,,,,,,,
real,300,gulf,11,LSTM-rec,2,buffer,0,1,17.026694577852126,17.026694577852126,0.39228662105015727,,,,,,,,,,,,,,,,,,,,
real,300,gulf,11,LSTM-rec,2,buffer,1,26,6.5032073469815,6.5032073469815,1.5049227737915882,,,,,,,,,,,,,,,,,,,,
real,300,gulf,11,LSTM-rec,2,buffer,2,27,25.360597113523117,25.360597113523117,1.1218212795502955,,,,,,,,,,,,,,,,,,,,
real,300,gulf,11,LSTM-rec,2,buffer,3,29,28.284405074372057,28.284405074372057,0.5270786166441769,,,,,,,,,,,,,,,,,,,,
real,300,gulf,11,LSTM-rec,2,buffer,4,35,11.963240630449201,11.963240630449201,0.4116062050846804,,,,,,,,,,,,,,,,,,,,
real,300,gulf,11,LSTM-rec,2,buffer,5,46,10.07568466221555,10.07568466221555,0.45298017822903,,,,,,,,,,,,,,,,,,,,
real,300,gulf,11,LSTM-rec,2,buffer,6,77,6.904004400468228,6.904004400468228,1.2478008372632317,,,,,,,,,,,,,,,,,,,,
real,300,gulf,11,LSTM-rec,2,buffer,7,79,14.10050703321744,14.10050703321744,1.4229685319163434,,,,,,,,,,,,,,,,,,,,
real,300,gulf,11,LSTM-rec,2,buffer,8,87,17.939586188654822,17.939586188654822,0.3775960688687145,,,,,,,,,,,,,,,,,,,,
real,300,gulf,11,LSTM-rec,2,buffer,9,103,6.068396373793605,6.068396373793605,0.4743476329125509,,,,,,,,,,,,,,,,,,,,
real,300,gulf,11,LSTM-rec,2,buffer,10,123,26.363037257201213,26.363037257201213,0.4586227636687133,,,,,,,,,,,,,,,,,,,,
real,300,gulf,11,LSTM-rec,2,buffer,11,143,11.167703423955338,11.167703423955338,0.5899670350379019,,,,,,,,,,,,,,,,,,,,
real,300,gulf,11,LSTM-rec,2,buffer,12,186,21.19466437104218,21.19466437104218,0.45588832907631704,,,,,,,,,,,,,,,,,,,,
real,300,gulf,11,LSTM-rec,2,buffer,13,190,15.900065735953422,15.900065735953422,0.31327715659609306,,,,,,,,,,,,,,,,,,,,
real,300,gulf,11,LSTM-rec,2,buffer,14,198,22.136887893547613,22.136887893547613,0.3215685963729888,,,,,,,,,,,,,,,,,,,,
real,300,gulf,11,LSTM-rec,2,buffer,15,215,15.428842634009262,15.428842634009262,0.577073326506986,,,,,,,,,,,,,,,,,,,,
real,300,gulf,11,LSTM-rec,2,buffer,16,221,18.116471039648776,18.116471039648776,1.2173476598799422,,,,,,,,,,,,,,,,,,,,
real,300,gulf,11,LSTM-rec,2,buffer,17,226,12.20636638527805,12.20636638527805,0.5962570839508283,,,,,,,,,,,,,,,,,,,,
real,300,gulf,11,LSTM-rec,2,buffer,18,228,4.091363749185027,4.091363749185027,0.9996471361649935,,,,,,,,,,,,,,,,,,,,
real,300,gulf,11,LSTM-rec,2,buffer,19,260,3.450485963571329,3.450485963571329,0.5354962888986673,,,,21.0,21.0,21.0,21.0,21.0,20.0,20.0,20.0,12.0,12.0,12.0,12.0,12.0,12.0,12.0,12.0,12.0
real,300,gulf,11,LSTM-rec,2,buffer,20,269,19.064482433965054,19.064482433965054,1.2544906589735085,,,,,,,,,,,,,,,,,,,,
real,300,gulf,11,LSTM-rec,2,buffer,21,273,16.1574106160158,16.1574106160158,0.39427433184390875,,,,,,,,,,,,,,,,,,,,
real,300,gulf,11,LSTM-rec,2,buffer,22,286,2.3167809190116766,2.3167809190116766,0.03947253679156464,410.0,134.0,112.0,112.0,112.0,112.0,112.0,112.0,112.0,112.0,112.0,112.0,112.0,112.0,112.0,112.0,112.0,112.0,112.0,112.0
real,300,gulf,11,LSTM-rec,2,buffer,23,289,2.101426710087372,2.101426710087372,0.023864829313050052,82.0,82.0,82.0,82.0,82.0,82.0,82.0,82.0,82.0,82.0,82.0,82.0,82.0,82.0,82.0,82.0,82.0,82.0,82.0,82.0
real,300,gulf,11,LSTM-rec,2,buffer,24,306,21.76084426486419,21.76084426486419,0.4740304747459214,,,,,,,,,,,,,,,,,,,,
real,300,gulf,11,LSTM-rec,2,buffer,25,308,13.60549519923911,13.60549519923911,1.632063369399551,,,,,,,,,,,,,,,,,,,,
real,300,gulf,11,LSTM-rec,2,buffer,26,319,18.875543671432194,18.875543671432194,0.35959979055669145,,,,,,,,,,,,,,,,,,,,
real,300,gulf,11,LSTM-rec,2,buffer,27,320,20.95496648559589,20.95496648559589,0.20992973618047084,,,,,,,,,,,,,,,,,,,,
real,300,gulf,11,LSTM-rec,2,buffer,28,328,16.65845630457464,16.65845630457464,0.34375029109972977,,,,,,,,,,,,,,,,,,,,
real,300,gulf,11,LSTM-rec,2,buffer,29,332,11.728509051312477,11.728509051312477,0.5670119199111232,,,,,,,,,,,,,,,,,,,,
real,300,gulf,11,LSTM-rec,2,buffer,30,337,2.02442266119215,2.02442266119215,0.04904533131976469,267.0,34.0,34.0,34.0,34.0,34.0,34.0,34.0,34.0,34.0,34.0,34.0,34.0,34.0,34.0,34.0,34.0,34.0,34.0,34.0
real,300,gulf,11,LSTM-rec,2,buffer,31,352,16.997016473296572,16.997016473296572,0.4350413060422109,,,,,,,,,,,,,,,,,,,,
real,300,gulf,11,LSTM-rec,2,buffer,32,354,18.02160823322652,18.02160823322652,0.4847490602736013,,,,,,,,,,,,,,,,,,,,
real,300,gulf,11,LSTM-rec,2,buffer,33,355,18.749431139132703,18.749431139132703,0.46330561188209196,,,,,,,,,,,,,,,,,,,,
real,300,gulf,11,LSTM-rec,2,buffer,34,356,2.988660632086339,2.988660632086339,0.5837999220760901,,719.0,719.0,718.0,718.0,717.0,717.0,717.0,716.0,716.0,716.0,716.0,716.0,716.0,716.0,716.0,716.0,716.0,716.0,716.0
real,300,gulf,11,LSTM-rec,2,buffer,35,375,11.409502497972799,11.409502497972799,0.4512939447540166,,,,,,,,,,,,,,,,,,,,
real,300,gulf,11,LSTM-rec,2,buffer,36,376,2.539037864528179,2.539037864528179,0.4875439629126882,,36.0,36.0,35.0,35.0,35.0,35.0,35.0,35.0,35.0,35.0,35.0,35.0,35.0,35.0,35.0,35.0,35.0,35.0,35.0
real,300,gulf,11,LSTM-rec,2,buffer,37,379,9.622312463864674,9.622312463864674,0.3861635163553013,,,,,,,,,,,,,,,,,,,,
real,300,gulf,11,LSTM-rec,2,buffer,38,417,2.0209492714870985,2.0209492714870985,0.05966101028578801,323.0,323.0,323.0,323.0,323.0,323.0,323.0,323.0,323.0,323.0,323.0,323.0,323.0,323.0,323.0,323.0,323.0,323.0,323.0,323.0
real,300,gulf,11,LSTM-rec,2,buffer,39,420,4.1393425705517775,4.1393425705517775,0.0021582694726054114,,,,,,,,,,,,,,,,,,,,
real,300,gulf,11,LSTM-rec,2,buffer,40,430,2.0979708638168684,2.0979708638168684,0.59458730249926,20.0,20.0,20.0,20.0,19.0,19.0,19.0,19.0,19.0,19.0,19.0,19.0,19.0,19.0,19.0,19.0,19.0,19.0,19.0,19.0
real,300,gulf,11,LSTM-rec,2,buffer,41,432,23.579689611690565,23.579689611690565,1.2963119343128684,,,,,,,,,,,,,,,,,,,,
real,300,gulf,11,LSTM-rec,2,buffer,42,434,25.58638482157518,25.58638482157518,0.28820417646795476,,,,,,,,,,,,,,,,,,,,
real,300,gulf,11,LSTM-rec,2,buffer,43,439,7.518462391496892,7.518462391496892,0.4650125098629971,,,,,,,,,,,,,,,,,,,,
real,300,gulf,11,LSTM-rec,2,buffer,44,450,3.2751443971152843,3.2751443971152843,0.4971485674228934,,,,,,,,,,,,,,,,,,,,
real,300,gulf,11,LSTM-rec,2,buffer,45,451,11.586198852641033,11.586198852641033,0.4686000053403285,,,,,,,,,,,,,,,,,,,,
real,300,gulf,11,LSTM-rec,2,buffer,46,466,5.345275510900062,5.345275510900062,0.4741978638858355,,,,,,,,,,,,,,,,,,,,
real,300,gulf,11,LSTM-rec,2,buffer,47,484,17.671405028238482,17.671405028238482,0.881061708872187,,,,,,,,,,,,,,,,,,,,
real,300,gulf,11,LSTM-rec,2,crossing,0,1,17.026694577852126,17.026694577852126,0.39228662105015727,,,,,,,,,,,,,,,,,,,,
real,300,gulf,11,LSTM-rec,2,crossing,1,26,6.5032073469815,6.5032073469815,1.5049227737915882,,,,,,,,,,,,,,,,,,,,
real,300,gulf,11,LSTM-rec,2,crossing,2,27,25.360597113523117,25.360597113523117,1.1218212795502955,,,,,,,,,,,,,,,,,,,,
real,300,gulf,11,LSTM-rec,2,crossing,3,29,28.284405074372057,28.284405074372057,0.5270786166441769,,,,,,,,,,,,,,,,,,,,
real,300,gulf,11,LSTM-rec,2,crossing,4,35,11.963240630449201,11.963240630449201,0.4116062050846804,,,,,,,,,,,,,,,,,,,,
real,300,gulf,11,LSTM-rec,2,crossing,5,46,10.07568466221555,10.07568466221555,0.45298017822903,,,,,,,,,,,,,,,,,,,,
real,300,gulf,11,LSTM-rec,2,crossing,6,77,6.904004400468228,6.904004400468228,1.2478008372632317,,,,,,,,,,,,,,,,,,,,
real,300,gulf,11,LSTM-rec,2,crossing,7,79,14.10050703321744,14.10050703321744,1.4229685319163434,,,,,,,,,,,,,,,,,,,,
real,300,gulf,11,LSTM-rec,2,crossing,8,87,17.939586188654822,17.939586188654822,0.3775960688687145,,,,,,,,,,,,,,,,,,,,
real,300,gulf,11,LSTM-rec,2,crossing,9,103,6.068396373793605,6.068396373793605,0.4743476329125509,,,,,,,,,,,,,,,,,,,,
real,300,gulf,11,LSTM-rec,2,crossing,10,123,26.363037257201213,26.363037257201213,0.4586227636687133,,,,,,,,,,,,,,,,,,,,
real,300,gulf,11,LSTM-rec,2,crossing,11,143,11.167703423955338,11.167703423955338,0.5899670350379019,,,,,,,,,,,,,,,,,,,,
real,300,gulf,11,LSTM-rec,2,crossing,12,186,21.19466437104218,21.19466437104218,0.45588832907631704,,,,,,,,,,,,,,,,,,,,
real,300,gulf,11,LSTM-rec,2,crossing,13,190,15.900065735953422,15.900065735953422,0.31327715659609306,,,,,,,,,,,,,,,,,,,,
real,300,gulf,11,LSTM-rec,2,crossing,14,198,22.136887893547613,22.136887893547613,0.3215685963729888,,,,,,,,,,,,,,,,,,,,
real,300,gulf,11,LSTM-rec,2,crossing,15,215,15.428842634009262,15.428842634009262,0.577073326506986,,,,,,,,,,,,,,,,,,,,
real,300,gulf,11,LSTM-rec,2,crossing,16,221,18.116471039648776,18.116471039648776,1.2173476598799422,,,,,,,,,,,,,,,,,,,,
real,300,gulf,11,LSTM-rec,2,crossing,17,226,12.20636638527805,12.20636638527805,0.5962570839508283,,,,,,,,,,,,,,,,,,,,
real,300,gulf,11,LSTM-rec,2,crossing,18,228,4.091363749185027,4.091363749185027,0.9996471361649935,,,,,,,,,,,,,,,,,,,,
real,300,gulf,11,LSTM-rec,2,crossing,19,260,3.450485963571329,3.450485963571329,0.5354962888986673,,,,,,,,,,,,,,,,,,,,
real,300,gulf,11,LSTM-rec,2,crossing,20,269,19.064482433965054,19.064482433965054,1.2544906589735085,,,,,,,,,,,,,,,,,,,,
real,300,gulf,11,LSTM-rec,2,crossing,21,273,16.1574106160158,16.1574106160158,0.39427433184390875,,,,,,,,,,,,,,,,,,,,
real,300,gulf,11,LSTM-rec,2,crossing,22,286,2.3167809190116766,2.3167809190116766,0.03947253679156464,,,410.0,410.0,410.0,134.0,134.0,134.0,134.0,134.0,134.0,134.0,134.0,134.0,134.0,134.0,134.0,134.0,134.0,134.0
real,300,gulf,11,LSTM-rec,2,crossing,23,289,2.101426710087372,2.101426710087372,0.023864829313050052,,,92.0,92.0,92.0,82.0,82.0,82.0,82.0,82.0,82.0,82.0,82.0,82.0,82.0,82.0,82.0,82.0,82.0,82.0
real,300,gulf,11,LSTM-rec,2,crossing,24,306,21.76084426486419,21.76084426486419,0.4740304747459214,,,,,,,,,,,,,,,,,,,,
real,300,gulf,11,LSTM-rec,2,crossing,25,308,13.60549519923911,13.60549519923911,1.632063369399551,,,,,,,,,,,,,,,,,,,,
real,300,gulf,11,LSTM-rec,2,crossing,26,319,18.875543671432194,18.875543671432194,0.35959979055669145,,,,,,,,,,,,,,,,,,,,
real,300,gulf,11,LSTM-rec,2,crossing,27,320,20.95496648559589,20.95496648559589,0.20992973618047084,,,,,,,,,,,,,,,,,,,,
real,300,gulf,11,LSTM-rec,2,crossing,28,328,16.65845630457464,16.65845630457464,0.34375029109972977,,,,,,,,,,,,,,,,,,,,
real,300,gulf,11,LSTM-rec,2,crossing,29,332,11.728509051312477,11.728509051312477,0.5670119199111232,,,,,,,,,,,,,,,,,,,,
real,300,gulf,11,LSTM-rec,2,crossing,30,337,2.02442266119215,2.02442266119215,0.04904533131976469,,,267.0,267.0,267.0,267.0,267.0,267.0,267.0,267.0,267.0,267.0,267.0,267.0,267.0,267.0,267.0,267.0,267.0,267.0
real,300,gulf,11,LSTM-rec,2,crossing,31,352,16.997016473296572,16.997016473296572,0.4350413060422109,,,,,,,,,,,,,,,,,,,,
real,300,gulf,11,LSTM-rec,2,crossing,32,354,18.02160823322652,18.02160823322652,0.4847490602736013,,,,,,,,,,,,,,,,,,,,
real,300,gulf,11,LSTM-rec,2,crossing,33,355,18.749431139132703,18.749431139132703,0.46330561188209196,,,,,,,,,,,,,,,,,,,,
real,300,gulf,11,LSTM-rec,2,crossing,34,356,2.988660632086339,2.988660632086339,0.5837999220760901,,,,,,,719.0,719.0,719.0,719.0,718.0,718.0,718.0,718.0,718.0,718.0,718.0,718.0,718.0,718.0
real,300,gulf,11,LSTM-rec,2,crossing,35,375,11.409502497972799,11.409502497972799,0.4512939447540166,,,,,,,,,,,,,,,,,,,,
real,300,gulf,11,LSTM-rec,2,crossing,36,376,2.539037864528179,2.539037864528179,0.4875439629126882,,,,,,,,,,,,,,,,,,,,
real,300,gulf,11,LSTM-rec,2,crossing,37,379,9.622312463864674,9.622312463864674,0.3861635163553013,,,,,,,,,,,,,,,,,,,,
real,300,gulf,11,LSTM-rec,2,crossing,38,417,2.0209492714870985,2.0209492714870985,0.05966101028578801,,473.0,323.0,323.0,323.0,323.0,323.0,323.0,323.0,323.0,323.0,323.0,323.0,323.0,323.0,323.0,323.0,323.0,323.0,323.0
real,300,gulf,11,LSTM-rec,2,crossing,39,420,4.1393425705517775,4.1393425705517775,0.0021582694726054114,,,,,,,,,,,,,,,,,,,,
real,300,gulf,11,LSTM-rec,2,crossing,40,430,2.0979708638168684,2.0979708638168684,0.59458730249926,,,29.0,20.0,20.0,20.0,20.0,20.0,20.0,20.0,20.0,20.0,20.0,20.0,20.0,20.0,20.0,20.0,20.0,20.0
real,300,gulf,11,LSTM-rec,2,crossing,41,432,23.579689611690565,23.579689611690565,1.2963119343128684,,,,,,,,,,,,,,,,,,,,
real,300,gulf,11,LSTM-rec,2,crossing,42,434,25.58638482157518,25.58638482157518,0.28820417646795476,,,,,,,,,,,,,,,,,,,,
real,300,gulf,11,LSTM-rec,2,crossing,43,439,7.518462391496892,7.518462391496892,0.4650125098629971,,,,,,,,,,,,,,,,,,,,
real,300,gulf,11,LSTM-rec,2,crossing,44,450,3.2751443971152843,3.2751443971152843,0.4971485674228934,,,,,,,,,,,,,,,,,,,,
real,300,gulf,11,LSTM-rec,2,crossing,45,451,11.586198852641033,11.586198852641033,0.4686000053403285,,,,,,,,,,,,,,,,,,,,
real,300,gulf,11,LSTM-rec,2,crossing,46,466,5.345275510900062,5.345275510900062,0.4741978638858355,,,,,,,,,,,,,,,,,,,,
real,300,gulf,11,LSTM-rec,2,crossing,47,484,17.671405028238482,17.671405028238482,0.881061708872187,,,,,,,,,,,,,,,,,,,,
real,300,gulf,11,LSTM-ms,2,buffer,0,1,17.026694577852126,17.026694577852126,0.39228662105015727,,,,,,,,,,,,,,,,,,,,
real,300,gulf,11,LSTM-ms,2,buffer,1,26,6.5032073469815,6.5032073469815,1.5049227737915882,,,,,,,,,,,,,,,,,,,,
real,300,gulf,11,LSTM-ms,2,buffer,2,27,25.360597113523117,25.360597113523117,1.1218212795502955,,,,,,,,,,,,,,,,,,,,
real,300,gulf,11,LSTM-ms,2,buffer,3,29,28.284405074372057,28.284405074372057,0.5270786166441769,,,,,,,,,,,,,,,,,,,,
real,300,gulf,11,LSTM-ms,2,buffer,4,35,11.963240630449201,11.963240630449201,0.4116062050846804,,,,,,,,,,,,,,,,,,,,
real,300,gulf,11,LSTM-ms,2,buffer,5,46,10.07568466221555,10.07568466221555,0.45298017822903,,,,,,,,,,,,,,,,,,,,
real,300,gulf,11,LSTM-ms,2,buffer,6,77,6.904004400468228,6.904004400468228,1.2478008372632317,,,,,,,,,,,,,,,,,,,,
real,300,gulf,11,LSTM-ms,2,buffer,7,79,14.10050703321744,14.10050703321744,1.4229685319163434,,,,,,,,,,,,,,,,,,,,
real,300,gulf,11,LSTM-ms,2,buffer,8,87,17.939586188654822,17.939586188654822,0.3775960688687145,,,,,,,,,,,,,,,,,,,,
real,300,gulf,11,LSTM-ms,2,buffer,9,103,6.068396373793605,6.068396373793605,0.4743476329125509,,,,,,,,,,,,,,,,,,,,165.0
real,300,gulf,11,LSTM-ms,2,buffer,10,123,26.363037257201213,26.363037257201213,0.4586227636687133,,,,,,,,,,,,,,,,,,,,
real,300,gulf,11,LSTM-ms,2,buffer,11,143,11.167703423955338,11.167703423955338,0.5899670350379019,,,,,,,,,,,,,,,,,,,,
real,300,gulf,11,LSTM-ms,2,buffer,12,186,21.19466437104218,21.19466437104218,0.45588832907631704,,,,,,,,,,,,,,,,,,,,
real,300,gulf,11,LSTM-ms,2,buffer,13,190,15.900065735953422,15.900065735953422,0.31327715659609306,,,,,,,,,,,,,,,,,,,,
real,300,gulf,11,LSTM-ms,2,buffer,14,198,22.136887893547613,22.136887893547613,0.3215685963729888,,,,,,,,,,,,,,,,,,,,
real,300,gulf,11,LSTM-ms,2,buffer,15,215,15.428842634009262,15.428842634009262,0.577073326506986,,,,,,,,,,,,,,,,,,,,
real,300,gulf,11,LSTM-ms,2,buffer,16,221,18.116471039648776,18.116471039648776,1.2173476598799422,,,,,,,,,,,,,,,,,,,,
real,300,gulf,11,LSTM-ms,2,buffer,17,226,12.20636638527805,12.20636638527805,0.5962570839508283,,,,,,,,,,,,,,,,,,,,
real,300,gulf,11,LSTM-ms,2,buffer,18,228,4.091363749185027,4.091363749185027,0.9996471361649935,,,,,,,,,,,,,,,,,,,,
real,300,gulf,11,LSTM-ms,2,buffer,19,260,3.450485963571329,3.450485963571329,0.5354962888986673,,,,21.0,21.0,21.0,20.0,20.0,12.0,12.0,12.0,12.0,11.0,11.0,11.0,11.0,11.0,11.0,10.0,10.0
real,300,gulf,11,LSTM-ms,2,buffer,20,269,19.064482433965054,19.064482433965054,1.2544906589735085,,,,,,,,,,,,,,,,,,,,
real,300,gulf,11,LSTM-ms,2,buffer,21,273,16.1574106160158,16.1574106160158,0.39427433184390875,,,,,,,,,,,,,,,,,,,,
real,300,gulf,11,LSTM-ms,2,buffer,22,286,2.3167809190116766,2.3167809190116766,0.03947253679156464,410.0,410.0,410.0,410.0,134.0,134.0,134.0,134.0,112.0,112.0,112.0,112.0,112.0,112.0,112.0,112.0,112.0,112.0,112.0,112.0
real,300,gulf,11,LSTM-ms,2,buffer,23,289,2.101426710087372,2.101426710087372,0.023864829313050052,82.0,82.0,82.0,82.0,82.0,82.0,82.0,82.0,82.0,82.0,82.0,82.0,82.0,82.0,82.0,82.0,82.0,82.0,82.0,82.0
real,300,gulf,11,LSTM-ms,2,buffer,24,306,21.76084426486419,21.76084426486419,0.4740304747459214,,,,,,,,,,,,,,,,,,,,
real,300,gulf,11,LSTM-ms,2,buffer,25,308,13.60549519923911,13.60549519923911,1.632063369399551,,,,,,,,,,,,,,,,,,,,
real,300,gulf,11,LSTM-ms,2,buffer,26,319,18.875543671432194,18.875543671432194,0.35959979055669145,,,,,,,,,,,,,,,,,,,,
real,300,gulf,11,LSTM-ms,2,buffer,27,320,20.95496648559589,20.95496648559589,0.20992973618047084,,,,,,,,,,,,,,,,,,,,
real,300,gulf,11,LSTM-ms,2,buffer,28,328,16.65845630457464,16.65845630457464,0.34375029109972977,,,,,,,,,,,,,,,,,,,,
real,300,gulf,11,LSTM-ms,2,buffer,29,332,11.728509051312477,11.728509051312477,0.5670119199111232,,,,,,,,,,,,,,,,,,,,
real,300,gulf,11,LSTM-ms,2,buffer,30,337,2.02442266119215,2.02442266119215,0.04904533131976469,282.0,282.0,267.0,267.0,267.0,267.0,267.0,267.0,267.0,267.0,267.0,34.0,34.0,34.0,34.0,34.0,34.0,34.0,34.0,34.0
real,300,gulf,11,LSTM-ms,2,buffer,31,352,16.997016473296572,16.997016473296572,0.4350413060422109,,,,,,,,,,,,,,,,,,,,
real,300,gulf,11,LSTM-ms,2,buffer,32,354,18.02160823322652,18.02160823322652,0.4847490602736013,,,,,,,,,,,,,,,,,,,,
real,300,gulf,11,LSTM-ms,2,buffer,33,355,18.749431139132703,18.749431139132703,0.46330561188209196,,,,,,,,,,,,,,,,,,,,
real,300,gulf,11,LSTM-ms,2,buffer,34,356,2.988660632086339,2.988660632086339,0.5837999220760901,,719.0,719.0,718.0,718.0,717.0,716.0,716.0,715.0,715.0,714.0,714.0,713.0,713.0,712.0,712.0,711.0,711.0,710.0,710.0
real,300,gulf,11,LSTM-ms,2,buffer,35,375,11.409502497972799,11.409502497972799,0.4512939447540166,,,,,,,,,,,,,,,,,,,,
real,300,gulf,11,LSTM-ms,2,buffer,36,376,2.539037864528179,2.539037864528179,0.4875439629126882,,36.0,35.0,35.0,34.0,34.0,33.0,33.0,33.0,32.0,32.0,21.0,21.0,21.0,20.0,20.0,20.0,20.0,20.0,20.0
real,300,gulf,11,LSTM-ms,2,buffer,37,379,9.622312463864674,9.622312463864674,0.3861635163553013,,,,,,,,,,,,,,,,,,,,
real,300,gulf,11,LSTM-ms,2,buffer,38,417,2.0209492714870985,2.0209492714870985,0.05966101028578801,413.0,336.0,323.0,323.0,323.0,323.0,323.0,323.0,323.0,323.0,323.0,323.0,323.0,323.0,323.0,323.0,323.0,323.0,323.0,323.0
real,300,gulf,11,LSTM-ms,2,buffer,39,420,4.1393425705517775,4.1393425705517775,0.0021582694726054114,,,,,,,,,,,,,,,,,,,,
real,300,gulf,11,LSTM-ms,2,buffer,40,430,2.0979708638168684,2.0979708638168684,0.59458730249926,41.0,41.0,23.0,20.0,20.0,20.0,6.0,6.0,6.0,6.0,6.0,6.0,6.0,6.0,6.0,6.0,6.0,6.0,6.0,6.0
real,300,gulf,11,LSTM-ms,2,buffer,41,432,23.579689611690565,23.579689611690565,1.2963119343128684,,,,,,,,,,,,,,,,,,,,
real,300,gulf,11,LSTM-ms,2,buffer,42,434,25.58638482157518,25.58638482157518,0.28820417646795476,,,,,,,,,,,,,,,,,,,,
real,300,gulf,11,LSTM-ms,2,buffer,43,439,7.518462391496892,7.518462391496892,0.4650125098629971,,,,,,,,,,,,,,,,,,,,
real,300,gulf,11,LSTM-ms,2,buffer,44,450,3.2751443971152843,3.2751443971152843,0.4971485674228934,,,,,,,,,,,,,,,,,,,,
real,300,gulf,11,LSTM-ms,2,buffer,45,451,11.586198852641033,11.586198852641033,0.4686000053403285,,,,,,,,,,,,,,,,,,,,
real,300,gulf,11,LSTM-ms,2,buffer,46,466,5.345275510900062,5.345275510900062,0.4741978638858355,,,,,,,,,,,,,,,,,,,,
real,300,gulf,11,LSTM-ms,2,buffer,47,484,17.671405028238482,17.671405028238482,0.881061708872187,,,,,,,,,,,,,,,,,,,,
real,300,gulf,11,LSTM-ms,2,crossing,0,1,17.026694577852126,17.026694577852126,0.39228662105015727,,,,,,,,,,,,,,,,,,,,
real,300,gulf,11,LSTM-ms,2,crossing,1,26,6.5032073469815,6.5032073469815,1.5049227737915882,,,,,,,,,,,,,,,,,,,,
real,300,gulf,11,LSTM-ms,2,crossing,2,27,25.360597113523117,25.360597113523117,1.1218212795502955,,,,,,,,,,,,,,,,,,,,
real,300,gulf,11,LSTM-ms,2,crossing,3,29,28.284405074372057,28.284405074372057,0.5270786166441769,,,,,,,,,,,,,,,,,,,,
real,300,gulf,11,LSTM-ms,2,crossing,4,35,11.963240630449201,11.963240630449201,0.4116062050846804,,,,,,,,,,,,,,,,,,,,
real,300,gulf,11,LSTM-ms,2,crossing,5,46,10.07568466221555,10.07568466221555,0.45298017822903,,,,,,,,,,,,,,,,,,,,
real,300,gulf,11,LSTM-ms,2,crossing,6,77,6.904004400468228,6.904004400468228,1.2478008372632317,,,,,,,,,,,,,,,,,,,,
real,300,gulf,11,LSTM-ms,2,crossing,7,79,14.10050703321744,14.10050703321744,1.4229685319163434,,,,,,,,,,,,,,,,,,,,
real,300,gulf,11,LSTM-ms,2,crossing,8,87,17.939586188654822,17.939586188654822,0.3775960688687145,,,,,,,,,,,,,,,,,,,,
real,300,gulf,11,LSTM-ms,2,crossing,9,103,6.068396373793605,6.068396373793605,0.4743476329125509,,,,,,,,,,,,,,,,,,,,
real,300,gulf,11,LSTM-ms,2,crossing,10,123,26.363037257201213,26.363037257201213,0.4586227636687133,,,,,,,,,,,,,,,,,,,,
real,300,gulf,11,LSTM-ms,2,crossing,11,143,11.167703423955338,11.167703423955338,0.5899670350379019,,,,,,,,,,,,,,,,,,,,
real,300,gulf,11,LSTM-ms,2,crossing,12,186,21.19466437104218,21.19466437104218,0.45588832907631704,,,,,,,,,,,,,,,,,,,,
real,300,gulf,11,LSTM-ms,2,crossing,13,190,15.900065735953422,15.900065735953422,0.31327715659609306,,,,,,,,,,,,,,,,,,,,
real,300,gulf,11,LSTM-ms,2,crossing,14,198,22.136887893547613,22.136887893547613,0.3215685963729888,,,,,,,,,,,,,,,,,,,,
real,300,gulf,11,LSTM-ms,2,crossing,15,215,15.428842634009262,15.428842634009262,0.577073326506986,,,,,,,,,,,,,,,,,,,,
real,300,gulf,11,LSTM-ms,2,crossing,16,221,18.116471039648776,18.116471039648776,1.2173476598799422,,,,,,,,,,,,,,,,,,,,
real,300,gulf,11,LSTM-ms,2,crossing,17,226,12.20636638527805,12.20636638527805,0.5962570839508283,,,,,,,,,,,,,,,,,,,,
real,300,gulf,11,LSTM-ms,2,crossing,18,228,4.091363749185027,4.091363749185027,0.9996471361649935,,,,,,,,,,,,,,,,,,,,
real,300,gulf,11,LSTM-ms,2,crossing,19,260,3.450485963571329,3.450485963571329,0.5354962888986673,,,,,,,,,,,21.0,21.0,21.0,12.0,12.0,12.0,12.0,12.0,11.0,11.0
real,300,gulf,11,LSTM-ms,2,crossing,20,269,19.064482433965054,19.064482433965054,1.2544906589735085,,,,,,,,,,,,,,,,,,,,
real,300,gulf,11,LSTM-ms,2,crossing,21,273,16.1574106160158,16.1574106160158,0.39427433184390875,,,,,,,,,,,,,,,,,,,,
real,300,gulf,11,LSTM-ms,2,crossing,22,286,2.3167809190116766,2.3167809190116766,0.03947253679156464,,,,,,417.0,417.0,417.0,410.0,410.0,410.0,410.0,410.0,410.0,410.0,410.0,410.0,410.0,410.0,410.0
real,300,gulf,11,LSTM-ms,2,crossing,23,289,2.101426710087372,2.101426710087372,0.023864829313050052,,,,,,,,89.0,89.0,89.0,89.0,89.0,89.0,89.0,88.0,88.0,88.0,82.0,82.0,82.0
real,300,gulf,11,LSTM-ms,2,crossing,24,306,21.76084426486419,21.76084426486419,0.4740304747459214,,,,,,,,,,,,,,,,,,,,
real,300,gulf,11,LSTM-ms,2,crossing,25,308,13.60549519923911,13.60549519923911,1.632063369399551,,,,,,,,,,,,,,,,,,,,
real,300,gulf,11,LSTM-ms,2,crossing,26,319,18.875543671432194,18.875543671432194,0.35959979055669145,,,,,,,,,,,,,,,,,,,,
real,300,gulf,11,LSTM-ms,2,crossing,27,320,20.95496648559589,20.95496648559589,0.20992973618047084,,,,,,,,,,,,,,,,,,,,
real,300,gulf,11,LSTM-ms,2,crossing,28,328,16.65845630457464,16.65845630457464,0.34375029109972977,,,,,,,,,,,,,,,,,,,,
real,300,gulf,11,LSTM-ms,2,crossing,29,332,11.728509051312477,11.728509051312477,0.5670119199111232,,,,,,,,,,,,,,,,,,,,
real,300,gulf,11,LSTM-ms,2,crossing,30,337,2.02442266119215,2.02442266119215,0.04904533131976469,,,,,,,,,286.0,286.0,286.0,286.0,286.0,267.0,267.0,267.0,267.0,267.0,267.0,267.0
real,300,gulf,11,LSTM-ms,2,crossing,31,352,16.997016473296572,16.997016473296572,0.4350413060422109,,,,,,,,,,,,,,,,,,,,
real,300,gulf,11,LSTM-ms,2,crossing,32,354,18.02160823322652,18.02160823322652,0.4847490602736013,,,,,,,,,,,,,,,,,,,,
real,300,gulf,11,LSTM-ms,2,crossing,33,355,18.749431139132703,18.749431139132703,0.46330561188209196,,,,,,,,,,,,,,,,,,,,
real,300,gulf,11,LSTM-ms,2,crossing,34,356,2.988660632086339,2.988660632086339,0.5837999220760901,,,,,,,719.0,719.0,718.0,718.0,717.0,717.0,716.0,716.0,715.0,715.0,714.0,714.0,713.0,713.0
real,300,gulf,11,LSTM-ms,2,crossing,35,375,11.409502497972799,11.409502497972799,0.4512939447540166,,,,,,,,,,,,,,,,,,,,
real,300,gulf,11,LSTM-ms,2,crossing,36,376,2.539037864528179,2.539037864528179,0.4875439629126882,,,,,,,,,,,36.0,35.0,35.0,34.0,34.0,33.0,33.0,33.0,33.0,33.0
real,300,gulf,11,LSTM-ms,2,crossing,37,379,9.622312463864674,9.622312463864674,0.3861635163553013,,,,,,,,,,,,,,,,,,,,
real,300,gulf,11,LSTM-ms,2,crossing,38,417,2.0209492714870985,2.0209492714870985,0.05966101028578801,,,,,,,,459.0,459.0,413.0,413.0,413.0,335.0,335.0,323.0,323.0,323.0,323.0,323.0,323.0
real,300,gulf,11,LSTM-ms,2,crossing,39,420,4.1393425705517775,4.1393425705517775,0.0021582694726054114,,,,,,,,,,,,,,,,,,,,
real,300,gulf,11,LSTM-ms,2,crossing,40,430,2.0979708638168684,2.0979708638168684,0.59458730249926,,,,,,,,,41.0,41.0,23.0,23.0,23.0,23.0,23.0,23.0,23.0,23.0,23.0,23.0
real,300,gulf,11,LSTM-ms,2,crossing,41,432,23.579689611690565,23.579689611690565,1.2963119343128684,,,,,,,,,,,,,,,,,,,,
real,300,gulf,11,LSTM-ms,2,crossing,42,434,25.58638482157518,25.58638482157518,0.28820417646795476,,,,,,,,,,,,,,,,,,,,
real,300,gulf,11,LSTM-ms,2,crossing,43,439,7.518462391496892,7.518462391496892,0.4650125098629971,,,,,,,,,,,,,,,,,,,,
real,300,gulf,11,LSTM-ms,2,crossing,44,450,3.2751443971152843,3.2751443971152843,0.4971485674228934,,,,,,,,,,,,,,,,,,,,
real,300,gulf,11,LSTM-ms,2,crossing,45,451,11.586198852641033,11.586198852641033,0.4686000053403285,,,,,,,,,,,,,,,,,,,,
real,300,gulf,11,LSTM-ms,2,crossing,46,466,5.345275510900062,5.345275510900062,0.4741978638858355,,,,,,,,,,,,,,,,,,,,
real,300,gulf,11,LSTM-ms,2,crossing,47,484,17.671405028238482,17.671405028238482,0.881061708872187,,,,,,,,,,,,,,,,,,,,
real,300,gulf,11,LSTM-rec,3,buffer,0,1,17.026694577852126,17.026694577852126,0.39228662105015727,,,,,,,,,,,,,,,,,,,,
real,300,gulf,11,LSTM-rec,3,buffer,1,26,6.5032073469815,6.5032073469815,1.5049227737915882,,,,,,,,,,,,,,,,,,,,
real,300,gulf,11,LSTM-rec,3,buffer,2,27,25.360597113523117,25.360597113523117,1.1218212795502955,,,,,,,,,,,,,,,,,,,,
real,300,gulf,11,LSTM-rec,3,buffer,3,29,28.284405074372057,28.284405074372057,0.5270786166441769,,,,,,,,,,,,,,,,,,,,
real,300,gulf,11,LSTM-rec,3,buffer,4,35,11.963240630449201,11.963240630449201,0.4116062050846804,,,,,,,,,,,,,,,,,,,,
real,300,gulf,11,LSTM-rec,3,buffer,5,46,10.07568466221555,10.07568466221555,0.45298017822903,,,,,,,,,,,,,,,,,,,,
real,300,gulf,11,LSTM-rec,3,buffer,6,77,6.904004400468228,6.904004400468228,1.2478008372632317,,,,,,,,,,,,,,,,,,,,
real,300,gulf,11,LSTM-rec,3,buffer,7,79,14.10050703321744,14.10050703321744,1.4229685319163434,,,,,,,,,,,,,,,,,,,,
real,300,gulf,11,LSTM-rec,3,buffer,8,87,17.939586188654822,17.939586188654822,0.3775960688687145,,,,,,,,,,,,,,,,,,,,
real,300,gulf,11,LSTM-rec,3,buffer,9,103,6.068396373793605,6.068396373793605,0.4743476329125509,,,,,,,,,,,,165.0,164.0,164.0,163.0,162.0,161.0,160.0,159.0,158.0
real,300,gulf,11,LSTM-rec,3,buffer,10,123,26.363037257201213,26.363037257201213,0.4586227636687133,,,,,,,,,,,,,,,,,,,,
real,300,gulf,11,LSTM-rec,3,buffer,11,143,11.167703423955338,11.167703423955338,0.5899670350379019,,,,,,,,,,,,,,,,,,,,
real,300,gulf,11,LSTM-rec,3,buffer,12,186,21.19466437104218,21.19466437104218,0.45588832907631704,,,,,,,,,,,,,,,,,,,,
real,300,gulf,11,LSTM-rec,3,buffer,13,190,15.900065735953422,15.900065735953422,0.31327715659609306,,,,,,,,,,,,,,,,,,,,
real,300,gulf,11,LSTM-rec,3,buffer,14,198,22.136887893547613,22.136887893547613,0.3215685963729888,,,,,,,,,,,,,,,,,,,,
real,300,gulf,11,LSTM-rec,3,buffer,15,215,15.428842634009262,15.428842634009262,0.577073326506986,,,,,,,,,,,,,,,,,,,,
real,300,gulf,11,LSTM-rec,3,buffer,16,221,18.116471039648776,18.116471039648776,1.2173476598799422,,,,,,,,,,,,,,,,,,,,
real,300,gulf,11,LSTM-rec,3,buffer,17,226,12.20636638527805,12.20636638527805,0.5962570839508283,,,,,,,,,,,,,,,,,,,,
real,300,gulf,11,LSTM-rec,3,buffer,18,228,4.091363749185027,4.091363749185027,0.9996471361649935,,,,,,,,,,,,,,,,,,,,
real,300,gulf,11,LSTM-rec,3,buffer,19,260,3.450485963571329,3.450485963571329,0.5354962888986673,,,21.0,21.0,20.0,19.0,12.0,12.0,11.0,11.0,11.0,10.0,10.0,9.0,9.0,9.0,8.0,8.0,8.0,8.0
real,300,gulf,11,LSTM-rec,3,buffer,20,269,19.064482433965054,19.064482433965054,1.2544906589735085,,,,,,,,,,,,,,,,,,,,
real,300,gulf,11,LSTM-rec,3,buffer,21,273,16.1574106160158,16.1574106160158,0.39427433184390875,,,,,,,,,,,,,,,,,,,,
real,300,gulf,11,LSTM-rec,3,buffer,22,286,2.3167809190116766,2.3167809190116766,0.03947253679156464,410.0,112.0,112.0,112.0,112.0,112.0,6.0,6.0,6.0,6.0,6.0,6.0,6.0,6.0,6.0,6.0,6.0,6.0,6.0,6.0
real,300,gulf,11,LSTM-rec,3,buffer,23,289,2.101426710087372,2.101426710087372,0.023864829313050052,82.0,82.0,82.0,82.0,82.0,82.0,6.0,6.0,6.0,6.0,6.0,6.0,6.0,6.0,6.0,6.0,6.0,6.0,6.0,6.0
real,300,gulf,11,LSTM-rec,3,buffer,24,306,21.76084426486419,21.76084426486419,0.4740304747459214,,,,,,,,,,,,,,,,,,,,
real,300,gulf,11,LSTM-rec,3,buffer,25,308,13.60549519923911,13.60549519923911,1.632063369399551,,,,,,,,,,,,,,,,,,,,
real,300,gulf,11,LSTM-rec,3,buffer,26,319,18.875543671432194,18.875543671432194,0.35959979055669145,,,,,,,,,,,,,,,,,,,,
real,300,gulf,11,LSTM-rec,3,buffer,27,320,20.95496648559589,20.95496648559589,0.20992973618047084,,,,,,,,,,,,,,,,,,,,
real,300,gulf,11,LSTM-rec,3,buffer,28,328,16.65845630457464,16.65845630457464,0.34375029109972977,,,,,,,,,,,,,,,,,,,,
real,300,gulf,11,LSTM-rec,3,buffer,29,332,11.728509051312477,11.728509051312477,0.5670119199111232,,,,,,,,,,,,,,,,,,,,
real,300,gulf,11,LSTM-rec,3,buffer,30,337,2.02442266119215,2.02442266119215,0.04904533131976469,267.0,34.0,34.0,34.0,34.0,34.0,6.0,6.0,6.0,6.0,6.0,6.0,6.0,6.0,6.0,6.0,6.0,6.0,6.0,6.0
real,300,gulf,11,LSTM-rec,3,buffer,31,352,16.997016473296572,16.997016473296572,0.4350413060422109,,,,,,,,,,,,,,,,,,,,
real,300,gulf,11,LSTM-rec,3,buffer,32,354,18.02160823322652,18.02160823322652,0.4847490602736013,,,,,,,,,,,,,,,,,,,,
real,300,gulf,11,LSTM-rec,3,buffer,33,355,18.749431139132703,18.749431139132703,0.46330561188209196,,,,,,,,,,,,,,,,,,,,
real,300,gulf,11,LSTM-rec,3,buffer,34,356,2.988660632086339,2.988660632086339,0.5837999220760901,,719.0,718.0,718.0,717.0,716.0,715.0,714.0,713.0,713.0,712.0,711.0,711.0,710.0,709.0,709.0,708.0,707.0,707.0,706.0
real,300,gulf,11,LSTM-rec,3,buffer,35,375,11.409502497972799,11.409502497972799,0.4512939447540166,,,,,,,,,,,,,,,,,,,,
real,300,gulf,11,LSTM-rec,3,buffer,36,376,2.539037864528179,2.539037864528179,0.4875439629126882,,36.0,35.0,34.0,33.0,32.0,21.0,20.0,20.0,19.0,19.0,19.0,18.0,18.0,16.0,15.0,14.0,12.0,11.0,9.0
real,300,gulf,11,LSTM-rec,3,buffer,37,379,9.622312463864674,9.622312463864674,0.3861635163553013,,,,,,,,,,,,,,,,,,,,
real,300,gulf,11,LSTM-rec,3,buffer,38,417,2.0209492714870985,2.0209492714870985,0.05966101028578801,323.0,323.0,323.0,323.0,323.0,323.0,6.0,6.0,6.0,6.0,6.0,6.0,6.0,6.0,6.0,6.0,6.0,6.0,6.0,6.0
real,300,gulf,11,LSTM-rec,3,buffer,39,420,4.1393425705517775,4.1393425705517775,0.0021582694726054114,,,,,,,,,,,,,,6.0,6.0,6.0,6.0,6.0,6.0,6.0
real,300,gulf,11,LSTM-rec,3,buffer,40,430,2.0979708638168684,2.0979708638168684,0.59458730249926,20.0,20.0,20.0,19.0,19.0,19.0,6.0,6.0,6.0,6.0,6.0,6.0,6.0,6.0,6.0,6.0,6.0,6.0,6.0,6.0
real,300,gulf,11,LSTM-rec,3,buffer,41,432,23.579689611690565,23.579689611690565,1.2963119343128684,,,,,,,,,,,,,,,,,,,,
real,300,gulf,11,LSTM-rec,3,buffer,42,434,25.58638482157518,25.58638482157518,0.28820417646795476,,,,,,,,,,,,,,,,,,,,
real,300,gulf,11,LSTM-rec,3,buffer,43,439,7.518462391496892,7.518462391496892,0.4650125098629971,,,,,,,,,,,,,,,,,,,,
real,300,gulf,11,LSTM-rec,3,buffer,44,450,3.2751443971152843,3.2751443971152843,0.4971485674228934,,,,,,,,,,,,,,,,,,,,6.0
real,300,gulf,11,LSTM-rec,3,buffer,45,451,11.586198852641033,11.586198852641033,0.4686000053403285,,,,,,,,,,,,,,,,,,,,
real,300,gulf,11,LSTM-rec,3,buffer,46,466,5.345275510900062,5.345275510900062,0.4741978638858355,,,,,,,,,,,,,161.0,160.0,159.0,157.0,156.0,155.0,154.0,153.0
real,300,gulf,11,LSTM-rec,3,buffer,47,484,17.671405028238482,17.671405028238482,0.881061708872187,,,,,,,,,,,,,,,,,,,,
real,300,gulf,11,LSTM-rec,3,crossing,0,1,17.026694577852126,17.026694577852126,0.39228662105015727,,,,,,,,,,,,,,,,,,,,
real,300,gulf,11,LSTM-rec,3,crossing,1,26,6.5032073469815,6.5032073469815,1.5049227737915882,,,,,,,,,,,,,,,,,,,,
real,300,gulf,11,LSTM-rec,3,crossing,2,27,25.360597113523117,25.360597113523117,1.1218212795502955,,,,,,,,,,,,,,,,,,,,
real,300,gulf,11,LSTM-rec,3,crossing,3,29,28.284405074372057,28.284405074372057,0.5270786166441769,,,,,,,,,,,,,,,,,,,,
real,300,gulf,11,LSTM-rec,3,crossing,4,35,11.963240630449201,11.963240630449201,0.4116062050846804,,,,,,,,,,,,,,,,,,,,
real,300,gulf,11,LSTM-rec,3,crossing,5,46,10.07568466221555,10.07568466221555,0.45298017822903,,,,,,,,,,,,,,,,,,,,
real,300,gulf,11,LSTM-rec,3,crossing,6,77,6.904004400468228,6.904004400468228,1.2478008372632317,,,,,,,,,,,,,,,,,,,,
real,300,gulf,11,LSTM-rec,3,crossing,7,79,14.10050703321744,14.10050703321744,1.4229685319163434,,,,,,,,,,,,,,,,,,,,
real,300,gulf,11,LSTM-rec,3,crossing,8,87,17.939586188654822,17.939586188654822,0.3775960688687145,,,,,,,,,,,,,,,,,,,,
real,300,gulf,11,LSTM-rec,3,crossing,9,103,6.068396373793605,6.068396373793605,0.4743476329125509,,,,,,,,,,,,,,,,,,165.0,164.0,163.0
real,300,gulf,11,LSTM-rec,3,crossing,10,123,26.363037257201213,26.363037257201213,0.4586227636687133,,,,,,,,,,,,,,,,,,,,
real,300,gulf,11,LSTM-rec,3,crossing,11,143,11.167703423955338,11.167703423955338,0.5899670350379019,,,,,,,,,,,,,,,,,,,,
real,300,gulf,11,LSTM-rec,3,crossing,12,186,21.19466437104218,21.19466437104218,0.45588832907631704,,,,,,,,,,,,,,,,,,,,
real,300,gulf,11,LSTM-rec,3,crossing,13,190,15.900065735953422,15.900065735953422,0.31327715659609306,,,,,,,,,,,,,,,,,,,,
real,300,gulf,11,LSTM-rec,3,crossing,14,198,22.136887893547613,22.136887893547613,0.3215685963729888,,,,,,,,,,,,,,,,,,,,
real,300,gulf,11,LSTM-rec,3,crossing,15,215,15.428842634009262,15.428842634009262,0.577073326506986,,,,,,,,,,,,,,,,,,,,
real,300,gulf,11,LSTM-rec,3,crossing,16,221,18.116471039648776,18.116471039648776,1.2173476598799422,,,,,,,,,,,,,,,,,,,,
real,300,gulf,11,LSTM-rec,3,crossing,17,226,12.20636638527805,12.20636638527805,0.5962570839508283,,,,,,,,,,,,,,,,,,,,
real,300,gulf,11,LSTM-rec,3,crossing,18,228,4.091363749185027,4.091363749185027,0.9996471361649935,,,,,,,,,,,,,,,,,,,,
real,300,gulf,11,LSTM-rec,3,crossing,19,260,3.450485963571329,3.450485963571329,0.5354962888986673,,,,,,,,21.0,20.0,20.0,12.0,12.0,11.0,11.0,11.0,10.0,10.0,10.0,9.0,9.0
real,300,gulf,11,LSTM-rec,3,crossing,20,269,19.064482433965054,19.064482433965054,1.2544906589735085,,,,,,,,,,,,,,,,,,,,
real,300,gulf,11,LSTM-rec,3,crossing,21,273,16.1574106160158,16.1574106160158,0.39427433184390875,,,,,,,,,,,,,,,,,,,,
real,300,gulf,11,LSTM-rec,3,crossing,22,286,2.3167809190116766,2.3167809190116766,0.03947253679156464,,,410.0,410.0,134.0,134.0,134.0,134.0,134.0,112.0,112.0,112.0,112.0,112.0,112.0,6.0,6.0,6.0,6.0,6.0
real,300,gulf,11,LSTM-rec,3,crossing,23,289,2.101426710087372,2.101426710087372,0.023864829313050052,,,92.0,92.0,88.0,82.0,82.0,82.0,82.0,82.0,82.0,82.0,82.0,82.0,82.0,6.0,6.0,6.0,6.0,6.0
real,300,gulf,11,LSTM-rec,3,crossing,24,306,21.76084426486419,21.76084426486419,0.4740304747459214,,,,,,,,,,,,,,,,,,,,
real,300,gulf,11,LSTM-rec,3,crossing,25,308,13.60549519923911,13.60549519923911,1.632063369399551,,,,,,,,,,,,,,,,,,,,
real,300,gulf,11,LSTM-rec,3,crossing,26,319,18.875543671432194,18.875543671432194,0.35959979055669145,,,,,,,,,,,,,,,,,,,,
real,300,gulf,11,LSTM-rec,3,crossing,27,320,20.95496648559589,20.95496648559589,0.20992973618047084,,,,,,,,,,,,,,,,,,,,
real,300,gulf,11,LSTM-rec,3,crossing,28,328,16.65845630457464,16.65845630457464,0.34375029109972977,,,,,,,,,,,,,,,,,,,,
real,300,gulf,11,LSTM-rec,3,crossing,29,332,11.728509051312477,11.728509051312477,0.5670119199111232,,,,,,,,,,,,,,,,,,,,
real,300,gulf,11,LSTM-rec,3,crossing,30,337,2.02442266119215,2.02442266119215,0.04904533131976469,,,267.0,267.0,267.0,267.0,34.0,34.0,34.0,34.0,34.0,34.0,34.0,34.0,34.0,6.0,6.0,6.0,6.0,6.0
real,300,gulf,11,LSTM-rec,3,crossing,31,352,16.997016473296572,16.997016473296572,0.4350413060422109,,,,,,,,,,,,,,,,,,,,
real,300,gulf,11,LSTM-rec,3,crossing,32,354,18.02160823322652,18.02160823322652,0.4847490602736013,,,,,,,,,,,,,,,,,,,,
real,300,gulf,11,LSTM-rec,3,crossing,33,355,18.749431139132703,18.749431139132703,0.46330561188209196,,,,,,,,,,,,,,,,,,,,
real,300,gulf,11,LSTM-rec,3,crossing,34,356,2.988660632086339,2.988660632086339,0.5837999220760901,,,,,719.0,719.0,718.0,717.0,717.0,716.0,715.0,714.0,713.0,713.0,712.0,711.0,711.0,710.0,710.0,709.0
real,300,gulf,11,LSTM-rec,3,crossing,35,375,11.409502497972799,11.409502497972799,0.4512939447540166,,,,,,,,,,,,,,,,,,,,
real,300,gulf,11,LSTM-rec,3,crossing,36,376,2.539037864528179,2.539037864528179,0.4875439629126882,,,,,,,,35.0,34.0,33.0,32.0,21.0,20.0,20.0,20.0,19.0,19.0,19.0,19.0,18.0
real,300,gulf,11,LSTM-rec,3,crossing,37,379,9.622312463864674,9.622312463864674,0.3861635163553013,,,,,,,,,,,,,,,,,,,,
real,300,gulf,11,LSTM-rec,3,crossing,38,417,2.0209492714870985,2.0209492714870985,0.05966101028578801,,,323.0,323.0,323.0,323.0,323.0,323.0,323.0,323.0,323.0,323.0,323.0,323.0,323.0,6.0,6.0,6.0,6.0,6.0
real,300,gulf,11,LSTM-rec,3,crossing,39,420,4.1393425705517775,4.1393425705517775,0.0021582694726054114,,,,,,,,,,,,,,,,,,,,
real,300,gulf,11,LSTM-rec,3,crossing,40,430,2.0979708638168684,2.0979708638168684,0.59458730249926,,,29.0,20.0,20.0,20.0,20.0,20.0,19.0,19.0,19.0,19.0,19.0,19.0,19.0,6.0,6.0,6.0,6.0,6.0
real,300,gulf,11,LSTM-rec,3,crossing,41,432,23.579689611690565,23.579689611690565,1.2963119343128684,,,,,,,,,,,,,,,,,,,,
real,300,gulf,11,LSTM-rec,3,crossing,42,434,25.58638482157518,25.58638482157518,0.28820417646795476,,,,,,,,,,,,,,,,,,,,
real,300,gulf,11,LSTM-rec,3,crossing,43,439,7.518462391496892,7.518462391496892,0.4650125098629971,,,,,,,,,,,,,,,,,,,,
real,300,gulf,11,LSTM-rec,3,crossing,44,450,3.2751443971152843,3.2751443971152843,0.4971485674228934,,,,,,,,,,,,,,,,,,,,
real,300,gulf,11,LSTM-rec,3,crossing,45,451,11.586198852641033,11.586198852641033,0.4686000053403285,,,,,,,,,,,,,,,,,,,,
real,300,gulf,11,LSTM-rec,3,crossing,46,466,5.345275510900062,5.345275510900062,0.4741978638858355,,,,,,,,,,,,,,,,,,,161.0,160.0
real,300,gulf,11,LSTM-rec,3,crossing,47,484,17.671405028238482,17.671405028238482,0.881061708872187,,,,,,,,,,,,,,,,,,,,
real,300,gulf,11,LSTM-ms,3,buffer,0,1,17.026694577852126,17.026694577852126,0.39228662105015727,,,,,,,,,,,,,,,,,,,,
real,300,gulf,11,LSTM-ms,3,buffer,1,26,6.5032073469815,6.5032073469815,1.5049227737915882,,,,,,,,,,,,,,,,,,,,
real,300,gulf,11,LSTM-ms,3,buffer,2,27,25.360597113523117,25.360597113523117,1.1218212795502955,,,,,,,,,,,,,,,,,,,,
real,300,gulf,11,LSTM-ms,3,buffer,3,29,28.284405074372057,28.284405074372057,0.5270786166441769,,,,,,,,,,,,,,,,,,,,
real,300,gulf,11,LSTM-ms,3,buffer,4,35,11.963240630449201,11.963240630449201,0.4116062050846804,,,,,,,,,,,,,,,,,,,,
real,300,gulf,11,LSTM-ms,3,buffer,5,46,10.07568466221555,10.07568466221555,0.45298017822903,,,,,,,,,,,,,,,,,,,,
real,300,gulf,11,LSTM-ms,3,buffer,6,77,6.904004400468228,6.904004400468228,1.2478008372632317,,,,,,,,,,,,,,,,,,,,
real,300,gulf,11,LSTM-ms,3,buffer,7,79,14.10050703321744,14.10050703321744,1.4229685319163434,,,,,,,,,,,,,,,,,,,,
real,300,gulf,11,LSTM-ms,3,buffer,8,87,17.939586188654822,17.939586188654822,0.3775960688687145,,,,,,,,,,,,,,,,,,,,
real,300,gulf,11,LSTM-ms,3,buffer,9,103,6.068396373793605,6.068396373793605,0.4743476329125509,,,,,,,,,,,,,,,,,,,,
real,300,gulf,11,LSTM-ms,3,buffer,10,123,26.363037257201213,26.363037257201213,0.4586227636687133,,,,,,,,,,,,,,,,,,,,
real,300,gulf,11,LSTM-ms,3,buffer,11,143,11.167703423955338,11.167703423955338,0.5899670350379019,,,,,,,,,,,,,,,,,,,,
real,300,gulf,11,LSTM-ms,3,buffer,12,186,21.19466437104218,21.19466437104218,0.45588832907631704,,,,,,,,,,,,,,,,,,,,
real,300,gulf,11,LSTM-ms,3,buffer,13,190,15.900065735953422,15.900065735953422,0.31327715659609306,,,,,,,,,,,,,,,,,,,,
real,300,gulf,11,LSTM-ms,3,buffer,14,198,22.136887893547613,22.136887893547613,0.3215685963729888,,,,,,,,,,,,,,,,,,,,
real,300,gulf,11,LSTM-ms,3,buffer,15,215,15.428842634009262,15.428842634009262,0.577073326506986,,,,,,,,,,,,,,,,,,,,
real,300,gulf,11,LSTM-ms,3,buffer,16,221,18.116471039648776,18.116471039648776,1.2173476598799422,,,,,,,,,,,,,,,,,,,,
real,300,gulf,11,LSTM-ms,3,buffer,17,226,12.20636638527805,12.20636638527805,0.5962570839508283,,,,,,,,,,,,,,,,,,,,
real,300,gulf,11,LSTM-ms,3,buffer,18,228,4.091363749185027,4.091363749185027,0.9996471361649935,,,,,,,,,,,,,,,,,,,,
real,300,gulf,11,LSTM-ms,3,buffer,19,260,3.450485963571329,3.450485963571329,0.5354962888986673,,,,,,21.0,21.0,21.0,21.0,20.0,20.0,12.0,12.0,12.0,12.0,12.0,11.0,11.0,11.0,11.0
real,300,gulf,11,LSTM-ms,3,buffer,20,269,19.064482433965054,19.064482433965054,1.2544906589735085,,,,,,,,,,,,,,,,,,,,
real,300,gulf,11,LSTM-ms,3,buffer,21,273,16.1574106160158,16.1574106160158,0.39427433184390875,,,,,,,,,,,,,,,,,,,,
real,300,gulf,11,LSTM-ms,3,buffer,22,286,2.3167809190116766,2.3167809190116766,0.03947253679156464,417.0,417.0,417.0,417.0,417.0,417.0,417.0,417.0,417.0,417.0,417.0,417.0,417.0,417.0,410.0,410.0,135.0,135.0,135.0,135.0
real,300,gulf,11,LSTM-ms,3,buffer,23,289,2.101426710087372,2.101426710087372,0.023864829313050052,89.0,89.0,82.0,82.0,82.0,82.0,82.0,82.0,82.0,82.0,82.0,82.0,82.0,82.0,82.0,82.0,82.0,82.0,82.0,82.0
real,300,gulf,11,LSTM-ms,3,buffer,24,306,21.76084426486419,21.76084426486419,0.4740304747459214,,,,,,,,,,,,,,,,,,,,
real,300,gulf,11,LSTM-ms,3,buffer,25,308,13.60549519923911,13.60549519923911,1.632063369399551,,,,,,,,,,,,,,,,,,,,
real,300,gulf,11,LSTM-ms,3,buffer,26,319,18.875543671432194,18.875543671432194,0.35959979055669145,,,,,,,,,,,,,,,,,,,,
real,300,gulf,11,LSTM-ms,3,buffer,27,320,20.95496648559589,20.95496648559589,0.20992973618047084,,,,,,,,,,,,,,,,,,,,
real,300,gulf,11,LSTM-ms,3,buffer,28,328,16.65845630457464,16.65845630457464,0.34375029109972977,,,,,,,,,,,,,,,,,,,,
real,300,gulf,11,LSTM-ms,3,buffer,29,332,11.728509051312477,11.728509051312477,0.5670119199111232,,,,,,,,,,,,,,,,,,,,
real,300,gulf,11,LSTM-ms,3,buffer,30,337,2.02442266119215,2.02442266119215,0.04904533131976469,282.0,282.0,282.0,282.0,268.0,268.0,268.0,268.0,267.0,267.0,267.0,267.0,267.0,267.0,267.0,267.0,267.0,267.0,267.0,267.0
real,300,gulf,11,LSTM-ms,3,buffer,31,352,16.997016473296572,16.997016473296572,0.4350413060422109,,,,,,,,,,,,,,,,,,,,
real,300,gulf,11,LSTM-ms,3,buffer,32,354,18.02160823322652,18.02160823322652,0.4847490602736013,,,,,,,,,,,,,,,,,,,,
real,300,gulf,11,LSTM-ms,3,buffer,33,355,18.749431139132703,18.749431139132703,0.46330561188209196,,,,,,,,,,,,,,,,,,,,
real,300,gulf,11,LSTM-ms,3,buffer,34,356,2.988660632086339,2.988660632086339,0.5837999220760901,,,719.0,719.0,718.0,718.0,718.0,717.0,717.0,716.0,716.0,715.0,715.0,714.0,714.0,714.0,713.0,713.0,713.0,712.0
real,300,gulf,11,LSTM-ms,3,buffer,35,375,11.409502497972799,11.409502497972799,0.4512939447540166,,,,,,,,,,,,,,,,,,,,
real,300,gulf,11,LSTM-ms,3,buffer,36,376,2.539037864528179,2.539037864528179,0.4875439629126882,,,36.0,36.0,35.0,35.0,35.0,35.0,34.0,34.0,34.0,33.0,33.0,33.0,33.0,32.0,32.0,32.0,32.0,32.0
real,300,gulf,11,LSTM-ms,3,buffer,37,379,9.622312463864674,9.622312463864674,0.3861635163553013,,,,,,,,,,,,,,,,,,,,
real,300,gulf,11,LSTM-ms,3,buffer,38,417,2.0209492714870985,2.0209492714870985,0.05966101028578801,336.0,336.0,335.0,335.0,335.0,335.0,335.0,324.0,324.0,324.0,324.0,324.0,324.0,324.0,324.0,324.0,324.0,324.0,324.0,324.0
real,300,gulf,11,LSTM-ms,3,buffer,39,420,4.1393425705517775,4.1393425705517775,0.0021582694726054114,,,,,,,,,,,,,,,,,,,,
real,300,gulf,11,LSTM-ms,3,buffer,40,430,2.0979708638168684,2.0979708638168684,0.59458730249926,41.0,41.0,41.0,41.0,41.0,30.0,30.0,30.0,30.0,21.0,21.0,21.0,20.0,20.0,20.0,20.0,20.0,20.0,20.0,20.0
real,300,gulf,11,LSTM-ms,3,buffer,41,432,23.579689611690565,23.579689611690565,1.2963119343128684,,,,,,,,,,,,,,,,,,,,
real,300,gulf,11,LSTM-ms,3,buffer,42,434,25.58638482157518,25.58638482157518,0.28820417646795476,,,,,,,,,,,,,,,,,,,,
real,300,gulf,11,LSTM-ms,3,buffer,43,439,7.518462391496892,7.518462391496892,0.4650125098629971,,,,,,,,,,,,,,,,,,,,
real,300,gulf,11,LSTM-ms,3,buffer,44,450,3.2751443971152843,3.2751443971152843,0.4971485674228934,,,,,,,,,,,,,,,,,,,,
real,300,gulf,11,LSTM-ms,3,buffer,45,451,11.586198852641033,11.586198852641033,0.4686000053403285,,,,,,,,,,,,,,,,,,,,
real,300,gulf,11,LSTM-ms,3,buffer,46,466,5.345275510900062,5.345275510900062,0.4741978638858355,,,,,,,,,,,,,,,,,,,,
real,300,gulf,11,LSTM-ms,3,buffer,47,484,17.671405028238482,17.671405028238482,0.881061708872187,,,,,,,,,,,,,,,,,,,,
real,300,gulf,11,LSTM-ms,3,crossing,0,1,17.026694577852126,17.026694577852126,0.39228662105015727,,,,,,,,,,,,,,,,,,,,
real,300,gulf,11,LSTM-ms,3,crossing,1,26,6.5032073469815,6.5032073469815,1.5049227737915882,,,,,,,,,,,,,,,,,,,,
real,300,gulf,11,LSTM-ms,3,crossing,2,27,25.360597113523117,25.360597113523117,1.1218212795502955,,,,,,,,,,,,,,,,,,,,
real,300,gulf,11,LSTM-ms,3,crossing,3,29,28.284405074372057,28.284405074372057,0.5270786166441769,,,,,,,,,,,,,,,,,,,,
real,300,gulf,11,LSTM-ms,3,crossing,4,35,11.963240630449201,11.963240630449201,0.4116062050846804,,,,,,,,,,,,,,,,,,,,
real,300,gulf,11,LSTM-ms,3,crossing,5,46,10.07568466221555,10.07568466221555,0.45298017822903,,,,,,,,,,,,,,,,,,,,
real,300,gulf,11,LSTM-ms,3,crossing,6,77,6.904004400468228,6.904004400468228,1.2478008372632317,,,,,,,,,,,,,,,,,,,,
real,300,gulf,11,LSTM-ms,3,crossing,7,79,14.10050703321744,14.10050703321744,1.4229685319163434,,,,,,,,,,,,,,,,,,,,
real,300,gulf,11,LSTM-ms,3,crossing,8,87,17.939586188654822,17.939586188654822,0.3775960688687145,,,,,,,,,,,,,,,,,,,,
real,300,gulf,11,LSTM-ms,3,crossing,9,103,6.068396373793605,6.068396373793605,0.4743476329125509,,,,,,,,,,,,,,,,,,,,
real,300,gulf,11,LSTM-ms,3,crossing,10,123,26.363037257201213,26.363037257201213,0.4586227636687133,,,,,,,,,,,,,,,,,,,,
real,300,gulf,11,LSTM-ms,3,crossing,11,143,11.167703423955338,11.167703423955338,0.5899670350379019,,,,,,,,,,,,,,,,,,,,
real,300,gulf,11,LSTM-ms,3,crossing,12,186,21.19466437104218,21.19466437104218,0.45588832907631704,,,,,,,,,,,,,,,,,,,,
real,300,gulf,11,LSTM-ms,3,crossing,13,190,15.900065735953422,15.900065735953422,0.31327715659609306,,,,,,,,,,,,,,,,,,,,
real,300,gulf,11,LSTM-ms,3,crossing,14,198,22.136887893547613,22.136887893547613,0.3215685963729888,,,,,,,,,,,,,,,,,,,,
real,300,gulf,11,LSTM-ms,3,crossing,15,215,15.428842634009262,15.428842634009262,0.577073326506986,,,,,,,,,,,,,,,,,,,,
real,300,gulf,11,LSTM-ms,3,crossing,16,221,18.116471039648776,18.116471039648776,1.2173476598799422,,,,,,,,,,,,,,,,,,,,
real,300,gulf,11,LSTM-ms,3,crossing,17,226,12.20636638527805,12.20636638527805,0.5962570839508283,,,,,,,,,,,,,,,,,,,,
real,300,gulf,11,LSTM-ms,3,crossing,18,228,4.091363749185027,4.091363749185027,0.9996471361649935,,,,,,,,,,,,,,,,,,,,
real,300,gulf,11,LSTM-ms,3,crossing,19,260,3.450485963571329,3.450485963571329,0.5354962888986673,,,,,,,,,,,,,,,,,12.0,12.0,12.0,12.0
real,300,gulf,11,LSTM-ms,3,crossing,20,269,19.064482433965054,19.064482433965054,1.2544906589735085,,,,,,,,,,,,,,,,,,,,
real,300,gulf,11,LSTM-ms,3,crossing,21,273,16.1574106160158,16.1574106160158,0.39427433184390875,,,,,,,,,,,,,,,,,,,,
real,300,gulf,11,LSTM-ms,3,crossing,22,286,2.3167809190116766,2.3167809190116766,0.03947253679156464,,,,,,,,,417.0,417.0,417.0,417.0,417.0,417.0,417.0,417.0,417.0,417.0,417.0,417.0
real,300,gulf,11,LSTM-ms,3,crossing,23,289,2.101426710087372,2.101426710087372,0.023864829313050052,,,,,,,,,89.0,89.0,89.0,89.0,89.0,89.0,89.0,89.0,89.0,89.0,89.0,89.0
real,300,gulf,11,LSTM-ms,3,crossing,24,306,21.76084426486419,21.76084426486419,0.4740304747459214,,,,,,,,,,,,,,,,,,,,
real,300,gulf,11,LSTM-ms,3,crossing,25,308,13.60549519923911,13.60549519923911,1.632063369399551,,,,,,,,,,,,,,,,,,,,
real,300,gulf,11,LSTM-ms,3,crossing,26,319,18.875543671432194,18.875543671432194,0.35959979055669145,,,,,,,,,,,,,,,,,,,,
real,300,gulf,11,LSTM-ms,3,crossing,27,320,20.95496648559589,20.95496648559589,0.20992973618047084,,,,,,,,,,,,,,,,,,,,
real,300,gulf,11,LSTM-ms,3,crossing,28,328,16.65845630457464,16.65845630457464,0.34375029109972977,,,,,,,,,,,,,,,,,,,,
real,300,gulf,11,LSTM-ms,3,crossing,29,332,11.728509051312477,11.728509051312477,0.5670119199111232,,,,,,,,,,,,,,,,,,,,
real,300,gulf,11,LSTM-ms,3,crossing,30,337,2.02442266119215,2.02442266119215,0.04904533131976469,,,,,,,,,,,,,286.0,286.0,286.0,286.0,286.0,286.0,286.0,286.0
real,300,gulf,11,LSTM-ms,3,crossing,31,352,16.997016473296572,16.997016473296572,0.4350413060422109,,,,,,,,,,,,,,,,,,,,
real,300,gulf,11,LSTM-ms,3,crossing,32,354,18.02160823322652,18.02160823322652,0.4847490602736013,,,,,,,,,,,,,,,,,,,,
real,300,gulf,11,LSTM-ms,3,crossing,33,355,18.749431139132703,18.749431139132703,0.46330561188209196,,,,,,,,,,,,,,,,,,,,
real,300,gulf,11,LSTM-ms,3,crossing,34,356,2.988660632086339,2.988660632086339,0.5837999220760901,,,,,,,,,719.0,719.0,719.0,718.0,718.0,718.0,717.0,717.0,717.0,716.0,716.0,716.0
real,300,gulf,11,LSTM-ms,3,crossing,35,375,11.409502497972799,11.409502497972799,0.4512939447540166,,,,,,,,,,,,,,,,,,,,
real,300,gulf,11,LSTM-ms,3,crossing,36,376,2.539037864528179,2.539037864528179,0.4875439629126882,,,,,,,,,,,,,,,,,,36.0,36.0,35.0
real,300,gulf,11,LSTM-ms,3,crossing,37,379,9.622312463864674,9.622312463864674,0.3861635163553013,,,,,,,,,,,,,,,,,,,,
real,300,gulf,11,LSTM-ms,3,crossing,38,417,2.0209492714870985,2.0209492714870985,0.05966101028578801,,,,,,,,,,336.0,336.0,336.0,336.0,336.0,335.0,335.0,335.0,335.0,335.0,335.0
real,300,gulf,11,LSTM-ms,3,crossing,39,420,4.1393425705517775,4.1393425705517775,0.0021582694726054114,,,,,,,,,,,,,,,,,,,,
real,300,gulf,11,LSTM-ms,3,crossing,40,430,2.0979708638168684,2.0979708638168684,0.59458730249926,,,,,,,41.0,41.0,41.0,41.0,41.0,41.0,41.0,41.0,41.0,41.0,41.0,41.0,41.0,41.0
real,300,gulf,11,LSTM-ms,3,crossing,41,432,23.579689611690565,23.579689611690565,1.2963119343128684,,,,,,,,,,,,,,,,,,,,
real,300,gulf,11,LSTM-ms,3,crossing,42,434,25.58638482157518,25.58638482157518,0.28820417646795476,,,,,,,,,,,,,,,,,,,,
real,300,gulf,11,LSTM-ms,3,crossing,43,439,7.518462391496892,7.518462391496892,0.4650125098629971,,,,,,,,,,,,,,,,,,,,
real,300,gulf,11,LSTM-ms,3,crossing,44,450,3.2751443971152843,3.2751443971152843,0.4971485674228934,,,,,,,,,,,,,,,,,,,,
real,300,gulf,11,LSTM-ms,3,crossing,45,451,11.586198852641033,11.586198852641033,0.4686000053403285,,,,,,,,,,,,,,,,,,,,
real,300,gulf,11,LSTM-ms,3,crossing,46,466,5.345275510900062,5.345275510900062,0.4741978638858355,,,,,,,,,,,,,,,,,,,,
real,300,gulf,11,LSTM-ms,3,crossing,47,484,17.671405028238482,17.671405028238482,0.881061708872187,,,,,,,,,,,,,,,,,,,,
real,300,gulf,11,LSTM-rec,4,buffer,0,1,17.026694577852126,17.026694577852126,0.39228662105015727,,,,,,,,,,,,,,,,,,,,
real,300,gulf,11,LSTM-rec,4,buffer,1,26,6.5032073469815,6.5032073469815,1.5049227737915882,,,,,,,,,,,,,,,,,,,,
real,300,gulf,11,LSTM-rec,4,buffer,2,27,25.360597113523117,25.360597113523117,1.1218212795502955,,,,,,,,,,,,,,,,,,,,
real,300,gulf,11,LSTM-rec,4,buffer,3,29,28.284405074372057,28.284405074372057,0.5270786166441769,,,,,,,,,,,,,,,,,,,,
real,300,gulf,11,LSTM-rec,4,buffer,4,35,11.963240630449201,11.963240630449201,0.4116062050846804,,,,,,,,,,,,,,,,,,,,
real,300,gulf,11,LSTM-rec,4,buffer,5,46,10.07568466221555,10.07568466221555,0.45298017822903,,,,,,,,,,,,,,,,,,,,
real,300,gulf,11,LSTM-rec,4,buffer,6,77,6.904004400468228,6.904004400468228,1.2478008372632317,,,,,,,,,,,,,,,,,,,,
real,300,gulf,11,LSTM-rec,4,buffer,7,79,14.10050703321744,14.10050703321744,1.4229685319163434,,,,,,,,,,,,,,,,,,,,
real,300,gulf,11,LSTM-rec,4,buffer,8,87,17.939586188654822,17.939586188654822,0.3775960688687145,,,,,,,,,,,,,,,,,,,,
real,300,gulf,11,LSTM-rec,4,buffer,9,103,6.068396373793605,6.068396373793605,0.4743476329125509,,,,,,,,,,,,,,,,,,,,
real,300,gulf,11,LSTM-rec,4,buffer,10,123,26.363037257201213,26.363037257201213,0.4586227636687133,,,,,,,,,,,,,,,,,,,,
real,300,gulf,11,LSTM-rec,4,buffer,11,143,11.167703423955338,11.167703423955338,0.5899670350379019,,,,,,,,,,,,,,,,,,,,
real,300,gulf,11,LSTM-rec,4,buffer,12,186,21.19466437104218,21.19466437104218,0.45588832907631704,,,,,,,,,,,,,,,,,,,,
real,300,gulf,11,LSTM-rec,4,buffer,13,190,15.900065735953422,15.900065735953422,0.31327715659609306,,,,,,,,,,,,,,,,,,,,
real,300,gulf,11,LSTM-rec,4,buffer,14,198,22.136887893547613,22.136887893547613,0.3215685963729888,,,,,,,,,,,,,,,,,,,,
real,300,gulf,11,LSTM-rec,4,buffer,15,215,15.428842634009262,15.428842634009262,0.577073326506986,,,,,,,,,,,,,,,,,,,,
real,300,gulf,11,LSTM-rec,4,buffer,16,221,18.116471039648776,18.116471039648776,1.2173476598799422,,,,,,,,,,,,,,,,,,,,
real,300,gulf,11,LSTM-rec,4,buffer,17,226,12.20636638527805,12.20636638527805,0.5962570839508283,,,,,,,,,,,,,,,,,,,,
real,300,gulf,11,LSTM-rec,4,buffer,18,228,4.091363749185027,4.091363749185027,0.9996471361649935,,,,,,,,,,,,,,,,,,,,
real,300,gulf,11,LSTM-rec,4,buffer,19,260,3.450485963571329,3.450485963571329,0.5354962888986673,,,,,,,,,,,,,,,,,,,,
real,300,gulf,11,LSTM-rec,4,buffer,20,269,19.064482433965054,19.064482433965054,1.2544906589735085,,,,,,,,,,,,,,,,,,,,
real,300,gulf,11,LSTM-rec,4,buffer,21,273,16.1574106160158,16.1574106160158,0.39427433184390875,,,,,,,,,,,,,,,,,,,,
real,300,gulf,11,LSTM-rec,4,buffer,22,286,2.3167809190116766,2.3167809190116766,0.03947253679156464,410.0,134.0,134.0,134.0,134.0,134.0,134.0,134.0,134.0,134.0,134.0,134.0,134.0,134.0,134.0,134.0,134.0,134.0,134.0,134.0
real,300,gulf,11,LSTM-rec,4,buffer,23,289,2.101426710087372,2.101426710087372,0.023864829313050052,82.0,82.0,82.0,82.0,82.0,82.0,82.0,82.0,82.0,82.0,82.0,82.0,82.0,82.0,82.0,82.0,82.0,82.0,82.0,82.0
real,300,gulf,11,LSTM-rec,4,buffer,24,306,21.76084426486419,21.76084426486419,0.4740304747459214,,,,,,,,,,,,,,,,,,,,
real,300,gulf,11,LSTM-rec,4,buffer,25,308,13.60549519923911,13.60549519923911,1.632063369399551,,,,,,,,,,,,,,,,,,,,
real,300,gulf,11,LSTM-rec,4,buffer,26,319,18.875543671432194,18.875543671432194,0.35959979055669145,,,,,,,,,,,,,,,,,,,,
real,300,gulf,11,LSTM-rec,4,buffer,27,320,20.95496648559589,20.95496648559589,0.20992973618047084,,,,,,,,,,,,,,,,,,,,
real,300,gulf,11,LSTM-rec,4,buffer,28,328,16.65845630457464,16.65845630457464,0.34375029109972977,,,,,,,,,,,,,,,,,,,,
real,300,gulf,11,LSTM-rec,4,buffer,29,332,11.728509051312477,11.728509051312477,0.5670119199111232,,,,,,,,,,,,,,,,,,,,
real,300,gulf,11,LSTM-rec,4,buffer,30,337,2.02442266119215,2.02442266119215,0.04904533131976469,267.0,267.0,267.0,267.0,267.0,267.0,267.0,267.0,267.0,267.0,267.0,267.0,267.0,267.0,267.0,267.0,267.0,267.0,267.0,267.0
real,300,gulf,11,LSTM-rec,4,buffer,31,352,16.997016473296572,16.997016473296572,0.4350413060422109,,,,,,,,,,,,,,,,,,,,
real,300,gulf,11,LSTM-rec,4,buffer,32,354,18.02160823322652,18.02160823322652,0.4847490602736013,,,,,,,,,,,,,,,,,,,,
real,300,gulf,11,LSTM-rec,4,buffer,33,355,18.749431139132703,18.749431139132703,0.46330561188209196,,,,,,,,,,,,,,,,,,,,
real,300,gulf,11,LSTM-rec,4,buffer,34,356,2.988660632086339,2.988660632086339,0.5837999220760901,,719.0,719.0,719.0,719.0,719.0,719.0,719.0,719.0,719.0,719.0,719.0,719.0,719.0,719.0,719.0,719.0,719.0,719.0,719.0
real,300,gulf,11,LSTM-rec,4,buffer,35,375,11.409502497972799,11.409502497972799,0.4512939447540166,,,,,,,,,,,,,,,,,,,,
real,300,gulf,11,LSTM-rec,4,buffer,36,376,2.539037864528179,2.539037864528179,0.4875439629126882,,,,,,,,,,,,,,,,,,,,
real,300,gulf,11,LSTM-rec,4,buffer,37,379,9.622312463864674,9.622312463864674,0.3861635163553013,,,,,,,,,,,,,,,,,,,,
real,300,gulf,11,LSTM-rec,4,buffer,38,417,2.0209492714870985,2.0209492714870985,0.05966101028578801,323.0,323.0,323.0,323.0,323.0,323.0,323.0,323.0,323.0,323.0,323.0,323.0,323.0,323.0,323.0,323.0,323.0,323.0,323.0,323.0
real,300,gulf,11,LSTM-rec,4,buffer,39,420,4.1393425705517775,4.1393425705517775,0.0021582694726054114,,,,,,,,,,,,,,,,,,,,
real,300,gulf,11,LSTM-rec,4,buffer,40,430,2.0979708638168684,2.0979708638168684,0.59458730249926,29.0,20.0,20.0,20.0,20.0,20.0,20.0,20.0,20.0,20.0,20.0,20.0,20.0,20.0,20.0,20.0,20.0,20.0,20.0,20.0
real,300,gulf,11,LSTM-rec,4,buffer,41,432,23.579689611690565,23.579689611690565,1.2963119343128684,,,,,,,,,,,,,,,,,,,,
real,300,gulf,11,LSTM-rec,4,buffer,42,434,25.58638482157518,25.58638482157518,0.28820417646795476,,,,,,,,,,,,,,,,,,,,
real,300,gulf,11,LSTM-rec,4,buffer,43,439,7.518462391496892,7.518462391496892,0.4650125098629971,,,,,,,,,,,,,,,,,,,,
real,300,gulf,11,LSTM-rec,4,buffer,44,450,3.2751443971152843,3.2751443971152843,0.4971485674228934,,,,,,,,,,,,,,,,,,,,
real,300,gulf,11,LSTM-rec,4,buffer,45,451,11.586198852641033,11.586198852641033,0.4686000053403285,,,,,,,,,,,,,,,,,,,,
real,300,gulf,11,LSTM-rec,4,buffer,46,466,5.345275510900062,5.345275510900062,0.4741978638858355,,,,,,,,,,,,,,,,,,,,
real,300,gulf,11,LSTM-rec,4,buffer,47,484,17.671405028238482,17.671405028238482,0.881061708872187,,,,,,,,,,,,,,,,,,,,
real,300,gulf,11,LSTM-rec,4,crossing,0,1,17.026694577852126,17.026694577852126,0.39228662105015727,,,,,,,,,,,,,,,,,,,,
real,300,gulf,11,LSTM-rec,4,crossing,1,26,6.5032073469815,6.5032073469815,1.5049227737915882,,,,,,,,,,,,,,,,,,,,
real,300,gulf,11,LSTM-rec,4,crossing,2,27,25.360597113523117,25.360597113523117,1.1218212795502955,,,,,,,,,,,,,,,,,,,,
real,300,gulf,11,LSTM-rec,4,crossing,3,29,28.284405074372057,28.284405074372057,0.5270786166441769,,,,,,,,,,,,,,,,,,,,
real,300,gulf,11,LSTM-rec,4,crossing,4,35,11.963240630449201,11.963240630449201,0.4116062050846804,,,,,,,,,,,,,,,,,,,,
real,300,gulf,11,LSTM-rec,4,crossing,5,46,10.07568466221555,10.07568466221555,0.45298017822903,,,,,,,,,,,,,,,,,,,,
real,300,gulf,11,LSTM-rec,4,crossing,6,77,6.904004400468228,6.904004400468228,1.2478008372632317,,,,,,,,,,,,,,,,,,,,
real,300,gulf,11,LSTM-rec,4,crossing,7,79,14.10050703321744,14.10050703321744,1.4229685319163434,,,,,,,,,,,,,,,,,,,,
real,300,gulf,11,LSTM-rec,4,crossing,8,87,17.939586188654822,17.939586188654822,0.3775960688687145,,,,,,,,,,,,,,,,,,,,
real,300,gulf,11,LSTM-rec,4,crossing,9,103,6.068396373793605,6.068396373793605,0.4743476329125509,,,,,,,,,,,,,,,,,,,,
real,300,gulf,11,LSTM-rec,4,crossing,10,123,26.363037257201213,26.363037257201213,0.4586227636687133,,,,,,,,,,,,,,,,,,,,
real,300,gulf,11,LSTM-rec,4,crossing,11,143,11.167703423955338,11.167703423955338,0.5899670350379019,,,,,,,,,,,,,,,,,,,,
real,300,gulf,11,LSTM-rec,4,crossing,12,186,21.19466437104218,21.19466437104218,0.45588832907631704,,,,,,,,,,,,,,,,,,,,
real,300,gulf,11,LSTM-rec,4,crossing,13,190,15.900065735953422,15.900065735953422,0.31327715659609306,,,,,,,,,,,,,,,,,,,,
real,300,gulf,11,LSTM-rec,4,crossing,14,198,22.136887893547613,22.136887893547613,0.3215685963729888,,,,,,,,,,,,,,,,,,,,
real,300,gulf,11,LSTM-rec,4,crossing,15,215,15.428842634009262,15.428842634009262,0.577073326506986,,,,,,,,,,,,,,,,,,,,
real,300,gulf,11,LSTM-rec,4,crossing,16,221,18.116471039648776,18.116471039648776,1.2173476598799422,,,,,,,,,,,,,,,,,,,,
real,300,gulf,11,LSTM-rec,4,crossing,17,226,12.20636638527805,12.20636638527805,0.5962570839508283,,,,,,,,,,,,,,,,,,,,
real,300,gulf,11,LSTM-rec,4,crossing,18,228,4.091363749185027,4.091363749185027,0.9996471361649935,,,,,,,,,,,,,,,,,,,,
real,300,gulf,11,LSTM-rec,4,crossing,19,260,3.450485963571329,3.450485963571329,0.5354962888986673,,,,,,,,,,,,,,,,,,,,
real,300,gulf,11,LSTM-rec,4,crossing,20,269,19.064482433965054,19.064482433965054,1.2544906589735085,,,,,,,,,,,,,,,,,,,,
real,300,gulf,11,LSTM-rec,4,crossing,21,273,16.1574106160158,16.1574106160158,0.39427433184390875,,,,,,,,,,,,,,,,,,,,
real,300,gulf,11,LSTM-rec,4,crossing,22,286,2.3167809190116766,2.3167809190116766,0.03947253679156464,,,,529.0,529.0,518.0,518.0,518.0,518.0,518.0,518.0,518.0,518.0,518.0,518.0,518.0,518.0,518.0,518.0,518.0
real,300,gulf,11,LSTM-rec,4,crossing,23,289,2.101426710087372,2.101426710087372,0.023864829313050052,,,,,92.0,92.0,92.0,92.0,92.0,92.0,92.0,92.0,92.0,92.0,92.0,92.0,92.0,92.0,92.0,92.0
real,300,gulf,11,LSTM-rec,4,crossing,24,306,21.76084426486419,21.76084426486419,0.4740304747459214,,,,,,,,,,,,,,,,,,,,
real,300,gulf,11,LSTM-rec,4,crossing,25,308,13.60549519923911,13.60549519923911,1.632063369399551,,,,,,,,,,,,,,,,,,,,
real,300,gulf,11,LSTM-rec,4,crossing,26,319,18.875543671432194,18.875543671432194,0.35959979055669145,,,,,,,,,,,,,,,,,,,,
real,300,gulf,11,LSTM-rec,4,crossing,27,320,20.95496648559589,20.95496648559589,0.20992973618047084,,,,,,,,,,,,,,,,,,,,
real,300,gulf,11,LSTM-rec,4,crossing,28,328,16.65845630457464,16.65845630457464,0.34375029109972977,,,,,,,,,,,,,,,,,,,,
real,300,gulf,11,LSTM-rec,4,crossing,29,332,11.728509051312477,11.728509051312477,0.5670119199111232,,,,,,,,,,,,,,,,,,,,
real,300,gulf,11,LSTM-rec,4,crossing,30,337,2.02442266119215,2.02442266119215,0.04904533131976469,,,,267.0,267.0,267.0,267.0,267.0,267.0,267.0,267.0,267.0,267.0,267.0,267.0,267.0,267.0,267.0,267.0,267.0
real,300,gulf,11,LSTM-rec,4,crossing,31,352,16.997016473296572,16.997016473296572,0.4350413060422109,,,,,,,,,,,,,,,,,,,,
real,300,gulf,11,LSTM-rec,4,crossing,32,354,18.02160823322652,18.02160823322652,0.4847490602736013,,,,,,,,,,,,,,,,,,,,
real,300,gulf,11,LSTM-rec,4,crossing,33,355,18.749431139132703,18.749431139132703,0.46330561188209196,,,,,,,,,,,,,,,,,,,,
real,300,gulf,11,LSTM-rec,4,crossing,34,356,2.988660632086339,2.988660632086339,0.5837999220760901,,,,,,,,,,,,,,,,,,,,
real,300,gulf,11,LSTM-rec,4,crossing,35,375,11.409502497972799,11.409502497972799,0.4512939447540166,,,,,,,,,,,,,,,,,,,,
real,300,gulf,11,LSTM-rec,4,crossing,36,376,2.539037864528179,2.539037864528179,0.4875439629126882,,,,,,,,,,,,,,,,,,,,
real,300,gulf,11,LSTM-rec,4,crossing,37,379,9.622312463864674,9.622312463864674,0.3861635163553013,,,,,,,,,,,,,,,,,,,,
real,300,gulf,11,LSTM-rec,4,crossing,38,417,2.0209492714870985,2.0209492714870985,0.05966101028578801,,,473.0,459.0,323.0,323.0,323.0,323.0,323.0,323.0,323.0,323.0,323.0,323.0,323.0,323.0,323.0,323.0,323.0,323.0
real,300,gulf,11,LSTM-rec,4,crossing,39,420,4.1393425705517775,4.1393425705517775,0.0021582694726054114,,,,,,,,,,,,,,,,,,,,
real,300,gulf,11,LSTM-rec,4,crossing,40,430,2.0979708638168684,2.0979708638168684,0.59458730249926,,,,29.0,29.0,29.0,29.0,29.0,29.0,29.0,29.0,29.0,29.0,29.0,29.0,29.0,29.0,29.0,29.0,29.0
real,300,gulf,11,LSTM-rec,4,crossing,41,432,23.579689611690565,23.579689611690565,1.2963119343128684,,,,,,,,,,,,,,,,,,,,
real,300,gulf,11,LSTM-rec,4,crossing,42,434,25.58638482157518,25.58638482157518,0.28820417646795476,,,,,,,,,,,,,,,,,,,,
real,300,gulf,11,LSTM-rec,4,crossing,43,439,7.518462391496892,7.518462391496892,0.4650125098629971,,,,,,,,,,,,,,,,,,,,
real,300,gulf,11,LSTM-rec,4,crossing,44,450,3.2751443971152843,3.2751443971152843,0.4971485674228934,,,,,,,,,,,,,,,,,,,,
real,300,gulf,11,LSTM-rec,4,crossing,45,451,11.586198852641033,11.586198852641033,0.4686000053403285,,,,,,,,,,,,,,,,,,,,
real,300,gulf,11,LSTM-rec,4,crossing,46,466,5.345275510900062,5.345275510900062,0.4741978638858355,,,,,,,,,,,,,,,,,,,,
real,300,gulf,11,LSTM-rec,4,crossing,47,484,17.671405028238482,17.671405028238482,0.881061708872187,,,,,,,,,,,,,,,,,,,,
real,300,gulf,11,LSTM-ms,4,buffer,0,1,17.026694577852126,17.026694577852126,0.39228662105015727,,,,,,,,,,,,,,,,,,,,
real,300,gulf,11,LSTM-ms,4,buffer,1,26,6.5032073469815,6.5032073469815,1.5049227737915882,,,,,,,,,,,,,,,,,,,,
real,300,gulf,11,LSTM-ms,4,buffer,2,27,25.360597113523117,25.360597113523117,1.1218212795502955,,,,,,,,,,,,,,,,,,,,
real,300,gulf,11,LSTM-ms,4,buffer,3,29,28.284405074372057,28.284405074372057,0.5270786166441769,,,,,,,,,,,,,,,,,,,,
real,300,gulf,11,LSTM-ms,4,buffer,4,35,11.963240630449201,11.963240630449201,0.4116062050846804,,,,,,,,,,,,,,,,,,,,
real,300,gulf,11,LSTM-ms,4,buffer,5,46,10.07568466221555,10.07568466221555,0.45298017822903,,,,,,,,,,,,,,,,,,,,
real,300,gulf,11,LSTM-ms,4,buffer,6,77,6.904004400468228,6.904004400468228,1.2478008372632317,,,,,,,,,,,,,,,,,,,,
real,300,gulf,11,LSTM-ms,4,buffer,7,79,14.10050703321744,14.10050703321744,1.4229685319163434,,,,,,,,,,,,,,,,,,,,
real,300,gulf,11,LSTM-ms,4,buffer,8,87,17.939586188654822,17.939586188654822,0.3775960688687145,,,,,,,,,,,,,,,,,,,,
real,300,gulf,11,LSTM-ms,4,buffer,9,103,6.068396373793605,6.068396373793605,0.4743476329125509,,,,,,,,,,,,,,,,,,,,165.0
real,300,gulf,11,LSTM-ms,4,buffer,10,123,26.363037257201213,26.363037257201213,0.4586227636687133,,,,,,,,,,,,,,,,,,,,
real,300,gulf,11,LSTM-ms,4,buffer,11,143,11.167703423955338,11.167703423955338,0.5899670350379019,,,,,,,,,,,,,,,,,,,,
real,300,gulf,11,LSTM-ms,4,buffer,12,186,21.19466437104218,21.19466437104218,0.45588832907631704,,,,,,,,,,,,,,,,,,,,
real,300,gulf,11,LSTM-ms,4,buffer,13,190,15.900065735953422,15.900065735953422,0.31327715659609306,,,,,,,,,,,,,,,,,,,,
real,300,gulf,11,LSTM-ms,4,buffer,14,198,22.136887893547613,22.136887893547613,0.3215685963729888,,,,,,,,,,,,,,,,,,,,
real,300,gulf,11,LSTM-ms,4,buffer,15,215,15.428842634009262,15.428842634009262,0.577073326506986,,,,,,,,,,,,,,,,,,,,
real,300,gulf,11,LSTM-ms,4,buffer,16,221,18.116471039648776,18.116471039648776,1.2173476598799422,,,,,,,,,,,,,,,,,,,,
real,300,gulf,11,LSTM-ms,4,buffer,17,226,12.20636638527805,12.20636638527805,0.5962570839508283,,,,,,,,,,,,,,,,,,,,
real,300,gulf,11,LSTM-ms,4,buffer,18,228,4.091363749185027,4.091363749185027,0.9996471361649935,,,,,,,,,,,,,,,,,,,,
real,300,gulf,11,LSTM-ms,4,buffer,19,260,3.450485963571329,3.450485963571329,0.5354962888986673,,,,21.0,20.0,20.0,20.0,12.0,12.0,12.0,11.0,11.0,11.0,11.0,11.0,10.0,10.0,10.0,10.0,10.0
real,300,gulf,11,LSTM-ms,4,buffer,20,269,19.064482433965054,19.064482433965054,1.2544906589735085,,,,,,,,,,,,,,,,,,,,
real,300,gulf,11,LSTM-ms,4,buffer,21,273,16.1574106160158,16.1574106160158,0.39427433184390875,,,,,,,,,,,,,,,,,,,,
real,300,gulf,11,LSTM-ms,4,buffer,22,286,2.3167809190116766,2.3167809190116766,0.03947253679156464,410.0,134.0,112.0,112.0,112.0,112.0,112.0,112.0,112.0,112.0,112.0,112.0,112.0,112.0,112.0,112.0,112.0,112.0,112.0,112.0
real,300,gulf,11,LSTM-ms,4,buffer,23,289,2.101426710087372,2.101426710087372,0.023864829313050052,82.0,82.0,82.0,82.0,82.0,82.0,82.0,82.0,82.0,82.0,82.0,82.0,82.0,82.0,82.0,82.0,82.0,82.0,82.0,82.0
real,300,gulf,11,LSTM-ms,4,buffer,24,306,21.76084426486419,21.76084426486419,0.4740304747459214,,,,,,,,,,,,,,,,,,,,
real,300,gulf,11,LSTM-ms,4,buffer,25,308,13.60549519923911,13.60549519923911,1.632063369399551,,,,,,,,,,,,,,,,,,,,
real,300,gulf,11,LSTM-ms,4,buffer,26,319,18.875543671432194,18.875543671432194,0.35959979055669145,,,,,,,,,,,,,,,,,,,,
real,300,gulf,11,LSTM-ms,4,buffer,27,320,20.95496648559589,20.95496648559589,0.20992973618047084,,,,,,,,,,,,,,,,,,,,
real,300,gulf,11,LSTM-ms,4,buffer,28,328,16.65845630457464,16.65845630457464,0.34375029109972977,,,,,,,,,,,,,,,,,,,,
real,300,gulf,11,LSTM-ms,4,buffer,29,332,11.728509051312477,11.728509051312477,0.5670119199111232,,,,,,,,,,,,,,,,,,,,
real,300,gulf,11,LSTM-ms,4,buffer,30,337,2.02442266119215,2.02442266119215,0.04904533131976469,282.0,267.0,34.0,34.0,34.0,34.0,34.0,34.0,34.0,34.0,34.0,34.0,34.0,34.0,34.0,34.0,34.0,34.0,34.0,34.0
real,300,gulf,11,LSTM-ms,4,buffer,31,352,16.997016473296572,16.997016473296572,0.4350413060422109,,,,,,,,,,,,,,,,,,,,
real,300,gulf,11,LSTM-ms,4,buffer,32,354,18.02160823322652,18.02160823322652,0.4847490602736013,,,,,,,,,,,,,,,,,,,,
real,300,gulf,11,LSTM-ms,4,buffer,33,355,18.749431139132703,18.749431139132703,0.46330561188209196,,,,,,,,,,,,,,,,,,,,
real,300,gulf,11,LSTM-ms,4,buffer,34,356,2.988660632086339,2.988660632086339,0.5837999220760901,,719.0,718.0,718.0,717.0,716.0,716.0,715.0,715.0,714.0,714.0,713.0,713.0,712.0,712.0,711.0,711.0,710.0,710.0,710.0
real,300,gulf,11,LSTM-ms,4,buffer,35,375,11.409502497972799,11.409502497972799,0.4512939447540166,,,,,,,,,,,,,,,,,,,,
real,300,gulf,11,LSTM-ms,4,buffer,36,376,2.539037864528179,2.539037864528179,0.4875439629126882,,36.0,35.0,34.0,34.0,33.0,33.0,32.0,32.0,21.0,21.0,20.0,20.0,20.0,20.0,20.0,20.0,20.0,20.0,20.0
real,300,gulf,11,LSTM-ms,4,buffer,37,379,9.622312463864674,9.622312463864674,0.3861635163553013,,,,,,,,,,,,,,,,,,,,
real,300,gulf,11,LSTM-ms,4,buffer,38,417,2.0209492714870985,2.0209492714870985,0.05966101028578801,331.0,323.0,323.0,323.0,323.0,323.0,323.0,323.0,323.0,323.0,323.0,323.0,323.0,323.0,323.0,323.0,323.0,323.0,323.0,323.0
real,300,gulf,11,LSTM-ms,4,buffer,39,420,4.1393425705517775,4.1393425705517775,0.0021582694726054114,,,,,,,,,,,,,,,,,,,,
real,300,gulf,11,LSTM-ms,4,buffer,40,430,2.0979708638168684,2.0979708638168684,0.59458730249926,36.0,20.0,20.0,20.0,6.0,6.0,6.0,6.0,6.0,6.0,6.0,6.0,6.0,6.0,6.0,6.0,6.0,6.0,6.0,6.0
real,300,gulf,11,LSTM-ms,4,buffer,41,432,23.579689611690565,23.579689611690565,1.2963119343128684,,,,,,,,,,,,,,,,,,,,
real,300,gulf,11,LSTM-ms,4,buffer,42,434,25.58638482157518,25.58638482157518,0.28820417646795476,,,,,,,,,,,,,,,,,,,,
real,300,gulf,11,LSTM-ms,4,buffer,43,439,7.518462391496892,7.518462391496892,0.4650125098629971,,,,,,,,,,,,,,,,,,,,
real,300,gulf,11,LSTM-ms,4,buffer,44,450,3.2751443971152843,3.2751443971152843,0.4971485674228934,,,,,,,,,,,,,,,,,,,,
real,300,gulf,11,LSTM-ms,4,buffer,45,451,11.586198852641033,11.586198852641033,0.4686000053403285,,,,,,,,,,,,,,,,,,,,
real,300,gulf,11,LSTM-ms,4,buffer,46,466,5.345275510900062,5.345275510900062,0.4741978638858355,,,,,,,,,,,,,,,,,,,,
real,300,gulf,11,LSTM-ms,4,buffer,47,484,17.671405028238482,17.671405028238482,0.881061708872187,,,,,,,,,,,,,,,,,,,,
real,300,gulf,11,LSTM-ms,4,crossing,0,1,17.026694577852126,17.026694577852126,0.39228662105015727,,,,,,,,,,,,,,,,,,,,
real,300,gulf,11,LSTM-ms,4,crossing,1,26,6.5032073469815,6.5032073469815,1.5049227737915882,,,,,,,,,,,,,,,,,,,,
real,300,gulf,11,LSTM-ms,4,crossing,2,27,25.360597113523117,25.360597113523117,1.1218212795502955,,,,,,,,,,,,,,,,,,,,
real,300,gulf,11,LSTM-ms,4,crossing,3,29,28.284405074372057,28.284405074372057,0.5270786166441769,,,,,,,,,,,,,,,,,,,,
real,300,gulf,11,LSTM-ms,4,crossing,4,35,11.963240630449201,11.963240630449201,0.4116062050846804,,,,,,,,,,,,,,,,,,,,
real,300,gulf,11,LSTM-ms,4,crossing,5,46,10.07568466221555,10.07568466221555,0.45298017822903,,,,,,,,,,,,,,,,,,,,
real,300,gulf,11,LSTM-ms,4,crossing,6,77,6.904004400468228,6.904004400468228,1.2478008372632317,,,,,,,,,,,,,,,,,,,,
real,300,gulf,11,LSTM-ms,4,crossing,7,79,14.10050703321744,14.10050703321744,1.4229685319163434,,,,,,,,,,,,,,,,,,,,
real,300,gulf,11,LSTM-ms,4,crossing,8,87,17.939586188654822,17.939586188654822,0.3775960688687145,,,,,,,,,,,,,,,,,,,,
real,300,gulf,11,LSTM-ms,4,crossing,9,103,6.068396373793605,6.068396373793605,0.4743476329125509,,,,,,,,,,,,,,,,,,,,
real,300,gulf,11,LSTM-ms,4,crossing,10,123,26.363037257201213,26.363037257201213,0.4586227636687133,,,,,,,,,,,,,,,,,,,,
real,300,gulf,11,LSTM-ms,4,crossing,11,143,11.167703423955338,11.167703423955338,0.5899670350379019,,,,,,,,,,,,,,,,,,,,
real,300,gulf,11,LSTM-ms,4,crossing,12,186,21.19466437104218,21.19466437104218,0.45588832907631704,,,,,,,,,,,,,,,,,,,,
real,300,gulf,11,LSTM-ms,4,crossing,13,190,15.900065735953422,15.900065735953422,0.31327715659609306,,,,,,,,,,,,,,,,,,,,
real,300,gulf,11,LSTM-ms,4,crossing,14,198,22.136887893547613,22.136887893547613,0.3215685963729888,,,,,,,,,,,,,,,,,,,,
real,300,gulf,11,LSTM-ms,4,crossing,15,215,15.428842634009262,15.428842634009262,0.577073326506986,,,,,,,,,,,,,,,,,,,,
real,300,gulf,11,LSTM-ms,4,crossing,16,221,18.116471039648776,18.116471039648776,1.2173476598799422,,,,,,,,,,,,,,,,,,,,
real,300,gulf,11,LSTM-ms,4,crossing,17,226,12.20636638527805,12.20636638527805,0.5962570839508283,,,,,,,,,,,,,,,,,,,,
real,300,gulf,11,LSTM-ms,4,crossing,18,228,4.091363749185027,4.091363749185027,0.9996471361649935,,,,,,,,,,,,,,,,,,,,
real,300,gulf,11,LSTM-ms,4,crossing,19,260,3.450485963571329,3.450485963571329,0.5354962888986673,,,,,,,,,,21.0,21.0,12.0,12.0,12.0,12.0,12.0,11.0,11.0,11.0,11.0
real,300,gulf,11,LSTM-ms,4,crossing,20,269,19.064482433965054,19.064482433965054,1.2544906589735085,,,,,,,,,,,,,,,,,,,,
real,300,gulf,11,LSTM-ms,4,crossing,21,273,16.1574106160158,16.1574106160158,0.39427433184390875,,,,,,,,,,,,,,,,,,,,
real,300,gulf,11,LSTM-ms,4,crossing,22,286,2.3167809190116766,2.3167809190116766,0.03947253679156464,,,,,417.0,410.0,410.0,134.0,134.0,134.0,134.0,134.0,134.0,134.0,134.0,134.0,134.0,134.0,134.0,134.0
real,300,gulf,11,LSTM-ms,4,crossing,23,289,2.101426710087372,2.101426710087372,0.023864829313050052,,,,,92.0,82.0,82.0,82.0,82.0,82.0,82.0,82.0,82.0,82.0,82.0,82.0,82.0,82.0,82.0,82.0
real,300,gulf,11,LSTM-ms,4,crossing,24,306,21.76084426486419,21.76084426486419,0.4740304747459214,,,,,,,,,,,,,,,,,,,,
real,300,gulf,11,LSTM-ms,4,crossing,25,308,13.60549519923911,13.60549519923911,1.632063369399551,,,,,,,,,,,,,,,,,,,,
real,300,gulf,11,LSTM-ms,4,crossing,26,319,18.875543671432194,18.875543671432194,0.35959979055669145,,,,,,,,,,,,,,,,,,,,
real,300,gulf,11,LSTM-ms,4,crossing,27,320,20.95496648559589,20.95496648559589,0.20992973618047084,,,,,,,,,,,,,,,,,,,,
real,300,gulf,11,LSTM-ms,4,crossing,28,328,16.65845630457464,16.65845630457464,0.34375029109972977,,,,,,,,,,,,,,,,,,,,
real,300,gulf,11,LSTM-ms,4,crossing,29,332,11.728509051312477,11.728509051312477,0.5670119199111232,,,,,,,,,,,,,,,,,,,,
real,300,gulf,11,LSTM-ms,4,crossing,30,337,2.02442266119215,2.02442266119215,0.04904533131976469,,,,286.0,286.0,267.0,267.0,267.0,267.0,267.0,267.0,267.0,267.0,267.0,267.0,267.0,34.0,34.0,34.0,34.0
real,300,gulf,11,LSTM-ms,4,crossing,31,352,16.997016473296572,16.997016473296572,0.4350413060422109,,,,,,,,,,,,,,,,,,,,
real,300,gulf,11,LSTM-ms,4,crossing,32,354,18.02160823322652,18.02160823322652,0.4847490602736013,,,,,,,,,,,,,,,,,,,,
real,300,gulf,11,LSTM-ms,4,crossing,33,355,18.749431139132703,18.749431139132703,0.46330561188209196,,,,,,,,,,,,,,,,,,,,
real,300,gulf,11,LSTM-ms,4,crossing,34,356,2.988660632086339,2.988660632086339,0.5837999220760901,,,,,,719.0,719.0,718.0,718.0,717.0,717.0,716.0,716.0,715.0,715.0,714.0,714.0,713.0,713.0,713.0
real,300,gulf,11,LSTM-ms,4,crossing,35,375,11.409502497972799,11.409502497972799,0.4512939447540166,,,,,,,,,,,,,,,,,,,,
real,300,gulf,11,LSTM-ms,4,crossing,36,376,2.539037864528179,2.539037864528179,0.4875439629126882,,,,,,,,,,36.0,35.0,35.0,34.0,34.0,33.0,33.0,33.0,33.0,32.0,32.0
real,300,gulf,11,LSTM-ms,4,crossing,37,379,9.622312463864674,9.622312463864674,0.3861635163553013,,,,,,,,,,,,,,,,,,,,
real,300,gulf,11,LSTM-ms,4,crossing,38,417,2.0209492714870985,2.0209492714870985,0.05966101028578801,,,,459.0,459.0,323.0,323.0,323.0,323.0,323.0,323.0,323.0,323.0,323.0,323.0,323.0,323.0,323.0,323.0,323.0
real,300,gulf,11,LSTM-ms,4,crossing,39,420,4.1393425705517775,4.1393425705517775,0.0021582694726054114,,,,,,,,,,,,,,,,,,,,
real,300,gulf,11,LSTM-ms,4,crossing,40,430,2.0979708638168684,2.0979708638168684,0.59458730249926,,,,,41.0,20.0,20.0,20.0,20.0,20.0,20.0,20.0,20.0,20.0,20.0,20.0,20.0,6.0,6.0,6.0
real,300,gulf,11,LSTM-ms,4,crossing,41,432,23.579689611690565,23.579689611690565,1.2963119343128684,,,,,,,,,,,,,,,,,,,,
real,300,gulf,11,LSTM-ms,4,crossing,42,434,25.58638482157518,25.58638482157518,0.28820417646795476,,,,,,,,,,,,,,,,,,,,
real,300,gulf,11,LSTM-ms,4,crossing,43,439,7.518462391496892,7.518462391496892,0.4650125098629971,,,,,,,,,,,,,,,,,,,,
real,300,gulf,11,LSTM-ms,4,crossing,44,450,3.2751443971152843,3.2751443971152843,0.4971485674228934,,,,,,,,,,,,,,,,,,,,
real,300,gulf,11,LSTM-ms,4,crossing,45,451,11.586198852641033,11.586198852641033,0.4686000053403285,,,,,,,,,,,,,,,,,,,,
real,300,gulf,11,LSTM-ms,4,crossing,46,466,5.345275510900062,5.345275510900062,0.4741978638858355,,,,,,,,,,,,,,,,,,,,
real,300,gulf,11,LSTM-ms,4,crossing,47,484,17.671405028238482,17.671405028238482,0.881061708872187,,,,,,,,,,,,,,,,,,,,
