seed,policy,predicate,H,trip,t_cross,t_warn,awt
0,Reactive,zone,,0,17,15,2
0,Reactive,zone,,1,41,39,2
0,Reactive,zone,,2,22,20,2
0,Reactive,zone,,3,27,26,1
0,Reactive,zone,,4,47,44,3
0,Reactive,zone,,5,24,22,2
0,Reactive,zone,,6,34,32,2
0,Reactive,zone,,7,60,58,2
0,Reactive,zone,,8,63,62,1
0,Reactive,zone,,9,25,24,1
0,Reactive,zone,,10,32,31,1
0,Reactive,zone,,11,27,25,2
0,Reactive,zone,,12,81,79,2
0,Reactive,zone,,13,25,23,2
0,Reactive,zone,,14,36,34,2
0,Reactive,zone,,15,25,23,2
0,Reactive,zone,,16,78,76,2
0,Reactive,zone,,17,25,23,2
0,Reactive,zone,,18,22,21,1
0,Reactive,zone,,19,32,30,2
0,Reactive,zone,,20,26,24,2
0,Reactive,zone,,21,24,23,1
0,Reactive,zone,,22,25,23,2
0,Reactive,zone,,23,17,15,2
0,Reactive,zone,,24,27,25,2
0,Reactive,zone,,25,72,71,1
0,Reactive,zone,,26,17,16,1
0,Reactive,zone,,27,63,61,2
0,Reactive,zone,,28,60,58,2
0,Reactive,zone,,29,75,74,1
0,Reactive,zone,,30,35,34,1
0,Reactive,zone,,31,32,31,1
0,Reactive,zone,,32,38,35,3
0,Reactive,zone,,33,33,30,3
0,Reactive,zone,,34,28,26,2
0,Reactive,zone,,35,31,30,1
0,Reactive,zone,,36,23,22,1
0,Reactive,zone,,37,33,32,1
0,Reactive,zone,,38,32,30,2
0,Reactive,zone,,39,22,21,1
0,Reactive,zone,,40,21,19,2
0,Reactive,zone,,41,25,24,1
0,Reactive,zone,,42,41,39,2
0,Reactive,zone,,43,73,70,3
0,Reactive,zone,,44,17,15,2
0,Reactive,zone,,45,65,63,2
0,Reactive,zone,,46,25,24,1
0,Reactive,zone,,47,26,25,1
0,Reactive,zone,,48,73,71,2
0,Reactive,zone,,49,28,26,2
0,Analytic,buffer,5.0,0,17,10,7
0,Analytic,buffer,5.0,1,41,35,6
0,Analytic,buffer,5.0,2,22,15,7
0,Analytic,buffer,5.0,3,27,20,7
0,Analytic,buffer,5.0,4,47,40,7
0,Analytic,buffer,5.0,5,24,17,7
0,Analytic,buffer,5.0,6,34,28,6
0,Analytic,buffer,5.0,7,60,52,8
0,Analytic,buffer,5.0,8,63,56,7
0,Analytic,buffer,5.0,9,25,19,6
0,Analytic,buffer,5.0,10,32,26,6
0,Analytic,buffer,5.0,11,27,20,7
0,Analytic,buffer,5.0,12,81,75,6
0,Analytic,buffer,5.0,13,25,19,6
0,Analytic,buffer,5.0,14,36,29,7
0,Analytic,buffer,5.0,15,25,18,7
0,Analytic,buffer,5.0,16,78,71,7
0,Analytic,buffer,5.0,17,25,18,7
0,Analytic,buffer,5.0,18,22,16,6
0,Analytic,buffer,5.0,19,32,26,6
0,Analytic,buffer,5.0,20,26,19,7
0,Analytic,buffer,5.0,21,24,18,6
0,Analytic,buffer,5.0,22,25,17,8
0,Analytic,buffer,5.0,23,17,10,7
0,Analytic,buffer,5.0,24,27,21,6
0,Analytic,buffer,5.0,25,72,66,6
0,Analytic,buffer,5.0,26,17,11,6
0,Analytic,buffer,5.0,27,63,55,8
0,Analytic,buffer,5.0,28,60,52,8
0,Analytic,buffer,5.0,29,75,68,7
0,Analytic,buffer,5.0,30,35,29,6
0,Analytic,buffer,5.0,31,32,26,6
0,Analytic,buffer,5.0,32,38,30,8
0,Analytic,buffer,5.0,33,33,26,7
0,Analytic,buffer,5.0,34,28,21,7
0,Analytic,buffer,5.0,35,31,25,6
0,Analytic,buffer,5.0,36,23,17,6
0,Analytic,buffer,5.0,37,33,27,6
0,Analytic,buffer,5.0,38,32,26,6
0,Analytic,buffer,5.0,39,22,16,6
0,Analytic,buffer,5.0,40,21,15,6
0,Analytic,buffer,5.0,41,25,18,7
0,Analytic,buffer,5.0,42,41,34,7
0,Analytic,buffer,5.0,43,73,64,9
0,Analytic,buffer,5.0,44,17,11,6
0,Analytic,buffer,5.0,45,65,57,8
0,Analytic,buffer,5.0,46,25,19,6
0,Analytic,buffer,5.0,47,26,20,6
0,Analytic,buffer,5.0,48,73,66,7
0,Analytic,buffer,5.0,49,28,21,7
0,Analytic,buffer,10.0,0,17,6,11
0,Analytic,buffer,10.0,1,41,29,12
0,Analytic,buffer,10.0,2,22,11,11
0,Analytic,buffer,10.0,3,27,16,11
0,Analytic,buffer,10.0,4,47,36,11
0,Analytic,buffer,10.0,5,24,12,12
0,Analytic,buffer,10.0,6,34,23,11
0,Analytic,buffer,10.0,7,60,47,13
0,Analytic,buffer,10.0,8,63,50,13
0,Analytic,buffer,10.0,9,25,13,12
0,Analytic,buffer,10.0,10,32,22,10
0,Analytic,buffer,10.0,11,27,15,12
0,Analytic,buffer,10.0,12,81,70,11
0,Analytic,buffer,10.0,13,25,13,12
0,Analytic,buffer,10.0,14,36,24,12
0,Analytic,buffer,10.0,15,25,13,12
0,Analytic,buffer,10.0,16,78,67,11
0,Analytic,buffer,10.0,17,25,13,12
0,Analytic,buffer,10.0,18,22,11,11
0,Analytic,buffer,10.0,19,32,20,12
0,Analytic,buffer,10.0,20,26,14,12
0,Analytic,buffer,10.0,21,24,13,11
0,Analytic,buffer,10.0,22,25,13,12
0,Analytic,buffer,10.0,23,17,6,11
0,Analytic,buffer,10.0,24,27,16,11
0,Analytic,buffer,10.0,25,72,62,10
0,Analytic,buffer,10.0,26,17,6,11
0,Analytic,buffer,10.0,27,63,49,14
0,Analytic,buffer,10.0,28,60,46,14
0,Analytic,buffer,10.0,29,75,64,11
0,Analytic,buffer,10.0,30,35,24,11
0,Analytic,buffer,10.0,31,32,20,12
0,Analytic,buffer,10.0,32,38,24,14
0,Analytic,buffer,10.0,33,33,21,12
0,Analytic,buffer,10.0,34,28,16,12
0,Analytic,buffer,10.0,35,31,21,10
0,Analytic,buffer,10.0,36,23,12,11
0,Analytic,buffer,10.0,37,33,23,10
0,Analytic,buffer,10.0,38,32,22,10
0,Analytic,buffer,10.0,39,22,11,11
0,Analytic,buffer,10.0,40,21,10,11
0,Analytic,buffer,10.0,41,25,14,11
0,Analytic,buffer,10.0,42,41,29,12
0,Analytic,buffer,10.0,43,73,53,20
0,Analytic,buffer,10.0,44,17,6,11
0,Analytic,buffer,10.0,45,65,51,14
0,Analytic,buffer,10.0,46,25,13,12
0,Analytic,buffer,10.0,47,26,15,11
0,Analytic,buffer,10.0,48,73,62,11
0,Analytic,buffer,10.0,49,28,17,11
0,Analytic,buffer,15.0,0,17,6,11
0,Analytic,buffer,15.0,1,41,23,18
0,Analytic,buffer,15.0,2,22,6,16
0,Analytic,buffer,15.0,3,27,11,16
0,Analytic,buffer,15.0,4,47,32,15
0,Analytic,buffer,15.0,5,24,7,17
0,Analytic,buffer,15.0,6,34,17,17
0,Analytic,buffer,15.0,7,60,42,18
0,Analytic,buffer,15.0,8,63,46,17
0,Analytic,buffer,15.0,9,25,9,16
0,Analytic,buffer,15.0,10,32,15,17
0,Analytic,buffer,15.0,11,27,11,16
0,Analytic,buffer,15.0,12,81,65,16
0,Analytic,buffer,15.0,13,25,9,16
0,Analytic,buffer,15.0,14,36,18,18
0,Analytic,buffer,15.0,15,25,7,18
0,Analytic,buffer,15.0,16,78,61,17
0,Analytic,buffer,15.0,17,25,9,16
0,Analytic,buffer,15.0,18,22,7,15
0,Analytic,buffer,15.0,19,32,16,16
0,Analytic,buffer,15.0,20,26,10,16
0,Analytic,buffer,15.0,21,24,9,15
0,Analytic,buffer,15.0,22,25,8,17
0,Analytic,buffer,15.0,23,17,6,11
0,Analytic,buffer,15.0,24,27,10,17
0,Analytic,buffer,15.0,25,72,56,16
0,Analytic,buffer,15.0,26,17,6,11
0,Analytic,buffer,15.0,27,63,44,19
0,Analytic,buffer,15.0,28,60,42,18
0,Analytic,buffer,15.0,29,75,58,17
0,Analytic,buffer,15.0,30,35,19,16
0,Analytic,buffer,15.0,31,32,16,16
0,Analytic,buffer,15.0,32,38,18,20
0,Analytic,buffer,15.0,33,33,15,18
0,Analytic,buffer,15.0,34,28,12,16
0,Analytic,buffer,15.0,35,31,16,15
0,Analytic,buffer,15.0,36,23,6,17
0,Analytic,buffer,15.0,37,33,16,17
0,Analytic,buffer,15.0,38,32,15,17
0,Analytic,buffer,15.0,39,22,6,16
0,Analytic,buffer,15.0,40,21,6,15
0,Analytic,buffer,15.0,41,25,10,15
0,Analytic,buffer,15.0,42,41,23,18
0,Analytic,buffer,15.0,43,73,46,27
0,Analytic,buffer,15.0,44,17,6,11
0,Analytic,buffer,15.0,45,65,45,20
0,Analytic,buffer,15.0,46,25,8,17
0,Analytic,buffer,15.0,47,26,8,18
0,Analytic,buffer,15.0,48,73,57,16
0,Analytic,buffer,15.0,49,28,11,17
0,Analytic,buffer,20.0,0,17,6,11
0,Analytic,buffer,20.0,1,41,15,26
0,Analytic,buffer,20.0,2,22,6,16
0,Analytic,buffer,20.0,3,27,6,21
0,Analytic,buffer,20.0,4,47,28,19
0,Analytic,buffer,20.0,5,24,6,18
0,Analytic,buffer,20.0,6,34,13,21
0,Analytic,buffer,20.0,7,60,37,23
0,Analytic,buffer,20.0,8,63,37,26
0,Analytic,buffer,20.0,9,25,6,19
0,Analytic,buffer,20.0,10,32,10,22
0,Analytic,buffer,20.0,11,27,8,19
0,Analytic,buffer,20.0,12,81,58,23
0,Analytic,buffer,20.0,13,25,6,19
0,Analytic,buffer,20.0,14,36,14,22
0,Analytic,buffer,20.0,15,25,6,19
0,Analytic,buffer,20.0,16,78,57,21
0,Analytic,buffer,20.0,17,25,6,19
0,Analytic,buffer,20.0,18,22,6,16
0,Analytic,buffer,20.0,19,32,11,21
0,Analytic,buffer,20.0,20,26,6,20
0,Analytic,buffer,20.0,21,24,6,18
0,Analytic,buffer,20.0,22,25,6,19
0,Analytic,buffer,20.0,23,17,6,11
0,Analytic,buffer,20.0,24,27,6,21
0,Analytic,buffer,20.0,25,72,53,19
0,Analytic,buffer,20.0,26,17,6,11
0,Analytic,buffer,20.0,27,63,39,24
0,Analytic,buffer,20.0,28,60,38,22
0,Analytic,buffer,20.0,29,75,50,25
0,Analytic,buffer,20.0,30,35,14,21
0,Analytic,buffer,20.0,31,32,11,21
0,Analytic,buffer,20.0,32,38,15,23
0,Analytic,buffer,20.0,33,33,12,21
0,Analytic,buffer,20.0,34,28,6,22
0,Analytic,buffer,20.0,35,31,10,21
0,Analytic,buffer,20.0,36,23,6,17
0,Analytic,buffer,20.0,37,33,12,21
0,Analytic,buffer,20.0,38,32,11,21
0,Analytic,buffer,20.0,39,22,6,16
0,Analytic,buffer,20.0,40,21,6,15
0,Analytic,buffer,20.0,41,25,6,19
0,Analytic,buffer,20.0,42,41,16,25
0,Analytic,buffer,20.0,43,73,42,31
0,Analytic,buffer,20.0,44,17,6,11
0,Analytic,buffer,20.0,45,65,42,23
0,Analytic,buffer,20.0,46,25,6,19
0,Analytic,buffer,20.0,47,26,6,20
0,Analytic,buffer,20.0,48,73,50,23
0,Analytic,buffer,20.0,49,28,7,21
0,Analytic,crossing,5.0,0,17,12,5
0,Analytic,crossing,5.0,1,41,36,5
0,Analytic,crossing,5.0,2,22,17,5
0,Analytic,crossing,5.0,3,27,22,5
0,Analytic,crossing,5.0,4,47,42,5
0,Analytic,crossing,5.0,5,24,19,5
0,Analytic,crossing,5.0,6,34,29,5
0,Analytic,crossing,5.0,7,60,54,6
0,Analytic,crossing,5.0,8,63,58,5
0,Analytic,crossing,5.0,9,25,20,5
0,Analytic,crossing,5.0,10,32,27,5
0,Analytic,crossing,5.0,11,27,22,5
0,Analytic,crossing,5.0,12,81,76,5
0,Analytic,crossing,5.0,13,25,20,5
0,Analytic,crossing,5.0,14,36,31,5
0,Analytic,crossing,5.0,15,25,19,6
0,Analytic,crossing,5.0,16,78,72,6
0,Analytic,crossing,5.0,17,25,20,5
0,Analytic,crossing,5.0,18,22,18,4
0,Analytic,crossing,5.0,19,32,27,5
0,Analytic,crossing,5.0,20,26,20,6
0,Analytic,crossing,5.0,21,24,19,5
0,Analytic,crossing,5.0,22,25,19,6
0,Analytic,crossing,5.0,23,17,12,5
0,Analytic,crossing,5.0,24,27,22,5
0,Analytic,crossing,5.0,25,72,68,4
0,Analytic,crossing,5.0,26,17,12,5
0,Analytic,crossing,5.0,27,63,57,6
0,Analytic,crossing,5.0,28,60,54,6
0,Analytic,crossing,5.0,29,75,71,4
0,Analytic,crossing,5.0,30,35,31,4
0,Analytic,crossing,5.0,31,32,27,5
0,Analytic,crossing,5.0,32,38,32,6
0,Analytic,crossing,5.0,33,33,28,5
0,Analytic,crossing,5.0,34,28,23,5
0,Analytic,crossing,5.0,35,31,26,5
0,Analytic,crossing,5.0,36,23,19,4
0,Analytic,crossing,5.0,37,33,28,5
0,Analytic,crossing,5.0,38,32,27,5
0,Analytic,crossing,5.0,39,22,18,4
0,Analytic,crossing,5.0,40,21,16,5
0,Analytic,crossing,5.0,41,25,20,5
0,Analytic,crossing,5.0,42,41,36,5
0,Analytic,crossing,5.0,43,73,69,4
0,Analytic,crossing,5.0,44,17,12,5
0,Analytic,crossing,5.0,45,65,59,6
0,Analytic,crossing,5.0,46,25,20,5
0,Analytic,crossing,5.0,47,26,21,5
0,Analytic,crossing,5.0,48,73,67,6
0,Analytic,crossing,5.0,49,28,23,5
0,Analytic,crossing,10.0,0,17,6,11
0,Analytic,crossing,10.0,1,41,30,11
0,Analytic,crossing,10.0,2,22,12,10
0,Analytic,crossing,10.0,3,27,17,10
0,Analytic,crossing,10.0,4,47,38,9
0,Analytic,crossing,10.0,5,24,14,10
0,Analytic,crossing,10.0,6,34,25,9
0,Analytic,crossing,10.0,7,60,49,11
0,Analytic,crossing,10.0,8,63,51,12
0,Analytic,crossing,10.0,9,25,14,11
0,Analytic,crossing,10.0,10,32,23,9
0,Analytic,crossing,10.0,11,27,18,9
0,Analytic,crossing,10.0,12,81,72,9
0,Analytic,crossing,10.0,13,25,16,9
0,Analytic,crossing,10.0,14,36,26,10
0,Analytic,crossing,10.0,15,25,15,10
0,Analytic,crossing,10.0,16,78,68,10
0,Analytic,crossing,10.0,17,25,15,10
0,Analytic,crossing,10.0,18,22,13,9
0,Analytic,crossing,10.0,19,32,22,10
0,Analytic,crossing,10.0,20,26,16,10
0,Analytic,crossing,10.0,21,24,14,10
0,Analytic,crossing,10.0,22,25,15,10
0,Analytic,crossing,10.0,23,17,6,11
0,Analytic,crossing,10.0,24,27,17,10
0,Analytic,crossing,10.0,25,72,63,9
0,Analytic,crossing,10.0,26,17,8,9
0,Analytic,crossing,10.0,27,63,52,11
0,Analytic,crossing,10.0,28,60,47,13
0,Analytic,crossing,10.0,29,75,65,10
0,Analytic,crossing,10.0,30,35,25,10
0,Analytic,crossing,10.0,31,32,21,11
0,Analytic,crossing,10.0,32,38,27,11
0,Analytic,crossing,10.0,33,33,23,10
0,Analytic,crossing,10.0,34,28,18,10
0,Analytic,crossing,10.0,35,31,22,9
0,Analytic,crossing,10.0,36,23,13,10
0,Analytic,crossing,10.0,37,33,24,9
0,Analytic,crossing,10.0,38,32,23,9
0,Analytic,crossing,10.0,39,22,13,9
0,Analytic,crossing,10.0,40,21,12,9
0,Analytic,crossing,10.0,41,25,15,10
0,Analytic,crossing,10.0,42,41,31,10
0,Analytic,crossing,10.0,43,73,59,14
0,Analytic,crossing,10.0,44,17,6,11
0,Analytic,crossing,10.0,45,65,52,13
0,Analytic,crossing,10.0,46,25,16,9
0,Analytic,crossing,10.0,47,26,17,9
0,Analytic,crossing,10.0,48,73,63,10
0,Analytic,crossing,10.0,49,28,19,9
0,Analytic,crossing,15.0,0,17,6,11
0,Analytic,crossing,15.0,1,41,26,15
0,Analytic,crossing,15.0,2,22,9,13
0,Analytic,crossing,15.0,3,27,12,15
0,Analytic,crossing,15.0,4,47,34,13
0,Analytic,crossing,15.0,5,24,9,15
0,Analytic,crossing,15.0,6,34,19,15
0,Analytic,crossing,15.0,7,60,44,16
0,Analytic,crossing,15.0,8,63,48,15
0,Analytic,crossing,15.0,9,25,10,15
0,Analytic,crossing,15.0,10,32,17,15
0,Analytic,crossing,15.0,11,27,12,15
0,Analytic,crossing,15.0,12,81,66,15
0,Analytic,crossing,15.0,13,25,9,16
0,Analytic,crossing,15.0,14,36,20,16
0,Analytic,crossing,15.0,15,25,9,16
0,Analytic,crossing,15.0,16,78,63,15
0,Analytic,crossing,15.0,17,25,10,15
0,Analytic,crossing,15.0,18,22,8,14
0,Analytic,crossing,15.0,19,32,17,15
0,Analytic,crossing,15.0,20,26,11,15
0,Analytic,crossing,15.0,21,24,10,14
0,Analytic,crossing,15.0,22,25,9,16
0,Analytic,crossing,15.0,23,17,6,11
0,Analytic,crossing,15.0,24,27,12,15
0,Analytic,crossing,15.0,25,72,58,14
0,Analytic,crossing,15.0,26,17,6,11
0,Analytic,crossing,15.0,27,63,46,17
0,Analytic,crossing,15.0,28,60,43,17
0,Analytic,crossing,15.0,29,75,60,15
0,Analytic,crossing,15.0,30,35,20,15
0,Analytic,crossing,15.0,31,32,18,14
0,Analytic,crossing,15.0,32,38,20,18
0,Analytic,crossing,15.0,33,33,18,15
0,Analytic,crossing,15.0,34,28,13,15
0,Analytic,crossing,15.0,35,31,19,12
0,Analytic,crossing,15.0,36,23,10,13
0,Analytic,crossing,15.0,37,33,18,15
0,Analytic,crossing,15.0,38,32,17,15
0,Analytic,crossing,15.0,39,22,8,14
0,Analytic,crossing,15.0,40,21,6,15
0,Analytic,crossing,15.0,41,25,11,14
0,Analytic,crossing,15.0,42,41,24,17
0,Analytic,crossing,15.0,43,73,48,25
0,Analytic,crossing,15.0,44,17,6,11
0,Analytic,crossing,15.0,45,65,45,20
0,Analytic,crossing,15.0,46,25,9,16
0,Analytic,crossing,15.0,47,26,11,15
0,Analytic,crossing,15.0,48,73,59,14
0,Analytic,crossing,15.0,49,28,13,15
0,Analytic,crossing,20.0,0,17,6,11
0,Analytic,crossing,20.0,1,41,20,21
0,Analytic,crossing,20.0,2,22,6,16
0,Analytic,crossing,20.0,3,27,6,21
0,Analytic,crossing,20.0,4,47,31,16
0,Analytic,crossing,20.0,5,24,6,18
0,Analytic,crossing,20.0,6,34,14,20
0,Analytic,crossing,20.0,7,60,39,21
0,Analytic,crossing,20.0,8,63,41,22
0,Analytic,crossing,20.0,9,25,7,18
0,Analytic,crossing,20.0,10,32,11,21
0,Analytic,crossing,20.0,11,27,8,19
0,Analytic,crossing,20.0,12,81,59,22
0,Analytic,crossing,20.0,13,25,6,19
0,Analytic,crossing,20.0,14,36,15,21
0,Analytic,crossing,20.0,15,25,6,19
0,Analytic,crossing,20.0,16,78,58,20
0,Analytic,crossing,20.0,17,25,6,19
0,Analytic,crossing,20.0,18,22,6,16
0,Analytic,crossing,20.0,19,32,13,19
0,Analytic,crossing,20.0,20,26,6,20
0,Analytic,crossing,20.0,21,24,6,18
0,Analytic,crossing,20.0,22,25,6,19
0,Analytic,crossing,20.0,23,17,6,11
0,Analytic,crossing,20.0,24,27,7,20
0,Analytic,crossing,20.0,25,72,54,18
0,Analytic,crossing,20.0,26,17,6,11
0,Analytic,crossing,20.0,27,63,40,23
0,Analytic,crossing,20.0,28,60,39,21
0,Analytic,crossing,20.0,29,75,54,21
0,Analytic,crossing,20.0,30,35,16,19
0,Analytic,crossing,20.0,31,32,12,20
0,Analytic,crossing,20.0,32,38,16,22
0,Analytic,crossing,20.0,33,33,13,20
0,Analytic,crossing,20.0,34,28,9,19
0,Analytic,crossing,20.0,35,31,11,20
0,Analytic,crossing,20.0,36,23,6,17
0,Analytic,crossing,20.0,37,33,12,21
0,Analytic,crossing,20.0,38,32,11,21
0,Analytic,crossing,20.0,39,22,6,16
0,Analytic,crossing,20.0,40,21,6,15
0,Analytic,crossing,20.0,41,25,6,19
0,Analytic,crossing,20.0,42,41,22,19
0,Analytic,crossing,20.0,43,73,44,29
0,Analytic,crossing,20.0,44,17,6,11
0,Analytic,crossing,20.0,45,65,43,22
0,Analytic,crossing,20.0,46,25,6,19
0,Analytic,crossing,20.0,47,26,6,20
0,Analytic,crossing,20.0,48,73,53,20
0,Analytic,crossing,20.0,49,28,9,19
0,LSTM,buffer,5.0,0,17,10,7
0,LSTM,buffer,5.0,1,41,35,6
0,LSTM,buffer,5.0,2,22,16,6
0,LSTM,buffer,5.0,3,27,20,7
0,LSTM,buffer,5.0,4,47,40,7
0,LSTM,buffer,5.0,5,24,17,7
0,LSTM,buffer,5.0,6,34,28,6
0,LSTM,buffer,5.0,7,60,53,7
0,LSTM,buffer,5.0,8,63,57,6
0,LSTM,buffer,5.0,9,25,19,6
0,LSTM,buffer,5.0,10,32,26,6
0,LSTM,buffer,5.0,11,27,21,6
0,LSTM,buffer,5.0,12,81,75,6
0,LSTM,buffer,5.0,13,25,19,6
0,LSTM,buffer,5.0,14,36,30,6
0,LSTM,buffer,5.0,15,25,18,7
0,LSTM,buffer,5.0,16,78,71,7
0,LSTM,buffer,5.0,17,25,18,7
0,LSTM,buffer,5.0,18,22,17,5
0,LSTM,buffer,5.0,19,32,26,6
0,LSTM,buffer,5.0,20,26,19,7
0,LSTM,buffer,5.0,21,24,18,6
0,LSTM,buffer,5.0,22,25,17,8
0,LSTM,buffer,5.0,23,17,10,7
0,LSTM,buffer,5.0,24,27,21,6
0,LSTM,buffer,5.0,25,72,67,5
0,LSTM,buffer,5.0,26,17,11,6
0,LSTM,buffer,5.0,27,63,56,7
0,LSTM,buffer,5.0,28,60,53,7
0,LSTM,buffer,5.0,29,75,69,6
0,LSTM,buffer,5.0,30,35,29,6
0,LSTM,buffer,5.0,31,32,26,6
0,LSTM,buffer,5.0,32,38,31,7
0,LSTM,buffer,5.0,33,33,27,6
0,LSTM,buffer,5.0,34,28,22,6
0,LSTM,buffer,5.0,35,31,25,6
0,LSTM,buffer,5.0,36,23,17,6
0,LSTM,buffer,5.0,37,33,27,6
0,LSTM,buffer,5.0,38,32,26,6
0,LSTM,buffer,5.0,39,22,17,5
0,LSTM,buffer,5.0,40,21,15,6
0,LSTM,buffer,5.0,41,25,19,6
0,LSTM,buffer,5.0,42,41,36,5
0,LSTM,buffer,5.0,43,73,69,4
0,LSTM,buffer,5.0,44,17,11,6
0,LSTM,buffer,5.0,45,65,60,5
0,LSTM,buffer,5.0,46,25,19,6
0,LSTM,buffer,5.0,47,26,20,6
0,LSTM,buffer,5.0,48,73,66,7
0,LSTM,buffer,5.0,49,28,22,6
0,LSTM,buffer,10.0,0,17,6,11
0,LSTM,buffer,10.0,1,41,31,10
0,LSTM,buffer,10.0,2,22,12,10
0,LSTM,buffer,10.0,3,27,17,10
0,LSTM,buffer,10.0,4,47,37,10
0,LSTM,buffer,10.0,5,24,14,10
0,LSTM,buffer,10.0,6,34,25,9
0,LSTM,buffer,10.0,7,60,49,11
0,LSTM,buffer,10.0,8,63,52,11
0,LSTM,buffer,10.0,9,25,14,11
0,LSTM,buffer,10.0,10,32,22,10
0,LSTM,buffer,10.0,11,27,19,8
0,LSTM,buffer,10.0,12,81,71,10
0,LSTM,buffer,10.0,13,25,15,10
0,LSTM,buffer,10.0,14,36,25,11
0,LSTM,buffer,10.0,15,25,13,12
0,LSTM,buffer,10.0,16,78,68,10
0,LSTM,buffer,10.0,17,25,15,10
0,LSTM,buffer,10.0,18,22,13,9
0,LSTM,buffer,10.0,19,32,21,11
0,LSTM,buffer,10.0,20,26,14,12
0,LSTM,buffer,10.0,21,24,14,10
0,LSTM,buffer,10.0,22,25,15,10
0,LSTM,buffer,10.0,23,17,6,11
0,LSTM,buffer,10.0,24,27,17,10
0,LSTM,buffer,10.0,25,72,63,9
0,LSTM,buffer,10.0,26,17,7,10
0,LSTM,buffer,10.0,27,63,52,11
0,LSTM,buffer,10.0,28,60,48,12
0,LSTM,buffer,10.0,29,75,65,10
0,LSTM,buffer,10.0,30,35,25,10
0,LSTM,buffer,10.0,31,32,21,11
0,LSTM,buffer,10.0,32,38,27,11
0,LSTM,buffer,10.0,33,33,26,7
0,LSTM,buffer,10.0,34,28,17,11
0,LSTM,buffer,10.0,35,31,21,10
0,LSTM,buffer,10.0,36,23,12,11
0,LSTM,buffer,10.0,37,33,23,10
0,LSTM,buffer,10.0,38,32,22,10
0,LSTM,buffer,10.0,39,22,12,10
0,LSTM,buffer,10.0,40,21,12,9
0,LSTM,buffer,10.0,41,25,15,10
0,LSTM,buffer,10.0,42,41,31,10
0,LSTM,buffer,10.0,43,73,69,4
0,LSTM,buffer,10.0,44,17,7,10
0,LSTM,buffer,10.0,45,65,59,6
0,LSTM,buffer,10.0,46,25,16,9
0,LSTM,buffer,10.0,47,26,16,10
0,LSTM,buffer,10.0,48,73,62,11
0,LSTM,buffer,10.0,49,28,19,9
0,LSTM,buffer,15.0,0,17,6,11
0,LSTM,buffer,15.0,1,41,28,13
0,LSTM,buffer,15.0,2,22,9,13
0,LSTM,buffer,15.0,3,27,14,13
0,LSTM,buffer,15.0,4,47,34,13
0,LSTM,buffer,15.0,5,24,9,15
0,LSTM,buffer,15.0,6,34,21,13
0,LSTM,buffer,15.0,7,60,45,15
0,LSTM,buffer,15.0,8,63,48,15
0,LSTM,buffer,15.0,9,25,10,15
0,LSTM,buffer,15.0,10,32,17,15
0,LSTM,buffer,15.0,11,27,18,9
0,LSTM,buffer,15.0,12,81,69,12
0,LSTM,buffer,15.0,13,25,9,16
0,LSTM,buffer,15.0,14,36,20,16
0,LSTM,buffer,15.0,15,25,9,16
0,LSTM,buffer,15.0,16,78,65,13
0,LSTM,buffer,15.0,17,25,10,15
0,LSTM,buffer,15.0,18,22,8,14
0,LSTM,buffer,15.0,19,32,17,15
0,LSTM,buffer,15.0,20,26,11,15
0,LSTM,buffer,15.0,21,24,10,14
0,LSTM,buffer,15.0,22,25,9,16
0,LSTM,buffer,15.0,23,17,6,11
0,LSTM,buffer,15.0,24,27,13,14
0,LSTM,buffer,15.0,25,72,60,12
0,LSTM,buffer,15.0,26,17,6,11
0,LSTM,buffer,15.0,27,63,48,15
0,LSTM,buffer,15.0,28,60,44,16
0,LSTM,buffer,15.0,29,75,61,14
0,LSTM,buffer,15.0,30,35,22,13
0,LSTM,buffer,15.0,31,32,17,15
0,LSTM,buffer,15.0,32,38,24,14
0,LSTM,buffer,15.0,33,33,21,12
0,LSTM,buffer,15.0,34,28,14,14
0,LSTM,buffer,15.0,35,31,18,13
0,LSTM,buffer,15.0,36,23,11,12
0,LSTM,buffer,15.0,37,33,19,14
0,LSTM,buffer,15.0,38,32,19,13
0,LSTM,buffer,15.0,39,22,9,13
0,LSTM,buffer,15.0,40,21,8,13
0,LSTM,buffer,15.0,41,25,11,14
0,LSTM,buffer,15.0,42,41,28,13
0,LSTM,buffer,15.0,43,73,50,23
0,LSTM,buffer,15.0,44,17,6,11
0,LSTM,buffer,15.0,45,65,45,20
0,LSTM,buffer,15.0,46,25,9,16
0,LSTM,buffer,15.0,47,26,14,12
0,LSTM,buffer,15.0,48,73,60,13
0,LSTM,buffer,15.0,49,28,16,12
0,LSTM,buffer,20.0,0,17,6,11
0,LSTM,buffer,20.0,1,41,26,15
0,LSTM,buffer,20.0,2,22,7,15
0,LSTM,buffer,20.0,3,27,11,16
0,LSTM,buffer,20.0,4,47,33,14
0,LSTM,buffer,20.0,5,24,6,18
0,LSTM,buffer,20.0,6,34,16,18
0,LSTM,buffer,20.0,7,60,41,19
0,LSTM,buffer,20.0,8,63,45,18
0,LSTM,buffer,20.0,9,25,8,17
0,LSTM,buffer,20.0,10,32,14,18
0,LSTM,buffer,20.0,11,27,18,9
0,LSTM,buffer,20.0,12,81,64,17
0,LSTM,buffer,20.0,13,25,6,19
0,LSTM,buffer,20.0,14,36,19,17
0,LSTM,buffer,20.0,15,25,6,19
0,LSTM,buffer,20.0,16,78,62,16
0,LSTM,buffer,20.0,17,25,7,18
0,LSTM,buffer,20.0,18,22,7,15
0,LSTM,buffer,20.0,19,32,14,18
0,LSTM,buffer,20.0,20,26,8,18
0,LSTM,buffer,20.0,21,24,7,17
0,LSTM,buffer,20.0,22,25,6,19
0,LSTM,buffer,20.0,23,17,6,11
0,LSTM,buffer,20.0,24,27,10,17
0,LSTM,buffer,20.0,25,72,56,16
0,LSTM,buffer,20.0,26,17,6,11
0,LSTM,buffer,20.0,27,63,44,19
0,LSTM,buffer,20.0,28,60,41,19
0,LSTM,buffer,20.0,29,75,58,17
0,LSTM,buffer,20.0,30,35,19,16
0,LSTM,buffer,20.0,31,32,12,20
0,LSTM,buffer,20.0,32,38,20,18
0,LSTM,buffer,20.0,33,33,21,12
0,LSTM,buffer,20.0,34,28,11,17
0,LSTM,buffer,20.0,35,31,16,15
0,LSTM,buffer,20.0,36,23,6,17
0,LSTM,buffer,20.0,37,33,15,18
0,LSTM,buffer,20.0,38,32,15,17
0,LSTM,buffer,20.0,39,22,6,16
0,LSTM,buffer,20.0,40,21,6,15
0,LSTM,buffer,20.0,41,25,8,17
0,LSTM,buffer,20.0,42,41,24,17
0,LSTM,buffer,20.0,43,73,44,29
0,LSTM,buffer,20.0,44,17,6,11
0,LSTM,buffer,20.0,45,65,44,21
0,LSTM,buffer,20.0,46,25,7,18
0,LSTM,buffer,20.0,47,26,7,19
0,LSTM,buffer,20.0,48,73,57,16
0,LSTM,buffer,20.0,49,28,16,12
0,LSTM,crossing,5.0,0,17,12,5
0,LSTM,crossing,5.0,1,41,37,4
0,LSTM,crossing,5.0,2,22,17,5
0,LSTM,crossing,5.0,3,27,23,4
0,LSTM,crossing,5.0,4,47,42,5
0,LSTM,crossing,5.0,5,24,19,5
0,LSTM,crossing,5.0,6,34,29,5
0,LSTM,crossing,5.0,7,60,55,5
0,LSTM,crossing,5.0,8,63,59,4
0,LSTM,crossing,5.0,9,25,20,5
0,LSTM,crossing,5.0,10,32,27,5
0,LSTM,crossing,5.0,11,27,23,4
0,LSTM,crossing,5.0,12,81,77,4
0,LSTM,crossing,5.0,13,25,20,5
0,LSTM,crossing,5.0,14,36,31,5
0,LSTM,crossing,5.0,15,25,19,6
0,LSTM,crossing,5.0,16,78,73,5
0,LSTM,crossing,5.0,17,25,20,5
0,LSTM,crossing,5.0,18,22,18,4
0,LSTM,crossing,5.0,19,32,27,5
0,LSTM,crossing,5.0,20,26,21,5
0,LSTM,crossing,5.0,21,24,20,4
0,LSTM,crossing,5.0,22,25,21,4
0,LSTM,crossing,5.0,23,17,12,5
0,LSTM,crossing,5.0,24,27,22,5
0,LSTM,crossing,5.0,25,72,68,4
0,LSTM,crossing,5.0,26,17,13,4
0,LSTM,crossing,5.0,27,63,58,5
0,LSTM,crossing,5.0,28,60,56,4
0,LSTM,crossing,5.0,29,75,71,4
0,LSTM,crossing,5.0,30,35,31,4
0,LSTM,crossing,5.0,31,32,28,4
0,LSTM,crossing,5.0,32,38,33,5
0,LSTM,crossing,5.0,33,33,29,4
0,LSTM,crossing,5.0,34,28,23,5
0,LSTM,crossing,5.0,35,31,27,4
0,LSTM,crossing,5.0,36,23,19,4
0,LSTM,crossing,5.0,37,33,29,4
0,LSTM,crossing,5.0,38,32,27,5
0,LSTM,crossing,5.0,39,22,18,4
0,LSTM,crossing,5.0,40,21,16,5
0,LSTM,crossing,5.0,41,25,21,4
0,LSTM,crossing,5.0,42,41,37,4
0,LSTM,crossing,5.0,43,73,72,1
0,LSTM,crossing,5.0,44,17,12,5
0,LSTM,crossing,5.0,45,65,62,3
0,LSTM,crossing,5.0,46,25,20,5
0,LSTM,crossing,5.0,47,26,21,5
0,LSTM,crossing,5.0,48,73,68,5
0,LSTM,crossing,5.0,49,28,24,4
0,LSTM,crossing,10.0,0,17,8,9
0,LSTM,crossing,10.0,1,41,35,6
0,LSTM,crossing,10.0,2,22,13,9
0,LSTM,crossing,10.0,3,27,19,8
0,LSTM,crossing,10.0,4,47,38,9
0,LSTM,crossing,10.0,5,24,15,9
0,LSTM,crossing,10.0,6,34,26,8
0,LSTM,crossing,10.0,7,60,51,9
0,LSTM,crossing,10.0,8,63,54,9
0,LSTM,crossing,10.0,9,25,16,9
0,LSTM,crossing,10.0,10,32,23,9
0,LSTM,crossing,10.0,11,27,20,7
0,LSTM,crossing,10.0,12,81,73,8
0,LSTM,crossing,10.0,13,25,16,9
0,LSTM,crossing,10.0,14,36,28,8
0,LSTM,crossing,10.0,15,25,15,10
0,LSTM,crossing,10.0,16,78,69,9
0,LSTM,crossing,10.0,17,25,16,9
0,LSTM,crossing,10.0,18,22,15,7
0,LSTM,crossing,10.0,19,32,24,8
0,LSTM,crossing,10.0,20,26,17,9
0,LSTM,crossing,10.0,21,24,16,8
0,LSTM,crossing,10.0,22,25,15,10
0,LSTM,crossing,10.0,23,17,8,9
0,LSTM,crossing,10.0,24,27,18,9
0,LSTM,crossing,10.0,25,72,63,9
0,LSTM,crossing,10.0,26,17,8,9
0,LSTM,crossing,10.0,27,63,54,9
0,LSTM,crossing,10.0,28,60,52,8
0,LSTM,crossing,10.0,29,75,66,9
0,LSTM,crossing,10.0,30,35,27,8
0,LSTM,crossing,10.0,31,32,23,9
0,LSTM,crossing,10.0,32,38,29,9
0,LSTM,crossing,10.0,33,33,28,5
0,LSTM,crossing,10.0,34,28,18,10
0,LSTM,crossing,10.0,35,31,23,8
0,LSTM,crossing,10.0,36,23,14,9
0,LSTM,crossing,10.0,37,33,25,8
0,LSTM,crossing,10.0,38,32,24,8
0,LSTM,crossing,10.0,39,22,13,9
0,LSTM,crossing,10.0,40,21,12,9
0,LSTM,crossing,10.0,41,25,15,10
0,LSTM,crossing,10.0,42,41,33,8
0,LSTM,crossing,10.0,43,73,72,1
0,LSTM,crossing,10.0,44,17,8,9
0,LSTM,crossing,10.0,45,65,60,5
0,LSTM,crossing,10.0,46,25,17,8
0,LSTM,crossing,10.0,47,26,17,9
0,LSTM,crossing,10.0,48,73,64,9
0,LSTM,crossing,10.0,49,28,21,7
0,LSTM,crossing,15.0,0,17,6,11
0,LSTM,crossing,15.0,1,41,30,11
0,LSTM,crossing,15.0,2,22,10,12
0,LSTM,crossing,15.0,3,27,15,12
0,LSTM,crossing,15.0,4,47,38,9
0,LSTM,crossing,15.0,5,24,11,13
0,LSTM,crossing,15.0,6,34,23,11
0,LSTM,crossing,15.0,7,60,47,13
0,LSTM,crossing,15.0,8,63,50,13
0,LSTM,crossing,15.0,9,25,10,15
0,LSTM,crossing,15.0,10,32,20,12
0,LSTM,crossing,15.0,11,27,20,7
0,LSTM,crossing,15.0,12,81,69,12
0,LSTM,crossing,15.0,13,25,10,15
0,LSTM,crossing,15.0,14,36,25,11
0,LSTM,crossing,15.0,15,25,12,13
0,LSTM,crossing,15.0,16,78,67,11
0,LSTM,crossing,15.0,17,25,11,14
0,LSTM,crossing,15.0,18,22,12,10
0,LSTM,crossing,15.0,19,32,19,13
0,LSTM,crossing,15.0,20,26,12,14
0,LSTM,crossing,15.0,21,24,12,12
0,LSTM,crossing,15.0,22,25,11,14
0,LSTM,crossing,15.0,23,17,6,11
0,LSTM,crossing,15.0,24,27,15,12
0,LSTM,crossing,15.0,25,72,62,10
0,LSTM,crossing,15.0,26,17,6,11
0,LSTM,crossing,15.0,27,63,50,13
0,LSTM,crossing,15.0,28,60,46,14
0,LSTM,crossing,15.0,29,75,64,11
0,LSTM,crossing,15.0,30,35,23,12
0,LSTM,crossing,15.0,31,32,18,14
0,LSTM,crossing,15.0,32,38,27,11
0,LSTM,crossing,15.0,33,33,28,5
0,LSTM,crossing,15.0,34,28,16,12
0,LSTM,crossing,15.0,35,31,20,11
0,LSTM,crossing,15.0,36,23,11,12
0,LSTM,crossing,15.0,37,33,22,11
0,LSTM,crossing,15.0,38,32,20,12
0,LSTM,crossing,15.0,39,22,11,11
0,LSTM,crossing,15.0,40,21,9,12
0,LSTM,crossing,15.0,41,25,13,12
0,LSTM,crossing,15.0,42,41,30,11
0,LSTM,crossing,15.0,43,73,72,1
0,LSTM,crossing,15.0,44,17,6,11
0,LSTM,crossing,15.0,45,65,51,14
0,LSTM,crossing,15.0,46,25,12,13
0,LSTM,crossing,15.0,47,26,15,11
0,LSTM,crossing,15.0,48,73,61,12
0,LSTM,crossing,15.0,49,28,19,9
0,LSTM,crossing,20.0,0,17,6,11
0,LSTM,crossing,20.0,1,41,28,13
0,LSTM,crossing,20.0,2,22,8,14
0,LSTM,crossing,20.0,3,27,13,14
0,LSTM,crossing,20.0,4,47,34,13
0,LSTM,crossing,20.0,5,24,6,18
0,LSTM,crossing,20.0,6,34,19,15
0,LSTM,crossing,20.0,7,60,44,16
0,LSTM,crossing,20.0,8,63,47,16
0,LSTM,crossing,20.0,9,25,9,16
0,LSTM,crossing,20.0,10,32,15,17
0,LSTM,crossing,20.0,11,27,20,7
0,LSTM,crossing,20.0,12,81,66,15
0,LSTM,crossing,20.0,13,25,9,16
0,LSTM,crossing,20.0,14,36,20,16
0,LSTM,crossing,20.0,15,25,7,18
0,LSTM,crossing,20.0,16,78,63,15
0,LSTM,crossing,20.0,17,25,9,16
0,LSTM,crossing,20.0,18,22,7,15
0,LSTM,crossing,20.0,19,32,16,16
0,LSTM,crossing,20.0,20,26,9,17
0,LSTM,crossing,20.0,21,24,9,15
0,LSTM,crossing,20.0,22,25,7,18
0,LSTM,crossing,20.0,23,17,6,11
0,LSTM,crossing,20.0,24,27,13,14
0,LSTM,crossing,20.0,25,72,56,16
0,LSTM,crossing,20.0,26,17,6,11
0,LSTM,crossing,20.0,27,63,45,18
0,LSTM,crossing,20.0,28,60,42,18
0,LSTM,crossing,20.0,29,75,60,15
0,LSTM,crossing,20.0,30,35,20,15
0,LSTM,crossing,20.0,31,32,16,16
0,LSTM,crossing,20.0,32,38,24,14
0,LSTM,crossing,20.0,33,33,28,5
0,LSTM,crossing,20.0,34,28,12,16
0,LSTM,crossing,20.0,35,31,18,13
0,LSTM,crossing,20.0,36,23,6,17
0,LSTM,crossing,20.0,37,33,16,17
0,LSTM,crossing,20.0,38,32,15,17
0,LSTM,crossing,20.0,39,22,6,16
0,LSTM,crossing,20.0,40,21,6,15
0,LSTM,crossing,20.0,41,25,9,16
0,LSTM,crossing,20.0,42,41,26,15
0,LSTM,crossing,20.0,43,73,48,25
0,LSTM,crossing,20.0,44,17,6,11
0,LSTM,crossing,20.0,45,65,44,21
0,LSTM,crossing,20.0,46,25,7,18
0,LSTM,crossing,20.0,47,26,8,18
0,LSTM,crossing,20.0,48,73,58,15
0,LSTM,crossing,20.0,49,28,16,12
0,ConstVel,buffer,5.0,0,17,10,7
0,ConstVel,buffer,5.0,1,41,35,6
0,ConstVel,buffer,5.0,2,22,15,7
0,ConstVel,buffer,5.0,3,27,20,7
0,ConstVel,buffer,5.0,4,47,39,8
0,ConstVel,buffer,5.0,5,24,17,7
0,ConstVel,buffer,5.0,6,34,28,6
0,ConstVel,buffer,5.0,7,60,52,8
0,ConstVel,buffer,5.0,8,63,56,7
0,ConstVel,buffer,5.0,9,25,19,6
0,ConstVel,buffer,5.0,10,32,26,6
0,ConstVel,buffer,5.0,11,27,20,7
0,ConstVel,buffer,5.0,12,81,74,7
0,ConstVel,buffer,5.0,13,25,18,7
0,ConstVel,buffer,5.0,14,36,30,6
0,ConstVel,buffer,5.0,15,25,18,7
0,ConstVel,buffer,5.0,16,78,70,8
0,ConstVel,buffer,5.0,17,25,18,7
0,ConstVel,buffer,5.0,18,22,16,6
0,ConstVel,buffer,5.0,19,32,25,7
0,ConstVel,buffer,5.0,20,26,19,7
0,ConstVel,buffer,5.0,21,24,18,6
0,ConstVel,buffer,5.0,22,25,17,8
0,ConstVel,buffer,5.0,23,17,9,8
0,ConstVel,buffer,5.0,24,27,21,6
0,ConstVel,buffer,5.0,25,72,67,5
0,ConstVel,buffer,5.0,26,17,11,6
0,ConstVel,buffer,5.0,27,63,55,8
0,ConstVel,buffer,5.0,28,60,52,8
0,ConstVel,buffer,5.0,29,75,69,6
0,ConstVel,buffer,5.0,30,35,29,6
0,ConstVel,buffer,5.0,31,32,25,7
0,ConstVel,buffer,5.0,32,38,30,8
0,ConstVel,buffer,5.0,33,33,26,7
0,ConstVel,buffer,5.0,34,28,21,7
0,ConstVel,buffer,5.0,35,31,25,6
0,ConstVel,buffer,5.0,36,23,17,6
0,ConstVel,buffer,5.0,37,33,27,6
0,ConstVel,buffer,5.0,38,32,25,7
0,ConstVel,buffer,5.0,39,22,16,6
0,ConstVel,buffer,5.0,40,21,15,6
0,ConstVel,buffer,5.0,41,25,19,6
0,ConstVel,buffer,5.0,42,41,35,6
0,ConstVel,buffer,5.0,43,73,65,8
0,ConstVel,buffer,5.0,44,17,11,6
0,ConstVel,buffer,5.0,45,65,57,8
0,ConstVel,buffer,5.0,46,25,19,6
0,ConstVel,buffer,5.0,47,26,19,7
0,ConstVel,buffer,5.0,48,73,66,7
0,ConstVel,buffer,5.0,49,28,21,7
0,ConstVel,buffer,10.0,0,17,6,11
0,ConstVel,buffer,10.0,1,41,29,12
0,ConstVel,buffer,10.0,2,22,10,12
0,ConstVel,buffer,10.0,3,27,15,12
0,ConstVel,buffer,10.0,4,47,36,11
0,ConstVel,buffer,10.0,5,24,12,12
0,ConstVel,buffer,10.0,6,34,23,11
0,ConstVel,buffer,10.0,7,60,47,13
0,ConstVel,buffer,10.0,8,63,50,13
0,ConstVel,buffer,10.0,9,25,13,12
0,ConstVel,buffer,10.0,10,32,22,10
0,ConstVel,buffer,10.0,11,27,16,11
0,ConstVel,buffer,10.0,12,81,69,12
0,ConstVel,buffer,10.0,13,25,14,11
0,ConstVel,buffer,10.0,14,36,20,16
0,ConstVel,buffer,10.0,15,25,13,12
0,ConstVel,buffer,10.0,16,78,67,11
0,ConstVel,buffer,10.0,17,25,14,11
0,ConstVel,buffer,10.0,18,22,12,10
0,ConstVel,buffer,10.0,19,32,20,12
0,ConstVel,buffer,10.0,20,26,13,13
0,ConstVel,buffer,10.0,21,24,12,12
0,ConstVel,buffer,10.0,22,25,14,11
0,ConstVel,buffer,10.0,23,17,6,11
0,ConstVel,buffer,10.0,24,27,15,12
0,ConstVel,buffer,10.0,25,72,61,11
0,ConstVel,buffer,10.0,26,17,6,11
0,ConstVel,buffer,10.0,27,63,49,14
0,ConstVel,buffer,10.0,28,60,46,14
0,ConstVel,buffer,10.0,29,75,64,11
0,ConstVel,buffer,10.0,30,35,22,13
0,ConstVel,buffer,10.0,31,32,20,12
0,ConstVel,buffer,10.0,32,38,24,14
0,ConstVel,buffer,10.0,33,33,20,13
0,ConstVel,buffer,10.0,34,28,16,12
0,ConstVel,buffer,10.0,35,31,20,11
0,ConstVel,buffer,10.0,36,23,12,11
0,ConstVel,buffer,10.0,37,33,22,11
0,ConstVel,buffer,10.0,38,32,19,13
0,ConstVel,buffer,10.0,39,22,11,11
0,ConstVel,buffer,10.0,40,21,11,10
0,ConstVel,buffer,10.0,41,25,14,11
0,ConstVel,buffer,10.0,42,41,28,13
0,ConstVel,buffer,10.0,43,73,53,20
0,ConstVel,buffer,10.0,44,17,6,11
0,ConstVel,buffer,10.0,45,65,51,14
0,ConstVel,buffer,10.0,46,25,13,12
0,ConstVel,buffer,10.0,47,26,15,11
0,ConstVel,buffer,10.0,48,73,60,13
0,ConstVel,buffer,10.0,49,28,17,11
0,ConstVel,buffer,15.0,0,17,6,11
0,ConstVel,buffer,15.0,1,41,24,17
0,ConstVel,buffer,15.0,2,22,7,15
0,ConstVel,buffer,15.0,3,27,11,16
0,ConstVel,buffer,15.0,4,47,32,15
0,ConstVel,buffer,15.0,5,24,6,18
0,ConstVel,buffer,15.0,6,34,15,19
0,ConstVel,buffer,15.0,7,60,44,16
0,ConstVel,buffer,15.0,8,63,47,16
0,ConstVel,buffer,15.0,9,25,9,16
0,ConstVel,buffer,15.0,10,32,14,18
0,ConstVel,buffer,15.0,11,27,10,17
0,ConstVel,buffer,15.0,12,81,63,18
0,ConstVel,buffer,15.0,13,25,9,16
0,ConstVel,buffer,15.0,14,36,14,22
0,ConstVel,buffer,15.0,15,25,7,18
0,ConstVel,buffer,15.0,16,78,59,19
0,ConstVel,buffer,15.0,17,25,9,16
0,ConstVel,buffer,15.0,18,22,7,15
0,ConstVel,buffer,15.0,19,32,16,16
0,ConstVel,buffer,15.0,20,26,10,16
0,ConstVel,buffer,15.0,21,24,9,15
0,ConstVel,buffer,15.0,22,25,9,16
0,ConstVel,buffer,15.0,23,17,6,11
0,ConstVel,buffer,15.0,24,27,12,15
0,ConstVel,buffer,15.0,25,72,54,18
0,ConstVel,buffer,15.0,26,17,6,11
0,ConstVel,buffer,15.0,27,63,44,19
0,ConstVel,buffer,15.0,28,60,41,19
0,ConstVel,buffer,15.0,29,75,58,17
0,ConstVel,buffer,15.0,30,35,19,16
0,ConstVel,buffer,15.0,31,32,16,16
0,ConstVel,buffer,15.0,32,38,18,20
0,ConstVel,buffer,15.0,33,33,12,21
0,ConstVel,buffer,15.0,34,28,9,19
0,ConstVel,buffer,15.0,35,31,15,16
0,ConstVel,buffer,15.0,36,23,6,17
0,ConstVel,buffer,15.0,37,33,16,17
0,ConstVel,buffer,15.0,38,32,14,18
0,ConstVel,buffer,15.0,39,22,6,16
0,ConstVel,buffer,15.0,40,21,6,15
0,ConstVel,buffer,15.0,41,25,9,16
0,ConstVel,buffer,15.0,42,41,23,18
0,ConstVel,buffer,15.0,43,73,44,29
0,ConstVel,buffer,15.0,44,17,6,11
0,ConstVel,buffer,15.0,45,65,44,21
0,ConstVel,buffer,15.0,46,25,7,18
0,ConstVel,buffer,15.0,47,26,8,18
0,ConstVel,buffer,15.0,48,73,53,20
0,ConstVel,buffer,15.0,49,28,10,18
0,ConstVel,buffer,20.0,0,17,6,11
0,ConstVel,buffer,20.0,1,41,19,22
0,ConstVel,buffer,20.0,2,22,6,16
0,ConstVel,buffer,20.0,3,27,6,21
0,ConstVel,buffer,20.0,4,47,28,19
0,ConstVel,buffer,20.0,5,24,6,18
0,ConstVel,buffer,20.0,6,34,12,22
0,ConstVel,buffer,20.0,7,60,39,21
0,ConstVel,buffer,20.0,8,63,40,23
0,ConstVel,buffer,20.0,9,25,7,18
0,ConstVel,buffer,20.0,10,32,10,22
0,ConstVel,buffer,20.0,11,27,8,19
0,ConstVel,buffer,20.0,12,81,59,22
0,ConstVel,buffer,20.0,13,25,6,19
0,ConstVel,buffer,20.0,14,36,14,22
0,ConstVel,buffer,20.0,15,25,6,19
0,ConstVel,buffer,20.0,16,78,56,22
0,ConstVel,buffer,20.0,17,25,6,19
0,ConstVel,buffer,20.0,18,22,6,16
0,ConstVel,buffer,20.0,19,32,10,22
0,ConstVel,buffer,20.0,20,26,6,20
0,ConstVel,buffer,20.0,21,24,6,18
0,ConstVel,buffer,20.0,22,25,6,19
0,ConstVel,buffer,20.0,23,17,6,11
0,ConstVel,buffer,20.0,24,27,7,20
0,ConstVel,buffer,20.0,25,72,48,24
0,ConstVel,buffer,20.0,26,17,6,11
0,ConstVel,buffer,20.0,27,63,40,23
0,ConstVel,buffer,20.0,28,60,39,21
0,ConstVel,buffer,20.0,29,75,50,25
0,ConstVel,buffer,20.0,30,35,14,21
0,ConstVel,buffer,20.0,31,32,11,21
0,ConstVel,buffer,20.0,32,38,13,25
0,ConstVel,buffer,20.0,33,33,11,22
0,ConstVel,buffer,20.0,34,28,8,20
0,ConstVel,buffer,20.0,35,31,7,24
0,ConstVel,buffer,20.0,36,23,6,17
0,ConstVel,buffer,20.0,37,33,11,22
0,ConstVel,buffer,20.0,38,32,7,25
0,ConstVel,buffer,20.0,39,22,6,16
0,ConstVel,buffer,20.0,40,21,6,15
0,ConstVel,buffer,20.0,41,25,7,18
0,ConstVel,buffer,20.0,42,41,16,25
0,ConstVel,buffer,20.0,43,73,43,30
0,ConstVel,buffer,20.0,44,17,6,11
0,ConstVel,buffer,20.0,45,65,42,23
0,ConstVel,buffer,20.0,46,25,6,19
0,ConstVel,buffer,20.0,47,26,6,20
0,ConstVel,buffer,20.0,48,73,50,23
0,ConstVel,buffer,20.0,49,28,7,21
0,ConstVel,crossing,5.0,0,17,12,5
0,ConstVel,crossing,5.0,1,41,36,5
0,ConstVel,crossing,5.0,2,22,17,5
0,ConstVel,crossing,5.0,3,27,23,4
0,ConstVel,crossing,5.0,4,47,42,5
0,ConstVel,crossing,5.0,5,24,19,5
0,ConstVel,crossing,5.0,6,34,29,5
0,ConstVel,crossing,5.0,7,60,54,6
0,ConstVel,crossing,5.0,8,63,58,5
0,ConstVel,crossing,5.0,9,25,19,6
0,ConstVel,crossing,5.0,10,32,27,5
0,ConstVel,crossing,5.0,11,27,21,6
0,ConstVel,crossing,5.0,12,81,76,5
0,ConstVel,crossing,5.0,13,25,20,5
0,ConstVel,crossing,5.0,14,36,31,5
0,ConstVel,crossing,5.0,15,25,19,6
0,ConstVel,crossing,5.0,16,78,72,6
0,ConstVel,crossing,5.0,17,25,20,5
0,ConstVel,crossing,5.0,18,22,17,5
0,ConstVel,crossing,5.0,19,32,27,5
0,ConstVel,crossing,5.0,20,26,20,6
0,ConstVel,crossing,5.0,21,24,20,4
0,ConstVel,crossing,5.0,22,25,21,4
0,ConstVel,crossing,5.0,23,17,12,5
0,ConstVel,crossing,5.0,24,27,22,5
0,ConstVel,crossing,5.0,25,72,68,4
0,ConstVel,crossing,5.0,26,17,12,5
0,ConstVel,crossing,5.0,27,63,57,6
0,ConstVel,crossing,5.0,28,60,54,6
0,ConstVel,crossing,5.0,29,75,71,4
0,ConstVel,crossing,5.0,30,35,30,5
0,ConstVel,crossing,5.0,31,32,28,4
0,ConstVel,crossing,5.0,32,38,33,5
0,ConstVel,crossing,5.0,33,33,28,5
0,ConstVel,crossing,5.0,34,28,23,5
0,ConstVel,crossing,5.0,35,31,26,5
0,ConstVel,crossing,5.0,36,23,18,5
0,ConstVel,crossing,5.0,37,33,28,5
0,ConstVel,crossing,5.0,38,32,27,5
0,ConstVel,crossing,5.0,39,22,18,4
0,ConstVel,crossing,5.0,40,21,16,5
0,ConstVel,crossing,5.0,41,25,21,4
0,ConstVel,crossing,5.0,42,41,36,5
0,ConstVel,crossing,5.0,43,73,67,6
0,ConstVel,crossing,5.0,44,17,12,5
0,ConstVel,crossing,5.0,45,65,61,4
0,ConstVel,crossing,5.0,46,25,20,5
0,ConstVel,crossing,5.0,47,26,21,5
0,ConstVel,crossing,5.0,48,73,68,5
0,ConstVel,crossing,5.0,49,28,23,5
0,ConstVel,crossing,10.0,0,17,6,11
0,ConstVel,crossing,10.0,1,41,30,11
0,ConstVel,crossing,10.0,2,22,12,10
0,ConstVel,crossing,10.0,3,27,17,10
0,ConstVel,crossing,10.0,4,47,37,10
0,ConstVel,crossing,10.0,5,24,14,10
0,ConstVel,crossing,10.0,6,34,23,11
0,ConstVel,crossing,10.0,7,60,49,11
0,ConstVel,crossing,10.0,8,63,52,11
0,ConstVel,crossing,10.0,9,25,14,11
0,ConstVel,crossing,10.0,10,32,22,10
0,ConstVel,crossing,10.0,11,27,18,9
0,ConstVel,crossing,10.0,12,81,69,12
0,ConstVel,crossing,10.0,13,25,16,9
0,ConstVel,crossing,10.0,14,36,26,10
0,ConstVel,crossing,10.0,15,25,13,12
0,ConstVel,crossing,10.0,16,78,68,10
0,ConstVel,crossing,10.0,17,25,15,10
0,ConstVel,crossing,10.0,18,22,13,9
0,ConstVel,crossing,10.0,19,32,21,11
0,ConstVel,crossing,10.0,20,26,17,9
0,ConstVel,crossing,10.0,21,24,14,10
0,ConstVel,crossing,10.0,22,25,15,10
0,ConstVel,crossing,10.0,23,17,7,10
0,ConstVel,crossing,10.0,24,27,17,10
0,ConstVel,crossing,10.0,25,72,63,9
0,ConstVel,crossing,10.0,26,17,8,9
0,ConstVel,crossing,10.0,27,63,52,11
0,ConstVel,crossing,10.0,28,60,48,12
0,ConstVel,crossing,10.0,29,75,64,11
0,ConstVel,crossing,10.0,30,35,25,10
0,ConstVel,crossing,10.0,31,32,23,9
0,ConstVel,crossing,10.0,32,38,27,11
0,ConstVel,crossing,10.0,33,33,23,10
0,ConstVel,crossing,10.0,34,28,17,11
0,ConstVel,crossing,10.0,35,31,21,10
0,ConstVel,crossing,10.0,36,23,12,11
0,ConstVel,crossing,10.0,37,33,23,10
0,ConstVel,crossing,10.0,38,32,22,10
0,ConstVel,crossing,10.0,39,22,12,10
0,ConstVel,crossing,10.0,40,21,11,10
0,ConstVel,crossing,10.0,41,25,15,10
0,ConstVel,crossing,10.0,42,41,31,10
0,ConstVel,crossing,10.0,43,73,57,16
0,ConstVel,crossing,10.0,44,17,7,10
0,ConstVel,crossing,10.0,45,65,51,14
0,ConstVel,crossing,10.0,46,25,16,9
0,ConstVel,crossing,10.0,47,26,17,9
0,ConstVel,crossing,10.0,48,73,62,11
0,ConstVel,crossing,10.0,49,28,19,9
0,ConstVel,crossing,15.0,0,17,6,11
0,ConstVel,crossing,15.0,1,41,24,17
0,ConstVel,crossing,15.0,2,22,8,14
0,ConstVel,crossing,15.0,3,27,11,16
0,ConstVel,crossing,15.0,4,47,34,13
0,ConstVel,crossing,15.0,5,24,9,15
0,ConstVel,crossing,15.0,6,34,19,15
0,ConstVel,crossing,15.0,7,60,44,16
0,ConstVel,crossing,15.0,8,63,47,16
0,ConstVel,crossing,15.0,9,25,9,16
0,ConstVel,crossing,15.0,10,32,15,17
0,ConstVel,crossing,15.0,11,27,12,15
0,ConstVel,crossing,15.0,12,81,66,15
0,ConstVel,crossing,15.0,13,25,9,16
0,ConstVel,crossing,15.0,14,36,20,16
0,ConstVel,crossing,15.0,15,25,7,18
0,ConstVel,crossing,15.0,16,78,63,15
0,ConstVel,crossing,15.0,17,25,9,16
0,ConstVel,crossing,15.0,18,22,7,15
0,ConstVel,crossing,15.0,19,32,16,16
0,ConstVel,crossing,15.0,20,26,11,15
0,ConstVel,crossing,15.0,21,24,9,15
0,ConstVel,crossing,15.0,22,25,9,16
0,ConstVel,crossing,15.0,23,17,6,11
0,ConstVel,crossing,15.0,24,27,13,14
0,ConstVel,crossing,15.0,25,72,56,16
0,ConstVel,crossing,15.0,26,17,6,11
0,ConstVel,crossing,15.0,27,63,45,18
0,ConstVel,crossing,15.0,28,60,41,19
0,ConstVel,crossing,15.0,29,75,60,15
0,ConstVel,crossing,15.0,30,35,19,16
0,ConstVel,crossing,15.0,31,32,17,15
0,ConstVel,crossing,15.0,32,38,20,18
0,ConstVel,crossing,15.0,33,33,17,16
0,ConstVel,crossing,15.0,34,28,9,19
0,ConstVel,crossing,15.0,35,31,18,13
0,ConstVel,crossing,15.0,36,23,6,17
0,ConstVel,crossing,15.0,37,33,16,17
0,ConstVel,crossing,15.0,38,32,15,17
0,ConstVel,crossing,15.0,39,22,6,16
0,ConstVel,crossing,15.0,40,21,6,15
0,ConstVel,crossing,15.0,41,25,11,14
0,ConstVel,crossing,15.0,42,41,24,17
0,ConstVel,crossing,15.0,43,73,49,24
0,ConstVel,crossing,15.0,44,17,6,11
0,ConstVel,crossing,15.0,45,65,44,21
0,ConstVel,crossing,15.0,46,25,9,16
0,ConstVel,crossing,15.0,47,26,11,15
0,ConstVel,crossing,15.0,48,73,57,16
0,ConstVel,crossing,15.0,49,28,13,15
0,ConstVel,crossing,20.0,0,17,6,11
0,ConstVel,crossing,20.0,1,41,19,22
0,ConstVel,crossing,20.0,2,22,7,15
0,ConstVel,crossing,20.0,3,27,7,20
0,ConstVel,crossing,20.0,4,47,29,18
0,ConstVel,crossing,20.0,5,24,6,18
0,ConstVel,crossing,20.0,6,34,12,22
0,ConstVel,crossing,20.0,7,60,39,21
0,ConstVel,crossing,20.0,8,63,40,23
0,ConstVel,crossing,20.0,9,25,7,18
0,ConstVel,crossing,20.0,10,32,10,22
0,ConstVel,crossing,20.0,11,27,8,19
0,ConstVel,crossing,20.0,12,81,61,20
0,ConstVel,crossing,20.0,13,25,6,19
0,ConstVel,crossing,20.0,14,36,14,22
0,ConstVel,crossing,20.0,15,25,6,19
0,ConstVel,crossing,20.0,16,78,58,20
0,ConstVel,crossing,20.0,17,25,7,18
0,ConstVel,crossing,20.0,18,22,7,15
0,ConstVel,crossing,20.0,19,32,11,21
0,ConstVel,crossing,20.0,20,26,6,20
0,ConstVel,crossing,20.0,21,24,6,18
0,ConstVel,crossing,20.0,22,25,6,19
0,ConstVel,crossing,20.0,23,17,6,11
0,ConstVel,crossing,20.0,24,27,7,20
0,ConstVel,crossing,20.0,25,72,53,19
0,ConstVel,crossing,20.0,26,17,6,11
0,ConstVel,crossing,20.0,27,63,40,23
0,ConstVel,crossing,20.0,28,60,39,21
0,ConstVel,crossing,20.0,29,75,56,19
0,ConstVel,crossing,20.0,30,35,14,21
0,ConstVel,crossing,20.0,31,32,11,21
0,ConstVel,crossing,20.0,32,38,15,23
0,ConstVel,crossing,20.0,33,33,12,21
0,ConstVel,crossing,20.0,34,28,9,19
0,ConstVel,crossing,20.0,35,31,10,21
0,ConstVel,crossing,20.0,36,23,6,17
0,ConstVel,crossing,20.0,37,33,12,21
0,ConstVel,crossing,20.0,38,32,7,25
0,ConstVel,crossing,20.0,39,22,6,16
0,ConstVel,crossing,20.0,40,21,6,15
0,ConstVel,crossing,20.0,41,25,7,18
0,ConstVel,crossing,20.0,42,41,20,21
0,ConstVel,crossing,20.0,43,73,43,30
0,ConstVel,crossing,20.0,44,17,6,11
0,ConstVel,crossing,20.0,45,65,42,23
0,ConstVel,crossing,20.0,46,25,7,18
0,ConstVel,crossing,20.0,47,26,6,20
0,ConstVel,crossing,20.0,48,73,50,23
0,ConstVel,crossing,20.0,49,28,7,21
0,Kalman,buffer,5.0,0,17,10,7
0,Kalman,buffer,5.0,1,41,35,6
0,Kalman,buffer,5.0,2,22,15,7
0,Kalman,buffer,5.0,3,27,20,7
0,Kalman,buffer,5.0,4,47,39,8
0,Kalman,buffer,5.0,5,24,17,7
0,Kalman,buffer,5.0,6,34,28,6
0,Kalman,buffer,5.0,7,60,52,8
0,Kalman,buffer,5.0,8,63,56,7
0,Kalman,buffer,5.0,9,25,19,6
0,Kalman,buffer,5.0,10,32,26,6
0,Kalman,buffer,5.0,11,27,20,7
0,Kalman,buffer,5.0,12,81,75,6
0,Kalman,buffer,5.0,13,25,19,6
0,Kalman,buffer,5.0,14,36,30,6
0,Kalman,buffer,5.0,15,25,18,7
0,Kalman,buffer,5.0,16,78,70,8
0,Kalman,buffer,5.0,17,25,18,7
0,Kalman,buffer,5.0,18,22,16,6
0,Kalman,buffer,5.0,19,32,25,7
0,Kalman,buffer,5.0,20,26,19,7
0,Kalman,buffer,5.0,21,24,18,6
0,Kalman,buffer,5.0,22,25,17,8
0,Kalman,buffer,5.0,23,17,10,7
0,Kalman,buffer,5.0,24,27,21,6
0,Kalman,buffer,5.0,25,72,67,5
0,Kalman,buffer,5.0,26,17,11,6
0,Kalman,buffer,5.0,27,63,55,8
0,Kalman,buffer,5.0,28,60,52,8
0,Kalman,buffer,5.0,29,75,69,6
0,Kalman,buffer,5.0,30,35,29,6
0,Kalman,buffer,5.0,31,32,26,6
0,Kalman,buffer,5.0,32,38,30,8
0,Kalman,buffer,5.0,33,33,26,7
0,Kalman,buffer,5.0,34,28,21,7
0,Kalman,buffer,5.0,35,31,25,6
0,Kalman,buffer,5.0,36,23,17,6
0,Kalman,buffer,5.0,37,33,27,6
0,Kalman,buffer,5.0,38,32,25,7
0,Kalman,buffer,5.0,39,22,16,6
0,Kalman,buffer,5.0,40,21,15,6
0,Kalman,buffer,5.0,41,25,19,6
0,Kalman,buffer,5.0,42,41,35,6
0,Kalman,buffer,5.0,43,73,65,8
0,Kalman,buffer,5.0,44,17,11,6
0,Kalman,buffer,5.0,45,65,57,8
0,Kalman,buffer,5.0,46,25,19,6
0,Kalman,buffer,5.0,47,26,19,7
0,Kalman,buffer,5.0,48,73,66,7
0,Kalman,buffer,5.0,49,28,21,7
0,Kalman,buffer,10.0,0,17,6,11
0,Kalman,buffer,10.0,1,41,29,12
0,Kalman,buffer,10.0,2,22,11,11
0,Kalman,buffer,10.0,3,27,15,12
0,Kalman,buffer,10.0,4,47,36,11
0,Kalman,buffer,10.0,5,24,12,12
0,Kalman,buffer,10.0,6,34,23,11
0,Kalman,buffer,10.0,7,60,47,13
0,Kalman,buffer,10.0,8,63,50,13
0,Kalman,buffer,10.0,9,25,13,12
0,Kalman,buffer,10.0,10,32,22,10
0,Kalman,buffer,10.0,11,27,16,11
0,Kalman,buffer,10.0,12,81,69,12
0,Kalman,buffer,10.0,13,25,14,11
0,Kalman,buffer,10.0,14,36,25,11
0,Kalman,buffer,10.0,15,25,13,12
0,Kalman,buffer,10.0,16,78,67,11
0,Kalman,buffer,10.0,17,25,14,11
0,Kalman,buffer,10.0,18,22,12,10
0,Kalman,buffer,10.0,19,32,20,12
0,Kalman,buffer,10.0,20,26,13,13
0,Kalman,buffer,10.0,21,24,13,11
0,Kalman,buffer,10.0,22,25,14,11
0,Kalman,buffer,10.0,23,17,6,11
0,Kalman,buffer,10.0,24,27,15,12
0,Kalman,buffer,10.0,25,72,62,10
0,Kalman,buffer,10.0,26,17,6,11
0,Kalman,buffer,10.0,27,63,49,14
0,Kalman,buffer,10.0,28,60,46,14
0,Kalman,buffer,10.0,29,75,64,11
0,Kalman,buffer,10.0,30,35,23,12
0,Kalman,buffer,10.0,31,32,20,12
0,Kalman,buffer,10.0,32,38,24,14
0,Kalman,buffer,10.0,33,33,21,12
0,Kalman,buffer,10.0,34,28,16,12
0,Kalman,buffer,10.0,35,31,20,11
0,Kalman,buffer,10.0,36,23,12,11
0,Kalman,buffer,10.0,37,33,23,10
0,Kalman,buffer,10.0,38,32,19,13
0,Kalman,buffer,10.0,39,22,11,11
0,Kalman,buffer,10.0,40,21,11,10
0,Kalman,buffer,10.0,41,25,14,11
0,Kalman,buffer,10.0,42,41,29,12
0,Kalman,buffer,10.0,43,73,53,20
0,Kalman,buffer,10.0,44,17,6,11
0,Kalman,buffer,10.0,45,65,51,14
0,Kalman,buffer,10.0,46,25,13,12
0,Kalman,buffer,10.0,47,26,15,11
0,Kalman,buffer,10.0,48,73,61,12
0,Kalman,buffer,10.0,49,28,17,11
0,Kalman,buffer,15.0,0,17,6,11
0,Kalman,buffer,15.0,1,41,24,17
0,Kalman,buffer,15.0,2,22,7,15
0,Kalman,buffer,15.0,3,27,11,16
0,Kalman,buffer,15.0,4,47,32,15
0,Kalman,buffer,15.0,5,24,6,18
0,Kalman,buffer,15.0,6,34,15,19
0,Kalman,buffer,15.0,7,60,44,16
0,Kalman,buffer,15.0,8,63,47,16
0,Kalman,buffer,15.0,9,25,9,16
0,Kalman,buffer,15.0,10,32,15,17
0,Kalman,buffer,15.0,11,27,10,17
0,Kalman,buffer,15.0,12,81,64,17
0,Kalman,buffer,15.0,13,25,9,16
0,Kalman,buffer,15.0,14,36,18,18
0,Kalman,buffer,15.0,15,25,7,18
0,Kalman,buffer,15.0,16,78,59,19
0,Kalman,buffer,15.0,17,25,9,16
0,Kalman,buffer,15.0,18,22,7,15
0,Kalman,buffer,15.0,19,32,16,16
0,Kalman,buffer,15.0,20,26,10,16
0,Kalman,buffer,15.0,21,24,9,15
0,Kalman,buffer,15.0,22,25,8,17
0,Kalman,buffer,15.0,23,17,6,11
0,Kalman,buffer,15.0,24,27,12,15
0,Kalman,buffer,15.0,25,72,54,18
0,Kalman,buffer,15.0,26,17,6,11
0,Kalman,buffer,15.0,27,63,45,18
0,Kalman,buffer,15.0,28,60,42,18
0,Kalman,buffer,15.0,29,75,58,17
0,Kalman,buffer,15.0,30,35,19,16
0,Kalman,buffer,15.0,31,32,16,16
0,Kalman,buffer,15.0,32,38,18,20
0,Kalman,buffer,15.0,33,33,17,16
0,Kalman,buffer,15.0,34,28,12,16
0,Kalman,buffer,15.0,35,31,15,16
0,Kalman,buffer,15.0,36,23,6,17
0,Kalman,buffer,15.0,37,33,16,17
0,Kalman,buffer,15.0,38,32,14,18
0,Kalman,buffer,15.0,39,22,6,16
0,Kalman,buffer,15.0,40,21,6,15
0,Kalman,buffer,15.0,41,25,9,16
0,Kalman,buffer,15.0,42,41,23,18
0,Kalman,buffer,15.0,43,73,46,27
0,Kalman,buffer,15.0,44,17,6,11
0,Kalman,buffer,15.0,45,65,44,21
0,Kalman,buffer,15.0,46,25,8,17
0,Kalman,buffer,15.0,47,26,8,18
0,Kalman,buffer,15.0,48,73,57,16
0,Kalman,buffer,15.0,49,28,11,17
0,Kalman,buffer,20.0,0,17,6,11
0,Kalman,buffer,20.0,1,41,19,22
0,Kalman,buffer,20.0,2,22,6,16
0,Kalman,buffer,20.0,3,27,6,21
0,Kalman,buffer,20.0,4,47,29,18
0,Kalman,buffer,20.0,5,24,6,18
0,Kalman,buffer,20.0,6,34,12,22
0,Kalman,buffer,20.0,7,60,39,21
0,Kalman,buffer,20.0,8,63,41,22
0,Kalman,buffer,20.0,9,25,6,19
0,Kalman,buffer,20.0,10,32,10,22
0,Kalman,buffer,20.0,11,27,8,19
0,Kalman,buffer,20.0,12,81,61,20
0,Kalman,buffer,20.0,13,25,6,19
0,Kalman,buffer,20.0,14,36,14,22
0,Kalman,buffer,20.0,15,25,6,19
0,Kalman,buffer,20.0,16,78,56,22
0,Kalman,buffer,20.0,17,25,6,19
0,Kalman,buffer,20.0,18,22,6,16
0,Kalman,buffer,20.0,19,32,10,22
0,Kalman,buffer,20.0,20,26,6,20
0,Kalman,buffer,20.0,21,24,6,18
0,Kalman,buffer,20.0,22,25,6,19
0,Kalman,buffer,20.0,23,17,6,11
0,Kalman,buffer,20.0,24,27,6,21
0,Kalman,buffer,20.0,25,72,50,22
0,Kalman,buffer,20.0,26,17,6,11
0,Kalman,buffer,20.0,27,63,40,23
0,Kalman,buffer,20.0,28,60,39,21
0,Kalman,buffer,20.0,29,75,54,21
0,Kalman,buffer,20.0,30,35,14,21
0,Kalman,buffer,20.0,31,32,11,21
0,Kalman,buffer,20.0,32,38,14,24
0,Kalman,buffer,20.0,33,33,12,21
0,Kalman,buffer,20.0,34,28,9,19
0,Kalman,buffer,20.0,35,31,7,24
0,Kalman,buffer,20.0,36,23,6,17
0,Kalman,buffer,20.0,37,33,11,22
0,Kalman,buffer,20.0,38,32,7,25
0,Kalman,buffer,20.0,39,22,6,16
0,Kalman,buffer,20.0,40,21,6,15
0,Kalman,buffer,20.0,41,25,7,18
0,Kalman,buffer,20.0,42,41,20,21
0,Kalman,buffer,20.0,43,73,43,30
0,Kalman,buffer,20.0,44,17,6,11
0,Kalman,buffer,20.0,45,65,43,22
0,Kalman,buffer,20.0,46,25,6,19
0,Kalman,buffer,20.0,47,26,6,20
0,Kalman,buffer,20.0,48,73,50,23
0,Kalman,buffer,20.0,49,28,7,21
0,Kalman,crossing,5.0,0,17,12,5
0,Kalman,crossing,5.0,1,41,36,5
0,Kalman,crossing,5.0,2,22,17,5
0,Kalman,crossing,5.0,3,27,22,5
0,Kalman,crossing,5.0,4,47,42,5
0,Kalman,crossing,5.0,5,24,19,5
0,Kalman,crossing,5.0,6,34,29,5
0,Kalman,crossing,5.0,7,60,54,6
0,Kalman,crossing,5.0,8,63,58,5
0,Kalman,crossing,5.0,9,25,20,5
0,Kalman,crossing,5.0,10,32,27,5
0,Kalman,crossing,5.0,11,27,22,5
0,Kalman,crossing,5.0,12,81,76,5
0,Kalman,crossing,5.0,13,25,20,5
0,Kalman,crossing,5.0,14,36,31,5
0,Kalman,crossing,5.0,15,25,19,6
0,Kalman,crossing,5.0,16,78,72,6
0,Kalman,crossing,5.0,17,25,20,5
0,Kalman,crossing,5.0,18,22,17,5
0,Kalman,crossing,5.0,19,32,27,5
0,Kalman,crossing,5.0,20,26,20,6
0,Kalman,crossing,5.0,21,24,19,5
0,Kalman,crossing,5.0,22,25,20,5
0,Kalman,crossing,5.0,23,17,12,5
0,Kalman,crossing,5.0,24,27,22,5
0,Kalman,crossing,5.0,25,72,68,4
0,Kalman,crossing,5.0,26,17,12,5
0,Kalman,crossing,5.0,27,63,57,6
0,Kalman,crossing,5.0,28,60,54,6
0,Kalman,crossing,5.0,29,75,71,4
0,Kalman,crossing,5.0,30,35,30,5
0,Kalman,crossing,5.0,31,32,28,4
0,Kalman,crossing,5.0,32,38,33,5
0,Kalman,crossing,5.0,33,33,28,5
0,Kalman,crossing,5.0,34,28,23,5
0,Kalman,crossing,5.0,35,31,26,5
0,Kalman,crossing,5.0,36,23,18,5
0,Kalman,crossing,5.0,37,33,28,5
0,Kalman,crossing,5.0,38,32,27,5
0,Kalman,crossing,5.0,39,22,18,4
0,Kalman,crossing,5.0,40,21,16,5
0,Kalman,crossing,5.0,41,25,21,4
0,Kalman,crossing,5.0,42,41,36,5
0,Kalman,crossing,5.0,43,73,69,4
0,Kalman,crossing,5.0,44,17,12,5
0,Kalman,crossing,5.0,45,65,60,5
0,Kalman,crossing,5.0,46,25,20,5
0,Kalman,crossing,5.0,47,26,21,5
0,Kalman,crossing,5.0,48,73,68,5
0,Kalman,crossing,5.0,49,28,23,5
0,Kalman,crossing,10.0,0,17,6,11
0,Kalman,crossing,10.0,1,41,30,11
0,Kalman,crossing,10.0,2,22,12,10
0,Kalman,crossing,10.0,3,27,17,10
0,Kalman,crossing,10.0,4,47,37,10
0,Kalman,crossing,10.0,5,24,14,10
0,Kalman,crossing,10.0,6,34,25,9
0,Kalman,crossing,10.0,7,60,49,11
0,Kalman,crossing,10.0,8,63,52,11
0,Kalman,crossing,10.0,9,25,14,11
0,Kalman,crossing,10.0,10,32,22,10
0,Kalman,crossing,10.0,11,27,18,9
0,Kalman,crossing,10.0,12,81,71,10
0,Kalman,crossing,10.0,13,25,16,9
0,Kalman,crossing,10.0,14,36,26,10
0,Kalman,crossing,10.0,15,25,15,10
0,Kalman,crossing,10.0,16,78,68,10
0,Kalman,crossing,10.0,17,25,15,10
0,Kalman,crossing,10.0,18,22,13,9
0,Kalman,crossing,10.0,19,32,23,9
0,Kalman,crossing,10.0,20,26,17,9
0,Kalman,crossing,10.0,21,24,14,10
0,Kalman,crossing,10.0,22,25,15,10
0,Kalman,crossing,10.0,23,17,6,11
0,Kalman,crossing,10.0,24,27,17,10
0,Kalman,crossing,10.0,25,72,63,9
0,Kalman,crossing,10.0,26,17,8,9
0,Kalman,crossing,10.0,27,63,52,11
0,Kalman,crossing,10.0,28,60,48,12
0,Kalman,crossing,10.0,29,75,64,11
0,Kalman,crossing,10.0,30,35,25,10
0,Kalman,crossing,10.0,31,32,21,11
0,Kalman,crossing,10.0,32,38,27,11
0,Kalman,crossing,10.0,33,33,23,10
0,Kalman,crossing,10.0,34,28,17,11
0,Kalman,crossing,10.0,35,31,21,10
0,Kalman,crossing,10.0,36,23,12,11
0,Kalman,crossing,10.0,37,33,24,9
0,Kalman,crossing,10.0,38,32,22,10
0,Kalman,crossing,10.0,39,22,12,10
0,Kalman,crossing,10.0,40,21,12,9
0,Kalman,crossing,10.0,41,25,15,10
0,Kalman,crossing,10.0,42,41,31,10
0,Kalman,crossing,10.0,43,73,57,16
0,Kalman,crossing,10.0,44,17,7,10
0,Kalman,crossing,10.0,45,65,52,13
0,Kalman,crossing,10.0,46,25,16,9
0,Kalman,crossing,10.0,47,26,17,9
0,Kalman,crossing,10.0,48,73,62,11
0,Kalman,crossing,10.0,49,28,19,9
0,Kalman,crossing,15.0,0,17,6,11
0,Kalman,crossing,15.0,1,41,26,15
0,Kalman,crossing,15.0,2,22,8,14
0,Kalman,crossing,15.0,3,27,13,14
0,Kalman,crossing,15.0,4,47,34,13
0,Kalman,crossing,15.0,5,24,9,15
0,Kalman,crossing,15.0,6,34,19,15
0,Kalman,crossing,15.0,7,60,44,16
0,Kalman,crossing,15.0,8,63,47,16
0,Kalman,crossing,15.0,9,25,9,16
0,Kalman,crossing,15.0,10,32,15,17
0,Kalman,crossing,15.0,11,27,12,15
0,Kalman,crossing,15.0,12,81,66,15
0,Kalman,crossing,15.0,13,25,9,16
0,Kalman,crossing,15.0,14,36,20,16
0,Kalman,crossing,15.0,15,25,9,16
0,Kalman,crossing,15.0,16,78,63,15
0,Kalman,crossing,15.0,17,25,10,15
0,Kalman,crossing,15.0,18,22,8,14
0,Kalman,crossing,15.0,19,32,16,16
0,Kalman,crossing,15.0,20,26,11,15
0,Kalman,crossing,15.0,21,24,9,15
0,Kalman,crossing,15.0,22,25,9,16
0,Kalman,crossing,15.0,23,17,6,11
0,Kalman,crossing,15.0,24,27,13,14
0,Kalman,crossing,15.0,25,72,56,16
0,Kalman,crossing,15.0,26,17,6,11
0,Kalman,crossing,15.0,27,63,45,18
0,Kalman,crossing,15.0,28,60,42,18
0,Kalman,crossing,15.0,29,75,60,15
0,Kalman,crossing,15.0,30,35,19,16
0,Kalman,crossing,15.0,31,32,17,15
0,Kalman,crossing,15.0,32,38,20,18
0,Kalman,crossing,15.0,33,33,20,13
0,Kalman,crossing,15.0,34,28,12,16
0,Kalman,crossing,15.0,35,31,18,13
0,Kalman,crossing,15.0,36,23,11,12
0,Kalman,crossing,15.0,37,33,19,14
0,Kalman,crossing,15.0,38,32,15,17
0,Kalman,crossing,15.0,39,22,8,14
0,Kalman,crossing,15.0,40,21,6,15
0,Kalman,crossing,15.0,41,25,11,14
0,Kalman,crossing,15.0,42,41,24,17
0,Kalman,crossing,15.0,43,73,49,24
0,Kalman,crossing,15.0,44,17,6,11
0,Kalman,crossing,15.0,45,65,44,21
0,Kalman,crossing,15.0,46,25,9,16
0,Kalman,crossing,15.0,47,26,11,15
0,Kalman,crossing,15.0,48,73,58,15
0,Kalman,crossing,15.0,49,28,13,15
0,Kalman,crossing,20.0,0,17,6,11
0,Kalman,crossing,20.0,1,41,19,22
0,Kalman,crossing,20.0,2,22,6,16
0,Kalman,crossing,20.0,3,27,7,20
0,Kalman,crossing,20.0,4,47,31,16
0,Kalman,crossing,20.0,5,24,6,18
0,Kalman,crossing,20.0,6,34,13,21
0,Kalman,crossing,20.0,7,60,39,21
0,Kalman,crossing,20.0,8,63,41,22
0,Kalman,crossing,20.0,9,25,7,18
0,Kalman,crossing,20.0,10,32,10,22
0,Kalman,crossing,20.0,11,27,8,19
0,Kalman,crossing,20.0,12,81,61,20
0,Kalman,crossing,20.0,13,25,6,19
0,Kalman,crossing,20.0,14,36,14,22
0,Kalman,crossing,20.0,15,25,6,19
0,Kalman,crossing,20.0,16,78,58,20
0,Kalman,crossing,20.0,17,25,7,18
0,Kalman,crossing,20.0,18,22,6,16
0,Kalman,crossing,20.0,19,32,11,21
0,Kalman,crossing,20.0,20,26,6,20
0,Kalman,crossing,20.0,21,24,6,18
0,Kalman,crossing,20.0,22,25,6,19
0,Kalman,crossing,20.0,23,17,6,11
0,Kalman,crossing,20.0,24,27,7,20
0,Kalman,crossing,20.0,25,72,53,19
0,Kalman,crossing,20.0,26,17,6,11
0,Kalman,crossing,20.0,27,63,40,23
0,Kalman,crossing,20.0,28,60,39,21
0,Kalman,crossing,20.0,29,75,56,19
0,Kalman,crossing,20.0,30,35,16,19
0,Kalman,crossing,20.0,31,32,11,21
0,Kalman,crossing,20.0,32,38,15,23
0,Kalman,crossing,20.0,33,33,12,21
0,Kalman,crossing,20.0,34,28,9,19
0,Kalman,crossing,20.0,35,31,10,21
0,Kalman,crossing,20.0,36,23,6,17
0,Kalman,crossing,20.0,37,33,12,21
0,Kalman,crossing,20.0,38,32,11,21
0,Kalman,crossing,20.0,39,22,6,16
0,Kalman,crossing,20.0,40,21,6,15
0,Kalman,crossing,20.0,41,25,8,17
0,Kalman,crossing,20.0,42,41,21,20
0,Kalman,crossing,20.0,43,73,43,30
0,Kalman,crossing,20.0,44,17,6,11
0,Kalman,crossing,20.0,45,65,43,22
0,Kalman,crossing,20.0,46,25,6,19
0,Kalman,crossing,20.0,47,26,6,20
0,Kalman,crossing,20.0,48,73,50,23
0,Kalman,crossing,20.0,49,28,7,21
1,Reactive,zone,,0,23,21,2
1,Reactive,zone,,1,73,71,2
1,Reactive,zone,,2,33,32,1
1,Reactive,zone,,3,24,23,1
1,Reactive,zone,,4,62,60,2
1,Reactive,zone,,5,25,23,2
1,Reactive,zone,,6,26,24,2
1,Reactive,zone,,7,65,62,3
1,Reactive,zone,,8,25,23,2
1,Reactive,zone,,9,79,77,2
1,Reactive,zone,,10,65,62,3
1,Reactive,zone,,11,43,41,2
1,Reactive,zone,,12,39,37,2
1,Reactive,zone,,13,34,32,2
1,Reactive,zone,,14,24,22,2
1,Reactive,zone,,15,44,42,2
1,Reactive,zone,,16,60,58,2
1,Reactive,zone,,17,34,32,2
1,Reactive,zone,,18,37,35,2
1,Reactive,zone,,19,21,19,2
1,Reactive,zone,,20,28,27,1
1,Reactive,zone,,21,25,24,1
1,Reactive,zone,,22,27,25,2
1,Reactive,zone,,23,76,74,2
1,Reactive,zone,,24,63,61,2
1,Reactive,zone,,25,34,32,2
1,Reactive,zone,,26,60,59,1
1,Reactive,zone,,27,21,20,1
1,Reactive,zone,,28,43,41,2
1,Reactive,zone,,29,72,68,4
1,Reactive,zone,,30,43,41,2
1,Reactive,zone,,31,28,27,1
1,Reactive,zone,,32,25,23,2
1,Reactive,zone,,33,21,20,1
1,Reactive,zone,,34,41,39,2
1,Reactive,zone,,35,21,20,1
1,Reactive,zone,,36,69,66,3
1,Reactive,zone,,37,30,28,2
1,Reactive,zone,,38,37,35,2
1,Reactive,zone,,39,37,35,2
1,Reactive,zone,,40,26,25,1
1,Reactive,zone,,41,30,28,2
1,Reactive,zone,,42,33,31,2
1,Reactive,zone,,43,56,55,1
1,Reactive,zone,,44,60,59,1
1,Reactive,zone,,45,28,26,2
1,Reactive,zone,,46,17,16,1
1,Reactive,zone,,47,26,24,2
1,Reactive,zone,,48,36,34,2
1,Reactive,zone,,49,32,31,1
1,Analytic,buffer,5.0,0,23,16,7
1,Analytic,buffer,5.0,1,73,66,7
1,Analytic,buffer,5.0,2,33,27,6
1,Analytic,buffer,5.0,3,24,18,6
1,Analytic,buffer,5.0,4,62,55,7
1,Analytic,buffer,5.0,5,25,18,7
1,Analytic,buffer,5.0,6,26,19,7
1,Analytic,buffer,5.0,7,65,57,8
1,Analytic,buffer,5.0,8,25,19,6
1,Analytic,buffer,5.0,9,79,72,7
1,Analytic,buffer,5.0,10,65,57,8
1,Analytic,buffer,5.0,11,43,36,7
1,Analytic,buffer,5.0,12,39,32,7
1,Analytic,buffer,5.0,13,34,27,7
1,Analytic,buffer,5.0,14,24,17,7
1,Analytic,buffer,5.0,15,44,38,6
1,Analytic,buffer,5.0,16,60,53,7
1,Analytic,buffer,5.0,17,34,27,7
1,Analytic,buffer,5.0,18,37,31,6
1,Analytic,buffer,5.0,19,21,14,7
1,Analytic,buffer,5.0,20,28,22,6
1,Analytic,buffer,5.0,21,25,19,6
1,Analytic,buffer,5.0,22,27,21,6
1,Analytic,buffer,5.0,23,76,68,8
1,Analytic,buffer,5.0,24,63,54,9
1,Analytic,buffer,5.0,25,34,27,7
1,Analytic,buffer,5.0,26,60,53,7
1,Analytic,buffer,5.0,27,21,15,6
1,Analytic,buffer,5.0,28,43,36,7
1,Analytic,buffer,5.0,29,72,61,11
1,Analytic,buffer,5.0,30,43,36,7
1,Analytic,buffer,5.0,31,28,21,7
1,Analytic,buffer,5.0,32,25,18,7
1,Analytic,buffer,5.0,33,21,15,6
1,Analytic,buffer,5.0,34,41,34,7
1,Analytic,buffer,5.0,35,21,15,6
1,Analytic,buffer,5.0,36,69,61,8
1,Analytic,buffer,5.0,37,30,23,7
1,Analytic,buffer,5.0,38,37,30,7
1,Analytic,buffer,5.0,39,37,30,7
1,Analytic,buffer,5.0,40,26,21,5
1,Analytic,buffer,5.0,41,30,24,6
1,Analytic,buffer,5.0,42,33,26,7
1,Analytic,buffer,5.0,43,56,50,6
1,Analytic,buffer,5.0,44,60,53,7
1,Analytic,buffer,5.0,45,28,21,7
1,Analytic,buffer,5.0,46,17,11,6
1,Analytic,buffer,5.0,47,26,20,6
1,Analytic,buffer,5.0,48,36,29,7
1,Analytic,buffer,5.0,49,32,26,6
1,Analytic,buffer,10.0,0,23,12,11
1,Analytic,buffer,10.0,1,73,61,12
1,Analytic,buffer,10.0,2,33,21,12
1,Analytic,buffer,10.0,3,24,13,11
1,Analytic,buffer,10.0,4,62,49,13
1,Analytic,buffer,10.0,5,25,13,12
1,Analytic,buffer,10.0,6,26,14,12
1,Analytic,buffer,10.0,7,65,49,16
1,Analytic,buffer,10.0,8,25,14,11
1,Analytic,buffer,10.0,9,79,68,11
1,Analytic,buffer,10.0,10,65,52,13
1,Analytic,buffer,10.0,11,43,30,13
1,Analytic,buffer,10.0,12,39,27,12
1,Analytic,buffer,10.0,13,34,22,12
1,Analytic,buffer,10.0,14,24,11,13
1,Analytic,buffer,10.0,15,44,33,11
1,Analytic,buffer,10.0,16,60,47,13
1,Analytic,buffer,10.0,17,34,22,12
1,Analytic,buffer,10.0,18,37,24,13
1,Analytic,buffer,10.0,19,21,8,13
1,Analytic,buffer,10.0,20,28,17,11
1,Analytic,buffer,10.0,21,25,14,11
1,Analytic,buffer,10.0,22,27,15,12
1,Analytic,buffer,10.0,23,76,64,12
1,Analytic,buffer,10.0,24,63,46,17
1,Analytic,buffer,10.0,25,34,22,12
1,Analytic,buffer,10.0,26,60,48,12
1,Analytic,buffer,10.0,27,21,9,12
1,Analytic,buffer,10.0,28,43,31,12
1,Analytic,buffer,10.0,29,72,52,20
1,Analytic,buffer,10.0,30,43,31,12
1,Analytic,buffer,10.0,31,28,17,11
1,Analytic,buffer,10.0,32,25,14,11
1,Analytic,buffer,10.0,33,21,10,11
1,Analytic,buffer,10.0,34,41,29,12
1,Analytic,buffer,10.0,35,21,9,12
1,Analytic,buffer,10.0,36,69,55,14
1,Analytic,buffer,10.0,37,30,18,12
1,Analytic,buffer,10.0,38,37,25,12
1,Analytic,buffer,10.0,39,37,26,11
1,Analytic,buffer,10.0,40,26,15,11
1,Analytic,buffer,10.0,41,30,18,12
1,Analytic,buffer,10.0,42,33,21,12
1,Analytic,buffer,10.0,43,56,45,11
1,Analytic,buffer,10.0,44,60,47,13
1,Analytic,buffer,10.0,45,28,17,11
1,Analytic,buffer,10.0,46,17,6,11
1,Analytic,buffer,10.0,47,26,15,11
1,Analytic,buffer,10.0,48,36,24,12
1,Analytic,buffer,10.0,49,32,21,11
1,Analytic,buffer,15.0,0,23,7,16
1,Analytic,buffer,15.0,1,73,56,17
1,Analytic,buffer,15.0,2,33,16,17
1,Analytic,buffer,15.0,3,24,9,15
1,Analytic,buffer,15.0,4,62,43,19
1,Analytic,buffer,15.0,5,25,8,17
1,Analytic,buffer,15.0,6,26,8,18
1,Analytic,buffer,15.0,7,65,44,21
1,Analytic,buffer,15.0,8,25,8,17
1,Analytic,buffer,15.0,9,79,62,17
1,Analytic,buffer,15.0,10,65,45,20
1,Analytic,buffer,15.0,11,43,25,18
1,Analytic,buffer,15.0,12,39,20,19
1,Analytic,buffer,15.0,13,34,18,16
1,Analytic,buffer,15.0,14,24,7,17
1,Analytic,buffer,15.0,15,44,28,16
1,Analytic,buffer,15.0,16,60,42,18
1,Analytic,buffer,15.0,17,34,16,18
1,Analytic,buffer,15.0,18,37,20,17
1,Analytic,buffer,15.0,19,21,6,15
1,Analytic,buffer,15.0,20,28,13,15
1,Analytic,buffer,15.0,21,25,7,18
1,Analytic,buffer,15.0,22,27,11,16
1,Analytic,buffer,15.0,23,76,59,17
1,Analytic,buffer,15.0,24,63,42,21
1,Analytic,buffer,15.0,25,34,17,17
1,Analytic,buffer,15.0,26,60,42,18
1,Analytic,buffer,15.0,27,21,6,15
1,Analytic,buffer,15.0,28,43,27,16
1,Analytic,buffer,15.0,29,72,43,29
1,Analytic,buffer,15.0,30,43,26,17
1,Analytic,buffer,15.0,31,28,12,16
1,Analytic,buffer,15.0,32,25,8,17
1,Analytic,buffer,15.0,33,21,6,15
1,Analytic,buffer,15.0,34,41,25,16
1,Analytic,buffer,15.0,35,21,6,15
1,Analytic,buffer,15.0,36,69,45,24
1,Analytic,buffer,15.0,37,30,13,17
1,Analytic,buffer,15.0,38,37,21,16
1,Analytic,buffer,15.0,39,37,21,16
1,Analytic,buffer,15.0,40,26,10,16
1,Analytic,buffer,15.0,41,30,15,15
1,Analytic,buffer,15.0,42,33,17,16
1,Analytic,buffer,15.0,43,56,38,18
1,Analytic,buffer,15.0,44,60,42,18
1,Analytic,buffer,15.0,45,28,10,18
1,Analytic,buffer,15.0,46,17,6,11
1,Analytic,buffer,15.0,47,26,9,17
1,Analytic,buffer,15.0,48,36,17,19
1,Analytic,buffer,15.0,49,32,15,17
1,Analytic,buffer,20.0,0,23,6,17
1,Analytic,buffer,20.0,1,73,53,20
1,Analytic,buffer,20.0,2,33,12,21
1,Analytic,buffer,20.0,3,24,6,18
1,Analytic,buffer,20.0,4,62,40,22
1,Analytic,buffer,20.0,5,25,6,19
1,Analytic,buffer,20.0,6,26,6,20
1,Analytic,buffer,20.0,7,65,39,26
1,Analytic,buffer,20.0,8,25,6,19
1,Analytic,buffer,20.0,9,79,59,20
1,Analytic,buffer,20.0,10,65,39,26
1,Analytic,buffer,20.0,11,43,14,29
1,Analytic,buffer,20.0,12,39,14,25
1,Analytic,buffer,20.0,13,34,11,23
1,Analytic,buffer,20.0,14,24,6,18
1,Analytic,buffer,20.0,15,44,21,23
1,Analytic,buffer,20.0,16,60,35,25
1,Analytic,buffer,20.0,17,34,12,22
1,Analytic,buffer,20.0,18,37,15,22
1,Analytic,buffer,20.0,19,21,6,15
1,Analytic,buffer,20.0,20,28,9,19
1,Analytic,buffer,20.0,21,25,6,19
1,Analytic,buffer,20.0,22,27,6,21
1,Analytic,buffer,20.0,23,76,54,22
1,Analytic,buffer,20.0,24,63,36,27
1,Analytic,buffer,20.0,25,34,13,21
1,Analytic,buffer,20.0,26,60,38,22
1,Analytic,buffer,20.0,27,21,6,15
1,Analytic,buffer,20.0,28,43,21,22
1,Analytic,buffer,20.0,29,72,40,32
1,Analytic,buffer,20.0,30,43,23,20
1,Analytic,buffer,20.0,31,28,6,22
1,Analytic,buffer,20.0,32,25,6,19
1,Analytic,buffer,20.0,33,21,6,15
1,Analytic,buffer,20.0,34,41,19,22
1,Analytic,buffer,20.0,35,21,6,15
1,Analytic,buffer,20.0,36,69,39,30
1,Analytic,buffer,20.0,37,30,9,21
1,Analytic,buffer,20.0,38,37,15,22
1,Analytic,buffer,20.0,39,37,15,22
1,Analytic,buffer,20.0,40,26,6,20
1,Analytic,buffer,20.0,41,30,8,22
1,Analytic,buffer,20.0,42,33,11,22
1,Analytic,buffer,20.0,43,56,34,22
1,Analytic,buffer,20.0,44,60,36,24
1,Analytic,buffer,20.0,45,28,7,21
1,Analytic,buffer,20.0,46,17,6,11
1,Analytic,buffer,20.0,47,26,6,20
1,Analytic,buffer,20.0,48,36,13,23
1,Analytic,buffer,20.0,49,32,11,21
1,Analytic,crossing,5.0,0,23,18,5
1,Analytic,crossing,5.0,1,73,67,6
1,Analytic,crossing,5.0,2,33,28,5
1,Analytic,crossing,5.0,3,24,19,5
1,Analytic,crossing,5.0,4,62,57,5
1,Analytic,crossing,5.0,5,25,20,5
1,Analytic,crossing,5.0,6,26,21,5
1,Analytic,crossing,5.0,7,65,59,6
1,Analytic,crossing,5.0,8,25,20,5
1,Analytic,crossing,5.0,9,79,73,6
1,Analytic,crossing,5.0,10,65,59,6
1,Analytic,crossing,5.0,11,43,38,5
1,Analytic,crossing,5.0,12,39,34,5
1,Analytic,crossing,5.0,13,34,29,5
1,Analytic,crossing,5.0,14,24,19,5
1,Analytic,crossing,5.0,15,44,40,4
1,Analytic,crossing,5.0,16,60,54,6
1,Analytic,crossing,5.0,17,34,28,6
1,Analytic,crossing,5.0,18,37,32,5
1,Analytic,crossing,5.0,19,21,16,5
1,Analytic,crossing,5.0,20,28,23,5
1,Analytic,crossing,5.0,21,25,20,5
1,Analytic,crossing,5.0,22,27,23,4
1,Analytic,crossing,5.0,23,76,70,6
1,Analytic,crossing,5.0,24,63,57,6
1,Analytic,crossing,5.0,25,34,29,5
1,Analytic,crossing,5.0,26,60,55,5
1,Analytic,crossing,5.0,27,21,16,5
1,Analytic,crossing,5.0,28,43,38,5
1,Analytic,crossing,5.0,29,72,66,6
1,Analytic,crossing,5.0,30,43,38,5
1,Analytic,crossing,5.0,31,28,23,5
1,Analytic,crossing,5.0,32,25,20,5
1,Analytic,crossing,5.0,33,21,16,5
1,Analytic,crossing,5.0,34,41,36,5
1,Analytic,crossing,5.0,35,21,16,5
1,Analytic,crossing,5.0,36,69,65,4
1,Analytic,crossing,5.0,37,30,25,5
1,Analytic,crossing,5.0,38,37,32,5
1,Analytic,crossing,5.0,39,37,32,5
1,Analytic,crossing,5.0,40,26,22,4
1,Analytic,crossing,5.0,41,30,25,5
1,Analytic,crossing,5.0,42,33,28,5
1,Analytic,crossing,5.0,43,56,51,5
1,Analytic,crossing,5.0,44,60,55,5
1,Analytic,crossing,5.0,45,28,22,6
1,Analytic,crossing,5.0,46,17,12,5
1,Analytic,crossing,5.0,47,26,22,4
1,Analytic,crossing,5.0,48,36,31,5
1,Analytic,crossing,5.0,49,32,28,4
1,Analytic,crossing,10.0,0,23,14,9
1,Analytic,crossing,10.0,1,73,63,10
1,Analytic,crossing,10.0,2,33,23,10
1,Analytic,crossing,10.0,3,24,15,9
1,Analytic,crossing,10.0,4,62,51,11
1,Analytic,crossing,10.0,5,25,15,10
1,Analytic,crossing,10.0,6,26,15,11
1,Analytic,crossing,10.0,7,65,51,14
1,Analytic,crossing,10.0,8,25,16,9
1,Analytic,crossing,10.0,9,79,69,10
1,Analytic,crossing,10.0,10,65,54,11
1,Analytic,crossing,10.0,11,43,33,10
1,Analytic,crossing,10.0,12,39,29,10
1,Analytic,crossing,10.0,13,34,23,11
1,Analytic,crossing,10.0,14,24,13,11
1,Analytic,crossing,10.0,15,44,35,9
1,Analytic,crossing,10.0,16,60,49,11
1,Analytic,crossing,10.0,17,34,24,10
1,Analytic,crossing,10.0,18,37,28,9
1,Analytic,crossing,10.0,19,21,10,11
1,Analytic,crossing,10.0,20,28,18,10
1,Analytic,crossing,10.0,21,25,16,9
1,Analytic,crossing,10.0,22,27,17,10
1,Analytic,crossing,10.0,23,76,65,11
1,Analytic,crossing,10.0,24,63,48,15
1,Analytic,crossing,10.0,25,34,23,11
1,Analytic,crossing,10.0,26,60,49,11
1,Analytic,crossing,10.0,27,21,10,11
1,Analytic,crossing,10.0,28,43,34,9
1,Analytic,crossing,10.0,29,72,55,17
1,Analytic,crossing,10.0,30,43,34,9
1,Analytic,crossing,10.0,31,28,18,10
1,Analytic,crossing,10.0,32,25,15,10
1,Analytic,crossing,10.0,33,21,12,9
1,Analytic,crossing,10.0,34,41,32,9
1,Analytic,crossing,10.0,35,21,12,9
1,Analytic,crossing,10.0,36,69,58,11
1,Analytic,crossing,10.0,37,30,19,11
1,Analytic,crossing,10.0,38,37,27,10
1,Analytic,crossing,10.0,39,37,27,10
1,Analytic,crossing,10.0,40,26,16,10
1,Analytic,crossing,10.0,41,30,21,9
1,Analytic,crossing,10.0,42,33,23,10
1,Analytic,crossing,10.0,43,56,46,10
1,Analytic,crossing,10.0,44,60,49,11
1,Analytic,crossing,10.0,45,28,18,10
1,Analytic,crossing,10.0,46,17,8,9
1,Analytic,crossing,10.0,47,26,17,9
1,Analytic,crossing,10.0,48,36,25,11
1,Analytic,crossing,10.0,49,32,23,9
1,Analytic,crossing,15.0,0,23,8,15
1,Analytic,crossing,15.0,1,73,57,16
1,Analytic,crossing,15.0,2,33,17,16
1,Analytic,crossing,15.0,3,24,10,14
1,Analytic,crossing,15.0,4,62,46,16
1,Analytic,crossing,15.0,5,25,9,16
1,Analytic,crossing,15.0,6,26,11,15
1,Analytic,crossing,15.0,7,65,45,20
1,Analytic,crossing,15.0,8,25,9,16
1,Analytic,crossing,15.0,9,79,64,15
1,Analytic,crossing,15.0,10,65,46,19
1,Analytic,crossing,15.0,11,43,27,16
1,Analytic,crossing,15.0,12,39,23,16
1,Analytic,crossing,15.0,13,34,19,15
1,Analytic,crossing,15.0,14,24,9,15
1,Analytic,crossing,15.0,15,44,31,13
1,Analytic,crossing,15.0,16,60,44,16
1,Analytic,crossing,15.0,17,34,17,17
1,Analytic,crossing,15.0,18,37,22,15
1,Analytic,crossing,15.0,19,21,6,15
1,Analytic,crossing,15.0,20,28,14,14
1,Analytic,crossing,15.0,21,25,8,17
1,Analytic,crossing,15.0,22,27,13,14
1,Analytic,crossing,15.0,23,76,61,15
1,Analytic,crossing,15.0,24,63,43,20
1,Analytic,crossing,15.0,25,34,19,15
1,Analytic,crossing,15.0,26,60,43,17
1,Analytic,crossing,15.0,27,21,6,15
1,Analytic,crossing,15.0,28,43,28,15
1,Analytic,crossing,15.0,29,72,46,26
1,Analytic,crossing,15.0,30,43,28,15
1,Analytic,crossing,15.0,31,28,13,15
1,Analytic,crossing,15.0,32,25,10,15
1,Analytic,crossing,15.0,33,21,7,14
1,Analytic,crossing,15.0,34,41,27,14
1,Analytic,crossing,15.0,35,21,6,15
1,Analytic,crossing,15.0,36,69,48,21
1,Analytic,crossing,15.0,37,30,14,16
1,Analytic,crossing,15.0,38,37,23,14
1,Analytic,crossing,15.0,39,37,22,15
1,Analytic,crossing,15.0,40,26,13,13
1,Analytic,crossing,15.0,41,30,16,14
1,Analytic,crossing,15.0,42,33,18,15
1,Analytic,crossing,15.0,43,56,40,16
1,Analytic,crossing,15.0,44,60,43,17
1,Analytic,crossing,15.0,45,28,15,13
1,Analytic,crossing,15.0,46,17,6,11
1,Analytic,crossing,15.0,47,26,11,15
1,Analytic,crossing,15.0,48,36,19,17
1,Analytic,crossing,15.0,49,32,17,15
1,Analytic,crossing,20.0,0,23,6,17
1,Analytic,crossing,20.0,1,73,54,19
1,Analytic,crossing,20.0,2,33,13,20
1,Analytic,crossing,20.0,3,24,6,18
1,Analytic,crossing,20.0,4,62,40,22
1,Analytic,crossing,20.0,5,25,6,19
1,Analytic,crossing,20.0,6,26,6,20
1,Analytic,crossing,20.0,7,65,40,25
1,Analytic,crossing,20.0,8,25,6,19
1,Analytic,crossing,20.0,9,79,60,19
1,Analytic,crossing,20.0,10,65,40,25
1,Analytic,crossing,20.0,11,43,21,22
1,Analytic,crossing,20.0,12,39,17,22
1,Analytic,crossing,20.0,13,34,13,21
1,Analytic,crossing,20.0,14,24,6,18
1,Analytic,crossing,20.0,15,44,25,19
1,Analytic,crossing,20.0,16,60,36,24
1,Analytic,crossing,20.0,17,34,14,20
1,Analytic,crossing,20.0,18,37,17,20
1,Analytic,crossing,20.0,19,21,6,15
1,Analytic,crossing,20.0,20,28,10,18
1,Analytic,crossing,20.0,21,25,6,19
1,Analytic,crossing,20.0,22,27,10,17
1,Analytic,crossing,20.0,23,76,55,21
1,Analytic,crossing,20.0,24,63,39,24
1,Analytic,crossing,20.0,25,34,14,20
1,Analytic,crossing,20.0,26,60,39,21
1,Analytic,crossing,20.0,27,21,6,15
1,Analytic,crossing,20.0,28,43,22,21
1,Analytic,crossing,20.0,29,72,41,31
1,Analytic,crossing,20.0,30,43,25,18
1,Analytic,crossing,20.0,31,28,9,19
1,Analytic,crossing,20.0,32,25,6,19
1,Analytic,crossing,20.0,33,21,6,15
1,Analytic,crossing,20.0,34,41,20,21
1,Analytic,crossing,20.0,35,21,6,15
1,Analytic,crossing,20.0,36,69,39,30
1,Analytic,crossing,20.0,37,30,11,19
1,Analytic,crossing,20.0,38,37,16,21
1,Analytic,crossing,20.0,39,37,17,20
1,Analytic,crossing,20.0,40,26,6,20
1,Analytic,crossing,20.0,41,30,11,19
1,Analytic,crossing,20.0,42,33,13,20
1,Analytic,crossing,20.0,43,56,34,22
1,Analytic,crossing,20.0,44,60,37,23
1,Analytic,crossing,20.0,45,28,8,20
1,Analytic,crossing,20.0,46,17,6,11
1,Analytic,crossing,20.0,47,26,6,20
1,Analytic,crossing,20.0,48,36,14,22
1,Analytic,crossing,20.0,49,32,11,21
1,LSTM,buffer,5.0,0,23,17,6
1,LSTM,buffer,5.0,1,73,67,6
1,LSTM,buffer,5.0,2,33,27,6
1,LSTM,buffer,5.0,3,24,18,6
1,LSTM,buffer,5.0,4,62,56,6
1,LSTM,buffer,5.0,5,25,19,6
1,LSTM,buffer,5.0,6,26,19,7
1,LSTM,buffer,5.0,7,65,58,7
1,LSTM,buffer,5.0,8,25,19,6
1,LSTM,buffer,5.0,9,79,72,7
1,LSTM,buffer,5.0,10,65,58,7
1,LSTM,buffer,5.0,11,43,37,6
1,LSTM,buffer,5.0,12,39,32,7
1,LSTM,buffer,5.0,13,34,28,6
1,LSTM,buffer,5.0,14,24,18,6
1,LSTM,buffer,5.0,15,44,39,5
1,LSTM,buffer,5.0,16,60,53,7
1,LSTM,buffer,5.0,17,34,27,7
1,LSTM,buffer,5.0,18,37,31,6
1,LSTM,buffer,5.0,19,21,14,7
1,LSTM,buffer,5.0,20,28,22,6
1,LSTM,buffer,5.0,21,25,19,6
1,LSTM,buffer,5.0,22,27,22,5
1,LSTM,buffer,5.0,23,76,69,7
1,LSTM,buffer,5.0,24,63,58,5
1,LSTM,buffer,5.0,25,34,28,6
1,LSTM,buffer,5.0,26,60,54,6
1,LSTM,buffer,5.0,27,21,15,6
1,LSTM,buffer,5.0,28,43,37,6
1,LSTM,buffer,5.0,29,72,67,5
1,LSTM,buffer,5.0,30,43,36,7
1,LSTM,buffer,5.0,31,28,22,6
1,LSTM,buffer,5.0,32,25,19,6
1,LSTM,buffer,5.0,33,21,15,6
1,LSTM,buffer,5.0,34,41,35,6
1,LSTM,buffer,5.0,35,21,16,5
1,LSTM,buffer,5.0,36,69,64,5
1,LSTM,buffer,5.0,37,30,24,6
1,LSTM,buffer,5.0,38,37,30,7
1,LSTM,buffer,5.0,39,37,31,6
1,LSTM,buffer,5.0,40,26,21,5
1,LSTM,buffer,5.0,41,30,24,6
1,LSTM,buffer,5.0,42,33,27,6
1,LSTM,buffer,5.0,43,56,50,6
1,LSTM,buffer,5.0,44,60,54,6
1,LSTM,buffer,5.0,45,28,21,7
1,LSTM,buffer,5.0,46,17,11,6
1,LSTM,buffer,5.0,47,26,21,5
1,LSTM,buffer,5.0,48,36,30,6
1,LSTM,buffer,5.0,49,32,26,6
1,LSTM,buffer,10.0,0,23,14,9
1,LSTM,buffer,10.0,1,73,64,9
1,LSTM,buffer,10.0,2,33,23,10
1,LSTM,buffer,10.0,3,24,14,10
1,LSTM,buffer,10.0,4,62,51,11
1,LSTM,buffer,10.0,5,25,14,11
1,LSTM,buffer,10.0,6,26,16,10
1,LSTM,buffer,10.0,7,65,55,10
1,LSTM,buffer,10.0,8,25,14,11
1,LSTM,buffer,10.0,9,79,69,10
1,LSTM,buffer,10.0,10,65,53,12
1,LSTM,buffer,10.0,11,43,34,9
1,LSTM,buffer,10.0,12,39,29,10
1,LSTM,buffer,10.0,13,34,22,12
1,LSTM,buffer,10.0,14,24,12,12
1,LSTM,buffer,10.0,15,44,35,9
1,LSTM,buffer,10.0,16,60,49,11
1,LSTM,buffer,10.0,17,34,24,10
1,LSTM,buffer,10.0,18,37,28,9
1,LSTM,buffer,10.0,19,21,11,10
1,LSTM,buffer,10.0,20,28,18,10
1,LSTM,buffer,10.0,21,25,14,11
1,LSTM,buffer,10.0,22,27,18,9
1,LSTM,buffer,10.0,23,76,65,11
1,LSTM,buffer,10.0,24,63,58,5
1,LSTM,buffer,10.0,25,34,23,11
1,LSTM,buffer,10.0,26,60,49,11
1,LSTM,buffer,10.0,27,21,11,10
1,LSTM,buffer,10.0,28,43,34,9
1,LSTM,buffer,10.0,29,72,67,5
1,LSTM,buffer,10.0,30,43,33,10
1,LSTM,buffer,10.0,31,28,18,10
1,LSTM,buffer,10.0,32,25,14,11
1,LSTM,buffer,10.0,33,21,11,10
1,LSTM,buffer,10.0,34,41,32,9
1,LSTM,buffer,10.0,35,21,12,9
1,LSTM,buffer,10.0,36,69,63,6
1,LSTM,buffer,10.0,37,30,19,11
1,LSTM,buffer,10.0,38,37,27,10
1,LSTM,buffer,10.0,39,37,26,11
1,LSTM,buffer,10.0,40,26,15,11
1,LSTM,buffer,10.0,41,30,21,9
1,LSTM,buffer,10.0,42,33,22,11
1,LSTM,buffer,10.0,43,56,47,9
1,LSTM,buffer,10.0,44,60,50,10
1,LSTM,buffer,10.0,45,28,18,10
1,LSTM,buffer,10.0,46,17,7,10
1,LSTM,buffer,10.0,47,26,18,8
1,LSTM,buffer,10.0,48,36,25,11
1,LSTM,buffer,10.0,49,32,22,10
1,LSTM,buffer,15.0,0,23,9,14
1,LSTM,buffer,15.0,1,73,60,13
1,LSTM,buffer,15.0,2,33,18,15
1,LSTM,buffer,15.0,3,24,11,13
1,LSTM,buffer,15.0,4,62,47,15
1,LSTM,buffer,15.0,5,25,11,14
1,LSTM,buffer,15.0,6,26,11,15
1,LSTM,buffer,15.0,7,65,47,18
1,LSTM,buffer,15.0,8,25,9,16
1,LSTM,buffer,15.0,9,79,66,13
1,LSTM,buffer,15.0,10,65,49,16
1,LSTM,buffer,15.0,11,43,30,13
1,LSTM,buffer,15.0,12,39,25,14
1,LSTM,buffer,15.0,13,34,19,15
1,LSTM,buffer,15.0,14,24,7,17
1,LSTM,buffer,15.0,15,44,33,11
1,LSTM,buffer,15.0,16,60,46,14
1,LSTM,buffer,15.0,17,34,18,16
1,LSTM,buffer,15.0,18,37,23,14
1,LSTM,buffer,15.0,19,21,6,15
1,LSTM,buffer,15.0,20,28,14,14
1,LSTM,buffer,15.0,21,25,7,18
1,LSTM,buffer,15.0,22,27,17,10
1,LSTM,buffer,15.0,23,76,63,13
1,LSTM,buffer,15.0,24,63,50,13
1,LSTM,buffer,15.0,25,34,20,14
1,LSTM,buffer,15.0,26,60,46,14
1,LSTM,buffer,15.0,27,21,7,14
1,LSTM,buffer,15.0,28,43,32,11
1,LSTM,buffer,15.0,29,72,53,19
1,LSTM,buffer,15.0,30,43,31,12
1,LSTM,buffer,15.0,31,28,15,13
1,LSTM,buffer,15.0,32,25,10,15
1,LSTM,buffer,15.0,33,21,9,12
1,LSTM,buffer,15.0,34,41,28,13
1,LSTM,buffer,15.0,35,21,8,13
1,LSTM,buffer,15.0,36,69,63,6
1,LSTM,buffer,15.0,37,30,16,14
1,LSTM,buffer,15.0,38,37,23,14
1,LSTM,buffer,15.0,39,37,23,14
1,LSTM,buffer,15.0,40,26,13,13
1,LSTM,buffer,15.0,41,30,17,13
1,LSTM,buffer,15.0,42,33,18,15
1,LSTM,buffer,15.0,43,56,42,14
1,LSTM,buffer,15.0,44,60,45,15
1,LSTM,buffer,15.0,45,28,15,13
1,LSTM,buffer,15.0,46,17,6,11
1,LSTM,buffer,15.0,47,26,17,9
1,LSTM,buffer,15.0,48,36,22,14
1,LSTM,buffer,15.0,49,32,17,15
1,LSTM,buffer,20.0,0,23,6,17
1,LSTM,buffer,20.0,1,73,54,19
1,LSTM,buffer,20.0,2,33,15,18
1,LSTM,buffer,20.0,3,24,7,17
1,LSTM,buffer,20.0,4,62,43,19
1,LSTM,buffer,20.0,5,25,6,19
1,LSTM,buffer,20.0,6,26,7,19
1,LSTM,buffer,20.0,7,65,43,22
1,LSTM,buffer,20.0,8,25,6,19
1,LSTM,buffer,20.0,9,79,64,15
1,LSTM,buffer,20.0,10,65,45,20
1,LSTM,buffer,20.0,11,43,26,17
1,LSTM,buffer,20.0,12,39,21,18
1,LSTM,buffer,20.0,13,34,14,20
1,LSTM,buffer,20.0,14,24,6,18
1,LSTM,buffer,20.0,15,44,31,13
1,LSTM,buffer,20.0,16,60,41,19
1,LSTM,buffer,20.0,17,34,14,20
1,LSTM,buffer,20.0,18,37,20,17
1,LSTM,buffer,20.0,19,21,6,15
1,LSTM,buffer,20.0,20,28,11,17
1,LSTM,buffer,20.0,21,25,6,19
1,LSTM,buffer,20.0,22,27,17,10
1,LSTM,buffer,20.0,23,76,59,17
1,LSTM,buffer,20.0,24,63,41,22
1,LSTM,buffer,20.0,25,34,17,17
1,LSTM,buffer,20.0,26,60,42,18
1,LSTM,buffer,20.0,27,21,6,15
1,LSTM,buffer,20.0,28,43,28,15
1,LSTM,buffer,20.0,29,72,43,29
1,LSTM,buffer,20.0,30,43,27,16
1,LSTM,buffer,20.0,31,28,11,17
1,LSTM,buffer,20.0,32,25,6,19
1,LSTM,buffer,20.0,33,21,6,15
1,LSTM,buffer,20.0,34,41,27,14
1,LSTM,buffer,20.0,35,21,6,15
1,LSTM,buffer,20.0,36,69,46,23
1,LSTM,buffer,20.0,37,30,13,17
1,LSTM,buffer,20.0,38,37,21,16
1,LSTM,buffer,20.0,39,37,20,17
1,LSTM,buffer,20.0,40,26,11,15
1,LSTM,buffer,20.0,41,30,15,15
1,LSTM,buffer,20.0,42,33,15,18
1,LSTM,buffer,20.0,43,56,39,17
1,LSTM,buffer,20.0,44,60,42,18
1,LSTM,buffer,20.0,45,28,13,15
1,LSTM,buffer,20.0,46,17,6,11
1,LSTM,buffer,20.0,47,26,17,9
1,LSTM,buffer,20.0,48,36,19,17
1,LSTM,buffer,20.0,49,32,15,17
1,LSTM,crossing,5.0,0,23,18,5
1,LSTM,crossing,5.0,1,73,68,5
1,LSTM,crossing,5.0,2,33,28,5
1,LSTM,crossing,5.0,3,24,19,5
1,LSTM,crossing,5.0,4,62,58,4
1,LSTM,crossing,5.0,5,25,20,5
1,LSTM,crossing,5.0,6,26,20,6
1,LSTM,crossing,5.0,7,65,62,3
1,LSTM,crossing,5.0,8,25,20,5
1,LSTM,crossing,5.0,9,79,74,5
1,LSTM,crossing,5.0,10,65,61,4
1,LSTM,crossing,5.0,11,43,38,5
1,LSTM,crossing,5.0,12,39,35,4
1,LSTM,crossing,5.0,13,34,29,5
1,LSTM,crossing,5.0,14,24,19,5
1,LSTM,crossing,5.0,15,44,41,3
1,LSTM,crossing,5.0,16,60,56,4
1,LSTM,crossing,5.0,17,34,29,5
1,LSTM,crossing,5.0,18,37,32,5
1,LSTM,crossing,5.0,19,21,17,4
1,LSTM,crossing,5.0,20,28,23,5
1,LSTM,crossing,5.0,21,25,20,5
1,LSTM,crossing,5.0,22,27,23,4
1,LSTM,crossing,5.0,23,76,71,5
1,LSTM,crossing,5.0,24,63,61,2
1,LSTM,crossing,5.0,25,34,29,5
1,LSTM,crossing,5.0,26,60,56,4
1,LSTM,crossing,5.0,27,21,17,4
1,LSTM,crossing,5.0,28,43,39,4
1,LSTM,crossing,5.0,29,72,72,0
1,LSTM,crossing,5.0,30,43,38,5
1,LSTM,crossing,5.0,31,28,24,4
1,LSTM,crossing,5.0,32,25,20,5
1,LSTM,crossing,5.0,33,21,17,4
1,LSTM,crossing,5.0,34,41,37,4
1,LSTM,crossing,5.0,35,21,17,4
1,LSTM,crossing,5.0,36,69,66,3
1,LSTM,crossing,5.0,37,30,25,5
1,LSTM,crossing,5.0,38,37,32,5
1,LSTM,crossing,5.0,39,37,33,4
1,LSTM,crossing,5.0,40,26,22,4
1,LSTM,crossing,5.0,41,30,25,5
1,LSTM,crossing,5.0,42,33,29,4
1,LSTM,crossing,5.0,43,56,52,4
1,LSTM,crossing,5.0,44,60,56,4
1,LSTM,crossing,5.0,45,28,23,5
1,LSTM,crossing,5.0,46,17,12,5
1,LSTM,crossing,5.0,47,26,22,4
1,LSTM,crossing,5.0,48,36,31,5
1,LSTM,crossing,5.0,49,32,28,4
1,LSTM,crossing,10.0,0,23,15,8
1,LSTM,crossing,10.0,1,73,65,8
1,LSTM,crossing,10.0,2,33,25,8
1,LSTM,crossing,10.0,3,24,16,8
1,LSTM,crossing,10.0,4,62,53,9
1,LSTM,crossing,10.0,5,25,16,9
1,LSTM,crossing,10.0,6,26,17,9
1,LSTM,crossing,10.0,7,65,59,6
1,LSTM,crossing,10.0,8,25,16,9
1,LSTM,crossing,10.0,9,79,70,9
1,LSTM,crossing,10.0,10,65,57,8
1,LSTM,crossing,10.0,11,43,35,8
1,LSTM,crossing,10.0,12,39,32,7
1,LSTM,crossing,10.0,13,34,24,10
1,LSTM,crossing,10.0,14,24,15,9
1,LSTM,crossing,10.0,15,44,38,6
1,LSTM,crossing,10.0,16,60,51,9
1,LSTM,crossing,10.0,17,34,24,10
1,LSTM,crossing,10.0,18,37,28,9
1,LSTM,crossing,10.0,19,21,12,9
1,LSTM,crossing,10.0,20,28,20,8
1,LSTM,crossing,10.0,21,25,16,9
1,LSTM,crossing,10.0,22,27,20,7
1,LSTM,crossing,10.0,23,76,67,9
1,LSTM,crossing,10.0,24,63,61,2
1,LSTM,crossing,10.0,25,34,24,10
1,LSTM,crossing,10.0,26,60,51,9
1,LSTM,crossing,10.0,27,21,12,9
1,LSTM,crossing,10.0,28,43,35,8
1,LSTM,crossing,10.0,29,72,72,0
1,LSTM,crossing,10.0,30,43,35,8
1,LSTM,crossing,10.0,31,28,18,10
1,LSTM,crossing,10.0,32,25,15,10
1,LSTM,crossing,10.0,33,21,13,8
1,LSTM,crossing,10.0,34,41,33,8
1,LSTM,crossing,10.0,35,21,13,8
1,LSTM,crossing,10.0,36,69,66,3
1,LSTM,crossing,10.0,37,30,20,10
1,LSTM,crossing,10.0,38,37,28,9
1,LSTM,crossing,10.0,39,37,28,9
1,LSTM,crossing,10.0,40,26,19,7
1,LSTM,crossing,10.0,41,30,22,8
1,LSTM,crossing,10.0,42,33,23,10
1,LSTM,crossing,10.0,43,56,48,8
1,LSTM,crossing,10.0,44,60,51,9
1,LSTM,crossing,10.0,45,28,20,8
1,LSTM,crossing,10.0,46,17,8,9
1,LSTM,crossing,10.0,47,26,19,7
1,LSTM,crossing,10.0,48,36,27,9
1,LSTM,crossing,10.0,49,32,25,7
1,LSTM,crossing,15.0,0,23,10,13
1,LSTM,crossing,15.0,1,73,61,12
1,LSTM,crossing,15.0,2,33,20,13
1,LSTM,crossing,15.0,3,24,11,13
1,LSTM,crossing,15.0,4,62,50,12
1,LSTM,crossing,15.0,5,25,12,13
1,LSTM,crossing,15.0,6,26,12,14
1,LSTM,crossing,15.0,7,65,52,13
1,LSTM,crossing,15.0,8,25,12,13
1,LSTM,crossing,15.0,9,79,68,11
1,LSTM,crossing,15.0,10,65,52,13
1,LSTM,crossing,15.0,11,43,31,12
1,LSTM,crossing,15.0,12,39,28,11
1,LSTM,crossing,15.0,13,34,19,15
1,LSTM,crossing,15.0,14,24,9,15
1,LSTM,crossing,15.0,15,44,35,9
1,LSTM,crossing,15.0,16,60,49,11
1,LSTM,crossing,15.0,17,34,19,15
1,LSTM,crossing,15.0,18,37,26,11
1,LSTM,crossing,15.0,19,21,8,13
1,LSTM,crossing,15.0,20,28,17,11
1,LSTM,crossing,15.0,21,25,13,12
1,LSTM,crossing,15.0,22,27,18,9
1,LSTM,crossing,15.0,23,76,63,13
1,LSTM,crossing,15.0,24,63,61,2
1,LSTM,crossing,15.0,25,34,22,12
1,LSTM,crossing,15.0,26,60,48,12
1,LSTM,crossing,15.0,27,21,9,12
1,LSTM,crossing,15.0,28,43,33,10
1,LSTM,crossing,15.0,29,72,72,0
1,LSTM,crossing,15.0,30,43,32,11
1,LSTM,crossing,15.0,31,28,15,13
1,LSTM,crossing,15.0,32,25,13,12
1,LSTM,crossing,15.0,33,21,9,12
1,LSTM,crossing,15.0,34,41,29,12
1,LSTM,crossing,15.0,35,21,10,11
1,LSTM,crossing,15.0,36,69,66,3
1,LSTM,crossing,15.0,37,30,18,12
1,LSTM,crossing,15.0,38,37,25,12
1,LSTM,crossing,15.0,39,37,26,11
1,LSTM,crossing,15.0,40,26,14,12
1,LSTM,crossing,15.0,41,30,18,12
1,LSTM,crossing,15.0,42,33,21,12
1,LSTM,crossing,15.0,43,56,45,11
1,LSTM,crossing,15.0,44,60,48,12
1,LSTM,crossing,15.0,45,28,16,12
1,LSTM,crossing,15.0,46,17,6,11
1,LSTM,crossing,15.0,47,26,18,8
1,LSTM,crossing,15.0,48,36,25,11
1,LSTM,crossing,15.0,49,32,18,14
1,LSTM,crossing,20.0,0,23,8,15
1,LSTM,crossing,20.0,1,73,57,16
1,LSTM,crossing,20.0,2,33,16,17
1,LSTM,crossing,20.0,3,24,8,16
1,LSTM,crossing,20.0,4,62,46,16
1,LSTM,crossing,20.0,5,25,7,18
1,LSTM,crossing,20.0,6,26,8,18
1,LSTM,crossing,20.0,7,65,45,20
1,LSTM,crossing,20.0,8,25,7,18
1,LSTM,crossing,20.0,9,79,65,14
1,LSTM,crossing,20.0,10,65,47,18
1,LSTM,crossing,20.0,11,43,29,14
1,LSTM,crossing,20.0,12,39,27,12
1,LSTM,crossing,20.0,13,34,17,17
1,LSTM,crossing,20.0,14,24,6,18
1,LSTM,crossing,20.0,15,44,33,11
1,LSTM,crossing,20.0,16,60,44,16
1,LSTM,crossing,20.0,17,34,15,19
1,LSTM,crossing,20.0,18,37,23,14
1,LSTM,crossing,20.0,19,21,6,15
1,LSTM,crossing,20.0,20,28,14,14
1,LSTM,crossing,20.0,21,25,6,19
1,LSTM,crossing,20.0,22,27,18,9
1,LSTM,crossing,20.0,23,76,61,15
1,LSTM,crossing,20.0,24,63,43,20
1,LSTM,crossing,20.0,25,34,20,14
1,LSTM,crossing,20.0,26,60,43,17
1,LSTM,crossing,20.0,27,21,6,15
1,LSTM,crossing,20.0,28,43,31,12
1,LSTM,crossing,20.0,29,72,53,19
1,LSTM,crossing,20.0,30,43,31,12
1,LSTM,crossing,20.0,31,28,14,14
1,LSTM,crossing,20.0,32,25,9,16
1,LSTM,crossing,20.0,33,21,6,15
1,LSTM,crossing,20.0,34,41,29,12
1,LSTM,crossing,20.0,35,21,6,15
1,LSTM,crossing,20.0,36,69,66,3
1,LSTM,crossing,20.0,37,30,13,17
1,LSTM,crossing,20.0,38,37,23,14
1,LSTM,crossing,20.0,39,37,22,15
1,LSTM,crossing,20.0,40,26,13,13
1,LSTM,crossing,20.0,41,30,15,15
1,LSTM,crossing,20.0,42,33,16,17
1,LSTM,crossing,20.0,43,56,39,17
1,LSTM,crossing,20.0,44,60,43,17
1,LSTM,crossing,20.0,45,28,15,13
1,LSTM,crossing,20.0,46,17,6,11
1,LSTM,crossing,20.0,47,26,18,8
1,LSTM,crossing,20.0,48,36,22,14
1,LSTM,crossing,20.0,49,32,16,16
1,ConstVel,buffer,5.0,0,23,16,7
1,ConstVel,buffer,5.0,1,73,66,7
1,ConstVel,buffer,5.0,2,33,27,6
1,ConstVel,buffer,5.0,3,24,17,7
1,ConstVel,buffer,5.0,4,62,55,7
1,ConstVel,buffer,5.0,5,25,19,6
1,ConstVel,buffer,5.0,6,26,19,7
1,ConstVel,buffer,5.0,7,65,57,8
1,ConstVel,buffer,5.0,8,25,19,6
1,ConstVel,buffer,5.0,9,79,71,8
1,ConstVel,buffer,5.0,10,65,57,8
1,ConstVel,buffer,5.0,11,43,35,8
1,ConstVel,buffer,5.0,12,39,32,7
1,ConstVel,buffer,5.0,13,34,27,7
1,ConstVel,buffer,5.0,14,24,16,8
1,ConstVel,buffer,5.0,15,44,38,6
1,ConstVel,buffer,5.0,16,60,53,7
1,ConstVel,buffer,5.0,17,34,27,7
1,ConstVel,buffer,5.0,18,37,31,6
1,ConstVel,buffer,5.0,19,21,14,7
1,ConstVel,buffer,5.0,20,28,22,6
1,ConstVel,buffer,5.0,21,25,19,6
1,ConstVel,buffer,5.0,22,27,22,5
1,ConstVel,buffer,5.0,23,76,69,7
1,ConstVel,buffer,5.0,24,63,55,8
1,ConstVel,buffer,5.0,25,34,27,7
1,ConstVel,buffer,5.0,26,60,54,6
1,ConstVel,buffer,5.0,27,21,15,6
1,ConstVel,buffer,5.0,28,43,36,7
1,ConstVel,buffer,5.0,29,72,62,10
1,ConstVel,buffer,5.0,30,43,35,8
1,ConstVel,buffer,5.0,31,28,22,6
1,ConstVel,buffer,5.0,32,25,17,8
1,ConstVel,buffer,5.0,33,21,15,6
1,ConstVel,buffer,5.0,34,41,33,8
1,ConstVel,buffer,5.0,35,21,14,7
1,ConstVel,buffer,5.0,36,69,62,7
1,ConstVel,buffer,5.0,37,30,24,6
1,ConstVel,buffer,5.0,38,37,30,7
1,ConstVel,buffer,5.0,39,37,30,7
1,ConstVel,buffer,5.0,40,26,20,6
1,ConstVel,buffer,5.0,41,30,24,6
1,ConstVel,buffer,5.0,42,33,26,7
1,ConstVel,buffer,5.0,43,56,50,6
1,ConstVel,buffer,5.0,44,60,53,7
1,ConstVel,buffer,5.0,45,28,21,7
1,ConstVel,buffer,5.0,46,17,11,6
1,ConstVel,buffer,5.0,47,26,20,6
1,ConstVel,buffer,5.0,48,36,28,8
1,ConstVel,buffer,5.0,49,32,26,6
1,ConstVel,buffer,10.0,0,23,12,11
1,ConstVel,buffer,10.0,1,73,61,12
1,ConstVel,buffer,10.0,2,33,21,12
1,ConstVel,buffer,10.0,3,24,14,10
1,ConstVel,buffer,10.0,4,62,50,12
1,ConstVel,buffer,10.0,5,25,14,11
1,ConstVel,buffer,10.0,6,26,15,11
1,ConstVel,buffer,10.0,7,65,49,16
1,ConstVel,buffer,10.0,8,25,14,11
1,ConstVel,buffer,10.0,9,79,68,11
1,ConstVel,buffer,10.0,10,65,52,13
1,ConstVel,buffer,10.0,11,43,31,12
1,ConstVel,buffer,10.0,12,39,27,12
1,ConstVel,buffer,10.0,13,34,22,12
1,ConstVel,buffer,10.0,14,24,11,13
1,ConstVel,buffer,10.0,15,44,31,13
1,ConstVel,buffer,10.0,16,60,46,14
1,ConstVel,buffer,10.0,17,34,19,15
1,ConstVel,buffer,10.0,18,37,25,12
1,ConstVel,buffer,10.0,19,21,8,13
1,ConstVel,buffer,10.0,20,28,14,14
1,ConstVel,buffer,10.0,21,25,14,11
1,ConstVel,buffer,10.0,22,27,14,13
1,ConstVel,buffer,10.0,23,76,63,13
1,ConstVel,buffer,10.0,24,63,46,17
1,ConstVel,buffer,10.0,25,34,22,12
1,ConstVel,buffer,10.0,26,60,48,12
1,ConstVel,buffer,10.0,27,21,9,12
1,ConstVel,buffer,10.0,28,43,32,11
1,ConstVel,buffer,10.0,29,72,52,20
1,ConstVel,buffer,10.0,30,43,31,12
1,ConstVel,buffer,10.0,31,28,15,13
1,ConstVel,buffer,10.0,32,25,14,11
1,ConstVel,buffer,10.0,33,21,9,12
1,ConstVel,buffer,10.0,34,41,29,12
1,ConstVel,buffer,10.0,35,21,9,12
1,ConstVel,buffer,10.0,36,69,55,14
1,ConstVel,buffer,10.0,37,30,18,12
1,ConstVel,buffer,10.0,38,37,24,13
1,ConstVel,buffer,10.0,39,37,26,11
1,ConstVel,buffer,10.0,40,26,15,11
1,ConstVel,buffer,10.0,41,30,18,12
1,ConstVel,buffer,10.0,42,33,21,12
1,ConstVel,buffer,10.0,43,56,45,11
1,ConstVel,buffer,10.0,44,60,48,12
1,ConstVel,buffer,10.0,45,28,15,13
1,ConstVel,buffer,10.0,46,17,6,11
1,ConstVel,buffer,10.0,47,26,14,12
1,ConstVel,buffer,10.0,48,36,22,14
1,ConstVel,buffer,10.0,49,32,20,12
1,ConstVel,buffer,15.0,0,23,6,17
1,ConstVel,buffer,15.0,1,73,54,19
1,ConstVel,buffer,15.0,2,33,16,17
1,ConstVel,buffer,15.0,3,24,8,16
1,ConstVel,buffer,15.0,4,62,43,19
1,ConstVel,buffer,15.0,5,25,7,18
1,ConstVel,buffer,15.0,6,26,8,18
1,ConstVel,buffer,15.0,7,65,43,22
1,ConstVel,buffer,15.0,8,25,7,18
1,ConstVel,buffer,15.0,9,79,61,18
1,ConstVel,buffer,15.0,10,65,43,22
1,ConstVel,buffer,15.0,11,43,26,17
1,ConstVel,buffer,15.0,12,39,20,19
1,ConstVel,buffer,15.0,13,34,19,15
1,ConstVel,buffer,15.0,14,24,6,18
1,ConstVel,buffer,15.0,15,44,28,16
1,ConstVel,buffer,15.0,16,60,41,19
1,ConstVel,buffer,15.0,17,34,16,18
1,ConstVel,buffer,15.0,18,37,18,19
1,ConstVel,buffer,15.0,19,21,6,15
1,ConstVel,buffer,15.0,20,28,11,17
1,ConstVel,buffer,15.0,21,25,6,19
1,ConstVel,buffer,15.0,22,27,11,16
1,ConstVel,buffer,15.0,23,76,57,19
1,ConstVel,buffer,15.0,24,63,43,20
1,ConstVel,buffer,15.0,25,34,17,17
1,ConstVel,buffer,15.0,26,60,42,18
1,ConstVel,buffer,15.0,27,21,6,15
1,ConstVel,buffer,15.0,28,43,27,16
1,ConstVel,buffer,15.0,29,72,43,29
1,ConstVel,buffer,15.0,30,43,26,17
1,ConstVel,buffer,15.0,31,28,11,17
1,ConstVel,buffer,15.0,32,25,10,15
1,ConstVel,buffer,15.0,33,21,6,15
1,ConstVel,buffer,15.0,34,41,26,15
1,ConstVel,buffer,15.0,35,21,6,15
1,ConstVel,buffer,15.0,36,69,46,23
1,ConstVel,buffer,15.0,37,30,11,19
1,ConstVel,buffer,15.0,38,37,21,16
1,ConstVel,buffer,15.0,39,37,20,17
1,ConstVel,buffer,15.0,40,26,11,15
1,ConstVel,buffer,15.0,41,30,14,16
1,ConstVel,buffer,15.0,42,33,15,18
1,ConstVel,buffer,15.0,43,56,39,17
1,ConstVel,buffer,15.0,44,60,42,18
1,ConstVel,buffer,15.0,45,28,13,15
1,ConstVel,buffer,15.0,46,17,6,11
1,ConstVel,buffer,15.0,47,26,9,17
1,ConstVel,buffer,15.0,48,36,18,18
1,ConstVel,buffer,15.0,49,32,15,17
1,ConstVel,buffer,20.0,0,23,6,17
1,ConstVel,buffer,20.0,1,73,52,21
1,ConstVel,buffer,20.0,2,33,11,22
1,ConstVel,buffer,20.0,3,24,6,18
1,ConstVel,buffer,20.0,4,62,40,22
1,ConstVel,buffer,20.0,5,25,6,19
1,ConstVel,buffer,20.0,6,26,6,20
1,ConstVel,buffer,20.0,7,65,40,25
1,ConstVel,buffer,20.0,8,25,6,19
1,ConstVel,buffer,20.0,9,79,59,20
1,ConstVel,buffer,20.0,10,65,38,27
1,ConstVel,buffer,20.0,11,43,19,24
1,ConstVel,buffer,20.0,12,39,13,26
1,ConstVel,buffer,20.0,13,34,9,25
1,ConstVel,buffer,20.0,14,24,6,18
1,ConstVel,buffer,20.0,15,44,19,25
1,ConstVel,buffer,20.0,16,60,36,24
1,ConstVel,buffer,20.0,17,34,11,23
1,ConstVel,buffer,20.0,18,37,14,23
1,ConstVel,buffer,20.0,19,21,6,15
1,ConstVel,buffer,20.0,20,28,8,20
1,ConstVel,buffer,20.0,21,25,6,19
1,ConstVel,buffer,20.0,22,27,8,19
1,ConstVel,buffer,20.0,23,76,54,22
1,ConstVel,buffer,20.0,24,63,39,24
1,ConstVel,buffer,20.0,25,34,10,24
1,ConstVel,buffer,20.0,26,60,39,21
1,ConstVel,buffer,20.0,27,21,6,15
1,ConstVel,buffer,20.0,28,43,19,24
1,ConstVel,buffer,20.0,29,72,42,30
1,ConstVel,buffer,20.0,30,43,20,23
1,ConstVel,buffer,20.0,31,28,8,20
1,ConstVel,buffer,20.0,32,25,6,19
1,ConstVel,buffer,20.0,33,21,6,15
1,ConstVel,buffer,20.0,34,41,17,24
1,ConstVel,buffer,20.0,35,21,6,15
1,ConstVel,buffer,20.0,36,69,38,31
1,ConstVel,buffer,20.0,37,30,6,24
1,ConstVel,buffer,20.0,38,37,15,22
1,ConstVel,buffer,20.0,39,37,17,20
1,ConstVel,buffer,20.0,40,26,6,20
1,ConstVel,buffer,20.0,41,30,7,23
1,ConstVel,buffer,20.0,42,33,9,24
1,ConstVel,buffer,20.0,43,56,34,22
1,ConstVel,buffer,20.0,44,60,37,23
1,ConstVel,buffer,20.0,45,28,6,22
1,ConstVel,buffer,20.0,46,17,6,11
1,ConstVel,buffer,20.0,47,26,6,20
1,ConstVel,buffer,20.0,48,36,10,26
1,ConstVel,buffer,20.0,49,32,10,22
1,ConstVel,crossing,5.0,0,23,18,5
1,ConstVel,crossing,5.0,1,73,68,5
1,ConstVel,crossing,5.0,2,33,28,5
1,ConstVel,crossing,5.0,3,24,19,5
1,ConstVel,crossing,5.0,4,62,57,5
1,ConstVel,crossing,5.0,5,25,20,5
1,ConstVel,crossing,5.0,6,26,20,6
1,ConstVel,crossing,5.0,7,65,58,7
1,ConstVel,crossing,5.0,8,25,19,6
1,ConstVel,crossing,5.0,9,79,74,5
1,ConstVel,crossing,5.0,10,65,59,6
1,ConstVel,crossing,5.0,11,43,38,5
1,ConstVel,crossing,5.0,12,39,34,5
1,ConstVel,crossing,5.0,13,34,29,5
1,ConstVel,crossing,5.0,14,24,19,5
1,ConstVel,crossing,5.0,15,44,39,5
1,ConstVel,crossing,5.0,16,60,56,4
1,ConstVel,crossing,5.0,17,34,29,5
1,ConstVel,crossing,5.0,18,37,31,6
1,ConstVel,crossing,5.0,19,21,16,5
1,ConstVel,crossing,5.0,20,28,22,6
1,ConstVel,crossing,5.0,21,25,20,5
1,ConstVel,crossing,5.0,22,27,23,4
1,ConstVel,crossing,5.0,23,76,71,5
1,ConstVel,crossing,5.0,24,63,58,5
1,ConstVel,crossing,5.0,25,34,29,5
1,ConstVel,crossing,5.0,26,60,56,4
1,ConstVel,crossing,5.0,27,21,17,4
1,ConstVel,crossing,5.0,28,43,38,5
1,ConstVel,crossing,5.0,29,72,67,5
1,ConstVel,crossing,5.0,30,43,37,6
1,ConstVel,crossing,5.0,31,28,24,4
1,ConstVel,crossing,5.0,32,25,20,5
1,ConstVel,crossing,5.0,33,21,16,5
1,ConstVel,crossing,5.0,34,41,36,5
1,ConstVel,crossing,5.0,35,21,16,5
1,ConstVel,crossing,5.0,36,69,64,5
1,ConstVel,crossing,5.0,37,30,25,5
1,ConstVel,crossing,5.0,38,37,32,5
1,ConstVel,crossing,5.0,39,37,32,5
1,ConstVel,crossing,5.0,40,26,22,4
1,ConstVel,crossing,5.0,41,30,25,5
1,ConstVel,crossing,5.0,42,33,29,4
1,ConstVel,crossing,5.0,43,56,52,4
1,ConstVel,crossing,5.0,44,60,55,5
1,ConstVel,crossing,5.0,45,28,23,5
1,ConstVel,crossing,5.0,46,17,12,5
1,ConstVel,crossing,5.0,47,26,21,5
1,ConstVel,crossing,5.0,48,36,31,5
1,ConstVel,crossing,5.0,49,32,27,5
1,ConstVel,crossing,10.0,0,23,14,9
1,ConstVel,crossing,10.0,1,73,63,10
1,ConstVel,crossing,10.0,2,33,24,9
1,ConstVel,crossing,10.0,3,24,15,9
1,ConstVel,crossing,10.0,4,62,51,11
1,ConstVel,crossing,10.0,5,25,14,11
1,ConstVel,crossing,10.0,6,26,16,10
1,ConstVel,crossing,10.0,7,65,50,15
1,ConstVel,crossing,10.0,8,25,16,9
1,ConstVel,crossing,10.0,9,79,68,11
1,ConstVel,crossing,10.0,10,65,55,10
1,ConstVel,crossing,10.0,11,43,34,9
1,ConstVel,crossing,10.0,12,39,29,10
1,ConstVel,crossing,10.0,13,34,22,12
1,ConstVel,crossing,10.0,14,24,13,11
1,ConstVel,crossing,10.0,15,44,34,10
1,ConstVel,crossing,10.0,16,60,49,11
1,ConstVel,crossing,10.0,17,34,24,10
1,ConstVel,crossing,10.0,18,37,28,9
1,ConstVel,crossing,10.0,19,21,10,11
1,ConstVel,crossing,10.0,20,28,18,10
1,ConstVel,crossing,10.0,21,25,14,11
1,ConstVel,crossing,10.0,22,27,17,10
1,ConstVel,crossing,10.0,23,76,65,11
1,ConstVel,crossing,10.0,24,63,51,12
1,ConstVel,crossing,10.0,25,34,23,11
1,ConstVel,crossing,10.0,26,60,48,12
1,ConstVel,crossing,10.0,27,21,9,12
1,ConstVel,crossing,10.0,28,43,33,10
1,ConstVel,crossing,10.0,29,72,55,17
1,ConstVel,crossing,10.0,30,43,34,9
1,ConstVel,crossing,10.0,31,28,17,11
1,ConstVel,crossing,10.0,32,25,14,11
1,ConstVel,crossing,10.0,33,21,11,10
1,ConstVel,crossing,10.0,34,41,32,9
1,ConstVel,crossing,10.0,35,21,12,9
1,ConstVel,crossing,10.0,36,69,58,11
1,ConstVel,crossing,10.0,37,30,19,11
1,ConstVel,crossing,10.0,38,37,27,10
1,ConstVel,crossing,10.0,39,37,26,11
1,ConstVel,crossing,10.0,40,26,15,11
1,ConstVel,crossing,10.0,41,30,22,8
1,ConstVel,crossing,10.0,42,33,21,12
1,ConstVel,crossing,10.0,43,56,46,10
1,ConstVel,crossing,10.0,44,60,48,12
1,ConstVel,crossing,10.0,45,28,18,10
1,ConstVel,crossing,10.0,46,17,8,9
1,ConstVel,crossing,10.0,47,26,17,9
1,ConstVel,crossing,10.0,48,36,25,11
1,ConstVel,crossing,10.0,49,32,25,7
1,ConstVel,crossing,15.0,0,23,8,15
1,ConstVel,crossing,15.0,1,73,57,16
1,ConstVel,crossing,15.0,2,33,17,16
1,ConstVel,crossing,15.0,3,24,10,14
1,ConstVel,crossing,15.0,4,62,43,19
1,ConstVel,crossing,15.0,5,25,10,15
1,ConstVel,crossing,15.0,6,26,8,18
1,ConstVel,crossing,15.0,7,65,45,20
1,ConstVel,crossing,15.0,8,25,9,16
1,ConstVel,crossing,15.0,9,79,64,15
1,ConstVel,crossing,15.0,10,65,46,19
1,ConstVel,crossing,15.0,11,43,26,17
1,ConstVel,crossing,15.0,12,39,20,19
1,ConstVel,crossing,15.0,13,34,19,15
1,ConstVel,crossing,15.0,14,24,7,17
1,ConstVel,crossing,15.0,15,44,31,13
1,ConstVel,crossing,15.0,16,60,44,16
1,ConstVel,crossing,15.0,17,34,18,16
1,ConstVel,crossing,15.0,18,37,20,17
1,ConstVel,crossing,15.0,19,21,6,15
1,ConstVel,crossing,15.0,20,28,11,17
1,ConstVel,crossing,15.0,21,25,7,18
1,ConstVel,crossing,15.0,22,27,11,16
1,ConstVel,crossing,15.0,23,76,61,15
1,ConstVel,crossing,15.0,24,63,43,20
1,ConstVel,crossing,15.0,25,34,20,14
1,ConstVel,crossing,15.0,26,60,43,17
1,ConstVel,crossing,15.0,27,21,6,15
1,ConstVel,crossing,15.0,28,43,28,15
1,ConstVel,crossing,15.0,29,72,45,27
1,ConstVel,crossing,15.0,30,43,26,17
1,ConstVel,crossing,15.0,31,28,14,14
1,ConstVel,crossing,15.0,32,25,10,15
1,ConstVel,crossing,15.0,33,21,6,15
1,ConstVel,crossing,15.0,34,41,26,15
1,ConstVel,crossing,15.0,35,21,6,15
1,ConstVel,crossing,15.0,36,69,46,23
1,ConstVel,crossing,15.0,37,30,13,17
1,ConstVel,crossing,15.0,38,37,21,16
1,ConstVel,crossing,15.0,39,37,20,17
1,ConstVel,crossing,15.0,40,26,13,13
1,ConstVel,crossing,15.0,41,30,15,15
1,ConstVel,crossing,15.0,42,33,18,15
1,ConstVel,crossing,15.0,43,56,39,17
1,ConstVel,crossing,15.0,44,60,43,17
1,ConstVel,crossing,15.0,45,28,15,13
1,ConstVel,crossing,15.0,46,17,6,11
1,ConstVel,crossing,15.0,47,26,9,17
1,ConstVel,crossing,15.0,48,36,22,14
1,ConstVel,crossing,15.0,49,32,17,15
1,ConstVel,crossing,20.0,0,23,6,17
1,ConstVel,crossing,20.0,1,73,53,20
1,ConstVel,crossing,20.0,2,33,11,22
1,ConstVel,crossing,20.0,3,24,6,18
1,ConstVel,crossing,20.0,4,62,40,22
1,ConstVel,crossing,20.0,5,25,6,19
1,ConstVel,crossing,20.0,6,26,7,19
1,ConstVel,crossing,20.0,7,65,40,25
1,ConstVel,crossing,20.0,8,25,6,19
1,ConstVel,crossing,20.0,9,79,59,20
1,ConstVel,crossing,20.0,10,65,38,27
1,ConstVel,crossing,20.0,11,43,20,23
1,ConstVel,crossing,20.0,12,39,19,20
1,ConstVel,crossing,20.0,13,34,13,21
1,ConstVel,crossing,20.0,14,24,6,18
1,ConstVel,crossing,20.0,15,44,24,20
1,ConstVel,crossing,20.0,16,60,36,24
1,ConstVel,crossing,20.0,17,34,13,21
1,ConstVel,crossing,20.0,18,37,17,20
1,ConstVel,crossing,20.0,19,21,6,15
1,ConstVel,crossing,20.0,20,28,10,18
1,ConstVel,crossing,20.0,21,25,6,19
1,ConstVel,crossing,20.0,22,27,9,18
1,ConstVel,crossing,20.0,23,76,54,22
1,ConstVel,crossing,20.0,24,63,39,24
1,ConstVel,crossing,20.0,25,34,11,23
1,ConstVel,crossing,20.0,26,60,39,21
1,ConstVel,crossing,20.0,27,21,6,15
1,ConstVel,crossing,20.0,28,43,19,24
1,ConstVel,crossing,20.0,29,72,42,30
1,ConstVel,crossing,20.0,30,43,22,21
1,ConstVel,crossing,20.0,31,28,9,19
1,ConstVel,crossing,20.0,32,25,6,19
1,ConstVel,crossing,20.0,33,21,6,15
1,ConstVel,crossing,20.0,34,41,19,22
1,ConstVel,crossing,20.0,35,21,6,15
1,ConstVel,crossing,20.0,36,69,38,31
1,ConstVel,crossing,20.0,37,30,11,19
1,ConstVel,crossing,20.0,38,37,16,21
1,ConstVel,crossing,20.0,39,37,17,20
1,ConstVel,crossing,20.0,40,26,6,20
1,ConstVel,crossing,20.0,41,30,11,19
1,ConstVel,crossing,20.0,42,33,9,24
1,ConstVel,crossing,20.0,43,56,34,22
1,ConstVel,crossing,20.0,44,60,37,23
1,ConstVel,crossing,20.0,45,28,7,21
1,ConstVel,crossing,20.0,46,17,6,11
1,ConstVel,crossing,20.0,47,26,6,20
1,ConstVel,crossing,20.0,48,36,13,23
1,ConstVel,crossing,20.0,49,32,11,21
1,Kalman,buffer,5.0,0,23,16,7
1,Kalman,buffer,5.0,1,73,66,7
1,Kalman,buffer,5.0,2,33,27,6
1,Kalman,buffer,5.0,3,24,17,7
1,Kalman,buffer,5.0,4,62,55,7
1,Kalman,buffer,5.0,5,25,19,6
1,Kalman,buffer,5.0,6,26,19,7
1,Kalman,buffer,5.0,7,65,57,8
1,Kalman,buffer,5.0,8,25,19,6
1,Kalman,buffer,5.0,9,79,71,8
1,Kalman,buffer,5.0,10,65,57,8
1,Kalman,buffer,5.0,11,43,35,8
1,Kalman,buffer,5.0,12,39,32,7
1,Kalman,buffer,5.0,13,34,28,6
1,Kalman,buffer,5.0,14,24,18,6
1,Kalman,buffer,5.0,15,44,38,6
1,Kalman,buffer,5.0,16,60,52,8
1,Kalman,buffer,5.0,17,34,27,7
1,Kalman,buffer,5.0,18,37,31,6
1,Kalman,buffer,5.0,19,21,14,7
1,Kalman,buffer,5.0,20,28,22,6
1,Kalman,buffer,5.0,21,25,19,6
1,Kalman,buffer,5.0,22,27,21,6
1,Kalman,buffer,5.0,23,76,68,8
1,Kalman,buffer,5.0,24,63,54,9
1,Kalman,buffer,5.0,25,34,27,7
1,Kalman,buffer,5.0,26,60,53,7
1,Kalman,buffer,5.0,27,21,15,6
1,Kalman,buffer,5.0,28,43,36,7
1,Kalman,buffer,5.0,29,72,62,10
1,Kalman,buffer,5.0,30,43,36,7
1,Kalman,buffer,5.0,31,28,22,6
1,Kalman,buffer,5.0,32,25,19,6
1,Kalman,buffer,5.0,33,21,15,6
1,Kalman,buffer,5.0,34,41,34,7
1,Kalman,buffer,5.0,35,21,14,7
1,Kalman,buffer,5.0,36,69,61,8
1,Kalman,buffer,5.0,37,30,24,6
1,Kalman,buffer,5.0,38,37,30,7
1,Kalman,buffer,5.0,39,37,30,7
1,Kalman,buffer,5.0,40,26,20,6
1,Kalman,buffer,5.0,41,30,24,6
1,Kalman,buffer,5.0,42,33,27,6
1,Kalman,buffer,5.0,43,56,50,6
1,Kalman,buffer,5.0,44,60,53,7
1,Kalman,buffer,5.0,45,28,21,7
1,Kalman,buffer,5.0,46,17,11,6
1,Kalman,buffer,5.0,47,26,20,6
1,Kalman,buffer,5.0,48,36,28,8
1,Kalman,buffer,5.0,49,32,26,6
1,Kalman,buffer,10.0,0,23,12,11
1,Kalman,buffer,10.0,1,73,61,12
1,Kalman,buffer,10.0,2,33,21,12
1,Kalman,buffer,10.0,3,24,13,11
1,Kalman,buffer,10.0,4,62,50,12
1,Kalman,buffer,10.0,5,25,13,12
1,Kalman,buffer,10.0,6,26,15,11
1,Kalman,buffer,10.0,7,65,49,16
1,Kalman,buffer,10.0,8,25,14,11
1,Kalman,buffer,10.0,9,79,68,11
1,Kalman,buffer,10.0,10,65,52,13
1,Kalman,buffer,10.0,11,43,30,13
1,Kalman,buffer,10.0,12,39,27,12
1,Kalman,buffer,10.0,13,34,22,12
1,Kalman,buffer,10.0,14,24,11,13
1,Kalman,buffer,10.0,15,44,33,11
1,Kalman,buffer,10.0,16,60,49,11
1,Kalman,buffer,10.0,17,34,23,11
1,Kalman,buffer,10.0,18,37,25,12
1,Kalman,buffer,10.0,19,21,8,13
1,Kalman,buffer,10.0,20,28,17,11
1,Kalman,buffer,10.0,21,25,14,11
1,Kalman,buffer,10.0,22,27,14,13
1,Kalman,buffer,10.0,23,76,63,13
1,Kalman,buffer,10.0,24,63,46,17
1,Kalman,buffer,10.0,25,34,22,12
1,Kalman,buffer,10.0,26,60,48,12
1,Kalman,buffer,10.0,27,21,9,12
1,Kalman,buffer,10.0,28,43,32,11
1,Kalman,buffer,10.0,29,72,52,20
1,Kalman,buffer,10.0,30,43,31,12
1,Kalman,buffer,10.0,31,28,17,11
1,Kalman,buffer,10.0,32,25,14,11
1,Kalman,buffer,10.0,33,21,10,11
1,Kalman,buffer,10.0,34,41,29,12
1,Kalman,buffer,10.0,35,21,9,12
1,Kalman,buffer,10.0,36,69,55,14
1,Kalman,buffer,10.0,37,30,18,12
1,Kalman,buffer,10.0,38,37,24,13
1,Kalman,buffer,10.0,39,37,26,11
1,Kalman,buffer,10.0,40,26,15,11
1,Kalman,buffer,10.0,41,30,18,12
1,Kalman,buffer,10.0,42,33,21,12
1,Kalman,buffer,10.0,43,56,45,11
1,Kalman,buffer,10.0,44,60,48,12
1,Kalman,buffer,10.0,45,28,16,12
1,Kalman,buffer,10.0,46,17,6,11
1,Kalman,buffer,10.0,47,26,15,11
1,Kalman,buffer,10.0,48,36,25,11
1,Kalman,buffer,10.0,49,32,21,11
1,Kalman,buffer,15.0,0,23,7,16
1,Kalman,buffer,15.0,1,73,54,19
1,Kalman,buffer,15.0,2,33,16,17
1,Kalman,buffer,15.0,3,24,8,16
1,Kalman,buffer,15.0,4,62,45,17
1,Kalman,buffer,15.0,5,25,7,18
1,Kalman,buffer,15.0,6,26,8,18
1,Kalman,buffer,15.0,7,65,44,21
1,Kalman,buffer,15.0,8,25,8,17
1,Kalman,buffer,15.0,9,79,61,18
1,Kalman,buffer,15.0,10,65,45,20
1,Kalman,buffer,15.0,11,43,26,17
1,Kalman,buffer,15.0,12,39,20,19
1,Kalman,buffer,15.0,13,34,19,15
1,Kalman,buffer,15.0,14,24,6,18
1,Kalman,buffer,15.0,15,44,28,16
1,Kalman,buffer,15.0,16,60,43,17
1,Kalman,buffer,15.0,17,34,16,18
1,Kalman,buffer,15.0,18,37,20,17
1,Kalman,buffer,15.0,19,21,6,15
1,Kalman,buffer,15.0,20,28,11,17
1,Kalman,buffer,15.0,21,25,6,19
1,Kalman,buffer,15.0,22,27,11,16
1,Kalman,buffer,15.0,23,76,57,19
1,Kalman,buffer,15.0,24,63,43,20
1,Kalman,buffer,15.0,25,34,17,17
1,Kalman,buffer,15.0,26,60,43,17
1,Kalman,buffer,15.0,27,21,6,15
1,Kalman,buffer,15.0,28,43,27,16
1,Kalman,buffer,15.0,29,72,43,29
1,Kalman,buffer,15.0,30,43,26,17
1,Kalman,buffer,15.0,31,28,11,17
1,Kalman,buffer,15.0,32,25,10,15
1,Kalman,buffer,15.0,33,21,6,15
1,Kalman,buffer,15.0,34,41,26,15
1,Kalman,buffer,15.0,35,21,6,15
1,Kalman,buffer,15.0,36,69,46,23
1,Kalman,buffer,15.0,37,30,13,17
1,Kalman,buffer,15.0,38,37,21,16
1,Kalman,buffer,15.0,39,37,20,17
1,Kalman,buffer,15.0,40,26,11,15
1,Kalman,buffer,15.0,41,30,15,15
1,Kalman,buffer,15.0,42,33,17,16
1,Kalman,buffer,15.0,43,56,39,17
1,Kalman,buffer,15.0,44,60,42,18
1,Kalman,buffer,15.0,45,28,13,15
1,Kalman,buffer,15.0,46,17,6,11
1,Kalman,buffer,15.0,47,26,9,17
1,Kalman,buffer,15.0,48,36,18,18
1,Kalman,buffer,15.0,49,32,17,15
1,Kalman,buffer,20.0,0,23,6,17
1,Kalman,buffer,20.0,1,73,52,21
1,Kalman,buffer,20.0,2,33,11,22
1,Kalman,buffer,20.0,3,24,6,18
1,Kalman,buffer,20.0,4,62,40,22
1,Kalman,buffer,20.0,5,25,6,19
1,Kalman,buffer,20.0,6,26,6,20
1,Kalman,buffer,20.0,7,65,40,25
1,Kalman,buffer,20.0,8,25,6,19
1,Kalman,buffer,20.0,9,79,59,20
1,Kalman,buffer,20.0,10,65,40,25
1,Kalman,buffer,20.0,11,43,19,24
1,Kalman,buffer,20.0,12,39,13,26
1,Kalman,buffer,20.0,13,34,10,24
1,Kalman,buffer,20.0,14,24,6,18
1,Kalman,buffer,20.0,15,44,21,23
1,Kalman,buffer,20.0,16,60,36,24
1,Kalman,buffer,20.0,17,34,13,21
1,Kalman,buffer,20.0,18,37,14,23
1,Kalman,buffer,20.0,19,21,6,15
1,Kalman,buffer,20.0,20,28,8,20
1,Kalman,buffer,20.0,21,25,6,19
1,Kalman,buffer,20.0,22,27,8,19
1,Kalman,buffer,20.0,23,76,54,22
1,Kalman,buffer,20.0,24,63,39,24
1,Kalman,buffer,20.0,25,34,11,23
1,Kalman,buffer,20.0,26,60,39,21
1,Kalman,buffer,20.0,27,21,6,15
1,Kalman,buffer,20.0,28,43,20,23
1,Kalman,buffer,20.0,29,72,41,31
1,Kalman,buffer,20.0,30,43,22,21
1,Kalman,buffer,20.0,31,28,6,22
1,Kalman,buffer,20.0,32,25,6,19
1,Kalman,buffer,20.0,33,21,6,15
1,Kalman,buffer,20.0,34,41,18,23
1,Kalman,buffer,20.0,35,21,6,15
1,Kalman,buffer,20.0,36,69,38,31
1,Kalman,buffer,20.0,37,30,6,24
1,Kalman,buffer,20.0,38,37,15,22
1,Kalman,buffer,20.0,39,37,14,23
1,Kalman,buffer,20.0,40,26,6,20
1,Kalman,buffer,20.0,41,30,7,23
1,Kalman,buffer,20.0,42,33,10,23
1,Kalman,buffer,20.0,43,56,34,22
1,Kalman,buffer,20.0,44,60,37,23
1,Kalman,buffer,20.0,45,28,6,22
1,Kalman,buffer,20.0,46,17,6,11
1,Kalman,buffer,20.0,47,26,6,20
1,Kalman,buffer,20.0,48,36,13,23
1,Kalman,buffer,20.0,49,32,10,22
1,Kalman,crossing,5.0,0,23,18,5
1,Kalman,crossing,5.0,1,73,68,5
1,Kalman,crossing,5.0,2,33,28,5
1,Kalman,crossing,5.0,3,24,19,5
1,Kalman,crossing,5.0,4,62,57,5
1,Kalman,crossing,5.0,5,25,20,5
1,Kalman,crossing,5.0,6,26,20,6
1,Kalman,crossing,5.0,7,65,59,6
1,Kalman,crossing,5.0,8,25,20,5
1,Kalman,crossing,5.0,9,79,74,5
1,Kalman,crossing,5.0,10,65,59,6
1,Kalman,crossing,5.0,11,43,38,5
1,Kalman,crossing,5.0,12,39,34,5
1,Kalman,crossing,5.0,13,34,29,5
1,Kalman,crossing,5.0,14,24,19,5
1,Kalman,crossing,5.0,15,44,40,4
1,Kalman,crossing,5.0,16,60,56,4
1,Kalman,crossing,5.0,17,34,29,5
1,Kalman,crossing,5.0,18,37,31,6
1,Kalman,crossing,5.0,19,21,16,5
1,Kalman,crossing,5.0,20,28,23,5
1,Kalman,crossing,5.0,21,25,20,5
1,Kalman,crossing,5.0,22,27,23,4
1,Kalman,crossing,5.0,23,76,70,6
1,Kalman,crossing,5.0,24,63,58,5
1,Kalman,crossing,5.0,25,34,29,5
1,Kalman,crossing,5.0,26,60,56,4
1,Kalman,crossing,5.0,27,21,16,5
1,Kalman,crossing,5.0,28,43,38,5
1,Kalman,crossing,5.0,29,72,67,5
1,Kalman,crossing,5.0,30,43,37,6
1,Kalman,crossing,5.0,31,28,24,4
1,Kalman,crossing,5.0,32,25,20,5
1,Kalman,crossing,5.0,33,21,16,5
1,Kalman,crossing,5.0,34,41,36,5
1,Kalman,crossing,5.0,35,21,16,5
1,Kalman,crossing,5.0,36,69,64,5
1,Kalman,crossing,5.0,37,30,25,5
1,Kalman,crossing,5.0,38,37,32,5
1,Kalman,crossing,5.0,39,37,32,5
1,Kalman,crossing,5.0,40,26,22,4
1,Kalman,crossing,5.0,41,30,25,5
1,Kalman,crossing,5.0,42,33,29,4
1,Kalman,crossing,5.0,43,56,51,5
1,Kalman,crossing,5.0,44,60,55,5
1,Kalman,crossing,5.0,45,28,23,5
1,Kalman,crossing,5.0,46,17,12,5
1,Kalman,crossing,5.0,47,26,21,5
1,Kalman,crossing,5.0,48,36,31,5
1,Kalman,crossing,5.0,49,32,27,5
1,Kalman,crossing,10.0,0,23,14,9
1,Kalman,crossing,10.0,1,73,64,9
1,Kalman,crossing,10.0,2,33,24,9
1,Kalman,crossing,10.0,3,24,15,9
1,Kalman,crossing,10.0,4,62,51,11
1,Kalman,crossing,10.0,5,25,15,10
1,Kalman,crossing,10.0,6,26,16,10
1,Kalman,crossing,10.0,7,65,50,15
1,Kalman,crossing,10.0,8,25,16,9
1,Kalman,crossing,10.0,9,79,69,10
1,Kalman,crossing,10.0,10,65,55,10
1,Kalman,crossing,10.0,11,43,34,9
1,Kalman,crossing,10.0,12,39,29,10
1,Kalman,crossing,10.0,13,34,22,12
1,Kalman,crossing,10.0,14,24,13,11
1,Kalman,crossing,10.0,15,44,35,9
1,Kalman,crossing,10.0,16,60,49,11
1,Kalman,crossing,10.0,17,34,24,10
1,Kalman,crossing,10.0,18,37,28,9
1,Kalman,crossing,10.0,19,21,11,10
1,Kalman,crossing,10.0,20,28,18,10
1,Kalman,crossing,10.0,21,25,16,9
1,Kalman,crossing,10.0,22,27,17,10
1,Kalman,crossing,10.0,23,76,65,11
1,Kalman,crossing,10.0,24,63,50,13
1,Kalman,crossing,10.0,25,34,23,11
1,Kalman,crossing,10.0,26,60,49,11
1,Kalman,crossing,10.0,27,21,10,11
1,Kalman,crossing,10.0,28,43,33,10
1,Kalman,crossing,10.0,29,72,56,16
1,Kalman,crossing,10.0,30,43,34,9
1,Kalman,crossing,10.0,31,28,18,10
1,Kalman,crossing,10.0,32,25,15,10
1,Kalman,crossing,10.0,33,21,11,10
1,Kalman,crossing,10.0,34,41,32,9
1,Kalman,crossing,10.0,35,21,12,9
1,Kalman,crossing,10.0,36,69,58,11
1,Kalman,crossing,10.0,37,30,19,11
1,Kalman,crossing,10.0,38,37,27,10
1,Kalman,crossing,10.0,39,37,26,11
1,Kalman,crossing,10.0,40,26,15,11
1,Kalman,crossing,10.0,41,30,21,9
1,Kalman,crossing,10.0,42,33,23,10
1,Kalman,crossing,10.0,43,56,46,10
1,Kalman,crossing,10.0,44,60,50,10
1,Kalman,crossing,10.0,45,28,18,10
1,Kalman,crossing,10.0,46,17,8,9
1,Kalman,crossing,10.0,47,26,17,9
1,Kalman,crossing,10.0,48,36,25,11
1,Kalman,crossing,10.0,49,32,23,9
1,Kalman,crossing,15.0,0,23,8,15
1,Kalman,crossing,15.0,1,73,57,16
1,Kalman,crossing,15.0,2,33,17,16
1,Kalman,crossing,15.0,3,24,10,14
1,Kalman,crossing,15.0,4,62,46,16
1,Kalman,crossing,15.0,5,25,10,15
1,Kalman,crossing,15.0,6,26,8,18
1,Kalman,crossing,15.0,7,65,45,20
1,Kalman,crossing,15.0,8,25,9,16
1,Kalman,crossing,15.0,9,79,65,14
1,Kalman,crossing,15.0,10,65,46,19
1,Kalman,crossing,15.0,11,43,26,17
1,Kalman,crossing,15.0,12,39,21,18
1,Kalman,crossing,15.0,13,34,19,15
1,Kalman,crossing,15.0,14,24,7,17
1,Kalman,crossing,15.0,15,44,31,13
1,Kalman,crossing,15.0,16,60,44,16
1,Kalman,crossing,15.0,17,34,18,16
1,Kalman,crossing,15.0,18,37,22,15
1,Kalman,crossing,15.0,19,21,6,15
1,Kalman,crossing,15.0,20,28,14,14
1,Kalman,crossing,15.0,21,25,7,18
1,Kalman,crossing,15.0,22,27,12,15
1,Kalman,crossing,15.0,23,76,61,15
1,Kalman,crossing,15.0,24,63,43,20
1,Kalman,crossing,15.0,25,34,20,14
1,Kalman,crossing,15.0,26,60,43,17
1,Kalman,crossing,15.0,27,21,6,15
1,Kalman,crossing,15.0,28,43,28,15
1,Kalman,crossing,15.0,29,72,46,26
1,Kalman,crossing,15.0,30,43,28,15
1,Kalman,crossing,15.0,31,28,14,14
1,Kalman,crossing,15.0,32,25,10,15
1,Kalman,crossing,15.0,33,21,6,15
1,Kalman,crossing,15.0,34,41,28,13
1,Kalman,crossing,15.0,35,21,6,15
1,Kalman,crossing,15.0,36,69,48,21
1,Kalman,crossing,15.0,37,30,13,17
1,Kalman,crossing,15.0,38,37,21,16
1,Kalman,crossing,15.0,39,37,22,15
1,Kalman,crossing,15.0,40,26,13,13
1,Kalman,crossing,15.0,41,30,15,15
1,Kalman,crossing,15.0,42,33,18,15
1,Kalman,crossing,15.0,43,56,39,17
1,Kalman,crossing,15.0,44,60,43,17
1,Kalman,crossing,15.0,45,28,15,13
1,Kalman,crossing,15.0,46,17,6,11
1,Kalman,crossing,15.0,47,26,10,16
1,Kalman,crossing,15.0,48,36,22,14
1,Kalman,crossing,15.0,49,32,17,15
1,Kalman,crossing,20.0,0,23,6,17
1,Kalman,crossing,20.0,1,73,53,20
1,Kalman,crossing,20.0,2,33,13,20
1,Kalman,crossing,20.0,3,24,6,18
1,Kalman,crossing,20.0,4,62,40,22
1,Kalman,crossing,20.0,5,25,6,19
1,Kalman,crossing,20.0,6,26,6,20
1,Kalman,crossing,20.0,7,65,40,25
1,Kalman,crossing,20.0,8,25,6,19
1,Kalman,crossing,20.0,9,79,59,20
1,Kalman,crossing,20.0,10,65,40,25
1,Kalman,crossing,20.0,11,43,20,23
1,Kalman,crossing,20.0,12,39,19,20
1,Kalman,crossing,20.0,13,34,13,21
1,Kalman,crossing,20.0,14,24,6,18
1,Kalman,crossing,20.0,15,44,25,19
1,Kalman,crossing,20.0,16,60,36,24
1,Kalman,crossing,20.0,17,34,13,21
1,Kalman,crossing,20.0,18,37,17,20
1,Kalman,crossing,20.0,19,21,6,15
1,Kalman,crossing,20.0,20,28,10,18
1,Kalman,crossing,20.0,21,25,6,19
1,Kalman,crossing,20.0,22,27,9,18
1,Kalman,crossing,20.0,23,76,54,22
1,Kalman,crossing,20.0,24,63,39,24
1,Kalman,crossing,20.0,25,34,11,23
1,Kalman,crossing,20.0,26,60,39,21
1,Kalman,crossing,20.0,27,21,6,15
1,Kalman,crossing,20.0,28,43,20,23
1,Kalman,crossing,20.0,29,72,41,31
1,Kalman,crossing,20.0,30,43,25,18
1,Kalman,crossing,20.0,31,28,9,19
1,Kalman,crossing,20.0,32,25,6,19
1,Kalman,crossing,20.0,33,21,6,15
1,Kalman,crossing,20.0,34,41,19,22
1,Kalman,crossing,20.0,35,21,6,15
1,Kalman,crossing,20.0,36,69,38,31
1,Kalman,crossing,20.0,37,30,11,19
1,Kalman,crossing,20.0,38,37,16,21
1,Kalman,crossing,20.0,39,37,17,20
1,Kalman,crossing,20.0,40,26,6,20
1,Kalman,crossing,20.0,41,30,11,19
1,Kalman,crossing,20.0,42,33,13,20
1,Kalman,crossing,20.0,43,56,34,22
1,Kalman,crossing,20.0,44,60,37,23
1,Kalman,crossing,20.0,45,28,7,21
1,Kalman,crossing,20.0,46,17,6,11
1,Kalman,crossing,20.0,47,26,6,20
1,Kalman,crossing,20.0,48,36,13,23
1,Kalman,crossing,20.0,49,32,11,21
2,Reactive,zone,,0,21,20,1
2,Reactive,zone,,1,38,37,1
2,Reactive,zone,,2,28,26,2
2,Reactive,zone,,3,25,23,2
2,Reactive,zone,,4,33,31,2
2,Reactive,zone,,5,39,38,1
2,Reactive,zone,,6,24,23,1
2,Reactive,zone,,7,43,41,2
2,Reactive,zone,,8,33,31,2
2,Reactive,zone,,9,28,26,2
2,Reactive,zone,,10,28,27,1
2,Reactive,zone,,11,33,32,1
2,Reactive,zone,,12,17,16,1
2,Reactive,zone,,13,32,31,1
2,Reactive,zone,,14,74,73,1
2,Reactive,zone,,15,27,25,2
2,Reactive,zone,,16,35,33,2
2,Reactive,zone,,17,25,23,2
2,Reactive,zone,,18,33,31,2
2,Reactive,zone,,19,27,26,1
2,Reactive,zone,,20,37,35,2
2,Reactive,zone,,21,23,22,1
2,Reactive,zone,,22,27,25,2
2,Reactive,zone,,23,40,38,2
2,Reactive,zone,,24,69,65,4
2,Reactive,zone,,25,73,71,2
2,Reactive,zone,,26,24,23,1
2,Reactive,zone,,27,28,26,2
2,Reactive,zone,,28,24,23,1
2,Reactive,zone,,29,23,22,1
2,Reactive,zone,,30,67,63,4
2,Reactive,zone,,31,61,59,2
2,Reactive,zone,,32,23,21,2
2,Reactive,zone,,33,24,23,1
2,Reactive,zone,,34,29,28,1
2,Reactive,zone,,35,33,32,1
2,Reactive,zone,,36,40,38,2
2,Reactive,zone,,37,17,15,2
2,Reactive,zone,,38,35,34,1
2,Reactive,zone,,39,25,23,2
2,Reactive,zone,,40,25,23,2
2,Reactive,zone,,41,21,19,2
2,Reactive,zone,,42,17,16,1
2,Reactive,zone,,43,17,15,2
2,Reactive,zone,,44,25,23,2
2,Reactive,zone,,45,17,16,1
2,Reactive,zone,,46,29,28,1
2,Reactive,zone,,47,65,63,2
2,Reactive,zone,,48,17,16,1
2,Reactive,zone,,49,32,30,2
2,Analytic,buffer,5.0,0,21,15,6
2,Analytic,buffer,5.0,1,38,32,6
2,Analytic,buffer,5.0,2,28,21,7
2,Analytic,buffer,5.0,3,25,18,7
2,Analytic,buffer,5.0,4,33,27,6
2,Analytic,buffer,5.0,5,39,33,6
2,Analytic,buffer,5.0,6,24,18,6
2,Analytic,buffer,5.0,7,43,37,6
2,Analytic,buffer,5.0,8,33,26,7
2,Analytic,buffer,5.0,9,28,20,8
2,Analytic,buffer,5.0,10,28,21,7
2,Analytic,buffer,5.0,11,33,27,6
2,Analytic,buffer,5.0,12,17,11,6
2,Analytic,buffer,5.0,13,32,26,6
2,Analytic,buffer,5.0,14,74,68,6
2,Analytic,buffer,5.0,15,27,20,7
2,Analytic,buffer,5.0,16,35,28,7
2,Analytic,buffer,5.0,17,25,19,6
2,Analytic,buffer,5.0,18,33,25,8
2,Analytic,buffer,5.0,19,27,20,7
2,Analytic,buffer,5.0,20,37,29,8
2,Analytic,buffer,5.0,21,23,17,6
2,Analytic,buffer,5.0,22,27,20,7
2,Analytic,buffer,5.0,23,40,33,7
2,Analytic,buffer,5.0,24,69,58,11
2,Analytic,buffer,5.0,25,73,66,7
2,Analytic,buffer,5.0,26,24,18,6
2,Analytic,buffer,5.0,27,28,22,6
2,Analytic,buffer,5.0,28,24,18,6
2,Analytic,buffer,5.0,29,23,17,6
2,Analytic,buffer,5.0,30,67,57,10
2,Analytic,buffer,5.0,31,61,54,7
2,Analytic,buffer,5.0,32,23,16,7
2,Analytic,buffer,5.0,33,24,18,6
2,Analytic,buffer,5.0,34,29,23,6
2,Analytic,buffer,5.0,35,33,27,6
2,Analytic,buffer,5.0,36,40,33,7
2,Analytic,buffer,5.0,37,17,10,7
2,Analytic,buffer,5.0,38,35,29,6
2,Analytic,buffer,5.0,39,25,19,6
2,Analytic,buffer,5.0,40,25,18,7
2,Analytic,buffer,5.0,41,21,14,7
2,Analytic,buffer,5.0,42,17,10,7
2,Analytic,buffer,5.0,43,17,10,7
2,Analytic,buffer,5.0,44,25,18,7
2,Analytic,buffer,5.0,45,17,11,6
2,Analytic,buffer,5.0,46,29,22,7
2,Analytic,buffer,5.0,47,65,56,9
2,Analytic,buffer,5.0,48,17,10,7
2,Analytic,buffer,5.0,49,32,25,7
2,Analytic,buffer,10.0,0,21,11,10
2,Analytic,buffer,10.0,1,38,28,10
2,Analytic,buffer,10.0,2,28,16,12
2,Analytic,buffer,10.0,3,25,14,11
2,Analytic,buffer,10.0,4,33,21,12
2,Analytic,buffer,10.0,5,39,27,12
2,Analytic,buffer,10.0,6,24,12,12
2,Analytic,buffer,10.0,7,43,31,12
2,Analytic,buffer,10.0,8,33,21,12
2,Analytic,buffer,10.0,9,28,17,11
2,Analytic,buffer,10.0,10,28,16,12
2,Analytic,buffer,10.0,11,33,22,11
2,Analytic,buffer,10.0,12,17,7,10
2,Analytic,buffer,10.0,13,32,20,12
2,Analytic,buffer,10.0,14,74,63,11
2,Analytic,buffer,10.0,15,27,15,12
2,Analytic,buffer,10.0,16,35,24,11
2,Analytic,buffer,10.0,17,25,13,12
2,Analytic,buffer,10.0,18,33,21,12
2,Analytic,buffer,10.0,19,27,16,11
2,Analytic,buffer,10.0,20,37,25,12
2,Analytic,buffer,10.0,21,23,12,11
2,Analytic,buffer,10.0,22,27,16,11
2,Analytic,buffer,10.0,23,40,27,13
2,Analytic,buffer,10.0,24,69,50,19
2,Analytic,buffer,10.0,25,73,61,12
2,Analytic,buffer,10.0,26,24,13,11
2,Analytic,buffer,10.0,27,28,16,12
2,Analytic,buffer,10.0,28,24,12,12
2,Analytic,buffer,10.0,29,23,12,11
2,Analytic,buffer,10.0,30,67,48,19
2,Analytic,buffer,10.0,31,61,48,13
2,Analytic,buffer,10.0,32,23,11,12
2,Analytic,buffer,10.0,33,24,13,11
2,Analytic,buffer,10.0,34,29,18,11
2,Analytic,buffer,10.0,35,33,21,12
2,Analytic,buffer,10.0,36,40,28,12
2,Analytic,buffer,10.0,37,17,6,11
2,Analytic,buffer,10.0,38,35,24,11
2,Analytic,buffer,10.0,39,25,14,11
2,Analytic,buffer,10.0,40,25,14,11
2,Analytic,buffer,10.0,41,21,9,12
2,Analytic,buffer,10.0,42,17,6,11
2,Analytic,buffer,10.0,43,17,6,11
2,Analytic,buffer,10.0,44,25,13,12
2,Analytic,buffer,10.0,45,17,6,11
2,Analytic,buffer,10.0,46,29,18,11
2,Analytic,buffer,10.0,47,65,50,15
2,Analytic,buffer,10.0,48,17,6,11
2,Analytic,buffer,10.0,49,32,21,11
2,Analytic,buffer,15.0,0,21,6,15
2,Analytic,buffer,15.0,1,38,22,16
2,Analytic,buffer,15.0,2,28,12,16
2,Analytic,buffer,15.0,3,25,7,18
2,Analytic,buffer,15.0,4,33,17,16
2,Analytic,buffer,15.0,5,39,22,17
2,Analytic,buffer,15.0,6,24,7,17
2,Analytic,buffer,15.0,7,43,26,17
2,Analytic,buffer,15.0,8,33,15,18
2,Analytic,buffer,15.0,9,28,12,16
2,Analytic,buffer,15.0,10,28,11,17
2,Analytic,buffer,15.0,11,33,17,16
2,Analytic,buffer,15.0,12,17,6,11
2,Analytic,buffer,15.0,13,32,14,18
2,Analytic,buffer,15.0,14,74,59,15
2,Analytic,buffer,15.0,15,27,10,17
2,Analytic,buffer,15.0,16,35,17,18
2,Analytic,buffer,15.0,17,25,8,17
2,Analytic,buffer,15.0,18,33,16,17
2,Analytic,buffer,15.0,19,27,11,16
2,Analytic,buffer,15.0,20,37,20,17
2,Analytic,buffer,15.0,21,23,6,17
2,Analytic,buffer,15.0,22,27,11,16
2,Analytic,buffer,15.0,23,40,22,18
2,Analytic,buffer,15.0,24,69,46,23
2,Analytic,buffer,15.0,25,73,54,19
2,Analytic,buffer,15.0,26,24,8,16
2,Analytic,buffer,15.0,27,28,10,18
2,Analytic,buffer,15.0,28,24,8,16
2,Analytic,buffer,15.0,29,23,7,16
2,Analytic,buffer,15.0,30,67,45,22
2,Analytic,buffer,15.0,31,61,44,17
2,Analytic,buffer,15.0,32,23,6,17
2,Analytic,buffer,15.0,33,24,8,16
2,Analytic,buffer,15.0,34,29,14,15
2,Analytic,buffer,15.0,35,33,17,16
2,Analytic,buffer,15.0,36,40,25,15
2,Analytic,buffer,15.0,37,17,6,11
2,Analytic,buffer,15.0,38,35,18,17
2,Analytic,buffer,15.0,39,25,8,17
2,Analytic,buffer,15.0,40,25,9,16
2,Analytic,buffer,15.0,41,21,6,15
2,Analytic,buffer,15.0,42,17,6,11
2,Analytic,buffer,15.0,43,17,6,11
2,Analytic,buffer,15.0,44,25,9,16
2,Analytic,buffer,15.0,45,17,6,11
2,Analytic,buffer,15.0,46,29,13,16
2,Analytic,buffer,15.0,47,65,45,20
2,Analytic,buffer,15.0,48,17,6,11
2,Analytic,buffer,15.0,49,32,14,18
2,Analytic,buffer,20.0,0,21,6,15
2,Analytic,buffer,20.0,1,38,18,20
2,Analytic,buffer,20.0,2,28,7,21
2,Analytic,buffer,20.0,3,25,6,19
2,Analytic,buffer,20.0,4,33,13,20
2,Analytic,buffer,20.0,5,39,15,24
2,Analytic,buffer,20.0,6,24,6,18
2,Analytic,buffer,20.0,7,43,21,22
2,Analytic,buffer,20.0,8,33,10,23
2,Analytic,buffer,20.0,9,28,6,22
2,Analytic,buffer,20.0,10,28,8,20
2,Analytic,buffer,20.0,11,33,13,20
2,Analytic,buffer,20.0,12,17,6,11
2,Analytic,buffer,20.0,13,32,11,21
2,Analytic,buffer,20.0,14,74,53,21
2,Analytic,buffer,20.0,15,27,6,21
2,Analytic,buffer,20.0,16,35,12,23
2,Analytic,buffer,20.0,17,25,6,19
2,Analytic,buffer,20.0,18,33,11,22
2,Analytic,buffer,20.0,19,27,6,21
2,Analytic,buffer,20.0,20,37,15,22
2,Analytic,buffer,20.0,21,23,6,17
2,Analytic,buffer,20.0,22,27,7,20
2,Analytic,buffer,20.0,23,40,16,24
2,Analytic,buffer,20.0,24,69,42,27
2,Analytic,buffer,20.0,25,73,50,23
2,Analytic,buffer,20.0,26,24,6,18
2,Analytic,buffer,20.0,27,28,7,21
2,Analytic,buffer,20.0,28,24,6,18
2,Analytic,buffer,20.0,29,23,6,17
2,Analytic,buffer,20.0,30,67,38,29
2,Analytic,buffer,20.0,31,61,37,24
2,Analytic,buffer,20.0,32,23,6,17
2,Analytic,buffer,20.0,33,24,6,18
2,Analytic,buffer,20.0,34,29,7,22
2,Analytic,buffer,20.0,35,33,11,22
2,Analytic,buffer,20.0,36,40,13,27
2,Analytic,buffer,20.0,37,17,6,11
2,Analytic,buffer,20.0,38,35,15,20
2,Analytic,buffer,20.0,39,25,6,19
2,Analytic,buffer,20.0,40,25,6,19
2,Analytic,buffer,20.0,41,21,6,15
2,Analytic,buffer,20.0,42,17,6,11
2,Analytic,buffer,20.0,43,17,6,11
2,Analytic,buffer,20.0,44,25,6,19
2,Analytic,buffer,20.0,45,17,6,11
2,Analytic,buffer,20.0,46,29,8,21
2,Analytic,buffer,20.0,47,65,38,27
2,Analytic,buffer,20.0,48,17,6,11
2,Analytic,buffer,20.0,49,32,11,21
2,Analytic,crossing,5.0,0,21,16,5
2,Analytic,crossing,5.0,1,38,34,4
2,Analytic,crossing,5.0,2,28,22,6
2,Analytic,crossing,5.0,3,25,19,6
2,Analytic,crossing,5.0,4,33,28,5
2,Analytic,crossing,5.0,5,39,34,5
2,Analytic,crossing,5.0,6,24,20,4
2,Analytic,crossing,5.0,7,43,39,4
2,Analytic,crossing,5.0,8,33,27,6
2,Analytic,crossing,5.0,9,28,23,5
2,Analytic,crossing,5.0,10,28,23,5
2,Analytic,crossing,5.0,11,33,29,4
2,Analytic,crossing,5.0,12,17,12,5
2,Analytic,crossing,5.0,13,32,27,5
2,Analytic,crossing,5.0,14,74,69,5
2,Analytic,crossing,5.0,15,27,22,5
2,Analytic,crossing,5.0,16,35,30,5
2,Analytic,crossing,5.0,17,25,20,5
2,Analytic,crossing,5.0,18,33,27,6
2,Analytic,crossing,5.0,19,27,22,5
2,Analytic,crossing,5.0,20,37,31,6
2,Analytic,crossing,5.0,21,23,18,5
2,Analytic,crossing,5.0,22,27,22,5
2,Analytic,crossing,5.0,23,40,36,4
2,Analytic,crossing,5.0,24,69,63,6
2,Analytic,crossing,5.0,25,73,67,6
2,Analytic,crossing,5.0,26,24,20,4
2,Analytic,crossing,5.0,27,28,23,5
2,Analytic,crossing,5.0,28,24,19,5
2,Analytic,crossing,5.0,29,23,18,5
2,Analytic,crossing,5.0,30,67,60,7
2,Analytic,crossing,5.0,31,61,56,5
2,Analytic,crossing,5.0,32,23,18,5
2,Analytic,crossing,5.0,33,24,20,4
2,Analytic,crossing,5.0,34,29,25,4
2,Analytic,crossing,5.0,35,33,28,5
2,Analytic,crossing,5.0,36,40,35,5
2,Analytic,crossing,5.0,37,17,11,6
2,Analytic,crossing,5.0,38,35,31,4
2,Analytic,crossing,5.0,39,25,20,5
2,Analytic,crossing,5.0,40,25,19,6
2,Analytic,crossing,5.0,41,21,16,5
2,Analytic,crossing,5.0,42,17,11,6
2,Analytic,crossing,5.0,43,17,12,5
2,Analytic,crossing,5.0,44,25,20,5
2,Analytic,crossing,5.0,45,17,12,5
2,Analytic,crossing,5.0,46,29,24,5
2,Analytic,crossing,5.0,47,65,59,6
2,Analytic,crossing,5.0,48,17,12,5
2,Analytic,crossing,5.0,49,32,26,6
2,Analytic,crossing,10.0,0,21,12,9
2,Analytic,crossing,10.0,1,38,29,9
2,Analytic,crossing,10.0,2,28,18,10
2,Analytic,crossing,10.0,3,25,15,10
2,Analytic,crossing,10.0,4,33,24,9
2,Analytic,crossing,10.0,5,39,29,10
2,Analytic,crossing,10.0,6,24,14,10
2,Analytic,crossing,10.0,7,43,34,9
2,Analytic,crossing,10.0,8,33,23,10
2,Analytic,crossing,10.0,9,28,18,10
2,Analytic,crossing,10.0,10,28,17,11
2,Analytic,crossing,10.0,11,33,23,10
2,Analytic,crossing,10.0,12,17,8,9
2,Analytic,crossing,10.0,13,32,22,10
2,Analytic,crossing,10.0,14,74,64,10
2,Analytic,crossing,10.0,15,27,17,10
2,Analytic,crossing,10.0,16,35,25,10
2,Analytic,crossing,10.0,17,25,16,9
2,Analytic,crossing,10.0,18,33,22,11
2,Analytic,crossing,10.0,19,27,17,10
2,Analytic,crossing,10.0,20,37,27,10
2,Analytic,crossing,10.0,21,23,14,9
2,Analytic,crossing,10.0,22,27,17,10
2,Analytic,crossing,10.0,23,40,28,12
2,Analytic,crossing,10.0,24,69,53,16
2,Analytic,crossing,10.0,25,73,63,10
2,Analytic,crossing,10.0,26,24,14,10
2,Analytic,crossing,10.0,27,28,18,10
2,Analytic,crossing,10.0,28,24,14,10
2,Analytic,crossing,10.0,29,23,13,10
2,Analytic,crossing,10.0,30,67,50,17
2,Analytic,crossing,10.0,31,61,51,10
2,Analytic,crossing,10.0,32,23,12,11
2,Analytic,crossing,10.0,33,24,14,10
2,Analytic,crossing,10.0,34,29,19,10
2,Analytic,crossing,10.0,35,33,23,10
2,Analytic,crossing,10.0,36,40,30,10
2,Analytic,crossing,10.0,37,17,7,10
2,Analytic,crossing,10.0,38,35,25,10
2,Analytic,crossing,10.0,39,25,15,10
2,Analytic,crossing,10.0,40,25,15,10
2,Analytic,crossing,10.0,41,21,11,10
2,Analytic,crossing,10.0,42,17,7,10
2,Analytic,crossing,10.0,43,17,7,10
2,Analytic,crossing,10.0,44,25,15,10
2,Analytic,crossing,10.0,45,17,8,9
2,Analytic,crossing,10.0,46,29,19,10
2,Analytic,crossing,10.0,47,65,51,14
2,Analytic,crossing,10.0,48,17,7,10
2,Analytic,crossing,10.0,49,32,22,10
2,Analytic,crossing,15.0,0,21,7,14
2,Analytic,crossing,15.0,1,38,25,13
2,Analytic,crossing,15.0,2,28,13,15
2,Analytic,crossing,15.0,3,25,8,17
2,Analytic,crossing,15.0,4,33,18,15
2,Analytic,crossing,15.0,5,39,23,16
2,Analytic,crossing,15.0,6,24,9,15
2,Analytic,crossing,15.0,7,43,28,15
2,Analytic,crossing,15.0,8,33,16,17
2,Analytic,crossing,15.0,9,28,15,13
2,Analytic,crossing,15.0,10,28,12,16
2,Analytic,crossing,15.0,11,33,19,14
2,Analytic,crossing,15.0,12,17,6,11
2,Analytic,crossing,15.0,13,32,17,15
2,Analytic,crossing,15.0,14,74,61,13
2,Analytic,crossing,15.0,15,27,13,14
2,Analytic,crossing,15.0,16,35,19,16
2,Analytic,crossing,15.0,17,25,9,16
2,Analytic,crossing,15.0,18,33,19,14
2,Analytic,crossing,15.0,19,27,12,15
2,Analytic,crossing,15.0,20,37,21,16
2,Analytic,crossing,15.0,21,23,9,14
2,Analytic,crossing,15.0,22,27,13,14
2,Analytic,crossing,15.0,23,40,25,15
2,Analytic,crossing,15.0,24,69,48,21
2,Analytic,crossing,15.0,25,73,56,17
2,Analytic,crossing,15.0,26,24,9,15
2,Analytic,crossing,15.0,27,28,11,17
2,Analytic,crossing,15.0,28,24,9,15
2,Analytic,crossing,15.0,29,23,8,15
2,Analytic,crossing,15.0,30,67,46,21
2,Analytic,crossing,15.0,31,61,45,16
2,Analytic,crossing,15.0,32,23,8,15
2,Analytic,crossing,15.0,33,24,9,15
2,Analytic,crossing,15.0,34,29,15,14
2,Analytic,crossing,15.0,35,33,18,15
2,Analytic,crossing,15.0,36,40,26,14
2,Analytic,crossing,15.0,37,17,6,11
2,Analytic,crossing,15.0,38,35,20,15
2,Analytic,crossing,15.0,39,25,11,14
2,Analytic,crossing,15.0,40,25,12,13
2,Analytic,crossing,15.0,41,21,6,15
2,Analytic,crossing,15.0,42,17,6,11
2,Analytic,crossing,15.0,43,17,6,11
2,Analytic,crossing,15.0,44,25,11,14
2,Analytic,crossing,15.0,45,17,6,11
2,Analytic,crossing,15.0,46,29,15,14
2,Analytic,crossing,15.0,47,65,47,18
2,Analytic,crossing,15.0,48,17,6,11
2,Analytic,crossing,15.0,49,32,18,14
2,Analytic,crossing,20.0,0,21,6,15
2,Analytic,crossing,20.0,1,38,20,18
2,Analytic,crossing,20.0,2,28,9,19
2,Analytic,crossing,20.0,3,25,6,19
2,Analytic,crossing,20.0,4,33,14,19
2,Analytic,crossing,20.0,5,39,17,22
2,Analytic,crossing,20.0,6,24,6,18
2,Analytic,crossing,20.0,7,43,24,19
2,Analytic,crossing,20.0,8,33,11,22
2,Analytic,crossing,20.0,9,28,9,19
2,Analytic,crossing,20.0,10,28,8,20
2,Analytic,crossing,20.0,11,33,13,20
2,Analytic,crossing,20.0,12,17,6,11
2,Analytic,crossing,20.0,13,32,11,21
2,Analytic,crossing,20.0,14,74,55,19
2,Analytic,crossing,20.0,15,27,7,20
2,Analytic,crossing,20.0,16,35,13,22
2,Analytic,crossing,20.0,17,25,6,19
2,Analytic,crossing,20.0,18,33,12,21
2,Analytic,crossing,20.0,19,27,8,19
2,Analytic,crossing,20.0,20,37,17,20
2,Analytic,crossing,20.0,21,23,6,17
2,Analytic,crossing,20.0,22,27,9,18
2,Analytic,crossing,20.0,23,40,17,23
2,Analytic,crossing,20.0,24,69,44,25
2,Analytic,crossing,20.0,25,73,51,22
2,Analytic,crossing,20.0,26,24,6,18
2,Analytic,crossing,20.0,27,28,8,20
2,Analytic,crossing,20.0,28,24,6,18
2,Analytic,crossing,20.0,29,23,6,17
2,Analytic,crossing,20.0,30,67,39,28
2,Analytic,crossing,20.0,31,61,41,20
2,Analytic,crossing,20.0,32,23,6,17
2,Analytic,crossing,20.0,33,24,6,18
2,Analytic,crossing,20.0,34,29,8,21
2,Analytic,crossing,20.0,35,33,14,19
2,Analytic,crossing,20.0,36,40,15,25
2,Analytic,crossing,20.0,37,17,6,11
2,Analytic,crossing,20.0,38,35,16,19
2,Analytic,crossing,20.0,39,25,6,19
2,Analytic,crossing,20.0,40,25,6,19
2,Analytic,crossing,20.0,41,21,6,15
2,Analytic,crossing,20.0,42,17,6,11
2,Analytic,crossing,20.0,43,17,6,11
2,Analytic,crossing,20.0,44,25,8,17
2,Analytic,crossing,20.0,45,17,6,11
2,Analytic,crossing,20.0,46,29,9,20
2,Analytic,crossing,20.0,47,65,40,25
2,Analytic,crossing,20.0,48,17,6,11
2,Analytic,crossing,20.0,49,32,11,21
2,LSTM,buffer,5.0,0,21,15,6
2,LSTM,buffer,5.0,1,38,32,6
2,LSTM,buffer,5.0,2,28,21,7
2,LSTM,buffer,5.0,3,25,18,7
2,LSTM,buffer,5.0,4,33,27,6
2,LSTM,buffer,5.0,5,39,33,6
2,LSTM,buffer,5.0,6,24,18,6
2,LSTM,buffer,5.0,7,43,37,6
2,LSTM,buffer,5.0,8,33,26,7
2,LSTM,buffer,5.0,9,28,22,6
2,LSTM,buffer,5.0,10,28,22,6
2,LSTM,buffer,5.0,11,33,28,5
2,LSTM,buffer,5.0,12,17,10,7
2,LSTM,buffer,5.0,13,32,26,6
2,LSTM,buffer,5.0,14,74,68,6
2,LSTM,buffer,5.0,15,27,21,6
2,LSTM,buffer,5.0,16,35,29,6
2,LSTM,buffer,5.0,17,25,18,7
2,LSTM,buffer,5.0,18,33,26,7
2,LSTM,buffer,5.0,19,27,21,6
2,LSTM,buffer,5.0,20,37,29,8
2,LSTM,buffer,5.0,21,23,17,6
2,LSTM,buffer,5.0,22,27,21,6
2,LSTM,buffer,5.0,23,40,33,7
2,LSTM,buffer,5.0,24,69,61,8
2,LSTM,buffer,5.0,25,73,66,7
2,LSTM,buffer,5.0,26,24,19,5
2,LSTM,buffer,5.0,27,28,22,6
2,LSTM,buffer,5.0,28,24,18,6
2,LSTM,buffer,5.0,29,23,17,6
2,LSTM,buffer,5.0,30,67,61,6
2,LSTM,buffer,5.0,31,61,55,6
2,LSTM,buffer,5.0,32,23,17,6
2,LSTM,buffer,5.0,33,24,18,6
2,LSTM,buffer,5.0,34,29,24,5
2,LSTM,buffer,5.0,35,33,27,6
2,LSTM,buffer,5.0,36,40,34,6
2,LSTM,buffer,5.0,37,17,10,7
2,LSTM,buffer,5.0,38,35,30,5
2,LSTM,buffer,5.0,39,25,19,6
2,LSTM,buffer,5.0,40,25,19,6
2,LSTM,buffer,5.0,41,21,15,6
2,LSTM,buffer,5.0,42,17,10,7
2,LSTM,buffer,5.0,43,17,11,6
2,LSTM,buffer,5.0,44,25,19,6
2,LSTM,buffer,5.0,45,17,12,5
2,LSTM,buffer,5.0,46,29,23,6
2,LSTM,buffer,5.0,47,65,59,6
2,LSTM,buffer,5.0,48,17,11,6
2,LSTM,buffer,5.0,49,32,26,6
2,LSTM,buffer,10.0,0,21,12,9
2,LSTM,buffer,10.0,1,38,28,10
2,LSTM,buffer,10.0,2,28,18,10
2,LSTM,buffer,10.0,3,25,15,10
2,LSTM,buffer,10.0,4,33,23,10
2,LSTM,buffer,10.0,5,39,30,9
2,LSTM,buffer,10.0,6,24,14,10
2,LSTM,buffer,10.0,7,43,35,8
2,LSTM,buffer,10.0,8,33,22,11
2,LSTM,buffer,10.0,9,28,18,10
2,LSTM,buffer,10.0,10,28,17,11
2,LSTM,buffer,10.0,11,33,22,11
2,LSTM,buffer,10.0,12,17,8,9
2,LSTM,buffer,10.0,13,32,21,11
2,LSTM,buffer,10.0,14,74,64,10
2,LSTM,buffer,10.0,15,27,17,10
2,LSTM,buffer,10.0,16,35,24,11
2,LSTM,buffer,10.0,17,25,16,9
2,LSTM,buffer,10.0,18,33,21,12
2,LSTM,buffer,10.0,19,27,17,10
2,LSTM,buffer,10.0,20,37,26,11
2,LSTM,buffer,10.0,21,23,14,9
2,LSTM,buffer,10.0,22,27,17,10
2,LSTM,buffer,10.0,23,40,28,12
2,LSTM,buffer,10.0,24,69,54,15
2,LSTM,buffer,10.0,25,73,63,10
2,LSTM,buffer,10.0,26,24,14,10
2,LSTM,buffer,10.0,27,28,18,10
2,LSTM,buffer,10.0,28,24,14,10
2,LSTM,buffer,10.0,29,23,13,10
2,LSTM,buffer,10.0,30,67,53,14
2,LSTM,buffer,10.0,31,61,51,10
2,LSTM,buffer,10.0,32,23,13,10
2,LSTM,buffer,10.0,33,24,13,11
2,LSTM,buffer,10.0,34,29,20,9
2,LSTM,buffer,10.0,35,33,23,10
2,LSTM,buffer,10.0,36,40,30,10
2,LSTM,buffer,10.0,37,17,7,10
2,LSTM,buffer,10.0,38,35,24,11
2,LSTM,buffer,10.0,39,25,15,10
2,LSTM,buffer,10.0,40,25,15,10
2,LSTM,buffer,10.0,41,21,12,9
2,LSTM,buffer,10.0,42,17,7,10
2,LSTM,buffer,10.0,43,17,6,11
2,LSTM,buffer,10.0,44,25,16,9
2,LSTM,buffer,10.0,45,17,7,10
2,LSTM,buffer,10.0,46,29,19,10
2,LSTM,buffer,10.0,47,65,54,11
2,LSTM,buffer,10.0,48,17,6,11
2,LSTM,buffer,10.0,49,32,22,10
2,LSTM,buffer,15.0,0,21,8,13
2,LSTM,buffer,15.0,1,38,26,12
2,LSTM,buffer,15.0,2,28,15,13
2,LSTM,buffer,15.0,3,25,10,15
2,LSTM,buffer,15.0,4,33,20,13
2,LSTM,buffer,15.0,5,39,26,13
2,LSTM,buffer,15.0,6,24,11,13
2,LSTM,buffer,15.0,7,43,33,10
2,LSTM,buffer,15.0,8,33,18,15
2,LSTM,buffer,15.0,9,28,15,13
2,LSTM,buffer,15.0,10,28,15,13
2,LSTM,buffer,15.0,11,33,18,15
2,LSTM,buffer,15.0,12,17,6,11
2,LSTM,buffer,15.0,13,32,17,15
2,LSTM,buffer,15.0,14,74,61,13
2,LSTM,buffer,15.0,15,27,15,12
2,LSTM,buffer,15.0,16,35,22,13
2,LSTM,buffer,15.0,17,25,11,14
2,LSTM,buffer,15.0,18,33,18,15
2,LSTM,buffer,15.0,19,27,14,13
2,LSTM,buffer,15.0,20,37,22,15
2,LSTM,buffer,15.0,21,23,8,15
2,LSTM,buffer,15.0,22,27,14,13
2,LSTM,buffer,15.0,23,40,26,14
2,LSTM,buffer,15.0,24,69,49,20
2,LSTM,buffer,15.0,25,73,60,13
2,LSTM,buffer,15.0,26,24,10,14
2,LSTM,buffer,15.0,27,28,15,13
2,LSTM,buffer,15.0,28,24,8,16
2,LSTM,buffer,15.0,29,23,9,14
2,LSTM,buffer,15.0,30,67,47,20
2,LSTM,buffer,15.0,31,61,46,15
2,LSTM,buffer,15.0,32,23,9,14
2,LSTM,buffer,15.0,33,24,9,15
2,LSTM,buffer,15.0,34,29,16,13
2,LSTM,buffer,15.0,35,33,17,16
2,LSTM,buffer,15.0,36,40,27,13
2,LSTM,buffer,15.0,37,17,6,11
2,LSTM,buffer,15.0,38,35,21,14
2,LSTM,buffer,15.0,39,25,11,14
2,LSTM,buffer,15.0,40,25,12,13
2,LSTM,buffer,15.0,41,21,7,14
2,LSTM,buffer,15.0,42,17,6,11
2,LSTM,buffer,15.0,43,17,6,11
2,LSTM,buffer,15.0,44,25,14,11
2,LSTM,buffer,15.0,45,17,6,11
2,LSTM,buffer,15.0,46,29,15,14
2,LSTM,buffer,15.0,47,65,48,17
2,LSTM,buffer,15.0,48,17,6,11
2,LSTM,buffer,15.0,49,32,18,14
2,LSTM,buffer,20.0,0,21,6,15
2,LSTM,buffer,20.0,1,38,22,16
2,LSTM,buffer,20.0,2,28,12,16
2,LSTM,buffer,20.0,3,25,6,19
2,LSTM,buffer,20.0,4,33,16,17
2,LSTM,buffer,20.0,5,39,22,17
2,LSTM,buffer,20.0,6,24,6,18
2,LSTM,buffer,20.0,7,43,31,12
2,LSTM,buffer,20.0,8,33,14,19
2,LSTM,buffer,20.0,9,28,13,15
2,LSTM,buffer,20.0,10,28,10,18
2,LSTM,buffer,20.0,11,33,13,20
2,LSTM,buffer,20.0,12,17,6,11
2,LSTM,buffer,20.0,13,32,12,20
2,LSTM,buffer,20.0,14,74,59,15
2,LSTM,buffer,20.0,15,27,15,12
2,LSTM,buffer,20.0,16,35,17,18
2,LSTM,buffer,20.0,17,25,6,19
2,LSTM,buffer,20.0,18,33,15,18
2,LSTM,buffer,20.0,19,27,11,16
2,LSTM,buffer,20.0,20,37,20,17
2,LSTM,buffer,20.0,21,23,6,17
2,LSTM,buffer,20.0,22,27,10,17
2,LSTM,buffer,20.0,23,40,25,15
2,LSTM,buffer,20.0,24,69,46,23
2,LSTM,buffer,20.0,25,73,53,20
2,LSTM,buffer,20.0,26,24,7,17
2,LSTM,buffer,20.0,27,28,13,15
2,LSTM,buffer,20.0,28,24,6,18
2,LSTM,buffer,20.0,29,23,6,17
2,LSTM,buffer,20.0,30,67,44,23
2,LSTM,buffer,20.0,31,61,43,18
2,LSTM,buffer,20.0,32,23,6,17
2,LSTM,buffer,20.0,33,24,6,18
2,LSTM,buffer,20.0,34,29,14,15
2,LSTM,buffer,20.0,35,33,15,18
2,LSTM,buffer,20.0,36,40,25,15
2,LSTM,buffer,20.0,37,17,6,11
2,LSTM,buffer,20.0,38,35,16,19
2,LSTM,buffer,20.0,39,25,6,19
2,LSTM,buffer,20.0,40,25,10,15
2,LSTM,buffer,20.0,41,21,6,15
2,LSTM,buffer,20.0,42,17,6,11
2,LSTM,buffer,20.0,43,17,6,11
2,LSTM,buffer,20.0,44,25,10,15
2,LSTM,buffer,20.0,45,17,6,11
2,LSTM,buffer,20.0,46,29,14,15
2,LSTM,buffer,20.0,47,65,45,20
2,LSTM,buffer,20.0,48,17,6,11
2,LSTM,buffer,20.0,49,32,11,21
2,LSTM,crossing,5.0,0,21,17,4
2,LSTM,crossing,5.0,1,38,34,4
2,LSTM,crossing,5.0,2,28,23,5
2,LSTM,crossing,5.0,3,25,20,5
2,LSTM,crossing,5.0,4,33,28,5
2,LSTM,crossing,5.0,5,39,35,4
2,LSTM,crossing,5.0,6,24,20,4
2,LSTM,crossing,5.0,7,43,39,4
2,LSTM,crossing,5.0,8,33,28,5
2,LSTM,crossing,5.0,9,28,24,4
2,LSTM,crossing,5.0,10,28,23,5
2,LSTM,crossing,5.0,11,33,29,4
2,LSTM,crossing,5.0,12,17,12,5
2,LSTM,crossing,5.0,13,32,27,5
2,LSTM,crossing,5.0,14,74,70,4
2,LSTM,crossing,5.0,15,27,23,4
2,LSTM,crossing,5.0,16,35,30,5
2,LSTM,crossing,5.0,17,25,20,5
2,LSTM,crossing,5.0,18,33,28,5
2,LSTM,crossing,5.0,19,27,23,4
2,LSTM,crossing,5.0,20,37,32,5
2,LSTM,crossing,5.0,21,23,18,5
2,LSTM,crossing,5.0,22,27,22,5
2,LSTM,crossing,5.0,23,40,36,4
2,LSTM,crossing,5.0,24,69,68,1
2,LSTM,crossing,5.0,25,73,68,5
2,LSTM,crossing,5.0,26,24,20,4
2,LSTM,crossing,5.0,27,28,24,4
2,LSTM,crossing,5.0,28,24,19,5
2,LSTM,crossing,5.0,29,23,18,5
2,LSTM,crossing,5.0,30,67,66,1
2,LSTM,crossing,5.0,31,61,56,5
2,LSTM,crossing,5.0,32,23,18,5
2,LSTM,crossing,5.0,33,24,20,4
2,LSTM,crossing,5.0,34,29,26,3
2,LSTM,crossing,5.0,35,33,28,5
2,LSTM,crossing,5.0,36,40,36,4
2,LSTM,crossing,5.0,37,17,12,5
2,LSTM,crossing,5.0,38,35,31,4
2,LSTM,crossing,5.0,39,25,20,5
2,LSTM,crossing,5.0,40,25,21,4
2,LSTM,crossing,5.0,41,21,16,5
2,LSTM,crossing,5.0,42,17,13,4
2,LSTM,crossing,5.0,43,17,12,5
2,LSTM,crossing,5.0,44,25,20,5
2,LSTM,crossing,5.0,45,17,13,4
2,LSTM,crossing,5.0,46,29,25,4
2,LSTM,crossing,5.0,47,65,62,3
2,LSTM,crossing,5.0,48,17,13,4
2,LSTM,crossing,5.0,49,32,27,5
2,LSTM,crossing,10.0,0,21,14,7
2,LSTM,crossing,10.0,1,38,29,9
2,LSTM,crossing,10.0,2,28,19,9
2,LSTM,crossing,10.0,3,25,15,10
2,LSTM,crossing,10.0,4,33,25,8
2,LSTM,crossing,10.0,5,39,32,7
2,LSTM,crossing,10.0,6,24,16,8
2,LSTM,crossing,10.0,7,43,37,6
2,LSTM,crossing,10.0,8,33,23,10
2,LSTM,crossing,10.0,9,28,21,7
2,LSTM,crossing,10.0,10,28,20,8
2,LSTM,crossing,10.0,11,33,24,9
2,LSTM,crossing,10.0,12,17,8,9
2,LSTM,crossing,10.0,13,32,24,8
2,LSTM,crossing,10.0,14,74,66,8
2,LSTM,crossing,10.0,15,27,19,8
2,LSTM,crossing,10.0,16,35,26,9
2,LSTM,crossing,10.0,17,25,17,8
2,LSTM,crossing,10.0,18,33,23,10
2,LSTM,crossing,10.0,19,27,18,9
2,LSTM,crossing,10.0,20,37,27,10
2,LSTM,crossing,10.0,21,23,14,9
2,LSTM,crossing,10.0,22,27,19,8
2,LSTM,crossing,10.0,23,40,33,7
2,LSTM,crossing,10.0,24,69,68,1
2,LSTM,crossing,10.0,25,73,65,8
2,LSTM,crossing,10.0,26,24,15,9
2,LSTM,crossing,10.0,27,28,20,8
2,LSTM,crossing,10.0,28,24,15,9
2,LSTM,crossing,10.0,29,23,14,9
2,LSTM,crossing,10.0,30,67,66,1
2,LSTM,crossing,10.0,31,61,52,9
2,LSTM,crossing,10.0,32,23,15,8
2,LSTM,crossing,10.0,33,24,15,9
2,LSTM,crossing,10.0,34,29,21,8
2,LSTM,crossing,10.0,35,33,25,8
2,LSTM,crossing,10.0,36,40,31,9
2,LSTM,crossing,10.0,37,17,7,10
2,LSTM,crossing,10.0,38,35,26,9
2,LSTM,crossing,10.0,39,25,17,8
2,LSTM,crossing,10.0,40,25,17,8
2,LSTM,crossing,10.0,41,21,13,8
2,LSTM,crossing,10.0,42,17,7,10
2,LSTM,crossing,10.0,43,17,7,10
2,LSTM,crossing,10.0,44,25,17,8
2,LSTM,crossing,10.0,45,17,8,9
2,LSTM,crossing,10.0,46,29,20,9
2,LSTM,crossing,10.0,47,65,59,6
2,LSTM,crossing,10.0,48,17,8,9
2,LSTM,crossing,10.0,49,32,23,9
2,LSTM,crossing,15.0,0,21,11,10
2,LSTM,crossing,15.0,1,38,28,10
2,LSTM,crossing,15.0,2,28,16,12
2,LSTM,crossing,15.0,3,25,12,13
2,LSTM,crossing,15.0,4,33,21,12
2,LSTM,crossing,15.0,5,39,28,11
2,LSTM,crossing,15.0,6,24,11,13
2,LSTM,crossing,15.0,7,43,35,8
2,LSTM,crossing,15.0,8,33,20,13
2,LSTM,crossing,15.0,9,28,17,11
2,LSTM,crossing,15.0,10,28,15,13
2,LSTM,crossing,15.0,11,33,21,12
2,LSTM,crossing,15.0,12,17,6,11
2,LSTM,crossing,15.0,13,32,19,13
2,LSTM,crossing,15.0,14,74,63,11
2,LSTM,crossing,15.0,15,27,16,11
2,LSTM,crossing,15.0,16,35,23,12
2,LSTM,crossing,15.0,17,25,12,13
2,LSTM,crossing,15.0,18,33,19,14
2,LSTM,crossing,15.0,19,27,16,11
2,LSTM,crossing,15.0,20,37,26,11
2,LSTM,crossing,15.0,21,23,10,13
2,LSTM,crossing,15.0,22,27,16,11
2,LSTM,crossing,15.0,23,40,27,13
2,LSTM,crossing,15.0,24,69,53,16
2,LSTM,crossing,15.0,25,73,62,11
2,LSTM,crossing,15.0,26,24,11,13
2,LSTM,crossing,15.0,27,28,17,11
2,LSTM,crossing,15.0,28,24,10,14
2,LSTM,crossing,15.0,29,23,10,13
2,LSTM,crossing,15.0,30,67,52,15
2,LSTM,crossing,15.0,31,61,48,13
2,LSTM,crossing,15.0,32,23,10,13
2,LSTM,crossing,15.0,33,24,12,12
2,LSTM,crossing,15.0,34,29,17,12
2,LSTM,crossing,15.0,35,33,19,14
2,LSTM,crossing,15.0,36,40,28,12
2,LSTM,crossing,15.0,37,17,6,11
2,LSTM,crossing,15.0,38,35,22,13
2,LSTM,crossing,15.0,39,25,13,12
2,LSTM,crossing,15.0,40,25,14,11
2,LSTM,crossing,15.0,41,21,9,12
2,LSTM,crossing,15.0,42,17,6,11
2,LSTM,crossing,15.0,43,17,6,11
2,LSTM,crossing,15.0,44,25,15,10
2,LSTM,crossing,15.0,45,17,6,11
2,LSTM,crossing,15.0,46,29,18,11
2,LSTM,crossing,15.0,47,65,54,11
2,LSTM,crossing,15.0,48,17,6,11
2,LSTM,crossing,15.0,49,32,19,13
2,LSTM,crossing,20.0,0,21,7,14
2,LSTM,crossing,20.0,1,38,26,12
2,LSTM,crossing,20.0,2,28,13,15
2,LSTM,crossing,20.0,3,25,7,18
2,LSTM,crossing,20.0,4,33,19,14
2,LSTM,crossing,20.0,5,39,26,13
2,LSTM,crossing,20.0,6,24,7,17
2,LSTM,crossing,20.0,7,43,33,10
2,LSTM,crossing,20.0,8,33,14,19
2,LSTM,crossing,20.0,9,28,14,14
2,LSTM,crossing,20.0,10,28,14,14
2,LSTM,crossing,20.0,11,33,14,19
2,LSTM,crossing,20.0,12,17,6,11
2,LSTM,crossing,20.0,13,32,16,16
2,LSTM,crossing,20.0,14,74,60,14
2,LSTM,crossing,20.0,15,27,16,11
2,LSTM,crossing,20.0,16,35,22,13
2,LSTM,crossing,20.0,17,25,7,18
2,LSTM,crossing,20.0,18,33,16,17
2,LSTM,crossing,20.0,19,27,11,16
2,LSTM,crossing,20.0,20,37,21,16
2,LSTM,crossing,20.0,21,23,8,15
2,LSTM,crossing,20.0,22,27,13,14
2,LSTM,crossing,20.0,23,40,26,14
2,LSTM,crossing,20.0,24,69,46,23
2,LSTM,crossing,20.0,25,73,59,14
2,LSTM,crossing,20.0,26,24,8,16
2,LSTM,crossing,20.0,27,28,15,13
2,LSTM,crossing,20.0,28,24,8,16
2,LSTM,crossing,20.0,29,23,7,16
2,LSTM,crossing,20.0,30,67,45,22
2,LSTM,crossing,20.0,31,61,45,16
2,LSTM,crossing,20.0,32,23,8,15
2,LSTM,crossing,20.0,33,24,6,18
2,LSTM,crossing,20.0,34,29,15,14
2,LSTM,crossing,20.0,35,33,17,16
2,LSTM,crossing,20.0,36,40,26,14
2,LSTM,crossing,20.0,37,17,6,11
2,LSTM,crossing,20.0,38,35,20,15
2,LSTM,crossing,20.0,39,25,8,17
2,LSTM,crossing,20.0,40,25,11,14
2,LSTM,crossing,20.0,41,21,6,15
2,LSTM,crossing,20.0,42,17,6,11
2,LSTM,crossing,20.0,43,17,6,11
2,LSTM,crossing,20.0,44,25,14,11
2,LSTM,crossing,20.0,45,17,6,11
2,LSTM,crossing,20.0,46,29,14,15
2,LSTM,crossing,20.0,47,65,47,18
2,LSTM,crossing,20.0,48,17,6,11
2,LSTM,crossing,20.0,49,32,12,20
2,ConstVel,buffer,5.0,0,21,14,7
2,ConstVel,buffer,5.0,1,38,32,6
2,ConstVel,buffer,5.0,2,28,21,7
2,ConstVel,buffer,5.0,3,25,17,8
2,ConstVel,buffer,5.0,4,33,26,7
2,ConstVel,buffer,5.0,5,39,33,6
2,ConstVel,buffer,5.0,6,24,18,6
2,ConstVel,buffer,5.0,7,43,37,6
2,ConstVel,buffer,5.0,8,33,26,7
2,ConstVel,buffer,5.0,9,28,20,8
2,ConstVel,buffer,5.0,10,28,21,7
2,ConstVel,buffer,5.0,11,33,27,6
2,ConstVel,buffer,5.0,12,17,10,7
2,ConstVel,buffer,5.0,13,32,26,6
2,ConstVel,buffer,5.0,14,74,68,6
2,ConstVel,buffer,5.0,15,27,20,7
2,ConstVel,buffer,5.0,16,35,29,6
2,ConstVel,buffer,5.0,17,25,18,7
2,ConstVel,buffer,5.0,18,33,26,7
2,ConstVel,buffer,5.0,19,27,20,7
2,ConstVel,buffer,5.0,20,37,29,8
2,ConstVel,buffer,5.0,21,23,16,7
2,ConstVel,buffer,5.0,22,27,20,7
2,ConstVel,buffer,5.0,23,40,33,7
2,ConstVel,buffer,5.0,24,69,59,10
2,ConstVel,buffer,5.0,25,73,65,8
2,ConstVel,buffer,5.0,26,24,19,5
2,ConstVel,buffer,5.0,27,28,22,6
2,ConstVel,buffer,5.0,28,24,18,6
2,ConstVel,buffer,5.0,29,23,17,6
2,ConstVel,buffer,5.0,30,67,57,10
2,ConstVel,buffer,5.0,31,61,54,7
2,ConstVel,buffer,5.0,32,23,16,7
2,ConstVel,buffer,5.0,33,24,18,6
2,ConstVel,buffer,5.0,34,29,23,6
2,ConstVel,buffer,5.0,35,33,27,6
2,ConstVel,buffer,5.0,36,40,33,7
2,ConstVel,buffer,5.0,37,17,10,7
2,ConstVel,buffer,5.0,38,35,29,6
2,ConstVel,buffer,5.0,39,25,19,6
2,ConstVel,buffer,5.0,40,25,18,7
2,ConstVel,buffer,5.0,41,21,14,7
2,ConstVel,buffer,5.0,42,17,10,7
2,ConstVel,buffer,5.0,43,17,10,7
2,ConstVel,buffer,5.0,44,25,18,7
2,ConstVel,buffer,5.0,45,17,12,5
2,ConstVel,buffer,5.0,46,29,23,6
2,ConstVel,buffer,5.0,47,65,58,7
2,ConstVel,buffer,5.0,48,17,11,6
2,ConstVel,buffer,5.0,49,32,26,6
2,ConstVel,buffer,10.0,0,21,11,10
2,ConstVel,buffer,10.0,1,38,28,10
2,ConstVel,buffer,10.0,2,28,15,13
2,ConstVel,buffer,10.0,3,25,14,11
2,ConstVel,buffer,10.0,4,33,21,12
2,ConstVel,buffer,10.0,5,39,26,13
2,ConstVel,buffer,10.0,6,24,11,13
2,ConstVel,buffer,10.0,7,43,31,12
2,ConstVel,buffer,10.0,8,33,22,11
2,ConstVel,buffer,10.0,9,28,16,12
2,ConstVel,buffer,10.0,10,28,15,13
2,ConstVel,buffer,10.0,11,33,22,11
2,ConstVel,buffer,10.0,12,17,7,10
2,ConstVel,buffer,10.0,13,32,21,11
2,ConstVel,buffer,10.0,14,74,63,11
2,ConstVel,buffer,10.0,15,27,15,12
2,ConstVel,buffer,10.0,16,35,23,12
2,ConstVel,buffer,10.0,17,25,12,13
2,ConstVel,buffer,10.0,18,33,21,12
2,ConstVel,buffer,10.0,19,27,16,11
2,ConstVel,buffer,10.0,20,37,25,12
2,ConstVel,buffer,10.0,21,23,13,10
2,ConstVel,buffer,10.0,22,27,16,11
2,ConstVel,buffer,10.0,23,40,26,14
2,ConstVel,buffer,10.0,24,69,50,19
2,ConstVel,buffer,10.0,25,73,62,11
2,ConstVel,buffer,10.0,26,24,13,11
2,ConstVel,buffer,10.0,27,28,15,13
2,ConstVel,buffer,10.0,28,24,12,12
2,ConstVel,buffer,10.0,29,23,12,11
2,ConstVel,buffer,10.0,30,67,47,20
2,ConstVel,buffer,10.0,31,61,48,13
2,ConstVel,buffer,10.0,32,23,9,14
2,ConstVel,buffer,10.0,33,24,13,11
2,ConstVel,buffer,10.0,34,29,17,12
2,ConstVel,buffer,10.0,35,33,22,11
2,ConstVel,buffer,10.0,36,40,28,12
2,ConstVel,buffer,10.0,37,17,6,11
2,ConstVel,buffer,10.0,38,35,23,12
2,ConstVel,buffer,10.0,39,25,14,11
2,ConstVel,buffer,10.0,40,25,12,13
2,ConstVel,buffer,10.0,41,21,9,12
2,ConstVel,buffer,10.0,42,17,6,11
2,ConstVel,buffer,10.0,43,17,6,11
2,ConstVel,buffer,10.0,44,25,11,14
2,ConstVel,buffer,10.0,45,17,6,11
2,ConstVel,buffer,10.0,46,29,18,11
2,ConstVel,buffer,10.0,47,65,50,15
2,ConstVel,buffer,10.0,48,17,6,11
2,ConstVel,buffer,10.0,49,32,21,11
2,ConstVel,buffer,15.0,0,21,7,14
2,ConstVel,buffer,15.0,1,38,21,17
2,ConstVel,buffer,15.0,2,28,11,17
2,ConstVel,buffer,15.0,3,25,7,18
2,ConstVel,buffer,15.0,4,33,15,18
2,ConstVel,buffer,15.0,5,39,22,17
2,ConstVel,buffer,15.0,6,24,7,17
2,ConstVel,buffer,15.0,7,43,25,18
2,ConstVel,buffer,15.0,8,33,14,19
2,ConstVel,buffer,15.0,9,28,11,17
2,ConstVel,buffer,15.0,10,28,8,20
2,ConstVel,buffer,15.0,11,33,16,17
2,ConstVel,buffer,15.0,12,17,6,11
2,ConstVel,buffer,15.0,13,32,12,20
2,ConstVel,buffer,15.0,14,74,59,15
2,ConstVel,buffer,15.0,15,27,7,20
2,ConstVel,buffer,15.0,16,35,15,20
2,ConstVel,buffer,15.0,17,25,6,19
2,ConstVel,buffer,15.0,18,33,15,18
2,ConstVel,buffer,15.0,19,27,11,16
2,ConstVel,buffer,15.0,20,37,19,18
2,ConstVel,buffer,15.0,21,23,8,15
2,ConstVel,buffer,15.0,22,27,9,18
2,ConstVel,buffer,15.0,23,40,19,21
2,ConstVel,buffer,15.0,24,69,46,23
2,ConstVel,buffer,15.0,25,73,52,21
2,ConstVel,buffer,15.0,26,24,8,16
2,ConstVel,buffer,15.0,27,28,10,18
2,ConstVel,buffer,15.0,28,24,8,16
2,ConstVel,buffer,15.0,29,23,7,16
2,ConstVel,buffer,15.0,30,67,44,23
2,ConstVel,buffer,15.0,31,61,42,19
2,ConstVel,buffer,15.0,32,23,8,15
2,ConstVel,buffer,15.0,33,24,6,18
2,ConstVel,buffer,15.0,34,29,15,14
2,ConstVel,buffer,15.0,35,33,17,16
2,ConstVel,buffer,15.0,36,40,24,16
2,ConstVel,buffer,15.0,37,17,6,11
2,ConstVel,buffer,15.0,38,35,16,19
2,ConstVel,buffer,15.0,39,25,8,17
2,ConstVel,buffer,15.0,40,25,9,16
2,ConstVel,buffer,15.0,41,21,6,15
2,ConstVel,buffer,15.0,42,17,6,11
2,ConstVel,buffer,15.0,43,17,6,11
2,ConstVel,buffer,15.0,44,25,8,17
2,ConstVel,buffer,15.0,45,17,6,11
2,ConstVel,buffer,15.0,46,29,10,19
2,ConstVel,buffer,15.0,47,65,45,20
2,ConstVel,buffer,15.0,48,17,6,11
2,ConstVel,buffer,15.0,49,32,12,20
2,ConstVel,buffer,20.0,0,21,6,15
2,ConstVel,buffer,20.0,1,38,18,20
2,ConstVel,buffer,20.0,2,28,7,21
2,ConstVel,buffer,20.0,3,25,6,19
2,ConstVel,buffer,20.0,4,33,12,21
2,ConstVel,buffer,20.0,5,39,16,23
2,ConstVel,buffer,20.0,6,24,6,18
2,ConstVel,buffer,20.0,7,43,21,22
2,ConstVel,buffer,20.0,8,33,9,24
2,ConstVel,buffer,20.0,9,28,7,21
2,ConstVel,buffer,20.0,10,28,6,22
2,ConstVel,buffer,20.0,11,33,11,22
2,ConstVel,buffer,20.0,12,17,6,11
2,ConstVel,buffer,20.0,13,32,10,22
2,ConstVel,buffer,20.0,14,74,52,22
2,ConstVel,buffer,20.0,15,27,6,21
2,ConstVel,buffer,20.0,16,35,9,26
2,ConstVel,buffer,20.0,17,25,6,19
2,ConstVel,buffer,20.0,18,33,11,22
2,ConstVel,buffer,20.0,19,27,8,19
2,ConstVel,buffer,20.0,20,37,14,23
2,ConstVel,buffer,20.0,21,23,6,17
2,ConstVel,buffer,20.0,22,27,7,20
2,ConstVel,buffer,20.0,23,40,14,26
2,ConstVel,buffer,20.0,24,69,41,28
2,ConstVel,buffer,20.0,25,73,50,23
2,ConstVel,buffer,20.0,26,24,7,17
2,ConstVel,buffer,20.0,27,28,6,22
2,ConstVel,buffer,20.0,28,24,6,18
2,ConstVel,buffer,20.0,29,23,6,17
2,ConstVel,buffer,20.0,30,67,41,26
2,ConstVel,buffer,20.0,31,61,41,20
2,ConstVel,buffer,20.0,32,23,6,17
2,ConstVel,buffer,20.0,33,24,6,18
2,ConstVel,buffer,20.0,34,29,7,22
2,ConstVel,buffer,20.0,35,33,10,23
2,ConstVel,buffer,20.0,36,40,18,22
2,ConstVel,buffer,20.0,37,17,6,11
2,ConstVel,buffer,20.0,38,35,15,20
2,ConstVel,buffer,20.0,39,25,6,19
2,ConstVel,buffer,20.0,40,25,6,19
2,ConstVel,buffer,20.0,41,21,6,15
2,ConstVel,buffer,20.0,42,17,6,11
2,ConstVel,buffer,20.0,43,17,6,11
2,ConstVel,buffer,20.0,44,25,6,19
2,ConstVel,buffer,20.0,45,17,6,11
2,ConstVel,buffer,20.0,46,29,7,22
2,ConstVel,buffer,20.0,47,65,38,27
2,ConstVel,buffer,20.0,48,17,6,11
2,ConstVel,buffer,20.0,49,32,9,23
2,ConstVel,crossing,5.0,0,21,16,5
2,ConstVel,crossing,5.0,1,38,34,4
2,ConstVel,crossing,5.0,2,28,23,5
2,ConstVel,crossing,5.0,3,25,19,6
2,ConstVel,crossing,5.0,4,33,28,5
2,ConstVel,crossing,5.0,5,39,34,5
2,ConstVel,crossing,5.0,6,24,20,4
2,ConstVel,crossing,5.0,7,43,38,5
2,ConstVel,crossing,5.0,8,33,28,5
2,ConstVel,crossing,5.0,9,28,24,4
2,ConstVel,crossing,5.0,10,28,23,5
2,ConstVel,crossing,5.0,11,33,28,5
2,ConstVel,crossing,5.0,12,17,12,5
2,ConstVel,crossing,5.0,13,32,27,5
2,ConstVel,crossing,5.0,14,74,69,5
2,ConstVel,crossing,5.0,15,27,22,5
2,ConstVel,crossing,5.0,16,35,30,5
2,ConstVel,crossing,5.0,17,25,20,5
2,ConstVel,crossing,5.0,18,33,28,5
2,ConstVel,crossing,5.0,19,27,23,4
2,ConstVel,crossing,5.0,20,37,31,6
2,ConstVel,crossing,5.0,21,23,18,5
2,ConstVel,crossing,5.0,22,27,22,5
2,ConstVel,crossing,5.0,23,40,36,4
2,ConstVel,crossing,5.0,24,69,63,6
2,ConstVel,crossing,5.0,25,73,67,6
2,ConstVel,crossing,5.0,26,24,20,4
2,ConstVel,crossing,5.0,27,28,23,5
2,ConstVel,crossing,5.0,28,24,19,5
2,ConstVel,crossing,5.0,29,23,18,5
2,ConstVel,crossing,5.0,30,67,61,6
2,ConstVel,crossing,5.0,31,61,55,6
2,ConstVel,crossing,5.0,32,23,17,6
2,ConstVel,crossing,5.0,33,24,20,4
2,ConstVel,crossing,5.0,34,29,25,4
2,ConstVel,crossing,5.0,35,33,28,5
2,ConstVel,crossing,5.0,36,40,36,4
2,ConstVel,crossing,5.0,37,17,11,6
2,ConstVel,crossing,5.0,38,35,31,4
2,ConstVel,crossing,5.0,39,25,19,6
2,ConstVel,crossing,5.0,40,25,19,6
2,ConstVel,crossing,5.0,41,21,16,5
2,ConstVel,crossing,5.0,42,17,13,4
2,ConstVel,crossing,5.0,43,17,11,6
2,ConstVel,crossing,5.0,44,25,20,5
2,ConstVel,crossing,5.0,45,17,13,4
2,ConstVel,crossing,5.0,46,29,25,4
2,ConstVel,crossing,5.0,47,65,59,6
2,ConstVel,crossing,5.0,48,17,12,5
2,ConstVel,crossing,5.0,49,32,26,6
2,ConstVel,crossing,10.0,0,21,12,9
2,ConstVel,crossing,10.0,1,38,28,10
2,ConstVel,crossing,10.0,2,28,18,10
2,ConstVel,crossing,10.0,3,25,14,11
2,ConstVel,crossing,10.0,4,33,23,10
2,ConstVel,crossing,10.0,5,39,30,9
2,ConstVel,crossing,10.0,6,24,11,13
2,ConstVel,crossing,10.0,7,43,35,8
2,ConstVel,crossing,10.0,8,33,23,10
2,ConstVel,crossing,10.0,9,28,17,11
2,ConstVel,crossing,10.0,10,28,17,11
2,ConstVel,crossing,10.0,11,33,22,11
2,ConstVel,crossing,10.0,12,17,7,10
2,ConstVel,crossing,10.0,13,32,21,11
2,ConstVel,crossing,10.0,14,74,63,11
2,ConstVel,crossing,10.0,15,27,16,11
2,ConstVel,crossing,10.0,16,35,24,11
2,ConstVel,crossing,10.0,17,25,16,9
2,ConstVel,crossing,10.0,18,33,21,12
2,ConstVel,crossing,10.0,19,27,17,10
2,ConstVel,crossing,10.0,20,37,26,11
2,ConstVel,crossing,10.0,21,23,14,9
2,ConstVel,crossing,10.0,22,27,16,11
2,ConstVel,crossing,10.0,23,40,30,10
2,ConstVel,crossing,10.0,24,69,54,15
2,ConstVel,crossing,10.0,25,73,63,10
2,ConstVel,crossing,10.0,26,24,14,10
2,ConstVel,crossing,10.0,27,28,19,9
2,ConstVel,crossing,10.0,28,24,15,9
2,ConstVel,crossing,10.0,29,23,13,10
2,ConstVel,crossing,10.0,30,67,53,14
2,ConstVel,crossing,10.0,31,61,51,10
2,ConstVel,crossing,10.0,32,23,12,11
2,ConstVel,crossing,10.0,33,24,13,11
2,ConstVel,crossing,10.0,34,29,20,9
2,ConstVel,crossing,10.0,35,33,24,9
2,ConstVel,crossing,10.0,36,40,30,10
2,ConstVel,crossing,10.0,37,17,7,10
2,ConstVel,crossing,10.0,38,35,24,11
2,ConstVel,crossing,10.0,39,25,15,10
2,ConstVel,crossing,10.0,40,25,15,10
2,ConstVel,crossing,10.0,41,21,12,9
2,ConstVel,crossing,10.0,42,17,7,10
2,ConstVel,crossing,10.0,43,17,7,10
2,ConstVel,crossing,10.0,44,25,13,12
2,ConstVel,crossing,10.0,45,17,8,9
2,ConstVel,crossing,10.0,46,29,19,10
2,ConstVel,crossing,10.0,47,65,52,13
2,ConstVel,crossing,10.0,48,17,6,11
2,ConstVel,crossing,10.0,49,32,22,10
2,ConstVel,crossing,15.0,0,21,7,14
2,ConstVel,crossing,15.0,1,38,25,13
2,ConstVel,crossing,15.0,2,28,13,15
2,ConstVel,crossing,15.0,3,25,8,17
2,ConstVel,crossing,15.0,4,33,19,14
2,ConstVel,crossing,15.0,5,39,25,14
2,ConstVel,crossing,15.0,6,24,11,13
2,ConstVel,crossing,15.0,7,43,26,17
2,ConstVel,crossing,15.0,8,33,15,18
2,ConstVel,crossing,15.0,9,28,14,14
2,ConstVel,crossing,15.0,10,28,14,14
2,ConstVel,crossing,15.0,11,33,17,16
2,ConstVel,crossing,15.0,12,17,7,10
2,ConstVel,crossing,15.0,13,32,17,15
2,ConstVel,crossing,15.0,14,74,60,14
2,ConstVel,crossing,15.0,15,27,13,14
2,ConstVel,crossing,15.0,16,35,21,14
2,ConstVel,crossing,15.0,17,25,11,14
2,ConstVel,crossing,15.0,18,33,18,15
2,ConstVel,crossing,15.0,19,27,11,16
2,ConstVel,crossing,15.0,20,37,21,16
2,ConstVel,crossing,15.0,21,23,8,15
2,ConstVel,crossing,15.0,22,27,13,14
2,ConstVel,crossing,15.0,23,40,25,15
2,ConstVel,crossing,15.0,24,69,46,23
2,ConstVel,crossing,15.0,25,73,56,17
2,ConstVel,crossing,15.0,26,24,10,14
2,ConstVel,crossing,15.0,27,28,11,17
2,ConstVel,crossing,15.0,28,24,8,16
2,ConstVel,crossing,15.0,29,23,8,15
2,ConstVel,crossing,15.0,30,67,45,22
2,ConstVel,crossing,15.0,31,61,45,16
2,ConstVel,crossing,15.0,32,23,9,14
2,ConstVel,crossing,15.0,33,24,6,18
2,ConstVel,crossing,15.0,34,29,15,14
2,ConstVel,crossing,15.0,35,33,17,16
2,ConstVel,crossing,15.0,36,40,25,15
2,ConstVel,crossing,15.0,37,17,6,11
2,ConstVel,crossing,15.0,38,35,16,19
2,ConstVel,crossing,15.0,39,25,11,14
2,ConstVel,crossing,15.0,40,25,11,14
2,ConstVel,crossing,15.0,41,21,6,15
2,ConstVel,crossing,15.0,42,17,6,11
2,ConstVel,crossing,15.0,43,17,6,11
2,ConstVel,crossing,15.0,44,25,11,14
2,ConstVel,crossing,15.0,45,17,6,11
2,ConstVel,crossing,15.0,46,29,14,15
2,ConstVel,crossing,15.0,47,65,47,18
2,ConstVel,crossing,15.0,48,17,6,11
2,ConstVel,crossing,15.0,49,32,18,14
2,ConstVel,crossing,20.0,0,21,6,15
2,ConstVel,crossing,20.0,1,38,19,19
2,ConstVel,crossing,20.0,2,28,9,19
2,ConstVel,crossing,20.0,3,25,6,19
2,ConstVel,crossing,20.0,4,33,14,19
2,ConstVel,crossing,20.0,5,39,18,21
2,ConstVel,crossing,20.0,6,24,6,18
2,ConstVel,crossing,20.0,7,43,21,22
2,ConstVel,crossing,20.0,8,33,12,21
2,ConstVel,crossing,20.0,9,28,7,21
2,ConstVel,crossing,20.0,10,28,8,20
2,ConstVel,crossing,20.0,11,33,11,22
2,ConstVel,crossing,20.0,12,17,6,11
2,ConstVel,crossing,20.0,13,32,11,21
2,ConstVel,crossing,20.0,14,74,54,20
2,ConstVel,crossing,20.0,15,27,7,20
2,ConstVel,crossing,20.0,16,35,14,21
2,ConstVel,crossing,20.0,17,25,6,19
2,ConstVel,crossing,20.0,18,33,12,21
2,ConstVel,crossing,20.0,19,27,8,19
2,ConstVel,crossing,20.0,20,37,15,22
2,ConstVel,crossing,20.0,21,23,6,17
2,ConstVel,crossing,20.0,22,27,7,20
2,ConstVel,crossing,20.0,23,40,17,23
2,ConstVel,crossing,20.0,24,69,41,28
2,ConstVel,crossing,20.0,25,73,51,22
2,ConstVel,crossing,20.0,26,24,7,17
2,ConstVel,crossing,20.0,27,28,7,21
2,ConstVel,crossing,20.0,28,24,6,18
2,ConstVel,crossing,20.0,29,23,6,17
2,ConstVel,crossing,20.0,30,67,41,26
2,ConstVel,crossing,20.0,31,61,41,20
2,ConstVel,crossing,20.0,32,23,6,17
2,ConstVel,crossing,20.0,33,24,6,18
2,ConstVel,crossing,20.0,34,29,7,22
2,ConstVel,crossing,20.0,35,33,14,19
2,ConstVel,crossing,20.0,36,40,18,22
2,ConstVel,crossing,20.0,37,17,6,11
2,ConstVel,crossing,20.0,38,35,15,20
2,ConstVel,crossing,20.0,39,25,6,19
2,ConstVel,crossing,20.0,40,25,6,19
2,ConstVel,crossing,20.0,41,21,6,15
2,ConstVel,crossing,20.0,42,17,6,11
2,ConstVel,crossing,20.0,43,17,6,11
2,ConstVel,crossing,20.0,44,25,7,18
2,ConstVel,crossing,20.0,45,17,6,11
2,ConstVel,crossing,20.0,46,29,8,21
2,ConstVel,crossing,20.0,47,65,38,27
2,ConstVel,crossing,20.0,48,17,6,11
2,ConstVel,crossing,20.0,49,32,10,22
2,Kalman,buffer,5.0,0,21,15,6
2,Kalman,buffer,5.0,1,38,32,6
2,Kalman,buffer,5.0,2,28,21,7
2,Kalman,buffer,5.0,3,25,17,8
2,Kalman,buffer,5.0,4,33,26,7
2,Kalman,buffer,5.0,5,39,33,6
2,Kalman,buffer,5.0,6,24,18,6
2,Kalman,buffer,5.0,7,43,37,6
2,Kalman,buffer,5.0,8,33,26,7
2,Kalman,buffer,5.0,9,28,20,8
2,Kalman,buffer,5.0,10,28,21,7
2,Kalman,buffer,5.0,11,33,27,6
2,Kalman,buffer,5.0,12,17,10,7
2,Kalman,buffer,5.0,13,32,26,6
2,Kalman,buffer,5.0,14,74,68,6
2,Kalman,buffer,5.0,15,27,20,7
2,Kalman,buffer,5.0,16,35,29,6
2,Kalman,buffer,5.0,17,25,18,7
2,Kalman,buffer,5.0,18,33,26,7
2,Kalman,buffer,5.0,19,27,20,7
2,Kalman,buffer,5.0,20,37,29,8
2,Kalman,buffer,5.0,21,23,17,6
2,Kalman,buffer,5.0,22,27,20,7
2,Kalman,buffer,5.0,23,40,33,7
2,Kalman,buffer,5.0,24,69,59,10
2,Kalman,buffer,5.0,25,73,66,7
2,Kalman,buffer,5.0,26,24,19,5
2,Kalman,buffer,5.0,27,28,22,6
2,Kalman,buffer,5.0,28,24,18,6
2,Kalman,buffer,5.0,29,23,17,6
2,Kalman,buffer,5.0,30,67,57,10
2,Kalman,buffer,5.0,31,61,54,7
2,Kalman,buffer,5.0,32,23,16,7
2,Kalman,buffer,5.0,33,24,18,6
2,Kalman,buffer,5.0,34,29,23,6
2,Kalman,buffer,5.0,35,33,27,6
2,Kalman,buffer,5.0,36,40,33,7
2,Kalman,buffer,5.0,37,17,10,7
2,Kalman,buffer,5.0,38,35,29,6
2,Kalman,buffer,5.0,39,25,19,6
2,Kalman,buffer,5.0,40,25,18,7
2,Kalman,buffer,5.0,41,21,14,7
2,Kalman,buffer,5.0,42,17,10,7
2,Kalman,buffer,5.0,43,17,10,7
2,Kalman,buffer,5.0,44,25,18,7
2,Kalman,buffer,5.0,45,17,11,6
2,Kalman,buffer,5.0,46,29,23,6
2,Kalman,buffer,5.0,47,65,56,9
2,Kalman,buffer,5.0,48,17,11,6
2,Kalman,buffer,5.0,49,32,25,7
2,Kalman,buffer,10.0,0,21,11,10
2,Kalman,buffer,10.0,1,38,28,10
2,Kalman,buffer,10.0,2,28,16,12
2,Kalman,buffer,10.0,3,25,14,11
2,Kalman,buffer,10.0,4,33,21,12
2,Kalman,buffer,10.0,5,39,26,13
2,Kalman,buffer,10.0,6,24,11,13
2,Kalman,buffer,10.0,7,43,31,12
2,Kalman,buffer,10.0,8,33,21,12
2,Kalman,buffer,10.0,9,28,16,12
2,Kalman,buffer,10.0,10,28,15,13
2,Kalman,buffer,10.0,11,33,22,11
2,Kalman,buffer,10.0,12,17,7,10
2,Kalman,buffer,10.0,13,32,21,11
2,Kalman,buffer,10.0,14,74,63,11
2,Kalman,buffer,10.0,15,27,15,12
2,Kalman,buffer,10.0,16,35,23,12
2,Kalman,buffer,10.0,17,25,13,12
2,Kalman,buffer,10.0,18,33,21,12
2,Kalman,buffer,10.0,19,27,16,11
2,Kalman,buffer,10.0,20,37,25,12
2,Kalman,buffer,10.0,21,23,13,10
2,Kalman,buffer,10.0,22,27,16,11
2,Kalman,buffer,10.0,23,40,26,14
2,Kalman,buffer,10.0,24,69,50,19
2,Kalman,buffer,10.0,25,73,62,11
2,Kalman,buffer,10.0,26,24,13,11
2,Kalman,buffer,10.0,27,28,16,12
2,Kalman,buffer,10.0,28,24,12,12
2,Kalman,buffer,10.0,29,23,12,11
2,Kalman,buffer,10.0,30,67,47,20
2,Kalman,buffer,10.0,31,61,48,13
2,Kalman,buffer,10.0,32,23,10,13
2,Kalman,buffer,10.0,33,24,13,11
2,Kalman,buffer,10.0,34,29,17,12
2,Kalman,buffer,10.0,35,33,21,12
2,Kalman,buffer,10.0,36,40,28,12
2,Kalman,buffer,10.0,37,17,6,11
2,Kalman,buffer,10.0,38,35,23,12
2,Kalman,buffer,10.0,39,25,14,11
2,Kalman,buffer,10.0,40,25,13,12
2,Kalman,buffer,10.0,41,21,9,12
2,Kalman,buffer,10.0,42,17,6,11
2,Kalman,buffer,10.0,43,17,6,11
2,Kalman,buffer,10.0,44,25,13,12
2,Kalman,buffer,10.0,45,17,6,11
2,Kalman,buffer,10.0,46,29,18,11
2,Kalman,buffer,10.0,47,65,50,15
2,Kalman,buffer,10.0,48,17,6,11
2,Kalman,buffer,10.0,49,32,21,11
2,Kalman,buffer,15.0,0,21,6,15
2,Kalman,buffer,15.0,1,38,21,17
2,Kalman,buffer,15.0,2,28,11,17
2,Kalman,buffer,15.0,3,25,7,18
2,Kalman,buffer,15.0,4,33,15,18
2,Kalman,buffer,15.0,5,39,22,17
2,Kalman,buffer,15.0,6,24,7,17
2,Kalman,buffer,15.0,7,43,25,18
2,Kalman,buffer,15.0,8,33,15,18
2,Kalman,buffer,15.0,9,28,12,16
2,Kalman,buffer,15.0,10,28,10,18
2,Kalman,buffer,15.0,11,33,17,16
2,Kalman,buffer,15.0,12,17,6,11
2,Kalman,buffer,15.0,13,32,16,16
2,Kalman,buffer,15.0,14,74,59,15
2,Kalman,buffer,15.0,15,27,10,17
2,Kalman,buffer,15.0,16,35,17,18
2,Kalman,buffer,15.0,17,25,8,17
2,Kalman,buffer,15.0,18,33,16,17
2,Kalman,buffer,15.0,19,27,11,16
2,Kalman,buffer,15.0,20,37,19,18
2,Kalman,buffer,15.0,21,23,8,15
2,Kalman,buffer,15.0,22,27,10,17
2,Kalman,buffer,15.0,23,40,22,18
2,Kalman,buffer,15.0,24,69,46,23
2,Kalman,buffer,15.0,25,73,53,20
2,Kalman,buffer,15.0,26,24,8,16
2,Kalman,buffer,15.0,27,28,10,18
2,Kalman,buffer,15.0,28,24,8,16
2,Kalman,buffer,15.0,29,23,7,16
2,Kalman,buffer,15.0,30,67,44,23
2,Kalman,buffer,15.0,31,61,43,18
2,Kalman,buffer,15.0,32,23,6,17
2,Kalman,buffer,15.0,33,24,6,18
2,Kalman,buffer,15.0,34,29,15,14
2,Kalman,buffer,15.0,35,33,17,16
2,Kalman,buffer,15.0,36,40,24,16
2,Kalman,buffer,15.0,37,17,6,11
2,Kalman,buffer,15.0,38,35,16,19
2,Kalman,buffer,15.0,39,25,8,17
2,Kalman,buffer,15.0,40,25,9,16
2,Kalman,buffer,15.0,41,21,6,15
2,Kalman,buffer,15.0,42,17,6,11
2,Kalman,buffer,15.0,43,17,6,11
2,Kalman,buffer,15.0,44,25,8,17
2,Kalman,buffer,15.0,45,17,6,11
2,Kalman,buffer,15.0,46,29,10,19
2,Kalman,buffer,15.0,47,65,45,20
2,Kalman,buffer,15.0,48,17,6,11
2,Kalman,buffer,15.0,49,32,12,20
2,Kalman,buffer,20.0,0,21,6,15
2,Kalman,buffer,20.0,1,38,18,20
2,Kalman,buffer,20.0,2,28,7,21
2,Kalman,buffer,20.0,3,25,6,19
2,Kalman,buffer,20.0,4,33,12,21
2,Kalman,buffer,20.0,5,39,16,23
2,Kalman,buffer,20.0,6,24,6,18
2,Kalman,buffer,20.0,7,43,21,22
2,Kalman,buffer,20.0,8,33,9,24
2,Kalman,buffer,20.0,9,28,7,21
2,Kalman,buffer,20.0,10,28,8,20
2,Kalman,buffer,20.0,11,33,11,22
2,Kalman,buffer,20.0,12,17,6,11
2,Kalman,buffer,20.0,13,32,10,22
2,Kalman,buffer,20.0,14,74,54,20
2,Kalman,buffer,20.0,15,27,6,21
2,Kalman,buffer,20.0,16,35,10,25
2,Kalman,buffer,20.0,17,25,6,19
2,Kalman,buffer,20.0,18,33,11,22
2,Kalman,buffer,20.0,19,27,8,19
2,Kalman,buffer,20.0,20,37,15,22
2,Kalman,buffer,20.0,21,23,6,17
2,Kalman,buffer,20.0,22,27,7,20
2,Kalman,buffer,20.0,23,40,14,26
2,Kalman,buffer,20.0,24,69,44,25
2,Kalman,buffer,20.0,25,73,50,23
2,Kalman,buffer,20.0,26,24,6,18
2,Kalman,buffer,20.0,27,28,6,22
2,Kalman,buffer,20.0,28,24,6,18
2,Kalman,buffer,20.0,29,23,6,17
2,Kalman,buffer,20.0,30,67,41,26
2,Kalman,buffer,20.0,31,61,41,20
2,Kalman,buffer,20.0,32,23,6,17
2,Kalman,buffer,20.0,33,24,6,18
2,Kalman,buffer,20.0,34,29,7,22
2,Kalman,buffer,20.0,35,33,12,21
2,Kalman,buffer,20.0,36,40,18,22
2,Kalman,buffer,20.0,37,17,6,11
2,Kalman,buffer,20.0,38,35,15,20
2,Kalman,buffer,20.0,39,25,6,19
2,Kalman,buffer,20.0,40,25,6,19
2,Kalman,buffer,20.0,41,21,6,15
2,Kalman,buffer,20.0,42,17,6,11
2,Kalman,buffer,20.0,43,17,6,11
2,Kalman,buffer,20.0,44,25,6,19
2,Kalman,buffer,20.0,45,17,6,11
2,Kalman,buffer,20.0,46,29,8,21
2,Kalman,buffer,20.0,47,65,38,27
2,Kalman,buffer,20.0,48,17,6,11
2,Kalman,buffer,20.0,49,32,10,22
2,Kalman,crossing,5.0,0,21,16,5
2,Kalman,crossing,5.0,1,38,34,4
2,Kalman,crossing,5.0,2,28,23,5
2,Kalman,crossing,5.0,3,25,19,6
2,Kalman,crossing,5.0,4,33,28,5
2,Kalman,crossing,5.0,5,39,34,5
2,Kalman,crossing,5.0,6,24,20,4
2,Kalman,crossing,5.0,7,43,38,5
2,Kalman,crossing,5.0,8,33,28,5
2,Kalman,crossing,5.0,9,28,24,4
2,Kalman,crossing,5.0,10,28,23,5
2,Kalman,crossing,5.0,11,33,28,5
2,Kalman,crossing,5.0,12,17,12,5
2,Kalman,crossing,5.0,13,32,27,5
2,Kalman,crossing,5.0,14,74,69,5
2,Kalman,crossing,5.0,15,27,22,5
2,Kalman,crossing,5.0,16,35,30,5
2,Kalman,crossing,5.0,17,25,20,5
2,Kalman,crossing,5.0,18,33,28,5
2,Kalman,crossing,5.0,19,27,23,4
2,Kalman,crossing,5.0,20,37,31,6
2,Kalman,crossing,5.0,21,23,18,5
2,Kalman,crossing,5.0,22,27,22,5
2,Kalman,crossing,5.0,23,40,36,4
2,Kalman,crossing,5.0,24,69,63,6
2,Kalman,crossing,5.0,25,73,67,6
2,Kalman,crossing,5.0,26,24,20,4
2,Kalman,crossing,5.0,27,28,23,5
2,Kalman,crossing,5.0,28,24,19,5
2,Kalman,crossing,5.0,29,23,18,5
2,Kalman,crossing,5.0,30,67,61,6
2,Kalman,crossing,5.0,31,61,56,5
2,Kalman,crossing,5.0,32,23,17,6
2,Kalman,crossing,5.0,33,24,20,4
2,Kalman,crossing,5.0,34,29,25,4
2,Kalman,crossing,5.0,35,33,28,5
2,Kalman,crossing,5.0,36,40,35,5
2,Kalman,crossing,5.0,37,17,11,6
2,Kalman,crossing,5.0,38,35,31,4
2,Kalman,crossing,5.0,39,25,20,5
2,Kalman,crossing,5.0,40,25,19,6
2,Kalman,crossing,5.0,41,21,15,6
2,Kalman,crossing,5.0,42,17,12,5
2,Kalman,crossing,5.0,43,17,12,5
2,Kalman,crossing,5.0,44,25,20,5
2,Kalman,crossing,5.0,45,17,13,4
2,Kalman,crossing,5.0,46,29,25,4
2,Kalman,crossing,5.0,47,65,59,6
2,Kalman,crossing,5.0,48,17,12,5
2,Kalman,crossing,5.0,49,32,27,5
2,Kalman,crossing,10.0,0,21,12,9
2,Kalman,crossing,10.0,1,38,28,10
2,Kalman,crossing,10.0,2,28,18,10
2,Kalman,crossing,10.0,3,25,15,10
2,Kalman,crossing,10.0,4,33,23,10
2,Kalman,crossing,10.0,5,39,30,9
2,Kalman,crossing,10.0,6,24,14,10
2,Kalman,crossing,10.0,7,43,35,8
2,Kalman,crossing,10.0,8,33,23,10
2,Kalman,crossing,10.0,9,28,17,11
2,Kalman,crossing,10.0,10,28,17,11
2,Kalman,crossing,10.0,11,33,23,10
2,Kalman,crossing,10.0,12,17,8,9
2,Kalman,crossing,10.0,13,32,21,11
2,Kalman,crossing,10.0,14,74,64,10
2,Kalman,crossing,10.0,15,27,17,10
2,Kalman,crossing,10.0,16,35,24,11
2,Kalman,crossing,10.0,17,25,16,9
2,Kalman,crossing,10.0,18,33,21,12
2,Kalman,crossing,10.0,19,27,17,10
2,Kalman,crossing,10.0,20,37,26,11
2,Kalman,crossing,10.0,21,23,14,9
2,Kalman,crossing,10.0,22,27,17,10
2,Kalman,crossing,10.0,23,40,30,10
2,Kalman,crossing,10.0,24,69,54,15
2,Kalman,crossing,10.0,25,73,63,10
2,Kalman,crossing,10.0,26,24,14,10
2,Kalman,crossing,10.0,27,28,18,10
2,Kalman,crossing,10.0,28,24,15,9
2,Kalman,crossing,10.0,29,23,13,10
2,Kalman,crossing,10.0,30,67,53,14
2,Kalman,crossing,10.0,31,61,51,10
2,Kalman,crossing,10.0,32,23,12,11
2,Kalman,crossing,10.0,33,24,13,11
2,Kalman,crossing,10.0,34,29,20,9
2,Kalman,crossing,10.0,35,33,24,9
2,Kalman,crossing,10.0,36,40,31,9
2,Kalman,crossing,10.0,37,17,7,10
2,Kalman,crossing,10.0,38,35,24,11
2,Kalman,crossing,10.0,39,25,15,10
2,Kalman,crossing,10.0,40,25,15,10
2,Kalman,crossing,10.0,41,21,12,9
2,Kalman,crossing,10.0,42,17,7,10
2,Kalman,crossing,10.0,43,17,7,10
2,Kalman,crossing,10.0,44,25,13,12
2,Kalman,crossing,10.0,45,17,8,9
2,Kalman,crossing,10.0,46,29,19,10
2,Kalman,crossing,10.0,47,65,52,13
2,Kalman,crossing,10.0,48,17,8,9
2,Kalman,crossing,10.0,49,32,22,10
2,Kalman,crossing,15.0,0,21,7,14
2,Kalman,crossing,15.0,1,38,25,13
2,Kalman,crossing,15.0,2,28,13,15
2,Kalman,crossing,15.0,3,25,8,17
2,Kalman,crossing,15.0,4,33,19,14
2,Kalman,crossing,15.0,5,39,25,14
2,Kalman,crossing,15.0,6,24,10,14
2,Kalman,crossing,15.0,7,43,26,17
2,Kalman,crossing,15.0,8,33,15,18
2,Kalman,crossing,15.0,9,28,15,13
2,Kalman,crossing,15.0,10,28,14,14
2,Kalman,crossing,15.0,11,33,18,15
2,Kalman,crossing,15.0,12,17,6,11
2,Kalman,crossing,15.0,13,32,17,15
2,Kalman,crossing,15.0,14,74,60,14
2,Kalman,crossing,15.0,15,27,13,14
2,Kalman,crossing,15.0,16,35,21,14
2,Kalman,crossing,15.0,17,25,11,14
2,Kalman,crossing,15.0,18,33,18,15
2,Kalman,crossing,15.0,19,27,11,16
2,Kalman,crossing,15.0,20,37,21,16
2,Kalman,crossing,15.0,21,23,8,15
2,Kalman,crossing,15.0,22,27,13,14
2,Kalman,crossing,15.0,23,40,25,15
2,Kalman,crossing,15.0,24,69,48,21
2,Kalman,crossing,15.0,25,73,58,15
2,Kalman,crossing,15.0,26,24,10,14
2,Kalman,crossing,15.0,27,28,11,17
2,Kalman,crossing,15.0,28,24,8,16
2,Kalman,crossing,15.0,29,23,8,15
2,Kalman,crossing,15.0,30,67,45,22
2,Kalman,crossing,15.0,31,61,45,16
2,Kalman,crossing,15.0,32,23,9,14
2,Kalman,crossing,15.0,33,24,8,16
2,Kalman,crossing,15.0,34,29,15,14
2,Kalman,crossing,15.0,35,33,17,16
2,Kalman,crossing,15.0,36,40,25,15
2,Kalman,crossing,15.0,37,17,6,11
2,Kalman,crossing,15.0,38,35,16,19
2,Kalman,crossing,15.0,39,25,11,14
2,Kalman,crossing,15.0,40,25,12,13
2,Kalman,crossing,15.0,41,21,6,15
2,Kalman,crossing,15.0,42,17,6,11
2,Kalman,crossing,15.0,43,17,6,11
2,Kalman,crossing,15.0,44,25,11,14
2,Kalman,crossing,15.0,45,17,6,11
2,Kalman,crossing,15.0,46,29,14,15
2,Kalman,crossing,15.0,47,65,47,18
2,Kalman,crossing,15.0,48,17,6,11
2,Kalman,crossing,15.0,49,32,18,14
2,Kalman,crossing,20.0,0,21,6,15
2,Kalman,crossing,20.0,1,38,19,19
2,Kalman,crossing,20.0,2,28,9,19
2,Kalman,crossing,20.0,3,25,6,19
2,Kalman,crossing,20.0,4,33,14,19
2,Kalman,crossing,20.0,5,39,18,21
2,Kalman,crossing,20.0,6,24,6,18
2,Kalman,crossing,20.0,7,43,21,22
2,Kalman,crossing,20.0,8,33,12,21
2,Kalman,crossing,20.0,9,28,9,19
2,Kalman,crossing,20.0,10,28,8,20
2,Kalman,crossing,20.0,11,33,13,20
2,Kalman,crossing,20.0,12,17,6,11
2,Kalman,crossing,20.0,13,32,11,21
2,Kalman,crossing,20.0,14,74,54,20
2,Kalman,crossing,20.0,15,27,7,20
2,Kalman,crossing,20.0,16,35,14,21
2,Kalman,crossing,20.0,17,25,6,19
2,Kalman,crossing,20.0,18,33,12,21
2,Kalman,crossing,20.0,19,27,8,19
2,Kalman,crossing,20.0,20,37,17,20
2,Kalman,crossing,20.0,21,23,6,17
2,Kalman,crossing,20.0,22,27,9,18
2,Kalman,crossing,20.0,23,40,17,23
2,Kalman,crossing,20.0,24,69,44,25
2,Kalman,crossing,20.0,25,73,51,22
2,Kalman,crossing,20.0,26,24,6,18
2,Kalman,crossing,20.0,27,28,7,21
2,Kalman,crossing,20.0,28,24,6,18
2,Kalman,crossing,20.0,29,23,6,17
2,Kalman,crossing,20.0,30,67,41,26
2,Kalman,crossing,20.0,31,61,41,20
2,Kalman,crossing,20.0,32,23,6,17
2,Kalman,crossing,20.0,33,24,6,18
2,Kalman,crossing,20.0,34,29,8,21
2,Kalman,crossing,20.0,35,33,14,19
2,Kalman,crossing,20.0,36,40,22,18
2,Kalman,crossing,20.0,37,17,6,11
2,Kalman,crossing,20.0,38,35,15,20
2,Kalman,crossing,20.0,39,25,6,19
2,Kalman,crossing,20.0,40,25,6,19
2,Kalman,crossing,20.0,41,21,6,15
2,Kalman,crossing,20.0,42,17,6,11
2,Kalman,crossing,20.0,43,17,6,11
2,Kalman,crossing,20.0,44,25,7,18
2,Kalman,crossing,20.0,45,17,6,11
2,Kalman,crossing,20.0,46,29,8,21
2,Kalman,crossing,20.0,47,65,38,27
2,Kalman,crossing,20.0,48,17,6,11
2,Kalman,crossing,20.0,49,32,10,22
