seed,policy,predicate,H,trip,d_min_km,first_false_alert_tick,false_alert
0,Reactive,zone,,0,2.298966029643483,,False
0,Reactive,zone,,1,2.4557145527088733,,False
0,Reactive,zone,,2,2.434407414699382,,False
0,Reactive,zone,,3,2.236684466226636,,False
0,Reactive,zone,,4,2.8088752092153966,,False
0,Reactive,zone,,5,2.570405915236752,,False
0,Reactive,zone,,6,3.0801025053689735,,False
0,Reactive,zone,,7,2.592821745333105,,False
0,Reactive,zone,,8,2.745217059746857,,False
0,Reactive,zone,,9,2.6825957946768932,,False
0,Reactive,zone,,10,3.348399666228261,,False
0,Reactive,zone,,11,2.6035837230826804,,False
0,Reactive,zone,,12,3.271116001014093,,False
0,Reactive,zone,,13,2.2355435811783333,,False
0,Reactive,zone,,14,3.2029555787939143,,False
0,Reactive,zone,,15,2.472624602486826,,False
0,Reactive,zone,,16,2.2647921565448437,,False
0,Reactive,zone,,17,3.2409383955493904,,False
0,Reactive,zone,,18,2.5304800143469084,,False
0,Reactive,zone,,19,3.1879666484100704,,False
0,Reactive,zone,,20,2.221412077092502,,False
0,Reactive,zone,,21,3.8345011793396067,,False
0,Reactive,zone,,22,2.702515187536538,,False
0,Reactive,zone,,23,3.8037053848103275,,False
0,Reactive,zone,,24,2.1773571422826254,,False
0,Reactive,zone,,25,3.511731282198916,,False
0,Reactive,zone,,26,2.874176533031518,,False
0,Reactive,zone,,27,2.176456134564428,,False
0,Reactive,zone,,28,3.3620857366177375,,False
0,Reactive,zone,,29,3.4114271412574784,,False
0,Reactive,zone,,30,2.3605202493505715,,False
0,Reactive,zone,,31,2.6905257313303026,,False
0,Reactive,zone,,32,2.9078222703942616,,False
0,Reactive,zone,,33,3.3125241299464863,,False
0,Reactive,zone,,34,2.7223035188127023,,False
0,Reactive,zone,,35,3.222886625226177,,False
0,Reactive,zone,,36,4.086883298077405,,False
0,Reactive,zone,,37,2.604583723565392,,False
0,Reactive,zone,,38,2.4441650972618305,,False
0,Reactive,zone,,39,4.212952695851682,,False
0,Reactive,zone,,40,3.346272542258531,,False
0,Reactive,zone,,41,3.3253544367852537,,False
0,Reactive,zone,,42,3.72117035632227,,False
0,Reactive,zone,,43,2.7573906565072517,,False
0,Reactive,zone,,44,3.2623479986488184,,False
0,Reactive,zone,,45,2.644583223495178,,False
0,Reactive,zone,,46,3.371223437660923,,False
0,Reactive,zone,,47,3.2558237857102377,,False
0,Reactive,zone,,48,2.982368109097597,,False
0,Reactive,zone,,49,2.0493054470355907,,False
0,Analytic,buffer,5.0,0,2.298966029643483,20.0,True
0,Analytic,buffer,5.0,1,2.4557145527088733,51.0,True
0,Analytic,buffer,5.0,2,2.434407414699382,40.0,True
0,Analytic,buffer,5.0,3,2.236684466226636,117.0,True
0,Analytic,buffer,5.0,4,2.8088752092153966,25.0,True
0,Analytic,buffer,5.0,5,2.570405915236752,80.0,True
0,Analytic,buffer,5.0,6,3.0801025053689735,43.0,True
0,Analytic,buffer,5.0,7,2.592821745333105,39.0,True
0,Analytic,buffer,5.0,8,2.745217059746857,44.0,True
0,Analytic,buffer,5.0,9,2.6825957946768932,34.0,True
0,Analytic,buffer,5.0,10,3.348399666228261,46.0,True
0,Analytic,buffer,5.0,11,2.6035837230826804,56.0,True
0,Analytic,buffer,5.0,12,3.271116001014093,,False
0,Analytic,buffer,5.0,13,2.2355435811783333,51.0,True
0,Analytic,buffer,5.0,14,3.2029555787939143,39.0,True
0,Analytic,buffer,5.0,15,2.472624602486826,30.0,True
0,Analytic,buffer,5.0,16,2.2647921565448437,83.0,True
0,Analytic,buffer,5.0,17,3.2409383955493904,44.0,True
0,Analytic,buffer,5.0,18,2.5304800143469084,109.0,True
0,Analytic,buffer,5.0,19,3.1879666484100704,46.0,True
0,Analytic,buffer,5.0,20,2.221412077092502,66.0,True
0,Analytic,buffer,5.0,21,3.8345011793396067,30.0,True
0,Analytic,buffer,5.0,22,2.702515187536538,31.0,True
0,Analytic,buffer,5.0,23,3.8037053848103275,70.0,True
0,Analytic,buffer,5.0,24,2.1773571422826254,35.0,True
0,Analytic,buffer,5.0,25,3.511731282198916,110.0,True
0,Analytic,buffer,5.0,26,2.874176533031518,43.0,True
0,Analytic,buffer,5.0,27,2.176456134564428,20.0,True
0,Analytic,buffer,5.0,28,3.3620857366177375,28.0,True
0,Analytic,buffer,5.0,29,3.4114271412574784,37.0,True
0,Analytic,buffer,5.0,30,2.3605202493505715,31.0,True
0,Analytic,buffer,5.0,31,2.6905257313303026,104.0,True
0,Analytic,buffer,5.0,32,2.9078222703942616,58.0,True
0,Analytic,buffer,5.0,33,3.3125241299464863,116.0,True
0,Analytic,buffer,5.0,34,2.7223035188127023,35.0,True
0,Analytic,buffer,5.0,35,3.222886625226177,102.0,True
0,Analytic,buffer,5.0,36,4.086883298077405,127.0,True
0,Analytic,buffer,5.0,37,2.604583723565392,46.0,True
0,Analytic,buffer,5.0,38,2.4441650972618305,30.0,True
0,Analytic,buffer,5.0,39,4.212952695851682,,False
0,Analytic,buffer,5.0,40,3.346272542258531,59.0,True
0,Analytic,buffer,5.0,41,3.3253544367852537,51.0,True
0,Analytic,buffer,5.0,42,3.72117035632227,27.0,True
0,Analytic,buffer,5.0,43,2.7573906565072517,26.0,True
0,Analytic,buffer,5.0,44,3.2623479986488184,101.0,True
0,Analytic,buffer,5.0,45,2.644583223495178,47.0,True
0,Analytic,buffer,5.0,46,3.371223437660923,73.0,True
0,Analytic,buffer,5.0,47,3.2558237857102377,34.0,True
0,Analytic,buffer,5.0,48,2.982368109097597,46.0,True
0,Analytic,buffer,5.0,49,2.0493054470355907,43.0,True
0,Analytic,buffer,10.0,0,2.298966029643483,16.0,True
0,Analytic,buffer,10.0,1,2.4557145527088733,43.0,True
0,Analytic,buffer,10.0,2,2.434407414699382,36.0,True
0,Analytic,buffer,10.0,3,2.236684466226636,113.0,True
0,Analytic,buffer,10.0,4,2.8088752092153966,19.0,True
0,Analytic,buffer,10.0,5,2.570405915236752,77.0,True
0,Analytic,buffer,10.0,6,3.0801025053689735,39.0,True
0,Analytic,buffer,10.0,7,2.592821745333105,36.0,True
0,Analytic,buffer,10.0,8,2.745217059746857,41.0,True
0,Analytic,buffer,10.0,9,2.6825957946768932,29.0,True
0,Analytic,buffer,10.0,10,3.348399666228261,41.0,True
0,Analytic,buffer,10.0,11,2.6035837230826804,53.0,True
0,Analytic,buffer,10.0,12,3.271116001014093,88.0,True
0,Analytic,buffer,10.0,13,2.2355435811783333,38.0,True
0,Analytic,buffer,10.0,14,3.2029555787939143,35.0,True
0,Analytic,buffer,10.0,15,2.472624602486826,26.0,True
0,Analytic,buffer,10.0,16,2.2647921565448437,80.0,True
0,Analytic,buffer,10.0,17,3.2409383955493904,40.0,True
0,Analytic,buffer,10.0,18,2.5304800143469084,104.0,True
0,Analytic,buffer,10.0,19,3.1879666484100704,45.0,True
0,Analytic,buffer,10.0,20,2.221412077092502,63.0,True
0,Analytic,buffer,10.0,21,3.8345011793396067,25.0,True
0,Analytic,buffer,10.0,22,2.702515187536538,28.0,True
0,Analytic,buffer,10.0,23,3.8037053848103275,66.0,True
0,Analytic,buffer,10.0,24,2.1773571422826254,30.0,True
0,Analytic,buffer,10.0,25,3.511731282198916,104.0,True
0,Analytic,buffer,10.0,26,2.874176533031518,36.0,True
0,Analytic,buffer,10.0,27,2.176456134564428,15.0,True
0,Analytic,buffer,10.0,28,3.3620857366177375,23.0,True
0,Analytic,buffer,10.0,29,3.4114271412574784,33.0,True
0,Analytic,buffer,10.0,30,2.3605202493505715,26.0,True
0,Analytic,buffer,10.0,31,2.6905257313303026,98.0,True
0,Analytic,buffer,10.0,32,2.9078222703942616,49.0,True
0,Analytic,buffer,10.0,33,3.3125241299464863,111.0,True
0,Analytic,buffer,10.0,34,2.7223035188127023,30.0,True
0,Analytic,buffer,10.0,35,3.222886625226177,96.0,True
0,Analytic,buffer,10.0,36,4.086883298077405,124.0,True
0,Analytic,buffer,10.0,37,2.604583723565392,39.0,True
0,Analytic,buffer,10.0,38,2.4441650972618305,25.0,True
0,Analytic,buffer,10.0,39,4.212952695851682,22.0,True
0,Analytic,buffer,10.0,40,3.346272542258531,54.0,True
0,Analytic,buffer,10.0,41,3.3253544367852537,47.0,True
0,Analytic,buffer,10.0,42,3.72117035632227,20.0,True
0,Analytic,buffer,10.0,43,2.7573906565072517,21.0,True
0,Analytic,buffer,10.0,44,3.2623479986488184,95.0,True
0,Analytic,buffer,10.0,45,2.644583223495178,43.0,True
0,Analytic,buffer,10.0,46,3.371223437660923,68.0,True
0,Analytic,buffer,10.0,47,3.2558237857102377,28.0,True
0,Analytic,buffer,10.0,48,2.982368109097597,39.0,True
0,Analytic,buffer,10.0,49,2.0493054470355907,37.0,True
0,Analytic,buffer,15.0,0,2.298966029643483,10.0,True
0,Analytic,buffer,15.0,1,2.4557145527088733,40.0,True
0,Analytic,buffer,15.0,2,2.434407414699382,30.0,True
0,Analytic,buffer,15.0,3,2.236684466226636,108.0,True
0,Analytic,buffer,15.0,4,2.8088752092153966,15.0,True
0,Analytic,buffer,15.0,5,2.570405915236752,74.0,True
0,Analytic,buffer,15.0,6,3.0801025053689735,34.0,True
0,Analytic,buffer,15.0,7,2.592821745333105,30.0,True
0,Analytic,buffer,15.0,8,2.745217059746857,36.0,True
0,Analytic,buffer,15.0,9,2.6825957946768932,23.0,True
0,Analytic,buffer,15.0,10,3.348399666228261,32.0,True
0,Analytic,buffer,15.0,11,2.6035837230826804,49.0,True
0,Analytic,buffer,15.0,12,3.271116001014093,85.0,True
0,Analytic,buffer,15.0,13,2.2355435811783333,32.0,True
0,Analytic,buffer,15.0,14,3.2029555787939143,29.0,True
0,Analytic,buffer,15.0,15,2.472624602486826,20.0,True
0,Analytic,buffer,15.0,16,2.2647921565448437,71.0,True
0,Analytic,buffer,15.0,17,3.2409383955493904,36.0,True
0,Analytic,buffer,15.0,18,2.5304800143469084,99.0,True
0,Analytic,buffer,15.0,19,3.1879666484100704,38.0,True
0,Analytic,buffer,15.0,20,2.221412077092502,60.0,True
0,Analytic,buffer,15.0,21,3.8345011793396067,21.0,True
0,Analytic,buffer,15.0,22,2.702515187536538,25.0,True
0,Analytic,buffer,15.0,23,3.8037053848103275,62.0,True
0,Analytic,buffer,15.0,24,2.1773571422826254,27.0,True
0,Analytic,buffer,15.0,25,3.511731282198916,99.0,True
0,Analytic,buffer,15.0,26,2.874176533031518,31.0,True
0,Analytic,buffer,15.0,27,2.176456134564428,11.0,True
0,Analytic,buffer,15.0,28,3.3620857366177375,17.0,True
0,Analytic,buffer,15.0,29,3.4114271412574784,28.0,True
0,Analytic,buffer,15.0,30,2.3605202493505715,21.0,True
0,Analytic,buffer,15.0,31,2.6905257313303026,93.0,True
0,Analytic,buffer,15.0,32,2.9078222703942616,45.0,True
0,Analytic,buffer,15.0,33,3.3125241299464863,107.0,True
0,Analytic,buffer,15.0,34,2.7223035188127023,24.0,True
0,Analytic,buffer,15.0,35,3.222886625226177,92.0,True
0,Analytic,buffer,15.0,36,4.086883298077405,122.0,True
0,Analytic,buffer,15.0,37,2.604583723565392,35.0,True
0,Analytic,buffer,15.0,38,2.4441650972618305,19.0,True
0,Analytic,buffer,15.0,39,4.212952695851682,17.0,True
0,Analytic,buffer,15.0,40,3.346272542258531,47.0,True
0,Analytic,buffer,15.0,41,3.3253544367852537,42.0,True
0,Analytic,buffer,15.0,42,3.72117035632227,15.0,True
0,Analytic,buffer,15.0,43,2.7573906565072517,16.0,True
0,Analytic,buffer,15.0,44,3.2623479986488184,90.0,True
0,Analytic,buffer,15.0,45,2.644583223495178,37.0,True
0,Analytic,buffer,15.0,46,3.371223437660923,65.0,True
0,Analytic,buffer,15.0,47,3.2558237857102377,24.0,True
0,Analytic,buffer,15.0,48,2.982368109097597,35.0,True
0,Analytic,buffer,15.0,49,2.0493054470355907,33.0,True
0,Analytic,buffer,20.0,0,2.298966029643483,6.0,True
0,Analytic,buffer,20.0,1,2.4557145527088733,33.0,True
0,Analytic,buffer,20.0,2,2.434407414699382,27.0,True
0,Analytic,buffer,20.0,3,2.236684466226636,102.0,True
0,Analytic,buffer,20.0,4,2.8088752092153966,10.0,True
0,Analytic,buffer,20.0,5,2.570405915236752,71.0,True
0,Analytic,buffer,20.0,6,3.0801025053689735,30.0,True
0,Analytic,buffer,20.0,7,2.592821745333105,26.0,True
0,Analytic,buffer,20.0,8,2.745217059746857,32.0,True
0,Analytic,buffer,20.0,9,2.6825957946768932,19.0,True
0,Analytic,buffer,20.0,10,3.348399666228261,28.0,True
0,Analytic,buffer,20.0,11,2.6035837230826804,41.0,True
0,Analytic,buffer,20.0,12,3.271116001014093,68.0,True
0,Analytic,buffer,20.0,13,2.2355435811783333,27.0,True
0,Analytic,buffer,20.0,14,3.2029555787939143,24.0,True
0,Analytic,buffer,20.0,15,2.472624602486826,15.0,True
0,Analytic,buffer,20.0,16,2.2647921565448437,63.0,True
0,Analytic,buffer,20.0,17,3.2409383955493904,31.0,True
0,Analytic,buffer,20.0,18,2.5304800143469084,92.0,True
0,Analytic,buffer,20.0,19,3.1879666484100704,34.0,True
0,Analytic,buffer,20.0,20,2.221412077092502,57.0,True
0,Analytic,buffer,20.0,21,3.8345011793396067,15.0,True
0,Analytic,buffer,20.0,22,2.702515187536538,18.0,True
0,Analytic,buffer,20.0,23,3.8037053848103275,59.0,True
0,Analytic,buffer,20.0,24,2.1773571422826254,21.0,True
0,Analytic,buffer,20.0,25,3.511731282198916,94.0,True
0,Analytic,buffer,20.0,26,2.874176533031518,27.0,True
0,Analytic,buffer,20.0,27,2.176456134564428,6.0,True
0,Analytic,buffer,20.0,28,3.3620857366177375,13.0,True
0,Analytic,buffer,20.0,29,3.4114271412574784,22.0,True
0,Analytic,buffer,20.0,30,2.3605202493505715,15.0,True
0,Analytic,buffer,20.0,31,2.6905257313303026,89.0,True
0,Analytic,buffer,20.0,32,2.9078222703942616,40.0,True
0,Analytic,buffer,20.0,33,3.3125241299464863,103.0,True
0,Analytic,buffer,20.0,34,2.7223035188127023,19.0,True
0,Analytic,buffer,20.0,35,3.222886625226177,88.0,True
0,Analytic,buffer,20.0,36,4.086883298077405,121.0,True
0,Analytic,buffer,20.0,37,2.604583723565392,31.0,True
0,Analytic,buffer,20.0,38,2.4441650972618305,12.0,True
0,Analytic,buffer,20.0,39,4.212952695851682,13.0,True
0,Analytic,buffer,20.0,40,3.346272542258531,42.0,True
0,Analytic,buffer,20.0,41,3.3253544367852537,35.0,True
0,Analytic,buffer,20.0,42,3.72117035632227,9.0,True
0,Analytic,buffer,20.0,43,2.7573906565072517,12.0,True
0,Analytic,buffer,20.0,44,3.2623479986488184,86.0,True
0,Analytic,buffer,20.0,45,2.644583223495178,33.0,True
0,Analytic,buffer,20.0,46,3.371223437660923,57.0,True
0,Analytic,buffer,20.0,47,3.2558237857102377,18.0,True
0,Analytic,buffer,20.0,48,2.982368109097597,27.0,True
0,Analytic,buffer,20.0,49,2.0493054470355907,27.0,True
0,Analytic,crossing,5.0,0,2.298966029643483,23.0,True
0,Analytic,crossing,5.0,1,2.4557145527088733,,False
0,Analytic,crossing,5.0,2,2.434407414699382,43.0,True
0,Analytic,crossing,5.0,3,2.236684466226636,119.0,True
0,Analytic,crossing,5.0,4,2.8088752092153966,,False
0,Analytic,crossing,5.0,5,2.570405915236752,81.0,True
0,Analytic,crossing,5.0,6,3.0801025053689735,,False
0,Analytic,crossing,5.0,7,2.592821745333105,42.0,True
0,Analytic,crossing,5.0,8,2.745217059746857,47.0,True
0,Analytic,crossing,5.0,9,2.6825957946768932,,False
0,Analytic,crossing,5.0,10,3.348399666228261,,False
0,Analytic,crossing,5.0,11,2.6035837230826804,59.0,True
0,Analytic,crossing,5.0,12,3.271116001014093,,False
0,Analytic,crossing,5.0,13,2.2355435811783333,,False
0,Analytic,crossing,5.0,14,3.2029555787939143,,False
0,Analytic,crossing,5.0,15,2.472624602486826,35.0,True
0,Analytic,crossing,5.0,16,2.2647921565448437,85.0,True
0,Analytic,crossing,5.0,17,3.2409383955493904,,False
0,Analytic,crossing,5.0,18,2.5304800143469084,,False
0,Analytic,crossing,5.0,19,3.1879666484100704,,False
0,Analytic,crossing,5.0,20,2.221412077092502,69.0,True
0,Analytic,crossing,5.0,21,3.8345011793396067,,False
0,Analytic,crossing,5.0,22,2.702515187536538,,False
0,Analytic,crossing,5.0,23,3.8037053848103275,,False
0,Analytic,crossing,5.0,24,2.1773571422826254,,False
0,Analytic,crossing,5.0,25,3.511731282198916,,False
0,Analytic,crossing,5.0,26,2.874176533031518,,False
0,Analytic,crossing,5.0,27,2.176456134564428,50.0,True
0,Analytic,crossing,5.0,28,3.3620857366177375,,False
0,Analytic,crossing,5.0,29,3.4114271412574784,,False
0,Analytic,crossing,5.0,30,2.3605202493505715,33.0,True
0,Analytic,crossing,5.0,31,2.6905257313303026,107.0,True
0,Analytic,crossing,5.0,32,2.9078222703942616,,False
0,Analytic,crossing,5.0,33,3.3125241299464863,,False
0,Analytic,crossing,5.0,34,2.7223035188127023,,False
0,Analytic,crossing,5.0,35,3.222886625226177,,False
0,Analytic,crossing,5.0,36,4.086883298077405,,False
0,Analytic,crossing,5.0,37,2.604583723565392,,False
0,Analytic,crossing,5.0,38,2.4441650972618305,36.0,True
0,Analytic,crossing,5.0,39,4.212952695851682,,False
0,Analytic,crossing,5.0,40,3.346272542258531,,False
0,Analytic,crossing,5.0,41,3.3253544367852537,,False
0,Analytic,crossing,5.0,42,3.72117035632227,,False
0,Analytic,crossing,5.0,43,2.7573906565072517,,False
0,Analytic,crossing,5.0,44,3.2623479986488184,,False
0,Analytic,crossing,5.0,45,2.644583223495178,,False
0,Analytic,crossing,5.0,46,3.371223437660923,,False
0,Analytic,crossing,5.0,47,3.2558237857102377,,False
0,Analytic,crossing,5.0,48,2.982368109097597,,False
0,Analytic,crossing,5.0,49,2.0493054470355907,46.0,True
0,Analytic,crossing,10.0,0,2.298966029643483,17.0,True
0,Analytic,crossing,10.0,1,2.4557145527088733,45.0,True
0,Analytic,crossing,10.0,2,2.434407414699382,37.0,True
0,Analytic,crossing,10.0,3,2.236684466226636,115.0,True
0,Analytic,crossing,10.0,4,2.8088752092153966,22.0,True
0,Analytic,crossing,10.0,5,2.570405915236752,79.0,True
0,Analytic,crossing,10.0,6,3.0801025053689735,41.0,True
0,Analytic,crossing,10.0,7,2.592821745333105,38.0,True
0,Analytic,crossing,10.0,8,2.745217059746857,42.0,True
0,Analytic,crossing,10.0,9,2.6825957946768932,31.0,True
0,Analytic,crossing,10.0,10,3.348399666228261,44.0,True
0,Analytic,crossing,10.0,11,2.6035837230826804,55.0,True
0,Analytic,crossing,10.0,12,3.271116001014093,92.0,True
0,Analytic,crossing,10.0,13,2.2355435811783333,39.0,True
0,Analytic,crossing,10.0,14,3.2029555787939143,36.0,True
0,Analytic,crossing,10.0,15,2.472624602486826,28.0,True
0,Analytic,crossing,10.0,16,2.2647921565448437,81.0,True
0,Analytic,crossing,10.0,17,3.2409383955493904,42.0,True
0,Analytic,crossing,10.0,18,2.5304800143469084,106.0,True
0,Analytic,crossing,10.0,19,3.1879666484100704,46.0,True
0,Analytic,crossing,10.0,20,2.221412077092502,65.0,True
0,Analytic,crossing,10.0,21,3.8345011793396067,27.0,True
0,Analytic,crossing,10.0,22,2.702515187536538,29.0,True
0,Analytic,crossing,10.0,23,3.8037053848103275,69.0,True
0,Analytic,crossing,10.0,24,2.1773571422826254,32.0,True
0,Analytic,crossing,10.0,25,3.511731282198916,107.0,True
0,Analytic,crossing,10.0,26,2.874176533031518,41.0,True
0,Analytic,crossing,10.0,27,2.176456134564428,18.0,True
0,Analytic,crossing,10.0,28,3.3620857366177375,25.0,True
0,Analytic,crossing,10.0,29,3.4114271412574784,35.0,True
0,Analytic,crossing,10.0,30,2.3605202493505715,28.0,True
0,Analytic,crossing,10.0,31,2.6905257313303026,102.0,True
0,Analytic,crossing,10.0,32,2.9078222703942616,52.0,True
0,Analytic,crossing,10.0,33,3.3125241299464863,113.0,True
0,Analytic,crossing,10.0,34,2.7223035188127023,32.0,True
0,Analytic,crossing,10.0,35,3.222886625226177,100.0,True
0,Analytic,crossing,10.0,36,4.086883298077405,126.0,True
0,Analytic,crossing,10.0,37,2.604583723565392,42.0,True
0,Analytic,crossing,10.0,38,2.4441650972618305,27.0,True
0,Analytic,crossing,10.0,39,4.212952695851682,25.0,True
0,Analytic,crossing,10.0,40,3.346272542258531,57.0,True
0,Analytic,crossing,10.0,41,3.3253544367852537,50.0,True
0,Analytic,crossing,10.0,42,3.72117035632227,22.0,True
0,Analytic,crossing,10.0,43,2.7573906565072517,24.0,True
0,Analytic,crossing,10.0,44,3.2623479986488184,98.0,True
0,Analytic,crossing,10.0,45,2.644583223495178,45.0,True
0,Analytic,crossing,10.0,46,3.371223437660923,72.0,True
0,Analytic,crossing,10.0,47,3.2558237857102377,30.0,True
0,Analytic,crossing,10.0,48,2.982368109097597,41.0,True
0,Analytic,crossing,10.0,49,2.0493054470355907,40.0,True
0,Analytic,crossing,15.0,0,2.298966029643483,13.0,True
0,Analytic,crossing,15.0,1,2.4557145527088733,41.0,True
0,Analytic,crossing,15.0,2,2.434407414699382,33.0,True
0,Analytic,crossing,15.0,3,2.236684466226636,110.0,True
0,Analytic,crossing,15.0,4,2.8088752092153966,17.0,True
0,Analytic,crossing,15.0,5,2.570405915236752,77.0,True
0,Analytic,crossing,15.0,6,3.0801025053689735,37.0,True
0,Analytic,crossing,15.0,7,2.592821745333105,32.0,True
0,Analytic,crossing,15.0,8,2.745217059746857,39.0,True
0,Analytic,crossing,15.0,9,2.6825957946768932,25.0,True
0,Analytic,crossing,15.0,10,3.348399666228261,40.0,True
0,Analytic,crossing,15.0,11,2.6035837230826804,51.0,True
0,Analytic,crossing,15.0,12,3.271116001014093,88.0,True
0,Analytic,crossing,15.0,13,2.2355435811783333,34.0,True
0,Analytic,crossing,15.0,14,3.2029555787939143,32.0,True
0,Analytic,crossing,15.0,15,2.472624602486826,23.0,True
0,Analytic,crossing,15.0,16,2.2647921565448437,73.0,True
0,Analytic,crossing,15.0,17,3.2409383955493904,38.0,True
0,Analytic,crossing,15.0,18,2.5304800143469084,102.0,True
0,Analytic,crossing,15.0,19,3.1879666484100704,41.0,True
0,Analytic,crossing,15.0,20,2.221412077092502,63.0,True
0,Analytic,crossing,15.0,21,3.8345011793396067,23.0,True
0,Analytic,crossing,15.0,22,2.702515187536538,27.0,True
0,Analytic,crossing,15.0,23,3.8037053848103275,66.0,True
0,Analytic,crossing,15.0,24,2.1773571422826254,29.0,True
0,Analytic,crossing,15.0,25,3.511731282198916,102.0,True
0,Analytic,crossing,15.0,26,2.874176533031518,34.0,True
0,Analytic,crossing,15.0,27,2.176456134564428,13.0,True
0,Analytic,crossing,15.0,28,3.3620857366177375,20.0,True
0,Analytic,crossing,15.0,29,3.4114271412574784,30.0,True
0,Analytic,crossing,15.0,30,2.3605202493505715,23.0,True
0,Analytic,crossing,15.0,31,2.6905257313303026,95.0,True
0,Analytic,crossing,15.0,32,2.9078222703942616,46.0,True
0,Analytic,crossing,15.0,33,3.3125241299464863,108.0,True
0,Analytic,crossing,15.0,34,2.7223035188127023,26.0,True
0,Analytic,crossing,15.0,35,3.222886625226177,93.0,True
0,Analytic,crossing,15.0,36,4.086883298077405,124.0,True
0,Analytic,crossing,15.0,37,2.604583723565392,37.0,True
0,Analytic,crossing,15.0,38,2.4441650972618305,23.0,True
0,Analytic,crossing,15.0,39,4.212952695851682,21.0,True
0,Analytic,crossing,15.0,40,3.346272542258531,52.0,True
0,Analytic,crossing,15.0,41,3.3253544367852537,44.0,True
0,Analytic,crossing,15.0,42,3.72117035632227,18.0,True
0,Analytic,crossing,15.0,43,2.7573906565072517,18.0,True
0,Analytic,crossing,15.0,44,3.2623479986488184,93.0,True
0,Analytic,crossing,15.0,45,2.644583223495178,40.0,True
0,Analytic,crossing,15.0,46,3.371223437660923,68.0,True
0,Analytic,crossing,15.0,47,3.2558237857102377,26.0,True
0,Analytic,crossing,15.0,48,2.982368109097597,37.0,True
0,Analytic,crossing,15.0,49,2.0493054470355907,34.0,True
0,Analytic,crossing,20.0,0,2.298966029643483,7.0,True
0,Analytic,crossing,20.0,1,2.4557145527088733,36.0,True
0,Analytic,crossing,20.0,2,2.434407414699382,28.0,True
0,Analytic,crossing,20.0,3,2.236684466226636,107.0,True
0,Analytic,crossing,20.0,4,2.8088752092153966,12.0,True
0,Analytic,crossing,20.0,5,2.570405915236752,73.0,True
0,Analytic,crossing,20.0,6,3.0801025053689735,32.0,True
0,Analytic,crossing,20.0,7,2.592821745333105,28.0,True
0,Analytic,crossing,20.0,8,2.745217059746857,34.0,True
0,Analytic,crossing,20.0,9,2.6825957946768932,21.0,True
0,Analytic,crossing,20.0,10,3.348399666228261,31.0,True
0,Analytic,crossing,20.0,11,2.6035837230826804,44.0,True
0,Analytic,crossing,20.0,12,3.271116001014093,73.0,True
0,Analytic,crossing,20.0,13,2.2355435811783333,30.0,True
0,Analytic,crossing,20.0,14,3.2029555787939143,26.0,True
0,Analytic,crossing,20.0,15,2.472624602486826,17.0,True
0,Analytic,crossing,20.0,16,2.2647921565448437,69.0,True
0,Analytic,crossing,20.0,17,3.2409383955493904,35.0,True
0,Analytic,crossing,20.0,18,2.5304800143469084,97.0,True
0,Analytic,crossing,20.0,19,3.1879666484100704,37.0,True
0,Analytic,crossing,20.0,20,2.221412077092502,59.0,True
0,Analytic,crossing,20.0,21,3.8345011793396067,18.0,True
0,Analytic,crossing,20.0,22,2.702515187536538,21.0,True
0,Analytic,crossing,20.0,23,3.8037053848103275,62.0,True
0,Analytic,crossing,20.0,24,2.1773571422826254,25.0,True
0,Analytic,crossing,20.0,25,3.511731282198916,95.0,True
0,Analytic,crossing,20.0,26,2.874176533031518,30.0,True
0,Analytic,crossing,20.0,27,2.176456134564428,9.0,True
0,Analytic,crossing,20.0,28,3.3620857366177375,16.0,True
0,Analytic,crossing,20.0,29,3.4114271412574784,24.0,True
0,Analytic,crossing,20.0,30,2.3605202493505715,17.0,True
0,Analytic,crossing,20.0,31,2.6905257313303026,91.0,True
0,Analytic,crossing,20.0,32,2.9078222703942616,43.0,True
0,Analytic,crossing,20.0,33,3.3125241299464863,105.0,True
0,Analytic,crossing,20.0,34,2.7223035188127023,22.0,True
0,Analytic,crossing,20.0,35,3.222886625226177,89.0,True
0,Analytic,crossing,20.0,36,4.086883298077405,123.0,True
0,Analytic,crossing,20.0,37,2.604583723565392,33.0,True
0,Analytic,crossing,20.0,38,2.4441650972618305,15.0,True
0,Analytic,crossing,20.0,39,4.212952695851682,15.0,True
0,Analytic,crossing,20.0,40,3.346272542258531,44.0,True
0,Analytic,crossing,20.0,41,3.3253544367852537,40.0,True
0,Analytic,crossing,20.0,42,3.72117035632227,12.0,True
0,Analytic,crossing,20.0,43,2.7573906565072517,14.0,True
0,Analytic,crossing,20.0,44,3.2623479986488184,87.0,True
0,Analytic,crossing,20.0,45,2.644583223495178,36.0,True
0,Analytic,crossing,20.0,46,3.371223437660923,65.0,True
0,Analytic,crossing,20.0,47,3.2558237857102377,21.0,True
0,Analytic,crossing,20.0,48,2.982368109097597,29.0,True
0,Analytic,crossing,20.0,49,2.0493054470355907,30.0,True
0,LSTM,buffer,5.0,0,2.298966029643483,21.0,True
0,LSTM,buffer,5.0,1,2.4557145527088733,52.0,True
0,LSTM,buffer,5.0,2,2.434407414699382,40.0,True
0,LSTM,buffer,5.0,3,2.236684466226636,117.0,True
0,LSTM,buffer,5.0,4,2.8088752092153966,26.0,True
0,LSTM,buffer,5.0,5,2.570405915236752,80.0,True
0,LSTM,buffer,5.0,6,3.0801025053689735,65.0,True
0,LSTM,buffer,5.0,7,2.592821745333105,39.0,True
0,LSTM,buffer,5.0,8,2.745217059746857,43.0,True
0,LSTM,buffer,5.0,9,2.6825957946768932,35.0,True
0,LSTM,buffer,5.0,10,3.348399666228261,,False
0,LSTM,buffer,5.0,11,2.6035837230826804,56.0,True
0,LSTM,buffer,5.0,12,3.271116001014093,,False
0,LSTM,buffer,5.0,13,2.2355435811783333,56.0,True
0,LSTM,buffer,5.0,14,3.2029555787939143,38.0,True
0,LSTM,buffer,5.0,15,2.472624602486826,30.0,True
0,LSTM,buffer,5.0,16,2.2647921565448437,83.0,True
0,LSTM,buffer,5.0,17,3.2409383955493904,46.0,True
0,LSTM,buffer,5.0,18,2.5304800143469084,115.0,True
0,LSTM,buffer,5.0,19,3.1879666484100704,46.0,True
0,LSTM,buffer,5.0,20,2.221412077092502,67.0,True
0,LSTM,buffer,5.0,21,3.8345011793396067,32.0,True
0,LSTM,buffer,5.0,22,2.702515187536538,32.0,True
0,LSTM,buffer,5.0,23,3.8037053848103275,,False
0,LSTM,buffer,5.0,24,2.1773571422826254,36.0,True
0,LSTM,buffer,5.0,25,3.511731282198916,112.0,True
0,LSTM,buffer,5.0,26,2.874176533031518,,False
0,LSTM,buffer,5.0,27,2.176456134564428,20.0,True
0,LSTM,buffer,5.0,28,3.3620857366177375,28.0,True
0,LSTM,buffer,5.0,29,3.4114271412574784,38.0,True
0,LSTM,buffer,5.0,30,2.3605202493505715,31.0,True
0,LSTM,buffer,5.0,31,2.6905257313303026,104.0,True
0,LSTM,buffer,5.0,32,2.9078222703942616,,False
0,LSTM,buffer,5.0,33,3.3125241299464863,,False
0,LSTM,buffer,5.0,34,2.7223035188127023,36.0,True
0,LSTM,buffer,5.0,35,3.222886625226177,,False
0,LSTM,buffer,5.0,36,4.086883298077405,,False
0,LSTM,buffer,5.0,37,2.604583723565392,46.0,True
0,LSTM,buffer,5.0,38,2.4441650972618305,29.0,True
0,LSTM,buffer,5.0,39,4.212952695851682,,False
0,LSTM,buffer,5.0,40,3.346272542258531,,False
0,LSTM,buffer,5.0,41,3.3253544367852537,,False
0,LSTM,buffer,5.0,42,3.72117035632227,,False
0,LSTM,buffer,5.0,43,2.7573906565072517,26.0,True
0,LSTM,buffer,5.0,44,3.2623479986488184,103.0,True
0,LSTM,buffer,5.0,45,2.644583223495178,50.0,True
0,LSTM,buffer,5.0,46,3.371223437660923,,False
0,LSTM,buffer,5.0,47,3.2558237857102377,34.0,True
0,LSTM,buffer,5.0,48,2.982368109097597,46.0,True
0,LSTM,buffer,5.0,49,2.0493054470355907,44.0,True
0,LSTM,buffer,10.0,0,2.298966029643483,16.0,True
0,LSTM,buffer,10.0,1,2.4557145527088733,44.0,True
0,LSTM,buffer,10.0,2,2.434407414699382,36.0,True
0,LSTM,buffer,10.0,3,2.236684466226636,115.0,True
0,LSTM,buffer,10.0,4,2.8088752092153966,21.0,True
0,LSTM,buffer,10.0,5,2.570405915236752,79.0,True
0,LSTM,buffer,10.0,6,3.0801025053689735,39.0,True
0,LSTM,buffer,10.0,7,2.592821745333105,36.0,True
0,LSTM,buffer,10.0,8,2.745217059746857,42.0,True
0,LSTM,buffer,10.0,9,2.6825957946768932,30.0,True
0,LSTM,buffer,10.0,10,3.348399666228261,,False
0,LSTM,buffer,10.0,11,2.6035837230826804,54.0,True
0,LSTM,buffer,10.0,12,3.271116001014093,90.0,True
0,LSTM,buffer,10.0,13,2.2355435811783333,38.0,True
0,LSTM,buffer,10.0,14,3.2029555787939143,35.0,True
0,LSTM,buffer,10.0,15,2.472624602486826,26.0,True
0,LSTM,buffer,10.0,16,2.2647921565448437,80.0,True
0,LSTM,buffer,10.0,17,3.2409383955493904,40.0,True
0,LSTM,buffer,10.0,18,2.5304800143469084,104.0,True
0,LSTM,buffer,10.0,19,3.1879666484100704,44.0,True
0,LSTM,buffer,10.0,20,2.221412077092502,63.0,True
0,LSTM,buffer,10.0,21,3.8345011793396067,25.0,True
0,LSTM,buffer,10.0,22,2.702515187536538,29.0,True
0,LSTM,buffer,10.0,23,3.8037053848103275,,False
0,LSTM,buffer,10.0,24,2.1773571422826254,30.0,True
0,LSTM,buffer,10.0,25,3.511731282198916,105.0,True
0,LSTM,buffer,10.0,26,2.874176533031518,38.0,True
0,LSTM,buffer,10.0,27,2.176456134564428,17.0,True
0,LSTM,buffer,10.0,28,3.3620857366177375,24.0,True
0,LSTM,buffer,10.0,29,3.4114271412574784,34.0,True
0,LSTM,buffer,10.0,30,2.3605202493505715,27.0,True
0,LSTM,buffer,10.0,31,2.6905257313303026,101.0,True
0,LSTM,buffer,10.0,32,2.9078222703942616,49.0,True
0,LSTM,buffer,10.0,33,3.3125241299464863,114.0,True
0,LSTM,buffer,10.0,34,2.7223035188127023,31.0,True
0,LSTM,buffer,10.0,35,3.222886625226177,99.0,True
0,LSTM,buffer,10.0,36,4.086883298077405,,False
0,LSTM,buffer,10.0,37,2.604583723565392,40.0,True
0,LSTM,buffer,10.0,38,2.4441650972618305,25.0,True
0,LSTM,buffer,10.0,39,4.212952695851682,22.0,True
0,LSTM,buffer,10.0,40,3.346272542258531,55.0,True
0,LSTM,buffer,10.0,41,3.3253544367852537,48.0,True
0,LSTM,buffer,10.0,42,3.72117035632227,20.0,True
0,LSTM,buffer,10.0,43,2.7573906565072517,22.0,True
0,LSTM,buffer,10.0,44,3.2623479986488184,97.0,True
0,LSTM,buffer,10.0,45,2.644583223495178,43.0,True
0,LSTM,buffer,10.0,46,3.371223437660923,,False
0,LSTM,buffer,10.0,47,3.2558237857102377,29.0,True
0,LSTM,buffer,10.0,48,2.982368109097597,39.0,True
0,LSTM,buffer,10.0,49,2.0493054470355907,37.0,True
0,LSTM,buffer,15.0,0,2.298966029643483,13.0,True
0,LSTM,buffer,15.0,1,2.4557145527088733,41.0,True
0,LSTM,buffer,15.0,2,2.434407414699382,32.0,True
0,LSTM,buffer,15.0,3,2.236684466226636,112.0,True
0,LSTM,buffer,15.0,4,2.8088752092153966,16.0,True
0,LSTM,buffer,15.0,5,2.570405915236752,78.0,True
0,LSTM,buffer,15.0,6,3.0801025053689735,36.0,True
0,LSTM,buffer,15.0,7,2.592821745333105,32.0,True
0,LSTM,buffer,15.0,8,2.745217059746857,42.0,True
0,LSTM,buffer,15.0,9,2.6825957946768932,25.0,True
0,LSTM,buffer,15.0,10,3.348399666228261,,False
0,LSTM,buffer,15.0,11,2.6035837230826804,49.0,True
0,LSTM,buffer,15.0,12,3.271116001014093,90.0,True
0,LSTM,buffer,15.0,13,2.2355435811783333,32.0,True
0,LSTM,buffer,15.0,14,3.2029555787939143,31.0,True
0,LSTM,buffer,15.0,15,2.472624602486826,22.0,True
0,LSTM,buffer,15.0,16,2.2647921565448437,73.0,True
0,LSTM,buffer,15.0,17,3.2409383955493904,38.0,True
0,LSTM,buffer,15.0,18,2.5304800143469084,102.0,True
0,LSTM,buffer,15.0,19,3.1879666484100704,43.0,True
0,LSTM,buffer,15.0,20,2.221412077092502,60.0,True
0,LSTM,buffer,15.0,21,3.8345011793396067,20.0,True
0,LSTM,buffer,15.0,22,2.702515187536538,27.0,True
0,LSTM,buffer,15.0,23,3.8037053848103275,,False
0,LSTM,buffer,15.0,24,2.1773571422826254,26.0,True
0,LSTM,buffer,15.0,25,3.511731282198916,101.0,True
0,LSTM,buffer,15.0,26,2.874176533031518,31.0,True
0,LSTM,buffer,15.0,27,2.176456134564428,11.0,True
0,LSTM,buffer,15.0,28,3.3620857366177375,20.0,True
0,LSTM,buffer,15.0,29,3.4114271412574784,33.0,True
0,LSTM,buffer,15.0,30,2.3605202493505715,22.0,True
0,LSTM,buffer,15.0,31,2.6905257313303026,95.0,True
0,LSTM,buffer,15.0,32,2.9078222703942616,45.0,True
0,LSTM,buffer,15.0,33,3.3125241299464863,110.0,True
0,LSTM,buffer,15.0,34,2.7223035188127023,26.0,True
0,LSTM,buffer,15.0,35,3.222886625226177,93.0,True
0,LSTM,buffer,15.0,36,4.086883298077405,,False
0,LSTM,buffer,15.0,37,2.604583723565392,35.0,True
0,LSTM,buffer,15.0,38,2.4441650972618305,21.0,True
0,LSTM,buffer,15.0,39,4.212952695851682,20.0,True
0,LSTM,buffer,15.0,40,3.346272542258531,52.0,True
0,LSTM,buffer,15.0,41,3.3253544367852537,45.0,True
0,LSTM,buffer,15.0,42,3.72117035632227,17.0,True
0,LSTM,buffer,15.0,43,2.7573906565072517,17.0,True
0,LSTM,buffer,15.0,44,3.2623479986488184,93.0,True
0,LSTM,buffer,15.0,45,2.644583223495178,39.0,True
0,LSTM,buffer,15.0,46,3.371223437660923,,False
0,LSTM,buffer,15.0,47,3.2558237857102377,26.0,True
0,LSTM,buffer,15.0,48,2.982368109097597,35.0,True
0,LSTM,buffer,15.0,49,2.0493054470355907,33.0,True
0,LSTM,buffer,20.0,0,2.298966029643483,11.0,True
0,LSTM,buffer,20.0,1,2.4557145527088733,37.0,True
0,LSTM,buffer,20.0,2,2.434407414699382,27.0,True
0,LSTM,buffer,20.0,3,2.236684466226636,108.0,True
0,LSTM,buffer,20.0,4,2.8088752092153966,11.0,True
0,LSTM,buffer,20.0,5,2.570405915236752,78.0,True
0,LSTM,buffer,20.0,6,3.0801025053689735,32.0,True
0,LSTM,buffer,20.0,7,2.592821745333105,28.0,True
0,LSTM,buffer,20.0,8,2.745217059746857,41.0,True
0,LSTM,buffer,20.0,9,2.6825957946768932,22.0,True
0,LSTM,buffer,20.0,10,3.348399666228261,,False
0,LSTM,buffer,20.0,11,2.6035837230826804,45.0,True
0,LSTM,buffer,20.0,12,3.271116001014093,90.0,True
0,LSTM,buffer,20.0,13,2.2355435811783333,28.0,True
0,LSTM,buffer,20.0,14,3.2029555787939143,29.0,True
0,LSTM,buffer,20.0,15,2.472624602486826,17.0,True
0,LSTM,buffer,20.0,16,2.2647921565448437,68.0,True
0,LSTM,buffer,20.0,17,3.2409383955493904,36.0,True
0,LSTM,buffer,20.0,18,2.5304800143469084,97.0,True
0,LSTM,buffer,20.0,19,3.1879666484100704,43.0,True
0,LSTM,buffer,20.0,20,2.221412077092502,57.0,True
0,LSTM,buffer,20.0,21,3.8345011793396067,19.0,True
0,LSTM,buffer,20.0,22,2.702515187536538,26.0,True
0,LSTM,buffer,20.0,23,3.8037053848103275,,False
0,LSTM,buffer,20.0,24,2.1773571422826254,23.0,True
0,LSTM,buffer,20.0,25,3.511731282198916,95.0,True
0,LSTM,buffer,20.0,26,2.874176533031518,29.0,True
0,LSTM,buffer,20.0,27,2.176456134564428,8.0,True
0,LSTM,buffer,20.0,28,3.3620857366177375,16.0,True
0,LSTM,buffer,20.0,29,3.4114271412574784,33.0,True
0,LSTM,buffer,20.0,30,2.3605202493505715,20.0,True
0,LSTM,buffer,20.0,31,2.6905257313303026,91.0,True
0,LSTM,buffer,20.0,32,2.9078222703942616,43.0,True
0,LSTM,buffer,20.0,33,3.3125241299464863,107.0,True
0,LSTM,buffer,20.0,34,2.7223035188127023,22.0,True
0,LSTM,buffer,20.0,35,3.222886625226177,90.0,True
0,LSTM,buffer,20.0,36,4.086883298077405,,False
0,LSTM,buffer,20.0,37,2.604583723565392,31.0,True
0,LSTM,buffer,20.0,38,2.4441650972618305,16.0,True
0,LSTM,buffer,20.0,39,4.212952695851682,14.0,True
0,LSTM,buffer,20.0,40,3.346272542258531,50.0,True
0,LSTM,buffer,20.0,41,3.3253544367852537,40.0,True
0,LSTM,buffer,20.0,42,3.72117035632227,12.0,True
0,LSTM,buffer,20.0,43,2.7573906565072517,14.0,True
0,LSTM,buffer,20.0,44,3.2623479986488184,87.0,True
0,LSTM,buffer,20.0,45,2.644583223495178,36.0,True
0,LSTM,buffer,20.0,46,3.371223437660923,,False
0,LSTM,buffer,20.0,47,3.2558237857102377,21.0,True
0,LSTM,buffer,20.0,48,2.982368109097597,27.0,True
0,LSTM,buffer,20.0,49,2.0493054470355907,28.0,True
0,LSTM,crossing,5.0,0,2.298966029643483,23.0,True
0,LSTM,crossing,5.0,1,2.4557145527088733,,False
0,LSTM,crossing,5.0,2,2.434407414699382,,False
0,LSTM,crossing,5.0,3,2.236684466226636,,False
0,LSTM,crossing,5.0,4,2.8088752092153966,,False
0,LSTM,crossing,5.0,5,2.570405915236752,,False
0,LSTM,crossing,5.0,6,3.0801025053689735,,False
0,LSTM,crossing,5.0,7,2.592821745333105,,False
0,LSTM,crossing,5.0,8,2.745217059746857,,False
0,LSTM,crossing,5.0,9,2.6825957946768932,,False
0,LSTM,crossing,5.0,10,3.348399666228261,,False
0,LSTM,crossing,5.0,11,2.6035837230826804,,False
0,LSTM,crossing,5.0,12,3.271116001014093,,False
0,LSTM,crossing,5.0,13,2.2355435811783333,,False
0,LSTM,crossing,5.0,14,3.2029555787939143,,False
0,LSTM,crossing,5.0,15,2.472624602486826,,False
0,LSTM,crossing,5.0,16,2.2647921565448437,,False
0,LSTM,crossing,5.0,17,3.2409383955493904,,False
0,LSTM,crossing,5.0,18,2.5304800143469084,,False
0,LSTM,crossing,5.0,19,3.1879666484100704,,False
0,LSTM,crossing,5.0,20,2.221412077092502,91.0,True
0,LSTM,crossing,5.0,21,3.8345011793396067,,False
0,LSTM,crossing,5.0,22,2.702515187536538,,False
0,LSTM,crossing,5.0,23,3.8037053848103275,,False
0,LSTM,crossing,5.0,24,2.1773571422826254,,False
0,LSTM,crossing,5.0,25,3.511731282198916,,False
0,LSTM,crossing,5.0,26,2.874176533031518,,False
0,LSTM,crossing,5.0,27,2.176456134564428,50.0,True
0,LSTM,crossing,5.0,28,3.3620857366177375,,False
0,LSTM,crossing,5.0,29,3.4114271412574784,,False
0,LSTM,crossing,5.0,30,2.3605202493505715,,False
0,LSTM,crossing,5.0,31,2.6905257313303026,,False
0,LSTM,crossing,5.0,32,2.9078222703942616,,False
0,LSTM,crossing,5.0,33,3.3125241299464863,,False
0,LSTM,crossing,5.0,34,2.7223035188127023,,False
0,LSTM,crossing,5.0,35,3.222886625226177,,False
0,LSTM,crossing,5.0,36,4.086883298077405,,False
0,LSTM,crossing,5.0,37,2.604583723565392,,False
0,LSTM,crossing,5.0,38,2.4441650972618305,,False
0,LSTM,crossing,5.0,39,4.212952695851682,,False
0,LSTM,crossing,5.0,40,3.346272542258531,,False
0,LSTM,crossing,5.0,41,3.3253544367852537,,False
0,LSTM,crossing,5.0,42,3.72117035632227,,False
0,LSTM,crossing,5.0,43,2.7573906565072517,,False
0,LSTM,crossing,5.0,44,3.2623479986488184,,False
0,LSTM,crossing,5.0,45,2.644583223495178,,False
0,LSTM,crossing,5.0,46,3.371223437660923,,False
0,LSTM,crossing,5.0,47,3.2558237857102377,,False
0,LSTM,crossing,5.0,48,2.982368109097597,,False
0,LSTM,crossing,5.0,49,2.0493054470355907,46.0,True
0,LSTM,crossing,10.0,0,2.298966029643483,20.0,True
0,LSTM,crossing,10.0,1,2.4557145527088733,51.0,True
0,LSTM,crossing,10.0,2,2.434407414699382,38.0,True
0,LSTM,crossing,10.0,3,2.236684466226636,115.0,True
0,LSTM,crossing,10.0,4,2.8088752092153966,22.0,True
0,LSTM,crossing,10.0,5,2.570405915236752,80.0,True
0,LSTM,crossing,10.0,6,3.0801025053689735,40.0,True
0,LSTM,crossing,10.0,7,2.592821745333105,37.0,True
0,LSTM,crossing,10.0,8,2.745217059746857,42.0,True
0,LSTM,crossing,10.0,9,2.6825957946768932,32.0,True
0,LSTM,crossing,10.0,10,3.348399666228261,,False
0,LSTM,crossing,10.0,11,2.6035837230826804,55.0,True
0,LSTM,crossing,10.0,12,3.271116001014093,,False
0,LSTM,crossing,10.0,13,2.2355435811783333,39.0,True
0,LSTM,crossing,10.0,14,3.2029555787939143,36.0,True
0,LSTM,crossing,10.0,15,2.472624602486826,28.0,True
0,LSTM,crossing,10.0,16,2.2647921565448437,81.0,True
0,LSTM,crossing,10.0,17,3.2409383955493904,42.0,True
0,LSTM,crossing,10.0,18,2.5304800143469084,108.0,True
0,LSTM,crossing,10.0,19,3.1879666484100704,45.0,True
0,LSTM,crossing,10.0,20,2.221412077092502,65.0,True
0,LSTM,crossing,10.0,21,3.8345011793396067,27.0,True
0,LSTM,crossing,10.0,22,2.702515187536538,29.0,True
0,LSTM,crossing,10.0,23,3.8037053848103275,,False
0,LSTM,crossing,10.0,24,2.1773571422826254,33.0,True
0,LSTM,crossing,10.0,25,3.511731282198916,108.0,True
0,LSTM,crossing,10.0,26,2.874176533031518,,False
0,LSTM,crossing,10.0,27,2.176456134564428,18.0,True
0,LSTM,crossing,10.0,28,3.3620857366177375,26.0,True
0,LSTM,crossing,10.0,29,3.4114271412574784,36.0,True
0,LSTM,crossing,10.0,30,2.3605202493505715,29.0,True
0,LSTM,crossing,10.0,31,2.6905257313303026,102.0,True
0,LSTM,crossing,10.0,32,2.9078222703942616,,False
0,LSTM,crossing,10.0,33,3.3125241299464863,115.0,True
0,LSTM,crossing,10.0,34,2.7223035188127023,32.0,True
0,LSTM,crossing,10.0,35,3.222886625226177,101.0,True
0,LSTM,crossing,10.0,36,4.086883298077405,,False
0,LSTM,crossing,10.0,37,2.604583723565392,43.0,True
0,LSTM,crossing,10.0,38,2.4441650972618305,28.0,True
0,LSTM,crossing,10.0,39,4.212952695851682,,False
0,LSTM,crossing,10.0,40,3.346272542258531,,False
0,LSTM,crossing,10.0,41,3.3253544367852537,50.0,True
0,LSTM,crossing,10.0,42,3.72117035632227,24.0,True
0,LSTM,crossing,10.0,43,2.7573906565072517,24.0,True
0,LSTM,crossing,10.0,44,3.2623479986488184,99.0,True
0,LSTM,crossing,10.0,45,2.644583223495178,45.0,True
0,LSTM,crossing,10.0,46,3.371223437660923,,False
0,LSTM,crossing,10.0,47,3.2558237857102377,32.0,True
0,LSTM,crossing,10.0,48,2.982368109097597,41.0,True
0,LSTM,crossing,10.0,49,2.0493054470355907,41.0,True
0,LSTM,crossing,15.0,0,2.298966029643483,15.0,True
0,LSTM,crossing,15.0,1,2.4557145527088733,42.0,True
0,LSTM,crossing,15.0,2,2.434407414699382,33.0,True
0,LSTM,crossing,15.0,3,2.236684466226636,112.0,True
0,LSTM,crossing,15.0,4,2.8088752092153966,18.0,True
0,LSTM,crossing,15.0,5,2.570405915236752,79.0,True
0,LSTM,crossing,15.0,6,3.0801025053689735,38.0,True
0,LSTM,crossing,15.0,7,2.592821745333105,36.0,True
0,LSTM,crossing,15.0,8,2.745217059746857,42.0,True
0,LSTM,crossing,15.0,9,2.6825957946768932,28.0,True
0,LSTM,crossing,15.0,10,3.348399666228261,,False
0,LSTM,crossing,15.0,11,2.6035837230826804,53.0,True
0,LSTM,crossing,15.0,12,3.271116001014093,,False
0,LSTM,crossing,15.0,13,2.2355435811783333,36.0,True
0,LSTM,crossing,15.0,14,3.2029555787939143,35.0,True
0,LSTM,crossing,15.0,15,2.472624602486826,24.0,True
0,LSTM,crossing,15.0,16,2.2647921565448437,78.0,True
0,LSTM,crossing,15.0,17,3.2409383955493904,40.0,True
0,LSTM,crossing,15.0,18,2.5304800143469084,103.0,True
0,LSTM,crossing,15.0,19,3.1879666484100704,44.0,True
0,LSTM,crossing,15.0,20,2.221412077092502,63.0,True
0,LSTM,crossing,15.0,21,3.8345011793396067,23.0,True
0,LSTM,crossing,15.0,22,2.702515187536538,27.0,True
0,LSTM,crossing,15.0,23,3.8037053848103275,,False
0,LSTM,crossing,15.0,24,2.1773571422826254,28.0,True
0,LSTM,crossing,15.0,25,3.511731282198916,103.0,True
0,LSTM,crossing,15.0,26,2.874176533031518,35.0,True
0,LSTM,crossing,15.0,27,2.176456134564428,15.0,True
0,LSTM,crossing,15.0,28,3.3620857366177375,22.0,True
0,LSTM,crossing,15.0,29,3.4114271412574784,34.0,True
0,LSTM,crossing,15.0,30,2.3605202493505715,26.0,True
0,LSTM,crossing,15.0,31,2.6905257313303026,98.0,True
0,LSTM,crossing,15.0,32,2.9078222703942616,49.0,True
0,LSTM,crossing,15.0,33,3.3125241299464863,110.0,True
0,LSTM,crossing,15.0,34,2.7223035188127023,29.0,True
0,LSTM,crossing,15.0,35,3.222886625226177,96.0,True
0,LSTM,crossing,15.0,36,4.086883298077405,,False
0,LSTM,crossing,15.0,37,2.604583723565392,37.0,True
0,LSTM,crossing,15.0,38,2.4441650972618305,24.0,True
0,LSTM,crossing,15.0,39,4.212952695851682,21.0,True
0,LSTM,crossing,15.0,40,3.346272542258531,,False
0,LSTM,crossing,15.0,41,3.3253544367852537,47.0,True
0,LSTM,crossing,15.0,42,3.72117035632227,19.0,True
0,LSTM,crossing,15.0,43,2.7573906565072517,18.0,True
0,LSTM,crossing,15.0,44,3.2623479986488184,94.0,True
0,LSTM,crossing,15.0,45,2.644583223495178,42.0,True
0,LSTM,crossing,15.0,46,3.371223437660923,,False
0,LSTM,crossing,15.0,47,3.2558237857102377,27.0,True
0,LSTM,crossing,15.0,48,2.982368109097597,36.0,True
0,LSTM,crossing,15.0,49,2.0493054470355907,33.0,True
0,LSTM,crossing,20.0,0,2.298966029643483,13.0,True
0,LSTM,crossing,20.0,1,2.4557145527088733,39.0,True
0,LSTM,crossing,20.0,2,2.434407414699382,28.0,True
0,LSTM,crossing,20.0,3,2.236684466226636,108.0,True
0,LSTM,crossing,20.0,4,2.8088752092153966,15.0,True
0,LSTM,crossing,20.0,5,2.570405915236752,78.0,True
0,LSTM,crossing,20.0,6,3.0801025053689735,32.0,True
0,LSTM,crossing,20.0,7,2.592821745333105,32.0,True
0,LSTM,crossing,20.0,8,2.745217059746857,42.0,True
0,LSTM,crossing,20.0,9,2.6825957946768932,23.0,True
0,LSTM,crossing,20.0,10,3.348399666228261,,False
0,LSTM,crossing,20.0,11,2.6035837230826804,49.0,True
0,LSTM,crossing,20.0,12,3.271116001014093,,False
0,LSTM,crossing,20.0,13,2.2355435811783333,31.0,True
0,LSTM,crossing,20.0,14,3.2029555787939143,30.0,True
0,LSTM,crossing,20.0,15,2.472624602486826,20.0,True
0,LSTM,crossing,20.0,16,2.2647921565448437,69.0,True
0,LSTM,crossing,20.0,17,3.2409383955493904,38.0,True
0,LSTM,crossing,20.0,18,2.5304800143469084,99.0,True
0,LSTM,crossing,20.0,19,3.1879666484100704,44.0,True
0,LSTM,crossing,20.0,20,2.221412077092502,61.0,True
0,LSTM,crossing,20.0,21,3.8345011793396067,20.0,True
0,LSTM,crossing,20.0,22,2.702515187536538,26.0,True
0,LSTM,crossing,20.0,23,3.8037053848103275,,False
0,LSTM,crossing,20.0,24,2.1773571422826254,26.0,True
0,LSTM,crossing,20.0,25,3.511731282198916,99.0,True
0,LSTM,crossing,20.0,26,2.874176533031518,30.0,True
0,LSTM,crossing,20.0,27,2.176456134564428,11.0,True
0,LSTM,crossing,20.0,28,3.3620857366177375,17.0,True
0,LSTM,crossing,20.0,29,3.4114271412574784,34.0,True
0,LSTM,crossing,20.0,30,2.3605202493505715,21.0,True
0,LSTM,crossing,20.0,31,2.6905257313303026,93.0,True
0,LSTM,crossing,20.0,32,2.9078222703942616,44.0,True
0,LSTM,crossing,20.0,33,3.3125241299464863,107.0,True
0,LSTM,crossing,20.0,34,2.7223035188127023,24.0,True
0,LSTM,crossing,20.0,35,3.222886625226177,92.0,True
0,LSTM,crossing,20.0,36,4.086883298077405,,False
0,LSTM,crossing,20.0,37,2.604583723565392,34.0,True
0,LSTM,crossing,20.0,38,2.4441650972618305,20.0,True
0,LSTM,crossing,20.0,39,4.212952695851682,17.0,True
0,LSTM,crossing,20.0,40,3.346272542258531,55.0,True
0,LSTM,crossing,20.0,41,3.3253544367852537,42.0,True
0,LSTM,crossing,20.0,42,3.72117035632227,15.0,True
0,LSTM,crossing,20.0,43,2.7573906565072517,16.0,True
0,LSTM,crossing,20.0,44,3.2623479986488184,91.0,True
0,LSTM,crossing,20.0,45,2.644583223495178,37.0,True
0,LSTM,crossing,20.0,46,3.371223437660923,,False
0,LSTM,crossing,20.0,47,3.2558237857102377,25.0,True
0,LSTM,crossing,20.0,48,2.982368109097597,34.0,True
0,LSTM,crossing,20.0,49,2.0493054470355907,32.0,True
0,ConstVel,buffer,5.0,0,2.298966029643483,20.0,True
0,ConstVel,buffer,5.0,1,2.4557145527088733,52.0,True
0,ConstVel,buffer,5.0,2,2.434407414699382,40.0,True
0,ConstVel,buffer,5.0,3,2.236684466226636,117.0,True
0,ConstVel,buffer,5.0,4,2.8088752092153966,26.0,True
0,ConstVel,buffer,5.0,5,2.570405915236752,79.0,True
0,ConstVel,buffer,5.0,6,3.0801025053689735,44.0,True
0,ConstVel,buffer,5.0,7,2.592821745333105,38.0,True
0,ConstVel,buffer,5.0,8,2.745217059746857,42.0,True
0,ConstVel,buffer,5.0,9,2.6825957946768932,35.0,True
0,ConstVel,buffer,5.0,10,3.348399666228261,,False
0,ConstVel,buffer,5.0,11,2.6035837230826804,55.0,True
0,ConstVel,buffer,5.0,12,3.271116001014093,,False
0,ConstVel,buffer,5.0,13,2.2355435811783333,50.0,True
0,ConstVel,buffer,5.0,14,3.2029555787939143,38.0,True
0,ConstVel,buffer,5.0,15,2.472624602486826,31.0,True
0,ConstVel,buffer,5.0,16,2.2647921565448437,83.0,True
0,ConstVel,buffer,5.0,17,3.2409383955493904,46.0,True
0,ConstVel,buffer,5.0,18,2.5304800143469084,115.0,True
0,ConstVel,buffer,5.0,19,3.1879666484100704,46.0,True
0,ConstVel,buffer,5.0,20,2.221412077092502,66.0,True
0,ConstVel,buffer,5.0,21,3.8345011793396067,,False
0,ConstVel,buffer,5.0,22,2.702515187536538,32.0,True
0,ConstVel,buffer,5.0,23,3.8037053848103275,,False
0,ConstVel,buffer,5.0,24,2.1773571422826254,37.0,True
0,ConstVel,buffer,5.0,25,3.511731282198916,112.0,True
0,ConstVel,buffer,5.0,26,2.874176533031518,,False
0,ConstVel,buffer,5.0,27,2.176456134564428,20.0,True
0,ConstVel,buffer,5.0,28,3.3620857366177375,28.0,True
0,ConstVel,buffer,5.0,29,3.4114271412574784,37.0,True
0,ConstVel,buffer,5.0,30,2.3605202493505715,31.0,True
0,ConstVel,buffer,5.0,31,2.6905257313303026,103.0,True
0,ConstVel,buffer,5.0,32,2.9078222703942616,58.0,True
0,ConstVel,buffer,5.0,33,3.3125241299464863,117.0,True
0,ConstVel,buffer,5.0,34,2.7223035188127023,35.0,True
0,ConstVel,buffer,5.0,35,3.222886625226177,,False
0,ConstVel,buffer,5.0,36,4.086883298077405,,False
0,ConstVel,buffer,5.0,37,2.604583723565392,46.0,True
0,ConstVel,buffer,5.0,38,2.4441650972618305,29.0,True
0,ConstVel,buffer,5.0,39,4.212952695851682,,False
0,ConstVel,buffer,5.0,40,3.346272542258531,,False
0,ConstVel,buffer,5.0,41,3.3253544367852537,51.0,True
0,ConstVel,buffer,5.0,42,3.72117035632227,,False
0,ConstVel,buffer,5.0,43,2.7573906565072517,25.0,True
0,ConstVel,buffer,5.0,44,3.2623479986488184,102.0,True
0,ConstVel,buffer,5.0,45,2.644583223495178,50.0,True
0,ConstVel,buffer,5.0,46,3.371223437660923,,False
0,ConstVel,buffer,5.0,47,3.2558237857102377,34.0,True
0,ConstVel,buffer,5.0,48,2.982368109097597,46.0,True
0,ConstVel,buffer,5.0,49,2.0493054470355907,44.0,True
0,ConstVel,buffer,10.0,0,2.298966029643483,16.0,True
0,ConstVel,buffer,10.0,1,2.4557145527088733,43.0,True
0,ConstVel,buffer,10.0,2,2.434407414699382,35.0,True
0,ConstVel,buffer,10.0,3,2.236684466226636,114.0,True
0,ConstVel,buffer,10.0,4,2.8088752092153966,19.0,True
0,ConstVel,buffer,10.0,5,2.570405915236752,78.0,True
0,ConstVel,buffer,10.0,6,3.0801025053689735,39.0,True
0,ConstVel,buffer,10.0,7,2.592821745333105,36.0,True
0,ConstVel,buffer,10.0,8,2.745217059746857,41.0,True
0,ConstVel,buffer,10.0,9,2.6825957946768932,29.0,True
0,ConstVel,buffer,10.0,10,3.348399666228261,40.0,True
0,ConstVel,buffer,10.0,11,2.6035837230826804,53.0,True
0,ConstVel,buffer,10.0,12,3.271116001014093,87.0,True
0,ConstVel,buffer,10.0,13,2.2355435811783333,37.0,True
0,ConstVel,buffer,10.0,14,3.2029555787939143,35.0,True
0,ConstVel,buffer,10.0,15,2.472624602486826,25.0,True
0,ConstVel,buffer,10.0,16,2.2647921565448437,79.0,True
0,ConstVel,buffer,10.0,17,3.2409383955493904,40.0,True
0,ConstVel,buffer,10.0,18,2.5304800143469084,103.0,True
0,ConstVel,buffer,10.0,19,3.1879666484100704,43.0,True
0,ConstVel,buffer,10.0,20,2.221412077092502,63.0,True
0,ConstVel,buffer,10.0,21,3.8345011793396067,25.0,True
0,ConstVel,buffer,10.0,22,2.702515187536538,29.0,True
0,ConstVel,buffer,10.0,23,3.8037053848103275,,False
0,ConstVel,buffer,10.0,24,2.1773571422826254,30.0,True
0,ConstVel,buffer,10.0,25,3.511731282198916,103.0,True
0,ConstVel,buffer,10.0,26,2.874176533031518,37.0,True
0,ConstVel,buffer,10.0,27,2.176456134564428,15.0,True
0,ConstVel,buffer,10.0,28,3.3620857366177375,24.0,True
0,ConstVel,buffer,10.0,29,3.4114271412574784,34.0,True
0,ConstVel,buffer,10.0,30,2.3605202493505715,26.0,True
0,ConstVel,buffer,10.0,31,2.6905257313303026,101.0,True
0,ConstVel,buffer,10.0,32,2.9078222703942616,49.0,True
0,ConstVel,buffer,10.0,33,3.3125241299464863,112.0,True
0,ConstVel,buffer,10.0,34,2.7223035188127023,30.0,True
0,ConstVel,buffer,10.0,35,3.222886625226177,98.0,True
0,ConstVel,buffer,10.0,36,4.086883298077405,,False
0,ConstVel,buffer,10.0,37,2.604583723565392,40.0,True
0,ConstVel,buffer,10.0,38,2.4441650972618305,25.0,True
0,ConstVel,buffer,10.0,39,4.212952695851682,22.0,True
0,ConstVel,buffer,10.0,40,3.346272542258531,54.0,True
0,ConstVel,buffer,10.0,41,3.3253544367852537,47.0,True
0,ConstVel,buffer,10.0,42,3.72117035632227,19.0,True
0,ConstVel,buffer,10.0,43,2.7573906565072517,21.0,True
0,ConstVel,buffer,10.0,44,3.2623479986488184,94.0,True
0,ConstVel,buffer,10.0,45,2.644583223495178,42.0,True
0,ConstVel,buffer,10.0,46,3.371223437660923,,False
0,ConstVel,buffer,10.0,47,3.2558237857102377,27.0,True
0,ConstVel,buffer,10.0,48,2.982368109097597,39.0,True
0,ConstVel,buffer,10.0,49,2.0493054470355907,37.0,True
0,ConstVel,buffer,15.0,0,2.298966029643483,10.0,True
0,ConstVel,buffer,15.0,1,2.4557145527088733,40.0,True
0,ConstVel,buffer,15.0,2,2.434407414699382,28.0,True
0,ConstVel,buffer,15.0,3,2.236684466226636,110.0,True
0,ConstVel,buffer,15.0,4,2.8088752092153966,16.0,True
0,ConstVel,buffer,15.0,5,2.570405915236752,77.0,True
0,ConstVel,buffer,15.0,6,3.0801025053689735,32.0,True
0,ConstVel,buffer,15.0,7,2.592821745333105,28.0,True
0,ConstVel,buffer,15.0,8,2.745217059746857,41.0,True
0,ConstVel,buffer,15.0,9,2.6825957946768932,23.0,True
0,ConstVel,buffer,15.0,10,3.348399666228261,38.0,True
0,ConstVel,buffer,15.0,11,2.6035837230826804,49.0,True
0,ConstVel,buffer,15.0,12,3.271116001014093,85.0,True
0,ConstVel,buffer,15.0,13,2.2355435811783333,31.0,True
0,ConstVel,buffer,15.0,14,3.2029555787939143,29.0,True
0,ConstVel,buffer,15.0,15,2.472624602486826,20.0,True
0,ConstVel,buffer,15.0,16,2.2647921565448437,69.0,True
0,ConstVel,buffer,15.0,17,3.2409383955493904,35.0,True
0,ConstVel,buffer,15.0,18,2.5304800143469084,98.0,True
0,ConstVel,buffer,15.0,19,3.1879666484100704,43.0,True
0,ConstVel,buffer,15.0,20,2.221412077092502,59.0,True
0,ConstVel,buffer,15.0,21,3.8345011793396067,20.0,True
0,ConstVel,buffer,15.0,22,2.702515187536538,26.0,True
0,ConstVel,buffer,15.0,23,3.8037053848103275,,False
0,ConstVel,buffer,15.0,24,2.1773571422826254,26.0,True
0,ConstVel,buffer,15.0,25,3.511731282198916,99.0,True
0,ConstVel,buffer,15.0,26,2.874176533031518,30.0,True
0,ConstVel,buffer,15.0,27,2.176456134564428,11.0,True
0,ConstVel,buffer,15.0,28,3.3620857366177375,17.0,True
0,ConstVel,buffer,15.0,29,3.4114271412574784,33.0,True
0,ConstVel,buffer,15.0,30,2.3605202493505715,21.0,True
0,ConstVel,buffer,15.0,31,2.6905257313303026,93.0,True
0,ConstVel,buffer,15.0,32,2.9078222703942616,43.0,True
0,ConstVel,buffer,15.0,33,3.3125241299464863,108.0,True
0,ConstVel,buffer,15.0,34,2.7223035188127023,24.0,True
0,ConstVel,buffer,15.0,35,3.222886625226177,92.0,True
0,ConstVel,buffer,15.0,36,4.086883298077405,,False
0,ConstVel,buffer,15.0,37,2.604583723565392,34.0,True
0,ConstVel,buffer,15.0,38,2.4441650972618305,19.0,True
0,ConstVel,buffer,15.0,39,4.212952695851682,17.0,True
0,ConstVel,buffer,15.0,40,3.346272542258531,48.0,True
0,ConstVel,buffer,15.0,41,3.3253544367852537,40.0,True
0,ConstVel,buffer,15.0,42,3.72117035632227,15.0,True
0,ConstVel,buffer,15.0,43,2.7573906565072517,16.0,True
0,ConstVel,buffer,15.0,44,3.2623479986488184,87.0,True
0,ConstVel,buffer,15.0,45,2.644583223495178,36.0,True
0,ConstVel,buffer,15.0,46,3.371223437660923,,False
0,ConstVel,buffer,15.0,47,3.2558237857102377,21.0,True
0,ConstVel,buffer,15.0,48,2.982368109097597,34.0,True
0,ConstVel,buffer,15.0,49,2.0493054470355907,32.0,True
0,ConstVel,buffer,20.0,0,2.298966029643483,6.0,True
0,ConstVel,buffer,20.0,1,2.4557145527088733,30.0,True
0,ConstVel,buffer,20.0,2,2.434407414699382,26.0,True
0,ConstVel,buffer,20.0,3,2.236684466226636,105.0,True
0,ConstVel,buffer,20.0,4,2.8088752092153966,10.0,True
0,ConstVel,buffer,20.0,5,2.570405915236752,77.0,True
0,ConstVel,buffer,20.0,6,3.0801025053689735,28.0,True
0,ConstVel,buffer,20.0,7,2.592821745333105,25.0,True
0,ConstVel,buffer,20.0,8,2.745217059746857,41.0,True
0,ConstVel,buffer,20.0,9,2.6825957946768932,18.0,True
0,ConstVel,buffer,20.0,10,3.348399666228261,28.0,True
0,ConstVel,buffer,20.0,11,2.6035837230826804,39.0,True
0,ConstVel,buffer,20.0,12,3.271116001014093,70.0,True
0,ConstVel,buffer,20.0,13,2.2355435811783333,26.0,True
0,ConstVel,buffer,20.0,14,3.2029555787939143,22.0,True
0,ConstVel,buffer,20.0,15,2.472624602486826,15.0,True
0,ConstVel,buffer,20.0,16,2.2647921565448437,62.0,True
0,ConstVel,buffer,20.0,17,3.2409383955493904,30.0,True
0,ConstVel,buffer,20.0,18,2.5304800143469084,90.0,True
0,ConstVel,buffer,20.0,19,3.1879666484100704,43.0,True
0,ConstVel,buffer,20.0,20,2.221412077092502,56.0,True
0,ConstVel,buffer,20.0,21,3.8345011793396067,14.0,True
0,ConstVel,buffer,20.0,22,2.702515187536538,23.0,True
0,ConstVel,buffer,20.0,23,3.8037053848103275,,False
0,ConstVel,buffer,20.0,24,2.1773571422826254,18.0,True
0,ConstVel,buffer,20.0,25,3.511731282198916,92.0,True
0,ConstVel,buffer,20.0,26,2.874176533031518,26.0,True
0,ConstVel,buffer,20.0,27,2.176456134564428,7.0,True
0,ConstVel,buffer,20.0,28,3.3620857366177375,13.0,True
0,ConstVel,buffer,20.0,29,3.4114271412574784,26.0,True
0,ConstVel,buffer,20.0,30,2.3605202493505715,14.0,True
0,ConstVel,buffer,20.0,31,2.6905257313303026,85.0,True
0,ConstVel,buffer,20.0,32,2.9078222703942616,42.0,True
0,ConstVel,buffer,20.0,33,3.3125241299464863,103.0,True
0,ConstVel,buffer,20.0,34,2.7223035188127023,18.0,True
0,ConstVel,buffer,20.0,35,3.222886625226177,86.0,True
0,ConstVel,buffer,20.0,36,4.086883298077405,,False
0,ConstVel,buffer,20.0,37,2.604583723565392,23.0,True
0,ConstVel,buffer,20.0,38,2.4441650972618305,12.0,True
0,ConstVel,buffer,20.0,39,4.212952695851682,10.0,True
0,ConstVel,buffer,20.0,40,3.346272542258531,40.0,True
0,ConstVel,buffer,20.0,41,3.3253544367852537,34.0,True
0,ConstVel,buffer,20.0,42,3.72117035632227,8.0,True
0,ConstVel,buffer,20.0,43,2.7573906565072517,11.0,True
0,ConstVel,buffer,20.0,44,3.2623479986488184,86.0,True
0,ConstVel,buffer,20.0,45,2.644583223495178,33.0,True
0,ConstVel,buffer,20.0,46,3.371223437660923,,False
0,ConstVel,buffer,20.0,47,3.2558237857102377,15.0,True
0,ConstVel,buffer,20.0,48,2.982368109097597,26.0,True
0,ConstVel,buffer,20.0,49,2.0493054470355907,27.0,True
0,ConstVel,crossing,5.0,0,2.298966029643483,22.0,True
0,ConstVel,crossing,5.0,1,2.4557145527088733,,False
0,ConstVel,crossing,5.0,2,2.434407414699382,,False
0,ConstVel,crossing,5.0,3,2.236684466226636,119.0,True
0,ConstVel,crossing,5.0,4,2.8088752092153966,,False
0,ConstVel,crossing,5.0,5,2.570405915236752,,False
0,ConstVel,crossing,5.0,6,3.0801025053689735,,False
0,ConstVel,crossing,5.0,7,2.592821745333105,,False
0,ConstVel,crossing,5.0,8,2.745217059746857,,False
0,ConstVel,crossing,5.0,9,2.6825957946768932,,False
0,ConstVel,crossing,5.0,10,3.348399666228261,,False
0,ConstVel,crossing,5.0,11,2.6035837230826804,,False
0,ConstVel,crossing,5.0,12,3.271116001014093,,False
0,ConstVel,crossing,5.0,13,2.2355435811783333,,False
0,ConstVel,crossing,5.0,14,3.2029555787939143,,False
0,ConstVel,crossing,5.0,15,2.472624602486826,,False
0,ConstVel,crossing,5.0,16,2.2647921565448437,,False
0,ConstVel,crossing,5.0,17,3.2409383955493904,,False
0,ConstVel,crossing,5.0,18,2.5304800143469084,,False
0,ConstVel,crossing,5.0,19,3.1879666484100704,,False
0,ConstVel,crossing,5.0,20,2.221412077092502,91.0,True
0,ConstVel,crossing,5.0,21,3.8345011793396067,,False
0,ConstVel,crossing,5.0,22,2.702515187536538,,False
0,ConstVel,crossing,5.0,23,3.8037053848103275,,False
0,ConstVel,crossing,5.0,24,2.1773571422826254,,False
0,ConstVel,crossing,5.0,25,3.511731282198916,,False
0,ConstVel,crossing,5.0,26,2.874176533031518,,False
0,ConstVel,crossing,5.0,27,2.176456134564428,49.0,True
0,ConstVel,crossing,5.0,28,3.3620857366177375,,False
0,ConstVel,crossing,5.0,29,3.4114271412574784,,False
0,ConstVel,crossing,5.0,30,2.3605202493505715,,False
0,ConstVel,crossing,5.0,31,2.6905257313303026,,False
0,ConstVel,crossing,5.0,32,2.9078222703942616,,False
0,ConstVel,crossing,5.0,33,3.3125241299464863,,False
0,ConstVel,crossing,5.0,34,2.7223035188127023,,False
0,ConstVel,crossing,5.0,35,3.222886625226177,,False
0,ConstVel,crossing,5.0,36,4.086883298077405,,False
0,ConstVel,crossing,5.0,37,2.604583723565392,,False
0,ConstVel,crossing,5.0,38,2.4441650972618305,,False
0,ConstVel,crossing,5.0,39,4.212952695851682,,False
0,ConstVel,crossing,5.0,40,3.346272542258531,,False
0,ConstVel,crossing,5.0,41,3.3253544367852537,,False
0,ConstVel,crossing,5.0,42,3.72117035632227,,False
0,ConstVel,crossing,5.0,43,2.7573906565072517,,False
0,ConstVel,crossing,5.0,44,3.2623479986488184,,False
0,ConstVel,crossing,5.0,45,2.644583223495178,,False
0,ConstVel,crossing,5.0,46,3.371223437660923,,False
0,ConstVel,crossing,5.0,47,3.2558237857102377,,False
0,ConstVel,crossing,5.0,48,2.982368109097597,,False
0,ConstVel,crossing,5.0,49,2.0493054470355907,46.0,True
0,ConstVel,crossing,10.0,0,2.298966029643483,17.0,True
0,ConstVel,crossing,10.0,1,2.4557145527088733,45.0,True
0,ConstVel,crossing,10.0,2,2.434407414699382,37.0,True
0,ConstVel,crossing,10.0,3,2.236684466226636,114.0,True
0,ConstVel,crossing,10.0,4,2.8088752092153966,21.0,True
0,ConstVel,crossing,10.0,5,2.570405915236752,79.0,True
0,ConstVel,crossing,10.0,6,3.0801025053689735,39.0,True
0,ConstVel,crossing,10.0,7,2.592821745333105,36.0,True
0,ConstVel,crossing,10.0,8,2.745217059746857,42.0,True
0,ConstVel,crossing,10.0,9,2.6825957946768932,30.0,True
0,ConstVel,crossing,10.0,10,3.348399666228261,,False
0,ConstVel,crossing,10.0,11,2.6035837230826804,54.0,True
0,ConstVel,crossing,10.0,12,3.271116001014093,,False
0,ConstVel,crossing,10.0,13,2.2355435811783333,38.0,True
0,ConstVel,crossing,10.0,14,3.2029555787939143,35.0,True
0,ConstVel,crossing,10.0,15,2.472624602486826,27.0,True
0,ConstVel,crossing,10.0,16,2.2647921565448437,80.0,True
0,ConstVel,crossing,10.0,17,3.2409383955493904,41.0,True
0,ConstVel,crossing,10.0,18,2.5304800143469084,108.0,True
0,ConstVel,crossing,10.0,19,3.1879666484100704,44.0,True
0,ConstVel,crossing,10.0,20,2.221412077092502,63.0,True
0,ConstVel,crossing,10.0,21,3.8345011793396067,26.0,True
0,ConstVel,crossing,10.0,22,2.702515187536538,29.0,True
0,ConstVel,crossing,10.0,23,3.8037053848103275,,False
0,ConstVel,crossing,10.0,24,2.1773571422826254,33.0,True
0,ConstVel,crossing,10.0,25,3.511731282198916,106.0,True
0,ConstVel,crossing,10.0,26,2.874176533031518,39.0,True
0,ConstVel,crossing,10.0,27,2.176456134564428,17.0,True
0,ConstVel,crossing,10.0,28,3.3620857366177375,24.0,True
0,ConstVel,crossing,10.0,29,3.4114271412574784,34.0,True
0,ConstVel,crossing,10.0,30,2.3605202493505715,28.0,True
0,ConstVel,crossing,10.0,31,2.6905257313303026,101.0,True
0,ConstVel,crossing,10.0,32,2.9078222703942616,51.0,True
0,ConstVel,crossing,10.0,33,3.3125241299464863,112.0,True
0,ConstVel,crossing,10.0,34,2.7223035188127023,32.0,True
0,ConstVel,crossing,10.0,35,3.222886625226177,100.0,True
0,ConstVel,crossing,10.0,36,4.086883298077405,,False
0,ConstVel,crossing,10.0,37,2.604583723565392,42.0,True
0,ConstVel,crossing,10.0,38,2.4441650972618305,27.0,True
0,ConstVel,crossing,10.0,39,4.212952695851682,29.0,True
0,ConstVel,crossing,10.0,40,3.346272542258531,57.0,True
0,ConstVel,crossing,10.0,41,3.3253544367852537,49.0,True
0,ConstVel,crossing,10.0,42,3.72117035632227,24.0,True
0,ConstVel,crossing,10.0,43,2.7573906565072517,23.0,True
0,ConstVel,crossing,10.0,44,3.2623479986488184,98.0,True
0,ConstVel,crossing,10.0,45,2.644583223495178,44.0,True
0,ConstVel,crossing,10.0,46,3.371223437660923,,False
0,ConstVel,crossing,10.0,47,3.2558237857102377,31.0,True
0,ConstVel,crossing,10.0,48,2.982368109097597,41.0,True
0,ConstVel,crossing,10.0,49,2.0493054470355907,37.0,True
0,ConstVel,crossing,15.0,0,2.298966029643483,13.0,True
0,ConstVel,crossing,15.0,1,2.4557145527088733,41.0,True
0,ConstVel,crossing,15.0,2,2.434407414699382,33.0,True
0,ConstVel,crossing,15.0,3,2.236684466226636,110.0,True
0,ConstVel,crossing,15.0,4,2.8088752092153966,16.0,True
0,ConstVel,crossing,15.0,5,2.570405915236752,78.0,True
0,ConstVel,crossing,15.0,6,3.0801025053689735,36.0,True
0,ConstVel,crossing,15.0,7,2.592821745333105,32.0,True
0,ConstVel,crossing,15.0,8,2.745217059746857,41.0,True
0,ConstVel,crossing,15.0,9,2.6825957946768932,23.0,True
0,ConstVel,crossing,15.0,10,3.348399666228261,,False
0,ConstVel,crossing,15.0,11,2.6035837230826804,49.0,True
0,ConstVel,crossing,15.0,12,3.271116001014093,87.0,True
0,ConstVel,crossing,15.0,13,2.2355435811783333,32.0,True
0,ConstVel,crossing,15.0,14,3.2029555787939143,32.0,True
0,ConstVel,crossing,15.0,15,2.472624602486826,22.0,True
0,ConstVel,crossing,15.0,16,2.2647921565448437,78.0,True
0,ConstVel,crossing,15.0,17,3.2409383955493904,38.0,True
0,ConstVel,crossing,15.0,18,2.5304800143469084,102.0,True
0,ConstVel,crossing,15.0,19,3.1879666484100704,43.0,True
0,ConstVel,crossing,15.0,20,2.221412077092502,63.0,True
0,ConstVel,crossing,15.0,21,3.8345011793396067,20.0,True
0,ConstVel,crossing,15.0,22,2.702515187536538,26.0,True
0,ConstVel,crossing,15.0,23,3.8037053848103275,,False
0,ConstVel,crossing,15.0,24,2.1773571422826254,28.0,True
0,ConstVel,crossing,15.0,25,3.511731282198916,101.0,True
0,ConstVel,crossing,15.0,26,2.874176533031518,34.0,True
0,ConstVel,crossing,15.0,27,2.176456134564428,11.0,True
0,ConstVel,crossing,15.0,28,3.3620857366177375,20.0,True
0,ConstVel,crossing,15.0,29,3.4114271412574784,34.0,True
0,ConstVel,crossing,15.0,30,2.3605202493505715,24.0,True
0,ConstVel,crossing,15.0,31,2.6905257313303026,96.0,True
0,ConstVel,crossing,15.0,32,2.9078222703942616,48.0,True
0,ConstVel,crossing,15.0,33,3.3125241299464863,108.0,True
0,ConstVel,crossing,15.0,34,2.7223035188127023,26.0,True
0,ConstVel,crossing,15.0,35,3.222886625226177,93.0,True
0,ConstVel,crossing,15.0,36,4.086883298077405,,False
0,ConstVel,crossing,15.0,37,2.604583723565392,37.0,True
0,ConstVel,crossing,15.0,38,2.4441650972618305,21.0,True
0,ConstVel,crossing,15.0,39,4.212952695851682,21.0,True
0,ConstVel,crossing,15.0,40,3.346272542258531,52.0,True
0,ConstVel,crossing,15.0,41,3.3253544367852537,45.0,True
0,ConstVel,crossing,15.0,42,3.72117035632227,15.0,True
0,ConstVel,crossing,15.0,43,2.7573906565072517,17.0,True
0,ConstVel,crossing,15.0,44,3.2623479986488184,93.0,True
0,ConstVel,crossing,15.0,45,2.644583223495178,39.0,True
0,ConstVel,crossing,15.0,46,3.371223437660923,,False
0,ConstVel,crossing,15.0,47,3.2558237857102377,25.0,True
0,ConstVel,crossing,15.0,48,2.982368109097597,35.0,True
0,ConstVel,crossing,15.0,49,2.0493054470355907,33.0,True
0,ConstVel,crossing,20.0,0,2.298966029643483,7.0,True
0,ConstVel,crossing,20.0,1,2.4557145527088733,34.0,True
0,ConstVel,crossing,20.0,2,2.434407414699382,27.0,True
0,ConstVel,crossing,20.0,3,2.236684466226636,105.0,True
0,ConstVel,crossing,20.0,4,2.8088752092153966,11.0,True
0,ConstVel,crossing,20.0,5,2.570405915236752,78.0,True
0,ConstVel,crossing,20.0,6,3.0801025053689735,32.0,True
0,ConstVel,crossing,20.0,7,2.592821745333105,27.0,True
0,ConstVel,crossing,20.0,8,2.745217059746857,41.0,True
0,ConstVel,crossing,20.0,9,2.6825957946768932,21.0,True
0,ConstVel,crossing,20.0,10,3.348399666228261,30.0,True
0,ConstVel,crossing,20.0,11,2.6035837230826804,45.0,True
0,ConstVel,crossing,20.0,12,3.271116001014093,72.0,True
0,ConstVel,crossing,20.0,13,2.2355435811783333,28.0,True
0,ConstVel,crossing,20.0,14,3.2029555787939143,22.0,True
0,ConstVel,crossing,20.0,15,2.472624602486826,17.0,True
0,ConstVel,crossing,20.0,16,2.2647921565448437,69.0,True
0,ConstVel,crossing,20.0,17,3.2409383955493904,35.0,True
0,ConstVel,crossing,20.0,18,2.5304800143469084,97.0,True
0,ConstVel,crossing,20.0,19,3.1879666484100704,43.0,True
0,ConstVel,crossing,20.0,20,2.221412077092502,59.0,True
0,ConstVel,crossing,20.0,21,3.8345011793396067,20.0,True
0,ConstVel,crossing,20.0,22,2.702515187536538,23.0,True
0,ConstVel,crossing,20.0,23,3.8037053848103275,,False
0,ConstVel,crossing,20.0,24,2.1773571422826254,18.0,True
0,ConstVel,crossing,20.0,25,3.511731282198916,94.0,True
0,ConstVel,crossing,20.0,26,2.874176533031518,29.0,True
0,ConstVel,crossing,20.0,27,2.176456134564428,8.0,True
0,ConstVel,crossing,20.0,28,3.3620857366177375,16.0,True
0,ConstVel,crossing,20.0,29,3.4114271412574784,34.0,True
0,ConstVel,crossing,20.0,30,2.3605202493505715,14.0,True
0,ConstVel,crossing,20.0,31,2.6905257313303026,91.0,True
0,ConstVel,crossing,20.0,32,2.9078222703942616,43.0,True
0,ConstVel,crossing,20.0,33,3.3125241299464863,103.0,True
0,ConstVel,crossing,20.0,34,2.7223035188127023,22.0,True
0,ConstVel,crossing,20.0,35,3.222886625226177,88.0,True
0,ConstVel,crossing,20.0,36,4.086883298077405,,False
0,ConstVel,crossing,20.0,37,2.604583723565392,31.0,True
0,ConstVel,crossing,20.0,38,2.4441650972618305,15.0,True
0,ConstVel,crossing,20.0,39,4.212952695851682,13.0,True
0,ConstVel,crossing,20.0,40,3.346272542258531,45.0,True
0,ConstVel,crossing,20.0,41,3.3253544367852537,38.0,True
0,ConstVel,crossing,20.0,42,3.72117035632227,12.0,True
0,ConstVel,crossing,20.0,43,2.7573906565072517,12.0,True
0,ConstVel,crossing,20.0,44,3.2623479986488184,86.0,True
0,ConstVel,crossing,20.0,45,2.644583223495178,33.0,True
0,ConstVel,crossing,20.0,46,3.371223437660923,,False
0,ConstVel,crossing,20.0,47,3.2558237857102377,21.0,True
0,ConstVel,crossing,20.0,48,2.982368109097597,29.0,True
0,ConstVel,crossing,20.0,49,2.0493054470355907,27.0,True
0,Kalman,buffer,5.0,0,2.298966029643483,20.0,True
0,Kalman,buffer,5.0,1,2.4557145527088733,52.0,True
0,Kalman,buffer,5.0,2,2.434407414699382,40.0,True
0,Kalman,buffer,5.0,3,2.236684466226636,117.0,True
0,Kalman,buffer,5.0,4,2.8088752092153966,26.0,True
0,Kalman,buffer,5.0,5,2.570405915236752,80.0,True
0,Kalman,buffer,5.0,6,3.0801025053689735,44.0,True
0,Kalman,buffer,5.0,7,2.592821745333105,39.0,True
0,Kalman,buffer,5.0,8,2.745217059746857,43.0,True
0,Kalman,buffer,5.0,9,2.6825957946768932,34.0,True
0,Kalman,buffer,5.0,10,3.348399666228261,,False
0,Kalman,buffer,5.0,11,2.6035837230826804,55.0,True
0,Kalman,buffer,5.0,12,3.271116001014093,,False
0,Kalman,buffer,5.0,13,2.2355435811783333,51.0,True
0,Kalman,buffer,5.0,14,3.2029555787939143,38.0,True
0,Kalman,buffer,5.0,15,2.472624602486826,30.0,True
0,Kalman,buffer,5.0,16,2.2647921565448437,82.0,True
0,Kalman,buffer,5.0,17,3.2409383955493904,46.0,True
0,Kalman,buffer,5.0,18,2.5304800143469084,115.0,True
0,Kalman,buffer,5.0,19,3.1879666484100704,46.0,True
0,Kalman,buffer,5.0,20,2.221412077092502,66.0,True
0,Kalman,buffer,5.0,21,3.8345011793396067,32.0,True
0,Kalman,buffer,5.0,22,2.702515187536538,31.0,True
0,Kalman,buffer,5.0,23,3.8037053848103275,,False
0,Kalman,buffer,5.0,24,2.1773571422826254,35.0,True
0,Kalman,buffer,5.0,25,3.511731282198916,112.0,True
0,Kalman,buffer,5.0,26,2.874176533031518,44.0,True
0,Kalman,buffer,5.0,27,2.176456134564428,20.0,True
0,Kalman,buffer,5.0,28,3.3620857366177375,28.0,True
0,Kalman,buffer,5.0,29,3.4114271412574784,37.0,True
0,Kalman,buffer,5.0,30,2.3605202493505715,31.0,True
0,Kalman,buffer,5.0,31,2.6905257313303026,103.0,True
0,Kalman,buffer,5.0,32,2.9078222703942616,58.0,True
0,Kalman,buffer,5.0,33,3.3125241299464863,117.0,True
0,Kalman,buffer,5.0,34,2.7223035188127023,35.0,True
0,Kalman,buffer,5.0,35,3.222886625226177,,False
0,Kalman,buffer,5.0,36,4.086883298077405,,False
0,Kalman,buffer,5.0,37,2.604583723565392,46.0,True
0,Kalman,buffer,5.0,38,2.4441650972618305,29.0,True
0,Kalman,buffer,5.0,39,4.212952695851682,,False
0,Kalman,buffer,5.0,40,3.346272542258531,60.0,True
0,Kalman,buffer,5.0,41,3.3253544367852537,51.0,True
0,Kalman,buffer,5.0,42,3.72117035632227,,False
0,Kalman,buffer,5.0,43,2.7573906565072517,25.0,True
0,Kalman,buffer,5.0,44,3.2623479986488184,102.0,True
0,Kalman,buffer,5.0,45,2.644583223495178,49.0,True
0,Kalman,buffer,5.0,46,3.371223437660923,,False
0,Kalman,buffer,5.0,47,3.2558237857102377,34.0,True
0,Kalman,buffer,5.0,48,2.982368109097597,46.0,True
0,Kalman,buffer,5.0,49,2.0493054470355907,42.0,True
0,Kalman,buffer,10.0,0,2.298966029643483,16.0,True
0,Kalman,buffer,10.0,1,2.4557145527088733,43.0,True
0,Kalman,buffer,10.0,2,2.434407414699382,35.0,True
0,Kalman,buffer,10.0,3,2.236684466226636,114.0,True
0,Kalman,buffer,10.0,4,2.8088752092153966,19.0,True
0,Kalman,buffer,10.0,5,2.570405915236752,79.0,True
0,Kalman,buffer,10.0,6,3.0801025053689735,39.0,True
0,Kalman,buffer,10.0,7,2.592821745333105,36.0,True
0,Kalman,buffer,10.0,8,2.745217059746857,42.0,True
0,Kalman,buffer,10.0,9,2.6825957946768932,29.0,True
0,Kalman,buffer,10.0,10,3.348399666228261,40.0,True
0,Kalman,buffer,10.0,11,2.6035837230826804,53.0,True
0,Kalman,buffer,10.0,12,3.271116001014093,88.0,True
0,Kalman,buffer,10.0,13,2.2355435811783333,37.0,True
0,Kalman,buffer,10.0,14,3.2029555787939143,35.0,True
0,Kalman,buffer,10.0,15,2.472624602486826,25.0,True
0,Kalman,buffer,10.0,16,2.2647921565448437,80.0,True
0,Kalman,buffer,10.0,17,3.2409383955493904,40.0,True
0,Kalman,buffer,10.0,18,2.5304800143469084,103.0,True
0,Kalman,buffer,10.0,19,3.1879666484100704,44.0,True
0,Kalman,buffer,10.0,20,2.221412077092502,63.0,True
0,Kalman,buffer,10.0,21,3.8345011793396067,25.0,True
0,Kalman,buffer,10.0,22,2.702515187536538,29.0,True
0,Kalman,buffer,10.0,23,3.8037053848103275,,False
0,Kalman,buffer,10.0,24,2.1773571422826254,30.0,True
0,Kalman,buffer,10.0,25,3.511731282198916,103.0,True
0,Kalman,buffer,10.0,26,2.874176533031518,37.0,True
0,Kalman,buffer,10.0,27,2.176456134564428,16.0,True
0,Kalman,buffer,10.0,28,3.3620857366177375,24.0,True
0,Kalman,buffer,10.0,29,3.4114271412574784,34.0,True
0,Kalman,buffer,10.0,30,2.3605202493505715,26.0,True
0,Kalman,buffer,10.0,31,2.6905257313303026,100.0,True
0,Kalman,buffer,10.0,32,2.9078222703942616,49.0,True
0,Kalman,buffer,10.0,33,3.3125241299464863,112.0,True
0,Kalman,buffer,10.0,34,2.7223035188127023,30.0,True
0,Kalman,buffer,10.0,35,3.222886625226177,96.0,True
0,Kalman,buffer,10.0,36,4.086883298077405,,False
0,Kalman,buffer,10.0,37,2.604583723565392,40.0,True
0,Kalman,buffer,10.0,38,2.4441650972618305,25.0,True
0,Kalman,buffer,10.0,39,4.212952695851682,22.0,True
0,Kalman,buffer,10.0,40,3.346272542258531,54.0,True
0,Kalman,buffer,10.0,41,3.3253544367852537,47.0,True
0,Kalman,buffer,10.0,42,3.72117035632227,19.0,True
0,Kalman,buffer,10.0,43,2.7573906565072517,21.0,True
0,Kalman,buffer,10.0,44,3.2623479986488184,96.0,True
0,Kalman,buffer,10.0,45,2.644583223495178,42.0,True
0,Kalman,buffer,10.0,46,3.371223437660923,,False
0,Kalman,buffer,10.0,47,3.2558237857102377,28.0,True
0,Kalman,buffer,10.0,48,2.982368109097597,39.0,True
0,Kalman,buffer,10.0,49,2.0493054470355907,37.0,True
0,Kalman,buffer,15.0,0,2.298966029643483,10.0,True
0,Kalman,buffer,15.0,1,2.4557145527088733,40.0,True
0,Kalman,buffer,15.0,2,2.434407414699382,31.0,True
0,Kalman,buffer,15.0,3,2.236684466226636,110.0,True
0,Kalman,buffer,15.0,4,2.8088752092153966,16.0,True
0,Kalman,buffer,15.0,5,2.570405915236752,78.0,True
0,Kalman,buffer,15.0,6,3.0801025053689735,34.0,True
0,Kalman,buffer,15.0,7,2.592821745333105,31.0,True
0,Kalman,buffer,15.0,8,2.745217059746857,41.0,True
0,Kalman,buffer,15.0,9,2.6825957946768932,23.0,True
0,Kalman,buffer,15.0,10,3.348399666228261,40.0,True
0,Kalman,buffer,15.0,11,2.6035837230826804,49.0,True
0,Kalman,buffer,15.0,12,3.271116001014093,85.0,True
0,Kalman,buffer,15.0,13,2.2355435811783333,31.0,True
0,Kalman,buffer,15.0,14,3.2029555787939143,29.0,True
0,Kalman,buffer,15.0,15,2.472624602486826,20.0,True
0,Kalman,buffer,15.0,16,2.2647921565448437,71.0,True
0,Kalman,buffer,15.0,17,3.2409383955493904,36.0,True
0,Kalman,buffer,15.0,18,2.5304800143469084,99.0,True
0,Kalman,buffer,15.0,19,3.1879666484100704,43.0,True
0,Kalman,buffer,15.0,20,2.221412077092502,60.0,True
0,Kalman,buffer,15.0,21,3.8345011793396067,20.0,True
0,Kalman,buffer,15.0,22,2.702515187536538,26.0,True
0,Kalman,buffer,15.0,23,3.8037053848103275,,False
0,Kalman,buffer,15.0,24,2.1773571422826254,26.0,True
0,Kalman,buffer,15.0,25,3.511731282198916,99.0,True
0,Kalman,buffer,15.0,26,2.874176533031518,31.0,True
0,Kalman,buffer,15.0,27,2.176456134564428,11.0,True
0,Kalman,buffer,15.0,28,3.3620857366177375,17.0,True
0,Kalman,buffer,15.0,29,3.4114271412574784,33.0,True
0,Kalman,buffer,15.0,30,2.3605202493505715,21.0,True
0,Kalman,buffer,15.0,31,2.6905257313303026,93.0,True
0,Kalman,buffer,15.0,32,2.9078222703942616,44.0,True
0,Kalman,buffer,15.0,33,3.3125241299464863,108.0,True
0,Kalman,buffer,15.0,34,2.7223035188127023,24.0,True
0,Kalman,buffer,15.0,35,3.222886625226177,92.0,True
0,Kalman,buffer,15.0,36,4.086883298077405,,False
0,Kalman,buffer,15.0,37,2.604583723565392,34.0,True
0,Kalman,buffer,15.0,38,2.4441650972618305,21.0,True
0,Kalman,buffer,15.0,39,4.212952695851682,17.0,True
0,Kalman,buffer,15.0,40,3.346272542258531,48.0,True
0,Kalman,buffer,15.0,41,3.3253544367852537,42.0,True
0,Kalman,buffer,15.0,42,3.72117035632227,15.0,True
0,Kalman,buffer,15.0,43,2.7573906565072517,16.0,True
0,Kalman,buffer,15.0,44,3.2623479986488184,91.0,True
0,Kalman,buffer,15.0,45,2.644583223495178,37.0,True
0,Kalman,buffer,15.0,46,3.371223437660923,,False
0,Kalman,buffer,15.0,47,3.2558237857102377,23.0,True
0,Kalman,buffer,15.0,48,2.982368109097597,35.0,True
0,Kalman,buffer,15.0,49,2.0493054470355907,32.0,True
0,Kalman,buffer,20.0,0,2.298966029643483,6.0,True
0,Kalman,buffer,20.0,1,2.4557145527088733,30.0,True
0,Kalman,buffer,20.0,2,2.434407414699382,27.0,True
0,Kalman,buffer,20.0,3,2.236684466226636,106.0,True
0,Kalman,buffer,20.0,4,2.8088752092153966,10.0,True
0,Kalman,buffer,20.0,5,2.570405915236752,78.0,True
0,Kalman,buffer,20.0,6,3.0801025053689735,28.0,True
0,Kalman,buffer,20.0,7,2.592821745333105,25.0,True
0,Kalman,buffer,20.0,8,2.745217059746857,41.0,True
0,Kalman,buffer,20.0,9,2.6825957946768932,18.0,True
0,Kalman,buffer,20.0,10,3.348399666228261,28.0,True
0,Kalman,buffer,20.0,11,2.6035837230826804,41.0,True
0,Kalman,buffer,20.0,12,3.271116001014093,70.0,True
0,Kalman,buffer,20.0,13,2.2355435811783333,26.0,True
0,Kalman,buffer,20.0,14,3.2029555787939143,22.0,True
0,Kalman,buffer,20.0,15,2.472624602486826,15.0,True
0,Kalman,buffer,20.0,16,2.2647921565448437,62.0,True
0,Kalman,buffer,20.0,17,3.2409383955493904,30.0,True
0,Kalman,buffer,20.0,18,2.5304800143469084,90.0,True
0,Kalman,buffer,20.0,19,3.1879666484100704,43.0,True
0,Kalman,buffer,20.0,20,2.221412077092502,57.0,True
0,Kalman,buffer,20.0,21,3.8345011793396067,15.0,True
0,Kalman,buffer,20.0,22,2.702515187536538,23.0,True
0,Kalman,buffer,20.0,23,3.8037053848103275,,False
0,Kalman,buffer,20.0,24,2.1773571422826254,18.0,True
0,Kalman,buffer,20.0,25,3.511731282198916,92.0,True
0,Kalman,buffer,20.0,26,2.874176533031518,26.0,True
0,Kalman,buffer,20.0,27,2.176456134564428,7.0,True
0,Kalman,buffer,20.0,28,3.3620857366177375,14.0,True
0,Kalman,buffer,20.0,29,3.4114271412574784,33.0,True
0,Kalman,buffer,20.0,30,2.3605202493505715,14.0,True
0,Kalman,buffer,20.0,31,2.6905257313303026,86.0,True
0,Kalman,buffer,20.0,32,2.9078222703942616,42.0,True
0,Kalman,buffer,20.0,33,3.3125241299464863,104.0,True
0,Kalman,buffer,20.0,34,2.7223035188127023,18.0,True
0,Kalman,buffer,20.0,35,3.222886625226177,86.0,True
0,Kalman,buffer,20.0,36,4.086883298077405,,False
0,Kalman,buffer,20.0,37,2.604583723565392,31.0,True
0,Kalman,buffer,20.0,38,2.4441650972618305,12.0,True
0,Kalman,buffer,20.0,39,4.212952695851682,11.0,True
0,Kalman,buffer,20.0,40,3.346272542258531,41.0,True
0,Kalman,buffer,20.0,41,3.3253544367852537,34.0,True
0,Kalman,buffer,20.0,42,3.72117035632227,11.0,True
0,Kalman,buffer,20.0,43,2.7573906565072517,11.0,True
0,Kalman,buffer,20.0,44,3.2623479986488184,86.0,True
0,Kalman,buffer,20.0,45,2.644583223495178,33.0,True
0,Kalman,buffer,20.0,46,3.371223437660923,,False
0,Kalman,buffer,20.0,47,3.2558237857102377,18.0,True
0,Kalman,buffer,20.0,48,2.982368109097597,26.0,True
0,Kalman,buffer,20.0,49,2.0493054470355907,27.0,True
0,Kalman,crossing,5.0,0,2.298966029643483,23.0,True
0,Kalman,crossing,5.0,1,2.4557145527088733,,False
0,Kalman,crossing,5.0,2,2.434407414699382,,False
0,Kalman,crossing,5.0,3,2.236684466226636,119.0,True
0,Kalman,crossing,5.0,4,2.8088752092153966,,False
0,Kalman,crossing,5.0,5,2.570405915236752,,False
0,Kalman,crossing,5.0,6,3.0801025053689735,,False
0,Kalman,crossing,5.0,7,2.592821745333105,,False
0,Kalman,crossing,5.0,8,2.745217059746857,,False
0,Kalman,crossing,5.0,9,2.6825957946768932,,False
0,Kalman,crossing,5.0,10,3.348399666228261,,False
0,Kalman,crossing,5.0,11,2.6035837230826804,,False
0,Kalman,crossing,5.0,12,3.271116001014093,,False
0,Kalman,crossing,5.0,13,2.2355435811783333,,False
0,Kalman,crossing,5.0,14,3.2029555787939143,,False
0,Kalman,crossing,5.0,15,2.472624602486826,,False
0,Kalman,crossing,5.0,16,2.2647921565448437,,False
0,Kalman,crossing,5.0,17,3.2409383955493904,,False
0,Kalman,crossing,5.0,18,2.5304800143469084,,False
0,Kalman,crossing,5.0,19,3.1879666484100704,,False
0,Kalman,crossing,5.0,20,2.221412077092502,91.0,True
0,Kalman,crossing,5.0,21,3.8345011793396067,,False
0,Kalman,crossing,5.0,22,2.702515187536538,,False
0,Kalman,crossing,5.0,23,3.8037053848103275,,False
0,Kalman,crossing,5.0,24,2.1773571422826254,,False
0,Kalman,crossing,5.0,25,3.511731282198916,,False
0,Kalman,crossing,5.0,26,2.874176533031518,,False
0,Kalman,crossing,5.0,27,2.176456134564428,49.0,True
0,Kalman,crossing,5.0,28,3.3620857366177375,,False
0,Kalman,crossing,5.0,29,3.4114271412574784,,False
0,Kalman,crossing,5.0,30,2.3605202493505715,,False
0,Kalman,crossing,5.0,31,2.6905257313303026,,False
0,Kalman,crossing,5.0,32,2.9078222703942616,,False
0,Kalman,crossing,5.0,33,3.3125241299464863,,False
0,Kalman,crossing,5.0,34,2.7223035188127023,,False
0,Kalman,crossing,5.0,35,3.222886625226177,,False
0,Kalman,crossing,5.0,36,4.086883298077405,,False
0,Kalman,crossing,5.0,37,2.604583723565392,,False
0,Kalman,crossing,5.0,38,2.4441650972618305,,False
0,Kalman,crossing,5.0,39,4.212952695851682,,False
0,Kalman,crossing,5.0,40,3.346272542258531,,False
0,Kalman,crossing,5.0,41,3.3253544367852537,,False
0,Kalman,crossing,5.0,42,3.72117035632227,,False
0,Kalman,crossing,5.0,43,2.7573906565072517,,False
0,Kalman,crossing,5.0,44,3.2623479986488184,,False
0,Kalman,crossing,5.0,45,2.644583223495178,,False
0,Kalman,crossing,5.0,46,3.371223437660923,,False
0,Kalman,crossing,5.0,47,3.2558237857102377,,False
0,Kalman,crossing,5.0,48,2.982368109097597,,False
0,Kalman,crossing,5.0,49,2.0493054470355907,46.0,True
0,Kalman,crossing,10.0,0,2.298966029643483,17.0,True
0,Kalman,crossing,10.0,1,2.4557145527088733,45.0,True
0,Kalman,crossing,10.0,2,2.434407414699382,37.0,True
0,Kalman,crossing,10.0,3,2.236684466226636,114.0,True
0,Kalman,crossing,10.0,4,2.8088752092153966,21.0,True
0,Kalman,crossing,10.0,5,2.570405915236752,79.0,True
0,Kalman,crossing,10.0,6,3.0801025053689735,40.0,True
0,Kalman,crossing,10.0,7,2.592821745333105,37.0,True
0,Kalman,crossing,10.0,8,2.745217059746857,42.0,True
0,Kalman,crossing,10.0,9,2.6825957946768932,30.0,True
0,Kalman,crossing,10.0,10,3.348399666228261,,False
0,Kalman,crossing,10.0,11,2.6035837230826804,54.0,True
0,Kalman,crossing,10.0,12,3.271116001014093,,False
0,Kalman,crossing,10.0,13,2.2355435811783333,38.0,True
0,Kalman,crossing,10.0,14,3.2029555787939143,36.0,True
0,Kalman,crossing,10.0,15,2.472624602486826,27.0,True
0,Kalman,crossing,10.0,16,2.2647921565448437,80.0,True
0,Kalman,crossing,10.0,17,3.2409383955493904,41.0,True
0,Kalman,crossing,10.0,18,2.5304800143469084,106.0,True
0,Kalman,crossing,10.0,19,3.1879666484100704,45.0,True
0,Kalman,crossing,10.0,20,2.221412077092502,65.0,True
0,Kalman,crossing,10.0,21,3.8345011793396067,26.0,True
0,Kalman,crossing,10.0,22,2.702515187536538,29.0,True
0,Kalman,crossing,10.0,23,3.8037053848103275,,False
0,Kalman,crossing,10.0,24,2.1773571422826254,33.0,True
0,Kalman,crossing,10.0,25,3.511731282198916,106.0,True
0,Kalman,crossing,10.0,26,2.874176533031518,41.0,True
0,Kalman,crossing,10.0,27,2.176456134564428,18.0,True
0,Kalman,crossing,10.0,28,3.3620857366177375,25.0,True
0,Kalman,crossing,10.0,29,3.4114271412574784,35.0,True
0,Kalman,crossing,10.0,30,2.3605202493505715,28.0,True
0,Kalman,crossing,10.0,31,2.6905257313303026,102.0,True
0,Kalman,crossing,10.0,32,2.9078222703942616,51.0,True
0,Kalman,crossing,10.0,33,3.3125241299464863,112.0,True
0,Kalman,crossing,10.0,34,2.7223035188127023,32.0,True
0,Kalman,crossing,10.0,35,3.222886625226177,100.0,True
0,Kalman,crossing,10.0,36,4.086883298077405,,False
0,Kalman,crossing,10.0,37,2.604583723565392,42.0,True
0,Kalman,crossing,10.0,38,2.4441650972618305,27.0,True
0,Kalman,crossing,10.0,39,4.212952695851682,29.0,True
0,Kalman,crossing,10.0,40,3.346272542258531,59.0,True
0,Kalman,crossing,10.0,41,3.3253544367852537,49.0,True
0,Kalman,crossing,10.0,42,3.72117035632227,21.0,True
0,Kalman,crossing,10.0,43,2.7573906565072517,23.0,True
0,Kalman,crossing,10.0,44,3.2623479986488184,98.0,True
0,Kalman,crossing,10.0,45,2.644583223495178,44.0,True
0,Kalman,crossing,10.0,46,3.371223437660923,,False
0,Kalman,crossing,10.0,47,3.2558237857102377,30.0,True
0,Kalman,crossing,10.0,48,2.982368109097597,41.0,True
0,Kalman,crossing,10.0,49,2.0493054470355907,40.0,True
0,Kalman,crossing,15.0,0,2.298966029643483,13.0,True
0,Kalman,crossing,15.0,1,2.4557145527088733,41.0,True
0,Kalman,crossing,15.0,2,2.434407414699382,33.0,True
0,Kalman,crossing,15.0,3,2.236684466226636,110.0,True
0,Kalman,crossing,15.0,4,2.8088752092153966,16.0,True
0,Kalman,crossing,15.0,5,2.570405915236752,79.0,True
0,Kalman,crossing,15.0,6,3.0801025053689735,37.0,True
0,Kalman,crossing,15.0,7,2.592821745333105,32.0,True
0,Kalman,crossing,15.0,8,2.745217059746857,42.0,True
0,Kalman,crossing,15.0,9,2.6825957946768932,23.0,True
0,Kalman,crossing,15.0,10,3.348399666228261,,False
0,Kalman,crossing,15.0,11,2.6035837230826804,51.0,True
0,Kalman,crossing,15.0,12,3.271116001014093,87.0,True
0,Kalman,crossing,15.0,13,2.2355435811783333,32.0,True
0,Kalman,crossing,15.0,14,3.2029555787939143,32.0,True
0,Kalman,crossing,15.0,15,2.472624602486826,22.0,True
0,Kalman,crossing,15.0,16,2.2647921565448437,78.0,True
0,Kalman,crossing,15.0,17,3.2409383955493904,38.0,True
0,Kalman,crossing,15.0,18,2.5304800143469084,102.0,True
0,Kalman,crossing,15.0,19,3.1879666484100704,44.0,True
0,Kalman,crossing,15.0,20,2.221412077092502,63.0,True
0,Kalman,crossing,15.0,21,3.8345011793396067,23.0,True
0,Kalman,crossing,15.0,22,2.702515187536538,26.0,True
0,Kalman,crossing,15.0,23,3.8037053848103275,,False
0,Kalman,crossing,15.0,24,2.1773571422826254,28.0,True
0,Kalman,crossing,15.0,25,3.511731282198916,101.0,True
0,Kalman,crossing,15.0,26,2.874176533031518,34.0,True
0,Kalman,crossing,15.0,27,2.176456134564428,12.0,True
0,Kalman,crossing,15.0,28,3.3620857366177375,20.0,True
0,Kalman,crossing,15.0,29,3.4114271412574784,34.0,True
0,Kalman,crossing,15.0,30,2.3605202493505715,24.0,True
0,Kalman,crossing,15.0,31,2.6905257313303026,96.0,True
0,Kalman,crossing,15.0,32,2.9078222703942616,48.0,True
0,Kalman,crossing,15.0,33,3.3125241299464863,108.0,True
0,Kalman,crossing,15.0,34,2.7223035188127023,26.0,True
0,Kalman,crossing,15.0,35,3.222886625226177,93.0,True
0,Kalman,crossing,15.0,36,4.086883298077405,,False
0,Kalman,crossing,15.0,37,2.604583723565392,37.0,True
0,Kalman,crossing,15.0,38,2.4441650972618305,23.0,True
0,Kalman,crossing,15.0,39,4.212952695851682,21.0,True
0,Kalman,crossing,15.0,40,3.346272542258531,52.0,True
0,Kalman,crossing,15.0,41,3.3253544367852537,45.0,True
0,Kalman,crossing,15.0,42,3.72117035632227,19.0,True
0,Kalman,crossing,15.0,43,2.7573906565072517,17.0,True
0,Kalman,crossing,15.0,44,3.2623479986488184,93.0,True
0,Kalman,crossing,15.0,45,2.644583223495178,39.0,True
0,Kalman,crossing,15.0,46,3.371223437660923,,False
0,Kalman,crossing,15.0,47,3.2558237857102377,26.0,True
0,Kalman,crossing,15.0,48,2.982368109097597,36.0,True
0,Kalman,crossing,15.0,49,2.0493054470355907,33.0,True
0,Kalman,crossing,20.0,0,2.298966029643483,7.0,True
0,Kalman,crossing,20.0,1,2.4557145527088733,38.0,True
0,Kalman,crossing,20.0,2,2.434407414699382,27.0,True
0,Kalman,crossing,20.0,3,2.236684466226636,106.0,True
0,Kalman,crossing,20.0,4,2.8088752092153966,11.0,True
0,Kalman,crossing,20.0,5,2.570405915236752,78.0,True
0,Kalman,crossing,20.0,6,3.0801025053689735,32.0,True
0,Kalman,crossing,20.0,7,2.592821745333105,27.0,True
0,Kalman,crossing,20.0,8,2.745217059746857,41.0,True
0,Kalman,crossing,20.0,9,2.6825957946768932,21.0,True
0,Kalman,crossing,20.0,10,3.348399666228261,30.0,True
0,Kalman,crossing,20.0,11,2.6035837230826804,45.0,True
0,Kalman,crossing,20.0,12,3.271116001014093,72.0,True
0,Kalman,crossing,20.0,13,2.2355435811783333,28.0,True
0,Kalman,crossing,20.0,14,3.2029555787939143,25.0,True
0,Kalman,crossing,20.0,15,2.472624602486826,17.0,True
0,Kalman,crossing,20.0,16,2.2647921565448437,69.0,True
0,Kalman,crossing,20.0,17,3.2409383955493904,35.0,True
0,Kalman,crossing,20.0,18,2.5304800143469084,97.0,True
0,Kalman,crossing,20.0,19,3.1879666484100704,43.0,True
0,Kalman,crossing,20.0,20,2.221412077092502,61.0,True
0,Kalman,crossing,20.0,21,3.8345011793396067,20.0,True
0,Kalman,crossing,20.0,22,2.702515187536538,23.0,True
0,Kalman,crossing,20.0,23,3.8037053848103275,,False
0,Kalman,crossing,20.0,24,2.1773571422826254,25.0,True
0,Kalman,crossing,20.0,25,3.511731282198916,95.0,True
0,Kalman,crossing,20.0,26,2.874176533031518,29.0,True
0,Kalman,crossing,20.0,27,2.176456134564428,8.0,True
0,Kalman,crossing,20.0,28,3.3620857366177375,16.0,True
0,Kalman,crossing,20.0,29,3.4114271412574784,34.0,True
0,Kalman,crossing,20.0,30,2.3605202493505715,16.0,True
0,Kalman,crossing,20.0,31,2.6905257313303026,91.0,True
0,Kalman,crossing,20.0,32,2.9078222703942616,43.0,True
0,Kalman,crossing,20.0,33,3.3125241299464863,104.0,True
0,Kalman,crossing,20.0,34,2.7223035188127023,22.0,True
0,Kalman,crossing,20.0,35,3.222886625226177,88.0,True
0,Kalman,crossing,20.0,36,4.086883298077405,,False
0,Kalman,crossing,20.0,37,2.604583723565392,32.0,True
0,Kalman,crossing,20.0,38,2.4441650972618305,15.0,True
0,Kalman,crossing,20.0,39,4.212952695851682,15.0,True
0,Kalman,crossing,20.0,40,3.346272542258531,45.0,True
0,Kalman,crossing,20.0,41,3.3253544367852537,40.0,True
0,Kalman,crossing,20.0,42,3.72117035632227,12.0,True
0,Kalman,crossing,20.0,43,2.7573906565072517,12.0,True
0,Kalman,crossing,20.0,44,3.2623479986488184,87.0,True
0,Kalman,crossing,20.0,45,2.644583223495178,33.0,True
0,Kalman,crossing,20.0,46,3.371223437660923,,False
0,Kalman,crossing,20.0,47,3.2558237857102377,21.0,True
0,Kalman,crossing,20.0,48,2.982368109097597,29.0,True
0,Kalman,crossing,20.0,49,2.0493054470355907,30.0,True
1,Reactive,zone,,0,3.118391570569181,,False
1,Reactive,zone,,1,2.5128727743505497,,False
1,Reactive,zone,,2,3.077637121450336,,False
1,Reactive,zone,,3,3.245396284361509,,False
1,Reactive,zone,,4,3.395532435335625,,False
1,Reactive,zone,,5,2.179526903110173,,False
1,Reactive,zone,,6,3.093019523965023,,False
1,Reactive,zone,,7,2.606033339465743,,False
1,Reactive,zone,,8,2.746470691461765,,False
1,Reactive,zone,,9,2.4630614274494613,,False
1,Reactive,zone,,10,3.740214260972294,,False
1,Reactive,zone,,11,3.505870564296617,,False
1,Reactive,zone,,12,2.985295596024026,,False
1,Reactive,zone,,13,3.2351342658705327,,False
1,Reactive,zone,,14,2.0797711774618244,,False
1,Reactive,zone,,15,2.213627961274879,,False
1,Reactive,zone,,16,3.144508148369687,,False
1,Reactive,zone,,17,2.9881120308103166,,False
1,Reactive,zone,,18,2.5632541935388993,,False
1,Reactive,zone,,19,2.19890147451001,,False
1,Reactive,zone,,20,3.3076069943223274,,False
1,Reactive,zone,,21,3.6813738515522862,,False
1,Reactive,zone,,22,2.817241824029394,,False
1,Reactive,zone,,23,2.4859795737196735,,False
1,Reactive,zone,,24,2.93571511044951,,False
1,Reactive,zone,,25,3.8993330462399465,,False
1,Reactive,zone,,26,3.5484276941214357,,False
1,Reactive,zone,,27,2.613169311453704,,False
1,Reactive,zone,,28,2.6377123068290844,,False
1,Reactive,zone,,29,3.5316195589865695,,False
1,Reactive,zone,,30,2.7960027958381817,,False
1,Reactive,zone,,31,2.81373073488458,,False
1,Reactive,zone,,32,2.7529218357006173,,False
1,Reactive,zone,,33,2.652038377880096,,False
1,Reactive,zone,,34,2.623792971072272,,False
1,Reactive,zone,,35,3.389660398682833,,False
1,Reactive,zone,,36,2.722697211265112,,False
1,Reactive,zone,,37,2.2362387456321184,,False
1,Reactive,zone,,38,2.449860639359224,,False
1,Reactive,zone,,39,2.571534646198816,,False
1,Reactive,zone,,40,2.100446150580377,,False
1,Reactive,zone,,41,2.9186133095238462,,False
1,Reactive,zone,,42,2.3336458609149626,,False
1,Reactive,zone,,43,2.122318600668263,,False
1,Reactive,zone,,44,2.412573276297395,,False
1,Reactive,zone,,45,2.942798771957209,,False
1,Reactive,zone,,46,2.577358805721072,,False
1,Reactive,zone,,47,3.263994926480229,,False
1,Reactive,zone,,48,2.5661795179747053,,False
1,Reactive,zone,,49,3.760422668137279,,False
1,Analytic,buffer,5.0,0,3.118391570569181,65.0,True
1,Analytic,buffer,5.0,1,2.5128727743505497,62.0,True
1,Analytic,buffer,5.0,2,3.077637121450336,35.0,True
1,Analytic,buffer,5.0,3,3.245396284361509,105.0,True
1,Analytic,buffer,5.0,4,3.395532435335625,30.0,True
1,Analytic,buffer,5.0,5,2.179526903110173,128.0,True
1,Analytic,buffer,5.0,6,3.093019523965023,56.0,True
1,Analytic,buffer,5.0,7,2.606033339465743,40.0,True
1,Analytic,buffer,5.0,8,2.746470691461765,109.0,True
1,Analytic,buffer,5.0,9,2.4630614274494613,87.0,True
1,Analytic,buffer,5.0,10,3.740214260972294,,False
1,Analytic,buffer,5.0,11,3.505870564296617,25.0,True
1,Analytic,buffer,5.0,12,2.985295596024026,34.0,True
1,Analytic,buffer,5.0,13,3.2351342658705327,18.0,True
1,Analytic,buffer,5.0,14,2.0797711774618244,35.0,True
1,Analytic,buffer,5.0,15,2.213627961274879,110.0,True
1,Analytic,buffer,5.0,16,3.144508148369687,102.0,True
1,Analytic,buffer,5.0,17,2.9881120308103166,101.0,True
1,Analytic,buffer,5.0,18,2.5632541935388993,43.0,True
1,Analytic,buffer,5.0,19,2.19890147451001,53.0,True
1,Analytic,buffer,5.0,20,3.3076069943223274,98.0,True
1,Analytic,buffer,5.0,21,3.6813738515522862,26.0,True
1,Analytic,buffer,5.0,22,2.817241824029394,66.0,True
1,Analytic,buffer,5.0,23,2.4859795737196735,105.0,True
1,Analytic,buffer,5.0,24,2.93571511044951,35.0,True
1,Analytic,buffer,5.0,25,3.8993330462399465,,False
1,Analytic,buffer,5.0,26,3.5484276941214357,85.0,True
1,Analytic,buffer,5.0,27,2.613169311453704,19.0,True
1,Analytic,buffer,5.0,28,2.6377123068290844,91.0,True
1,Analytic,buffer,5.0,29,3.5316195589865695,35.0,True
1,Analytic,buffer,5.0,30,2.7960027958381817,31.0,True
1,Analytic,buffer,5.0,31,2.81373073488458,82.0,True
1,Analytic,buffer,5.0,32,2.7529218357006173,112.0,True
1,Analytic,buffer,5.0,33,2.652038377880096,34.0,True
1,Analytic,buffer,5.0,34,2.623792971072272,68.0,True
1,Analytic,buffer,5.0,35,3.389660398682833,27.0,True
1,Analytic,buffer,5.0,36,2.722697211265112,52.0,True
1,Analytic,buffer,5.0,37,2.2362387456321184,70.0,True
1,Analytic,buffer,5.0,38,2.449860639359224,85.0,True
1,Analytic,buffer,5.0,39,2.571534646198816,30.0,True
1,Analytic,buffer,5.0,40,2.100446150580377,55.0,True
1,Analytic,buffer,5.0,41,2.9186133095238462,44.0,True
1,Analytic,buffer,5.0,42,2.3336458609149626,110.0,True
1,Analytic,buffer,5.0,43,2.122318600668263,124.0,True
1,Analytic,buffer,5.0,44,2.412573276297395,57.0,True
1,Analytic,buffer,5.0,45,2.942798771957209,69.0,True
1,Analytic,buffer,5.0,46,2.577358805721072,108.0,True
1,Analytic,buffer,5.0,47,3.263994926480229,74.0,True
1,Analytic,buffer,5.0,48,2.5661795179747053,57.0,True
1,Analytic,buffer,5.0,49,3.760422668137279,46.0,True
1,Analytic,buffer,10.0,0,3.118391570569181,62.0,True
1,Analytic,buffer,10.0,1,2.5128727743505497,25.0,True
1,Analytic,buffer,10.0,2,3.077637121450336,26.0,True
1,Analytic,buffer,10.0,3,3.245396284361509,102.0,True
1,Analytic,buffer,10.0,4,3.395532435335625,25.0,True
1,Analytic,buffer,10.0,5,2.179526903110173,126.0,True
1,Analytic,buffer,10.0,6,3.093019523965023,53.0,True
1,Analytic,buffer,10.0,7,2.606033339465743,25.0,True
1,Analytic,buffer,10.0,8,2.746470691461765,102.0,True
1,Analytic,buffer,10.0,9,2.4630614274494613,85.0,True
1,Analytic,buffer,10.0,10,3.740214260972294,54.0,True
1,Analytic,buffer,10.0,11,3.505870564296617,20.0,True
1,Analytic,buffer,10.0,12,2.985295596024026,28.0,True
1,Analytic,buffer,10.0,13,3.2351342658705327,13.0,True
1,Analytic,buffer,10.0,14,2.0797711774618244,30.0,True
1,Analytic,buffer,10.0,15,2.213627961274879,105.0,True
1,Analytic,buffer,10.0,16,3.144508148369687,95.0,True
1,Analytic,buffer,10.0,17,2.9881120308103166,94.0,True
1,Analytic,buffer,10.0,18,2.5632541935388993,38.0,True
1,Analytic,buffer,10.0,19,2.19890147451001,49.0,True
1,Analytic,buffer,10.0,20,3.3076069943223274,93.0,True
1,Analytic,buffer,10.0,21,3.6813738515522862,20.0,True
1,Analytic,buffer,10.0,22,2.817241824029394,62.0,True
1,Analytic,buffer,10.0,23,2.4859795737196735,102.0,True
1,Analytic,buffer,10.0,24,2.93571511044951,28.0,True
1,Analytic,buffer,10.0,25,3.8993330462399465,64.0,True
1,Analytic,buffer,10.0,26,3.5484276941214357,78.0,True
1,Analytic,buffer,10.0,27,2.613169311453704,13.0,True
1,Analytic,buffer,10.0,28,2.6377123068290844,88.0,True
1,Analytic,buffer,10.0,29,3.5316195589865695,29.0,True
1,Analytic,buffer,10.0,30,2.7960027958381817,24.0,True
1,Analytic,buffer,10.0,31,2.81373073488458,77.0,True
1,Analytic,buffer,10.0,32,2.7529218357006173,104.0,True
1,Analytic,buffer,10.0,33,2.652038377880096,30.0,True
1,Analytic,buffer,10.0,34,2.623792971072272,65.0,True
1,Analytic,buffer,10.0,35,3.389660398682833,22.0,True
1,Analytic,buffer,10.0,36,2.722697211265112,50.0,True
1,Analytic,buffer,10.0,37,2.2362387456321184,67.0,True
1,Analytic,buffer,10.0,38,2.449860639359224,78.0,True
1,Analytic,buffer,10.0,39,2.571534646198816,25.0,True
1,Analytic,buffer,10.0,40,2.100446150580377,26.0,True
1,Analytic,buffer,10.0,41,2.9186133095238462,42.0,True
1,Analytic,buffer,10.0,42,2.3336458609149626,106.0,True
1,Analytic,buffer,10.0,43,2.122318600668263,122.0,True
1,Analytic,buffer,10.0,44,2.412573276297395,53.0,True
1,Analytic,buffer,10.0,45,2.942798771957209,61.0,True
1,Analytic,buffer,10.0,46,2.577358805721072,102.0,True
1,Analytic,buffer,10.0,47,3.263994926480229,39.0,True
1,Analytic,buffer,10.0,48,2.5661795179747053,53.0,True
1,Analytic,buffer,10.0,49,3.760422668137279,35.0,True
1,Analytic,buffer,15.0,0,3.118391570569181,59.0,True
1,Analytic,buffer,15.0,1,2.5128727743505497,22.0,True
1,Analytic,buffer,15.0,2,3.077637121450336,20.0,True
1,Analytic,buffer,15.0,3,3.245396284361509,96.0,True
1,Analytic,buffer,15.0,4,3.395532435335625,21.0,True
1,Analytic,buffer,15.0,5,2.179526903110173,125.0,True
1,Analytic,buffer,15.0,6,3.093019523965023,48.0,True
1,Analytic,buffer,15.0,7,2.606033339465743,20.0,True
1,Analytic,buffer,15.0,8,2.746470691461765,97.0,True
1,Analytic,buffer,15.0,9,2.4630614274494613,80.0,True
1,Analytic,buffer,15.0,10,3.740214260972294,51.0,True
1,Analytic,buffer,15.0,11,3.505870564296617,15.0,True
1,Analytic,buffer,15.0,12,2.985295596024026,23.0,True
1,Analytic,buffer,15.0,13,3.2351342658705327,7.0,True
1,Analytic,buffer,15.0,14,2.0797711774618244,24.0,True
1,Analytic,buffer,15.0,15,2.213627961274879,99.0,True
1,Analytic,buffer,15.0,16,3.144508148369687,90.0,True
1,Analytic,buffer,15.0,17,2.9881120308103166,89.0,True
1,Analytic,buffer,15.0,18,2.5632541935388993,34.0,True
1,Analytic,buffer,15.0,19,2.19890147451001,43.0,True
1,Analytic,buffer,15.0,20,3.3076069943223274,88.0,True
1,Analytic,buffer,15.0,21,3.6813738515522862,16.0,True
1,Analytic,buffer,15.0,22,2.817241824029394,57.0,True
1,Analytic,buffer,15.0,23,2.4859795737196735,100.0,True
1,Analytic,buffer,15.0,24,2.93571511044951,25.0,True
1,Analytic,buffer,15.0,25,3.8993330462399465,59.0,True
1,Analytic,buffer,15.0,26,3.5484276941214357,75.0,True
1,Analytic,buffer,15.0,27,2.613169311453704,9.0,True
1,Analytic,buffer,15.0,28,2.6377123068290844,87.0,True
1,Analytic,buffer,15.0,29,3.5316195589865695,23.0,True
1,Analytic,buffer,15.0,30,2.7960027958381817,20.0,True
1,Analytic,buffer,15.0,31,2.81373073488458,75.0,True
1,Analytic,buffer,15.0,32,2.7529218357006173,99.0,True
1,Analytic,buffer,15.0,33,2.652038377880096,26.0,True
1,Analytic,buffer,15.0,34,2.623792971072272,62.0,True
1,Analytic,buffer,15.0,35,3.389660398682833,17.0,True
1,Analytic,buffer,15.0,36,2.722697211265112,48.0,True
1,Analytic,buffer,15.0,37,2.2362387456321184,64.0,True
1,Analytic,buffer,15.0,38,2.449860639359224,74.0,True
1,Analytic,buffer,15.0,39,2.571534646198816,20.0,True
1,Analytic,buffer,15.0,40,2.100446150580377,21.0,True
1,Analytic,buffer,15.0,41,2.9186133095238462,39.0,True
1,Analytic,buffer,15.0,42,2.3336458609149626,101.0,True
1,Analytic,buffer,15.0,43,2.122318600668263,122.0,True
1,Analytic,buffer,15.0,44,2.412573276297395,49.0,True
1,Analytic,buffer,15.0,45,2.942798771957209,55.0,True
1,Analytic,buffer,15.0,46,2.577358805721072,96.0,True
1,Analytic,buffer,15.0,47,3.263994926480229,35.0,True
1,Analytic,buffer,15.0,48,2.5661795179747053,49.0,True
1,Analytic,buffer,15.0,49,3.760422668137279,30.0,True
1,Analytic,buffer,20.0,0,3.118391570569181,54.0,True
1,Analytic,buffer,20.0,1,2.5128727743505497,16.0,True
1,Analytic,buffer,20.0,2,3.077637121450336,16.0,True
1,Analytic,buffer,20.0,3,3.245396284361509,93.0,True
1,Analytic,buffer,20.0,4,3.395532435335625,16.0,True
1,Analytic,buffer,20.0,5,2.179526903110173,124.0,True
1,Analytic,buffer,20.0,6,3.093019523965023,43.0,True
1,Analytic,buffer,20.0,7,2.606033339465743,13.0,True
1,Analytic,buffer,20.0,8,2.746470691461765,92.0,True
1,Analytic,buffer,20.0,9,2.4630614274494613,70.0,True
1,Analytic,buffer,20.0,10,3.740214260972294,48.0,True
1,Analytic,buffer,20.0,11,3.505870564296617,11.0,True
1,Analytic,buffer,20.0,12,2.985295596024026,19.0,True
1,Analytic,buffer,20.0,13,3.2351342658705327,6.0,True
1,Analytic,buffer,20.0,14,2.0797711774618244,20.0,True
1,Analytic,buffer,20.0,15,2.213627961274879,95.0,True
1,Analytic,buffer,20.0,16,3.144508148369687,86.0,True
1,Analytic,buffer,20.0,17,2.9881120308103166,84.0,True
1,Analytic,buffer,20.0,18,2.5632541935388993,27.0,True
1,Analytic,buffer,20.0,19,2.19890147451001,39.0,True
1,Analytic,buffer,20.0,20,3.3076069943223274,84.0,True
1,Analytic,buffer,20.0,21,3.6813738515522862,9.0,True
1,Analytic,buffer,20.0,22,2.817241824029394,50.0,True
1,Analytic,buffer,20.0,23,2.4859795737196735,93.0,True
1,Analytic,buffer,20.0,24,2.93571511044951,19.0,True
1,Analytic,buffer,20.0,25,3.8993330462399465,50.0,True
1,Analytic,buffer,20.0,26,3.5484276941214357,69.0,True
1,Analytic,buffer,20.0,27,2.613169311453704,6.0,True
1,Analytic,buffer,20.0,28,2.6377123068290844,79.0,True
1,Analytic,buffer,20.0,29,3.5316195589865695,18.0,True
1,Analytic,buffer,20.0,30,2.7960027958381817,16.0,True
1,Analytic,buffer,20.0,31,2.81373073488458,74.0,True
1,Analytic,buffer,20.0,32,2.7529218357006173,94.0,True
1,Analytic,buffer,20.0,33,2.652038377880096,19.0,True
1,Analytic,buffer,20.0,34,2.623792971072272,58.0,True
1,Analytic,buffer,20.0,35,3.389660398682833,13.0,True
1,Analytic,buffer,20.0,36,2.722697211265112,40.0,True
1,Analytic,buffer,20.0,37,2.2362387456321184,56.0,True
1,Analytic,buffer,20.0,38,2.449860639359224,71.0,True
1,Analytic,buffer,20.0,39,2.571534646198816,16.0,True
1,Analytic,buffer,20.0,40,2.100446150580377,17.0,True
1,Analytic,buffer,20.0,41,2.9186133095238462,35.0,True
1,Analytic,buffer,20.0,42,2.3336458609149626,96.0,True
1,Analytic,buffer,20.0,43,2.122318600668263,121.0,True
1,Analytic,buffer,20.0,44,2.412573276297395,43.0,True
1,Analytic,buffer,20.0,45,2.942798771957209,50.0,True
1,Analytic,buffer,20.0,46,2.577358805721072,90.0,True
1,Analytic,buffer,20.0,47,3.263994926480229,28.0,True
1,Analytic,buffer,20.0,48,2.5661795179747053,45.0,True
1,Analytic,buffer,20.0,49,3.760422668137279,25.0,True
1,Analytic,crossing,5.0,0,3.118391570569181,,False
1,Analytic,crossing,5.0,1,2.5128727743505497,63.0,True
1,Analytic,crossing,5.0,2,3.077637121450336,,False
1,Analytic,crossing,5.0,3,3.245396284361509,,False
1,Analytic,crossing,5.0,4,3.395532435335625,,False
1,Analytic,crossing,5.0,5,2.179526903110173,130.0,True
1,Analytic,crossing,5.0,6,3.093019523965023,,False
1,Analytic,crossing,5.0,7,2.606033339465743,,False
1,Analytic,crossing,5.0,8,2.746470691461765,,False
1,Analytic,crossing,5.0,9,2.4630614274494613,89.0,True
1,Analytic,crossing,5.0,10,3.740214260972294,,False
1,Analytic,crossing,5.0,11,3.505870564296617,,False
1,Analytic,crossing,5.0,12,2.985295596024026,,False
1,Analytic,crossing,5.0,13,3.2351342658705327,,False
1,Analytic,crossing,5.0,14,2.0797711774618244,37.0,True
1,Analytic,crossing,5.0,15,2.213627961274879,112.0,True
1,Analytic,crossing,5.0,16,3.144508148369687,,False
1,Analytic,crossing,5.0,17,2.9881120308103166,,False
1,Analytic,crossing,5.0,18,2.5632541935388993,46.0,True
1,Analytic,crossing,5.0,19,2.19890147451001,55.0,True
1,Analytic,crossing,5.0,20,3.3076069943223274,,False
1,Analytic,crossing,5.0,21,3.6813738515522862,,False
1,Analytic,crossing,5.0,22,2.817241824029394,,False
1,Analytic,crossing,5.0,23,2.4859795737196735,,False
1,Analytic,crossing,5.0,24,2.93571511044951,,False
1,Analytic,crossing,5.0,25,3.8993330462399465,,False
1,Analytic,crossing,5.0,26,3.5484276941214357,,False
1,Analytic,crossing,5.0,27,2.613169311453704,21.0,True
1,Analytic,crossing,5.0,28,2.6377123068290844,93.0,True
1,Analytic,crossing,5.0,29,3.5316195589865695,,False
1,Analytic,crossing,5.0,30,2.7960027958381817,,False
1,Analytic,crossing,5.0,31,2.81373073488458,,False
1,Analytic,crossing,5.0,32,2.7529218357006173,,False
1,Analytic,crossing,5.0,33,2.652038377880096,,False
1,Analytic,crossing,5.0,34,2.623792971072272,70.0,True
1,Analytic,crossing,5.0,35,3.389660398682833,,False
1,Analytic,crossing,5.0,36,2.722697211265112,54.0,True
1,Analytic,crossing,5.0,37,2.2362387456321184,72.0,True
1,Analytic,crossing,5.0,38,2.449860639359224,,False
1,Analytic,crossing,5.0,39,2.571534646198816,32.0,True
1,Analytic,crossing,5.0,40,2.100446150580377,57.0,True
1,Analytic,crossing,5.0,41,2.9186133095238462,46.0,True
1,Analytic,crossing,5.0,42,2.3336458609149626,112.0,True
1,Analytic,crossing,5.0,43,2.122318600668263,125.0,True
1,Analytic,crossing,5.0,44,2.412573276297395,60.0,True
1,Analytic,crossing,5.0,45,2.942798771957209,,False
1,Analytic,crossing,5.0,46,2.577358805721072,,False
1,Analytic,crossing,5.0,47,3.263994926480229,77.0,True
1,Analytic,crossing,5.0,48,2.5661795179747053,,False
1,Analytic,crossing,5.0,49,3.760422668137279,,False
1,Analytic,crossing,10.0,0,3.118391570569181,64.0,True
1,Analytic,crossing,10.0,1,2.5128727743505497,28.0,True
1,Analytic,crossing,10.0,2,3.077637121450336,32.0,True
1,Analytic,crossing,10.0,3,3.245396284361509,103.0,True
1,Analytic,crossing,10.0,4,3.395532435335625,27.0,True
1,Analytic,crossing,10.0,5,2.179526903110173,127.0,True
1,Analytic,crossing,10.0,6,3.093019523965023,55.0,True
1,Analytic,crossing,10.0,7,2.606033339465743,27.0,True
1,Analytic,crossing,10.0,8,2.746470691461765,107.0,True
1,Analytic,crossing,10.0,9,2.4630614274494613,86.0,True
1,Analytic,crossing,10.0,10,3.740214260972294,60.0,True
1,Analytic,crossing,10.0,11,3.505870564296617,22.0,True
1,Analytic,crossing,10.0,12,2.985295596024026,31.0,True
1,Analytic,crossing,10.0,13,3.2351342658705327,15.0,True
1,Analytic,crossing,10.0,14,2.0797711774618244,33.0,True
1,Analytic,crossing,10.0,15,2.213627961274879,108.0,True
1,Analytic,crossing,10.0,16,3.144508148369687,97.0,True
1,Analytic,crossing,10.0,17,2.9881120308103166,100.0,True
1,Analytic,crossing,10.0,18,2.5632541935388993,40.0,True
1,Analytic,crossing,10.0,19,2.19890147451001,51.0,True
1,Analytic,crossing,10.0,20,3.3076069943223274,95.0,True
1,Analytic,crossing,10.0,21,3.6813738515522862,22.0,True
1,Analytic,crossing,10.0,22,2.817241824029394,66.0,True
1,Analytic,crossing,10.0,23,2.4859795737196735,105.0,True
1,Analytic,crossing,10.0,24,2.93571511044951,32.0,True
1,Analytic,crossing,10.0,25,3.8993330462399465,,False
1,Analytic,crossing,10.0,26,3.5484276941214357,81.0,True
1,Analytic,crossing,10.0,27,2.613169311453704,16.0,True
1,Analytic,crossing,10.0,28,2.6377123068290844,90.0,True
1,Analytic,crossing,10.0,29,3.5316195589865695,32.0,True
1,Analytic,crossing,10.0,30,2.7960027958381817,27.0,True
1,Analytic,crossing,10.0,31,2.81373073488458,79.0,True
1,Analytic,crossing,10.0,32,2.7529218357006173,109.0,True
1,Analytic,crossing,10.0,33,2.652038377880096,32.0,True
1,Analytic,crossing,10.0,34,2.623792971072272,67.0,True
1,Analytic,crossing,10.0,35,3.389660398682833,25.0,True
1,Analytic,crossing,10.0,36,2.722697211265112,51.0,True
1,Analytic,crossing,10.0,37,2.2362387456321184,69.0,True
1,Analytic,crossing,10.0,38,2.449860639359224,80.0,True
1,Analytic,crossing,10.0,39,2.571534646198816,28.0,True
1,Analytic,crossing,10.0,40,2.100446150580377,28.0,True
1,Analytic,crossing,10.0,41,2.9186133095238462,43.0,True
1,Analytic,crossing,10.0,42,2.3336458609149626,109.0,True
1,Analytic,crossing,10.0,43,2.122318600668263,123.0,True
1,Analytic,crossing,10.0,44,2.412573276297395,55.0,True
1,Analytic,crossing,10.0,45,2.942798771957209,68.0,True
1,Analytic,crossing,10.0,46,2.577358805721072,104.0,True
1,Analytic,crossing,10.0,47,3.263994926480229,41.0,True
1,Analytic,crossing,10.0,48,2.5661795179747053,55.0,True
1,Analytic,crossing,10.0,49,3.760422668137279,38.0,True
1,Analytic,crossing,15.0,0,3.118391570569181,62.0,True
1,Analytic,crossing,15.0,1,2.5128727743505497,23.0,True
1,Analytic,crossing,15.0,2,3.077637121450336,24.0,True
1,Analytic,crossing,15.0,3,3.245396284361509,98.0,True
1,Analytic,crossing,15.0,4,3.395532435335625,22.0,True
1,Analytic,crossing,15.0,5,2.179526903110173,126.0,True
1,Analytic,crossing,15.0,6,3.093019523965023,50.0,True
1,Analytic,crossing,15.0,7,2.606033339465743,22.0,True
1,Analytic,crossing,15.0,8,2.746470691461765,100.0,True
1,Analytic,crossing,15.0,9,2.4630614274494613,84.0,True
1,Analytic,crossing,15.0,10,3.740214260972294,52.0,True
1,Analytic,crossing,15.0,11,3.505870564296617,17.0,True
1,Analytic,crossing,15.0,12,2.985295596024026,25.0,True
1,Analytic,crossing,15.0,13,3.2351342658705327,10.0,True
1,Analytic,crossing,15.0,14,2.0797711774618244,28.0,True
1,Analytic,crossing,15.0,15,2.213627961274879,101.0,True
1,Analytic,crossing,15.0,16,3.144508148369687,91.0,True
1,Analytic,crossing,15.0,17,2.9881120308103166,93.0,True
1,Analytic,crossing,15.0,18,2.5632541935388993,35.0,True
1,Analytic,crossing,15.0,19,2.19890147451001,45.0,True
1,Analytic,crossing,15.0,20,3.3076069943223274,90.0,True
1,Analytic,crossing,15.0,21,3.6813738515522862,18.0,True
1,Analytic,crossing,15.0,22,2.817241824029394,62.0,True
1,Analytic,crossing,15.0,23,2.4859795737196735,102.0,True
1,Analytic,crossing,15.0,24,2.93571511044951,26.0,True
1,Analytic,crossing,15.0,25,3.8993330462399465,63.0,True
1,Analytic,crossing,15.0,26,3.5484276941214357,76.0,True
1,Analytic,crossing,15.0,27,2.613169311453704,11.0,True
1,Analytic,crossing,15.0,28,2.6377123068290844,88.0,True
1,Analytic,crossing,15.0,29,3.5316195589865695,26.0,True
1,Analytic,crossing,15.0,30,2.7960027958381817,22.0,True
1,Analytic,crossing,15.0,31,2.81373073488458,77.0,True
1,Analytic,crossing,15.0,32,2.7529218357006173,101.0,True
1,Analytic,crossing,15.0,33,2.652038377880096,28.0,True
1,Analytic,crossing,15.0,34,2.623792971072272,65.0,True
1,Analytic,crossing,15.0,35,3.389660398682833,19.0,True
1,Analytic,crossing,15.0,36,2.722697211265112,49.0,True
1,Analytic,crossing,15.0,37,2.2362387456321184,67.0,True
1,Analytic,crossing,15.0,38,2.449860639359224,75.0,True
1,Analytic,crossing,15.0,39,2.571534646198816,22.0,True
1,Analytic,crossing,15.0,40,2.100446150580377,24.0,True
1,Analytic,crossing,15.0,41,2.9186133095238462,41.0,True
1,Analytic,crossing,15.0,42,2.3336458609149626,104.0,True
1,Analytic,crossing,15.0,43,2.122318600668263,122.0,True
1,Analytic,crossing,15.0,44,2.412573276297395,52.0,True
1,Analytic,crossing,15.0,45,2.942798771957209,60.0,True
1,Analytic,crossing,15.0,46,2.577358805721072,99.0,True
1,Analytic,crossing,15.0,47,3.263994926480229,36.0,True
1,Analytic,crossing,15.0,48,2.5661795179747053,52.0,True
1,Analytic,crossing,15.0,49,3.760422668137279,32.0,True
1,Analytic,crossing,20.0,0,3.118391570569181,59.0,True
1,Analytic,crossing,20.0,1,2.5128727743505497,18.0,True
1,Analytic,crossing,20.0,2,3.077637121450336,18.0,True
1,Analytic,crossing,20.0,3,3.245396284361509,95.0,True
1,Analytic,crossing,20.0,4,3.395532435335625,18.0,True
1,Analytic,crossing,20.0,5,2.179526903110173,125.0,True
1,Analytic,crossing,20.0,6,3.093019523965023,46.0,True
1,Analytic,crossing,20.0,7,2.606033339465743,17.0,True
1,Analytic,crossing,20.0,8,2.746470691461765,94.0,True
1,Analytic,crossing,20.0,9,2.4630614274494613,79.0,True
1,Analytic,crossing,20.0,10,3.740214260972294,50.0,True
1,Analytic,crossing,20.0,11,3.505870564296617,12.0,True
1,Analytic,crossing,20.0,12,2.985295596024026,21.0,True
1,Analytic,crossing,20.0,13,3.2351342658705327,6.0,True
1,Analytic,crossing,20.0,14,2.0797711774618244,21.0,True
1,Analytic,crossing,20.0,15,2.213627961274879,97.0,True
1,Analytic,crossing,20.0,16,3.144508148369687,88.0,True
1,Analytic,crossing,20.0,17,2.9881120308103166,87.0,True
1,Analytic,crossing,20.0,18,2.5632541935388993,31.0,True
1,Analytic,crossing,20.0,19,2.19890147451001,40.0,True
1,Analytic,crossing,20.0,20,3.3076069943223274,86.0,True
1,Analytic,crossing,20.0,21,3.6813738515522862,14.0,True
1,Analytic,crossing,20.0,22,2.817241824029394,57.0,True
1,Analytic,crossing,20.0,23,2.4859795737196735,100.0,True
1,Analytic,crossing,20.0,24,2.93571511044951,20.0,True
1,Analytic,crossing,20.0,25,3.8993330462399465,57.0,True
1,Analytic,crossing,20.0,26,3.5484276941214357,73.0,True
1,Analytic,crossing,20.0,27,2.613169311453704,7.0,True
1,Analytic,crossing,20.0,28,2.6377123068290844,86.0,True
1,Analytic,crossing,20.0,29,3.5316195589865695,19.0,True
1,Analytic,crossing,20.0,30,2.7960027958381817,19.0,True
1,Analytic,crossing,20.0,31,2.81373073488458,75.0,True
1,Analytic,crossing,20.0,32,2.7529218357006173,97.0,True
1,Analytic,crossing,20.0,33,2.652038377880096,23.0,True
1,Analytic,crossing,20.0,34,2.623792971072272,61.0,True
1,Analytic,crossing,20.0,35,3.389660398682833,14.0,True
1,Analytic,crossing,20.0,36,2.722697211265112,42.0,True
1,Analytic,crossing,20.0,37,2.2362387456321184,59.0,True
1,Analytic,crossing,20.0,38,2.449860639359224,72.0,True
1,Analytic,crossing,20.0,39,2.571534646198816,19.0,True
1,Analytic,crossing,20.0,40,2.100446150580377,20.0,True
1,Analytic,crossing,20.0,41,2.9186133095238462,39.0,True
1,Analytic,crossing,20.0,42,2.3336458609149626,99.0,True
1,Analytic,crossing,20.0,43,2.122318600668263,122.0,True
1,Analytic,crossing,20.0,44,2.412573276297395,47.0,True
1,Analytic,crossing,20.0,45,2.942798771957209,53.0,True
1,Analytic,crossing,20.0,46,2.577358805721072,93.0,True
1,Analytic,crossing,20.0,47,3.263994926480229,32.0,True
1,Analytic,crossing,20.0,48,2.5661795179747053,48.0,True
1,Analytic,crossing,20.0,49,3.760422668137279,28.0,True
1,LSTM,buffer,5.0,0,3.118391570569181,65.0,True
1,LSTM,buffer,5.0,1,2.5128727743505497,61.0,True
1,LSTM,buffer,5.0,2,3.077637121450336,,False
1,LSTM,buffer,5.0,3,3.245396284361509,105.0,True
1,LSTM,buffer,5.0,4,3.395532435335625,30.0,True
1,LSTM,buffer,5.0,5,2.179526903110173,127.0,True
1,LSTM,buffer,5.0,6,3.093019523965023,57.0,True
1,LSTM,buffer,5.0,7,2.606033339465743,,False
1,LSTM,buffer,5.0,8,2.746470691461765,112.0,True
1,LSTM,buffer,5.0,9,2.4630614274494613,87.0,True
1,LSTM,buffer,5.0,10,3.740214260972294,,False
1,LSTM,buffer,5.0,11,3.505870564296617,,False
1,LSTM,buffer,5.0,12,2.985295596024026,37.0,True
1,LSTM,buffer,5.0,13,3.2351342658705327,19.0,True
1,LSTM,buffer,5.0,14,2.0797711774618244,35.0,True
1,LSTM,buffer,5.0,15,2.213627961274879,110.0,True
1,LSTM,buffer,5.0,16,3.144508148369687,,False
1,LSTM,buffer,5.0,17,2.9881120308103166,,False
1,LSTM,buffer,5.0,18,2.5632541935388993,43.0,True
1,LSTM,buffer,5.0,19,2.19890147451001,53.0,True
1,LSTM,buffer,5.0,20,3.3076069943223274,99.0,True
1,LSTM,buffer,5.0,21,3.6813738515522862,,False
1,LSTM,buffer,5.0,22,2.817241824029394,,False
1,LSTM,buffer,5.0,23,2.4859795737196735,106.0,True
1,LSTM,buffer,5.0,24,2.93571511044951,,False
1,LSTM,buffer,5.0,25,3.8993330462399465,,False
1,LSTM,buffer,5.0,26,3.5484276941214357,,False
1,LSTM,buffer,5.0,27,2.613169311453704,19.0,True
1,LSTM,buffer,5.0,28,2.6377123068290844,91.0,True
1,LSTM,buffer,5.0,29,3.5316195589865695,35.0,True
1,LSTM,buffer,5.0,30,2.7960027958381817,32.0,True
1,LSTM,buffer,5.0,31,2.81373073488458,81.0,True
1,LSTM,buffer,5.0,32,2.7529218357006173,114.0,True
1,LSTM,buffer,5.0,33,2.652038377880096,35.0,True
1,LSTM,buffer,5.0,34,2.623792971072272,68.0,True
1,LSTM,buffer,5.0,35,3.389660398682833,28.0,True
1,LSTM,buffer,5.0,36,2.722697211265112,51.0,True
1,LSTM,buffer,5.0,37,2.2362387456321184,70.0,True
1,LSTM,buffer,5.0,38,2.449860639359224,86.0,True
1,LSTM,buffer,5.0,39,2.571534646198816,29.0,True
1,LSTM,buffer,5.0,40,2.100446150580377,55.0,True
1,LSTM,buffer,5.0,41,2.9186133095238462,44.0,True
1,LSTM,buffer,5.0,42,2.3336458609149626,110.0,True
1,LSTM,buffer,5.0,43,2.122318600668263,123.0,True
1,LSTM,buffer,5.0,44,2.412573276297395,57.0,True
1,LSTM,buffer,5.0,45,2.942798771957209,,False
1,LSTM,buffer,5.0,46,2.577358805721072,109.0,True
1,LSTM,buffer,5.0,47,3.263994926480229,74.0,True
1,LSTM,buffer,5.0,48,2.5661795179747053,56.0,True
1,LSTM,buffer,5.0,49,3.760422668137279,,False
1,LSTM,buffer,10.0,0,3.118391570569181,62.0,True
1,LSTM,buffer,10.0,1,2.5128727743505497,25.0,True
1,LSTM,buffer,10.0,2,3.077637121450336,26.0,True
1,LSTM,buffer,10.0,3,3.245396284361509,102.0,True
1,LSTM,buffer,10.0,4,3.395532435335625,25.0,True
1,LSTM,buffer,10.0,5,2.179526903110173,125.0,True
1,LSTM,buffer,10.0,6,3.093019523965023,54.0,True
1,LSTM,buffer,10.0,7,2.606033339465743,25.0,True
1,LSTM,buffer,10.0,8,2.746470691461765,104.0,True
1,LSTM,buffer,10.0,9,2.4630614274494613,85.0,True
1,LSTM,buffer,10.0,10,3.740214260972294,58.0,True
1,LSTM,buffer,10.0,11,3.505870564296617,21.0,True
1,LSTM,buffer,10.0,12,2.985295596024026,30.0,True
1,LSTM,buffer,10.0,13,3.2351342658705327,14.0,True
1,LSTM,buffer,10.0,14,2.0797711774618244,31.0,True
1,LSTM,buffer,10.0,15,2.213627961274879,107.0,True
1,LSTM,buffer,10.0,16,3.144508148369687,96.0,True
1,LSTM,buffer,10.0,17,2.9881120308103166,98.0,True
1,LSTM,buffer,10.0,18,2.5632541935388993,38.0,True
1,LSTM,buffer,10.0,19,2.19890147451001,49.0,True
1,LSTM,buffer,10.0,20,3.3076069943223274,93.0,True
1,LSTM,buffer,10.0,21,3.6813738515522862,21.0,True
1,LSTM,buffer,10.0,22,2.817241824029394,,False
1,LSTM,buffer,10.0,23,2.4859795737196735,104.0,True
1,LSTM,buffer,10.0,24,2.93571511044951,30.0,True
1,LSTM,buffer,10.0,25,3.8993330462399465,66.0,True
1,LSTM,buffer,10.0,26,3.5484276941214357,80.0,True
1,LSTM,buffer,10.0,27,2.613169311453704,15.0,True
1,LSTM,buffer,10.0,28,2.6377123068290844,88.0,True
1,LSTM,buffer,10.0,29,3.5316195589865695,30.0,True
1,LSTM,buffer,10.0,30,2.7960027958381817,24.0,True
1,LSTM,buffer,10.0,31,2.81373073488458,79.0,True
1,LSTM,buffer,10.0,32,2.7529218357006173,105.0,True
1,LSTM,buffer,10.0,33,2.652038377880096,30.0,True
1,LSTM,buffer,10.0,34,2.623792971072272,65.0,True
1,LSTM,buffer,10.0,35,3.389660398682833,23.0,True
1,LSTM,buffer,10.0,36,2.722697211265112,49.0,True
1,LSTM,buffer,10.0,37,2.2362387456321184,68.0,True
1,LSTM,buffer,10.0,38,2.449860639359224,80.0,True
1,LSTM,buffer,10.0,39,2.571534646198816,26.0,True
1,LSTM,buffer,10.0,40,2.100446150580377,25.0,True
1,LSTM,buffer,10.0,41,2.9186133095238462,41.0,True
1,LSTM,buffer,10.0,42,2.3336458609149626,107.0,True
1,LSTM,buffer,10.0,43,2.122318600668263,121.0,True
1,LSTM,buffer,10.0,44,2.412573276297395,53.0,True
1,LSTM,buffer,10.0,45,2.942798771957209,63.0,True
1,LSTM,buffer,10.0,46,2.577358805721072,102.0,True
1,LSTM,buffer,10.0,47,3.263994926480229,39.0,True
1,LSTM,buffer,10.0,48,2.5661795179747053,53.0,True
1,LSTM,buffer,10.0,49,3.760422668137279,36.0,True
1,LSTM,buffer,15.0,0,3.118391570569181,60.0,True
1,LSTM,buffer,15.0,1,2.5128727743505497,22.0,True
1,LSTM,buffer,15.0,2,3.077637121450336,23.0,True
1,LSTM,buffer,15.0,3,3.245396284361509,98.0,True
1,LSTM,buffer,15.0,4,3.395532435335625,22.0,True
1,LSTM,buffer,15.0,5,2.179526903110173,125.0,True
1,LSTM,buffer,15.0,6,3.093019523965023,49.0,True
1,LSTM,buffer,15.0,7,2.606033339465743,20.0,True
1,LSTM,buffer,15.0,8,2.746470691461765,99.0,True
1,LSTM,buffer,15.0,9,2.4630614274494613,84.0,True
1,LSTM,buffer,15.0,10,3.740214260972294,52.0,True
1,LSTM,buffer,15.0,11,3.505870564296617,16.0,True
1,LSTM,buffer,15.0,12,2.985295596024026,25.0,True
1,LSTM,buffer,15.0,13,3.2351342658705327,9.0,True
1,LSTM,buffer,15.0,14,2.0797711774618244,27.0,True
1,LSTM,buffer,15.0,15,2.213627961274879,101.0,True
1,LSTM,buffer,15.0,16,3.144508148369687,92.0,True
1,LSTM,buffer,15.0,17,2.9881120308103166,91.0,True
1,LSTM,buffer,15.0,18,2.5632541935388993,34.0,True
1,LSTM,buffer,15.0,19,2.19890147451001,45.0,True
1,LSTM,buffer,15.0,20,3.3076069943223274,90.0,True
1,LSTM,buffer,15.0,21,3.6813738515522862,17.0,True
1,LSTM,buffer,15.0,22,2.817241824029394,,False
1,LSTM,buffer,15.0,23,2.4859795737196735,104.0,True
1,LSTM,buffer,15.0,24,2.93571511044951,25.0,True
1,LSTM,buffer,15.0,25,3.8993330462399465,66.0,True
1,LSTM,buffer,15.0,26,3.5484276941214357,75.0,True
1,LSTM,buffer,15.0,27,2.613169311453704,12.0,True
1,LSTM,buffer,15.0,28,2.6377123068290844,87.0,True
1,LSTM,buffer,15.0,29,3.5316195589865695,25.0,True
1,LSTM,buffer,15.0,30,2.7960027958381817,20.0,True
1,LSTM,buffer,15.0,31,2.81373073488458,78.0,True
1,LSTM,buffer,15.0,32,2.7529218357006173,100.0,True
1,LSTM,buffer,15.0,33,2.652038377880096,27.0,True
1,LSTM,buffer,15.0,34,2.623792971072272,65.0,True
1,LSTM,buffer,15.0,35,3.389660398682833,17.0,True
1,LSTM,buffer,15.0,36,2.722697211265112,49.0,True
1,LSTM,buffer,15.0,37,2.2362387456321184,68.0,True
1,LSTM,buffer,15.0,38,2.449860639359224,75.0,True
1,LSTM,buffer,15.0,39,2.571534646198816,20.0,True
1,LSTM,buffer,15.0,40,2.100446150580377,22.0,True
1,LSTM,buffer,15.0,41,2.9186133095238462,41.0,True
1,LSTM,buffer,15.0,42,2.3336458609149626,103.0,True
1,LSTM,buffer,15.0,43,2.122318600668263,121.0,True
1,LSTM,buffer,15.0,44,2.412573276297395,51.0,True
1,LSTM,buffer,15.0,45,2.942798771957209,58.0,True
1,LSTM,buffer,15.0,46,2.577358805721072,99.0,True
1,LSTM,buffer,15.0,47,3.263994926480229,36.0,True
1,LSTM,buffer,15.0,48,2.5661795179747053,52.0,True
1,LSTM,buffer,15.0,49,3.760422668137279,31.0,True
1,LSTM,buffer,20.0,0,3.118391570569181,60.0,True
1,LSTM,buffer,20.0,1,2.5128727743505497,19.0,True
1,LSTM,buffer,20.0,2,3.077637121450336,16.0,True
1,LSTM,buffer,20.0,3,3.245396284361509,95.0,True
1,LSTM,buffer,20.0,4,3.395532435335625,18.0,True
1,LSTM,buffer,20.0,5,2.179526903110173,125.0,True
1,LSTM,buffer,20.0,6,3.093019523965023,45.0,True
1,LSTM,buffer,20.0,7,2.606033339465743,16.0,True
1,LSTM,buffer,20.0,8,2.746470691461765,94.0,True
1,LSTM,buffer,20.0,9,2.4630614274494613,79.0,True
1,LSTM,buffer,20.0,10,3.740214260972294,51.0,True
1,LSTM,buffer,20.0,11,3.505870564296617,11.0,True
1,LSTM,buffer,20.0,12,2.985295596024026,22.0,True
1,LSTM,buffer,20.0,13,3.2351342658705327,6.0,True
1,LSTM,buffer,20.0,14,2.0797711774618244,21.0,True
1,LSTM,buffer,20.0,15,2.213627961274879,97.0,True
1,LSTM,buffer,20.0,16,3.144508148369687,88.0,True
1,LSTM,buffer,20.0,17,2.9881120308103166,88.0,True
1,LSTM,buffer,20.0,18,2.5632541935388993,30.0,True
1,LSTM,buffer,20.0,19,2.19890147451001,40.0,True
1,LSTM,buffer,20.0,20,3.3076069943223274,86.0,True
1,LSTM,buffer,20.0,21,3.6813738515522862,14.0,True
1,LSTM,buffer,20.0,22,2.817241824029394,,False
1,LSTM,buffer,20.0,23,2.4859795737196735,104.0,True
1,LSTM,buffer,20.0,24,2.93571511044951,23.0,True
1,LSTM,buffer,20.0,25,3.8993330462399465,66.0,True
1,LSTM,buffer,20.0,26,3.5484276941214357,73.0,True
1,LSTM,buffer,20.0,27,2.613169311453704,9.0,True
1,LSTM,buffer,20.0,28,2.6377123068290844,87.0,True
1,LSTM,buffer,20.0,29,3.5316195589865695,19.0,True
1,LSTM,buffer,20.0,30,2.7960027958381817,17.0,True
1,LSTM,buffer,20.0,31,2.81373073488458,77.0,True
1,LSTM,buffer,20.0,32,2.7529218357006173,97.0,True
1,LSTM,buffer,20.0,33,2.652038377880096,23.0,True
1,LSTM,buffer,20.0,34,2.623792971072272,59.0,True
1,LSTM,buffer,20.0,35,3.389660398682833,14.0,True
1,LSTM,buffer,20.0,36,2.722697211265112,49.0,True
1,LSTM,buffer,20.0,37,2.2362387456321184,68.0,True
1,LSTM,buffer,20.0,38,2.449860639359224,71.0,True
1,LSTM,buffer,20.0,39,2.571534646198816,16.0,True
1,LSTM,buffer,20.0,40,2.100446150580377,17.0,True
1,LSTM,buffer,20.0,41,2.9186133095238462,41.0,True
1,LSTM,buffer,20.0,42,2.3336458609149626,99.0,True
1,LSTM,buffer,20.0,43,2.122318600668263,121.0,True
1,LSTM,buffer,20.0,44,2.412573276297395,46.0,True
1,LSTM,buffer,20.0,45,2.942798771957209,53.0,True
1,LSTM,buffer,20.0,46,2.577358805721072,94.0,True
1,LSTM,buffer,20.0,47,3.263994926480229,32.0,True
1,LSTM,buffer,20.0,48,2.5661795179747053,50.0,True
1,LSTM,buffer,20.0,49,3.760422668137279,26.0,True
1,LSTM,crossing,5.0,0,3.118391570569181,,False
1,LSTM,crossing,5.0,1,2.5128727743505497,63.0,True
1,LSTM,crossing,5.0,2,3.077637121450336,,False
1,LSTM,crossing,5.0,3,3.245396284361509,,False
1,LSTM,crossing,5.0,4,3.395532435335625,,False
1,LSTM,crossing,5.0,5,2.179526903110173,,False
1,LSTM,crossing,5.0,6,3.093019523965023,,False
1,LSTM,crossing,5.0,7,2.606033339465743,,False
1,LSTM,crossing,5.0,8,2.746470691461765,,False
1,LSTM,crossing,5.0,9,2.4630614274494613,,False
1,LSTM,crossing,5.0,10,3.740214260972294,,False
1,LSTM,crossing,5.0,11,3.505870564296617,,False
1,LSTM,crossing,5.0,12,2.985295596024026,,False
1,LSTM,crossing,5.0,13,3.2351342658705327,,False
1,LSTM,crossing,5.0,14,2.0797711774618244,,False
1,LSTM,crossing,5.0,15,2.213627961274879,,False
1,LSTM,crossing,5.0,16,3.144508148369687,,False
1,LSTM,crossing,5.0,17,2.9881120308103166,,False
1,LSTM,crossing,5.0,18,2.5632541935388993,,False
1,LSTM,crossing,5.0,19,2.19890147451001,,False
1,LSTM,crossing,5.0,20,3.3076069943223274,,False
1,LSTM,crossing,5.0,21,3.6813738515522862,,False
1,LSTM,crossing,5.0,22,2.817241824029394,,False
1,LSTM,crossing,5.0,23,2.4859795737196735,,False
1,LSTM,crossing,5.0,24,2.93571511044951,,False
1,LSTM,crossing,5.0,25,3.8993330462399465,,False
1,LSTM,crossing,5.0,26,3.5484276941214357,,False
1,LSTM,crossing,5.0,27,2.613169311453704,,False
1,LSTM,crossing,5.0,28,2.6377123068290844,,False
1,LSTM,crossing,5.0,29,3.5316195589865695,,False
1,LSTM,crossing,5.0,30,2.7960027958381817,,False
1,LSTM,crossing,5.0,31,2.81373073488458,,False
1,LSTM,crossing,5.0,32,2.7529218357006173,,False
1,LSTM,crossing,5.0,33,2.652038377880096,,False
1,LSTM,crossing,5.0,34,2.623792971072272,,False
1,LSTM,crossing,5.0,35,3.389660398682833,,False
1,LSTM,crossing,5.0,36,2.722697211265112,,False
1,LSTM,crossing,5.0,37,2.2362387456321184,,False
1,LSTM,crossing,5.0,38,2.449860639359224,,False
1,LSTM,crossing,5.0,39,2.571534646198816,,False
1,LSTM,crossing,5.0,40,2.100446150580377,,False
1,LSTM,crossing,5.0,41,2.9186133095238462,,False
1,LSTM,crossing,5.0,42,2.3336458609149626,,False
1,LSTM,crossing,5.0,43,2.122318600668263,126.0,True
1,LSTM,crossing,5.0,44,2.412573276297395,,False
1,LSTM,crossing,5.0,45,2.942798771957209,,False
1,LSTM,crossing,5.0,46,2.577358805721072,,False
1,LSTM,crossing,5.0,47,3.263994926480229,,False
1,LSTM,crossing,5.0,48,2.5661795179747053,,False
1,LSTM,crossing,5.0,49,3.760422668137279,,False
1,LSTM,crossing,10.0,0,3.118391570569181,64.0,True
1,LSTM,crossing,10.0,1,2.5128727743505497,28.0,True
1,LSTM,crossing,10.0,2,3.077637121450336,,False
1,LSTM,crossing,10.0,3,3.245396284361509,104.0,True
1,LSTM,crossing,10.0,4,3.395532435335625,28.0,True
1,LSTM,crossing,10.0,5,2.179526903110173,126.0,True
1,LSTM,crossing,10.0,6,3.093019523965023,55.0,True
1,LSTM,crossing,10.0,7,2.606033339465743,27.0,True
1,LSTM,crossing,10.0,8,2.746470691461765,107.0,True
1,LSTM,crossing,10.0,9,2.4630614274494613,85.0,True
1,LSTM,crossing,10.0,10,3.740214260972294,,False
1,LSTM,crossing,10.0,11,3.505870564296617,23.0,True
1,LSTM,crossing,10.0,12,2.985295596024026,32.0,True
1,LSTM,crossing,10.0,13,3.2351342658705327,16.0,True
1,LSTM,crossing,10.0,14,2.0797711774618244,33.0,True
1,LSTM,crossing,10.0,15,2.213627961274879,108.0,True
1,LSTM,crossing,10.0,16,3.144508148369687,102.0,True
1,LSTM,crossing,10.0,17,2.9881120308103166,,False
1,LSTM,crossing,10.0,18,2.5632541935388993,40.0,True
1,LSTM,crossing,10.0,19,2.19890147451001,52.0,True
1,LSTM,crossing,10.0,20,3.3076069943223274,96.0,True
1,LSTM,crossing,10.0,21,3.6813738515522862,23.0,True
1,LSTM,crossing,10.0,22,2.817241824029394,,False
1,LSTM,crossing,10.0,23,2.4859795737196735,106.0,True
1,LSTM,crossing,10.0,24,2.93571511044951,33.0,True
1,LSTM,crossing,10.0,25,3.8993330462399465,,False
1,LSTM,crossing,10.0,26,3.5484276941214357,82.0,True
1,LSTM,crossing,10.0,27,2.613169311453704,18.0,True
1,LSTM,crossing,10.0,28,2.6377123068290844,89.0,True
1,LSTM,crossing,10.0,29,3.5316195589865695,34.0,True
1,LSTM,crossing,10.0,30,2.7960027958381817,29.0,True
1,LSTM,crossing,10.0,31,2.81373073488458,80.0,True
1,LSTM,crossing,10.0,32,2.7529218357006173,109.0,True
1,LSTM,crossing,10.0,33,2.652038377880096,33.0,True
1,LSTM,crossing,10.0,34,2.623792971072272,67.0,True
1,LSTM,crossing,10.0,35,3.389660398682833,25.0,True
1,LSTM,crossing,10.0,36,2.722697211265112,50.0,True
1,LSTM,crossing,10.0,37,2.2362387456321184,69.0,True
1,LSTM,crossing,10.0,38,2.449860639359224,81.0,True
1,LSTM,crossing,10.0,39,2.571534646198816,28.0,True
1,LSTM,crossing,10.0,40,2.100446150580377,30.0,True
1,LSTM,crossing,10.0,41,2.9186133095238462,42.0,True
1,LSTM,crossing,10.0,42,2.3336458609149626,109.0,True
1,LSTM,crossing,10.0,43,2.122318600668263,122.0,True
1,LSTM,crossing,10.0,44,2.412573276297395,56.0,True
1,LSTM,crossing,10.0,45,2.942798771957209,,False
1,LSTM,crossing,10.0,46,2.577358805721072,108.0,True
1,LSTM,crossing,10.0,47,3.263994926480229,43.0,True
1,LSTM,crossing,10.0,48,2.5661795179747053,54.0,True
1,LSTM,crossing,10.0,49,3.760422668137279,38.0,True
1,LSTM,crossing,15.0,0,3.118391570569181,62.0,True
1,LSTM,crossing,15.0,1,2.5128727743505497,24.0,True
1,LSTM,crossing,15.0,2,3.077637121450336,24.0,True
1,LSTM,crossing,15.0,3,3.245396284361509,101.0,True
1,LSTM,crossing,15.0,4,3.395532435335625,23.0,True
1,LSTM,crossing,15.0,5,2.179526903110173,125.0,True
1,LSTM,crossing,15.0,6,3.093019523965023,53.0,True
1,LSTM,crossing,15.0,7,2.606033339465743,23.0,True
1,LSTM,crossing,15.0,8,2.746470691461765,101.0,True
1,LSTM,crossing,15.0,9,2.4630614274494613,85.0,True
1,LSTM,crossing,15.0,10,3.740214260972294,,False
1,LSTM,crossing,15.0,11,3.505870564296617,19.0,True
1,LSTM,crossing,15.0,12,2.985295596024026,27.0,True
1,LSTM,crossing,15.0,13,3.2351342658705327,11.0,True
1,LSTM,crossing,15.0,14,2.0797711774618244,29.0,True
1,LSTM,crossing,15.0,15,2.213627961274879,105.0,True
1,LSTM,crossing,15.0,16,3.144508148369687,95.0,True
1,LSTM,crossing,15.0,17,2.9881120308103166,,False
1,LSTM,crossing,15.0,18,2.5632541935388993,35.0,True
1,LSTM,crossing,15.0,19,2.19890147451001,49.0,True
1,LSTM,crossing,15.0,20,3.3076069943223274,92.0,True
1,LSTM,crossing,15.0,21,3.6813738515522862,19.0,True
1,LSTM,crossing,15.0,22,2.817241824029394,,False
1,LSTM,crossing,15.0,23,2.4859795737196735,105.0,True
1,LSTM,crossing,15.0,24,2.93571511044951,28.0,True
1,LSTM,crossing,15.0,25,3.8993330462399465,,False
1,LSTM,crossing,15.0,26,3.5484276941214357,76.0,True
1,LSTM,crossing,15.0,27,2.613169311453704,12.0,True
1,LSTM,crossing,15.0,28,2.6377123068290844,88.0,True
1,LSTM,crossing,15.0,29,3.5316195589865695,28.0,True
1,LSTM,crossing,15.0,30,2.7960027958381817,23.0,True
1,LSTM,crossing,15.0,31,2.81373073488458,79.0,True
1,LSTM,crossing,15.0,32,2.7529218357006173,102.0,True
1,LSTM,crossing,15.0,33,2.652038377880096,29.0,True
1,LSTM,crossing,15.0,34,2.623792971072272,66.0,True
1,LSTM,crossing,15.0,35,3.389660398682833,20.0,True
1,LSTM,crossing,15.0,36,2.722697211265112,49.0,True
1,LSTM,crossing,15.0,37,2.2362387456321184,69.0,True
1,LSTM,crossing,15.0,38,2.449860639359224,76.0,True
1,LSTM,crossing,15.0,39,2.571534646198816,24.0,True
1,LSTM,crossing,15.0,40,2.100446150580377,24.0,True
1,LSTM,crossing,15.0,41,2.9186133095238462,42.0,True
1,LSTM,crossing,15.0,42,2.3336458609149626,106.0,True
1,LSTM,crossing,15.0,43,2.122318600668263,121.0,True
1,LSTM,crossing,15.0,44,2.412573276297395,53.0,True
1,LSTM,crossing,15.0,45,2.942798771957209,,False
1,LSTM,crossing,15.0,46,2.577358805721072,101.0,True
1,LSTM,crossing,15.0,47,3.263994926480229,37.0,True
1,LSTM,crossing,15.0,48,2.5661795179747053,53.0,True
1,LSTM,crossing,15.0,49,3.760422668137279,33.0,True
1,LSTM,crossing,20.0,0,3.118391570569181,62.0,True
1,LSTM,crossing,20.0,1,2.5128727743505497,21.0,True
1,LSTM,crossing,20.0,2,3.077637121450336,17.0,True
1,LSTM,crossing,20.0,3,3.245396284361509,96.0,True
1,LSTM,crossing,20.0,4,3.395532435335625,21.0,True
1,LSTM,crossing,20.0,5,2.179526903110173,125.0,True
1,LSTM,crossing,20.0,6,3.093019523965023,48.0,True
1,LSTM,crossing,20.0,7,2.606033339465743,19.0,True
1,LSTM,crossing,20.0,8,2.746470691461765,97.0,True
1,LSTM,crossing,20.0,9,2.4630614274494613,84.0,True
1,LSTM,crossing,20.0,10,3.740214260972294,52.0,True
1,LSTM,crossing,20.0,11,3.505870564296617,15.0,True
1,LSTM,crossing,20.0,12,2.985295596024026,23.0,True
1,LSTM,crossing,20.0,13,3.2351342658705327,6.0,True
1,LSTM,crossing,20.0,14,2.0797711774618244,25.0,True
1,LSTM,crossing,20.0,15,2.213627961274879,100.0,True
1,LSTM,crossing,20.0,16,3.144508148369687,89.0,True
1,LSTM,crossing,20.0,17,2.9881120308103166,92.0,True
1,LSTM,crossing,20.0,18,2.5632541935388993,33.0,True
1,LSTM,crossing,20.0,19,2.19890147451001,43.0,True
1,LSTM,crossing,20.0,20,3.3076069943223274,88.0,True
1,LSTM,crossing,20.0,21,3.6813738515522862,15.0,True
1,LSTM,crossing,20.0,22,2.817241824029394,,False
1,LSTM,crossing,20.0,23,2.4859795737196735,105.0,True
1,LSTM,crossing,20.0,24,2.93571511044951,25.0,True
1,LSTM,crossing,20.0,25,3.8993330462399465,,False
1,LSTM,crossing,20.0,26,3.5484276941214357,74.0,True
1,LSTM,crossing,20.0,27,2.613169311453704,12.0,True
1,LSTM,crossing,20.0,28,2.6377123068290844,87.0,True
1,LSTM,crossing,20.0,29,3.5316195589865695,24.0,True
1,LSTM,crossing,20.0,30,2.7960027958381817,18.0,True
1,LSTM,crossing,20.0,31,2.81373073488458,78.0,True
1,LSTM,crossing,20.0,32,2.7529218357006173,100.0,True
1,LSTM,crossing,20.0,33,2.652038377880096,26.0,True
1,LSTM,crossing,20.0,34,2.623792971072272,66.0,True
1,LSTM,crossing,20.0,35,3.389660398682833,16.0,True
1,LSTM,crossing,20.0,36,2.722697211265112,49.0,True
1,LSTM,crossing,20.0,37,2.2362387456321184,69.0,True
1,LSTM,crossing,20.0,38,2.449860639359224,72.0,True
1,LSTM,crossing,20.0,39,2.571534646198816,19.0,True
1,LSTM,crossing,20.0,40,2.100446150580377,20.0,True
1,LSTM,crossing,20.0,41,2.9186133095238462,42.0,True
1,LSTM,crossing,20.0,42,2.3336458609149626,102.0,True
1,LSTM,crossing,20.0,43,2.122318600668263,121.0,True
1,LSTM,crossing,20.0,44,2.412573276297395,50.0,True
1,LSTM,crossing,20.0,45,2.942798771957209,58.0,True
1,LSTM,crossing,20.0,46,2.577358805721072,96.0,True
1,LSTM,crossing,20.0,47,3.263994926480229,33.0,True
1,LSTM,crossing,20.0,48,2.5661795179747053,53.0,True
1,LSTM,crossing,20.0,49,3.760422668137279,29.0,True
1,ConstVel,buffer,5.0,0,3.118391570569181,65.0,True
1,ConstVel,buffer,5.0,1,2.5128727743505497,61.0,True
1,ConstVel,buffer,5.0,2,3.077637121450336,36.0,True
1,ConstVel,buffer,5.0,3,3.245396284361509,105.0,True
1,ConstVel,buffer,5.0,4,3.395532435335625,30.0,True
1,ConstVel,buffer,5.0,5,2.179526903110173,127.0,True
1,ConstVel,buffer,5.0,6,3.093019523965023,55.0,True
1,ConstVel,buffer,5.0,7,2.606033339465743,38.0,True
1,ConstVel,buffer,5.0,8,2.746470691461765,112.0,True
1,ConstVel,buffer,5.0,9,2.4630614274494613,86.0,True
1,ConstVel,buffer,5.0,10,3.740214260972294,,False
1,ConstVel,buffer,5.0,11,3.505870564296617,29.0,True
1,ConstVel,buffer,5.0,12,2.985295596024026,36.0,True
1,ConstVel,buffer,5.0,13,3.2351342658705327,19.0,True
1,ConstVel,buffer,5.0,14,2.0797711774618244,34.0,True
1,ConstVel,buffer,5.0,15,2.213627961274879,110.0,True
1,ConstVel,buffer,5.0,16,3.144508148369687,105.0,True
1,ConstVel,buffer,5.0,17,2.9881120308103166,,False
1,ConstVel,buffer,5.0,18,2.5632541935388993,43.0,True
1,ConstVel,buffer,5.0,19,2.19890147451001,53.0,True
1,ConstVel,buffer,5.0,20,3.3076069943223274,99.0,True
1,ConstVel,buffer,5.0,21,3.6813738515522862,,False
1,ConstVel,buffer,5.0,22,2.817241824029394,,False
1,ConstVel,buffer,5.0,23,2.4859795737196735,105.0,True
1,ConstVel,buffer,5.0,24,2.93571511044951,37.0,True
1,ConstVel,buffer,5.0,25,3.8993330462399465,,False
1,ConstVel,buffer,5.0,26,3.5484276941214357,,False
1,ConstVel,buffer,5.0,27,2.613169311453704,19.0,True
1,ConstVel,buffer,5.0,28,2.6377123068290844,90.0,True
1,ConstVel,buffer,5.0,29,3.5316195589865695,35.0,True
1,ConstVel,buffer,5.0,30,2.7960027958381817,32.0,True
1,ConstVel,buffer,5.0,31,2.81373073488458,81.0,True
1,ConstVel,buffer,5.0,32,2.7529218357006173,114.0,True
1,ConstVel,buffer,5.0,33,2.652038377880096,35.0,True
1,ConstVel,buffer,5.0,34,2.623792971072272,67.0,True
1,ConstVel,buffer,5.0,35,3.389660398682833,28.0,True
1,ConstVel,buffer,5.0,36,2.722697211265112,50.0,True
1,ConstVel,buffer,5.0,37,2.2362387456321184,69.0,True
1,ConstVel,buffer,5.0,38,2.449860639359224,85.0,True
1,ConstVel,buffer,5.0,39,2.571534646198816,29.0,True
1,ConstVel,buffer,5.0,40,2.100446150580377,55.0,True
1,ConstVel,buffer,5.0,41,2.9186133095238462,44.0,True
1,ConstVel,buffer,5.0,42,2.3336458609149626,109.0,True
1,ConstVel,buffer,5.0,43,2.122318600668263,123.0,True
1,ConstVel,buffer,5.0,44,2.412573276297395,57.0,True
1,ConstVel,buffer,5.0,45,2.942798771957209,,False
1,ConstVel,buffer,5.0,46,2.577358805721072,109.0,True
1,ConstVel,buffer,5.0,47,3.263994926480229,74.0,True
1,ConstVel,buffer,5.0,48,2.5661795179747053,57.0,True
1,ConstVel,buffer,5.0,49,3.760422668137279,,False
1,ConstVel,buffer,10.0,0,3.118391570569181,62.0,True
1,ConstVel,buffer,10.0,1,2.5128727743505497,25.0,True
1,ConstVel,buffer,10.0,2,3.077637121450336,26.0,True
1,ConstVel,buffer,10.0,3,3.245396284361509,102.0,True
1,ConstVel,buffer,10.0,4,3.395532435335625,25.0,True
1,ConstVel,buffer,10.0,5,2.179526903110173,125.0,True
1,ConstVel,buffer,10.0,6,3.093019523965023,53.0,True
1,ConstVel,buffer,10.0,7,2.606033339465743,25.0,True
1,ConstVel,buffer,10.0,8,2.746470691461765,102.0,True
1,ConstVel,buffer,10.0,9,2.4630614274494613,84.0,True
1,ConstVel,buffer,10.0,10,3.740214260972294,52.0,True
1,ConstVel,buffer,10.0,11,3.505870564296617,20.0,True
1,ConstVel,buffer,10.0,12,2.985295596024026,27.0,True
1,ConstVel,buffer,10.0,13,3.2351342658705327,14.0,True
1,ConstVel,buffer,10.0,14,2.0797711774618244,30.0,True
1,ConstVel,buffer,10.0,15,2.213627961274879,107.0,True
1,ConstVel,buffer,10.0,16,3.144508148369687,95.0,True
1,ConstVel,buffer,10.0,17,2.9881120308103166,93.0,True
1,ConstVel,buffer,10.0,18,2.5632541935388993,38.0,True
1,ConstVel,buffer,10.0,19,2.19890147451001,49.0,True
1,ConstVel,buffer,10.0,20,3.3076069943223274,93.0,True
1,ConstVel,buffer,10.0,21,3.6813738515522862,20.0,True
1,ConstVel,buffer,10.0,22,2.817241824029394,62.0,True
1,ConstVel,buffer,10.0,23,2.4859795737196735,102.0,True
1,ConstVel,buffer,10.0,24,2.93571511044951,28.0,True
1,ConstVel,buffer,10.0,25,3.8993330462399465,64.0,True
1,ConstVel,buffer,10.0,26,3.5484276941214357,77.0,True
1,ConstVel,buffer,10.0,27,2.613169311453704,12.0,True
1,ConstVel,buffer,10.0,28,2.6377123068290844,87.0,True
1,ConstVel,buffer,10.0,29,3.5316195589865695,28.0,True
1,ConstVel,buffer,10.0,30,2.7960027958381817,23.0,True
1,ConstVel,buffer,10.0,31,2.81373073488458,79.0,True
1,ConstVel,buffer,10.0,32,2.7529218357006173,105.0,True
1,ConstVel,buffer,10.0,33,2.652038377880096,29.0,True
1,ConstVel,buffer,10.0,34,2.623792971072272,65.0,True
1,ConstVel,buffer,10.0,35,3.389660398682833,22.0,True
1,ConstVel,buffer,10.0,36,2.722697211265112,49.0,True
1,ConstVel,buffer,10.0,37,2.2362387456321184,68.0,True
1,ConstVel,buffer,10.0,38,2.449860639359224,76.0,True
1,ConstVel,buffer,10.0,39,2.571534646198816,27.0,True
1,ConstVel,buffer,10.0,40,2.100446150580377,25.0,True
1,ConstVel,buffer,10.0,41,2.9186133095238462,41.0,True
1,ConstVel,buffer,10.0,42,2.3336458609149626,103.0,True
1,ConstVel,buffer,10.0,43,2.122318600668263,121.0,True
1,ConstVel,buffer,10.0,44,2.412573276297395,53.0,True
1,ConstVel,buffer,10.0,45,2.942798771957209,60.0,True
1,ConstVel,buffer,10.0,46,2.577358805721072,102.0,True
1,ConstVel,buffer,10.0,47,3.263994926480229,39.0,True
1,ConstVel,buffer,10.0,48,2.5661795179747053,53.0,True
1,ConstVel,buffer,10.0,49,3.760422668137279,36.0,True
1,ConstVel,buffer,15.0,0,3.118391570569181,59.0,True
1,ConstVel,buffer,15.0,1,2.5128727743505497,21.0,True
1,ConstVel,buffer,15.0,2,3.077637121450336,23.0,True
1,ConstVel,buffer,15.0,3,3.245396284361509,96.0,True
1,ConstVel,buffer,15.0,4,3.395532435335625,21.0,True
1,ConstVel,buffer,15.0,5,2.179526903110173,125.0,True
1,ConstVel,buffer,15.0,6,3.093019523965023,48.0,True
1,ConstVel,buffer,15.0,7,2.606033339465743,19.0,True
1,ConstVel,buffer,15.0,8,2.746470691461765,96.0,True
1,ConstVel,buffer,15.0,9,2.4630614274494613,79.0,True
1,ConstVel,buffer,15.0,10,3.740214260972294,49.0,True
1,ConstVel,buffer,15.0,11,3.505870564296617,15.0,True
1,ConstVel,buffer,15.0,12,2.985295596024026,23.0,True
1,ConstVel,buffer,15.0,13,3.2351342658705327,6.0,True
1,ConstVel,buffer,15.0,14,2.0797711774618244,21.0,True
1,ConstVel,buffer,15.0,15,2.213627961274879,98.0,True
1,ConstVel,buffer,15.0,16,3.144508148369687,89.0,True
1,ConstVel,buffer,15.0,17,2.9881120308103166,87.0,True
1,ConstVel,buffer,15.0,18,2.5632541935388993,33.0,True
1,ConstVel,buffer,15.0,19,2.19890147451001,43.0,True
1,ConstVel,buffer,15.0,20,3.3076069943223274,86.0,True
1,ConstVel,buffer,15.0,21,3.6813738515522862,14.0,True
1,ConstVel,buffer,15.0,22,2.817241824029394,61.0,True
1,ConstVel,buffer,15.0,23,2.4859795737196735,99.0,True
1,ConstVel,buffer,15.0,24,2.93571511044951,24.0,True
1,ConstVel,buffer,15.0,25,3.8993330462399465,59.0,True
1,ConstVel,buffer,15.0,26,3.5484276941214357,74.0,True
1,ConstVel,buffer,15.0,27,2.613169311453704,8.0,True
1,ConstVel,buffer,15.0,28,2.6377123068290844,86.0,True
1,ConstVel,buffer,15.0,29,3.5316195589865695,23.0,True
1,ConstVel,buffer,15.0,30,2.7960027958381817,19.0,True
1,ConstVel,buffer,15.0,31,2.81373073488458,77.0,True
1,ConstVel,buffer,15.0,32,2.7529218357006173,97.0,True
1,ConstVel,buffer,15.0,33,2.652038377880096,24.0,True
1,ConstVel,buffer,15.0,34,2.623792971072272,65.0,True
1,ConstVel,buffer,15.0,35,3.389660398682833,16.0,True
1,ConstVel,buffer,15.0,36,2.722697211265112,48.0,True
1,ConstVel,buffer,15.0,37,2.2362387456321184,68.0,True
1,ConstVel,buffer,15.0,38,2.449860639359224,71.0,True
1,ConstVel,buffer,15.0,39,2.571534646198816,19.0,True
1,ConstVel,buffer,15.0,40,2.100446150580377,20.0,True
1,ConstVel,buffer,15.0,41,2.9186133095238462,41.0,True
1,ConstVel,buffer,15.0,42,2.3336458609149626,102.0,True
1,ConstVel,buffer,15.0,43,2.122318600668263,121.0,True
1,ConstVel,buffer,15.0,44,2.412573276297395,50.0,True
1,ConstVel,buffer,15.0,45,2.942798771957209,55.0,True
1,ConstVel,buffer,15.0,46,2.577358805721072,96.0,True
1,ConstVel,buffer,15.0,47,3.263994926480229,35.0,True
1,ConstVel,buffer,15.0,48,2.5661795179747053,48.0,True
1,ConstVel,buffer,15.0,49,3.760422668137279,31.0,True
1,ConstVel,buffer,20.0,0,3.118391570569181,55.0,True
1,ConstVel,buffer,20.0,1,2.5128727743505497,14.0,True
1,ConstVel,buffer,20.0,2,3.077637121450336,15.0,True
1,ConstVel,buffer,20.0,3,3.245396284361509,90.0,True
1,ConstVel,buffer,20.0,4,3.395532435335625,14.0,True
1,ConstVel,buffer,20.0,5,2.179526903110173,125.0,True
1,ConstVel,buffer,20.0,6,3.093019523965023,41.0,True
1,ConstVel,buffer,20.0,7,2.606033339465743,11.0,True
1,ConstVel,buffer,20.0,8,2.746470691461765,90.0,True
1,ConstVel,buffer,20.0,9,2.4630614274494613,68.0,True
1,ConstVel,buffer,20.0,10,3.740214260972294,48.0,True
1,ConstVel,buffer,20.0,11,3.505870564296617,11.0,True
1,ConstVel,buffer,20.0,12,2.985295596024026,17.0,True
1,ConstVel,buffer,20.0,13,3.2351342658705327,6.0,True
1,ConstVel,buffer,20.0,14,2.0797711774618244,18.0,True
1,ConstVel,buffer,20.0,15,2.213627961274879,95.0,True
1,ConstVel,buffer,20.0,16,3.144508148369687,87.0,True
1,ConstVel,buffer,20.0,17,2.9881120308103166,84.0,True
1,ConstVel,buffer,20.0,18,2.5632541935388993,26.0,True
1,ConstVel,buffer,20.0,19,2.19890147451001,39.0,True
1,ConstVel,buffer,20.0,20,3.3076069943223274,82.0,True
1,ConstVel,buffer,20.0,21,3.6813738515522862,13.0,True
1,ConstVel,buffer,20.0,22,2.817241824029394,47.0,True
1,ConstVel,buffer,20.0,23,2.4859795737196735,92.0,True
1,ConstVel,buffer,20.0,24,2.93571511044951,17.0,True
1,ConstVel,buffer,20.0,25,3.8993330462399465,49.0,True
1,ConstVel,buffer,20.0,26,3.5484276941214357,67.0,True
1,ConstVel,buffer,20.0,27,2.613169311453704,6.0,True
1,ConstVel,buffer,20.0,28,2.6377123068290844,62.0,True
1,ConstVel,buffer,20.0,29,3.5316195589865695,17.0,True
1,ConstVel,buffer,20.0,30,2.7960027958381817,16.0,True
1,ConstVel,buffer,20.0,31,2.81373073488458,77.0,True
1,ConstVel,buffer,20.0,32,2.7529218357006173,93.0,True
1,ConstVel,buffer,20.0,33,2.652038377880096,15.0,True
1,ConstVel,buffer,20.0,34,2.623792971072272,59.0,True
1,ConstVel,buffer,20.0,35,3.389660398682833,11.0,True
1,ConstVel,buffer,20.0,36,2.722697211265112,39.0,True
1,ConstVel,buffer,20.0,37,2.2362387456321184,68.0,True
1,ConstVel,buffer,20.0,38,2.449860639359224,71.0,True
1,ConstVel,buffer,20.0,39,2.571534646198816,16.0,True
1,ConstVel,buffer,20.0,40,2.100446150580377,16.0,True
1,ConstVel,buffer,20.0,41,2.9186133095238462,34.0,True
1,ConstVel,buffer,20.0,42,2.3336458609149626,95.0,True
1,ConstVel,buffer,20.0,43,2.122318600668263,121.0,True
1,ConstVel,buffer,20.0,44,2.412573276297395,42.0,True
1,ConstVel,buffer,20.0,45,2.942798771957209,49.0,True
1,ConstVel,buffer,20.0,46,2.577358805721072,89.0,True
1,ConstVel,buffer,20.0,47,3.263994926480229,28.0,True
1,ConstVel,buffer,20.0,48,2.5661795179747053,39.0,True
1,ConstVel,buffer,20.0,49,3.760422668137279,24.0,True
1,ConstVel,crossing,5.0,0,3.118391570569181,,False
1,ConstVel,crossing,5.0,1,2.5128727743505497,62.0,True
1,ConstVel,crossing,5.0,2,3.077637121450336,,False
1,ConstVel,crossing,5.0,3,3.245396284361509,,False
1,ConstVel,crossing,5.0,4,3.395532435335625,,False
1,ConstVel,crossing,5.0,5,2.179526903110173,,False
1,ConstVel,crossing,5.0,6,3.093019523965023,,False
1,ConstVel,crossing,5.0,7,2.606033339465743,,False
1,ConstVel,crossing,5.0,8,2.746470691461765,,False
1,ConstVel,crossing,5.0,9,2.4630614274494613,,False
1,ConstVel,crossing,5.0,10,3.740214260972294,,False
1,ConstVel,crossing,5.0,11,3.505870564296617,,False
1,ConstVel,crossing,5.0,12,2.985295596024026,,False
1,ConstVel,crossing,5.0,13,3.2351342658705327,,False
1,ConstVel,crossing,5.0,14,2.0797711774618244,36.0,True
1,ConstVel,crossing,5.0,15,2.213627961274879,,False
1,ConstVel,crossing,5.0,16,3.144508148369687,,False
1,ConstVel,crossing,5.0,17,2.9881120308103166,,False
1,ConstVel,crossing,5.0,18,2.5632541935388993,,False
1,ConstVel,crossing,5.0,19,2.19890147451001,,False
1,ConstVel,crossing,5.0,20,3.3076069943223274,,False
1,ConstVel,crossing,5.0,21,3.6813738515522862,,False
1,ConstVel,crossing,5.0,22,2.817241824029394,,False
1,ConstVel,crossing,5.0,23,2.4859795737196735,,False
1,ConstVel,crossing,5.0,24,2.93571511044951,,False
1,ConstVel,crossing,5.0,25,3.8993330462399465,,False
1,ConstVel,crossing,5.0,26,3.5484276941214357,,False
1,ConstVel,crossing,5.0,27,2.613169311453704,,False
1,ConstVel,crossing,5.0,28,2.6377123068290844,92.0,True
1,ConstVel,crossing,5.0,29,3.5316195589865695,,False
1,ConstVel,crossing,5.0,30,2.7960027958381817,,False
1,ConstVel,crossing,5.0,31,2.81373073488458,,False
1,ConstVel,crossing,5.0,32,2.7529218357006173,,False
1,ConstVel,crossing,5.0,33,2.652038377880096,,False
1,ConstVel,crossing,5.0,34,2.623792971072272,69.0,True
1,ConstVel,crossing,5.0,35,3.389660398682833,,False
1,ConstVel,crossing,5.0,36,2.722697211265112,,False
1,ConstVel,crossing,5.0,37,2.2362387456321184,,False
1,ConstVel,crossing,5.0,38,2.449860639359224,,False
1,ConstVel,crossing,5.0,39,2.571534646198816,,False
1,ConstVel,crossing,5.0,40,2.100446150580377,,False
1,ConstVel,crossing,5.0,41,2.9186133095238462,,False
1,ConstVel,crossing,5.0,42,2.3336458609149626,,False
1,ConstVel,crossing,5.0,43,2.122318600668263,124.0,True
1,ConstVel,crossing,5.0,44,2.412573276297395,,False
1,ConstVel,crossing,5.0,45,2.942798771957209,,False
1,ConstVel,crossing,5.0,46,2.577358805721072,,False
1,ConstVel,crossing,5.0,47,3.263994926480229,,False
1,ConstVel,crossing,5.0,48,2.5661795179747053,,False
1,ConstVel,crossing,5.0,49,3.760422668137279,,False
1,ConstVel,crossing,10.0,0,3.118391570569181,62.0,True
1,ConstVel,crossing,10.0,1,2.5128727743505497,27.0,True
1,ConstVel,crossing,10.0,2,3.077637121450336,33.0,True
1,ConstVel,crossing,10.0,3,3.245396284361509,103.0,True
1,ConstVel,crossing,10.0,4,3.395532435335625,26.0,True
1,ConstVel,crossing,10.0,5,2.179526903110173,125.0,True
1,ConstVel,crossing,10.0,6,3.093019523965023,54.0,True
1,ConstVel,crossing,10.0,7,2.606033339465743,27.0,True
1,ConstVel,crossing,10.0,8,2.746470691461765,107.0,True
1,ConstVel,crossing,10.0,9,2.4630614274494613,85.0,True
1,ConstVel,crossing,10.0,10,3.740214260972294,60.0,True
1,ConstVel,crossing,10.0,11,3.505870564296617,22.0,True
1,ConstVel,crossing,10.0,12,2.985295596024026,32.0,True
1,ConstVel,crossing,10.0,13,3.2351342658705327,16.0,True
1,ConstVel,crossing,10.0,14,2.0797711774618244,33.0,True
1,ConstVel,crossing,10.0,15,2.213627961274879,108.0,True
1,ConstVel,crossing,10.0,16,3.144508148369687,100.0,True
1,ConstVel,crossing,10.0,17,2.9881120308103166,98.0,True
1,ConstVel,crossing,10.0,18,2.5632541935388993,40.0,True
1,ConstVel,crossing,10.0,19,2.19890147451001,51.0,True
1,ConstVel,crossing,10.0,20,3.3076069943223274,93.0,True
1,ConstVel,crossing,10.0,21,3.6813738515522862,21.0,True
1,ConstVel,crossing,10.0,22,2.817241824029394,,False
1,ConstVel,crossing,10.0,23,2.4859795737196735,105.0,True
1,ConstVel,crossing,10.0,24,2.93571511044951,32.0,True
1,ConstVel,crossing,10.0,25,3.8993330462399465,,False
1,ConstVel,crossing,10.0,26,3.5484276941214357,82.0,True
1,ConstVel,crossing,10.0,27,2.613169311453704,17.0,True
1,ConstVel,crossing,10.0,28,2.6377123068290844,89.0,True
1,ConstVel,crossing,10.0,29,3.5316195589865695,32.0,True
1,ConstVel,crossing,10.0,30,2.7960027958381817,29.0,True
1,ConstVel,crossing,10.0,31,2.81373073488458,79.0,True
1,ConstVel,crossing,10.0,32,2.7529218357006173,109.0,True
1,ConstVel,crossing,10.0,33,2.652038377880096,32.0,True
1,ConstVel,crossing,10.0,34,2.623792971072272,65.0,True
1,ConstVel,crossing,10.0,35,3.389660398682833,25.0,True
1,ConstVel,crossing,10.0,36,2.722697211265112,49.0,True
1,ConstVel,crossing,10.0,37,2.2362387456321184,68.0,True
1,ConstVel,crossing,10.0,38,2.449860639359224,80.0,True
1,ConstVel,crossing,10.0,39,2.571534646198816,27.0,True
1,ConstVel,crossing,10.0,40,2.100446150580377,29.0,True
1,ConstVel,crossing,10.0,41,2.9186133095238462,41.0,True
1,ConstVel,crossing,10.0,42,2.3336458609149626,108.0,True
1,ConstVel,crossing,10.0,43,2.122318600668263,121.0,True
1,ConstVel,crossing,10.0,44,2.412573276297395,56.0,True
1,ConstVel,crossing,10.0,45,2.942798771957209,,False
1,ConstVel,crossing,10.0,46,2.577358805721072,104.0,True
1,ConstVel,crossing,10.0,47,3.263994926480229,43.0,True
1,ConstVel,crossing,10.0,48,2.5661795179747053,54.0,True
1,ConstVel,crossing,10.0,49,3.760422668137279,38.0,True
1,ConstVel,crossing,15.0,0,3.118391570569181,62.0,True
1,ConstVel,crossing,15.0,1,2.5128727743505497,23.0,True
1,ConstVel,crossing,15.0,2,3.077637121450336,24.0,True
1,ConstVel,crossing,15.0,3,3.245396284361509,96.0,True
1,ConstVel,crossing,15.0,4,3.395532435335625,22.0,True
1,ConstVel,crossing,15.0,5,2.179526903110173,125.0,True
1,ConstVel,crossing,15.0,6,3.093019523965023,49.0,True
1,ConstVel,crossing,15.0,7,2.606033339465743,22.0,True
1,ConstVel,crossing,15.0,8,2.746470691461765,100.0,True
1,ConstVel,crossing,15.0,9,2.4630614274494613,84.0,True
1,ConstVel,crossing,15.0,10,3.740214260972294,52.0,True
1,ConstVel,crossing,15.0,11,3.505870564296617,15.0,True
1,ConstVel,crossing,15.0,12,2.985295596024026,23.0,True
1,ConstVel,crossing,15.0,13,3.2351342658705327,11.0,True
1,ConstVel,crossing,15.0,14,2.0797711774618244,28.0,True
1,ConstVel,crossing,15.0,15,2.213627961274879,101.0,True
1,ConstVel,crossing,15.0,16,3.144508148369687,93.0,True
1,ConstVel,crossing,15.0,17,2.9881120308103166,93.0,True
1,ConstVel,crossing,15.0,18,2.5632541935388993,34.0,True
1,ConstVel,crossing,15.0,19,2.19890147451001,45.0,True
1,ConstVel,crossing,15.0,20,3.3076069943223274,91.0,True
1,ConstVel,crossing,15.0,21,3.6813738515522862,18.0,True
1,ConstVel,crossing,15.0,22,2.817241824029394,,False
1,ConstVel,crossing,15.0,23,2.4859795737196735,101.0,True
1,ConstVel,crossing,15.0,24,2.93571511044951,25.0,True
1,ConstVel,crossing,15.0,25,3.8993330462399465,,False
1,ConstVel,crossing,15.0,26,3.5484276941214357,76.0,True
1,ConstVel,crossing,15.0,27,2.613169311453704,9.0,True
1,ConstVel,crossing,15.0,28,2.6377123068290844,87.0,True
1,ConstVel,crossing,15.0,29,3.5316195589865695,25.0,True
1,ConstVel,crossing,15.0,30,2.7960027958381817,21.0,True
1,ConstVel,crossing,15.0,31,2.81373073488458,78.0,True
1,ConstVel,crossing,15.0,32,2.7529218357006173,100.0,True
1,ConstVel,crossing,15.0,33,2.652038377880096,28.0,True
1,ConstVel,crossing,15.0,34,2.623792971072272,65.0,True
1,ConstVel,crossing,15.0,35,3.389660398682833,20.0,True
1,ConstVel,crossing,15.0,36,2.722697211265112,49.0,True
1,ConstVel,crossing,15.0,37,2.2362387456321184,68.0,True
1,ConstVel,crossing,15.0,38,2.449860639359224,75.0,True
1,ConstVel,crossing,15.0,39,2.571534646198816,22.0,True
1,ConstVel,crossing,15.0,40,2.100446150580377,20.0,True
1,ConstVel,crossing,15.0,41,2.9186133095238462,41.0,True
1,ConstVel,crossing,15.0,42,2.3336458609149626,103.0,True
1,ConstVel,crossing,15.0,43,2.122318600668263,121.0,True
1,ConstVel,crossing,15.0,44,2.412573276297395,52.0,True
1,ConstVel,crossing,15.0,45,2.942798771957209,,False
1,ConstVel,crossing,15.0,46,2.577358805721072,96.0,True
1,ConstVel,crossing,15.0,47,3.263994926480229,36.0,True
1,ConstVel,crossing,15.0,48,2.5661795179747053,52.0,True
1,ConstVel,crossing,15.0,49,3.760422668137279,31.0,True
1,ConstVel,crossing,20.0,0,3.118391570569181,62.0,True
1,ConstVel,crossing,20.0,1,2.5128727743505497,14.0,True
1,ConstVel,crossing,20.0,2,3.077637121450336,17.0,True
1,ConstVel,crossing,20.0,3,3.245396284361509,93.0,True
1,ConstVel,crossing,20.0,4,3.395532435335625,14.0,True
1,ConstVel,crossing,20.0,5,2.179526903110173,125.0,True
1,ConstVel,crossing,20.0,6,3.093019523965023,46.0,True
1,ConstVel,crossing,20.0,7,2.606033339465743,15.0,True
1,ConstVel,crossing,20.0,8,2.746470691461765,94.0,True
1,ConstVel,crossing,20.0,9,2.4630614274494613,79.0,True
1,ConstVel,crossing,20.0,10,3.740214260972294,48.0,True
1,ConstVel,crossing,20.0,11,3.505870564296617,11.0,True
1,ConstVel,crossing,20.0,12,2.985295596024026,19.0,True
1,ConstVel,crossing,20.0,13,3.2351342658705327,6.0,True
1,ConstVel,crossing,20.0,14,2.0797711774618244,18.0,True
1,ConstVel,crossing,20.0,15,2.213627961274879,95.0,True
1,ConstVel,crossing,20.0,16,3.144508148369687,87.0,True
1,ConstVel,crossing,20.0,17,2.9881120308103166,87.0,True
1,ConstVel,crossing,20.0,18,2.5632541935388993,30.0,True
1,ConstVel,crossing,20.0,19,2.19890147451001,40.0,True
1,ConstVel,crossing,20.0,20,3.3076069943223274,85.0,True
1,ConstVel,crossing,20.0,21,3.6813738515522862,14.0,True
1,ConstVel,crossing,20.0,22,2.817241824029394,,False
1,ConstVel,crossing,20.0,23,2.4859795737196735,99.0,True
1,ConstVel,crossing,20.0,24,2.93571511044951,19.0,True
1,ConstVel,crossing,20.0,25,3.8993330462399465,56.0,True
1,ConstVel,crossing,20.0,26,3.5484276941214357,73.0,True
1,ConstVel,crossing,20.0,27,2.613169311453704,8.0,True
1,ConstVel,crossing,20.0,28,2.6377123068290844,85.0,True
1,ConstVel,crossing,20.0,29,3.5316195589865695,18.0,True
1,ConstVel,crossing,20.0,30,2.7960027958381817,18.0,True
1,ConstVel,crossing,20.0,31,2.81373073488458,77.0,True
1,ConstVel,crossing,20.0,32,2.7529218357006173,93.0,True
1,ConstVel,crossing,20.0,33,2.652038377880096,15.0,True
1,ConstVel,crossing,20.0,34,2.623792971072272,65.0,True
1,ConstVel,crossing,20.0,35,3.389660398682833,14.0,True
1,ConstVel,crossing,20.0,36,2.722697211265112,40.0,True
1,ConstVel,crossing,20.0,37,2.2362387456321184,68.0,True
1,ConstVel,crossing,20.0,38,2.449860639359224,71.0,True
1,ConstVel,crossing,20.0,39,2.571534646198816,17.0,True
1,ConstVel,crossing,20.0,40,2.100446150580377,17.0,True
1,ConstVel,crossing,20.0,41,2.9186133095238462,41.0,True
1,ConstVel,crossing,20.0,42,2.3336458609149626,98.0,True
1,ConstVel,crossing,20.0,43,2.122318600668263,121.0,True
1,ConstVel,crossing,20.0,44,2.412573276297395,46.0,True
1,ConstVel,crossing,20.0,45,2.942798771957209,52.0,True
1,ConstVel,crossing,20.0,46,2.577358805721072,93.0,True
1,ConstVel,crossing,20.0,47,3.263994926480229,32.0,True
1,ConstVel,crossing,20.0,48,2.5661795179747053,48.0,True
1,ConstVel,crossing,20.0,49,3.760422668137279,24.0,True
1,Kalman,buffer,5.0,0,3.118391570569181,65.0,True
1,Kalman,buffer,5.0,1,2.5128727743505497,61.0,True
1,Kalman,buffer,5.0,2,3.077637121450336,35.0,True
1,Kalman,buffer,5.0,3,3.245396284361509,105.0,True
1,Kalman,buffer,5.0,4,3.395532435335625,30.0,True
1,Kalman,buffer,5.0,5,2.179526903110173,127.0,True
1,Kalman,buffer,5.0,6,3.093019523965023,56.0,True
1,Kalman,buffer,5.0,7,2.606033339465743,44.0,True
1,Kalman,buffer,5.0,8,2.746470691461765,112.0,True
1,Kalman,buffer,5.0,9,2.4630614274494613,86.0,True
1,Kalman,buffer,5.0,10,3.740214260972294,,False
1,Kalman,buffer,5.0,11,3.505870564296617,28.0,True
1,Kalman,buffer,5.0,12,2.985295596024026,33.0,True
1,Kalman,buffer,5.0,13,3.2351342658705327,19.0,True
1,Kalman,buffer,5.0,14,2.0797711774618244,34.0,True
1,Kalman,buffer,5.0,15,2.213627961274879,110.0,True
1,Kalman,buffer,5.0,16,3.144508148369687,104.0,True
1,Kalman,buffer,5.0,17,2.9881120308103166,,False
1,Kalman,buffer,5.0,18,2.5632541935388993,43.0,True
1,Kalman,buffer,5.0,19,2.19890147451001,53.0,True
1,Kalman,buffer,5.0,20,3.3076069943223274,99.0,True
1,Kalman,buffer,5.0,21,3.6813738515522862,28.0,True
1,Kalman,buffer,5.0,22,2.817241824029394,,False
1,Kalman,buffer,5.0,23,2.4859795737196735,105.0,True
1,Kalman,buffer,5.0,24,2.93571511044951,35.0,True
1,Kalman,buffer,5.0,25,3.8993330462399465,,False
1,Kalman,buffer,5.0,26,3.5484276941214357,,False
1,Kalman,buffer,5.0,27,2.613169311453704,19.0,True
1,Kalman,buffer,5.0,28,2.6377123068290844,91.0,True
1,Kalman,buffer,5.0,29,3.5316195589865695,35.0,True
1,Kalman,buffer,5.0,30,2.7960027958381817,32.0,True
1,Kalman,buffer,5.0,31,2.81373073488458,81.0,True
1,Kalman,buffer,5.0,32,2.7529218357006173,113.0,True
1,Kalman,buffer,5.0,33,2.652038377880096,35.0,True
1,Kalman,buffer,5.0,34,2.623792971072272,68.0,True
1,Kalman,buffer,5.0,35,3.389660398682833,27.0,True
1,Kalman,buffer,5.0,36,2.722697211265112,51.0,True
1,Kalman,buffer,5.0,37,2.2362387456321184,69.0,True
1,Kalman,buffer,5.0,38,2.449860639359224,85.0,True
1,Kalman,buffer,5.0,39,2.571534646198816,29.0,True
1,Kalman,buffer,5.0,40,2.100446150580377,55.0,True
1,Kalman,buffer,5.0,41,2.9186133095238462,44.0,True
1,Kalman,buffer,5.0,42,2.3336458609149626,109.0,True
1,Kalman,buffer,5.0,43,2.122318600668263,123.0,True
1,Kalman,buffer,5.0,44,2.412573276297395,57.0,True
1,Kalman,buffer,5.0,45,2.942798771957209,,False
1,Kalman,buffer,5.0,46,2.577358805721072,109.0,True
1,Kalman,buffer,5.0,47,3.263994926480229,74.0,True
1,Kalman,buffer,5.0,48,2.5661795179747053,57.0,True
1,Kalman,buffer,5.0,49,3.760422668137279,,False
1,Kalman,buffer,10.0,0,3.118391570569181,62.0,True
1,Kalman,buffer,10.0,1,2.5128727743505497,25.0,True
1,Kalman,buffer,10.0,2,3.077637121450336,26.0,True
1,Kalman,buffer,10.0,3,3.245396284361509,102.0,True
1,Kalman,buffer,10.0,4,3.395532435335625,25.0,True
1,Kalman,buffer,10.0,5,2.179526903110173,125.0,True
1,Kalman,buffer,10.0,6,3.093019523965023,53.0,True
1,Kalman,buffer,10.0,7,2.606033339465743,25.0,True
1,Kalman,buffer,10.0,8,2.746470691461765,102.0,True
1,Kalman,buffer,10.0,9,2.4630614274494613,85.0,True
1,Kalman,buffer,10.0,10,3.740214260972294,52.0,True
1,Kalman,buffer,10.0,11,3.505870564296617,20.0,True
1,Kalman,buffer,10.0,12,2.985295596024026,29.0,True
1,Kalman,buffer,10.0,13,3.2351342658705327,14.0,True
1,Kalman,buffer,10.0,14,2.0797711774618244,30.0,True
1,Kalman,buffer,10.0,15,2.213627961274879,107.0,True
1,Kalman,buffer,10.0,16,3.144508148369687,95.0,True
1,Kalman,buffer,10.0,17,2.9881120308103166,94.0,True
1,Kalman,buffer,10.0,18,2.5632541935388993,38.0,True
1,Kalman,buffer,10.0,19,2.19890147451001,49.0,True
1,Kalman,buffer,10.0,20,3.3076069943223274,93.0,True
1,Kalman,buffer,10.0,21,3.6813738515522862,20.0,True
1,Kalman,buffer,10.0,22,2.817241824029394,62.0,True
1,Kalman,buffer,10.0,23,2.4859795737196735,102.0,True
1,Kalman,buffer,10.0,24,2.93571511044951,28.0,True
1,Kalman,buffer,10.0,25,3.8993330462399465,64.0,True
1,Kalman,buffer,10.0,26,3.5484276941214357,77.0,True
1,Kalman,buffer,10.0,27,2.613169311453704,12.0,True
1,Kalman,buffer,10.0,28,2.6377123068290844,87.0,True
1,Kalman,buffer,10.0,29,3.5316195589865695,29.0,True
1,Kalman,buffer,10.0,30,2.7960027958381817,24.0,True
1,Kalman,buffer,10.0,31,2.81373073488458,79.0,True
1,Kalman,buffer,10.0,32,2.7529218357006173,104.0,True
1,Kalman,buffer,10.0,33,2.652038377880096,30.0,True
1,Kalman,buffer,10.0,34,2.623792971072272,65.0,True
1,Kalman,buffer,10.0,35,3.389660398682833,22.0,True
1,Kalman,buffer,10.0,36,2.722697211265112,49.0,True
1,Kalman,buffer,10.0,37,2.2362387456321184,68.0,True
1,Kalman,buffer,10.0,38,2.449860639359224,77.0,True
1,Kalman,buffer,10.0,39,2.571534646198816,25.0,True
1,Kalman,buffer,10.0,40,2.100446150580377,25.0,True
1,Kalman,buffer,10.0,41,2.9186133095238462,41.0,True
1,Kalman,buffer,10.0,42,2.3336458609149626,106.0,True
1,Kalman,buffer,10.0,43,2.122318600668263,121.0,True
1,Kalman,buffer,10.0,44,2.412573276297395,53.0,True
1,Kalman,buffer,10.0,45,2.942798771957209,60.0,True
1,Kalman,buffer,10.0,46,2.577358805721072,102.0,True
1,Kalman,buffer,10.0,47,3.263994926480229,39.0,True
1,Kalman,buffer,10.0,48,2.5661795179747053,53.0,True
1,Kalman,buffer,10.0,49,3.760422668137279,36.0,True
1,Kalman,buffer,15.0,0,3.118391570569181,59.0,True
1,Kalman,buffer,15.0,1,2.5128727743505497,21.0,True
1,Kalman,buffer,15.0,2,3.077637121450336,23.0,True
1,Kalman,buffer,15.0,3,3.245396284361509,96.0,True
1,Kalman,buffer,15.0,4,3.395532435335625,21.0,True
1,Kalman,buffer,15.0,5,2.179526903110173,125.0,True
1,Kalman,buffer,15.0,6,3.093019523965023,48.0,True
1,Kalman,buffer,15.0,7,2.606033339465743,20.0,True
1,Kalman,buffer,15.0,8,2.746470691461765,97.0,True
1,Kalman,buffer,15.0,9,2.4630614274494613,79.0,True
1,Kalman,buffer,15.0,10,3.740214260972294,49.0,True
1,Kalman,buffer,15.0,11,3.505870564296617,15.0,True
1,Kalman,buffer,15.0,12,2.985295596024026,23.0,True
1,Kalman,buffer,15.0,13,3.2351342658705327,7.0,True
1,Kalman,buffer,15.0,14,2.0797711774618244,25.0,True
1,Kalman,buffer,15.0,15,2.213627961274879,98.0,True
1,Kalman,buffer,15.0,16,3.144508148369687,89.0,True
1,Kalman,buffer,15.0,17,2.9881120308103166,90.0,True
1,Kalman,buffer,15.0,18,2.5632541935388993,33.0,True
1,Kalman,buffer,15.0,19,2.19890147451001,43.0,True
1,Kalman,buffer,15.0,20,3.3076069943223274,88.0,True
1,Kalman,buffer,15.0,21,3.6813738515522862,15.0,True
1,Kalman,buffer,15.0,22,2.817241824029394,61.0,True
1,Kalman,buffer,15.0,23,2.4859795737196735,99.0,True
1,Kalman,buffer,15.0,24,2.93571511044951,25.0,True
1,Kalman,buffer,15.0,25,3.8993330462399465,59.0,True
1,Kalman,buffer,15.0,26,3.5484276941214357,74.0,True
1,Kalman,buffer,15.0,27,2.613169311453704,8.0,True
1,Kalman,buffer,15.0,28,2.6377123068290844,86.0,True
1,Kalman,buffer,15.0,29,3.5316195589865695,23.0,True
1,Kalman,buffer,15.0,30,2.7960027958381817,19.0,True
1,Kalman,buffer,15.0,31,2.81373073488458,78.0,True
1,Kalman,buffer,15.0,32,2.7529218357006173,97.0,True
1,Kalman,buffer,15.0,33,2.652038377880096,24.0,True
1,Kalman,buffer,15.0,34,2.623792971072272,65.0,True
1,Kalman,buffer,15.0,35,3.389660398682833,16.0,True
1,Kalman,buffer,15.0,36,2.722697211265112,48.0,True
1,Kalman,buffer,15.0,37,2.2362387456321184,68.0,True
1,Kalman,buffer,15.0,38,2.449860639359224,72.0,True
1,Kalman,buffer,15.0,39,2.571534646198816,19.0,True
1,Kalman,buffer,15.0,40,2.100446150580377,20.0,True
1,Kalman,buffer,15.0,41,2.9186133095238462,41.0,True
1,Kalman,buffer,15.0,42,2.3336458609149626,102.0,True
1,Kalman,buffer,15.0,43,2.122318600668263,121.0,True
1,Kalman,buffer,15.0,44,2.412573276297395,50.0,True
1,Kalman,buffer,15.0,45,2.942798771957209,55.0,True
1,Kalman,buffer,15.0,46,2.577358805721072,96.0,True
1,Kalman,buffer,15.0,47,3.263994926480229,35.0,True
1,Kalman,buffer,15.0,48,2.5661795179747053,48.0,True
1,Kalman,buffer,15.0,49,3.760422668137279,31.0,True
1,Kalman,buffer,20.0,0,3.118391570569181,59.0,True
1,Kalman,buffer,20.0,1,2.5128727743505497,14.0,True
1,Kalman,buffer,20.0,2,3.077637121450336,16.0,True
1,Kalman,buffer,20.0,3,3.245396284361509,93.0,True
1,Kalman,buffer,20.0,4,3.395532435335625,14.0,True
1,Kalman,buffer,20.0,5,2.179526903110173,125.0,True
1,Kalman,buffer,20.0,6,3.093019523965023,42.0,True
1,Kalman,buffer,20.0,7,2.606033339465743,11.0,True
1,Kalman,buffer,20.0,8,2.746470691461765,92.0,True
1,Kalman,buffer,20.0,9,2.4630614274494613,70.0,True
1,Kalman,buffer,20.0,10,3.740214260972294,48.0,True
1,Kalman,buffer,20.0,11,3.505870564296617,11.0,True
1,Kalman,buffer,20.0,12,2.985295596024026,19.0,True
1,Kalman,buffer,20.0,13,3.2351342658705327,6.0,True
1,Kalman,buffer,20.0,14,2.0797711774618244,18.0,True
1,Kalman,buffer,20.0,15,2.213627961274879,95.0,True
1,Kalman,buffer,20.0,16,3.144508148369687,87.0,True
1,Kalman,buffer,20.0,17,2.9881120308103166,84.0,True
1,Kalman,buffer,20.0,18,2.5632541935388993,26.0,True
1,Kalman,buffer,20.0,19,2.19890147451001,39.0,True
1,Kalman,buffer,20.0,20,3.3076069943223274,84.0,True
1,Kalman,buffer,20.0,21,3.6813738515522862,9.0,True
1,Kalman,buffer,20.0,22,2.817241824029394,48.0,True
1,Kalman,buffer,20.0,23,2.4859795737196735,92.0,True
1,Kalman,buffer,20.0,24,2.93571511044951,18.0,True
1,Kalman,buffer,20.0,25,3.8993330462399465,49.0,True
1,Kalman,buffer,20.0,26,3.5484276941214357,67.0,True
1,Kalman,buffer,20.0,27,2.613169311453704,6.0,True
1,Kalman,buffer,20.0,28,2.6377123068290844,79.0,True
1,Kalman,buffer,20.0,29,3.5316195589865695,17.0,True
1,Kalman,buffer,20.0,30,2.7960027958381817,14.0,True
1,Kalman,buffer,20.0,31,2.81373073488458,77.0,True
1,Kalman,buffer,20.0,32,2.7529218357006173,93.0,True
1,Kalman,buffer,20.0,33,2.652038377880096,15.0,True
1,Kalman,buffer,20.0,34,2.623792971072272,65.0,True
1,Kalman,buffer,20.0,35,3.389660398682833,13.0,True
1,Kalman,buffer,20.0,36,2.722697211265112,39.0,True
1,Kalman,buffer,20.0,37,2.2362387456321184,68.0,True
1,Kalman,buffer,20.0,38,2.449860639359224,71.0,True
1,Kalman,buffer,20.0,39,2.571534646198816,16.0,True
1,Kalman,buffer,20.0,40,2.100446150580377,16.0,True
1,Kalman,buffer,20.0,41,2.9186133095238462,35.0,True
1,Kalman,buffer,20.0,42,2.3336458609149626,95.0,True
1,Kalman,buffer,20.0,43,2.122318600668263,121.0,True
1,Kalman,buffer,20.0,44,2.412573276297395,42.0,True
1,Kalman,buffer,20.0,45,2.942798771957209,49.0,True
1,Kalman,buffer,20.0,46,2.577358805721072,89.0,True
1,Kalman,buffer,20.0,47,3.263994926480229,28.0,True
1,Kalman,buffer,20.0,48,2.5661795179747053,45.0,True
1,Kalman,buffer,20.0,49,3.760422668137279,24.0,True
1,Kalman,crossing,5.0,0,3.118391570569181,,False
1,Kalman,crossing,5.0,1,2.5128727743505497,62.0,True
1,Kalman,crossing,5.0,2,3.077637121450336,,False
1,Kalman,crossing,5.0,3,3.245396284361509,,False
1,Kalman,crossing,5.0,4,3.395532435335625,,False
1,Kalman,crossing,5.0,5,2.179526903110173,,False
1,Kalman,crossing,5.0,6,3.093019523965023,,False
1,Kalman,crossing,5.0,7,2.606033339465743,,False
1,Kalman,crossing,5.0,8,2.746470691461765,,False
1,Kalman,crossing,5.0,9,2.4630614274494613,,False
1,Kalman,crossing,5.0,10,3.740214260972294,,False
1,Kalman,crossing,5.0,11,3.505870564296617,,False
1,Kalman,crossing,5.0,12,2.985295596024026,,False
1,Kalman,crossing,5.0,13,3.2351342658705327,,False
1,Kalman,crossing,5.0,14,2.0797711774618244,37.0,True
1,Kalman,crossing,5.0,15,2.213627961274879,112.0,True
1,Kalman,crossing,5.0,16,3.144508148369687,,False
1,Kalman,crossing,5.0,17,2.9881120308103166,,False
1,Kalman,crossing,5.0,18,2.5632541935388993,,False
1,Kalman,crossing,5.0,19,2.19890147451001,56.0,True
1,Kalman,crossing,5.0,20,3.3076069943223274,,False
1,Kalman,crossing,5.0,21,3.6813738515522862,,False
1,Kalman,crossing,5.0,22,2.817241824029394,,False
1,Kalman,crossing,5.0,23,2.4859795737196735,,False
1,Kalman,crossing,5.0,24,2.93571511044951,,False
1,Kalman,crossing,5.0,25,3.8993330462399465,,False
1,Kalman,crossing,5.0,26,3.5484276941214357,,False
1,Kalman,crossing,5.0,27,2.613169311453704,,False
1,Kalman,crossing,5.0,28,2.6377123068290844,92.0,True
1,Kalman,crossing,5.0,29,3.5316195589865695,,False
1,Kalman,crossing,5.0,30,2.7960027958381817,,False
1,Kalman,crossing,5.0,31,2.81373073488458,,False
1,Kalman,crossing,5.0,32,2.7529218357006173,,False
1,Kalman,crossing,5.0,33,2.652038377880096,,False
1,Kalman,crossing,5.0,34,2.623792971072272,69.0,True
1,Kalman,crossing,5.0,35,3.389660398682833,,False
1,Kalman,crossing,5.0,36,2.722697211265112,,False
1,Kalman,crossing,5.0,37,2.2362387456321184,72.0,True
1,Kalman,crossing,5.0,38,2.449860639359224,,False
1,Kalman,crossing,5.0,39,2.571534646198816,,False
1,Kalman,crossing,5.0,40,2.100446150580377,,False
1,Kalman,crossing,5.0,41,2.9186133095238462,,False
1,Kalman,crossing,5.0,42,2.3336458609149626,112.0,True
1,Kalman,crossing,5.0,43,2.122318600668263,124.0,True
1,Kalman,crossing,5.0,44,2.412573276297395,,False
1,Kalman,crossing,5.0,45,2.942798771957209,,False
1,Kalman,crossing,5.0,46,2.577358805721072,,False
1,Kalman,crossing,5.0,47,3.263994926480229,,False
1,Kalman,crossing,5.0,48,2.5661795179747053,,False
1,Kalman,crossing,5.0,49,3.760422668137279,,False
1,Kalman,crossing,10.0,0,3.118391570569181,63.0,True
1,Kalman,crossing,10.0,1,2.5128727743505497,27.0,True
1,Kalman,crossing,10.0,2,3.077637121450336,33.0,True
1,Kalman,crossing,10.0,3,3.245396284361509,103.0,True
1,Kalman,crossing,10.0,4,3.395532435335625,26.0,True
1,Kalman,crossing,10.0,5,2.179526903110173,126.0,True
1,Kalman,crossing,10.0,6,3.093019523965023,55.0,True
1,Kalman,crossing,10.0,7,2.606033339465743,27.0,True
1,Kalman,crossing,10.0,8,2.746470691461765,107.0,True
1,Kalman,crossing,10.0,9,2.4630614274494613,85.0,True
1,Kalman,crossing,10.0,10,3.740214260972294,60.0,True
1,Kalman,crossing,10.0,11,3.505870564296617,22.0,True
1,Kalman,crossing,10.0,12,2.985295596024026,32.0,True
1,Kalman,crossing,10.0,13,3.2351342658705327,16.0,True
1,Kalman,crossing,10.0,14,2.0797711774618244,33.0,True
1,Kalman,crossing,10.0,15,2.213627961274879,108.0,True
1,Kalman,crossing,10.0,16,3.144508148369687,100.0,True
1,Kalman,crossing,10.0,17,2.9881120308103166,,False
1,Kalman,crossing,10.0,18,2.5632541935388993,40.0,True
1,Kalman,crossing,10.0,19,2.19890147451001,51.0,True
1,Kalman,crossing,10.0,20,3.3076069943223274,94.0,True
1,Kalman,crossing,10.0,21,3.6813738515522862,21.0,True
1,Kalman,crossing,10.0,22,2.817241824029394,,False
1,Kalman,crossing,10.0,23,2.4859795737196735,105.0,True
1,Kalman,crossing,10.0,24,2.93571511044951,32.0,True
1,Kalman,crossing,10.0,25,3.8993330462399465,,False
1,Kalman,crossing,10.0,26,3.5484276941214357,82.0,True
1,Kalman,crossing,10.0,27,2.613169311453704,17.0,True
1,Kalman,crossing,10.0,28,2.6377123068290844,89.0,True
1,Kalman,crossing,10.0,29,3.5316195589865695,32.0,True
1,Kalman,crossing,10.0,30,2.7960027958381817,29.0,True
1,Kalman,crossing,10.0,31,2.81373073488458,79.0,True
1,Kalman,crossing,10.0,32,2.7529218357006173,109.0,True
1,Kalman,crossing,10.0,33,2.652038377880096,32.0,True
1,Kalman,crossing,10.0,34,2.623792971072272,66.0,True
1,Kalman,crossing,10.0,35,3.389660398682833,25.0,True
1,Kalman,crossing,10.0,36,2.722697211265112,50.0,True
1,Kalman,crossing,10.0,37,2.2362387456321184,69.0,True
1,Kalman,crossing,10.0,38,2.449860639359224,81.0,True
1,Kalman,crossing,10.0,39,2.571534646198816,28.0,True
1,Kalman,crossing,10.0,40,2.100446150580377,29.0,True
1,Kalman,crossing,10.0,41,2.9186133095238462,42.0,True
1,Kalman,crossing,10.0,42,2.3336458609149626,108.0,True
1,Kalman,crossing,10.0,43,2.122318600668263,122.0,True
1,Kalman,crossing,10.0,44,2.412573276297395,55.0,True
1,Kalman,crossing,10.0,45,2.942798771957209,,False
1,Kalman,crossing,10.0,46,2.577358805721072,104.0,True
1,Kalman,crossing,10.0,47,3.263994926480229,43.0,True
1,Kalman,crossing,10.0,48,2.5661795179747053,54.0,True
1,Kalman,crossing,10.0,49,3.760422668137279,38.0,True
1,Kalman,crossing,15.0,0,3.118391570569181,62.0,True
1,Kalman,crossing,15.0,1,2.5128727743505497,23.0,True
1,Kalman,crossing,15.0,2,3.077637121450336,24.0,True
1,Kalman,crossing,15.0,3,3.245396284361509,98.0,True
1,Kalman,crossing,15.0,4,3.395532435335625,22.0,True
1,Kalman,crossing,15.0,5,2.179526903110173,125.0,True
1,Kalman,crossing,15.0,6,3.093019523965023,49.0,True
1,Kalman,crossing,15.0,7,2.606033339465743,22.0,True
1,Kalman,crossing,15.0,8,2.746470691461765,100.0,True
1,Kalman,crossing,15.0,9,2.4630614274494613,84.0,True
1,Kalman,crossing,15.0,10,3.740214260972294,52.0,True
1,Kalman,crossing,15.0,11,3.505870564296617,18.0,True
1,Kalman,crossing,15.0,12,2.985295596024026,24.0,True
1,Kalman,crossing,15.0,13,3.2351342658705327,11.0,True
1,Kalman,crossing,15.0,14,2.0797711774618244,28.0,True
1,Kalman,crossing,15.0,15,2.213627961274879,101.0,True
1,Kalman,crossing,15.0,16,3.144508148369687,93.0,True
1,Kalman,crossing,15.0,17,2.9881120308103166,93.0,True
1,Kalman,crossing,15.0,18,2.5632541935388993,35.0,True
1,Kalman,crossing,15.0,19,2.19890147451001,45.0,True
1,Kalman,crossing,15.0,20,3.3076069943223274,91.0,True
1,Kalman,crossing,15.0,21,3.6813738515522862,18.0,True
1,Kalman,crossing,15.0,22,2.817241824029394,,False
1,Kalman,crossing,15.0,23,2.4859795737196735,101.0,True
1,Kalman,crossing,15.0,24,2.93571511044951,25.0,True
1,Kalman,crossing,15.0,25,3.8993330462399465,,False
1,Kalman,crossing,15.0,26,3.5484276941214357,76.0,True
1,Kalman,crossing,15.0,27,2.613169311453704,9.0,True
1,Kalman,crossing,15.0,28,2.6377123068290844,87.0,True
1,Kalman,crossing,15.0,29,3.5316195589865695,25.0,True
1,Kalman,crossing,15.0,30,2.7960027958381817,21.0,True
1,Kalman,crossing,15.0,31,2.81373073488458,78.0,True
1,Kalman,crossing,15.0,32,2.7529218357006173,101.0,True
1,Kalman,crossing,15.0,33,2.652038377880096,28.0,True
1,Kalman,crossing,15.0,34,2.623792971072272,65.0,True
1,Kalman,crossing,15.0,35,3.389660398682833,20.0,True
1,Kalman,crossing,15.0,36,2.722697211265112,49.0,True
1,Kalman,crossing,15.0,37,2.2362387456321184,69.0,True
1,Kalman,crossing,15.0,38,2.449860639359224,75.0,True
1,Kalman,crossing,15.0,39,2.571534646198816,22.0,True
1,Kalman,crossing,15.0,40,2.100446150580377,24.0,True
1,Kalman,crossing,15.0,41,2.9186133095238462,41.0,True
1,Kalman,crossing,15.0,42,2.3336458609149626,103.0,True
1,Kalman,crossing,15.0,43,2.122318600668263,121.0,True
1,Kalman,crossing,15.0,44,2.412573276297395,52.0,True
1,Kalman,crossing,15.0,45,2.942798771957209,,False
1,Kalman,crossing,15.0,46,2.577358805721072,100.0,True
1,Kalman,crossing,15.0,47,3.263994926480229,36.0,True
1,Kalman,crossing,15.0,48,2.5661795179747053,52.0,True
1,Kalman,crossing,15.0,49,3.760422668137279,32.0,True
1,Kalman,crossing,20.0,0,3.118391570569181,62.0,True
1,Kalman,crossing,20.0,1,2.5128727743505497,19.0,True
1,Kalman,crossing,20.0,2,3.077637121450336,17.0,True
1,Kalman,crossing,20.0,3,3.245396284361509,95.0,True
1,Kalman,crossing,20.0,4,3.395532435335625,18.0,True
1,Kalman,crossing,20.0,5,2.179526903110173,125.0,True
1,Kalman,crossing,20.0,6,3.093019523965023,46.0,True
1,Kalman,crossing,20.0,7,2.606033339465743,19.0,True
1,Kalman,crossing,20.0,8,2.746470691461765,94.0,True
1,Kalman,crossing,20.0,9,2.4630614274494613,79.0,True
1,Kalman,crossing,20.0,10,3.740214260972294,49.0,True
1,Kalman,crossing,20.0,11,3.505870564296617,11.0,True
1,Kalman,crossing,20.0,12,2.985295596024026,21.0,True
1,Kalman,crossing,20.0,13,3.2351342658705327,6.0,True
1,Kalman,crossing,20.0,14,2.0797711774618244,20.0,True
1,Kalman,crossing,20.0,15,2.213627961274879,97.0,True
1,Kalman,crossing,20.0,16,3.144508148369687,87.0,True
1,Kalman,crossing,20.0,17,2.9881120308103166,87.0,True
1,Kalman,crossing,20.0,18,2.5632541935388993,30.0,True
1,Kalman,crossing,20.0,19,2.19890147451001,40.0,True
1,Kalman,crossing,20.0,20,3.3076069943223274,85.0,True
1,Kalman,crossing,20.0,21,3.6813738515522862,14.0,True
1,Kalman,crossing,20.0,22,2.817241824029394,,False
1,Kalman,crossing,20.0,23,2.4859795737196735,99.0,True
1,Kalman,crossing,20.0,24,2.93571511044951,19.0,True
1,Kalman,crossing,20.0,25,3.8993330462399465,,False
1,Kalman,crossing,20.0,26,3.5484276941214357,73.0,True
1,Kalman,crossing,20.0,27,2.613169311453704,8.0,True
1,Kalman,crossing,20.0,28,2.6377123068290844,86.0,True
1,Kalman,crossing,20.0,29,3.5316195589865695,18.0,True
1,Kalman,crossing,20.0,30,2.7960027958381817,18.0,True
1,Kalman,crossing,20.0,31,2.81373073488458,78.0,True
1,Kalman,crossing,20.0,32,2.7529218357006173,97.0,True
1,Kalman,crossing,20.0,33,2.652038377880096,23.0,True
1,Kalman,crossing,20.0,34,2.623792971072272,65.0,True
1,Kalman,crossing,20.0,35,3.389660398682833,14.0,True
1,Kalman,crossing,20.0,36,2.722697211265112,40.0,True
1,Kalman,crossing,20.0,37,2.2362387456321184,69.0,True
1,Kalman,crossing,20.0,38,2.449860639359224,71.0,True
1,Kalman,crossing,20.0,39,2.571534646198816,17.0,True
1,Kalman,crossing,20.0,40,2.100446150580377,20.0,True
1,Kalman,crossing,20.0,41,2.9186133095238462,41.0,True
1,Kalman,crossing,20.0,42,2.3336458609149626,98.0,True
1,Kalman,crossing,20.0,43,2.122318600668263,121.0,True
1,Kalman,crossing,20.0,44,2.412573276297395,46.0,True
1,Kalman,crossing,20.0,45,2.942798771957209,53.0,True
1,Kalman,crossing,20.0,46,2.577358805721072,93.0,True
1,Kalman,crossing,20.0,47,3.263994926480229,32.0,True
1,Kalman,crossing,20.0,48,2.5661795179747053,48.0,True
1,Kalman,crossing,20.0,49,3.760422668137279,28.0,True
2,Reactive,zone,,0,3.1973316128382447,,False
2,Reactive,zone,,1,2.9114300615931326,,False
2,Reactive,zone,,2,3.419222217523704,,False
2,Reactive,zone,,3,2.356254655984064,,False
2,Reactive,zone,,4,2.7121713184381564,,False
2,Reactive,zone,,5,3.076585018956171,,False
2,Reactive,zone,,6,3.1704646725928836,,False
2,Reactive,zone,,7,3.475227077159596,,False
2,Reactive,zone,,8,2.5966310270764725,,False
2,Reactive,zone,,9,2.123329572049782,,False
2,Reactive,zone,,10,2.5775443754647775,,False
2,Reactive,zone,,11,3.067493813076811,,False
2,Reactive,zone,,12,3.7661179995870557,,False
2,Reactive,zone,,13,2.8100138521006626,,False
2,Reactive,zone,,14,2.2528798320126646,,False
2,Reactive,zone,,15,4.275987794477725,,False
2,Reactive,zone,,16,2.462155265167235,,False
2,Reactive,zone,,17,3.088634594623198,,False
2,Reactive,zone,,18,3.2350483439153574,,False
2,Reactive,zone,,19,2.510021592010477,,False
2,Reactive,zone,,20,2.4351637302017877,,False
2,Reactive,zone,,21,3.3518471413908237,,False
2,Reactive,zone,,22,3.182254284220217,,False
2,Reactive,zone,,23,2.1047753388985253,,False
2,Reactive,zone,,24,2.38482495284332,,False
2,Reactive,zone,,25,2.426059295965174,,False
2,Reactive,zone,,26,2.23419161363552,,False
2,Reactive,zone,,27,3.5303527009969398,,False
2,Reactive,zone,,28,3.633630790496809,,False
2,Reactive,zone,,29,2.760529985849782,,False
2,Reactive,zone,,30,3.274922675769785,,False
2,Reactive,zone,,31,2.523705117496995,,False
2,Reactive,zone,,32,2.478073498666814,,False
2,Reactive,zone,,33,2.4871414788377972,,False
2,Reactive,zone,,34,2.3899011808884083,,False
2,Reactive,zone,,35,2.3798836814730793,,False
2,Reactive,zone,,36,3.0246433060546827,,False
2,Reactive,zone,,37,2.686060159338085,,False
2,Reactive,zone,,38,3.4108997839237674,,False
2,Reactive,zone,,39,2.610203019581176,,False
2,Reactive,zone,,40,3.062002239963606,,False
2,Reactive,zone,,41,2.921874218100883,,False
2,Reactive,zone,,42,3.087312618503433,,False
2,Reactive,zone,,43,2.1637882957411487,,False
2,Reactive,zone,,44,2.8761741791634776,,False
2,Reactive,zone,,45,2.8116487298816923,,False
2,Reactive,zone,,46,3.598400142369124,,False
2,Reactive,zone,,47,2.3451318080555423,,False
2,Reactive,zone,,48,3.1973458721173094,,False
2,Reactive,zone,,49,2.6138180084081406,,False
2,Analytic,buffer,5.0,0,3.1973316128382447,32.0,True
2,Analytic,buffer,5.0,1,2.9114300615931326,30.0,True
2,Analytic,buffer,5.0,2,3.419222217523704,39.0,True
2,Analytic,buffer,5.0,3,2.356254655984064,21.0,True
2,Analytic,buffer,5.0,4,2.7121713184381564,65.0,True
2,Analytic,buffer,5.0,5,3.076585018956171,107.0,True
2,Analytic,buffer,5.0,6,3.1704646725928836,117.0,True
2,Analytic,buffer,5.0,7,3.475227077159596,51.0,True
2,Analytic,buffer,5.0,8,2.5966310270764725,61.0,True
2,Analytic,buffer,5.0,9,2.123329572049782,65.0,True
2,Analytic,buffer,5.0,10,2.5775443754647775,45.0,True
2,Analytic,buffer,5.0,11,3.067493813076811,40.0,True
2,Analytic,buffer,5.0,12,3.7661179995870557,,False
2,Analytic,buffer,5.0,13,2.8100138521006626,75.0,True
2,Analytic,buffer,5.0,14,2.2528798320126646,43.0,True
2,Analytic,buffer,5.0,15,4.275987794477725,,False
2,Analytic,buffer,5.0,16,2.462155265167235,101.0,True
2,Analytic,buffer,5.0,17,3.088634594623198,33.0,True
2,Analytic,buffer,5.0,18,3.2350483439153574,44.0,True
2,Analytic,buffer,5.0,19,2.510021592010477,86.0,True
2,Analytic,buffer,5.0,20,2.4351637302017877,31.0,True
2,Analytic,buffer,5.0,21,3.3518471413908237,,False
2,Analytic,buffer,5.0,22,3.182254284220217,84.0,True
2,Analytic,buffer,5.0,23,2.1047753388985253,50.0,True
2,Analytic,buffer,5.0,24,2.38482495284332,18.0,True
2,Analytic,buffer,5.0,25,2.426059295965174,115.0,True
2,Analytic,buffer,5.0,26,2.23419161363552,56.0,True
2,Analytic,buffer,5.0,27,3.5303527009969398,,False
2,Analytic,buffer,5.0,28,3.633630790496809,,False
2,Analytic,buffer,5.0,29,2.760529985849782,29.0,True
2,Analytic,buffer,5.0,30,3.274922675769785,107.0,True
2,Analytic,buffer,5.0,31,2.523705117496995,40.0,True
2,Analytic,buffer,5.0,32,2.478073498666814,87.0,True
2,Analytic,buffer,5.0,33,2.4871414788377972,111.0,True
2,Analytic,buffer,5.0,34,2.3899011808884083,34.0,True
2,Analytic,buffer,5.0,35,2.3798836814730793,64.0,True
2,Analytic,buffer,5.0,36,3.0246433060546827,44.0,True
2,Analytic,buffer,5.0,37,2.686060159338085,51.0,True
2,Analytic,buffer,5.0,38,3.4108997839237674,100.0,True
2,Analytic,buffer,5.0,39,2.610203019581176,58.0,True
2,Analytic,buffer,5.0,40,3.062002239963606,22.0,True
2,Analytic,buffer,5.0,41,2.921874218100883,116.0,True
2,Analytic,buffer,5.0,42,3.087312618503433,112.0,True
2,Analytic,buffer,5.0,43,2.1637882957411487,45.0,True
2,Analytic,buffer,5.0,44,2.8761741791634776,57.0,True
2,Analytic,buffer,5.0,45,2.8116487298816923,31.0,True
2,Analytic,buffer,5.0,46,3.598400142369124,26.0,True
2,Analytic,buffer,5.0,47,2.3451318080555423,32.0,True
2,Analytic,buffer,5.0,48,3.1973458721173094,,False
2,Analytic,buffer,5.0,49,2.6138180084081406,68.0,True
2,Analytic,buffer,10.0,0,3.1973316128382447,28.0,True
2,Analytic,buffer,10.0,1,2.9114300615931326,21.0,True
2,Analytic,buffer,10.0,2,3.419222217523704,35.0,True
2,Analytic,buffer,10.0,3,2.356254655984064,16.0,True
2,Analytic,buffer,10.0,4,2.7121713184381564,63.0,True
2,Analytic,buffer,10.0,5,3.076585018956171,104.0,True
2,Analytic,buffer,10.0,6,3.1704646725928836,111.0,True
2,Analytic,buffer,10.0,7,3.475227077159596,46.0,True
2,Analytic,buffer,10.0,8,2.5966310270764725,59.0,True
2,Analytic,buffer,10.0,9,2.123329572049782,62.0,True
2,Analytic,buffer,10.0,10,2.5775443754647775,40.0,True
2,Analytic,buffer,10.0,11,3.067493813076811,34.0,True
2,Analytic,buffer,10.0,12,3.7661179995870557,48.0,True
2,Analytic,buffer,10.0,13,2.8100138521006626,74.0,True
2,Analytic,buffer,10.0,14,2.2528798320126646,37.0,True
2,Analytic,buffer,10.0,15,4.275987794477725,40.0,True
2,Analytic,buffer,10.0,16,2.462155265167235,97.0,True
2,Analytic,buffer,10.0,17,3.088634594623198,27.0,True
2,Analytic,buffer,10.0,18,3.2350483439153574,35.0,True
2,Analytic,buffer,10.0,19,2.510021592010477,83.0,True
2,Analytic,buffer,10.0,20,2.4351637302017877,25.0,True
2,Analytic,buffer,10.0,21,3.3518471413908237,74.0,True
2,Analytic,buffer,10.0,22,3.182254284220217,79.0,True
2,Analytic,buffer,10.0,23,2.1047753388985253,45.0,True
2,Analytic,buffer,10.0,24,2.38482495284332,13.0,True
2,Analytic,buffer,10.0,25,2.426059295965174,113.0,True
2,Analytic,buffer,10.0,26,2.23419161363552,53.0,True
2,Analytic,buffer,10.0,27,3.5303527009969398,59.0,True
2,Analytic,buffer,10.0,28,3.633630790496809,55.0,True
2,Analytic,buffer,10.0,29,2.760529985849782,24.0,True
2,Analytic,buffer,10.0,30,3.274922675769785,100.0,True
2,Analytic,buffer,10.0,31,2.523705117496995,35.0,True
2,Analytic,buffer,10.0,32,2.478073498666814,80.0,True
2,Analytic,buffer,10.0,33,2.4871414788377972,107.0,True
2,Analytic,buffer,10.0,34,2.3899011808884083,30.0,True
2,Analytic,buffer,10.0,35,2.3798836814730793,62.0,True
2,Analytic,buffer,10.0,36,3.0246433060546827,41.0,True
2,Analytic,buffer,10.0,37,2.686060159338085,48.0,True
2,Analytic,buffer,10.0,38,3.4108997839237674,95.0,True
2,Analytic,buffer,10.0,39,2.610203019581176,52.0,True
2,Analytic,buffer,10.0,40,3.062002239963606,16.0,True
2,Analytic,buffer,10.0,41,2.921874218100883,105.0,True
2,Analytic,buffer,10.0,42,3.087312618503433,107.0,True
2,Analytic,buffer,10.0,43,2.1637882957411487,39.0,True
2,Analytic,buffer,10.0,44,2.8761741791634776,51.0,True
2,Analytic,buffer,10.0,45,2.8116487298816923,25.0,True
2,Analytic,buffer,10.0,46,3.598400142369124,22.0,True
2,Analytic,buffer,10.0,47,2.3451318080555423,29.0,True
2,Analytic,buffer,10.0,48,3.1973458721173094,36.0,True
2,Analytic,buffer,10.0,49,2.6138180084081406,64.0,True
2,Analytic,buffer,15.0,0,3.1973316128382447,22.0,True
2,Analytic,buffer,15.0,1,2.9114300615931326,16.0,True
2,Analytic,buffer,15.0,2,3.419222217523704,30.0,True
2,Analytic,buffer,15.0,3,2.356254655984064,10.0,True
2,Analytic,buffer,15.0,4,2.7121713184381564,60.0,True
2,Analytic,buffer,15.0,5,3.076585018956171,101.0,True
2,Analytic,buffer,15.0,6,3.1704646725928836,107.0,True
2,Analytic,buffer,15.0,7,3.475227077159596,40.0,True
2,Analytic,buffer,15.0,8,2.5966310270764725,57.0,True
2,Analytic,buffer,15.0,9,2.123329572049782,56.0,True
2,Analytic,buffer,15.0,10,2.5775443754647775,35.0,True
2,Analytic,buffer,15.0,11,3.067493813076811,30.0,True
2,Analytic,buffer,15.0,12,3.7661179995870557,40.0,True
2,Analytic,buffer,15.0,13,2.8100138521006626,73.0,True
2,Analytic,buffer,15.0,14,2.2528798320126646,33.0,True
2,Analytic,buffer,15.0,15,4.275987794477725,36.0,True
2,Analytic,buffer,15.0,16,2.462155265167235,91.0,True
2,Analytic,buffer,15.0,17,3.088634594623198,22.0,True
2,Analytic,buffer,15.0,18,3.2350483439153574,32.0,True
2,Analytic,buffer,15.0,19,2.510021592010477,77.0,True
2,Analytic,buffer,15.0,20,2.4351637302017877,21.0,True
2,Analytic,buffer,15.0,21,3.3518471413908237,70.0,True
2,Analytic,buffer,15.0,22,3.182254284220217,74.0,True
2,Analytic,buffer,15.0,23,2.1047753388985253,41.0,True
2,Analytic,buffer,15.0,24,2.38482495284332,10.0,True
2,Analytic,buffer,15.0,25,2.426059295965174,112.0,True
2,Analytic,buffer,15.0,26,2.23419161363552,48.0,True
2,Analytic,buffer,15.0,27,3.5303527009969398,55.0,True
2,Analytic,buffer,15.0,28,3.633630790496809,51.0,True
2,Analytic,buffer,15.0,29,2.760529985849782,19.0,True
2,Analytic,buffer,15.0,30,3.274922675769785,95.0,True
2,Analytic,buffer,15.0,31,2.523705117496995,30.0,True
2,Analytic,buffer,15.0,32,2.478073498666814,75.0,True
2,Analytic,buffer,15.0,33,2.4871414788377972,102.0,True
2,Analytic,buffer,15.0,34,2.3899011808884083,24.0,True
2,Analytic,buffer,15.0,35,2.3798836814730793,56.0,True
2,Analytic,buffer,15.0,36,3.0246433060546827,40.0,True
2,Analytic,buffer,15.0,37,2.686060159338085,46.0,True
2,Analytic,buffer,15.0,38,3.4108997839237674,91.0,True
2,Analytic,buffer,15.0,39,2.610203019581176,48.0,True
2,Analytic,buffer,15.0,40,3.062002239963606,13.0,True
2,Analytic,buffer,15.0,41,2.921874218100883,98.0,True
2,Analytic,buffer,15.0,42,3.087312618503433,102.0,True
2,Analytic,buffer,15.0,43,2.1637882957411487,35.0,True
2,Analytic,buffer,15.0,44,2.8761741791634776,45.0,True
2,Analytic,buffer,15.0,45,2.8116487298816923,20.0,True
2,Analytic,buffer,15.0,46,3.598400142369124,17.0,True
2,Analytic,buffer,15.0,47,2.3451318080555423,24.0,True
2,Analytic,buffer,15.0,48,3.1973458721173094,30.0,True
2,Analytic,buffer,15.0,49,2.6138180084081406,56.0,True
2,Analytic,buffer,20.0,0,3.1973316128382447,19.0,True
2,Analytic,buffer,20.0,1,2.9114300615931326,12.0,True
2,Analytic,buffer,20.0,2,3.419222217523704,24.0,True
2,Analytic,buffer,20.0,3,2.356254655984064,6.0,True
2,Analytic,buffer,20.0,4,2.7121713184381564,54.0,True
2,Analytic,buffer,20.0,5,3.076585018956171,93.0,True
2,Analytic,buffer,20.0,6,3.1704646725928836,101.0,True
2,Analytic,buffer,20.0,7,3.475227077159596,38.0,True
2,Analytic,buffer,20.0,8,2.5966310270764725,53.0,True
2,Analytic,buffer,20.0,9,2.123329572049782,52.0,True
2,Analytic,buffer,20.0,10,2.5775443754647775,31.0,True
2,Analytic,buffer,20.0,11,3.067493813076811,25.0,True
2,Analytic,buffer,20.0,12,3.7661179995870557,34.0,True
2,Analytic,buffer,20.0,13,2.8100138521006626,67.0,True
2,Analytic,buffer,20.0,14,2.2528798320126646,28.0,True
2,Analytic,buffer,20.0,15,4.275987794477725,32.0,True
2,Analytic,buffer,20.0,16,2.462155265167235,84.0,True
2,Analytic,buffer,20.0,17,3.088634594623198,17.0,True
2,Analytic,buffer,20.0,18,3.2350483439153574,26.0,True
2,Analytic,buffer,20.0,19,2.510021592010477,69.0,True
2,Analytic,buffer,20.0,20,2.4351637302017877,15.0,True
2,Analytic,buffer,20.0,21,3.3518471413908237,64.0,True
2,Analytic,buffer,20.0,22,3.182254284220217,67.0,True
2,Analytic,buffer,20.0,23,2.1047753388985253,35.0,True
2,Analytic,buffer,20.0,24,2.38482495284332,6.0,True
2,Analytic,buffer,20.0,25,2.426059295965174,111.0,True
2,Analytic,buffer,20.0,26,2.23419161363552,42.0,True
2,Analytic,buffer,20.0,27,3.5303527009969398,53.0,True
2,Analytic,buffer,20.0,28,3.633630790496809,46.0,True
2,Analytic,buffer,20.0,29,2.760529985849782,13.0,True
2,Analytic,buffer,20.0,30,3.274922675769785,90.0,True
2,Analytic,buffer,20.0,31,2.523705117496995,25.0,True
2,Analytic,buffer,20.0,32,2.478073498666814,69.0,True
2,Analytic,buffer,20.0,33,2.4871414788377972,98.0,True
2,Analytic,buffer,20.0,34,2.3899011808884083,19.0,True
2,Analytic,buffer,20.0,35,2.3798836814730793,52.0,True
2,Analytic,buffer,20.0,36,3.0246433060546827,33.0,True
2,Analytic,buffer,20.0,37,2.686060159338085,42.0,True
2,Analytic,buffer,20.0,38,3.4108997839237674,87.0,True
2,Analytic,buffer,20.0,39,2.610203019581176,43.0,True
2,Analytic,buffer,20.0,40,3.062002239963606,8.0,True
2,Analytic,buffer,20.0,41,2.921874218100883,95.0,True
2,Analytic,buffer,20.0,42,3.087312618503433,97.0,True
2,Analytic,buffer,20.0,43,2.1637882957411487,27.0,True
2,Analytic,buffer,20.0,44,2.8761741791634776,39.0,True
2,Analytic,buffer,20.0,45,2.8116487298816923,15.0,True
2,Analytic,buffer,20.0,46,3.598400142369124,11.0,True
2,Analytic,buffer,20.0,47,2.3451318080555423,19.0,True
2,Analytic,buffer,20.0,48,3.1973458721173094,26.0,True
2,Analytic,buffer,20.0,49,2.6138180084081406,54.0,True
2,Analytic,crossing,5.0,0,3.1973316128382447,,False
2,Analytic,crossing,5.0,1,2.9114300615931326,,False
2,Analytic,crossing,5.0,2,3.419222217523704,,False
2,Analytic,crossing,5.0,3,2.356254655984064,47.0,True
2,Analytic,crossing,5.0,4,2.7121713184381564,67.0,True
2,Analytic,crossing,5.0,5,3.076585018956171,,False
2,Analytic,crossing,5.0,6,3.1704646725928836,,False
2,Analytic,crossing,5.0,7,3.475227077159596,,False
2,Analytic,crossing,5.0,8,2.5966310270764725,64.0,True
2,Analytic,crossing,5.0,9,2.123329572049782,67.0,True
2,Analytic,crossing,5.0,10,2.5775443754647775,67.0,True
2,Analytic,crossing,5.0,11,3.067493813076811,43.0,True
2,Analytic,crossing,5.0,12,3.7661179995870557,,False
2,Analytic,crossing,5.0,13,2.8100138521006626,,False
2,Analytic,crossing,5.0,14,2.2528798320126646,,False
2,Analytic,crossing,5.0,15,4.275987794477725,,False
2,Analytic,crossing,5.0,16,2.462155265167235,,False
2,Analytic,crossing,5.0,17,3.088634594623198,,False
2,Analytic,crossing,5.0,18,3.2350483439153574,,False
2,Analytic,crossing,5.0,19,2.510021592010477,,False
2,Analytic,crossing,5.0,20,2.4351637302017877,33.0,True
2,Analytic,crossing,5.0,21,3.3518471413908237,,False
2,Analytic,crossing,5.0,22,3.182254284220217,,False
2,Analytic,crossing,5.0,23,2.1047753388985253,52.0,True
2,Analytic,crossing,5.0,24,2.38482495284332,,False
2,Analytic,crossing,5.0,25,2.426059295965174,117.0,True
2,Analytic,crossing,5.0,26,2.23419161363552,59.0,True
2,Analytic,crossing,5.0,27,3.5303527009969398,,False
2,Analytic,crossing,5.0,28,3.633630790496809,,False
2,Analytic,crossing,5.0,29,2.760529985849782,,False
2,Analytic,crossing,5.0,30,3.274922675769785,,False
2,Analytic,crossing,5.0,31,2.523705117496995,44.0,True
2,Analytic,crossing,5.0,32,2.478073498666814,,False
2,Analytic,crossing,5.0,33,2.4871414788377972,,False
2,Analytic,crossing,5.0,34,2.3899011808884083,37.0,True
2,Analytic,crossing,5.0,35,2.3798836814730793,66.0,True
2,Analytic,crossing,5.0,36,3.0246433060546827,,False
2,Analytic,crossing,5.0,37,2.686060159338085,,False
2,Analytic,crossing,5.0,38,3.4108997839237674,,False
2,Analytic,crossing,5.0,39,2.610203019581176,,False
2,Analytic,crossing,5.0,40,3.062002239963606,,False
2,Analytic,crossing,5.0,41,2.921874218100883,,False
2,Analytic,crossing,5.0,42,3.087312618503433,,False
2,Analytic,crossing,5.0,43,2.1637882957411487,70.0,True
2,Analytic,crossing,5.0,44,2.8761741791634776,,False
2,Analytic,crossing,5.0,45,2.8116487298816923,,False
2,Analytic,crossing,5.0,46,3.598400142369124,,False
2,Analytic,crossing,5.0,47,2.3451318080555423,34.0,True
2,Analytic,crossing,5.0,48,3.1973458721173094,,False
2,Analytic,crossing,5.0,49,2.6138180084081406,,False
2,Analytic,crossing,10.0,0,3.1973316128382447,30.0,True
2,Analytic,crossing,10.0,1,2.9114300615931326,24.0,True
2,Analytic,crossing,10.0,2,3.419222217523704,37.0,True
2,Analytic,crossing,10.0,3,2.356254655984064,18.0,True
2,Analytic,crossing,10.0,4,2.7121713184381564,64.0,True
2,Analytic,crossing,10.0,5,3.076585018956171,107.0,True
2,Analytic,crossing,10.0,6,3.1704646725928836,114.0,True
2,Analytic,crossing,10.0,7,3.475227077159596,48.0,True
2,Analytic,crossing,10.0,8,2.5966310270764725,60.0,True
2,Analytic,crossing,10.0,9,2.123329572049782,63.0,True
2,Analytic,crossing,10.0,10,2.5775443754647775,43.0,True
2,Analytic,crossing,10.0,11,3.067493813076811,37.0,True
2,Analytic,crossing,10.0,12,3.7661179995870557,54.0,True
2,Analytic,crossing,10.0,13,2.8100138521006626,75.0,True
2,Analytic,crossing,10.0,14,2.2528798320126646,42.0,True
2,Analytic,crossing,10.0,15,4.275987794477725,,False
2,Analytic,crossing,10.0,16,2.462155265167235,99.0,True
2,Analytic,crossing,10.0,17,3.088634594623198,30.0,True
2,Analytic,crossing,10.0,18,3.2350483439153574,40.0,True
2,Analytic,crossing,10.0,19,2.510021592010477,84.0,True
2,Analytic,crossing,10.0,20,2.4351637302017877,27.0,True
2,Analytic,crossing,10.0,21,3.3518471413908237,77.0,True
2,Analytic,crossing,10.0,22,3.182254284220217,82.0,True
2,Analytic,crossing,10.0,23,2.1047753388985253,48.0,True
2,Analytic,crossing,10.0,24,2.38482495284332,15.0,True
2,Analytic,crossing,10.0,25,2.426059295965174,114.0,True
2,Analytic,crossing,10.0,26,2.23419161363552,54.0,True
2,Analytic,crossing,10.0,27,3.5303527009969398,,False
2,Analytic,crossing,10.0,28,3.633630790496809,57.0,True
2,Analytic,crossing,10.0,29,2.760529985849782,26.0,True
2,Analytic,crossing,10.0,30,3.274922675769785,103.0,True
2,Analytic,crossing,10.0,31,2.523705117496995,38.0,True
2,Analytic,crossing,10.0,32,2.478073498666814,85.0,True
2,Analytic,crossing,10.0,33,2.4871414788377972,109.0,True
2,Analytic,crossing,10.0,34,2.3899011808884083,31.0,True
2,Analytic,crossing,10.0,35,2.3798836814730793,63.0,True
2,Analytic,crossing,10.0,36,3.0246433060546827,43.0,True
2,Analytic,crossing,10.0,37,2.686060159338085,49.0,True
2,Analytic,crossing,10.0,38,3.4108997839237674,97.0,True
2,Analytic,crossing,10.0,39,2.610203019581176,56.0,True
2,Analytic,crossing,10.0,40,3.062002239963606,19.0,True
2,Analytic,crossing,10.0,41,2.921874218100883,108.0,True
2,Analytic,crossing,10.0,42,3.087312618503433,109.0,True
2,Analytic,crossing,10.0,43,2.1637882957411487,42.0,True
2,Analytic,crossing,10.0,44,2.8761741791634776,53.0,True
2,Analytic,crossing,10.0,45,2.8116487298816923,27.0,True
2,Analytic,crossing,10.0,46,3.598400142369124,24.0,True
2,Analytic,crossing,10.0,47,2.3451318080555423,30.0,True
2,Analytic,crossing,10.0,48,3.1973458721173094,39.0,True
2,Analytic,crossing,10.0,49,2.6138180084081406,67.0,True
2,Analytic,crossing,15.0,0,3.1973316128382447,25.0,True
2,Analytic,crossing,15.0,1,2.9114300615931326,19.0,True
2,Analytic,crossing,15.0,2,3.419222217523704,32.0,True
2,Analytic,crossing,15.0,3,2.356254655984064,13.0,True
2,Analytic,crossing,15.0,4,2.7121713184381564,62.0,True
2,Analytic,crossing,15.0,5,3.076585018956171,104.0,True
2,Analytic,crossing,15.0,6,3.1704646725928836,109.0,True
2,Analytic,crossing,15.0,7,3.475227077159596,43.0,True
2,Analytic,crossing,15.0,8,2.5966310270764725,59.0,True
2,Analytic,crossing,15.0,9,2.123329572049782,61.0,True
2,Analytic,crossing,15.0,10,2.5775443754647775,37.0,True
2,Analytic,crossing,15.0,11,3.067493813076811,31.0,True
2,Analytic,crossing,15.0,12,3.7661179995870557,43.0,True
2,Analytic,crossing,15.0,13,2.8100138521006626,74.0,True
2,Analytic,crossing,15.0,14,2.2528798320126646,35.0,True
2,Analytic,crossing,15.0,15,4.275987794477725,37.0,True
2,Analytic,crossing,15.0,16,2.462155265167235,94.0,True
2,Analytic,crossing,15.0,17,3.088634594623198,25.0,True
2,Analytic,crossing,15.0,18,3.2350483439153574,34.0,True
2,Analytic,crossing,15.0,19,2.510021592010477,80.0,True
2,Analytic,crossing,15.0,20,2.4351637302017877,23.0,True
2,Analytic,crossing,15.0,21,3.3518471413908237,71.0,True
2,Analytic,crossing,15.0,22,3.182254284220217,76.0,True
2,Analytic,crossing,15.0,23,2.1047753388985253,43.0,True
2,Analytic,crossing,15.0,24,2.38482495284332,11.0,True
2,Analytic,crossing,15.0,25,2.426059295965174,113.0,True
2,Analytic,crossing,15.0,26,2.23419161363552,51.0,True
2,Analytic,crossing,15.0,27,3.5303527009969398,58.0,True
2,Analytic,crossing,15.0,28,3.633630790496809,53.0,True
2,Analytic,crossing,15.0,29,2.760529985849782,22.0,True
2,Analytic,crossing,15.0,30,3.274922675769785,97.0,True
2,Analytic,crossing,15.0,31,2.523705117496995,32.0,True
2,Analytic,crossing,15.0,32,2.478073498666814,78.0,True
2,Analytic,crossing,15.0,33,2.4871414788377972,105.0,True
2,Analytic,crossing,15.0,34,2.3899011808884083,28.0,True
2,Analytic,crossing,15.0,35,2.3798836814730793,61.0,True
2,Analytic,crossing,15.0,36,3.0246433060546827,41.0,True
2,Analytic,crossing,15.0,37,2.686060159338085,48.0,True
2,Analytic,crossing,15.0,38,3.4108997839237674,93.0,True
2,Analytic,crossing,15.0,39,2.610203019581176,51.0,True
2,Analytic,crossing,15.0,40,3.062002239963606,15.0,True
2,Analytic,crossing,15.0,41,2.921874218100883,101.0,True
2,Analytic,crossing,15.0,42,3.087312618503433,104.0,True
2,Analytic,crossing,15.0,43,2.1637882957411487,37.0,True
2,Analytic,crossing,15.0,44,2.8761741791634776,49.0,True
2,Analytic,crossing,15.0,45,2.8116487298816923,23.0,True
2,Analytic,crossing,15.0,46,3.598400142369124,19.0,True
2,Analytic,crossing,15.0,47,2.3451318080555423,28.0,True
2,Analytic,crossing,15.0,48,3.1973458721173094,35.0,True
2,Analytic,crossing,15.0,49,2.6138180084081406,63.0,True
2,Analytic,crossing,20.0,0,3.1973316128382447,21.0,True
2,Analytic,crossing,20.0,1,2.9114300615931326,13.0,True
2,Analytic,crossing,20.0,2,3.419222217523704,28.0,True
2,Analytic,crossing,20.0,3,2.356254655984064,7.0,True
2,Analytic,crossing,20.0,4,2.7121713184381564,58.0,True
2,Analytic,crossing,20.0,5,3.076585018956171,102.0,True
2,Analytic,crossing,20.0,6,3.1704646725928836,105.0,True
2,Analytic,crossing,20.0,7,3.475227077159596,40.0,True
2,Analytic,crossing,20.0,8,2.5966310270764725,57.0,True
2,Analytic,crossing,20.0,9,2.123329572049782,54.0,True
2,Analytic,crossing,20.0,10,2.5775443754647775,33.0,True
2,Analytic,crossing,20.0,11,3.067493813076811,27.0,True
2,Analytic,crossing,20.0,12,3.7661179995870557,37.0,True
2,Analytic,crossing,20.0,13,2.8100138521006626,74.0,True
2,Analytic,crossing,20.0,14,2.2528798320126646,32.0,True
2,Analytic,crossing,20.0,15,4.275987794477725,34.0,True
2,Analytic,crossing,20.0,16,2.462155265167235,88.0,True
2,Analytic,crossing,20.0,17,3.088634594623198,19.0,True
2,Analytic,crossing,20.0,18,3.2350483439153574,31.0,True
2,Analytic,crossing,20.0,19,2.510021592010477,74.0,True
2,Analytic,crossing,20.0,20,2.4351637302017877,17.0,True
2,Analytic,crossing,20.0,21,3.3518471413908237,67.0,True
2,Analytic,crossing,20.0,22,3.182254284220217,72.0,True
2,Analytic,crossing,20.0,23,2.1047753388985253,38.0,True
2,Analytic,crossing,20.0,24,2.38482495284332,6.0,True
2,Analytic,crossing,20.0,25,2.426059295965174,112.0,True
2,Analytic,crossing,20.0,26,2.23419161363552,46.0,True
2,Analytic,crossing,20.0,27,3.5303527009969398,55.0,True
2,Analytic,crossing,20.0,28,3.633630790496809,48.0,True
2,Analytic,crossing,20.0,29,2.760529985849782,15.0,True
2,Analytic,crossing,20.0,30,3.274922675769785,92.0,True
2,Analytic,crossing,20.0,31,2.523705117496995,28.0,True
2,Analytic,crossing,20.0,32,2.478073498666814,72.0,True
2,Analytic,crossing,20.0,33,2.4871414788377972,100.0,True
2,Analytic,crossing,20.0,34,2.3899011808884083,20.0,True
2,Analytic,crossing,20.0,35,2.3798836814730793,55.0,True
2,Analytic,crossing,20.0,36,3.0246433060546827,40.0,True
2,Analytic,crossing,20.0,37,2.686060159338085,46.0,True
2,Analytic,crossing,20.0,38,3.4108997839237674,89.0,True
2,Analytic,crossing,20.0,39,2.610203019581176,47.0,True
2,Analytic,crossing,20.0,40,3.062002239963606,12.0,True
2,Analytic,crossing,20.0,41,2.921874218100883,96.0,True
2,Analytic,crossing,20.0,42,3.087312618503433,100.0,True
2,Analytic,crossing,20.0,43,2.1637882957411487,31.0,True
2,Analytic,crossing,20.0,44,2.8761741791634776,43.0,True
2,Analytic,crossing,20.0,45,2.8116487298816923,18.0,True
2,Analytic,crossing,20.0,46,3.598400142369124,14.0,True
2,Analytic,crossing,20.0,47,2.3451318080555423,22.0,True
2,Analytic,crossing,20.0,48,3.1973458721173094,28.0,True
2,Analytic,crossing,20.0,49,2.6138180084081406,55.0,True
2,LSTM,buffer,5.0,0,3.1973316128382447,32.0,True
2,LSTM,buffer,5.0,1,2.9114300615931326,,False
2,LSTM,buffer,5.0,2,3.419222217523704,39.0,True
2,LSTM,buffer,5.0,3,2.356254655984064,20.0,True
2,LSTM,buffer,5.0,4,2.7121713184381564,65.0,True
2,LSTM,buffer,5.0,5,3.076585018956171,107.0,True
2,LSTM,buffer,5.0,6,3.1704646725928836,,False
2,LSTM,buffer,5.0,7,3.475227077159596,,False
2,LSTM,buffer,5.0,8,2.5966310270764725,61.0,True
2,LSTM,buffer,5.0,9,2.123329572049782,65.0,True
2,LSTM,buffer,5.0,10,2.5775443754647775,45.0,True
2,LSTM,buffer,5.0,11,3.067493813076811,40.0,True
2,LSTM,buffer,5.0,12,3.7661179995870557,,False
2,LSTM,buffer,5.0,13,2.8100138521006626,74.0,True
2,LSTM,buffer,5.0,14,2.2528798320126646,45.0,True
2,LSTM,buffer,5.0,15,4.275987794477725,,False
2,LSTM,buffer,5.0,16,2.462155265167235,101.0,True
2,LSTM,buffer,5.0,17,3.088634594623198,,False
2,LSTM,buffer,5.0,18,3.2350483439153574,,False
2,LSTM,buffer,5.0,19,2.510021592010477,86.0,True
2,LSTM,buffer,5.0,20,2.4351637302017877,30.0,True
2,LSTM,buffer,5.0,21,3.3518471413908237,,False
2,LSTM,buffer,5.0,22,3.182254284220217,84.0,True
2,LSTM,buffer,5.0,23,2.1047753388985253,50.0,True
2,LSTM,buffer,5.0,24,2.38482495284332,18.0,True
2,LSTM,buffer,5.0,25,2.426059295965174,114.0,True
2,LSTM,buffer,5.0,26,2.23419161363552,56.0,True
2,LSTM,buffer,5.0,27,3.5303527009969398,,False
2,LSTM,buffer,5.0,28,3.633630790496809,,False
2,LSTM,buffer,5.0,29,2.760529985849782,30.0,True
2,LSTM,buffer,5.0,30,3.274922675769785,,False
2,LSTM,buffer,5.0,31,2.523705117496995,40.0,True
2,LSTM,buffer,5.0,32,2.478073498666814,87.0,True
2,LSTM,buffer,5.0,33,2.4871414788377972,112.0,True
2,LSTM,buffer,5.0,34,2.3899011808884083,34.0,True
2,LSTM,buffer,5.0,35,2.3798836814730793,64.0,True
2,LSTM,buffer,5.0,36,3.0246433060546827,45.0,True
2,LSTM,buffer,5.0,37,2.686060159338085,51.0,True
2,LSTM,buffer,5.0,38,3.4108997839237674,,False
2,LSTM,buffer,5.0,39,2.610203019581176,58.0,True
2,LSTM,buffer,5.0,40,3.062002239963606,22.0,True
2,LSTM,buffer,5.0,41,2.921874218100883,,False
2,LSTM,buffer,5.0,42,3.087312618503433,112.0,True
2,LSTM,buffer,5.0,43,2.1637882957411487,67.0,True
2,LSTM,buffer,5.0,44,2.8761741791634776,,False
2,LSTM,buffer,5.0,45,2.8116487298816923,31.0,True
2,LSTM,buffer,5.0,46,3.598400142369124,,False
2,LSTM,buffer,5.0,47,2.3451318080555423,32.0,True
2,LSTM,buffer,5.0,48,3.1973458721173094,,False
2,LSTM,buffer,5.0,49,2.6138180084081406,70.0,True
2,LSTM,buffer,10.0,0,3.1973316128382447,29.0,True
2,LSTM,buffer,10.0,1,2.9114300615931326,23.0,True
2,LSTM,buffer,10.0,2,3.419222217523704,35.0,True
2,LSTM,buffer,10.0,3,2.356254655984064,19.0,True
2,LSTM,buffer,10.0,4,2.7121713184381564,63.0,True
2,LSTM,buffer,10.0,5,3.076585018956171,105.0,True
2,LSTM,buffer,10.0,6,3.1704646725928836,114.0,True
2,LSTM,buffer,10.0,7,3.475227077159596,46.0,True
2,LSTM,buffer,10.0,8,2.5966310270764725,59.0,True
2,LSTM,buffer,10.0,9,2.123329572049782,62.0,True
2,LSTM,buffer,10.0,10,2.5775443754647775,41.0,True
2,LSTM,buffer,10.0,11,3.067493813076811,36.0,True
2,LSTM,buffer,10.0,12,3.7661179995870557,51.0,True
2,LSTM,buffer,10.0,13,2.8100138521006626,72.0,True
2,LSTM,buffer,10.0,14,2.2528798320126646,40.0,True
2,LSTM,buffer,10.0,15,4.275987794477725,48.0,True
2,LSTM,buffer,10.0,16,2.462155265167235,97.0,True
2,LSTM,buffer,10.0,17,3.088634594623198,29.0,True
2,LSTM,buffer,10.0,18,3.2350483439153574,39.0,True
2,LSTM,buffer,10.0,19,2.510021592010477,82.0,True
2,LSTM,buffer,10.0,20,2.4351637302017877,26.0,True
2,LSTM,buffer,10.0,21,3.3518471413908237,74.0,True
2,LSTM,buffer,10.0,22,3.182254284220217,82.0,True
2,LSTM,buffer,10.0,23,2.1047753388985253,47.0,True
2,LSTM,buffer,10.0,24,2.38482495284332,14.0,True
2,LSTM,buffer,10.0,25,2.426059295965174,112.0,True
2,LSTM,buffer,10.0,26,2.23419161363552,53.0,True
2,LSTM,buffer,10.0,27,3.5303527009969398,63.0,True
2,LSTM,buffer,10.0,28,3.633630790496809,55.0,True
2,LSTM,buffer,10.0,29,2.760529985849782,25.0,True
2,LSTM,buffer,10.0,30,3.274922675769785,101.0,True
2,LSTM,buffer,10.0,31,2.523705117496995,36.0,True
2,LSTM,buffer,10.0,32,2.478073498666814,84.0,True
2,LSTM,buffer,10.0,33,2.4871414788377972,108.0,True
2,LSTM,buffer,10.0,34,2.3899011808884083,30.0,True
2,LSTM,buffer,10.0,35,2.3798836814730793,61.0,True
2,LSTM,buffer,10.0,36,3.0246433060546827,41.0,True
2,LSTM,buffer,10.0,37,2.686060159338085,48.0,True
2,LSTM,buffer,10.0,38,3.4108997839237674,96.0,True
2,LSTM,buffer,10.0,39,2.610203019581176,55.0,True
2,LSTM,buffer,10.0,40,3.062002239963606,17.0,True
2,LSTM,buffer,10.0,41,2.921874218100883,106.0,True
2,LSTM,buffer,10.0,42,3.087312618503433,108.0,True
2,LSTM,buffer,10.0,43,2.1637882957411487,40.0,True
2,LSTM,buffer,10.0,44,2.8761741791634776,50.0,True
2,LSTM,buffer,10.0,45,2.8116487298816923,25.0,True
2,LSTM,buffer,10.0,46,3.598400142369124,22.0,True
2,LSTM,buffer,10.0,47,2.3451318080555423,29.0,True
2,LSTM,buffer,10.0,48,3.1973458721173094,41.0,True
2,LSTM,buffer,10.0,49,2.6138180084081406,64.0,True
2,LSTM,buffer,15.0,0,3.1973316128382447,28.0,True
2,LSTM,buffer,15.0,1,2.9114300615931326,18.0,True
2,LSTM,buffer,15.0,2,3.419222217523704,31.0,True
2,LSTM,buffer,15.0,3,2.356254655984064,14.0,True
2,LSTM,buffer,15.0,4,2.7121713184381564,62.0,True
2,LSTM,buffer,15.0,5,3.076585018956171,104.0,True
2,LSTM,buffer,15.0,6,3.1704646725928836,109.0,True
2,LSTM,buffer,15.0,7,3.475227077159596,43.0,True
2,LSTM,buffer,15.0,8,2.5966310270764725,58.0,True
2,LSTM,buffer,15.0,9,2.123329572049782,59.0,True
2,LSTM,buffer,15.0,10,2.5775443754647775,35.0,True
2,LSTM,buffer,15.0,11,3.067493813076811,31.0,True
2,LSTM,buffer,15.0,12,3.7661179995870557,42.0,True
2,LSTM,buffer,15.0,13,2.8100138521006626,72.0,True
2,LSTM,buffer,15.0,14,2.2528798320126646,36.0,True
2,LSTM,buffer,15.0,15,4.275987794477725,36.0,True
2,LSTM,buffer,15.0,16,2.462155265167235,94.0,True
2,LSTM,buffer,15.0,17,3.088634594623198,25.0,True
2,LSTM,buffer,15.0,18,3.2350483439153574,32.0,True
2,LSTM,buffer,15.0,19,2.510021592010477,77.0,True
2,LSTM,buffer,15.0,20,2.4351637302017877,21.0,True
2,LSTM,buffer,15.0,21,3.3518471413908237,71.0,True
2,LSTM,buffer,15.0,22,3.182254284220217,77.0,True
2,LSTM,buffer,15.0,23,2.1047753388985253,42.0,True
2,LSTM,buffer,15.0,24,2.38482495284332,10.0,True
2,LSTM,buffer,15.0,25,2.426059295965174,112.0,True
2,LSTM,buffer,15.0,26,2.23419161363552,51.0,True
2,LSTM,buffer,15.0,27,3.5303527009969398,58.0,True
2,LSTM,buffer,15.0,28,3.633630790496809,51.0,True
2,LSTM,buffer,15.0,29,2.760529985849782,20.0,True
2,LSTM,buffer,15.0,30,3.274922675769785,96.0,True
2,LSTM,buffer,15.0,31,2.523705117496995,32.0,True
2,LSTM,buffer,15.0,32,2.478073498666814,78.0,True
2,LSTM,buffer,15.0,33,2.4871414788377972,104.0,True
2,LSTM,buffer,15.0,34,2.3899011808884083,27.0,True
2,LSTM,buffer,15.0,35,2.3798836814730793,61.0,True
2,LSTM,buffer,15.0,36,3.0246433060546827,40.0,True
2,LSTM,buffer,15.0,37,2.686060159338085,48.0,True
2,LSTM,buffer,15.0,38,3.4108997839237674,93.0,True
2,LSTM,buffer,15.0,39,2.610203019581176,50.0,True
2,LSTM,buffer,15.0,40,3.062002239963606,15.0,True
2,LSTM,buffer,15.0,41,2.921874218100883,100.0,True
2,LSTM,buffer,15.0,42,3.087312618503433,104.0,True
2,LSTM,buffer,15.0,43,2.1637882957411487,36.0,True
2,LSTM,buffer,15.0,44,2.8761741791634776,48.0,True
2,LSTM,buffer,15.0,45,2.8116487298816923,21.0,True
2,LSTM,buffer,15.0,46,3.598400142369124,18.0,True
2,LSTM,buffer,15.0,47,2.3451318080555423,24.0,True
2,LSTM,buffer,15.0,48,3.1973458721173094,34.0,True
2,LSTM,buffer,15.0,49,2.6138180084081406,60.0,True
2,LSTM,buffer,20.0,0,3.1973316128382447,24.0,True
2,LSTM,buffer,20.0,1,2.9114300615931326,13.0,True
2,LSTM,buffer,20.0,2,3.419222217523704,27.0,True
2,LSTM,buffer,20.0,3,2.356254655984064,7.0,True
2,LSTM,buffer,20.0,4,2.7121713184381564,56.0,True
2,LSTM,buffer,20.0,5,3.076585018956171,102.0,True
2,LSTM,buffer,20.0,6,3.1704646725928836,106.0,True
2,LSTM,buffer,20.0,7,3.475227077159596,39.0,True
2,LSTM,buffer,20.0,8,2.5966310270764725,58.0,True
2,LSTM,buffer,20.0,9,2.123329572049782,54.0,True
2,LSTM,buffer,20.0,10,2.5775443754647775,32.0,True
2,LSTM,buffer,20.0,11,3.067493813076811,26.0,True
2,LSTM,buffer,20.0,12,3.7661179995870557,38.0,True
2,LSTM,buffer,20.0,13,2.8100138521006626,72.0,True
2,LSTM,buffer,20.0,14,2.2528798320126646,36.0,True
2,LSTM,buffer,20.0,15,4.275987794477725,35.0,True
2,LSTM,buffer,20.0,16,2.462155265167235,90.0,True
2,LSTM,buffer,20.0,17,3.088634594623198,20.0,True
2,LSTM,buffer,20.0,18,3.2350483439153574,31.0,True
2,LSTM,buffer,20.0,19,2.510021592010477,72.0,True
2,LSTM,buffer,20.0,20,2.4351637302017877,17.0,True
2,LSTM,buffer,20.0,21,3.3518471413908237,67.0,True
2,LSTM,buffer,20.0,22,3.182254284220217,73.0,True
2,LSTM,buffer,20.0,23,2.1047753388985253,38.0,True
2,LSTM,buffer,20.0,24,2.38482495284332,7.0,True
2,LSTM,buffer,20.0,25,2.426059295965174,112.0,True
2,LSTM,buffer,20.0,26,2.23419161363552,47.0,True
2,LSTM,buffer,20.0,27,3.5303527009969398,56.0,True
2,LSTM,buffer,20.0,28,3.633630790496809,49.0,True
2,LSTM,buffer,20.0,29,2.760529985849782,15.0,True
2,LSTM,buffer,20.0,30,3.274922675769785,93.0,True
2,LSTM,buffer,20.0,31,2.523705117496995,26.0,True
2,LSTM,buffer,20.0,32,2.478073498666814,75.0,True
2,LSTM,buffer,20.0,33,2.4871414788377972,99.0,True
2,LSTM,buffer,20.0,34,2.3899011808884083,22.0,True
2,LSTM,buffer,20.0,35,2.3798836814730793,61.0,True
2,LSTM,buffer,20.0,36,3.0246433060546827,40.0,True
2,LSTM,buffer,20.0,37,2.686060159338085,48.0,True
2,LSTM,buffer,20.0,38,3.4108997839237674,90.0,True
2,LSTM,buffer,20.0,39,2.610203019581176,49.0,True
2,LSTM,buffer,20.0,40,3.062002239963606,13.0,True
2,LSTM,buffer,20.0,41,2.921874218100883,96.0,True
2,LSTM,buffer,20.0,42,3.087312618503433,100.0,True
2,LSTM,buffer,20.0,43,2.1637882957411487,31.0,True
2,LSTM,buffer,20.0,44,2.8761741791634776,43.0,True
2,LSTM,buffer,20.0,45,2.8116487298816923,16.0,True
2,LSTM,buffer,20.0,46,3.598400142369124,14.0,True
2,LSTM,buffer,20.0,47,2.3451318080555423,19.0,True
2,LSTM,buffer,20.0,48,3.1973458721173094,29.0,True
2,LSTM,buffer,20.0,49,2.6138180084081406,54.0,True
2,LSTM,crossing,5.0,0,3.1973316128382447,,False
2,LSTM,crossing,5.0,1,2.9114300615931326,,False
2,LSTM,crossing,5.0,2,3.419222217523704,,False
2,LSTM,crossing,5.0,3,2.356254655984064,46.0,True
2,LSTM,crossing,5.0,4,2.7121713184381564,93.0,True
2,LSTM,crossing,5.0,5,3.076585018956171,,False
2,LSTM,crossing,5.0,6,3.1704646725928836,,False
2,LSTM,crossing,5.0,7,3.475227077159596,,False
2,LSTM,crossing,5.0,8,2.5966310270764725,,False
2,LSTM,crossing,5.0,9,2.123329572049782,,False
2,LSTM,crossing,5.0,10,2.5775443754647775,66.0,True
2,LSTM,crossing,5.0,11,3.067493813076811,,False
2,LSTM,crossing,5.0,12,3.7661179995870557,,False
2,LSTM,crossing,5.0,13,2.8100138521006626,,False
2,LSTM,crossing,5.0,14,2.2528798320126646,,False
2,LSTM,crossing,5.0,15,4.275987794477725,,False
2,LSTM,crossing,5.0,16,2.462155265167235,,False
2,LSTM,crossing,5.0,17,3.088634594623198,,False
2,LSTM,crossing,5.0,18,3.2350483439153574,,False
2,LSTM,crossing,5.0,19,2.510021592010477,,False
2,LSTM,crossing,5.0,20,2.4351637302017877,33.0,True
2,LSTM,crossing,5.0,21,3.3518471413908237,,False
2,LSTM,crossing,5.0,22,3.182254284220217,,False
2,LSTM,crossing,5.0,23,2.1047753388985253,,False
2,LSTM,crossing,5.0,24,2.38482495284332,,False
2,LSTM,crossing,5.0,25,2.426059295965174,,False
2,LSTM,crossing,5.0,26,2.23419161363552,,False
2,LSTM,crossing,5.0,27,3.5303527009969398,,False
2,LSTM,crossing,5.0,28,3.633630790496809,,False
2,LSTM,crossing,5.0,29,2.760529985849782,,False
2,LSTM,crossing,5.0,30,3.274922675769785,,False
2,LSTM,crossing,5.0,31,2.523705117496995,,False
2,LSTM,crossing,5.0,32,2.478073498666814,,False
2,LSTM,crossing,5.0,33,2.4871414788377972,,False
2,LSTM,crossing,5.0,34,2.3899011808884083,,False
2,LSTM,crossing,5.0,35,2.3798836814730793,,False
2,LSTM,crossing,5.0,36,3.0246433060546827,,False
2,LSTM,crossing,5.0,37,2.686060159338085,,False
2,LSTM,crossing,5.0,38,3.4108997839237674,,False
2,LSTM,crossing,5.0,39,2.610203019581176,,False
2,LSTM,crossing,5.0,40,3.062002239963606,,False
2,LSTM,crossing,5.0,41,2.921874218100883,,False
2,LSTM,crossing,5.0,42,3.087312618503433,,False
2,LSTM,crossing,5.0,43,2.1637882957411487,70.0,True
2,LSTM,crossing,5.0,44,2.8761741791634776,,False
2,LSTM,crossing,5.0,45,2.8116487298816923,,False
2,LSTM,crossing,5.0,46,3.598400142369124,,False
2,LSTM,crossing,5.0,47,2.3451318080555423,,False
2,LSTM,crossing,5.0,48,3.1973458721173094,,False
2,LSTM,crossing,5.0,49,2.6138180084081406,,False
2,LSTM,crossing,10.0,0,3.1973316128382447,30.0,True
2,LSTM,crossing,10.0,1,2.9114300615931326,,False
2,LSTM,crossing,10.0,2,3.419222217523704,38.0,True
2,LSTM,crossing,10.0,3,2.356254655984064,20.0,True
2,LSTM,crossing,10.0,4,2.7121713184381564,64.0,True
2,LSTM,crossing,10.0,5,3.076585018956171,,False
2,LSTM,crossing,10.0,6,3.1704646725928836,114.0,True
2,LSTM,crossing,10.0,7,3.475227077159596,49.0,True
2,LSTM,crossing,10.0,8,2.5966310270764725,60.0,True
2,LSTM,crossing,10.0,9,2.123329572049782,63.0,True
2,LSTM,crossing,10.0,10,2.5775443754647775,42.0,True
2,LSTM,crossing,10.0,11,3.067493813076811,39.0,True
2,LSTM,crossing,10.0,12,3.7661179995870557,,False
2,LSTM,crossing,10.0,13,2.8100138521006626,73.0,True
2,LSTM,crossing,10.0,14,2.2528798320126646,,False
2,LSTM,crossing,10.0,15,4.275987794477725,,False
2,LSTM,crossing,10.0,16,2.462155265167235,100.0,True
2,LSTM,crossing,10.0,17,3.088634594623198,31.0,True
2,LSTM,crossing,10.0,18,3.2350483439153574,,False
2,LSTM,crossing,10.0,19,2.510021592010477,84.0,True
2,LSTM,crossing,10.0,20,2.4351637302017877,29.0,True
2,LSTM,crossing,10.0,21,3.3518471413908237,,False
2,LSTM,crossing,10.0,22,3.182254284220217,82.0,True
2,LSTM,crossing,10.0,23,2.1047753388985253,48.0,True
2,LSTM,crossing,10.0,24,2.38482495284332,15.0,True
2,LSTM,crossing,10.0,25,2.426059295965174,113.0,True
2,LSTM,crossing,10.0,26,2.23419161363552,54.0,True
2,LSTM,crossing,10.0,27,3.5303527009969398,,False
2,LSTM,crossing,10.0,28,3.633630790496809,,False
2,LSTM,crossing,10.0,29,2.760529985849782,26.0,True
2,LSTM,crossing,10.0,30,3.274922675769785,107.0,True
2,LSTM,crossing,10.0,31,2.523705117496995,38.0,True
2,LSTM,crossing,10.0,32,2.478073498666814,84.0,True
2,LSTM,crossing,10.0,33,2.4871414788377972,109.0,True
2,LSTM,crossing,10.0,34,2.3899011808884083,32.0,True
2,LSTM,crossing,10.0,35,2.3798836814730793,62.0,True
2,LSTM,crossing,10.0,36,3.0246433060546827,42.0,True
2,LSTM,crossing,10.0,37,2.686060159338085,49.0,True
2,LSTM,crossing,10.0,38,3.4108997839237674,,False
2,LSTM,crossing,10.0,39,2.610203019581176,,False
2,LSTM,crossing,10.0,40,3.062002239963606,21.0,True
2,LSTM,crossing,10.0,41,2.921874218100883,,False
2,LSTM,crossing,10.0,42,3.087312618503433,110.0,True
2,LSTM,crossing,10.0,43,2.1637882957411487,42.0,True
2,LSTM,crossing,10.0,44,2.8761741791634776,,False
2,LSTM,crossing,10.0,45,2.8116487298816923,28.0,True
2,LSTM,crossing,10.0,46,3.598400142369124,23.0,True
2,LSTM,crossing,10.0,47,2.3451318080555423,30.0,True
2,LSTM,crossing,10.0,48,3.1973458721173094,,False
2,LSTM,crossing,10.0,49,2.6138180084081406,,False
2,LSTM,crossing,15.0,0,3.1973316128382447,28.0,True
2,LSTM,crossing,15.0,1,2.9114300615931326,20.0,True
2,LSTM,crossing,15.0,2,3.419222217523704,34.0,True
2,LSTM,crossing,15.0,3,2.356254655984064,19.0,True
2,LSTM,crossing,15.0,4,2.7121713184381564,63.0,True
2,LSTM,crossing,15.0,5,3.076585018956171,106.0,True
2,LSTM,crossing,15.0,6,3.1704646725928836,109.0,True
2,LSTM,crossing,15.0,7,3.475227077159596,45.0,True
2,LSTM,crossing,15.0,8,2.5966310270764725,59.0,True
2,LSTM,crossing,15.0,9,2.123329572049782,61.0,True
2,LSTM,crossing,15.0,10,2.5775443754647775,36.0,True
2,LSTM,crossing,15.0,11,3.067493813076811,32.0,True
2,LSTM,crossing,15.0,12,3.7661179995870557,48.0,True
2,LSTM,crossing,15.0,13,2.8100138521006626,72.0,True
2,LSTM,crossing,15.0,14,2.2528798320126646,,False
2,LSTM,crossing,15.0,15,4.275987794477725,,False
2,LSTM,crossing,15.0,16,2.462155265167235,96.0,True
2,LSTM,crossing,15.0,17,3.088634594623198,26.0,True
2,LSTM,crossing,15.0,18,3.2350483439153574,36.0,True
2,LSTM,crossing,15.0,19,2.510021592010477,81.0,True
2,LSTM,crossing,15.0,20,2.4351637302017877,24.0,True
2,LSTM,crossing,15.0,21,3.3518471413908237,73.0,True
2,LSTM,crossing,15.0,22,3.182254284220217,77.0,True
2,LSTM,crossing,15.0,23,2.1047753388985253,44.0,True
2,LSTM,crossing,15.0,24,2.38482495284332,11.0,True
2,LSTM,crossing,15.0,25,2.426059295965174,112.0,True
2,LSTM,crossing,15.0,26,2.23419161363552,53.0,True
2,LSTM,crossing,15.0,27,3.5303527009969398,,False
2,LSTM,crossing,15.0,28,3.633630790496809,54.0,True
2,LSTM,crossing,15.0,29,2.760529985849782,22.0,True
2,LSTM,crossing,15.0,30,3.274922675769785,99.0,True
2,LSTM,crossing,15.0,31,2.523705117496995,32.0,True
2,LSTM,crossing,15.0,32,2.478073498666814,78.0,True
2,LSTM,crossing,15.0,33,2.4871414788377972,106.0,True
2,LSTM,crossing,15.0,34,2.3899011808884083,29.0,True
2,LSTM,crossing,15.0,35,2.3798836814730793,61.0,True
2,LSTM,crossing,15.0,36,3.0246433060546827,41.0,True
2,LSTM,crossing,15.0,37,2.686060159338085,48.0,True
2,LSTM,crossing,15.0,38,3.4108997839237674,94.0,True
2,LSTM,crossing,15.0,39,2.610203019581176,56.0,True
2,LSTM,crossing,15.0,40,3.062002239963606,16.0,True
2,LSTM,crossing,15.0,41,2.921874218100883,105.0,True
2,LSTM,crossing,15.0,42,3.087312618503433,105.0,True
2,LSTM,crossing,15.0,43,2.1637882957411487,37.0,True
2,LSTM,crossing,15.0,44,2.8761741791634776,49.0,True
2,LSTM,crossing,15.0,45,2.8116487298816923,24.0,True
2,LSTM,crossing,15.0,46,3.598400142369124,22.0,True
2,LSTM,crossing,15.0,47,2.3451318080555423,29.0,True
2,LSTM,crossing,15.0,48,3.1973458721173094,36.0,True
2,LSTM,crossing,15.0,49,2.6138180084081406,63.0,True
2,LSTM,crossing,20.0,0,3.1973316128382447,24.0,True
2,LSTM,crossing,20.0,1,2.9114300615931326,14.0,True
2,LSTM,crossing,20.0,2,3.419222217523704,30.0,True
2,LSTM,crossing,20.0,3,2.356254655984064,14.0,True
2,LSTM,crossing,20.0,4,2.7121713184381564,62.0,True
2,LSTM,crossing,20.0,5,3.076585018956171,106.0,True
2,LSTM,crossing,20.0,6,3.1704646725928836,106.0,True
2,LSTM,crossing,20.0,7,3.475227077159596,40.0,True
2,LSTM,crossing,20.0,8,2.5966310270764725,59.0,True
2,LSTM,crossing,20.0,9,2.123329572049782,57.0,True
2,LSTM,crossing,20.0,10,2.5775443754647775,35.0,True
2,LSTM,crossing,20.0,11,3.067493813076811,27.0,True
2,LSTM,crossing,20.0,12,3.7661179995870557,41.0,True
2,LSTM,crossing,20.0,13,2.8100138521006626,72.0,True
2,LSTM,crossing,20.0,14,2.2528798320126646,,False
2,LSTM,crossing,20.0,15,4.275987794477725,36.0,True
2,LSTM,crossing,20.0,16,2.462155265167235,92.0,True
2,LSTM,crossing,20.0,17,3.088634594623198,23.0,True
2,LSTM,crossing,20.0,18,3.2350483439153574,32.0,True
2,LSTM,crossing,20.0,19,2.510021592010477,76.0,True
2,LSTM,crossing,20.0,20,2.4351637302017877,20.0,True
2,LSTM,crossing,20.0,21,3.3518471413908237,68.0,True
2,LSTM,crossing,20.0,22,3.182254284220217,73.0,True
2,LSTM,crossing,20.0,23,2.1047753388985253,41.0,True
2,LSTM,crossing,20.0,24,2.38482495284332,9.0,True
2,LSTM,crossing,20.0,25,2.426059295965174,112.0,True
2,LSTM,crossing,20.0,26,2.23419161363552,48.0,True
2,LSTM,crossing,20.0,27,3.5303527009969398,,False
2,LSTM,crossing,20.0,28,3.633630790496809,51.0,True
2,LSTM,crossing,20.0,29,2.760529985849782,20.0,True
2,LSTM,crossing,20.0,30,3.274922675769785,95.0,True
2,LSTM,crossing,20.0,31,2.523705117496995,29.0,True
2,LSTM,crossing,20.0,32,2.478073498666814,75.0,True
2,LSTM,crossing,20.0,33,2.4871414788377972,104.0,True
2,LSTM,crossing,20.0,34,2.3899011808884083,25.0,True
2,LSTM,crossing,20.0,35,2.3798836814730793,61.0,True
2,LSTM,crossing,20.0,36,3.0246433060546827,40.0,True
2,LSTM,crossing,20.0,37,2.686060159338085,48.0,True
2,LSTM,crossing,20.0,38,3.4108997839237674,92.0,True
2,LSTM,crossing,20.0,39,2.610203019581176,52.0,True
2,LSTM,crossing,20.0,40,3.062002239963606,15.0,True
2,LSTM,crossing,20.0,41,2.921874218100883,98.0,True
2,LSTM,crossing,20.0,42,3.087312618503433,102.0,True
2,LSTM,crossing,20.0,43,2.1637882957411487,33.0,True
2,LSTM,crossing,20.0,44,2.8761741791634776,47.0,True
2,LSTM,crossing,20.0,45,2.8116487298816923,18.0,True
2,LSTM,crossing,20.0,46,3.598400142369124,17.0,True
2,LSTM,crossing,20.0,47,2.3451318080555423,22.0,True
2,LSTM,crossing,20.0,48,3.1973458721173094,35.0,True
2,LSTM,crossing,20.0,49,2.6138180084081406,59.0,True
2,ConstVel,buffer,5.0,0,3.1973316128382447,32.0,True
2,ConstVel,buffer,5.0,1,2.9114300615931326,33.0,True
2,ConstVel,buffer,5.0,2,3.419222217523704,39.0,True
2,ConstVel,buffer,5.0,3,2.356254655984064,20.0,True
2,ConstVel,buffer,5.0,4,2.7121713184381564,64.0,True
2,ConstVel,buffer,5.0,5,3.076585018956171,107.0,True
2,ConstVel,buffer,5.0,6,3.1704646725928836,116.0,True
2,ConstVel,buffer,5.0,7,3.475227077159596,52.0,True
2,ConstVel,buffer,5.0,8,2.5966310270764725,61.0,True
2,ConstVel,buffer,5.0,9,2.123329572049782,64.0,True
2,ConstVel,buffer,5.0,10,2.5775443754647775,45.0,True
2,ConstVel,buffer,5.0,11,3.067493813076811,39.0,True
2,ConstVel,buffer,5.0,12,3.7661179995870557,,False
2,ConstVel,buffer,5.0,13,2.8100138521006626,74.0,True
2,ConstVel,buffer,5.0,14,2.2528798320126646,45.0,True
2,ConstVel,buffer,5.0,15,4.275987794477725,,False
2,ConstVel,buffer,5.0,16,2.462155265167235,101.0,True
2,ConstVel,buffer,5.0,17,3.088634594623198,35.0,True
2,ConstVel,buffer,5.0,18,3.2350483439153574,,False
2,ConstVel,buffer,5.0,19,2.510021592010477,86.0,True
2,ConstVel,buffer,5.0,20,2.4351637302017877,30.0,True
2,ConstVel,buffer,5.0,21,3.3518471413908237,,False
2,ConstVel,buffer,5.0,22,3.182254284220217,84.0,True
2,ConstVel,buffer,5.0,23,2.1047753388985253,50.0,True
2,ConstVel,buffer,5.0,24,2.38482495284332,19.0,True
2,ConstVel,buffer,5.0,25,2.426059295965174,114.0,True
2,ConstVel,buffer,5.0,26,2.23419161363552,55.0,True
2,ConstVel,buffer,5.0,27,3.5303527009969398,,False
2,ConstVel,buffer,5.0,28,3.633630790496809,,False
2,ConstVel,buffer,5.0,29,2.760529985849782,30.0,True
2,ConstVel,buffer,5.0,30,3.274922675769785,,False
2,ConstVel,buffer,5.0,31,2.523705117496995,40.0,True
2,ConstVel,buffer,5.0,32,2.478073498666814,87.0,True
2,ConstVel,buffer,5.0,33,2.4871414788377972,111.0,True
2,ConstVel,buffer,5.0,34,2.3899011808884083,34.0,True
2,ConstVel,buffer,5.0,35,2.3798836814730793,63.0,True
2,ConstVel,buffer,5.0,36,3.0246433060546827,45.0,True
2,ConstVel,buffer,5.0,37,2.686060159338085,51.0,True
2,ConstVel,buffer,5.0,38,3.4108997839237674,,False
2,ConstVel,buffer,5.0,39,2.610203019581176,57.0,True
2,ConstVel,buffer,5.0,40,3.062002239963606,22.0,True
2,ConstVel,buffer,5.0,41,2.921874218100883,116.0,True
2,ConstVel,buffer,5.0,42,3.087312618503433,112.0,True
2,ConstVel,buffer,5.0,43,2.1637882957411487,47.0,True
2,ConstVel,buffer,5.0,44,2.8761741791634776,,False
2,ConstVel,buffer,5.0,45,2.8116487298816923,31.0,True
2,ConstVel,buffer,5.0,46,3.598400142369124,29.0,True
2,ConstVel,buffer,5.0,47,2.3451318080555423,32.0,True
2,ConstVel,buffer,5.0,48,3.1973458721173094,,False
2,ConstVel,buffer,5.0,49,2.6138180084081406,68.0,True
2,ConstVel,buffer,10.0,0,3.1973316128382447,28.0,True
2,ConstVel,buffer,10.0,1,2.9114300615931326,20.0,True
2,ConstVel,buffer,10.0,2,3.419222217523704,34.0,True
2,ConstVel,buffer,10.0,3,2.356254655984064,15.0,True
2,ConstVel,buffer,10.0,4,2.7121713184381564,62.0,True
2,ConstVel,buffer,10.0,5,3.076585018956171,103.0,True
2,ConstVel,buffer,10.0,6,3.1704646725928836,113.0,True
2,ConstVel,buffer,10.0,7,3.475227077159596,46.0,True
2,ConstVel,buffer,10.0,8,2.5966310270764725,58.0,True
2,ConstVel,buffer,10.0,9,2.123329572049782,61.0,True
2,ConstVel,buffer,10.0,10,2.5775443754647775,40.0,True
2,ConstVel,buffer,10.0,11,3.067493813076811,34.0,True
2,ConstVel,buffer,10.0,12,3.7661179995870557,49.0,True
2,ConstVel,buffer,10.0,13,2.8100138521006626,72.0,True
2,ConstVel,buffer,10.0,14,2.2528798320126646,35.0,True
2,ConstVel,buffer,10.0,15,4.275987794477725,42.0,True
2,ConstVel,buffer,10.0,16,2.462155265167235,97.0,True
2,ConstVel,buffer,10.0,17,3.088634594623198,27.0,True
2,ConstVel,buffer,10.0,18,3.2350483439153574,35.0,True
2,ConstVel,buffer,10.0,19,2.510021592010477,82.0,True
2,ConstVel,buffer,10.0,20,2.4351637302017877,25.0,True
2,ConstVel,buffer,10.0,21,3.3518471413908237,74.0,True
2,ConstVel,buffer,10.0,22,3.182254284220217,82.0,True
2,ConstVel,buffer,10.0,23,2.1047753388985253,47.0,True
2,ConstVel,buffer,10.0,24,2.38482495284332,12.0,True
2,ConstVel,buffer,10.0,25,2.426059295965174,112.0,True
2,ConstVel,buffer,10.0,26,2.23419161363552,53.0,True
2,ConstVel,buffer,10.0,27,3.5303527009969398,59.0,True
2,ConstVel,buffer,10.0,28,3.633630790496809,54.0,True
2,ConstVel,buffer,10.0,29,2.760529985849782,24.0,True
2,ConstVel,buffer,10.0,30,3.274922675769785,101.0,True
2,ConstVel,buffer,10.0,31,2.523705117496995,35.0,True
2,ConstVel,buffer,10.0,32,2.478073498666814,82.0,True
2,ConstVel,buffer,10.0,33,2.4871414788377972,108.0,True
2,ConstVel,buffer,10.0,34,2.3899011808884083,29.0,True
2,ConstVel,buffer,10.0,35,2.3798836814730793,61.0,True
2,ConstVel,buffer,10.0,36,3.0246433060546827,40.0,True
2,ConstVel,buffer,10.0,37,2.686060159338085,48.0,True
2,ConstVel,buffer,10.0,38,3.4108997839237674,94.0,True
2,ConstVel,buffer,10.0,39,2.610203019581176,52.0,True
2,ConstVel,buffer,10.0,40,3.062002239963606,15.0,True
2,ConstVel,buffer,10.0,41,2.921874218100883,105.0,True
2,ConstVel,buffer,10.0,42,3.087312618503433,107.0,True
2,ConstVel,buffer,10.0,43,2.1637882957411487,40.0,True
2,ConstVel,buffer,10.0,44,2.8761741791634776,50.0,True
2,ConstVel,buffer,10.0,45,2.8116487298816923,24.0,True
2,ConstVel,buffer,10.0,46,3.598400142369124,22.0,True
2,ConstVel,buffer,10.0,47,2.3451318080555423,29.0,True
2,ConstVel,buffer,10.0,48,3.1973458721173094,36.0,True
2,ConstVel,buffer,10.0,49,2.6138180084081406,63.0,True
2,ConstVel,buffer,15.0,0,3.1973316128382447,27.0,True
2,ConstVel,buffer,15.0,1,2.9114300615931326,17.0,True
2,ConstVel,buffer,15.0,2,3.419222217523704,30.0,True
2,ConstVel,buffer,15.0,3,2.356254655984064,7.0,True
2,ConstVel,buffer,15.0,4,2.7121713184381564,58.0,True
2,ConstVel,buffer,15.0,5,3.076585018956171,101.0,True
2,ConstVel,buffer,15.0,6,3.1704646725928836,108.0,True
2,ConstVel,buffer,15.0,7,3.475227077159596,39.0,True
2,ConstVel,buffer,15.0,8,2.5966310270764725,58.0,True
2,ConstVel,buffer,15.0,9,2.123329572049782,54.0,True
2,ConstVel,buffer,15.0,10,2.5775443754647775,35.0,True
2,ConstVel,buffer,15.0,11,3.067493813076811,31.0,True
2,ConstVel,buffer,15.0,12,3.7661179995870557,41.0,True
2,ConstVel,buffer,15.0,13,2.8100138521006626,72.0,True
2,ConstVel,buffer,15.0,14,2.2528798320126646,31.0,True
2,ConstVel,buffer,15.0,15,4.275987794477725,35.0,True
2,ConstVel,buffer,15.0,16,2.462155265167235,91.0,True
2,ConstVel,buffer,15.0,17,3.088634594623198,20.0,True
2,ConstVel,buffer,15.0,18,3.2350483439153574,31.0,True
2,ConstVel,buffer,15.0,19,2.510021592010477,77.0,True
2,ConstVel,buffer,15.0,20,2.4351637302017877,20.0,True
2,ConstVel,buffer,15.0,21,3.3518471413908237,68.0,True
2,ConstVel,buffer,15.0,22,3.182254284220217,77.0,True
2,ConstVel,buffer,15.0,23,2.1047753388985253,39.0,True
2,ConstVel,buffer,15.0,24,2.38482495284332,9.0,True
2,ConstVel,buffer,15.0,25,2.426059295965174,111.0,True
2,ConstVel,buffer,15.0,26,2.23419161363552,48.0,True
2,ConstVel,buffer,15.0,27,3.5303527009969398,54.0,True
2,ConstVel,buffer,15.0,28,3.633630790496809,51.0,True
2,ConstVel,buffer,15.0,29,2.760529985849782,20.0,True
2,ConstVel,buffer,15.0,30,3.274922675769785,94.0,True
2,ConstVel,buffer,15.0,31,2.523705117496995,29.0,True
2,ConstVel,buffer,15.0,32,2.478073498666814,77.0,True
2,ConstVel,buffer,15.0,33,2.4871414788377972,101.0,True
2,ConstVel,buffer,15.0,34,2.3899011808884083,25.0,True
2,ConstVel,buffer,15.0,35,2.3798836814730793,60.0,True
2,ConstVel,buffer,15.0,36,3.0246433060546827,39.0,True
2,ConstVel,buffer,15.0,37,2.686060159338085,47.0,True
2,ConstVel,buffer,15.0,38,3.4108997839237674,90.0,True
2,ConstVel,buffer,15.0,39,2.610203019581176,48.0,True
2,ConstVel,buffer,15.0,40,3.062002239963606,12.0,True
2,ConstVel,buffer,15.0,41,2.921874218100883,98.0,True
2,ConstVel,buffer,15.0,42,3.087312618503433,101.0,True
2,ConstVel,buffer,15.0,43,2.1637882957411487,35.0,True
2,ConstVel,buffer,15.0,44,2.8761741791634776,47.0,True
2,ConstVel,buffer,15.0,45,2.8116487298816923,20.0,True
2,ConstVel,buffer,15.0,46,3.598400142369124,17.0,True
2,ConstVel,buffer,15.0,47,2.3451318080555423,22.0,True
2,ConstVel,buffer,15.0,48,3.1973458721173094,29.0,True
2,ConstVel,buffer,15.0,49,2.6138180084081406,54.0,True
2,ConstVel,buffer,20.0,0,3.1973316128382447,19.0,True
2,ConstVel,buffer,20.0,1,2.9114300615931326,9.0,True
2,ConstVel,buffer,20.0,2,3.419222217523704,21.0,True
2,ConstVel,buffer,20.0,3,2.356254655984064,6.0,True
2,ConstVel,buffer,20.0,4,2.7121713184381564,50.0,True
2,ConstVel,buffer,20.0,5,3.076585018956171,93.0,True
2,ConstVel,buffer,20.0,6,3.1704646725928836,104.0,True
2,ConstVel,buffer,20.0,7,3.475227077159596,32.0,True
2,ConstVel,buffer,20.0,8,2.5966310270764725,52.0,True
2,ConstVel,buffer,20.0,9,2.123329572049782,50.0,True
2,ConstVel,buffer,20.0,10,2.5775443754647775,31.0,True
2,ConstVel,buffer,20.0,11,3.067493813076811,26.0,True
2,ConstVel,buffer,20.0,12,3.7661179995870557,34.0,True
2,ConstVel,buffer,20.0,13,2.8100138521006626,71.0,True
2,ConstVel,buffer,20.0,14,2.2528798320126646,26.0,True
2,ConstVel,buffer,20.0,15,4.275987794477725,32.0,True
2,ConstVel,buffer,20.0,16,2.462155265167235,85.0,True
2,ConstVel,buffer,20.0,17,3.088634594623198,17.0,True
2,ConstVel,buffer,20.0,18,3.2350483439153574,22.0,True
2,ConstVel,buffer,20.0,19,2.510021592010477,69.0,True
2,ConstVel,buffer,20.0,20,2.4351637302017877,13.0,True
2,ConstVel,buffer,20.0,21,3.3518471413908237,61.0,True
2,ConstVel,buffer,20.0,22,3.182254284220217,67.0,True
2,ConstVel,buffer,20.0,23,2.1047753388985253,32.0,True
2,ConstVel,buffer,20.0,24,2.38482495284332,7.0,True
2,ConstVel,buffer,20.0,25,2.426059295965174,110.0,True
2,ConstVel,buffer,20.0,26,2.23419161363552,40.0,True
2,ConstVel,buffer,20.0,27,3.5303527009969398,53.0,True
2,ConstVel,buffer,20.0,28,3.633630790496809,44.0,True
2,ConstVel,buffer,20.0,29,2.760529985849782,12.0,True
2,ConstVel,buffer,20.0,30,3.274922675769785,90.0,True
2,ConstVel,buffer,20.0,31,2.523705117496995,26.0,True
2,ConstVel,buffer,20.0,32,2.478073498666814,71.0,True
2,ConstVel,buffer,20.0,33,2.4871414788377972,98.0,True
2,ConstVel,buffer,20.0,34,2.3899011808884083,17.0,True
2,ConstVel,buffer,20.0,35,2.3798836814730793,51.0,True
2,ConstVel,buffer,20.0,36,3.0246433060546827,39.0,True
2,ConstVel,buffer,20.0,37,2.686060159338085,47.0,True
2,ConstVel,buffer,20.0,38,3.4108997839237674,85.0,True
2,ConstVel,buffer,20.0,39,2.610203019581176,41.0,True
2,ConstVel,buffer,20.0,40,3.062002239963606,7.0,True
2,ConstVel,buffer,20.0,41,2.921874218100883,93.0,True
2,ConstVel,buffer,20.0,42,3.087312618503433,95.0,True
2,ConstVel,buffer,20.0,43,2.1637882957411487,29.0,True
2,ConstVel,buffer,20.0,44,2.8761741791634776,37.0,True
2,ConstVel,buffer,20.0,45,2.8116487298816923,16.0,True
2,ConstVel,buffer,20.0,46,3.598400142369124,10.0,True
2,ConstVel,buffer,20.0,47,2.3451318080555423,19.0,True
2,ConstVel,buffer,20.0,48,3.1973458721173094,24.0,True
2,ConstVel,buffer,20.0,49,2.6138180084081406,53.0,True
2,ConstVel,crossing,5.0,0,3.1973316128382447,,False
2,ConstVel,crossing,5.0,1,2.9114300615931326,,False
2,ConstVel,crossing,5.0,2,3.419222217523704,,False
2,ConstVel,crossing,5.0,3,2.356254655984064,46.0,True
2,ConstVel,crossing,5.0,4,2.7121713184381564,92.0,True
2,ConstVel,crossing,5.0,5,3.076585018956171,,False
2,ConstVel,crossing,5.0,6,3.1704646725928836,,False
2,ConstVel,crossing,5.0,7,3.475227077159596,,False
2,ConstVel,crossing,5.0,8,2.5966310270764725,,False
2,ConstVel,crossing,5.0,9,2.123329572049782,67.0,True
2,ConstVel,crossing,5.0,10,2.5775443754647775,66.0,True
2,ConstVel,crossing,5.0,11,3.067493813076811,,False
2,ConstVel,crossing,5.0,12,3.7661179995870557,,False
2,ConstVel,crossing,5.0,13,2.8100138521006626,,False
2,ConstVel,crossing,5.0,14,2.2528798320126646,,False
2,ConstVel,crossing,5.0,15,4.275987794477725,,False
2,ConstVel,crossing,5.0,16,2.462155265167235,,False
2,ConstVel,crossing,5.0,17,3.088634594623198,,False
2,ConstVel,crossing,5.0,18,3.2350483439153574,,False
2,ConstVel,crossing,5.0,19,2.510021592010477,,False
2,ConstVel,crossing,5.0,20,2.4351637302017877,33.0,True
2,ConstVel,crossing,5.0,21,3.3518471413908237,,False
2,ConstVel,crossing,5.0,22,3.182254284220217,,False
2,ConstVel,crossing,5.0,23,2.1047753388985253,,False
2,ConstVel,crossing,5.0,24,2.38482495284332,,False
2,ConstVel,crossing,5.0,25,2.426059295965174,,False
2,ConstVel,crossing,5.0,26,2.23419161363552,,False
2,ConstVel,crossing,5.0,27,3.5303527009969398,,False
2,ConstVel,crossing,5.0,28,3.633630790496809,,False
2,ConstVel,crossing,5.0,29,2.760529985849782,,False
2,ConstVel,crossing,5.0,30,3.274922675769785,,False
2,ConstVel,crossing,5.0,31,2.523705117496995,,False
2,ConstVel,crossing,5.0,32,2.478073498666814,,False
2,ConstVel,crossing,5.0,33,2.4871414788377972,,False
2,ConstVel,crossing,5.0,34,2.3899011808884083,,False
2,ConstVel,crossing,5.0,35,2.3798836814730793,,False
2,ConstVel,crossing,5.0,36,3.0246433060546827,,False
2,ConstVel,crossing,5.0,37,2.686060159338085,,False
2,ConstVel,crossing,5.0,38,3.4108997839237674,,False
2,ConstVel,crossing,5.0,39,2.610203019581176,,False
2,ConstVel,crossing,5.0,40,3.062002239963606,,False
2,ConstVel,crossing,5.0,41,2.921874218100883,,False
2,ConstVel,crossing,5.0,42,3.087312618503433,,False
2,ConstVel,crossing,5.0,43,2.1637882957411487,70.0,True
2,ConstVel,crossing,5.0,44,2.8761741791634776,,False
2,ConstVel,crossing,5.0,45,2.8116487298816923,,False
2,ConstVel,crossing,5.0,46,3.598400142369124,,False
2,ConstVel,crossing,5.0,47,2.3451318080555423,,False
2,ConstVel,crossing,5.0,48,3.1973458721173094,,False
2,ConstVel,crossing,5.0,49,2.6138180084081406,,False
2,ConstVel,crossing,10.0,0,3.1973316128382447,28.0,True
2,ConstVel,crossing,10.0,1,2.9114300615931326,27.0,True
2,ConstVel,crossing,10.0,2,3.419222217523704,37.0,True
2,ConstVel,crossing,10.0,3,2.356254655984064,19.0,True
2,ConstVel,crossing,10.0,4,2.7121713184381564,63.0,True
2,ConstVel,crossing,10.0,5,3.076585018956171,106.0,True
2,ConstVel,crossing,10.0,6,3.1704646725928836,113.0,True
2,ConstVel,crossing,10.0,7,3.475227077159596,48.0,True
2,ConstVel,crossing,10.0,8,2.5966310270764725,59.0,True
2,ConstVel,crossing,10.0,9,2.123329572049782,62.0,True
2,ConstVel,crossing,10.0,10,2.5775443754647775,42.0,True
2,ConstVel,crossing,10.0,11,3.067493813076811,37.0,True
2,ConstVel,crossing,10.0,12,3.7661179995870557,54.0,True
2,ConstVel,crossing,10.0,13,2.8100138521006626,73.0,True
2,ConstVel,crossing,10.0,14,2.2528798320126646,42.0,True
2,ConstVel,crossing,10.0,15,4.275987794477725,,False
2,ConstVel,crossing,10.0,16,2.462155265167235,99.0,True
2,ConstVel,crossing,10.0,17,3.088634594623198,30.0,True
2,ConstVel,crossing,10.0,18,3.2350483439153574,40.0,True
2,ConstVel,crossing,10.0,19,2.510021592010477,84.0,True
2,ConstVel,crossing,10.0,20,2.4351637302017877,29.0,True
2,ConstVel,crossing,10.0,21,3.3518471413908237,83.0,True
2,ConstVel,crossing,10.0,22,3.182254284220217,82.0,True
2,ConstVel,crossing,10.0,23,2.1047753388985253,47.0,True
2,ConstVel,crossing,10.0,24,2.38482495284332,14.0,True
2,ConstVel,crossing,10.0,25,2.426059295965174,112.0,True
2,ConstVel,crossing,10.0,26,2.23419161363552,54.0,True
2,ConstVel,crossing,10.0,27,3.5303527009969398,,False
2,ConstVel,crossing,10.0,28,3.633630790496809,62.0,True
2,ConstVel,crossing,10.0,29,2.760529985849782,25.0,True
2,ConstVel,crossing,10.0,30,3.274922675769785,101.0,True
2,ConstVel,crossing,10.0,31,2.523705117496995,36.0,True
2,ConstVel,crossing,10.0,32,2.478073498666814,82.0,True
2,ConstVel,crossing,10.0,33,2.4871414788377972,109.0,True
2,ConstVel,crossing,10.0,34,2.3899011808884083,31.0,True
2,ConstVel,crossing,10.0,35,2.3798836814730793,61.0,True
2,ConstVel,crossing,10.0,36,3.0246433060546827,41.0,True
2,ConstVel,crossing,10.0,37,2.686060159338085,48.0,True
2,ConstVel,crossing,10.0,38,3.4108997839237674,98.0,True
2,ConstVel,crossing,10.0,39,2.610203019581176,57.0,True
2,ConstVel,crossing,10.0,40,3.062002239963606,20.0,True
2,ConstVel,crossing,10.0,41,2.921874218100883,108.0,True
2,ConstVel,crossing,10.0,42,3.087312618503433,109.0,True
2,ConstVel,crossing,10.0,43,2.1637882957411487,42.0,True
2,ConstVel,crossing,10.0,44,2.8761741791634776,55.0,True
2,ConstVel,crossing,10.0,45,2.8116487298816923,27.0,True
2,ConstVel,crossing,10.0,46,3.598400142369124,23.0,True
2,ConstVel,crossing,10.0,47,2.3451318080555423,29.0,True
2,ConstVel,crossing,10.0,48,3.1973458721173094,,False
2,ConstVel,crossing,10.0,49,2.6138180084081406,,False
2,ConstVel,crossing,15.0,0,3.1973316128382447,27.0,True
2,ConstVel,crossing,15.0,1,2.9114300615931326,18.0,True
2,ConstVel,crossing,15.0,2,3.419222217523704,32.0,True
2,ConstVel,crossing,15.0,3,2.356254655984064,12.0,True
2,ConstVel,crossing,15.0,4,2.7121713184381564,62.0,True
2,ConstVel,crossing,15.0,5,3.076585018956171,102.0,True
2,ConstVel,crossing,15.0,6,3.1704646725928836,108.0,True
2,ConstVel,crossing,15.0,7,3.475227077159596,40.0,True
2,ConstVel,crossing,15.0,8,2.5966310270764725,58.0,True
2,ConstVel,crossing,15.0,9,2.123329572049782,61.0,True
2,ConstVel,crossing,15.0,10,2.5775443754647775,35.0,True
2,ConstVel,crossing,15.0,11,3.067493813076811,31.0,True
2,ConstVel,crossing,15.0,12,3.7661179995870557,43.0,True
2,ConstVel,crossing,15.0,13,2.8100138521006626,72.0,True
2,ConstVel,crossing,15.0,14,2.2528798320126646,34.0,True
2,ConstVel,crossing,15.0,15,4.275987794477725,36.0,True
2,ConstVel,crossing,15.0,16,2.462155265167235,94.0,True
2,ConstVel,crossing,15.0,17,3.088634594623198,23.0,True
2,ConstVel,crossing,15.0,18,3.2350483439153574,32.0,True
2,ConstVel,crossing,15.0,19,2.510021592010477,80.0,True
2,ConstVel,crossing,15.0,20,2.4351637302017877,21.0,True
2,ConstVel,crossing,15.0,21,3.3518471413908237,71.0,True
2,ConstVel,crossing,15.0,22,3.182254284220217,77.0,True
2,ConstVel,crossing,15.0,23,2.1047753388985253,43.0,True
2,ConstVel,crossing,15.0,24,2.38482495284332,10.0,True
2,ConstVel,crossing,15.0,25,2.426059295965174,111.0,True
2,ConstVel,crossing,15.0,26,2.23419161363552,48.0,True
2,ConstVel,crossing,15.0,27,3.5303527009969398,57.0,True
2,ConstVel,crossing,15.0,28,3.633630790496809,51.0,True
2,ConstVel,crossing,15.0,29,2.760529985849782,20.0,True
2,ConstVel,crossing,15.0,30,3.274922675769785,96.0,True
2,ConstVel,crossing,15.0,31,2.523705117496995,32.0,True
2,ConstVel,crossing,15.0,32,2.478073498666814,77.0,True
2,ConstVel,crossing,15.0,33,2.4871414788377972,104.0,True
2,ConstVel,crossing,15.0,34,2.3899011808884083,28.0,True
2,ConstVel,crossing,15.0,35,2.3798836814730793,61.0,True
2,ConstVel,crossing,15.0,36,3.0246433060546827,40.0,True
2,ConstVel,crossing,15.0,37,2.686060159338085,48.0,True
2,ConstVel,crossing,15.0,38,3.4108997839237674,93.0,True
2,ConstVel,crossing,15.0,39,2.610203019581176,50.0,True
2,ConstVel,crossing,15.0,40,3.062002239963606,12.0,True
2,ConstVel,crossing,15.0,41,2.921874218100883,102.0,True
2,ConstVel,crossing,15.0,42,3.087312618503433,104.0,True
2,ConstVel,crossing,15.0,43,2.1637882957411487,37.0,True
2,ConstVel,crossing,15.0,44,2.8761741791634776,49.0,True
2,ConstVel,crossing,15.0,45,2.8116487298816923,21.0,True
2,ConstVel,crossing,15.0,46,3.598400142369124,19.0,True
2,ConstVel,crossing,15.0,47,2.3451318080555423,26.0,True
2,ConstVel,crossing,15.0,48,3.1973458721173094,34.0,True
2,ConstVel,crossing,15.0,49,2.6138180084081406,63.0,True
2,ConstVel,crossing,20.0,0,3.1973316128382447,19.0,True
2,ConstVel,crossing,20.0,1,2.9114300615931326,13.0,True
2,ConstVel,crossing,20.0,2,3.419222217523704,26.0,True
2,ConstVel,crossing,20.0,3,2.356254655984064,7.0,True
2,ConstVel,crossing,20.0,4,2.7121713184381564,54.0,True
2,ConstVel,crossing,20.0,5,3.076585018956171,102.0,True
2,ConstVel,crossing,20.0,6,3.1704646725928836,104.0,True
2,ConstVel,crossing,20.0,7,3.475227077159596,39.0,True
2,ConstVel,crossing,20.0,8,2.5966310270764725,58.0,True
2,ConstVel,crossing,20.0,9,2.123329572049782,54.0,True
2,ConstVel,crossing,20.0,10,2.5775443754647775,33.0,True
2,ConstVel,crossing,20.0,11,3.067493813076811,26.0,True
2,ConstVel,crossing,20.0,12,3.7661179995870557,37.0,True
2,ConstVel,crossing,20.0,13,2.8100138521006626,72.0,True
2,ConstVel,crossing,20.0,14,2.2528798320126646,31.0,True
2,ConstVel,crossing,20.0,15,4.275987794477725,34.0,True
2,ConstVel,crossing,20.0,16,2.462155265167235,87.0,True
2,ConstVel,crossing,20.0,17,3.088634594623198,17.0,True
2,ConstVel,crossing,20.0,18,3.2350483439153574,25.0,True
2,ConstVel,crossing,20.0,19,2.510021592010477,74.0,True
2,ConstVel,crossing,20.0,20,2.4351637302017877,17.0,True
2,ConstVel,crossing,20.0,21,3.3518471413908237,67.0,True
2,ConstVel,crossing,20.0,22,3.182254284220217,67.0,True
2,ConstVel,crossing,20.0,23,2.1047753388985253,37.0,True
2,ConstVel,crossing,20.0,24,2.38482495284332,8.0,True
2,ConstVel,crossing,20.0,25,2.426059295965174,111.0,True
2,ConstVel,crossing,20.0,26,2.23419161363552,46.0,True
2,ConstVel,crossing,20.0,27,3.5303527009969398,54.0,True
2,ConstVel,crossing,20.0,28,3.633630790496809,49.0,True
2,ConstVel,crossing,20.0,29,2.760529985849782,13.0,True
2,ConstVel,crossing,20.0,30,3.274922675769785,94.0,True
2,ConstVel,crossing,20.0,31,2.523705117496995,26.0,True
2,ConstVel,crossing,20.0,32,2.478073498666814,71.0,True
2,ConstVel,crossing,20.0,33,2.4871414788377972,100.0,True
2,ConstVel,crossing,20.0,34,2.3899011808884083,20.0,True
2,ConstVel,crossing,20.0,35,2.3798836814730793,61.0,True
2,ConstVel,crossing,20.0,36,3.0246433060546827,40.0,True
2,ConstVel,crossing,20.0,37,2.686060159338085,47.0,True
2,ConstVel,crossing,20.0,38,3.4108997839237674,90.0,True
2,ConstVel,crossing,20.0,39,2.610203019581176,46.0,True
2,ConstVel,crossing,20.0,40,3.062002239963606,8.0,True
2,ConstVel,crossing,20.0,41,2.921874218100883,96.0,True
2,ConstVel,crossing,20.0,42,3.087312618503433,100.0,True
2,ConstVel,crossing,20.0,43,2.1637882957411487,31.0,True
2,ConstVel,crossing,20.0,44,2.8761741791634776,43.0,True
2,ConstVel,crossing,20.0,45,2.8116487298816923,16.0,True
2,ConstVel,crossing,20.0,46,3.598400142369124,15.0,True
2,ConstVel,crossing,20.0,47,2.3451318080555423,22.0,True
2,ConstVel,crossing,20.0,48,3.1973458721173094,27.0,True
2,ConstVel,crossing,20.0,49,2.6138180084081406,54.0,True
2,Kalman,buffer,5.0,0,3.1973316128382447,32.0,True
2,Kalman,buffer,5.0,1,2.9114300615931326,33.0,True
2,Kalman,buffer,5.0,2,3.419222217523704,39.0,True
2,Kalman,buffer,5.0,3,2.356254655984064,20.0,True
2,Kalman,buffer,5.0,4,2.7121713184381564,64.0,True
2,Kalman,buffer,5.0,5,3.076585018956171,107.0,True
2,Kalman,buffer,5.0,6,3.1704646725928836,116.0,True
2,Kalman,buffer,5.0,7,3.475227077159596,52.0,True
2,Kalman,buffer,5.0,8,2.5966310270764725,61.0,True
2,Kalman,buffer,5.0,9,2.123329572049782,64.0,True
2,Kalman,buffer,5.0,10,2.5775443754647775,45.0,True
2,Kalman,buffer,5.0,11,3.067493813076811,39.0,True
2,Kalman,buffer,5.0,12,3.7661179995870557,,False
2,Kalman,buffer,5.0,13,2.8100138521006626,74.0,True
2,Kalman,buffer,5.0,14,2.2528798320126646,44.0,True
2,Kalman,buffer,5.0,15,4.275987794477725,,False
2,Kalman,buffer,5.0,16,2.462155265167235,101.0,True
2,Kalman,buffer,5.0,17,3.088634594623198,35.0,True
2,Kalman,buffer,5.0,18,3.2350483439153574,,False
2,Kalman,buffer,5.0,19,2.510021592010477,86.0,True
2,Kalman,buffer,5.0,20,2.4351637302017877,30.0,True
2,Kalman,buffer,5.0,21,3.3518471413908237,,False
2,Kalman,buffer,5.0,22,3.182254284220217,84.0,True
2,Kalman,buffer,5.0,23,2.1047753388985253,50.0,True
2,Kalman,buffer,5.0,24,2.38482495284332,18.0,True
2,Kalman,buffer,5.0,25,2.426059295965174,114.0,True
2,Kalman,buffer,5.0,26,2.23419161363552,55.0,True
2,Kalman,buffer,5.0,27,3.5303527009969398,,False
2,Kalman,buffer,5.0,28,3.633630790496809,,False
2,Kalman,buffer,5.0,29,2.760529985849782,30.0,True
2,Kalman,buffer,5.0,30,3.274922675769785,,False
2,Kalman,buffer,5.0,31,2.523705117496995,40.0,True
2,Kalman,buffer,5.0,32,2.478073498666814,87.0,True
2,Kalman,buffer,5.0,33,2.4871414788377972,110.0,True
2,Kalman,buffer,5.0,34,2.3899011808884083,34.0,True
2,Kalman,buffer,5.0,35,2.3798836814730793,63.0,True
2,Kalman,buffer,5.0,36,3.0246433060546827,45.0,True
2,Kalman,buffer,5.0,37,2.686060159338085,51.0,True
2,Kalman,buffer,5.0,38,3.4108997839237674,,False
2,Kalman,buffer,5.0,39,2.610203019581176,57.0,True
2,Kalman,buffer,5.0,40,3.062002239963606,22.0,True
2,Kalman,buffer,5.0,41,2.921874218100883,116.0,True
2,Kalman,buffer,5.0,42,3.087312618503433,112.0,True
2,Kalman,buffer,5.0,43,2.1637882957411487,45.0,True
2,Kalman,buffer,5.0,44,2.8761741791634776,60.0,True
2,Kalman,buffer,5.0,45,2.8116487298816923,31.0,True
2,Kalman,buffer,5.0,46,3.598400142369124,27.0,True
2,Kalman,buffer,5.0,47,2.3451318080555423,32.0,True
2,Kalman,buffer,5.0,48,3.1973458721173094,,False
2,Kalman,buffer,5.0,49,2.6138180084081406,68.0,True
2,Kalman,buffer,10.0,0,3.1973316128382447,28.0,True
2,Kalman,buffer,10.0,1,2.9114300615931326,21.0,True
2,Kalman,buffer,10.0,2,3.419222217523704,34.0,True
2,Kalman,buffer,10.0,3,2.356254655984064,15.0,True
2,Kalman,buffer,10.0,4,2.7121713184381564,62.0,True
2,Kalman,buffer,10.0,5,3.076585018956171,103.0,True
2,Kalman,buffer,10.0,6,3.1704646725928836,113.0,True
2,Kalman,buffer,10.0,7,3.475227077159596,46.0,True
2,Kalman,buffer,10.0,8,2.5966310270764725,58.0,True
2,Kalman,buffer,10.0,9,2.123329572049782,61.0,True
2,Kalman,buffer,10.0,10,2.5775443754647775,40.0,True
2,Kalman,buffer,10.0,11,3.067493813076811,34.0,True
2,Kalman,buffer,10.0,12,3.7661179995870557,49.0,True
2,Kalman,buffer,10.0,13,2.8100138521006626,73.0,True
2,Kalman,buffer,10.0,14,2.2528798320126646,38.0,True
2,Kalman,buffer,10.0,15,4.275987794477725,46.0,True
2,Kalman,buffer,10.0,16,2.462155265167235,97.0,True
2,Kalman,buffer,10.0,17,3.088634594623198,27.0,True
2,Kalman,buffer,10.0,18,3.2350483439153574,35.0,True
2,Kalman,buffer,10.0,19,2.510021592010477,82.0,True
2,Kalman,buffer,10.0,20,2.4351637302017877,25.0,True
2,Kalman,buffer,10.0,21,3.3518471413908237,74.0,True
2,Kalman,buffer,10.0,22,3.182254284220217,82.0,True
2,Kalman,buffer,10.0,23,2.1047753388985253,47.0,True
2,Kalman,buffer,10.0,24,2.38482495284332,12.0,True
2,Kalman,buffer,10.0,25,2.426059295965174,112.0,True
2,Kalman,buffer,10.0,26,2.23419161363552,53.0,True
2,Kalman,buffer,10.0,27,3.5303527009969398,59.0,True
2,Kalman,buffer,10.0,28,3.633630790496809,54.0,True
2,Kalman,buffer,10.0,29,2.760529985849782,24.0,True
2,Kalman,buffer,10.0,30,3.274922675769785,101.0,True
2,Kalman,buffer,10.0,31,2.523705117496995,35.0,True
2,Kalman,buffer,10.0,32,2.478073498666814,82.0,True
2,Kalman,buffer,10.0,33,2.4871414788377972,108.0,True
2,Kalman,buffer,10.0,34,2.3899011808884083,29.0,True
2,Kalman,buffer,10.0,35,2.3798836814730793,61.0,True
2,Kalman,buffer,10.0,36,3.0246433060546827,41.0,True
2,Kalman,buffer,10.0,37,2.686060159338085,48.0,True
2,Kalman,buffer,10.0,38,3.4108997839237674,94.0,True
2,Kalman,buffer,10.0,39,2.610203019581176,52.0,True
2,Kalman,buffer,10.0,40,3.062002239963606,16.0,True
2,Kalman,buffer,10.0,41,2.921874218100883,106.0,True
2,Kalman,buffer,10.0,42,3.087312618503433,107.0,True
2,Kalman,buffer,10.0,43,2.1637882957411487,40.0,True
2,Kalman,buffer,10.0,44,2.8761741791634776,50.0,True
2,Kalman,buffer,10.0,45,2.8116487298816923,25.0,True
2,Kalman,buffer,10.0,46,3.598400142369124,22.0,True
2,Kalman,buffer,10.0,47,2.3451318080555423,29.0,True
2,Kalman,buffer,10.0,48,3.1973458721173094,36.0,True
2,Kalman,buffer,10.0,49,2.6138180084081406,64.0,True
2,Kalman,buffer,15.0,0,3.1973316128382447,28.0,True
2,Kalman,buffer,15.0,1,2.9114300615931326,17.0,True
2,Kalman,buffer,15.0,2,3.419222217523704,30.0,True
2,Kalman,buffer,15.0,3,2.356254655984064,12.0,True
2,Kalman,buffer,15.0,4,2.7121713184381564,59.0,True
2,Kalman,buffer,15.0,5,3.076585018956171,101.0,True
2,Kalman,buffer,15.0,6,3.1704646725928836,108.0,True
2,Kalman,buffer,15.0,7,3.475227077159596,40.0,True
2,Kalman,buffer,15.0,8,2.5966310270764725,58.0,True
2,Kalman,buffer,15.0,9,2.123329572049782,57.0,True
2,Kalman,buffer,15.0,10,2.5775443754647775,35.0,True
2,Kalman,buffer,15.0,11,3.067493813076811,31.0,True
2,Kalman,buffer,15.0,12,3.7661179995870557,41.0,True
2,Kalman,buffer,15.0,13,2.8100138521006626,72.0,True
2,Kalman,buffer,15.0,14,2.2528798320126646,32.0,True
2,Kalman,buffer,15.0,15,4.275987794477725,35.0,True
2,Kalman,buffer,15.0,16,2.462155265167235,92.0,True
2,Kalman,buffer,15.0,17,3.088634594623198,23.0,True
2,Kalman,buffer,15.0,18,3.2350483439153574,31.0,True
2,Kalman,buffer,15.0,19,2.510021592010477,77.0,True
2,Kalman,buffer,15.0,20,2.4351637302017877,20.0,True
2,Kalman,buffer,15.0,21,3.3518471413908237,70.0,True
2,Kalman,buffer,15.0,22,3.182254284220217,77.0,True
2,Kalman,buffer,15.0,23,2.1047753388985253,39.0,True
2,Kalman,buffer,15.0,24,2.38482495284332,9.0,True
2,Kalman,buffer,15.0,25,2.426059295965174,111.0,True
2,Kalman,buffer,15.0,26,2.23419161363552,48.0,True
2,Kalman,buffer,15.0,27,3.5303527009969398,55.0,True
2,Kalman,buffer,15.0,28,3.633630790496809,51.0,True
2,Kalman,buffer,15.0,29,2.760529985849782,20.0,True
2,Kalman,buffer,15.0,30,3.274922675769785,95.0,True
2,Kalman,buffer,15.0,31,2.523705117496995,30.0,True
2,Kalman,buffer,15.0,32,2.478073498666814,77.0,True
2,Kalman,buffer,15.0,33,2.4871414788377972,101.0,True
2,Kalman,buffer,15.0,34,2.3899011808884083,25.0,True
2,Kalman,buffer,15.0,35,2.3798836814730793,61.0,True
2,Kalman,buffer,15.0,36,3.0246433060546827,40.0,True
2,Kalman,buffer,15.0,37,2.686060159338085,48.0,True
2,Kalman,buffer,15.0,38,3.4108997839237674,90.0,True
2,Kalman,buffer,15.0,39,2.610203019581176,48.0,True
2,Kalman,buffer,15.0,40,3.062002239963606,12.0,True
2,Kalman,buffer,15.0,41,2.921874218100883,98.0,True
2,Kalman,buffer,15.0,42,3.087312618503433,102.0,True
2,Kalman,buffer,15.0,43,2.1637882957411487,35.0,True
2,Kalman,buffer,15.0,44,2.8761741791634776,47.0,True
2,Kalman,buffer,15.0,45,2.8116487298816923,20.0,True
2,Kalman,buffer,15.0,46,3.598400142369124,17.0,True
2,Kalman,buffer,15.0,47,2.3451318080555423,24.0,True
2,Kalman,buffer,15.0,48,3.1973458721173094,29.0,True
2,Kalman,buffer,15.0,49,2.6138180084081406,56.0,True
2,Kalman,buffer,20.0,0,3.1973316128382447,19.0,True
2,Kalman,buffer,20.0,1,2.9114300615931326,11.0,True
2,Kalman,buffer,20.0,2,3.419222217523704,26.0,True
2,Kalman,buffer,20.0,3,2.356254655984064,6.0,True
2,Kalman,buffer,20.0,4,2.7121713184381564,54.0,True
2,Kalman,buffer,20.0,5,3.076585018956171,93.0,True
2,Kalman,buffer,20.0,6,3.1704646725928836,105.0,True
2,Kalman,buffer,20.0,7,3.475227077159596,37.0,True
2,Kalman,buffer,20.0,8,2.5966310270764725,52.0,True
2,Kalman,buffer,20.0,9,2.123329572049782,51.0,True
2,Kalman,buffer,20.0,10,2.5775443754647775,31.0,True
2,Kalman,buffer,20.0,11,3.067493813076811,26.0,True
2,Kalman,buffer,20.0,12,3.7661179995870557,34.0,True
2,Kalman,buffer,20.0,13,2.8100138521006626,72.0,True
2,Kalman,buffer,20.0,14,2.2528798320126646,26.0,True
2,Kalman,buffer,20.0,15,4.275987794477725,32.0,True
2,Kalman,buffer,20.0,16,2.462155265167235,85.0,True
2,Kalman,buffer,20.0,17,3.088634594623198,17.0,True
2,Kalman,buffer,20.0,18,3.2350483439153574,25.0,True
2,Kalman,buffer,20.0,19,2.510021592010477,69.0,True
2,Kalman,buffer,20.0,20,2.4351637302017877,15.0,True
2,Kalman,buffer,20.0,21,3.3518471413908237,64.0,True
2,Kalman,buffer,20.0,22,3.182254284220217,72.0,True
2,Kalman,buffer,20.0,23,2.1047753388985253,34.0,True
2,Kalman,buffer,20.0,24,2.38482495284332,6.0,True
2,Kalman,buffer,20.0,25,2.426059295965174,111.0,True
2,Kalman,buffer,20.0,26,2.23419161363552,40.0,True
2,Kalman,buffer,20.0,27,3.5303527009969398,53.0,True
2,Kalman,buffer,20.0,28,3.633630790496809,45.0,True
2,Kalman,buffer,20.0,29,2.760529985849782,12.0,True
2,Kalman,buffer,20.0,30,3.274922675769785,90.0,True
2,Kalman,buffer,20.0,31,2.523705117496995,26.0,True
2,Kalman,buffer,20.0,32,2.478073498666814,72.0,True
2,Kalman,buffer,20.0,33,2.4871414788377972,98.0,True
2,Kalman,buffer,20.0,34,2.3899011808884083,19.0,True
2,Kalman,buffer,20.0,35,2.3798836814730793,51.0,True
2,Kalman,buffer,20.0,36,3.0246433060546827,40.0,True
2,Kalman,buffer,20.0,37,2.686060159338085,48.0,True
2,Kalman,buffer,20.0,38,3.4108997839237674,87.0,True
2,Kalman,buffer,20.0,39,2.610203019581176,41.0,True
2,Kalman,buffer,20.0,40,3.062002239963606,7.0,True
2,Kalman,buffer,20.0,41,2.921874218100883,94.0,True
2,Kalman,buffer,20.0,42,3.087312618503433,97.0,True
2,Kalman,buffer,20.0,43,2.1637882957411487,29.0,True
2,Kalman,buffer,20.0,44,2.8761741791634776,37.0,True
2,Kalman,buffer,20.0,45,2.8116487298816923,16.0,True
2,Kalman,buffer,20.0,46,3.598400142369124,12.0,True
2,Kalman,buffer,20.0,47,2.3451318080555423,19.0,True
2,Kalman,buffer,20.0,48,3.1973458721173094,24.0,True
2,Kalman,buffer,20.0,49,2.6138180084081406,54.0,True
2,Kalman,crossing,5.0,0,3.1973316128382447,,False
2,Kalman,crossing,5.0,1,2.9114300615931326,,False
2,Kalman,crossing,5.0,2,3.419222217523704,,False
2,Kalman,crossing,5.0,3,2.356254655984064,46.0,True
2,Kalman,crossing,5.0,4,2.7121713184381564,93.0,True
2,Kalman,crossing,5.0,5,3.076585018956171,,False
2,Kalman,crossing,5.0,6,3.1704646725928836,,False
2,Kalman,crossing,5.0,7,3.475227077159596,,False
2,Kalman,crossing,5.0,8,2.5966310270764725,,False
2,Kalman,crossing,5.0,9,2.123329572049782,67.0,True
2,Kalman,crossing,5.0,10,2.5775443754647775,66.0,True
2,Kalman,crossing,5.0,11,3.067493813076811,,False
2,Kalman,crossing,5.0,12,3.7661179995870557,,False
2,Kalman,crossing,5.0,13,2.8100138521006626,,False
2,Kalman,crossing,5.0,14,2.2528798320126646,,False
2,Kalman,crossing,5.0,15,4.275987794477725,,False
2,Kalman,crossing,5.0,16,2.462155265167235,,False
2,Kalman,crossing,5.0,17,3.088634594623198,,False
2,Kalman,crossing,5.0,18,3.2350483439153574,,False
2,Kalman,crossing,5.0,19,2.510021592010477,,False
2,Kalman,crossing,5.0,20,2.4351637302017877,33.0,True
2,Kalman,crossing,5.0,21,3.3518471413908237,,False
2,Kalman,crossing,5.0,22,3.182254284220217,,False
2,Kalman,crossing,5.0,23,2.1047753388985253,54.0,True
2,Kalman,crossing,5.0,24,2.38482495284332,,False
2,Kalman,crossing,5.0,25,2.426059295965174,,False
2,Kalman,crossing,5.0,26,2.23419161363552,,False
2,Kalman,crossing,5.0,27,3.5303527009969398,,False
2,Kalman,crossing,5.0,28,3.633630790496809,,False
2,Kalman,crossing,5.0,29,2.760529985849782,,False
2,Kalman,crossing,5.0,30,3.274922675769785,,False
2,Kalman,crossing,5.0,31,2.523705117496995,,False
2,Kalman,crossing,5.0,32,2.478073498666814,,False
2,Kalman,crossing,5.0,33,2.4871414788377972,,False
2,Kalman,crossing,5.0,34,2.3899011808884083,,False
2,Kalman,crossing,5.0,35,2.3798836814730793,67.0,True
2,Kalman,crossing,5.0,36,3.0246433060546827,,False
2,Kalman,crossing,5.0,37,2.686060159338085,,False
2,Kalman,crossing,5.0,38,3.4108997839237674,,False
2,Kalman,crossing,5.0,39,2.610203019581176,,False
2,Kalman,crossing,5.0,40,3.062002239963606,,False
2,Kalman,crossing,5.0,41,2.921874218100883,,False
2,Kalman,crossing,5.0,42,3.087312618503433,,False
2,Kalman,crossing,5.0,43,2.1637882957411487,70.0,True
2,Kalman,crossing,5.0,44,2.8761741791634776,,False
2,Kalman,crossing,5.0,45,2.8116487298816923,,False
2,Kalman,crossing,5.0,46,3.598400142369124,,False
2,Kalman,crossing,5.0,47,2.3451318080555423,,False
2,Kalman,crossing,5.0,48,3.1973458721173094,,False
2,Kalman,crossing,5.0,49,2.6138180084081406,,False
2,Kalman,crossing,10.0,0,3.1973316128382447,28.0,True
2,Kalman,crossing,10.0,1,2.9114300615931326,25.0,True
2,Kalman,crossing,10.0,2,3.419222217523704,37.0,True
2,Kalman,crossing,10.0,3,2.356254655984064,19.0,True
2,Kalman,crossing,10.0,4,2.7121713184381564,64.0,True
2,Kalman,crossing,10.0,5,3.076585018956171,106.0,True
2,Kalman,crossing,10.0,6,3.1704646725928836,113.0,True
2,Kalman,crossing,10.0,7,3.475227077159596,48.0,True
2,Kalman,crossing,10.0,8,2.5966310270764725,60.0,True
2,Kalman,crossing,10.0,9,2.123329572049782,62.0,True
2,Kalman,crossing,10.0,10,2.5775443754647775,42.0,True
2,Kalman,crossing,10.0,11,3.067493813076811,37.0,True
2,Kalman,crossing,10.0,12,3.7661179995870557,54.0,True
2,Kalman,crossing,10.0,13,2.8100138521006626,74.0,True
2,Kalman,crossing,10.0,14,2.2528798320126646,42.0,True
2,Kalman,crossing,10.0,15,4.275987794477725,,False
2,Kalman,crossing,10.0,16,2.462155265167235,99.0,True
2,Kalman,crossing,10.0,17,3.088634594623198,30.0,True
2,Kalman,crossing,10.0,18,3.2350483439153574,40.0,True
2,Kalman,crossing,10.0,19,2.510021592010477,84.0,True
2,Kalman,crossing,10.0,20,2.4351637302017877,29.0,True
2,Kalman,crossing,10.0,21,3.3518471413908237,83.0,True
2,Kalman,crossing,10.0,22,3.182254284220217,82.0,True
2,Kalman,crossing,10.0,23,2.1047753388985253,48.0,True
2,Kalman,crossing,10.0,24,2.38482495284332,14.0,True
2,Kalman,crossing,10.0,25,2.426059295965174,113.0,True
2,Kalman,crossing,10.0,26,2.23419161363552,54.0,True
2,Kalman,crossing,10.0,27,3.5303527009969398,,False
2,Kalman,crossing,10.0,28,3.633630790496809,62.0,True
2,Kalman,crossing,10.0,29,2.760529985849782,26.0,True
2,Kalman,crossing,10.0,30,3.274922675769785,103.0,True
2,Kalman,crossing,10.0,31,2.523705117496995,36.0,True
2,Kalman,crossing,10.0,32,2.478073498666814,82.0,True
2,Kalman,crossing,10.0,33,2.4871414788377972,109.0,True
2,Kalman,crossing,10.0,34,2.3899011808884083,31.0,True
2,Kalman,crossing,10.0,35,2.3798836814730793,62.0,True
2,Kalman,crossing,10.0,36,3.0246433060546827,41.0,True
2,Kalman,crossing,10.0,37,2.686060159338085,49.0,True
2,Kalman,crossing,10.0,38,3.4108997839237674,98.0,True
2,Kalman,crossing,10.0,39,2.610203019581176,56.0,True
2,Kalman,crossing,10.0,40,3.062002239963606,20.0,True
2,Kalman,crossing,10.0,41,2.921874218100883,108.0,True
2,Kalman,crossing,10.0,42,3.087312618503433,109.0,True
2,Kalman,crossing,10.0,43,2.1637882957411487,42.0,True
2,Kalman,crossing,10.0,44,2.8761741791634776,54.0,True
2,Kalman,crossing,10.0,45,2.8116487298816923,27.0,True
2,Kalman,crossing,10.0,46,3.598400142369124,23.0,True
2,Kalman,crossing,10.0,47,2.3451318080555423,30.0,True
2,Kalman,crossing,10.0,48,3.1973458721173094,,False
2,Kalman,crossing,10.0,49,2.6138180084081406,,False
2,Kalman,crossing,15.0,0,3.1973316128382447,28.0,True
2,Kalman,crossing,15.0,1,2.9114300615931326,19.0,True
2,Kalman,crossing,15.0,2,3.419222217523704,32.0,True
2,Kalman,crossing,15.0,3,2.356254655984064,13.0,True
2,Kalman,crossing,15.0,4,2.7121713184381564,62.0,True
2,Kalman,crossing,15.0,5,3.076585018956171,103.0,True
2,Kalman,crossing,15.0,6,3.1704646725928836,108.0,True
2,Kalman,crossing,15.0,7,3.475227077159596,43.0,True
2,Kalman,crossing,15.0,8,2.5966310270764725,58.0,True
2,Kalman,crossing,15.0,9,2.123329572049782,61.0,True
2,Kalman,crossing,15.0,10,2.5775443754647775,36.0,True
2,Kalman,crossing,15.0,11,3.067493813076811,31.0,True
2,Kalman,crossing,15.0,12,3.7661179995870557,43.0,True
2,Kalman,crossing,15.0,13,2.8100138521006626,72.0,True
2,Kalman,crossing,15.0,14,2.2528798320126646,34.0,True
2,Kalman,crossing,15.0,15,4.275987794477725,36.0,True
2,Kalman,crossing,15.0,16,2.462155265167235,94.0,True
2,Kalman,crossing,15.0,17,3.088634594623198,23.0,True
2,Kalman,crossing,15.0,18,3.2350483439153574,32.0,True
2,Kalman,crossing,15.0,19,2.510021592010477,80.0,True
2,Kalman,crossing,15.0,20,2.4351637302017877,21.0,True
2,Kalman,crossing,15.0,21,3.3518471413908237,71.0,True
2,Kalman,crossing,15.0,22,3.182254284220217,77.0,True
2,Kalman,crossing,15.0,23,2.1047753388985253,43.0,True
2,Kalman,crossing,15.0,24,2.38482495284332,10.0,True
2,Kalman,crossing,15.0,25,2.426059295965174,112.0,True
2,Kalman,crossing,15.0,26,2.23419161363552,51.0,True
2,Kalman,crossing,15.0,27,3.5303527009969398,58.0,True
2,Kalman,crossing,15.0,28,3.633630790496809,52.0,True
2,Kalman,crossing,15.0,29,2.760529985849782,21.0,True
2,Kalman,crossing,15.0,30,3.274922675769785,96.0,True
2,Kalman,crossing,15.0,31,2.523705117496995,32.0,True
2,Kalman,crossing,15.0,32,2.478073498666814,77.0,True
2,Kalman,crossing,15.0,33,2.4871414788377972,104.0,True
2,Kalman,crossing,15.0,34,2.3899011808884083,28.0,True
2,Kalman,crossing,15.0,35,2.3798836814730793,61.0,True
2,Kalman,crossing,15.0,36,3.0246433060546827,40.0,True
2,Kalman,crossing,15.0,37,2.686060159338085,48.0,True
2,Kalman,crossing,15.0,38,3.4108997839237674,93.0,True
2,Kalman,crossing,15.0,39,2.610203019581176,50.0,True
2,Kalman,crossing,15.0,40,3.062002239963606,15.0,True
2,Kalman,crossing,15.0,41,2.921874218100883,104.0,True
2,Kalman,crossing,15.0,42,3.087312618503433,104.0,True
2,Kalman,crossing,15.0,43,2.1637882957411487,37.0,True
2,Kalman,crossing,15.0,44,2.8761741791634776,49.0,True
2,Kalman,crossing,15.0,45,2.8116487298816923,21.0,True
2,Kalman,crossing,15.0,46,3.598400142369124,19.0,True
2,Kalman,crossing,15.0,47,2.3451318080555423,26.0,True
2,Kalman,crossing,15.0,48,3.1973458721173094,34.0,True
2,Kalman,crossing,15.0,49,2.6138180084081406,63.0,True
2,Kalman,crossing,20.0,0,3.1973316128382447,19.0,True
2,Kalman,crossing,20.0,1,2.9114300615931326,13.0,True
2,Kalman,crossing,20.0,2,3.419222217523704,27.0,True
2,Kalman,crossing,20.0,3,2.356254655984064,7.0,True
2,Kalman,crossing,20.0,4,2.7121713184381564,62.0,True
2,Kalman,crossing,20.0,5,3.076585018956171,102.0,True
2,Kalman,crossing,20.0,6,3.1704646725928836,105.0,True
2,Kalman,crossing,20.0,7,3.475227077159596,39.0,True
2,Kalman,crossing,20.0,8,2.5966310270764725,58.0,True
2,Kalman,crossing,20.0,9,2.123329572049782,54.0,True
2,Kalman,crossing,20.0,10,2.5775443754647775,33.0,True
2,Kalman,crossing,20.0,11,3.067493813076811,26.0,True
2,Kalman,crossing,20.0,12,3.7661179995870557,37.0,True
2,Kalman,crossing,20.0,13,2.8100138521006626,72.0,True
2,Kalman,crossing,20.0,14,2.2528798320126646,31.0,True
2,Kalman,crossing,20.0,15,4.275987794477725,34.0,True
2,Kalman,crossing,20.0,16,2.462155265167235,88.0,True
2,Kalman,crossing,20.0,17,3.088634594623198,19.0,True
2,Kalman,crossing,20.0,18,3.2350483439153574,30.0,True
2,Kalman,crossing,20.0,19,2.510021592010477,74.0,True
2,Kalman,crossing,20.0,20,2.4351637302017877,17.0,True
2,Kalman,crossing,20.0,21,3.3518471413908237,67.0,True
2,Kalman,crossing,20.0,22,3.182254284220217,72.0,True
2,Kalman,crossing,20.0,23,2.1047753388985253,37.0,True
2,Kalman,crossing,20.0,24,2.38482495284332,8.0,True
2,Kalman,crossing,20.0,25,2.426059295965174,111.0,True
2,Kalman,crossing,20.0,26,2.23419161363552,47.0,True
2,Kalman,crossing,20.0,27,3.5303527009969398,54.0,True
2,Kalman,crossing,20.0,28,3.633630790496809,49.0,True
2,Kalman,crossing,20.0,29,2.760529985849782,15.0,True
2,Kalman,crossing,20.0,30,3.274922675769785,94.0,True
2,Kalman,crossing,20.0,31,2.523705117496995,26.0,True
2,Kalman,crossing,20.0,32,2.478073498666814,72.0,True
2,Kalman,crossing,20.0,33,2.4871414788377972,100.0,True
2,Kalman,crossing,20.0,34,2.3899011808884083,20.0,True
2,Kalman,crossing,20.0,35,2.3798836814730793,61.0,True
2,Kalman,crossing,20.0,36,3.0246433060546827,40.0,True
2,Kalman,crossing,20.0,37,2.686060159338085,48.0,True
2,Kalman,crossing,20.0,38,3.4108997839237674,89.0,True
2,Kalman,crossing,20.0,39,2.610203019581176,46.0,True
2,Kalman,crossing,20.0,40,3.062002239963606,12.0,True
2,Kalman,crossing,20.0,41,2.921874218100883,96.0,True
2,Kalman,crossing,20.0,42,3.087312618503433,100.0,True
2,Kalman,crossing,20.0,43,2.1637882957411487,31.0,True
2,Kalman,crossing,20.0,44,2.8761741791634776,43.0,True
2,Kalman,crossing,20.0,45,2.8116487298816923,18.0,True
2,Kalman,crossing,20.0,46,3.598400142369124,15.0,True
2,Kalman,crossing,20.0,47,2.3451318080555423,22.0,True
2,Kalman,crossing,20.0,48,3.1973458721173094,27.0,True
2,Kalman,crossing,20.0,49,2.6138180084081406,54.0,True
