profile,speed,seed,policy,model_seed,k,n,mean_proj_step_km,mean_true_step_km,ratio,ade_k_km
smooth,0.008,0,ConstVel,0,1,2751,0.8886558718312977,0.8883726951250132,1.000318758903598,0.10564179010882434
smooth,0.008,0,ConstVel,0,2,2701,0.8885787877928499,0.8884538030229391,1.0001406767234104,0.1908788473407634
smooth,0.008,0,ConstVel,0,3,2651,0.8886248106825346,0.8883474104813965,1.0003122654469019,0.27815508479861195
smooth,0.008,0,ConstVel,0,4,2601,0.8888956881965839,0.8881817792806391,1.000803786941591,0.372275182164385
smooth,0.008,0,ConstVel,0,5,2551,0.8886594572381324,0.88835335278097,1.0003445751132747,0.46927706239841993
smooth,0.008,0,ConstVel,0,6,2501,0.8888095918800173,0.8884677043746692,1.0003848057770302,0.5716367525347293
smooth,0.008,0,ConstVel,0,7,2451,0.888587243491634,0.8882283410779374,1.0004040654830504,0.6777592823593245
smooth,0.008,0,ConstVel,0,8,2401,0.8882748408208073,0.8886129018336881,0.9996195632404355,0.7865498320173419
smooth,0.008,0,ConstVel,0,9,2351,0.888539534304356,0.8888754181455273,0.9996221249521422,0.9055056897663659
smooth,0.008,0,ConstVel,0,10,2301,0.8888598514363828,0.8884780433472572,1.0004297327232614,1.0236919595495146
smooth,0.008,0,ConstVel,0,11,2251,0.8886658111929371,0.8883443704718543,1.000361842469843,1.1507231387896466
smooth,0.008,0,ConstVel,0,12,2201,0.8882418939293537,0.8882554575188806,0.9999847300802803,1.276400462395913
smooth,0.008,0,ConstVel,0,13,2151,0.8887746714002112,0.8884975094455719,1.0003119445487385,1.4057924397456327
smooth,0.008,0,ConstVel,0,14,2101,0.8889520251902486,0.8882847708938854,1.0007511716042277,1.5353375115492747
smooth,0.008,0,ConstVel,0,15,2051,0.888404434586162,0.8880007178438991,1.0004546356034971,1.6671745812452914
smooth,0.008,0,ConstVel,0,16,2001,0.8884895106734433,0.8878996694045687,1.0006643107202307,1.8046383906080194
smooth,0.008,0,ConstVel,0,17,1951,0.8885135015972547,0.8880379249025468,1.000535536469076,1.9403890240843389
smooth,0.008,0,ConstVel,0,18,1901,0.8891570483587475,0.8884739664324643,1.0007688260456589,2.0828788962364717
smooth,0.008,0,ConstVel,0,19,1851,0.8891982407025599,0.8883230993671232,1.0009851610704037,2.2221125509053192
smooth,0.008,0,ConstVel,0,20,1801,0.8892091320167824,0.8886413478983651,1.000638935066166,2.368166106792041
smooth,0.008,0,Kalman,0,1,2751,0.8884821551285196,0.8883726951250132,1.0001232140565632,0.09346299629647686
smooth,0.008,0,Kalman,0,2,2701,0.8884800285577078,0.8884538030229391,1.000029518174923,0.163035493933941
smooth,0.008,0,Kalman,0,3,2651,0.8885681940774425,0.8883474104813965,1.0002485329426765,0.23476987441150418
smooth,0.008,0,Kalman,0,4,2601,0.8886821941476253,0.8881817792806391,1.0005634149209766,0.31319774607824125
smooth,0.008,0,Kalman,0,5,2551,0.8885368164836498,0.88835335278097,1.0002065210899531,0.39471266667703137
smooth,0.008,0,Kalman,0,6,2501,0.8885570270025327,0.8884677043746692,1.0001005355933859,0.48133672144367834
smooth,0.008,0,Kalman,0,7,2451,0.8883733935100726,0.8882283410779374,1.0001633053410108,0.5741605969244188
smooth,0.008,0,Kalman,0,8,2401,0.8882620503551608,0.8886129018336881,0.9996051694975356,0.6699621207333556
smooth,0.008,0,Kalman,0,9,2351,0.8884768254079157,0.8888754181455273,0.9995515763745124,0.7723445441336884
smooth,0.008,0,Kalman,0,10,2301,0.8886118782300936,0.8884780433472572,1.00015063386635,0.8755930170895726
smooth,0.008,0,Kalman,0,11,2251,0.8884399677630614,0.8883443704718543,1.000107612874449,0.985565010152191
smooth,0.008,0,Kalman,0,12,2201,0.8883008136026053,0.8882554575188806,1.0000510619814837,1.0955281675987516
smooth,0.008,0,Kalman,0,13,2151,0.8886361734935265,0.8884975094455719,1.00015606577,1.209553079610519
smooth,0.008,0,Kalman,0,14,2101,0.8886279279699718,0.8882847708938854,1.0003863142624196,1.3243237633140663
smooth,0.008,0,Kalman,0,15,2051,0.8883252220518806,0.8880007178438991,1.0003654323712365,1.440588561716084
smooth,0.008,0,Kalman,0,16,2001,0.8884441278754232,0.8878996694045687,1.0006131981907591,1.5596947776178351
smooth,0.008,0,Kalman,0,17,1951,0.8886206835294377,0.8880379249025468,1.0006562316884775,1.6776504490084416
smooth,0.008,0,Kalman,0,18,1901,0.8890533929109276,0.8884739664324643,1.0006521592082094,1.8002499318673353
smooth,0.008,0,Kalman,0,19,1851,0.8891089965168291,0.8883230993671232,1.0008846974150123,1.9240535909836298
smooth,0.008,0,Kalman,0,20,1801,0.8891687475337755,0.8886413478983651,1.0005934898670399,2.051664318320052
smooth,0.008,0,LSTM-rec,0,1,2751,0.836021732820021,0.8883726951250132,0.9410709462455673,0.11928226168989145
smooth,0.008,0,LSTM-rec,0,2,2701,0.7949029617372722,0.8884538030229391,0.8947037640366187,0.26090883408371557
smooth,0.008,0,LSTM-rec,0,3,2651,0.7503496514756428,0.8883474104813965,0.8446578924218706,0.462925321860774
smooth,0.008,0,LSTM-rec,0,4,2601,0.7076767028571571,0.8881817792806391,0.7967701199976455,0.735408208117424
smooth,0.008,0,LSTM-rec,0,5,2551,0.6667524106887986,0.88835335278097,0.750548651166279,1.083454196371803
smooth,0.008,0,LSTM-rec,0,6,2501,0.6315435395815554,0.8884677043746692,0.7108232932631526,1.5052956925130339
smooth,0.008,0,LSTM-rec,0,7,2451,0.6008759632868156,0.8882283410779374,0.6764881680735426,2.0015077687871727
smooth,0.008,0,LSTM-rec,0,8,2401,0.5759945213139966,0.8886129018336881,0.6481950916145928,2.5685392236800504
smooth,0.008,0,LSTM-rec,0,9,2351,0.5574563092035791,0.8888754181455273,0.6271478520202615,3.2048273374981626
smooth,0.008,0,LSTM-rec,0,10,2301,0.5453390742686345,0.8884780433472572,0.6137901531186083,3.909294200673557
smooth,0.008,0,LSTM-rec,0,11,2251,0.5396983400331569,0.8883443704718543,0.6075327969337948,4.683037042343437
smooth,0.008,0,LSTM-rec,0,12,2201,0.5412316040143381,0.8882554575188806,0.6093197620492343,5.518638012937664
smooth,0.008,0,LSTM-rec,0,13,2151,0.5504874528318132,0.8884975094455719,0.6195711827884818,6.412771726245457
smooth,0.008,0,LSTM-rec,0,14,2101,0.5668192255228951,0.8882847708938854,0.6381053059735586,7.373419053124242
smooth,0.008,0,LSTM-rec,0,15,2051,0.5887210014334374,0.8880007178438991,0.6629735647769242,8.393897809848053
smooth,0.008,0,LSTM-rec,0,16,2001,0.6148272014818843,0.8878996694045687,0.6924512111759107,9.468663206011678
smooth,0.008,0,LSTM-rec,0,17,1951,0.6441648564259999,0.8880379249025468,0.7253798946668751,10.600864650437657
smooth,0.008,0,LSTM-rec,0,18,1901,0.6762473849168953,0.8884739664324643,0.7611335958804359,11.789064624669118
smooth,0.008,0,LSTM-rec,0,19,1851,0.7106762684370573,0.8883230993671232,0.8000200253076516,13.041692361123559
smooth,0.008,0,LSTM-rec,0,20,1801,0.747412439061893,0.8886413478983651,0.8410732190545959,14.353574216520197
smooth,0.008,0,LSTM-rec,1,1,2751,0.8790133657893978,0.8883726951250132,0.9894646364223314,0.1030849141492355
smooth,0.008,0,LSTM-rec,1,2,2701,0.8740310911200638,0.8884538030229391,0.9837665032736622,0.19578414520166093
smooth,0.008,0,LSTM-rec,1,3,2651,0.869096528309752,0.8883474104813965,0.9783295567201435,0.30651039209019515
smooth,0.008,0,LSTM-rec,1,4,2601,0.8645607021142976,0.8881817792806391,0.9734051320153484,0.43798179281627403
smooth,0.008,0,LSTM-rec,1,5,2551,0.8610600405768201,0.88835335278097,0.9692765135419269,0.5905448157159848
smooth,0.008,0,LSTM-rec,1,6,2501,0.8593211410810405,0.8884677043746692,0.9671945720141365,0.7646021852446355
smooth,0.008,0,LSTM-rec,1,7,2451,0.8583833081356204,0.8882283410779374,0.9663993687635574,0.9608347634890736
smooth,0.008,0,LSTM-rec,1,8,2401,0.8587241888642633,0.8886129018336881,0.9663647546555443,1.1781137601402993
smooth,0.008,0,LSTM-rec,1,9,2351,0.8604035554839137,0.8888754181455273,0.9679686690841166,1.4161374177780814
smooth,0.008,0,LSTM-rec,1,10,2301,0.862844884300261,0.8884780433472572,0.9711493612712975,1.674102483877582
smooth,0.008,0,LSTM-rec,1,11,2251,0.8657925380962178,0.8883443704718543,0.9746136373176341,1.9548621712099126
smooth,0.008,0,LSTM-rec,1,12,2201,0.8694010979908201,0.8882554575188806,0.9787737194649776,2.2530800216403533
smooth,0.008,0,LSTM-rec,1,13,2151,0.8738007947568321,0.8884975094455719,0.9834589129035256,2.5681879196526265
smooth,0.008,0,LSTM-rec,1,14,2101,0.8783490842155769,0.8882847708938854,0.9888147506251738,2.9019029443730973
smooth,0.008,0,LSTM-rec,1,15,2051,0.8830947906823459,0.8880007178438991,0.9944753117165659,3.254720921424517
smooth,0.008,0,LSTM-rec,1,16,2001,0.8881906245629215,0.8878996694045687,1.0003276892292887,3.620736371682786
smooth,0.008,0,LSTM-rec,1,17,1951,0.8933238652381591,0.8880379249025468,1.0059523812974456,3.9953455819353048
smooth,0.008,0,LSTM-rec,1,18,1901,0.8984213671190505,0.8884739664324643,1.01119605195246,4.374291597780385
smooth,0.008,0,LSTM-rec,1,19,1851,0.9033321995752723,0.8883230993671232,1.0168959922564687,4.760305830206467
smooth,0.008,0,LSTM-rec,1,20,1801,0.9080108901157963,0.8886413478983651,1.0217968050476607,5.149465184580194
smooth,0.008,0,LSTM-rec,2,1,2751,0.8752600004743886,0.8883726951250132,0.9852396469155557,0.12162851081614184
smooth,0.008,0,LSTM-rec,2,2,2701,0.8680351118289004,0.8884538030229391,0.9770177232349452,0.26726226921528995
smooth,0.008,0,LSTM-rec,2,3,2651,0.8663489538620751,0.8883474104813965,0.975236651382368,0.47289136477957744
smooth,0.008,0,LSTM-rec,2,4,2601,0.8732638608049036,0.8881817792806391,0.9832039805096904,0.7470114616326843
smooth,0.008,0,LSTM-rec,2,5,2551,0.8883947690800572,0.88835335278097,1.0000466214248616,1.0890674032024388
smooth,0.008,0,LSTM-rec,2,6,2501,0.9104078740206898,0.8884677043746692,1.0246943918591422,1.497678228193098
smooth,0.008,0,LSTM-rec,2,7,2451,0.9383085844821537,0.8882283410779374,1.056382172340324,1.9732614744726122
smooth,0.008,0,LSTM-rec,2,8,2401,0.9702113469761584,0.8886129018336881,1.09182676165751,2.511201526675924
smooth,0.008,0,LSTM-rec,2,9,2351,1.0045302357602697,0.8888754181455273,1.1301136416349937,3.104639993433623
smooth,0.008,0,LSTM-rec,2,10,2301,1.0398090073111357,0.8884780433472572,1.1703260593742455,3.750238185042227
smooth,0.008,0,LSTM-rec,2,11,2251,1.0753118889307187,0.8883443704718543,1.210467387055714,4.448696962035445
smooth,0.008,0,LSTM-rec,2,12,2201,1.1109128925499507,0.8882554575188806,1.2506682431797358,5.196470334505426
smooth,0.008,0,LSTM-rec,2,13,2151,1.1464368785525632,0.8884975094455719,1.290309614112421,5.984859881880311
smooth,0.008,0,LSTM-rec,2,14,2101,1.1811496167953024,0.8882847708938854,1.329697024532691,6.812930238530016
smooth,0.008,0,LSTM-rec,2,15,2051,1.215333707309933,0.8880007178438991,1.3686179333962831,7.687992740551906
smooth,0.008,0,LSTM-rec,2,16,2001,1.2492729595623049,0.8878996694045687,1.4069978879483935,8.600621887861774
smooth,0.008,0,LSTM-rec,2,17,1951,1.2829138904417763,0.8880379249025468,1.4446611506851614,9.546093059376043
smooth,0.008,0,LSTM-rec,2,18,1901,1.3163641305406075,0.8884739664324643,1.4816012401874563,10.520488995916248
smooth,0.008,0,LSTM-rec,2,19,1851,1.3491938986866308,0.8883230993671232,1.5188098785766693,11.524380771275643
smooth,0.008,0,LSTM-rec,2,20,1801,1.381504301940203,0.8886413478983651,1.5546252773489075,12.551494650460604
smooth,0.008,0,LSTM-rec,3,1,2751,0.8793812614881006,0.8883726951250132,0.9898787595721329,0.1239610333890707
smooth,0.008,0,LSTM-rec,3,2,2701,0.8755980741886651,0.8884538030229391,0.9855302225163168,0.2742655275718825
smooth,0.008,0,LSTM-rec,3,3,2651,0.8770516385381342,0.8883474104813965,0.987284510755605,0.48864359588989664
smooth,0.008,0,LSTM-rec,3,4,2601,0.8813091477197247,0.8881817792806391,0.9922621340346784,0.7772241970486538
smooth,0.008,0,LSTM-rec,3,5,2551,0.8890466678881,0.88835335278097,1.00078044969939,1.145095369583304
smooth,0.008,0,LSTM-rec,3,6,2501,0.9018004058407351,0.8884677043746692,1.015006399670374,1.5929477482916492
smooth,0.008,0,LSTM-rec,3,7,2451,0.9198369053325236,0.8882283410779374,1.0355860793815999,2.1213012412382453
smooth,0.008,0,LSTM-rec,3,8,2401,0.944489356587502,0.8886129018336881,1.0628805350884627,2.730294270691248
smooth,0.008,0,LSTM-rec,3,9,2351,0.9757604647533707,0.8888754181455273,1.097747158751575,3.423115699319584
smooth,0.008,0,LSTM-rec,3,10,2301,1.0109004352966378,0.8884780433472572,1.1377888771321414,4.196866384119819
smooth,0.008,0,LSTM-rec,3,11,2251,1.0475204710468713,0.8883443704718543,1.1791828775708555,5.049626719984677
smooth,0.008,0,LSTM-rec,3,12,2201,1.084832775639791,0.8882554575188806,1.2213071886661975,5.977631524891121
smooth,0.008,0,LSTM-rec,3,13,2151,1.1232984167905016,0.8884975094455719,1.2642673781848268,6.983881250309415
smooth,0.008,0,LSTM-rec,3,14,2101,1.1623619025638887,0.8882847708938854,1.3085464714138892,8.070521437852166
smooth,0.008,0,LSTM-rec,3,15,2051,1.2019842907892462,0.8880007178438991,1.3535848188363087,9.22831567995858
smooth,0.008,0,LSTM-rec,3,16,2001,1.2432014865533083,0.8878996694045687,1.4001598709761964,10.460532277676977
smooth,0.008,0,LSTM-rec,3,17,1951,1.2863950614748585,0.8880379249025468,1.4485812209157929,11.769959643536241
smooth,0.008,0,LSTM-rec,3,18,1901,1.3324556319246756,0.8884739664324643,1.499712633421274,13.158581489566958
smooth,0.008,0,LSTM-rec,3,19,1851,1.3818703197710587,0.8883230993671232,1.555594266045269,14.632111560531264
smooth,0.008,0,LSTM-rec,3,20,1801,1.4354811638261427,0.8886413478983651,1.6153661623117723,16.1944481326237
smooth,0.008,0,LSTM-rec,4,1,2751,0.859258140605883,0.8883726951250132,0.9672270943502681,0.13679996053798854
smooth,0.008,0,LSTM-rec,4,2,2701,0.8422911006702746,0.8884538030229391,0.9480415276567029,0.3161038118729299
smooth,0.008,0,LSTM-rec,4,3,2651,0.8298240217777059,0.8883474104813965,0.9341210566798672,0.5757454311599887
smooth,0.008,0,LSTM-rec,4,4,2601,0.8222355542695056,0.8881817792806391,0.925751432252365,0.9232192793730115
smooth,0.008,0,LSTM-rec,4,5,2551,0.8212883476163484,0.88835335278097,0.9245063859390228,1.3614122780895574
smooth,0.008,0,LSTM-rec,4,6,2501,0.8284335991730974,0.8884677043746692,0.9324296145982869,1.8874690584298748
smooth,0.008,0,LSTM-rec,4,7,2451,0.8427345292666901,0.8882283410779374,0.9487814003367233,2.498577339635438
smooth,0.008,0,LSTM-rec,4,8,2401,0.8641449262598807,0.8886129018336881,0.9724649782562049,3.191081863902596
smooth,0.008,0,LSTM-rec,4,9,2351,0.8920547990740529,0.8888754181455273,1.0035768577503907,3.964182433307016
smooth,0.008,0,LSTM-rec,4,10,2301,0.9237793781475071,0.8884780433472572,1.0397323659988889,4.812196891656704
smooth,0.008,0,LSTM-rec,4,11,2251,0.9570522737967816,0.8883443704718543,1.0773437707366034,5.73053011952079
smooth,0.008,0,LSTM-rec,4,12,2201,0.990642756537779,0.8882554575188806,1.115267852454171,6.712595920371959
smooth,0.008,0,LSTM-rec,4,13,2151,1.0245092435006518,0.8884975094455719,1.1530806024880722,7.758254566283731
smooth,0.008,0,LSTM-rec,4,14,2101,1.0577320273037154,0.8882847708938854,1.1907578087141069,8.867162264917939
smooth,0.008,0,LSTM-rec,4,15,2051,1.0897187306484029,0.8880007178438991,1.2271597406973758,10.028324248081665
smooth,0.008,0,LSTM-rec,4,16,2001,1.1209771730747902,0.8878996694045687,1.2625043253214914,11.242523229037612
smooth,0.008,0,LSTM-rec,4,17,1951,1.1513766581136804,0.8880379249025468,1.2965399627949812,12.509204405292168
smooth,0.008,0,LSTM-rec,4,18,1901,1.1810488177163925,0.8884739664324643,1.3293004211014974,13.826480992110543
smooth,0.008,0,LSTM-rec,4,19,1851,1.2097662012590191,0.8883230993671232,1.361853814362032,15.194665333934836
smooth,0.008,0,LSTM-rec,4,20,1801,1.2377049895821415,0.8886413478983651,1.3928059869252214,16.612734997315346
smooth,0.008,0,LSTM-ms,0,1,2751,0.8333238081655604,0.8883726951250132,0.9380340174101072,0.1400112712424407
smooth,0.008,0,LSTM-ms,0,2,2701,0.8376626462554281,0.8884538030229391,0.9428319665077739,0.2735635919616213
smooth,0.008,0,LSTM-ms,0,3,2651,0.8398767773560047,0.8883474104813965,0.9454373001446298,0.40684314368940955
smooth,0.008,0,LSTM-ms,0,4,2601,0.7856308594629245,0.8881817792806391,0.8845383656701749,0.5731357895890307
smooth,0.008,0,LSTM-ms,0,5,2551,0.774907918093304,0.88835335278097,0.8722969476813165,0.7481884204197841
smooth,0.008,0,LSTM-ms,0,6,2501,0.7510989373932497,0.8884677043746692,0.8453868764108834,0.9606348895924994
smooth,0.008,0,LSTM-ms,0,7,2451,0.728905602728506,0.8882283410779374,0.8206286255670696,1.1870029924829641
smooth,0.008,0,LSTM-ms,0,8,2401,0.7138779876309672,0.8886129018336881,0.8033621683388251,1.4339176631062875
smooth,0.008,0,LSTM-ms,0,9,2351,0.7173559209091347,0.8888754181455273,0.807037641344345,1.6978612866201697
smooth,0.008,0,LSTM-ms,0,10,2301,0.6481978832701311,0.8884780433472572,0.7295598221292072,1.9855904437520202
smooth,0.008,0,LSTM-ms,0,11,2251,0.6453502115289131,0.8883443704718543,0.7264640076304282,2.3296774618501845
smooth,0.008,0,LSTM-ms,0,12,2201,0.5806102190145986,0.8882554575188806,0.6536522957442762,2.6821507540951313
smooth,0.008,0,LSTM-ms,0,13,2151,0.5792163763178522,0.8884975094455719,0.6519054585524802,3.0425764075546278
smooth,0.008,0,LSTM-ms,0,14,2101,0.5677870883706838,0.8882847708938854,0.6391948921957954,3.436318406410713
smooth,0.008,0,LSTM-ms,0,15,2051,0.5172705929301666,0.8880007178438991,0.5825114580831873,3.834629886325105
smooth,0.008,0,LSTM-ms,0,16,2001,0.502168645388609,0.8878996694045687,0.5655691320680033,4.2428725114559604
smooth,0.008,0,LSTM-ms,0,17,1951,0.47162560525661873,0.8880379249025468,0.5310872340371892,4.672769867842166
smooth,0.008,0,LSTM-ms,0,18,1901,0.48843692667061767,0.8884739664324643,0.5497481582176953,5.098128083514134
smooth,0.008,0,LSTM-ms,0,19,1851,0.4274667838172378,0.8883230993671232,0.4812064260422612,5.545527549178661
smooth,0.008,0,LSTM-ms,0,20,1801,0.4640191018112006,0.8886413478983651,0.5221669044644442,5.966195217119279
smooth,0.008,0,LSTM-ms,1,1,2751,0.8102994295293438,0.8883726951250132,0.9121165406995283,0.1395175860539788
smooth,0.008,0,LSTM-ms,1,2,2701,0.7915889936952915,0.8884538030229391,0.8909737242408464,0.28974413918439546
smooth,0.008,0,LSTM-ms,1,3,2651,0.791365699768991,0.8883474104813965,0.8908290725361027,0.4321660834273631
smooth,0.008,0,LSTM-ms,1,4,2601,0.7431093390825093,0.8881817792806391,0.83666357092393,0.6060177344768104
smooth,0.008,0,LSTM-ms,1,5,2551,0.7395253258989642,0.88835335278097,0.8324675351130234,0.7908580908202475
smooth,0.008,0,LSTM-ms,1,6,2501,0.672011139746869,0.8884677043746692,0.7563709254011107,1.0475975215675488
smooth,0.008,0,LSTM-ms,1,7,2451,0.6443120176712451,0.8882283410779374,0.7253900690551262,1.312550331967642
smooth,0.008,0,LSTM-ms,1,8,2401,0.5757406565613511,0.8886129018336881,0.6479094050663537,1.6383884902838866
smooth,0.008,0,LSTM-ms,1,9,2351,0.5557728744289291,0.8888754181455273,0.625253959197618,1.9789228441859434
smooth,0.008,0,LSTM-ms,1,10,2301,0.5057299301804516,0.8884780433472572,0.5692092606758877,2.3640356584246884
smooth,0.008,0,LSTM-ms,1,11,2251,0.5025046999865876,0.8883443704718543,0.565664303945188,2.7731507520043035
smooth,0.008,0,LSTM-ms,1,12,2201,0.4359179743780519,0.8882554575188806,0.4907574399775485,3.2332952879685948
smooth,0.008,0,LSTM-ms,1,13,2151,0.4316637705493048,0.8884975094455719,0.48583565621772623,3.7071515606278007
smooth,0.008,0,LSTM-ms,1,14,2101,0.3972894429140859,0.8882847708938854,0.44725459214424174,4.221435663231402
smooth,0.008,0,LSTM-ms,1,15,2051,0.42020003630468317,0.8880007178438991,0.4731978565568567,4.722769172233213
smooth,0.008,0,LSTM-ms,1,16,2001,0.3901998849091217,0.8878996694045687,0.4394639375987068,5.254133047331737
smooth,0.008,0,LSTM-ms,1,17,1951,0.424284194706162,0.8880379249025468,0.4777771115492876,5.790606689462138
smooth,0.008,0,LSTM-ms,1,18,1901,0.41028060301170755,0.8884739664324643,0.4617812322167734,6.314578536954368
smooth,0.008,0,LSTM-ms,1,19,1851,0.3802766752271761,0.8883230993671232,0.42808374058729354,6.875139947670243
smooth,0.008,0,LSTM-ms,1,20,1801,0.40265096853452703,0.8886413478983651,0.45310852290048814,7.445936009996779
smooth,0.008,0,LSTM-ms,2,1,2751,1.0133974508057533,0.8883726951250132,1.1407345772408577,0.2058419005751421
smooth,0.008,0,LSTM-ms,2,2,2701,0.9808292853163544,0.8884538030229391,1.103973309562197,0.36805119080036763
smooth,0.008,0,LSTM-ms,2,3,2651,1.0206872243796141,0.8883474104813965,1.1489730395302244,0.559498217005485
smooth,0.008,0,LSTM-ms,2,4,2601,0.9219557786550001,0.8881817792806391,1.0380259989140008,0.663684251945079
smooth,0.008,0,LSTM-ms,2,5,2551,0.9341584981536948,0.88835335278097,1.0515618534329079,0.7986289587453614
smooth,0.008,0,LSTM-ms,2,6,2501,0.8928733365140359,0.8884677043746692,1.0049586857436394,0.9350590747278661
smooth,0.008,0,LSTM-ms,2,7,2451,0.862804840544789,0.8882283410779374,0.9713772918996315,1.0443624671384901
smooth,0.008,0,LSTM-ms,2,8,2401,0.7854498072784584,0.8886129018336881,0.8839054729653951,1.1214291304675934
smooth,0.008,0,LSTM-ms,2,9,2351,0.7610752765874375,0.8888754181455273,0.8562226618610728,1.2160367241478192
smooth,0.008,0,LSTM-ms,2,10,2301,0.7499581306045993,0.8884780433472572,0.8440930377741275,1.360495923713219
smooth,0.008,0,LSTM-ms,2,11,2251,0.6909664568151122,0.8883443704718543,0.7778137395614917,1.5148078080983534
smooth,0.008,0,LSTM-ms,2,12,2201,0.6446327358893328,0.8882554575188806,0.725728989822312,1.6821053433466293
smooth,0.008,0,LSTM-ms,2,13,2151,0.619444401275149,0.8884975094455719,0.6971819219411051,1.9104811183778072
smooth,0.008,0,LSTM-ms,2,14,2101,0.6141523509325247,0.8882847708938854,0.6913912869568846,2.1773394278505083
smooth,0.008,0,LSTM-ms,2,15,2051,0.5457718209182307,0.8880007178438991,0.6146074096014092,2.4981643610403292
smooth,0.008,0,LSTM-ms,2,16,2001,0.5657324500211348,0.8878996694045687,0.6371580816113139,2.8250134305982715
smooth,0.008,0,LSTM-ms,2,17,1951,0.4953508887009698,0.8880379249025468,0.5578037545584886,3.2025108473032327
smooth,0.008,0,LSTM-ms,2,18,1901,0.49818078541219823,0.8884739664324643,0.5607151185448567,3.594958526959737
smooth,0.008,0,LSTM-ms,2,19,1851,0.5073998148199671,0.8883230993671232,0.5711883606105245,4.00204440755953
smooth,0.008,0,LSTM-ms,2,20,1801,0.5330010414935636,0.8886413478983651,0.5997932042596374,4.405888247167441
smooth,0.008,0,LSTM-ms,3,1,2751,0.8722194678343431,0.8883726951250132,0.9818170601378097,0.10046536334627239
smooth,0.008,0,LSTM-ms,3,2,2701,0.9019021766968457,0.8884538030229391,1.0151368294312533,0.18198574070126589
smooth,0.008,0,LSTM-ms,3,3,2651,0.9191959511103283,0.8883474104813965,1.0347257618640604,0.28664115933776907
smooth,0.008,0,LSTM-ms,3,4,2601,0.9124832677899782,0.8881817792806391,1.0273609401546397,0.4044288294006253
smooth,0.008,0,LSTM-ms,3,5,2551,0.883178431511534,0.88835335278097,0.9941747039584686,0.5289697513764986
smooth,0.008,0,LSTM-ms,3,6,2501,0.8775948981901529,0.8884677043746692,0.9877622944188288,0.673701059261296
smooth,0.008,0,LSTM-ms,3,7,2451,0.8453808774224284,0.8882283410779374,0.9517607560196626,0.8280883610341409
smooth,0.008,0,LSTM-ms,3,8,2401,0.8457819836977098,0.8886129018336881,0.9518002517771293,1.0113007399635459
smooth,0.008,0,LSTM-ms,3,9,2351,0.8248383766946501,0.8888754181455273,0.927957236589489,1.2109008120174476
smooth,0.008,0,LSTM-ms,3,10,2301,0.8075975615297228,0.8884780433472572,0.9089673825671315,1.4305210081808528
smooth,0.008,0,LSTM-ms,3,11,2251,0.7985621674886971,0.8883443704718543,0.8989331097629759,1.6691774751008601
smooth,0.008,0,LSTM-ms,3,12,2201,0.7899516592825925,0.8882554575188806,0.8893293619485602,1.9333521548871906
smooth,0.008,0,LSTM-ms,3,13,2151,0.7600645823775447,0.8884975094455719,0.8554493111093016,2.209187098194212
smooth,0.008,0,LSTM-ms,3,14,2101,0.7248350894009145,0.8882847708938854,0.8159940518528864,2.491186380273382
smooth,0.008,0,LSTM-ms,3,15,2051,0.6817439967300515,0.8880007178438991,0.767729105428375,2.7933158186293734
smooth,0.008,0,LSTM-ms,3,16,2001,0.6996631017748816,0.8878996694045687,0.7879979302662431,3.1151321792901414
smooth,0.008,0,LSTM-ms,3,17,1951,0.6622165991816343,0.8880379249025468,0.7457075656473859,3.4450164780686
smooth,0.008,0,LSTM-ms,3,18,1901,0.6093571010639943,0.8884739664324643,0.6858468836298913,3.78068830430988
smooth,0.008,0,LSTM-ms,3,19,1851,0.5694664865759277,0.8883230993671232,0.6410578391822056,4.13081352044273
smooth,0.008,0,LSTM-ms,3,20,1801,0.5678016866839505,0.8886413478983651,0.6389548359715652,4.507093137805908
smooth,0.008,0,LSTM-ms,4,1,2751,0.8011342869009234,0.8883726951250132,0.9017997641048463,0.22316577572153917
smooth,0.008,0,LSTM-ms,4,2,2701,0.77561948720598,0.8884538030229391,0.8729992314366335,0.44522415204505067
smooth,0.008,0,LSTM-ms,4,3,2651,0.7531309411568446,0.8883474104813965,0.8477887505167849,0.6984226734020833
smooth,0.008,0,LSTM-ms,4,4,2601,0.7336424033181091,0.8881817792806391,0.8260047891460965,0.9478709399662666
smooth,0.008,0,LSTM-ms,4,5,2551,0.7370361237246731,0.88835335278097,0.8296654944987805,1.2086235589005836
smooth,0.008,0,LSTM-ms,4,6,2501,0.67043975845807,0.8884677043746692,0.7546022834110173,1.494678015397195
smooth,0.008,0,LSTM-ms,4,7,2451,0.6617219401955766,0.8882283410779374,0.7449907975155614,1.7771020554576191
smooth,0.008,0,LSTM-ms,4,8,2401,0.6540599413242848,0.8886129018336881,0.7360459655431584,2.0627507855523226
smooth,0.008,0,LSTM-ms,4,9,2351,0.5934042359128809,0.8888754181455273,0.6675898824504655,2.3930380978296117
smooth,0.008,0,LSTM-ms,4,10,2301,0.5458820663318146,0.8884780433472572,0.6144013016632975,2.7427911966881786
smooth,0.008,0,LSTM-ms,4,11,2251,0.5505977791975359,0.8883443704718543,0.6198021820131303,3.1223125602050548
smooth,0.008,0,LSTM-ms,4,12,2201,0.4917615032899328,0.8882554575188806,0.5536262109365987,3.5642819723228567
smooth,0.008,0,LSTM-ms,4,13,2151,0.4963953076843064,0.8884975094455719,0.5586907137129289,3.987542599325051
smooth,0.008,0,LSTM-ms,4,14,2101,0.4638486867270195,0.8882847708938854,0.5221846663657718,4.47083489902421
smooth,0.008,0,LSTM-ms,4,15,2051,0.4663053065948397,0.8880007178438991,0.5251181640112268,4.9895741430079585
smooth,0.008,0,LSTM-ms,4,16,2001,0.44046117584595634,0.8878996694045687,0.4960708861861977,5.5249072803790416
smooth,0.008,0,LSTM-ms,4,17,1951,0.4464457965566469,0.8880379249025468,0.5027328045766061,6.074021955739012
smooth,0.008,0,LSTM-ms,4,18,1901,0.4246255786585125,0.8884739664324643,0.47792686640390114,6.623276244150515
smooth,0.008,0,LSTM-ms,4,19,1851,0.4473755237758485,0.8883230993671232,0.5036180237737561,7.18832689254346
smooth,0.008,0,LSTM-ms,4,20,1801,0.4069784682312836,0.8886413478983651,0.45797831621698315,7.770320551696441
smooth,0.008,1,ConstVel,0,1,2964,0.8864934399466086,0.8863407879047935,1.0001722272560376,0.10923445298355906
smooth,0.008,1,ConstVel,0,2,2914,0.88693089674409,0.8866214775938231,1.000348986752618,0.19552231194298292
smooth,0.008,1,ConstVel,0,3,2864,0.8873201514913432,0.8865351731888866,1.0008854451872824,0.283183683602398
smooth,0.008,1,ConstVel,0,4,2814,0.8872229162491584,0.8865805395937105,1.0007245553300124,0.37630095745370484
smooth,0.008,1,ConstVel,0,5,2764,0.8875420935242977,0.8863960826299007,1.0012928880405212,0.4740074705114642
smooth,0.008,1,ConstVel,0,6,2714,0.8873474261387378,0.8864928821440604,1.0009639603564675,0.5743790891611051
smooth,0.008,1,ConstVel,0,7,2664,0.8871462990542357,0.8864536349373077,1.0007813878691771,0.6818486747519051
smooth,0.008,1,ConstVel,0,8,2614,0.8872685281921184,0.8860559070669585,1.0013685605112368,0.7905233057801587
smooth,0.008,1,ConstVel,0,9,2564,0.8874801764776455,0.885482373479294,1.002256174779066,0.9069964614826108
smooth,0.008,1,ConstVel,0,10,2514,0.8876302800203739,0.8856102615944561,1.002280933852642,1.0287388609062547
smooth,0.008,1,ConstVel,0,11,2464,0.8878106028738574,0.8851588674255743,1.0029957734660622,1.1506195576229787
smooth,0.008,1,ConstVel,0,12,2414,0.8882560794513854,0.8848914942194053,1.0038022573998726,1.275321652290851
smooth,0.008,1,ConstVel,0,13,2364,0.8884051667311068,0.884997565133797,1.0038504078785737,1.4093612151974606
smooth,0.008,1,ConstVel,0,14,2314,0.8885590525325652,0.8847320090521917,1.0043256527866256,1.5418440743504007
smooth,0.008,1,ConstVel,0,15,2264,0.8883311649393741,0.8852576548823757,1.0034718819318278,1.6799770447721407
smooth,0.008,1,ConstVel,0,16,2214,0.8879014840444285,0.8849180978286789,1.003371369873743,1.8251206144344811
smooth,0.008,1,ConstVel,0,17,2164,0.8877216938697261,0.885062327834553,1.0030047217597429,1.9754758541711237
smooth,0.008,1,ConstVel,0,18,2114,0.8878089748860863,0.8846260364803553,1.0035980609596287,2.1321144130616205
smooth,0.008,1,ConstVel,0,19,2064,0.8876707800573161,0.8843078553747177,1.003802889075517,2.2959027623190456
smooth,0.008,1,ConstVel,0,20,2014,0.8875898593884495,0.8841750943962418,1.003862091359336,2.4593017238986574
smooth,0.008,1,Kalman,0,1,2964,0.8865817931144155,0.8863407879047935,1.0002719103226556,0.09523175904920331
smooth,0.008,1,Kalman,0,2,2914,0.8869544609688819,0.8866214775938231,1.00037556430052,0.1632239048064698
smooth,0.008,1,Kalman,0,3,2864,0.8871985768674442,0.8865351731888866,1.0007483106126194,0.231221465034852
smooth,0.008,1,Kalman,0,4,2814,0.8871874772956391,0.8865805395937105,1.0006845827026687,0.30609580636309847
smooth,0.008,1,Kalman,0,5,2764,0.8873277788343189,0.8863960826299007,1.0010511059589229,0.38751258018144036
smooth,0.008,1,Kalman,0,6,2714,0.8871722399002657,0.8864928821440604,1.0007663431595324,0.4706066552781306
smooth,0.008,1,Kalman,0,7,2664,0.8870966354441809,0.8864536349373077,1.0007253628182355,0.5595656034622619
smooth,0.008,1,Kalman,0,8,2614,0.8872424452723728,0.8860559070669585,1.0013391234073954,0.6533793522532364
smooth,0.008,1,Kalman,0,9,2564,0.887440152788536,0.885482373479294,1.0022109749080035,0.7540246054691944
smooth,0.008,1,Kalman,0,10,2514,0.8876208606052655,0.8856102615944561,1.0022702977799618,0.858190426635361
smooth,0.008,1,Kalman,0,11,2464,0.8878587308901963,0.8851588674255743,1.0030501456450123,0.9636416099672249
smooth,0.008,1,Kalman,0,12,2414,0.888182152383241,0.8848914942194053,1.003718713746637,1.0736146868504637
smooth,0.008,1,Kalman,0,13,2364,0.8882801746609749,0.884997565133797,1.003709173512451,1.1914398859378106
smooth,0.008,1,Kalman,0,14,2314,0.8882788865950009,0.8847320090521917,1.004008985214188,1.3092519821588897
smooth,0.008,1,Kalman,0,15,2264,0.8880175666829339,0.8852576548823757,1.0031176367527992,1.4319453480741056
smooth,0.008,1,Kalman,0,16,2214,0.8877057295536648,0.8849180978286789,1.0031501578867308,1.5606689536788543
smooth,0.008,1,Kalman,0,17,2164,0.8875983342021305,0.885062327834553,1.0028653421209128,1.693101165838078
smooth,0.008,1,Kalman,0,18,2114,0.8876140208404729,0.8846260364803553,1.0033776807791073,1.8347879127544788
smooth,0.008,1,Kalman,0,19,2064,0.8875051608907741,0.8843078553747177,1.003615602300289,1.9845106337115892
smooth,0.008,1,Kalman,0,20,2014,0.88743809280573,0.8841750943962418,1.0036904437030274,2.1357799626852776
smooth,0.008,1,LSTM-rec,0,1,2964,0.8314198459192623,0.8863407879047935,0.9380363143217656,0.11995257448190104
smooth,0.008,1,LSTM-rec,0,2,2914,0.7886233374714083,0.8866214775938231,0.8894701486497155,0.2571967085102278
smooth,0.008,1,LSTM-rec,0,3,2864,0.7412397396952812,0.8865351731888866,0.8361086645090747,0.454288344948342
smooth,0.008,1,LSTM-rec,0,4,2814,0.694813712110529,0.8865805395937105,0.7837006127259891,0.7230720832722701
smooth,0.008,1,LSTM-rec,0,5,2764,0.650407865414411,0.8863960826299007,0.7337666288919933,1.0638288057341676
smooth,0.008,1,LSTM-rec,0,6,2714,0.6105627409853562,0.8864928821440604,0.6887395863897485,1.481782539895887
smooth,0.008,1,LSTM-rec,0,7,2664,0.5753147243755282,0.8864536349373077,0.6490071242318455,1.9738547538423452
smooth,0.008,1,LSTM-rec,0,8,2614,0.5459940138762261,0.8860559070669585,0.6162071823250831,2.53566302574224
smooth,0.008,1,LSTM-rec,0,9,2564,0.5228390876510994,0.885482373479294,0.5904567988143306,3.1654948765423248
smooth,0.008,1,LSTM-rec,0,10,2514,0.506189480770566,0.8856102615944561,0.5715713815908372,3.8653234574723183
smooth,0.008,1,LSTM-rec,0,11,2464,0.49694795413506543,0.8851588674255743,0.5614223304121728,4.62971051917216
smooth,0.008,1,LSTM-rec,0,12,2414,0.49601956792935425,0.8848914942194053,0.5605428136326601,5.454093663693841
smooth,0.008,1,LSTM-rec,0,13,2364,0.5034619547237762,0.884997565133797,0.5688851298112454,6.345400386951968
smooth,0.008,1,LSTM-rec,0,14,2314,0.519520814268628,0.8847320090521917,0.587206983530739,7.297990725340096
smooth,0.008,1,LSTM-rec,0,15,2264,0.5422786119170999,0.8852576548823757,0.6125658546145557,8.312213743422925
smooth,0.008,1,LSTM-rec,0,16,2214,0.5696166557054544,0.8849180978286789,0.6436942097840707,9.38603532233543
smooth,0.008,1,LSTM-rec,0,17,2164,0.6003021168285261,0.885062327834553,0.6782597088922105,10.51456710449682
smooth,0.008,1,LSTM-rec,0,18,2114,0.6337981932650678,0.8846260364803553,0.7164588957688252,11.700393680878667
smooth,0.008,1,LSTM-rec,0,19,2064,0.6695743688255764,0.8843078553747177,0.7571733811432108,12.9455209458839
smooth,0.008,1,LSTM-rec,0,20,2014,0.7072053126483516,0.8841750943962418,0.7998475835052402,14.243952555758147
smooth,0.008,1,LSTM-rec,1,1,2964,0.8778163493322958,0.8863407879047935,0.9903824367683128,0.10600147518754473
smooth,0.008,1,LSTM-rec,1,2,2914,0.8742844655743816,0.8866214775938231,0.9860853675088915,0.20107570799956767
smooth,0.008,1,LSTM-rec,1,3,2864,0.8705824092727814,0.8865351731888866,0.9820054923949347,0.3142295200103498
smooth,0.008,1,LSTM-rec,1,4,2814,0.8668319143017557,0.8865805395937105,0.9777249506277174,0.4501547429043429
smooth,0.008,1,LSTM-rec,1,5,2764,0.8647392686927998,0.8863960826299007,0.9755675658303385,0.6106491380902079
smooth,0.008,1,LSTM-rec,1,6,2714,0.8637142362400619,0.8864928821440604,0.9743047616480504,0.7940499484558844
smooth,0.008,1,LSTM-rec,1,7,2664,0.8637258742289128,0.8864536349373077,0.9743610271167739,1.0021070840776838
smooth,0.008,1,LSTM-rec,1,8,2614,0.865082261445983,0.8860559070669585,0.9763292073855668,1.2316330350517235
smooth,0.008,1,LSTM-rec,1,9,2564,0.867410910448913,0.885482373479294,0.9795913915718351,1.4868394174223394
smooth,0.008,1,LSTM-rec,1,10,2514,0.8703366851421136,0.8856102615944561,0.9827536139601138,1.7615363269673139
smooth,0.008,1,LSTM-rec,1,11,2464,0.8739486232238325,0.8851588674255743,0.9873353308493129,2.054401766714557
smooth,0.008,1,LSTM-rec,1,12,2414,0.878094847885546,0.8848914942194053,0.9923192319304021,2.366746401677535
smooth,0.008,1,LSTM-rec,1,13,2364,0.8824240636262674,0.884997565133797,0.9970920806916111,2.698662650665885
smooth,0.008,1,LSTM-rec,1,14,2314,0.8870251877955501,0.8847320090521917,1.0025919473014375,3.0499658446095466
smooth,0.008,1,LSTM-rec,1,15,2264,0.89168139828592,0.8852576548823757,1.0072563545405295,3.419562066480915
smooth,0.008,1,LSTM-rec,1,16,2214,0.8964104743828377,0.8849180978286789,1.0129869380933192,3.804068642384828
smooth,0.008,1,LSTM-rec,1,17,2164,0.9010928698889795,0.885062327834553,1.0181123312452445,4.19981811002423
smooth,0.008,1,LSTM-rec,1,18,2114,0.9057461998510156,0.8846260364803553,1.0238746798078548,4.604447755857816
smooth,0.008,1,LSTM-rec,1,19,2064,0.9102819558559949,0.8843078553747177,1.0293722376471155,5.021030093247793
smooth,0.008,1,LSTM-rec,1,20,2014,0.9147172693531521,0.8841750943962418,1.0345431296928422,5.448303725250767
smooth,0.008,1,LSTM-rec,2,1,2964,0.8806207044607978,0.8863407879047935,0.9935464061656043,0.12221310209985257
smooth,0.008,1,LSTM-rec,2,2,2914,0.8787797252864027,0.8866214775938231,0.9911554676876293,0.2627811595846056
smooth,0.008,1,LSTM-rec,2,3,2864,0.8816421807239513,0.8865351731888866,0.9944807689385463,0.4588169667685573
smooth,0.008,1,LSTM-rec,2,4,2814,0.8917531860016562,0.8865805395937105,1.0058343784652843,0.7186911952124386
smooth,0.008,1,LSTM-rec,2,5,2764,0.9097800210225971,0.8863960826299007,1.0263809135113924,1.044936627751699
smooth,0.008,1,LSTM-rec,2,6,2714,0.9331736934475613,0.8864928821440604,1.0526578523570311,1.4336596273165647
smooth,0.008,1,LSTM-rec,2,7,2664,0.9621019289663036,0.8864536349373077,1.08533812829855,1.8852645739176404
smooth,0.008,1,LSTM-rec,2,8,2614,0.9946902331231483,0.8860559070669585,1.1226043697578785,2.393425501644353
smooth,0.008,1,LSTM-rec,2,9,2564,1.0293730991365897,0.885482373479294,1.1624998192701579,2.9599946222125557
smooth,0.008,1,LSTM-rec,2,10,2514,1.06476515659789,0.8856102615944561,1.2022954145550242,3.57411151242993
smooth,0.008,1,LSTM-rec,2,11,2464,1.1004549350299775,0.8851588674255743,1.2432287304883218,4.237704411972299
smooth,0.008,1,LSTM-rec,2,12,2414,1.1361033476439835,0.8848914942194053,1.2838900080581983,4.949728134096398
smooth,0.008,1,LSTM-rec,2,13,2364,1.171015333552277,0.884997565133797,1.323184808282765,5.7021862534693595
smooth,0.008,1,LSTM-rec,2,14,2314,1.2052632990157333,0.8847320090521917,1.3622919558510433,6.492871617088377
smooth,0.008,1,LSTM-rec,2,15,2264,1.2388559086205415,0.8852576548823757,1.3994297612542514,7.325240875529255
smooth,0.008,1,LSTM-rec,2,16,2214,1.2719190318027043,0.8849180978286789,1.4373296635288717,8.19573258757397
smooth,0.008,1,LSTM-rec,2,17,2164,1.304746880464045,0.885062327834553,1.474186437983772,9.10072245210849
smooth,0.008,1,LSTM-rec,2,18,2114,1.3372466884650178,0.8846260364803553,1.5116519674070363,10.033713191010726
smooth,0.008,1,LSTM-rec,2,19,2064,1.369333317411573,0.8843078553747177,1.548480327398347,11.00013361816322
smooth,0.008,1,LSTM-rec,2,20,2014,1.4010596901793515,0.8841750943962418,1.584595290072114,11.998101083756469
smooth,0.008,1,LSTM-rec,3,1,2964,0.8689976649232037,0.8863407879047935,0.980432895317176,0.12643395384093006
smooth,0.008,1,LSTM-rec,3,2,2914,0.8589911787938159,0.8866214775938231,0.9688364206166172,0.2774716669080121
smooth,0.008,1,LSTM-rec,3,3,2864,0.8533051292499026,0.8865351731888866,0.9625169480648412,0.49194683186719856
smooth,0.008,1,LSTM-rec,3,4,2814,0.8504830259269271,0.8865805395937105,0.9592845634945635,0.7843050033930515
smooth,0.008,1,LSTM-rec,3,5,2764,0.853178417719748,0.8863960826299007,0.9625250319116966,1.1567477480157362
smooth,0.008,1,LSTM-rec,3,6,2714,0.8619459563528222,0.8864928821440604,0.9723100700686177,1.6123228525255329
smooth,0.008,1,LSTM-rec,3,7,2664,0.8783598167136142,0.8864536349373077,0.9908694398616055,2.1537275648602354
smooth,0.008,1,LSTM-rec,3,8,2614,0.9029541327910002,0.8860559070669585,1.0190712861223155,2.7794812038443455
smooth,0.008,1,LSTM-rec,3,9,2564,0.9347828652988858,0.885482373479294,1.0556764237168008,3.4880494461356517
smooth,0.008,1,LSTM-rec,3,10,2514,0.9711342416287454,0.8856102615944561,1.0965706741928571,4.282571593030329
smooth,0.008,1,LSTM-rec,3,11,2464,1.0097243825135958,0.8851588674255743,1.140726732422974,5.1585163029377314
smooth,0.008,1,LSTM-rec,3,12,2414,1.0490659101090571,0.8848914942194053,1.1855305616136316,6.11053154396448
smooth,0.008,1,LSTM-rec,3,13,2364,1.0888510328238938,0.884997565133797,1.2303435350799836,7.145867096206547
smooth,0.008,1,LSTM-rec,3,14,2314,1.1293579873720414,0.8847320090521917,1.2764972622409312,8.260691165717642
smooth,0.008,1,LSTM-rec,3,15,2264,1.1703172336081185,0.8852576548823757,1.32200747110582,9.449044630668963
smooth,0.008,1,LSTM-rec,3,16,2214,1.2124613913517832,0.8849180978286789,1.3701396709218585,10.713947570924125
smooth,0.008,1,LSTM-rec,3,17,2164,1.256503275347402,0.885062327834553,1.4196777287105178,12.054081867574501
smooth,0.008,1,LSTM-rec,3,18,2114,1.303348516618923,0.8846260364803553,1.4733327562961303,13.476152911707244
smooth,0.008,1,LSTM-rec,3,19,2064,1.353541103358811,0.8843078553747177,1.5306220510562578,14.980757758122667
smooth,0.008,1,LSTM-rec,3,20,2014,1.4073532962299051,0.8841750943962418,1.5917133440530975,16.56337302195154
smooth,0.008,1,LSTM-rec,4,1,2964,0.8482766155972367,0.8863407879047935,0.9570546985685539,0.13823039892651678
smooth,0.008,1,LSTM-rec,4,2,2914,0.824551751031471,0.8866214775938231,0.9299929810737256,0.3178017358128888
smooth,0.008,1,LSTM-rec,4,3,2864,0.8047875766829578,0.8865351731888866,0.9077897877284654,0.5777432049833413
smooth,0.008,1,LSTM-rec,4,4,2814,0.789951054394808,0.8865805395937105,0.8910087906472833,0.9293056994851269
smooth,0.008,1,LSTM-rec,4,5,2764,0.7836869724112496,0.8863960826299007,0.8841272967792035,1.3717377706824285
smooth,0.008,1,LSTM-rec,4,6,2714,0.7868471157565513,0.8864928821440604,0.8875955257006609,1.9060203006340948
smooth,0.008,1,LSTM-rec,4,7,2664,0.7993348929875493,0.8864536349373077,0.901722167391282,2.5294762178919457
smooth,0.008,1,LSTM-rec,4,8,2614,0.8206749626154183,0.8860559070669585,0.9262112650792368,3.2374458792622276
smooth,0.008,1,LSTM-rec,4,9,2564,0.8487888531165917,0.885482373479294,0.9585609816054003,4.024123244481098
smooth,0.008,1,LSTM-rec,4,10,2514,0.8813778988711252,0.8856102615944561,0.9952209646761421,4.890101924921238
smooth,0.008,1,LSTM-rec,4,11,2464,0.9162182707974137,0.8851588674255743,1.035089072159638,5.827437071854181
smooth,0.008,1,LSTM-rec,4,12,2414,0.9516667728974583,0.8848914942194053,1.075461544284543,6.828658278056065
smooth,0.008,1,LSTM-rec,4,13,2364,0.9869961737029674,0.884997565133797,1.1152529821409733,7.89751981530217
smooth,0.008,1,LSTM-rec,4,14,2314,1.0218510491980866,0.8847320090521917,1.1549836998582086,9.028815646837602
smooth,0.008,1,LSTM-rec,4,15,2264,1.0555626018237143,0.8852576548823757,1.1923789599582362,10.215395014419178
smooth,0.008,1,LSTM-rec,4,16,2214,1.0882839561198827,0.8849180978286789,1.2298131982950762,11.45618472346591
smooth,0.008,1,LSTM-rec,4,17,2164,1.1200997168874076,0.885062327834553,1.2655602680863294,12.746282041409378
smooth,0.008,1,LSTM-rec,4,18,2114,1.151288288892538,0.8846260364803553,1.301440655616634,14.090020074313616
smooth,0.008,1,LSTM-rec,4,19,2064,1.1815837507590343,0.8843078553747177,1.336167878163141,15.483028054697735
smooth,0.008,1,LSTM-rec,4,20,2014,1.210909830513842,0.8841750943962418,1.369536235739269,16.920604984091998
smooth,0.008,1,LSTM-ms,0,1,2964,0.8391992379689553,0.8863407879047935,0.9468132905772335,0.13815749893918458
smooth,0.008,1,LSTM-ms,0,2,2914,0.845220282455534,0.8866214775938231,0.9533045429368048,0.2648594895055858
smooth,0.008,1,LSTM-ms,0,3,2864,0.8458184741209873,0.8865351731888866,0.954072099676045,0.3901791806193681
smooth,0.008,1,LSTM-ms,0,4,2814,0.7947592388856132,0.8865805395937105,0.896432081906314,0.5462882836852707
smooth,0.008,1,LSTM-ms,0,5,2764,0.7864104893569613,0.8863960826299007,0.8871998700893553,0.7116046974923199
smooth,0.008,1,LSTM-ms,0,6,2714,0.7610402005456892,0.8864928821440604,0.8584842764953138,0.9075870495206663
smooth,0.008,1,LSTM-ms,0,7,2664,0.7351138279957833,0.8864536349373077,0.8292749885872739,1.1156941441621244
smooth,0.008,1,LSTM-ms,0,8,2614,0.7243873922752089,0.8860559070669585,0.8175414062449984,1.338336038796988
smooth,0.008,1,LSTM-ms,0,9,2564,0.7290450401272031,0.885482373479294,0.8233309458917771,1.5795400225132
smooth,0.008,1,LSTM-ms,0,10,2514,0.6613684922128822,0.8856102615944561,0.746794070590546,1.8394044542288834
smooth,0.008,1,LSTM-ms,0,11,2464,0.6638391418025587,0.8851588674255743,0.7499660978749393,2.1433019912420486
smooth,0.008,1,LSTM-ms,0,12,2414,0.5955281818921527,0.8848914942194053,0.672995712787916,2.4599242689311915
smooth,0.008,1,LSTM-ms,0,13,2364,0.5973830865356732,0.884997565133797,0.6750109944600342,2.7878137358586623
smooth,0.008,1,LSTM-ms,0,14,2314,0.5863699036757005,0.8847320090521917,0.6627655580178173,3.1421786999769603
smooth,0.008,1,LSTM-ms,0,15,2264,0.5322345965932268,0.8852576548823757,0.6012199879411886,3.510614062387556
smooth,0.008,1,LSTM-ms,0,16,2214,0.5174207034857774,0.8849180978286789,0.584710274041599,3.8935665138323534
smooth,0.008,1,LSTM-ms,0,17,2164,0.4918704394240587,0.885062327834553,0.555746667726214,4.294963363899572
smooth,0.008,1,LSTM-ms,0,18,2114,0.5066487435404905,0.8846260364803553,0.5727264659270986,4.695930658417361
smooth,0.008,1,LSTM-ms,0,19,2064,0.446153270468965,0.8843078553747177,0.5045225684215047,5.125171561266816
smooth,0.008,1,LSTM-ms,0,20,2014,0.4779072232541649,0.8841750943962418,0.5405119713086959,5.536218122017217
smooth,0.008,1,LSTM-ms,1,1,2964,0.8151508919291132,0.8863407879047935,0.9196811238440634,0.14045937736384848
smooth,0.008,1,LSTM-ms,1,2,2914,0.7962190163814831,0.8866214775938231,0.8980371404292159,0.28810971902744287
smooth,0.008,1,LSTM-ms,1,3,2864,0.7893610228532544,0.8865351731888866,0.8903888381708593,0.4243946217855401
smooth,0.008,1,LSTM-ms,1,4,2814,0.7513365858654961,0.8865805395937105,0.847454407480913,0.5934884374976551
smooth,0.008,1,LSTM-ms,1,5,2764,0.7421612483014861,0.8863960826299007,0.8372794767994961,0.7755819624570547
smooth,0.008,1,LSTM-ms,1,6,2714,0.6818640658621873,0.8864928821440604,0.7691703786871243,1.0223938077666705
smooth,0.008,1,LSTM-ms,1,7,2664,0.6529106597465317,0.8864536349373077,0.7365423683921238,1.2758039208362488
smooth,0.008,1,LSTM-ms,1,8,2614,0.586503099064764,0.8860559070669585,0.6619256125792552,1.58621003816821
smooth,0.008,1,LSTM-ms,1,9,2564,0.5651895699105802,0.885482373479294,0.6382843824319181,1.9117542451275038
smooth,0.008,1,LSTM-ms,1,10,2514,0.5171816770952606,0.8856102615944561,0.5839833835756654,2.2783002948625364
smooth,0.008,1,LSTM-ms,1,11,2464,0.5166920545773092,0.8851588674255743,0.5837280443001985,2.6578924636179875
smooth,0.008,1,LSTM-ms,1,12,2414,0.45007804147438235,0.8848914942194053,0.5086251189151868,3.088909226800159
smooth,0.008,1,LSTM-ms,1,13,2364,0.4479510267160202,0.884997565133797,0.5061607448019333,3.538666191499636
smooth,0.008,1,LSTM-ms,1,14,2314,0.413477615082018,0.8847320090521917,0.4673478644962492,4.025293074550356
smooth,0.008,1,LSTM-ms,1,15,2264,0.43708266216760056,0.8852576548823757,0.4937349705557483,4.499105390385268
smooth,0.008,1,LSTM-ms,1,16,2214,0.4109760413575122,0.8849180978286789,0.4644226876655851,5.005468546073341
smooth,0.008,1,LSTM-ms,1,17,2164,0.4459895592201161,0.885062327834553,0.5039075161082736,5.5093074183515265
smooth,0.008,1,LSTM-ms,1,18,2114,0.4309776042469462,0.8846260364803553,0.487186208040709,6.007341785118905
smooth,0.008,1,LSTM-ms,1,19,2064,0.401796828547853,0.8843078553747177,0.4543630661039363,6.5399745405245735
smooth,0.008,1,LSTM-ms,1,20,2014,0.42552119065994654,0.8841750943962418,0.48126348882345904,7.0763231386719045
smooth,0.008,1,LSTM-ms,2,1,2964,1.0146154571391903,0.8863407879047935,1.1447238703045848,0.20743274050454955
smooth,0.008,1,LSTM-ms,2,2,2914,0.9821279200289281,0.8866214775938231,1.1077195227599237,0.371170513337352
smooth,0.008,1,LSTM-ms,2,3,2864,1.0164770187007686,0.8865351731888866,1.146572690448906,0.5652236365715082
smooth,0.008,1,LSTM-ms,2,4,2814,0.9241670296027499,0.8865805395937105,1.0423948962677028,0.6760107014263416
smooth,0.008,1,LSTM-ms,2,5,2764,0.9360031671622645,0.8863960826299007,1.0559649185104492,0.8251429796749181
smooth,0.008,1,LSTM-ms,2,6,2714,0.8998468801538837,0.8864928821440604,1.0150638524897408,0.9744340585689604
smooth,0.008,1,LSTM-ms,2,7,2664,0.8675442401072162,0.8864536349373077,0.9786684897158453,1.0992257497184208
smooth,0.008,1,LSTM-ms,2,8,2614,0.7888231089237487,0.8860559070669585,0.8902633599441012,1.1925982421592087
smooth,0.008,1,LSTM-ms,2,9,2564,0.7679714754419564,0.885482373479294,0.8672916575678336,1.310358092205683
smooth,0.008,1,LSTM-ms,2,10,2514,0.7618358763763221,0.8856102615944561,0.8602383118333677,1.4734296966015654
smooth,0.008,1,LSTM-ms,2,11,2464,0.70190315706596,0.8851588674255743,0.7929685651880759,1.6406535124605108
smooth,0.008,1,LSTM-ms,2,12,2414,0.6571443556743902,0.8848914942194053,0.742627045199571,1.8125328263176865
smooth,0.008,1,LSTM-ms,2,13,2364,0.6356176985070626,0.884997565133797,0.7182140647030681,2.045480333502354
smooth,0.008,1,LSTM-ms,2,14,2314,0.6339920820055136,0.8847320090521917,0.716592228515283,2.3151270893601996
smooth,0.008,1,LSTM-ms,2,15,2264,0.5702498556734082,0.8852576548823757,0.644162580835494,2.6264190517501462
smooth,0.008,1,LSTM-ms,2,16,2214,0.584933131210742,0.8849180978286789,0.6610025635660416,2.9561986582050936
smooth,0.008,1,LSTM-ms,2,17,2164,0.522701262569243,0.885062327834553,0.590581302729397,3.3248545923373065
smooth,0.008,1,LSTM-ms,2,18,2114,0.5287656862872399,0.8846260364803553,0.5977279262444386,3.709139753905192
smooth,0.008,1,LSTM-ms,2,19,2064,0.5330509045765819,0.8843078553747177,0.6027888380011125,4.121612898798792
smooth,0.008,1,LSTM-ms,2,20,2014,0.5598995612168953,0.8841750943962418,0.6332451171328484,4.535281150547362
smooth,0.008,1,LSTM-ms,3,1,2964,0.8693077397535616,0.8863407879047935,0.980782732348924,0.10172202190379222
smooth,0.008,1,LSTM-ms,3,2,2914,0.897321108498874,0.8866214775938231,1.012067867940768,0.18237692680470663
smooth,0.008,1,LSTM-ms,3,3,2864,0.9118997889953037,0.8865351731888866,1.028610952586551,0.28361544217819973
smooth,0.008,1,LSTM-ms,3,4,2814,0.9019847288744683,0.8865805395937105,1.0173748335236605,0.40249689785766374
smooth,0.008,1,LSTM-ms,3,5,2764,0.8749247072194685,0.8863960826299007,0.9870584091748272,0.5330143337386171
smooth,0.008,1,LSTM-ms,3,6,2714,0.8661433019831388,0.8864928821440604,0.9770448465285989,0.6877345483595914
smooth,0.008,1,LSTM-ms,3,7,2664,0.838038632675513,0.8864536349373077,0.9453834917545139,0.8559805580692896
smooth,0.008,1,LSTM-ms,3,8,2614,0.8336303089623137,0.8860559070669585,0.9408326295366789,1.060571061120766
smooth,0.008,1,LSTM-ms,3,9,2564,0.8132126769131557,0.885482373479294,0.9183838112077019,1.286551031744074
smooth,0.008,1,LSTM-ms,3,10,2514,0.7998263405470657,0.8856102615944561,0.9031358095456745,1.5356279594110045
smooth,0.008,1,LSTM-ms,3,11,2464,0.7912710666979609,0.8851588674255743,0.893931130125059,1.8024136358715832
smooth,0.008,1,LSTM-ms,3,12,2414,0.7870804311955433,0.8848914942194053,0.889465472701662,2.1068461605648237
smooth,0.008,1,LSTM-ms,3,13,2364,0.7584455062276538,0.884997565133797,0.8570029298475973,2.4225793869743972
smooth,0.008,1,LSTM-ms,3,14,2314,0.7255184958374145,0.8847320090521917,0.8200432316387628,2.754454622651958
smooth,0.008,1,LSTM-ms,3,15,2264,0.6823608702729749,0.8852576548823757,0.7708048233298138,3.1088595828519234
smooth,0.008,1,LSTM-ms,3,16,2214,0.7027372886139507,0.8849180978286789,0.7941269258005405,3.4861246123895557
smooth,0.008,1,LSTM-ms,3,17,2164,0.6650838090082567,0.885062327834553,0.7514542062088339,3.881986469679813
smooth,0.008,1,LSTM-ms,3,18,2114,0.6151391036394707,0.8846260364803553,0.6953662658256282,4.278623867544882
smooth,0.008,1,LSTM-ms,3,19,2064,0.5804543140825453,0.8843078553747177,0.6563939362910928,4.6867584564681
smooth,0.008,1,LSTM-ms,3,20,2014,0.579390799695233,0.8841750943962418,0.6552896630625742,5.1181689792691
smooth,0.008,1,LSTM-ms,4,1,2964,0.8230634010143819,0.8863407879047935,0.928608287293207,0.22017103510620545
smooth,0.008,1,LSTM-ms,4,2,2914,0.7981629770866455,0.8866214775938231,0.9002296890582409,0.4345189629596954
smooth,0.008,1,LSTM-ms,4,3,2864,0.7781319621968177,0.8865351731888866,0.8777226056331863,0.6773674289884638
smooth,0.008,1,LSTM-ms,4,4,2814,0.7558848913647048,0.8865805395937105,0.8525845736599418,0.9151353197255546
smooth,0.008,1,LSTM-ms,4,5,2764,0.760937369930695,0.8863960826299007,0.8584620181003342,1.1619145184707964
smooth,0.008,1,LSTM-ms,4,6,2714,0.6950744079781458,0.8864928821440604,0.784072181490107,1.4278103169955172
smooth,0.008,1,LSTM-ms,4,7,2664,0.682733974385902,0.8864536349373077,0.7701857688633503,1.6826215635214852
smooth,0.008,1,LSTM-ms,4,8,2614,0.6722236031627162,0.8860559070669585,0.7586695126134032,1.9360621572871384
smooth,0.008,1,LSTM-ms,4,9,2564,0.6121027863534265,0.885482373479294,0.6912647893241658,2.2356102581024913
smooth,0.008,1,LSTM-ms,4,10,2514,0.5646190017548581,0.8856102615944561,0.6375479443274696,2.551539853608905
smooth,0.008,1,LSTM-ms,4,11,2464,0.5712177465211572,0.8851588674255743,0.6453279377774366,2.8864753034306765
smooth,0.008,1,LSTM-ms,4,12,2414,0.5125667409843753,0.8848914942194053,0.5792424769960399,3.282573979626394
smooth,0.008,1,LSTM-ms,4,13,2364,0.5143419535312094,0.884997565133797,0.5811789475979512,3.6678791484104964
smooth,0.008,1,LSTM-ms,4,14,2314,0.4855097050819143,0.8847320090521917,0.5487647107987401,4.104480250697159
smooth,0.008,1,LSTM-ms,4,15,2264,0.487772159023133,0.8852576548823757,0.5509945678898911,4.575621835688965
smooth,0.008,1,LSTM-ms,4,16,2214,0.45890951142996594,0.8849180978286789,0.5185898136290702,5.070389540668783
smooth,0.008,1,LSTM-ms,4,17,2164,0.46651260964552704,0.885062327834553,0.5270957705170042,5.575806897619519
smooth,0.008,1,LSTM-ms,4,18,2114,0.4428660205595168,0.8846260364803553,0.5006251255293586,6.090562243612299
smooth,0.008,1,LSTM-ms,4,19,2064,0.4659972943167901,0.8843078553747177,0.5269627443480391,6.6183379314937305
smooth,0.008,1,LSTM-ms,4,20,2014,0.42522927628266716,0.8841750943962418,0.48093333433355145,7.167728176283383
smooth,0.008,2,ConstVel,0,1,2446,0.8881942990631954,0.8875495616355734,1.00072642414068,0.11114165210469472
smooth,0.008,2,ConstVel,0,2,2396,0.8880556691867523,0.8876454627620368,1.000462128678537,0.1990337935963208
smooth,0.008,2,ConstVel,0,3,2346,0.8882556981291096,0.887343835894304,1.001027631226949,0.29169956768144384
smooth,0.008,2,ConstVel,0,4,2296,0.8883662323504842,0.8875363249334299,1.0009350686768979,0.3878401747887259
smooth,0.008,2,ConstVel,0,5,2246,0.8880000043156241,0.8875317142255591,1.0005276319511283,0.4908921636097493
smooth,0.008,2,ConstVel,0,6,2196,0.8877725534401495,0.8875796356979718,1.0002173526007343,0.5977483020826003
smooth,0.008,2,ConstVel,0,7,2146,0.8871311183860728,0.887660195100618,0.9994039648083068,0.7037150020577698
smooth,0.008,2,ConstVel,0,8,2096,0.8870729010673122,0.8876899005434411,0.999304938046776,0.8151305314307724
smooth,0.008,2,ConstVel,0,9,2046,0.8869454468873113,0.8872209396997215,0.9996894879278847,0.9296101906513734
smooth,0.008,2,ConstVel,0,10,1996,0.8865395237143658,0.8870590918489766,0.9994142801315211,1.0456344853909845
smooth,0.008,2,ConstVel,0,11,1946,0.8862890918504215,0.8873233962559461,0.9988343546333964,1.1678037533043422
smooth,0.008,2,ConstVel,0,12,1896,0.8857876701404608,0.8868324537214857,0.9988218929329429,1.2880962076641251
smooth,0.008,2,ConstVel,0,13,1846,0.8861562857799136,0.8863202069062,0.999815054282855,1.4157175900455692
smooth,0.008,2,ConstVel,0,14,1796,0.8856661126789561,0.8858753750773493,0.9997637789645356,1.5411053580310161
smooth,0.008,2,ConstVel,0,15,1746,0.8863147537489883,0.8854674664959541,1.0009568812916267,1.6625291454580722
smooth,0.008,2,ConstVel,0,16,1696,0.886364214645057,0.8861640179809591,1.0002259137812366,1.7902906788222086
smooth,0.008,2,ConstVel,0,17,1646,0.8864444343627438,0.8859728639969168,1.0005322627644595,1.924824477036
smooth,0.008,2,ConstVel,0,18,1596,0.8866077938317863,0.8858377330448877,1.0008693023091846,2.067815112782039
smooth,0.008,2,ConstVel,0,19,1546,0.8866978874731131,0.8851291307301501,1.0017723478851825,2.217000135479367
smooth,0.008,2,ConstVel,0,20,1496,0.88629476660358,0.8852054559702676,1.0012305737904863,2.3678797458145544
smooth,0.008,2,Kalman,0,1,2446,0.8879671432064815,0.8875495616355734,1.0004704881721067,0.09786315675313319
smooth,0.008,2,Kalman,0,2,2396,0.8879380015656149,0.8876454627620368,1.0003295671705095,0.16857317167492888
smooth,0.008,2,Kalman,0,3,2346,0.8880514218330008,0.887343835894304,1.000797420244638,0.24237845858974819
smooth,0.008,2,Kalman,0,4,2296,0.8879976977343199,0.8875363249334299,1.0005198354004547,0.32182593713779095
smooth,0.008,2,Kalman,0,5,2246,0.8876475489836448,0.8875317142255591,1.0001305133734706,0.4077328861339185
smooth,0.008,2,Kalman,0,6,2196,0.8873406419765651,0.8875796356979718,0.9997307354610285,0.4959776021432733
smooth,0.008,2,Kalman,0,7,2146,0.8868974968003537,0.887660195100618,0.9991407767246138,0.5853244131940345
smooth,0.008,2,Kalman,0,8,2096,0.8867865800882634,0.8876899005434411,0.9989823918751078,0.6805630763172221
smooth,0.008,2,Kalman,0,9,2046,0.8865717657651151,0.8872209396997215,0.9992683063422443,0.7815161190702836
smooth,0.008,2,Kalman,0,10,1996,0.8862210986269388,0.8870590918489766,0.9990553129664776,0.881780856065252
smooth,0.008,2,Kalman,0,11,1946,0.8859603173288573,0.8873233962559461,0.998463830737654,0.9853947206313062
smooth,0.008,2,Kalman,0,12,1896,0.8857073212590625,0.8868324537214857,0.9987312908343603,1.089811121846085
smooth,0.008,2,Kalman,0,13,1846,0.8858800511697056,0.8863202069062,0.9995033897082966,1.1998201644581818
smooth,0.008,2,Kalman,0,14,1796,0.8857332060265068,0.8858753750773493,0.9998395157435886,1.307982557778547
smooth,0.008,2,Kalman,0,15,1746,0.8861672674947311,0.8854674664959541,1.0007903181373183,1.4146636864241833
smooth,0.008,2,Kalman,0,16,1696,0.8862334725533688,0.8861640179809591,1.0000783766560144,1.528395501178568
smooth,0.008,2,Kalman,0,17,1646,0.8863192792908281,0.8859728639969168,1.0003909998917444,1.6470295080847848
smooth,0.008,2,Kalman,0,18,1596,0.8864103014808014,0.8858377330448877,1.000646358147271,1.7736541938655013
smooth,0.008,2,Kalman,0,19,1546,0.8864041404797225,0.8851291307301501,1.001440478801687,1.9070258164779361
smooth,0.008,2,Kalman,0,20,1496,0.8862542435941092,0.8852054559702676,1.0011847957067685,2.0447136072488425
smooth,0.008,2,LSTM-rec,0,1,2446,0.836857252145608,0.8875495616355734,0.9428850943303383,0.12410248134743056
smooth,0.008,2,LSTM-rec,0,2,2396,0.7970372123249848,0.8876454627620368,0.8979229272967707,0.26368401219149984
smooth,0.008,2,LSTM-rec,0,3,2346,0.7539800708369141,0.887343835894304,0.8497045230240654,0.46347458400148817
smooth,0.008,2,LSTM-rec,0,4,2296,0.712647111042831,0.8875363249334299,0.8029497959943029,0.7340889940944069
smooth,0.008,2,LSTM-rec,0,5,2246,0.6731610312832096,0.8875317142255591,0.7584641996377507,1.079443463327744
smooth,0.008,2,LSTM-rec,0,6,2196,0.6392552865039868,0.8875796356979718,0.7202230208912932,1.498359141434444
smooth,0.008,2,LSTM-rec,0,7,2146,0.6099475748142772,0.887660195100618,0.687140843062292,1.992410583608153
smooth,0.008,2,LSTM-rec,0,8,2096,0.5867709630435024,0.8876899005434411,0.6610089431954593,2.5572960408039545
smooth,0.008,2,LSTM-rec,0,9,2046,0.569405714281071,0.8872209396997215,0.641785702751544,3.1939650342713217
smooth,0.008,2,LSTM-rec,0,10,1996,0.558113662232943,0.8870590918489766,0.6291730363414875,3.8981962026643555
smooth,0.008,2,LSTM-rec,0,11,1946,0.5533787242080742,0.8873233962559461,0.6236494231337202,4.670811902281997
smooth,0.008,2,LSTM-rec,0,12,1896,0.555607404717791,0.8868324537214857,0.6265077494472056,5.5079079035646235
smooth,0.008,2,LSTM-rec,0,13,1846,0.5658309251160631,0.8863202069062,0.6384046315396096,6.403286540119599
smooth,0.008,2,LSTM-rec,0,14,1796,0.5833096469670324,0.8858753750773493,0.6584556511869418,7.36439011633319
smooth,0.008,2,LSTM-rec,0,15,1746,0.6069547824722962,0.8854674664959541,0.6854625442922125,8.379815683581725
smooth,0.008,2,LSTM-rec,0,16,1696,0.6352670026931175,0.8861640179809591,0.716872937518399,9.46176463618883
smooth,0.008,2,LSTM-rec,0,17,1646,0.6663666707551175,0.8859728639969168,0.7521298877585447,10.5948475820164
smooth,0.008,2,LSTM-rec,0,18,1596,0.7000778581287534,0.8858377330448877,0.7903003360698778,11.786640254909784
smooth,0.008,2,LSTM-rec,0,19,1546,0.7357414990195653,0.8851291307301501,0.8312250421728254,13.035001477759616
smooth,0.008,2,LSTM-rec,0,20,1496,0.7738535995852895,0.8852054559702676,0.87420789644487,14.353251230296133
smooth,0.008,2,LSTM-rec,1,1,2446,0.877283863522511,0.8875495616355734,0.9884336621223215,0.10827284153811396
smooth,0.008,2,LSTM-rec,1,2,2396,0.8714388479708289,0.8876454627620368,0.9817420181017107,0.20433184843078325
smooth,0.008,2,LSTM-rec,1,3,2346,0.8657968120768629,0.887343835894304,0.9757173905471208,0.31939832835310517
smooth,0.008,2,LSTM-rec,1,4,2296,0.8602605251265616,0.8875363249334299,0.9692679622899781,0.4556198768954636
smooth,0.008,2,LSTM-rec,1,5,2246,0.8557073773203551,0.8875317142255591,0.9641428735501882,0.6181645611280289
smooth,0.008,2,LSTM-rec,1,6,2196,0.852946710697264,0.8875796356979718,0.9609804871497831,0.8036921921678547
smooth,0.008,2,LSTM-rec,1,7,2146,0.8511140964786098,0.887660195100618,0.9588287288044209,1.0102090982830827
smooth,0.008,2,LSTM-rec,1,8,2096,0.8509072219572592,0.8876899005434411,0.958563594602503,1.2396451867781384
smooth,0.008,2,LSTM-rec,1,9,2046,0.8518541351951542,0.8872209396997215,0.96013754531477,1.4911974027120765
smooth,0.008,2,LSTM-rec,1,10,1996,0.8536486745393402,0.8870590918489766,0.9623357478474224,1.765666245175375
smooth,0.008,2,LSTM-rec,1,11,1946,0.8562700427310764,0.8873233962559461,0.9650033418977804,2.06238642743816
smooth,0.008,2,LSTM-rec,1,12,1896,0.8595391097134412,0.8868324537214857,0.9692237875446357,2.3768732057064024
smooth,0.008,2,LSTM-rec,1,13,1846,0.8637279679758886,0.8863202069062,0.974510071242568,2.7138135531710197
smooth,0.008,2,LSTM-rec,1,14,1796,0.8681922820536805,0.8858753750773493,0.9800388479901874,3.067309067604882
smooth,0.008,2,LSTM-rec,1,15,1746,0.8732358683813204,0.8854674664959541,0.9861862817354119,3.431886098409458
smooth,0.008,2,LSTM-rec,1,16,1696,0.8781974094255977,0.8861640179809591,0.9910100067327122,3.813651525665066
smooth,0.008,2,LSTM-rec,1,17,1646,0.8834573202348669,0.8859728639969168,0.9971606988607965,4.215514007758978
smooth,0.008,2,LSTM-rec,1,18,1596,0.8886406041170402,0.8858377330448877,1.0031640908572703,4.6287805874234795
smooth,0.008,2,LSTM-rec,1,19,1546,0.8938945141878861,0.8851291307301501,1.0099029431451492,5.060853506339262
smooth,0.008,2,LSTM-rec,1,20,1496,0.8989963804575625,0.8852054559702676,1.015579348719873,5.50214447637446
smooth,0.008,2,LSTM-rec,2,1,2446,0.8709318346841791,0.8875495616355734,0.9812768461957536,0.12702661191464357
smooth,0.008,2,LSTM-rec,2,2,2396,0.860599378010225,0.8876454627620368,0.9695305323054838,0.2768186844657294
smooth,0.008,2,LSTM-rec,2,3,2346,0.8560289142862573,0.887343835894304,0.9647093715634073,0.4886172869373504
smooth,0.008,2,LSTM-rec,2,4,2296,0.8604823281576706,0.8875363249334299,0.969517870969632,0.7722524276330612
smooth,0.008,2,LSTM-rec,2,5,2246,0.8738995341042901,0.8875317142255591,0.9846403459135383,1.1278311285145661
smooth,0.008,2,LSTM-rec,2,6,2196,0.8949545462873902,0.8875796356979718,1.0083090128398664,1.5536847764064465
smooth,0.008,2,LSTM-rec,2,7,2146,0.922578056035392,0.887660195100618,1.0393369682762625,2.046379634620309
smooth,0.008,2,LSTM-rec,2,8,2096,0.9547243548605844,0.8876899005434411,1.0755156212502868,2.599890443647622
smooth,0.008,2,LSTM-rec,2,9,2046,0.9892228032973746,0.8872209396997215,1.1149678271031063,3.211121193865728
smooth,0.008,2,LSTM-rec,2,10,1996,1.024955192684146,0.8870590918489766,1.155453117049666,3.8794327716456705
smooth,0.008,2,LSTM-rec,2,11,1946,1.0610350796846686,0.8873233962559461,1.195770430670145,4.598402461930669
smooth,0.008,2,LSTM-rec,2,12,1896,1.0967953978589866,0.8868324537214857,1.236756044793373,5.364779039910042
smooth,0.008,2,LSTM-rec,2,13,1846,1.1323618988445998,0.8863202069062,1.2775991002137208,6.1772089392995015
smooth,0.008,2,LSTM-rec,2,14,1796,1.166982642504427,0.8858753750773493,1.317321460033284,7.030460132909996
smooth,0.008,2,LSTM-rec,2,15,1746,1.2011270308167687,0.8854674664959541,1.3564891724028767,7.917662259495377
smooth,0.008,2,LSTM-rec,2,16,1696,1.2345593603381522,0.8861640179809591,1.393149953381067,8.83922200132366
smooth,0.008,2,LSTM-rec,2,17,1646,1.2681331005111092,0.8859728639969168,1.4313453064353925,9.804608542022347
smooth,0.008,2,LSTM-rec,2,18,1596,1.3013927134415637,0.8858377330448877,1.4691095952396271,10.800242785926198
smooth,0.008,2,LSTM-rec,2,19,1546,1.3345056509703406,0.8851291307301501,1.5076960012258283,11.838478466806333
smooth,0.008,2,LSTM-rec,2,20,1496,1.3669155563420254,0.8852054559702676,1.5441788650565407,12.900850302859626
smooth,0.008,2,LSTM-rec,3,1,2446,0.8790560351531082,0.8875495616355734,0.990430363723223,0.12774806952533507
smooth,0.008,2,LSTM-rec,3,2,2396,0.8753420977026751,0.8876454627620368,0.9861393252424476,0.2770746792242554
smooth,0.008,2,LSTM-rec,3,3,2346,0.8759909866182409,0.887343835894304,0.987205805893021,0.48776818650917186
smooth,0.008,2,LSTM-rec,3,4,2296,0.8788085466652009,0.8875363249334299,0.9901662861304481,0.771726062920068
smooth,0.008,2,LSTM-rec,3,5,2246,0.8851270423197559,0.8875317142255591,0.9972906073470271,1.1341536065076512
smooth,0.008,2,LSTM-rec,3,6,2196,0.8967919263133852,0.8875796356979718,1.0103791144421301,1.5749998807119865
smooth,0.008,2,LSTM-rec,3,7,2146,0.9144946202218911,0.887660195100618,1.030230515313612,2.09900414444473
smooth,0.008,2,LSTM-rec,3,8,2096,0.9406878566507569,0.8876899005434411,1.0597032320350503,2.7077227502315475
smooth,0.008,2,LSTM-rec,3,9,2046,0.9734080244827746,0.8872209396997215,1.0971427532044307,3.401569707906866
smooth,0.008,2,LSTM-rec,3,10,1996,1.010112500889224,0.8870590918489766,1.138720644623298,4.176188172032178
smooth,0.008,2,LSTM-rec,3,11,1946,1.0494133440853144,0.8873233962559461,1.1826729110415724,5.0356552040774
smooth,0.008,2,LSTM-rec,3,12,1896,1.0901416838767186,0.8868324537214857,1.229253258946569,5.977380847603935
smooth,0.008,2,LSTM-rec,3,13,1846,1.1320048841099035,0.8863202069062,1.2771962946227904,6.997658752019415
smooth,0.008,2,LSTM-rec,3,14,1796,1.1747046729549335,0.8858753750773493,1.3260382961343353,8.099689790637607
smooth,0.008,2,LSTM-rec,3,15,1746,1.219092682353471,0.8854674664959541,1.3767786265234188,9.282949402343188
smooth,0.008,2,LSTM-rec,3,16,1696,1.2652429632060993,0.8861640179809591,1.4277751494456248,10.55140999364455
smooth,0.008,2,LSTM-rec,3,17,1646,1.313480951775072,0.8859728639969168,1.4825295504531875,11.890746417731625
smooth,0.008,2,LSTM-rec,3,18,1596,1.3646386698441948,0.8858377330448877,1.5405063692122551,13.313218174889077
smooth,0.008,2,LSTM-rec,3,19,1546,1.4193607626687705,0.8851291307301501,1.6035634953037061,14.813784232741709
smooth,0.008,2,LSTM-rec,3,20,1496,1.4792366316144514,0.8852054559702676,1.6710658770093891,16.41732253576022
smooth,0.008,2,LSTM-rec,4,1,2446,0.8612349478163839,0.8875495616355734,0.9703513866079805,0.13899780071696277
smooth,0.008,2,LSTM-rec,4,2,2396,0.8456722212008871,0.8876454627620368,0.9527139569546789,0.3131088072094391
smooth,0.008,2,LSTM-rec,4,3,2346,0.8344264168036867,0.887343835894304,0.9403642455719717,0.5633117268095703
smooth,0.008,2,LSTM-rec,4,4,2296,0.827273914676913,0.8875363249334299,0.9321014717216933,0.8986911227874705
smooth,0.008,2,LSTM-rec,4,5,2246,0.8262110983485965,0.8875317142255591,0.930908817235371,1.32156959299317
smooth,0.008,2,LSTM-rec,4,6,2196,0.8329189840055664,0.8875796356979718,0.9384160592537463,1.8284137209788942
smooth,0.008,2,LSTM-rec,4,7,2146,0.8469076829942039,0.887660195100618,0.9540899633313008,2.419225006434365
smooth,0.008,2,LSTM-rec,4,8,2096,0.8687266382282949,0.8876899005434411,0.9786375148533999,3.0909972016349294
smooth,0.008,2,LSTM-rec,4,9,2046,0.8965237110406076,0.8872209396997215,1.0104852928110946,3.841765703021101
smooth,0.008,2,LSTM-rec,4,10,1996,0.9278221384553688,0.8870590918489766,1.0459530227252687,4.6633201486436295
smooth,0.008,2,LSTM-rec,4,11,1946,0.9611049189606428,0.8873233962559461,1.0831506562500404,5.556694239102628
smooth,0.008,2,LSTM-rec,4,12,1896,0.9949637113315822,0.8868324537214857,1.121929748010841,6.515821022842746
smooth,0.008,2,LSTM-rec,4,13,1846,1.0286971770509477,0.8863202069062,1.1606382987044044,7.535149011633122
smooth,0.008,2,LSTM-rec,4,14,1796,1.061569692892158,0.8858753750773493,1.1983284813616908,8.614695437677065
smooth,0.008,2,LSTM-rec,4,15,1746,1.0938776973470161,0.8854674664959541,1.2353674626531457,9.751513595548941
smooth,0.008,2,LSTM-rec,4,16,1696,1.1251785387825826,0.8861640179809591,1.2697181514390479,10.944475677402762
smooth,0.008,2,LSTM-rec,4,17,1646,1.155305450302187,0.8859728639969168,1.3039964283897159,12.180949632229195
smooth,0.008,2,LSTM-rec,4,18,1596,1.1846341703542083,0.8858377330448877,1.3373038042557392,13.467591442431518
smooth,0.008,2,LSTM-rec,4,19,1546,1.2128934326716905,0.8851291307301501,1.370301112642361,14.797165120763154
smooth,0.008,2,LSTM-rec,4,20,1496,1.2404951208297728,0.8852054559702676,1.4013640702994479,16.1819023546145
smooth,0.008,2,LSTM-ms,0,1,2446,0.8239582326942092,0.8875495616355734,0.9283517995049445,0.14572287804642312
smooth,0.008,2,LSTM-ms,0,2,2396,0.8259098175182406,0.8876454627620368,0.9304501089300936,0.2843950895412656
smooth,0.008,2,LSTM-ms,0,3,2346,0.8278037148040704,0.887343835894304,0.9329007328594034,0.4227116948093161
smooth,0.008,2,LSTM-ms,0,4,2296,0.7696352953000211,0.8875363249334299,0.8671592065347273,0.597010797463018
smooth,0.008,2,LSTM-ms,0,5,2246,0.7610505027328867,0.8875317142255591,0.857491051344529,0.7831730303419713
smooth,0.008,2,LSTM-ms,0,6,2196,0.7290195989721159,0.8875796356979718,0.8213568334055253,1.0081916139358242
smooth,0.008,2,LSTM-ms,0,7,2146,0.7088832780309624,0.887660195100618,0.7985975736476604,1.2429224602290492
smooth,0.008,2,LSTM-ms,0,8,2096,0.689302973918629,0.8876899005434411,0.7765132547938642,1.4975881466995655
smooth,0.008,2,LSTM-ms,0,9,2046,0.6925642995671415,0.8872209396997215,0.7805995875182328,1.7677303090534082
smooth,0.008,2,LSTM-ms,0,10,1996,0.6247063593047254,0.8870590918489766,0.7042443564865494,2.066945959038534
smooth,0.008,2,LSTM-ms,0,11,1946,0.6143446139312481,0.8873233962559461,0.6923570555261702,2.41838427654073
smooth,0.008,2,LSTM-ms,0,12,1896,0.5548918645707072,0.8868324537214857,0.6257009001442947,2.7810608733725006
smooth,0.008,2,LSTM-ms,0,13,1846,0.5475531478549058,0.8863202069062,0.617782539073775,3.1501226264024096
smooth,0.008,2,LSTM-ms,0,14,1796,0.5350364084167093,0.8858753750773493,0.6039635184237886,3.5462086590802047
smooth,0.008,2,LSTM-ms,0,15,1746,0.4898190101669006,0.8854674664959541,0.5531756148029394,3.9375389232796176
smooth,0.008,2,LSTM-ms,0,16,1696,0.47817938348984607,0.8861640179809591,0.5396059575735568,4.3473453340443715
smooth,0.008,2,LSTM-ms,0,17,1646,0.445950855896674,0.8859728639969168,0.5033459533792515,4.787670020151512
smooth,0.008,2,LSTM-ms,0,18,1596,0.46393727595019413,0.8858377330448877,0.5237271552607087,5.229191318598904
smooth,0.008,2,LSTM-ms,0,19,1546,0.40948536553752574,0.8851291307301501,0.4626278260661673,5.695235446723894
smooth,0.008,2,LSTM-ms,0,20,1496,0.4464845185604653,0.8852054559702676,0.5043851860030355,6.137206206389465
smooth,0.008,2,LSTM-ms,1,1,2446,0.8066044310736386,0.8875495616355734,0.9087993121051523,0.14412636511216062
smooth,0.008,2,LSTM-ms,1,2,2396,0.7849069928545592,0.8876454627620368,0.884257314189618,0.2980853405062638
smooth,0.008,2,LSTM-ms,1,3,2346,0.7820803309151454,0.887343835894304,0.8813723601594985,0.4472346988302886
smooth,0.008,2,LSTM-ms,1,4,2296,0.7372707072100129,0.8875363249334299,0.8306935575457288,0.6277909676378206
smooth,0.008,2,LSTM-ms,1,5,2246,0.7308746326489364,0.8875317142255591,0.8234912859273786,0.823524562840053
smooth,0.008,2,LSTM-ms,1,6,2196,0.6600804822189206,0.8875796356979718,0.7436859248126494,1.091838790711325
smooth,0.008,2,LSTM-ms,1,7,2146,0.6342399031153805,0.887660195100618,0.7145075408540631,1.363215205207808
smooth,0.008,2,LSTM-ms,1,8,2096,0.5630350132925811,0.8876899005434411,0.634269932493197,1.6964726449050478
smooth,0.008,2,LSTM-ms,1,9,2046,0.5438555746179827,0.8872209396997215,0.6129877579332718,2.0428458478732114
smooth,0.008,2,LSTM-ms,1,10,1996,0.4913199918980437,0.8870590918489766,0.5538751548940686,2.43855018155091
smooth,0.008,2,LSTM-ms,1,11,1946,0.4826039421673553,0.8873233962559461,0.5438873179763981,2.8557470785132715
smooth,0.008,2,LSTM-ms,1,12,1896,0.4196655803116714,0.8868324537214857,0.47321856405975593,3.3244218818168827
smooth,0.008,2,LSTM-ms,1,13,1846,0.40740988610861484,0.8863202069062,0.4596644451227449,3.8085524730606446
smooth,0.008,2,LSTM-ms,1,14,1796,0.3735754225875232,0.8858753750773493,0.42170200583225925,4.329621681226582
smooth,0.008,2,LSTM-ms,1,15,1746,0.39402451261614624,0.8854674664959541,0.4449903892860265,4.825240245888437
smooth,0.008,2,LSTM-ms,1,16,1696,0.3612260305497092,0.8861640179809591,0.4076288624003585,5.366140083553478
smooth,0.008,2,LSTM-ms,1,17,1646,0.38933296980996407,0.8859728639969168,0.43944119016642813,5.9179753360139165
smooth,0.008,2,LSTM-ms,1,18,1596,0.3790350847301046,0.8858377330448877,0.4278832009416085,6.462606807381363
smooth,0.008,2,LSTM-ms,1,19,1546,0.34993474236373057,0.8851291307301501,0.39534880303291636,7.042342435095083
smooth,0.008,2,LSTM-ms,1,20,1496,0.3727901759469517,0.8852054559702676,0.42113406942158865,7.633586029224656
smooth,0.008,2,LSTM-ms,2,1,2446,1.002251457631895,0.8875495616355734,1.1292343559777658,0.20620317271878205
smooth,0.008,2,LSTM-ms,2,2,2396,0.9707117201118648,0.8876454627620368,1.0935804449350255,0.3680913377727731
smooth,0.008,2,LSTM-ms,2,3,2346,1.0118680892820433,0.887343835894304,1.14033371095911,0.5584480870732195
smooth,0.008,2,LSTM-ms,2,4,2296,0.9132989863720984,0.8875363249334299,1.0290271628494765,0.6602696843343365
smooth,0.008,2,LSTM-ms,2,5,2246,0.9231825748647534,0.8875317142255591,1.0401685484222978,0.7942895274859278
smooth,0.008,2,LSTM-ms,2,6,2196,0.8791036892617283,0.8875796356979718,0.990450494698903,0.9339293257407395
smooth,0.008,2,LSTM-ms,2,7,2146,0.8516124943106463,0.887660195100618,0.9593902024795811,1.044395711028375
smooth,0.008,2,LSTM-ms,2,8,2096,0.7766999573020648,0.8876899005434411,0.8749676624985497,1.1267370755584702
smooth,0.008,2,LSTM-ms,2,9,2046,0.7513620890163231,0.8872209396997215,0.8468714560215637,1.2304684526313647
smooth,0.008,2,LSTM-ms,2,10,1996,0.7354050874805452,0.8870590918489766,0.8290373146930659,1.3887016456419363
smooth,0.008,2,LSTM-ms,2,11,1946,0.6771052273431225,0.8873233962559461,0.7630873142759027,1.5658866763326447
smooth,0.008,2,LSTM-ms,2,12,1896,0.6357725638035548,0.8868324537214857,0.7169026811497615,1.7581044039573146
smooth,0.008,2,LSTM-ms,2,13,1846,0.6043457755455077,0.8863202069062,0.6818594124746906,2.0122202839099277
smooth,0.008,2,LSTM-ms,2,14,1796,0.5991013595611774,0.8858753750773493,0.6762817619903562,2.2976175127144467
smooth,0.008,2,LSTM-ms,2,15,1746,0.5303322750412139,0.8854674664959541,0.5989291477188757,2.622032957686189
smooth,0.008,2,LSTM-ms,2,16,1696,0.5506800083811383,0.8861640179809591,0.6214199597449359,2.9579958475399457
smooth,0.008,2,LSTM-ms,2,17,1646,0.4811403561682956,0.8859728639969168,0.5430644387884661,3.358747731447155
smooth,0.008,2,LSTM-ms,2,18,1596,0.4819524656727535,0.8858377330448877,0.5440640511170591,3.785037500454305
smooth,0.008,2,LSTM-ms,2,19,1546,0.48996208515008394,0.8851291307301501,0.5535487062163578,4.229621247813664
smooth,0.008,2,LSTM-ms,2,20,1496,0.5124506826454033,0.8852054559702676,0.5789059242565441,4.6784607369583675
smooth,0.008,2,LSTM-ms,3,1,2446,0.8710600464824184,0.8875495616355734,0.9814213021267588,0.10583551666152154
smooth,0.008,2,LSTM-ms,3,2,2396,0.8981922346782104,0.8876454627620368,1.0118817392288084,0.18878831707891885
smooth,0.008,2,LSTM-ms,3,3,2346,0.9140595327602833,0.887343835894304,1.0301074913526098,0.29556211570232843
smooth,0.008,2,LSTM-ms,3,4,2296,0.9069954827973806,0.8875363249334299,1.0219249143018572,0.4133553396139228
smooth,0.008,2,LSTM-ms,3,5,2246,0.8765880363565848,0.8875317142255591,0.9876695359798793,0.5432819130322472
smooth,0.008,2,LSTM-ms,3,6,2196,0.8687795835343581,0.8875796356979718,0.9788187432344256,0.691198095025649
smooth,0.008,2,LSTM-ms,3,7,2146,0.8338967089737614,0.887660195100618,0.9394323566342159,0.8512092096593934
smooth,0.008,2,LSTM-ms,3,8,2096,0.831232083737093,0.8876899005434411,0.9363991673536166,1.0398690360098368
smooth,0.008,2,LSTM-ms,3,9,2046,0.8070791526534841,0.8872209396997215,0.9096709923535379,1.246422556497313
smooth,0.008,2,LSTM-ms,3,10,1996,0.7871100017187774,0.8870590918489766,0.8873253303544115,1.4789506976244506
smooth,0.008,2,LSTM-ms,3,11,1946,0.7773097428866841,0.8873233962559461,0.8760162824135329,1.7356528096252488
smooth,0.008,2,LSTM-ms,3,12,1896,0.7662646815637177,0.8868324537214857,0.8640467298509208,2.026383732138927
smooth,0.008,2,LSTM-ms,3,13,1846,0.7349834092970176,0.8863202069062,0.8292526826873998,2.33476215879859
smooth,0.008,2,LSTM-ms,3,14,1796,0.7018911158193611,0.8858753750773493,0.7923136093020717,2.6486973741237656
smooth,0.008,2,LSTM-ms,3,15,1746,0.6564659240534694,0.8854674664959541,0.7413778020002149,2.988694565677759
smooth,0.008,2,LSTM-ms,3,16,1696,0.673566689054777,0.8861640179809591,0.7600925735953882,3.3552165483887606
smooth,0.008,2,LSTM-ms,3,17,1646,0.638504507689003,0.8859728639969168,0.7206817879370457,3.7439583214204926
smooth,0.008,2,LSTM-ms,3,18,1596,0.5832786448884573,0.8858377330448877,0.6584486335703438,4.150307143450078
smooth,0.008,2,LSTM-ms,3,19,1546,0.5452165435379392,0.8851291307301501,0.6159740139703522,4.565135253285898
smooth,0.008,2,LSTM-ms,3,20,1496,0.5410579370727183,0.8852054559702676,0.6112230030029226,5.003798496232975
smooth,0.008,2,LSTM-ms,4,1,2446,0.7902737685612047,0.8875495616355734,0.8903995931279497,0.22596307615177927
smooth,0.008,2,LSTM-ms,4,2,2396,0.7636286366628501,0.8876454627620368,0.8602856305790259,0.453185858064396
smooth,0.008,2,LSTM-ms,4,3,2346,0.7386373238714852,0.887343835894304,0.8324138783553436,0.7138794320808748
smooth,0.008,2,LSTM-ms,4,4,2296,0.71847943888195,0.8875363249334299,0.809521164033303,0.9748604764663052
smooth,0.008,2,LSTM-ms,4,5,2246,0.719719312496427,0.8875317142255591,0.8109223602498964,1.2489009984454822
smooth,0.008,2,LSTM-ms,4,6,2196,0.6528254801570955,0.8875796356979718,0.7355120080506679,1.5517385436327271
smooth,0.008,2,LSTM-ms,4,7,2146,0.6425353978671975,0.887660195100618,0.7238528903443336,1.8463380858846472
smooth,0.008,2,LSTM-ms,4,8,2096,0.632024441828835,0.8876899005434411,0.7119878703609351,2.144141669452753
smooth,0.008,2,LSTM-ms,4,9,2046,0.5709273118043445,0.8872209396997215,0.6435007180934819,2.4888604915417
smooth,0.008,2,LSTM-ms,4,10,1996,0.5230945383738644,0.8870590918489766,0.5896952561339873,2.8576627110396795
smooth,0.008,2,LSTM-ms,4,11,1946,0.5233291320626358,0.8873233962559461,0.5897839888712715,3.2503742026986786
smooth,0.008,2,LSTM-ms,4,12,1896,0.4618141742973307,0.8868324537214857,0.5207456857937293,3.708741847182039
smooth,0.008,2,LSTM-ms,4,13,1846,0.46441097265496323,0.8863202069062,0.5239765143977049,4.150591035390909
smooth,0.008,2,LSTM-ms,4,14,1796,0.43356231114727645,0.8858753750773493,0.4894168224389581,4.646477091541838
smooth,0.008,2,LSTM-ms,4,15,1746,0.43644112450587647,0.8854674664959541,0.4928934613859928,5.160062016229173
smooth,0.008,2,LSTM-ms,4,16,1696,0.4103667566374721,0.8861640179809591,0.46308217024254034,5.705826487033749
smooth,0.008,2,LSTM-ms,4,17,1646,0.4176000411331969,0.8859728639969168,0.4713463110475697,6.273358911905221
smooth,0.008,2,LSTM-ms,4,18,1596,0.3968848537868054,0.8858377330448877,0.4480333575570259,6.852226339464686
smooth,0.008,2,LSTM-ms,4,19,1546,0.42215741679825647,0.8851291307301501,0.47694443911253426,7.447549132180703
smooth,0.008,2,LSTM-ms,4,20,1496,0.3842650213031459,0.8852054559702676,0.4340969869892585,8.065402395201083
smooth,0.012,0,ConstVel,0,1,1800,1.3257690909778912,1.3234540080065933,1.0017492734596685,0.16856609269629877
smooth,0.012,0,ConstVel,0,2,1750,1.3252028659998094,1.322939045588471,1.0017112053793313,0.299291543331205
smooth,0.012,0,ConstVel,0,3,1700,1.3244583909861327,1.3228517010520442,1.001214565421665,0.4438468525700846
smooth,0.012,0,ConstVel,0,4,1650,1.3238148856793082,1.3217916059912123,1.0015307100445525,0.5973905245699086
smooth,0.012,0,ConstVel,0,5,1600,1.3245274521631136,1.3218848481492704,1.0019991181664145,0.7660435220882417
smooth,0.012,0,ConstVel,0,6,1550,1.3240969695139286,1.322170043069302,1.0014573968414482,0.9362718074818958
smooth,0.012,0,ConstVel,0,7,1500,1.3241666819032432,1.3213993993254767,1.002094206020662,1.1206412934387806
smooth,0.012,0,ConstVel,0,8,1450,1.3240412954717242,1.3211187737368597,1.002212156690952,1.3093674994078701
smooth,0.012,0,ConstVel,0,9,1400,1.3237863885239476,1.321731558479954,1.0015546500579564,1.5078139557939298
smooth,0.012,0,ConstVel,0,10,1350,1.3230412140396106,1.3214719968531827,1.0011874766852151,1.711482959128646
smooth,0.012,0,ConstVel,0,11,1300,1.3225790535250832,1.3200450723711405,1.001919617145641,1.9127763427384958
smooth,0.012,0,ConstVel,0,12,1250,1.321677209126703,1.3192294516319134,1.0018554448521155,2.121275172945344
smooth,0.012,0,ConstVel,0,13,1200,1.3223224202022636,1.3193896447997011,1.0022228273612135,2.3348686193272754
smooth,0.012,0,ConstVel,0,14,1150,1.3222587979693023,1.3168250175934035,1.0041264255336138,2.56201945892455
smooth,0.012,0,ConstVel,0,15,1100,1.320993351309124,1.3173876667012947,1.0027369958737036,2.79653524589245
smooth,0.012,0,ConstVel,0,16,1050,1.3199740302587422,1.3173485673804588,1.0019929902709834,3.0559942213766176
smooth,0.012,0,ConstVel,0,17,1000,1.3193082565625809,1.3193983918283165,0.9999316845720793,3.328585109767966
smooth,0.012,0,ConstVel,0,18,954,1.3198402981209594,1.3188916148621892,1.0007193034272717,3.6165540238977423
smooth,0.012,0,ConstVel,0,19,908,1.3210412571364183,1.3180786199379804,1.0022476938428584,3.919974071901981
smooth,0.012,0,ConstVel,0,20,862,1.3232622024537686,1.3173073959473283,1.0045204380729662,4.200379911744673
smooth,0.012,0,Kalman,0,1,1800,1.3251973118435132,1.3234540080065933,1.0013172379443285,0.15040332513732182
smooth,0.012,0,Kalman,0,2,1750,1.3246820559020542,1.322939045588471,1.001317528815402,0.25823706631542087
smooth,0.012,0,Kalman,0,3,1700,1.3241309239172518,1.3228517010520442,1.0009670191028899,0.38005189218150864
smooth,0.012,0,Kalman,0,4,1650,1.3238661644223044,1.3217916059912123,1.0015695049217206,0.5129933133019531
smooth,0.012,0,Kalman,0,5,1600,1.3242307911580806,1.3218848481492704,1.0017746954374238,0.656849048620408
smooth,0.012,0,Kalman,0,6,1550,1.3239641580818675,1.322170043069302,1.0013569472564972,0.8068563788779769
smooth,0.012,0,Kalman,0,7,1500,1.3239456665417932,1.3213993993254767,1.0019269474601065,0.9697691811552049
smooth,0.012,0,Kalman,0,8,1450,1.3237379581527167,1.3211187737368597,1.0019825502959498,1.1365397960292491
smooth,0.012,0,Kalman,0,9,1400,1.3233491734833907,1.321731558479954,1.0012238604677768,1.3113306001272635
smooth,0.012,0,Kalman,0,10,1350,1.3227247554907868,1.3214719968531827,1.0009480024098787,1.4891452703666963
smooth,0.012,0,Kalman,0,11,1300,1.3222835273642917,1.3200450723711405,1.0016957413349001,1.6670767551785544
smooth,0.012,0,Kalman,0,12,1250,1.3218379685401538,1.3192294516319134,1.001977303421337,1.8504249056698159
smooth,0.012,0,Kalman,0,13,1200,1.3221104187147752,1.3193896447997011,1.0020621458761616,2.0390008078737454
smooth,0.012,0,Kalman,0,14,1150,1.321684335939561,1.3168250175934035,1.0036901777238696,2.242602980986806
smooth,0.012,0,Kalman,0,15,1100,1.320619494909857,1.3173876667012947,1.002453209704517,2.459819110495249
smooth,0.012,0,Kalman,0,16,1050,1.319889514765001,1.3173485673804588,1.0019288345146151,2.6941776972668836
smooth,0.012,0,Kalman,0,17,1000,1.319677854890752,1.3193983918283165,1.0002118109770075,2.945721538542943
smooth,0.012,0,Kalman,0,18,954,1.3204497801587312,1.3188916148621892,1.0011814202766804,3.2070739930303045
smooth,0.012,0,Kalman,0,19,908,1.3215842385300904,1.3180786199379804,1.0026596430130055,3.480249282783189
smooth,0.012,0,Kalman,0,20,862,1.322589581377389,1.3173073959473283,1.0040098350971924,3.742312800076684
smooth,0.012,0,LSTM-rec,0,1,1800,1.2480680046686934,1.3234540080065933,0.9430384411684638,0.18141319953490764
smooth,0.012,0,LSTM-rec,0,2,1750,1.1857036086302677,1.322939045588471,0.8962647316096425,0.378206167876251
smooth,0.012,0,LSTM-rec,0,3,1700,1.1181427034802338,1.3228517010520442,0.8452517410613689,0.6583637071113193
smooth,0.012,0,LSTM-rec,0,4,1650,1.0533588252180157,1.3217916059912123,0.7969174720459065,1.0271065839552067
smooth,0.012,0,LSTM-rec,0,5,1600,0.9928623367344812,1.3218848481492704,0.7510959355684852,1.494708102129531
smooth,0.012,0,LSTM-rec,0,6,1550,0.9375994518726962,1.322170043069302,0.7091368139729903,2.059069134901596
smooth,0.012,0,LSTM-rec,0,7,1500,0.8877184802658094,1.3213993993254767,0.6718017888603214,2.715898918602052
smooth,0.012,0,LSTM-rec,0,8,1450,0.843369280307167,1.3211187737368597,0.6383750629185663,3.46668281686414
smooth,0.012,0,LSTM-rec,0,9,1400,0.8044612635695366,1.321731558479954,0.608641942766881,4.303756727659673
smooth,0.012,0,LSTM-rec,0,10,1350,0.7707833903745581,1.3214719968531827,0.583276370751724,5.224268481464386
smooth,0.012,0,LSTM-rec,0,11,1300,0.7423771147475194,1.3200450723711405,0.5623877019699177,6.2151573868524475
smooth,0.012,0,LSTM-rec,0,12,1250,0.7194728656760242,1.3192294516319134,0.5453735624125293,7.283235163152582
smooth,0.012,0,LSTM-rec,0,13,1200,0.7028442594349094,1.3193896447997011,0.532704089504666,8.406856558869327
smooth,0.012,0,LSTM-rec,0,14,1150,0.6915706408021127,1.3168250175934035,0.5251803630417122,9.607987283676069
smooth,0.012,0,LSTM-rec,0,15,1100,0.6858031036754608,1.3173876667012947,0.5205780507970705,10.888058100453799
smooth,0.012,0,LSTM-rec,0,16,1050,0.6865232054229616,1.3173485673804588,0.5211401313382908,12.243217894074025
smooth,0.012,0,LSTM-rec,0,17,1000,0.6936262536376675,1.3193983918283165,0.5257140359830936,13.669669465960306
smooth,0.012,0,LSTM-rec,0,18,954,0.7082004660334208,1.3188916148621892,0.5369663875734175,15.154651060891796
smooth,0.012,0,LSTM-rec,0,19,908,0.7275449019142269,1.3180786199379804,0.5519738283505882,16.698202975875798
smooth,0.012,0,LSTM-rec,0,20,862,0.749700821467473,1.3173073959473283,0.5691160800993857,18.28690204190754
smooth,0.012,0,LSTM-rec,1,1,1800,1.2846114737081895,1.3234540080065933,0.9706506353349528,0.15932700552348592
smooth,0.012,0,LSTM-rec,1,2,1750,1.254828688142851,1.322939045588471,0.9485158763189099,0.2930504399826672
smooth,0.012,0,LSTM-rec,1,3,1700,1.2229078964917977,1.3228517010520442,0.924448217074701,0.4560880625149227
smooth,0.012,0,LSTM-rec,1,4,1650,1.1904789091116645,1.3217916059912123,0.9006555221834108,0.6466858766239855
smooth,0.012,0,LSTM-rec,1,5,1600,1.1608474292189428,1.3218848481492704,0.8781759098337566,0.8712140733399998
smooth,0.012,0,LSTM-rec,1,6,1550,1.1339925018712464,1.322170043069302,0.8576752346005224,1.1306056975249912
smooth,0.012,0,LSTM-rec,1,7,1500,1.109833024202578,1.3213993993254767,0.8398921815532115,1.4240686759445125
smooth,0.012,0,LSTM-rec,1,8,1450,1.0885496751980255,1.3211187737368597,0.8239604923022937,1.748222277478065
smooth,0.012,0,LSTM-rec,1,9,1400,1.0700872960185235,1.321731558479954,0.8096101580938024,2.1024342273570458
smooth,0.012,0,LSTM-rec,1,10,1350,1.0541279566108361,1.3214719968531827,0.7976922395033931,2.4925915910532037
smooth,0.012,0,LSTM-rec,1,11,1300,1.0407132937703591,1.3200450723711405,0.7883922417141184,2.9042404946214524
smooth,0.012,0,LSTM-rec,1,12,1250,1.0296396702230788,1.3192294516319134,0.7804856607388455,3.34084714528749
smooth,0.012,0,LSTM-rec,1,13,1200,1.0211592400035485,1.3193896447997011,0.7739633580029898,3.785885745590167
smooth,0.012,0,LSTM-rec,1,14,1150,1.0142863645134084,1.3168250175934035,0.7702514388487947,4.263095419150627
smooth,0.012,0,LSTM-rec,1,15,1100,1.008409116553492,1.3173876667012947,0.7654611790001974,4.765719304368154
smooth,0.012,0,LSTM-rec,1,16,1050,1.0039445132674203,1.3173485673804588,0.7620948153940449,5.288582764116966
smooth,0.012,0,LSTM-rec,1,17,1000,1.0005393079676288,1.3193983918283165,0.7583299435291577,5.8103526946724
smooth,0.012,0,LSTM-rec,1,18,954,0.997932070480395,1.3188916148621892,0.7566444878676925,6.3295562672239924
smooth,0.012,0,LSTM-rec,1,19,908,0.9960237068164921,1.3180786199379804,0.7556633509944635,6.847100004954362
smooth,0.012,0,LSTM-rec,1,20,862,0.9947475755514075,1.3173073959473283,0.7551370155604757,7.3703243768972175
smooth,0.012,0,LSTM-rec,2,1,1800,1.2832441346164243,1.3234540080065933,0.9696174758269585,0.176235245388642
smooth,0.012,0,LSTM-rec,2,2,1750,1.251697347951579,1.322939045588471,0.9461489190492505,0.36135023520586224
smooth,0.012,0,LSTM-rec,2,3,1700,1.224679684316,1.3228517010520442,0.9257875870303758,0.6222315286809839
smooth,0.012,0,LSTM-rec,2,4,1650,1.2067677270636659,1.3217916059912123,0.9129788096654692,0.9669219284249282
smooth,0.012,0,LSTM-rec,2,5,1600,1.200130823665347,1.3218848481492704,0.9078936227657141,1.396021794374424
smooth,0.012,0,LSTM-rec,2,6,1550,1.203084570637283,1.322170043069302,0.9099318026026574,1.906007772769819
smooth,0.012,0,LSTM-rec,2,7,1500,1.2160437831977136,1.3213993993254767,0.9202696654913396,2.492277730470451
smooth,0.012,0,LSTM-rec,2,8,1450,1.236286329457373,1.3211187737368597,0.9357874205060811,3.1411090471027805
smooth,0.012,0,LSTM-rec,2,9,1400,1.2617739673780521,1.321731558479954,0.9546370889631661,3.8561597066318116
smooth,0.012,0,LSTM-rec,2,10,1350,1.2906843407333195,1.3214719968531827,0.9767019988367686,4.623965170250722
smooth,0.012,0,LSTM-rec,2,11,1300,1.3223269472031818,1.3200450723711405,1.001728634029096,5.445308763163457
smooth,0.012,0,LSTM-rec,2,12,1250,1.3547272249567082,1.3192294516319134,1.0269079600071718,6.306915306422028
smooth,0.012,0,LSTM-rec,2,13,1200,1.3879616520165656,1.3193896447997011,1.0519725219059717,7.210983430975521
smooth,0.012,0,LSTM-rec,2,14,1150,1.420807490414997,1.3168250175934035,1.078964533200948,8.1542667859875
smooth,0.012,0,LSTM-rec,2,15,1100,1.4532789244828928,1.3173876667012947,1.1031520646628385,9.129843141620453
smooth,0.012,0,LSTM-rec,2,16,1050,1.4855156629859032,1.3173485673804588,1.1276557319524352,10.127458202660776
smooth,0.012,0,LSTM-rec,2,17,1000,1.5175566125703495,1.3193983918283165,1.1501883145904408,11.13383897131735
smooth,0.012,0,LSTM-rec,2,18,954,1.5478978039481683,1.3188916148621892,1.173635336297068,12.176373577938122
smooth,0.012,0,LSTM-rec,2,19,908,1.5778457329651756,1.3180786199379804,1.197080135507712,13.22842008221994
smooth,0.012,0,LSTM-rec,2,20,862,1.6074124034521684,1.3173073959473283,1.2202257486728936,14.291567746167901
smooth,0.012,0,LSTM-rec,3,1,1800,1.3033406968612173,1.3234540080065933,0.9848024101905355,0.17540812045980722
smooth,0.012,0,LSTM-rec,3,2,1750,1.2877773362208125,1.322939045588471,0.9734215196951739,0.3485994331674311
smooth,0.012,0,LSTM-rec,3,3,1700,1.2755480466449696,1.3228517010520442,0.9642411508641107,0.5861914826200353
smooth,0.012,0,LSTM-rec,3,4,1650,1.2646882498564869,1.3217916059912123,0.9567985181053532,0.8931530719701662
smooth,0.012,0,LSTM-rec,3,5,1600,1.2575690675369742,1.3218848481492704,0.9513453984268427,1.2799684574033054
smooth,0.012,0,LSTM-rec,3,6,1550,1.2536253918540317,1.322170043069302,0.9481574616104976,1.7498868572281043
smooth,0.012,0,LSTM-rec,3,7,1500,1.2538389543402613,1.3213993993254767,0.9488720480577618,2.305971303890301
smooth,0.012,0,LSTM-rec,3,8,1450,1.2584443179670308,1.3211187737368597,0.9525595601124109,2.9504740727963723
smooth,0.012,0,LSTM-rec,3,9,1400,1.2676041098401367,1.321731558479954,0.9590480772797269,3.6818024518431516
smooth,0.012,0,LSTM-rec,3,10,1350,1.281376448214837,1.3214719968531827,0.9696584197517427,4.502549802037284
smooth,0.012,0,LSTM-rec,3,11,1300,1.299470893096394,1.3200450723711405,0.9844140327437533,5.39828320328233
smooth,0.012,0,LSTM-rec,3,12,1250,1.3219159985070232,1.3192294516319134,1.0020364515602547,6.38450223253497
smooth,0.012,0,LSTM-rec,3,13,1200,1.3476222891981084,1.3193896447997011,1.02139826131703,7.444616826560292
smooth,0.012,0,LSTM-rec,3,14,1150,1.3750508426922647,1.3168250175934035,1.0442168278404016,8.595700866703412
smooth,0.012,0,LSTM-rec,3,15,1100,1.40256595903711,1.3173876667012947,1.064656968095883,9.83099272908795
smooth,0.012,0,LSTM-rec,3,16,1050,1.4310767771893969,1.3173485673804588,1.086331144713723,11.158519519617004
smooth,0.012,0,LSTM-rec,3,17,1000,1.4611310905785824,1.3193983918283165,1.1074222157826523,12.5851184289996
smooth,0.012,0,LSTM-rec,3,18,954,1.4934379458114202,1.3188916148621892,1.1323431955911474,14.088331370970256
smooth,0.012,0,LSTM-rec,3,19,908,1.5274420626527632,1.3180786199379804,1.1588398746082642,15.68457037624087
smooth,0.012,0,LSTM-rec,3,20,862,1.5605919732321631,1.3173073959473283,1.1846832243053484,17.332361679622746
smooth,0.012,0,LSTM-rec,4,1,1800,1.2690967316014456,1.3234540080065933,0.9589277178683214,0.19345726578555608
smooth,0.012,0,LSTM-rec,4,2,1750,1.2287627048158865,1.322939045588471,0.9288127891556084,0.4144542074382743
smooth,0.012,0,LSTM-rec,4,3,1700,1.191667945428809,1.3228517010520442,0.9008326061652212,0.7311020016358198
smooth,0.012,0,LSTM-rec,4,4,1650,1.158705773041942,1.3217916059912123,0.8766175906927689,1.1478461032742946
smooth,0.012,0,LSTM-rec,4,5,1600,1.133538642734491,1.3218848481492704,0.8575169344905669,1.6743538615922693
smooth,0.012,0,LSTM-rec,4,6,1550,1.115569488324805,1.322170043069302,0.8437413131333004,2.307613489862757
smooth,0.012,0,LSTM-rec,4,7,1500,1.1051863624675176,1.3213993993254767,0.8363757112585888,3.0445694136259407
smooth,0.012,0,LSTM-rec,4,8,1450,1.1018305075105859,1.3211187737368597,0.8340132086640443,3.8866520674711595
smooth,0.012,0,LSTM-rec,4,9,1400,1.1050670028105352,1.321731558479954,0.8360752194503156,4.82687016084924
smooth,0.012,0,LSTM-rec,4,10,1350,1.1140940529763919,1.3214719968531827,0.8430704968621209,5.863334455996703
smooth,0.012,0,LSTM-rec,4,11,1300,1.1278101521968618,1.3200450723711405,0.8543724572760418,6.981350428199532
smooth,0.012,0,LSTM-rec,4,12,1250,1.1457960495931594,1.3192294516319134,0.8685343161311223,8.189133157656062
smooth,0.012,0,LSTM-rec,4,13,1200,1.1665500368947397,1.3193896447997011,0.884158854431388,9.470385848563446
smooth,0.012,0,LSTM-rec,4,14,1150,1.1884578555355165,1.3168250175934035,0.9025176767278559,10.836144163376442
smooth,0.012,0,LSTM-rec,4,15,1100,1.210611325286015,1.3173876667012947,0.9189484279273351,12.285362831098004
smooth,0.012,0,LSTM-rec,4,16,1050,1.2332924322938799,1.3173485673804588,0.9361929430312251,13.816154335760888
smooth,0.012,0,LSTM-rec,4,17,1000,1.2567598556912796,1.3193983918283165,0.9525249261140621,15.430188969547569
smooth,0.012,0,LSTM-rec,4,18,954,1.2813162035408516,1.3188916148621892,0.9715098565356609,17.094463185076417
smooth,0.012,0,LSTM-rec,4,19,908,1.306401305238796,1.3180786199379804,0.9911406538862348,18.83263557748718
smooth,0.012,0,LSTM-rec,4,20,862,1.3313315350608184,1.3173073959473283,1.0106460642038715,20.630775831800577
smooth,0.012,0,LSTM-ms,0,1,1800,1.2380296069589924,1.3234540080065933,0.9354534418795041,0.2039143898047086
smooth,0.012,0,LSTM-ms,0,2,1750,1.2205487866925275,1.322939045588471,0.9226039482035258,0.39603673505785864
smooth,0.012,0,LSTM-ms,0,3,1700,1.2010721842930172,1.3228517010520442,0.9079416712680812,0.6103000871065026
smooth,0.012,0,LSTM-ms,0,4,1650,1.1156028683731485,1.3217916059912123,0.8440081351073169,0.8767298077954387
smooth,0.012,0,LSTM-ms,0,5,1600,1.0899934035252776,1.3218848481492704,0.8245751549776391,1.169048389513045
smooth,0.012,0,LSTM-ms,0,6,1550,1.0321113317989625,1.322170043069302,0.7806192079522589,1.522318619960608
smooth,0.012,0,LSTM-ms,0,7,1500,0.9953262932601656,1.3213993993254767,0.7532365261920364,1.8994300161470088
smooth,0.012,0,LSTM-ms,0,8,1450,0.9394125910690138,1.3211187737368597,0.7110735308164849,2.32511725782653
smooth,0.012,0,LSTM-ms,0,9,1400,0.9155900488586134,1.321731558479954,0.6927201238287598,2.7872103137205406
smooth,0.012,0,LSTM-ms,0,10,1350,0.827524212563225,1.3214719968531827,0.6262139602911041,3.3026240184492135
smooth,0.012,0,LSTM-ms,0,11,1300,0.7915836227970507,1.3200450723711405,0.5996640867536158,3.8728730649265906
smooth,0.012,0,LSTM-ms,0,12,1250,0.7079639240141192,1.3192294516319134,0.5366495745970147,4.484949439329732
smooth,0.012,0,LSTM-ms,0,13,1200,0.6709959888459232,1.3193896447997011,0.508565450313041,5.118612220840899
smooth,0.012,0,LSTM-ms,0,14,1150,0.6340262465537535,1.3168250175934035,0.48148101538386934,5.807891441786077
smooth,0.012,0,LSTM-ms,0,15,1100,0.583263566082637,1.3173876667012947,0.44274254331157825,6.529203895716872
smooth,0.012,0,LSTM-ms,0,16,1050,0.5451910566495782,1.3173485673804588,0.4138548218363254,7.281787147409943
smooth,0.012,0,LSTM-ms,0,17,1000,0.507056051155958,1.3193983918283165,0.3843085259891217,8.062003610887178
smooth,0.012,0,LSTM-ms,0,18,954,0.5091951937488822,1.3188916148621892,0.38607811893783855,8.828553905663103
smooth,0.012,0,LSTM-ms,0,19,908,0.46052616696721643,1.3180786199379804,0.3493920317051236,9.637955290630938
smooth,0.012,0,LSTM-ms,0,20,862,0.47242782067857253,1.3173073959473283,0.35863141900818896,10.441739214484029
smooth,0.012,0,LSTM-ms,1,1,1800,1.2311534137744062,1.3234540080065933,0.930257799913114,0.18497446614418417
smooth,0.012,0,LSTM-ms,1,2,1750,1.2097621828090466,1.322939045588471,0.9144504328020033,0.36344886584580505
smooth,0.012,0,LSTM-ms,1,3,1700,1.193132097805819,1.3228517010520442,0.9019394213704672,0.5685886712194455
smooth,0.012,0,LSTM-ms,1,4,1650,1.1113726721765713,1.3217916059912123,0.8408077847817412,0.8152437360796824
smooth,0.012,0,LSTM-ms,1,5,1600,1.1012656676988073,1.3218848481492704,0.8331025726186777,1.09392233025105
smooth,0.012,0,LSTM-ms,1,6,1550,1.0011826447774566,1.322170043069302,0.7572268408481702,1.458753795638847
smooth,0.012,0,LSTM-ms,1,7,1500,0.9574768425336531,1.3213993993254767,0.7245930662768637,1.8571849885735325
smooth,0.012,0,LSTM-ms,1,8,1450,0.8670988067946882,1.3211187737368597,0.6563367533882285,2.3312115557090345
smooth,0.012,0,LSTM-ms,1,9,1400,0.8211205443583315,1.321731558479954,0.6212460760963097,2.8517084171763307
smooth,0.012,0,LSTM-ms,1,10,1350,0.7565351856140213,1.3214719968531827,0.5724942998531609,3.4262464012193945
smooth,0.012,0,LSTM-ms,1,11,1300,0.7149501454171701,1.3200450723711405,0.5416104043575843,4.049415439086183
smooth,0.012,0,LSTM-ms,1,12,1250,0.6427942307793509,1.3192294516319134,0.48724975779171814,4.730644818025816
smooth,0.012,0,LSTM-ms,1,13,1200,0.6212494569330008,1.3193896447997011,0.47086124965556614,5.431338212977269
smooth,0.012,0,LSTM-ms,1,14,1150,0.5766484310255551,1.3168250175934035,0.4379081679959448,6.187163284539217
smooth,0.012,0,LSTM-ms,1,15,1100,0.5726728267370103,1.3173876667012947,0.43470334603250727,6.963292487626709
smooth,0.012,0,LSTM-ms,1,16,1050,0.5286468790166776,1.3173485673804588,0.4012961277726892,7.784937048906844
smooth,0.012,0,LSTM-ms,1,17,1000,0.5422885875702932,1.3193983918283165,0.411012011935859,8.596084615305543
smooth,0.012,0,LSTM-ms,1,18,954,0.5091200200214157,1.3188916148621892,0.386021121284188,9.409412920842605
smooth,0.012,0,LSTM-ms,1,19,908,0.47919043875167133,1.3180786199379804,0.36355224301735406,10.255064101318078
smooth,0.012,0,LSTM-ms,1,20,862,0.47419201501671965,1.3173073959473283,0.3599706617267637,11.119204918708258
smooth,0.012,0,LSTM-ms,2,1,1800,1.4233611537419202,1.3234540080065933,1.0754896997786938,0.24802729378892455
smooth,0.012,0,LSTM-ms,2,2,1750,1.3791208776843342,1.322939045588471,1.0424674381508425,0.4404611364735978
smooth,0.012,0,LSTM-ms,2,3,1700,1.4040597563420916,1.3228517010520442,1.0613886312618896,0.6544501141188349
smooth,0.012,0,LSTM-ms,2,4,1650,1.2895453939616863,1.3217916059912123,0.9756041634071776,0.8132111451002865
smooth,0.012,0,LSTM-ms,2,5,1600,1.2799400140821453,1.3218848481492704,0.9682689198489182,1.0094825294160208
smooth,0.012,0,LSTM-ms,2,6,1550,1.2154166667314332,1.322170043069302,0.9192589660479297,1.2332381128957381
smooth,0.012,0,LSTM-ms,2,7,1500,1.1728698489970089,1.3213993993254767,0.8875967777764343,1.4620688317951065
smooth,0.012,0,LSTM-ms,2,8,1450,1.061756588426763,1.3211187737368597,0.8036798882386056,1.6916312105334779
smooth,0.012,0,LSTM-ms,2,9,1400,1.0047515586492117,1.321731558479954,0.7601782315046768,1.9813720167275928
smooth,0.012,0,LSTM-ms,2,10,1350,0.9620684461665105,1.3214719968531827,0.7280278722950476,2.335242871822681
smooth,0.012,0,LSTM-ms,2,11,1300,0.8861167296178137,1.3200450723711405,0.671277631472174,2.73331612144456
smooth,0.012,0,LSTM-ms,2,12,1250,0.8127481949332463,1.3192294516319134,0.6160779642448555,3.177031453251757
smooth,0.012,0,LSTM-ms,2,13,1200,0.7633209446051351,1.3193896447997011,0.5785409546101268,3.6843102752814834
smooth,0.012,0,LSTM-ms,2,14,1150,0.7341326933292435,1.3168250175934035,0.5575020853347137,4.26296431892046
smooth,0.012,0,LSTM-ms,2,15,1100,0.6512699695983225,1.3173876667012947,0.49436470832392565,4.928137011555821
smooth,0.012,0,LSTM-ms,2,16,1050,0.6614687391984536,1.3173485673804588,0.5021212726664902,5.608517669886504
smooth,0.012,0,LSTM-ms,2,17,1000,0.5845212077826087,1.3193983918283165,0.44302100972900693,6.340545098762618
smooth,0.012,0,LSTM-ms,2,18,954,0.5791878638849449,1.3188916148621892,0.43914743058356936,7.0778879463146
smooth,0.012,0,LSTM-ms,2,19,908,0.5608643321427947,1.3180786199379804,0.4255165994340953,7.830562785271532
smooth,0.012,0,LSTM-ms,2,20,862,0.5751253369638377,1.3173073959473283,0.43659159489516275,8.58414265209907
smooth,0.012,0,LSTM-ms,3,1,1800,1.2810314644957705,1.3234540080065933,0.9679455853741981,0.16062162626241921
smooth,0.012,0,LSTM-ms,3,2,1750,1.3112063139798005,1.322939045588471,0.9911313135342138,0.2777911521262875
smooth,0.012,0,LSTM-ms,3,3,1700,1.3092956953599466,1.3228517010520442,0.9897524373432663,0.4258561268899189
smooth,0.012,0,LSTM-ms,3,4,1650,1.2782275578674225,1.3217916059912123,0.9670416668358844,0.5807702261208669
smooth,0.012,0,LSTM-ms,3,5,1600,1.234148327751087,1.3218848481492704,0.9336277130939048,0.7635846394928042
smooth,0.012,0,LSTM-ms,3,6,1550,1.2044711588003807,1.322170043069302,0.9109805241119413,0.9705131796334635
smooth,0.012,0,LSTM-ms,3,7,1500,1.1537767825804928,1.3213993993254767,0.8731476517769353,1.217240055378792
smooth,0.012,0,LSTM-ms,3,8,1450,1.1342957731733705,1.3211187737368597,0.8585872789960817,1.4944274673402673
smooth,0.012,0,LSTM-ms,3,9,1400,1.1064768726468586,1.321731558479954,0.837141903397807,1.8069898401501363
smooth,0.012,0,LSTM-ms,3,10,1350,1.0521793497926057,1.3214719968531827,0.7962176665855631,2.1686120452309723
smooth,0.012,0,LSTM-ms,3,11,1300,1.0352805368913158,1.3200450723711405,0.7842766573354087,2.5539394197255207
smooth,0.012,0,LSTM-ms,3,12,1250,0.9886503756503587,1.3192294516319134,0.7494150274066261,2.982248050491591
smooth,0.012,0,LSTM-ms,3,13,1200,0.9380649636206935,1.3193896447997011,0.7109840275903505,3.4371898930505327
smooth,0.012,0,LSTM-ms,3,14,1150,0.8766646237654537,1.3168250175934035,0.6657411668618083,3.9408730625684454
smooth,0.012,0,LSTM-ms,3,15,1100,0.8204110973582933,1.3173876667012947,0.6227560179097333,4.505042062231003
smooth,0.012,0,LSTM-ms,3,16,1050,0.827446814475258,1.3173485673804588,0.6281153181201176,5.09354132870922
smooth,0.012,0,LSTM-ms,3,17,1000,0.7491877107489863,1.3193983918283165,0.5678252417079439,5.723452703889291
smooth,0.012,0,LSTM-ms,3,18,954,0.6962751637313181,1.3188916148621892,0.5279244752830367,6.375446113109735
smooth,0.012,0,LSTM-ms,3,19,908,0.6334163269882659,1.3180786199379804,0.48056035308278505,7.0785841214936305
smooth,0.012,0,LSTM-ms,3,20,862,0.6344548805372482,1.3173073959473283,0.4816300906600364,7.799815647796892
smooth,0.012,0,LSTM-ms,4,1,1800,1.2131879275657613,1.3234540080065933,0.9166831036260062,0.26087991907945723
smooth,0.012,0,LSTM-ms,4,2,1750,1.1815859509644837,1.322939045588471,0.8931522241365923,0.5159118350387366
smooth,0.012,0,LSTM-ms,4,3,1700,1.1407016821523948,1.3228517010520442,0.8623050348313509,0.8189904809954155
smooth,0.012,0,LSTM-ms,4,4,1650,1.1124816374877025,1.3217916059912123,0.8416467712801459,1.1321795034345508
smooth,0.012,0,LSTM-ms,4,5,1600,1.08683589670049,1.3218848481492704,0.8221865151281028,1.4759292912677608
smooth,0.012,0,LSTM-ms,4,6,1550,1.003401696452476,1.322170043069302,0.7589051814569681,1.8679373457664084
smooth,0.012,0,LSTM-ms,4,7,1500,0.9798835341358569,1.3213993993254767,0.7415498558846398,2.2715936962552985
smooth,0.012,0,LSTM-ms,4,8,1450,0.9597028631187379,1.3211187737368597,0.726431931933087,2.7074272992855413
smooth,0.012,0,LSTM-ms,4,9,1400,0.871383696790733,1.321731558479954,0.6592743369106359,3.2097383049586603
smooth,0.012,0,LSTM-ms,4,10,1350,0.795451441013125,1.3214719968531827,0.6019434713011937,3.7552660034064456
smooth,0.012,0,LSTM-ms,4,11,1300,0.7781849710508961,1.3200450723711405,0.5895139395907715,4.3273468951924094
smooth,0.012,0,LSTM-ms,4,12,1250,0.7104534820625741,1.3192294516319134,0.5385367050316598,4.968941469568168
smooth,0.012,0,LSTM-ms,4,13,1200,0.6962542868219168,1.3193896447997011,0.5277093765031151,5.609503791652032
smooth,0.012,0,LSTM-ms,4,14,1150,0.6362095612581716,1.3168250175934035,0.4831390296798069,6.327066048065197
smooth,0.012,0,LSTM-ms,4,15,1100,0.615096973487874,1.3173876667012947,0.46690658265236473,7.0869081570792964
smooth,0.012,0,LSTM-ms,4,16,1050,0.5818311600819598,1.3173485673804588,0.441668343890887,7.868082407666509
smooth,0.012,0,LSTM-ms,4,17,1000,0.5756303876062491,1.3193983918283165,0.43628246871559895,8.660652490487546
smooth,0.012,0,LSTM-ms,4,18,954,0.5390674818671062,1.3188916148621892,0.4087276587344391,9.45975591637202
smooth,0.012,0,LSTM-ms,4,19,908,0.5449863293473196,1.3180786199379804,0.41347027491650146,10.258993670141084
smooth,0.012,0,LSTM-ms,4,20,862,0.4965504016786565,1.3173073959473283,0.3769434554199609,11.088839135416006
smooth,0.012,1,ConstVel,0,1,1931,1.3341133940921126,1.3298935627488815,1.003173059454855,0.1743431530888155
smooth,0.012,1,ConstVel,0,2,1881,1.3337767230726076,1.3294402537572234,1.0032618760437926,0.31108509308957855
smooth,0.012,1,ConstVel,0,3,1831,1.3340315967455267,1.3303790066561436,1.0027455259524605,0.45812797623982543
smooth,0.012,1,ConstVel,0,4,1781,1.333750863765576,1.3298785152184223,1.002911806231051,0.6161205124750684
smooth,0.012,1,ConstVel,0,5,1731,1.3337575575618648,1.3303461380292916,1.0025643097198949,0.7822777753291871
smooth,0.012,1,ConstVel,0,6,1681,1.332753699188595,1.3294620952024823,1.0024758915639573,0.955016043150183
smooth,0.012,1,ConstVel,0,7,1631,1.3323218129438426,1.3300843008468206,1.0016822332957374,1.1401071659327555
smooth,0.012,1,ConstVel,0,8,1581,1.332326286443056,1.3293981929600363,1.0022025706808733,1.33443447761631
smooth,0.012,1,ConstVel,0,9,1531,1.3324152650185057,1.3302315654458636,1.0016415935611256,1.5364228965119593
smooth,0.012,1,ConstVel,0,10,1481,1.3323128684432406,1.3304750442361304,1.0013813293342644,1.7566036208292812
smooth,0.012,1,ConstVel,0,11,1431,1.3315810328332858,1.3308251819655672,1.0005679565415213,1.9821903853534133
smooth,0.012,1,ConstVel,0,12,1381,1.3324812902428846,1.329969081822483,1.0018889224228875,2.222823996576242
smooth,0.012,1,ConstVel,0,13,1331,1.3336424222420982,1.3300389153661993,1.0027093243921412,2.4719131676986232
smooth,0.012,1,ConstVel,0,14,1281,1.3339108090473077,1.329848635954357,1.0030546131214666,2.7294656429708515
smooth,0.012,1,ConstVel,0,15,1231,1.333290760538915,1.3295532296548322,1.0028111179009005,3.0076856167510937
smooth,0.012,1,ConstVel,0,16,1181,1.3339561369971489,1.3303798634259987,1.0026881597275086,3.2958590626875095
smooth,0.012,1,ConstVel,0,17,1131,1.3340277266145955,1.3296486511178005,1.0032934079939941,3.6063412812379214
smooth,0.012,1,ConstVel,0,18,1082,1.33450963608577,1.328149766414072,1.0047885184581775,3.9341388463867313
smooth,0.012,1,ConstVel,0,19,1033,1.3350337522031512,1.326766236318113,1.0062313282164772,4.274857406991429
smooth,0.012,1,ConstVel,0,20,984,1.3366339869689858,1.3259160984397382,1.0080833836634608,4.6340092297747475
smooth,0.012,1,Kalman,0,1,1931,1.3334873607114006,1.3298935627488815,1.0027023199925043,0.15452965106852615
smooth,0.012,1,Kalman,0,2,1881,1.3333572557650744,1.3294402537572234,1.0029463542996992,0.2652894840787288
smooth,0.012,1,Kalman,0,3,1831,1.3334479930881324,1.3303790066561436,1.002306851218062,0.38745284003766
smooth,0.012,1,Kalman,0,4,1781,1.3331692454365731,1.3298785152184223,1.0024744592686425,0.5196043197553362
smooth,0.012,1,Kalman,0,5,1731,1.3328819760855004,1.3303461380292916,1.0019061490718237,0.6630476251750312
smooth,0.012,1,Kalman,0,6,1681,1.3321425003816734,1.3294620952024823,1.0020161576541848,0.8130927309210512
smooth,0.012,1,Kalman,0,7,1631,1.3318718678859742,1.3300843008468206,1.0013439501827182,0.9745248935197977
smooth,0.012,1,Kalman,0,8,1581,1.331859963791553,1.3293981929600363,1.0018517934239366,1.1449128566268991
smooth,0.012,1,Kalman,0,9,1531,1.3318463846111348,1.3302315654458636,1.0012139383902907,1.3289108616229488
smooth,0.012,1,Kalman,0,10,1481,1.3317094435024182,1.3304750442361304,1.0009277883652425,1.5263562019180115
smooth,0.012,1,Kalman,0,11,1431,1.3315605799917032,1.3308251819655672,1.0005525880003636,1.7316402872639756
smooth,0.012,1,Kalman,0,12,1381,1.3324001784209343,1.329969081822483,1.0018279346728272,1.951374039214626
smooth,0.012,1,Kalman,0,13,1331,1.3331560565047398,1.3300389153661993,1.0023436465674256,2.1818750819890154
smooth,0.012,1,Kalman,0,14,1281,1.3332290063933905,1.329848635954357,1.0025419211988795,2.423149640784028
smooth,0.012,1,Kalman,0,15,1231,1.3330037756355113,1.3295532296548322,1.002595267270025,2.688887595824066
smooth,0.012,1,Kalman,0,16,1181,1.33349544843543,1.3303798634259987,1.002341876252853,2.9609987459296234
smooth,0.012,1,Kalman,0,17,1131,1.3337483252948745,1.3296486511178005,1.0030832763028246,3.261278503514755
smooth,0.012,1,Kalman,0,18,1082,1.3342577265943723,1.328149766414072,1.0045988489662512,3.5751318215922705
smooth,0.012,1,Kalman,0,19,1033,1.3348443920152602,1.326766236318113,1.0060886051182345,3.900444734468712
smooth,0.012,1,Kalman,0,20,984,1.3355243600219993,1.3259160984397382,1.0072465079755555,4.242152659876367
smooth,0.012,1,LSTM-rec,0,1,1931,1.2540913914639422,1.3298935627488815,0.9430013247614669,0.18263599057931623
smooth,0.012,1,LSTM-rec,0,2,1881,1.1903201513587278,1.3294402537572234,0.8953543779005347,0.3721525948898507
smooth,0.012,1,LSTM-rec,0,3,1831,1.1209448159677162,1.3303790066561436,0.8425755445323568,0.6406780052034722
smooth,0.012,1,LSTM-rec,0,4,1781,1.0530691453528798,1.3298785152184223,0.7918536417440516,0.9998974442618768
smooth,0.012,1,LSTM-rec,0,5,1731,0.9880746770932546,1.3303461380292916,0.742719995081084,1.4561683718623917
smooth,0.012,1,LSTM-rec,0,6,1681,0.9281217602068456,1.3294620952024823,0.6981182566664219,2.0086930894197197
smooth,0.012,1,LSTM-rec,0,7,1631,0.8736105561468592,1.3300843008468206,0.656808411008731,2.655239110564091
smooth,0.012,1,LSTM-rec,0,8,1581,0.8247719908426143,1.3293981929600363,0.6204100435898579,3.3905520689919695
smooth,0.012,1,LSTM-rec,0,9,1531,0.7811149689348239,1.3302315654458636,0.5872022505141891,4.212123359405348
smooth,0.012,1,LSTM-rec,0,10,1481,0.7426952672297444,1.3304750442361304,0.5582181119798082,5.121995550195733
smooth,0.012,1,LSTM-rec,0,11,1431,0.7094384495687934,1.3308251819655672,0.5330816242303033,6.105324252592277
smooth,0.012,1,LSTM-rec,0,12,1381,0.682740769046431,1.329969081822483,0.5133508578341218,7.151994021137392
smooth,0.012,1,LSTM-rec,0,13,1331,0.6617216119820665,1.3300389153661993,0.49752048931581433,8.271681964349456
smooth,0.012,1,LSTM-rec,0,14,1281,0.6462933906984031,1.329848635954357,0.48599018957867707,9.473516341574754
smooth,0.012,1,LSTM-rec,0,15,1231,0.6374212704635757,1.3295532296548322,0.47942516045713923,10.759101255599132
smooth,0.012,1,LSTM-rec,0,16,1181,0.6363124120475439,1.3303798634259987,0.4782937787474549,12.109672741471904
smooth,0.012,1,LSTM-rec,0,17,1131,0.6419579160145216,1.3296486511178005,0.4828026678136698,13.533063119065746
smooth,0.012,1,LSTM-rec,0,18,1082,0.6539598319079956,1.328149766414072,0.49238410339343697,15.006691676232295
smooth,0.012,1,LSTM-rec,0,19,1033,0.6709802228974534,1.326766236318113,0.5057260311051324,16.536914970089054
smooth,0.012,1,LSTM-rec,0,20,984,0.6921745479525945,1.3259160984397382,0.5220349528654985,18.127283867842394
smooth,0.012,1,LSTM-rec,1,1,1931,1.294432363667223,1.3298935627488815,0.9733353103775009,0.1637593065093368
smooth,0.012,1,LSTM-rec,1,2,1881,1.2667138156364401,1.3294402537572234,0.9528174072181824,0.29848925189345327
smooth,0.012,1,LSTM-rec,1,3,1831,1.2370231264553757,1.3303790066561436,0.9298276057170999,0.4630124081650069
smooth,0.012,1,LSTM-rec,1,4,1781,1.20561715352827,1.3298785152184223,0.9065618699240785,0.6571990890532299
smooth,0.012,1,LSTM-rec,1,5,1731,1.1760853890472551,1.3303461380292916,0.8840446523109011,0.8810125968483576
smooth,0.012,1,LSTM-rec,1,6,1681,1.149335344821589,1.3294620952024823,0.8645115561918603,1.1390586094701243
smooth,0.012,1,LSTM-rec,1,7,1631,1.1251953640893066,1.3300843008468206,0.8459579316686409,1.4326237588549955
smooth,0.012,1,LSTM-rec,1,8,1581,1.1043597613444143,1.3293981929600363,0.8307215755163984,1.7609015127202143
smooth,0.012,1,LSTM-rec,1,9,1531,1.0862807833408172,1.3302315654458636,0.8166102891842898,2.1204606595584234
smooth,0.012,1,LSTM-rec,1,10,1481,1.070657882009886,1.3304750442361304,0.8047185000937661,2.513503353011624
smooth,0.012,1,LSTM-rec,1,11,1431,1.0574682437112963,1.3308251819655672,0.7945959078933753,2.9424556062606384
smooth,0.012,1,LSTM-rec,1,12,1381,1.046962145474813,1.329969081822483,0.7872078830886354,3.3865681077240275
smooth,0.012,1,LSTM-rec,1,13,1331,1.0383286563125131,1.3300389153661993,0.780675395521514,3.858478871969611
smooth,0.012,1,LSTM-rec,1,14,1281,1.0305707407009561,1.329848635954357,0.774953414123987,4.357747889610091
smooth,0.012,1,LSTM-rec,1,15,1231,1.0240127679784325,1.3295532296548322,0.7701931334063837,4.8767206517530735
smooth,0.012,1,LSTM-rec,1,16,1181,1.0190806398037486,1.3303798634259987,0.7660072644059785,5.4004114079495
smooth,0.012,1,LSTM-rec,1,17,1131,1.0149291894881531,1.3296486511178005,0.763306297971971,5.947807810777708
smooth,0.012,1,LSTM-rec,1,18,1082,1.011606486246092,1.328149766414072,0.7616659745966536,6.508450717126661
smooth,0.012,1,LSTM-rec,1,19,1033,1.0090497999087842,1.326766236318113,0.7605332215183449,7.080272535104844
smooth,0.012,1,LSTM-rec,1,20,984,1.0070536526512592,1.3259160984397382,0.7595153674024337,7.652844372466604
smooth,0.012,1,LSTM-rec,2,1,1931,1.303897802985741,1.3298935627488815,0.9804527516402085,0.17828024808090176
smooth,0.012,1,LSTM-rec,2,2,1881,1.281444165436873,1.3294402537572234,0.9638975213931537,0.3582660219749116
smooth,0.012,1,LSTM-rec,2,3,1831,1.2635169353010776,1.3303790066561436,0.9497420877655599,0.6078276297947505
smooth,0.012,1,LSTM-rec,2,4,1781,1.2529745170510362,1.3298785152184223,0.9421721628800394,0.9359085292643327
smooth,0.012,1,LSTM-rec,2,5,1731,1.2514879379995605,1.3303461380292916,0.940723547221667,1.3376093429152793
smooth,0.012,1,LSTM-rec,2,6,1681,1.2581808014692255,1.3294620952024823,0.946383357607198,1.8147202755749106
smooth,0.012,1,LSTM-rec,2,7,1631,1.2734112747443802,1.3300843008468206,0.9573914028859986,2.3595537673070304
smooth,0.012,1,LSTM-rec,2,8,1581,1.2946938891056599,1.3293981929600363,0.9738947261714688,2.96284531642102
smooth,0.012,1,LSTM-rec,2,9,1531,1.3201338740203465,1.3302315654458636,0.992409072459401,3.622086482912846
smooth,0.012,1,LSTM-rec,2,10,1481,1.34822363591498,1.3304750442361304,1.0133400410295104,4.3341368694875815
smooth,0.012,1,LSTM-rec,2,11,1431,1.3782702417833403,1.3308251819655672,1.0356508581748498,5.105218028869246
smooth,0.012,1,LSTM-rec,2,12,1381,1.409422416804501,1.329969081822483,1.0597407383885509,5.919750905212095
smooth,0.012,1,LSTM-rec,2,13,1331,1.4402519139862529,1.3300389153661993,1.0828644916676806,6.769387875792335
smooth,0.012,1,LSTM-rec,2,14,1281,1.4703495002347493,1.329848635954357,1.1056517715488445,7.648916708071895
smooth,0.012,1,LSTM-rec,2,15,1231,1.4995851274775767,1.3295532296548322,1.1278864915148126,8.554438240480096
smooth,0.012,1,LSTM-rec,2,16,1181,1.5286456773383856,1.3303798634259987,1.1490294759887691,9.487602795496613
smooth,0.012,1,LSTM-rec,2,17,1131,1.5571841794399994,1.3296486511178005,1.1711245509337491,10.443055153828245
smooth,0.012,1,LSTM-rec,2,18,1082,1.585219950210147,1.328149766414072,1.1935551172742738,11.428777071140445
smooth,0.012,1,LSTM-rec,2,19,1033,1.612442446511187,1.326766236318113,1.2153176666492882,12.432103343910034
smooth,0.012,1,LSTM-rec,2,20,984,1.6390680776345634,1.3259160984397382,1.2361778241951542,13.437914424305816
smooth,0.012,1,LSTM-rec,3,1,1931,1.3030344585622318,1.3298935627488815,0.9798035685418823,0.17980979972569455
smooth,0.012,1,LSTM-rec,3,2,1881,1.2809171174354974,1.3294402537572234,0.9635010778524334,0.3553432323588046
smooth,0.012,1,LSTM-rec,3,3,1831,1.2617879293597432,1.3303790066561436,0.9484424536517594,0.591941808185394
smooth,0.012,1,LSTM-rec,3,4,1781,1.2433898927569764,1.3298785152184223,0.9349650201340077,0.8990662758324094
smooth,0.012,1,LSTM-rec,3,5,1731,1.2284015734783977,1.3303461380292916,0.9233698947689588,1.28789803771353
smooth,0.012,1,LSTM-rec,3,6,1681,1.2177132828062505,1.3294620952024823,0.9159443410989374,1.7553123073395702
smooth,0.012,1,LSTM-rec,3,7,1631,1.2125597745907941,1.3300843008468206,0.911641295080919,2.315115084511514
smooth,0.012,1,LSTM-rec,3,8,1581,1.213290264629908,1.3293981929600363,0.9126612861782198,2.966899213888499
smooth,0.012,1,LSTM-rec,3,9,1531,1.2201580659305122,1.3302315654458636,0.917252377424635,3.7100494899460386
smooth,0.012,1,LSTM-rec,3,10,1481,1.2332721613720037,1.3304750442361304,0.9269412205172671,4.549908142340591
smooth,0.012,1,LSTM-rec,3,11,1431,1.252064461972397,1.3308251819655672,0.9408181321931073,5.467974343846707
smooth,0.012,1,LSTM-rec,3,12,1381,1.2760243842195527,1.329969081822483,0.9594391340819677,6.470987163745475
smooth,0.012,1,LSTM-rec,3,13,1331,1.3039338207429634,1.3300389153661993,0.9803726835947139,7.5673539247146575
smooth,0.012,1,LSTM-rec,3,14,1281,1.3332802678539646,1.329848635954357,1.0025804680373605,8.756486600291764
smooth,0.012,1,LSTM-rec,3,15,1231,1.3649372394814467,1.3295532296548322,1.026613458594509,10.056166683467465
smooth,0.012,1,LSTM-rec,3,16,1181,1.3986248023541608,1.3303798634259987,1.0512973330432238,11.44394947113355
smooth,0.012,1,LSTM-rec,3,17,1131,1.4328141078947045,1.3296486511178005,1.07758850933303,12.922551293952338
smooth,0.012,1,LSTM-rec,3,18,1082,1.4679504657805555,1.328149766414072,1.1052597402053064,14.472399932314813
smooth,0.012,1,LSTM-rec,3,19,1033,1.5038433365909052,1.326766236318113,1.133465184314756,16.10330415409754
smooth,0.012,1,LSTM-rec,3,20,984,1.541238234271134,1.3259160984397382,1.162394993231302,17.82713741361406
smooth,0.012,1,LSTM-rec,4,1,1931,1.2669096600801342,1.3298935627488815,0.9526398920688359,0.19532597240257205
smooth,0.012,1,LSTM-rec,4,2,1881,1.2183295078648675,1.3294402537572234,0.9164229113882041,0.4146365316795345
smooth,0.012,1,LSTM-rec,4,3,1831,1.1718078432455972,1.3303790066561436,0.8808075273157617,0.728289530334064
smooth,0.012,1,LSTM-rec,4,4,1781,1.1282280110069898,1.3298785152184223,0.848369229291359,1.146366552352545
smooth,0.012,1,LSTM-rec,4,5,1731,1.0919011729937569,1.3303461380292916,0.8207647181291065,1.6763448932221163
smooth,0.012,1,LSTM-rec,4,6,1681,1.06434288058892,1.3294620952024823,0.800581591930845,2.3120928573403825
smooth,0.012,1,LSTM-rec,4,7,1631,1.046290379825285,1.3300843008468206,0.7866346359844609,3.058912274664311
smooth,0.012,1,LSTM-rec,4,8,1581,1.037900133893901,1.3293981929600363,0.7807293099916992,3.913931874953566
smooth,0.012,1,LSTM-rec,4,9,1531,1.038524404861925,1.3302315654458636,0.7807094883617764,4.873111251517248
smooth,0.012,1,LSTM-rec,4,10,1481,1.0470234705325208,1.3304750442361304,0.7869546107372886,5.936071729989682
smooth,0.012,1,LSTM-rec,4,11,1431,1.0615699514628134,1.3308251819655672,0.7976779864466674,7.082247542162273
smooth,0.012,1,LSTM-rec,4,12,1381,1.0812890714426306,1.329969081822483,0.8130182018674591,8.311527315058926
smooth,0.012,1,LSTM-rec,4,13,1331,1.104540398790712,1.3300389153661993,0.830457203943239,9.630603191164607
smooth,0.012,1,LSTM-rec,4,14,1281,1.128721594076015,1.329848635954357,0.8487594479246845,11.034234263834286
smooth,0.012,1,LSTM-rec,4,15,1231,1.1544250830881966,1.3295532296548322,0.8682804549223644,12.531803099908968
smooth,0.012,1,LSTM-rec,4,16,1181,1.1810543940791114,1.3303798634259987,0.8877572688432431,14.10316665575378
smooth,0.012,1,LSTM-rec,4,17,1131,1.2071916485138234,1.3296486511178005,0.9079027361844569,15.746008294900033
smooth,0.012,1,LSTM-rec,4,18,1082,1.2333807565681116,1.328149766414072,0.9286458408212266,17.443687774398224
smooth,0.012,1,LSTM-rec,4,19,1033,1.2592374173342846,1.326766236318113,0.9491027001325972,19.205857063402618
smooth,0.012,1,LSTM-rec,4,20,984,1.2853012849347671,1.3259160984397382,0.9693684890373047,21.039385757762908
smooth,0.012,1,LSTM-ms,0,1,1931,1.2573750181808665,1.3298935627488815,0.9454704146261753,0.20031607021235184
smooth,0.012,1,LSTM-ms,0,2,1881,1.2447567785231197,1.3294402537572234,0.9363014058023489,0.38184902051613656
smooth,0.012,1,LSTM-ms,0,3,1831,1.2270464958524794,1.3303790066561436,0.9223285166958651,0.5841293071482946
smooth,0.012,1,LSTM-ms,0,4,1781,1.152260300606607,1.3298785152184223,0.8664402706117537,0.8348541713019466
smooth,0.012,1,LSTM-ms,0,5,1731,1.1247476772206872,1.3303461380292916,0.84545491212297,1.1065661531947162
smooth,0.012,1,LSTM-ms,0,6,1681,1.075916632584724,1.3294620952024823,0.8092871819868304,1.4353650192700573
smooth,0.012,1,LSTM-ms,0,7,1631,1.036679362492795,1.3300843008468206,0.7794087651683248,1.7880812062725124
smooth,0.012,1,LSTM-ms,0,8,1581,0.9867906722307038,1.3293981929600363,0.7422837472296521,2.1828408469199863
smooth,0.012,1,LSTM-ms,0,9,1531,0.9706072790277912,1.3302315654458636,0.7296528696509059,2.6077568119518113
smooth,0.012,1,LSTM-ms,0,10,1481,0.8842369101472511,1.3304750442361304,0.6646024019600614,3.0857400901905496
smooth,0.012,1,LSTM-ms,0,11,1431,0.8583356724585732,1.3308251819655672,0.6449650067417955,3.617693921117439
smooth,0.012,1,LSTM-ms,0,12,1381,0.770685027509167,1.329969081822483,0.5794758976299524,4.183174265545214
smooth,0.012,1,LSTM-ms,0,13,1331,0.7425792362185316,1.3300389153661993,0.5583139167127884,4.780590179616555
smooth,0.012,1,LSTM-ms,0,14,1281,0.7084285017525697,1.329848635954357,0.5327136356719053,5.428729583617384
smooth,0.012,1,LSTM-ms,0,15,1231,0.6506351812193687,1.3295532296548322,0.4893637702555777,6.108804319828876
smooth,0.012,1,LSTM-ms,0,16,1181,0.6094827361357186,1.3303798634259987,0.45812685000070325,6.819027732710264
smooth,0.012,1,LSTM-ms,0,17,1131,0.5781148694218481,1.3296486511178005,0.4347876929261292,7.556944203701726
smooth,0.012,1,LSTM-ms,0,18,1082,0.5735563972775691,1.328149766414072,0.43184617562079497,8.300567189310781
smooth,0.012,1,LSTM-ms,0,19,1033,0.5150818821282493,1.326766236318113,0.38822353782354646,9.092127638276635
smooth,0.012,1,LSTM-ms,0,20,984,0.5230076049002255,1.3259160984397382,0.39444999990246044,9.872745575197236
smooth,0.012,1,LSTM-ms,1,1,1931,1.2466637198820216,1.3298935627488815,0.9374161623169118,0.18466970281087636
smooth,0.012,1,LSTM-ms,1,2,1881,1.22610230261876,1.3294402537572234,0.9222695786091832,0.3590429872276763
smooth,0.012,1,LSTM-ms,1,3,1831,1.2065592415616353,1.3303790066561436,0.9069289544746166,0.555969669306417
smooth,0.012,1,LSTM-ms,1,4,1781,1.1366464343845242,1.3298785152184223,0.8546994491431714,0.7951528461149158
smooth,0.012,1,LSTM-ms,1,5,1731,1.1209154445325602,1.3303461380292916,0.8425742838574541,1.0622285855065419
smooth,0.012,1,LSTM-ms,1,6,1681,1.0291963709633267,1.3294620952024823,0.7741449528176101,1.4090311074764206
smooth,0.012,1,LSTM-ms,1,7,1631,0.985940111374417,1.3300843008468206,0.7412613702354818,1.7873439058367486
smooth,0.012,1,LSTM-ms,1,8,1581,0.9000849275063987,1.3293981929600363,0.6770619459789325,2.2351631444316338
smooth,0.012,1,LSTM-ms,1,9,1531,0.8538815833812952,1.3302315654458636,0.6419044665318052,2.7272363510036777
smooth,0.012,1,LSTM-ms,1,10,1481,0.7936046950926975,1.3304750442361304,0.596482210268237,3.272904636381694
smooth,0.012,1,LSTM-ms,1,11,1431,0.7548148007286065,1.3308251819655672,0.5671780268042268,3.872095938978295
smooth,0.012,1,LSTM-ms,1,12,1381,0.6856618360074498,1.329969081822483,0.5155471998400698,4.525196436549225
smooth,0.012,1,LSTM-ms,1,13,1331,0.6672306087325477,1.3300389153661993,0.5016624709426936,5.206578561018114
smooth,0.012,1,LSTM-ms,1,14,1281,0.6232638145676027,1.329848635954357,0.46867274794798097,5.943599855674819
smooth,0.012,1,LSTM-ms,1,15,1231,0.6220541810735017,1.3295532296548322,0.4678670753445459,6.687861689787658
smooth,0.012,1,LSTM-ms,1,16,1181,0.5839008053583846,1.3303798634259987,0.4388978076191873,7.474676176484795
smooth,0.012,1,LSTM-ms,1,17,1131,0.5979679665836152,1.3296486511178005,0.44971877802524696,8.259346877016979
smooth,0.012,1,LSTM-ms,1,18,1082,0.5668118566112637,1.328149766414072,0.4267680279322889,9.062130164522827
smooth,0.012,1,LSTM-ms,1,19,1033,0.537252220762053,1.326766236318113,0.4049335942200133,9.894099131995882
smooth,0.012,1,LSTM-ms,1,20,984,0.5358490315814716,1.3259160984397382,0.40413494655659427,10.732725191464644
smooth,0.012,1,LSTM-ms,2,1,1931,1.4335425551011254,1.3298935627488815,1.0779378104049184,0.2521761053741776
smooth,0.012,1,LSTM-ms,2,2,1881,1.3942746773994468,1.3294402537572234,1.0487682116281574,0.45249568626129466
smooth,0.012,1,LSTM-ms,2,3,1831,1.4155804322214902,1.3303790066561436,1.0640429720696638,0.6811054364540878
smooth,0.012,1,LSTM-ms,2,4,1781,1.3077862965210403,1.3298785152184223,0.9833877918587522,0.8560794959217308
smooth,0.012,1,LSTM-ms,2,5,1731,1.2994603208000368,1.3303461380292916,0.9767836231892194,1.0768983134123404
smooth,0.012,1,LSTM-ms,2,6,1681,1.2434556310275504,1.3294620952024823,0.9353073212953599,1.3191666299231977
smooth,0.012,1,LSTM-ms,2,7,1631,1.1973531598733353,1.3300843008468206,0.9002084748395424,1.5679461480415346
smooth,0.012,1,LSTM-ms,2,8,1581,1.0880758888209103,1.3293981929600363,0.8184725198085323,1.8165657104532527
smooth,0.012,1,LSTM-ms,2,9,1531,1.0338471232547313,1.3302315654458636,0.7771933474666939,2.1201012163131296
smooth,0.012,1,LSTM-ms,2,10,1481,0.997971835843424,1.3304750442361304,0.750086850683015,2.484348761424402
smooth,0.012,1,LSTM-ms,2,11,1431,0.9201479390466476,1.3308251819655672,0.6914115779561908,2.897034356192947
smooth,0.012,1,LSTM-ms,2,12,1381,0.8457856412436492,1.329969081822483,0.635943837194059,3.3475573059206143
smooth,0.012,1,LSTM-ms,2,13,1331,0.798594200419896,1.3300389153661993,0.6004291988704852,3.874763677717355
smooth,0.012,1,LSTM-ms,2,14,1281,0.7738169741916179,1.329848635954357,0.5818834965652262,4.459743866710398
smooth,0.012,1,LSTM-ms,2,15,1231,0.6934333334182742,1.3295532296548322,0.5215536452032821,5.120103297074036
smooth,0.012,1,LSTM-ms,2,16,1181,0.6983571501322624,1.3303798634259987,0.5249306377306785,5.79311148681025
smooth,0.012,1,LSTM-ms,2,17,1131,0.6251440395810182,1.3296486511178005,0.47015731490832263,6.527931134346226
smooth,0.012,1,LSTM-ms,2,18,1082,0.6225519995273572,1.328149766414072,0.46873629410650863,7.2842667651314565
smooth,0.012,1,LSTM-ms,2,19,1033,0.5973297388887522,1.326766236318113,0.45021475715751713,8.076474607678657
smooth,0.012,1,LSTM-ms,2,20,984,0.6135053012897261,1.3259160984397382,0.46270295836340164,8.86342668729146
smooth,0.012,1,LSTM-ms,3,1,1931,1.289389670506156,1.3298935627488815,0.9695435083097897,0.1633136927792275
smooth,0.012,1,LSTM-ms,3,2,1881,1.3179448131624627,1.3294402537572234,0.9913531724631681,0.28370838485593514
smooth,0.012,1,LSTM-ms,3,3,1831,1.318199401637201,1.3303790066561436,0.9908450111148734,0.4353693206497543
smooth,0.012,1,LSTM-ms,3,4,1781,1.2846131483459942,1.3298785152184223,0.9659627805439104,0.6001238861794034
smooth,0.012,1,LSTM-ms,3,5,1731,1.2417090538314735,1.3303461380292916,0.9333729157667788,0.787820051995602
smooth,0.012,1,LSTM-ms,3,6,1681,1.204832334679322,1.3294620952024823,0.9062554991429231,1.0063182505150015
smooth,0.012,1,LSTM-ms,3,7,1631,1.1636854423813627,1.3300843008468206,0.8748960059452493,1.26471016827136
smooth,0.012,1,LSTM-ms,3,8,1581,1.1391012852937301,1.3293981929600363,0.856854847047301,1.5616998905226938
smooth,0.012,1,LSTM-ms,3,9,1531,1.1142759615978997,1.3302315654458636,0.8376556312016393,1.8981286286153554
smooth,0.012,1,LSTM-ms,3,10,1481,1.065440849702965,1.3304750442361304,0.8007973199637651,2.2817715894017345
smooth,0.012,1,LSTM-ms,3,11,1431,1.0488254261513683,1.3308251819655672,0.7881015781519115,2.695275932171605
smooth,0.012,1,LSTM-ms,3,12,1381,1.0071471211266048,1.329969081822483,0.7572710786227385,3.1590330400824107
smooth,0.012,1,LSTM-ms,3,13,1331,0.9577623555382624,1.3300389153661993,0.7201010019128364,3.6666737947102144
smooth,0.012,1,LSTM-ms,3,14,1281,0.8960184082949307,1.329848635954357,0.673774732003172,4.222324237527299
smooth,0.012,1,LSTM-ms,3,15,1231,0.8443823087670977,1.3295532296548322,0.6350872533221625,4.833634476650944
smooth,0.012,1,LSTM-ms,3,16,1181,0.8531710591767038,1.3303798634259987,0.641298836995033,5.455779677549585
smooth,0.012,1,LSTM-ms,3,17,1131,0.7709487290129683,1.3296486511178005,0.5798138691487048,6.139663345786618
smooth,0.012,1,LSTM-ms,3,18,1082,0.7225995826750726,1.328149766414072,0.5440648343643126,6.857765345282628
smooth,0.012,1,LSTM-ms,3,19,1033,0.6618004418800356,1.326766236318113,0.4988071174592045,7.627947678825672
smooth,0.012,1,LSTM-ms,3,20,984,0.6627983766459145,1.3259160984397382,0.4998795756578093,8.412203842089896
smooth,0.012,1,LSTM-ms,4,1,1931,1.2503408328330876,1.3298935627488815,0.9401811301715313,0.25392438148821245
smooth,0.012,1,LSTM-ms,4,2,1881,1.2219904000982322,1.3294402537572234,0.9191766208708366,0.49438816427255033
smooth,0.012,1,LSTM-ms,4,3,1831,1.1865894784964437,1.3303790066561436,0.8919183725537662,0.7790243711902786
smooth,0.012,1,LSTM-ms,4,4,1781,1.1544836170695285,1.3298785152184223,0.8681120898324411,1.0709309556090627
smooth,0.012,1,LSTM-ms,4,5,1731,1.129439722834906,1.3303461380292916,0.8489818480685047,1.3854555511513944
smooth,0.012,1,LSTM-ms,4,6,1681,1.04763236935416,1.3294620952024823,0.7880122142140514,1.7421821158445128
smooth,0.012,1,LSTM-ms,4,7,1631,1.0205817085663589,1.3300843008468206,0.7673060330962393,2.104264371325147
smooth,0.012,1,LSTM-ms,4,8,1581,1.0025087641338055,1.3293981929600363,0.7541072114003863,2.494430730348245
smooth,0.012,1,LSTM-ms,4,9,1531,0.9139328697582081,1.3302315654458636,0.6870479497694661,2.941147987831968
smooth,0.012,1,LSTM-ms,4,10,1481,0.8369882108644507,1.3304750442361304,0.6290897484251524,3.4409910150444336
smooth,0.012,1,LSTM-ms,4,11,1431,0.8188489700450269,1.3308251819655672,0.6152941657112505,3.9809327455224204
smooth,0.012,1,LSTM-ms,4,12,1381,0.7541575058235052,1.329969081822483,0.5670489007083294,4.581374023521892
smooth,0.012,1,LSTM-ms,4,13,1331,0.7370721941929979,1.3300389153661993,0.5541734047609125,5.197093360926154
smooth,0.012,1,LSTM-ms,4,14,1281,0.6826178969515387,1.329848635954357,0.5133049570424701,5.882111217905859
smooth,0.012,1,LSTM-ms,4,15,1231,0.6608967789519222,1.3295532296548322,0.4970818499109651,6.604127376419805
smooth,0.012,1,LSTM-ms,4,16,1181,0.622107195231534,1.3303798634259987,0.46761621423634714,7.349580026481678
smooth,0.012,1,LSTM-ms,4,17,1131,0.6184111866149918,1.3296486511178005,0.4650936817745875,8.118746339995784
smooth,0.012,1,LSTM-ms,4,18,1082,0.579543131121544,1.328149766414072,0.4363537499888112,8.908863880304771
smooth,0.012,1,LSTM-ms,4,19,1033,0.5856919496420875,1.326766236318113,0.44144321253413227,9.701890688459253
smooth,0.012,1,LSTM-ms,4,20,984,0.537241054891271,1.3259160984397382,0.40518480432017184,10.521498222587802
smooth,0.012,2,ConstVel,0,1,1580,1.3309711091087193,1.3244746815453874,1.004904908832045,0.1687833381433495
smooth,0.012,2,ConstVel,0,2,1530,1.3315052951821813,1.3245945678637865,1.0052172396641639,0.3056707867339335
smooth,0.012,2,ConstVel,0,3,1480,1.331341987248312,1.3223942707134964,1.0067663001367875,0.44750609120621304
smooth,0.012,2,ConstVel,0,4,1430,1.3315249663015045,1.3229813114460953,1.0064578802296689,0.5997917164949345
smooth,0.012,2,ConstVel,0,5,1380,1.332774934214576,1.322716563463099,1.0076043281148173,0.7623068170246061
smooth,0.012,2,ConstVel,0,6,1330,1.3324922922103175,1.3219486722702891,1.0079758164300896,0.9356456314034486
smooth,0.012,2,ConstVel,0,7,1280,1.3318201404655992,1.3213767702177812,1.0079034008189025,1.1234369510012292
smooth,0.012,2,ConstVel,0,8,1230,1.3327904164929956,1.321397655414254,1.0086217506380923,1.3074383446503677
smooth,0.012,2,ConstVel,0,9,1180,1.3329606263767022,1.3207992562685924,1.0092075840067225,1.4915323081940728
smooth,0.012,2,ConstVel,0,10,1130,1.332321600660667,1.3188541535668534,1.0102114756642278,1.6879177494438462
smooth,0.012,2,ConstVel,0,11,1080,1.3325926344925254,1.3183190616502019,1.0108271004019744,1.8905252761835223
smooth,0.012,2,ConstVel,0,12,1030,1.3324298550259512,1.3162528879139577,1.012290166472213,2.1068123737058397
smooth,0.012,2,ConstVel,0,13,980,1.3337651368994639,1.3157383470576731,1.0137008926448814,2.3170206704819396
smooth,0.012,2,ConstVel,0,14,930,1.3339933408859217,1.3137459268413652,1.015411970938123,2.5443797198484135
smooth,0.012,2,ConstVel,0,15,880,1.33279206169423,1.312297922932308,1.0156169863594147,2.7696660239406667
smooth,0.012,2,ConstVel,0,16,830,1.3310599848224034,1.3097241980781418,1.0162902897996153,2.9993530892345084
smooth,0.012,2,ConstVel,0,17,780,1.3330601081602031,1.3102455275672589,1.0174124468375818,3.2239317800256866
smooth,0.012,2,ConstVel,0,18,736,1.3340550526213533,1.30913251475912,1.0190374447057555,3.5093396796838086
smooth,0.012,2,ConstVel,0,19,692,1.3320870368152782,1.307489396574224,1.0188128793285076,3.7891625341856874
smooth,0.012,2,ConstVel,0,20,648,1.3307270565753442,1.306403519599583,1.018618701351338,4.114970801350428
smooth,0.012,2,Kalman,0,1,1580,1.330700982338279,1.3244746815453874,1.0047009587118922,0.15209556327375867
smooth,0.012,2,Kalman,0,2,1530,1.3310689392106567,1.3245945678637865,1.0048878136027024,0.26467683207628623
smooth,0.012,2,Kalman,0,3,1480,1.3311460091068215,1.3223942707134964,1.0066181006581367,0.3852511808894448
smooth,0.012,2,Kalman,0,4,1430,1.3315055762475327,1.3229813114460953,1.006443223897184,0.5164009274230775
smooth,0.012,2,Kalman,0,5,1380,1.332200267187564,1.322716563463099,1.007169868425655,0.6559781852726025
smooth,0.012,2,Kalman,0,6,1330,1.331948402521035,1.3219486722702891,1.0075643861675603,0.8069287581740968
smooth,0.012,2,Kalman,0,7,1280,1.3317498717410887,1.3213767702177812,1.007850222402198,0.9675093184890624
smooth,0.012,2,Kalman,0,8,1230,1.33235777680417,1.321397655414254,1.0082943399702644,1.1262375040943104
smooth,0.012,2,Kalman,0,9,1180,1.3323315824060415,1.3207992562685924,1.0087313239182383,1.287294918349118
smooth,0.012,2,Kalman,0,10,1130,1.3320061448057257,1.3188541535668534,1.0099722863239293,1.4585138552652608
smooth,0.012,2,Kalman,0,11,1080,1.3322538094158252,1.3183190616502019,1.0105700874477082,1.6352786275368838
smooth,0.012,2,Kalman,0,12,1030,1.332451341309683,1.3162528879139577,1.012306490298682,1.827983966095117
smooth,0.012,2,Kalman,0,13,980,1.3331999074669916,1.3157383470576731,1.0132713015839105,2.0146610335457207
smooth,0.012,2,Kalman,0,14,930,1.3329646484925157,1.3137459268413652,1.0146289486106024,2.2155474045903687
smooth,0.012,2,Kalman,0,15,880,1.3319918262714745,1.312297922932308,1.015007189293694,2.4164633556849533
smooth,0.012,2,Kalman,0,16,830,1.3314254453563257,1.3097241980781418,1.0165693260535522,2.6250632682067394
smooth,0.012,2,Kalman,0,17,780,1.3328512873997975,1.3102455275672589,1.01725307154798,2.853700839822843
smooth,0.012,2,Kalman,0,18,736,1.3329810465311174,1.30913251475912,1.0182170494607152,3.1110220472342736
smooth,0.012,2,Kalman,0,19,692,1.3317226808759612,1.307489396574224,1.018534210958216,3.3743470574607644
smooth,0.012,2,Kalman,0,20,648,1.3317248597747429,1.306403519599583,1.0193824800647513,3.6796074706600286
smooth,0.012,2,LSTM-rec,0,1,1580,1.2538202660946114,1.3244746815453874,0.946654763254261,0.183769210353205
smooth,0.012,2,LSTM-rec,0,2,1530,1.1929133255068742,1.3245945678637865,0.9005875114154526,0.3827624780268503
smooth,0.012,2,LSTM-rec,0,3,1480,1.1265566960479545,1.3223942707134964,0.8519068185618515,0.6586073010316001
smooth,0.012,2,LSTM-rec,0,4,1430,1.0630594720210333,1.3229813114460953,0.8035332493541029,1.0194132578872475
smooth,0.012,2,LSTM-rec,0,5,1380,1.0034912551504716,1.322716563463099,0.7586593249601102,1.4827468850780097
smooth,0.012,2,LSTM-rec,0,6,1330,0.9490554888180911,1.3219486722702891,0.7179215870675232,2.0467470108672208
smooth,0.012,2,LSTM-rec,0,7,1280,0.9002285644468871,1.3213767702177812,0.6812807556004764,2.709738576974236
smooth,0.012,2,LSTM-rec,0,8,1230,0.8583999597175216,1.321397655414254,0.6496151678492391,3.4497704069539483
smooth,0.012,2,LSTM-rec,0,9,1180,0.821254740754549,1.3207992562685924,0.6217861926078658,4.280485396305918
smooth,0.012,2,LSTM-rec,0,10,1130,0.788785113927669,1.3188541535668534,0.5980836560239753,5.196203953750487
smooth,0.012,2,LSTM-rec,0,11,1080,0.7617487699134265,1.3183190616502019,0.5778182172075323,6.179536129826986
smooth,0.012,2,LSTM-rec,0,12,1030,0.7396062828513762,1.3162528879139577,0.5619028756879154,7.2417576334116465
smooth,0.012,2,LSTM-rec,0,13,980,0.7231558614181067,1.3157383470576731,0.5496198108349337,8.367480850811319
smooth,0.012,2,LSTM-rec,0,14,930,0.7115733088701242,1.3137459268413652,0.5416369286723175,9.570287737440363
smooth,0.012,2,LSTM-rec,0,15,880,0.7048285469855692,1.312297922932308,0.5370949192776603,10.846760253477123
smooth,0.012,2,LSTM-rec,0,16,830,0.7039447558601442,1.3097241980781418,0.5374755669117941,12.198231958723369
smooth,0.012,2,LSTM-rec,0,17,780,0.7097036204934529,1.3102455275672589,0.5416569685310539,13.586074532163902
smooth,0.012,2,LSTM-rec,0,18,736,0.7243578384107607,1.30913251475912,0.5533113189416446,15.061230715561365
smooth,0.012,2,LSTM-rec,0,19,692,0.743962592940318,1.307489396574224,0.5690008614139338,16.626630600606006
smooth,0.012,2,LSTM-rec,0,20,648,0.7682405180842067,1.306403519599583,0.5880575997833158,18.258076166569438
smooth,0.012,2,LSTM-rec,1,1,1580,1.289151259299264,1.3244746815453874,0.9733302397257543,0.1619160144050476
smooth,0.012,2,LSTM-rec,1,2,1530,1.2596375608885282,1.3245945678637865,0.9509608384699807,0.29893502621301665
smooth,0.012,2,LSTM-rec,1,3,1480,1.2272419820040479,1.3223942707134964,0.9280454469466892,0.46254225668280496
smooth,0.012,2,LSTM-rec,1,4,1430,1.1940592438886684,1.3229813114460953,0.9025518603762379,0.652212838596057
smooth,0.012,2,LSTM-rec,1,5,1380,1.1631891819448088,1.322716563463099,0.8793941302884873,0.877239048602269
smooth,0.012,2,LSTM-rec,1,6,1330,1.1346620043600903,1.3219486722702891,0.8583253103249794,1.1394142143013546
smooth,0.012,2,LSTM-rec,1,7,1280,1.1086688048684856,1.3213767702177812,0.8390254996580284,1.4350323426491418
smooth,0.012,2,LSTM-rec,1,8,1230,1.0867264711431157,1.321397655414254,0.8224068407344272,1.7559991724101793
smooth,0.012,2,LSTM-rec,1,9,1180,1.0673211184901743,1.3207992562685924,0.8080873103347116,2.1117304560963452
smooth,0.012,2,LSTM-rec,1,10,1130,1.0504254604188685,1.3188541535668534,0.796468250547631,2.5031616708571365
smooth,0.012,2,LSTM-rec,1,11,1080,1.0366756151342393,1.3183190616502019,0.7863616974760145,2.922507355121233
smooth,0.012,2,LSTM-rec,1,12,1030,1.025354895894067,1.3162528879139577,0.7789953627521261,3.364362973876205
smooth,0.012,2,LSTM-rec,1,13,980,1.016594031845542,1.3157383470576731,0.772641486142671,3.8195515075531836
smooth,0.012,2,LSTM-rec,1,14,930,1.0092734244644026,1.3137459268413652,0.7682409542391467,4.308971575263243
smooth,0.012,2,LSTM-rec,1,15,880,1.0034493563006683,1.312297922932308,0.7646505711587788,4.837294893060324
smooth,0.012,2,LSTM-rec,1,16,830,0.9990379611938601,1.3097241980781418,0.7627849914201973,5.371117873522227
smooth,0.012,2,LSTM-rec,1,17,780,0.9965063401239415,1.3102455275672589,0.760549316259954,5.884882989342132
smooth,0.012,2,LSTM-rec,1,18,736,0.9938577325856748,1.30913251475912,0.7591727509483975,6.452357694753005
smooth,0.012,2,LSTM-rec,1,19,692,0.9912994650499682,1.307489396574224,0.758170175335486,7.045141785761771
smooth,0.012,2,LSTM-rec,1,20,648,0.9894482711230492,1.306403519599583,0.7573833477012665,7.624460166956114
smooth,0.012,2,LSTM-rec,2,1,1580,1.2829397748832352,1.3244746815453874,0.9686404676201967,0.17974805402576
smooth,0.012,2,LSTM-rec,2,2,1530,1.2473265241357894,1.3245945678637865,0.9416666460797816,0.3746300722324227
smooth,0.012,2,LSTM-rec,2,3,1480,1.2156044575661198,1.3223942707134964,0.9192451029829718,0.6457739181773688
smooth,0.012,2,LSTM-rec,2,4,1430,1.1935310646936355,1.3229813114460953,0.9021526263201985,1.0052161633367098
smooth,0.012,2,LSTM-rec,2,5,1380,1.183113601307125,1.322716563463099,0.8944573871589924,1.4534560155945921
smooth,0.012,2,LSTM-rec,2,6,1330,1.1831118863969463,1.3219486722702891,0.8949756607153989,1.988772874637318
smooth,0.012,2,LSTM-rec,2,7,1280,1.19362475402428,1.3213767702177812,0.9033190085728191,2.6019068845846784
smooth,0.012,2,LSTM-rec,2,8,1230,1.213266143590862,1.321397655414254,0.9181688332953089,3.2836483774739738
smooth,0.012,2,LSTM-rec,2,9,1180,1.2380042597924972,1.3207992562685924,0.9373144737300955,4.026633842822493
smooth,0.012,2,LSTM-rec,2,10,1130,1.2663701993139223,1.3188541535668534,0.9602048838296579,4.8283648059676665
smooth,0.012,2,LSTM-rec,2,11,1080,1.2978238257262429,1.3183190616502019,0.9844535086230916,5.687518051466205
smooth,0.012,2,LSTM-rec,2,12,1030,1.330088936664864,1.3162528879139577,1.0105116948862571,6.583708988728443
smooth,0.012,2,LSTM-rec,2,13,980,1.3628374754807968,1.3157383470576731,1.0357967285277117,7.511358783006678
smooth,0.012,2,LSTM-rec,2,14,930,1.3955888863442494,1.3137459268413652,1.0622974030447874,8.485819885007
smooth,0.012,2,LSTM-rec,2,15,880,1.4289174580705066,1.312297922932308,1.0888666613733673,9.507021915103929
smooth,0.012,2,LSTM-rec,2,16,830,1.4617494746112227,1.3097241980781418,1.1160742672053852,10.535324468499685
smooth,0.012,2,LSTM-rec,2,17,780,1.4952643488522501,1.3102455275672589,1.1412092752024248,11.567336513191371
smooth,0.012,2,LSTM-rec,2,18,736,1.5258106802922489,1.30913251475912,1.1655127827705032,12.662019099947488
smooth,0.012,2,LSTM-rec,2,19,692,1.5552299727920331,1.307489396574224,1.1894780767376918,13.771592385887887
smooth,0.012,2,LSTM-rec,2,20,648,1.5843069150744244,1.306403519599583,1.2127240100822905,14.882107774260252
smooth,0.012,2,LSTM-rec,3,1,1580,1.307494920363497,1.3244746815453874,0.9871800031978878,0.1771466439893779
smooth,0.012,2,LSTM-rec,3,2,1530,1.2919482889706049,1.3245945678637865,0.9753537575306297,0.3533040403594185
smooth,0.012,2,LSTM-rec,3,3,1480,1.27829315870695,1.3223942707134964,0.9666505572632648,0.5840080867105509
smooth,0.012,2,LSTM-rec,3,4,1430,1.2657174358835919,1.3229813114460953,0.9567160359204843,0.8806133869190904
smooth,0.012,2,LSTM-rec,3,5,1380,1.256451451905626,1.322716563463099,0.9499022591930204,1.2549535142644732
smooth,0.012,2,LSTM-rec,3,6,1330,1.2501005511135608,1.3219486722702891,0.9456498405241879,1.7138498113032368
smooth,0.012,2,LSTM-rec,3,7,1280,1.248107068544255,1.3213767702177812,0.9445504845211935,2.2654901143294057
smooth,0.012,2,LSTM-rec,3,8,1230,1.2521837505498956,1.321397655414254,0.9476206843710041,2.891492969575627
smooth,0.012,2,LSTM-rec,3,9,1180,1.2608841799441615,1.3207992562685924,0.9546372576755549,3.610835705210186
smooth,0.012,2,LSTM-rec,3,10,1130,1.2747854049002383,1.3188541535668534,0.9665855784375924,4.4228256899458795
smooth,0.012,2,LSTM-rec,3,11,1080,1.294399881150127,1.3183190616502019,0.9818563038373016,5.317491856706593
smooth,0.012,2,LSTM-rec,3,12,1030,1.318416420720407,1.3162528879139577,1.0016437060281616,6.310531509568416
smooth,0.012,2,LSTM-rec,3,13,980,1.346265267174998,1.3157383470576731,1.0232013608067219,7.38620724438027
smooth,0.012,2,LSTM-rec,3,14,930,1.3762434497984506,1.3137459268413652,1.0475720013133347,8.552869780440476
smooth,0.012,2,LSTM-rec,3,15,880,1.4070044300485849,1.312297922932308,1.0721684500609867,9.790991870148781
smooth,0.012,2,LSTM-rec,3,16,830,1.439812476349467,1.3097241980781418,1.0993249406724055,11.128811111044968
smooth,0.012,2,LSTM-rec,3,17,780,1.4745325087441878,1.3102455275672589,1.125386408669497,12.538074412344734
smooth,0.012,2,LSTM-rec,3,18,736,1.5127475382535351,1.30913251475912,1.1555343108500213,14.053992851469804
smooth,0.012,2,LSTM-rec,3,19,692,1.550551131963156,1.307489396574224,1.1858995843681657,15.653640811919903
smooth,0.012,2,LSTM-rec,3,20,648,1.5916592732320642,1.306403519599583,1.2183519481943168,17.36415641220466
smooth,0.012,2,LSTM-rec,4,1,1580,1.276493522158298,1.3244746815453874,0.9637734416099935,0.1930253430638094
smooth,0.012,2,LSTM-rec,4,2,1530,1.2383001964337836,1.3245945678637865,0.9348522381688668,0.4126265640865808
smooth,0.012,2,LSTM-rec,4,3,1480,1.2022707144803608,1.3223942707134964,0.9091620714839281,0.7164530190120979
smooth,0.012,2,LSTM-rec,4,4,1430,1.1698700560953417,1.3229813114460953,0.8842680134435201,1.1144762006027726
smooth,0.012,2,LSTM-rec,4,5,1380,1.1443102436751973,1.322716563463099,0.8651212778943334,1.6204623270111178
smooth,0.012,2,LSTM-rec,4,6,1330,1.1249630268509405,1.3219486722702891,0.8509884312822454,2.233044115428439
smooth,0.012,2,LSTM-rec,4,7,1280,1.112572610748679,1.3213767702177812,0.8419798469480523,2.9533226225990816
smooth,0.012,2,LSTM-rec,4,8,1230,1.1081305937335004,1.321397655414254,0.8386049340961673,3.760275763231432
smooth,0.012,2,LSTM-rec,4,9,1180,1.1101987335387844,1.3207992562685924,0.8405506955502243,4.667961905428372
smooth,0.012,2,LSTM-rec,4,10,1130,1.1185346561545668,1.3188541535668534,0.848110955354297,5.6726491776959715
smooth,0.012,2,LSTM-rec,4,11,1080,1.1324408297544257,1.3183190616502019,0.8590036074703314,6.7562637648303205
smooth,0.012,2,LSTM-rec,4,12,1030,1.1502222950551737,1.3162528879139577,0.8738611748674566,7.933046917341091
smooth,0.012,2,LSTM-rec,4,13,980,1.17098954472794,1.3157383470576731,0.889986635524131,9.187595869374483
smooth,0.012,2,LSTM-rec,4,14,930,1.1926790122280981,1.3137459268413652,0.9078460209544872,10.524399542146876
smooth,0.012,2,LSTM-rec,4,15,880,1.2140768529460046,1.312297922932308,0.9251533754112558,11.929807963403965
smooth,0.012,2,LSTM-rec,4,16,830,1.2365834032241505,1.3097241980781418,0.944155574920799,13.42396235691587
smooth,0.012,2,LSTM-rec,4,17,780,1.2598645819260863,1.3102455275672589,0.9615484696713942,14.980175988448432
smooth,0.012,2,LSTM-rec,4,18,736,1.2850722017475191,1.30913251475912,0.9816211783449379,16.600759930507834
smooth,0.012,2,LSTM-rec,4,19,692,1.3095884667861906,1.307489396574224,1.00160542044736,18.29951661031244
smooth,0.012,2,LSTM-rec,4,20,648,1.3347058380866599,1.306403519599583,1.0216643005491532,20.074381448275176
smooth,0.012,2,LSTM-ms,0,1,1580,1.2325890598730893,1.3244746815453874,0.9306248560636232,0.2074878498046631
smooth,0.012,2,LSTM-ms,0,2,1530,1.2140286937543985,1.3245945678637865,0.9165285161272396,0.40771658829826013
smooth,0.012,2,LSTM-ms,0,3,1480,1.1960988432494783,1.3223942707134964,0.9044948770113201,0.6234199708256689
smooth,0.012,2,LSTM-ms,0,4,1430,1.1065122683090713,1.3229813114460953,0.8363778526089604,0.8918881023783785
smooth,0.012,2,LSTM-ms,0,5,1380,1.0845799993904357,1.322716563463099,0.8199640265718144,1.191813544273617
smooth,0.012,2,LSTM-ms,0,6,1330,1.0202085904421725,1.3219486722702891,0.7717459927472721,1.564703781588293
smooth,0.012,2,LSTM-ms,0,7,1280,0.984639059873149,1.3213767702177812,0.7451614725381216,1.9616690186846946
smooth,0.012,2,LSTM-ms,0,8,1230,0.923638637009858,1.321397655414254,0.6989861327703811,2.40236912282197
smooth,0.012,2,LSTM-ms,0,9,1180,0.9033929028713493,1.3207992562685924,0.6839744182045776,2.883168369003064
smooth,0.012,2,LSTM-ms,0,10,1130,0.8116997957530776,1.3188541535668534,0.6154583458359121,3.4202409223704953
smooth,0.012,2,LSTM-ms,0,11,1080,0.7715337487782274,1.3183190616502019,0.5852405318424679,4.017747343411
smooth,0.012,2,LSTM-ms,0,12,1030,0.694386173223589,1.3162528879139577,0.5275476920883158,4.640441328703107
smooth,0.012,2,LSTM-ms,0,13,980,0.6555766623211066,1.3157383470576731,0.4982576237799433,5.29716140229515
smooth,0.012,2,LSTM-ms,0,14,930,0.6157389585153947,1.3137459268413652,0.4686895281158464,6.024920617914699
smooth,0.012,2,LSTM-ms,0,15,880,0.5687806208412183,1.312297922932308,0.43342339487232245,6.774686235655482
smooth,0.012,2,LSTM-ms,0,16,830,0.5321605920350335,1.3097241980781418,0.4063150034304271,7.537743718693069
smooth,0.012,2,LSTM-ms,0,17,780,0.4990172322138249,1.3102455275672589,0.38085780238483496,8.311337471204805
smooth,0.012,2,LSTM-ms,0,18,736,0.4975751478958708,1.30913251475912,0.38008004711992394,9.142104539726551
smooth,0.012,2,LSTM-ms,0,19,692,0.4516969025832423,1.307489396574224,0.34546888392880376,10.034455522810074
smooth,0.012,2,LSTM-ms,0,20,648,0.4612674807102252,1.306403519599583,0.35308193356031775,10.866936076190145
smooth,0.012,2,LSTM-ms,1,1,1580,1.2311342947347887,1.3244746815453874,0.9295264846424321,0.18952783268677234
smooth,0.012,2,LSTM-ms,1,2,1530,1.204591365698017,1.3245945678637865,0.9094038243269393,0.3784049327951225
smooth,0.012,2,LSTM-ms,1,3,1480,1.1837529234887407,1.3223942707134964,0.8951588415836437,0.5871642418991787
smooth,0.012,2,LSTM-ms,1,4,1430,1.1075479134276034,1.3229813114460953,0.8371606642099798,0.8360373456937293
smooth,0.012,2,LSTM-ms,1,5,1380,1.0909475587143702,1.322716563463099,0.8247780279231419,1.1258241864318774
smooth,0.012,2,LSTM-ms,1,6,1330,0.9874218451020466,1.3219486722702891,0.7469441634267595,1.5125101166621193
smooth,0.012,2,LSTM-ms,1,7,1280,0.9434385499610339,1.3213767702177812,0.713981485996263,1.9341567732166112
smooth,0.012,2,LSTM-ms,1,8,1230,0.8506238725918567,1.321397655414254,0.6437304236968612,2.4216762646516368
smooth,0.012,2,LSTM-ms,1,9,1180,0.8020017557773106,1.3207992562685924,0.6072094241202531,2.96447733652242
smooth,0.012,2,LSTM-ms,1,10,1130,0.7374173573198208,1.3188541535668534,0.5591348788078414,3.563997830406998
smooth,0.012,2,LSTM-ms,1,11,1080,0.6913066995212824,1.3183190616502019,0.5243849684278564,4.208926212877814
smooth,0.012,2,LSTM-ms,1,12,1030,0.6234295690425667,1.3162528879139577,0.4736396590404441,4.908592440420417
smooth,0.012,2,LSTM-ms,1,13,980,0.5959888529724884,1.3157383470576731,0.45296912893454205,5.638979695810727
smooth,0.012,2,LSTM-ms,1,14,930,0.5502864380901404,1.3137459268413652,0.4188682353620629,6.434396214243859
smooth,0.012,2,LSTM-ms,1,15,880,0.5451133648208181,1.312297922932308,0.41538842308213925,7.240874584137445
smooth,0.012,2,LSTM-ms,1,16,830,0.5025742342616214,1.3097241980781418,0.3837252415425224,8.081299700110112
smooth,0.012,2,LSTM-ms,1,17,780,0.5098180876784006,1.3102455275672589,0.38910118519922227,8.90060738756363
smooth,0.012,2,LSTM-ms,1,18,736,0.48392937132923725,1.30913251475912,0.3696565213020319,9.79645655356302
smooth,0.012,2,LSTM-ms,1,19,692,0.46124298042460465,1.307489396574224,0.3527699586957382,10.73668325201887
smooth,0.012,2,LSTM-ms,1,20,648,0.4591468445417894,1.306403519599583,0.3514586708113887,11.64898086384649
smooth,0.012,2,LSTM-ms,2,1,1580,1.417779487110784,1.3244746815453874,1.0704466509367543,0.25829266493352004
smooth,0.012,2,LSTM-ms,2,2,1530,1.3733070671980168,1.3245945678637865,1.0367754032185037,0.4635318120595906
smooth,0.012,2,LSTM-ms,2,3,1480,1.3990755662636576,1.3223942707134964,1.057986711866793,0.6854405801445697
smooth,0.012,2,LSTM-ms,2,4,1430,1.2838646270020142,1.3229813114460953,0.9704329274301506,0.856671707816976
smooth,0.012,2,LSTM-ms,2,5,1380,1.2721751557765653,1.322716563463099,0.9617896916976622,1.0686557476161038
smooth,0.012,2,LSTM-ms,2,6,1330,1.20155134861766,1.3219486722702891,0.9089243582764367,1.3154696654528093
smooth,0.012,2,LSTM-ms,2,7,1280,1.1585032028444502,1.3213767702177812,0.8767394954684369,1.567190819499341
smooth,0.012,2,LSTM-ms,2,8,1230,1.0482383636448163,1.321397655414254,0.7932800238821348,1.812819589369585
smooth,0.012,2,LSTM-ms,2,9,1180,0.9857628463864269,1.3207992562685924,0.7463381295135785,2.122508987038482
smooth,0.012,2,LSTM-ms,2,10,1130,0.9373764969108425,1.3188541535668534,0.7107506879177647,2.512877714845842
smooth,0.012,2,LSTM-ms,2,11,1080,0.8605577112512478,1.3183190616502019,0.6527689208817532,2.9475759594173403
smooth,0.012,2,LSTM-ms,2,12,1030,0.788922202999133,1.3162528879139577,0.599369779351021,3.4193357802163598
smooth,0.012,2,LSTM-ms,2,13,980,0.7342856957737687,1.3157383470576731,0.5580788136302473,3.9650494686810336
smooth,0.012,2,LSTM-ms,2,14,930,0.705551832137018,1.3137459268413652,0.5370534878333544,4.591427215201294
smooth,0.012,2,LSTM-ms,2,15,880,0.6180965804628004,1.312297922932308,0.47100324527045945,5.302294889085714
smooth,0.012,2,LSTM-ms,2,16,830,0.625795774690621,1.3097241980781418,0.4778072937866605,5.994252328782524
smooth,0.012,2,LSTM-ms,2,17,780,0.5512304186105355,1.3102455275672589,0.42070772768368725,6.735052355169135
smooth,0.012,2,LSTM-ms,2,18,736,0.5436843791178253,1.30913251475912,0.4153012571212954,7.556350436297913
smooth,0.012,2,LSTM-ms,2,19,692,0.5210731762129186,1.307489396574224,0.39852956175261656,8.422455180315437
smooth,0.012,2,LSTM-ms,2,20,648,0.5325650978173725,1.306403519599583,0.407657427301333,9.242046573304725
smooth,0.012,2,LSTM-ms,3,1,1580,1.2862746390797597,1.3244746815453874,0.9711583445135726,0.16421853759501778
smooth,0.012,2,LSTM-ms,3,2,1530,1.3162298968295303,1.3245945678637865,0.9936851084571892,0.28751386182638494
smooth,0.012,2,LSTM-ms,3,3,1480,1.3120307439114802,1.3223942707134964,0.992163058301497,0.44023018613921383
smooth,0.012,2,LSTM-ms,3,4,1430,1.2821952355606665,1.3229813114460953,0.9691710868985388,0.5974400536479904
smooth,0.012,2,LSTM-ms,3,5,1380,1.2358982219023429,1.322716563463099,0.934363608985548,0.782567065472545
smooth,0.012,2,LSTM-ms,3,6,1330,1.2027063573782963,1.3219486722702891,0.9097980750741189,0.9978348952414086
smooth,0.012,2,LSTM-ms,3,7,1280,1.1483080465250353,1.3213767702177812,0.8690239395806679,1.2572793013463825
smooth,0.012,2,LSTM-ms,3,8,1230,1.1262817172041084,1.321397655414254,0.8523412407985715,1.5336775881137916
smooth,0.012,2,LSTM-ms,3,9,1180,1.0949062061117738,1.3207992562685924,0.8289724580895116,1.854595059210929
smooth,0.012,2,LSTM-ms,3,10,1130,1.0380093226635632,1.3188541535668534,0.7870539133203298,2.2329804463265033
smooth,0.012,2,LSTM-ms,3,11,1080,1.0202197136564426,1.3183190616502019,0.7738792097714082,2.6363145998183275
smooth,0.012,2,LSTM-ms,3,12,1030,0.9705744543918512,1.3162528879139577,0.7373768850224903,3.093757321145696
smooth,0.012,2,LSTM-ms,3,13,980,0.9206717359565896,1.3157383470576731,0.6997377085006655,3.5882773772396312
smooth,0.012,2,LSTM-ms,3,14,930,0.8600335247939704,1.3137459268413652,0.6546422007653687,4.13093473486094
smooth,0.012,2,LSTM-ms,3,15,880,0.8011465080801858,1.312297922932308,0.6104913328598717,4.728015748906846
smooth,0.012,2,LSTM-ms,3,16,830,0.8058362448048151,1.3097241980781418,0.6152717083392673,5.3369914375030305
smooth,0.012,2,LSTM-ms,3,17,780,0.7303072253367787,1.3102455275672589,0.5573819638924811,5.977024453295957
smooth,0.012,2,LSTM-ms,3,18,736,0.6722247194021282,1.30913251475912,0.5134886742354096,6.705564072180194
smooth,0.012,2,LSTM-ms,3,19,692,0.6103870449332304,1.307489396574224,0.46683900193188277,7.4959734719701965
smooth,0.012,2,LSTM-ms,3,20,648,0.609063999029932,1.306403519599583,0.4662142974144866,8.264444473843787
smooth,0.012,2,LSTM-ms,4,1,1580,1.2084567020335661,1.3244746815453874,0.9124045320545862,0.26340656653917005
smooth,0.012,2,LSTM-ms,4,2,1530,1.176028819728721,1.3245945678637865,0.8878405877998866,0.5271731447221817
smooth,0.012,2,LSTM-ms,4,3,1480,1.1316607428803547,1.3223942707134964,0.8557665198214813,0.8370749985327239
smooth,0.012,2,LSTM-ms,4,4,1430,1.1011324490121317,1.3229813114460953,0.8323114162576719,1.158970329379904
smooth,0.012,2,LSTM-ms,4,5,1380,1.0741484466764244,1.322716563463099,0.8120775654794247,1.5157287903262788
smooth,0.012,2,LSTM-ms,4,6,1330,0.9905287977602997,1.3219486722702891,0.7492944457965866,1.9285154972387974
smooth,0.012,2,LSTM-ms,4,7,1280,0.9616603218556395,1.3213767702177812,0.7277714755778131,2.35283608028739
smooth,0.012,2,LSTM-ms,4,8,1230,0.9367073301582578,1.321397655414254,0.7088761859991367,2.8053603436415315
smooth,0.012,2,LSTM-ms,4,9,1180,0.8462897416424991,1.3207992562685924,0.6407406255159195,3.3287409062301525
smooth,0.012,2,LSTM-ms,4,10,1130,0.7688370789272763,1.3188541535668534,0.5829583785651727,3.902668354420695
smooth,0.012,2,LSTM-ms,4,11,1080,0.7461156833769618,1.3183190616502019,0.56595986895844,4.510033734042645
smooth,0.012,2,LSTM-ms,4,12,1030,0.6749187331343128,1.3162528879139577,0.5127576465977955,5.177859023017197
smooth,0.012,2,LSTM-ms,4,13,980,0.6599562590807261,1.3157383470576731,0.5015862466550107,5.84981858604967
smooth,0.012,2,LSTM-ms,4,14,930,0.6023939552950638,1.3137459268413652,0.4585315493562728,6.6066441093194825
smooth,0.012,2,LSTM-ms,4,15,880,0.5778359474461774,1.312297922932308,0.44032375373650867,7.415795176052008
smooth,0.012,2,LSTM-ms,4,16,830,0.5453612383721591,1.3097241980781418,0.4163939546756556,8.227201574397522
smooth,0.012,2,LSTM-ms,4,17,780,0.5423838075188633,1.3102455275672589,0.4139558549197346,9.032873903315638
smooth,0.012,2,LSTM-ms,4,18,736,0.5066363912235161,1.30913251475912,0.3870016102355666,9.913991157579341
smooth,0.012,2,LSTM-ms,4,19,692,0.5144329640950475,1.307489396574224,0.3934509644536486,10.82631018025077
smooth,0.012,2,LSTM-ms,4,20,648,0.47485529233865115,1.306403519599583,0.3634828636133772,11.728319735329562
smooth,0.018,0,ConstVel,0,1,1197,1.9814670567452766,1.9535109514855833,1.0143106979965655,0.2795526298911521
smooth,0.018,0,ConstVel,0,2,1147,1.9957500546382356,1.950970547797191,1.0229524258536882,0.5451941851583472
smooth,0.018,0,ConstVel,0,3,1097,1.9994583062650593,1.9483436502689033,1.0262349283141612,0.8413556793337547
smooth,0.018,0,ConstVel,0,4,1047,1.9996911890556577,1.9458937906253049,1.0276466262904642,1.1649087558447404
smooth,0.018,0,ConstVel,0,5,997,2.000285304270656,1.943311162115826,1.0293180748742254,1.5333913564384842
smooth,0.018,0,ConstVel,0,6,947,1.997023408423493,1.9386037605328117,1.0301349089896663,1.9214324670277134
smooth,0.018,0,ConstVel,0,7,897,1.9961877503117835,1.9365325430845202,1.0308051663992406,2.3638398207978772
smooth,0.018,0,ConstVel,0,8,847,1.995856188431018,1.9317219113462796,1.0332005744243182,2.8378575254163034
smooth,0.018,0,ConstVel,0,9,797,1.9955358790754545,1.931803479495709,1.0329911402770549,3.329279491572582
smooth,0.018,0,ConstVel,0,10,747,1.993925378206747,1.928201991344447,1.0340853225737383,3.8428301837363366
smooth,0.018,0,ConstVel,0,11,697,1.9941345213411075,1.9238685572143517,1.036523266552314,4.384786303833704
smooth,0.018,0,ConstVel,0,12,650,1.996113199997249,1.9232970077091123,1.0378600871296888,4.976701039480127
smooth,0.018,0,ConstVel,0,13,604,1.993557591873421,1.9210141664716864,1.0377630871587868,5.627255461020766
smooth,0.018,0,ConstVel,0,14,559,1.9946153758609981,1.9175198728656757,1.040205843019559,6.338449524036399
smooth,0.018,0,ConstVel,0,15,516,1.9939665992234612,1.9183978981379106,1.0393915679113812,7.062632253553161
smooth,0.018,0,ConstVel,0,16,475,1.994396323287712,1.9268552478283383,1.035052490598604,7.8506060328463985
smooth,0.018,0,ConstVel,0,17,439,1.9911864049741792,1.9378507901060942,1.0275230761524032,8.609548210554696
smooth,0.018,0,ConstVel,0,18,407,1.995769431196932,1.9428668449204736,1.027229136373792,9.424132441087863
smooth,0.018,0,ConstVel,0,19,379,1.998142575333465,1.9391816897201066,1.0304050342089752,10.189490051439346
smooth,0.018,0,ConstVel,0,20,353,2.0006732942767815,1.9395124019708416,1.0315341589173603,10.938395570482315
smooth,0.018,0,Kalman,0,1,1197,1.9854475800762323,1.9535109514855833,1.0163483232926656,0.27675881410235026
smooth,0.018,0,Kalman,0,2,1147,1.9953362439062898,1.950970547797191,1.0227403207901786,0.5298791013339055
smooth,0.018,0,Kalman,0,3,1097,1.997781147115339,1.9483436502689033,1.0253741155158191,0.8076143347158765
smooth,0.018,0,Kalman,0,4,1047,1.9978061658111492,1.9458937906253049,1.0266779078261834,1.1159276715735322
smooth,0.018,0,Kalman,0,5,997,1.997363019799598,1.943311162115826,1.0278143092766068,1.4582465903973763
smooth,0.018,0,Kalman,0,6,947,1.9951300515883674,1.9386037605328117,1.029158248945117,1.8311442029441878
smooth,0.018,0,Kalman,0,7,897,1.9945043838940735,1.9365325430845202,1.0299358980651137,2.2526896096247344
smooth,0.018,0,Kalman,0,8,847,1.9941354072559145,1.9317219113462796,1.032309772717822,2.697116945870918
smooth,0.018,0,Kalman,0,9,797,1.9936304246177712,1.931803479495709,1.0320047798745045,3.159680399675247
smooth,0.018,0,Kalman,0,10,747,1.992686396314041,1.928201991344447,1.033442764429795,3.6501716618825775
smooth,0.018,0,Kalman,0,11,697,1.99281686198627,1.9238685572143517,1.0358383656270944,4.172415853139477
smooth,0.018,0,Kalman,0,12,650,1.9933658711823272,1.9232970077091123,1.0364316396231883,4.739985278411647
smooth,0.018,0,Kalman,0,13,604,1.9917868608443499,1.9210141664716864,1.0368413183035767,5.375879081719401
smooth,0.018,0,Kalman,0,14,559,1.9922552221076395,1.9175198728656757,1.0389750063608332,6.063658842987396
smooth,0.018,0,Kalman,0,15,516,1.991818449338936,1.9183978981379106,1.0382718054853433,6.771496821886317
smooth,0.018,0,Kalman,0,16,475,1.992092577248234,1.9268552478283383,1.0338568916857773,7.5281995200938425
smooth,0.018,0,Kalman,0,17,439,1.9914533791510007,1.9378507901060942,1.0276608443325876,8.263440292363347
smooth,0.018,0,Kalman,0,18,407,1.9949813639238145,1.9428668449204736,1.026823515538181,9.046146039332358
smooth,0.018,0,Kalman,0,19,379,1.9970697589185085,1.9391816897201066,1.0298518026986718,9.788696891026024
smooth,0.018,0,Kalman,0,20,353,1.9979907431472759,1.9395124019708416,1.0301510529744544,10.479699336801096
smooth,0.018,0,LSTM-rec,0,1,1197,1.8835700007488618,1.9535109514855833,0.9641973080910893,0.28343686374409505
smooth,0.018,0,LSTM-rec,0,2,1147,1.813269267206708,1.950970547797191,0.9294190879785657,0.597353352704164
smooth,0.018,0,LSTM-rec,0,3,1097,1.7255857963420063,1.9483436502689033,0.8856680884318571,1.0132593978527231
smooth,0.018,0,LSTM-rec,0,4,1047,1.6350435721707928,1.9458937906253049,0.8402532450886635,1.54664386206962
smooth,0.018,0,LSTM-rec,0,5,997,1.5475939765692002,1.943311162115826,0.7963696224974185,2.203991644644396
smooth,0.018,0,LSTM-rec,0,6,947,1.4635962216251757,1.9386037605328117,0.7549744055086928,3.0005860948756924
smooth,0.018,0,LSTM-rec,0,7,897,1.387809884402545,1.9365325430845202,0.7166468177147354,3.9420918479738263
smooth,0.018,0,LSTM-rec,0,8,847,1.3179005703769382,1.9317219113462796,0.6822413529794517,5.006865086038641
smooth,0.018,0,LSTM-rec,0,9,797,1.2539529261621294,1.931803479495709,0.6491099842565092,6.206614100477759
smooth,0.018,0,LSTM-rec,0,10,747,1.1936977725767137,1.928201991344447,0.6190729902443483,7.51098685793186
smooth,0.018,0,LSTM-rec,0,11,697,1.1384219781230867,1.9238685572143517,0.5917358407122442,8.907046345480042
smooth,0.018,0,LSTM-rec,0,12,650,1.0886061092401833,1.9232970077091123,0.5660104003056967,10.398112581854372
smooth,0.018,0,LSTM-rec,0,13,604,1.0410817481888746,1.9210141664716864,0.5419438161151212,12.014872140245519
smooth,0.018,0,LSTM-rec,0,14,559,0.9997773858299989,1.9175198728656757,0.5213908862054513,13.719051642613985
smooth,0.018,0,LSTM-rec,0,15,516,0.9601086154483405,1.9183978981379106,0.5004741802418925,15.509077836231379
smooth,0.018,0,LSTM-rec,0,16,475,0.9248805966004138,1.9268552478283383,0.47999485049164964,17.401258722939797
smooth,0.018,0,LSTM-rec,0,17,439,0.8983003943390886,1.9378507901060942,0.46355498520601174,19.432659434449516
smooth,0.018,0,LSTM-rec,0,18,407,0.8856084384165989,1.9428668449204736,0.45582559645401177,21.457547408502258
smooth,0.018,0,LSTM-rec,0,19,379,0.8746484492100665,1.9391816897201066,0.45103996899656656,23.49562021414327
smooth,0.018,0,LSTM-rec,0,20,353,0.8649896450500498,1.9395124019708416,0.4459830440739063,25.528229275961735
smooth,0.018,0,LSTM-rec,1,1,1197,1.895339599143979,1.9535109514855833,0.9702221519171076,0.26624744064708844
smooth,0.018,0,LSTM-rec,1,2,1147,1.8441058592972275,1.950970547797191,0.9452248581504099,0.530103564766647
smooth,0.018,0,LSTM-rec,1,3,1097,1.7781415134424263,1.9483436502689033,0.9126426506930714,0.8521983777971166
smooth,0.018,0,LSTM-rec,1,4,1047,1.706751474368625,1.9458937906253049,0.877104126952462,1.2389594961178103
smooth,0.018,0,LSTM-rec,1,5,997,1.6366730083574825,1.943311162115826,0.8422084122521666,1.7014884752403792
smooth,0.018,0,LSTM-rec,1,6,947,1.5717836837948223,1.9386037605328117,0.8107813034277972,2.2473862840449463
smooth,0.018,0,LSTM-rec,1,7,897,1.5143003748226829,1.9365325430845202,0.7819648475468925,2.88467269567342
smooth,0.018,0,LSTM-rec,1,8,847,1.4629989086654667,1.9317219113462796,0.757354824248929,3.585306963748985
smooth,0.018,0,LSTM-rec,1,9,797,1.4180083685076488,1.931803479495709,0.7340334477903597,4.336890526373907
smooth,0.018,0,LSTM-rec,1,10,747,1.3783400381745026,1.928201991344447,0.7148317678136247,5.128346580460615
smooth,0.018,0,LSTM-rec,1,11,697,1.3448019335617054,1.9238685572143517,0.6990092584645696,5.972178358010037
smooth,0.018,0,LSTM-rec,1,12,650,1.3155661665552705,1.9232970077091123,0.6840161250613469,6.851541398945705
smooth,0.018,0,LSTM-rec,1,13,604,1.2890761013777967,1.9210141664716864,0.671039351961383,7.787624784373431
smooth,0.018,0,LSTM-rec,1,14,559,1.2683993159983515,1.9175198728656757,0.6614790980511545,8.756893438667863
smooth,0.018,0,LSTM-rec,1,15,516,1.2506693146755645,1.9183978981379106,0.6519342602958044,9.747564639921501
smooth,0.018,0,LSTM-rec,1,16,475,1.2359516792906107,1.9268552478283383,0.6414346280986025,10.747122488023942
smooth,0.018,0,LSTM-rec,1,17,439,1.219732143750707,1.9378507901060942,0.6294252116717038,11.750404757678698
smooth,0.018,0,LSTM-rec,1,18,407,1.2048898096535152,1.9428668449204736,0.6201607757132911,12.684585129931284
smooth,0.018,0,LSTM-rec,1,19,379,1.1914955794102726,1.9391816897201066,0.6144321523488849,13.564010398538585
smooth,0.018,0,LSTM-rec,1,20,353,1.17836017582375,1.9395124019708416,0.607554854831738,14.346891238584838
smooth,0.018,0,LSTM-rec,2,1,1197,1.8934536146903012,1.9535109514855833,0.9692567186533506,0.2741273547408874
smooth,0.018,0,LSTM-rec,2,2,1147,1.8376301822559487,1.950970547797191,0.9419056501548867,0.5696719795740064
smooth,0.018,0,LSTM-rec,2,3,1097,1.775429855716657,1.9483436502689033,0.9112508747990216,0.957902111240147
smooth,0.018,0,LSTM-rec,2,4,1047,1.7201966655820609,1.9458937906253049,0.8840136465152514,1.4534850212236679
smooth,0.018,0,LSTM-rec,2,5,997,1.677358238444382,1.943311162115826,0.8631444470365304,2.0764357554631165
smooth,0.018,0,LSTM-rec,2,6,947,1.6479051976970893,1.9386037605328117,0.8500474574774239,2.807247272237049
smooth,0.018,0,LSTM-rec,2,7,897,1.635585370053934,1.9365325430845202,0.8445948279540731,3.6553863235180954
smooth,0.018,0,LSTM-rec,2,8,847,1.635425687873008,1.9317219113462796,0.8466154875953272,4.595829295030872
smooth,0.018,0,LSTM-rec,2,9,797,1.6446075721736682,1.931803479495709,0.8513327518195524,5.611727140494165
smooth,0.018,0,LSTM-rec,2,10,747,1.6600128101077825,1.928201991344447,0.8609122994164794,6.691298442148242
smooth,0.018,0,LSTM-rec,2,11,697,1.6804963115406002,1.9238685572143517,0.8734985065579843,7.826575422870358
smooth,0.018,0,LSTM-rec,2,12,650,1.7022233012924013,1.9232970077091123,0.885054827449642,8.997333178238039
smooth,0.018,0,LSTM-rec,2,13,604,1.7232238936844797,1.9210141664716864,0.8970386183301882,10.208509280489727
smooth,0.018,0,LSTM-rec,2,14,559,1.7453643397122427,1.9175198728656757,0.9102196876342399,11.425158903483089
smooth,0.018,0,LSTM-rec,2,15,516,1.76872021805814,1.9183978981379106,0.9219777710218224,12.608156516714988
smooth,0.018,0,LSTM-rec,2,16,475,1.7912437422439014,1.9268552478283383,0.9296202941361175,13.774781157208816
smooth,0.018,0,LSTM-rec,2,17,439,1.8085240164199328,1.9378507901060942,0.9332627804233158,14.986770608788664
smooth,0.018,0,LSTM-rec,2,18,407,1.8219215886804563,1.9428668449204736,0.9377490760335828,16.205556173147787
smooth,0.018,0,LSTM-rec,2,19,379,1.8352619489391002,1.9391816897201066,0.9464105187606192,17.320415047324747
smooth,0.018,0,LSTM-rec,2,20,353,1.8486905572946686,1.9395124019708416,0.9531728466474955,18.305374418967908
smooth,0.018,0,LSTM-rec,3,1,1197,1.9530267505527483,1.9535109514855833,0.9997521381016744,0.27412333797872795
smooth,0.018,0,LSTM-rec,3,2,1147,1.9438819576980804,1.950970547797191,0.9963666339775789,0.5463833873984016
smooth,0.018,0,LSTM-rec,3,3,1097,1.9284979866885334,1.9483436502689033,0.9898140846058493,0.8809452862338973
smooth,0.018,0,LSTM-rec,3,4,1047,1.9087115952753837,1.9458937906253049,0.9808919708110211,1.28660906269427
smooth,0.018,0,LSTM-rec,3,5,997,1.8897305982566277,1.943311162115826,0.9724282117533554,1.7846586760068057
smooth,0.018,0,LSTM-rec,3,6,947,1.8683685129249785,1.9386037605328117,0.9637701891238829,2.3759957398333524
smooth,0.018,0,LSTM-rec,3,7,897,1.8506129410010874,1.9365325430845202,0.9556322446579806,3.090871217937546
smooth,0.018,0,LSTM-rec,3,8,847,1.8337345898613833,1.9317219113462796,0.9492746233765057,3.898764281102379
smooth,0.018,0,LSTM-rec,3,9,797,1.8208348773518261,1.931803479495709,0.9425569923019028,4.81829156915603
smooth,0.018,0,LSTM-rec,3,10,747,1.8102403444910915,1.928201991344447,0.938822982559464,5.824526970413837
smooth,0.018,0,LSTM-rec,3,11,697,1.8040474952779606,1.9238685572143517,0.9377186858805547,6.922473296149938
smooth,0.018,0,LSTM-rec,3,12,650,1.8025063661568546,1.9232970077091123,0.9371960539281791,8.12517325925238
smooth,0.018,0,LSTM-rec,3,13,604,1.801350195599091,1.9210141664716864,0.9377079185769975,9.450249973710692
smooth,0.018,0,LSTM-rec,3,14,559,1.8057292855639424,1.9175198728656757,0.9417004283065574,10.887095606468765
smooth,0.018,0,LSTM-rec,3,15,516,1.8106271882635419,1.9183978981379106,0.9438225458967734,12.404554859600344
smooth,0.018,0,LSTM-rec,3,16,475,1.8191936025481439,1.9268552478283383,0.9441257222609044,14.037176024570885
smooth,0.018,0,LSTM-rec,3,17,439,1.8325921233492135,1.9378507901060942,0.94568278048326,15.784396718866144
smooth,0.018,0,LSTM-rec,3,18,407,1.8555371548618895,1.9428668449204736,0.9550511192844208,17.572234391628875
smooth,0.018,0,LSTM-rec,3,19,379,1.8794438502253268,1.9391816897201066,0.9691943050971144,19.438132720192886
smooth,0.018,0,LSTM-rec,3,20,353,1.9026920476803089,1.9395124019708416,0.9810156644251835,21.36471172161369
smooth,0.018,0,LSTM-rec,4,1,1197,1.8914999436132152,1.9535109514855833,0.9682566366852406,0.295720202409925
smooth,0.018,0,LSTM-rec,4,2,1147,1.8345150577076819,1.950970547797191,0.9403089450935089,0.6371495975826775
smooth,0.018,0,LSTM-rec,4,3,1097,1.7702629544950794,1.9483436502689033,0.9085989292755178,1.0962564425369494
smooth,0.018,0,LSTM-rec,4,4,1047,1.7054931764728272,1.9458937906253049,0.8764574843135575,1.6861627773999375
smooth,0.018,0,LSTM-rec,4,5,997,1.6475600194307485,1.943311162115826,0.8478107117117202,2.421136347207035
smooth,0.018,0,LSTM-rec,4,6,947,1.5954907102080755,1.9386037605328117,0.8230102214232609,3.3086548840957946
smooth,0.018,0,LSTM-rec,4,7,897,1.5530418293993937,1.9365325430845202,0.8019704264435958,4.356833700526299
smooth,0.018,0,LSTM-rec,4,8,847,1.5179852314293545,1.9317219113462796,0.7858197510279424,5.540632471270782
smooth,0.018,0,LSTM-rec,4,9,797,1.4913740300153073,1.931803479495709,0.772011255722878,6.8698647699037085
smooth,0.018,0,LSTM-rec,4,10,747,1.4713449429875256,1.928201991344447,0.7630657729803629,8.331516991049005
smooth,0.018,0,LSTM-rec,4,11,697,1.458822010958498,1.9238685572143517,0.7582753018588683,9.907892362149923
smooth,0.018,0,LSTM-rec,4,12,650,1.4540878271164872,1.9232970077091123,0.7560391459499477,11.613333967545652
smooth,0.018,0,LSTM-rec,4,13,604,1.4527078634723212,1.9210141664716864,0.7562192350410928,13.467183562174597
smooth,0.018,0,LSTM-rec,4,14,559,1.4554611955815075,1.9175198728656757,0.7590331741419528,15.455794056868486
smooth,0.018,0,LSTM-rec,4,15,516,1.4566810643672805,1.9183978981379106,0.7593216536471424,17.567468480594766
smooth,0.018,0,LSTM-rec,4,16,475,1.4604871923780842,1.9268552478283383,0.7579641459959828,19.81391035236839
smooth,0.018,0,LSTM-rec,4,17,439,1.4700353406048672,1.9378507901060942,0.7585905726644646,22.15448857321647
smooth,0.018,0,LSTM-rec,4,18,407,1.4862330057579518,1.9428668449204736,0.7649690505778264,24.49005136383947
smooth,0.018,0,LSTM-rec,4,19,379,1.5013345719260256,1.9391816897201066,0.7742103691906879,26.883410902169913
smooth,0.018,0,LSTM-rec,4,20,353,1.5158611791856902,1.9395124019708416,0.7815681805619511,29.3351430069049
smooth,0.018,0,LSTM-ms,0,1,1197,1.86992268467172,1.9535109514855833,0.957211262752176,0.297860964209821
smooth,0.018,0,LSTM-ms,0,2,1147,1.80667799988661,1.950970547797191,0.9260406324054972,0.6105657776896545
smooth,0.018,0,LSTM-ms,0,3,1097,1.75488600530155,1.9483436502689033,0.9007066104890413,0.9752538666243551
smooth,0.018,0,LSTM-ms,0,4,1047,1.5872614856023854,1.9458937906253049,0.8156979035799922,1.4443406937540888
smooth,0.018,0,LSTM-ms,0,5,997,1.533028213159772,1.943311162115826,0.7888742899467788,1.9919611150039516
smooth,0.018,0,LSTM-ms,0,6,947,1.3905196865186091,1.9386037605328117,0.7172789586132003,2.669266552099653
smooth,0.018,0,LSTM-ms,0,7,897,1.2538248402183458,1.9365325430845202,0.6474586986393972,3.479556403878601
smooth,0.018,0,LSTM-ms,0,8,847,1.1528233176932643,1.9317219113462796,0.5967853400233082,4.398713047204986
smooth,0.018,0,LSTM-ms,0,9,797,1.0708850208098892,1.931803479495709,0.5543447002639421,5.4202496086087875
smooth,0.018,0,LSTM-ms,0,10,747,0.8939034950618403,1.928201991344447,0.463594322106556,6.591083450052534
smooth,0.018,0,LSTM-ms,0,11,697,0.8296695493021475,1.9238685572143517,0.4312506414177589,7.849693696254703
smooth,0.018,0,LSTM-ms,0,12,650,0.7090465024051024,1.9232970077091123,0.36866199009463735,9.228616822220426
smooth,0.018,0,LSTM-ms,0,13,604,0.6836228760091455,1.9210141664716864,0.35586560887510316,10.688321931993112
smooth,0.018,0,LSTM-ms,0,14,559,0.6885824889376195,1.9175198728656757,0.3591005750091934,12.205778476540631
smooth,0.018,0,LSTM-ms,0,15,516,0.6856414992441429,1.9183978981379106,0.35740317475830197,13.751910861411199
smooth,0.018,0,LSTM-ms,0,16,475,0.6928987753701655,1.9268552478283383,0.359600845030314,15.337832409342049
smooth,0.018,0,LSTM-ms,0,17,439,0.7094853297443474,1.9378507901060942,0.36611968958946745,17.05004993423259
smooth,0.018,0,LSTM-ms,0,18,407,0.7345280764981276,1.9428668449204736,0.3780640337851839,18.64055701530785
smooth,0.018,0,LSTM-ms,0,19,379,0.7138954390678733,1.9391816897201066,0.36814262575412104,20.17975238833347
smooth,0.018,0,LSTM-ms,0,20,353,0.7101401738071578,1.9395124019708416,0.3661436622346661,21.63232033475637
smooth,0.018,0,LSTM-ms,1,1,1197,1.8208766963383793,1.9535109514855833,0.9321046779664379,0.2994387504174686
smooth,0.018,0,LSTM-ms,1,2,1147,1.8143082965829742,1.950970547797191,0.9299516584868388,0.5944425083141277
smooth,0.018,0,LSTM-ms,1,3,1097,1.7632355488403624,1.9483436502689033,0.904992067799234,0.9453882140892538
smooth,0.018,0,LSTM-ms,1,4,1047,1.6246508397885053,1.9458937906253049,0.83491239224646,1.4008985425849756
smooth,0.018,0,LSTM-ms,1,5,997,1.578920039515149,1.943311162115826,0.8124895643557475,1.9301951176680523
smooth,0.018,0,LSTM-ms,1,6,947,1.425640845607571,1.9386037605328117,0.7353956876756206,2.597411607044664
smooth,0.018,0,LSTM-ms,1,7,897,1.3286777943420436,1.9365325430845202,0.6861117821576693,3.3854573135912593
smooth,0.018,0,LSTM-ms,1,8,847,1.2005674676069376,1.9317219113462796,0.6215011904949731,4.280148464051321
smooth,0.018,0,LSTM-ms,1,9,797,1.1104287263409043,1.931803479495709,0.574814538915096,5.288157335746636
smooth,0.018,0,LSTM-ms,1,10,747,0.9881737557876495,1.928201991344447,0.5124845634552224,6.387383582988215
smooth,0.018,0,LSTM-ms,1,11,697,0.895942815431585,1.9238685572143517,0.46569855932822013,7.583862495132024
smooth,0.018,0,LSTM-ms,1,12,650,0.8110741048395781,1.9232970077091123,0.42171027230249214,8.851647113370289
smooth,0.018,0,LSTM-ms,1,13,604,0.7659577312071467,1.9210141664716864,0.39872570675206215,10.20375373104895
smooth,0.018,0,LSTM-ms,1,14,559,0.7057030356268699,1.9175198728656757,0.368029059627016,11.633814065980863
smooth,0.018,0,LSTM-ms,1,15,516,0.7022156634637939,1.9183978981379106,0.36604276106922257,13.088322884983233
smooth,0.018,0,LSTM-ms,1,16,475,0.6805909257142874,1.9268552478283383,0.3532133129778935,14.564439420025144
smooth,0.018,0,LSTM-ms,1,17,439,0.6736271944122235,1.9378507901060942,0.3476156151193372,16.08350240804326
smooth,0.018,0,LSTM-ms,1,18,407,0.6333099407192389,1.9428668449204736,0.32596672405779914,17.582772988155902
smooth,0.018,0,LSTM-ms,1,19,379,0.6175037501019947,1.9391816897201066,0.31843522109118233,18.97028328628916
smooth,0.018,0,LSTM-ms,1,20,353,0.6075614361378617,1.9395124019708416,0.31325473119970065,20.256592192273246
smooth,0.018,0,LSTM-ms,2,1,1197,1.9900572284690796,1.9535109514855833,1.0187079969813857,0.31829343036262553
smooth,0.018,0,LSTM-ms,2,2,1147,1.8950184562451131,1.950970547797191,0.9713208937903995,0.5920185870452681
smooth,0.018,0,LSTM-ms,2,3,1097,1.868357983409746,1.9483436502689033,0.9589468383320786,0.8956860923417236
smooth,0.018,0,LSTM-ms,2,4,1047,1.7453357334037825,1.9458937906253049,0.8969326804023184,1.263805692615519
smooth,0.018,0,LSTM-ms,2,5,997,1.676238386098487,1.943311162115826,0.8625681871108293,1.7134777567515842
smooth,0.018,0,LSTM-ms,2,6,947,1.5668651685305326,1.9386037605328117,0.8082441602712515,2.2735291317404203
smooth,0.018,0,LSTM-ms,2,7,897,1.5105089917925296,1.9365325430845202,0.7800070270890374,2.93372237650409
smooth,0.018,0,LSTM-ms,2,8,847,1.3251175337661567,1.9317219113462796,0.6859773790331132,3.706303535706619
smooth,0.018,0,LSTM-ms,2,9,797,1.2390233887751403,1.931803479495709,0.6413816943215069,4.594467401824004
smooth,0.018,0,LSTM-ms,2,10,747,1.1554162642267558,1.928201991344447,0.5992195161157037,5.568143114324752
smooth,0.018,0,LSTM-ms,2,11,697,1.0683038324810907,1.9238685572143517,0.5552894081433151,6.632952774892138
smooth,0.018,0,LSTM-ms,2,12,650,0.9924530471117416,1.9232970077091123,0.5160165294978947,7.758834361056512
smooth,0.018,0,LSTM-ms,2,13,604,0.9138273964941808,1.9210141664716864,0.4757004984365114,8.999217079726844
smooth,0.018,0,LSTM-ms,2,14,559,0.8639693631287625,1.9175198728656757,0.45056605428427,10.312133053865832
smooth,0.018,0,LSTM-ms,2,15,516,0.8236778996076636,1.9183978981379106,0.4293571737162374,11.663833155214371
smooth,0.018,0,LSTM-ms,2,16,475,0.8575921043611291,1.9268552478283383,0.44507344561958045,12.980256990483605
smooth,0.018,0,LSTM-ms,2,17,439,0.8023822087529856,1.9378507901060942,0.4140577865177414,14.395442871601682
smooth,0.018,0,LSTM-ms,2,18,407,0.813219352161609,1.9428668449204736,0.4185666940005331,15.73300346810242
smooth,0.018,0,LSTM-ms,2,19,379,0.7625021081236935,1.9391816897201066,0.39320818269161245,16.951641770286002
smooth,0.018,0,LSTM-ms,2,20,353,0.7550805176245936,1.9395124019708416,0.3893146116814289,18.06456880882643
smooth,0.018,0,LSTM-ms,3,1,1197,1.895123986634594,1.9535109514855833,0.9701117801225594,0.27144356048644325
smooth,0.018,0,LSTM-ms,3,2,1147,1.8977063849380504,1.950970547797191,0.9726986330371413,0.5254678356938799
smooth,0.018,0,LSTM-ms,3,3,1097,1.8638525424642125,1.9483436502689033,0.9566343915802381,0.8250171748718704
smooth,0.018,0,LSTM-ms,3,4,1047,1.7812889950646968,1.9458937906253049,0.9154091572964458,1.176672027158919
smooth,0.018,0,LSTM-ms,3,5,997,1.7127769759444356,1.943311162115826,0.8813704204115254,1.6069551461496034
smooth,0.018,0,LSTM-ms,3,6,947,1.6245369148264504,1.9386037605328117,0.8379932753147852,2.1176312755693365
smooth,0.018,0,LSTM-ms,3,7,897,1.5233189199204848,1.9365325430845202,0.7866219059216706,2.748447592087408
smooth,0.018,0,LSTM-ms,3,8,847,1.4514866593610662,1.9317219113462796,0.7513952452656492,3.46070443138356
smooth,0.018,0,LSTM-ms,3,9,797,1.3347810542784595,1.931803479495709,0.6909507454800214,4.289754677763209
smooth,0.018,0,LSTM-ms,3,10,747,1.2283062232058541,1.928201991344447,0.6370215510198765,5.2274010908635375
smooth,0.018,0,LSTM-ms,3,11,697,1.1708109256389214,1.9238685572143517,0.6085711631641751,6.244032317021977
smooth,0.018,0,LSTM-ms,3,12,650,1.1189095960979105,1.9232970077091123,0.5817664102907705,7.313728846434877
smooth,0.018,0,LSTM-ms,3,13,604,0.9991282842939075,1.9210141664716864,0.5201045894049806,8.520799008063912
smooth,0.018,0,LSTM-ms,3,14,559,0.9247406590254751,1.9175198728656757,0.4822587093418114,9.8530569077429
smooth,0.018,0,LSTM-ms,3,15,516,0.7951399641828222,1.9183978981379106,0.4144812527967338,11.274554796250692
smooth,0.018,0,LSTM-ms,3,16,475,0.7940351153640954,1.9268552478283383,0.4120886175850586,12.70904471440035
smooth,0.018,0,LSTM-ms,3,17,439,0.7711900695141549,1.9378507901060942,0.39796153215281016,14.245321756571277
smooth,0.018,0,LSTM-ms,3,18,407,0.69637312630581,1.9428668449204736,0.3584255545491664,15.738110122284352
smooth,0.018,0,LSTM-ms,3,19,379,0.642202006696545,1.9391816897201066,0.331171653538683,17.21041972475852
smooth,0.018,0,LSTM-ms,3,20,353,0.6686201454396027,1.9395124019708416,0.34473620522363363,18.5784165173854
smooth,0.018,0,LSTM-ms,4,1,1197,1.7968876804520608,1.9535109514855833,0.9198247284386015,0.3622813180082023
smooth,0.018,0,LSTM-ms,4,2,1147,1.7475891687499834,1.950970547797191,0.8957537420147924,0.7447545505963304
smooth,0.018,0,LSTM-ms,4,3,1097,1.6708309312411715,1.9483436502689033,0.8575647992132033,1.209973667603113
smooth,0.018,0,LSTM-ms,4,4,1047,1.5866404701214945,1.9458937906253049,0.8153787620708909,1.7356364453992013
smooth,0.018,0,LSTM-ms,4,5,997,1.5043599307401156,1.943311162115826,0.7741220037568292,2.344899902484274
smooth,0.018,0,LSTM-ms,4,6,947,1.379205619831158,1.9386037605328117,0.7114427651022883,3.0682031314425666
smooth,0.018,0,LSTM-ms,4,7,897,1.2780533404544865,1.9365325430845202,0.6599699783091668,3.887191727550237
smooth,0.018,0,LSTM-ms,4,8,847,1.2156164767843072,1.9317219113462796,0.6292916540647948,4.783635766081247
smooth,0.018,0,LSTM-ms,4,9,797,1.0549933628848231,1.931803479495709,0.5461183676717601,5.831499883254355
smooth,0.018,0,LSTM-ms,4,10,747,0.9531425973484648,1.928201991344447,0.49431677885773895,6.965406781540921
smooth,0.018,0,LSTM-ms,4,11,697,0.8642321335406294,1.9238685572143517,0.4492157898728729,8.194177843056648
smooth,0.018,0,LSTM-ms,4,12,650,0.7675330241383812,1.9232970077091123,0.39907150120958657,9.50322309581653
smooth,0.018,0,LSTM-ms,4,13,604,0.7134988452286118,1.9210141664716864,0.3714177946636855,10.902009770191226
smooth,0.018,0,LSTM-ms,4,14,559,0.689398873034249,1.9175198728656757,0.35952632501480314,12.34856633457976
smooth,0.018,0,LSTM-ms,4,15,516,0.672715397453187,1.9183978981379106,0.35066520772680004,13.829044160689026
smooth,0.018,0,LSTM-ms,4,16,475,0.6127738735859757,1.9268552478283383,0.3180175959126158,15.35184319095576
smooth,0.018,0,LSTM-ms,4,17,439,0.6231921348090754,1.9378507901060942,0.32158932875061896,16.94779466419135
smooth,0.018,0,LSTM-ms,4,18,407,0.5833614879988019,1.9428668449204736,0.30025809000960146,18.510825033057504
smooth,0.018,0,LSTM-ms,4,19,379,0.5903400654944219,1.9391816897201066,0.30442741318356253,19.899746158535176
smooth,0.018,0,LSTM-ms,4,20,353,0.5828333814983723,1.9395124019708416,0.30050510680216547,21.23390747819241
smooth,0.018,1,ConstVel,0,1,1228,1.9812497131874518,1.9531689868134303,1.014377008115327,0.2683028064311356
smooth,0.018,1,ConstVel,0,2,1178,1.9981137989147841,1.952414925264057,1.0234063328749377,0.5056993329723138
smooth,0.018,1,ConstVel,0,3,1128,2.000283897196383,1.9504892525754707,1.0255293099180949,0.7450615967660482
smooth,0.018,1,ConstVel,0,4,1078,2.001216218213141,1.9475146464040078,1.0275744122943007,1.0041918579105513
smooth,0.018,1,ConstVel,0,5,1028,1.9993509673535537,1.9476764669915154,1.0265313573572399,1.258073661434675
smooth,0.018,1,ConstVel,0,6,978,2.000376236102278,1.9443682496564996,1.0288052360738111,1.5464976519329388
smooth,0.018,1,ConstVel,0,7,928,2.001490111207477,1.9403540201918403,1.0315076993061256,1.8573740729851753
smooth,0.018,1,ConstVel,0,8,878,2.0041339384612242,1.9384418423489684,1.033889124077435,2.218572761698273
smooth,0.018,1,ConstVel,0,9,828,2.0047228539239437,1.9348960167046527,1.0360881600956593,2.585976065234211
smooth,0.018,1,ConstVel,0,10,778,2.001982681107199,1.9328095007753487,1.035788928140151,2.966460652586346
smooth,0.018,1,ConstVel,0,11,728,2.0024050796800594,1.930228973953615,1.0373925097490424,3.3848359164294544
smooth,0.018,1,ConstVel,0,12,679,2.004262897471288,1.9234793182103835,1.041998673183586,3.8106996691580934
smooth,0.018,1,ConstVel,0,13,630,2.0023261907401806,1.919235643959661,1.0432935617062071,4.272509341105221
smooth,0.018,1,ConstVel,0,14,581,2.0013361803343463,1.921919732746244,1.041321417453071,4.766167020658515
smooth,0.018,1,ConstVel,0,15,534,1.9998363012742129,1.9232882988834077,1.0398005865450572,5.255773310007181
smooth,0.018,1,ConstVel,0,16,490,2.002384346616161,1.9221039025625797,1.0417669637663969,5.768700917862649
smooth,0.018,1,ConstVel,0,17,453,2.000350735862289,1.9277813828358776,1.0376439744011106,6.249956928129525
smooth,0.018,1,ConstVel,0,18,418,2.0000548941926337,1.937679405312497,1.0321908199618177,6.734922217593003
smooth,0.018,1,ConstVel,0,19,387,2.0015755680053093,1.9378163704975875,1.0329026003074533,7.1435182558496315
smooth,0.018,1,ConstVel,0,20,357,2.0045073440701793,1.9421010613120355,1.032133385847585,7.5500079128461275
smooth,0.018,1,Kalman,0,1,1228,1.9865281350095514,1.9531689868134303,1.017079499224768,0.2552383533717747
smooth,0.018,1,Kalman,0,2,1178,1.9975255845087936,1.952414925264057,1.0231050575679428,0.46420343236823325
smooth,0.018,1,Kalman,0,3,1128,1.9990012422935346,1.9504892525754707,1.0248717031657608,0.674476914416601
smooth,0.018,1,Kalman,0,4,1078,1.9992579964904307,1.9475146464040078,1.0265689144787509,0.8994010076726515
smooth,0.018,1,Kalman,0,5,1028,1.9984190354117108,1.9476764669915154,1.0260528734007732,1.1314564702449765
smooth,0.018,1,Kalman,0,6,978,1.9995238632589538,1.9443682496564996,1.0283668557189196,1.396467556203232
smooth,0.018,1,Kalman,0,7,928,2.0007825460546362,1.9403540201918403,1.031143041544976,1.6865822274905264
smooth,0.018,1,Kalman,0,8,878,2.0023297596929788,1.9384418423489684,1.0329583874781572,2.0152923092734296
smooth,0.018,1,Kalman,0,9,828,2.002098651536402,1.9348960167046527,1.0347319102688541,2.3512740578669256
smooth,0.018,1,Kalman,0,10,778,2.000524604214821,1.9328095007753487,1.0350345460389698,2.699010563138294
smooth,0.018,1,Kalman,0,11,728,2.001004458356538,1.930228973953615,1.0366668853063357,3.0871746593207052
smooth,0.018,1,Kalman,0,12,679,2.0015448029253147,1.9234793182103835,1.0405855597072724,3.4826615357915647
smooth,0.018,1,Kalman,0,13,630,1.9999509659964374,1.919235643959661,1.042055972798759,3.916505150385917
smooth,0.018,1,Kalman,0,14,581,1.9990577827857428,1.921919732746244,1.0401359373782357,4.378048156626692
smooth,0.018,1,Kalman,0,15,534,1.9983602138032457,1.9232882988834077,1.0390331054181643,4.845374408750212
smooth,0.018,1,Kalman,0,16,490,1.9992518859140562,1.9221039025625797,1.040137259618807,5.3119756211987506
smooth,0.018,1,Kalman,0,17,453,1.998070723929424,1.9277813828358776,1.036461261489177,5.74991283769782
smooth,0.018,1,Kalman,0,18,418,1.9981821422827557,1.937679405312497,1.0312243278244995,6.1701195995741225
smooth,0.018,1,Kalman,0,19,387,1.9995261048663666,1.9378163704975875,1.031844985576695,6.532922757032686
smooth,0.018,1,Kalman,0,20,357,2.001023223392819,1.9421010613120355,1.0303393902894924,6.860552065873992
smooth,0.018,1,LSTM-rec,0,1,1228,1.87420476461764,1.9531689868134303,0.9595712287421585,0.2785465792490907
smooth,0.018,1,LSTM-rec,0,2,1178,1.799840924171007,1.952414925264057,0.9218537007073868,0.5838145291446099
smooth,0.018,1,LSTM-rec,0,3,1128,1.7053704518159918,1.9504892525754707,0.8743295814443385,0.9754188734024833
smooth,0.018,1,LSTM-rec,0,4,1078,1.6099712634112746,1.9475146464040078,0.8266799258141699,1.480215587860882
smooth,0.018,1,LSTM-rec,0,5,1028,1.516753890981606,1.9476764669915154,0.7787504324701652,2.110882815126583
smooth,0.018,1,LSTM-rec,0,6,978,1.4341975414088848,1.9443682496564996,0.7376162111586919,2.8647663256470803
smooth,0.018,1,LSTM-rec,0,7,928,1.358762247515457,1.9403540201918403,0.7002651234650046,3.7596724740402765
smooth,0.018,1,LSTM-rec,0,8,878,1.291231752306029,1.9384418423489684,0.6661183864775319,4.778501902674876
smooth,0.018,1,LSTM-rec,0,9,828,1.2273770946581755,1.9348960167046527,0.6343374962074385,5.9192929405843255
smooth,0.018,1,LSTM-rec,0,10,778,1.1665146587311868,1.9328095007753487,0.6035331770995734,7.1679642067365545
smooth,0.018,1,LSTM-rec,0,11,728,1.1130291725382826,1.930228973953615,0.5766306420416574,8.503194412833118
smooth,0.018,1,LSTM-rec,0,12,679,1.0639089112682762,1.9234793182103835,0.5531168966548303,9.935112438991222
smooth,0.018,1,LSTM-rec,0,13,630,1.0172567905297343,1.919235643959661,0.5300322520224698,11.51123358613464
smooth,0.018,1,LSTM-rec,0,14,581,0.9750939323589527,1.921919732746244,0.5073541395850254,13.174768303782376
smooth,0.018,1,LSTM-rec,0,15,534,0.9359275951535401,1.9232882988834077,0.48662886146445444,14.917900681835068
smooth,0.018,1,LSTM-rec,0,16,490,0.8989460099037617,1.9221039025625797,0.4676885618437549,16.687353525675935
smooth,0.018,1,LSTM-rec,0,17,453,0.8706719669364326,1.9277813828358776,0.45164455611435766,18.60008320952256
smooth,0.018,1,LSTM-rec,0,18,418,0.8470144087975635,1.937679405312497,0.4371282506669168,20.546176081217805
smooth,0.018,1,LSTM-rec,0,19,387,0.8250952454719813,1.9378163704975875,0.4257860848084979,22.46475278546294
smooth,0.018,1,LSTM-rec,0,20,357,0.804257095774155,1.9421010613120355,0.41411701573903614,24.361669300583124
smooth,0.018,1,LSTM-rec,1,1,1228,1.8945028349617548,1.9531689868134303,0.9699636067090187,0.2581994665943584
smooth,0.018,1,LSTM-rec,1,2,1178,1.8465944719878835,1.952414925264057,0.9458002231457734,0.5067956164874365
smooth,0.018,1,LSTM-rec,1,3,1128,1.7817495517542465,1.9504892525754707,0.9134885257130146,0.7913911311227594
smooth,0.018,1,LSTM-rec,1,4,1078,1.7124971665275999,1.9475146464040078,0.8793244095440532,1.131691974959441
smooth,0.018,1,LSTM-rec,1,5,1028,1.644165008331868,1.9476764669915154,0.8441674149667848,1.5293728935631574
smooth,0.018,1,LSTM-rec,1,6,978,1.5859031703724675,1.9443682496564996,0.8156393063158894,1.9933208060506604
smooth,0.018,1,LSTM-rec,1,7,928,1.5318966548322428,1.9403540201918403,0.7894933805330978,2.5237932245946713
smooth,0.018,1,LSTM-rec,1,8,878,1.4837800669483507,1.9384418423489684,0.7654498755300975,3.127834583404405
smooth,0.018,1,LSTM-rec,1,9,828,1.4398396854690265,1.9348960167046527,0.7441431854933666,3.795211643647578
smooth,0.018,1,LSTM-rec,1,10,778,1.4002723135075261,1.9328095007753487,0.7244750778314186,4.525536927167566
smooth,0.018,1,LSTM-rec,1,11,728,1.3671669892747558,1.930228973953615,0.7082926469984747,5.2866223028327655
smooth,0.018,1,LSTM-rec,1,12,679,1.3385356140511238,1.9234793182103835,0.6958929068686349,6.085017326479964
smooth,0.018,1,LSTM-rec,1,13,630,1.312294338037154,1.919235643959661,0.6837588402275089,6.931755259159455
smooth,0.018,1,LSTM-rec,1,14,581,1.2901583297747867,1.921919732746244,0.6712862705932421,7.803281580391408
smooth,0.018,1,LSTM-rec,1,15,534,1.2718685954142912,1.9232882988834077,0.661298982660422,8.70165679863484
smooth,0.018,1,LSTM-rec,1,16,490,1.2576589091037544,1.9221039025625797,0.6543136962715821,9.575106422260214
smooth,0.018,1,LSTM-rec,1,17,453,1.240357628405687,1.9277813828358776,0.64341197578174,10.453163086118032
smooth,0.018,1,LSTM-rec,1,18,418,1.22478312101795,1.937679405312497,0.6320875980102728,11.28983893909855
smooth,0.018,1,LSTM-rec,1,19,387,1.2116072691064625,1.9378163704975875,0.6252435925058003,12.031001829313105
smooth,0.018,1,LSTM-rec,1,20,357,1.2007704209050705,1.9421010613120355,0.6182842102428283,12.732656109620736
smooth,0.018,1,LSTM-rec,2,1,1228,1.8968817156584923,1.9531689868134303,0.9711815661957801,0.26348204270509434
smooth,0.018,1,LSTM-rec,2,2,1178,1.8463517938917893,1.952414925264057,0.945675926771599,0.5342927117956907
smooth,0.018,1,LSTM-rec,2,3,1128,1.7866406804047636,1.9504892525754707,0.9159961676515994,0.8670954297664144
smooth,0.018,1,LSTM-rec,2,4,1078,1.734557366134262,1.9475146464040078,0.8906517695962075,1.2998952925873428
smooth,0.018,1,LSTM-rec,2,5,1028,1.6932828224446186,1.9476764669915154,0.8693860870333117,1.8363003034835976
smooth,0.018,1,LSTM-rec,2,6,978,1.6682213277080522,1.9443682496564996,0.8579760176616581,2.4753848700545324
smooth,0.018,1,LSTM-rec,2,7,928,1.6566062738519376,1.9403540201918403,0.8537649607302852,3.2103276646267327
smooth,0.018,1,LSTM-rec,2,8,878,1.655629549715411,1.9384418423489684,0.854103287261458,4.024755744643462
smooth,0.018,1,LSTM-rec,2,9,828,1.6617172458275609,1.9348960167046527,0.858814753599862,4.9174389944867265
smooth,0.018,1,LSTM-rec,2,10,778,1.6732606473755474,1.9328095007753487,0.8657142086192752,5.876263662487195
smooth,0.018,1,LSTM-rec,2,11,728,1.6893472075153069,1.930228973953615,0.8752056001185605,6.854638395355052
smooth,0.018,1,LSTM-rec,2,12,679,1.707600611428471,1.9234793182103835,0.8877665568129075,7.8594816437245445
smooth,0.018,1,LSTM-rec,2,13,630,1.7259756976027336,1.919235643959661,0.8993036905263994,8.87477094283246
smooth,0.018,1,LSTM-rec,2,14,581,1.7457639399294635,1.921919732746244,0.9083438346485624,9.892237002938923
smooth,0.018,1,LSTM-rec,2,15,534,1.766761991840674,1.9232882988834077,0.9186152657749713,10.854935158816325
smooth,0.018,1,LSTM-rec,2,16,490,1.790244182520229,1.9221039025625797,0.931398235097201,11.716637100273616
smooth,0.018,1,LSTM-rec,2,17,453,1.806116111335345,1.9277813828358776,0.9368884498087869,12.630094889316132
smooth,0.018,1,LSTM-rec,2,18,418,1.8219436542525091,1.937679405312497,0.9402709494962492,13.444908735078398
smooth,0.018,1,LSTM-rec,2,19,387,1.8388376326398805,1.9378163704975875,0.9489225401515772,14.090901098682824
smooth,0.018,1,LSTM-rec,2,20,357,1.8568319358137966,1.9421010613120355,0.9560943932337727,14.607228223330374
smooth,0.018,1,LSTM-rec,3,1,1228,1.9428983827627366,1.9531689868134303,0.9947415691524726,0.2653548900068124
smooth,0.018,1,LSTM-rec,3,2,1178,1.9283205796982117,1.952414925264057,0.9876592084735335,0.5190697654493176
smooth,0.018,1,LSTM-rec,3,3,1128,1.903154486072167,1.9504892525754707,0.9757318496162941,0.8108153919195464
smooth,0.018,1,LSTM-rec,3,4,1078,1.8757835222100745,1.9475146464040078,0.9631678640638819,1.1656772933942185
smooth,0.018,1,LSTM-rec,3,5,1028,1.8483893112980179,1.9476764669915154,0.9490227677049147,1.5876832470193152
smooth,0.018,1,LSTM-rec,3,6,978,1.8267966637349542,1.9443682496564996,0.9395322434717209,2.0927002064155387
smooth,0.018,1,LSTM-rec,3,7,928,1.8081615113125098,1.9403540201918403,0.9318719638253122,2.6938220597124833
smooth,0.018,1,LSTM-rec,3,8,878,1.792900264544259,1.9384418423489684,0.9249182644405031,3.3985812522766405
smooth,0.018,1,LSTM-rec,3,9,828,1.778135623225828,1.9348960167046527,0.9189825230268418,4.182007270457395
smooth,0.018,1,LSTM-rec,3,10,778,1.764110801661679,1.9328095007753487,0.9127184034194803,5.051316055794458
smooth,0.018,1,LSTM-rec,3,11,728,1.7568878159106371,1.930228973953615,0.9101965826945755,6.018910361897597
smooth,0.018,1,LSTM-rec,3,12,679,1.753770134330516,1.9234793182103835,0.9117696861759003,7.072838077392742
smooth,0.018,1,LSTM-rec,3,13,630,1.752980746355367,1.919235643959661,0.9133744216727415,8.272602424109884
smooth,0.018,1,LSTM-rec,3,14,581,1.7560439870787656,1.921919732746244,0.9136926777735627,9.566809216481134
smooth,0.018,1,LSTM-rec,3,15,534,1.7623259303747782,1.9232882988834077,0.9163087673324491,10.933870560265015
smooth,0.018,1,LSTM-rec,3,16,490,1.7688028897518668,1.9221039025625797,0.9202431186959615,12.335158417737912
smooth,0.018,1,LSTM-rec,3,17,453,1.7812824648827041,1.9277813828358776,0.9240064670934496,13.881660354537356
smooth,0.018,1,LSTM-rec,3,18,418,1.7958119766395346,1.937679405312497,0.9267848807785193,15.511258238633943
smooth,0.018,1,LSTM-rec,3,19,387,1.809788225161302,1.9378163704975875,0.9339317453988631,17.150449561136206
smooth,0.018,1,LSTM-rec,3,20,357,1.8188426344630355,1.9421010613120355,0.9365334640383083,18.77471582512605
smooth,0.018,1,LSTM-rec,4,1,1228,1.878567284172703,1.9531689868134303,0.9618047884517975,0.2894650372419081
smooth,0.018,1,LSTM-rec,4,2,1178,1.8141241616559962,1.952414925264057,0.9291693779746344,0.6183402312354819
smooth,0.018,1,LSTM-rec,4,3,1128,1.7380612637868087,1.9504892525754707,0.8910898952618338,1.045874286684214
smooth,0.018,1,LSTM-rec,4,4,1078,1.6618988459078987,1.9475146464040078,0.8533434390218914,1.5984843522491463
smooth,0.018,1,LSTM-rec,4,5,1028,1.5914631047396866,1.9476764669915154,0.8171085556103397,2.2907890238149085
smooth,0.018,1,LSTM-rec,4,6,978,1.533995942808683,1.9443682496564996,0.7889431145976001,3.122620792160772
smooth,0.018,1,LSTM-rec,4,7,928,1.4853025074526423,1.9403540201918403,0.7654801608346667,4.103350635887855
smooth,0.018,1,LSTM-rec,4,8,878,1.4468196664148572,1.9384418423489684,0.7463828085043952,5.230381590687048
smooth,0.018,1,LSTM-rec,4,9,828,1.4159101923078559,1.9348960167046527,0.7317758577638251,6.487020173000472
smooth,0.018,1,LSTM-rec,4,10,778,1.3931828203007293,1.9328095007753487,0.7208071047570143,7.8757896905507305
smooth,0.018,1,LSTM-rec,4,11,728,1.3816008597695044,1.930228973953615,0.7157704492123665,9.38223500174626
smooth,0.018,1,LSTM-rec,4,12,679,1.3794645729538775,1.9234793182103835,0.717171513046129,11.019124524262217
smooth,0.018,1,LSTM-rec,4,13,630,1.3835102084068052,1.919235643959661,0.7208652115028582,12.835211770375084
smooth,0.018,1,LSTM-rec,4,14,581,1.3914556925597412,1.921919732746244,0.7239926147027382,14.776519968334407
smooth,0.018,1,LSTM-rec,4,15,534,1.3998436622433297,1.9232882988834077,0.7278387036701823,16.83868460321916
smooth,0.018,1,LSTM-rec,4,16,490,1.4056467940460156,1.9221039025625797,0.7313063524672027,18.993949578449804
smooth,0.018,1,LSTM-rec,4,17,453,1.4179960287978757,1.9277813828358776,0.7355585241267979,21.247406797014595
smooth,0.018,1,LSTM-rec,4,18,418,1.4288124617808358,1.937679405312497,0.7373833142177644,23.57883965588203
smooth,0.018,1,LSTM-rec,4,19,387,1.4368945395564716,1.9378163704975875,0.7415019097952555,25.953176684425227
smooth,0.018,1,LSTM-rec,4,20,357,1.442214749627563,1.9421010613120355,0.7426054072867033,28.373562784119983
smooth,0.018,1,LSTM-ms,0,1,1228,1.8656856934001036,1.9531689868134303,0.9552095625089488,0.28655204455911704
smooth,0.018,1,LSTM-ms,0,2,1178,1.8109895833551903,1.952414925264057,0.927563890196271,0.5749676860922379
smooth,0.018,1,LSTM-ms,0,3,1128,1.7591617119508887,1.9504892525754707,0.9019079236802003,0.8888725649344832
smooth,0.018,1,LSTM-ms,0,4,1078,1.603454200400759,1.9475146464040078,0.8233335771628009,1.3043280825812809
smooth,0.018,1,LSTM-ms,0,5,1028,1.5460461115614468,1.9476764669915154,0.7937900045327095,1.7820187110560362
smooth,0.018,1,LSTM-ms,0,6,978,1.4259673069301086,1.9443682496564996,0.7333833532727281,2.365582796297157
smooth,0.018,1,LSTM-ms,0,7,928,1.301343691314751,1.9403540201918403,0.6706733295948173,3.063018393473191
smooth,0.018,1,LSTM-ms,0,8,878,1.1973829486596776,1.9384418423489684,0.617703829178961,3.8831349983088113
smooth,0.018,1,LSTM-ms,0,9,828,1.1307989065320312,1.9348960167046527,0.5844236055940153,4.79710597910464
smooth,0.018,1,LSTM-ms,0,10,778,0.95722985092267,1.9328095007753487,0.49525307617676556,5.875296450872169
smooth,0.018,1,LSTM-ms,0,11,728,0.8907833851030588,1.930228973953615,0.46149104439070815,7.011522302156854
smooth,0.018,1,LSTM-ms,0,12,679,0.7684231084322711,1.9234793182103835,0.3994964235681081,8.268774685281798
smooth,0.018,1,LSTM-ms,0,13,630,0.7432177268464849,1.919235643959661,0.38724672980391256,9.595643454537809
smooth,0.018,1,LSTM-ms,0,14,581,0.7383920724989714,1.921919732746244,0.3841950628416089,10.983215059311442
smooth,0.018,1,LSTM-ms,0,15,534,0.7201072643204643,1.9232882988834077,0.37441462350627974,12.415974256881666
smooth,0.018,1,LSTM-ms,0,16,490,0.7186803716816497,1.9221039025625797,0.3739029772134032,13.855478885188464
smooth,0.018,1,LSTM-ms,0,17,453,0.7388573679210132,1.9277813828358776,0.3832682349251197,15.379281380852916
smooth,0.018,1,LSTM-ms,0,18,418,0.7485884811740123,1.937679405312497,0.3863324753938253,16.824955751231286
smooth,0.018,1,LSTM-ms,0,19,387,0.7090065625853694,1.9378163704975875,0.36587912734131384,18.223022720036248
smooth,0.018,1,LSTM-ms,0,20,357,0.6916296462662568,1.9421010613120355,0.35612443659291804,19.505854446713045
smooth,0.018,1,LSTM-ms,1,1,1228,1.8223586439473023,1.9531689868134303,0.9330266127768374,0.2936544947956888
smooth,0.018,1,LSTM-ms,1,2,1178,1.8159975823553924,1.952414925264057,0.9301289182215124,0.5742107921589185
smooth,0.018,1,LSTM-ms,1,3,1128,1.7638730168078554,1.9504892525754707,0.904323371420169,0.889044544549281
smooth,0.018,1,LSTM-ms,1,4,1078,1.6296189271829613,1.9475146464040078,0.8367685091313558,1.2917721096272687
smooth,0.018,1,LSTM-ms,1,5,1028,1.5834075799834089,1.9476764669915154,0.8129725890405322,1.7525256623259882
smooth,0.018,1,LSTM-ms,1,6,978,1.4390114112050112,1.9443682496564996,0.7400920126417582,2.3423267386739295
smooth,0.018,1,LSTM-ms,1,7,928,1.3542773470459462,1.9403540201918403,0.6979537408910825,3.0252424190910063
smooth,0.018,1,LSTM-ms,1,8,878,1.2289697100303125,1.9384418423489684,0.6339987525966059,3.8313221932271495
smooth,0.018,1,LSTM-ms,1,9,828,1.1363581794914608,1.9348960167046527,0.5872967692738381,4.747023858506633
smooth,0.018,1,LSTM-ms,1,10,778,1.0259956510227213,1.9328095007753487,0.5308312332959569,5.767474058814517
smooth,0.018,1,LSTM-ms,1,11,728,0.9312985447130493,1.930228973953615,0.4824808648507155,6.8577038221495155
smooth,0.018,1,LSTM-ms,1,12,679,0.8572961080607433,1.9234793182103835,0.4457007153361943,8.02378744768409
smooth,0.018,1,LSTM-ms,1,13,630,0.8156525768072372,1.919235643959661,0.42498823913275596,9.259652356357213
smooth,0.018,1,LSTM-ms,1,14,581,0.7631636085667652,1.921919732746244,0.39708401738311705,10.556122576248827
smooth,0.018,1,LSTM-ms,1,15,534,0.7625474966537025,1.9232882988834077,0.39648111887147147,11.896253764902
smooth,0.018,1,LSTM-ms,1,16,490,0.7564540952626507,1.9221039025625797,0.3935552569526205,13.197077181366133
smooth,0.018,1,LSTM-ms,1,17,453,0.7524083244856348,1.9277813828358776,0.3902975364243837,14.514763139405243
smooth,0.018,1,LSTM-ms,1,18,418,0.7015335525285888,1.937679405312497,0.3620483092327907,15.827071046112424
smooth,0.018,1,LSTM-ms,1,19,387,0.6856536242215396,1.9378163704975875,0.3538279656732796,17.031541380068212
smooth,0.018,1,LSTM-ms,1,20,357,0.6732853659171926,1.9421010613120355,0.3466788517495262,18.11620660921156
smooth,0.018,1,LSTM-ms,2,1,1228,1.9912854452641557,1.9531689868134303,1.019515187220391,0.30583361906264533
smooth,0.018,1,LSTM-ms,2,2,1178,1.9074264655509676,1.952414925264057,0.9769575313469779,0.5542731272282738
smooth,0.018,1,LSTM-ms,2,3,1128,1.8831512513387947,1.9504892525754707,0.965476353613453,0.8146752374588956
smooth,0.018,1,LSTM-ms,2,4,1078,1.7565247460036544,1.9475146464040078,0.901931469037726,1.125536351357921
smooth,0.018,1,LSTM-ms,2,5,1028,1.6930165004634894,1.9476764669915154,0.869249348727108,1.4950342953075464
smooth,0.018,1,LSTM-ms,2,6,978,1.597756474762015,1.9443682496564996,0.8217355303164827,1.964097235888294
smooth,0.018,1,LSTM-ms,2,7,928,1.5373335469423848,1.9403540201918403,0.7922953909155148,2.5190372021705465
smooth,0.018,1,LSTM-ms,2,8,878,1.3573767419679732,1.9384418423489684,0.7002411484902373,3.1865342902679616
smooth,0.018,1,LSTM-ms,2,9,828,1.269533417535508,1.9348960167046527,0.656124880394176,3.987029946037811
smooth,0.018,1,LSTM-ms,2,10,778,1.1833974449435627,1.9328095007753487,0.6122680194136264,4.882267556883471
smooth,0.018,1,LSTM-ms,2,11,728,1.0888893901175594,1.930228973953615,0.5641244664809006,5.842500599184015
smooth,0.018,1,LSTM-ms,2,12,679,0.9966280492006481,1.9234793182103835,0.5181381675202604,6.894271772373511
smooth,0.018,1,LSTM-ms,2,13,630,0.9230449705911407,1.919235643959661,0.4809440536893975,8.05952839365142
smooth,0.018,1,LSTM-ms,2,14,581,0.8803337618049049,1.921919732746244,0.458049182182541,9.282371041359516
smooth,0.018,1,LSTM-ms,2,15,534,0.8392497161798392,1.9232882988834077,0.4363618895134326,10.564317087905229
smooth,0.018,1,LSTM-ms,2,16,490,0.8836908017898839,1.9221039025625797,0.45975183787501456,11.780655589911426
smooth,0.018,1,LSTM-ms,2,17,453,0.8255614287021886,1.9277813828358776,0.4282443206748579,13.063551691937933
smooth,0.018,1,LSTM-ms,2,18,418,0.8466720834467891,1.937679405312497,0.43695158297367725,14.254901769554982
smooth,0.018,1,LSTM-ms,2,19,387,0.8062254719460403,1.9378163704975875,0.41604843690066456,15.35243673484992
smooth,0.018,1,LSTM-ms,2,20,357,0.8039000733358302,1.9421010613120355,0.41393318264948337,16.32379456674956
smooth,0.018,1,LSTM-ms,3,1,1228,1.89047192876129,1.9531689868134303,0.9678998292132266,0.26240225187908117
smooth,0.018,1,LSTM-ms,3,2,1178,1.894792169474797,1.952414925264057,0.9704864191296495,0.4950157873115156
smooth,0.018,1,LSTM-ms,3,3,1128,1.8683341812618868,1.9504892525754707,0.9578797621134777,0.7450377869755703
smooth,0.018,1,LSTM-ms,3,4,1078,1.7764476620773673,1.9475146464040078,0.9121613875189553,1.0413492468683263
smooth,0.018,1,LSTM-ms,3,5,1028,1.7076942846468481,1.9476764669915154,0.8767853971582064,1.3863309495517997
smooth,0.018,1,LSTM-ms,3,6,978,1.6184426674614452,1.9443682496564996,0.8323745606046418,1.81133052050272
smooth,0.018,1,LSTM-ms,3,7,928,1.5348656561321754,1.9403540201918403,0.7910235143483895,2.3265140183596005
smooth,0.018,1,LSTM-ms,3,8,878,1.4565100575970082,1.9384418423489684,0.7513818706224562,2.956450096234726
smooth,0.018,1,LSTM-ms,3,9,828,1.3632532084174418,1.9348960167046527,0.7045614837427887,3.6877441727237406
smooth,0.018,1,LSTM-ms,3,10,778,1.2524408824044864,1.9328095007753487,0.6479898209844625,4.531180787899676
smooth,0.018,1,LSTM-ms,3,11,728,1.2070491940019479,1.930228973953615,0.6253399002345275,5.428895488363177
smooth,0.018,1,LSTM-ms,3,12,679,1.142109189387134,1.9234793182103835,0.5937725342686602,6.421103022666321
smooth,0.018,1,LSTM-ms,3,13,630,1.0270718713655307,1.919235643959661,0.5351463092080412,7.549641898959575
smooth,0.018,1,LSTM-ms,3,14,581,0.9427786400565271,1.921919732746244,0.4905400699067616,8.78758348933536
smooth,0.018,1,LSTM-ms,3,15,534,0.8238054235925122,1.9232882988834077,0.4283317400052733,10.10997631863152
smooth,0.018,1,LSTM-ms,3,16,490,0.8368950936774757,1.9221039025625797,0.43540575125086306,11.413831616579726
smooth,0.018,1,LSTM-ms,3,17,453,0.7859286592063596,1.9277813828358776,0.4076855737916782,12.79978472097128
smooth,0.018,1,LSTM-ms,3,18,418,0.7249451160063967,1.937679405312497,0.3741305780609677,14.162078114236465
smooth,0.018,1,LSTM-ms,3,19,387,0.6704304964290501,1.9378163704975875,0.34597215021818534,15.511576837125249
smooth,0.018,1,LSTM-ms,3,20,357,0.6983306969263872,1.9421010613120355,0.3595748495470221,16.764682507468837
smooth,0.018,1,LSTM-ms,4,1,1228,1.8047026381379394,1.9531689868134303,0.9239869413871291,0.3535173600695451
smooth,0.018,1,LSTM-ms,4,2,1178,1.7639240335196686,1.952414925264057,0.903457564626589,0.7138819052105849
smooth,0.018,1,LSTM-ms,4,3,1128,1.681564620489676,1.9504892525754707,0.862124525048933,1.134849289020153
smooth,0.018,1,LSTM-ms,4,4,1078,1.5989944766639246,1.9475146464040078,0.8210436207072388,1.6119398504559188
smooth,0.018,1,LSTM-ms,4,5,1028,1.5129358427550403,1.9476764669915154,0.7767901232035737,2.150601429633114
smooth,0.018,1,LSTM-ms,4,6,978,1.3937288943502175,1.9443682496564996,0.7168029485137086,2.7938317984230583
smooth,0.018,1,LSTM-ms,4,7,928,1.3003285810167853,1.9403540201918403,0.6701501723320693,3.5121278894553893
smooth,0.018,1,LSTM-ms,4,8,878,1.2494152488394925,1.9384418423489684,0.6445461615322304,4.310707181921216
smooth,0.018,1,LSTM-ms,4,9,828,1.0829576010126771,1.9348960167046527,0.5596980879918688,5.26036689726244
smooth,0.018,1,LSTM-ms,4,10,778,0.9683516847723659,1.9328095007753487,0.5010073079545141,6.319182858241862
smooth,0.018,1,LSTM-ms,4,11,728,0.8780286403307925,1.930228973953615,0.45488315229895226,7.452779315448077
smooth,0.018,1,LSTM-ms,4,12,679,0.8008446909327035,1.9234793182103835,0.41635211949032763,8.6614377103074
smooth,0.018,1,LSTM-ms,4,13,630,0.7525787007209501,1.919235643959661,0.3921241787528869,9.95128771651814
smooth,0.018,1,LSTM-ms,4,14,581,0.7368403260571335,1.921919732746244,0.38338766885142356,11.291806983866971
smooth,0.018,1,LSTM-ms,4,15,534,0.7419506388639965,1.9232882988834077,0.38577192992581844,12.679980967153515
smooth,0.018,1,LSTM-ms,4,16,490,0.6805800027061492,1.9221039025625797,0.35408075588358623,14.04563682556923
smooth,0.018,1,LSTM-ms,4,17,453,0.7077921477316779,1.9277813828358776,0.3671537416190184,15.481824203811035
smooth,0.018,1,LSTM-ms,4,18,418,0.650125931989938,1.937679405312497,0.33551780042018337,16.85320126953029
smooth,0.018,1,LSTM-ms,4,19,387,0.6542475094910307,1.9378163704975875,0.3376210044726966,18.05708016560633
smooth,0.018,1,LSTM-ms,4,20,357,0.6360493676196699,1.9421010613120355,0.3275058030141699,19.2235772463248
smooth,0.018,2,ConstVel,0,1,1019,1.9725401783213667,1.938823755147905,1.0173901434227526,0.2951557331799253
smooth,0.018,2,ConstVel,0,2,969,1.9943159763249871,1.9336775454018187,1.0313591224490162,0.5454066956475286
smooth,0.018,2,ConstVel,0,3,919,1.9990844529160219,1.9306566435149655,1.035442764839053,0.7897997279680893
smooth,0.018,2,ConstVel,0,4,869,1.9978131350825479,1.9276369264504187,1.036405304167602,1.0517553429878175
smooth,0.018,2,ConstVel,0,5,819,1.9980662107981257,1.9220685149658028,1.0395395352666057,1.3331891228204136
smooth,0.018,2,ConstVel,0,6,769,1.9972128925788453,1.9214184638621736,1.0394471220830885,1.59360782430364
smooth,0.018,2,ConstVel,0,7,719,1.9986622780342533,1.916211815773679,1.0430278435723375,1.8809387757439529
smooth,0.018,2,ConstVel,0,8,669,1.9963049623445273,1.9092763580253702,1.045581983956039,2.15881797259034
smooth,0.018,2,ConstVel,0,9,619,1.9962008842093881,1.9032099864546599,1.0488600303784417,2.455828526405942
smooth,0.018,2,ConstVel,0,10,569,1.9979255132583114,1.901138806551907,1.050909858013969,2.7750192564246903
smooth,0.018,2,ConstVel,0,11,519,1.996436669683595,1.9003519504084425,1.0505615390109715,3.0515527172544705
smooth,0.018,2,ConstVel,0,12,475,1.9978680573532015,1.8960239219282629,1.053714583580445,3.364926221856532
smooth,0.018,2,ConstVel,0,13,431,1.9960717665583587,1.8826390088157399,1.0602519958480903,3.6625814418396603
smooth,0.018,2,ConstVel,0,14,387,1.9990511513062212,1.871017012178565,1.068430237830161,4.038970357521768
smooth,0.018,2,ConstVel,0,15,346,1.9934383181663429,1.856520294631653,1.0737498124478382,4.381121735450348
smooth,0.018,2,ConstVel,0,16,305,1.9948385021656831,1.8567538387845803,1.0743688584327862,4.838731263928393
smooth,0.018,2,ConstVel,0,17,269,1.989863273563988,1.872025535188944,1.0629466511861179,5.16977168176149
smooth,0.018,2,ConstVel,0,18,239,1.9851096741114163,1.890723251501892,1.0499208028115954,5.554581155412362
smooth,0.018,2,ConstVel,0,19,212,1.9862903031666304,1.891959106015684,1.049859004272878,6.015846758991724
smooth,0.018,2,ConstVel,0,20,188,1.9838405658992309,1.903025149285085,1.042466814820869,6.48519043802194
smooth,0.018,2,Kalman,0,1,1019,1.9814905101898537,1.938823755147905,1.0220065155116143,0.27825446838515844
smooth,0.018,2,Kalman,0,2,969,1.996081737720699,1.9336775454018187,1.0322722847287926,0.49539709802850146
smooth,0.018,2,Kalman,0,3,919,1.998849021724237,1.9306566435149655,1.035320821254431,0.70847560285315
smooth,0.018,2,Kalman,0,4,869,1.9981574826691535,1.9276369264504187,1.0365839413278892,0.9341861759646379
smooth,0.018,2,Kalman,0,5,819,1.998306690541247,1.9220685149658028,1.0396646503398972,1.1713099205899862
smooth,0.018,2,Kalman,0,6,769,1.9980274535866895,1.9214184638621736,1.0398710594102063,1.394305877126053
smooth,0.018,2,Kalman,0,7,719,1.9985707033746911,1.916211815773679,1.0429800541480114,1.6313955540861451
smooth,0.018,2,Kalman,0,8,669,1.9972936766448854,1.9092763580253702,1.0460998316192138,1.8768975302505413
smooth,0.018,2,Kalman,0,9,619,1.997650861652035,1.9032099864546599,1.0496218892657776,2.1430840116165393
smooth,0.018,2,Kalman,0,10,569,1.9985110229531453,1.901138806551907,1.0512178364176585,2.4158946595251147
smooth,0.018,2,Kalman,0,11,519,1.9976164456975851,1.9003519504084425,1.0511823587563542,2.6621069511591995
smooth,0.018,2,Kalman,0,12,475,1.9983599152427987,1.8960239219282629,1.053973999025529,2.946039344385702
smooth,0.018,2,Kalman,0,13,431,1.997612920149347,1.8826390088157399,1.0610706092858082,3.224662904958859
smooth,0.018,2,Kalman,0,14,387,1.9982212098163634,1.871017012178565,1.0679866600943864,3.5655781357543916
smooth,0.018,2,Kalman,0,15,346,1.9945579756535434,1.856520294631653,1.0743529071139393,3.9027961696751143
smooth,0.018,2,Kalman,0,16,305,1.993813577626656,1.8567538387845803,1.0738168603608726,4.303295470408172
smooth,0.018,2,Kalman,0,17,269,1.9897666567196497,1.872025535188944,1.062895040327974,4.592489855241207
smooth,0.018,2,Kalman,0,18,239,1.9874083249674876,1.890723251501892,1.0511365549605391,4.999023653367461
smooth,0.018,2,Kalman,0,19,212,1.987220040889046,1.891959106015684,1.0503504196102704,5.444565777071023
smooth,0.018,2,Kalman,0,20,188,1.9843116066525983,1.903025149285085,1.0427143369061889,5.845205220719593
smooth,0.018,2,LSTM-rec,0,1,1019,1.869154857901364,1.938823755147905,0.9640664103369074,0.30857119923174464
smooth,0.018,2,LSTM-rec,0,2,969,1.7999298516614626,1.9336775454018187,0.9308324730468113,0.6274498967170515
smooth,0.018,2,LSTM-rec,0,3,919,1.708816783354892,1.9306566435149655,0.8850961609847982,1.0244045356365419
smooth,0.018,2,LSTM-rec,0,4,869,1.6135763693193803,1.9276369264504187,0.8370748387200931,1.5501603756994018
smooth,0.018,2,LSTM-rec,0,5,819,1.524514093254051,1.9220685149658028,0.7931632412599896,2.204863027645873
smooth,0.018,2,LSTM-rec,0,6,769,1.4429125047192637,1.9214184638621736,0.7509621312886301,2.9764978582023853
smooth,0.018,2,LSTM-rec,0,7,719,1.3707832803398878,1.916211815773679,0.7153610415383166,3.896895579398807
smooth,0.018,2,LSTM-rec,0,8,669,1.3030711987783006,1.9092763580253702,0.6824948066323804,4.9300569647488395
smooth,0.018,2,LSTM-rec,0,9,619,1.2436161547415183,1.9032099864546599,0.6534308686863045,6.047742324795581
smooth,0.018,2,LSTM-rec,0,10,569,1.1902428766795345,1.901138806551907,0.6260683715347837,7.2605325875036035
smooth,0.018,2,LSTM-rec,0,11,519,1.1368884232420178,1.9003519504084425,0.5982515096730721,8.554986908123954
smooth,0.018,2,LSTM-rec,0,12,475,1.0929961932999472,1.8960239219282629,0.5764675121758835,9.968513031146392
smooth,0.018,2,LSTM-rec,0,13,431,1.0532821069283673,1.8826390088157399,0.5594710945625878,11.503471214037743
smooth,0.018,2,LSTM-rec,0,14,387,1.0204333477430676,1.871017012178565,0.5453896683466821,13.1090150630792
smooth,0.018,2,LSTM-rec,0,15,346,0.9832382356521409,1.856520294631653,0.5296135132458772,14.815722139880833
smooth,0.018,2,LSTM-rec,0,16,305,0.9505556186637337,1.8567538387845803,0.5119448786415121,16.600597158927705
smooth,0.018,2,LSTM-rec,0,17,269,0.9250789249542222,1.872025535188944,0.49415935176378545,18.58310376759594
smooth,0.018,2,LSTM-rec,0,18,239,0.9048164506386666,1.890723251501892,0.47855573253247274,20.596523837279925
smooth,0.018,2,LSTM-rec,0,19,212,0.882288437780417,1.891959106015684,0.4663358922373574,22.544446481472374
smooth,0.018,2,LSTM-rec,0,20,188,0.8552596569916868,1.903025149285085,0.44942110056348167,24.605772031185943
smooth,0.018,2,LSTM-rec,1,1,1019,1.8846266179548767,1.938823755147905,0.9720463827363752,0.2848193312549246
smooth,0.018,2,LSTM-rec,1,2,969,1.8366887804884737,1.9336775454018187,0.949842327566983,0.5407222041648948
smooth,0.018,2,LSTM-rec,1,3,919,1.7677172189388624,1.9306566435149655,0.9156041416668194,0.8220384273273175
smooth,0.018,2,LSTM-rec,1,4,869,1.6918337596498898,1.9276369264504187,0.877672416643968,1.1711879636245537
smooth,0.018,2,LSTM-rec,1,5,819,1.6197929273916591,1.9220685149658028,0.8427342286601466,1.5764492954812066
smooth,0.018,2,LSTM-rec,1,6,769,1.554697549988561,1.9214184638621736,0.8091405278075239,2.027515323555538
smooth,0.018,2,LSTM-rec,1,7,719,1.4959421777699808,1.916211815773679,0.7806768361701119,2.5612319259964704
smooth,0.018,2,LSTM-rec,1,8,669,1.441283109139454,1.9092763580253702,0.7548844896555842,3.1653312770942637
smooth,0.018,2,LSTM-rec,1,9,619,1.394170567683178,1.9032099864546599,0.7325363872644808,3.7935692074975114
smooth,0.018,2,LSTM-rec,1,10,569,1.3549288240490844,1.901138806551907,0.712693265415226,4.495663599131138
smooth,0.018,2,LSTM-rec,1,11,519,1.3207357863969158,1.9003519504084425,0.6949953592086193,5.265404056549013
smooth,0.018,2,LSTM-rec,1,12,475,1.2914483401382468,1.8960239219282629,0.6811350453979712,6.046696956839501
smooth,0.018,2,LSTM-rec,1,13,431,1.266352722939949,1.8826390088157399,0.6726476594875928,6.8379165525204755
smooth,0.018,2,LSTM-rec,1,14,387,1.2469567709579823,1.871017012178565,0.6664593442183924,7.637900168312496
smooth,0.018,2,LSTM-rec,1,15,346,1.230999311519465,1.856520294631653,0.6630680607580992,8.527288618649289
smooth,0.018,2,LSTM-rec,1,16,305,1.2205540685781961,1.8567538387845803,0.6573591194927397,9.370790602399206
smooth,0.018,2,LSTM-rec,1,17,269,1.2082413315077096,1.872025535188944,0.6454192578018234,10.22658327586002
smooth,0.018,2,LSTM-rec,1,18,239,1.1971025246425444,1.890723251501892,0.6331452917245444,11.10185817776557
smooth,0.018,2,LSTM-rec,1,19,212,1.1900545664935622,1.891959106015684,0.6290064952829361,11.853497434552285
smooth,0.018,2,LSTM-rec,1,20,188,1.1828808800271817,1.903025149285085,0.621579215845654,12.601688036732954
smooth,0.018,2,LSTM-rec,2,1,1019,1.8726883623273172,1.938823755147905,0.9658889093735379,0.2941775154111907
smooth,0.018,2,LSTM-rec,2,2,969,1.8124448701814724,1.9336775454018187,0.937304606184919,0.5901415816912337
smooth,0.018,2,LSTM-rec,2,3,919,1.7393700128441905,1.9306566435149655,0.9009214655991252,0.9514685498049686
smooth,0.018,2,LSTM-rec,2,4,869,1.672811764149957,1.9276369264504187,0.8678043780943225,1.431566243448782
smooth,0.018,2,LSTM-rec,2,5,819,1.6210317735483943,1.9220685149658028,0.8433787666394585,2.0242334411768863
smooth,0.018,2,LSTM-rec,2,6,769,1.5863657139969984,1.9214184638621736,0.8256221868547584,2.7101379613825105
smooth,0.018,2,LSTM-rec,2,7,719,1.5686896759203832,1.916211815773679,0.8186410620200762,3.4978643894571113
smooth,0.018,2,LSTM-rec,2,8,669,1.5641778802056252,1.9092763580253702,0.8192516885420108,4.4038608993624795
smooth,0.018,2,LSTM-rec,2,9,619,1.5711975956676567,1.9032099864546599,0.8255513615681037,5.367808235630605
smooth,0.018,2,LSTM-rec,2,10,569,1.5868823816991176,1.901138806551907,0.8347009572526921,6.408974273174403
smooth,0.018,2,LSTM-rec,2,11,519,1.609799156495809,1.9003519504084425,0.8471057985600062,7.498652359697627
smooth,0.018,2,LSTM-rec,2,12,475,1.6310950161126967,1.8960239219282629,0.8602713274070232,8.621755912252421
smooth,0.018,2,LSTM-rec,2,13,431,1.6538317689336433,1.8826390088157399,0.8784646239610078,9.761420234054707
smooth,0.018,2,LSTM-rec,2,14,387,1.6790758842234006,1.871017012178565,0.8974134779610192,10.86481493238546
smooth,0.018,2,LSTM-rec,2,15,346,1.7072716547472804,1.856520294631653,0.9196083984021383,11.898391596294251
smooth,0.018,2,LSTM-rec,2,16,305,1.7384298351915999,1.8567538387845803,0.9362737261550865,12.87068584279351
smooth,0.018,2,LSTM-rec,2,17,269,1.76378056115367,1.872025535188944,0.9421776188408942,13.845194648119335
smooth,0.018,2,LSTM-rec,2,18,239,1.7867069368541115,1.890723251501892,0.9449859652568638,14.867870577382046
smooth,0.018,2,LSTM-rec,2,19,212,1.8133984342717688,1.891959106015684,0.9584765487297674,15.578665017791415
smooth,0.018,2,LSTM-rec,2,20,188,1.838624260935293,1.903025149285085,0.9661586772124449,16.09392866555687
smooth,0.018,2,LSTM-rec,3,1,1019,1.9415095324303306,1.938823755147905,1.0013852611797718,0.29215120434361974
smooth,0.018,2,LSTM-rec,3,2,969,1.9356449419846007,1.9336775454018187,1.001017437776769,0.5563484229265006
smooth,0.018,2,LSTM-rec,3,3,919,1.9164325349198181,1.9306566435149655,0.9926325021888662,0.8531626719156793
smooth,0.018,2,LSTM-rec,3,4,869,1.8902191348076307,1.9276369264504187,0.980588776273502,1.2199379796186394
smooth,0.018,2,LSTM-rec,3,5,819,1.866276139997414,1.9220685149658028,0.9709727439297962,1.6620414928816944
smooth,0.018,2,LSTM-rec,3,6,769,1.8434385031200484,1.9214184638621736,0.9594154203216199,2.162341810837723
smooth,0.018,2,LSTM-rec,3,7,719,1.8247597372662887,1.916211815773679,0.9522745461881696,2.7713421883823037
smooth,0.018,2,LSTM-rec,3,8,669,1.8051474434060555,1.9092763580253702,0.9454615806760379,3.4414407089160397
smooth,0.018,2,LSTM-rec,3,9,619,1.7899761386702278,1.9032099864546599,0.940503754924402,4.200598963561709
smooth,0.018,2,LSTM-rec,3,10,569,1.7795696557251612,1.901138806551907,0.9360545635027904,5.038253950080095
smooth,0.018,2,LSTM-rec,3,11,519,1.7684316565019198,1.9003519504084425,0.9305811253130405,5.92224452364847
smooth,0.018,2,LSTM-rec,3,12,475,1.765846887037919,1.8960239219282629,0.931342092583962,6.938955971997869
smooth,0.018,2,LSTM-rec,3,13,431,1.7670425846146338,1.8826390088157399,0.9385987310048244,8.05991283396393
smooth,0.018,2,LSTM-rec,3,14,387,1.7768976602467639,1.871017012178565,0.949696153846185,9.302992931148955
smooth,0.018,2,LSTM-rec,3,15,346,1.7807365534667436,1.856520294631653,0.9591796861127524,10.613888040738594
smooth,0.018,2,LSTM-rec,3,16,305,1.7914137305020832,1.8567538387845803,0.9648094933654381,12.022973592837598
smooth,0.018,2,LSTM-rec,3,17,269,1.805918307197285,1.872025535188944,0.9646867915265981,13.54852561466918
smooth,0.018,2,LSTM-rec,3,18,239,1.8212813517890911,1.890723251501892,0.9632723088068866,15.172761389838533
smooth,0.018,2,LSTM-rec,3,19,212,1.8364842556225394,1.891959106015684,0.9706786207921956,16.856244365370166
smooth,0.018,2,LSTM-rec,3,20,188,1.8385101548049,1.903025149285085,0.9660987168223072,18.678479286959863
smooth,0.018,2,LSTM-rec,4,1,1019,1.8848768595173078,1.938823755147905,0.9721754514883784,0.31739073885664
smooth,0.018,2,LSTM-rec,4,2,969,1.8355909987656096,1.9336775454018187,0.9492746105112232,0.6495376674719714
smooth,0.018,2,LSTM-rec,4,3,919,1.7735534410086788,1.9306566435149655,0.9186270624380607,1.0667669086694607
smooth,0.018,2,LSTM-rec,4,4,869,1.7085760674876638,1.9276369264504187,0.8863578218714988,1.6168096050981262
smooth,0.018,2,LSTM-rec,4,5,819,1.65199477366072,1.9220685149658028,0.8594879739186155,2.309862117849078
smooth,0.018,2,LSTM-rec,4,6,769,1.6032643703927447,1.9214184638621736,0.8344170728796272,3.125183093306142
smooth,0.018,2,LSTM-rec,4,7,719,1.5635059166895064,1.916211815773679,0.815935850003218,4.092673496414748
smooth,0.018,2,LSTM-rec,4,8,669,1.5271016705374427,1.9092763580253702,0.7998327031697057,5.167474324235384
smooth,0.018,2,LSTM-rec,4,9,619,1.4991923105562073,1.9032099864546599,0.7877177616900459,6.354254374998341
smooth,0.018,2,LSTM-rec,4,10,569,1.478889156884823,1.901138806551907,0.7778964648915259,7.660961688701098
smooth,0.018,2,LSTM-rec,4,11,519,1.4620866961270391,1.9003519504084425,0.7693767966574786,9.074914217534507
smooth,0.018,2,LSTM-rec,4,12,475,1.4593931805284261,1.8960239219282629,0.7697124301281063,10.627386675825052
smooth,0.018,2,LSTM-rec,4,13,431,1.4622487183334105,1.8826390088157399,0.7767015936067463,12.32067556121925
smooth,0.018,2,LSTM-rec,4,14,387,1.472623206369634,1.871017012178565,0.7870709869467989,14.147135416682232
smooth,0.018,2,LSTM-rec,4,15,346,1.475744467895491,1.856520294631653,0.7948981070461658,16.11062411432954
smooth,0.018,2,LSTM-rec,4,16,305,1.4826103714581729,1.8567538387845803,0.7984959236323327,18.23646973372781
smooth,0.018,2,LSTM-rec,4,17,269,1.493740474964628,1.872025535188944,0.7979274037059886,20.49814380687834
smooth,0.018,2,LSTM-rec,4,18,239,1.5026437562723813,1.890723251501892,0.7947454790534572,22.826683481003336
smooth,0.018,2,LSTM-rec,4,19,212,1.5088448777567744,1.891959106015684,0.7975039592342364,25.266619864636844
smooth,0.018,2,LSTM-rec,4,20,188,1.5076366209694179,1.903025149285085,0.7922315800901507,27.928847276567037
smooth,0.018,2,LSTM-ms,0,1,1019,1.8460175321085392,1.938823755147905,0.9521327182045559,0.314461053205999
smooth,0.018,2,LSTM-ms,0,2,969,1.7818780447731746,1.9336775454018187,0.9214969936483902,0.6224541955091988
smooth,0.018,2,LSTM-ms,0,3,919,1.7348928038440807,1.9306566435149655,0.8986024571855118,0.9486445604864411
smooth,0.018,2,LSTM-ms,0,4,869,1.5537528926079642,1.9276369264504187,0.8060402201720993,1.3996534525631386
smooth,0.018,2,LSTM-ms,0,5,819,1.4998910735241566,1.9220685149658028,0.7803525534316567,1.9122329074887456
smooth,0.018,2,LSTM-ms,0,6,769,1.3613545636798694,1.9214184638621736,0.7085153959348657,2.522616491435413
smooth,0.018,2,LSTM-ms,0,7,719,1.221005583332894,1.916211815773679,0.6371976069043848,3.268024231464026
smooth,0.018,2,LSTM-ms,0,8,669,1.1031752414447935,1.9092763580253702,0.5777975706909867,4.13854722702313
smooth,0.018,2,LSTM-ms,0,9,619,1.0236822453922814,1.9032099864546599,0.5378714133899741,5.08008752955535
smooth,0.018,2,LSTM-ms,0,10,569,0.8397620924082697,1.901138806551907,0.44171529691266737,6.208108984244355
smooth,0.018,2,LSTM-ms,0,11,519,0.7628204151323307,1.9003519504084425,0.401410072996414,7.423031888108931
smooth,0.018,2,LSTM-ms,0,12,475,0.6702162000009269,1.8960239219282629,0.35348509702309805,8.754628457338422
smooth,0.018,2,LSTM-ms,0,13,431,0.6538625063372501,1.8826390088157399,0.3473116743440674,10.142865057201128
smooth,0.018,2,LSTM-ms,0,14,387,0.6592674586733355,1.871017012178565,0.35235781095635316,11.578177855555191
smooth,0.018,2,LSTM-ms,0,15,346,0.6741810157523129,1.856520294631653,0.3631422816662908,13.079819407688055
smooth,0.018,2,LSTM-ms,0,16,305,0.689544846559494,1.8567538387845803,0.3713711705644652,14.58517314762171
smooth,0.018,2,LSTM-ms,0,17,269,0.7294582252831465,1.872025535188944,0.38966254015841834,16.265236681006414
smooth,0.018,2,LSTM-ms,0,18,239,0.7361471831227873,1.890723251501892,0.389346871647149,17.874829565076425
smooth,0.018,2,LSTM-ms,0,19,212,0.7109657998748109,1.891959106015684,0.3757828578927631,19.324929194668815
smooth,0.018,2,LSTM-ms,0,20,188,0.6902702726556033,1.903025149285085,0.36272262240723363,20.70100817734112
smooth,0.018,2,LSTM-ms,1,1,1019,1.8061784945616521,1.938823755147905,0.9315846733185225,0.3208636079120407
smooth,0.018,2,LSTM-ms,1,2,969,1.7909781869931263,1.9336775454018187,0.9262031258789637,0.6185155682109249
smooth,0.018,2,LSTM-ms,1,3,919,1.7306609205338814,1.9306566435149655,0.8964105172958302,0.9474006630681476
smooth,0.018,2,LSTM-ms,1,4,869,1.5940407476246967,1.9276369264504187,0.8269403463649084,1.3758291481858655
smooth,0.018,2,LSTM-ms,1,5,819,1.53747686859208,1.9220685149658028,0.7999074208961977,1.8730970778489129
smooth,0.018,2,LSTM-ms,1,6,769,1.3805920842604373,1.9214184638621736,0.7185275410986524,2.47424387953448
smooth,0.018,2,LSTM-ms,1,7,719,1.2815133565795014,1.916211815773679,0.6687743734959095,3.1932131478982244
smooth,0.018,2,LSTM-ms,1,8,669,1.1493234956903153,1.9092763580253702,0.6019681178470043,4.036520616538312
smooth,0.018,2,LSTM-ms,1,9,619,1.0443405739696277,1.9032099864546599,0.548725879646653,4.962402243549628
smooth,0.018,2,LSTM-ms,1,10,569,0.9393573347374877,1.901138806551907,0.49410244612343635,5.995011535088663
smooth,0.018,2,LSTM-ms,1,11,519,0.843963606572543,1.9003519504084425,0.444109106416393,7.106114457861074
smooth,0.018,2,LSTM-ms,1,12,475,0.7604229755601857,1.8960239219282629,0.40106191001368424,8.29965801483112
smooth,0.018,2,LSTM-ms,1,13,431,0.7230870960397208,1.8826390088157399,0.3840816495641261,9.556802140949179
smooth,0.018,2,LSTM-ms,1,14,387,0.6719602377078253,1.871017012178565,0.3591417038615869,10.884104931691475
smooth,0.018,2,LSTM-ms,1,15,346,0.6799896024833573,1.856520294631653,0.36627103105181624,12.293542841441495
smooth,0.018,2,LSTM-ms,1,16,305,0.6819218636804264,1.8567538387845803,0.367265627481782,13.679646024750594
smooth,0.018,2,LSTM-ms,1,17,269,0.6828523019944398,1.872025535188944,0.36476655321131574,15.156711713728328
smooth,0.018,2,LSTM-ms,1,18,239,0.6619521314824893,1.890723251501892,0.35010524726803305,16.664374635837316
smooth,0.018,2,LSTM-ms,1,19,212,0.6466037515262978,1.891959106015684,0.34176412665070444,17.943922032492633
smooth,0.018,2,LSTM-ms,1,20,188,0.6395253770643704,1.903025149285085,0.3360572388150639,19.18227670652459
smooth,0.018,2,LSTM-ms,2,1,1019,1.9808419615458766,1.938823755147905,1.0216720092718103,0.33498784202665044
smooth,0.018,2,LSTM-ms,2,2,969,1.885943991801563,1.9336775454018187,0.9753146258983234,0.5943497004990155
smooth,0.018,2,LSTM-ms,2,3,919,1.8649981917578542,1.9306566435149655,0.9659916474647853,0.8594325184593086
smooth,0.018,2,LSTM-ms,2,4,869,1.7338467036332357,1.9276369264504187,0.8994674670535434,1.1899453228254115
smooth,0.018,2,LSTM-ms,2,5,819,1.6631668524507348,1.9220685149658028,0.8653005028180932,1.5783073008387496
smooth,0.018,2,LSTM-ms,2,6,769,1.5449993316651063,1.9214184638621736,0.8040931013848795,2.0522017249658933
smooth,0.018,2,LSTM-ms,2,7,719,1.483966000396017,1.916211815773679,0.7744269126097937,2.6124658412184663
smooth,0.018,2,LSTM-ms,2,8,669,1.2880283181418377,1.9092763580253702,0.6746159678392261,3.28897544797627
smooth,0.018,2,LSTM-ms,2,9,619,1.1959066878990097,1.9032099864546599,0.6283629743488106,4.0841365351814805
smooth,0.018,2,LSTM-ms,2,10,569,1.096428636743347,1.901138806551907,0.5767220325863203,4.9990585670334875
smooth,0.018,2,LSTM-ms,2,11,519,1.0019593706652508,1.9003519504084425,0.5272493710703955,5.98493561836945
smooth,0.018,2,LSTM-ms,2,12,475,0.9076033732628663,1.8960239219282629,0.478687722642144,7.043220402411775
smooth,0.018,2,LSTM-ms,2,13,431,0.8198405978887066,1.8826390088157399,0.43547413712861566,8.182234396405239
smooth,0.018,2,LSTM-ms,2,14,387,0.7752084862458922,1.871017012178565,0.4143246593697505,9.391079688348256
smooth,0.018,2,LSTM-ms,2,15,346,0.7329916138377092,1.856520294631653,0.39482014603192905,10.69200067492192
smooth,0.018,2,LSTM-ms,2,16,305,0.777377485960773,1.8567538387845803,0.4186755776251092,11.953771660329716
smooth,0.018,2,LSTM-ms,2,17,269,0.7319413134990325,1.872025535188944,0.39098895807805173,13.3352759101493
smooth,0.018,2,LSTM-ms,2,18,239,0.7526736931706103,1.890723251501892,0.398087711976211,14.640605111112391
smooth,0.018,2,LSTM-ms,2,19,212,0.7276660901810101,1.891959106015684,0.38460984059714554,15.796444732896358
smooth,0.018,2,LSTM-ms,2,20,188,0.7337409495166276,1.903025149285085,0.3855655558689144,16.86567881816281
smooth,0.018,2,LSTM-ms,3,1,1019,1.8811353599173863,1.938823755147905,0.9702456733999951,0.29067694923338266
smooth,0.018,2,LSTM-ms,3,2,969,1.8934203406235142,1.9336775454018187,0.9791810145005645,0.5240805295107549
smooth,0.018,2,LSTM-ms,3,3,919,1.8567399122808632,1.9306566435149655,0.9617142014959589,0.7653481673239102
smooth,0.018,2,LSTM-ms,3,4,869,1.770207868159956,1.9276369264504187,0.9183305444452369,1.0689560739876751
smooth,0.018,2,LSTM-ms,3,5,819,1.6969972282228352,1.9220685149658028,0.8829015277080422,1.424728076978972
smooth,0.018,2,LSTM-ms,3,6,769,1.6068675160132333,1.9214184638621736,0.8362923258181495,1.835662082725242
smooth,0.018,2,LSTM-ms,3,7,719,1.5032080646434745,1.916211815773679,0.7844686335140605,2.3418618902172543
smooth,0.018,2,LSTM-ms,3,8,669,1.429572040476487,1.9092763580253702,0.7487507161901865,2.928576002054154
smooth,0.018,2,LSTM-ms,3,9,619,1.3206907522146671,1.9032099864546599,0.6939280277080082,3.604200180606638
smooth,0.018,2,LSTM-ms,3,10,569,1.2083286173424939,1.901138806551907,0.6355814805201089,4.418615953133434
smooth,0.018,2,LSTM-ms,3,11,519,1.1494091281996288,1.9003519504084425,0.6048401339302366,5.2849781681027075
smooth,0.018,2,LSTM-ms,3,12,475,1.085719360126515,1.8960239219282629,0.5726295684193344,6.204148535666653
smooth,0.018,2,LSTM-ms,3,13,431,0.9677819164570973,1.8826390088157399,0.5140560202594938,7.248157300840295
smooth,0.018,2,LSTM-ms,3,14,387,0.8920607188021441,1.871017012178565,0.4767785183115204,8.40917804297798
smooth,0.018,2,LSTM-ms,3,15,346,0.7729268946931804,1.856520294631653,0.41633096978696627,9.715333242268777
smooth,0.018,2,LSTM-ms,3,16,305,0.770306750235099,1.8567538387845803,0.4148674606965332,11.025628942568751
smooth,0.018,2,LSTM-ms,3,17,269,0.7439658983648809,1.872025535188944,0.3974122598118258,12.504097206430796
smooth,0.018,2,LSTM-ms,3,18,239,0.6803204846989378,1.890723251501892,0.3598202350124624,14.00582024404911
smooth,0.018,2,LSTM-ms,3,19,212,0.6305941502159056,1.891959106015684,0.33330220944568245,15.426550299025518
smooth,0.018,2,LSTM-ms,3,20,188,0.6644624483689009,1.903025149285085,0.349161149351348,16.848271533828
smooth,0.018,2,LSTM-ms,4,1,1019,1.7684114368645687,1.938823755147905,0.9121053072354499,0.3865238776712182
smooth,0.018,2,LSTM-ms,4,2,969,1.7243733052520782,1.9336775454018187,0.8917584575321492,0.7704177691372368
smooth,0.018,2,LSTM-ms,4,3,919,1.6319390495480377,1.9306566435149655,0.8452766860589562,1.2291046254491669
smooth,0.018,2,LSTM-ms,4,4,869,1.542598653543425,1.9276369264504187,0.8002537367781135,1.7506930266744372
smooth,0.018,2,LSTM-ms,4,5,819,1.455428095164285,1.9220685149658028,0.7572196744454658,2.343006493043421
smooth,0.018,2,LSTM-ms,4,6,769,1.3345342699410379,1.9214184638621736,0.6945568053189928,3.0215388451960243
smooth,0.018,2,LSTM-ms,4,7,719,1.2222337314926635,1.916211815773679,0.6378385319574815,3.787404283352629
smooth,0.018,2,LSTM-ms,4,8,669,1.156055703315487,1.9092763580253702,0.6054941697969349,4.654067609416298
smooth,0.018,2,LSTM-ms,4,9,619,0.9818826890490311,1.9032099864546599,0.5159087520752784,5.638796535425702
smooth,0.018,2,LSTM-ms,4,10,569,0.8759546348805709,1.901138806551907,0.46075259305725746,6.737632391077944
smooth,0.018,2,LSTM-ms,4,11,519,0.7900752599901695,1.9003519504084425,0.41575207151515203,7.910762037406692
smooth,0.018,2,LSTM-ms,4,12,475,0.702944846390169,1.8960239219282629,0.3707468235291418,9.164006292334241
smooth,0.018,2,LSTM-ms,4,13,431,0.6565344067265022,1.8826390088157399,0.34873090574038956,10.48363709534454
smooth,0.018,2,LSTM-ms,4,14,387,0.6513900777509734,1.871017012178565,0.3481475975424249,11.846392240024572
smooth,0.018,2,LSTM-ms,4,15,346,0.6734946269256387,1.856520294631653,0.36277256374364864,13.275470466904148
smooth,0.018,2,LSTM-ms,4,16,305,0.6273424513470794,1.8567538387845803,0.3378705557209102,14.692509329249422
smooth,0.018,2,LSTM-ms,4,17,269,0.6574027845148069,1.872025535188944,0.35117191093681055,16.277620799100383
smooth,0.018,2,LSTM-ms,4,18,239,0.6119790815533674,1.890723251501892,0.32367459440044605,17.804625580337472
smooth,0.018,2,LSTM-ms,4,19,212,0.6101694805708847,1.891959106015684,0.32250669617053895,19.046280210784502
smooth,0.018,2,LSTM-ms,4,20,188,0.60135542292455,1.903025149285085,0.31599972451780944,20.26751271308003
trawl,0.008,0,ConstVel,0,1,3476,0.754610228174816,0.7549554550696806,0.9995427188550711,0.1276658625249666
trawl,0.008,0,ConstVel,0,2,3426,0.7535295453566538,0.7548203042310991,0.9982899785986015,0.2764700649117625
trawl,0.008,0,ConstVel,0,3,3376,0.7530440070071931,0.7543641195285486,0.9982500327266618,0.46692910645002594
trawl,0.008,0,ConstVel,0,4,3326,0.7523513209141874,0.7541319421663849,0.9976388465298496,0.6993490103675952
trawl,0.008,0,ConstVel,0,5,3276,0.7514243260235718,0.7539215952584255,0.9966876273997727,0.9715143498656521
trawl,0.008,0,ConstVel,0,6,3226,0.7496423112646378,0.7531993688556862,0.9952774023211776,1.2795654601612458
trawl,0.008,0,ConstVel,0,7,3176,0.7481717513535687,0.7526912268946577,0.9939955782934593,1.6203059643690867
trawl,0.008,0,ConstVel,0,8,3126,0.7460184906895688,0.7524664287758723,0.991430929221928,1.9896274714249012
trawl,0.008,0,ConstVel,0,9,3076,0.7439823482715429,0.7527130867693189,0.9884009742208033,2.3823096380430675
trawl,0.008,0,ConstVel,0,10,3026,0.7416860291580085,0.7527296821836963,0.9853285272428082,2.795011534312966
trawl,0.008,0,ConstVel,0,11,2976,0.7396712942985099,0.7525235594996124,0.9829211125168645,3.222125331695695
trawl,0.008,0,ConstVel,0,12,2926,0.737447642125727,0.7521875796998753,0.9804039072540529,3.666545002387661
trawl,0.008,0,ConstVel,0,13,2876,0.7353904784769567,0.7524561912514182,0.977319991551828,4.1184072489675145
trawl,0.008,0,ConstVel,0,14,2826,0.7340953506336303,0.7520342597565849,0.9761461543936031,4.5694487702936595
trawl,0.008,0,ConstVel,0,15,2776,0.7328150032264984,0.7517047087364424,0.9748708431776407,5.033469932388257
trawl,0.008,0,ConstVel,0,16,2726,0.7315601985496165,0.7515676125532817,0.973379089692683,5.501509687484362
trawl,0.008,0,ConstVel,0,17,2676,0.7304571658539042,0.7512290609704511,0.9723494521235462,5.982223591820112
trawl,0.008,0,ConstVel,0,18,2626,0.7297258357120315,0.7509982259822995,0.9716745132887047,6.46453127350519
trawl,0.008,0,ConstVel,0,19,2576,0.7288211112452114,0.7501522833991374,0.971564210859602,6.949791099841832
trawl,0.008,0,ConstVel,0,20,2526,0.7278966497128518,0.7488807549116256,0.9719793771422927,7.447535758043768
trawl,0.008,0,Kalman,0,1,3476,0.7526929555419778,0.7549554550696806,0.9970031350690829,0.13650816158148749
trawl,0.008,0,Kalman,0,2,3426,0.7519717051353794,0.7548203042310991,0.9962261228536751,0.2932878479538693
trawl,0.008,0,Kalman,0,3,3376,0.7514352101995964,0.7543641195285486,0.9961173798526065,0.4903418115761765
trawl,0.008,0,Kalman,0,4,3326,0.7506014081316431,0.7541319421663849,0.9953184133474049,0.7278307677746895
trawl,0.008,0,Kalman,0,5,3276,0.7493692164794326,0.7539215952584255,0.9939617344726245,1.0018303731953586
trawl,0.008,0,Kalman,0,6,3226,0.7476586414813843,0.7531993688556862,0.992643744002707,1.3081055543610987
trawl,0.008,0,Kalman,0,7,3176,0.745960748431916,0.7526912268946577,0.991058114905219,1.6437947478602144
trawl,0.008,0,Kalman,0,8,3126,0.7438602233868171,0.7524664287758723,0.9885626719546067,2.006237399292318
trawl,0.008,0,Kalman,0,9,3076,0.7417995966706765,0.7527130867693189,0.9855011287959884,2.3902438091422735
trawl,0.008,0,Kalman,0,10,3026,0.73960560133163,0.7527296821836963,0.9825646826972562,2.7907523881653584
trawl,0.008,0,Kalman,0,11,2976,0.7375871705958824,0.7525235594996124,0.9801515996207988,3.204570474386139
trawl,0.008,0,Kalman,0,12,2926,0.7355276196695764,0.7521875796998753,0.9778513226222822,3.6309036172281757
trawl,0.008,0,Kalman,0,13,2876,0.7337590635769043,0.7524561912514182,0.9751518721064433,4.066919922121781
trawl,0.008,0,Kalman,0,14,2826,0.7324830154286822,0.7520342597565849,0.9740021892962284,4.504092341682869
trawl,0.008,0,Kalman,0,15,2776,0.7312462336462453,0.7517047087364424,0.9727838939248017,4.951970711514512
trawl,0.008,0,Kalman,0,16,2726,0.7300925638367287,0.7515676125532817,0.9714263249801354,5.407441349696064
trawl,0.008,0,Kalman,0,17,2676,0.7291133306752253,0.7512290609704511,0.9705606033575748,5.870779225105169
trawl,0.008,0,Kalman,0,18,2626,0.7283434821992153,0.7509982259822995,0.9698338251685589,6.339030950655585
trawl,0.008,0,Kalman,0,19,2576,0.727478997485959,0.7501522833991374,0.9697750891186523,6.809134484301002
trawl,0.008,0,Kalman,0,20,2526,0.726688957731012,0.7488807549116256,0.9703667145469209,7.292004145386579
trawl,0.008,0,LSTM-rec,0,1,3476,0.7187777515485431,0.7549554550696806,0.952079684598347,0.1455284417651996
trawl,0.008,0,LSTM-rec,0,2,3426,0.6956492994181694,0.7548203042310991,0.9216091505736528,0.3368618759671056
trawl,0.008,0,LSTM-rec,0,3,3376,0.6739264385155068,0.7543641195285486,0.8933702187965772,0.5999486279999845
trawl,0.008,0,LSTM-rec,0,4,3326,0.654177728511372,0.7541319421663849,0.8674579233868868,0.9387161751906736
trawl,0.008,0,LSTM-rec,0,5,3276,0.6363336236217846,0.7539215952584255,0.8440315645868525,1.353191129459693
trawl,0.008,0,LSTM-rec,0,6,3226,0.6228644659760794,0.7531993688556862,0.8269582951488385,1.8353011512002182
trawl,0.008,0,LSTM-rec,0,7,3176,0.6136933046452815,0.7526912268946577,0.8153320813597983,2.3805393948819624
trawl,0.008,0,LSTM-rec,0,8,3126,0.6091201638848128,0.7524664287758723,0.8094981258841566,2.988723812172637
trawl,0.008,0,LSTM-rec,0,9,3076,0.6098778604029779,0.7527130867693189,0.8102394805178733,3.652330970513807
trawl,0.008,0,LSTM-rec,0,10,3026,0.616061028822377,0.7527296821836963,0.8184359450728201,4.37178452492103
trawl,0.008,0,LSTM-rec,0,11,2976,0.6275847580318994,0.7525235594996124,0.8339735681487627,5.1418677011776
trawl,0.008,0,LSTM-rec,0,12,2926,0.6439341303377935,0.7521875796998753,0.8560818440989477,5.964966815000473
trawl,0.008,0,LSTM-rec,0,13,2876,0.6656318927455458,0.7524561912514182,0.8846121548133269,6.843315846207429
trawl,0.008,0,LSTM-rec,0,14,2826,0.6919345533472416,0.7520342597565849,0.9200838184834876,7.762753528118076
trawl,0.008,0,LSTM-rec,0,15,2776,0.7223630540558124,0.7517047087364424,0.9609665147236459,8.739207762617783
trawl,0.008,0,LSTM-rec,0,16,2726,0.7561280002851066,0.7515676125532817,1.006067834291491,9.76891702107088
trawl,0.008,0,LSTM-rec,0,17,2676,0.7925586495091583,0.7512290609704511,1.0550159607581169,10.850074549855051
trawl,0.008,0,LSTM-rec,0,18,2626,0.831382146250146,0.7509982259822995,1.1070360987373904,11.985460792060557
trawl,0.008,0,LSTM-rec,0,19,2576,0.8723890705583762,0.7501522833991374,1.1629492969152233,13.183866507901143
trawl,0.008,0,LSTM-rec,0,20,2526,0.9152537832215423,0.7488807549116256,1.2221622430790735,14.443644480711098
trawl,0.008,0,LSTM-rec,1,1,3476,0.748650770414796,0.7549554550696806,0.9916489315859003,0.13363646712906985
trawl,0.008,0,LSTM-rec,1,2,3426,0.7485244467440952,0.7548203042310991,0.9916591307206326,0.294627722344617
trawl,0.008,0,LSTM-rec,1,3,3376,0.7477324697773398,0.7543641195285486,0.9912089538996719,0.5026965028651001
trawl,0.008,0,LSTM-rec,1,4,3326,0.7457775555683087,0.7541319421663849,0.9889218502347524,0.7571201394209843
trawl,0.008,0,LSTM-rec,1,5,3276,0.7442120320687226,0.7539215952584255,0.9871212560420494,1.056940392551091
trawl,0.008,0,LSTM-rec,1,6,3226,0.7437637249774369,0.7531993688556862,0.9874725812734223,1.3950888089269957
trawl,0.008,0,LSTM-rec,1,7,3176,0.7443829104621411,0.7526912268946577,0.9889618529675258,1.763337679628494
trawl,0.008,0,LSTM-rec,1,8,3126,0.7461954542072015,0.7524664287758723,0.9916661071791966,2.160787752209562
trawl,0.008,0,LSTM-rec,1,9,3076,0.7495906361696755,0.7527130867693189,0.9958517386577598,2.578901809494868
trawl,0.008,0,LSTM-rec,1,10,3026,0.7543163461467745,0.7527296821836963,1.0021078801602126,3.0161580063999787
trawl,0.008,0,LSTM-rec,1,11,2976,0.7606545916444295,0.7525235594996124,1.0108050200451184,3.467562964966252
trawl,0.008,0,LSTM-rec,1,12,2926,0.7683843187327732,0.7521875796998753,1.021532845622578,3.9340750203185912
trawl,0.008,0,LSTM-rec,1,13,2876,0.7773179253340984,0.7524561912514182,1.033040772834007,4.410956005514545
trawl,0.008,0,LSTM-rec,1,14,2826,0.7875027157837174,0.7520342597565849,1.0471633513593022,4.894959040834514
trawl,0.008,0,LSTM-rec,1,15,2776,0.7981690917042625,0.7517047087364424,1.0618120153137303,5.38703992249707
trawl,0.008,0,LSTM-rec,1,16,2726,0.8090489806682848,0.7515676125532817,1.07648196536799,5.887425935932361
trawl,0.008,0,LSTM-rec,1,17,2676,0.8198180376403947,0.7512290609704511,1.0913023473577277,6.39685029423621
trawl,0.008,0,LSTM-rec,1,18,2626,0.8301237974824067,0.7509982259822995,1.1053605305080603,6.90503687568728
trawl,0.008,0,LSTM-rec,1,19,2576,0.8396287113388043,0.7501522833991374,1.1192776852377568,7.417381646157515
trawl,0.008,0,LSTM-rec,1,20,2526,0.848550450008308,0.7488807549116256,1.1330915428697914,7.93669433131198
trawl,0.008,0,LSTM-rec,2,1,3476,0.7407117246170847,0.7549554550696806,0.9811330187007109,0.15324956619206628
trawl,0.008,0,LSTM-rec,2,2,3426,0.7376388986672544,0.7548203042310991,0.9772377538501079,0.3654119035729258
trawl,0.008,0,LSTM-rec,2,3,3376,0.7395244094380664,0.7543641195285486,0.9803281867385786,0.6595406876233421
trawl,0.008,0,LSTM-rec,2,4,3326,0.7480422007191339,0.7541319421663849,0.9919248329015781,1.037102454044726
trawl,0.008,0,LSTM-rec,2,5,3276,0.7641674274883139,0.7539215952584255,1.0135900500719526,1.4976539914788338
trawl,0.008,0,LSTM-rec,2,6,3226,0.7873198967027731,0.7531993688556862,1.0453007918725759,2.0323854879246563
trawl,0.008,0,LSTM-rec,2,7,3176,0.8179081473090833,0.7526912268946577,1.086644985465671,2.6334364747639034
trawl,0.008,0,LSTM-rec,2,8,3126,0.8537074352707225,0.7524664287758723,1.134545545984757,3.2988713634432996
trawl,0.008,0,LSTM-rec,2,9,3076,0.8930702069161988,0.7527130867693189,1.1864682873381402,4.0216078834139655
trawl,0.008,0,LSTM-rec,2,10,3026,0.9335022540489285,0.7527296821836963,1.2401560296397565,4.792888199582016
trawl,0.008,0,LSTM-rec,2,11,2976,0.9741172855697718,0.7525235594996124,1.2944674931074682,5.610280927281958
trawl,0.008,0,LSTM-rec,2,12,2926,1.0142429621260676,0.7521875796998753,1.3483909991318297,6.480227762124167
trawl,0.008,0,LSTM-rec,2,13,2876,1.0532275264503146,0.7524561912514182,1.3997193972165747,7.389191272086111
trawl,0.008,0,LSTM-rec,2,14,2826,1.0915873114972978,0.7520342597565849,1.4515127433830182,8.338610821464897
trawl,0.008,0,LSTM-rec,2,15,2776,1.1287924118921762,0.7517047087364424,1.5016433963671574,9.326516541107855
trawl,0.008,0,LSTM-rec,2,16,2726,1.1648614626984501,0.7515676125532817,1.5499090743693646,10.345889207782553
trawl,0.008,0,LSTM-rec,2,17,2676,1.2001080455181914,0.7512290609704511,1.5975261180230043,11.400783278704333
trawl,0.008,0,LSTM-rec,2,18,2626,1.234300989630163,0.7509982259822995,1.6435471442235534,12.480583159328443
trawl,0.008,0,LSTM-rec,2,19,2576,1.2675257712739174,0.7501522833991374,1.6896912791232528,13.587881315291826
trawl,0.008,0,LSTM-rec,2,20,2526,1.2998118597182524,0.7488807549116256,1.7356726704395566,14.723527788104764
trawl,0.008,0,LSTM-rec,3,1,3476,0.7624827837445677,0.7549554550696806,1.009970560016938,0.15123253115558188
trawl,0.008,0,LSTM-rec,3,2,3426,0.779004659995723,0.7548203042310991,1.0320398850283437,0.35493867652750866
trawl,0.008,0,LSTM-rec,3,3,3376,0.8035419045270564,0.7543641195285486,1.0651910446499526,0.6377891443738084
trawl,0.008,0,LSTM-rec,3,4,3326,0.8309047903699078,0.7541319421663849,1.101802939128899,1.0055421056553502
trawl,0.008,0,LSTM-rec,3,5,3276,0.8617520366728345,0.7539215952584255,1.1430260680852993,1.460608140045933
trawl,0.008,0,LSTM-rec,3,6,3226,0.8956573861244692,0.7531993688556862,1.1891371968157851,1.9986173979765047
trawl,0.008,0,LSTM-rec,3,7,3176,0.9334148497618029,0.7526912268946577,1.2401032673288195,2.6183594845903384
trawl,0.008,0,LSTM-rec,3,8,3126,0.9746747528809819,0.7524664287758723,1.2953066284519863,3.319902008045202
trawl,0.008,0,LSTM-rec,3,9,3076,1.0198872066311742,0.7527130867693189,1.3549481529656666,4.097096339328336
trawl,0.008,0,LSTM-rec,3,10,3026,1.068473222564696,0.7527296821836963,1.4194647133683054,4.953948876170684
trawl,0.008,0,LSTM-rec,3,11,2976,1.1196683672467749,0.7525235594996124,1.487884801894168,5.89015463538069
trawl,0.008,0,LSTM-rec,3,12,2926,1.1726613305233498,0.7521875796998753,1.5590011882291974,6.903383686203301
trawl,0.008,0,LSTM-rec,3,13,2876,1.2280814561818074,0.7524561912514182,1.6320969519027702,8.00032885833623
trawl,0.008,0,LSTM-rec,3,14,2826,1.2855953771682074,0.7520342597565849,1.7094904394173787,9.17055612826795
trawl,0.008,0,LSTM-rec,3,15,2776,1.345913902339863,0.7517047087364424,1.7904822022496578,10.429616635597926
trawl,0.008,0,LSTM-rec,3,16,2726,1.40948897686404,0.7515676125532817,1.8753987709443978,11.778442562086717
trawl,0.008,0,LSTM-rec,3,17,2676,1.4771813473099769,0.7512290609704511,1.9663527731498136,13.220022810613349
trawl,0.008,0,LSTM-rec,3,18,2626,1.549988191511103,0.7509982259822995,2.0639039319749806,14.76252796117347
trawl,0.008,0,LSTM-rec,3,19,2576,1.6290426126664632,0.7501522833991374,2.1716158821577434,16.413826358276566
trawl,0.008,0,LSTM-rec,3,20,2526,1.7152041913642277,0.7488807549116256,2.290356882741147,18.184877435267236
trawl,0.008,0,LSTM-rec,4,1,3476,0.7489365279263304,0.7549554550696806,0.9920274406881466,0.15867347007313506
trawl,0.008,0,LSTM-rec,4,2,3426,0.7556468743839635,0.7548203042310991,1.001095055536041,0.3767719148240102
trawl,0.008,0,LSTM-rec,4,3,3376,0.7673191406959083,0.7543641195285486,1.0171734323412096,0.6776461251660614
trawl,0.008,0,LSTM-rec,4,4,3326,0.781688457870369,0.7541319421663849,1.0365407088112764,1.0637765765775313
trawl,0.008,0,LSTM-rec,4,5,3276,0.799270625865348,0.7539215952584255,1.0601508577180072,1.5328241236337194
trawl,0.008,0,LSTM-rec,4,6,3226,0.8205247615582455,0.7531993688556862,1.0893858857115677,2.0788646711418775
trawl,0.008,0,LSTM-rec,4,7,3176,0.8455471792491176,0.7526912268946577,1.1233652645820666,2.6957087412277003
trawl,0.008,0,LSTM-rec,4,8,3126,0.873913044921342,0.7524664287758723,1.1613980524593523,3.382140939911084
trawl,0.008,0,LSTM-rec,4,9,3076,0.905905890013983,0.7527130867693189,1.2035208447114625,4.128753867819378
trawl,0.008,0,LSTM-rec,4,10,3026,0.9402757913142668,0.7527296821836963,1.2491546614536209,4.9339279052780585
trawl,0.008,0,LSTM-rec,4,11,2976,0.9757025636743086,0.7525235594996124,1.2965741090193885,5.794028249754677
trawl,0.008,0,LSTM-rec,4,12,2926,1.0106368347054522,0.7521875796998753,1.3435968127906324,6.702226991149754
trawl,0.008,0,LSTM-rec,4,13,2876,1.0451611268690122,0.7524561912514182,1.388999305236353,7.662260945698699
trawl,0.008,0,LSTM-rec,4,14,2826,1.0785882030634855,0.7520342597565849,1.43422748241895,8.664314864882465
trawl,0.008,0,LSTM-rec,4,15,2776,1.1109484155841252,0.7517047087364424,1.4779053565482432,9.714819871405382
trawl,0.008,0,LSTM-rec,4,16,2726,1.1422927540238574,0.7515676125532817,1.5198802275994505,10.812614066379195
trawl,0.008,0,LSTM-rec,4,17,2676,1.1725848764816438,0.7512290609704511,1.5608885989672414,11.952073708692776
trawl,0.008,0,LSTM-rec,4,18,2626,1.2020501465580509,0.7509982259822995,1.6006031771723284,13.13606931132503
trawl,0.008,0,LSTM-rec,4,19,2576,1.2306625994935356,0.7501522833991374,1.6405503612107657,14.36367178815699
trawl,0.008,0,LSTM-rec,4,20,2526,1.2585278858052062,0.7488807549116256,1.6805451035441863,15.638438707491474
trawl,0.008,0,LSTM-ms,0,1,3476,0.7046797109930951,0.7549554550696806,0.9334056814359396,0.1788302641025244
trawl,0.008,0,LSTM-ms,0,2,3426,0.7068325695811978,0.7548203042310991,0.9364249552099897,0.38447233347995424
trawl,0.008,0,LSTM-ms,0,3,3376,0.7104497055989686,0.7543641195285486,0.9417861841612708,0.6169959164644331
trawl,0.008,0,LSTM-ms,0,4,3326,0.6647170803555982,0.7541319421663849,0.8814333980418256,0.903642269482091
trawl,0.008,0,LSTM-ms,0,5,3276,0.6567412667636573,0.7539215952584255,0.8711002190334431,1.2232339767119813
trawl,0.008,0,LSTM-ms,0,6,3226,0.6321698402152358,0.7531993688556862,0.839312758819319,1.5919539091834107
trawl,0.008,0,LSTM-ms,0,7,3176,0.6139350303484274,0.7526912268946577,0.8156532299191395,1.9827021188708138
trawl,0.008,0,LSTM-ms,0,8,3126,0.5958303208729306,0.7524664287758723,0.7918364169976853,2.403804573311793
trawl,0.008,0,LSTM-ms,0,9,3076,0.5971573306230414,0.7527130867693189,0.7933399074886152,2.842124176337506
trawl,0.008,0,LSTM-ms,0,10,3026,0.5315253141944463,0.7527296821836963,0.7061304034835878,3.296018307779415
trawl,0.008,0,LSTM-ms,0,11,2976,0.5295461293023188,0.7525235594996124,0.703693754989463,3.7859786659368346
trawl,0.008,0,LSTM-ms,0,12,2926,0.47258657739281207,0.7521875796998753,0.6282828780307371,4.277657156434468
trawl,0.008,0,LSTM-ms,0,13,2876,0.46333743394624916,0.7524561912514182,0.615766657691616,4.766101045520681
trawl,0.008,0,LSTM-ms,0,14,2826,0.4602844519630478,0.7520342597565849,0.6120525042463233,5.25854929857291
trawl,0.008,0,LSTM-ms,0,15,2776,0.41770813436095316,0.7517047087364424,0.5556811464745091,5.732985359255422
trawl,0.008,0,LSTM-ms,0,16,2726,0.4053068146655864,0.7515676125532817,0.5392819061064217,6.200981867037088
trawl,0.008,0,LSTM-ms,0,17,2676,0.3711687383653141,0.7512290609704511,0.4940819753243195,6.673697733817935
trawl,0.008,0,LSTM-ms,0,18,2626,0.39691891015977177,0.7509982259822995,0.5285217679983266,7.13392058112963
trawl,0.008,0,LSTM-ms,0,19,2576,0.34410531942726535,0.7501522833991374,0.45871395320965175,7.58381358503784
trawl,0.008,0,LSTM-ms,0,20,2526,0.3848769210940531,0.7488807549116256,0.5139361888655716,8.005157994318598
trawl,0.008,0,LSTM-ms,1,1,3476,0.6957821040685619,0.7549554550696806,0.9216200762525026,0.18221398880526485
trawl,0.008,0,LSTM-ms,1,2,3426,0.6840238118097524,0.7548203042310991,0.9062074880279434,0.3981769709157853
trawl,0.008,0,LSTM-ms,1,3,3376,0.6846561169526321,0.7543641195285486,0.9075936927919084,0.6312377137657703
trawl,0.008,0,LSTM-ms,1,4,3326,0.6431997184427658,0.7541319421663849,0.8529007756852924,0.9178484635202937
trawl,0.008,0,LSTM-ms,1,5,3276,0.6378372135236859,0.7539215952584255,0.8460259230338816,1.240764227417141
trawl,0.008,0,LSTM-ms,1,6,3226,0.581551938891933,0.7531993688556862,0.7721089036166718,1.6330039655042052
trawl,0.008,0,LSTM-ms,1,7,3176,0.5519076657173229,0.7526912268946577,0.7332457799386104,2.039787957458405
trawl,0.008,0,LSTM-ms,1,8,3126,0.49955308304799556,0.7524664287758723,0.6638875356348837,2.4978842701624284
trawl,0.008,0,LSTM-ms,1,9,3076,0.4752418493082453,0.7527130867693189,0.6313718436170764,2.9645094766199676
trawl,0.008,0,LSTM-ms,1,10,3026,0.43039232576703884,0.7527296821836963,0.571775414141309,3.46234535735973
trawl,0.008,0,LSTM-ms,1,11,2976,0.413240433411348,0.7525235594996124,0.5491395295133757,3.9666655508292594
trawl,0.008,0,LSTM-ms,1,12,2926,0.3618499304400955,0.7521875796998753,0.4810634211541681,4.491460874039347
trawl,0.008,0,LSTM-ms,1,13,2876,0.3455811976837209,0.7524561912514182,0.4592708541728935,5.027869636763443
trawl,0.008,0,LSTM-ms,1,14,2826,0.32045251371228056,0.7520342597565849,0.4261142488588262,5.572080844755038
trawl,0.008,0,LSTM-ms,1,15,2776,0.334240011742289,0.7517047087364424,0.44464270059465333,6.101966449645017
trawl,0.008,0,LSTM-ms,1,16,2726,0.31353885672810533,0.7515676125532817,0.4171798404975537,6.648344223009275
trawl,0.008,0,LSTM-ms,1,17,2676,0.3484326242151917,0.7512290609704511,0.46381675352798557,7.199266129808217
trawl,0.008,0,LSTM-ms,1,18,2626,0.3329335320266736,0.7509982259822995,0.4433213295426887,7.727260120707887
trawl,0.008,0,LSTM-ms,1,19,2576,0.32119204794283407,0.7501522833991374,0.4281691265237884,8.27413514044893
trawl,0.008,0,LSTM-ms,1,20,2526,0.34313385617152736,0.7488807549116256,0.4581955857738928,8.819450790966275
trawl,0.008,0,LSTM-ms,2,1,3476,0.8611332872606065,0.7549554550696806,1.140641188136227,0.23762796340226142
trawl,0.008,0,LSTM-ms,2,2,3426,0.8333092184103035,0.7548203042310991,1.10398357561295,0.4582409122626677
trawl,0.008,0,LSTM-ms,2,3,3376,0.8708245403074442,0.7543641195285486,1.15438223765425,0.7276497916885598
trawl,0.008,0,LSTM-ms,2,4,3326,0.78355028751036,0.7541319421663849,1.0390095468698295,0.9596860374429761
trawl,0.008,0,LSTM-ms,2,5,3276,0.7920296499069577,0.7539215952584255,1.0505464426118072,1.2432296552949467
trawl,0.008,0,LSTM-ms,2,6,3226,0.7564449245550552,0.7531993688556862,1.0043090260475123,1.5569916955703735
trawl,0.008,0,LSTM-ms,2,7,3176,0.7281625066508852,0.7526912268946577,0.967411975366088,1.8737974857555175
trawl,0.008,0,LSTM-ms,2,8,3126,0.6656976864086511,0.7524664287758723,0.8846875567480421,2.184618125430647
trawl,0.008,0,LSTM-ms,2,9,3076,0.6400665086766281,0.7527130867693189,0.8503459285181616,2.520303886642358
trawl,0.008,0,LSTM-ms,2,10,3026,0.6258700242004618,0.7527296821836963,0.8314671774132647,2.8951867989766713
trawl,0.008,0,LSTM-ms,2,11,2976,0.5724637769397383,0.7525235594996124,0.7607253882129562,3.279336310625619
trawl,0.008,0,LSTM-ms,2,12,2926,0.5323092410506521,0.7521875796998753,0.7076815084650093,3.6691476464907726
trawl,0.008,0,LSTM-ms,2,13,2876,0.5076213317118091,0.7524561912514182,0.6746191175164344,4.082363688611618
trawl,0.008,0,LSTM-ms,2,14,2826,0.5058703058110117,0.7520342597565849,0.6726692291581896,4.502416755092432
trawl,0.008,0,LSTM-ms,2,15,2776,0.4448080599821103,0.7517047087364424,0.5917324380338104,4.9384119715423624
trawl,0.008,0,LSTM-ms,2,16,2726,0.46304628205310283,0.7515676125532817,0.6161072860497638,5.37484622240899
trawl,0.008,0,LSTM-ms,2,17,2676,0.39941575414827607,0.7512290609704511,0.5316830443597372,5.825833240112938
trawl,0.008,0,LSTM-ms,2,18,2626,0.4105451633170746,0.7509982259822995,0.5466659562079323,6.279511270690257
trawl,0.008,0,LSTM-ms,2,19,2576,0.43227499847835105,0.7501522833991374,0.576249660295106,6.721588923954154
trawl,0.008,0,LSTM-ms,2,20,2526,0.4609284090178073,0.7488807549116256,0.6154897238241899,7.165588109382635
trawl,0.008,0,LSTM-ms,3,1,3476,0.7460206613103517,0.7549554550696806,0.9881651378245829,0.1373019342249449
trawl,0.008,0,LSTM-ms,3,2,3426,0.769063914175411,0.7548203042310991,1.0188701997872476,0.2934028292292477
trawl,0.008,0,LSTM-ms,3,3,3376,0.7921005237993347,0.7543641195285486,1.0500241240190082,0.507886532473821
trawl,0.008,0,LSTM-ms,3,4,3326,0.7924837815156889,0.7541319421663849,1.0508556092175743,0.7632865725156687
trawl,0.008,0,LSTM-ms,3,5,3276,0.7699769747239068,0.7539215952584255,1.0212958211655656,1.0533305831065631
trawl,0.008,0,LSTM-ms,3,6,3226,0.7685597559079558,0.7531993688556862,1.0203935208756298,1.3787858371334993
trawl,0.008,0,LSTM-ms,3,7,3176,0.7375428188985386,0.7526912268946577,0.9798743396297892,1.7291524791110988
trawl,0.008,0,LSTM-ms,3,8,3126,0.7395919435410667,0.7524664287758723,0.9828902862075188,2.1113320852064024
trawl,0.008,0,LSTM-ms,3,9,3076,0.714928975370219,0.7527130867693189,0.9498027707193573,2.510170053213348
trawl,0.008,0,LSTM-ms,3,10,3026,0.6964949129520444,0.7527296821836963,0.9252922123802627,2.927567357253517
trawl,0.008,0,LSTM-ms,3,11,2976,0.6902321812462332,0.7525235594996124,0.9172233513927464,3.3598728386954777
trawl,0.008,0,LSTM-ms,3,12,2926,0.6864016866415237,0.7521875796998753,0.9125405752051897,3.8023799138724694
trawl,0.008,0,LSTM-ms,3,13,2876,0.6527221006991053,0.7524561912514182,0.8674552861523486,4.245352495095333
trawl,0.008,0,LSTM-ms,3,14,2826,0.631422052083838,0.7520342597565849,0.8396187326468528,4.670389254770012
trawl,0.008,0,LSTM-ms,3,15,2776,0.5845124119160879,0.7517047087364424,0.7775824803580228,5.09556609739893
trawl,0.008,0,LSTM-ms,3,16,2726,0.604872817721484,0.7515676125532817,0.8048149063616045,5.529201388239903
trawl,0.008,0,LSTM-ms,3,17,2676,0.5783141845735977,0.7512290609704511,0.769824031869216,5.960405356843985
trawl,0.008,0,LSTM-ms,3,18,2626,0.5264534685675505,0.7509982259822995,0.7010049429596903,6.386927432150946
trawl,0.008,0,LSTM-ms,3,19,2576,0.4925968375869883,0.7501522833991374,0.6566624517290042,6.799603911360423
trawl,0.008,0,LSTM-ms,3,20,2526,0.4863089631432788,0.7488807549116256,0.6493810395764109,7.217673378159512
trawl,0.008,0,LSTM-ms,4,1,3476,0.6818827544667102,0.7549554550696806,0.903209255443785,0.2621378950044492
trawl,0.008,0,LSTM-ms,4,2,3426,0.6630750355318226,0.7548203042310991,0.8784541589766411,0.5461078449036961
trawl,0.008,0,LSTM-ms,4,3,3376,0.6446451541598909,0.7543641195285486,0.8545543689999091,0.879591767977389
trawl,0.008,0,LSTM-ms,4,4,3326,0.6300575455422611,0.7541319421663849,0.8354738876758132,1.2335210411394266
trawl,0.008,0,LSTM-ms,4,5,3276,0.6305487854067248,0.7539215952584255,0.8363585674855067,1.619388730623157
trawl,0.008,0,LSTM-ms,4,6,3226,0.5822415364404617,0.7531993688556862,0.7730244614052775,2.0422693881532044
trawl,0.008,0,LSTM-ms,4,7,3176,0.5664782080654435,0.7526912268946577,0.7526037076352485,2.4727509510276464
trawl,0.008,0,LSTM-ms,4,8,3126,0.5498166084975424,0.7524664287758723,0.7306858983622635,2.9203176201811396
trawl,0.008,0,LSTM-ms,4,9,3076,0.5048930304147456,0.7527130867693189,0.6707642517307238,3.406570303390653
trawl,0.008,0,LSTM-ms,4,10,3026,0.46487920843601366,0.7527296821836963,0.6175911744138773,3.9039707620550534
trawl,0.008,0,LSTM-ms,4,11,2976,0.46266830438600576,0.7525235594996124,0.6148223514671823,4.424137838166495
trawl,0.008,0,LSTM-ms,4,12,2926,0.41931869234982594,0.7521875796998753,0.5574655892578486,4.988368893020113
trawl,0.008,0,LSTM-ms,4,13,2876,0.4137003661397979,0.7524561912514182,0.5497999364611091,5.5355865234820625
trawl,0.008,0,LSTM-ms,4,14,2826,0.39474098071003105,0.7520342597565849,0.5248976035184874,6.105299202573226
trawl,0.008,0,LSTM-ms,4,15,2776,0.3994962324552954,0.7517047087364424,0.531453678302505,6.688791720355882
trawl,0.008,0,LSTM-ms,4,16,2726,0.3758495911139567,0.7515676125532817,0.50008753016524,7.27652628428451
trawl,0.008,0,LSTM-ms,4,17,2676,0.382394043842184,0.7512290609704511,0.5090245621597767,7.865572771144692
trawl,0.008,0,LSTM-ms,4,18,2626,0.3651155860479237,0.7509982259822995,0.4861736997718677,8.442715900677413
trawl,0.008,0,LSTM-ms,4,19,2576,0.3885878183182547,0.7501522833991374,0.5180119116047491,9.020456809950055
trawl,0.008,0,LSTM-ms,4,20,2526,0.3560980669828314,0.7488807549116256,0.47550703452761856,9.596057558407065
trawl,0.008,1,ConstVel,0,1,3903,0.7372608326661244,0.736953111120882,1.0004175591914855,0.13007153520240933
trawl,0.008,1,ConstVel,0,2,3853,0.736647354539694,0.7371730825776323,0.9992868322916784,0.2805362514643427
trawl,0.008,1,ConstVel,0,3,3803,0.7357154747108974,0.7373825148558197,0.9977392464408403,0.47263242244341835
trawl,0.008,1,ConstVel,0,4,3753,0.7341107610580536,0.737804636657179,0.9949934231697682,0.7078150641587333
trawl,0.008,1,ConstVel,0,5,3703,0.7319238718373026,0.7381855934219713,0.9915174156195035,0.9826521664474968
trawl,0.008,1,ConstVel,0,6,3653,0.7298115633149505,0.7390071713408012,0.9875568081306073,1.2941006892821425
trawl,0.008,1,ConstVel,0,7,3603,0.7279128444642525,0.7398683186095196,0.9838410784127968,1.6371257325498618
trawl,0.008,1,ConstVel,0,8,3553,0.726559587369072,0.7406874419142614,0.9809260239262639,2.002256240015373
trawl,0.008,1,ConstVel,0,9,3503,0.7250963623886572,0.741751943321514,0.9775456187438158,2.386284650038321
trawl,0.008,1,ConstVel,0,10,3453,0.7235387172516007,0.7427626090286232,0.9741183905283501,2.787583676954106
trawl,0.008,1,ConstVel,0,11,3403,0.7224163954883266,0.7429487588350203,0.9723636884744387,3.2004350136488005
trawl,0.008,1,ConstVel,0,12,3353,0.721211471287283,0.7433672524845925,0.9701953763455989,3.6274745505250996
trawl,0.008,1,ConstVel,0,13,3303,0.72012377641356,0.744305600076041,0.9675108938317668,4.0684108950775535
trawl,0.008,1,ConstVel,0,14,3253,0.7194669706350695,0.7450179201634508,0.9657042483987825,4.521146832205175
trawl,0.008,1,ConstVel,0,15,3203,0.7184368353143025,0.7460916242723229,0.9629337898210657,4.979875528575327
trawl,0.008,1,ConstVel,0,16,3153,0.7173348710720018,0.7466295175942215,0.9607641462976009,5.440158296795911
trawl,0.008,1,ConstVel,0,17,3103,0.716578745812453,0.7469513527528704,0.9593379049003928,5.907112568074437
trawl,0.008,1,ConstVel,0,18,3053,0.715880081785082,0.7472821735627799,0.9579782672615035,6.386917422152776
trawl,0.008,1,ConstVel,0,19,3003,0.7149677449173607,0.7485368266590584,0.9551537338629998,6.874642679567238
trawl,0.008,1,ConstVel,0,20,2953,0.714338627643496,0.7500888638766317,0.9523386655170826,7.374556680123916
trawl,0.008,1,Kalman,0,1,3903,0.7360047747766341,0.736953111120882,0.9987131659668204,0.13877877602308206
trawl,0.008,1,Kalman,0,2,3853,0.7352794877401315,0.7371730825776323,0.9974312751207904,0.29717086228148737
trawl,0.008,1,Kalman,0,3,3803,0.734096429098196,0.7373825148558197,0.9955435805820995,0.4958108606781486
trawl,0.008,1,Kalman,0,4,3753,0.7323266720319115,0.737804636657179,0.992575318244018,0.7352656451322831
trawl,0.008,1,Kalman,0,5,3703,0.7301996800199291,0.7381855934219713,0.9891816997335016,1.010552588204365
trawl,0.008,1,Kalman,0,6,3653,0.7282460702765648,0.7390071713408012,0.9854384348602299,1.3178029206015573
trawl,0.008,1,Kalman,0,7,3603,0.7265513059754934,0.7398683186095196,0.9820008340686168,1.6526175184812864
trawl,0.008,1,Kalman,0,8,3553,0.7251924788954904,0.7406874419142614,0.979080294680405,2.008683449218387
trawl,0.008,1,Kalman,0,9,3503,0.7237681454324602,0.741751943321514,0.9757549703091797,2.3810699490833676
trawl,0.008,1,Kalman,0,10,3453,0.7224022691488384,0.7427626090286232,0.9725883618368838,2.7705531380118185
trawl,0.008,1,Kalman,0,11,3403,0.721288152475798,0.7429487588350203,0.9708450870916223,3.1690065472994156
trawl,0.008,1,Kalman,0,12,3353,0.720178130631933,0.7433672524845925,0.9688052953971898,3.5821653671421703
trawl,0.008,1,Kalman,0,13,3303,0.7192101886117698,0.744305600076041,0.9662834574108977,4.005555654971835
trawl,0.008,1,Kalman,0,14,3253,0.7184264648733821,0.7450179201634508,0.9643076299638071,4.4400402743992515
trawl,0.008,1,Kalman,0,15,3203,0.717423661362188,0.7460916242723229,0.961575814581627,4.880634633745665
trawl,0.008,1,Kalman,0,16,3153,0.7164612494384599,0.7466295175942215,0.9595940591084996,5.326499988104835
trawl,0.008,1,Kalman,0,17,3103,0.7157347286441125,0.7469513527528704,0.9582079555867864,5.781745062972444
trawl,0.008,1,Kalman,0,18,3053,0.71500072715124,0.7472821735627799,0.9568015301935635,6.2467995777746355
trawl,0.008,1,Kalman,0,19,3003,0.7141958606083517,0.7485368266590584,0.9541225430364186,6.724041348080696
trawl,0.008,1,Kalman,0,20,2953,0.7134978139607894,0.7500888638766317,0.9512177134230052,7.2099409837789175
trawl,0.008,1,LSTM-rec,0,1,3903,0.702315334670117,0.736953111120882,0.95299866989084,0.14810238569183423
trawl,0.008,1,LSTM-rec,0,2,3853,0.6804098701788196,0.7371730825776323,0.9229987994131149,0.33994923504063157
trawl,0.008,1,LSTM-rec,0,3,3803,0.6585370903831806,0.7373825148558197,0.8930739163403465,0.6070258354000955
trawl,0.008,1,LSTM-rec,0,4,3753,0.6379688559970433,0.737804636657179,0.8646853439245539,0.9523309714644291
trawl,0.008,1,LSTM-rec,0,5,3703,0.619037953795863,0.7381855934219713,0.8385939244983347,1.3704849074134418
trawl,0.008,1,LSTM-rec,0,6,3653,0.605089345760366,0.7390071713408012,0.8187868389186747,1.8578881709261443
trawl,0.008,1,LSTM-rec,0,7,3603,0.5953296079244877,0.7398683186095196,0.8046426545784898,2.4083273576652977
trawl,0.008,1,LSTM-rec,0,8,3553,0.5906122935245692,0.7406874419142614,0.7973839707585265,3.0144914765610116
trawl,0.008,1,LSTM-rec,0,9,3503,0.5906904309737403,0.741751943321514,0.7963449725910651,3.673369638537341
trawl,0.008,1,LSTM-rec,0,10,3453,0.5958565927386686,0.7427626090286232,0.8022167318275799,4.385332015926126
trawl,0.008,1,LSTM-rec,0,11,3403,0.6062735148382649,0.7429487588350203,0.8160367826563586,5.147829528341668
trawl,0.008,1,LSTM-rec,0,12,3353,0.6221083547202995,0.7433672524845925,0.8368788813887033,5.962484467214524
trawl,0.008,1,LSTM-rec,0,13,3303,0.6437086427951403,0.744305600076041,0.864844551390419,6.82860754372334
trawl,0.008,1,LSTM-rec,0,14,3253,0.6706696994003088,0.7450179201634508,0.9002061309520842,7.745557349852143
trawl,0.008,1,LSTM-rec,0,15,3203,0.7018594692108252,0.7460916242723229,0.9407148483879066,8.717850698793459
trawl,0.008,1,LSTM-rec,0,16,3153,0.7362182988998778,0.7466295175942215,0.9860557097609929,9.738718460910198
trawl,0.008,1,LSTM-rec,0,17,3103,0.7727204047903212,0.7469513527528704,1.03449896963501,10.801523674493078
trawl,0.008,1,LSTM-rec,0,18,3053,0.811343431542193,0.7472821735627799,1.0857256605948344,11.918356323586485
trawl,0.008,1,LSTM-rec,0,19,3003,0.8514355221172166,0.7485368266590584,1.137466443591594,13.085134946702016
trawl,0.008,1,LSTM-rec,0,20,2953,0.8930614724841799,0.7500888638766317,1.190607560641059,14.303456622127403
trawl,0.008,1,LSTM-rec,1,1,3903,0.7319964793443641,0.736953111120882,0.9932741558428608,0.13563796893995353
trawl,0.008,1,LSTM-rec,1,2,3853,0.7340626350402862,0.7371730825776323,0.9957805736388666,0.2979719184959585
trawl,0.008,1,LSTM-rec,1,3,3803,0.7346167691540281,0.7373825148558197,0.9962492388332093,0.5079786745371161
trawl,0.008,1,LSTM-rec,1,4,3753,0.734090322314166,0.737804636657179,0.9949657210615515,0.7661335169303876
trawl,0.008,1,LSTM-rec,1,5,3703,0.7332148149986253,0.7381855934219713,0.9932662213030964,1.0657437514188626
trawl,0.008,1,LSTM-rec,1,6,3653,0.7342762690637701,0.7390071713408012,0.9935982999076346,1.4014935422148895
trawl,0.008,1,LSTM-rec,1,7,3603,0.7365226210247954,0.7398683186095196,0.9954779823644672,1.766010591817334
trawl,0.008,1,LSTM-rec,1,8,3553,0.7406247584268414,0.7406874419142614,0.999915371202652,2.1529663093553655
trawl,0.008,1,LSTM-rec,1,9,3503,0.7461805949910153,0.741751943321514,1.0059705292441434,2.558409841077578
trawl,0.008,1,LSTM-rec,1,10,3453,0.7531853715665497,0.7427626090286232,1.014032427603696,2.9826272116091497
trawl,0.008,1,LSTM-rec,1,11,3403,0.7617620301819993,0.7429487588350203,1.025322434586847,3.417048327909122
trawl,0.008,1,LSTM-rec,1,12,3353,0.7713977248960184,0.7433672524845925,1.0377074350769937,3.869051769176715
trawl,0.008,1,LSTM-rec,1,13,3303,0.7818229619432004,0.744305600076041,1.0504058573028694,4.333233399240182
trawl,0.008,1,LSTM-rec,1,14,3253,0.792945490599815,0.7450179201634508,1.0643307619041555,4.808566655059284
trawl,0.008,1,LSTM-rec,1,15,3203,0.8042844339282764,0.7460916242723229,1.077996867626962,5.294778276732439
trawl,0.008,1,LSTM-rec,1,16,3153,0.8156110394009167,0.7466295175942215,1.0923905634336109,5.782785117755946
trawl,0.008,1,LSTM-rec,1,17,3103,0.8266349692099385,0.7469513527528704,1.1066784552479838,6.284297290276705
trawl,0.008,1,LSTM-rec,1,18,3053,0.8367805572940745,0.7472821735627799,1.1197651796035728,6.792315250251164
trawl,0.008,1,LSTM-rec,1,19,3003,0.8462033912769997,0.7485368266590584,1.1304766327314264,7.314083045568083
trawl,0.008,1,LSTM-rec,1,20,2953,0.8548637448790165,0.7500888638766317,1.139683290938202,7.844017376571366
trawl,0.008,1,LSTM-rec,2,1,3903,0.7242179078553068,0.736953111120882,0.9827191132333978,0.15528713560605878
trawl,0.008,1,LSTM-rec,2,2,3853,0.7247620127965164,0.7371730825776323,0.9831639677649125,0.3666375744063353
trawl,0.008,1,LSTM-rec,2,3,3803,0.7304343181907542,0.7373825148558197,0.9905772153189392,0.6590398029150578
trawl,0.008,1,LSTM-rec,2,4,3753,0.7422282825179329,0.737804636657179,1.0059956872605145,1.036224252943791
trawl,0.008,1,LSTM-rec,2,5,3703,0.7606686419079579,0.7381855934219713,1.0304571759274832,1.492934826855277
trawl,0.008,1,LSTM-rec,2,6,3653,0.7853659776505088,0.7390071713408012,1.0627311995167754,2.025038605521654
trawl,0.008,1,LSTM-rec,2,7,3603,0.816824455181331,0.7398683186095196,1.1040132880894802,2.6242207408496143
trawl,0.008,1,LSTM-rec,2,8,3553,0.8545092529724473,0.7406874419142614,1.1536705020460727,3.28334439164793
trawl,0.008,1,LSTM-rec,2,9,3503,0.8951257976852757,0.741751943321514,1.2067724334862733,3.997288538922895
trawl,0.008,1,LSTM-rec,2,10,3453,0.9366511507564198,0.7427626090286232,1.2610370249807834,4.764949753802979
trawl,0.008,1,LSTM-rec,2,11,3403,0.977983146210557,0.7429487588350203,1.3163534289283718,5.577575118986353
trawl,0.008,1,LSTM-rec,2,12,3353,1.018463656211755,0.7433672524845925,1.3700679614385682,6.437902510617723
trawl,0.008,1,LSTM-rec,2,13,3303,1.0579189319354692,0.744305600076041,1.4213502247294503,7.341278505396129
trawl,0.008,1,LSTM-rec,2,14,3253,1.0961934505727438,0.7450179201634508,1.4713652127082364,8.281346551225433
trawl,0.008,1,LSTM-rec,2,15,3203,1.1332205627504173,0.7460916242723229,1.5188758670969782,9.257066478917121
trawl,0.008,1,LSTM-rec,2,16,3153,1.169150073909131,0.7466295175942215,1.5659039006070226,10.263594831783047
trawl,0.008,1,LSTM-rec,2,17,3103,1.2045040604131871,0.7469513527528704,1.6125602503750984,11.308146852965686
trawl,0.008,1,LSTM-rec,2,18,3053,1.2388428271548901,0.7472821735627799,1.6577979121976387,12.38400028049133
trawl,0.008,1,LSTM-rec,2,19,3003,1.2724347320893323,0.7485368266590584,1.6998959660656716,13.499706649256268
trawl,0.008,1,LSTM-rec,2,20,2953,1.3052293602363585,0.7500888638766317,1.740099637649109,14.648340253552295
trawl,0.008,1,LSTM-rec,3,1,3903,0.7476492577894988,0.736953111120882,1.0145140125025705,0.15480756516959274
trawl,0.008,1,LSTM-rec,3,2,3853,0.7647938669373436,0.7371730825776323,1.037468519961596,0.3627088868265246
trawl,0.008,1,LSTM-rec,3,3,3803,0.7891920838440336,0.7373825148558197,1.0702614558176013,0.6518717657727221
trawl,0.008,1,LSTM-rec,3,4,3753,0.8156634280743955,0.737804636657179,1.1055276526452538,1.0263756379559388
trawl,0.008,1,LSTM-rec,3,5,3703,0.8454797916629448,0.7381855934219713,1.1453485399838204,1.485289596637126
trawl,0.008,1,LSTM-rec,3,6,3653,0.8792710050001917,0.7390071713408012,1.1898003687906114,2.0241602167681525
trawl,0.008,1,LSTM-rec,3,7,3603,0.9167491912241048,0.7398683186095196,1.2390707483556105,2.6400093448928863
trawl,0.008,1,LSTM-rec,3,8,3553,0.9581766187305442,0.7406874419142614,1.2936315164925645,3.3261993518679684
trawl,0.008,1,LSTM-rec,3,9,3503,1.0033953537388236,0.741751943321514,1.3527370743994125,4.085349093729646
trawl,0.008,1,LSTM-rec,3,10,3453,1.0516541665590955,0.7427626090286232,1.4158684804212711,4.919492172237041
trawl,0.008,1,LSTM-rec,3,11,3403,1.1025969689840083,0.7429487588350203,1.4840821198933474,5.832710320499738
trawl,0.008,1,LSTM-rec,3,12,3353,1.1552415247676657,0.7433672524845925,1.554065666608861,6.826392106170429
trawl,0.008,1,LSTM-rec,3,13,3303,1.2095673546347747,0.744305600076041,1.62509506110286,7.899686526069794
trawl,0.008,1,LSTM-rec,3,14,3253,1.2660228870402406,0.7450179201634508,1.6993187046594604,9.052858449428484
trawl,0.008,1,LSTM-rec,3,15,3203,1.3246174037270813,0.7460916242723229,1.7754084895658833,10.28484826342115
trawl,0.008,1,LSTM-rec,3,16,3153,1.3861456944305621,0.7466295175942215,1.8565374951916984,11.598254636797018
trawl,0.008,1,LSTM-rec,3,17,3103,1.450797956109448,0.7469513527528704,1.9422924274285984,12.987367024394704
trawl,0.008,1,LSTM-rec,3,18,3053,1.5197682487711248,0.7472821735627799,2.033727422568374,14.46660818133802
trawl,0.008,1,LSTM-rec,3,19,3003,1.5935288130941048,0.7485368266590584,2.128858269013291,16.0342408766962
trawl,0.008,1,LSTM-rec,3,20,2953,1.67303043280619,0.7500888638766317,2.230442969329773,17.699651425908414
trawl,0.008,1,LSTM-rec,4,1,3903,0.7351683648476623,0.736953111120882,0.9975782091882276,0.16250572790314205
trawl,0.008,1,LSTM-rec,4,2,3853,0.7429102260085237,0.7371730825776323,1.0077826273998376,0.38505274488535013
trawl,0.008,1,LSTM-rec,4,3,3803,0.7542062040668666,0.7373825148558197,1.0228154165200627,0.6917272820132914
trawl,0.008,1,LSTM-rec,4,4,3753,0.7679371157347948,0.737804636657179,1.0408407288061228,1.0851265079847343
trawl,0.008,1,LSTM-rec,4,5,3703,0.7850046829442295,0.7381855934219713,1.063424550600102,1.5585321830658687
trawl,0.008,1,LSTM-rec,4,6,3653,0.8066810528570145,0.7390071713408012,1.091574052513497,2.105031004805875
trawl,0.008,1,LSTM-rec,4,7,3603,0.8324045967553775,0.7398683186095196,1.125071280683794,2.719303709389009
trawl,0.008,1,LSTM-rec,4,8,3553,0.8620304503040593,0.7406874419142614,1.163824849083703,3.393001591924117
trawl,0.008,1,LSTM-rec,4,9,3503,0.8948642409159915,0.741751943321514,1.2064198132179489,4.124431905496922
trawl,0.008,1,LSTM-rec,4,10,3453,0.9298766731775281,0.7427626090286232,1.2519163752650535,4.912211092931755
trawl,0.008,1,LSTM-rec,4,11,3403,0.9659595997695526,0.7429487588350203,1.3001698815463723,5.757404469269097
trawl,0.008,1,LSTM-rec,4,12,3353,1.0017374012409326,0.7433672524845925,1.3475672998679684,6.654589106050329
trawl,0.008,1,LSTM-rec,4,13,3303,1.0368865594504688,0.744305600076041,1.3930925138068782,7.603652770063224
trawl,0.008,1,LSTM-rec,4,14,3253,1.071285737592613,0.7450179201634508,1.4379328451020101,8.602223828063655
trawl,0.008,1,LSTM-rec,4,15,3203,1.104557762123976,0.7460916242723229,1.4804586007801277,9.645074462855648
trawl,0.008,1,LSTM-rec,4,16,3153,1.1367707243494722,0.7466295175942215,1.5225365426381186,10.72962965488809
trawl,0.008,1,LSTM-rec,4,17,3103,1.1678703616104107,0.7469513527528704,1.5635159603182374,11.850215221404207
trawl,0.008,1,LSTM-rec,4,18,3053,1.1978516614332104,0.7472821735627799,1.602944247582239,13.010534159823141
trawl,0.008,1,LSTM-rec,4,19,3003,1.2266031365534473,0.7485368266590584,1.6386677219718642,14.205258896738869
trawl,0.008,1,LSTM-rec,4,20,2953,1.2543858834444925,0.7500888638766317,1.6723163665722725,15.437032115608584
trawl,0.008,1,LSTM-ms,0,1,3903,0.6901563097520069,0.736953111120882,0.9364996216683329,0.18035397800455297
trawl,0.008,1,LSTM-ms,0,2,3853,0.6957431052839411,0.7371730825776323,0.9437988468748408,0.3850950648615262
trawl,0.008,1,LSTM-ms,0,3,3803,0.699831621963382,0.7373825148558197,0.9490754226796657,0.6189328102162198
trawl,0.008,1,LSTM-ms,0,4,3753,0.6538904842624568,0.737804636657179,0.8862650785512576,0.9063274278455029
trawl,0.008,1,LSTM-ms,0,5,3703,0.6469910608046776,0.7381855934219713,0.8764612403304328,1.2235833807067757
trawl,0.008,1,LSTM-ms,0,6,3653,0.6247554507581712,0.7390071713408012,0.8453983601061138,1.5891372446124148
trawl,0.008,1,LSTM-ms,0,7,3603,0.6053032616322248,0.7398683186095196,0.8181229637860542,1.9791343856490473
trawl,0.008,1,LSTM-ms,0,8,3553,0.5921399603387665,0.7406874419142614,0.7994464693615123,2.389188471120422
trawl,0.008,1,LSTM-ms,0,9,3503,0.5952186177480125,0.741751943321514,0.8024496910418121,2.810073390014516
trawl,0.008,1,LSTM-ms,0,10,3453,0.5297487685135698,0.7427626090286232,0.713214103771822,3.2457088619223224
trawl,0.008,1,LSTM-ms,0,11,3403,0.5336968707610444,0.7429487588350203,0.7183495017851662,3.710581651207674
trawl,0.008,1,LSTM-ms,0,12,3353,0.47427546579648583,0.7433672524845925,0.6380096301139065,4.179221065809941
trawl,0.008,1,LSTM-ms,0,13,3303,0.46769250454736694,0.744305600076041,0.6283608567496816,4.642617638924869
trawl,0.008,1,LSTM-ms,0,14,3253,0.46426264357698543,0.7450179201634508,0.6231563443133422,5.110423823770396
trawl,0.008,1,LSTM-ms,0,15,3203,0.4208802945488361,0.7460916242723229,0.5641134156402419,5.561772679872188
trawl,0.008,1,LSTM-ms,0,16,3153,0.4064051273875698,0.7466295175942215,0.5443196629796828,6.007197958288411
trawl,0.008,1,LSTM-ms,0,17,3103,0.37417485044741555,0.7469513527528704,0.5009360369566285,6.461662417166697
trawl,0.008,1,LSTM-ms,0,18,3053,0.3985536095071278,0.7472821735627799,0.5333375043686157,6.9133097191229735
trawl,0.008,1,LSTM-ms,0,19,3003,0.34604388528558205,0.7485368266590584,0.4622937348721751,7.367769948051107
trawl,0.008,1,LSTM-ms,0,20,2953,0.38940581056802354,0.7500888638766317,0.5191462362945702,7.801029292577029
trawl,0.008,1,LSTM-ms,1,1,3903,0.6781494074437455,0.736953111120882,0.9202069944616993,0.18400835266288612
trawl,0.008,1,LSTM-ms,1,2,3853,0.669951479867585,0.7371730825776323,0.9088116423418537,0.3987375324172215
trawl,0.008,1,LSTM-ms,1,3,3803,0.672381359167668,0.7373825148558197,0.9118487970916134,0.6327706902777025
trawl,0.008,1,LSTM-ms,1,4,3753,0.6268748043206306,0.737804636657179,0.8496487730964315,0.9207492945399713
trawl,0.008,1,LSTM-ms,1,5,3703,0.6228212970033521,0.7381855934219713,0.8437191169176974,1.2412012400424857
trawl,0.008,1,LSTM-ms,1,6,3653,0.5707494123275189,0.7390071713408012,0.7723191796528746,1.6306077108021297
trawl,0.008,1,LSTM-ms,1,7,3603,0.53958769886993,0.7398683186095196,0.7293023438062742,2.0350252444747476
trawl,0.008,1,LSTM-ms,1,8,3553,0.49226243853234336,0.7406874419142614,0.6646021124107643,2.4809865260864186
trawl,0.008,1,LSTM-ms,1,9,3503,0.4708030007647257,0.741751943321514,0.6347175831538808,2.9283094260332985
trawl,0.008,1,LSTM-ms,1,10,3453,0.42845764546229764,0.7427626090286232,0.5768433147471301,3.4040765626734677
trawl,0.008,1,LSTM-ms,1,11,3403,0.413652882674655,0.7429487588350203,0.5567717527697102,3.8812751337577147
trawl,0.008,1,LSTM-ms,1,12,3353,0.3625510377269521,0.7433672524845925,0.4877145670799731,4.376274695684099
trawl,0.008,1,LSTM-ms,1,13,3303,0.35006061647457626,0.744305600076041,0.4703183966892266,4.879779003805496
trawl,0.008,1,LSTM-ms,1,14,3253,0.32343240070349655,0.7450179201634508,0.4341270081564456,5.391743694280179
trawl,0.008,1,LSTM-ms,1,15,3203,0.3371259479105275,0.7460916242723229,0.45185596104142406,5.8901595982986725
trawl,0.008,1,LSTM-ms,1,16,3153,0.3171809163860771,0.7466295175942215,0.4248170061747528,6.405620474452244
trawl,0.008,1,LSTM-ms,1,17,3103,0.35354112500816226,0.7469513527528704,0.47331211558181846,6.932130960910686
trawl,0.008,1,LSTM-ms,1,18,3053,0.3357832239177802,0.7472821735627799,0.4493392667416155,7.445147409482149
trawl,0.008,1,LSTM-ms,1,19,3003,0.3228648517646175,0.7485368266590584,0.4313279457547319,7.988616621460679
trawl,0.008,1,LSTM-ms,1,20,2953,0.34622569976567996,0.7500888638766317,0.4615795760202411,8.535602705206044
trawl,0.008,1,LSTM-ms,2,1,3903,0.8474624481812739,0.736953111120882,1.1499543666927612,0.23991341161988042
trawl,0.008,1,LSTM-ms,2,2,3853,0.8182647736669799,0.7371730825776323,1.1100035975347864,0.46261748264855584
trawl,0.008,1,LSTM-ms,2,3,3803,0.856979381998766,0.7373825148558197,1.1621910809294562,0.737270216955409
trawl,0.008,1,LSTM-ms,2,4,3753,0.7687854134889658,0.737804636657179,1.0419904881218334,0.9754855840149426
trawl,0.008,1,LSTM-ms,2,5,3703,0.7781337637240839,0.7381855934219713,1.0541167027074136,1.2597924463475447
trawl,0.008,1,LSTM-ms,2,6,3653,0.745141999122417,0.7390071713408012,1.0083014455333164,1.5729204513708774
trawl,0.008,1,LSTM-ms,2,7,3603,0.7173094723624659,0.7398683186095196,0.9695096469471082,1.8887063460027111
trawl,0.008,1,LSTM-ms,2,8,3553,0.6557571435558889,0.7406874419142614,0.8853358467387062,2.1960350519782628
trawl,0.008,1,LSTM-ms,2,9,3503,0.6318367106997506,0.741751943321514,0.8518167244300425,2.5257768471649475
trawl,0.008,1,LSTM-ms,2,10,3453,0.6210169800540934,0.7427626090286232,0.8360907946971814,2.890160247594349
trawl,0.008,1,LSTM-ms,2,11,3403,0.5693528195798871,0.7429487588350203,0.7663419755524727,3.252719522701015
trawl,0.008,1,LSTM-ms,2,12,3353,0.530604795150534,0.7433672524845925,0.7137855392164073,3.6227739312016523
trawl,0.008,1,LSTM-ms,2,13,3303,0.507884337796887,0.744305600076041,0.682359957717636,4.010091784426083
trawl,0.008,1,LSTM-ms,2,14,3253,0.5055242641697265,0.7450179201634508,0.678539737753984,4.407512796296224
trawl,0.008,1,LSTM-ms,2,15,3203,0.44489846395025806,0.7460916242723229,0.5963053993323888,4.80518254963375
trawl,0.008,1,LSTM-ms,2,16,3153,0.4641752631608425,0.7466295175942215,0.6216942301671934,5.198759962199045
trawl,0.008,1,LSTM-ms,2,17,3103,0.4007876515034526,0.7469513527528704,0.5365645969129847,5.602832795487753
trawl,0.008,1,LSTM-ms,2,18,3053,0.4135273687356507,0.7472821735627799,0.5533751283857032,6.01443367335316
trawl,0.008,1,LSTM-ms,2,19,3003,0.4368105926159309,0.7485368266590584,0.5835525749154467,6.428689670897624
trawl,0.008,1,LSTM-ms,2,20,2953,0.4668932526421606,0.7500888638766317,0.6224505856934723,6.851608369856339
trawl,0.008,1,LSTM-ms,3,1,3903,0.7319125710448459,0.736953111120882,0.9931602974463739,0.13963075340307565
trawl,0.008,1,LSTM-ms,3,2,3853,0.7553541125772943,0.7371730825776323,1.024663176707551,0.2991252802686639
trawl,0.008,1,LSTM-ms,3,3,3803,0.7819781981203157,0.7373825148558197,1.060478357387164,0.5161031452940595
trawl,0.008,1,LSTM-ms,3,4,3753,0.7820126955100828,0.737804636657179,1.0599183803631274,0.773972203259988
trawl,0.008,1,LSTM-ms,3,5,3703,0.76021248015925,0.7381855934219713,1.0298392259799731,1.061077310954263
trawl,0.008,1,LSTM-ms,3,6,3653,0.7582780721463883,0.7390071713408012,1.0260767439788485,1.382379016426882
trawl,0.008,1,LSTM-ms,3,7,3603,0.7298280379114752,0.7398683186095196,0.9864296382944012,1.7251189810572132
trawl,0.008,1,LSTM-ms,3,8,3553,0.7337321330862381,0.7406874419142614,0.9906096574149446,2.09534855535792
trawl,0.008,1,LSTM-ms,3,9,3503,0.7100912976629281,0.741751943321514,0.9573163967500892,2.478081904245944
trawl,0.008,1,LSTM-ms,3,10,3453,0.6947394037082,0.7427626090286232,0.9353451496660184,2.872852141370038
trawl,0.008,1,LSTM-ms,3,11,3403,0.6898239093044369,0.7429487588350203,0.9284945981821334,3.2776218142320435
trawl,0.008,1,LSTM-ms,3,12,3353,0.6886824114235461,0.7433672524845925,0.926436306040829,3.69118424544756
trawl,0.008,1,LSTM-ms,3,13,3303,0.6569553965449769,0.744305600076041,0.8826420175770006,4.106946075535214
trawl,0.008,1,LSTM-ms,3,14,3253,0.6357159585902767,0.7450179201634508,0.8532894865814851,4.51346697334028
trawl,0.008,1,LSTM-ms,3,15,3203,0.5915073232575804,0.7460916242723229,0.7928078858069054,4.915355643164736
trawl,0.008,1,LSTM-ms,3,16,3153,0.6130672110636021,0.7466295175942215,0.8211130106923955,5.314413140598714
trawl,0.008,1,LSTM-ms,3,17,3103,0.5883236217210452,0.7469513527528704,0.7876331163372198,5.715421597233052
trawl,0.008,1,LSTM-ms,3,18,3053,0.5371627594399286,0.7472821735627799,0.7188218566474356,6.1117761563268616
trawl,0.008,1,LSTM-ms,3,19,3003,0.5041506779521767,0.7485368266590584,0.6735148625917986,6.502736934234958
trawl,0.008,1,LSTM-ms,3,20,2953,0.4995964479411661,0.7500888638766317,0.6660496802460669,6.904239800271836
trawl,0.008,1,LSTM-ms,4,1,3903,0.6699978837311046,0.736953111120882,0.9091458786462809,0.26334619837352646
trawl,0.008,1,LSTM-ms,4,2,3853,0.6528336158746197,0.7371730825776323,0.8855906859646755,0.5458854295789533
trawl,0.008,1,LSTM-ms,4,3,3803,0.6371044489737029,0.7373825148558197,0.8640080774064405,0.8796608786223674
trawl,0.008,1,LSTM-ms,4,4,3753,0.6229880719139462,0.737804636657179,0.84438080348283,1.2342644305177999
trawl,0.008,1,LSTM-ms,4,5,3703,0.6257201376692492,0.7381855934219713,0.8476460977362461,1.6185489055611009
trawl,0.008,1,LSTM-ms,4,6,3653,0.5785540288033184,0.7390071713408012,0.7828801278797225,2.040484803766718
trawl,0.008,1,LSTM-ms,4,7,3603,0.563290619951783,0.7398683186095196,0.7613390190978984,2.4690255290082512
trawl,0.008,1,LSTM-ms,4,8,3553,0.5487563253140304,0.7406874419142614,0.7408743476138913,2.904184807429553
trawl,0.008,1,LSTM-ms,4,9,3503,0.5060477607207554,0.741751943321514,0.682233144485889,3.3718455868739934
trawl,0.008,1,LSTM-ms,4,10,3453,0.4678085847642183,0.7427626090286232,0.6298224750112466,3.8491501643672583
trawl,0.008,1,LSTM-ms,4,11,3403,0.4692641123007475,0.7429487588350203,0.6316237919780314,4.341318840440337
trawl,0.008,1,LSTM-ms,4,12,3353,0.4282401638497205,0.7433672524845925,0.5760815564828725,4.873380919915718
trawl,0.008,1,LSTM-ms,4,13,3303,0.4223565150476719,0.744305600076041,0.5674504061295823,5.384040044366756
trawl,0.008,1,LSTM-ms,4,14,3253,0.40309417024784344,0.7450179201634508,0.5410529858924842,5.920217364181743
trawl,0.008,1,LSTM-ms,4,15,3203,0.40663361973144063,0.7460916242723229,0.5450183415851076,6.47301231833087
trawl,0.008,1,LSTM-ms,4,16,3153,0.3821567145419788,0.7466295175942215,0.5118424942176925,7.033011467955551
trawl,0.008,1,LSTM-ms,4,17,3103,0.38643754009080494,0.7469513527528704,0.5173530226119802,7.600885662583876
trawl,0.008,1,LSTM-ms,4,18,3053,0.367730961518138,0.7472821735627799,0.492091173224333,8.16735989191352
trawl,0.008,1,LSTM-ms,4,19,3003,0.39008156961144264,0.7485368266590584,0.521125421914767,8.746856430725758
trawl,0.008,1,LSTM-ms,4,20,2953,0.3568695847799987,0.7500888638766317,0.4757697413818606,9.334379388748339
trawl,0.008,2,ConstVel,0,1,3383,0.7765532782748696,0.776712373351061,0.9997951686085481,0.12850738445603396
trawl,0.008,2,ConstVel,0,2,3333,0.7755453877851037,0.7765528276789735,0.9987026769358617,0.27280319961653265
trawl,0.008,2,ConstVel,0,3,3283,0.7744628174234452,0.7759010723761124,0.9981463423574571,0.4551213338129628
trawl,0.008,2,ConstVel,0,4,3233,0.7735426285246652,0.7752886346376147,0.9977479276298619,0.6721323397301169
trawl,0.008,2,ConstVel,0,5,3183,0.7716395840156115,0.7744676965672511,0.9963483143787986,0.9265955924972631
trawl,0.008,2,ConstVel,0,6,3133,0.7701409289821469,0.7739742857666606,0.9950471781104245,1.216788001175592
trawl,0.008,2,ConstVel,0,7,3083,0.768629754086293,0.7736820010161695,0.9934698662716196,1.5315138747082007
trawl,0.008,2,ConstVel,0,8,3033,0.7673985066899205,0.7734149405346815,0.9922209495453996,1.8727638501760902
trawl,0.008,2,ConstVel,0,9,2983,0.7660191853758812,0.7728148027829596,0.9912066676484368,2.236709884462296
trawl,0.008,2,ConstVel,0,10,2933,0.7648333421902308,0.7727731484972877,0.9897255665229875,2.6153800555624036
trawl,0.008,2,ConstVel,0,11,2883,0.7638162500917551,0.7730674982854687,0.9880330653995527,3.008016954576423
trawl,0.008,2,ConstVel,0,12,2833,0.7629769299973914,0.7735437016295894,0.9863397871252297,3.413562629807693
trawl,0.008,2,ConstVel,0,13,2783,0.7620831799653538,0.773549852203238,0.9851765568757791,3.8325637894017643
trawl,0.008,2,ConstVel,0,14,2733,0.7612696983957632,0.773677339705467,0.9839627701718299,4.256845248338272
trawl,0.008,2,ConstVel,0,15,2683,0.7615815426745376,0.7737344456539089,0.9842931860567478,4.674231499784679
trawl,0.008,2,ConstVel,0,16,2633,0.7623757924545136,0.7746323900975541,0.9841775301423983,5.100550123191075
trawl,0.008,2,ConstVel,0,17,2583,0.7639043625393946,0.7751281376702284,0.9855201035991693,5.517139713511678
trawl,0.008,2,ConstVel,0,18,2533,0.7664474668943669,0.7753482527273327,0.9885202735652571,5.934228560836359
trawl,0.008,2,ConstVel,0,19,2483,0.7682596609545957,0.775948550769985,0.9900909798623124,6.350496216165966
trawl,0.008,2,ConstVel,0,20,2433,0.7707635052417775,0.7766310689670616,0.9924448506379122,6.7627631729520115
trawl,0.008,2,Kalman,0,1,3383,0.7749798538032151,0.776712373351061,0.9977694194050609,0.13380007858291576
trawl,0.008,2,Kalman,0,2,3333,0.7740492759302557,0.7765528276789735,0.9967760702691656,0.2817667101711483
trawl,0.008,2,Kalman,0,3,3283,0.7729900636162539,0.7759010723761124,0.9962482217598387,0.4661648608593564
trawl,0.008,2,Kalman,0,4,3233,0.7717870510413021,0.7752886346376147,0.9954835097022294,0.6854003948709423
trawl,0.008,2,Kalman,0,5,3183,0.7700227231080051,0.7744676965672511,0.9942606083133643,0.9391002440824409
trawl,0.008,2,Kalman,0,6,3133,0.7685605318744138,0.7739742857666606,0.9930052535441998,1.222636446914184
trawl,0.008,2,Kalman,0,7,3083,0.7671527980719349,0.7736820010161695,0.9915608700529948,1.5311458996832656
trawl,0.008,2,Kalman,0,8,3033,0.7659156139589864,0.7734149405346815,0.9903036181709775,1.8649307880931807
trawl,0.008,2,Kalman,0,9,2983,0.76467328452786,0.7728148027829596,0.9894651108832525,2.2186820407141683
trawl,0.008,2,Kalman,0,10,2933,0.7635997139991529,0.7727731484972877,0.9881292012850431,2.585983663532815
trawl,0.008,2,Kalman,0,11,2883,0.7626938522622732,0.7730674982854687,0.9865811898104596,2.9678331911690496
trawl,0.008,2,Kalman,0,12,2833,0.7618873238045053,0.7735437016295894,0.9849311967759182,3.3584340888237976
trawl,0.008,2,Kalman,0,13,2783,0.7611883804837797,0.773549852203238,0.9840198124474457,3.7598156463105026
trawl,0.008,2,Kalman,0,14,2733,0.760861555302791,0.773677339705467,0.983435233598085,4.163857392169962
trawl,0.008,2,Kalman,0,15,2683,0.7614569826043248,0.7737344456539089,0.9841322005003823,4.562307372793346
trawl,0.008,2,Kalman,0,16,2633,0.7626011905950382,0.7746323900975541,0.9844685044721654,4.967715013131092
trawl,0.008,2,Kalman,0,17,2583,0.7644080821004731,0.7751281376702284,0.9861699568770963,5.3653794259906045
trawl,0.008,2,Kalman,0,18,2533,0.766745674191626,0.7753482527273327,0.9889048843465544,5.765811651729953
trawl,0.008,2,Kalman,0,19,2483,0.7687943359949148,0.775948550769985,0.9907800397745816,6.165930562991643
trawl,0.008,2,Kalman,0,20,2433,0.7713076029957113,0.7766310689670616,0.993145437796571,6.566113553758477
trawl,0.008,2,LSTM-rec,0,1,3383,0.7314159723806032,0.776712373351061,0.9416818856959491,0.1469742343421408
trawl,0.008,2,LSTM-rec,0,2,3333,0.6997451695349817,0.7765528276789735,0.9010915221652582,0.3346594836483563
trawl,0.008,2,LSTM-rec,0,3,3283,0.6671254419063704,0.7759010723761124,0.8598073461393364,0.5975577193794246
trawl,0.008,2,LSTM-rec,0,4,3233,0.6361690150829759,0.7752886346376147,0.820557643515997,0.9355892088559467
trawl,0.008,2,LSTM-rec,0,5,3183,0.6061159195333072,0.7744676965672511,0.7826225964231356,1.352523119236404
trawl,0.008,2,LSTM-rec,0,6,3133,0.5813773268200648,0.7739742857666606,0.7511584525630347,1.840338034766609
trawl,0.008,2,LSTM-rec,0,7,3083,0.5608232246023678,0.7736820010161695,0.7248756257296555,2.39310430619263
trawl,0.008,2,LSTM-rec,0,8,3033,0.5457275015579673,0.7734149405346815,0.7056076537397791,3.0060991577963923
trawl,0.008,2,LSTM-rec,0,9,2983,0.5360759581080942,0.7728148027829596,0.6936667830088755,3.67801840666783
trawl,0.008,2,LSTM-rec,0,10,2933,0.5324021035415344,0.7727731484972877,0.6889500554940711,4.3985359549056815
trawl,0.008,2,LSTM-rec,0,11,2883,0.534762613282833,0.7730674982854687,0.6917411668047679,5.166873825816534
trawl,0.008,2,LSTM-rec,0,12,2833,0.5437015525331921,0.7735437016295894,0.7028711518015087,5.987185122170573
trawl,0.008,2,LSTM-rec,0,13,2783,0.5594238262509729,0.773549852203238,0.7231903989867133,6.861595294172279
trawl,0.008,2,LSTM-rec,0,14,2733,0.5820069714592394,0.773677339705467,0.7522605892539194,7.790873232078562
trawl,0.008,2,LSTM-rec,0,15,2683,0.6099407436866678,0.7737344456539089,0.7883075997362202,8.761788564409347
trawl,0.008,2,LSTM-rec,0,16,2633,0.6418063166383908,0.7746323900975541,0.8285301839206134,9.780616375872018
trawl,0.008,2,LSTM-rec,0,17,2583,0.676207880316693,0.7751281376702284,0.8723820584673186,10.839488198516344
trawl,0.008,2,LSTM-rec,0,18,2533,0.7128139772465482,0.7753482527273327,0.9193468544478993,11.950307308904561
trawl,0.008,2,LSTM-rec,0,19,2483,0.7513794746058984,0.775948550769985,0.9683367200831725,13.124078308448464
trawl,0.008,2,LSTM-rec,0,20,2433,0.7912732839818815,0.7766310689670616,1.0188535014885438,14.346261779733284
trawl,0.008,2,LSTM-rec,1,1,3383,0.7732265700370662,0.776712373351061,0.9955121053383563,0.13082080308123356
trawl,0.008,2,LSTM-rec,1,2,3333,0.7745857178484135,0.7765528276789735,0.997466869270904,0.2800047271094712
trawl,0.008,2,LSTM-rec,1,3,3283,0.7752380119124023,0.7759010723761124,0.9991454316957192,0.4698962338669306
trawl,0.008,2,LSTM-rec,1,4,3233,0.7749066274060266,0.7752886346376147,0.9995072709510741,0.6982730761912962
trawl,0.008,2,LSTM-rec,1,5,3183,0.7743691521070558,0.7744676965672511,0.9998727584628357,0.9640607405250381
trawl,0.008,2,LSTM-rec,1,6,3133,0.775709741747968,0.7739742857666606,1.0022422656840444,1.2634105106425984
trawl,0.008,2,LSTM-rec,1,7,3083,0.7778782699821091,0.7736820010161695,1.0054237644929418,1.5861120887560924
trawl,0.008,2,LSTM-rec,1,8,3033,0.7813716789037211,0.7734149405346815,1.0102878001859374,1.9324257102608917
trawl,0.008,2,LSTM-rec,1,9,2983,0.7860601318449786,0.7728148027829596,1.0171390726656913,2.2982498428356535
trawl,0.008,2,LSTM-rec,1,10,2933,0.7922472997491419,0.7727731484972877,1.0252003466861175,2.6787406634691795
trawl,0.008,2,LSTM-rec,1,11,2883,0.7994669450349127,0.7730674982854687,1.0341489544030675,3.0749884336022184
trawl,0.008,2,LSTM-rec,1,12,2833,0.807361214303447,0.7735437016295894,1.043717649827173,3.478536157654064
trawl,0.008,2,LSTM-rec,1,13,2783,0.8158438127436554,0.773549852203238,1.054675158194336,3.8964542159187383
trawl,0.008,2,LSTM-rec,1,14,2733,0.8246752037749115,0.773677339705467,1.0659161919991853,4.3215947099648995
trawl,0.008,2,LSTM-rec,1,15,2683,0.8341076688055031,0.7737344456539089,1.0780283513170605,4.74323472663591
trawl,0.008,2,LSTM-rec,1,16,2633,0.8435136340058362,0.7746323900975541,1.0889212028683792,5.172061306925455
trawl,0.008,2,LSTM-rec,1,17,2583,0.8529313777278452,0.7751281376702284,1.1003746816513034,5.607591464589245
trawl,0.008,2,LSTM-rec,1,18,2533,0.8619874688315733,0.7753482527273327,1.1117423245612306,6.039925326262954
trawl,0.008,2,LSTM-rec,1,19,2483,0.870334190723842,0.775948550769985,1.121639044058007,6.475040152862747
trawl,0.008,2,LSTM-rec,1,20,2433,0.8783858336517715,0.7766310689670616,1.1310207236752017,6.907624997510682
trawl,0.008,2,LSTM-rec,2,1,3383,0.7771062011592164,0.776712373351061,1.0005070445916242,0.1472870445949428
trawl,0.008,2,LSTM-rec,2,2,3333,0.784127178317664,0.7765528276789735,1.0097538124499905,0.33874737365247004
trawl,0.008,2,LSTM-rec,2,3,3283,0.7963530476677418,0.7759010723761124,1.0263589986143433,0.6000110545375279
trawl,0.008,2,LSTM-rec,2,4,3233,0.8148040036659127,0.7752886346376147,1.0509685906162785,0.9335486897195596
trawl,0.008,2,LSTM-rec,2,5,3183,0.8383321324786424,0.7744676965672511,1.0824623624645209,1.3383731348809016
trawl,0.008,2,LSTM-rec,2,6,3133,0.8664397369186804,0.7739742857666606,1.1194683762141115,1.809286852038034
trawl,0.008,2,LSTM-rec,2,7,3083,0.8991177651125426,0.7736820010161695,1.1621283213666898,2.338485727938708
trawl,0.008,2,LSTM-rec,2,8,3033,0.9348922878564252,0.7734149405346815,1.2087848822911416,2.920474733475098
trawl,0.008,2,LSTM-rec,2,9,2983,0.9725319786819081,0.7728148027829596,1.2584282485011327,3.5522855222466605
trawl,0.008,2,LSTM-rec,2,10,2933,1.010823770116715,0.7727731484972877,1.3080472219853054,4.231257676634474
trawl,0.008,2,LSTM-rec,2,11,2883,1.0491631080025625,0.7730674982854687,1.3571429536611312,4.959652275181341
trawl,0.008,2,LSTM-rec,2,12,2833,1.0866049721305104,0.7735437016295894,1.40471051582659,5.727080814302776
trawl,0.008,2,LSTM-rec,2,13,2783,1.1231994339998246,0.773549852203238,1.4520065265356958,6.536499522663048
trawl,0.008,2,LSTM-rec,2,14,2733,1.1586811705843938,0.773677339705467,1.4976284183604172,7.377063914664785
trawl,0.008,2,LSTM-rec,2,15,2683,1.1936308813051495,0.7737344456539089,1.5426880475721512,8.24599851359383
trawl,0.008,2,LSTM-rec,2,16,2633,1.228025458208287,0.7746323900975541,1.5853009426234221,9.153137009562316
trawl,0.008,2,LSTM-rec,2,17,2583,1.2619711608612725,0.7751281376702284,1.628080699862514,10.092853982325456
trawl,0.008,2,LSTM-rec,2,18,2533,1.2951532213635373,0.7753482527273327,1.670414832054835,11.058146123975414
trawl,0.008,2,LSTM-rec,2,19,2483,1.3274330940714643,0.775948550769985,1.7107230791967238,12.053596770662157
trawl,0.008,2,LSTM-rec,2,20,2433,1.359128361927321,0.7766310689670616,1.750030891417974,13.076421327386141
trawl,0.008,2,LSTM-rec,3,1,3383,0.771389090611188,0.776712373351061,0.9931463912221378,0.15408111393276339
trawl,0.008,2,LSTM-rec,3,2,3333,0.7757206476430212,0.7765528276789735,0.9989283664854591,0.35819775566002704
trawl,0.008,2,LSTM-rec,3,3,3283,0.7874866851844362,0.7759010723761124,1.014931816981312,0.6456751096826668
trawl,0.008,2,LSTM-rec,3,4,3233,0.8021854356433136,0.7752886346376147,1.0346926290468208,1.0193893176862605
trawl,0.008,2,LSTM-rec,3,5,3183,0.8203751831044329,0.7744676965672511,1.0592761799370871,1.4830899498783756
trawl,0.008,2,LSTM-rec,3,6,3133,0.8440469155068325,0.7739742857666606,1.0905361211978268,2.0338348878611123
trawl,0.008,2,LSTM-rec,3,7,3083,0.8728352291752721,0.7736820010161695,1.128157599671277,2.6660854394170177
trawl,0.008,2,LSTM-rec,3,8,3033,0.9073449935563958,0.7734149405346815,1.1731671396587258,3.3817870763598847
trawl,0.008,2,LSTM-rec,3,9,2983,0.9470899117176906,0.7728148027829596,1.2255069497985214,4.17846014228871
trawl,0.008,2,LSTM-rec,3,10,2933,0.9902991238038534,0.7727731484972877,1.281487491807344,5.049117811897004
trawl,0.008,2,LSTM-rec,3,11,2883,1.0354042898691593,0.7730674982854687,1.3393452604921416,5.992129478100853
trawl,0.008,2,LSTM-rec,3,12,2833,1.0821080282829978,0.7735437016295894,1.398897083646819,7.014433438717746
trawl,0.008,2,LSTM-rec,3,13,2783,1.1296872014470347,0.773549852203238,1.4603935327884041,8.113153616952786
trawl,0.008,2,LSTM-rec,3,14,2733,1.1784846754747476,0.773677339705467,1.523225012539966,9.291892953796479
trawl,0.008,2,LSTM-rec,3,15,2683,1.2287041172839135,0.7737344456539089,1.5880178583047242,10.53812655387552
trawl,0.008,2,LSTM-rec,3,16,2633,1.2807840145309506,0.7746323900975541,1.6534088051361417,11.857154982999305
trawl,0.008,2,LSTM-rec,3,17,2583,1.3350674119528638,0.7751281376702284,1.7223828513897361,13.240063819696935
trawl,0.008,2,LSTM-rec,3,18,2533,1.392571042481792,0.7753482527273327,1.796058787239595,14.698613186052425
trawl,0.008,2,LSTM-rec,3,19,2483,1.4540591840623645,0.775948550769985,1.873911849721841,16.243111936353955
trawl,0.008,2,LSTM-rec,3,20,2433,1.519728046014958,0.7766310689670616,1.9568210785543692,17.86712639756392
trawl,0.008,2,LSTM-rec,4,1,3383,0.7551413615561956,0.776712373351061,0.9722277994596648,0.16447075738267852
trawl,0.008,2,LSTM-rec,4,2,3333,0.748566120939059,0.7765528276789735,0.9639603311682433,0.38939454848864985
trawl,0.008,2,LSTM-rec,4,3,3283,0.7462183128248054,0.7759010723761124,0.9617441441852803,0.7054184981358657
trawl,0.008,2,LSTM-rec,4,4,3233,0.747693439923212,0.7752886346376147,0.9644065532737995,1.1122043402250736
trawl,0.008,2,LSTM-rec,4,5,3183,0.7539987109698798,0.7744676965672511,0.9735702525901364,1.610853096015114
trawl,0.008,2,LSTM-rec,4,6,3133,0.7674423868862837,0.7739742857666606,0.9915605737806823,2.194559019991071
trawl,0.008,2,LSTM-rec,4,7,3083,0.787062435750056,0.7736820010161695,1.0172944888420725,2.855848344645843
trawl,0.008,2,LSTM-rec,4,8,3033,0.8131953088279751,0.7734149405346815,1.051434703686733,3.5922484176498903
trawl,0.008,2,LSTM-rec,4,9,2983,0.8448188639384764,0.7728148027829596,1.0931711723122088,4.39956797544606
trawl,0.008,2,LSTM-rec,4,10,2933,0.8800357848382815,0.7727731484972877,1.138802230058813,5.268311043416798
trawl,0.008,2,LSTM-rec,4,11,2883,0.9165319895668166,0.7730674982854687,1.1855782213060664,6.195646977034031
trawl,0.008,2,LSTM-rec,4,12,2833,0.9534469971930519,0.7735437016295894,1.232570306221185,7.181105297564373
trawl,0.008,2,LSTM-rec,4,13,2783,0.9899249563430412,0.773549852203238,1.27971707773393,8.222442976965343
trawl,0.008,2,LSTM-rec,4,14,2733,1.0257914903711918,0.773677339705467,1.3258647212825214,9.320226169151743
trawl,0.008,2,LSTM-rec,4,15,2683,1.060840316671534,0.7737344456539089,1.3710651278746964,10.463372746216335
trawl,0.008,2,LSTM-rec,4,16,2633,1.0948639153318311,0.7746323900975541,1.4133980573597604,11.653012876502753
trawl,0.008,2,LSTM-rec,4,17,2583,1.127962401915431,0.7751281376702284,1.4551947569671546,12.884453595356508
trawl,0.008,2,LSTM-rec,4,18,2533,1.1600340478552167,0.7753482527273327,1.4961458206357328,14.16011255241936
trawl,0.008,2,LSTM-rec,4,19,2483,1.1909114342709934,0.775948550769985,1.5347814401988826,15.480687538362108
trawl,0.008,2,LSTM-rec,4,20,2433,1.2207842150889578,0.7766310689670616,1.5718972158976732,16.842103705041122
trawl,0.008,2,LSTM-ms,0,1,3383,0.7460968322837823,0.776712373351061,0.9605831680842285,0.16894668560547474
trawl,0.008,2,LSTM-ms,0,2,3333,0.7550804059591335,0.7765528276789735,0.9723490521771474,0.35376300055490084
trawl,0.008,2,LSTM-ms,0,3,3283,0.757639207378026,0.7759010723761124,0.9764636683099801,0.5616495016573506
trawl,0.008,2,LSTM-ms,0,4,3233,0.7130076026457328,0.7752886346376147,0.9196672965275787,0.8194866633282737
trawl,0.008,2,LSTM-ms,0,5,3183,0.705381873738044,0.7744676965672511,0.9107957334625795,1.1062491473671814
trawl,0.008,2,LSTM-ms,0,6,3133,0.6884944046721791,0.7739742857666606,0.8895572079506371,1.4358600561641852
trawl,0.008,2,LSTM-ms,0,7,3083,0.6624960183814119,0.7736820010161695,0.8562898161147298,1.7896578635526563
trawl,0.008,2,LSTM-ms,0,8,3033,0.6566882408763661,0.7734149405346815,0.8490762286314003,2.1618357541865034
trawl,0.008,2,LSTM-ms,0,9,2983,0.6615293244496239,0.7728148027829596,0.8559998101322737,2.548631082662088
trawl,0.008,2,LSTM-ms,0,10,2933,0.5924587762273343,0.7727731484972877,0.7666658415595994,2.9582051080680363
trawl,0.008,2,LSTM-ms,0,11,2883,0.6042562681269255,0.7730674982854687,0.7816345525676119,3.3963815509502697
trawl,0.008,2,LSTM-ms,0,12,2833,0.5382744444264732,0.7735437016295894,0.6958552481165768,3.8361137438821187
trawl,0.008,2,LSTM-ms,0,13,2783,0.5371172126317237,0.773549852203238,0.6943537137288531,4.277354609792235
trawl,0.008,2,LSTM-ms,0,14,2733,0.5321788797390217,0.773677339705467,0.6878563613374253,4.723282537333919
trawl,0.008,2,LSTM-ms,0,15,2683,0.48023587511132687,0.7737344456539089,0.6206727357284235,5.141247133736181
trawl,0.008,2,LSTM-ms,0,16,2633,0.46353626923705543,0.7746323900975541,0.598395155124716,5.556645706330058
trawl,0.008,2,LSTM-ms,0,17,2583,0.4352335801873193,0.7751281376702284,0.5614988787473042,5.969293509259294
trawl,0.008,2,LSTM-ms,0,18,2533,0.4583148076855781,0.7753482527273327,0.5911083259340936,6.366001807734438
trawl,0.008,2,LSTM-ms,0,19,2483,0.39830689360502214,0.775948550769985,0.5133161125306265,6.76203445813019
trawl,0.008,2,LSTM-ms,0,20,2433,0.43779127939314083,0.7766310689670616,0.5637055957282445,7.122003898996028
trawl,0.008,2,LSTM-ms,1,1,3383,0.722321490287108,0.776712373351061,0.9299729411683143,0.17729601820632238
trawl,0.008,2,LSTM-ms,1,2,3333,0.7157910231985285,0.7765528276789735,0.9217544482298069,0.3818857286819707
trawl,0.008,2,LSTM-ms,1,3,3283,0.7133836420322105,0.7759010723761124,0.919426029206985,0.5983356606408665
trawl,0.008,2,LSTM-ms,1,4,3233,0.6761080427912468,0.7752886346376147,0.8720726869771194,0.8647677696933213
trawl,0.008,2,LSTM-ms,1,5,3183,0.6725455823801214,0.7744676965672511,0.8683972041198245,1.1632897295360658
trawl,0.008,2,LSTM-ms,1,6,3133,0.6252803321512344,0.7739742857666606,0.807882566191282,1.523079117774087
trawl,0.008,2,LSTM-ms,1,7,3083,0.592334155674227,0.7736820010161695,0.7656041563539586,1.8980378891801784
trawl,0.008,2,LSTM-ms,1,8,3033,0.5407357546437705,0.7734149405346815,0.6991534896777998,2.3181628654835458
trawl,0.008,2,LSTM-ms,1,9,2983,0.5164233925000299,0.7728148027829596,0.6682369315913121,2.7473835884075855
trawl,0.008,2,LSTM-ms,1,10,2933,0.4751193845722628,0.7727731484972877,0.6148238787749888,3.203726188916823
trawl,0.008,2,LSTM-ms,1,11,2883,0.471018041630606,0.7730674982854687,0.609284496729255,3.662910134183465
trawl,0.008,2,LSTM-ms,1,12,2833,0.4097664296585184,0.7735437016295894,0.5297262828141216,4.144288824182352
trawl,0.008,2,LSTM-ms,1,13,2783,0.40450734317420217,0.773549852203238,0.5229234315307247,4.63269088413185
trawl,0.008,2,LSTM-ms,1,14,2733,0.3760381196772544,0.773677339705467,0.4860399812412875,5.134568503716699
trawl,0.008,2,LSTM-ms,1,15,2683,0.3969834110365591,0.7737344456539089,0.5130744963810615,5.600691097197463
trawl,0.008,2,LSTM-ms,1,16,2633,0.37700710732907583,0.7746323900975541,0.4866916387030977,6.073374973897437
trawl,0.008,2,LSTM-ms,1,17,2583,0.4153859158824979,0.7751281376702284,0.5358932229334452,6.536639417123182
trawl,0.008,2,LSTM-ms,1,18,2533,0.399125634138812,0.7753482527273327,0.5147695022654198,6.97802302109158
trawl,0.008,2,LSTM-ms,1,19,2483,0.38043086627498207,0.775948550769985,0.4902784674286394,7.441091652604247
trawl,0.008,2,LSTM-ms,1,20,2433,0.4016699456370413,0.7766310689670616,0.5171953089274064,7.889538492691663
trawl,0.008,2,LSTM-ms,2,1,3383,0.9115135132622797,0.776712373351061,1.1735534858671433,0.23325086981588064
trawl,0.008,2,LSTM-ms,2,2,3333,0.878563635985057,0.7765528276789735,1.1313636428457572,0.4473786935601524
trawl,0.008,2,LSTM-ms,2,3,3283,0.9109888277670783,0.7759010723761124,1.1741043545374599,0.7070996455802054
trawl,0.008,2,LSTM-ms,2,4,3233,0.8224864933260213,0.7752886346376147,1.060877789999421,0.9265413400051047
trawl,0.008,2,LSTM-ms,2,5,3183,0.8347449363869626,0.7744676965672511,1.0778305410114382,1.1947807084373996
trawl,0.008,2,LSTM-ms,2,6,3133,0.804964437669924,0.7739742857666606,1.0400402861867253,1.486012843157266
trawl,0.008,2,LSTM-ms,2,7,3083,0.7738821351060583,0.7736820010161695,1.000258677453561,1.778577072726334
trawl,0.008,2,LSTM-ms,2,8,3033,0.7019363510255385,0.7734149405346815,0.9075805421346942,2.0624620084682173
trawl,0.008,2,LSTM-ms,2,9,2983,0.6822587020577965,0.7728148027829596,0.8828230251296115,2.371477255381132
trawl,0.008,2,LSTM-ms,2,10,2933,0.6809358293607181,0.7727731484972877,0.8811587600900033,2.7092648406496496
trawl,0.008,2,LSTM-ms,2,11,2883,0.625226893862357,0.7730674982854687,0.8087610658176719,3.050281896499756
trawl,0.008,2,LSTM-ms,2,12,2833,0.5802041108803841,0.7735437016295894,0.7500598992120219,3.395166787018514
trawl,0.008,2,LSTM-ms,2,13,2783,0.5668551790044521,0.773549852203238,0.7327972171281857,3.767222362059967
trawl,0.008,2,LSTM-ms,2,14,2733,0.5692420546326429,0.773677339705467,0.7357615706430654,4.150946472244738
trawl,0.008,2,LSTM-ms,2,15,2683,0.5129200236550499,0.7737344456539089,0.6629148108063923,4.524707368982048
trawl,0.008,2,LSTM-ms,2,16,2633,0.5302119433582688,0.7746323900975541,0.6844691109437033,4.900767139575892
trawl,0.008,2,LSTM-ms,2,17,2583,0.4718386173495331,0.7751281376702284,0.608723376715132,5.274388912948797
trawl,0.008,2,LSTM-ms,2,18,2533,0.48582594677300656,0.7753482527273327,0.6265906256499392,5.643814005961559
trawl,0.008,2,LSTM-ms,2,19,2483,0.5019169884038653,0.775948550769985,0.6468431288463724,6.006117171452552
trawl,0.008,2,LSTM-ms,2,20,2433,0.5330594629413175,0.7766310689670616,0.6863741153831248,6.358300055649833
trawl,0.008,2,LSTM-ms,3,1,3383,0.7635367980440142,0.776712373351061,0.9830367382327104,0.13561743733035117
trawl,0.008,2,LSTM-ms,3,2,3333,0.794282527937999,0.7765528276789735,1.0228312867162141,0.2826161886852305
trawl,0.008,2,LSTM-ms,3,3,3283,0.81446726084249,0.7759010723761124,1.0497050330762823,0.48282775685102414
trawl,0.008,2,LSTM-ms,3,4,3233,0.8123038326229195,0.7752886346376147,1.0477437644917966,0.7220404845397835
trawl,0.008,2,LSTM-ms,3,5,3183,0.7907327324490979,0.7744676965672511,1.0210015678561415,0.9919036141984964
trawl,0.008,2,LSTM-ms,3,6,3133,0.7926077524289372,0.7739742857666606,1.0240750461674824,1.2947445043942234
trawl,0.008,2,LSTM-ms,3,7,3083,0.7657393137386953,0.7736820010161695,0.9897339122959535,1.61598548079657
trawl,0.008,2,LSTM-ms,3,8,3033,0.7696284528149518,0.7734149405346815,0.9951041963100532,1.9727907184801619
trawl,0.008,2,LSTM-ms,3,9,2983,0.749696933520233,0.7728148027829596,0.970086145892292,2.3464623642473477
trawl,0.008,2,LSTM-ms,3,10,2933,0.7385410071725269,0.7727731484972877,0.9557022117146181,2.7288508934444424
trawl,0.008,2,LSTM-ms,3,11,2883,0.7350791994455497,0.7730674982854687,0.9508603078978607,3.120815007344754
trawl,0.008,2,LSTM-ms,3,12,2833,0.7346530072580194,0.7735437016295894,0.9497239854844132,3.5226602803977
trawl,0.008,2,LSTM-ms,3,13,2783,0.7053496890779724,0.773549852203238,0.9118348184916373,3.930214213388733
trawl,0.008,2,LSTM-ms,3,14,2733,0.6828947602904154,0.773677339705467,0.8826609301370881,4.334861656851742
trawl,0.008,2,LSTM-ms,3,15,2683,0.6409641625508791,0.7737344456539089,0.8284032928237786,4.726707882139063
trawl,0.008,2,LSTM-ms,3,16,2633,0.6634795001339181,0.7746323900975541,0.8565088532514915,5.124673682537598
trawl,0.008,2,LSTM-ms,3,17,2583,0.6342853333705596,0.7751281376702284,0.8182973918054448,5.508727817383048
trawl,0.008,2,LSTM-ms,3,18,2533,0.5869880306867418,0.7753482527273327,0.7570637176545858,5.8747700364619435
trawl,0.008,2,LSTM-ms,3,19,2483,0.5551247174102661,0.775948550769985,0.7154143362461439,6.228934403983405
trawl,0.008,2,LSTM-ms,3,20,2433,0.5537741680528372,0.7766310689670616,0.7130466320248692,6.575112071130239
trawl,0.008,2,LSTM-ms,4,1,3383,0.7376311921965868,0.776712373351061,0.9496838437298717,0.25116337677984635
trawl,0.008,2,LSTM-ms,4,2,3333,0.7182064569278976,0.7765528276789735,0.9248649046511538,0.5147742112361161
trawl,0.008,2,LSTM-ms,4,3,3283,0.7061523115652267,0.7759010723761124,0.9101061162381338,0.8218078032676368
trawl,0.008,2,LSTM-ms,4,4,3233,0.6887851429281929,0.7752886346376147,0.8884241457378578,1.1428790747888493
trawl,0.008,2,LSTM-ms,4,5,3183,0.6959513418607441,0.7744676965672511,0.8986189416879198,1.4900347422383458
trawl,0.008,2,LSTM-ms,4,6,3133,0.6425289938755497,0.7739742857666606,0.8301683992499729,1.8686675058870605
trawl,0.008,2,LSTM-ms,4,7,3083,0.6270048856577726,0.7736820010161695,0.8104167924732019,2.248876692501718
trawl,0.008,2,LSTM-ms,4,8,3033,0.6146580969566291,0.7734149405346815,0.794732639288944,2.636060912729997
trawl,0.008,2,LSTM-ms,4,9,2983,0.56647493357173,0.7728148027829596,0.7330021779238888,3.05820926464593
trawl,0.008,2,LSTM-ms,4,10,2933,0.5262136169313459,0.7727731484972877,0.6809419011964969,3.491808762918121
trawl,0.008,2,LSTM-ms,4,11,2883,0.5350341471551442,0.7730674982854687,0.6920924089316369,3.942300274341457
trawl,0.008,2,LSTM-ms,4,12,2833,0.4885956199605132,0.7735437016295894,0.6316328591793986,4.428879935745385
trawl,0.008,2,LSTM-ms,4,13,2783,0.4842072764098615,0.773549852203238,0.625954843156823,4.897997973984268
trawl,0.008,2,LSTM-ms,4,14,2733,0.4615647301798487,0.773677339705467,0.596585561567,5.391851301389697
trawl,0.008,2,LSTM-ms,4,15,2683,0.46371295627932724,0.7737344456539089,0.599317968695872,5.882666877730471
trawl,0.008,2,LSTM-ms,4,16,2633,0.4353636090165228,0.7746323900975541,0.5620260843491128,6.37866284724569
trawl,0.008,2,LSTM-ms,4,17,2583,0.43982794495634997,0.7751281376702284,0.5674261113502127,6.866555786807432
trawl,0.008,2,LSTM-ms,4,18,2533,0.4187629999002377,0.7753482527273327,0.5400966577627723,7.3427151427393875
trawl,0.008,2,LSTM-ms,4,19,2483,0.438414944937441,0.775948550769985,0.5650051727042926,7.82121048211029
trawl,0.008,2,LSTM-ms,4,20,2433,0.40090117941762793,0.7766310689670616,0.5162054358072957,8.2969635762832
trawl,0.012,0,ConstVel,0,1,2512,1.1671010222674283,1.1651141369943265,1.0017053138486736,0.20162120027098307
trawl,0.012,0,ConstVel,0,2,2462,1.1652024960449074,1.1632644655188022,1.0016660274456513,0.43176330915522665
trawl,0.012,0,ConstVel,0,3,2412,1.163090997081994,1.162246136680477,1.0007269203784406,0.7318994719364696
trawl,0.012,0,ConstVel,0,4,2362,1.159282533337454,1.1606561786828589,0.9988164924543255,1.0956053163355972
trawl,0.012,0,ConstVel,0,5,2312,1.1557739899411341,1.1595712605925688,0.9967252804717718,1.505068697578263
trawl,0.012,0,ConstVel,0,6,2262,1.151437786155595,1.158782610964996,0.9936616024956705,1.9688274719553613
trawl,0.012,0,ConstVel,0,7,2212,1.1485102680332921,1.1573362390481634,0.9923738921178774,2.478902434198797
trawl,0.012,0,ConstVel,0,8,2162,1.1456674835144387,1.1557887729819063,0.9912429591772596,3.028481169250805
trawl,0.012,0,ConstVel,0,9,2112,1.1448101333113405,1.156035648008523,0.990289646589601,3.6107288367503223
trawl,0.012,0,ConstVel,0,10,2062,1.14464661258677,1.1557267827015671,0.9904128118508281,4.217191667203522
trawl,0.012,0,ConstVel,0,11,2012,1.1446805952944914,1.1534490079662412,0.9923980924937373,4.848799388117724
trawl,0.012,0,ConstVel,0,12,1962,1.1448908077161437,1.1517903590175296,0.9940097160500013,5.496992961772595
trawl,0.012,0,ConstVel,0,13,1912,1.1443065376765449,1.1507178898614836,0.9944283892329939,6.16051604680893
trawl,0.012,0,ConstVel,0,14,1862,1.1445835219928648,1.1472693492306985,0.9976589392546444,6.85131475770271
trawl,0.012,0,ConstVel,0,15,1812,1.14390835603476,1.1454538277906832,0.9986507777804505,7.550263170973291
trawl,0.012,0,ConstVel,0,16,1762,1.142492674484461,1.1448517985733246,0.9979393629011165,8.273829326184822
trawl,0.012,0,ConstVel,0,17,1713,1.141228674046996,1.1450642380028841,0.99665035040953,9.012214144204242
trawl,0.012,0,ConstVel,0,18,1666,1.1403305608008583,1.1440664491692252,0.9967345529876522,9.773490229233813
trawl,0.012,0,ConstVel,0,19,1619,1.1382293942407566,1.1421934299711407,0.9965294532201221,10.546669711159302
trawl,0.012,0,ConstVel,0,20,1572,1.1368236390935231,1.1407764143658818,0.9965350131519366,11.357185958908474
trawl,0.012,0,Kalman,0,1,2512,1.1641619094643947,1.1651141369943265,0.9991827173839051,0.21512857345493747
trawl,0.012,0,Kalman,0,2,2462,1.1622777628739098,1.1632644655188022,0.9991517813239036,0.4574091115952259
trawl,0.012,0,Kalman,0,3,2412,1.1597897616373516,1.162246136680477,0.9978865276763653,0.7645796796919514
trawl,0.012,0,Kalman,0,4,2362,1.156277319567833,1.1606561786828589,0.9962272555857196,1.1298665144302151
trawl,0.012,0,Kalman,0,5,2312,1.1526877695116273,1.1595712605925688,0.9940637619136716,1.5402373866131875
trawl,0.012,0,Kalman,0,6,2262,1.1490007571355347,1.158782610964996,0.9915585082681598,1.9998551305612962
trawl,0.012,0,Kalman,0,7,2212,1.1464275543995976,1.1573362390481634,0.9905743168834518,2.4991213486386457
trawl,0.012,0,Kalman,0,8,2162,1.1444345738043724,1.1557887729819063,0.9901762333715698,3.0341727417784035
trawl,0.012,0,Kalman,0,9,2112,1.1438757920556202,1.156035648008523,0.9894814178318373,3.599889848417533
trawl,0.012,0,Kalman,0,10,2062,1.1437915944756332,1.1557267827015671,0.9896730019546359,4.184883315791173
trawl,0.012,0,Kalman,0,11,2012,1.1438316597634914,1.1534490079662412,0.991662095041629,4.793751335335674
trawl,0.012,0,Kalman,0,12,1962,1.1438530168343342,1.1517903590175296,0.9931086919411568,5.42062716016662
trawl,0.012,0,Kalman,0,13,1912,1.143498488496835,1.1507178898614836,0.9937261761303481,6.066358577910665
trawl,0.012,0,Kalman,0,14,1862,1.1434514185754483,1.1472693492306985,0.9966721584100453,6.732618842367667
trawl,0.012,0,Kalman,0,15,1812,1.1425786460900067,1.1454538277906832,0.9974899191648589,7.414966535575546
trawl,0.012,0,Kalman,0,16,1762,1.1412646874298251,1.1448517985733246,0.9968667462915553,8.127475514624908
trawl,0.012,0,Kalman,0,17,1713,1.1399945000773366,1.1450642380028841,0.9955725296823611,8.857916093949374
trawl,0.012,0,Kalman,0,18,1666,1.1388269833686087,1.1440664491692252,0.995420313387897,9.605258039496817
trawl,0.012,0,Kalman,0,19,1619,1.1369493583398413,1.1421934299711407,0.9954087709719781,10.368185346475602
trawl,0.012,0,Kalman,0,20,1572,1.1353912770491401,1.1407764143658818,0.9952794103656718,11.16903411710268
trawl,0.012,0,LSTM-rec,0,1,2512,1.106399504676928,1.1651141369943265,0.9496061111498774,0.21898297640336759
trawl,0.012,0,LSTM-rec,0,2,2462,1.061529487643504,1.1632644655188022,0.912543552312564,0.4933995866572688
trawl,0.012,0,LSTM-rec,0,3,2412,1.0138247412362538,1.162246136680477,0.8722977941074223,0.8708937846244107
trawl,0.012,0,LSTM-rec,0,4,2362,0.9664916212587153,1.1606561786828589,0.8327113912024436,1.3493520106255499
trawl,0.012,0,LSTM-rec,0,5,2312,0.9222833007874084,1.1595712605925688,0.79536578055246,1.9208466520039886
trawl,0.012,0,LSTM-rec,0,6,2262,0.8833858349419574,1.158782610964996,0.7623395679076534,2.5846627749512385
trawl,0.012,0,LSTM-rec,0,7,2212,0.849891642679299,1.1573362390481634,0.7343515341559524,3.322223381686461
trawl,0.012,0,LSTM-rec,0,8,2162,0.8215431241550734,1.1557887729819063,0.7108073234138731,4.129940123984909
trawl,0.012,0,LSTM-rec,0,9,2112,0.7994401437601459,1.156035648008523,0.6915358926321379,4.992195534978753
trawl,0.012,0,LSTM-rec,0,10,2062,0.7821309784266698,1.1557267827015671,0.6767438378458279,5.909633030364877
trawl,0.012,0,LSTM-rec,0,11,2012,0.7697605156809327,1.1534490079662412,0.667355479405347,6.877117541860487
trawl,0.012,0,LSTM-rec,0,12,1962,0.7620649474043009,1.1517903590175296,0.6616351156597089,7.886514545152848
trawl,0.012,0,LSTM-rec,0,13,1912,0.7584624586626025,1.1507178898614836,0.6591211150405436,8.944319940050487
trawl,0.012,0,LSTM-rec,0,14,1862,0.760420349533569,1.1472693492306985,0.6628089123478013,10.047164129575805
trawl,0.012,0,LSTM-rec,0,15,1812,0.7672413699419487,1.1454538277906832,0.6698143140538285,11.201313393008265
trawl,0.012,0,LSTM-rec,0,16,1762,0.7786695534695668,1.1448517985733246,0.6801487794664063,12.40611869865144
trawl,0.012,0,LSTM-rec,0,17,1713,0.7951713001158175,1.1450642380028841,0.6944337913326873,13.6572456176771
trawl,0.012,0,LSTM-rec,0,18,1666,0.8167805711167537,1.1440664491692252,0.7139275622581772,14.967338709101123
trawl,0.012,0,LSTM-rec,0,19,1619,0.8437367548073164,1.1421934299711407,0.7386986587977789,16.336615410163922
trawl,0.012,0,LSTM-rec,0,20,1572,0.8741039929455573,1.1407764143658818,0.7662360318270092,17.746228064738553
trawl,0.012,0,LSTM-rec,1,1,2512,1.134416655801161,1.1651141369943265,0.9736528120134594,0.20465429352819378
trawl,0.012,0,LSTM-rec,1,2,2462,1.1149175053881875,1.1632644655188022,0.9584385481000207,0.44249461900666476
trawl,0.012,0,LSTM-rec,1,3,2412,1.0917109603763884,1.162246136680477,0.939311326509937,0.7524094180641346
trawl,0.012,0,LSTM-rec,1,4,2362,1.0644260082518966,1.1606561786828589,0.9170898564119422,1.1273578764972898
trawl,0.012,0,LSTM-rec,1,5,2312,1.0378061067353241,1.1595712605925688,0.8949912282277334,1.5545136524503689
trawl,0.012,0,LSTM-rec,1,6,2262,1.0136349907867526,1.158782610964996,0.8747412855484867,2.029992769676579
trawl,0.012,0,LSTM-rec,1,7,2212,0.9917316256890581,1.1573362390481634,0.8569088154577232,2.539920290347747
trawl,0.012,0,LSTM-rec,1,8,2162,0.9728621567916494,1.1557887729819063,0.8417300630821056,3.0860364252302857
trawl,0.012,0,LSTM-rec,1,9,2112,0.958070414776401,1.156035648008523,0.828755078986403,3.651624605921115
trawl,0.012,0,LSTM-rec,1,10,2062,0.9462325587761106,1.1557267827015671,0.8187337811487299,4.235650679881532
trawl,0.012,0,LSTM-rec,1,11,2012,0.937154415590138,1.1534490079662412,0.8124801435674445,4.83171277189271
trawl,0.012,0,LSTM-rec,1,12,1962,0.9306683758274846,1.1517903590175296,0.8080188973116074,5.432444122902417
trawl,0.012,0,LSTM-rec,1,13,1912,0.9265675463807765,1.1507178898614836,0.8052082569884362,6.048467182247727
trawl,0.012,0,LSTM-rec,1,14,1862,0.9248447447103761,1.1472693492306985,0.8061269529518337,6.6632209906366455
trawl,0.012,0,LSTM-rec,1,15,1812,0.9241580434168458,1.1454538277906832,0.8068051465673951,7.280097300584035
trawl,0.012,0,LSTM-rec,1,16,1762,0.9242889399414157,1.1448517985733246,0.8073437462326855,7.9116740401761
trawl,0.012,0,LSTM-rec,1,17,1713,0.9253943401033793,1.1450642380028841,0.8081593236352985,8.53917211276782
trawl,0.012,0,LSTM-rec,1,18,1666,0.9268597422774436,1.1440664491692252,0.8101450251866854,9.177661169013263
trawl,0.012,0,LSTM-rec,1,19,1619,0.9283368335719174,1.1421934299711407,0.8127667426657964,9.807086715402013
trawl,0.012,0,LSTM-rec,1,20,1572,0.9303838046136926,1.1407764143658818,0.8155706875574394,10.44585606457962
trawl,0.012,0,LSTM-rec,2,1,2512,1.129916642892846,1.1651141369943265,0.9697905183845075,0.21845361491626164
trawl,0.012,0,LSTM-rec,2,2,2462,1.1094960417032877,1.1632644655188022,0.9537779882311334,0.5011538455922904
trawl,0.012,0,LSTM-rec,2,3,2412,1.0928996695727338,1.162246136680477,0.9403340954044334,0.8890241436271281
trawl,0.012,0,LSTM-rec,2,4,2362,1.0807964966373025,1.1606561786828589,0.9311943678823275,1.3752562764463778
trawl,0.012,0,LSTM-rec,2,5,2312,1.076687645434881,1.1595712605925688,0.9285221892138547,1.9506937875527193
trawl,0.012,0,LSTM-rec,2,6,2262,1.080535556842981,1.158782610964996,0.9324747770793236,2.611881626567241
trawl,0.012,0,LSTM-rec,2,7,2212,1.0938923490087777,1.1573362390481634,0.9451811082217867,3.346065986792449
trawl,0.012,0,LSTM-rec,2,8,2162,1.115479705887235,1.1557887729819063,0.9651241922079976,4.146120042231148
trawl,0.012,0,LSTM-rec,2,9,2112,1.144223193099969,1.156035648008523,0.9897819284994341,4.9979590449761275
trawl,0.012,0,LSTM-rec,2,10,2062,1.1769262042354416,1.1557267827015671,1.0183429352431548,5.892953773032867
trawl,0.012,0,LSTM-rec,2,11,2012,1.2116555500688986,1.1534490079662412,1.0504630388518752,6.83147118244156
trawl,0.012,0,LSTM-rec,2,12,1962,1.2472997138103372,1.1517903590175296,1.0829225162765528,7.812945718179167
trawl,0.012,0,LSTM-rec,2,13,1912,1.2824107055333276,1.1507178898614836,1.1144440499553687,8.831841866239447
trawl,0.012,0,LSTM-rec,2,14,1862,1.316611715182842,1.1472693492306985,1.1476047155497495,9.880430227447365
trawl,0.012,0,LSTM-rec,2,15,1812,1.3496842517007168,1.1454538277906832,1.178296513534681,10.965303366605497
trawl,0.012,0,LSTM-rec,2,16,1762,1.382367640737024,1.1448517985733246,1.2074642695759255,12.100848676975694
trawl,0.012,0,LSTM-rec,2,17,1713,1.4137880370170293,1.1450642380028841,1.2346801079761502,13.269044117482286
trawl,0.012,0,LSTM-rec,2,18,1666,1.4436705505367524,1.1440664491692252,1.2618764859201033,14.475657927613396
trawl,0.012,0,LSTM-rec,2,19,1619,1.4713240413431856,1.1421934299711407,1.2881566315613993,15.691165040731121
trawl,0.012,0,LSTM-rec,2,20,1572,1.498237680442467,1.1407764143658818,1.3133491029224036,16.95165153215918
trawl,0.012,0,LSTM-rec,3,1,2512,1.1591953944912419,1.1651141369943265,0.9949200320250569,0.217640904455478
trawl,0.012,0,LSTM-rec,3,2,2462,1.1603601912687835,1.1632644655188022,0.9975033413844345,0.4843229839013551
trawl,0.012,0,LSTM-rec,3,3,2412,1.1673465841785577,1.162246136680477,1.0043884400533678,0.8468947016250328
trawl,0.012,0,LSTM-rec,3,4,2362,1.174362478844134,1.1606561786828589,1.011809095934706,1.3037576063596872
trawl,0.012,0,LSTM-rec,3,5,2312,1.1847960133780577,1.1595712605925688,1.0217535167028877,1.85032440269228
trawl,0.012,0,LSTM-rec,3,6,2262,1.1988897862280237,1.158782610964996,1.0346114749078155,2.4883332214093845
trawl,0.012,0,LSTM-rec,3,7,2212,1.2171262214907137,1.1573362390481634,1.0516617214818433,3.2055919560590684
trawl,0.012,0,LSTM-rec,3,8,2162,1.238656105919697,1.1557887729819063,1.0716976448248368,4.000885614596094
trawl,0.012,0,LSTM-rec,3,9,2112,1.265099153608883,1.156035648008523,1.0943426837989305,4.870111399475631
trawl,0.012,0,LSTM-rec,3,10,2062,1.2950847725836632,1.1557267827015671,1.1205803931932252,5.813604741844132
trawl,0.012,0,LSTM-rec,3,11,2012,1.328418654402424,1.1534490079662412,1.1516925717806017,6.830072797721107
trawl,0.012,0,LSTM-rec,3,12,1962,1.3643663214516928,1.1517903590175296,1.1845613316432768,7.9095023038077805
trawl,0.012,0,LSTM-rec,3,13,1912,1.4022005069993695,1.1507178898614836,1.2185441100321799,9.053654424511857
trawl,0.012,0,LSTM-rec,3,14,1862,1.4429443355126075,1.1472693492306985,1.257720635943228,10.277914604925783
trawl,0.012,0,LSTM-rec,3,15,1812,1.486371179178079,1.1454538277906832,1.2976264456202018,11.581586259499844
trawl,0.012,0,LSTM-rec,3,16,1762,1.5319586248000574,1.1448517985733246,1.3381283295437296,12.96160904823077
trawl,0.012,0,LSTM-rec,3,17,1713,1.5805712892739299,1.1450642380028841,1.3803341653832601,14.411104834092148
trawl,0.012,0,LSTM-rec,3,18,1666,1.632015533213045,1.1440664491692252,1.4265041461517807,15.94243236275822
trawl,0.012,0,LSTM-rec,3,19,1619,1.687422057458186,1.1421934299711407,1.4773522707977942,17.553735785257793
trawl,0.012,0,LSTM-rec,3,20,1572,1.7462378176234123,1.1407764143658818,1.5307450221032888,19.23686841226032
trawl,0.012,0,LSTM-rec,4,1,2512,1.1308009551760794,1.1651141369943265,0.970549510362336,0.22930915411785247
trawl,0.012,0,LSTM-rec,4,2,2462,1.1110158668443104,1.1632644655188022,0.9550845055245545,0.5226979266291428
trawl,0.012,0,LSTM-rec,4,3,2412,1.0941004247238981,1.162246136680477,0.9413672286739436,0.9242309163367454
trawl,0.012,0,LSTM-rec,4,4,2362,1.078169787833099,1.1606561786828589,0.9289312439249946,1.433094234234516
trawl,0.012,0,LSTM-rec,4,5,2312,1.0673632889943354,1.1595712605925688,0.9204809788480677,2.039064309405258
trawl,0.012,0,LSTM-rec,4,6,2262,1.062784463258985,1.158782610964996,0.9171560335841881,2.7440093915605472
trawl,0.012,0,LSTM-rec,4,7,2212,1.0640488759579396,1.1573362390481634,0.9193947619172914,3.5300825800670292
trawl,0.012,0,LSTM-rec,4,8,2162,1.0700817980990636,1.1557887729819063,0.9258454685783797,4.3928345681421135
trawl,0.012,0,LSTM-rec,4,9,2112,1.081923606488721,1.156035648008523,0.9358912143864481,5.323154138837771
trawl,0.012,0,LSTM-rec,4,10,2062,1.0980871770442686,1.1557267827015671,0.9501269620813293,6.319756072794739
trawl,0.012,0,LSTM-rec,4,11,2012,1.117927809184181,1.1534490079662412,0.9692043614093605,7.377228468725292
trawl,0.012,0,LSTM-rec,4,12,1962,1.1398594174259602,1.1517903590175296,0.9896413948092547,8.48633307976898
trawl,0.012,0,LSTM-rec,4,13,1912,1.1633003297131552,1.1507178898614836,1.0109344262069186,9.647643027473663
trawl,0.012,0,LSTM-rec,4,14,1862,1.1880686797597544,1.1472693492306985,1.035562120226095,10.858628131601142
trawl,0.012,0,LSTM-rec,4,15,1812,1.2131333028388163,1.1454538277906832,1.0590852930132253,12.122416707441612
trawl,0.012,0,LSTM-rec,4,16,1762,1.238186845891888,1.1448517985733246,1.081525877353623,13.43173007098644
trawl,0.012,0,LSTM-rec,4,17,1713,1.2634238667010314,1.1450642380028841,1.103365055662361,14.771007659936892
trawl,0.012,0,LSTM-rec,4,18,1666,1.2889726446905867,1.1440664491692252,1.126658897852119,16.154035759946172
trawl,0.012,0,LSTM-rec,4,19,1619,1.3147440871441534,1.1421934299711407,1.1510695584874555,17.583637378525108
trawl,0.012,0,LSTM-rec,4,20,1572,1.340192561409195,1.1407764143658818,1.1748073895393092,19.038272694475992
trawl,0.012,0,LSTM-ms,0,1,2512,1.0981049040065012,1.1651141369943265,0.942486979721411,0.25534677557920255
trawl,0.012,0,LSTM-ms,0,2,2462,1.0859210398898422,1.1632644655188022,0.9335117439571528,0.550526543001736
trawl,0.012,0,LSTM-ms,0,3,2412,1.0717764576163462,1.162246136680477,0.9221596216077571,0.8991630113785468
trawl,0.012,0,LSTM-ms,0,4,2362,1.000079676699164,1.1606561786828589,0.861650241533267,1.320349360760764
trawl,0.012,0,LSTM-ms,0,5,2312,0.9766272375065607,1.1595712605925688,0.8422313235044138,1.787547771930712
trawl,0.012,0,LSTM-ms,0,6,2262,0.9233247661285621,1.158782610964996,0.7968058524451344,2.321617715969796
trawl,0.012,0,LSTM-ms,0,7,2212,0.885340294003139,1.1573362390481634,0.7649810522923536,2.8903488243808337
trawl,0.012,0,LSTM-ms,0,8,2162,0.8396837810934918,1.1557887729819063,0.7265028011365161,3.5012378083947198
trawl,0.012,0,LSTM-ms,0,9,2112,0.8168386540692237,1.156035648008523,0.706586042979188,4.131567310187178
trawl,0.012,0,LSTM-ms,0,10,2062,0.7352014054120729,1.1557267827015671,0.6361377242582404,4.788550691144032
trawl,0.012,0,LSTM-ms,0,11,2012,0.7130008088060347,1.1534490079662412,0.6181467961580688,5.48227506847129
trawl,0.012,0,LSTM-ms,0,12,1962,0.635300018025895,1.1517903590175296,0.551576085918797,6.198466084362481
trawl,0.012,0,LSTM-ms,0,13,1912,0.5976950523961356,1.1507178898614836,0.5194105850462467,6.930668166309934
trawl,0.012,0,LSTM-ms,0,14,1862,0.5737077920394648,1.1472693492306985,0.500063731698371,7.664660418055031
trawl,0.012,0,LSTM-ms,0,15,1812,0.5260783920700434,1.1454538277906832,0.45927507447832056,8.394606404216082
trawl,0.012,0,LSTM-ms,0,16,1762,0.4882165957348508,1.1448517985733246,0.42644523626835346,9.136708459200653
trawl,0.012,0,LSTM-ms,0,17,1713,0.44184697519398847,1.1450642380028841,0.3858709062162463,9.8852066974714
trawl,0.012,0,LSTM-ms,0,18,1666,0.45285220541524535,1.1440664491692252,0.39582683833101506,10.65257568686208
trawl,0.012,0,LSTM-ms,0,19,1619,0.4051244175297959,1.1421934299711407,0.3546898510351543,11.432613447861968
trawl,0.012,0,LSTM-ms,0,20,1572,0.41660757242275903,1.1407764143658818,0.3651965163167725,12.208069908199112
trawl,0.012,0,LSTM-ms,1,1,2512,1.09617817217714,1.1651141369943265,0.9408332946718659,0.24706348225740818
trawl,0.012,0,LSTM-ms,1,2,2462,1.0880354770653182,1.1632644655188022,0.9353294193337774,0.5344615981629461
trawl,0.012,0,LSTM-ms,1,3,2412,1.0784589814708194,1.162246136680477,0.9279092848189934,0.8771892690493361
trawl,0.012,0,LSTM-ms,1,4,2362,1.0030179541109274,1.1606561786828589,0.8641818072680032,1.2879030331453682
trawl,0.012,0,LSTM-ms,1,5,2312,0.993228071916008,1.1595712605925688,0.8565476790175401,1.7504390265964505
trawl,0.012,0,LSTM-ms,1,6,2262,0.9076723427600167,1.158782610964996,0.7832982081118194,2.294377174208597
trawl,0.012,0,LSTM-ms,1,7,2212,0.8604312770364376,1.1573362390481634,0.7434583382130058,2.873249186554783
trawl,0.012,0,LSTM-ms,1,8,2162,0.7901332911403921,1.1557887729819063,0.6836312219073282,3.5103619375998663
trawl,0.012,0,LSTM-ms,1,9,2112,0.7491117478969233,1.156035648008523,0.6480005605254487,4.170959783536203
trawl,0.012,0,LSTM-ms,1,10,2062,0.689328303283253,1.1557267827015671,0.5964457288702047,4.862066980991908
trawl,0.012,0,LSTM-ms,1,11,2012,0.6468780318150172,1.1534490079662412,0.5608206581716093,5.578082074408538
trawl,0.012,0,LSTM-ms,1,12,1962,0.58402599972378,1.1517903590175296,0.5070592883082914,6.3241539492355425
trawl,0.012,0,LSTM-ms,1,13,1912,0.5557969053870819,1.1507178898614836,0.48300014302722394,7.092150095790191
trawl,0.012,0,LSTM-ms,1,14,1862,0.5159051724357526,1.1472693492306985,0.4496809513665582,7.8677961312038684
trawl,0.012,0,LSTM-ms,1,15,1812,0.5079834524433477,1.1454538277906832,0.4434778950655138,8.633882858328578
trawl,0.012,0,LSTM-ms,1,16,1762,0.46797789417138974,1.1448517985733246,0.4087672262510902,9.432343802294787
trawl,0.012,0,LSTM-ms,1,17,1713,0.4788317320288972,1.1450642380028841,0.41817019179992165,10.233460998955936
trawl,0.012,0,LSTM-ms,1,18,1666,0.4358398774263996,1.1440664491692252,0.3809567859829199,11.049083465520784
trawl,0.012,0,LSTM-ms,1,19,1619,0.4151449188870265,1.1421934299711407,0.3634628846512589,11.878676686757352
trawl,0.012,0,LSTM-ms,1,20,1572,0.41028442275142124,1.1407764143658818,0.35965366883876554,12.737643681736358
trawl,0.012,0,LSTM-ms,2,1,2512,1.2598006881890929,1.1651141369943265,1.0812680476429817,0.29418025573697587
trawl,0.012,0,LSTM-ms,2,2,2462,1.2213050634886646,1.1632644655188022,1.049894585187021,0.5843094451544866
trawl,0.012,0,LSTM-ms,2,3,2412,1.2431122816703348,1.162246136680477,1.069577469382537,0.9379440393925438
trawl,0.012,0,LSTM-ms,2,4,2362,1.145047925297444,1.1606561786828589,0.986552216175571,1.2926190273608855
trawl,0.012,0,LSTM-ms,2,5,2312,1.1317779199816085,1.1595712605925688,0.9760313647332401,1.700653194084139
trawl,0.012,0,LSTM-ms,2,6,2262,1.080508892267882,1.158782610964996,0.9324517662273771,2.1589053301733787
trawl,0.012,0,LSTM-ms,2,7,2212,1.0375549874521106,1.1573362390481634,0.896502634623655,2.6443529625001134
trawl,0.012,0,LSTM-ms,2,8,2162,0.9416486104846271,1.1557887729819063,0.8147237907971688,3.148995021816956
trawl,0.012,0,LSTM-ms,2,9,2112,0.8943599499167799,1.156035648008523,0.7736439195949312,3.6897542383754183
trawl,0.012,0,LSTM-ms,2,10,2062,0.8599550999674681,1.1557267827015671,0.7440816573942169,4.265793046029903
trawl,0.012,0,LSTM-ms,2,11,2012,0.7923117165481585,1.1534490079662412,0.6869065828450975,4.861092027254764
trawl,0.012,0,LSTM-ms,2,12,1962,0.7293040249785172,1.1517903590175296,0.6331916387984088,5.47988960562663
trawl,0.012,0,LSTM-ms,2,13,1912,0.688328343375549,1.1507178898614836,0.5981729748360876,6.135675500868757
trawl,0.012,0,LSTM-ms,2,14,1862,0.6655570140746191,1.1472693492306985,0.5801227188026146,6.802479605332135
trawl,0.012,0,LSTM-ms,2,15,1812,0.5968844474069067,1.1454538277906832,0.52108992342202,7.48800685131951
trawl,0.012,0,LSTM-ms,2,16,1762,0.5998357778478853,1.1448517985733246,0.5239418574486062,8.178607738271552
trawl,0.012,0,LSTM-ms,2,17,1713,0.52641146813229,1.1450642380028841,0.45972221527973706,8.87863953862729
trawl,0.012,0,LSTM-ms,2,18,1666,0.5246238679437443,1.1440664491692252,0.45856066168595794,9.597129618791275
trawl,0.012,0,LSTM-ms,2,19,1619,0.5142785770441192,1.1421934299711407,0.4502552400928389,10.311394647828573
trawl,0.012,0,LSTM-ms,2,20,1572,0.524626849119107,1.1407764143658818,0.45988577824054055,11.044299438907265
trawl,0.012,0,LSTM-ms,3,1,2512,1.1343519983262167,1.1651141369943265,0.9735973174718593,0.2145140824354695
trawl,0.012,0,LSTM-ms,3,2,2462,1.1618362168639509,1.1632644655188022,0.9987722064094734,0.4527291015847872
trawl,0.012,0,LSTM-ms,3,3,2412,1.1665861741413268,1.162246136680477,1.0037341810171514,0.7692950818997141
trawl,0.012,0,LSTM-ms,3,4,2362,1.1433325727434507,1.1606561786828589,0.9850742999885914,1.1378701037436876
trawl,0.012,0,LSTM-ms,3,5,2312,1.1060960938912447,1.1595712605925688,0.9538836736312377,1.5515807180573495
trawl,0.012,0,LSTM-ms,3,6,2262,1.0824994231830003,1.158782610964996,0.9341695439160331,2.0139845609968394
trawl,0.012,0,LSTM-ms,3,7,2212,1.0342322061901665,1.1573362390481634,0.893631575073427,2.5130070209430704
trawl,0.012,0,LSTM-ms,3,8,2162,1.0196963597002813,1.1557887729819063,0.8822514836075886,3.049294262728309
trawl,0.012,0,LSTM-ms,3,9,2112,0.9900756654885422,1.156035648008523,0.8564404282810167,3.6123176870160214
trawl,0.012,0,LSTM-ms,3,10,2062,0.9417136632018417,1.1557267827015671,0.8148237778141132,4.188096366785276
trawl,0.012,0,LSTM-ms,3,11,2012,0.9284050065281707,1.1534490079662412,0.8048947115270683,4.780517151549173
trawl,0.012,0,LSTM-ms,3,12,1962,0.8901673951825406,1.1517903590175296,0.7728553970028437,5.37889903718441
trawl,0.012,0,LSTM-ms,3,13,1912,0.8383081465366902,1.1507178898614836,0.7285088325493928,6.003616615826702
trawl,0.012,0,LSTM-ms,3,14,1862,0.7937971409615217,1.1472693492306985,0.6919012884758077,6.623814356854629
trawl,0.012,0,LSTM-ms,3,15,1812,0.7348672548434307,1.1454538277906832,0.6415511799902233,7.252837927854209
trawl,0.012,0,LSTM-ms,3,16,1762,0.7385047238254292,1.1448517985733246,0.6450657847118104,7.879350257766244
trawl,0.012,0,LSTM-ms,3,17,1713,0.675227772792286,1.1450642380028841,0.5896854956975656,8.495181592034157
trawl,0.012,0,LSTM-ms,3,18,1666,0.6221191701203904,1.1440664491692252,0.5437788780294608,9.132059035940166
trawl,0.012,0,LSTM-ms,3,19,1619,0.5670694738343572,1.1421934299711407,0.4964741163400713,9.763766939753621
trawl,0.012,0,LSTM-ms,3,20,1572,0.5579717734884013,1.1407764143658818,0.48911580434327134,10.409381064073854
trawl,0.012,0,LSTM-ms,4,1,2512,1.0793985921949838,1.1651141369943265,0.9264316326806701,0.31429402414371027
trawl,0.012,0,LSTM-ms,4,2,2462,1.0562511178258245,1.1632644655188022,0.908006003050002,0.6638306310331469
trawl,0.012,0,LSTM-ms,4,3,2412,1.0257312374430956,1.162246136680477,0.8825421785205624,1.0886075421928343
trawl,0.012,0,LSTM-ms,4,4,2362,1.0017283900759708,1.1606561786828589,0.863070742631773,1.5491835959571212
trawl,0.012,0,LSTM-ms,4,5,2312,0.982060856790477,1.1595712605925688,0.8469172099769189,2.0566071513225213
trawl,0.012,0,LSTM-ms,4,6,2262,0.9176037324195921,1.158782610964996,0.791868745471976,2.6210534184182563
trawl,0.012,0,LSTM-ms,4,7,2212,0.8871349638838144,1.1573362390481634,0.7665317424203595,3.211128617749556
trawl,0.012,0,LSTM-ms,4,8,2162,0.8636425639878096,1.1557887729819063,0.7472321795959596,3.833118680199562
trawl,0.012,0,LSTM-ms,4,9,2112,0.7946279159395311,1.156035648008523,0.6873731941644006,4.4942256578247
trawl,0.012,0,LSTM-ms,4,10,2062,0.7357247547023251,1.1557267827015671,0.6365905555831569,5.178638587768794
trawl,0.012,0,LSTM-ms,4,11,2012,0.7194767816926889,1.1534490079662412,0.6237612384454418,5.881603034178693
trawl,0.012,0,LSTM-ms,4,12,1962,0.6630834750324753,1.1517903590175296,0.5756980598431833,6.629629177495111
trawl,0.012,0,LSTM-ms,4,13,1912,0.6424302306462462,1.1507178898614836,0.5582864716942725,7.374716499397933
trawl,0.012,0,LSTM-ms,4,14,1862,0.5954314749330584,1.1472693492306985,0.518998851779946,8.143203363685192
trawl,0.012,0,LSTM-ms,4,15,1812,0.5729006029640515,1.1454538277906832,0.5001516334089563,8.922673356557102
trawl,0.012,0,LSTM-ms,4,16,1762,0.53805033221385,1.1448517985733246,0.46997378427875997,9.720362732117248
trawl,0.012,0,LSTM-ms,4,17,1713,0.5243083693637258,1.1450642380028841,0.4578855508387689,10.523985083442337
trawl,0.012,0,LSTM-ms,4,18,1666,0.49025404992295907,1.1440664491692252,0.4285188594412167,11.346501080693582
trawl,0.012,0,LSTM-ms,4,19,1619,0.487063868141628,1.1421934299711407,0.42642853247189,12.164698328345164
trawl,0.012,0,LSTM-ms,4,20,1572,0.43976913341160034,1.1407764143658818,0.38549984718614017,13.007448049594856
trawl,0.012,1,ConstVel,0,1,2310,1.1685094255187694,1.1679490621710058,1.0004797840641457,0.1899119386733183
trawl,0.012,1,ConstVel,0,2,2260,1.1654222364739644,1.1681287241694218,0.9976830569786889,0.39855723829132
trawl,0.012,1,ConstVel,0,3,2210,1.1621805889086276,1.1693402499488585,0.9938771789985472,0.6627566133808791
trawl,0.012,1,ConstVel,0,4,2160,1.1579453161566302,1.169572497160238,0.9900586060019033,0.9745185887319712
trawl,0.012,1,ConstVel,0,5,2110,1.1533054178046755,1.1693603461031494,0.9862703328773065,1.3352474959192482
trawl,0.012,1,ConstVel,0,6,2060,1.1480014600286148,1.1689294062268258,0.9820964841103929,1.7466634541634174
trawl,0.012,1,ConstVel,0,7,2010,1.143346067290762,1.1693045116349017,0.9778000990453334,2.1924553528806356
trawl,0.012,1,ConstVel,0,8,1960,1.1375739648476062,1.1684548907955858,0.9735711440884524,2.6773876032103034
trawl,0.012,1,ConstVel,0,9,1910,1.133709164868084,1.1674506356953631,0.9710981605597552,3.191153059392474
trawl,0.012,1,ConstVel,0,10,1860,1.131019136623221,1.167135645537022,0.9690554315156888,3.716734028229657
trawl,0.012,1,ConstVel,0,11,1810,1.127915666164294,1.167981989044111,0.9656961123924456,4.25754244359151
trawl,0.012,1,ConstVel,0,12,1760,1.1266563196083428,1.167455202643378,0.9650531489836548,4.822046453752358
trawl,0.012,1,ConstVel,0,13,1710,1.126278648961206,1.1668275779260624,0.9652485682272537,5.395426698194237
trawl,0.012,1,ConstVel,0,14,1660,1.126479465503239,1.1657936010889847,0.9662769331131843,5.993864817186571
trawl,0.012,1,ConstVel,0,15,1610,1.1263639058026982,1.1637912712212068,0.9678401390833299,6.6128988923799215
trawl,0.012,1,ConstVel,0,16,1560,1.1258610678227452,1.1640460867766222,0.9671962997104214,7.245361504647377
trawl,0.012,1,ConstVel,0,17,1512,1.1266937512120252,1.1635833549864663,0.9682965525277129,7.900634358657759
trawl,0.012,1,ConstVel,0,18,1466,1.1277137613576504,1.1633675865046682,0.9693529151399692,8.574261571584934
trawl,0.012,1,ConstVel,0,19,1421,1.1280205698784236,1.1628418696801897,0.9700549999877948,9.240482805379358
trawl,0.012,1,ConstVel,0,20,1376,1.130760578413967,1.16250087347535,0.9726965408924865,9.911622160512412
trawl,0.012,1,Kalman,0,1,2310,1.1654382478819243,1.1679490621710058,0.9978502364782806,0.1979999510201741
trawl,0.012,1,Kalman,0,2,2260,1.1624293573236808,1.1681287241694218,0.9951209428140777,0.41110733194665544
trawl,0.012,1,Kalman,0,3,2210,1.1589736157072206,1.1693402499488585,0.9911346297691443,0.6769505874167728
trawl,0.012,1,Kalman,0,4,2160,1.1546474205383321,1.169572497160238,0.9872388615001255,0.9878010593663273
trawl,0.012,1,Kalman,0,5,2110,1.1498317487103618,1.1693603461031494,0.9832997608839175,1.3477259123861136
trawl,0.012,1,Kalman,0,6,2060,1.1447781410912663,1.1689294062268258,0.9793389874470545,1.7529799641118369
trawl,0.012,1,Kalman,0,7,2010,1.1400959015708265,1.1693045116349017,0.9750205273532758,2.1926751076183093
trawl,0.012,1,Kalman,0,8,1960,1.1352730801228965,1.1684548907955858,0.9716019754514474,2.665628961217111
trawl,0.012,1,Kalman,0,9,1910,1.131904694750224,1.1674506356953631,0.9695525105230963,3.1584911789583088
trawl,0.012,1,Kalman,0,10,1860,1.1293921933973872,1.167135645537022,0.967661469098334,3.664500552935575
trawl,0.012,1,Kalman,0,11,1810,1.1272123548029647,1.167981989044111,0.9650939529688188,4.195846197114691
trawl,0.012,1,Kalman,0,12,1760,1.1263861816136864,1.167455202643378,0.9648217585251219,4.737050694369156
trawl,0.012,1,Kalman,0,13,1710,1.126262938230597,1.1668275779260624,0.9652351037438063,5.290713368158005
trawl,0.012,1,Kalman,0,14,1660,1.1263481676462306,1.1657936010889847,0.9661643078106558,5.8680689675469475
trawl,0.012,1,Kalman,0,15,1610,1.1262184396050696,1.1637912712212068,0.967715145709324,6.463166553148532
trawl,0.012,1,Kalman,0,16,1560,1.1260358544142952,1.1640460867766222,0.9673464540673112,7.071892345671936
trawl,0.012,1,Kalman,0,17,1512,1.1268124802253283,1.1635833549864663,0.9683985899217632,7.705685394712693
trawl,0.012,1,Kalman,0,18,1466,1.1277920711375924,1.1633675865046682,0.9694202281550904,8.346540596412865
trawl,0.012,1,Kalman,0,19,1421,1.1288168903964908,1.1628418696801897,0.9707398054964631,8.995714691638584
trawl,0.012,1,Kalman,0,20,1376,1.1311121541509817,1.16250087347535,0.9729989714067653,9.64293900763186
trawl,0.012,1,LSTM-rec,0,1,2310,1.1037340254285004,1.1679490621710058,0.9450189748659575,0.208300528066805
trawl,0.012,1,LSTM-rec,0,2,2260,1.0549230744704836,1.1681287241694218,0.9030880352852969,0.46579721646095984
trawl,0.012,1,LSTM-rec,0,3,2210,1.003092553443163,1.1693402499488585,0.8578277823644859,0.8242947430005909
trawl,0.012,1,LSTM-rec,0,4,2160,0.9532428133673567,1.169572497160238,0.8150352506423184,1.2821118470757509
trawl,0.012,1,LSTM-rec,0,5,2110,0.906436011761147,1.1693603461031494,0.775155421322274,1.84503028921617
trawl,0.012,1,LSTM-rec,0,6,2060,0.8649927383075992,1.1689294062268258,0.7399871486676852,2.5068450020623536
trawl,0.012,1,LSTM-rec,0,7,2010,0.8287507252958961,1.1693045116349017,0.7087552618241,3.2554153049363594
trawl,0.012,1,LSTM-rec,0,8,1960,0.7976446767564029,1.1684548907955858,0.6826490975730325,4.0901999306167784
trawl,0.012,1,LSTM-rec,0,9,1910,0.7732549319336389,1.1674506356953631,0.6623448634922955,4.991118873716007
trawl,0.012,1,LSTM-rec,0,10,1860,0.7547413915843663,1.167135645537022,0.6466612466771974,5.950870755927146
trawl,0.012,1,LSTM-rec,0,11,1810,0.7416399875962838,1.167981989044111,0.6349755343429996,6.980258098608434
trawl,0.012,1,LSTM-rec,0,12,1760,0.7352601142771827,1.167455202643378,0.6297972826815029,8.066834096211448
trawl,0.012,1,LSTM-rec,0,13,1710,0.7346595514233824,1.1668275779260624,0.6296213470795554,9.210990791006745
trawl,0.012,1,LSTM-rec,0,14,1660,0.7395037594821146,1.1657936010889847,0.6343350647930589,10.413283757385638
trawl,0.012,1,LSTM-rec,0,15,1610,0.7492768500200825,1.1637912712212068,0.6438240847380133,11.671691036007722
trawl,0.012,1,LSTM-rec,0,16,1560,0.7636555469826861,1.1640460867766222,0.6560354917710658,12.988506785545386
trawl,0.012,1,LSTM-rec,0,17,1512,0.7836620934993708,1.1635833549864663,0.6734902919855583,14.356212972799854
trawl,0.012,1,LSTM-rec,0,18,1466,0.8085911840708825,1.1633675865046682,0.6950435902209467,15.79473596039744
trawl,0.012,1,LSTM-rec,0,19,1421,0.8373486187856818,1.1628418696801897,0.7200881225716214,17.29695387514571
trawl,0.012,1,LSTM-rec,0,20,1376,0.8692877357979923,1.16250087347535,0.7477738345255747,18.837704398570576
trawl,0.012,1,LSTM-rec,1,1,2310,1.1351564202155047,1.1679490621710058,0.9719228834393295,0.19128934082819496
trawl,0.012,1,LSTM-rec,1,2,2260,1.1137841526931176,1.1681287241694218,0.9534772406911362,0.4025734730149184
trawl,0.012,1,LSTM-rec,1,3,2210,1.0897979787642968,1.1693402499488585,0.9319767953014184,0.6745498865774101
trawl,0.012,1,LSTM-rec,1,4,2160,1.0631770080027683,1.169572497160238,0.9090304453842737,0.9988618818923213
trawl,0.012,1,LSTM-rec,1,5,2110,1.0368614809283652,1.1693603461031494,0.8866911593023212,1.3756027628898997
trawl,0.012,1,LSTM-rec,1,6,2060,1.0135086497461288,1.1689294062268258,0.8670400832994886,1.7991488936359434
trawl,0.012,1,LSTM-rec,1,7,2010,0.9921759451147093,1.1693045116349017,0.8485180166862315,2.2521179610559665
trawl,0.012,1,LSTM-rec,1,8,1960,0.9731905312368258,1.1684548907955858,0.8328866941317631,2.7382696255587553
trawl,0.012,1,LSTM-rec,1,9,1910,0.9587523179689771,1.1674506356953631,0.8212358524246466,3.2454859375444576
trawl,0.012,1,LSTM-rec,1,10,1860,0.9476134021444339,1.167135645537022,0.8119136843844902,3.7562039393968085
trawl,0.012,1,LSTM-rec,1,11,1810,0.9391718863711561,1.167981989044111,0.804097918615838,4.282103426581511
trawl,0.012,1,LSTM-rec,1,12,1760,0.933594549680502,1.167455202643378,0.7996834033260004,4.811324789712162
trawl,0.012,1,LSTM-rec,1,13,1710,0.9306329384709758,1.1668275779260624,0.7975753710973282,5.343795028158462
trawl,0.012,1,LSTM-rec,1,14,1660,0.9292798707224502,1.1657936010889847,0.7971221233796415,5.883910217236198
trawl,0.012,1,LSTM-rec,1,15,1610,0.9286472045009174,1.1637912712212068,0.7979499653116108,6.429147877971932
trawl,0.012,1,LSTM-rec,1,16,1560,0.9288251047150942,1.1640460867766222,0.7979281192268924,6.981812795363878
trawl,0.012,1,LSTM-rec,1,17,1512,0.929711542778752,1.1635833549864663,0.799007255298496,7.527373301574481
trawl,0.012,1,LSTM-rec,1,18,1466,0.9308415178031808,1.1633675865046682,0.8001267429152717,8.075075150423531
trawl,0.012,1,LSTM-rec,1,19,1421,0.9321957472122645,1.1628418696801897,0.8016530635146819,8.60703880447023
trawl,0.012,1,LSTM-rec,1,20,1376,0.9340917516562247,1.16250087347535,0.8035191826253982,9.121316326160816
trawl,0.012,1,LSTM-rec,2,1,2310,1.130189362978185,1.1679490621710058,0.967670080471975,0.2091934477892965
trawl,0.012,1,LSTM-rec,2,2,2260,1.1081263267308261,1.1681287241694218,0.9486337454108412,0.4707276254323423
trawl,0.012,1,LSTM-rec,2,3,2210,1.0918632934104713,1.1693402499488585,0.9337430174478508,0.8309910000701834
trawl,0.012,1,LSTM-rec,2,4,2160,1.0829989754236224,1.169572497160238,0.9259784904768034,1.2885842436017652
trawl,0.012,1,LSTM-rec,2,5,2110,1.0829834820635675,1.1693603461031494,0.92613323657893,1.8427716412070552
trawl,0.012,1,LSTM-rec,2,6,2060,1.0913925543271625,1.1689294062268258,0.9336684905977825,2.4811364406340117
trawl,0.012,1,LSTM-rec,2,7,2010,1.1084131219393407,1.1693045116349017,0.9479251220792575,3.1866187295068564
trawl,0.012,1,LSTM-rec,2,8,1960,1.131771154311239,1.1684548907955858,0.9686049185353066,3.957834895803393
trawl,0.012,1,LSTM-rec,2,9,1910,1.1611449255834718,1.1674506356953631,0.9945987351249884,4.779645627765898
trawl,0.012,1,LSTM-rec,2,10,1860,1.193631024749539,1.167135645537022,1.022701199568218,5.640532796713685
trawl,0.012,1,LSTM-rec,2,11,1810,1.2271463349421783,1.167981989044111,1.0506551868547973,6.540229467223753
trawl,0.012,1,LSTM-rec,2,12,1760,1.2607730522290042,1.167455202643378,1.079932702663309,7.467918428803081
trawl,0.012,1,LSTM-rec,2,13,1710,1.2944828881351995,1.1668275779260624,1.109403747926522,8.425225902631107
trawl,0.012,1,LSTM-rec,2,14,1660,1.3278135879423787,1.1657936010889847,1.1389782777174697,9.42039923325184
trawl,0.012,1,LSTM-rec,2,15,1610,1.3603083951930706,1.1637912712212068,1.1688594242210215,10.45451378607582
trawl,0.012,1,LSTM-rec,2,16,1560,1.3919394187058585,1.1640460867766222,1.1957768979407843,11.52110993779708
trawl,0.012,1,LSTM-rec,2,17,1512,1.4223315196013315,1.1635833549864663,1.222371833961027,12.614329786921141
trawl,0.012,1,LSTM-rec,2,18,1466,1.4511466355665135,1.1633675865046682,1.2473672572625785,13.73536995534151
trawl,0.012,1,LSTM-rec,2,19,1421,1.4784170471629987,1.1628418696801897,1.2713827096452934,14.855711690021788
trawl,0.012,1,LSTM-rec,2,20,1376,1.505594931815696,1.16250087347535,1.2951344520840236,15.989861497469173
trawl,0.012,1,LSTM-rec,3,1,2310,1.1603737622021382,1.1679490621710058,0.9935140151105678,0.20629625775473492
trawl,0.012,1,LSTM-rec,3,2,2260,1.159896177190908,1.1681287241694218,0.9929523632043485,0.4540231230269751
trawl,0.012,1,LSTM-rec,3,3,2210,1.1658640237010618,1.1693402499488585,0.9970271901202846,0.7907054781253975
trawl,0.012,1,LSTM-rec,3,4,2160,1.1722721743080255,1.169572497160238,1.0023082597738426,1.2130267824880736
trawl,0.012,1,LSTM-rec,3,5,2110,1.1808351723130395,1.1693603461031494,1.009812908611216,1.7298038818895711
trawl,0.012,1,LSTM-rec,3,6,2060,1.192094055724453,1.1689294062268258,1.0198169790016662,2.3371238464681525
trawl,0.012,1,LSTM-rec,3,7,2010,1.2060459075771002,1.1693045116349017,1.0314215805862472,3.0302100004583385
trawl,0.012,1,LSTM-rec,3,8,1960,1.2218982768324052,1.1684548907955858,1.045738510282096,3.813962874065387
trawl,0.012,1,LSTM-rec,3,9,1910,1.241748281911014,1.1674506356953631,1.0636409317396083,4.6782010076961615
trawl,0.012,1,LSTM-rec,3,10,1860,1.2651184013489827,1.167135645537022,1.0839514722959873,5.617387029356916
trawl,0.012,1,LSTM-rec,3,11,1810,1.2916521070555087,1.167981989044111,1.1058835831129645,6.639613023964151
trawl,0.012,1,LSTM-rec,3,12,1760,1.322447556134269,1.167455202643378,1.1327608572388508,7.754751734354443
trawl,0.012,1,LSTM-rec,3,13,1710,1.3564613330627275,1.1668275779260624,1.1625208031796121,8.940366351146054
trawl,0.012,1,LSTM-rec,3,14,1660,1.3936702564864494,1.1657936010889847,1.1954691252247411,10.22387496636903
trawl,0.012,1,LSTM-rec,3,15,1610,1.432867053789301,1.1637912712212068,1.2312062216154478,11.589515082058751
trawl,0.012,1,LSTM-rec,3,16,1560,1.4734123115569981,1.1640460867766222,1.2657680209527156,13.033584761748807
trawl,0.012,1,LSTM-rec,3,17,1512,1.5176401531056538,1.1635833549864663,1.3042814222134569,14.574471337541818
trawl,0.012,1,LSTM-rec,3,18,1466,1.565578178003731,1.1633675865046682,1.3457295838089338,16.223715044265376
trawl,0.012,1,LSTM-rec,3,19,1421,1.61691011010845,1.1628418696801897,1.390481502487643,17.9703961109491
trawl,0.012,1,LSTM-rec,3,20,1376,1.6721709972620866,1.16250087347535,1.4384255835120832,19.800935227991104
trawl,0.012,1,LSTM-rec,4,1,2310,1.1329038532430222,1.1679490621710058,0.9699942317151735,0.2191870607643382
trawl,0.012,1,LSTM-rec,4,2,2260,1.1128342259775237,1.1681287241694218,0.9526640368926683,0.4987622472901648
trawl,0.012,1,LSTM-rec,4,3,2210,1.0969383579687286,1.1693402499488585,0.9380831268030871,0.8861089871719042
trawl,0.012,1,LSTM-rec,4,4,2160,1.0826955821137514,1.169572497160238,0.9257190851722089,1.376968189512823
trawl,0.012,1,LSTM-rec,4,5,2110,1.0725781284464562,1.1693603461031494,0.9172349071189079,1.976692590791659
trawl,0.012,1,LSTM-rec,4,6,2060,1.0680594048568655,1.1689294062268258,0.9137073626237554,2.679694463655728
trawl,0.012,1,LSTM-rec,4,7,2010,1.0687865495623883,1.1693045116349017,0.9140361120030479,3.4766602729216096
trawl,0.012,1,LSTM-rec,4,8,1960,1.0737384618061823,1.1684548907955858,0.918938737185727,4.365539871653614
trawl,0.012,1,LSTM-rec,4,9,1910,1.083922741253115,1.1674506356953631,0.9284527397661685,5.331549060519759
trawl,0.012,1,LSTM-rec,4,10,1860,1.0984224636716735,1.167135645537022,0.9411266529917932,6.3712673412303396
trawl,0.012,1,LSTM-rec,4,11,1810,1.1161484353927589,1.167981989044111,0.9556212731552708,7.486106523458914
trawl,0.012,1,LSTM-rec,4,12,1760,1.1378414617816486,1.167455202643378,0.9746339381633854,8.672073545657014
trawl,0.012,1,LSTM-rec,4,13,1710,1.1612273085682774,1.1668275779260624,0.9952004310973357,9.918465210822786
trawl,0.012,1,LSTM-rec,4,14,1660,1.1862358491401,1.1657936010889847,1.0175350491133421,11.23020792716022
trawl,0.012,1,LSTM-rec,4,15,1610,1.211728302961766,1.1637912712212068,1.0411904032329244,12.599095684210054
trawl,0.012,1,LSTM-rec,4,16,1560,1.2368270420365854,1.1640460867766222,1.062524118320351,14.026569235659577
trawl,0.012,1,LSTM-rec,4,17,1512,1.262813332796177,1.1635833549864663,1.0852796470355706,15.509182576076132
trawl,0.012,1,LSTM-rec,4,18,1466,1.2889510174283878,1.1633675865046682,1.107948194861638,17.051901847170946
trawl,0.012,1,LSTM-rec,4,19,1421,1.3152528646368922,1.1628418696801897,1.1310676876458012,18.65560364348012
trawl,0.012,1,LSTM-rec,4,20,1376,1.3417819565199358,1.16250087347535,1.154220170612532,20.300000899371124
trawl,0.012,1,LSTM-ms,0,1,2310,1.0960884391322465,1.1679490621710058,0.9384728107018783,0.24710485067572913
trawl,0.012,1,LSTM-ms,0,2,2260,1.083189732407681,1.1681287241694218,0.9272862741885443,0.5252587462316596
trawl,0.012,1,LSTM-ms,0,3,2210,1.0689597161043003,1.1693402499488585,0.9141562655959645,0.8498764087433014
trawl,0.012,1,LSTM-ms,0,4,2160,0.9896974218028278,1.169572497160238,0.8462044244421334,1.2429548119984533
trawl,0.012,1,LSTM-ms,0,5,2110,0.9710887445226807,1.1693603461031494,0.8304443944578747,1.6835548630266388
trawl,0.012,1,LSTM-ms,0,6,2060,0.913905271479453,1.1689294062268258,0.7818310212842002,2.194042183591918
trawl,0.012,1,LSTM-ms,0,7,2010,0.8754955053065862,1.1693045116349017,0.7487318287025877,2.7370394038069317
trawl,0.012,1,LSTM-ms,0,8,1960,0.8260638428458313,1.1684548907955858,0.7069711029095656,3.327601059136104
trawl,0.012,1,LSTM-ms,0,9,1910,0.801286780377462,1.1674506356953631,0.6863560272937753,3.9376463977283325
trawl,0.012,1,LSTM-ms,0,10,1860,0.7146055886928395,1.167135645537022,0.6122729533841248,4.5811598789666075
trawl,0.012,1,LSTM-ms,0,11,1810,0.6881375889333499,1.167981989044111,0.5891679798046621,5.270189859020993
trawl,0.012,1,LSTM-ms,0,12,1760,0.6096450815978026,1.167455202643378,0.5221999783952572,5.977413432518132
trawl,0.012,1,LSTM-ms,0,13,1710,0.5701968206309587,1.1668275779260624,0.48867273230243274,6.688210998842038
trawl,0.012,1,LSTM-ms,0,14,1660,0.5482365132158113,1.1657936010889847,0.4702689332860428,7.421810271386564
trawl,0.012,1,LSTM-ms,0,15,1610,0.5016950736255003,1.1637912712212068,0.43108681602247634,8.167632981029955
trawl,0.012,1,LSTM-ms,0,16,1560,0.4717383319651765,1.1640460867766222,0.4052574355294422,8.924127203314132
trawl,0.012,1,LSTM-ms,0,17,1512,0.42481903494760614,1.1635833549864663,0.36509548983067674,9.69664150364363
trawl,0.012,1,LSTM-ms,0,18,1466,0.43748692949518153,1.1633675865046682,0.3760521907006269,10.452551361374553
trawl,0.012,1,LSTM-ms,0,19,1421,0.3938446784272739,1.1628418696801897,0.33869151833653094,11.226847904882424
trawl,0.012,1,LSTM-ms,0,20,1376,0.41129336958758195,1.16250087347535,0.3538004821949092,11.97798518600387
trawl,0.012,1,LSTM-ms,1,1,2310,1.088069860948092,1.1679490621710058,0.9316072902405241,0.23484047621473395
trawl,0.012,1,LSTM-ms,1,2,2260,1.0811732957078353,1.1681287241694218,0.9255600631485073,0.5028115214895088
trawl,0.012,1,LSTM-ms,1,3,2210,1.0727779800737338,1.1693402499488585,0.9174215803489635,0.8209816045507408
trawl,0.012,1,LSTM-ms,1,4,2160,0.9941760315021169,1.169572497160238,0.8500336951458848,1.208120257493271
trawl,0.012,1,LSTM-ms,1,5,2110,0.9890135945320193,1.1693603461031494,0.8457731595122675,1.6502716568615525
trawl,0.012,1,LSTM-ms,1,6,2060,0.8999581548995126,1.1689294062268258,0.7698994910261325,2.179523159929079
trawl,0.012,1,LSTM-ms,1,7,2010,0.8502641047815513,1.1693045116349017,0.7271537023257753,2.750362848963792
trawl,0.012,1,LSTM-ms,1,8,1960,0.7702437081325392,1.1684548907955858,0.6591984972634162,3.384304600115895
trawl,0.012,1,LSTM-ms,1,9,1910,0.7277442691862747,1.1674506356953631,0.6233619194980452,4.043911146769943
trawl,0.012,1,LSTM-ms,1,10,1860,0.660775510576012,1.167135645537022,0.5661514264453608,4.73556783944094
trawl,0.012,1,LSTM-ms,1,11,1810,0.6194952920654321,1.167981989044111,0.5303979837672271,5.458038191150548
trawl,0.012,1,LSTM-ms,1,12,1760,0.5524041988610566,1.167455202643378,0.47316950372938577,6.205948584178408
trawl,0.012,1,LSTM-ms,1,13,1710,0.5247362418047694,1.1668275779260624,0.44971189551196916,6.958905396838955
trawl,0.012,1,LSTM-ms,1,14,1660,0.4874992563205498,1.1657936010889847,0.41816943914014426,7.744430435486738
trawl,0.012,1,LSTM-ms,1,15,1610,0.482741531394946,1.1637912712212068,0.4148007837250648,8.529795904824937
trawl,0.012,1,LSTM-ms,1,16,1560,0.44095579547337255,1.1640460867766222,0.3788130044699776,9.341639654800003
trawl,0.012,1,LSTM-ms,1,17,1512,0.4503995782351506,1.1635833549864663,0.3870797706971231,10.139316430332098
trawl,0.012,1,LSTM-ms,1,18,1466,0.41427582634523663,1.1633675865046682,0.3561005404920436,10.924031091462043
trawl,0.012,1,LSTM-ms,1,19,1421,0.3916220611257745,1.1628418696801897,0.3367801515725266,11.726162167640156
trawl,0.012,1,LSTM-ms,1,20,1376,0.38595771123462774,1.16250087347535,0.33200638385826703,12.529150164260782
trawl,0.012,1,LSTM-ms,2,1,2310,1.2709946449381955,1.1679490621710058,1.0882278055651216,0.28378029649879655
trawl,0.012,1,LSTM-ms,2,2,2260,1.2269978359150315,1.1681287241694218,1.0503960826641496,0.54925223073304
trawl,0.012,1,LSTM-ms,2,3,2210,1.2505775840251592,1.1693402499488585,1.0694727938081783,0.8621334430953413
trawl,0.012,1,LSTM-ms,2,4,2160,1.1420990354002183,1.169572497160238,0.976509825746821,1.1631854972066729
trawl,0.012,1,LSTM-ms,2,5,2110,1.1295081464967929,1.1693603461031494,0.9659196587782692,1.5169024066529069
trawl,0.012,1,LSTM-ms,2,6,2060,1.0732699004654929,1.1689294062268258,0.9181648564474811,1.9206006012550572
trawl,0.012,1,LSTM-ms,2,7,2010,1.030825251609069,1.1693045116349017,0.8815712599687028,2.3497166682196093
trawl,0.012,1,LSTM-ms,2,8,1960,0.9289105286906034,1.1684548907955858,0.7949904921516655,2.8029155758788304
trawl,0.012,1,LSTM-ms,2,9,1910,0.8768217888942186,1.1674506356953631,0.7510568430775331,3.3028594177914106
trawl,0.012,1,LSTM-ms,2,10,1860,0.8404890798340184,1.167135645537022,0.7201297321763255,3.8369166682937577
trawl,0.012,1,LSTM-ms,2,11,1810,0.7681335961949539,1.167981989044111,0.6576587682003578,4.415491381630415
trawl,0.012,1,LSTM-ms,2,12,1760,0.7034228568870043,1.167455202643378,0.6025266368202383,5.022499953858908
trawl,0.012,1,LSTM-ms,2,13,1710,0.662187826401199,1.1668275779260624,0.5675112920952571,5.660101267617864
trawl,0.012,1,LSTM-ms,2,14,1660,0.6418536480093775,1.1657936010889847,0.5505722860460143,6.3272532127174435
trawl,0.012,1,LSTM-ms,2,15,1610,0.5714841053561731,1.1637912712212068,0.49105378214127254,7.03348979749162
trawl,0.012,1,LSTM-ms,2,16,1560,0.5820319251211842,1.1640460867766222,0.5000076300526018,7.741284542402768
trawl,0.012,1,LSTM-ms,2,17,1512,0.5034317907039776,1.1635833549864663,0.4326564044995582,8.476195478436013
trawl,0.012,1,LSTM-ms,2,18,1466,0.5040563956656471,1.1633675865046682,0.43327354269864254,9.197184984451091
trawl,0.012,1,LSTM-ms,2,19,1421,0.5000960179489905,1.1628418696801897,0.43006364922732726,9.902942785416275
trawl,0.012,1,LSTM-ms,2,20,1376,0.5138812602688626,1.16250087347535,0.44204806378561323,10.597904682914942
trawl,0.012,1,LSTM-ms,3,1,2310,1.1285645198691454,1.1679490621710058,0.9662788870015858,0.20072781168856524
trawl,0.012,1,LSTM-ms,3,2,2260,1.1608992747279154,1.1681287241694218,0.9938110849498656,0.411411642968231
trawl,0.012,1,LSTM-ms,3,3,2210,1.16654405629604,1.1693402499488585,0.9976087424913829,0.6905291122779771
trawl,0.012,1,LSTM-ms,3,4,2160,1.1427641165036824,1.169572497160238,0.9770784789128958,1.0080046311970956
trawl,0.012,1,LSTM-ms,3,5,2110,1.1052109042351461,1.1693603461031494,0.9451414253255817,1.3714435791723751
trawl,0.012,1,LSTM-ms,3,6,2060,1.0870548172787853,1.1689294062268258,0.929957627456458,1.7850638194184085
trawl,0.012,1,LSTM-ms,3,7,2010,1.0357630846737345,1.1693045116349017,0.8857941403352221,2.2377099355279433
trawl,0.012,1,LSTM-ms,3,8,1960,1.0218178347719762,1.1684548907955858,0.8745034513709242,2.7209649028929523
trawl,0.012,1,LSTM-ms,3,9,1910,0.9907931098566087,1.1674506356953631,0.8486809459540594,3.2337265444209127
trawl,0.012,1,LSTM-ms,3,10,1860,0.9388028954399052,1.167135645537022,0.8043648559871921,3.7540941371507826
trawl,0.012,1,LSTM-ms,3,11,1810,0.9273861374435681,1.167981989044111,0.7940072245485146,4.298490073117602
trawl,0.012,1,LSTM-ms,3,12,1760,0.8891717291824666,1.167455202643378,0.7616324182454146,4.859736115858404
trawl,0.012,1,LSTM-ms,3,13,1710,0.8381512466520299,1.1668275779260624,0.7183162812639148,5.430802911909366
trawl,0.012,1,LSTM-ms,3,14,1660,0.7929007920700081,1.1657936010889847,0.6801382262943869,6.0212854509026075
trawl,0.012,1,LSTM-ms,3,15,1610,0.7351463842771296,1.1637912712212068,0.631682332095269,6.63907487676771
trawl,0.012,1,LSTM-ms,3,16,1560,0.7427779578769603,1.1640460867766222,0.6381001287790916,7.259800356440953
trawl,0.012,1,LSTM-ms,3,17,1512,0.6793299234853412,1.1635833549864663,0.5838257487734881,7.88054607324335
trawl,0.012,1,LSTM-ms,3,18,1466,0.6249430172969588,1.1633675865046682,0.5371844845485139,8.505667650958085
trawl,0.012,1,LSTM-ms,3,19,1421,0.5681557530580533,1.1628418696801897,0.4885924456902384,9.14031710383864
trawl,0.012,1,LSTM-ms,3,20,1376,0.5624713084059495,1.16250087347535,0.48384592325029024,9.772203699910035
trawl,0.012,1,LSTM-ms,4,1,2310,1.0702021249832878,1.1679490621710058,0.9163089039122784,0.30954736703774777
trawl,0.012,1,LSTM-ms,4,2,2260,1.0452283882548163,1.1681287241694218,0.8947887048989471,0.6453930572959081
trawl,0.012,1,LSTM-ms,4,3,2210,1.0136685709823703,1.1693402499488585,0.8668722136492808,1.0549577320073857
trawl,0.012,1,LSTM-ms,4,4,2160,0.9898264464286933,1.169572497160238,0.8463147422088206,1.4996517513546763
trawl,0.012,1,LSTM-ms,4,5,2110,0.9715475586664759,1.1693603461031494,0.830836757808765,1.9936435585833459
trawl,0.012,1,LSTM-ms,4,6,2060,0.9009020603813119,1.1689294062268258,0.7707069867369696,2.548266599678011
trawl,0.012,1,LSTM-ms,4,7,2010,0.8721810264235543,1.1693045116349017,0.7458972558004464,3.123005859497397
trawl,0.012,1,LSTM-ms,4,8,1960,0.8465937108564605,1.1684548907955858,0.724541201825965,3.7333277449985953
trawl,0.012,1,LSTM-ms,4,9,1910,0.7731908633980896,1.1674506356953631,0.66228998448192,4.385621408750105
trawl,0.012,1,LSTM-ms,4,10,1860,0.7076459317867742,1.167135645537022,0.6063099302062464,5.061432018721507
trawl,0.012,1,LSTM-ms,4,11,1810,0.6946223453491462,1.167981989044111,0.5947200828992514,5.760970953474435
trawl,0.012,1,LSTM-ms,4,12,1760,0.6386754794104432,1.167455202643378,0.5470663696254383,6.493642532064666
trawl,0.012,1,LSTM-ms,4,13,1710,0.621209372607416,1.1668275779260624,0.5323917469550756,7.208699427258756
trawl,0.012,1,LSTM-ms,4,14,1660,0.5739387968508602,1.1657936010889847,0.49231596083109025,7.966918720210462
trawl,0.012,1,LSTM-ms,4,15,1610,0.5552152553607053,1.1637912712212068,0.47707460013692876,8.748663622882514
trawl,0.012,1,LSTM-ms,4,16,1560,0.5192657725561811,1.1640460867766222,0.4460869534762905,9.547424482288967
trawl,0.012,1,LSTM-ms,4,17,1512,0.5078875459486888,1.1635833549864663,0.43648574360587694,10.345182829366083
trawl,0.012,1,LSTM-ms,4,18,1466,0.47366344956705975,1.1633675865046682,0.4071485702899623,11.132353093624019
trawl,0.012,1,LSTM-ms,4,19,1421,0.4712563540584638,1.1628418696801897,0.40526262972287963,11.915502007332822
trawl,0.012,1,LSTM-ms,4,20,1376,0.42491917000274904,1.16250087347535,0.3655215920246439,12.704368164612465
trawl,0.012,2,ConstVel,0,1,2362,1.1351257253618356,1.1335898727710185,1.0013548573674735,0.19418340421514999
trawl,0.012,2,ConstVel,0,2,2312,1.1330477107625048,1.1321285428831787,1.0008118935655357,0.41730625285848766
trawl,0.012,2,ConstVel,0,3,2262,1.1297720082177218,1.1299522968484152,0.9998404458036005,0.6975543329199521
trawl,0.012,2,ConstVel,0,4,2212,1.126331302339216,1.129956680585839,0.9967915776693818,1.0430591668753746
trawl,0.012,2,ConstVel,0,5,2162,1.1218410092704585,1.1309107812793366,0.991980117124166,1.4360162313562777
trawl,0.012,2,ConstVel,0,6,2112,1.1165260674770519,1.130402420800193,0.9877244129455081,1.880515799876547
trawl,0.012,2,ConstVel,0,7,2062,1.1117953827174347,1.129621030033473,0.9842197986385663,2.372834560755051
trawl,0.012,2,ConstVel,0,8,2012,1.1070863368192814,1.1283097091432657,0.9811901181457533,2.9001898545231235
trawl,0.012,2,ConstVel,0,9,1962,1.1019119392480707,1.1265685918574662,0.9781134919013302,3.4475453440188137
trawl,0.012,2,ConstVel,0,10,1912,1.0984867256864779,1.125541257777718,0.975963091619887,4.012445502275815
trawl,0.012,2,ConstVel,0,11,1862,1.0961829562162773,1.12505559010453,0.9743367046551271,4.598198352361837
trawl,0.012,2,ConstVel,0,12,1812,1.0936290185761732,1.1232494368104917,0.9736297056881446,5.189509511946168
trawl,0.012,2,ConstVel,0,13,1762,1.0921525374034957,1.123186202765942,0.9723699727738613,5.800316985537207
trawl,0.012,2,ConstVel,0,14,1712,1.091365308073412,1.1236940522343077,0.971229941017651,6.405802369355284
trawl,0.012,2,ConstVel,0,15,1662,1.090967447642294,1.1244897043226458,0.9701889163133383,7.023477912718667
trawl,0.012,2,ConstVel,0,16,1612,1.088670314186853,1.1250805452267911,0.967637667192442,7.6292687899457885
trawl,0.012,2,ConstVel,0,17,1562,1.0869171903838968,1.126026360058648,0.9652679803404298,8.234816726260448
trawl,0.012,2,ConstVel,0,18,1512,1.0865724082822938,1.125369943540185,0.9655246388260185,8.86319753820448
trawl,0.012,2,ConstVel,0,19,1463,1.0854207959110125,1.1248972702613342,0.9649065960119624,9.494724818869011
trawl,0.012,2,ConstVel,0,20,1414,1.0865763819165233,1.1247895988525203,0.966026342193259,10.133344757576936
trawl,0.012,2,Kalman,0,1,2362,1.1329953289651422,1.1335898727710185,0.9994755212443607,0.2064175109909582
trawl,0.012,2,Kalman,0,2,2312,1.1306399832317444,1.1321285428831787,0.9986851672799951,0.4373457514787208
trawl,0.012,2,Kalman,0,3,2262,1.1273402638494519,1.1299522968484152,0.9976883687866747,0.7245336227743673
trawl,0.012,2,Kalman,0,4,2212,1.123535300840249,1.129956680585839,0.9943171452004155,1.069107905833735
trawl,0.012,2,Kalman,0,5,2162,1.118857415680503,1.1309107812793366,0.989341895224309,1.4594494974906715
trawl,0.012,2,Kalman,0,6,2112,1.1138410515129837,1.130402420800193,0.9853491385169842,1.8943697239000992
trawl,0.012,2,Kalman,0,7,2062,1.109214262395816,1.129621030033473,0.9819348550574946,2.371577935722109
trawl,0.012,2,Kalman,0,8,2012,1.1046737994887994,1.1283097091432657,0.9790519309876247,2.8799424135110265
trawl,0.012,2,Kalman,0,9,1962,1.100355018867043,1.1265685918574662,0.9767314896049049,3.40416566446389
trawl,0.012,2,Kalman,0,10,1912,1.0974372110043764,1.125541257777718,0.9750306383003405,3.946645237493473
trawl,0.012,2,Kalman,0,11,1862,1.095304656447254,1.12505559010453,0.9735560323250232,4.50074105786607
trawl,0.012,2,Kalman,0,12,1812,1.0933083320545738,1.1232494368104917,0.9733442067498945,5.063447723964922
trawl,0.012,2,Kalman,0,13,1762,1.092145831288241,1.123186202765942,0.9723640021563108,5.633931882527095
trawl,0.012,2,Kalman,0,14,1712,1.0913803941601088,1.1236940522343077,0.971243366457313,6.204407694972383
trawl,0.012,2,Kalman,0,15,1662,1.0904648655321383,1.1244897043226458,0.9697419739285181,6.786517646415405
trawl,0.012,2,Kalman,0,16,1612,1.088569874916589,1.1250805452267911,0.9675483942326615,7.35314042634137
trawl,0.012,2,Kalman,0,17,1562,1.087340736584929,1.126026360058648,0.9656441226902504,7.9266075628234915
trawl,0.012,2,Kalman,0,18,1512,1.0869613364205326,1.125369943540185,0.9658702390799361,8.524183460558621
trawl,0.012,2,Kalman,0,19,1463,1.0866673035290815,1.1248972702613342,0.9660147039708157,9.125978133203642
trawl,0.012,2,Kalman,0,20,1414,1.0875374274980338,1.1247895988525203,0.9668807647292524,9.739874215238114
trawl,0.012,2,LSTM-rec,0,1,2362,1.0732375559636296,1.1335898727710185,0.9467600070739342,0.21590006960098632
trawl,0.012,2,LSTM-rec,0,2,2312,1.0277599485904152,1.1321285428831787,0.9078120634367461,0.48513647282531985
trawl,0.012,2,LSTM-rec,0,3,2262,0.9789611071892093,1.1299522968484152,0.86637383712539,0.8547507553788012
trawl,0.012,2,LSTM-rec,0,4,2212,0.9325267928368898,1.129956680585839,0.8252765870222658,1.3290868728075698
trawl,0.012,2,LSTM-rec,0,5,2162,0.8881562498199305,1.1309107812793366,0.7853459923825367,1.8973782733640272
trawl,0.012,2,LSTM-rec,0,6,2112,0.8488908303056234,1.130402420800193,0.7509633867421371,2.5618867294251997
trawl,0.012,2,LSTM-rec,0,7,2062,0.8146057063186581,1.129621030033473,0.7211318527723583,3.3123250825207293
trawl,0.012,2,LSTM-rec,0,8,2012,0.7855215985782981,1.1283097091432657,0.6961932457133163,4.1388092353729995
trawl,0.012,2,LSTM-rec,0,9,1962,0.7613936190472513,1.1265685918574662,0.6758519850015339,5.020864245701863
trawl,0.012,2,LSTM-rec,0,10,1912,0.7435010420080219,1.125541257777718,0.6605720020214978,5.944176796932399
trawl,0.012,2,LSTM-rec,0,11,1862,0.7311623896035092,1.12505559010453,0.6498900107998896,6.921223685816099
trawl,0.012,2,LSTM-rec,0,12,1812,0.7239014438197925,1.1232494368104917,0.6444707827989992,7.943223882887052
trawl,0.012,2,LSTM-rec,0,13,1762,0.7221945085184233,1.123186202765942,0.6429873397126474,9.00636347757332
trawl,0.012,2,LSTM-rec,0,14,1712,0.7255672652697875,1.1236940522343077,0.6456982341653398,10.102415198801356
trawl,0.012,2,LSTM-rec,0,15,1662,0.7337502629621532,1.1244897043226458,0.6525184358216417,11.245423005957655
trawl,0.012,2,LSTM-rec,0,16,1612,0.7468130521360711,1.1250805452267911,0.6637862998382309,12.437888389316317
trawl,0.012,2,LSTM-rec,0,17,1562,0.7653004001877471,1.126026360058648,0.6796469668328965,13.671945327256635
trawl,0.012,2,LSTM-rec,0,18,1512,0.7896836357986179,1.125369943540185,0.7017102601073864,14.971593742988622
trawl,0.012,2,LSTM-rec,0,19,1463,0.8178773311137348,1.1248972702613342,0.7270684645929729,16.31905989861651
trawl,0.012,2,LSTM-rec,0,20,1414,0.8486682190989941,1.1247895988525203,0.7545128617519067,17.704906360836652
trawl,0.012,2,LSTM-rec,1,1,2362,1.1070605741397384,1.1335898727710185,0.9765970927682776,0.19950467139577896
trawl,0.012,2,LSTM-rec,1,2,2312,1.0910302082504975,1.1321285428831787,0.9636981728876682,0.4279168660117448
trawl,0.012,2,LSTM-rec,1,3,2262,1.071291709286904,1.1299522968484152,0.9480857840413943,0.7212303309897187
trawl,0.012,2,LSTM-rec,1,4,2212,1.0489380014591898,1.129956680585839,0.928299305169253,1.0785054248119421
trawl,0.012,2,LSTM-rec,1,5,2162,1.026183880428841,1.1309107812793366,0.9073959656375157,1.4846878055392012
trawl,0.012,2,LSTM-rec,1,6,2112,1.005963194482612,1.130402420800193,0.8899159944920388,1.9382078545734263
trawl,0.012,2,LSTM-rec,1,7,2062,0.9874211021878264,1.129621030033473,0.8741171383455627,2.435682391895843
trawl,0.012,2,LSTM-rec,1,8,2012,0.9713599088019738,1.1283097091432657,0.8608982985172882,2.9637026943348466
trawl,0.012,2,LSTM-rec,1,9,1962,0.9582019913958638,1.1265685918574662,0.8505491794476513,3.5120650120891574
trawl,0.012,2,LSTM-rec,1,10,1912,0.9486706686861733,1.125541257777718,0.8428573027693715,4.065873982668809
trawl,0.012,2,LSTM-rec,1,11,1862,0.9416446862884423,1.12505559010453,0.8369761410642412,4.624650507880773
trawl,0.012,2,LSTM-rec,1,12,1812,0.9365123152970082,1.1232494368104917,0.8337527574963843,5.178032994412416
trawl,0.012,2,LSTM-rec,1,13,1762,0.9337315401052373,1.123186202765942,0.8313239049819554,5.725508816684888
trawl,0.012,2,LSTM-rec,1,14,1712,0.9325944319721949,1.1236940522343077,0.829936253660738,6.265119660240146
trawl,0.012,2,LSTM-rec,1,15,1662,0.9328371882169346,1.1244897043226458,0.8295648991991829,6.8072109957616895
trawl,0.012,2,LSTM-rec,1,16,1612,0.9328079010046859,1.1250805452267911,0.8291032183981571,7.348128513361631
trawl,0.012,2,LSTM-rec,1,17,1562,0.9337881807292132,1.126026360058648,0.8292773720506665,7.878669297124349
trawl,0.012,2,LSTM-rec,1,18,1512,0.9348370773141863,1.125369943540185,0.8306931268960134,8.40619603381277
trawl,0.012,2,LSTM-rec,1,19,1463,0.9359735590004065,1.1248972702613342,0.8320524760300668,8.943621049914032
trawl,0.012,2,LSTM-rec,1,20,1414,0.9377768542070695,1.1247895988525203,0.833735353850857,9.460136336630445
trawl,0.012,2,LSTM-rec,2,1,2362,1.1066408075274072,1.1335898727710185,0.9762267942834252,0.2130052264590256
trawl,0.012,2,LSTM-rec,2,2,2312,1.0926306687186782,1.1321285428831787,0.9651118466955071,0.48421490413072893
trawl,0.012,2,LSTM-rec,2,3,2262,1.0827062974365294,1.1299522968484152,0.958187615934176,0.8507853137362493
trawl,0.012,2,LSTM-rec,2,4,2212,1.0787994040423492,1.129956680585839,0.954726338254873,1.3162476818347368
trawl,0.012,2,LSTM-rec,2,5,2162,1.0814347785173737,1.1309107812793366,0.9562511883510444,1.8681153186673516
trawl,0.012,2,LSTM-rec,2,6,2112,1.0912588937317722,1.130402420800193,0.9653720424265265,2.4999003822900914
trawl,0.012,2,LSTM-rec,2,7,2062,1.1086587920725706,1.129621030033473,0.9814431234869261,3.208353239984591
trawl,0.012,2,LSTM-rec,2,8,2012,1.13194086952939,1.1283097091432657,1.0032182302046142,3.975924667716648
trawl,0.012,2,LSTM-rec,2,9,1962,1.1601858458574645,1.1265685918574662,1.0298403969744716,4.798947547715158
trawl,0.012,2,LSTM-rec,2,10,1912,1.19215627248541,1.125541257777718,1.0591848714983736,5.664105479985565
trawl,0.012,2,LSTM-rec,2,11,1862,1.2253562565655836,1.12505559010453,1.0891517426723194,6.5632606282290915
trawl,0.012,2,LSTM-rec,2,12,1812,1.2586955730616807,1.1232494368104917,1.120584201346936,7.490015334791941
trawl,0.012,2,LSTM-rec,2,13,1762,1.2920275844475353,1.123186202765942,1.1503235895044,8.451642033404761
trawl,0.012,2,LSTM-rec,2,14,1712,1.3245630219898812,1.1236940522343077,1.1787577048718676,9.433990148634349
trawl,0.012,2,LSTM-rec,2,15,1662,1.3564760339742996,1.1244897043226458,1.2063036493441213,10.445034990555374
trawl,0.012,2,LSTM-rec,2,16,1612,1.38731157811295,1.1250805452267911,1.2330775640896883,11.486408147457551
trawl,0.012,2,LSTM-rec,2,17,1562,1.417015010157625,1.126026360058648,1.2584208153740035,12.551432440527432
trawl,0.012,2,LSTM-rec,2,18,1512,1.4453018142711176,1.125369943540185,1.28429039940812,13.630439017797734
trawl,0.012,2,LSTM-rec,2,19,1463,1.472773370378469,1.1248972702613342,1.3092514394992858,14.746289536592766
trawl,0.012,2,LSTM-rec,2,20,1414,1.4998809964441966,1.1247895988525203,1.3334769435762335,15.879154978781033
trawl,0.012,2,LSTM-rec,3,1,2362,1.1243934710161738,1.1335898727710185,0.9918873642260366,0.2149217114414337
trawl,0.012,2,LSTM-rec,3,2,2312,1.123073735318206,1.1321285428831787,0.9920019615953567,0.4791527975925174
trawl,0.012,2,LSTM-rec,3,3,2262,1.127088273894176,1.1299522968484152,0.9974653594118732,0.8346850812077286
trawl,0.012,2,LSTM-rec,3,4,2212,1.133119799362281,1.129956680585839,1.0027993274705027,1.287550334038711
trawl,0.012,2,LSTM-rec,3,5,2162,1.1415437690870875,1.1309107812793366,1.0094021455836881,1.8300503139358313
trawl,0.012,2,LSTM-rec,3,6,2112,1.1538244346085238,1.130402420800193,1.0207200669224954,2.4688121657239726
trawl,0.012,2,LSTM-rec,3,7,2062,1.1701062464290244,1.129621030033473,1.0358396447296592,3.1958494072549963
trawl,0.012,2,LSTM-rec,3,8,2012,1.1902386044861066,1.1283097091432657,1.0548864330786127,4.009449357612663
trawl,0.012,2,LSTM-rec,3,9,1962,1.2146486604470115,1.1265685918574662,1.0781843815158387,4.8977002882247875
trawl,0.012,2,LSTM-rec,3,10,1912,1.244872325556309,1.125541257777718,1.1060210516087163,5.854636868882143
trawl,0.012,2,LSTM-rec,3,11,1862,1.2798585125125392,1.12505559010453,1.1375957986161611,6.895634664001041
trawl,0.012,2,LSTM-rec,3,12,1812,1.3184253934139876,1.1232494368104917,1.1737601197092118,8.012839005176147
trawl,0.012,2,LSTM-rec,3,13,1762,1.3608796939286263,1.123186202765942,1.211624297536191,9.202637265843288
trawl,0.012,2,LSTM-rec,3,14,1712,1.4060599464204717,1.1236940522343077,1.251283606622923,10.460637740168261
trawl,0.012,2,LSTM-rec,3,15,1662,1.4530343932862606,1.1244897043226458,1.292172251733971,11.798517164218929
trawl,0.012,2,LSTM-rec,3,16,1612,1.5011601227039222,1.1250805452267911,1.3342690255134773,13.210350852467215
trawl,0.012,2,LSTM-rec,3,17,1562,1.5523487360731092,1.126026360058648,1.3786078116255258,14.701769310194956
trawl,0.012,2,LSTM-rec,3,18,1512,1.6097138245429168,1.125369943540185,1.4303863665303558,16.30962374190264
trawl,0.012,2,LSTM-rec,3,19,1463,1.6699506009459997,1.1248972702613342,1.4845360950676318,17.989489517242866
trawl,0.012,2,LSTM-rec,3,20,1414,1.7339824714344327,1.1247895988525203,1.5416060685513047,19.74547885013581
trawl,0.012,2,LSTM-rec,4,1,2362,1.0975115300558484,1.1335898727710185,0.968173372414683,0.2262731857277376
trawl,0.012,2,LSTM-rec,4,2,2312,1.0765006206171845,1.1321285428831787,0.9508643054574641,0.5182974765377711
trawl,0.012,2,LSTM-rec,4,3,2262,1.0577011433289807,1.1299522968484152,0.9360582267756324,0.9165668415040314
trawl,0.012,2,LSTM-rec,4,4,2212,1.0410721899938364,1.129956680585839,0.921338143205703,1.424285289299676
trawl,0.012,2,LSTM-rec,4,5,2162,1.0283718588646455,1.1309107812793366,0.9093306703657962,2.0314913525851503
trawl,0.012,2,LSTM-rec,4,6,2112,1.0221296867602805,1.130402420800193,0.9042175316970145,2.737300785644929
trawl,0.012,2,LSTM-rec,4,7,2062,1.0220626014933216,1.129621030033473,0.904783617088853,3.530041368022192
trawl,0.012,2,LSTM-rec,4,8,2012,1.0279964176993628,1.1283097091432657,0.9110941874992181,4.408051400398225
trawl,0.012,2,LSTM-rec,4,9,1962,1.039303674646408,1.1265685918574662,0.922539188610631,5.352449515991494
trawl,0.012,2,LSTM-rec,4,10,1912,1.0566351887439422,1.125541257777718,0.9387796150895218,6.352258800761783
trawl,0.012,2,LSTM-rec,4,11,1862,1.0785582254305253,1.12505559010453,0.9586710513836169,7.4170490353657135
trawl,0.012,2,LSTM-rec,4,12,1812,1.103232985203118,1.1232494368104917,0.982179869447154,8.54035630989953
trawl,0.012,2,LSTM-rec,4,13,1762,1.1298789642265017,1.123186202765942,1.0059587283427076,9.715518009965324
trawl,0.012,2,LSTM-rec,4,14,1712,1.1575542976915043,1.1236940522343077,1.030132975599426,10.934294002392072
trawl,0.012,2,LSTM-rec,4,15,1662,1.1853985640520623,1.1244897043226458,1.0541657780371638,12.208416912108216
trawl,0.012,2,LSTM-rec,4,16,1612,1.212702749955803,1.1250805452267911,1.077880828266699,13.528942416185666
trawl,0.012,2,LSTM-rec,4,17,1562,1.2401238373525443,1.126026360058648,1.1013275366732567,14.895468184944203
trawl,0.012,2,LSTM-rec,4,18,1512,1.2684332398977782,1.125369943540185,1.127125570732363,16.332001969169568
trawl,0.012,2,LSTM-rec,4,19,1463,1.2956945226982406,1.1248972702613342,1.1518336446822623,17.801295902074
trawl,0.012,2,LSTM-rec,4,20,1414,1.3227342222417706,1.1247895988525203,1.1759836893861644,19.304123450485132
trawl,0.012,2,LSTM-ms,0,1,2362,1.0734551481590529,1.1335898727710185,0.9469519567381379,0.2463592935416044
trawl,0.012,2,LSTM-ms,0,2,2312,1.0655484493488931,1.1321285428831787,0.9411903410148756,0.5278359200169157
trawl,0.012,2,LSTM-ms,0,3,2262,1.0540163757404046,1.1299522968484152,0.9327972328391155,0.8574035085112461
trawl,0.012,2,LSTM-ms,0,4,2212,0.9880765677810067,1.129956680585839,0.8744375645168336,1.2629286023739321
trawl,0.012,2,LSTM-ms,0,5,2162,0.9678986516956776,1.1309107812793366,0.8558576571360895,1.7147371484859901
trawl,0.012,2,LSTM-ms,0,6,2112,0.9225490984411623,1.130402420800193,0.8161244893549549,2.234834857953092
trawl,0.012,2,LSTM-ms,0,7,2062,0.885123550907196,1.129621030033473,0.7835579609216092,2.7949906872382084
trawl,0.012,2,LSTM-ms,0,8,2012,0.843323276006643,1.1283097091432657,0.7474218019864288,3.3939342237699752
trawl,0.012,2,LSTM-ms,0,9,1962,0.8264546024869793,1.1265685918574662,0.7336034471938684,4.021275425901667
trawl,0.012,2,LSTM-ms,0,10,1912,0.7415702805201272,1.125541257777718,0.6588565949010988,4.670936828731892
trawl,0.012,2,LSTM-ms,0,11,1862,0.7261557929761978,1.12505559010453,0.6454399225808299,5.342596899747022
trawl,0.012,2,LSTM-ms,0,12,1812,0.6436263664133808,1.1232494368104917,0.5730039520348941,6.015956171122756
trawl,0.012,2,LSTM-ms,0,13,1762,0.6164017532413529,1.123186202765942,0.5487974760760156,6.686272498806715
trawl,0.012,2,LSTM-ms,0,14,1712,0.5948946578383519,1.1236940522343077,0.5294098128004571,7.363522939557357
trawl,0.012,2,LSTM-ms,0,15,1662,0.5441901203743147,1.1244897043226458,0.4839440666129675,8.030867642953474
trawl,0.012,2,LSTM-ms,0,16,1612,0.505506923600867,1.1250805452267911,0.44930731914750877,8.693672882645451
trawl,0.012,2,LSTM-ms,0,17,1562,0.47034387730864374,1.126026360058648,0.41770236825019474,9.359695744123428
trawl,0.012,2,LSTM-ms,0,18,1512,0.4798311922907715,1.125369943540185,0.4263764063053969,10.020664270654176
trawl,0.012,2,LSTM-ms,0,19,1463,0.42926452987954944,1.1248972702613342,0.3816033172343137,10.69166926517267
trawl,0.012,2,LSTM-ms,0,20,1414,0.443429809696116,1.1247895988525203,0.3942335616798831,11.313252215693733
trawl,0.012,2,LSTM-ms,1,1,2362,1.0658438037380735,1.1335898727710185,0.9402375844560589,0.24277667198628067
trawl,0.012,2,LSTM-ms,1,2,2312,1.0586615208219916,1.1321285428831787,0.9351071726589549,0.5255186029275394
trawl,0.012,2,LSTM-ms,1,3,2262,1.0476119227369702,1.1299522968484152,0.927129336042678,0.8573042383139244
trawl,0.012,2,LSTM-ms,1,4,2212,0.9809743383152313,1.129956680585839,0.8681521647419562,1.2592843909002802
trawl,0.012,2,LSTM-ms,1,5,2162,0.9706000187364363,1.1309107812793366,0.8582463221709234,1.7142619799805554
trawl,0.012,2,LSTM-ms,1,6,2112,0.8909177586529272,1.130402420800193,0.7881421184698644,2.253545546862373
trawl,0.012,2,LSTM-ms,1,7,2062,0.8449690952075295,1.129621030033473,0.7480111229714724,2.830358758160526
trawl,0.012,2,LSTM-ms,1,8,2012,0.7759888917244591,1.1283097091432657,0.6877445841653471,3.4687871281489198
trawl,0.012,2,LSTM-ms,1,9,1962,0.7344727319689626,1.1265685918574662,0.6519556263839887,4.132468956199576
trawl,0.012,2,LSTM-ms,1,10,1912,0.6755562221716068,1.125541257777718,0.6002056499514137,4.821129518002029
trawl,0.012,2,LSTM-ms,1,11,1862,0.6365283345856281,1.12505559010453,0.5657750071945223,5.51534742717813
trawl,0.012,2,LSTM-ms,1,12,1812,0.5758763167684197,1.1232494368104917,0.5126878304107071,6.221270316425649
trawl,0.012,2,LSTM-ms,1,13,1762,0.5489678883705378,1.123186202765942,0.48875946572229734,6.921649253595439
trawl,0.012,2,LSTM-ms,1,14,1712,0.5104023101414401,1.1236940522343077,0.45421821814094043,7.631694071601789
trawl,0.012,2,LSTM-ms,1,15,1662,0.5075419244408158,1.1244897043226458,0.45135310931685385,8.32524856170255
trawl,0.012,2,LSTM-ms,1,16,1612,0.4724324068772179,1.1250805452267911,0.4199098534603014,9.031326989753596
trawl,0.012,2,LSTM-ms,1,17,1562,0.48910455170748596,1.126026360058648,0.43436332314814674,9.730585020418248
trawl,0.012,2,LSTM-ms,1,18,1512,0.4525723735954354,1.125369943540185,0.4021543104054608,10.425669004443982
trawl,0.012,2,LSTM-ms,1,19,1463,0.435596954565703,1.1248972702613342,0.3872326532221968,11.13835977192756
trawl,0.012,2,LSTM-ms,1,20,1414,0.4350363375972045,1.1247895988525203,0.38677130197595777,11.822854816943213
trawl,0.012,2,LSTM-ms,2,1,2362,1.2380771956197256,1.1335898727710185,1.0921738323167016,0.29315033734272516
trawl,0.012,2,LSTM-ms,2,2,2312,1.1985653764787267,1.1321285428831787,1.0586831186380605,0.5811958196868354
trawl,0.012,2,LSTM-ms,2,3,2262,1.2221543447314465,1.1299522968484152,1.081598177321463,0.9244338189446549
trawl,0.012,2,LSTM-ms,2,4,2212,1.1234753226505638,1.129956680585839,0.9942640651215807,1.2685909822387507
trawl,0.012,2,LSTM-ms,2,5,2162,1.115119680631009,1.1309107812793366,0.986036828979149,1.6685876034836475
trawl,0.012,2,LSTM-ms,2,6,2112,1.0686327575639916,1.130402420800193,0.9453560412649543,2.1192526896885884
trawl,0.012,2,LSTM-ms,2,7,2062,1.0255776074661223,1.129621030033473,0.9078952854088882,2.605268245369988
trawl,0.012,2,LSTM-ms,2,8,2012,0.9289067901692633,1.1283097091432657,0.8232728856641581,3.101988255142965
trawl,0.012,2,LSTM-ms,2,9,1962,0.8812486073264029,1.1265685918574662,0.7822414131690072,3.640844123495872
trawl,0.012,2,LSTM-ms,2,10,1912,0.8496370768224301,1.125541257777718,0.7548697757201398,4.215123759885319
trawl,0.012,2,LSTM-ms,2,11,1862,0.7797400356853579,1.12505559010453,0.6930680070776871,4.800277786581958
trawl,0.012,2,LSTM-ms,2,12,1812,0.7156828776889187,1.1232494368104917,0.6371540053660091,5.392840310566621
trawl,0.012,2,LSTM-ms,2,13,1762,0.677458372999117,1.123186202765942,0.6031576699667588,5.998651497238379
trawl,0.012,2,LSTM-ms,2,14,1712,0.6579113381402,1.1236940522343077,0.5854897396956367,6.610320345248971
trawl,0.012,2,LSTM-ms,2,15,1662,0.5898188296940579,1.1244897043226458,0.524521325030134,7.243590531883403
trawl,0.012,2,LSTM-ms,2,16,1612,0.5914730873719825,1.1250805452267911,0.5257162163912048,7.8646031263313345
trawl,0.012,2,LSTM-ms,2,17,1562,0.5253395146292534,1.126026360058648,0.4665428210773784,8.494839209005503
trawl,0.012,2,LSTM-ms,2,18,1512,0.5300414228857208,1.125369943540185,0.4709930507103453,9.129221874892885
trawl,0.012,2,LSTM-ms,2,19,1463,0.5214165099950936,1.1248972702613342,0.4635236690315365,9.756721651429762
trawl,0.012,2,LSTM-ms,2,20,1414,0.5356234601506422,1.1247895988525203,0.47619880260012243,10.348086269888194
trawl,0.012,2,LSTM-ms,3,1,2362,1.102874759583816,1.1335898727710185,0.9729045628185433,0.20900801140019776
trawl,0.012,2,LSTM-ms,3,2,2312,1.1312647293597393,1.1321285428831787,0.9992370004900332,0.4369848540951157
trawl,0.012,2,LSTM-ms,3,3,2262,1.1430696908894393,1.1299522968484152,1.0116088033783464,0.7363982814868903
trawl,0.012,2,LSTM-ms,3,4,2212,1.1194864112247551,1.129956680585839,0.9907339196794204,1.0896658983551049
trawl,0.012,2,LSTM-ms,3,5,2162,1.0850482533874257,1.1309107812793366,0.9594463783959781,1.48723699875372
trawl,0.012,2,LSTM-ms,3,6,2112,1.0620874565316651,1.130402420800193,0.9395658015132621,1.9386222583432626
trawl,0.012,2,LSTM-ms,3,7,2062,1.0212082398599396,1.129621030033473,0.9040272911966583,2.4364010394470905
trawl,0.012,2,LSTM-ms,3,8,2012,1.004650578526575,1.1283097091432657,0.8904032025829273,2.971991941384146
trawl,0.012,2,LSTM-ms,3,9,1962,0.9761158493318243,1.1265685918574662,0.8664504375383144,3.5270160379325888
trawl,0.012,2,LSTM-ms,3,10,1912,0.930933194610657,1.125541257777718,0.8270982411153036,4.098245411013706
trawl,0.012,2,LSTM-ms,3,11,1862,0.9207567090862375,1.12505559010453,0.8184099676360784,4.681470250773271
trawl,0.012,2,LSTM-ms,3,12,1812,0.8880927042244134,1.1232494368104917,0.7906460267152997,5.264422622605444
trawl,0.012,2,LSTM-ms,3,13,1762,0.8380228810052269,1.123186202765942,0.74611215748691,5.851412843472726
trawl,0.012,2,LSTM-ms,3,14,1712,0.795879346377118,1.1236940522343077,0.7082704983572919,6.434037573319138
trawl,0.012,2,LSTM-ms,3,15,1662,0.7412001473911135,1.1244897043226458,0.659143560445124,7.023272652173314
trawl,0.012,2,LSTM-ms,3,16,1612,0.7460736540951948,1.1250805452267911,0.6631291041876499,7.59969863917513
trawl,0.012,2,LSTM-ms,3,17,1562,0.6835753897658658,1.126026360058648,0.6070687277074601,8.16988470780638
trawl,0.012,2,LSTM-ms,3,18,1512,0.6340795200643123,1.125369943540185,0.5634409588633824,8.746669189656158
trawl,0.012,2,LSTM-ms,3,19,1463,0.5803968718055355,1.1248972702613342,0.5159554451320685,9.316057856365491
trawl,0.012,2,LSTM-ms,3,20,1414,0.5779296418449862,1.1247895988525203,0.5138113318567084,9.861084742143342
trawl,0.012,2,LSTM-ms,4,1,2362,1.0618269308951278,1.1335898727710185,0.9366940869889135,0.3089470717364862
trawl,0.012,2,LSTM-ms,4,2,2312,1.0395575084005269,1.1321285428831787,0.9182327527518189,0.6489684383945254
trawl,0.012,2,LSTM-ms,4,3,2262,1.0107149889100138,1.1299522968484152,0.8944758037388216,1.059196643151974
trawl,0.012,2,LSTM-ms,4,4,2212,0.9848228059191606,1.129956680585839,0.8715580188512784,1.5107761479166608
trawl,0.012,2,LSTM-ms,4,5,2162,0.9688813468898841,1.1309107812793366,0.8567265985331243,2.008316965559049
trawl,0.012,2,LSTM-ms,4,6,2112,0.9064724459051322,1.130402420800193,0.8019024280427987,2.5663633156203147
trawl,0.012,2,LSTM-ms,4,7,2062,0.8751143731614818,1.129621030033473,0.7746973098894505,3.144562794392789
trawl,0.012,2,LSTM-ms,4,8,2012,0.8513978868062666,1.1283097091432657,0.7545781800040874,3.758215778259022
trawl,0.012,2,LSTM-ms,4,9,1962,0.7817472413827605,1.1265685918574662,0.693918902970506,4.420428966399827
trawl,0.012,2,LSTM-ms,4,10,1912,0.7203761403337265,1.125541257777718,0.6400264187170231,5.098343603449363
trawl,0.012,2,LSTM-ms,4,11,1862,0.70372265565537,1.12505559010453,0.6255003413564537,5.780232753296253
trawl,0.012,2,LSTM-ms,4,12,1812,0.6499056496835214,1.1232494368104917,0.5785942359596925,6.482495351118637
trawl,0.012,2,LSTM-ms,4,13,1762,0.6314813455676023,1.123186202765942,0.5622232039643342,7.166422896123208
trawl,0.012,2,LSTM-ms,4,14,1712,0.5877325920201608,1.1236940522343077,0.5230361332353207,7.870607411105751
trawl,0.012,2,LSTM-ms,4,15,1662,0.5663856472377927,1.1244897043226458,0.5036823770467193,8.58518167372045
trawl,0.012,2,LSTM-ms,4,16,1612,0.5313121464454257,1.1250805452267911,0.47224365286516,9.30212120518745
trawl,0.012,2,LSTM-ms,4,17,1562,0.5243626269597458,1.126026360058648,0.4656752679683581,10.013106047468595
trawl,0.012,2,LSTM-ms,4,18,1512,0.4941029286576094,1.125369943540185,0.4390582239145841,10.72651708408877
trawl,0.012,2,LSTM-ms,4,19,1463,0.4960896276983641,1.1248972702613342,0.4410088288178648,11.43807480246002
trawl,0.012,2,LSTM-ms,4,20,1414,0.45471171587917086,1.1247895988525203,0.4042637986189198,12.135819051166532
trawl,0.018,0,ConstVel,0,1,1496,1.7500958586747255,1.7455807925734206,1.0025865695363483,0.3045388937673962
trawl,0.018,0,ConstVel,0,2,1446,1.7476026214331875,1.7458064623506628,1.0010288420402031,0.6721983404344075
trawl,0.018,0,ConstVel,0,3,1396,1.7419915806025497,1.7437054812471564,0.999017092815823,1.137202839296917
trawl,0.018,0,ConstVel,0,4,1346,1.7312154664237678,1.7420660985343315,0.993771400453925,1.68739520516906
trawl,0.018,0,ConstVel,0,5,1296,1.7206824180797489,1.7396389458812151,0.9891031826768721,2.3428647685375346
trawl,0.018,0,ConstVel,0,6,1246,1.710218233350618,1.73617987809757,0.9850466849233389,3.0964092190840886
trawl,0.018,0,ConstVel,0,7,1196,1.699482476921337,1.731704834477589,0.9813926964256743,3.91377928375143
trawl,0.018,0,ConstVel,0,8,1146,1.690039462367472,1.726149048220611,0.9790808413153184,4.789784285347411
trawl,0.018,0,ConstVel,0,9,1096,1.6787554951935264,1.7239958374269044,0.9737584388249452,5.759244893099102
trawl,0.018,0,ConstVel,0,10,1046,1.6667738942847876,1.7189436246640675,0.9696501213706323,6.783610845162795
trawl,0.018,0,ConstVel,0,11,996,1.6529148046928335,1.7125108116292593,0.9651996317151849,7.852585696657612
trawl,0.018,0,ConstVel,0,12,950,1.6407176739115619,1.7075210034474706,0.9608770085984106,8.999638737053287
trawl,0.018,0,ConstVel,0,13,906,1.6282663375242832,1.7015115584603686,0.9569528513797684,10.185124900753191
trawl,0.018,0,ConstVel,0,14,862,1.6148949126596976,1.6980819567919652,0.9510111724587043,11.42024035347624
trawl,0.018,0,ConstVel,0,15,820,1.5997662192779685,1.6918776169490661,0.945556701768299,12.649249327695813
trawl,0.018,0,ConstVel,0,16,778,1.5857554990697496,1.6804574618484918,0.9436451294193602,13.915445406337726
trawl,0.018,0,ConstVel,0,17,739,1.577352043336984,1.6699096763064791,0.9445732698703712,15.13406825943492
trawl,0.018,0,ConstVel,0,18,702,1.569908712259952,1.6509340261205654,0.9509215313400439,16.381308141730653
trawl,0.018,0,ConstVel,0,19,668,1.5643313710674995,1.6369813274662908,0.9556195570591887,17.671808759757525
trawl,0.018,0,ConstVel,0,20,637,1.560209103445375,1.6276453528142296,0.9585682168094811,19.04647121621643
trawl,0.018,0,Kalman,0,1,1496,1.7445610430500038,1.7455807925734206,0.9994158107560789,0.33620767239637134
trawl,0.018,0,Kalman,0,2,1446,1.7409966837391821,1.7458064623506628,0.9972449531404504,0.7264522658089984
trawl,0.018,0,Kalman,0,3,1396,1.7341257960058107,1.7437054812471564,0.9945061334357371,1.2063664900589588
trawl,0.018,0,Kalman,0,4,1346,1.7238274850666886,1.7420660985343315,0.9895304698926247,1.770235099989672
trawl,0.018,0,Kalman,0,5,1296,1.7135456295782978,1.7396389458812151,0.9850007288209452,2.4295390260465677
trawl,0.018,0,Kalman,0,6,1246,1.7033638727932578,1.73617987809757,0.9810987296199571,3.172903301374704
trawl,0.018,0,Kalman,0,7,1196,1.693132533890532,1.731704834477589,0.9777258226580553,3.975709310825339
trawl,0.018,0,Kalman,0,8,1146,1.68319010095168,1.726149048220611,0.9751128401610424,4.834749363694529
trawl,0.018,0,Kalman,0,9,1096,1.6718412546901769,1.7239958374269044,0.9697478488030636,5.773277164654324
trawl,0.018,0,Kalman,0,10,1046,1.6596676797770318,1.7189436246640675,0.9655160622858588,6.765964202577433
trawl,0.018,0,Kalman,0,11,996,1.6463344306781171,1.7125108116292593,0.9613571018052827,7.810473285391616
trawl,0.018,0,Kalman,0,12,950,1.6338834611534496,1.7075210034474706,0.9568745906226938,8.914598372284996
trawl,0.018,0,Kalman,0,13,906,1.6212769217103546,1.7015115584603686,0.9528450827435958,10.038833753580082
trawl,0.018,0,Kalman,0,14,862,1.607688692765519,1.6980819567919652,0.9467674315336239,11.204093317916783
trawl,0.018,0,Kalman,0,15,820,1.5938611554565636,1.6918776169490661,0.942066458879423,12.37792565115463
trawl,0.018,0,Kalman,0,16,778,1.5816551285186393,1.6804574618484918,0.941205097080428,13.589189882593645
trawl,0.018,0,Kalman,0,17,739,1.5740204186730957,1.6699096763064791,0.942578177135022,14.780280901965522
trawl,0.018,0,Kalman,0,18,702,1.5674968106829366,1.6509340261205654,0.9494605998074356,16.00565843203752
trawl,0.018,0,Kalman,0,19,668,1.562174602671177,1.6369813274662908,0.9543020292657222,17.275449978291455
trawl,0.018,0,Kalman,0,20,637,1.5581793934976575,1.6276453528142296,0.9573211945732133,18.617018360852693
trawl,0.018,0,LSTM-rec,0,1,1496,1.6660202762109797,1.7455807925734206,0.9544217508001168,0.329301997315941
trawl,0.018,0,LSTM-rec,0,2,1446,1.6013802347356576,1.7458064623506628,0.9172724865386621,0.7502375888179146
trawl,0.018,0,LSTM-rec,0,3,1396,1.527734731081939,1.7437054812471564,0.8761426442206581,1.307366474661268
trawl,0.018,0,LSTM-rec,0,4,1346,1.450120953848179,1.7420660985343315,0.8324144273677231,2.0012448992025784
trawl,0.018,0,LSTM-rec,0,5,1296,1.3781491162670203,1.7396389458812151,0.7922041062198214,2.852727932898453
trawl,0.018,0,LSTM-rec,0,6,1246,1.3147113815617115,1.73617987809757,0.7572437615175651,3.841274504939436
trawl,0.018,0,LSTM-rec,0,7,1196,1.257616012098486,1.731704834477589,0.7262300058646407,4.93087624889639
trawl,0.018,0,LSTM-rec,0,8,1146,1.2075678488809014,1.726149048220611,0.6995733364541807,6.112439127320901
trawl,0.018,0,LSTM-rec,0,9,1096,1.1619899987356277,1.7239958374269044,0.6740097473030556,7.393133572517994
trawl,0.018,0,LSTM-rec,0,10,1046,1.1216746260422754,1.7189436246640675,0.6525371803635991,8.752623865038275
trawl,0.018,0,LSTM-rec,0,11,996,1.0846033193163613,1.7125108116292593,0.6333410054704908,10.184639941660592
trawl,0.018,0,LSTM-rec,0,12,950,1.0554333054395568,1.7075210034474706,0.6181085347170816,11.687365831026941
trawl,0.018,0,LSTM-rec,0,13,906,1.031860243295735,1.7015115584603686,0.6064373986559486,13.26510695638847
trawl,0.018,0,LSTM-rec,0,14,862,1.0103736638485343,1.6980819567919652,0.5950087743452285,14.884129364705904
trawl,0.018,0,LSTM-rec,0,15,820,0.9888259970369628,1.6918776169490661,0.5844548016540911,16.508545367658964
trawl,0.018,0,LSTM-rec,0,16,778,0.9691010371779458,1.6804574618484918,0.5766888238348749,18.09863611992347
trawl,0.018,0,LSTM-rec,0,17,739,0.9541136379213803,1.6699096763064791,0.5713564340986976,19.603882122155607
trawl,0.018,0,LSTM-rec,0,18,702,0.941496548197344,1.6509340261205654,0.5702811458854673,21.144256451171287
trawl,0.018,0,LSTM-rec,0,19,668,0.9383624934608142,1.6369813274662908,0.5732273653439931,22.77088032723348
trawl,0.018,0,LSTM-rec,0,20,637,0.9407961040592119,1.6276453528142296,0.5780104999117637,24.448757463346926
trawl,0.018,0,LSTM-rec,1,1,1496,1.6779758414188528,1.7455807925734206,0.9612707979818561,0.31148131121361533
trawl,0.018,0,LSTM-rec,1,2,1446,1.630125520580498,1.7458064623506628,0.933737820162262,0.6885161518760367
trawl,0.018,0,LSTM-rec,1,3,1396,1.572825562196857,1.7437054812471564,0.9020018455593313,1.1681620786329174
trawl,0.018,0,LSTM-rec,1,4,1346,1.5049540251782896,1.7420660985343315,0.8638903118799375,1.7452919706982655
trawl,0.018,0,LSTM-rec,1,5,1296,1.4384622352986511,1.7396389458812151,0.8268740123945646,2.4346502712390468
trawl,0.018,0,LSTM-rec,1,6,1246,1.3791585265985526,1.73617987809757,0.7943638467402204,3.2163189814914
trawl,0.018,0,LSTM-rec,1,7,1196,1.3231121167937046,1.731704834477589,0.7640517543469546,4.059347807024356
trawl,0.018,0,LSTM-rec,1,8,1146,1.2730601562194244,1.726149048220611,0.737514618179554,4.951742385531258
trawl,0.018,0,LSTM-rec,1,9,1096,1.2275510510132162,1.7239958374269044,0.7120382917196358,5.908223467926936
trawl,0.018,0,LSTM-rec,1,10,1046,1.1869872432752382,1.7189436246640675,0.6905329681810889,6.8936937120511335
trawl,0.018,0,LSTM-rec,1,11,996,1.1515293728534237,1.7125108116292593,0.6724216659151334,7.900046189611622
trawl,0.018,0,LSTM-rec,1,12,950,1.1215646260515637,1.7075210034474706,0.6568379679003269,8.929265509153494
trawl,0.018,0,LSTM-rec,1,13,906,1.0959145575528735,1.7015115584603686,0.6440829344377325,9.972286289552333
trawl,0.018,0,LSTM-rec,1,14,862,1.0740811924550642,1.6980819567919652,0.6325261205202545,11.023066646988493
trawl,0.018,0,LSTM-rec,1,15,820,1.0569397873361306,1.6918776169490661,0.6247140908702912,12.045754895323945
trawl,0.018,0,LSTM-rec,1,16,778,1.0449559267314994,1.6804574618484918,0.6218282523986385,13.021586632527884
trawl,0.018,0,LSTM-rec,1,17,739,1.0374056551046653,1.6699096763064791,0.6212345912020872,13.892537103049975
trawl,0.018,0,LSTM-rec,1,18,702,1.0314355642032824,1.6509340261205654,0.6247588019171144,14.706350961836925
trawl,0.018,0,LSTM-rec,1,19,668,1.026729918410478,1.6369813274662908,0.6272093036025304,15.467403648334924
trawl,0.018,0,LSTM-rec,1,20,637,1.0245481974003041,1.6276453528142296,0.6294664839787371,16.203194494250916
trawl,0.018,0,LSTM-rec,2,1,1496,1.6654193484515054,1.7455807925734206,0.9540774941710162,0.3220050452898732
trawl,0.018,0,LSTM-rec,2,2,1446,1.6092082569787296,1.7458064623506628,0.9217563869089997,0.7393369443136503
trawl,0.018,0,LSTM-rec,2,3,1396,1.5528842513789791,1.7437054812471564,0.8905656764170429,1.2967634196846574
trawl,0.018,0,LSTM-rec,2,4,1346,1.5003285485842155,1.7420660985343315,0.8612351447780889,1.9999652811404147
trawl,0.018,0,LSTM-rec,2,5,1296,1.4592468681077801,1.7396389458812151,0.8388216828340767,2.8546409687150467
trawl,0.018,0,LSTM-rec,2,6,1246,1.4327927047167728,1.73617987809757,0.8252559097083676,3.8415505333702624
trawl,0.018,0,LSTM-rec,2,7,1196,1.4205852721918937,1.731704834477589,0.8203391501303096,4.935497310756702
trawl,0.018,0,LSTM-rec,2,8,1146,1.4197637874117297,1.726149048220611,0.8225035890587105,6.113644396556774
trawl,0.018,0,LSTM-rec,2,9,1096,1.4267311929735553,1.7239958374269044,0.827572295709819,7.389640199192663
trawl,0.018,0,LSTM-rec,2,10,1046,1.4395079591182238,1.7189436246640675,0.8374375625026949,8.726543411225189
trawl,0.018,0,LSTM-rec,2,11,996,1.455621157595616,1.7125108116292593,0.8499923899521299,10.091356064576427
trawl,0.018,0,LSTM-rec,2,12,950,1.4719072343869986,1.7075210034474706,0.8620141312553288,11.49663577431846
trawl,0.018,0,LSTM-rec,2,13,906,1.4886151288053147,1.7015115584603686,0.8748780585142215,12.943955042362873
trawl,0.018,0,LSTM-rec,2,14,862,1.5066264183032916,1.6980819567919652,0.8872518857391468,14.423529717875113
trawl,0.018,0,LSTM-rec,2,15,820,1.5263253434996882,1.6918776169490661,0.9021487891376473,15.906865580350663
trawl,0.018,0,LSTM-rec,2,16,778,1.5475612927222737,1.6804574618484918,0.9209166717138837,17.39979919893209
trawl,0.018,0,LSTM-rec,2,17,739,1.57111639343734,1.6699096763064791,0.9408391458107777,18.814756739880096
trawl,0.018,0,LSTM-rec,2,18,702,1.5945968632395806,1.6509340261205654,0.9658755819495899,20.15483616009455
trawl,0.018,0,LSTM-rec,2,19,668,1.6164584837118543,1.6369813274662908,0.9874629945924908,21.488606311566752
trawl,0.018,0,LSTM-rec,2,20,637,1.6376654510260056,1.6276453528142296,1.0061561925602842,22.771293825040537
trawl,0.018,0,LSTM-rec,3,1,1496,1.7289594558583121,1.7455807925734206,0.9904780478876578,0.3206045707127296
trawl,0.018,0,LSTM-rec,3,2,1446,1.7187920815824713,1.7458064623506628,0.9845261308451009,0.712295542120311
trawl,0.018,0,LSTM-rec,3,3,1396,1.7119084421127364,1.7437054812471564,0.9817646732912271,1.2208032746826838
trawl,0.018,0,LSTM-rec,3,4,1346,1.701804742977119,1.7420660985343315,0.9768887325279529,1.843520205313649
trawl,0.018,0,LSTM-rec,3,5,1296,1.6951437992248004,1.7396389458812151,0.9744227692983295,2.6048481616467085
trawl,0.018,0,LSTM-rec,3,6,1246,1.6929101961681683,1.73617987809757,0.975077650377555,3.496700209994726
trawl,0.018,0,LSTM-rec,3,7,1196,1.6929865349539335,1.731704834477589,0.9776415132921104,4.483009751731575
trawl,0.018,0,LSTM-rec,3,8,1146,1.6969370334364278,1.726149048220611,0.9830767714906796,5.565045516605833
trawl,0.018,0,LSTM-rec,3,9,1096,1.7025674806463351,1.7239958374269044,0.9875705287011879,6.756806397030969
trawl,0.018,0,LSTM-rec,3,10,1046,1.7127066769970614,1.7189436246640675,0.996371639198915,8.040847417104056
trawl,0.018,0,LSTM-rec,3,11,996,1.7260469007417996,1.7125108116292593,1.0079042357108754,9.418404080705331
trawl,0.018,0,LSTM-rec,3,12,950,1.748240284592527,1.7075210034474706,1.0238470162667659,10.915575509747754
trawl,0.018,0,LSTM-rec,3,13,906,1.7785222729746974,1.7015115584603686,1.0452601771239292,12.516337741431542
trawl,0.018,0,LSTM-rec,3,14,862,1.8136528051724508,1.6980819567919652,1.0680596410074479,14.183135465145506
trawl,0.018,0,LSTM-rec,3,15,820,1.8499444245557852,1.6918776169490661,1.0934268566610381,15.869426645616938
trawl,0.018,0,LSTM-rec,3,16,778,1.8879211777718428,1.6804574618484918,1.123456689998652,17.545446306787714
trawl,0.018,0,LSTM-rec,3,17,739,1.924590581657383,1.6699096763064791,1.152511784897378,19.152922349296386
trawl,0.018,0,LSTM-rec,3,18,702,1.9676094421778196,1.6509340261205654,1.1918159121121221,20.88984437353074
trawl,0.018,0,LSTM-rec,3,19,668,2.023427145962406,1.6369813274662908,1.2360722214799198,22.803149986675177
trawl,0.018,0,LSTM-rec,3,20,637,2.086052470363269,1.6276453528142296,1.2816382062323617,24.820585540895728
trawl,0.018,0,LSTM-rec,4,1,1496,1.6838248983461537,1.7455807925734206,0.9646215778209708,0.3375914108463012
trawl,0.018,0,LSTM-rec,4,2,1446,1.6411873806735138,1.7458064623506628,0.9400740666658529,0.7723515406095252
trawl,0.018,0,LSTM-rec,4,3,1396,1.598921669804491,1.7437054812471564,0.9169677373846923,1.3452387528310856
trawl,0.018,0,LSTM-rec,4,4,1346,1.553287976801109,1.7420660985343315,0.8916355000008043,2.0562627071561237
trawl,0.018,0,LSTM-rec,4,5,1296,1.5135173523412224,1.7396389458812151,0.870018089629828,2.924276015115052
trawl,0.018,0,LSTM-rec,4,6,1246,1.4822937605918,1.73617987809757,0.8537673885588588,3.923006124832438
trawl,0.018,0,LSTM-rec,4,7,1196,1.4558201992162525,1.731704834477589,0.8406861089900671,5.019166460478325
trawl,0.018,0,LSTM-rec,4,8,1146,1.4350840068868331,1.726149048220611,0.8313789636915652,6.2018909403642075
trawl,0.018,0,LSTM-rec,4,9,1096,1.4178053182942476,1.7239958374269044,0.8223948617012603,7.481239574632167
trawl,0.018,0,LSTM-rec,4,10,1046,1.4046427032762894,1.7189436246640675,0.8171546077032039,8.82895740466693
trawl,0.018,0,LSTM-rec,4,11,996,1.394506350092216,1.7125108116292593,0.8143051364245121,10.236771887872552
trawl,0.018,0,LSTM-rec,4,12,950,1.3920886488201138,1.7075210034474706,0.8152688289101561,11.712436554015563
trawl,0.018,0,LSTM-rec,4,13,906,1.3946302922457015,1.7015115584603686,0.8196419738151224,13.257282669407736
trawl,0.018,0,LSTM-rec,4,14,862,1.3987241411912643,1.6980819567919652,0.8237082642546589,14.840297574658068
trawl,0.018,0,LSTM-rec,4,15,820,1.4030138591484136,1.6918776169490661,0.8292643895120761,16.444595235849214
trawl,0.018,0,LSTM-rec,4,16,778,1.408003274517285,1.6804574618484918,0.8378690365470429,18.033053426153785
trawl,0.018,0,LSTM-rec,4,17,739,1.416556091516751,1.6699096763064791,0.8482830608239257,19.572377105167934
trawl,0.018,0,LSTM-rec,4,18,702,1.4255711594132756,1.6509340261205654,0.863493717409861,21.18945857327999
trawl,0.018,0,LSTM-rec,4,19,668,1.4385716370149784,1.6369813274662908,0.8787953856758954,22.926796375439054
trawl,0.018,0,LSTM-rec,4,20,637,1.4520692985487396,1.6276453528142296,0.892128801915039,24.740126098155056
trawl,0.018,0,LSTM-ms,0,1,1496,1.648574621992723,1.7455807925734206,0.9444275676076349,0.36119903884262045
trawl,0.018,0,LSTM-ms,0,2,1446,1.5887514999667895,1.7458064623506628,0.9100387323733441,0.8002629342809099
trawl,0.018,0,LSTM-ms,0,3,1396,1.5438245406625113,1.7437054812471564,0.8853700107419037,1.3275438984703998
trawl,0.018,0,LSTM-ms,0,4,1346,1.3971187362167392,1.7420660985343315,0.8019895096932258,1.9973587769843355
trawl,0.018,0,LSTM-ms,0,5,1296,1.3531505399498092,1.7396389458812151,0.777834126531566,2.7752923163248546
trawl,0.018,0,LSTM-ms,0,6,1246,1.223311572658889,1.73617987809757,0.704599556815127,3.6896887338179205
trawl,0.018,0,LSTM-ms,0,7,1196,1.1108799470654227,1.731704834477589,0.6414949735937804,4.693266800185155
trawl,0.018,0,LSTM-ms,0,8,1146,1.0325906230196025,1.726149048220611,0.5982047865936267,5.770731671140808
trawl,0.018,0,LSTM-ms,0,9,1096,0.9674813135067405,1.7239958374269044,0.5611854115325036,6.936093215887613
trawl,0.018,0,LSTM-ms,0,10,1046,0.8146372724993696,1.7189436246640675,0.4739173878716202,8.205946989892954
trawl,0.018,0,LSTM-ms,0,11,996,0.787138083069491,1.7125108116292593,0.45963977437352266,9.524319906397746
trawl,0.018,0,LSTM-ms,0,12,950,0.701840048307068,1.7075210034474706,0.4110286473138889,10.89690209377871
trawl,0.018,0,LSTM-ms,0,13,906,0.6678711527935631,1.7015115584603686,0.3925163772604011,12.278989977706184
trawl,0.018,0,LSTM-ms,0,14,862,0.6859933277447715,1.6980819567919652,0.40398128311825277,13.683692570044606
trawl,0.018,0,LSTM-ms,0,15,820,0.6747625886614403,1.6918776169490661,0.3988247033365381,15.073908552194078
trawl,0.018,0,LSTM-ms,0,16,778,0.6727211036239985,1.6804574618484918,0.40032022166393305,16.42292903121023
trawl,0.018,0,LSTM-ms,0,17,739,0.6671066493108153,1.6699096763064791,0.39948666612096506,17.730504017187204
trawl,0.018,0,LSTM-ms,0,18,702,0.6988561572814237,1.6509340261205654,0.42330956066344183,18.950270476044462
trawl,0.018,0,LSTM-ms,0,19,668,0.6721072404166943,1.6369813274662908,0.41057721865219904,20.185512557402976
trawl,0.018,0,LSTM-ms,0,20,637,0.6646411244529684,1.6276453528142296,0.4083451737835833,21.362669914157312
trawl,0.018,0,LSTM-ms,1,1,1496,1.6125992741996225,1.7455807925734206,0.923818181925713,0.37763455658238326
trawl,0.018,0,LSTM-ms,1,2,1446,1.6033559838004692,1.7458064623506628,0.9184041979324619,0.817883753718587
trawl,0.018,0,LSTM-ms,1,3,1396,1.5503664340749388,1.7437054812471564,0.8891217299873743,1.3544410875453743
trawl,0.018,0,LSTM-ms,1,4,1346,1.4367300843480537,1.7420660985343315,0.8247276527319091,2.0240893306526475
trawl,0.018,0,LSTM-ms,1,5,1296,1.3911490034059943,1.7396389458812151,0.7996768563383173,2.810966694166305
trawl,0.018,0,LSTM-ms,1,6,1246,1.256732686513629,1.73617987809757,0.723849355915069,3.738935011655094
trawl,0.018,0,LSTM-ms,1,7,1196,1.1712754125315714,1.731704834477589,0.6763712782986572,4.754410623244793
trawl,0.018,0,LSTM-ms,1,8,1146,1.060120947365013,1.726149048220611,0.6141537710534507,5.849941289945955
trawl,0.018,0,LSTM-ms,1,9,1096,0.9826207936824671,1.7239958374269044,0.5699670337656074,7.0353989451847285
trawl,0.018,0,LSTM-ms,1,10,1046,0.87581112039342,1.7189436246640675,0.5095054356797649,8.304528646454155
trawl,0.018,0,LSTM-ms,1,11,996,0.7933807843384305,1.7125108116292593,0.46328512436287567,9.618777753682245
trawl,0.018,0,LSTM-ms,1,12,950,0.7279784285885276,1.7075210034474706,0.4263364416125747,10.978769545765559
trawl,0.018,0,LSTM-ms,1,13,906,0.6837015652552171,1.7015115584603686,0.4018201121559656,12.347705131248556
trawl,0.018,0,LSTM-ms,1,14,862,0.6391015758014165,1.6980819567919652,0.3763667432217548,13.77036177623289
trawl,0.018,0,LSTM-ms,1,15,820,0.6391112660825916,1.6918776169490661,0.3777526575681579,15.168642588041568
trawl,0.018,0,LSTM-ms,1,16,778,0.6195555796712157,1.6804574618484918,0.3686826913129409,16.510709492101046
trawl,0.018,0,LSTM-ms,1,17,739,0.6212912193197199,1.6699096763064791,0.3720507930068992,17.751669128152955
trawl,0.018,0,LSTM-ms,1,18,702,0.5773014190130867,1.6509340261205654,0.3496817013152573,18.950060735211174
trawl,0.018,0,LSTM-ms,1,19,668,0.5734948326079904,1.6369813274662908,0.3503368199658343,20.147963167104923
trawl,0.018,0,LSTM-ms,1,20,637,0.5654643261996163,1.6276453528142296,0.34741249082419445,21.28412811936903
trawl,0.018,0,LSTM-ms,2,1,1496,1.7684331598275342,1.7455807925734206,1.0130915551725472,0.3787696237705125
trawl,0.018,0,LSTM-ms,2,2,1446,1.6733257855770092,1.7458064623506628,0.9584829828868539,0.7759895006270828
trawl,0.018,0,LSTM-ms,2,3,1396,1.6507794701360425,1.7437054812471564,0.9467077369942944,1.2512559344116974
trawl,0.018,0,LSTM-ms,2,4,1346,1.5374179979193296,1.7420660985343315,0.882525639648702,1.8352123672947698
trawl,0.018,0,LSTM-ms,2,5,1296,1.4691599123963839,1.7396389458812151,0.8445200171419364,2.530243835692942
trawl,0.018,0,LSTM-ms,2,6,1246,1.3801358678873537,1.73617987809757,0.7949267730251811,3.3486439078062706
trawl,0.018,0,LSTM-ms,2,7,1196,1.3210178982860319,1.731704834477589,0.7628424151651394,4.254425431819894
trawl,0.018,0,LSTM-ms,2,8,1146,1.1677331469352483,1.726149048220611,0.6764961276889723,5.242794829898522
trawl,0.018,0,LSTM-ms,2,9,1096,1.0941842410916558,1.7239958374269044,0.634679166467563,6.334919330109195
trawl,0.018,0,LSTM-ms,2,10,1046,1.0172046154798469,1.7189436246640675,0.5917614754111781,7.500912768855246
trawl,0.018,0,LSTM-ms,2,11,996,0.9320928415226982,1.7125108116292593,0.5442843544070346,8.718370784766176
trawl,0.018,0,LSTM-ms,2,12,950,0.8640779136312355,1.7075210034474706,0.5060423338200054,9.990384377683776
trawl,0.018,0,LSTM-ms,2,13,906,0.8083041125937028,1.7015115584603686,0.4750506151865966,11.297802643221187
trawl,0.018,0,LSTM-ms,2,14,862,0.7841873018289705,1.6980819567919652,0.4618076876044697,12.653153743520962
trawl,0.018,0,LSTM-ms,2,15,820,0.7494342566627075,1.6918776169490661,0.44296008715698326,14.000058655425887
trawl,0.018,0,LSTM-ms,2,16,778,0.7575136502869173,1.6804574618484918,0.4507782359772781,15.252470153935514
trawl,0.018,0,LSTM-ms,2,17,739,0.7085285590647178,1.6699096763064791,0.42429154649360884,16.433581031154937
trawl,0.018,0,LSTM-ms,2,18,702,0.7254673312559893,1.6509340261205654,0.439428420383777,17.544566562767407
trawl,0.018,0,LSTM-ms,2,19,668,0.7107119772785745,1.6369813274662908,0.4341601002734771,18.62644785992469
trawl,0.018,0,LSTM-ms,2,20,637,0.7088701918633747,1.6276453528142296,0.43551882517756385,19.65988330360821
trawl,0.018,0,LSTM-ms,3,1,1496,1.672019385800036,1.7455807925734206,0.9578584920925163,0.33266011618111674
trawl,0.018,0,LSTM-ms,3,2,1446,1.674665781263012,1.7458064623506628,0.9592505339956969,0.7144482237243
trawl,0.018,0,LSTM-ms,3,3,1396,1.6468310835974558,1.7437054812471564,0.9444433714916048,1.1920570234598906
trawl,0.018,0,LSTM-ms,3,4,1346,1.5728791699493998,1.7420660985343315,0.9028814528178493,1.7761614139871273
trawl,0.018,0,LSTM-ms,3,5,1296,1.5188297959939985,1.7396389458812151,0.873071851828791,2.4725048650326316
trawl,0.018,0,LSTM-ms,3,6,1246,1.4502501833437151,1.73617987809757,0.8353110191167726,3.265545530282219
trawl,0.018,0,LSTM-ms,3,7,1196,1.3588364625705438,1.731704834477589,0.7846813357083859,4.1437977763704446
trawl,0.018,0,LSTM-ms,3,8,1146,1.306121979355034,1.726149048220611,0.7566681340185779,5.071562694577346
trawl,0.018,0,LSTM-ms,3,9,1096,1.1985369842260525,1.7239958374269044,0.6952087459879781,6.093965188082699
trawl,0.018,0,LSTM-ms,3,10,1046,1.0994426560363053,1.7189436246640675,0.6396036730123531,7.186676470264841
trawl,0.018,0,LSTM-ms,3,11,996,1.0559627091038513,1.7125108116292593,0.616616667137548,8.334378234958878
trawl,0.018,0,LSTM-ms,3,12,950,1.0078223944379168,1.7075210034474706,0.590225474476233,9.494857264187143
trawl,0.018,0,LSTM-ms,3,13,906,0.9119829210387149,1.7015115584603686,0.5359839705490644,10.693287369379394
trawl,0.018,0,LSTM-ms,3,14,862,0.865996975627688,1.6980819567919652,0.5099853821329913,11.946504344688318
trawl,0.018,0,LSTM-ms,3,15,820,0.7610532897759944,1.6918776169490661,0.449827624735877,13.220002609679137
trawl,0.018,0,LSTM-ms,3,16,778,0.7451307539306082,1.6804574618484918,0.44340947084192744,14.431814769946218
trawl,0.018,0,LSTM-ms,3,17,739,0.7188300106550933,1.6699096763064791,0.4304604140297024,15.54327614036757
trawl,0.018,0,LSTM-ms,3,18,702,0.6604666618413357,1.6509340261205654,0.4000563628780056,16.618320794712172
trawl,0.018,0,LSTM-ms,3,19,668,0.6187415838826714,1.6369813274662908,0.3779771787869784,17.675524153016724
trawl,0.018,0,LSTM-ms,3,20,637,0.6224029084756117,1.6276453528142296,0.38239467055858656,18.71096850981005
trawl,0.018,0,LSTM-ms,4,1,1496,1.585092162283308,1.7455807925734206,0.9080600388289606,0.4325744457895376
trawl,0.018,0,LSTM-ms,4,2,1446,1.5360131618267692,1.7458064623506628,0.8798301501064357,0.939709797004258
trawl,0.018,0,LSTM-ms,4,3,1396,1.462968570907939,1.7437054812471564,0.838999811976031,1.5716952629195637
trawl,0.018,0,LSTM-ms,4,4,1346,1.3853431129487457,1.7420660985343315,0.7952299365186483,2.3054578600298425
trawl,0.018,0,LSTM-ms,4,5,1296,1.3297759935324507,1.7396389458812151,0.7643976910731047,3.1481161638262773
trawl,0.018,0,LSTM-ms,4,6,1246,1.2338594862081855,1.73617987809757,0.7106749143759199,4.108679273799882
trawl,0.018,0,LSTM-ms,4,7,1196,1.1393891058952013,1.731704834477589,0.657958032575988,5.137878093835644
trawl,0.018,0,LSTM-ms,4,8,1146,1.0713473982508772,1.726149048220611,0.6206575262751896,6.2387777915234945
trawl,0.018,0,LSTM-ms,4,9,1096,0.9504424167843458,1.7239958374269044,0.551302036902188,7.444128278664452
trawl,0.018,0,LSTM-ms,4,10,1046,0.876136711857413,1.7189436246640675,0.5096948493750841,8.722140530503012
trawl,0.018,0,LSTM-ms,4,11,996,0.808278107916544,1.7125108116292593,0.47198423649516075,10.036943049741645
trawl,0.018,0,LSTM-ms,4,12,950,0.7344352492342588,1.7075210034474706,0.4301178420361684,11.391715933024315
trawl,0.018,0,LSTM-ms,4,13,906,0.6985063933903574,1.7015115584603686,0.4105210980890477,12.772520806196235
trawl,0.018,0,LSTM-ms,4,14,862,0.682309301766543,1.6980819567919652,0.4018117612271019,14.190583248517653
trawl,0.018,0,LSTM-ms,4,15,820,0.6624696631029194,1.6918776169490661,0.391558855360673,15.597013149215028
trawl,0.018,0,LSTM-ms,4,16,778,0.6126749878561725,1.6804574618484918,0.364588215867264,16.947735073423427
trawl,0.018,0,LSTM-ms,4,17,739,0.6222856655368703,1.6699096763064791,0.37264630199236115,18.24362230769936
trawl,0.018,0,LSTM-ms,4,18,702,0.5920539769547799,1.6509340261205654,0.3586175871279444,19.47089995815605
trawl,0.018,0,LSTM-ms,4,19,668,0.5759553844318521,1.6369813274662908,0.3518399231366385,20.618316149084336
trawl,0.018,0,LSTM-ms,4,20,637,0.5767605549571997,1.6276453528142296,0.3543527181520039,21.770790943076303
trawl,0.018,1,ConstVel,0,1,1351,1.708573390859136,1.7034771396385924,1.0029916757330979,0.3039539173737175
trawl,0.018,1,ConstVel,0,2,1301,1.7095773284344034,1.7077586612742608,1.0010649438948156,0.6548160435011597
trawl,0.018,1,ConstVel,0,3,1251,1.7012575652865707,1.7134978152860199,0.9928565709916555,1.0931051669836738
trawl,0.018,1,ConstVel,0,4,1201,1.690225457839533,1.7195929437942903,0.982921838531183,1.6222571669131174
trawl,0.018,1,ConstVel,0,5,1151,1.6770634724259867,1.7291271876904222,0.969890176017661,2.239314989487725
trawl,0.018,1,ConstVel,0,6,1101,1.6608797959643395,1.7353921434459783,0.9570631065934878,2.9315195781001115
trawl,0.018,1,ConstVel,0,7,1051,1.6438570967496011,1.7381633170284183,0.9457437518356767,3.690965473891801
trawl,0.018,1,ConstVel,0,8,1001,1.6285536266740734,1.7409861947668601,0.9354201840136689,4.493907725918557
trawl,0.018,1,ConstVel,0,9,951,1.610933505664893,1.7419995601109886,0.9247611437756362,5.371178313117617
trawl,0.018,1,ConstVel,0,10,901,1.5940551535223757,1.7472108487368647,0.912342751691811,6.288809149827469
trawl,0.018,1,ConstVel,0,11,851,1.5748764976119274,1.7533721160597704,0.8981986671209511,7.238858914030308
trawl,0.018,1,ConstVel,0,12,805,1.5606388936859108,1.7531178975570458,0.8902076100304761,8.21496281280495
trawl,0.018,1,ConstVel,0,13,761,1.5428972668287808,1.756168762515196,0.8785586555013275,9.249929425205261
trawl,0.018,1,ConstVel,0,14,717,1.5241023279808412,1.760047935985712,0.865943646658277,10.295503475006798
trawl,0.018,1,ConstVel,0,15,674,1.504181865115693,1.7618716686846507,0.8537408778691926,11.378596038046322
trawl,0.018,1,ConstVel,0,16,636,1.490158817322815,1.756367020520652,0.8484324744842208,12.448925545287924
trawl,0.018,1,ConstVel,0,17,601,1.4749064288632736,1.759718884097593,0.8381488896845163,13.521084664059128
trawl,0.018,1,ConstVel,0,18,568,1.4642795302014096,1.75585125796925,0.8339428089683057,14.57166518855601
trawl,0.018,1,ConstVel,0,19,536,1.4584845595175935,1.7574505247753465,0.8298865538214969,15.633298757082393
trawl,0.018,1,ConstVel,0,20,505,1.4575460190079856,1.7561799234264261,0.8299525575740636,16.783093348810205
trawl,0.018,1,Kalman,0,1,1351,1.7034547968152494,1.7034771396385924,0.999986883989915,0.325911672231883
trawl,0.018,1,Kalman,0,2,1301,1.7012762740210343,1.7077586612742608,0.9962041549545475,0.6890078463751509
trawl,0.018,1,Kalman,0,3,1251,1.692474357495581,1.7134978152860199,0.9877306772130727,1.1325963921750528
trawl,0.018,1,Kalman,0,4,1201,1.6810923102428268,1.7195929437942903,0.9776106120402474,1.6618934208406977
trawl,0.018,1,Kalman,0,5,1151,1.6669891600885633,1.7291271876904222,0.9640639346577761,2.2608017491084924
trawl,0.018,1,Kalman,0,6,1101,1.6510693544552935,1.7353921434459783,0.9514099511691666,2.9279650437486713
trawl,0.018,1,Kalman,0,7,1051,1.6349185031470996,1.7381633170284183,0.9406012007790919,3.659716797001546
trawl,0.018,1,Kalman,0,8,1001,1.6194577562338903,1.7409861947668601,0.9301956334299113,4.448200182460983
trawl,0.018,1,Kalman,0,9,951,1.6026828622462843,1.7419995601109886,0.9200248375172794,5.2953758840901965
trawl,0.018,1,Kalman,0,10,901,1.5857839014238178,1.7472108487368647,0.9076087769087803,6.168736252801685
trawl,0.018,1,Kalman,0,11,851,1.5677069448196634,1.7533721160597704,0.8941096590167413,7.073680853579438
trawl,0.018,1,Kalman,0,12,805,1.552479877335883,1.7531178975570458,0.8855536068049102,8.00991187310486
trawl,0.018,1,Kalman,0,13,761,1.53512959312898,1.756168762515196,0.8741355762018893,9.003513093332137
trawl,0.018,1,Kalman,0,14,717,1.5167315003674267,1.760047935985712,0.861755790485322,10.00620881748239
trawl,0.018,1,Kalman,0,15,674,1.4983278901712147,1.7618716686846507,0.8504182891423708,11.024608815910808
trawl,0.018,1,Kalman,0,16,636,1.4842069748961613,1.756367020520652,0.8450437508535018,12.057753475594133
trawl,0.018,1,Kalman,0,17,601,1.4711441341119103,1.759718884097593,0.8360108807187873,13.058078420943826
trawl,0.018,1,Kalman,0,18,568,1.4625336852158954,1.75585125796925,0.8329485077838573,14.04207616021839
trawl,0.018,1,Kalman,0,19,536,1.4578243910068247,1.7574505247753465,0.8295109139377778,15.044736900629294
trawl,0.018,1,Kalman,0,20,505,1.455720490243838,1.7561799234264261,0.8289130691140283,16.108771162634934
trawl,0.018,1,LSTM-rec,0,1,1351,1.6212047932211393,1.7034771396385924,0.9517032870573726,0.33048559101153047
trawl,0.018,1,LSTM-rec,0,2,1301,1.5597706553323334,1.7077586612742608,0.9133437239712169,0.7431604527865012
trawl,0.018,1,LSTM-rec,0,3,1251,1.4832643566162647,1.7134978152860199,0.8656353940951338,1.2981412654867424
trawl,0.018,1,LSTM-rec,0,4,1201,1.40510627940765,1.7195929437942903,0.8171156345334124,2.0007578515252717
trawl,0.018,1,LSTM-rec,0,5,1151,1.3297399235000484,1.7291271876904222,0.7690237785666703,2.8621666830645305
trawl,0.018,1,LSTM-rec,0,6,1101,1.2602534957492701,1.7353921434459783,0.7262067541960732,3.859326619488107
trawl,0.018,1,LSTM-rec,0,7,1051,1.1969130819385387,1.7381633170284183,0.6886079519758785,4.956102312282522
trawl,0.018,1,LSTM-rec,0,8,1001,1.1412398388114098,1.7409861947668601,0.6555134338467492,6.137551136162943
trawl,0.018,1,LSTM-rec,0,9,951,1.091376657994056,1.7419995601109886,0.6265079986154077,7.426360980841532
trawl,0.018,1,LSTM-rec,0,10,901,1.0501021342103898,1.7472108487368647,0.6010162625590121,8.818009170033031
trawl,0.018,1,LSTM-rec,0,11,851,1.0139849096050044,1.7533721160597704,0.5783055977208428,10.29178567356888
trawl,0.018,1,LSTM-rec,0,12,805,0.9880092062952918,1.7531178975570458,0.5635725969554437,11.82404946121551
trawl,0.018,1,LSTM-rec,0,13,761,0.966925685567663,1.756168762515196,0.5505881360643415,13.44543182488238
trawl,0.018,1,LSTM-rec,0,14,717,0.9518642852981155,1.760047935985712,0.5408172503921181,15.086753667141426
trawl,0.018,1,LSTM-rec,0,15,674,0.9431745861855516,1.7618716686846507,0.5353253604955754,16.769191811480372
trawl,0.018,1,LSTM-rec,0,16,636,0.9402924433697017,1.756367020520652,0.5353621608602992,18.486605428869176
trawl,0.018,1,LSTM-rec,0,17,601,0.9441657980731208,1.759718884097593,0.5365435392013205,20.30122392187479
trawl,0.018,1,LSTM-rec,0,18,568,0.9512690165423019,1.75585125796925,0.5417708431877669,22.145005357579535
trawl,0.018,1,LSTM-rec,0,19,536,0.9605187905556585,1.7574505247753465,0.5465410132546638,24.023374201459514
trawl,0.018,1,LSTM-rec,0,20,505,0.9735241755931839,1.7561799234264261,0.5543419342215075,25.916026265305938
trawl,0.018,1,LSTM-rec,1,1,1351,1.636713769476387,1.7034771396385924,0.9608075925360702,0.31174973717664595
trawl,0.018,1,LSTM-rec,1,2,1301,1.5958372249870143,1.7077586612742608,0.9344629666795335,0.6754860634237033
trawl,0.018,1,LSTM-rec,1,3,1251,1.5407671985500049,1.7134978152860199,0.8991941424172855,1.1397674945226197
trawl,0.018,1,LSTM-rec,1,4,1201,1.478252791146653,1.7195929437942903,0.8596527430991202,1.708675008566228
trawl,0.018,1,LSTM-rec,1,5,1151,1.4153626696861867,1.7291271876904222,0.8185416779992178,2.377535269682026
trawl,0.018,1,LSTM-rec,1,6,1101,1.357471967595138,1.7353921434459783,0.7822277937132976,3.125535692823814
trawl,0.018,1,LSTM-rec,1,7,1051,1.302478752861434,1.7381633170284183,0.7493419865103154,3.931636235676529
trawl,0.018,1,LSTM-rec,1,8,1001,1.2535684661595923,1.7409861947668601,0.720033547610905,4.773667539585319
trawl,0.018,1,LSTM-rec,1,9,951,1.209540891319465,1.7419995601109886,0.6943405262641978,5.672758740190592
trawl,0.018,1,LSTM-rec,1,10,901,1.1712213049020994,1.7472108487368647,0.6703377017998867,6.592760030601607
trawl,0.018,1,LSTM-rec,1,11,851,1.1367874963730862,1.7533721160597704,0.6483435466783335,7.533530534604083
trawl,0.018,1,LSTM-rec,1,12,805,1.108714473768279,1.7531178975570458,0.6324243653625707,8.473434370140872
trawl,0.018,1,LSTM-rec,1,13,761,1.08408806826294,1.756168762515196,0.6173028990165513,9.466221231804461
trawl,0.018,1,LSTM-rec,1,14,717,1.0641461750591903,1.760047935985712,0.6046120411278554,10.448310142357418
trawl,0.018,1,LSTM-rec,1,15,674,1.0474887309339616,1.7618716686846507,0.5945317979464296,11.39305772342095
trawl,0.018,1,LSTM-rec,1,16,636,1.0353535866072088,1.756367020520652,0.5894858958922445,12.278918635780151
trawl,0.018,1,LSTM-rec,1,17,601,1.0234929889181357,1.759718884097593,0.5816230070423983,13.20950952249036
trawl,0.018,1,LSTM-rec,1,18,568,1.015047644034463,1.75585125796925,0.5780943228690271,14.138663284325842
trawl,0.018,1,LSTM-rec,1,19,536,1.0094708858104424,1.7574505247753465,0.5743950521392244,15.027087695067934
trawl,0.018,1,LSTM-rec,1,20,505,1.0066391951834355,1.7561799234264261,0.5731982137794936,15.865338574307433
trawl,0.018,1,LSTM-rec,2,1,1351,1.6312859135888746,1.7034771396385924,0.9576212533940821,0.32414612312079594
trawl,0.018,1,LSTM-rec,2,2,1301,1.5869075353249456,1.7077586612742608,0.9292340723020307,0.73096885241159
trawl,0.018,1,LSTM-rec,2,3,1251,1.5388499821947443,1.7134978152860199,0.8980752519593245,1.2638978125773512
trawl,0.018,1,LSTM-rec,2,4,1201,1.4961027043329458,1.7195929437942903,0.8700330562137502,1.9363180552427661
trawl,0.018,1,LSTM-rec,2,5,1151,1.4626169312996566,1.7291271876904222,0.8458700676919315,2.7412837078463435
trawl,0.018,1,LSTM-rec,2,6,1101,1.4404762703221858,1.7353921434459783,0.8300580798192527,3.6589607443879615
trawl,0.018,1,LSTM-rec,2,7,1051,1.4300996544877578,1.7381633170284183,0.8227648348560656,4.6609123016528775
trawl,0.018,1,LSTM-rec,2,8,1001,1.4299680642423809,1.7409861947668601,0.8213552000243584,5.723521139429144
trawl,0.018,1,LSTM-rec,2,9,951,1.4365138100844177,1.7419995601109886,0.824635001625886,6.8645525526782265
trawl,0.018,1,LSTM-rec,2,10,901,1.4481622087482873,1.7472108487368647,0.8288422715525302,8.056998286482797
trawl,0.018,1,LSTM-rec,2,11,851,1.462350681280361,1.7533721160597704,0.8340218644326333,9.298992037306686
trawl,0.018,1,LSTM-rec,2,12,805,1.4772175619918013,1.7531178975570458,0.842623056926343,10.573872159910117
trawl,0.018,1,LSTM-rec,2,13,761,1.49198622799864,1.756168762515196,0.8495688226806903,11.940950490970598
trawl,0.018,1,LSTM-rec,2,14,717,1.5080589287323656,1.760047935985712,0.8568283271715436,13.314931104879951
trawl,0.018,1,LSTM-rec,2,15,674,1.5239645142230975,1.7618716686846507,0.8649690787983634,14.60549934789317
trawl,0.018,1,LSTM-rec,2,16,636,1.542050774911769,1.756367020520652,0.8779775279853798,15.809379690894861
trawl,0.018,1,LSTM-rec,2,17,601,1.5587693534883234,1.759718884097593,0.8858058906878645,17.156140881651787
trawl,0.018,1,LSTM-rec,2,18,568,1.576724049707415,1.75585125796925,0.8979826978801116,18.50979802269452
trawl,0.018,1,LSTM-rec,2,19,536,1.5969906329371417,1.7574505247753465,0.9086973490427469,19.840179093859255
trawl,0.018,1,LSTM-rec,2,20,505,1.6178489147476298,1.7561799234264261,0.9212318699049337,21.138681828140008
trawl,0.018,1,LSTM-rec,3,1,1351,1.6820255291955506,1.7034771396385924,0.9874071627121495,0.32202001277767184
trawl,0.018,1,LSTM-rec,3,2,1301,1.67233261572418,1.7077586612742608,0.9792558244010618,0.7041558186199844
trawl,0.018,1,LSTM-rec,3,3,1251,1.659110459796798,1.7134978152860199,0.96825945443056,1.2034050546887542
trawl,0.018,1,LSTM-rec,3,4,1201,1.6442314261580893,1.7195929437942903,0.9561747924657591,1.829168059565936
trawl,0.018,1,LSTM-rec,3,5,1151,1.6296133334542646,1.7291271876904222,0.9424485052663609,2.577376502136222
trawl,0.018,1,LSTM-rec,3,6,1101,1.6171054984063309,1.7353921434459783,0.931838665118787,3.4484615594980252
trawl,0.018,1,LSTM-rec,3,7,1051,1.6066422834245766,1.7381633170284183,0.9243333279931996,4.415358806005694
trawl,0.018,1,LSTM-rec,3,8,1001,1.5999210918776208,1.7409861947668601,0.9189740255762742,5.466048399861146
trawl,0.018,1,LSTM-rec,3,9,951,1.594293148191446,1.7419995601109886,0.9152086973488491,6.624225603903789
trawl,0.018,1,LSTM-rec,3,10,901,1.595312856635028,1.7472108487368647,0.913062586457925,7.906298063367034
trawl,0.018,1,LSTM-rec,3,11,851,1.599731398188633,1.7533721160597704,0.9123741523753649,9.275879226713167
trawl,0.018,1,LSTM-rec,3,12,805,1.6132388182821622,1.7531178975570458,0.9202112536357059,10.729187829070183
trawl,0.018,1,LSTM-rec,3,13,761,1.6282235019284692,1.756168762515196,0.9271452360856921,12.264497606594345
trawl,0.018,1,LSTM-rec,3,14,717,1.6492241729056287,1.760047935985712,0.9370336677688176,13.835026072786015
trawl,0.018,1,LSTM-rec,3,15,674,1.6786950506023113,1.7618716686846507,0.9527907624824706,15.476950793333634
trawl,0.018,1,LSTM-rec,3,16,636,1.713895427192172,1.756367020520652,0.9758184975963111,17.198677914847742
trawl,0.018,1,LSTM-rec,3,17,601,1.7542493233293661,1.759718884097593,0.9968917985607504,18.99723918543198
trawl,0.018,1,LSTM-rec,3,18,568,1.7979615827015418,1.75585125796925,1.023982854208844,20.86411148621629
trawl,0.018,1,LSTM-rec,3,19,536,1.847123124023348,1.7574505247753465,1.0510242524519797,22.82585150063231
trawl,0.018,1,LSTM-rec,3,20,505,1.9026064398545555,1.7561799234264261,1.0833778558078726,24.880014154829073
trawl,0.018,1,LSTM-rec,4,1,1351,1.6347899130163428,1.7034771396385924,0.9596782222526202,0.33677775926606357
trawl,0.018,1,LSTM-rec,4,2,1301,1.5911051604904034,1.7077586612742608,0.9316920455863388,0.7621392163691116
trawl,0.018,1,LSTM-rec,4,3,1251,1.542257063103036,1.7134978152860199,0.900063629696312,1.3303577663584607
trawl,0.018,1,LSTM-rec,4,4,1201,1.4920801939411792,1.7195929437942903,0.8676938337795786,2.046930828544998
trawl,0.018,1,LSTM-rec,4,5,1151,1.4460153881240854,1.7291271876904222,0.8362689560480011,2.9176446844630766
trawl,0.018,1,LSTM-rec,4,6,1101,1.4076999874703722,1.7353921434459783,0.8111711193270094,3.9234828841286844
trawl,0.018,1,LSTM-rec,4,7,1051,1.3756085965107807,1.7381633170284183,0.7914150431287063,5.028459369129435
trawl,0.018,1,LSTM-rec,4,8,1001,1.3511923505793975,1.7409861947668601,0.7761074468257567,6.215994246144847
trawl,0.018,1,LSTM-rec,4,9,951,1.3325677362489647,1.7419995601109886,0.7649644504870383,7.507618735516364
trawl,0.018,1,LSTM-rec,4,10,901,1.321931071963803,1.7472108487368647,0.7565950457092714,8.904393669956413
trawl,0.018,1,LSTM-rec,4,11,851,1.3161993864628874,1.7533721160597704,0.7506674563872325,10.386959185410102
trawl,0.018,1,LSTM-rec,4,12,805,1.319778645837425,1.7531178975570458,0.7528179637413575,11.9336286572166
trawl,0.018,1,LSTM-rec,4,13,761,1.3251853678224053,1.756168762515196,0.7545888505182533,13.566583832899623
trawl,0.018,1,LSTM-rec,4,14,717,1.3347618231051994,1.760047935985712,0.7583667443453285,15.241296021596884
trawl,0.018,1,LSTM-rec,4,15,674,1.3500378382178022,1.7618716686846507,0.7662520841973078,16.989502271535553
trawl,0.018,1,LSTM-rec,4,16,636,1.3673528325297115,1.756367020520652,0.7785120174508728,18.810441246350443
trawl,0.018,1,LSTM-rec,4,17,601,1.3850582743200581,1.759718884097593,0.7870906466008258,20.658136570973593
trawl,0.018,1,LSTM-rec,4,18,568,1.3997264174292523,1.75585125796925,0.797178241081834,22.518773912250452
trawl,0.018,1,LSTM-rec,4,19,536,1.4145292126837408,1.7574505247753465,0.804875695072303,24.421011659167466
trawl,0.018,1,LSTM-rec,4,20,505,1.431333032654527,1.7561799234264261,0.8150264181712653,26.359081288605022
trawl,0.018,1,LSTM-ms,0,1,1351,1.614292261500265,1.7034771396385924,0.9476453918499612,0.3613662920051404
trawl,0.018,1,LSTM-ms,0,2,1301,1.5629340416752007,1.7077586612742608,0.9151960854404346,0.7816169876468263
trawl,0.018,1,LSTM-ms,0,3,1251,1.52300746167352,1.7134978152860199,0.8888295322508463,1.2854837838329451
trawl,0.018,1,LSTM-ms,0,4,1201,1.3833564780021421,1.7195929437942903,0.8044674078213878,1.9388973819685915
trawl,0.018,1,LSTM-ms,0,5,1151,1.3422533063936255,1.7291271876904222,0.7762605989594437,2.682927545352722
trawl,0.018,1,LSTM-ms,0,6,1101,1.2186905153488898,1.7353921434459783,0.7022565591019266,3.5432343326432965
trawl,0.018,1,LSTM-ms,0,7,1051,1.1034114983200356,1.7381633170284183,0.6348146273196233,4.500830343684327
trawl,0.018,1,LSTM-ms,0,8,1001,1.0220947206657998,1.7409861947668601,0.5870780157465126,5.527217672741375
trawl,0.018,1,LSTM-ms,0,9,951,0.9589242335953615,1.7419995601109886,0.550473292619124,6.634189393811051
trawl,0.018,1,LSTM-ms,0,10,901,0.800308523126887,1.7472108487368647,0.45804919521044934,7.841124827548125
trawl,0.018,1,LSTM-ms,0,11,851,0.7570383664973092,1.7533721160597704,0.43176138114854257,9.088016834622678
trawl,0.018,1,LSTM-ms,0,12,805,0.6504366886577504,1.7531178975570458,0.37101708308615644,10.417252747862754
trawl,0.018,1,LSTM-ms,0,13,761,0.6113648266593789,1.756168762515196,0.3481241892628692,11.814554478769864
trawl,0.018,1,LSTM-ms,0,14,717,0.6163265618137209,1.760047935985712,0.35017600896679457,13.236916054375817
trawl,0.018,1,LSTM-ms,0,15,674,0.5926599184636155,1.7618716686846507,0.33638086643738013,14.663422580499384
trawl,0.018,1,LSTM-ms,0,16,636,0.5818739396903958,1.756367020520652,0.331294047822594,16.104934718429966
trawl,0.018,1,LSTM-ms,0,17,601,0.5785461015499924,1.759718884097593,0.32877188895240983,17.628142786366656
trawl,0.018,1,LSTM-ms,0,18,568,0.6151855990130066,1.75585125796925,0.35036316215332874,19.112282076933568
trawl,0.018,1,LSTM-ms,0,19,536,0.5925392148867719,1.7574505247753465,0.3371584044805561,20.53895317116295
trawl,0.018,1,LSTM-ms,0,20,505,0.5946804344327289,1.7561799234264261,0.3386215879705919,21.85534345834992
trawl,0.018,1,LSTM-ms,1,1,1351,1.5778324380240065,1.7034771396385924,0.9262422144148982,0.37068163621243566
trawl,0.018,1,LSTM-ms,1,2,1301,1.579015818100992,1.7077586612742608,0.9246129760061026,0.793376192054962
trawl,0.018,1,LSTM-ms,1,3,1251,1.5327003742680017,1.7134978152860199,0.8944863311729176,1.3118784385237934
trawl,0.018,1,LSTM-ms,1,4,1201,1.4159277883958938,1.7195929437942903,0.8234086988468574,1.967462770670317
trawl,0.018,1,LSTM-ms,1,5,1151,1.3773169866171315,1.7291271876904222,0.796538852909253,2.7259933799894607
trawl,0.018,1,LSTM-ms,1,6,1101,1.2443072770248633,1.7353921434459783,0.7170179268842575,3.6050948512758745
trawl,0.018,1,LSTM-ms,1,7,1051,1.1542996137468617,1.7381633170284183,0.6640915743868442,4.561888591231501
trawl,0.018,1,LSTM-ms,1,8,1001,1.0479328587836247,1.7409861947668601,0.6019191087979627,5.608307390766117
trawl,0.018,1,LSTM-ms,1,9,951,0.9690328020484663,1.7419995601109886,0.5562761462389382,6.753650680872946
trawl,0.018,1,LSTM-ms,1,10,901,0.8595855493417482,1.7472108487368647,0.49197585395213195,7.966205293323841
trawl,0.018,1,LSTM-ms,1,11,851,0.7703976927719691,1.7533721160597704,0.4393806002249138,9.202857564991888
trawl,0.018,1,LSTM-ms,1,12,805,0.6928127831013426,1.7531178975570458,0.39518892828986063,10.50510177333281
trawl,0.018,1,LSTM-ms,1,13,761,0.637089651343163,1.756168762515196,0.36277245384476553,11.874465087648753
trawl,0.018,1,LSTM-ms,1,14,717,0.5787882039215267,1.760047935985712,0.3288479774258974,13.274487292354497
trawl,0.018,1,LSTM-ms,1,15,674,0.5657069888847981,1.7618716686846507,0.321082970422661,14.67333463353195
trawl,0.018,1,LSTM-ms,1,16,636,0.5366689553784172,1.756367020520652,0.3055562699072593,16.077240138274096
trawl,0.018,1,LSTM-ms,1,17,601,0.5339938305123684,1.759718884097593,0.30345405470045145,17.50219541222691
trawl,0.018,1,LSTM-ms,1,18,568,0.49670781924313234,1.75585125796925,0.2828871847707678,18.925535412743248
trawl,0.018,1,LSTM-ms,1,19,536,0.4982528358099215,1.7574505247753465,0.2835088833431671,20.275714258892215
trawl,0.018,1,LSTM-ms,1,20,505,0.4958486538400639,1.7561799234264261,0.28234501899590647,21.53401648609035
trawl,0.018,1,LSTM-ms,2,1,1351,1.72926967569849,1.7034771396385924,1.0151411107667518,0.3773339425609719
trawl,0.018,1,LSTM-ms,2,2,1301,1.6430242995529103,1.7077586612742608,0.96209396374951,0.7594140303076907
trawl,0.018,1,LSTM-ms,2,3,1251,1.6227113534214714,1.7134978152860199,0.94701687912605,1.208675783345306
trawl,0.018,1,LSTM-ms,2,4,1201,1.5138357488242937,1.7195929437942903,0.8803454063285511,1.7763713576312263
trawl,0.018,1,LSTM-ms,2,5,1151,1.4462974441287693,1.7291271876904222,0.8364320764978395,2.4356349278656313
trawl,0.018,1,LSTM-ms,2,6,1101,1.3623123458998168,1.7353921434459783,0.7850170067006672,3.2090744575878443
trawl,0.018,1,LSTM-ms,2,7,1051,1.307027042391536,1.7381633170284183,0.7519587081299373,4.05471563363739
trawl,0.018,1,LSTM-ms,2,8,1001,1.1538294581083628,1.7409861947668601,0.6627447486812927,4.981597759539997
trawl,0.018,1,LSTM-ms,2,9,951,1.0785368700258668,1.7419995601109886,0.6191372803545081,6.017614128253536
trawl,0.018,1,LSTM-ms,2,10,901,0.999382459142135,1.7472108487368647,0.5719873247494041,7.102089130305265
trawl,0.018,1,LSTM-ms,2,11,851,0.9085747013304261,1.7533721160597704,0.5181870368579843,8.232813983912965
trawl,0.018,1,LSTM-ms,2,12,805,0.8298965329510993,1.7531178975570458,0.4733831843868303,9.419075480685368
trawl,0.018,1,LSTM-ms,2,13,761,0.7636521366935608,1.756168762515196,0.4348398360074765,10.69232203638121
trawl,0.018,1,LSTM-ms,2,14,717,0.7284732314514771,1.760047935985712,0.4138939721795116,11.967664595723875
trawl,0.018,1,LSTM-ms,2,15,674,0.6753764549664357,1.7618716686846507,0.3833289716671857,13.217071591011996
trawl,0.018,1,LSTM-ms,2,16,636,0.6751945660127033,1.756367020520652,0.3844268072242388,14.478640660381362
trawl,0.018,1,LSTM-ms,2,17,601,0.6148565056367553,1.759718884097593,0.3494060961629458,15.816130143998098
trawl,0.018,1,LSTM-ms,2,18,568,0.6347670668450022,1.75585125796925,0.36151528437502695,17.12899302539618
trawl,0.018,1,LSTM-ms,2,19,536,0.6223261692241838,1.7574505247753465,0.3541073620287179,18.361764476176443
trawl,0.018,1,LSTM-ms,2,20,505,0.6244700945302997,1.7561799234264261,0.3555843488473073,19.5215242463279
trawl,0.018,1,LSTM-ms,3,1,1351,1.6318912035589304,1.7034771396385924,0.9579765795419776,0.3349993381708784
trawl,0.018,1,LSTM-ms,3,2,1301,1.6408435686429361,1.7077586612742608,0.9608170087795688,0.7051138449264125
trawl,0.018,1,LSTM-ms,3,3,1251,1.6198973177941844,1.7134978152860199,0.9453746035408797,1.1649127551199117
trawl,0.018,1,LSTM-ms,3,4,1201,1.5504172002612466,1.7195929437942903,0.901618726604125,1.745471013748697
trawl,0.018,1,LSTM-ms,3,5,1151,1.4943057849541554,1.7291271876904222,0.8641965701494085,2.417628431628101
trawl,0.018,1,LSTM-ms,3,6,1101,1.424488636608179,1.7353921434459783,0.8208453875903596,3.186265295161576
trawl,0.018,1,LSTM-ms,3,7,1051,1.3365738614478821,1.7381633170284183,0.7689575820371716,4.035457671736258
trawl,0.018,1,LSTM-ms,3,8,1001,1.2839721101044235,1.7409861947668601,0.7374970082840683,4.941983186296539
trawl,0.018,1,LSTM-ms,3,9,951,1.1829705128276322,1.7419995601109886,0.6790877219006078,5.937750591846702
trawl,0.018,1,LSTM-ms,3,10,901,1.084653513253577,1.7472108487368647,0.6207914253953497,6.993078464565996
trawl,0.018,1,LSTM-ms,3,11,851,1.0395592576531367,1.7533721160597704,0.5928914051566333,8.088868841943798
trawl,0.018,1,LSTM-ms,3,12,805,0.9896838690855204,1.7531178975570458,0.564527845197768,9.193280522285704
trawl,0.018,1,LSTM-ms,3,13,761,0.8867885544701601,1.756168762515196,0.5049563421228925,10.37735378998751
trawl,0.018,1,LSTM-ms,3,14,717,0.8335947653208514,1.760047935985712,0.4736204896908095,11.581290608526613
trawl,0.018,1,LSTM-ms,3,15,674,0.7224066097969122,1.7618716686846507,0.41002226361709687,12.799881406082797
trawl,0.018,1,LSTM-ms,3,16,636,0.7104468096107547,1.756367020520652,0.40449792173856236,14.005252788413614
trawl,0.018,1,LSTM-ms,3,17,601,0.6913637491185828,1.759718884097593,0.3928830652250022,15.285256487863467
trawl,0.018,1,LSTM-ms,3,18,568,0.6251344330422721,1.75585125796925,0.3560292651242444,16.59919561380945
trawl,0.018,1,LSTM-ms,3,19,536,0.5892441296752963,1.7574505247753465,0.3352834810246615,17.88082727677007
trawl,0.018,1,LSTM-ms,3,20,505,0.6007492644126828,1.7561799234264261,0.3420772874117478,19.093624753658343
trawl,0.018,1,LSTM-ms,4,1,1351,1.5549953302841393,1.7034771396385924,0.9128360422929099,0.4287500895535645
trawl,0.018,1,LSTM-ms,4,2,1301,1.515036593719459,1.7077586612742608,0.8871491201157192,0.9165787545993022
trawl,0.018,1,LSTM-ms,4,3,1251,1.4493927420886503,1.7134978152860199,0.8458678669787013,1.5222857524961824
trawl,0.018,1,LSTM-ms,4,4,1201,1.3741710458785503,1.7195929437942903,0.7991257761539979,2.230647304949074
trawl,0.018,1,LSTM-ms,4,5,1151,1.3139377774848382,1.7291271876904222,0.7598849794501535,3.0359481472925043
trawl,0.018,1,LSTM-ms,4,6,1101,1.2156511262528198,1.7353921434459783,0.700505145677849,3.949554129583677
trawl,0.018,1,LSTM-ms,4,7,1051,1.1189119041529352,1.7381633170284183,0.6437323197372721,4.927643897643219
trawl,0.018,1,LSTM-ms,4,8,1001,1.059167354895063,1.7409861947668601,0.6083720583648274,5.970228311556975
trawl,0.018,1,LSTM-ms,4,9,951,0.9302437833454862,1.7419995601109886,0.5340091953216207,7.1332744978212705
trawl,0.018,1,LSTM-ms,4,10,901,0.8509011036889865,1.7472108487368647,0.48700539165272483,8.366780485478163
trawl,0.018,1,LSTM-ms,4,11,851,0.7756006227532464,1.7533721160597704,0.4423479851477272,9.624731461178225
trawl,0.018,1,LSTM-ms,4,12,805,0.6944820822915813,1.7531178975570458,0.39614111706881544,10.935366035869153
trawl,0.018,1,LSTM-ms,4,13,761,0.6414751417373014,1.756168762515196,0.3652696457364249,12.308480304822469
trawl,0.018,1,LSTM-ms,4,14,717,0.6145654802245316,1.760047935985712,0.3491754216798335,13.706165128164871
trawl,0.018,1,LSTM-ms,4,15,674,0.588571483758126,1.7618716686846507,0.3340603599111915,15.085456096711678
trawl,0.018,1,LSTM-ms,4,16,636,0.5312151955787365,1.756367020520652,0.30245113314713956,16.461979875638576
trawl,0.018,1,LSTM-ms,4,17,601,0.5396828603406291,1.759718884097593,0.30668697438988135,17.935463663753357
trawl,0.018,1,LSTM-ms,4,18,568,0.5089070406652484,1.75585125796925,0.289834938099387,19.37795116028662
trawl,0.018,1,LSTM-ms,4,19,536,0.5007876853818312,1.7574505247753465,0.28495122811257884,20.713969575013838
trawl,0.018,1,LSTM-ms,4,20,505,0.5044492846670993,1.7561799234264261,0.28724237074916814,22.01568291442902
trawl,0.018,2,ConstVel,0,1,1584,1.7791880352088192,1.7643323580607162,1.0084199992593412,0.32270251436261993
trawl,0.018,2,ConstVel,0,2,1534,1.7874041625086683,1.7602368816946452,1.015433877733472,0.6944513632338286
trawl,0.018,2,ConstVel,0,3,1484,1.7854306279235592,1.7591999702307968,1.0149105605597077,1.1445881217543603
trawl,0.018,2,ConstVel,0,4,1434,1.7803036356686863,1.759665191829117,1.0117286197029993,1.6900094023629932
trawl,0.018,2,ConstVel,0,5,1384,1.773209730364002,1.7597022875443564,1.007675981849461,2.319256707132017
trawl,0.018,2,ConstVel,0,6,1334,1.7628018520073803,1.7633382385019745,0.9996958119078448,3.00842408115465
trawl,0.018,2,ConstVel,0,7,1284,1.7575282341961467,1.7651383166107721,0.9956886764379816,3.760908998998445
trawl,0.018,2,ConstVel,0,8,1234,1.7489149275643388,1.7677107036695616,0.9893671650761604,4.567286816965422
trawl,0.018,2,ConstVel,0,9,1184,1.7406100148059354,1.7702712668829599,0.9832447983357652,5.435573034976018
trawl,0.018,2,ConstVel,0,10,1134,1.7346071615557528,1.7755714878294353,0.9769289343997296,6.352627572098269
trawl,0.018,2,ConstVel,0,11,1084,1.7280590437928256,1.784065350262962,0.9686074804031807,7.327921145439754
trawl,0.018,2,ConstVel,0,12,1039,1.7244276608814129,1.792214254306268,0.9621771820740852,8.336775995562489
trawl,0.018,2,ConstVel,0,13,995,1.7217985008298942,1.7954047862939089,0.9590029579814402,9.38099986679439
trawl,0.018,2,ConstVel,0,14,951,1.7177392344823554,1.7996987125509742,0.9544593339445991,10.46426020607966
trawl,0.018,2,ConstVel,0,15,908,1.71502715870226,1.801078620082537,0.952222262581556,11.526407729006305
trawl,0.018,2,ConstVel,0,16,865,1.7131651985858982,1.8054333265208458,0.9488941925577764,12.58213816388393
trawl,0.018,2,ConstVel,0,17,826,1.7161461478385591,1.8081886657314377,0.9490968394851397,13.727669369415947
trawl,0.018,2,ConstVel,0,18,791,1.7174840357555763,1.8124435465280992,0.9476069139066833,14.863906645534705
trawl,0.018,2,ConstVel,0,19,761,1.719244165309569,1.8096317645684052,0.9500519381740662,15.953862910087
trawl,0.018,2,ConstVel,0,20,732,1.7223279070593898,1.8091961146636255,0.951985190051999,17.09201082322411
trawl,0.018,2,Kalman,0,1,1584,1.7791350500428547,1.7643323580607162,1.0083899679754267,0.3444033756076864
trawl,0.018,2,Kalman,0,2,1534,1.7834662421673109,1.7602368816946452,1.01319672409676,0.7280877032548363
trawl,0.018,2,Kalman,0,3,1484,1.7803422365064645,1.7591999702307968,1.0120181142754874,1.1851961602314316
trawl,0.018,2,Kalman,0,4,1434,1.7745722325781874,1.759665191829117,1.0084715210701958,1.7317108870658406
trawl,0.018,2,Kalman,0,5,1384,1.7671125114673105,1.7597022875443564,1.004211066823863,2.348924231456336
trawl,0.018,2,Kalman,0,6,1334,1.7584228022166193,1.7633382385019745,0.9972124257399811,3.0243225446519393
trawl,0.018,2,Kalman,0,7,1284,1.7522862949804014,1.7651383166107721,0.9927189719301728,3.7598925189742913
trawl,0.018,2,Kalman,0,8,1234,1.7443746238700641,1.7677107036695616,0.9867986997244207,4.550750998876245
trawl,0.018,2,Kalman,0,9,1184,1.7371610530283328,1.7702712668829599,0.9812965309475273,5.395092440986546
trawl,0.018,2,Kalman,0,10,1134,1.7313673955689377,1.7755714878294353,0.9751043015933223,6.278096871979529
trawl,0.018,2,Kalman,0,11,1084,1.7256166861784639,1.784065350262962,0.9672384960136785,7.224831888458185
trawl,0.018,2,Kalman,0,12,1039,1.7224009098193447,1.792214254306268,0.961046317805375,8.204120939666709
trawl,0.018,2,Kalman,0,13,995,1.7196081629906665,1.7954047862939089,0.9577829891722064,9.226566144980268
trawl,0.018,2,Kalman,0,14,951,1.7165086358465569,1.7996987125509742,0.9537755535833551,10.289257197912697
trawl,0.018,2,Kalman,0,15,908,1.7148384828141157,1.801078620082537,0.9521175054176872,11.308747703407589
trawl,0.018,2,Kalman,0,16,865,1.7142003745781205,1.8054333265208458,0.9494675596143252,12.357117557845738
trawl,0.018,2,Kalman,0,17,826,1.7156640560623009,1.8081886657314377,0.9488302236250833,13.467197789941702
trawl,0.018,2,Kalman,0,18,791,1.7162042344948651,1.8124435465280992,0.9469007946660798,14.541553087055698
trawl,0.018,2,Kalman,0,19,761,1.7180569454962205,1.8096317645684052,0.9493958821539445,15.599033441682598
trawl,0.018,2,Kalman,0,20,732,1.7205090230948104,1.8091961146636255,0.9509798352704818,16.713409833211674
trawl,0.018,2,LSTM-rec,0,1,1584,1.6963415841464722,1.7643323580607162,0.9614637380516124,0.3395843428276775
trawl,0.018,2,LSTM-rec,0,2,1534,1.6400329912435976,1.7602368816946452,0.9317115260445384,0.7554982055068264
trawl,0.018,2,LSTM-rec,0,3,1484,1.5674803681785903,1.7591999702307968,0.8910188692039064,1.2942496552156524
trawl,0.018,2,LSTM-rec,0,4,1434,1.4893373753218888,1.759665191829117,0.8463754254147455,1.9779089498158682
trawl,0.018,2,LSTM-rec,0,5,1384,1.4130161648969504,1.7597022875443564,0.8029859226180797,2.7980240214618
trawl,0.018,2,LSTM-rec,0,6,1334,1.3429973412957097,1.7633382385019745,0.7616220824636792,3.738129303076677
trawl,0.018,2,LSTM-rec,0,7,1284,1.2823584687989205,1.7651383166107721,0.7264917750248414,4.79053709683878
trawl,0.018,2,LSTM-rec,0,8,1234,1.2252093342588946,1.7677107036695616,0.6931051170960851,5.948342236023003
trawl,0.018,2,LSTM-rec,0,9,1184,1.172731856497313,1.7702712668829599,0.6624588437015214,7.18848455173308
trawl,0.018,2,LSTM-rec,0,10,1134,1.1273399071326018,1.7755714878294353,0.6349166535168513,8.516584124374022
trawl,0.018,2,LSTM-rec,0,11,1084,1.0859921443829494,1.784065350262962,0.6087176931175082,9.933630752658278
trawl,0.018,2,LSTM-rec,0,12,1039,1.0504909074093944,1.792214254306268,0.586141363894028,11.398914443152
trawl,0.018,2,LSTM-rec,0,13,995,1.019325746825513,1.7954047862939089,0.5677414667750856,12.93851278472991
trawl,0.018,2,LSTM-rec,0,14,951,0.9930484677057375,1.7996987125509742,0.5517859521598177,14.538726302232469
trawl,0.018,2,LSTM-rec,0,15,908,0.9719138780953357,1.801078620082537,0.5396287909135229,16.17007459165222
trawl,0.018,2,LSTM-rec,0,16,865,0.9560967372597512,1.8054333265208458,0.5295663502025822,17.817934653650475
trawl,0.018,2,LSTM-rec,0,17,826,0.9507969582791704,1.8081886657314377,0.5258284029197582,19.557788596618742
trawl,0.018,2,LSTM-rec,0,18,791,0.9506492969635876,1.8124435465280992,0.5245125006981006,21.368727615654386
trawl,0.018,2,LSTM-rec,0,19,761,0.9543731491630921,1.8096317645684052,0.5273852768553213,23.206799110700448
trawl,0.018,2,LSTM-rec,0,20,732,0.9633928359293955,1.8091961146636255,0.5324977364924942,25.08940274756977
trawl,0.018,2,LSTM-rec,1,1,1584,1.7025824462262507,1.7643323580607162,0.9650009752684361,0.321248277361616
trawl,0.018,2,LSTM-rec,1,2,1534,1.6611845137938093,1.7602368816946452,0.9437278192890297,0.6941762197747109
trawl,0.018,2,LSTM-rec,1,3,1484,1.60304274314224,1.7591999702307968,0.9112339530860327,1.1576338615913258
trawl,0.018,2,LSTM-rec,1,4,1434,1.5358669320562321,1.759665191829117,0.872817703724506,1.7280723233323416
trawl,0.018,2,LSTM-rec,1,5,1384,1.4671187253706641,1.7597022875443564,0.8337312145101606,2.3991433520002428
trawl,0.018,2,LSTM-rec,1,6,1334,1.4039974767582115,1.7633382385019745,0.7962156358334082,3.1506611965590445
trawl,0.018,2,LSTM-rec,1,7,1284,1.3472279571288808,1.7651383166107721,0.7632421462107754,3.971349773376117
trawl,0.018,2,LSTM-rec,1,8,1234,1.2930028705894516,1.7677107036695616,0.7314561528112763,4.852720971195891
trawl,0.018,2,LSTM-rec,1,9,1184,1.2451097681855963,1.7702712668829599,0.7033440532410312,5.793256601732625
trawl,0.018,2,LSTM-rec,1,10,1134,1.2041096884550087,1.7755714878294353,0.6781533138533241,6.769552669556681
trawl,0.018,2,LSTM-rec,1,11,1084,1.1682826726180011,1.784065350262962,0.6548429811978593,7.7551730702219555
trawl,0.018,2,LSTM-rec,1,12,1039,1.1386327683468918,1.792214254306268,0.6353217901325279,8.748004503678303
trawl,0.018,2,LSTM-rec,1,13,995,1.1140115892232556,1.7954047862939089,0.6204793469013796,9.752879069435336
trawl,0.018,2,LSTM-rec,1,14,951,1.0941040190258913,1.7996987125509742,0.6079373238396436,10.775849470633304
trawl,0.018,2,LSTM-rec,1,15,908,1.0779111365878031,1.801078620082537,0.598480890600104,11.771697234985787
trawl,0.018,2,LSTM-rec,1,16,865,1.064888494691403,1.8054333265208458,0.5898243258550526,12.750271935094178
trawl,0.018,2,LSTM-rec,1,17,826,1.054390099036657,1.8081886657314377,0.5831195156895541,13.752264107956954
trawl,0.018,2,LSTM-rec,1,18,791,1.0450216725612422,1.8124435465280992,0.5765816400533282,14.751038727016399
trawl,0.018,2,LSTM-rec,1,19,761,1.0385696966648583,1.8096317645684052,0.5739121720780337,15.704650772000285
trawl,0.018,2,LSTM-rec,1,20,732,1.0339612884215792,1.8091961146636255,0.5715031554850637,16.635263157711137
trawl,0.018,2,LSTM-rec,2,1,1584,1.697965080360129,1.7643323580607162,0.9623839140072591,0.33185561574604283
trawl,0.018,2,LSTM-rec,2,2,1534,1.655059675374503,1.7602368816946452,0.9402482657794988,0.7416577654357105
trawl,0.018,2,LSTM-rec,2,3,1484,1.6064578392438422,1.7591999702307968,0.9131752310302076,1.2695254780815348
trawl,0.018,2,LSTM-rec,2,4,1434,1.5620813028003646,1.759665191829117,0.8877150665102547,1.9375889949826517
trawl,0.018,2,LSTM-rec,2,5,1384,1.5265931639901062,1.7597022875443564,0.8675292262763656,2.744234519697026
trawl,0.018,2,LSTM-rec,2,6,1334,1.5035344873265208,1.7633382385019745,0.8526636889606799,3.6703623171143405
trawl,0.018,2,LSTM-rec,2,7,1284,1.4946319687383147,1.7651383166107721,0.8467506226980249,4.696230771142142
trawl,0.018,2,LSTM-rec,2,8,1234,1.4941072056838007,1.7677107036695616,0.8452215640162206,5.812374604111009
trawl,0.018,2,LSTM-rec,2,9,1184,1.5031599292647917,1.7702712668829599,0.849112764458698,7.003753631384968
trawl,0.018,2,LSTM-rec,2,10,1134,1.5180826820805697,1.7755714878294353,0.8549825746167871,8.232385045443682
trawl,0.018,2,LSTM-rec,2,11,1084,1.5364963642588807,1.784065350262962,0.8612332300677266,9.49488473059823
trawl,0.018,2,LSTM-rec,2,12,1039,1.555485812287287,1.792214254306268,0.8679128673091521,10.789703445731671
trawl,0.018,2,LSTM-rec,2,13,995,1.5738141443443159,1.7954047862939089,0.8765790067837558,12.104898548193082
trawl,0.018,2,LSTM-rec,2,14,951,1.59327531570312,1.7996987125509742,0.885301136568987,13.459996196202619
trawl,0.018,2,LSTM-rec,2,15,908,1.6140385528822867,1.801078620082537,0.8961510812938976,14.815277036982243
trawl,0.018,2,LSTM-rec,2,16,865,1.6337267511729985,1.8054333265208458,0.9048945353862865,16.17292371747091
trawl,0.018,2,LSTM-rec,2,17,826,1.6515531545412054,1.8081886657314377,0.913374354037956,17.61120019476577
trawl,0.018,2,LSTM-rec,2,18,791,1.667509582724216,1.8124435465280992,0.9200339430811417,19.08903588099999
trawl,0.018,2,LSTM-rec,2,19,761,1.6835304554619406,1.8096317645684052,0.9303165917091759,20.55459144036952
trawl,0.018,2,LSTM-rec,2,20,732,1.6991947468476063,1.8091961146636255,0.9391987596455394,21.992865852547588
trawl,0.018,2,LSTM-rec,3,1,1584,1.758590821574525,1.7643323580607162,0.9967457738560652,0.3326470155902793
trawl,0.018,2,LSTM-rec,3,2,1534,1.7561576186558436,1.7602368816946452,0.9976825488198643,0.723882592169699
trawl,0.018,2,LSTM-rec,3,3,1484,1.7497917121626951,1.7591999702307968,0.9946519678107616,1.2223289397690271
trawl,0.018,2,LSTM-rec,3,4,1434,1.7396157808981005,1.759665191829117,0.9886061217644615,1.8486159110562879
trawl,0.018,2,LSTM-rec,3,5,1384,1.7291552179066643,1.7597022875443564,0.9826407740366581,2.5953938248503525
trawl,0.018,2,LSTM-rec,3,6,1334,1.7200977184408939,1.7633382385019745,0.9754780341530986,3.448602433937048
trawl,0.018,2,LSTM-rec,3,7,1284,1.7161327596109648,1.7651383166107721,0.9722369875841217,4.40632975287738
trawl,0.018,2,LSTM-rec,3,8,1234,1.7114472708173107,1.7677107036695616,0.9681715833165152,5.461918491632615
trawl,0.018,2,LSTM-rec,3,9,1184,1.707600921565599,1.7702712668829599,0.9645984508195126,6.600774708483365
trawl,0.018,2,LSTM-rec,3,10,1134,1.7097838271562575,1.7755714878294353,0.9629484584968186,7.849535644575591
trawl,0.018,2,LSTM-rec,3,11,1084,1.7156476288701759,1.784065350262962,0.9616506640955155,9.198426942808823
trawl,0.018,2,LSTM-rec,3,12,1039,1.7265397955690045,1.792214254306268,0.9633556877591709,10.596823592210882
trawl,0.018,2,LSTM-rec,3,13,995,1.740516761524974,1.7954047862939089,0.9694286073046317,12.077813946540175
trawl,0.018,2,LSTM-rec,3,14,951,1.7584998841850568,1.7996987125509742,0.9771079303004443,13.639511395120316
trawl,0.018,2,LSTM-rec,3,15,908,1.7840698849786985,1.801078620082537,0.9905563616634019,15.254531901877414
trawl,0.018,2,LSTM-rec,3,16,865,1.8131648509294371,1.8054333265208458,1.00428236495639,16.923669327744697
trawl,0.018,2,LSTM-rec,3,17,826,1.855826709820891,1.8081886657314377,1.0263457265230578,18.768241531358335
trawl,0.018,2,LSTM-rec,3,18,791,1.9037744014954556,1.8124435465280992,1.0503910067391113,20.686595182039362
trawl,0.018,2,LSTM-rec,3,19,761,1.9554607030155668,1.8096317645684052,1.0805848688680273,22.63158370312982
trawl,0.018,2,LSTM-rec,3,20,732,2.013177486526763,1.8091961146636255,1.1127469654670703,24.694754741309538
trawl,0.018,2,LSTM-rec,4,1,1584,1.7090760639057847,1.7643323580607162,0.9686814709810871,0.3500192225537974
trawl,0.018,2,LSTM-rec,4,2,1534,1.6703950806336214,1.7602368816946452,0.9489603916408513,0.7882302908988145
trawl,0.018,2,LSTM-rec,4,3,1484,1.6252605142135865,1.7591999702307968,0.92386342753312,1.3591803480125668
trawl,0.018,2,LSTM-rec,4,4,1434,1.5774895797776505,1.759665191829117,0.8964714350790216,2.0839279789822367
trawl,0.018,2,LSTM-rec,4,5,1384,1.5336753147746174,1.7597022875443564,0.8715538563712633,2.9553443650483504
trawl,0.018,2,LSTM-rec,4,6,1334,1.4969314508159794,1.7633382385019745,0.8489190661955371,3.9495312347707165
trawl,0.018,2,LSTM-rec,4,7,1284,1.4690034897605742,1.7651383166107721,0.8322313758284937,5.0595758806408515
trawl,0.018,2,LSTM-rec,4,8,1234,1.4442295095724988,1.7677107036695616,0.8170055804801354,6.278061768036113
trawl,0.018,2,LSTM-rec,4,9,1184,1.4231294305586069,1.7702712668829599,0.8039047219381299,7.585710476689148
trawl,0.018,2,LSTM-rec,4,10,1134,1.408132488033503,1.7755714878294353,0.7930587406282855,8.999998538206091
trawl,0.018,2,LSTM-rec,4,11,1084,1.397424806564005,1.784065350262962,0.7832811765320321,10.514984070587001
trawl,0.018,2,LSTM-rec,4,12,1039,1.3930225031365948,1.792214254306268,0.7772633767360629,12.073926362003197
trawl,0.018,2,LSTM-rec,4,13,995,1.3925316908314416,1.7954047862939089,0.7756087660353843,13.711359787311075
trawl,0.018,2,LSTM-rec,4,14,951,1.3953542397608962,1.7996987125509742,0.7753265755149973,15.412797025083671
trawl,0.018,2,LSTM-rec,4,15,908,1.4017495078874376,1.801078620082537,0.7782833532404045,17.158267331568826
trawl,0.018,2,LSTM-rec,4,16,865,1.411560165158125,1.8054333265208458,0.7818400959055449,18.94943234429238
trawl,0.018,2,LSTM-rec,4,17,826,1.4274942131499126,1.8081886657314377,0.7894608788361536,20.814479065066553
trawl,0.018,2,LSTM-rec,4,18,791,1.4455119070471316,1.8124435465280992,0.7975486518276067,22.736609753256733
trawl,0.018,2,LSTM-rec,4,19,761,1.4646813697207406,1.8096317645684052,0.8093808908521591,24.688418588371103
trawl,0.018,2,LSTM-rec,4,20,732,1.4868325519874137,1.8091961146636255,0.8218194478401546,26.70383248224055
trawl,0.018,2,LSTM-ms,0,1,1584,1.685029538467796,1.7643323580607162,0.955052221748012,0.36486503936320125
trawl,0.018,2,LSTM-ms,0,2,1534,1.628210988232709,1.7602368816946452,0.9249953828175501,0.7920896554203868
trawl,0.018,2,LSTM-ms,0,3,1484,1.580307078873075,1.7591999702307968,0.8983100873209702,1.2984285364007877
trawl,0.018,2,LSTM-ms,0,4,1434,1.430190742846836,1.759665191829117,0.8127629900777871,1.9443859726960098
trawl,0.018,2,LSTM-ms,0,5,1384,1.3870099915858605,1.7597022875443564,0.7882071878882515,2.6897999263616565
trawl,0.018,2,LSTM-ms,0,6,1334,1.2489679528021844,1.7633382385019745,0.7082974358131269,3.555829680853042
trawl,0.018,2,LSTM-ms,0,7,1284,1.1249063057508795,1.7651383166107721,0.6372907409946225,4.52361835889798
trawl,0.018,2,LSTM-ms,0,8,1234,1.0437079789359842,1.7677107036695616,0.5904291786938711,5.578509054636221
trawl,0.018,2,LSTM-ms,0,9,1184,0.9650323814100209,1.7702712668829599,0.5451324887113039,6.70631071514985
trawl,0.018,2,LSTM-ms,0,10,1134,0.805590176854751,1.7755714878294353,0.45370754282586084,7.930626001182506
trawl,0.018,2,LSTM-ms,0,11,1084,0.7589127323904888,1.784065350262962,0.4253839312997302,9.184820809637335
trawl,0.018,2,LSTM-ms,0,12,1039,0.646372736186845,1.792214254306268,0.3606559509465812,10.508136261648685
trawl,0.018,2,LSTM-ms,0,13,995,0.6005174387097807,1.7954047862939089,0.3344746785204769,11.897757855357174
trawl,0.018,2,LSTM-ms,0,14,951,0.6077410895810548,1.7996987125509742,0.3376904619327171,13.334708287560659
trawl,0.018,2,LSTM-ms,0,15,908,0.6033263509906386,1.801078620082537,0.3349805745642521,14.769728527350098
trawl,0.018,2,LSTM-ms,0,16,865,0.6170103372945781,1.8054333265208458,0.3417519374606792,16.204723331665647
trawl,0.018,2,LSTM-ms,0,17,826,0.6121357393421307,1.8081886657314377,0.3385353259553329,17.76804970005319
trawl,0.018,2,LSTM-ms,0,18,791,0.6557982329616986,1.8124435465280992,0.36183098459421803,19.347939453750495
trawl,0.018,2,LSTM-ms,0,19,761,0.6609192410316518,1.8096317645684052,0.365223054751849,20.963224110100498
trawl,0.018,2,LSTM-ms,0,20,732,0.678320197355122,1.8091961146636255,0.3749290592972772,22.54851689809898
trawl,0.018,2,LSTM-ms,1,1,1584,1.6432208077163217,1.7643323580607162,0.9313555919376123,0.3750076992764989
trawl,0.018,2,LSTM-ms,1,2,1534,1.6479508175219015,1.7602368816946452,0.9362096855596834,0.7958173013070308
trawl,0.018,2,LSTM-ms,1,3,1484,1.599874211044904,1.7591999702307968,0.9094328320361499,1.296944333808262
trawl,0.018,2,LSTM-ms,1,4,1434,1.4760287803069703,1.759665191829117,0.8388122849510278,1.9365040498527717
trawl,0.018,2,LSTM-ms,1,5,1384,1.437734445144416,1.7597022875443564,0.8170327761241689,2.677742155646377
trawl,0.018,2,LSTM-ms,1,6,1334,1.3009996391579264,1.7633382385019745,0.7378049263328952,3.5384883975436594
trawl,0.018,2,LSTM-ms,1,7,1284,1.2085026377946786,1.7651383166107721,0.6846503905230015,4.491523164638568
trawl,0.018,2,LSTM-ms,1,8,1234,1.0928364908277,1.7677107036695616,0.618221346150758,5.538765593746997
trawl,0.018,2,LSTM-ms,1,9,1184,1.0184364787398685,1.7702712668829599,0.5752996717464102,6.646480166938559
trawl,0.018,2,LSTM-ms,1,10,1134,0.8941902644122478,1.7755714878294353,0.5036070192281357,7.8293804092971335
trawl,0.018,2,LSTM-ms,1,11,1084,0.8041368460043476,1.784065350262962,0.45073284220548426,9.03202669589466
trawl,0.018,2,LSTM-ms,1,12,1039,0.7128732794965945,1.792214254306268,0.39776119277242006,10.28239236451232
trawl,0.018,2,LSTM-ms,1,13,995,0.6548096103289188,1.7954047862939089,0.3647141944411226,11.5901543619805
trawl,0.018,2,LSTM-ms,1,14,951,0.5906775902227178,1.7996987125509742,0.3282091530673291,12.964265573371456
trawl,0.018,2,LSTM-ms,1,15,908,0.5797667630371247,1.801078620082537,0.3218997530549533,14.305945731027988
trawl,0.018,2,LSTM-ms,1,16,865,0.5534223401915296,1.8054333265208458,0.3065315855545883,15.644759897698677
trawl,0.018,2,LSTM-ms,1,17,826,0.5457687064303371,1.8081886657314377,0.30183172628701666,17.02631504108357
trawl,0.018,2,LSTM-ms,1,18,791,0.5115422608386881,1.8124435465280992,0.2822390037022637,18.487736407339696
trawl,0.018,2,LSTM-ms,1,19,761,0.5040924208826967,1.8096317645684052,0.27856077172856325,19.950684781986908
trawl,0.018,2,LSTM-ms,1,20,732,0.5029685781892884,1.8091961146636255,0.2780066650114395,21.38854353119155
trawl,0.018,2,LSTM-ms,2,1,1584,1.7967579418805115,1.7643323580607162,1.0183783875365955,0.3749106732010986
trawl,0.018,2,LSTM-ms,2,2,1534,1.7062092815082415,1.7602368816946452,0.9693066309720829,0.7559463260833861
trawl,0.018,2,LSTM-ms,2,3,1484,1.6820203712490587,1.7591999702307968,0.9561280125694792,1.2048534007546132
trawl,0.018,2,LSTM-ms,2,4,1434,1.5749403554533588,1.759665191829117,0.8950227365788019,1.7692907724889357
trawl,0.018,2,LSTM-ms,2,5,1384,1.5023334444602805,1.7597022875443564,0.8537429627126125,2.431555188673483
trawl,0.018,2,LSTM-ms,2,6,1334,1.411460363742228,1.7633382385019745,0.8004478851098468,3.1999553729857113
trawl,0.018,2,LSTM-ms,2,7,1284,1.358388297298919,1.7651383166107721,0.7695647896348142,4.05407235446389
trawl,0.018,2,LSTM-ms,2,8,1234,1.195813515569835,1.7677107036695616,0.6764758017742752,5.016281966243077
trawl,0.018,2,LSTM-ms,2,9,1184,1.1208429316608348,1.7702712668829599,0.6331475591502884,6.05703124616997
trawl,0.018,2,LSTM-ms,2,10,1134,1.0454645620981013,1.7755714878294353,0.5888045450516552,7.1389369520767625
trawl,0.018,2,LSTM-ms,2,11,1084,0.9571440393093121,1.784065350262962,0.5364960645461972,8.257114336424422
trawl,0.018,2,LSTM-ms,2,12,1039,0.8862295576476573,1.792214254306268,0.4944886223944803,9.410402671971497
trawl,0.018,2,LSTM-ms,2,13,995,0.8104625757792483,1.7954047862939089,0.4514093879922269,10.618054514878724
trawl,0.018,2,LSTM-ms,2,14,951,0.7617829110484863,1.7996987125509742,0.4232835783766833,11.884417894035044
trawl,0.018,2,LSTM-ms,2,15,908,0.7225287908583715,1.801078620082537,0.4011644926556624,13.122087922392248
trawl,0.018,2,LSTM-ms,2,16,865,0.730870752956401,1.8054333265208458,0.40481736003224394,14.316131323853
trawl,0.018,2,LSTM-ms,2,17,826,0.6811424519395621,1.8081886657314377,0.37669877311393857,15.587465661372542
trawl,0.018,2,LSTM-ms,2,18,791,0.6933864301499959,1.8124435465280992,0.3825699462354239,16.866558010538398
trawl,0.018,2,LSTM-ms,2,19,761,0.6671256273951217,1.8096317645684052,0.36865269523727123,18.083380409657195
trawl,0.018,2,LSTM-ms,2,20,732,0.6671768291558835,1.8091961146636255,0.36876976672035816,19.24451803725409
trawl,0.018,2,LSTM-ms,3,1,1584,1.7048674632638652,1.7643323580607162,0.9662960923857835,0.33956346641346585
trawl,0.018,2,LSTM-ms,3,2,1534,1.7151628764694533,1.7602368816946452,0.974393216223377,0.7144070042873162
trawl,0.018,2,LSTM-ms,3,3,1484,1.6855520269773925,1.7591999702307968,0.9581355476923171,1.172621158389637
trawl,0.018,2,LSTM-ms,3,4,1434,1.6151134813659103,1.759665191829117,0.91785271929318,1.7411645159012172
trawl,0.018,2,LSTM-ms,3,5,1384,1.5588539546134708,1.7597022875443564,0.8858623220799655,2.4058508251947206
trawl,0.018,2,LSTM-ms,3,6,1334,1.4872342240856196,1.7633382385019745,0.8434197090565471,3.141702135795992
trawl,0.018,2,LSTM-ms,3,7,1284,1.389102730799637,1.7651383166107721,0.7869653713408942,3.963219716229262
trawl,0.018,2,LSTM-ms,3,8,1234,1.3317803167963345,1.7677107036695616,0.7533926869547792,4.864068946080071
trawl,0.018,2,LSTM-ms,3,9,1184,1.2060641332616138,1.7702712668829599,0.6812877528002897,5.853947763023527
trawl,0.018,2,LSTM-ms,3,10,1134,1.1063021569610039,1.7755714878294353,0.6230682146813552,6.898870456755044
trawl,0.018,2,LSTM-ms,3,11,1084,1.0463495089171673,1.784065350262962,0.5864972988590025,7.968568116341928
trawl,0.018,2,LSTM-ms,3,12,1039,0.9991989128927387,1.792214254306268,0.5575220208699375,9.035930942341643
trawl,0.018,2,LSTM-ms,3,13,995,0.8862440997578405,1.7954047862939089,0.4936179888365084,10.168785295357555
trawl,0.018,2,LSTM-ms,3,14,951,0.8311522165934543,1.7996987125509742,0.46182853318561395,11.383393150643318
trawl,0.018,2,LSTM-ms,3,15,908,0.7102563370122581,1.801078620082537,0.3943505458855036,12.627342926385358
trawl,0.018,2,LSTM-ms,3,16,865,0.6978073923663543,1.8054333265208458,0.38650410520063994,13.84009346921402
trawl,0.018,2,LSTM-ms,3,17,826,0.700365272803691,1.8081886657314377,0.38732975495141897,15.12707157557607
trawl,0.018,2,LSTM-ms,3,18,791,0.6256920192370837,1.8124435465280992,0.3452201424070029,16.453928346867134
trawl,0.018,2,LSTM-ms,3,19,761,0.5918528715462245,1.8096317645684052,0.327057074889145,17.787150882470954
trawl,0.018,2,LSTM-ms,3,20,732,0.6033632394960522,1.8091961146636255,0.3334979743797606,19.095986530764414
trawl,0.018,2,LSTM-ms,4,1,1584,1.6195745210393986,1.7643323580607162,0.9179531926850621,0.4293078839972778
trawl,0.018,2,LSTM-ms,4,2,1534,1.5750949418133662,1.7602368816946452,0.8948198723668169,0.9218112524598936
trawl,0.018,2,LSTM-ms,4,3,1484,1.5129887282368484,1.7591999702307968,0.8600436299679752,1.5233534327015172
trawl,0.018,2,LSTM-ms,4,4,1434,1.4351199805530326,1.759665191829117,0.8155642262044578,2.222639828715543
trawl,0.018,2,LSTM-ms,4,5,1384,1.377498019175027,1.7597022875443564,0.7828017437525236,3.019415615547754
trawl,0.018,2,LSTM-ms,4,6,1334,1.2739768452835423,1.7633382385019745,0.7224801331171925,3.9263683442148247
trawl,0.018,2,LSTM-ms,4,7,1284,1.18048922272493,1.7651383166107721,0.668780010957769,4.904482510167011
trawl,0.018,2,LSTM-ms,4,8,1234,1.1084481126092247,1.7677107036695616,0.6270528940670074,5.963180211033103
trawl,0.018,2,LSTM-ms,4,9,1184,0.981925587433923,1.7702712668829599,0.5546752104059554,7.105382320301791
trawl,0.018,2,LSTM-ms,4,10,1134,0.9062887727829636,1.7755714878294353,0.5104208864554731,8.295063369444282
trawl,0.018,2,LSTM-ms,4,11,1084,0.8245117126919711,1.784065350262962,0.46215331325752296,9.51250349760821
trawl,0.018,2,LSTM-ms,4,12,1039,0.7187944414443413,1.792214254306268,0.4010650175988992,10.779072960258942
trawl,0.018,2,LSTM-ms,4,13,995,0.6541622836450521,1.7954047862939089,0.364353648068066,12.104145535109502
trawl,0.018,2,LSTM-ms,4,14,951,0.6187886610634752,1.7996987125509742,0.3438290291303127,13.48778632506511
trawl,0.018,2,LSTM-ms,4,15,908,0.579687119688798,1.801078620082537,0.3218555332483115,14.858282283196614
trawl,0.018,2,LSTM-ms,4,16,865,0.522060591286597,1.8054333265208458,0.28916082561333467,16.226024005099777
trawl,0.018,2,LSTM-ms,4,17,826,0.5176394069762712,1.8081886657314377,0.2862751087795801,17.67753991663337
trawl,0.018,2,LSTM-ms,4,18,791,0.4910860598060618,1.8124435465280992,0.27095247228349917,19.186707004616437
trawl,0.018,2,LSTM-ms,4,19,761,0.4839294753656019,1.8096317645684052,0.2674187560368219,20.663098884829566
trawl,0.018,2,LSTM-ms,4,20,732,0.4979923475905712,1.8091961146636255,0.2752561447342929,22.13967826346453
